id,batchID,batchIDLastChangedAt,bonus,bonusLastChangedAt,decision,decisionLastChangedAt,gameID,gameIDLastChangedAt,playerID,playerIDLastChangedAt,roundID,roundIDLastChangedAt
01KFEHT03YQTP44ZNN154PRKY9,01KFEHA1MRJDJA6FNTED28Z8HF,2026-01-20T20:33:44.062613662Z,7,2026-01-20T20:33:49.961004746Z,D,2026-01-20T20:33:47.311407544Z,01KFEHA1QDYX27N1S60Z95NKD9,2026-01-20T20:33:44.062613662Z,01KFEHFDNYYM4VRPKVABD0N8W8,2026-01-20T20:33:44.062613662Z,01KFEHQRZ4TH1YS8B6ZSMB6BHH,2026-01-20T20:33:44.062613662Z
01KFEJWR5J79PMW80MS9SS2S53,01KFEHAM72H3ZNN8G0T2BCT79K,2026-01-20T20:52:42.803035343Z,29,2026-01-20T20:52:58.830539659Z,C,2026-01-20T20:52:58.752100949Z,01KFEHAMB65F4EHHS2KPJ10RVS,2026-01-20T20:52:42.803035343Z,01KFEJQ43AZNCTHABZKM6DBV3R,2026-01-20T20:52:42.803035343Z,01KFEJV6V50YKVA42W2E45H3S6,2026-01-20T20:52:42.803035343Z
01KFEK4A8QAZTESTWMRMM2VCH7,01KFEJ5C7H3Z5SGPPT0TCGAEB2,2026-01-20T20:56:50.711764467Z,19,2026-01-20T20:56:57.686493006Z,C,2026-01-20T20:56:57.117345165Z,01KFEJ5C9822567XDA8A9QG0G3,2026-01-20T20:56:50.711764467Z,01KFEJRM0CNFF8YTKCA6JC16CE,2026-01-20T20:56:50.711764467Z,01KFEK0Q0S4CP92BT63CJ2ZD34,2026-01-20T20:56:50.711764467Z
01KFEDZTVQ0F0CRXY509XKSCRN,01KFEDCC1ZHDDN3CP9JWF4PGTF,2026-01-20T19:27:00.983873589Z,29,2026-01-20T19:27:02.712322369Z,C,2026-01-20T19:27:02.694961049Z,01KFEDCC2JDADMPT5RVZQ93BA8,2026-01-20T19:27:00.983873589Z,01KFEDNRR64JDCJYA79FBRE8X8,2026-01-20T19:27:00.983873589Z,01KFEDVKAZREJHWJYHVZEAH663,2026-01-20T19:27:00.983873589Z
01KFEHJ4MW16C8QGRAA1XW67T6,01KFEDC9EK94N2WNCHE5RRQHCJ,2026-01-20T20:29:26.556490521Z,10,2026-01-20T20:29:36.276716792Z,B,2026-01-20T20:29:28.191534603Z,01KFEDC9FGZ2QQQ39YDAAVXSM4,2026-01-20T20:29:26.556490521Z,01KFEHAQ9EZXF31DRKMHESX77N,2026-01-20T20:29:26.556490521Z,01KFEHF2VBFF736KTCBZQQCSPN,2026-01-20T20:29:26.556490521Z
01KFEHNBSR02VEHD8KN1MT8W90,01KFEHA1W0DBA89GCQ87GA4EG5,2026-01-20T20:31:12.184604091Z,29,2026-01-20T20:31:13.480276003Z,C,2026-01-20T20:31:13.378050468Z,01KFEHA1ZNDEMMB0DK92YAW8BD,2026-01-20T20:31:12.184604091Z,01KFEHEBSJCV2WCY6FBMMN65A3,2026-01-20T20:31:12.184604091Z,01KFEHHMWHAX79VP1M4MVHPBRK,2026-01-20T20:31:12.184604091Z
01KFEHREXYXRTGKX17VCYK2GZD,01KFEHA1W0DBA89GCQ87GA4EG5,2026-01-20T20:32:53.694216478Z,0,2026-01-20T20:33:10.578422845Z,D,2026-01-20T20:33:10.526253708Z,01KFEHA1YZ8ZAAQFH3AAV34XZC,2026-01-20T20:32:53.694216478Z,01KFEHG3HQKMJV6MDTGGGPAJE2,2026-01-20T20:32:53.694216478Z,01KFEHRCMRRK738XXT19PB12XM,2026-01-20T20:32:53.694216478Z
01KFEEYX3WGW0R3VADY2NCKSCS,01KFEDCCAW3ZY6KSKNHTKZ971F,2026-01-20T19:43:59.100879643Z,,,,,01KFEDCCBAMXNHYHJVMT0BQ1RV,2026-01-20T19:43:59.100879643Z,01KFEEMACSSBNQ4QD5WP8TBWAW,2026-01-20T19:43:59.100879643Z,01KFEEYVG2D7SBAMHJDK8JN4DY,2026-01-20T19:43:59.100879643Z
01KFEHJQPABR2PFPA2TT4Q0ATZ,01KFEHA1MRJDJA6FNTED28Z8HF,2026-01-20T20:29:46.058933279Z,0,2026-01-20T20:29:47.821820146Z,C,2026-01-20T20:29:47.798960419Z,01KFEHA1R32D8V3SKQA6BEDXA8,2026-01-20T20:29:46.058933279Z,01KFEHBPM0QM8692M9NW91QBAJ,2026-01-20T20:29:46.058933279Z,01KFEHGC81QFGYDYKZ0XSHC0NQ,2026-01-20T20:29:46.058933279Z
01KFEFJFE1R72XYWW138686QNR,01KFEDCAVEZK3QD8ZFC2PP83WE,2026-01-20T19:54:40.449094792Z,10,2026-01-20T19:54:43.300500751Z,B,2026-01-20T19:54:43.279310194Z,01KFEDCAVXCN1BR0PV518R81QD,2026-01-20T19:54:40.449094792Z,01KFEFAMDQ915GZ68HPFMQXZ9N,2026-01-20T19:54:40.449094792Z,01KFEFE5T3D0C05MG2YCP4H9DD,2026-01-20T19:54:40.449094792Z
01KFEHVQFFSVH4Q8JZSEHP4SMJ,01KFEHA1EJWPRPNCXBTHCF12K2,2026-01-20T20:34:40.751143922Z,10,2026-01-20T20:34:47.821872883Z,B,2026-01-20T20:34:47.788730362Z,01KFEHA1GPSKM8FTTA039GX2FE,2026-01-20T20:34:40.751143922Z,01KFEHGGC977SV7QXMD0KQJ3VM,2026-01-20T20:34:40.751143922Z,01KFEHRJXSRB7FPAJNWSY9X69Y,2026-01-20T20:34:40.751143922Z
01KFEJ7C85JCQ3D1B982ZMQD3W,01KFEHA20TFYVSSENV0N2723W5,2026-01-20T20:41:02.469186021Z,20,2026-01-20T20:41:06.426452095Z,B,2026-01-20T20:41:06.380134209Z,01KFEHA25S6PYJD4DSX1VJG5FE,2026-01-20T20:41:02.469186021Z,01KFEHKBVRWD07VXT4ZKHQQAA6,2026-01-20T20:41:02.469186021Z,01KFEJ3HPZ91NMAPQ6MYD3EXAD,2026-01-20T20:41:02.469186021Z
01KFEJHCXKVFQS29GAAKRR3MYX,01KFEHAM0SBSN9QYCK4NGJTWCC,2026-01-20T20:46:30.835810326Z,10,2026-01-20T20:46:34.074676394Z,B,2026-01-20T20:46:32.395200693Z,01KFEHAM3ZX2QFEZ4F28QFW79D,2026-01-20T20:46:30.835810326Z,01KFEJ99258GDSZYNA4N0ER3PR,2026-01-20T20:46:30.835810326Z,01KFEJDCR9ZKJQY4J73C03HWCS,2026-01-20T20:46:30.835810326Z
01KFEE0BAZAYHP5TVPQN2TBW23,01KFEDCC1ZHDDN3CP9JWF4PGTF,2026-01-20T19:27:17.855401229Z,0,2026-01-20T19:27:25.16819722Z,C,2026-01-20T19:27:24.893577878Z,01KFEDCC2JDADMPT5RVP2N7S0X,2026-01-20T19:27:17.855401229Z,01KFEDQK6ZX4EYK4N5S5CFQ5FY,2026-01-20T19:27:17.855401229Z,01KFEDZ32KCEM7CMZ5B6NHATC7,2026-01-20T19:27:17.855401229Z
01KFEE357E16HHRCQRMS35J4MM,01KFEDCC1ZHDDN3CP9JWF4PGTF,2026-01-20T19:28:49.90261447Z,29,2026-01-20T19:28:53.70611081Z,C,2026-01-20T19:28:52.509918955Z,01KFEDCC2JDADMPT5RVP2N7S0X,2026-01-20T19:28:49.90261447Z,01KFEDNQAB8C2AFG7D4ZXA4K64,2026-01-20T19:28:49.90261447Z,01KFEDZ32ZZHWD75NZHFJ7C3YQ,2026-01-20T19:28:49.90261447Z
01KFEHYMNR7FB69K1KV1J8VFDJ,01KFEHA1EJWPRPNCXBTHCF12K2,2026-01-20T20:36:16.184856569Z,19,2026-01-20T20:36:32.289097933Z,C,2026-01-20T20:36:18.832986446Z,01KFEHA1GRK7A014NXTNRF457G,2026-01-20T20:36:16.184856569Z,01KFEHG6C81JZ80FMVPH00AMCG,2026-01-20T20:36:16.184856569Z,01KFEHPVNAV2XWMVPDQM4D4PW5,2026-01-20T20:36:16.184856569Z
01KFEJ1EYAMTH9X30CXG8D0NH0,01KFEHA1W0DBA89GCQ87GA4EG5,2026-01-20T20:37:48.618340965Z,7,2026-01-20T20:37:53.996425517Z,D,2026-01-20T20:37:51.305232833Z,01KFEHA1ZSVYK8DGYZZSV53FQM,2026-01-20T20:37:48.618340965Z,01KFEHMXV04MY34HJYA33HA616,2026-01-20T20:37:48.618340965Z,01KFEHWYW2DXF34Z7JETWM2PWF,2026-01-20T20:37:48.618340965Z
01KFEJ49GH7H3EQPEH30DY3D5C,01KFEHAKK9QMW81MWT2FF1CSZA,2026-01-20T20:39:21.361575706Z,0,2026-01-20T20:39:34.636443471Z,C,2026-01-20T20:39:34.499074462Z,01KFEHAKMDAJRN7M0QA4VDJCGY,2026-01-20T20:39:21.361575706Z,01KFEHS8J7P9EEBTK2FBSRFBQT,2026-01-20T20:39:21.361575706Z,01KFEJ2SHPE7P35XKXGK774ZH5,2026-01-20T20:39:21.361575706Z
01KFEJ5VQCM1X5N26S847PS51W,01KFEHAKK9QMW81MWT2FF1CSZA,2026-01-20T20:40:12.780161319Z,0,2026-01-20T20:41:37.604333568Z,C,2026-01-20T20:40:13.940591949Z,01KFEHAKMDAJRN7M0QA4VDJCGY,2026-01-20T20:40:12.780161319Z,01KFEHS8J7P9EEBTK2FBSRFBQT,2026-01-20T20:40:12.780161319Z,01KFEJ2SJEJT0NH9XTTK4C13HZ,2026-01-20T20:40:12.780161319Z
01KFEK2JVEZZ205Y0DGWQ9CPYS,01KFEJ5C7H3Z5SGPPT0TCGAEB2,2026-01-20T20:55:53.966698582Z,0,2026-01-20T20:56:07.220773606Z,C,2026-01-20T20:56:00.099645103Z,01KFEJ5C9822567XDA8A9QG0G3,2026-01-20T20:55:53.966698582Z,01KFEJRM0CNFF8YTKCA6JC16CE,2026-01-20T20:55:53.966698582Z,01KFEK0Q25Y0BVXY2AEZR944FF,2026-01-20T20:55:53.966698582Z
01KFEE2TR6FWXRXCN0CZAY87FG,01KFEDCB0G5KS91T4MD9JTDSA4,2026-01-20T19:28:39.174863656Z,10,2026-01-20T19:28:43.504539727Z,A,2026-01-20T19:28:41.924185942Z,01KFEDCB139KMAVWQ3WS54614D,2026-01-20T19:28:39.174863656Z,01KFEDV9TKV9GTHAZ1F6R9Z694,2026-01-20T19:28:39.174863656Z,01KFEE0HE7CYKX8QCHJHR2K5B2,2026-01-20T19:28:39.174863656Z
01KFEFM3PVZGRAZM97FM3R5760,01KFEDC9EK94N2WNCHE5RRQHCJ,2026-01-20T19:55:33.97956196Z,,,,,01KFEDC9FHECNJXE9XQY06NB5G,2026-01-20T19:55:33.97956196Z,01KFEFBSZAAMP372RZJEJ7RG4Z,2026-01-20T19:55:33.97956196Z,01KFEFJJV53TRHVV5A6ZZWB35F,2026-01-20T19:55:33.97956196Z
01KFEHX1R8EAH9BKZ1QFC49704,01KFEHA1W0DBA89GCQ87GA4EG5,2026-01-20T20:35:24.040743764Z,0,2026-01-20T20:35:38.219860398Z,C,2026-01-20T20:35:35.848070932Z,01KFEHA1ZSVYK8DGYZZSV53FQM,2026-01-20T20:35:24.040743764Z,01KFEHMXV04MY34HJYA33HA616,2026-01-20T20:35:24.040743764Z,01KFEHWYT61SJC8DSAT57YT8XJ,2026-01-20T20:35:24.040743764Z
01KFEJCG9C6HEDRXFGVQYQRKJA,01KFEHAKWNS08RQENHQ36ND5GA,2026-01-20T20:43:50.445597954Z,0,2026-01-20T20:43:55.829843744Z,A,2026-01-20T20:43:52.499797248Z,01KFEHAKXRHSJ1AHAHDK0DQA4P,2026-01-20T20:43:50.445597954Z,01KFEJ580QQJEEAZHBCH3CHEAD,2026-01-20T20:43:50.445597954Z,01KFEJ9XS8GF9TTP088QJWFZ5Q,2026-01-20T20:43:50.445597954Z
01KFEJYJ4KEENV0D08M0RVA2DR,01KFEJ5DKDD8ED3R70AXWWV7TA,2026-01-20T20:53:42.163471727Z,17,2026-01-20T20:53:44.720472849Z,D,2026-01-20T20:53:43.774466388Z,01KFEJ5DPFFD934S0E2GQ1B9RR,2026-01-20T20:53:42.163471727Z,01KFEJPRKV9117XEB7P0YJ5NT5,2026-01-20T20:53:42.163471727Z,01KFEJVCWVC8244D1ZR2JHF9YK,2026-01-20T20:53:42.163471727Z
01KFEEDM7QPSDTXQZZXF0EQP76,01KFEDCB7P38BTZ4ACVDP6P0XN,2026-01-20T19:34:32.951234339Z,10,2026-01-20T19:34:44.975530098Z,A,2026-01-20T19:34:44.960546376Z,01KFEDCB85NRAF0XG25ABR62N5,2026-01-20T19:34:32.951234339Z,01KFEE2GDYZKFQF2HSAA1FMRTA,2026-01-20T19:34:32.951234339Z,01KFEEC6Q1DRF5XWNJNKV6NWEH,2026-01-20T19:34:32.951234339Z
01KFEHRN56HW1KJQF9W3ZE0GT3,01KFEHA1EJWPRPNCXBTHCF12K2,2026-01-20T20:33:00.070180644Z,19,2026-01-20T20:33:06.775863073Z,C,2026-01-20T20:33:03.339335127Z,01KFEHA1GPSKM8FTTA039GX2FE,2026-01-20T20:33:00.070180644Z,01KFEHHKNYNVTAQQFNDQ02SYYK,2026-01-20T20:33:00.070180644Z,01KFEHRJWDTQ15HWKPVHZMXESV,2026-01-20T20:33:00.070180644Z
01KFEHYAEY96T5DCHFPGEJWFPT,01KFEHA1W0DBA89GCQ87GA4EG5,2026-01-20T20:36:05.726683091Z,10,2026-01-20T20:36:08.450253506Z,B,2026-01-20T20:36:08.060206355Z,01KFEHA1YZ8ZAAQFH3AAV34XZC,2026-01-20T20:36:05.726683091Z,01KFEHGGXHDDWTZD1ZDVCQBBCE,2026-01-20T20:36:05.726683091Z,01KFEHRCP8N16RMPA9PZ53SHCC,2026-01-20T20:36:05.726683091Z
01KFEJWSTG11ZE2JX493MFF3CN,01KFEJ5CPJ5RGARFNN6Z0PCT4Q,2026-01-20T20:52:44.496844636Z,10,2026-01-20T20:53:49.517530176Z,B,2026-01-20T20:52:53.485589314Z,01KFEJ5CRSNMMQKHYMFD35850B,2026-01-20T20:52:44.496844636Z,01KFEJD683V7BW0EC67T5B9T0M,2026-01-20T20:52:44.496844636Z,01KFEJRTNPM5PF9V9CEFDT48NQ,2026-01-20T20:52:44.496844636Z
01KFEFGWN4FSRZ8X3FRJJEZ2N9,01KFEDCCH0VMFH7P25F40PD43N,2026-01-20T19:53:48.453029188Z,20,2026-01-20T19:53:50.694882175Z,A,2026-01-20T19:53:50.620929176Z,01KFEDCCHH44R979H37GT2B68J,2026-01-20T19:53:48.453029188Z,01KFEFADJR1SXTG9225WD5SFVJ,2026-01-20T19:53:48.453029188Z,01KFEFDZDCJSQSAX5Z72P9BVM6,2026-01-20T19:53:48.453029188Z
01KFEFKW4NSTXXXFS3TJAJJBHF,01KFEDCCH0VMFH7P25F40PD43N,2026-01-20T19:55:26.229212842Z,,,,,01KFEDCCHGZS8158VZSSNCZZHP,2026-01-20T19:55:26.229212842Z,01KFEEX55YZNT0B1JFXGKDFM2N,2026-01-20T19:55:26.229212842Z,01KFEFDRSXA12SKVX8F6JTNMGJ,2026-01-20T19:55:26.229212842Z
01KFEFTHC1SVNCQHVN9MRJMZF5,01KFEDCAVEZK3QD8ZFC2PP83WE,2026-01-20T19:59:04.577110921Z,10,2026-01-20T19:59:08.227998901Z,A,2026-01-20T19:59:06.532578647Z,01KFEDCAVZJC7DD4AH1B24TEC6,2026-01-20T19:59:04.577110921Z,01KFEFE9N9CHB9632BFKRF4P6F,2026-01-20T19:59:04.577110921Z,01KFEFNGZVDR5MV5KWZ0XEVC61,2026-01-20T19:59:04.577110921Z
01KFEJ1PWNFRY2HC8K5BRS36VQ,01KFEHA1W0DBA89GCQ87GA4EG5,2026-01-20T20:37:56.75796507Z,0,2026-01-20T20:38:00.326711563Z,C,2026-01-20T20:38:00.284228979Z,01KFEHA1Z72TJ9J0QENR016CFN,2026-01-20T20:37:56.75796507Z,01KFEHMDY2YXCAA0WMRPTSEKC9,2026-01-20T20:37:56.75796507Z,01KFEHZ0GAHK1WXXMMVBS314KR,2026-01-20T20:37:56.75796507Z
01KFEJKDY1T4258Z8D836190K5,01KFEHAKK9QMW81MWT2FF1CSZA,2026-01-20T20:47:37.409458134Z,,,A,2026-01-20T20:48:25.043607516Z,01KFEHAKMHNYFE3MQRK8FHXJ0Z,2026-01-20T20:47:37.409458134Z,01KFEJB2W6BH18AH4P7SQHZV0H,2026-01-20T20:47:37.409458134Z,01KFEJH2VKJXRYWMF2JAH9CVJS,2026-01-20T20:47:37.409458134Z
01KFEEWTNFPBWW8A9TSHZ3X2MF,01KFEDCCH0VMFH7P25F40PD43N,2026-01-20T19:42:51.055718203Z,29,2026-01-20T19:42:53.303827667Z,C,2026-01-20T19:42:53.279721165Z,01KFEDCCHJADFRJT5F5VJ9ST9F,2026-01-20T19:42:51.055718203Z,01KFEEKE9WXRZWBRXYDQ5J10WV,2026-01-20T19:42:51.055718203Z,01KFEERHSFFMFFS4ADHYXMDXT1,2026-01-20T19:42:51.055718203Z
01KFEFFQQE7KY6S6ESN9CBQYHF,01KFEDCAVEZK3QD8ZFC2PP83WE,2026-01-20T19:53:10.638281598Z,29,2026-01-20T19:53:20.490638856Z,C,2026-01-20T19:53:17.833535537Z,01KFEDCAVZJC7DD4AH1RF6NR9W,2026-01-20T19:53:10.638281598Z,01KFEF0XCN2JDQQD559T0PP43B,2026-01-20T19:53:10.638281598Z,01KFEFFP2VNJ8TK8Z66NZXYFFC,2026-01-20T19:53:10.638281598Z
01KFEDZ3KR7Q90MB5G0GFSW0R4,01KFEDCC1ZHDDN3CP9JWF4PGTF,2026-01-20T19:26:37.176599924Z,19,2026-01-20T19:26:47.788496845Z,C,2026-01-20T19:26:45.273662991Z,01KFEDCC2JDADMPT5RVP2N7S0X,2026-01-20T19:26:37.176599924Z,01KFEDNQAB8C2AFG7D4ZXA4K64,2026-01-20T19:26:37.176599924Z,01KFEDZ32NZPXT7VJMA2H133EE,2026-01-20T19:26:37.176599924Z
01KFEEG1M69KEN96XHM8H3KFN5,01KFEDCCAW3ZY6KSKNHTKZ971F,2026-01-20T19:35:52.19827138Z,19,2026-01-20T19:36:10.710045846Z,C,2026-01-20T19:36:10.691303958Z,01KFEDCCBDJ82W4YK2PN7VDTAX,2026-01-20T19:35:52.19827138Z,01KFEE6KZQR5PP1P0PS1XNKJRD,2026-01-20T19:35:52.19827138Z,01KFEEE8079ND83VECT8KKSKTJ,2026-01-20T19:35:52.19827138Z
01KFEK9KA4EEGFG29GP4T69DQD,01KFEJ5D47V2DPV4P7KW69CWA7,2026-01-20T20:59:43.812307859Z,,,B,2026-01-20T20:59:47.410902322Z,01KFEJ5D6ESPGXB2FQ6BSGAH02,2026-01-20T20:59:43.812307859Z,01KFEK2BY74Q8BRWWBQK11221P,2026-01-20T20:59:43.812307859Z,01KFEK7N8DS2TJ3NP55YM4C66Y,2026-01-20T20:59:43.812307859Z
01KFEFM9E1EKE1NVCNZ1NJBETS,01KFEDCAVEZK3QD8ZFC2PP83WE,2026-01-20T19:55:39.842023424Z,19,2026-01-20T19:55:41.963885503Z,C,2026-01-20T19:55:41.94396893Z,01KFEDCAVZJC7DD4AH1RF6NR9W,2026-01-20T19:55:39.842023424Z,01KFEFBH5ZZ770WWH7HK9VAC9K,2026-01-20T19:55:39.842023424Z,01KFEFFP3PF615T8GRJTDVWD2W,2026-01-20T19:55:39.842023424Z
01KFEHSWW0YF9PTZV45WZDC6YD,01KFEHA1W0DBA89GCQ87GA4EG5,2026-01-20T20:33:40.736939138Z,10,2026-01-20T20:35:04.003108195Z,A,2026-01-20T20:35:03.968254549Z,01KFEHA1YZ8ZAAQFH3AAV34XZC,2026-01-20T20:33:40.736939138Z,01KFEHG3HQKMJV6MDTGGGPAJE2,2026-01-20T20:33:40.736939138Z,01KFEHRCN7D2JW5DQC44BXEHKM,2026-01-20T20:33:40.736939138Z
01KFEJXW2G4SP1F6A8V1QM3YPK,01KFEHAM0SBSN9QYCK4NGJTWCC,2026-01-20T20:53:19.568548862Z,20,2026-01-20T20:53:23.830360417Z,B,2026-01-20T20:53:23.509281699Z,01KFEHAM4AZFDTAG8DR1VA4141,2026-01-20T20:53:19.568548862Z,01KFEJFMC7CFQF46Z46BV1EM1Q,2026-01-20T20:53:19.568548862Z,01KFEJMJV4KBRM0CHAQC91E98W,2026-01-20T20:53:19.568548862Z
01KFEEYX3TQ4ZH6X9RQJHY77VQ,01KFEDCCAW3ZY6KSKNHTKZ971F,2026-01-20T19:43:59.098865643Z,,,B,2026-01-20T19:44:35.306793401Z,01KFEDCCBAMXNHYHJVMT0BQ1RV,2026-01-20T19:43:59.098865643Z,01KFEEM262T3967NF39VEZM8A9,2026-01-20T19:43:59.098865643Z,01KFEEYVG2D7SBAMHJDK8JN4DY,2026-01-20T19:43:59.098865643Z
01KFEJ5EZ6Y6HPBM2ZR1HVHXW5,01KFEHA20TFYVSSENV0N2723W5,2026-01-20T20:39:59.718404379Z,19,2026-01-20T20:40:06.473393092Z,C,2026-01-20T20:40:02.018815593Z,01KFEHA25S6PYJD4DSX1VJG5FE,2026-01-20T20:39:59.718404379Z,01KFEHKBVRWD07VXT4ZKHQQAA6,2026-01-20T20:39:59.718404379Z,01KFEJ3HP1X78D86VDDASM1XD0,2026-01-20T20:39:59.718404379Z
01KFEJH76B7S0NV0JYVZC55D1W,01KFEHAKK9QMW81MWT2FF1CSZA,2026-01-20T20:46:24.971477703Z,0,2026-01-20T20:46:39.884368451Z,B,2026-01-20T20:46:39.823975468Z,01KFEHAKMHNYFE3MQRK8FHXJ0Z,2026-01-20T20:46:24.971477703Z,01KFEJ7CDCT5X7YWTGH1JZNK2J,2026-01-20T20:46:24.971477703Z,01KFEJH2SWMN0T2P51YG7E44QN,2026-01-20T20:46:24.971477703Z
01KFEDWQFZA7F9J0JMP1AKBS0N,01KFEDCC1ZHDDN3CP9JWF4PGTF,2026-01-20T19:25:19.231651938Z,10,2026-01-20T19:25:26.428838753Z,B,2026-01-20T19:25:26.410413224Z,01KFEDCC2JDADMPT5RVZQ93BA8,2026-01-20T19:25:19.231651938Z,01KFEDNRR64JDCJYA79FBRE8X8,2026-01-20T19:25:19.231651938Z,01KFEDVKAVMFNEZ15049QB55J5,2026-01-20T19:25:19.231651938Z
01KFEE73YFFJEDEAEB5XS6WP97,01KFEDCB7P38BTZ4ACVDP6P0XN,2026-01-20T19:30:59.663117592Z,0,2026-01-20T19:31:13.444912206Z,B,2026-01-20T19:31:13.428883594Z,01KFEDCB82NKQJQB7S8M7PN58J,2026-01-20T19:30:59.663117592Z,01KFEDRAM6ZY40VY98ZC4CSA73,2026-01-20T19:30:59.663117592Z,01KFEE72RH5F56PD6E88RZVK3C,2026-01-20T19:30:59.663117592Z
01KFEHFDP8ET5KX32AC86XDFTQ,01KFEHA1EJWPRPNCXBTHCF12K2,2026-01-20T20:27:57.512253276Z,20,2026-01-20T20:28:04.75000456Z,A,2026-01-20T20:28:04.724630241Z,01KFEHA1GK3DQ7TRWFWA7J267H,2026-01-20T20:27:57.512253276Z,01KFEHBP1ZE2AV6NAD8SG9ZGBW,2026-01-20T20:27:57.512253276Z,01KFEHFC0PNH0TGE3GT47H65S6,2026-01-20T20:27:57.512253276Z
01KFEHGZ3BBNC3AQ8AQEW7QV1V,01KFEDC9EK94N2WNCHE5RRQHCJ,2026-01-20T20:28:48.107367623Z,17,2026-01-20T20:28:51.460621693Z,D,2026-01-20T20:28:49.697098261Z,01KFEDC9FGZ2QQQ39YDAAVXSM4,2026-01-20T20:28:48.107367623Z,01KFEHAQ9EZXF31DRKMHESX77N,2026-01-20T20:28:48.107367623Z,01KFEHF2TZZHVXVCYWTDHS6G4X,2026-01-20T20:28:48.107367623Z
01KFEHJG9T5P7BNT0SZBK34BA6,01KFEHA1EJWPRPNCXBTHCF12K2,2026-01-20T20:29:38.49056377Z,19,2026-01-20T20:29:40.171995491Z,C,2026-01-20T20:29:40.041738145Z,01KFEHA1GK3DQ7TRWFWA7J267H,2026-01-20T20:29:38.49056377Z,01KFEHBP1ZE2AV6NAD8SG9ZGBW,2026-01-20T20:29:38.49056377Z,01KFEHFC0XTMQ1GMBPPR0V4GF7,2026-01-20T20:29:38.49056377Z
01KFEHYXAJV5SB83QVC6X8FSY7,01KFEHA1MRJDJA6FNTED28Z8HF,2026-01-20T20:36:25.0422016Z,29,2026-01-20T20:36:27.425682382Z,C,2026-01-20T20:36:27.374730236Z,01KFEHA1QYV2E8SAEFNEHYNVTN,2026-01-20T20:36:25.0422016Z,01KFEHHH6AXDMAXMWAFCF5JGBC,2026-01-20T20:36:25.0422016Z,01KFEHSJJNJF239FPVEQVJDX79,2026-01-20T20:36:25.0422016Z
01KFEDY77WZF7ZDF9JN71V8643,01KFEDCB0G5KS91T4MD9JTDSA4,2026-01-20T19:26:08.124244316Z,,,A,2026-01-20T19:26:13.135483842Z,01KFEDCB0ZXMACCYEFCBJD6NZ9,2026-01-20T19:26:08.124244316Z,01KFEDRRHH4ZW1R6XABCT2EFYE,2026-01-20T19:26:08.124244316Z,01KFEDY698Y5T33KW5REW0AB6B,2026-01-20T19:26:08.124244316Z
01KFEDYEB3XJFE8CE8P0WMWJ45,01KFEDCC1ZHDDN3CP9JWF4PGTF,2026-01-20T19:26:15.395205498Z,17,2026-01-20T19:26:19.484196173Z,D,2026-01-20T19:26:16.978730497Z,01KFEDCC2JDADMPT5RVZQ93BA8,2026-01-20T19:26:15.395205498Z,01KFEDKABYH5MEPJ95J3ZMZNRM,2026-01-20T19:26:15.395205498Z,01KFEDVKB5NFPV0X6HCWJPGZQG,2026-01-20T19:26:15.395205498Z
01KFEJA1E9JKFAKD8J985V6QDC,01KFEHAKWNS08RQENHQ36ND5GA,2026-01-20T20:42:29.70547737Z,19,2026-01-20T20:42:40.740379217Z,C,2026-01-20T20:42:40.693801666Z,01KFEHAKXRHSJ1AHAHDK0DQA4P,2026-01-20T20:42:29.70547737Z,01KFEHYT1QK83WA2T7KG6GRDV0,2026-01-20T20:42:29.70547737Z,01KFEJ9XM8EPECB0Y8BJPZ44MP,2026-01-20T20:42:29.70547737Z
01KFEFNX158ENAZMZ5AE9AVP4B,01KFEDC9EK94N2WNCHE5RRQHCJ,2026-01-20T19:56:32.677236765Z,19,2026-01-20T19:56:35.751737857Z,C,2026-01-20T19:56:34.61362032Z,01KFEDC9FF7T49EPA99GZDGH84,2026-01-20T19:56:32.677236765Z,01KFEFBN24Q9S7DG3606EXV8XC,2026-01-20T19:56:32.677236765Z,01KFEFG2R0PWXFFK6QYMZXD16Q,2026-01-20T19:56:32.677236765Z
01KFEHSN44X8J9DEH92YXGKQ5W,01KFEHA1EJWPRPNCXBTHCF12K2,2026-01-20T20:33:32.804961736Z,10,2026-01-20T20:33:45.674005397Z,B,2026-01-20T20:33:45.642624543Z,01KFEHA1GPSKM8FTTA039GX2FE,2026-01-20T20:33:32.804961736Z,01KFEHHKNYNVTAQQFNDQ02SYYK,2026-01-20T20:33:32.804961736Z,01KFEHRJX3MD6TRNSNF387WSTP,2026-01-20T20:33:32.804961736Z
01KFEJW7Q4517K1B3818CQ9PPX,01KFEJ5E832Q64ZNG3ZKPXGHJ5,2026-01-20T20:52:25.956648904Z,0,2026-01-20T20:52:38.126050997Z,C,2026-01-20T20:52:30.489876666Z,01KFEJ5EA7VXFPKNKHCS7D0Y4Z,2026-01-20T20:52:25.956648904Z,01KFEJNVB651FPQEK7J4Z5SF1P,2026-01-20T20:52:25.956648904Z,01KFEJW24XGXNG6VA0CHDB12NC,2026-01-20T20:52:25.956648904Z
01KFEE46ESY559SJ70YG8FKH05,01KFEDCB0G5KS91T4MD9JTDSA4,2026-01-20T19:29:23.929466204Z,20,2026-01-20T19:29:28.021133345Z,B,2026-01-20T19:29:27.992037572Z,01KFEDCB139KMAVWQ3WS54614D,2026-01-20T19:29:23.929466204Z,01KFEDPNDSVSXFTW3Z2GG851YR,2026-01-20T19:29:23.929466204Z,01KFEE0HF0TNAXV8XE9NEQTCSG,2026-01-20T19:29:23.929466204Z
01KFEFH0YKVJM7FBQDKNQ4Y5VE,01KFEDCCH0VMFH7P25F40PD43N,2026-01-20T19:53:52.85163412Z,20,2026-01-20T19:53:55.32846336Z,B,2026-01-20T19:53:55.31270835Z,01KFEDCCHH44R979H37GT2B68J,2026-01-20T19:53:52.85163412Z,01KFEF0J7C8417B13N1313JGSZ,2026-01-20T19:53:52.85163412Z,01KFEFDZD99QVZ0MRDVJD7PR2E,2026-01-20T19:53:52.85163412Z
01KFEJ3T6Y5S96MWY4T1ZJ270S,01KFEHA1W0DBA89GCQ87GA4EG5,2026-01-20T20:39:05.694418816Z,17,2026-01-20T20:39:38.550303697Z,D,2026-01-20T20:39:07.198320777Z,01KFEHA1ZSVYK8DGYZZSV53FQM,2026-01-20T20:39:05.694418816Z,01KFEHMXV04MY34HJYA33HA616,2026-01-20T20:39:05.694418816Z,01KFEHWYX3WSM3564M3QJG117T,2026-01-20T20:39:05.694418816Z
01KFEK7CJ7ZRGH21N0NPK53GYK,01KFEJ5CPJ5RGARFNN6Z0PCT4Q,2026-01-20T20:58:31.36730741Z,29,2026-01-20T20:58:34.142633733Z,C,2026-01-20T20:58:34.02213926Z,01KFEJ5CR34Y85488XX0EC4SX7,2026-01-20T20:58:31.36730741Z,01KFEK2K0AVWKZA3NW4B793MSN,2026-01-20T20:58:31.36730741Z,01KFEK6E9QYCXG1TNGGCVT3NDD,2026-01-20T20:58:31.36730741Z
01KFEE5KZBAPKMJ2PR2DEPZ9DT,01KFEDCB0G5KS91T4MD9JTDSA4,2026-01-20T19:30:10.539120057Z,19,2026-01-20T19:30:13.924732827Z,C,2026-01-20T19:30:12.390533227Z,01KFEDCB197E7YMN5STVXKHS22,2026-01-20T19:30:10.539120057Z,01KFEDRBWHPV4A332ZXM2PZSR4,2026-01-20T19:30:10.539120057Z,01KFEE2FC3P06YMVVVSXKR5DCG,2026-01-20T19:30:10.539120057Z
01KFEHTWNEEHBW7P852Z785QPQ,01KFEHA1MRJDJA6FNTED28Z8HF,2026-01-20T20:34:13.294395271Z,10,2026-01-20T20:34:19.044785242Z,B,2026-01-20T20:34:19.014084742Z,01KFEHA1QYV2E8SAEFNEHYNVTN,2026-01-20T20:34:13.294395271Z,01KFEHKCW5X4CR8DBAYXY74YGJ,2026-01-20T20:34:13.294395271Z,01KFEHSJGF68C9A426Y62F5NSJ,2026-01-20T20:34:13.294395271Z
01KFEJC8F2E9DP5HHE6J89MX1H,01KFEHAKWNS08RQENHQ36ND5GA,2026-01-20T20:43:42.434457214Z,0,2026-01-20T20:43:46.14756351Z,C,2026-01-20T20:43:46.09562169Z,01KFEHAKXRHSJ1AHAHDK0DQA4P,2026-01-20T20:43:42.434457214Z,01KFEJ580QQJEEAZHBCH3CHEAD,2026-01-20T20:43:42.434457214Z,01KFEJ9XSQNHMZ21RP965VCFS2,2026-01-20T20:43:42.434457214Z
01KFEHVSFM1WMPGH2AWQSJVKK9,01KFEHA1MRJDJA6FNTED28Z8HF,2026-01-20T20:34:42.804053464Z,20,2026-01-20T20:34:45.662167072Z,B,2026-01-20T20:34:44.797047684Z,01KFEHA1QMX5DYGHPSSSP2RXXX,2026-01-20T20:34:42.804053464Z,01KFEHH299EZ808S0B86915EW8,2026-01-20T20:34:42.804053464Z,01KFEHR30XQXV6KQPQWT2W3PM1,2026-01-20T20:34:42.804053464Z
01KFEHZNGZDREZWXVD0TVT2TK4,01KFEHA1EJWPRPNCXBTHCF12K2,2026-01-20T20:36:49.823598728Z,0,2026-01-20T20:36:53.344851163Z,C,2026-01-20T20:36:53.314506179Z,01KFEHA1GPSKM8FTTA039GX2FE,2026-01-20T20:36:49.823598728Z,01KFEHHKNYNVTAQQFNDQ02SYYK,2026-01-20T20:36:49.823598728Z,01KFEHRJZ8X21W8AKZH7TKW7A3,2026-01-20T20:36:49.823598728Z
01KFEFHB10PXYP0PVHSQGJ1G2F,01KFEDC9EK94N2WNCHE5RRQHCJ,2026-01-20T19:54:03.168301029Z,0,2026-01-20T19:54:19.963223172Z,B,2026-01-20T19:54:19.911850131Z,01KFEDC9FF7T49EPA99GZDGH84,2026-01-20T19:54:03.168301029Z,01KFEFBN24Q9S7DG3606EXV8XC,2026-01-20T19:54:03.168301029Z,01KFEFG2QA26R7Z7W6AJ4QM9WN,2026-01-20T19:54:03.168301029Z
01KFEFR4SCFN8MEPXH38DSB67X,01KFEDCAVEZK3QD8ZFC2PP83WE,2026-01-20T19:57:46.156278943Z,0,2026-01-20T19:57:55.688671429Z,C,2026-01-20T19:57:51.267538034Z,01KFEDCAVZJC7DD4AH1B24TEC6,2026-01-20T19:57:46.156278943Z,01KFEFE9N9CHB9632BFKRF4P6F,2026-01-20T19:57:46.156278943Z,01KFEFNH0B6MNAHEYZB5A285X7,2026-01-20T19:57:46.156278943Z
01KFEFWV20TF7F7H8F2MP90F1Z,01KFEDCAVEZK3QD8ZFC2PP83WE,2026-01-20T20:00:20.032488868Z,10,2026-01-20T20:00:26.723072681Z,A,2026-01-20T20:00:22.155194822Z,01KFEDCAVZJC7DD4AH1B24TEC6,2026-01-20T20:00:20.032488868Z,01KFEFE9N9CHB9632BFKRF4P6F,2026-01-20T20:00:20.032488868Z,01KFEFNGYX0JB0KVDWAGM0XTDP,2026-01-20T20:00:20.032488868Z
01KFEJFM9WT7B1P852YEZSSE1Y,01KFEHAM72H3ZNN8G0T2BCT79K,2026-01-20T20:45:32.860648816Z,19,2026-01-20T20:45:47.216292109Z,C,2026-01-20T20:45:40.75562466Z,01KFEHAMBA8MCT3G2N9WQDMPVA,2026-01-20T20:45:32.860648816Z,01KFEJ7YP4KDRT1SGB4CXPSW4H,2026-01-20T20:45:32.860648816Z,01KFEJFFT46R57F4HSC25ZWE4G,2026-01-20T20:45:32.860648816Z
01KFEJGQBX1J7KP4N6ZF1C9Q7C,01KFEHAM0SBSN9QYCK4NGJTWCC,2026-01-20T20:46:08.76579112Z,10,2026-01-20T20:46:25.235222104Z,A,2026-01-20T20:46:21.665983342Z,01KFEHAM45R1366856G6A2WGHZ,2026-01-20T20:46:08.76579112Z,01KFEHYH6DP091MJE3KD0CRNR1,2026-01-20T20:46:08.76579112Z,01KFEJBBQNJE31AWBBSCQCM6FR,2026-01-20T20:46:08.76579112Z
01KFEE33PCSG4R4SAPFHANHHDT,01KFEDCB0G5KS91T4MD9JTDSA4,2026-01-20T19:28:48.332206997Z,20,2026-01-20T19:28:55.389113336Z,A,2026-01-20T19:28:50.288422844Z,01KFEDCB139KMAVWQ3WS54614D,2026-01-20T19:28:48.332206997Z,01KFEDV9TKV9GTHAZ1F6R9Z694,2026-01-20T19:28:48.332206997Z,01KFEE0HE92QGJTW2G80AK2CV0,2026-01-20T19:28:48.332206997Z
01KFEEVG5KD3ERVHV16K9440V3,01KFEDCCH0VMFH7P25F40PD43N,2026-01-20T19:42:07.539562975Z,29,2026-01-20T19:42:12.635495474Z,C,2026-01-20T19:42:12.616448938Z,01KFEDCCHJADFRJT5F5VJ9ST9F,2026-01-20T19:42:07.539562975Z,01KFEEKE9WXRZWBRXYDQ5J10WV,2026-01-20T19:42:07.539562975Z,01KFEERHSS8YK6G21K7D7ATGBQ,2026-01-20T19:42:07.539562975Z
01KFEJ27PBPH3AY3ZYFGPYVY6Q,01KFEHA1W0DBA89GCQ87GA4EG5,2026-01-20T20:38:13.963425608Z,17,2026-01-20T20:38:18.614450421Z,D,2026-01-20T20:38:18.582929689Z,01KFEHA1Z72TJ9J0QENR016CFN,2026-01-20T20:38:13.963425608Z,01KFEHVQ5CHDKKYBKKZ5GXNMKV,2026-01-20T20:38:13.963425608Z,01KFEHZ0GZS76JMCZK8MEQVZ1N,2026-01-20T20:38:13.963425608Z
01KFEJCXK1F7K7K3VJB7GHN89K,01KFEHAM0SBSN9QYCK4NGJTWCC,2026-01-20T20:44:04.065531164Z,19,2026-01-20T20:44:23.979834838Z,C,2026-01-20T20:44:12.103536434Z,01KFEHAM45R1366856G6A2WGHZ,2026-01-20T20:44:04.065531164Z,01KFEHW1PTS6VD3Q9W69X0CC7S,2026-01-20T20:44:04.065531164Z,01KFEJBBNZ5Y5777HFZX0PXKHM,2026-01-20T20:44:04.065531164Z
01KFEDWQFZA7F9J0JMNME9WB9C,01KFEDCC1ZHDDN3CP9JWF4PGTF,2026-01-20T19:25:19.231045126Z,7,2026-01-20T19:25:26.428838753Z,D,2026-01-20T19:25:24.282990295Z,01KFEDCC2JDADMPT5RVZQ93BA8,2026-01-20T19:25:19.231045126Z,01KFEDKABYH5MEPJ95J3ZMZNRM,2026-01-20T19:25:19.231045126Z,01KFEDVKAVMFNEZ15049QB55J5,2026-01-20T19:25:19.231045126Z
01KFEHYJJNY5VTPRNQ7FGH02KK,01KFEHA1MRJDJA6FNTED28Z8HF,2026-01-20T20:36:14.037078538Z,0,2026-01-20T20:36:22.454146612Z,C,2026-01-20T20:36:17.273021909Z,01KFEHA1QYV2E8SAEFNEHYNVTN,2026-01-20T20:36:14.037078538Z,01KFEHHH6AXDMAXMWAFCF5JGBC,2026-01-20T20:36:14.037078538Z,01KFEHSJJEWKDDBXXN6C8ZK5E1,2026-01-20T20:36:14.037078538Z
01KFEJ02Y2MV1F3J1AAQ79MF3J,01KFEHA1W0DBA89GCQ87GA4EG5,2026-01-20T20:37:03.554683157Z,20,2026-01-20T20:37:10.211059777Z,B,2026-01-20T20:37:06.566276129Z,01KFEHA1Z72TJ9J0QENR016CFN,2026-01-20T20:37:03.554683157Z,01KFEHMDY2YXCAA0WMRPTSEKC9,2026-01-20T20:37:03.554683157Z,01KFEHZ0DQ5KG0WEM8XV9A406R,2026-01-20T20:37:03.554683157Z
01KFEE64G41C2CZ98CKY6H6763,01KFEDCB0G5KS91T4MD9JTDSA4,2026-01-20T19:30:27.460814899Z,19,2026-01-20T19:30:31.828090239Z,C,2026-01-20T19:30:31.250657879Z,01KFEDCB197E7YMN5STVXKHS22,2026-01-20T19:30:27.460814899Z,01KFEDZFSW9KBCS8VJN8KBS8T4,2026-01-20T19:30:27.460814899Z,01KFEE2FBXEWV16GWAXSET8CNM,2026-01-20T19:30:27.460814899Z
01KFEFGAB64K5SPKS0BW0677PD,01KFEDCAVEZK3QD8ZFC2PP83WE,2026-01-20T19:53:29.702565676Z,10,2026-01-20T19:53:34.542744625Z,A,2026-01-20T19:53:34.526274009Z,01KFEDCAVXCN1BR0PV518R81QD,2026-01-20T19:53:29.702565676Z,01KFEF0CM1HH5QRYS1YH4TW6EV,2026-01-20T19:53:29.702565676Z,01KFEFE5TH0V9913SST55ZYSE3,2026-01-20T19:53:29.702565676Z
01KFEFHB0TWRWR4Q4DJQ8C4ZN8,01KFEDC9EK94N2WNCHE5RRQHCJ,2026-01-20T19:54:03.16267619Z,0,2026-01-20T19:54:19.963223172Z,B,2026-01-20T19:54:15.988790923Z,01KFEDC9FF7T49EPA99GZDGH84,2026-01-20T19:54:03.16267619Z,01KFEFB7KJED56AXX5RHJAHZFZ,2026-01-20T19:54:03.16267619Z,01KFEFG2QA26R7Z7W6AJ4QM9WN,2026-01-20T19:54:03.16267619Z
01KFEFK0ZY5GQ4CP298A0HGJF9,01KFEDCCH0VMFH7P25F40PD43N,2026-01-20T19:54:58.430425966Z,0,2026-01-20T19:55:04.53331889Z,C,2026-01-20T19:55:01.784235401Z,01KFEDCCHGZS8158VZSSNCZZHP,2026-01-20T19:54:58.430425966Z,01KFEEV98ZBZT7VKKTGE1Q7XAV,2026-01-20T19:54:58.430425966Z,01KFEFDRSGDV4AR3D8YNC6EXP5,2026-01-20T19:54:58.430425966Z
01KFEJHCY2Q2WNZ70YWH9JES1K,01KFEHAM0SBSN9QYCK4NGJTWCC,2026-01-20T20:46:30.85023545Z,19,2026-01-20T20:46:34.074676394Z,C,2026-01-20T20:46:34.017147895Z,01KFEHAM3ZX2QFEZ4F28QFW79D,2026-01-20T20:46:30.85023545Z,01KFEJ9883X77HA7T3SDA1VF8F,2026-01-20T20:46:30.85023545Z,01KFEJDCR9ZKJQY4J73C03HWCS,2026-01-20T20:46:30.85023545Z
01KFEJRF6X94YBJ75QPA8ZCN3F,01KFEJ5C7H3Z5SGPPT0TCGAEB2,2026-01-20T20:50:22.557226832Z,19,2026-01-20T20:50:40.117831903Z,C,2026-01-20T20:50:37.654745558Z,01KFEJ5C9TA7ZE3V3TA0C9309P,2026-01-20T20:50:22.557226832Z,01KFEJC8857TJ96A66VP2R9ZC5,2026-01-20T20:50:22.557226832Z,01KFEJR9Z1MNVZ7NP9YB2P748Q,2026-01-20T20:50:22.557226832Z
01KFEJV2A16ETAADDT8BKZ58T8,01KFEJ5C7H3Z5SGPPT0TCGAEB2,2026-01-20T20:51:47.649842919Z,29,2026-01-20T20:52:03.939706687Z,C,2026-01-20T20:51:56.85932526Z,01KFEJ5C9TA7ZE3V3TA0C9309P,2026-01-20T20:51:47.649842919Z,01KFEJDWT7HF2D6BRNBHS3X5TT,2026-01-20T20:51:47.649842919Z,01KFEJRA0AEDKYKBKY32NFSZFG,2026-01-20T20:51:47.649842919Z
01KFEDYVV9W620EVJ5PXZ9P3K5,01KFEDCC1ZHDDN3CP9JWF4PGTF,2026-01-20T19:26:29.22550064Z,29,2026-01-20T19:26:30.935701819Z,C,2026-01-20T19:26:30.92185978Z,01KFEDCC2JDADMPT5RVZQ93BA8,2026-01-20T19:26:29.22550064Z,01KFEDNRR64JDCJYA79FBRE8X8,2026-01-20T19:26:29.22550064Z,01KFEDVKB3W3YVYHTP1FDWKH20,2026-01-20T19:26:29.22550064Z
01KFEEP3P78NW9N16ZN6MH7T9C,01KFEDCCAW3ZY6KSKNHTKZ971F,2026-01-20T19:39:10.919571707Z,7,2026-01-20T19:39:15.128722762Z,D,2026-01-20T19:39:14.086052327Z,01KFEDCCBDJ82W4YK2PN7VDTAX,2026-01-20T19:39:10.919571707Z,01KFEE85J92QXNE2691FZPHW2Z,2026-01-20T19:39:10.919571707Z,01KFEEE80HJ94JB8KAH9GNKJFG,2026-01-20T19:39:10.919571707Z
01KFEJWKZJBZCFTAZS7S0ND1E8,01KFEJ5C7H3Z5SGPPT0TCGAEB2,2026-01-20T20:52:38.51407431Z,0,2026-01-20T20:52:49.200717879Z,B,2026-01-20T20:52:49.129227467Z,01KFEJ5C9TA7ZE3V3TA0C9309P,2026-01-20T20:52:38.51407431Z,01KFEJDWT7HF2D6BRNBHS3X5TT,2026-01-20T20:52:38.51407431Z,01KFEJRA250QNXZVXXB2P6CVA2,2026-01-20T20:52:38.51407431Z
01KFEJYWNPXQQ1A3MKYKCPDJFC,01KFEJ5DKDD8ED3R70AXWWV7TA,2026-01-20T20:53:52.95083801Z,29,2026-01-20T20:53:54.852282191Z,C,2026-01-20T20:53:54.778919839Z,01KFEJ5DPFFD934S0E2GQ1B9RR,2026-01-20T20:53:52.95083801Z,01KFEJJ4V0E3E83F88J6MK6KAW,2026-01-20T20:53:52.95083801Z,01KFEJVCY5E3NBVHMJHBJC0CX9,2026-01-20T20:53:52.95083801Z
01KFEEZNBRCW09STX1JW0BS49W,01KFEDCCAW3ZY6KSKNHTKZ971F,2026-01-20T19:44:23.928224552Z,10,2026-01-20T19:44:26.765800555Z,B,2026-01-20T19:44:26.746638138Z,01KFEDCCBE716PRHN8Q6NQV6ZT,2026-01-20T19:44:23.928224552Z,01KFEEMXPGKZB6AS6D6H40GZ8R,2026-01-20T19:44:23.928224552Z,01KFEEV7WPS5RX78268NJNE86T,2026-01-20T19:44:23.928224552Z
01KFEHKPGVYRZQREVDEZ39397C,01KFEHA1EJWPRPNCXBTHCF12K2,2026-01-20T20:30:17.627919657Z,19,2026-01-20T20:30:20.177357784Z,C,2026-01-20T20:30:19.137064199Z,01KFEHA1GK3DQ7TRWFWA7J267H,2026-01-20T20:30:17.627919657Z,01KFEHBP1ZE2AV6NAD8SG9ZGBW,2026-01-20T20:30:17.627919657Z,01KFEHFC2A7F7PJXVDFCHH4XQD,2026-01-20T20:30:17.627919657Z
01KFEJSFV547GGVRK99GF4EB35,01KFEHAM72H3ZNN8G0T2BCT79K,2026-01-20T20:50:55.973246657Z,19,2026-01-20T20:51:05.996702146Z,C,2026-01-20T20:51:05.946660735Z,01KFEHAMB21FYRXZN71VHCADQA,2026-01-20T20:50:55.973246657Z,01KFEJA6ZV4RH275A9Q04XR97K,2026-01-20T20:50:55.973246657Z,01KFEJQTFD6VKBWGGGJ8Q195SB,2026-01-20T20:50:55.973246657Z
01KFEK5B3BDFBH9KXB0HJ3SZG3,01KFEJ5C7H3Z5SGPPT0TCGAEB2,2026-01-20T20:57:24.331502108Z,0,2026-01-20T20:57:26.874713378Z,C,2026-01-20T20:57:26.468134945Z,01KFEJ5C9822567XDA8A9QG0G3,2026-01-20T20:57:24.331502108Z,01KFEJRM0CNFF8YTKCA6JC16CE,2026-01-20T20:57:24.331502108Z,01KFEK0Q70R7WAX0TRT4PFQJMH,2026-01-20T20:57:24.331502108Z
01KFEHM7X5KAB33JF3PTQW8D6V,01KFEHA1W0DBA89GCQ87GA4EG5,2026-01-20T20:30:35.429613149Z,0,2026-01-20T20:30:37.673094824Z,C,2026-01-20T20:30:37.650049384Z,01KFEHA1ZNDEMMB0DK92YAW8BD,2026-01-20T20:30:35.429613149Z,01KFEHEBSJCV2WCY6FBMMN65A3,2026-01-20T20:30:35.429613149Z,01KFEHHMX58E8ZCKT58BW5M6RE,2026-01-20T20:30:35.429613149Z
01KFEJC8FCKMWC9T906YRM70VK,01KFEHAKWNS08RQENHQ36ND5GA,2026-01-20T20:43:42.444679435Z,0,2026-01-20T20:43:46.14756351Z,C,2026-01-20T20:43:45.313592529Z,01KFEHAKXRHSJ1AHAHDK0DQA4P,2026-01-20T20:43:42.444679435Z,01KFEHYT1QK83WA2T7KG6GRDV0,2026-01-20T20:43:42.444679435Z,01KFEJ9XSQNHMZ21RP965VCFS2,2026-01-20T20:43:42.444679435Z
01KFEHXQZBRYD54A7MF62BQWAS,01KFEHA1EJWPRPNCXBTHCF12K2,2026-01-20T20:35:46.795805278Z,10,2026-01-20T20:35:55.254995493Z,A,2026-01-20T20:35:55.228493771Z,01KFEHA1GRK7A014NXTNRF457G,2026-01-20T20:35:46.795805278Z,01KFEHG6C81JZ80FMVPH00AMCG,2026-01-20T20:35:46.795805278Z,01KFEHPVMYEXWPG2VEHYC5GEGW,2026-01-20T20:35:46.795805278Z
01KFEJPG87PREFKDB04S7D8KXY,01KFEJ5C7H3Z5SGPPT0TCGAEB2,2026-01-20T20:49:18.087435875Z,,,D,2026-01-20T20:50:38.889487191Z,01KFEJ5C9GH4AY8ZGH2GW9N320,2026-01-20T20:49:18.087435875Z,01KFEJ64MP9QCD2NJWBJTEMV97,2026-01-20T20:49:18.087435875Z,01KFEJPB3HQ7RTF3BWBFN5R1J1,2026-01-20T20:49:18.087435875Z
01KFEK01VPED80RARM5NGSS73J,01KFEJ5E832Q64ZNG3ZKPXGHJ5,2026-01-20T20:54:31.030587679Z,29,2026-01-20T20:54:39.286488671Z,C,2026-01-20T20:54:34.30359856Z,01KFEJ5EA7VXFPKNKHCS7D0Y4Z,2026-01-20T20:54:31.030587679Z,01KFEJNVB651FPQEK7J4Z5SF1P,2026-01-20T20:54:31.030587679Z,01KFEJW1ZTV6BDNEW7WY0CKZVV,2026-01-20T20:54:31.030587679Z
01KFEEXF1MVZRQNQN8XYNZ9DYP,01KFEDCCAW3ZY6KSKNHTKZ971F,2026-01-20T19:43:11.924801685Z,10,2026-01-20T19:43:17.905908081Z,B,2026-01-20T19:43:13.109293506Z,01KFEDCCBE716PRHN8Q6NQV6ZT,2026-01-20T19:43:11.924801685Z,01KFEEMRW7PPKZGT4SNXBV2JSZ,2026-01-20T19:43:11.924801685Z,01KFEEV7W8DFGAYEWV1JC1WZ5P,2026-01-20T19:43:11.924801685Z
01KFEFNPH8X10PKVPVP4HVHV83,01KFEDC9EK94N2WNCHE5RRQHCJ,2026-01-20T19:56:26.024444016Z,10,2026-01-20T19:56:29.222021238Z,A,2026-01-20T19:56:28.880155366Z,01KFEDC9FF7T49EPA99GZDGH84,2026-01-20T19:56:26.024444016Z,01KFEFB7KJED56AXX5RHJAHZFZ,2026-01-20T19:56:26.024444016Z,01KFEFG2QS60SBWDNCT785Y7NV,2026-01-20T19:56:26.024444016Z
01KFEHNVFABWNMJHPMD4RK8R34,01KFEHA1EJWPRPNCXBTHCF12K2,2026-01-20T20:31:28.234829598Z,29,2026-01-20T20:31:45.236483874Z,C,2026-01-20T20:31:32.041357411Z,01KFEHA1GDXTPSA0SX8CRPX47C,2026-01-20T20:31:28.234829598Z,01KFEHHMSX0QGW7JR1FS9J2AW6,2026-01-20T20:31:28.234829598Z,01KFEHNSD6158C77DMQJSC24RA,2026-01-20T20:31:28.234829598Z
01KFEJ8R17MR1EKQA76CJTT70D,01KFEHA20TFYVSSENV0N2723W5,2026-01-20T20:41:47.303245291Z,10,2026-01-20T20:42:00.201131984Z,A,2026-01-20T20:42:00.148060598Z,01KFEHA25S6PYJD4DSX1VJG5FE,2026-01-20T20:41:47.303245291Z,01KFEHWFN7B5ZY9MX1Q0P1B17R,2026-01-20T20:41:47.303245291Z,01KFEJ3HR03D88K3E0A8S0SB8Q,2026-01-20T20:41:47.303245291Z
01KFEJDWJFCS9V3FE5H2583ZRX,01KFEHAM0SBSN9QYCK4NGJTWCC,2026-01-20T20:44:35.791184761Z,20,2026-01-20T20:44:57.36018256Z,B,2026-01-20T20:44:41.989074822Z,01KFEHAM45R1366856G6A2WGHZ,2026-01-20T20:44:35.791184761Z,01KFEHW1PTS6VD3Q9W69X0CC7S,2026-01-20T20:44:35.791184761Z,01KFEJBBNC9YFDS33S0V1TA786,2026-01-20T20:44:35.791184761Z
01KFEJYM06V0T47FV1ZR0EBBW5,01KFEJ5E832Q64ZNG3ZKPXGHJ5,2026-01-20T20:53:44.070691317Z,17,2026-01-20T20:53:49.9372481Z,D,2026-01-20T20:53:49.742779388Z,01KFEJ5EA7VXFPKNKHCS7D0Y4Z,2026-01-20T20:53:44.070691317Z,01KFEJKEAF3XNAWTVE8VCNKJXS,2026-01-20T20:53:44.070691317Z,01KFEJW1XPFZWCPZCC35MX21GZ,2026-01-20T20:53:44.070691317Z
01KFEJZR3FD674FFVFCYT1WT2C,01KFEJ5DKDD8ED3R70AXWWV7TA,2026-01-20T20:54:21.039047112Z,17,2026-01-20T20:54:23.900201599Z,D,2026-01-20T20:54:23.825456124Z,01KFEJ5DPFFD934S0E2GQ1B9RR,2026-01-20T20:54:21.039047112Z,01KFEJPRKV9117XEB7P0YJ5NT5,2026-01-20T20:54:21.039047112Z,01KFEJVCZYK0VM39A41XGMZ1CS,2026-01-20T20:54:21.039047112Z
01KFEFJMCJ2YJ3MB6AFK9XQTQ8,01KFEDC9EK94N2WNCHE5RRQHCJ,2026-01-20T19:54:45.522748345Z,10,2026-01-20T19:55:03.881935691Z,B,2026-01-20T19:55:03.860628495Z,01KFEDC9FHECNJXE9XQY06NB5G,2026-01-20T19:54:45.522748345Z,01KFEFBSZAAMP372RZJEJ7RG4Z,2026-01-20T19:54:45.522748345Z,01KFEFJJT905HHR7J7M2TQNRCN,2026-01-20T19:54:45.522748345Z
01KFEFJNC232SYA9QM54NKDWNM,01KFEDCAVEZK3QD8ZFC2PP83WE,2026-01-20T19:54:46.530365213Z,0,2026-01-20T19:54:52.570670679Z,C,2026-01-20T19:54:52.554987132Z,01KFEDCAVZJC7DD4AH1RF6NR9W,2026-01-20T19:54:46.530365213Z,01KFEF0XCN2JDQQD559T0PP43B,2026-01-20T19:54:46.530365213Z,01KFEFFP3D8290N5CZYE4JVQ5H,2026-01-20T19:54:46.530365213Z
01KFEFVR9GNAA7BEQD1WXK7681,01KFEDCAVEZK3QD8ZFC2PP83WE,2026-01-20T19:59:44.432901643Z,20,2026-01-20T19:59:52.641405294Z,B,2026-01-20T19:59:52.618613158Z,01KFEDCAVZJC7DD4AH1B24TEC6,2026-01-20T19:59:44.432901643Z,01KFEFG8GX8B9102EGAWCJ2ZB0,2026-01-20T19:59:44.432901643Z,01KFEFNGZJVF9K4QR5AFNHF7ST,2026-01-20T19:59:44.432901643Z
01KFEHSMRV5XV0QFXWYHXH23NZ,01KFEHA1MRJDJA6FNTED28Z8HF,2026-01-20T20:33:32.443795418Z,0,2026-01-20T20:33:49.346173205Z,C,2026-01-20T20:33:49.314889855Z,01KFEHA1QYV2E8SAEFNEHYNVTN,2026-01-20T20:33:32.443795418Z,01KFEHHH6AXDMAXMWAFCF5JGBC,2026-01-20T20:33:32.443795418Z,01KFEHSJFTY724JYE28JE8TD7S,2026-01-20T20:33:32.443795418Z
01KFEJ1VTX2QPSN04FPSP5EAG9,01KFEHA1W0DBA89GCQ87GA4EG5,2026-01-20T20:38:01.82152708Z,0,2026-01-20T20:38:06.748268076Z,A,2026-01-20T20:38:04.368096683Z,01KFEHA1ZSVYK8DGYZZSV53FQM,2026-01-20T20:38:01.82152708Z,01KFEHMXV04MY34HJYA33HA616,2026-01-20T20:38:01.82152708Z,01KFEHWYVS379VXFQJ5Z6HEMZZ,2026-01-20T20:38:01.82152708Z
01KFEK5ADHRD335ZAJ1AJ870M6,01KFEJ5CPJ5RGARFNN6Z0PCT4Q,2026-01-20T20:57:23.633078747Z,29,2026-01-20T20:57:59.363645765Z,C,2026-01-20T20:57:49.36561892Z,01KFEJ5CS2BBW0C98ZJ5JAS2PG,2026-01-20T20:57:23.633078747Z,01KFEJS85WAAEA7MSWYWZJBYS0,2026-01-20T20:57:23.633078747Z,01KFEK3MM683VJ4VDHPVJPHWT0,2026-01-20T20:57:23.633078747Z
01KFEEWTNHJ88PT8H66PY2920J,01KFEDCCH0VMFH7P25F40PD43N,2026-01-20T19:42:51.057975173Z,17,2026-01-20T19:42:53.303827667Z,D,2026-01-20T19:42:52.377230003Z,01KFEDCCHJADFRJT5F5VJ9ST9F,2026-01-20T19:42:51.057975173Z,01KFEEJDGDWEMZQAHJH9Z7FVC3,2026-01-20T19:42:51.057975173Z,01KFEERHSFFMFFS4ADHYXMDXT1,2026-01-20T19:42:51.057975173Z
01KFEEZ2BJJ7N5Q6VT2EC6Q6J1,01KFEDCCAW3ZY6KSKNHTKZ971F,2026-01-20T19:44:04.466107062Z,0,2026-01-20T19:44:06.961201674Z,C,2026-01-20T19:44:06.941966945Z,01KFEDCCBE716PRHN8Q6NQV6ZT,2026-01-20T19:44:04.466107062Z,01KFEEMXPGKZB6AS6D6H40GZ8R,2026-01-20T19:44:04.466107062Z,01KFEEV7WHAATN39RX30HS1F0G,2026-01-20T19:44:04.466107062Z
01KFEJDR62SSPMG02Z9TT2B08X,01KFEHAKK9QMW81MWT2FF1CSZA,2026-01-20T20:44:31.298773978Z,,,C,2026-01-20T20:44:35.204087222Z,01KFEHAKM3JNAB6T75AF59R2WG,2026-01-20T20:44:31.298773978Z,01KFEJ4834YW0GPY6X44GM9D52,2026-01-20T20:44:31.298773978Z,01KFEJAM9PGXYACXVJDMYQP4AN,2026-01-20T20:44:31.298773978Z
01KFEJZS43HB4ZAKEWKHCD1XV1,01KFEJ5E832Q64ZNG3ZKPXGHJ5,2026-01-20T20:54:22.083310499Z,17,2026-01-20T20:54:26.920693284Z,D,2026-01-20T20:54:26.783828474Z,01KFEJ5EA7VXFPKNKHCS7D0Y4Z,2026-01-20T20:54:22.083310499Z,01KFEJKEAF3XNAWTVE8VCNKJXS,2026-01-20T20:54:22.083310499Z,01KFEJW1Z7ET0DRRMJ9TRJMXNE,2026-01-20T20:54:22.083310499Z
01KFEHTYA8TGD3MPNNB8HXSJXJ,01KFEHA1EJWPRPNCXBTHCF12K2,2026-01-20T20:34:14.984086874Z,0,2026-01-20T20:34:26.362196247Z,C,2026-01-20T20:34:26.32885619Z,01KFEHA1GPSKM8FTTA039GX2FE,2026-01-20T20:34:14.984086874Z,01KFEHHKNYNVTAQQFNDQ02SYYK,2026-01-20T20:34:14.984086874Z,01KFEHRJXHFJDDT34JT1B8NR37,2026-01-20T20:34:14.984086874Z
01KFEHW4TVWX0JWHET4T4WZ9VH,01KFEHA1EJWPRPNCXBTHCF12K2,2026-01-20T20:34:54.427193584Z,0,2026-01-20T20:34:58.924090866Z,B,2026-01-20T20:34:57.81955391Z,01KFEHA1GRK7A014NXTNRF457G,2026-01-20T20:34:54.427193584Z,01KFEHFSGA9RW2KQK679GQ5Q17,2026-01-20T20:34:54.427193584Z,01KFEHPVM80D3HHMA44BE4TX88,2026-01-20T20:34:54.427193584Z
01KFEHYXA9G5QBJBT7ER7XJF3H,01KFEHA1MRJDJA6FNTED28Z8HF,2026-01-20T20:36:25.033980164Z,17,2026-01-20T20:36:27.425682382Z,D,2026-01-20T20:36:27.384876278Z,01KFEHA1QYV2E8SAEFNEHYNVTN,2026-01-20T20:36:25.033980164Z,01KFEHKCW5X4CR8DBAYXY74YGJ,2026-01-20T20:36:25.033980164Z,01KFEHSJJNJF239FPVEQVJDX79,2026-01-20T20:36:25.033980164Z
01KFEJSTF5E4GQNA5X9G56ZJFB,01KFEJ5C7H3Z5SGPPT0TCGAEB2,2026-01-20T20:51:06.853259146Z,20,2026-01-20T20:51:36.89838935Z,B,2026-01-20T20:51:13.82431539Z,01KFEJ5C9TA7ZE3V3TA0C9309P,2026-01-20T20:51:06.853259146Z,01KFEJC8857TJ96A66VP2R9ZC5,2026-01-20T20:51:06.853259146Z,01KFEJRA0X0W475P1KG5E9R46C,2026-01-20T20:51:06.853259146Z
01KFEK3J0SY0JP71WR65YVVKRH,01KFEJ5CPJ5RGARFNN6Z0PCT4Q,2026-01-20T20:56:25.881861196Z,17,2026-01-20T20:56:35.43084018Z,D,2026-01-20T20:56:30.052900245Z,01KFEJ5CRSNMMQKHYMFD35850B,2026-01-20T20:56:25.881861196Z,01KFEJD683V7BW0EC67T5B9T0M,2026-01-20T20:56:25.881861196Z,01KFEJRTV5A80KDQ9C6HRFGA6H,2026-01-20T20:56:25.881861196Z
01KFEHMSPBKV7M2NJDH7BMTZ6P,01KFEHA1W0DBA89GCQ87GA4EG5,2026-01-20T20:30:53.643616982Z,29,2026-01-20T20:30:55.077460745Z,C,2026-01-20T20:30:55.053263361Z,01KFEHA1ZNDEMMB0DK92YAW8BD,2026-01-20T20:30:53.643616982Z,01KFEHEBSJCV2WCY6FBMMN65A3,2026-01-20T20:30:53.643616982Z,01KFEHHMXP21JSNRN7JFZ6VP9A,2026-01-20T20:30:53.643616982Z
01KFEHPXPXA8B606Y8WVT1RQ2S,01KFEHA1EJWPRPNCXBTHCF12K2,2026-01-20T20:32:03.293769725Z,0,2026-01-20T20:32:53.802987185Z,B,2026-01-20T20:32:07.761752645Z,01KFEHA1GRK7A014NXTNRF457G,2026-01-20T20:32:03.293769725Z,01KFEHG6C81JZ80FMVPH00AMCG,2026-01-20T20:32:03.293769725Z,01KFEHPVJHSEHEHW4ND45EQSBE,2026-01-20T20:32:03.293769725Z
01KFEHWKVT6M0N9QZ1ZHFT9VHT,01KFEHA1W0DBA89GCQ87GA4EG5,2026-01-20T20:35:09.818820503Z,20,2026-01-20T20:35:16.502959308Z,B,2026-01-20T20:35:12.586741266Z,01KFEHA1YZ8ZAAQFH3AAV34XZC,2026-01-20T20:35:09.818820503Z,01KFEHGGXHDDWTZD1ZDVCQBBCE,2026-01-20T20:35:09.818820503Z,01KFEHRCNHETYTGRGNF0JRNKBY,2026-01-20T20:35:09.818820503Z
01KFEJ3MV12Y4TFAQVSQB8P4G0,01KFEHA20TFYVSSENV0N2723W5,2026-01-20T20:39:00.193622513Z,20,2026-01-20T20:39:11.830413437Z,A,2026-01-20T20:39:11.790069238Z,01KFEHA25S6PYJD4DSX1VJG5FE,2026-01-20T20:39:00.193622513Z,01KFEHWFN7B5ZY9MX1Q0P1B17R,2026-01-20T20:39:00.193622513Z,01KFEJ3HN6DTY6DEXSN994BE0X,2026-01-20T20:39:00.193622513Z
01KFEJJ3EV0Q7JDZX77YTV4WZ4,01KFEHAM0SBSN9QYCK4NGJTWCC,2026-01-20T20:46:53.915593928Z,10,2026-01-20T20:46:57.151825941Z,B,2026-01-20T20:46:56.949928441Z,01KFEHAM45R1366856G6A2WGHZ,2026-01-20T20:46:53.915593928Z,01KFEHYH6DP091MJE3KD0CRNR1,2026-01-20T20:46:53.915593928Z,01KFEJBBVEJE40AH3VN5XDG132,2026-01-20T20:46:53.915593928Z
01KFEJQ1P40BEVR3TJBY5XYDJP,01KFEHAM72H3ZNN8G0T2BCT79K,2026-01-20T20:49:35.940793797Z,17,2026-01-20T20:50:48.591336941Z,D,2026-01-20T20:50:48.365734825Z,01KFEHAMATV7GY0NQF17M2P0MD,2026-01-20T20:49:35.940793797Z,01KFEJ9C86SAQ3FA5GXN0A1JWJ,2026-01-20T20:49:35.940793797Z,01KFEJMAVYCV7MB06H90WBN1Y9,2026-01-20T20:49:35.940793797Z
01KFEK3J1BJTZ9Z9GMVRN51JVW,01KFEJ5CPJ5RGARFNN6Z0PCT4Q,2026-01-20T20:56:25.899084823Z,29,2026-01-20T20:56:35.43084018Z,C,2026-01-20T20:56:30.409832829Z,01KFEJ5CRSNMMQKHYMFD35850B,2026-01-20T20:56:25.899084823Z,01KFEJHQKQJTKAV5X447CE3YRT,2026-01-20T20:56:25.899084823Z,01KFEJRTV5A80KDQ9C6HRFGA6H,2026-01-20T20:56:25.899084823Z
01KFEKA0GHNMSKD0PD0Z6T3RE6,01KFEJ5CPJ5RGARFNN6Z0PCT4Q,2026-01-20T20:59:57.329464614Z,,,C,2026-01-20T20:59:59.231381738Z,01KFEJ5CR34Y85488XX0EC4SX7,2026-01-20T20:59:57.329464614Z,01KFEK2K0AVWKZA3NW4B793MSN,2026-01-20T20:59:57.329464614Z,01KFEK6EKKF1VZGHR6PR9GS0W9,2026-01-20T20:59:57.329464614Z
01KFEHNBSH56NR77EGJV73XBZ7,01KFEHA1W0DBA89GCQ87GA4EG5,2026-01-20T20:31:12.177868301Z,17,2026-01-20T20:31:13.480276003Z,D,2026-01-20T20:31:13.459795203Z,01KFEHA1ZNDEMMB0DK92YAW8BD,2026-01-20T20:31:12.177868301Z,01KFEHAFP87N0FEFRCAHH2V652,2026-01-20T20:31:12.177868301Z,01KFEHHMWHAX79VP1M4MVHPBRK,2026-01-20T20:31:12.177868301Z
01KFEHSSX8GWYA1ZBN3XYKZ6M6,01KFEHA1EJWPRPNCXBTHCF12K2,2026-01-20T20:33:37.70480293Z,7,2026-01-20T20:33:43.71178091Z,D,2026-01-20T20:33:43.678356256Z,01KFEHA1GRK7A014NXTNRF457G,2026-01-20T20:33:37.70480293Z,01KFEHG6C81JZ80FMVPH00AMCG,2026-01-20T20:33:37.70480293Z,01KFEHPVK4S37ANGVEY4P7Q3HW,2026-01-20T20:33:37.70480293Z
01KFEEEGZ3R2DBDJ4WE1EB4TPE,01KFEDCB7P38BTZ4ACVDP6P0XN,2026-01-20T19:35:02.371635013Z,19,2026-01-20T19:35:06.886533824Z,C,2026-01-20T19:35:03.984625328Z,01KFEDCB85NRAF0XG25ABR62N5,2026-01-20T19:35:02.371635013Z,01KFEE7Q9A8CN1TS35QENG1JN7,2026-01-20T19:35:02.371635013Z,01KFEEC6QH5D5ACPND1G5VKQK9,2026-01-20T19:35:02.371635013Z
01KFEFHA16XPWBV44QPMGMZ0XJ,01KFEDCAVEZK3QD8ZFC2PP83WE,2026-01-20T19:54:02.150242949Z,19,2026-01-20T19:54:04.986377264Z,C,2026-01-20T19:54:04.969333343Z,01KFEDCAVZJC7DD4AH1RF6NR9W,2026-01-20T19:54:02.150242949Z,01KFEF0XCN2JDQQD559T0PP43B,2026-01-20T19:54:02.150242949Z,01KFEFFP3VJPQ246SEMNPWFRWY,2026-01-20T19:54:02.150242949Z
01KFEHR571SB1G97ASMR8G27Y6,01KFEHA1EJWPRPNCXBTHCF12K2,2026-01-20T20:32:43.745438411Z,0,2026-01-20T20:32:45.235044929Z,C,2026-01-20T20:32:45.20337467Z,01KFEHA1GDXTPSA0SX8CRPX47C,2026-01-20T20:32:43.745438411Z,01KFEHHMSX0QGW7JR1FS9J2AW6,2026-01-20T20:32:43.745438411Z,01KFEHNSEJ5TEJVZH54JBED297,2026-01-20T20:32:43.745438411Z
01KFEJ33NC1KCV3M0PMG8VZA6Q,01KFEHA1W0DBA89GCQ87GA4EG5,2026-01-20T20:38:42.604775878Z,10,2026-01-20T20:38:48.313388182Z,A,2026-01-20T20:38:48.284336441Z,01KFEHA1ZSVYK8DGYZZSV53FQM,2026-01-20T20:38:42.604775878Z,01KFEHKWX6S3CRVA3YVBJBPSWT,2026-01-20T20:38:42.604775878Z,01KFEHWYXN0B7KTJV0CTBC7BQ0,2026-01-20T20:38:42.604775878Z
01KFEJJ1GA2Z5B1VHHYSEFHQKA,01KFEHAM0SBSN9QYCK4NGJTWCC,2026-01-20T20:46:51.914677909Z,10,2026-01-20T20:46:55.724359627Z,B,2026-01-20T20:46:52.989539236Z,01KFEHAM3ZX2QFEZ4F28QFW79D,2026-01-20T20:46:51.914677909Z,01KFEJ99258GDSZYNA4N0ER3PR,2026-01-20T20:46:51.914677909Z,01KFEJDCS7ZBZDEK62GKHMXRKC,2026-01-20T20:46:51.914677909Z
01KFEJYQKTNMEGK20A68XAAWKG,01KFEJ5DKDD8ED3R70AXWWV7TA,2026-01-20T20:53:47.770863508Z,29,2026-01-20T20:53:50.301158009Z,C,2026-01-20T20:53:50.229377981Z,01KFEJ5DPFFD934S0E2GQ1B9RR,2026-01-20T20:53:47.770863508Z,01KFEJJ4V0E3E83F88J6MK6KAW,2026-01-20T20:53:47.770863508Z,01KFEJVCXHAW05XAG85BA7ZJ54,2026-01-20T20:53:47.770863508Z
01KFEDYPDP799RXA3M0C11F755,01KFEDCC1ZHDDN3CP9JWF4PGTF,2026-01-20T19:26:23.670658386Z,29,2026-01-20T19:26:26.445508092Z,C,2026-01-20T19:26:25.76968031Z,01KFEDCC2JDADMPT5RVZQ93BA8,2026-01-20T19:26:23.670658386Z,01KFEDNRR64JDCJYA79FBRE8X8,2026-01-20T19:26:23.670658386Z,01KFEDVKB4B3RTD43XPR8V6HDM,2026-01-20T19:26:23.670658386Z
01KFEDYVVAKRRTZZAGHVKWMERY,01KFEDCC1ZHDDN3CP9JWF4PGTF,2026-01-20T19:26:29.226451622Z,17,2026-01-20T19:26:30.935701819Z,D,2026-01-20T19:26:30.473662464Z,01KFEDCC2JDADMPT5RVZQ93BA8,2026-01-20T19:26:29.226451622Z,01KFEDKABYH5MEPJ95J3ZMZNRM,2026-01-20T19:26:29.226451622Z,01KFEDVKB3W3YVYHTP1FDWKH20,2026-01-20T19:26:29.226451622Z
01KFEJZR3YRT6X4NCHFH4T9ZP7,01KFEJ5DKDD8ED3R70AXWWV7TA,2026-01-20T20:54:21.054786497Z,29,2026-01-20T20:54:23.900201599Z,C,2026-01-20T20:54:23.034849074Z,01KFEJ5DPFFD934S0E2GQ1B9RR,2026-01-20T20:54:21.054786497Z,01KFEJJ4V0E3E83F88J6MK6KAW,2026-01-20T20:54:21.054786497Z,01KFEJVCZYK0VM39A41XGMZ1CS,2026-01-20T20:54:21.054786497Z
01KFEHHB1F9VASMCQZHH0APH2M,01KFEDC9EK94N2WNCHE5RRQHCJ,2026-01-20T20:29:00.335530777Z,0,2026-01-20T20:29:13.338125137Z,D,2026-01-20T20:29:13.312085236Z,01KFEDC9FGZ2QQQ39YDAAVXSM4,2026-01-20T20:29:00.335530777Z,01KFEHDSTHHYXMQHJA6EK6PVQT,2026-01-20T20:29:00.335530777Z,01KFEHF2V4MSRWASEMCJ4Y9B3R,2026-01-20T20:29:00.335530777Z
01KFEJ61NDTQ14YY7V8N4ASX66,01KFEHAKWNS08RQENHQ36ND5GA,2026-01-20T20:40:18.861488712Z,,,B,2026-01-20T20:40:52.582945725Z,01KFEHAKXN2MEYZPYFWGXWQ2JK,2026-01-20T20:40:18.861488712Z,01KFEHSC924G01EV11F5NM58E3,2026-01-20T20:40:18.861488712Z,01KFEJ5XXGE9HE9YQ1VXQ5YJ24,2026-01-20T20:40:18.861488712Z
01KFEJB6PPFR3BPKKQSHEG4WW6,01KFEHA20TFYVSSENV0N2723W5,2026-01-20T20:43:07.862678731Z,20,2026-01-20T20:43:10.110326762Z,B,2026-01-20T20:43:09.721692165Z,01KFEHA25S6PYJD4DSX1VJG5FE,2026-01-20T20:43:07.862678731Z,01KFEHKBVRWD07VXT4ZKHQQAA6,2026-01-20T20:43:07.862678731Z,01KFEJ3HSQ58B4VJYNF657ZZ6Y,2026-01-20T20:43:07.862678731Z
01KFEEEGYWH3587470CG06VTWD,01KFEDCB7P38BTZ4ACVDP6P0XN,2026-01-20T19:35:02.364252678Z,10,2026-01-20T19:35:06.886533824Z,A,2026-01-20T19:35:06.869782653Z,01KFEDCB85NRAF0XG25ABR62N5,2026-01-20T19:35:02.364252678Z,01KFEE2GDYZKFQF2HSAA1FMRTA,2026-01-20T19:35:02.364252678Z,01KFEEC6QH5D5ACPND1G5VKQK9,2026-01-20T19:35:02.364252678Z
01KFEFFH4R0K7Y7049YZWTAAKM,01KFEDCCH0VMFH7P25F40PD43N,2026-01-20T19:53:03.897004747Z,0,2026-01-20T19:53:11.984014106Z,C,2026-01-20T19:53:08.518286675Z,01KFEDCCHH44R979H37GT2B68J,2026-01-20T19:53:03.897004747Z,01KFEFADJR1SXTG9225WD5SFVJ,2026-01-20T19:53:03.897004747Z,01KFEFDZCG08061MCGPWD9T22C,2026-01-20T19:53:03.897004747Z
01KFEK01W7C7CXKG832KP5SWPF,01KFEJ5E832Q64ZNG3ZKPXGHJ5,2026-01-20T20:54:31.048173156Z,17,2026-01-20T20:54:39.286488671Z,D,2026-01-20T20:54:39.211965298Z,01KFEJ5EA7VXFPKNKHCS7D0Y4Z,2026-01-20T20:54:31.048173156Z,01KFEJKEAF3XNAWTVE8VCNKJXS,2026-01-20T20:54:31.048173156Z,01KFEJW1ZTV6BDNEW7WY0CKZVV,2026-01-20T20:54:31.048173156Z
01KFEEZZZ61DTPY9HPCB928F2F,01KFEDCCAW3ZY6KSKNHTKZ971F,2026-01-20T19:44:34.790308443Z,0,2026-01-20T19:44:36.908537712Z,B,2026-01-20T19:44:36.582494389Z,01KFEDCCBE716PRHN8Q6NQV6ZT,2026-01-20T19:44:34.790308443Z,01KFEEMXPGKZB6AS6D6H40GZ8R,2026-01-20T19:44:34.790308443Z,01KFEEV7VNM3A5S547E076TFGQ,2026-01-20T19:44:34.790308443Z
01KFEHTCBT6DHKGS1WEQXG7G9R,01KFEHA1MRJDJA6FNTED28Z8HF,2026-01-20T20:33:56.602440608Z,20,2026-01-20T20:33:58.552117791Z,B,2026-01-20T20:33:58.530417443Z,01KFEHA1QMX5DYGHPSSSP2RXXX,2026-01-20T20:33:56.602440608Z,01KFEHH299EZ808S0B86915EW8,2026-01-20T20:33:56.602440608Z,01KFEHR300R4Z1023H2P7TMEHD,2026-01-20T20:33:56.602440608Z
01KFEK9V1Z572E9RNY5ZG1BFHV,01KFEJ5CPJ5RGARFNN6Z0PCT4Q,2026-01-20T20:59:51.74336549Z,,,,,01KFEJ5CQQ00MKPGMA298B0BDM,2026-01-20T20:59:51.74336549Z,01KFEK2D2ABTHF5VPGA11FKCNZ,2026-01-20T20:59:51.74336549Z,01KFEK9MHDHT1X35W1F6XJ8ZXH,2026-01-20T20:59:51.74336549Z
01KFEFKAZ4S30S6BVHR331SFFP,01KFEDCCH0VMFH7P25F40PD43N,2026-01-20T19:55:08.644205249Z,17,2026-01-20T19:55:12.223560102Z,D,2026-01-20T19:55:12.194174306Z,01KFEDCCHGZS8158VZSSNCZZHP,2026-01-20T19:55:08.644205249Z,01KFEEV98ZBZT7VKKTGE1Q7XAV,2026-01-20T19:55:08.644205249Z,01KFEFDRSC861E95JAZSANS24X,2026-01-20T19:55:08.644205249Z
01KFEK1TYJEPC5B7KXRYRQ3BB3,01KFEJ5CPJ5RGARFNN6Z0PCT4Q,2026-01-20T20:55:29.490796223Z,17,2026-01-20T20:55:36.209452892Z,D,2026-01-20T20:55:34.064724132Z,01KFEJ5CRSNMMQKHYMFD35850B,2026-01-20T20:55:29.490796223Z,01KFEJD683V7BW0EC67T5B9T0M,2026-01-20T20:55:29.490796223Z,01KFEJRTSAPTRB7YAQPWEYHTS4,2026-01-20T20:55:29.490796223Z
01KFEJJGQGQFNH1TKPPS1R0T54,01KFEHAKK9QMW81MWT2FF1CSZA,2026-01-20T20:47:07.504920872Z,0,2026-01-20T20:47:18.561068324Z,D,2026-01-20T20:47:15.103251908Z,01KFEHAKMHNYFE3MQRK8FHXJ0Z,2026-01-20T20:47:07.504920872Z,01KFEJB2W6BH18AH4P7SQHZV0H,2026-01-20T20:47:07.504920872Z,01KFEJH2SA3BFVHNJCVDEHZ2CG,2026-01-20T20:47:07.504920872Z
01KFEK3V0QJQK1NQWFZSA230E2,01KFEJ5CPJ5RGARFNN6Z0PCT4Q,2026-01-20T20:56:35.095503981Z,10,2026-01-20T20:56:53.041809525Z,B,2026-01-20T20:56:44.655028102Z,01KFEJ5CS2BBW0C98ZJ5JAS2PG,2026-01-20T20:56:35.095503981Z,01KFEJS85WAAEA7MSWYWZJBYS0,2026-01-20T20:56:35.095503981Z,01KFEK3MXSHN11KZBSAT30XEJ4,2026-01-20T20:56:35.095503981Z
01KFEHMSZRQ9GHGAD4PTCV63SB,01KFEHA20TFYVSSENV0N2723W5,2026-01-20T20:30:53.944178831Z,20,2026-01-20T20:30:56.166794931Z,A,2026-01-20T20:30:54.876222266Z,01KFEHA25NESP3C46R1STZWY67,2026-01-20T20:30:53.944178831Z,01KFEHE6NX6FXVRTV1KPH8TKWC,2026-01-20T20:30:53.944178831Z,01KFEHHR50QEESAKDTX0Z9AJEC,2026-01-20T20:30:53.944178831Z
01KFEHW1V8J6NM5RJ3PRBCT9ZD,01KFEHA1EJWPRPNCXBTHCF12K2,2026-01-20T20:34:51.368054192Z,0,2026-01-20T20:34:58.24502489Z,C,2026-01-20T20:34:54.372211333Z,01KFEHA1GPSKM8FTTA039GX2FE,2026-01-20T20:34:51.368054192Z,01KFEHGGC977SV7QXMD0KQJ3VM,2026-01-20T20:34:51.368054192Z,01KFEHRJXZQZ099ENQ9A6Z0P2J,2026-01-20T20:34:51.368054192Z
01KFEFHSTJAWVS8Z5RNX5DV9ZM,01KFEDCAVEZK3QD8ZFC2PP83WE,2026-01-20T19:54:18.322354261Z,19,2026-01-20T19:54:21.982415432Z,C,2026-01-20T19:54:19.612789111Z,01KFEDCAVZJC7DD4AH1RF6NR9W,2026-01-20T19:54:18.322354261Z,01KFEF0XCN2JDQQD559T0PP43B,2026-01-20T19:54:18.322354261Z,01KFEFFP39G08VP8Y5HX5TE1VX,2026-01-20T19:54:18.322354261Z
01KFEJ25NVZSS9NN6THWJ7NKCE,01KFEHA1W0DBA89GCQ87GA4EG5,2026-01-20T20:38:11.89945105Z,0,2026-01-20T20:38:16.918425284Z,A,2026-01-20T20:38:16.876241573Z,01KFEHA1ZSVYK8DGYZZSV53FQM,2026-01-20T20:38:11.89945105Z,01KFEHKWX6S3CRVA3YVBJBPSWT,2026-01-20T20:38:11.89945105Z,01KFEHWYY8GJ0H5MV8Q7F9NVSC,2026-01-20T20:38:11.89945105Z
01KFEJCXKDGTYFAKJABEPJ84SQ,01KFEHAM0SBSN9QYCK4NGJTWCC,2026-01-20T20:44:04.077396642Z,10,2026-01-20T20:44:23.979834838Z,A,2026-01-20T20:44:21.172178409Z,01KFEHAM45R1366856G6A2WGHZ,2026-01-20T20:44:04.077396642Z,01KFEHYH6DP091MJE3KD0CRNR1,2026-01-20T20:44:04.077396642Z,01KFEJBBNZ5Y5777HFZX0PXKHM,2026-01-20T20:44:04.077396642Z
01KFEKAX9V0WWDD1853G2C1WBP,01KFEJ5DKDD8ED3R70AXWWV7TA,2026-01-20T21:00:26.81179448Z,,,,,01KFEJ5DPRA3SJMDJ397B8T8C1,2026-01-20T21:00:26.81179448Z,01KFEJTTYE1JJF4JNZFR32N2T9,2026-01-20T21:00:26.81179448Z,01KFEK95RJV38B192FRCF6JZ62,2026-01-20T21:00:26.81179448Z
01KFEE3NE9A3K7FWJ2GXBPJGEA,01KFEDCB0G5KS91T4MD9JTDSA4,2026-01-20T19:29:06.505209216Z,10,2026-01-20T19:29:12.096934409Z,A,2026-01-20T19:29:12.083960227Z,01KFEDCB197E7YMN5STVXKHS22,2026-01-20T19:29:06.505209216Z,01KFEDZFSW9KBCS8VJN8KBS8T4,2026-01-20T19:29:06.505209216Z,01KFEE2FBW0QCVRB4GS4XCC0SW,2026-01-20T19:29:06.505209216Z
01KFEFE0WTGBHG1RS8RGNSXK2E,01KFEDCCH0VMFH7P25F40PD43N,2026-01-20T19:52:14.490213286Z,19,2026-01-20T19:52:23.060363541Z,C,2026-01-20T19:52:23.044724199Z,01KFEDCCHH44R979H37GT2B68J,2026-01-20T19:52:14.490213286Z,01KFEF0J7C8417B13N1313JGSZ,2026-01-20T19:52:14.490213286Z,01KFEFDZC6QJHYFC5QKCC6WKWN,2026-01-20T19:52:14.490213286Z
01KFEFM9E4F18C3BYAS0N1E08M,01KFEDCAVEZK3QD8ZFC2PP83WE,2026-01-20T19:55:39.844853748Z,10,2026-01-20T19:55:41.963885503Z,B,2026-01-20T19:55:41.124807194Z,01KFEDCAVZJC7DD4AH1RF6NR9W,2026-01-20T19:55:39.844853748Z,01KFEF0XCN2JDQQD559T0PP43B,2026-01-20T19:55:39.844853748Z,01KFEFFP3PF615T8GRJTDVWD2W,2026-01-20T19:55:39.844853748Z
01KFEHMBWS0R5STWTKPDWCQ39H,01KFEHA1MRJDJA6FNTED28Z8HF,2026-01-20T20:30:39.513658113Z,0,2026-01-20T20:30:44.06283138Z,C,2026-01-20T20:30:44.03755399Z,01KFEHA1R32D8V3SKQA6BEDXA8,2026-01-20T20:30:39.513658113Z,01KFEHAKHNEWG0MCGFJGNXPB10,2026-01-20T20:30:39.513658113Z,01KFEHGC8RFX2GAQVABMSQ27AK,2026-01-20T20:30:39.513658113Z
01KFEHRFXPYVF7V3KX6R67Y424,01KFEHA1EJWPRPNCXBTHCF12K2,2026-01-20T20:32:54.710551215Z,0,2026-01-20T20:32:57.485550803Z,D,2026-01-20T20:32:57.454716833Z,01KFEHA1GDXTPSA0SX8CRPX47C,2026-01-20T20:32:54.710551215Z,01KFEHHMSX0QGW7JR1FS9J2AW6,2026-01-20T20:32:54.710551215Z,01KFEHNSERT24QHAQH5EGCEX37,2026-01-20T20:32:54.710551215Z
01KFEJVRPD1T3DBSEPCQ0CPHJQ,01KFEHAM0SBSN9QYCK4NGJTWCC,2026-01-20T20:52:10.57361094Z,10,2026-01-20T20:52:32.267598329Z,B,2026-01-20T20:52:16.323614199Z,01KFEHAM4AZFDTAG8DR1VA4141,2026-01-20T20:52:10.57361094Z,01KFEJFMC7CFQF46Z46BV1EM1Q,2026-01-20T20:52:10.57361094Z,01KFEJMJS4TK09CA08Z9CKYQZA,2026-01-20T20:52:10.57361094Z
01KFEEG3Q4NKACZ7XY6BEG8Z8S,01KFEDCB0G5KS91T4MD9JTDSA4,2026-01-20T19:35:54.340400562Z,19,2026-01-20T19:35:59.236013431Z,C,2026-01-20T19:35:59.219068111Z,01KFEDCB15BD0TYD7H0V6YZGSZ,2026-01-20T19:35:54.340400562Z,01KFEE2B09J1P0X60NY0EGT3C2,2026-01-20T19:35:54.340400562Z,01KFEE9KM38CZQAMJ0RM03WZMX,2026-01-20T19:35:54.340400562Z
01KFEFG07W2YVGRXYNNQD7X3NZ,01KFEDCAVEZK3QD8ZFC2PP83WE,2026-01-20T19:53:19.357033743Z,10,2026-01-20T19:53:21.131638067Z,A,2026-01-20T19:53:20.513313952Z,01KFEDCAVXCN1BR0PV518R81QD,2026-01-20T19:53:19.357033743Z,01KFEFAMDQ915GZ68HPFMQXZ9N,2026-01-20T19:53:19.357033743Z,01KFEFE5TMDQYBDVFF54CRK885,2026-01-20T19:53:19.357033743Z
01KFEFGYRSTZ5D65N00KDWEZNZ,01KFEDCAVEZK3QD8ZFC2PP83WE,2026-01-20T19:53:50.617042859Z,19,2026-01-20T19:53:56.741348532Z,C,2026-01-20T19:53:52.564572599Z,01KFEDCAVZJC7DD4AH1RF6NR9W,2026-01-20T19:53:50.617042859Z,01KFEF0XCN2JDQQD559T0PP43B,2026-01-20T19:53:50.617042859Z,01KFEFFP322A2Q4N08RTY349G9,2026-01-20T19:53:50.617042859Z
01KFEFGZ06DE7FAA4Q5K1SR25Q,01KFEDCCH0VMFH7P25F40PD43N,2026-01-20T19:53:50.854942859Z,10,2026-01-20T19:54:15.59812888Z,A,2026-01-20T19:54:15.575759823Z,01KFEDCCHGZS8158VZSSNCZZHP,2026-01-20T19:53:50.854942859Z,01KFEEX55YZNT0B1JFXGKDFM2N,2026-01-20T19:53:50.854942859Z,01KFEFDRS7E2QNSC1JNQMXQW2T,2026-01-20T19:53:50.854942859Z
01KFEHMHQAK6AZGPJAT6Z7YAR5,01KFEHA1MRJDJA6FNTED28Z8HF,2026-01-20T20:30:45.482954821Z,10,2026-01-20T20:30:48.085301672Z,B,2026-01-20T20:30:48.066249734Z,01KFEHA1R32D8V3SKQA6BEDXA8,2026-01-20T20:30:45.482954821Z,01KFEHAKHNEWG0MCGFJGNXPB10,2026-01-20T20:30:45.482954821Z,01KFEHGC8WGHDF8AP0WS6ME5SQ,2026-01-20T20:30:45.482954821Z
01KFEJVJRN7SVB71JR80HMSEZK,01KFEHAM72H3ZNN8G0T2BCT79K,2026-01-20T20:52:04.501488994Z,0,2026-01-20T20:52:17.328528198Z,C,2026-01-20T20:52:07.897619537Z,01KFEHAMB21FYRXZN71VHCADQA,2026-01-20T20:52:04.501488994Z,01KFEJD79KCD2FZ3DWAFCC6NHA,2026-01-20T20:52:04.501488994Z,01KFEJQTKS623Y8CG9VMMT9ZMA,2026-01-20T20:52:04.501488994Z
01KFEEG3Q8FYAMR7EPTAER3RRW,01KFEDCB0G5KS91T4MD9JTDSA4,2026-01-20T19:35:54.344663504Z,10,2026-01-20T19:35:59.236013431Z,A,2026-01-20T19:35:56.101300181Z,01KFEDCB15BD0TYD7H0V6YZGSZ,2026-01-20T19:35:54.344663504Z,01KFEE07X889KRR9ZR3BVZBWD6,2026-01-20T19:35:54.344663504Z,01KFEE9KM38CZQAMJ0RM03WZMX,2026-01-20T19:35:54.344663504Z
01KFEFTTTFJ9D62EFGB5FWZNH7,01KFEDCAVEZK3QD8ZFC2PP83WE,2026-01-20T19:59:14.255559284Z,20,2026-01-20T19:59:18.57134178Z,A,2026-01-20T19:59:15.347715823Z,01KFEDCAVZJC7DD4AH1B24TEC6,2026-01-20T19:59:14.255559284Z,01KFEFE9N9CHB9632BFKRF4P6F,2026-01-20T19:59:14.255559284Z,01KFEFNGZPVQDEPQ1JQK9SR3ES,2026-01-20T19:59:14.255559284Z
01KFEJBHDH4H6A1CZN2NDC1MK9,01KFEHAKK9QMW81MWT2FF1CSZA,2026-01-20T20:43:18.833509908Z,0,2026-01-20T20:43:24.449908357Z,C,2026-01-20T20:43:20.786798267Z,01KFEHAKMDAJRN7M0QA4VDJCGY,2026-01-20T20:43:18.833509908Z,01KFEHS8J7P9EEBTK2FBSRFBQT,2026-01-20T20:43:18.833509908Z,01KFEJ2SM57D8BZ0SGF5J5YWJG,2026-01-20T20:43:18.833509908Z
01KFEJDGS91GJZ0J1K8GCJZ66N,01KFEHAM0SBSN9QYCK4NGJTWCC,2026-01-20T20:44:23.721046822Z,0,2026-01-20T20:44:31.712272642Z,B,2026-01-20T20:44:31.658050579Z,01KFEHAM3ZX2QFEZ4F28QFW79D,2026-01-20T20:44:23.721046822Z,01KFEJ9883X77HA7T3SDA1VF8F,2026-01-20T20:44:23.721046822Z,01KFEJDCN0X41FT2QN9FBKXCRT,2026-01-20T20:44:23.721046822Z
01KFEEC5FJQK2NFARJRVSFZY23,01KFEDCB0G5KS91T4MD9JTDSA4,2026-01-20T19:33:45.074178669Z,19,2026-01-20T19:33:51.348272164Z,C,2026-01-20T19:33:51.328400388Z,01KFEDCB15BD0TYD7H0V6YZGSZ,2026-01-20T19:33:45.074178669Z,01KFEE2B09J1P0X60NY0EGT3C2,2026-01-20T19:33:45.074178669Z,01KFEE9KKRV4AZK6X2AASARHS8,2026-01-20T19:33:45.074178669Z
01KFEHT9PYC99T7XZXP8QE1KAA,01KFEHA1EJWPRPNCXBTHCF12K2,2026-01-20T20:33:53.886932997Z,17,2026-01-20T20:33:57.275262126Z,D,2026-01-20T20:33:57.178074511Z,01KFEHA1GPSKM8FTTA039GX2FE,2026-01-20T20:33:53.886932997Z,01KFEHGGC977SV7QXMD0KQJ3VM,2026-01-20T20:33:53.886932997Z,01KFEHRJWYGAG3TQYMQ22MKBNW,2026-01-20T20:33:53.886932997Z
01KFEFW6EBQW6D2GEA93ES7P4F,01KFEDCAVEZK3QD8ZFC2PP83WE,2026-01-20T19:59:58.923512367Z,20,2026-01-20T20:00:04.921801595Z,A,2026-01-20T20:00:00.586559764Z,01KFEDCAVZJC7DD4AH1B24TEC6,2026-01-20T19:59:58.923512367Z,01KFEFE9N9CHB9632BFKRF4P6F,2026-01-20T19:59:58.923512367Z,01KFEFNGZB6J98N7CQG08Z8XPA,2026-01-20T19:59:58.923512367Z
01KFEHJA4WRFX9X8E2ACR41P64,01KFEHA1MRJDJA6FNTED28Z8HF,2026-01-20T20:29:32.188164792Z,0,2026-01-20T20:29:39.303026797Z,C,2026-01-20T20:29:36.264894243Z,01KFEHA1R32D8V3SKQA6BEDXA8,2026-01-20T20:29:32.188164792Z,01KFEHAKHNEWG0MCGFJGNXPB10,2026-01-20T20:29:32.188164792Z,01KFEHGC7RGHJ59DN4CYPM6G2H,2026-01-20T20:29:32.188164792Z
01KFEHJJGEM7NQH7ZJWZXMW0NM,01KFEHA1W0DBA89GCQ87GA4EG5,2026-01-20T20:29:40.750448466Z,19,2026-01-20T20:29:44.721716127Z,C,2026-01-20T20:29:44.695144203Z,01KFEHA1ZNDEMMB0DK92YAW8BD,2026-01-20T20:29:40.750448466Z,01KFEHEBSJCV2WCY6FBMMN65A3,2026-01-20T20:29:40.750448466Z,01KFEHHMVQ06X8AGYV0PYFPA6H,2026-01-20T20:29:40.750448466Z
01KFEHKPH2FVWND8NAEJ7JMDXF,01KFEHA1EJWPRPNCXBTHCF12K2,2026-01-20T20:30:17.634332421Z,10,2026-01-20T20:30:20.177357784Z,B,2026-01-20T20:30:20.155828592Z,01KFEHA1GK3DQ7TRWFWA7J267H,2026-01-20T20:30:17.634332421Z,01KFEHC1N15W3XF2S9JNREZ5AJ,2026-01-20T20:30:17.634332421Z,01KFEHFC2A7F7PJXVDFCHH4XQD,2026-01-20T20:30:17.634332421Z
01KFEJK45B0DHE2WWRZ1TVQPSR,01KFEHAM0SBSN9QYCK4NGJTWCC,2026-01-20T20:47:27.403112111Z,20,2026-01-20T20:47:41.340555664Z,A,2026-01-20T20:47:41.296200991Z,01KFEHAM45R1366856G6A2WGHZ,2026-01-20T20:47:27.403112111Z,01KFEHYH6DP091MJE3KD0CRNR1,2026-01-20T20:47:27.403112111Z,01KFEJBBS2BWPZGZRBW8E4A41D,2026-01-20T20:47:27.403112111Z
01KFEJY5JVJ37CRTBA0W60093J,01KFEHAM0SBSN9QYCK4NGJTWCC,2026-01-20T20:53:29.307221462Z,10,2026-01-20T20:53:44.471698173Z,B,2026-01-20T20:53:44.165924347Z,01KFEHAM4AZFDTAG8DR1VA4141,2026-01-20T20:53:29.307221462Z,01KFEJFMC7CFQF46Z46BV1EM1Q,2026-01-20T20:53:29.307221462Z,01KFEJMJVVAZSJ9NF02S13FWBY,2026-01-20T20:53:29.307221462Z
01KFEE3AX940FXPQS77SJ6ME2K,01KFEDCC1ZHDDN3CP9JWF4PGTF,2026-01-20T19:28:55.721564588Z,29,2026-01-20T19:28:58.074323391Z,C,2026-01-20T19:28:58.062324384Z,01KFEDCC2JDADMPT5RVP2N7S0X,2026-01-20T19:28:55.721564588Z,01KFEDNQAB8C2AFG7D4ZXA4K64,2026-01-20T19:28:55.721564588Z,01KFEDZ3302XKAJ5A86C2K5X8E,2026-01-20T19:28:55.721564588Z
01KFEEFG2ED1XV1GSP20JG12F9,01KFEDCCAW3ZY6KSKNHTKZ971F,2026-01-20T19:35:34.222122577Z,17,2026-01-20T19:35:39.324640783Z,D,2026-01-20T19:35:38.134473238Z,01KFEDCCBDJ82W4YK2PN7VDTAX,2026-01-20T19:35:34.222122577Z,01KFEE85J92QXNE2691FZPHW2Z,2026-01-20T19:35:34.222122577Z,01KFEEE7ZXMSBF5BT840GGZKT0,2026-01-20T19:35:34.222122577Z
01KFEK8FR6WXPRYDZ91N9VMRGF,01KFEJ5CPJ5RGARFNN6Z0PCT4Q,2026-01-20T20:59:07.398978116Z,,,,,01KFEJ5CS2BBW0C98ZJ5JAS2PG,2026-01-20T20:59:07.398978116Z,01KFEJXPF85R5SPZ1AW7JBKCNB,2026-01-20T20:59:07.398978116Z,01KFEK3MPMFZZ2ASKKZ0DGNWNS,2026-01-20T20:59:07.398978116Z
01KFEKAX9AW0FGK42DJX01P3JV,01KFEJ5DKDD8ED3R70AXWWV7TA,2026-01-20T21:00:26.79444637Z,,,,,01KFEJ5DPRA3SJMDJ397B8T8C1,2026-01-20T21:00:26.79444637Z,01KFEK01H1YPA1JPJ9R7TY1GMF,2026-01-20T21:00:26.79444637Z,01KFEK95RJV38B192FRCF6JZ62,2026-01-20T21:00:26.79444637Z
01KFEHWYBMK5HRJ445RGD7J85N,01KFEHA1W0DBA89GCQ87GA4EG5,2026-01-20T20:35:20.564255058Z,10,2026-01-20T20:35:29.244821282Z,B,2026-01-20T20:35:22.174735338Z,01KFEHA1YZ8ZAAQFH3AAV34XZC,2026-01-20T20:35:20.564255058Z,01KFEHGGXHDDWTZD1ZDVCQBBCE,2026-01-20T20:35:20.564255058Z,01KFEHRCNQMP813ZGXBQ9T90ES,2026-01-20T20:35:20.564255058Z
01KFEHZ3FFAEATP48TQ7G9V3JG,01KFEHA1W0DBA89GCQ87GA4EG5,2026-01-20T20:36:31.343719494Z,7,2026-01-20T20:36:39.339578124Z,D,2026-01-20T20:36:39.31326466Z,01KFEHA1ZSVYK8DGYZZSV53FQM,2026-01-20T20:36:31.343719494Z,01KFEHKWX6S3CRVA3YVBJBPSWT,2026-01-20T20:36:31.343719494Z,01KFEHWYTKGS708E4DQBVENRAZ,2026-01-20T20:36:31.343719494Z
01KFEJCVXKGSBK2Y1VDGC3VXAF,01KFEHAKK9QMW81MWT2FF1CSZA,2026-01-20T20:44:02.355195995Z,0,2026-01-20T20:44:17.134149899Z,C,2026-01-20T20:44:17.075943022Z,01KFEHAKM3JNAB6T75AF59R2WG,2026-01-20T20:44:02.355195995Z,01KFEJ4AH2EZ1Y9SR8QRQXF2S0,2026-01-20T20:44:02.355195995Z,01KFEJAM995G3KYM2ZXA90E17J,2026-01-20T20:44:02.355195995Z
01KFEEFSBFT5KMKV4SZ833BQE0,01KFEDCB7P38BTZ4ACVDP6P0XN,2026-01-20T19:35:43.727237542Z,7,2026-01-20T19:35:50.714317168Z,D,2026-01-20T19:35:50.700389669Z,01KFEDCB85NRAF0XG25ABR62N5,2026-01-20T19:35:43.727237542Z,01KFEE2GDYZKFQF2HSAA1FMRTA,2026-01-20T19:35:43.727237542Z,01KFEEC6Q4W9SATGBT78S5XZJ9,2026-01-20T19:35:43.727237542Z
01KFEFRM0W79BEW384S3Q5P9XT,01KFEDCAVEZK3QD8ZFC2PP83WE,2026-01-20T19:58:01.756103443Z,10,2026-01-20T19:58:10.098696951Z,A,2026-01-20T19:58:10.070519835Z,01KFEDCAVZJC7DD4AH1B24TEC6,2026-01-20T19:58:01.756103443Z,01KFEFG8GX8B9102EGAWCJ2ZB0,2026-01-20T19:58:01.756103443Z,01KFEFNH07BKKVP678QXTHEHF8,2026-01-20T19:58:01.756103443Z
01KFEFMFY2PW6SPRNG3BN22XDA,01KFEDC9EK94N2WNCHE5RRQHCJ,2026-01-20T19:55:46.498695613Z,10,2026-01-20T19:55:49.734412838Z,A,2026-01-20T19:55:49.71799091Z,01KFEDC9FF7T49EPA99GZDGH84,2026-01-20T19:55:46.498695613Z,01KFEFB7KJED56AXX5RHJAHZFZ,2026-01-20T19:55:46.498695613Z,01KFEFG2PNANHMP493AHHTDDV3,2026-01-20T19:55:46.498695613Z
01KFEJDJ1P7EYJ0SFVNTHSHS0E,01KFEHAKWNS08RQENHQ36ND5GA,2026-01-20T20:44:25.014871244Z,19,2026-01-20T20:44:29.892885292Z,C,2026-01-20T20:44:29.853639521Z,01KFEHAKXRHSJ1AHAHDK0DQA4P,2026-01-20T20:44:25.014871244Z,01KFEHYT1QK83WA2T7KG6GRDV0,2026-01-20T20:44:25.014871244Z,01KFEJ9XRQMWRFG6NFJ0W1C123,2026-01-20T20:44:25.014871244Z
01KFEJY0MBQTHR9TVXFSBWPYKH,01KFEJ5DKDD8ED3R70AXWWV7TA,2026-01-20T20:53:24.235065719Z,0,2026-01-20T20:53:26.461369895Z,C,2026-01-20T20:53:25.547014359Z,01KFEJ5DPFFD934S0E2GQ1B9RR,2026-01-20T20:53:24.235065719Z,01KFEJPRKV9117XEB7P0YJ5NT5,2026-01-20T20:53:24.235065719Z,01KFEJVCVGM6AH37XNNH7Y7GDN,2026-01-20T20:53:24.235065719Z
01KFEDX7MJEAAG8DQQX9QCXK46,01KFEDCC1ZHDDN3CP9JWF4PGTF,2026-01-20T19:25:35.762777068Z,17,2026-01-20T19:25:40.940230105Z,D,2026-01-20T19:25:40.80269062Z,01KFEDCC2JDADMPT5RVZQ93BA8,2026-01-20T19:25:35.762777068Z,01KFEDKABYH5MEPJ95J3ZMZNRM,2026-01-20T19:25:35.762777068Z,01KFEDVKB6NWPBC6FNEZVG1P5X,2026-01-20T19:25:35.762777068Z
01KFEE0Y56HM4MRG8CR0JTWSRN,01KFEDCC1ZHDDN3CP9JWF4PGTF,2026-01-20T19:27:37.12610039Z,29,2026-01-20T19:27:42.058758543Z,C,2026-01-20T19:27:42.048045669Z,01KFEDCC2JDADMPT5RVP2N7S0X,2026-01-20T19:27:37.12610039Z,01KFEDNQAB8C2AFG7D4ZXA4K64,2026-01-20T19:27:37.12610039Z,01KFEDZ32SWW4AFB8VQ93662W8,2026-01-20T19:27:37.12610039Z
01KFEEPM2JEE12ZECXTXS9N17F,01KFEDCCAW3ZY6KSKNHTKZ971F,2026-01-20T19:39:27.698873066Z,17,2026-01-20T19:39:35.080013442Z,D,2026-01-20T19:39:35.066120229Z,01KFEDCCBDJ82W4YK2PN7VDTAX,2026-01-20T19:39:27.698873066Z,01KFEE85J92QXNE2691FZPHW2Z,2026-01-20T19:39:27.698873066Z,01KFEEE80KK9A4XVVMX2V6EBJC,2026-01-20T19:39:27.698873066Z
01KFEFK0ZTAC88H087T5SC13BF,01KFEDCCH0VMFH7P25F40PD43N,2026-01-20T19:54:58.42647547Z,0,2026-01-20T19:55:04.53331889Z,C,2026-01-20T19:55:04.510316767Z,01KFEDCCHGZS8158VZSSNCZZHP,2026-01-20T19:54:58.42647547Z,01KFEEX55YZNT0B1JFXGKDFM2N,2026-01-20T19:54:58.42647547Z,01KFEFDRSGDV4AR3D8YNC6EXP5,2026-01-20T19:54:58.42647547Z
01KFEFNJFAVMEPD2J27B1B0A5P,01KFEDCAVEZK3QD8ZFC2PP83WE,2026-01-20T19:56:21.866095082Z,10,2026-01-20T19:56:36.620815376Z,B,2026-01-20T19:56:28.105599867Z,01KFEDCAVZJC7DD4AH1B24TEC6,2026-01-20T19:56:21.866095082Z,01KFEFE9N9CHB9632BFKRF4P6F,2026-01-20T19:56:21.866095082Z,01KFEFNGXSPP5MWZ1XYRACJ3QZ,2026-01-20T19:56:21.866095082Z
01KFEHS3233365RG94ZVXK4N5E,01KFEHA1MRJDJA6FNTED28Z8HF,2026-01-20T20:33:14.307280647Z,7,2026-01-20T20:33:25.232138217Z,D,2026-01-20T20:33:24.022999804Z,01KFEHA1QDYX27N1S60Z95NKD9,2026-01-20T20:33:14.307280647Z,01KFEHFDNYYM4VRPKVABD0N8W8,2026-01-20T20:33:14.307280647Z,01KFEHQRYYAP94CRJREW5ZYNXS,2026-01-20T20:33:14.307280647Z
01KFEJT27C7BKQF422AAMVRKKH,01KFEHAM72H3ZNN8G0T2BCT79K,2026-01-20T20:51:14.796487091Z,7,2026-01-20T20:51:24.105250043Z,D,2026-01-20T20:51:21.186836975Z,01KFEHAMB21FYRXZN71VHCADQA,2026-01-20T20:51:14.796487091Z,01KFEJD79KCD2FZ3DWAFCC6NHA,2026-01-20T20:51:14.796487091Z,01KFEJQTGH74Z5N9ZYKN98QS9P,2026-01-20T20:51:14.796487091Z
01KFEJXSJF2DHPRM4PVGPW3JJB,01KFEHAM72H3ZNN8G0T2BCT79K,2026-01-20T20:53:17.007418324Z,19,2026-01-20T20:53:48.523337463Z,C,2026-01-20T20:53:21.442478378Z,01KFEHAMB65F4EHHS2KPJ10RVS,2026-01-20T20:53:17.007418324Z,01KFEJNG8YCH1FAXWRKPFJRC2F,2026-01-20T20:53:17.007418324Z,01KFEJV6TJT16VWYR2DAQ2VKV4,2026-01-20T20:53:17.007418324Z
01KFEE5A4DV8SHF8G6E6XAFC9K,01KFEDCB0G5KS91T4MD9JTDSA4,2026-01-20T19:30:00.461231209Z,0,2026-01-20T19:30:02.876209171Z,B,2026-01-20T19:30:02.863270682Z,01KFEDCB197E7YMN5STVXKHS22,2026-01-20T19:30:00.461231209Z,01KFEDZFSW9KBCS8VJN8KBS8T4,2026-01-20T19:30:00.461231209Z,01KFEE2FC8G91P42YYV0TFY427,2026-01-20T19:30:00.461231209Z
01KFEECHD8VRHNCPVSBP51NA9B,01KFEDCB0G5KS91T4MD9JTDSA4,2026-01-20T19:33:57.288532461Z,19,2026-01-20T19:34:03.536349031Z,C,2026-01-20T19:34:03.519945339Z,01KFEDCB15BD0TYD7H0V6YZGSZ,2026-01-20T19:33:57.288532461Z,01KFEE2B09J1P0X60NY0EGT3C2,2026-01-20T19:33:57.288532461Z,01KFEE9KM0X4Q6XPA6XY1T135J,2026-01-20T19:33:57.288532461Z
01KFEK522ZD5ZBQQS466GZZWR0,01KFEJ5C7H3Z5SGPPT0TCGAEB2,2026-01-20T20:57:15.103601239Z,,,B,2026-01-20T20:57:20.913384358Z,01KFEJ5C8N149KF44PHZZN9T4C,2026-01-20T20:57:15.103601239Z,01KFEJVMRW9T2V3CVS7WW6T938,2026-01-20T20:57:15.103601239Z,01KFEK23W68A108MCH9AAQQ6VN,2026-01-20T20:57:15.103601239Z
01KFEEET3ESP1S4W6HF7T1QVZA,01KFEDCB7P38BTZ4ACVDP6P0XN,2026-01-20T19:35:11.72608266Z,0,2026-01-20T19:35:15.869337305Z,A,2026-01-20T19:35:14.07983667Z,01KFEDCB85NRAF0XG25ABR62N5,2026-01-20T19:35:11.72608266Z,01KFEE7Q9A8CN1TS35QENG1JN7,2026-01-20T19:35:11.72608266Z,01KFEEC6Q3GDAKAWW0S8WVWKM8,2026-01-20T19:35:11.72608266Z
01KFEEPM2MSRKH4TEFR9ZGPSW9,01KFEDCCAW3ZY6KSKNHTKZ971F,2026-01-20T19:39:27.700891564Z,29,2026-01-20T19:39:35.080013442Z,C,2026-01-20T19:39:31.859092391Z,01KFEDCCBDJ82W4YK2PN7VDTAX,2026-01-20T19:39:27.700891564Z,01KFEE6KZQR5PP1P0PS1XNKJRD,2026-01-20T19:39:27.700891564Z,01KFEEE80KK9A4XVVMX2V6EBJC,2026-01-20T19:39:27.700891564Z
01KFEHVCRF9Z61Y39W7V43235T,01KFEHA1MRJDJA6FNTED28Z8HF,2026-01-20T20:34:29.775376474Z,20,2026-01-20T20:34:31.609256989Z,A,2026-01-20T20:34:31.575714031Z,01KFEHA1QMX5DYGHPSSSP2RXXX,2026-01-20T20:34:29.775376474Z,01KFEHJFJ1SMX3RCX9M0MFWVF6,2026-01-20T20:34:29.775376474Z,01KFEHR30QE3YWFA54BMFHX5RD,2026-01-20T20:34:29.775376474Z
01KFEDZJKM48XQDZJMC46K3FE3,01KFEDCC1ZHDDN3CP9JWF4PGTF,2026-01-20T19:26:52.532756599Z,29,2026-01-20T19:26:54.639201826Z,C,2026-01-20T19:26:54.624641137Z,01KFEDCC2JDADMPT5RVZQ93BA8,2026-01-20T19:26:52.532756599Z,01KFEDNRR64JDCJYA79FBRE8X8,2026-01-20T19:26:52.532756599Z,01KFEDVKBAC5PM6XV7NXGC94PD,2026-01-20T19:26:52.532756599Z
01KFEEE5XB39GP348VA9Q74RQ8,01KFEDCB7P38BTZ4ACVDP6P0XN,2026-01-20T19:34:51.051255882Z,0,2026-01-20T19:34:57.359622143Z,C,2026-01-20T19:34:54.567829685Z,01KFEDCB85NRAF0XG25ABR62N5,2026-01-20T19:34:51.051255882Z,01KFEE7Q9A8CN1TS35QENG1JN7,2026-01-20T19:34:51.051255882Z,01KFEEC6PW71Q1Q74PYVMF9WKM,2026-01-20T19:34:51.051255882Z
01KFEDXYDHBXQH5Y6FCND27WRP,01KFEDCC1ZHDDN3CP9JWF4PGTF,2026-01-20T19:25:59.089593341Z,17,2026-01-20T19:26:01.932181527Z,D,2026-01-20T19:26:01.750892775Z,01KFEDCC2JDADMPT5RVZQ93BA8,2026-01-20T19:25:59.089593341Z,01KFEDKABYH5MEPJ95J3ZMZNRM,2026-01-20T19:25:59.089593341Z,01KFEDVKB5NFPV0X6HD7GJNNBC,2026-01-20T19:25:59.089593341Z
01KFEHZNH65CVBH0YW1MZADRG0,01KFEHA1EJWPRPNCXBTHCF12K2,2026-01-20T20:36:49.83068685Z,0,2026-01-20T20:36:53.344851163Z,C,2026-01-20T20:36:51.212016182Z,01KFEHA1GPSKM8FTTA039GX2FE,2026-01-20T20:36:49.83068685Z,01KFEHGGC977SV7QXMD0KQJ3VM,2026-01-20T20:36:49.83068685Z,01KFEHRJZ8X21W8AKZH7TKW7A3,2026-01-20T20:36:49.83068685Z
01KFEJJGQX90ZDTNVZZY31JJ0G,01KFEHAKK9QMW81MWT2FF1CSZA,2026-01-20T20:47:07.517568638Z,0,2026-01-20T20:47:18.561068324Z,D,2026-01-20T20:47:13.351082149Z,01KFEHAKMHNYFE3MQRK8FHXJ0Z,2026-01-20T20:47:07.517568638Z,01KFEJ7CDCT5X7YWTGH1JZNK2J,2026-01-20T20:47:07.517568638Z,01KFEJH2SA3BFVHNJCVDEHZ2CG,2026-01-20T20:47:07.517568638Z
01KFEJJV8XZ4W113PVJPAXZWNB,01KFEHAKWNS08RQENHQ36ND5GA,2026-01-20T20:47:18.301333169Z,0,2026-01-20T20:48:06.27329641Z,C,2026-01-20T20:48:06.099083681Z,01KFEHAKXJ10EJRCGF487MPEAV,2026-01-20T20:47:18.301333169Z,01KFEJDH8B1YH8ZGFS5HMW6SF6,2026-01-20T20:47:18.301333169Z,01KFEJJPPM699KY8AKKRT8WR3N,2026-01-20T20:47:18.301333169Z
01KFEJXSK0W6E41RVJ3083TKPZ,01KFEHAM72H3ZNN8G0T2BCT79K,2026-01-20T20:53:17.024703222Z,10,2026-01-20T20:53:48.523337463Z,B,2026-01-20T20:53:48.448152313Z,01KFEHAMB65F4EHHS2KPJ10RVS,2026-01-20T20:53:17.024703222Z,01KFEJQ43AZNCTHABZKM6DBV3R,2026-01-20T20:53:17.024703222Z,01KFEJV6TJT16VWYR2DAQ2VKV4,2026-01-20T20:53:17.024703222Z
01KFEJZFM69VJSEEP2AHBHBH6N,01KFEJ5E832Q64ZNG3ZKPXGHJ5,2026-01-20T20:54:12.358964101Z,10,2026-01-20T20:54:18.249814362Z,B,2026-01-20T20:54:18.182984131Z,01KFEJ5EA7VXFPKNKHCS7D0Y4Z,2026-01-20T20:54:12.358964101Z,01KFEJKEAF3XNAWTVE8VCNKJXS,2026-01-20T20:54:12.358964101Z,01KFEJW1YK121WKE74AE71N4VR,2026-01-20T20:54:12.358964101Z
01KFEHTA7YXDJCHCJEP2MFERCK,01KFEHA1MRJDJA6FNTED28Z8HF,2026-01-20T20:33:54.43056082Z,7,2026-01-20T20:34:00.55385057Z,D,2026-01-20T20:33:57.502143667Z,01KFEHA1QDYX27N1S60Z95NKD9,2026-01-20T20:33:54.43056082Z,01KFEHFDNYYM4VRPKVABD0N8W8,2026-01-20T20:33:54.43056082Z,01KFEHQRZ92PNK16951YPNVEGB,2026-01-20T20:33:54.43056082Z
01KFEHYD8M5B8JZY99CBZVD1XK,01KFEHA1W0DBA89GCQ87GA4EG5,2026-01-20T20:36:08.596341218Z,20,2026-01-20T20:36:19.840886891Z,B,2026-01-20T20:36:19.81582335Z,01KFEHA1ZSVYK8DGYZZSV53FQM,2026-01-20T20:36:08.596341218Z,01KFEHKWX6S3CRVA3YVBJBPSWT,2026-01-20T20:36:08.596341218Z,01KFEHWYTZ9F4WSYG3N5TJM8G6,2026-01-20T20:36:08.596341218Z
01KFEHHT2JEWYG5DTC48BF9PPN,01KFEHA20TFYVSSENV0N2723W5,2026-01-20T20:29:15.73006976Z,0,2026-01-20T20:29:22.059773315Z,C,2026-01-20T20:29:20.97501084Z,01KFEHA25NESP3C46R1STZWY67,2026-01-20T20:29:15.73006976Z,01KFEHE6NX6FXVRTV1KPH8TKWC,2026-01-20T20:29:15.73006976Z,01KFEHHR3NP5N9K5JQRWJ02M89,2026-01-20T20:29:15.73006976Z
01KFEHJ78NVMJS5VVEZTXDTXP7,01KFEHA1EJWPRPNCXBTHCF12K2,2026-01-20T20:29:29.238021851Z,0,2026-01-20T20:29:35.770908257Z,B,2026-01-20T20:29:35.753365187Z,01KFEHA1GK3DQ7TRWFWA7J267H,2026-01-20T20:29:29.238021851Z,01KFEHC1N15W3XF2S9JNREZ5AJ,2026-01-20T20:29:29.238021851Z,01KFEHFC1S0HWHA5HRNXEGKKE4,2026-01-20T20:29:29.238021851Z
01KFEHT144JAG1ZZSQYM3PRQNR,01KFEHA1MRJDJA6FNTED28Z8HF,2026-01-20T20:33:45.092332511Z,20,2026-01-20T20:33:48.205982352Z,A,2026-01-20T20:33:48.028756851Z,01KFEHA1QMX5DYGHPSSSP2RXXX,2026-01-20T20:33:45.092332511Z,01KFEHJFJ1SMX3RCX9M0MFWVF6,2026-01-20T20:33:45.092332511Z,01KFEHR2ZGCTQKXG1QSX5BCNY9,2026-01-20T20:33:45.092332511Z
01KFEJ25NFB7VWS84AVQ01C0WQ,01KFEHA1W0DBA89GCQ87GA4EG5,2026-01-20T20:38:11.887690252Z,0,2026-01-20T20:38:16.918425284Z,A,2026-01-20T20:38:13.531050139Z,01KFEHA1ZSVYK8DGYZZSV53FQM,2026-01-20T20:38:11.887690252Z,01KFEHMXV04MY34HJYA33HA616,2026-01-20T20:38:11.887690252Z,01KFEHWYY8GJ0H5MV8Q7F9NVSC,2026-01-20T20:38:11.887690252Z
01KFEJBHD63G1HZQPFKYX7QV5T,01KFEHAKK9QMW81MWT2FF1CSZA,2026-01-20T20:43:18.822356428Z,0,2026-01-20T20:43:24.449908357Z,C,2026-01-20T20:43:24.398333738Z,01KFEHAKMDAJRN7M0QA4VDJCGY,2026-01-20T20:43:18.822356428Z,01KFEHW86W3STHQPDAT1BP1CXX,2026-01-20T20:43:18.822356428Z,01KFEJ2SM57D8BZ0SGF5J5YWJG,2026-01-20T20:43:18.822356428Z
01KFEJJ1GRTR47CBNQH0K5VEAM,01KFEHAM0SBSN9QYCK4NGJTWCC,2026-01-20T20:46:51.92810624Z,19,2026-01-20T20:46:55.724359627Z,C,2026-01-20T20:46:55.66451884Z,01KFEHAM3ZX2QFEZ4F28QFW79D,2026-01-20T20:46:51.92810624Z,01KFEJ9883X77HA7T3SDA1VF8F,2026-01-20T20:46:51.92810624Z,01KFEJDCS7ZBZDEK62GKHMXRKC,2026-01-20T20:46:51.92810624Z
01KFEE0JDS0XRGP2HRRY4RYJBQ,01KFEDCB0G5KS91T4MD9JTDSA4,2026-01-20T19:27:25.113393956Z,19,2026-01-20T19:27:50.514392912Z,C,2026-01-20T19:27:30.514784457Z,01KFEDCB139KMAVWQ3WS54614D,2026-01-20T19:27:25.113393956Z,01KFEDV9TKV9GTHAZ1F6R9Z694,2026-01-20T19:27:25.113393956Z,01KFEE0HE24541FTT4Z6NNAHN0,2026-01-20T19:27:25.113393956Z
01KFEE47WCVMVD6W31977PYD0F,01KFEDCB0G5KS91T4MD9JTDSA4,2026-01-20T19:29:25.388666307Z,10,2026-01-20T19:29:29.999776761Z,B,2026-01-20T19:29:29.069698935Z,01KFEDCB197E7YMN5STVXKHS22,2026-01-20T19:29:25.388666307Z,01KFEDRBWHPV4A332ZXM2PZSR4,2026-01-20T19:29:25.388666307Z,01KFEE2FC11CF7J9J8T4H75VBA,2026-01-20T19:29:25.388666307Z
01KFEEJSESN5DYHEG54PF2THBR,01KFEDCB7P38BTZ4ACVDP6P0XN,2026-01-20T19:37:22.137762162Z,0,2026-01-20T19:37:32.704250943Z,C,2026-01-20T19:37:32.687421949Z,01KFEDCB85NRAF0XG25ABR62N5,2026-01-20T19:37:22.137762162Z,01KFEE2GDYZKFQF2HSAA1FMRTA,2026-01-20T19:37:22.137762162Z,01KFEEC6QESVHNK4DW63M7PTVZ,2026-01-20T19:37:22.137762162Z
01KFEEZZZ981VZRXVPNNDRHT0D,01KFEDCCAW3ZY6KSKNHTKZ971F,2026-01-20T19:44:34.79375622Z,0,2026-01-20T19:44:36.908537712Z,B,2026-01-20T19:44:36.886909539Z,01KFEDCCBE716PRHN8Q6NQV6ZT,2026-01-20T19:44:34.79375622Z,01KFEEMRW7PPKZGT4SNXBV2JSZ,2026-01-20T19:44:34.79375622Z,01KFEEV7VNM3A5S547E076TFGQ,2026-01-20T19:44:34.79375622Z
01KFEFSRHK4Q5ZHJZ9JN531KXZ,01KFEDCAVEZK3QD8ZFC2PP83WE,2026-01-20T19:58:39.155176968Z,19,2026-01-20T19:58:46.988869597Z,C,2026-01-20T19:58:46.969399687Z,01KFEDCAVZJC7DD4AH1B24TEC6,2026-01-20T19:58:39.155176968Z,01KFEFG8GX8B9102EGAWCJ2ZB0,2026-01-20T19:58:39.155176968Z,01KFEFNGZ25FXTWVFV2YVZGTFY,2026-01-20T19:58:39.155176968Z
01KFEHS31YM0Y3BWZB52ZQQ7ND,01KFEHA1MRJDJA6FNTED28Z8HF,2026-01-20T20:33:14.302401118Z,10,2026-01-20T20:33:25.232138217Z,B,2026-01-20T20:33:25.199229244Z,01KFEHA1QDYX27N1S60Z95NKD9,2026-01-20T20:33:14.302401118Z,01KFEHF7572SXHJWAG2WR57G7K,2026-01-20T20:33:14.302401118Z,01KFEHQRYYAP94CRJREW5ZYNXS,2026-01-20T20:33:14.302401118Z
01KFEJZ3RQ0N0GJ5B2DP0Q9VW7,01KFEHAM72H3ZNN8G0T2BCT79K,2026-01-20T20:54:00.21583988Z,0,2026-01-20T20:54:05.291746012Z,C,2026-01-20T20:54:05.213555778Z,01KFEHAMATV7GY0NQF17M2P0MD,2026-01-20T20:54:00.21583988Z,01KFEJ5D2KZA6HXFGKH7XFG11W,2026-01-20T20:54:00.21583988Z,01KFEJMB1DC53Z2SDRK7SEMWFV,2026-01-20T20:54:00.21583988Z
01KFEK6MW5BW5Y0DQMGFZEFBYA,01KFEJ5CPJ5RGARFNN6Z0PCT4Q,2026-01-20T20:58:07.109412882Z,10,2026-01-20T20:58:11.861284468Z,B,2026-01-20T20:58:11.803067973Z,01KFEJ5CR34Y85488XX0EC4SX7,2026-01-20T20:58:07.109412882Z,01KFEK2CHZEQKJXR4MCNPDS01E,2026-01-20T20:58:07.109412882Z,01KFEK6E804CCEYE84E8440E76,2026-01-20T20:58:07.109412882Z
01KFEE8ESHJRZ2Y8144K6BDZ54,01KFEDCB7P38BTZ4ACVDP6P0XN,2026-01-20T19:31:43.537576411Z,,,B,2026-01-20T19:31:57.207017892Z,01KFEDCB82NKQJQB7S8M7PN58J,2026-01-20T19:31:43.537576411Z,01KFEDSTNN3ERYKBDCSQPQ5BTJ,2026-01-20T19:31:43.537576411Z,01KFEE72S8ADFBJMR6T0XG5RP7,2026-01-20T19:31:43.537576411Z
01KFEEET3HAMY3RHD169A32R5T,01KFEDCB7P38BTZ4ACVDP6P0XN,2026-01-20T19:35:11.729495003Z,0,2026-01-20T19:35:15.869337305Z,A,2026-01-20T19:35:15.852083211Z,01KFEDCB85NRAF0XG25ABR62N5,2026-01-20T19:35:11.729495003Z,01KFEE2GDYZKFQF2HSAA1FMRTA,2026-01-20T19:35:11.729495003Z,01KFEEC6Q3GDAKAWW0S8WVWKM8,2026-01-20T19:35:11.729495003Z
01KFEK12FGM7437P3SJWNSQ5EK,01KFEJ5CPJ5RGARFNN6Z0PCT4Q,2026-01-20T20:55:04.432286565Z,29,2026-01-20T20:55:11.357642271Z,C,2026-01-20T20:55:09.831125082Z,01KFEJ5CRSNMMQKHYMFD35850B,2026-01-20T20:55:04.432286565Z,01KFEJHQKQJTKAV5X447CE3YRT,2026-01-20T20:55:04.432286565Z,01KFEJRTQYW2KVEWPM2EV8H4F0,2026-01-20T20:55:04.432286565Z
01KFEK47A0XBQK4G4KME3NKK0S,01KFEJ5C7H3Z5SGPPT0TCGAEB2,2026-01-20T20:56:47.680581385Z,0,2026-01-20T20:56:51.610466234Z,C,2026-01-20T20:56:51.551635787Z,01KFEJ5C8N149KF44PHZZN9T4C,2026-01-20T20:56:47.680581385Z,01KFEJY9418R2BQRPDT9220F8R,2026-01-20T20:56:47.680581385Z,01KFEK23S6YC48B09MJ7JF9R5V,2026-01-20T20:56:47.680581385Z
01KFEFM26F4DNQ18ZA6Z8NGYHQ,01KFEDC9EK94N2WNCHE5RRQHCJ,2026-01-20T19:55:32.431373678Z,10,2026-01-20T19:55:35.942266404Z,A,2026-01-20T19:55:35.920016859Z,01KFEDC9FF7T49EPA99GZDGH84,2026-01-20T19:55:32.431373678Z,01KFEFB7KJED56AXX5RHJAHZFZ,2026-01-20T19:55:32.431373678Z,01KFEFG2QKMJ6T2ET0NGMTJRCJ,2026-01-20T19:55:32.431373678Z
01KFEHW1V1A4C3RCJRTAQJMKT4,01KFEHA1EJWPRPNCXBTHCF12K2,2026-01-20T20:34:51.361524192Z,0,2026-01-20T20:34:58.24502489Z,C,2026-01-20T20:34:58.18952802Z,01KFEHA1GPSKM8FTTA039GX2FE,2026-01-20T20:34:51.361524192Z,01KFEHHKNYNVTAQQFNDQ02SYYK,2026-01-20T20:34:51.361524192Z,01KFEHRJXZQZ099ENQ9A6Z0P2J,2026-01-20T20:34:51.361524192Z
01KFEJHKVW17FDRKBWRY196RJW,01KFEHAM0SBSN9QYCK4NGJTWCC,2026-01-20T20:46:37.948120733Z,19,2026-01-20T20:46:41.993443538Z,C,2026-01-20T20:46:41.600884287Z,01KFEHAM3ZX2QFEZ4F28QFW79D,2026-01-20T20:46:37.948120733Z,01KFEJ9883X77HA7T3SDA1VF8F,2026-01-20T20:46:37.948120733Z,01KFEJDCRPH0RN87RW5MNRFHRZ,2026-01-20T20:46:37.948120733Z
01KFEJPVRBR8H9XJRRDPGHCH7N,01KFEHAKWNS08RQENHQ36ND5GA,2026-01-20T20:49:29.867909896Z,17,2026-01-20T20:50:40.064130475Z,D,2026-01-20T20:50:35.722647472Z,01KFEHAKXJ10EJRCGF487MPEAV,2026-01-20T20:49:29.867909896Z,01KFEJABGC6P623T7A5G0Q33VP,2026-01-20T20:49:29.867909896Z,01KFEJJPQ3DVN2CXNEB3N80MQB,2026-01-20T20:49:29.867909896Z
01KFEK3VNKKKPXT4MCJES0HNR2,01KFEJ5C7H3Z5SGPPT0TCGAEB2,2026-01-20T20:56:35.763418398Z,0,2026-01-20T20:56:41.651997626Z,A,2026-01-20T20:56:41.593654925Z,01KFEJ5C8N149KF44PHZZN9T4C,2026-01-20T20:56:35.763418398Z,01KFEJY9418R2BQRPDT9220F8R,2026-01-20T20:56:35.763418398Z,01KFEK23TVQF8E0W37BR15C07X,2026-01-20T20:56:35.763418398Z
01KFEHMJWF9MY9EQKCMQG5W94W,01KFEHA1W0DBA89GCQ87GA4EG5,2026-01-20T20:30:46.671510657Z,29,2026-01-20T20:30:50.366952513Z,C,2026-01-20T20:30:47.973764592Z,01KFEHA1ZNDEMMB0DK92YAW8BD,2026-01-20T20:30:46.671510657Z,01KFEHEBSJCV2WCY6FBMMN65A3,2026-01-20T20:30:46.671510657Z,01KFEHHMXG414TME7DFAKZ9EBV,2026-01-20T20:30:46.671510657Z
01KFEHTA84C21825SY5SMXP1CF,01KFEHA1MRJDJA6FNTED28Z8HF,2026-01-20T20:33:54.436619715Z,10,2026-01-20T20:34:00.55385057Z,B,2026-01-20T20:34:00.520532264Z,01KFEHA1QDYX27N1S60Z95NKD9,2026-01-20T20:33:54.436619715Z,01KFEHF7572SXHJWAG2WR57G7K,2026-01-20T20:33:54.436619715Z,01KFEHQRZ92PNK16951YPNVEGB,2026-01-20T20:33:54.436619715Z
01KFEHJ4N2XWCZJS5NN9WZZ3NJ,01KFEDC9EK94N2WNCHE5RRQHCJ,2026-01-20T20:29:26.562519529Z,19,2026-01-20T20:29:36.276716792Z,C,2026-01-20T20:29:36.247621872Z,01KFEDC9FGZ2QQQ39YDAAVXSM4,2026-01-20T20:29:26.562519529Z,01KFEHDSTHHYXMQHJA6EK6PVQT,2026-01-20T20:29:26.562519529Z,01KFEHF2VBFF736KTCBZQQCSPN,2026-01-20T20:29:26.562519529Z
01KFEJMQNYECQ9KBBVH7WSNTBC,01KFEHAM0SBSN9QYCK4NGJTWCC,2026-01-20T20:48:20.158181392Z,10,2026-01-20T20:48:59.244057149Z,B,2026-01-20T20:48:59.177711055Z,01KFEHAM4AZFDTAG8DR1VA4141,2026-01-20T20:48:20.158181392Z,01KFEJFMC7CFQF46Z46BV1EM1Q,2026-01-20T20:48:20.158181392Z,01KFEJMJY9XCRWZ7PJ7S4D56EB,2026-01-20T20:48:20.158181392Z
01KFEJR180NAC99P2HZ04Q6PB0,01KFEHAM0SBSN9QYCK4NGJTWCC,2026-01-20T20:50:08.256657126Z,20,2026-01-20T20:50:22.81602275Z,A,2026-01-20T20:50:13.798270062Z,01KFEHAM4AZFDTAG8DR1VA4141,2026-01-20T20:50:08.256657126Z,01KFEJFMC7CFQF46Z46BV1EM1Q,2026-01-20T20:50:08.256657126Z,01KFEJMJNX26JZ305B8CHZDSCT,2026-01-20T20:50:08.256657126Z
01KFEJYQMCAKZEN56E0D1BGZ1P,01KFEJ5DKDD8ED3R70AXWWV7TA,2026-01-20T20:53:47.78824581Z,17,2026-01-20T20:53:50.301158009Z,D,2026-01-20T20:53:49.384631652Z,01KFEJ5DPFFD934S0E2GQ1B9RR,2026-01-20T20:53:47.78824581Z,01KFEJPRKV9117XEB7P0YJ5NT5,2026-01-20T20:53:47.78824581Z,01KFEJVCXHAW05XAG85BA7ZJ54,2026-01-20T20:53:47.78824581Z
01KFEK7J14F4J8BMNCP60DPSCR,01KFEJ5CPJ5RGARFNN6Z0PCT4Q,2026-01-20T20:58:36.964486894Z,19,2026-01-20T20:58:46.945199175Z,C,2026-01-20T20:58:41.07230029Z,01KFEJ5CR34Y85488XX0EC4SX7,2026-01-20T20:58:36.964486894Z,01KFEK2K0AVWKZA3NW4B793MSN,2026-01-20T20:58:36.964486894Z,01KFEK6E8YMN0PMWFR2RN6P6SA,2026-01-20T20:58:36.964486894Z
01KFEDYZREEFBBBC687R3QEVEK,01KFEDCC1ZHDDN3CP9JWF4PGTF,2026-01-20T19:26:33.230246261Z,29,2026-01-20T19:26:35.285733909Z,C,2026-01-20T19:26:35.247724346Z,01KFEDCC2JDADMPT5RVZQ93BA8,2026-01-20T19:26:33.230246261Z,01KFEDNRR64JDCJYA79FBRE8X8,2026-01-20T19:26:33.230246261Z,01KFEDVKB3W3YVYHTP0ZNB18XR,2026-01-20T19:26:33.230246261Z
01KFEEVVJFF67KHTDKVAQQZ953,01KFEDCCH0VMFH7P25F40PD43N,2026-01-20T19:42:19.21529679Z,17,2026-01-20T19:42:22.176065747Z,D,2026-01-20T19:42:20.797242827Z,01KFEDCCHJADFRJT5F5VJ9ST9F,2026-01-20T19:42:19.21529679Z,01KFEEJDGDWEMZQAHJH9Z7FVC3,2026-01-20T19:42:19.21529679Z,01KFEERHSRZB3Y9G2D4PTRHBTT,2026-01-20T19:42:19.21529679Z
01KFEJX96BMYNEN6VGFTKM5Y91,01KFEHAM72H3ZNN8G0T2BCT79K,2026-01-20T20:53:00.235975196Z,19,2026-01-20T20:53:07.572733803Z,C,2026-01-20T20:53:02.272920711Z,01KFEHAMB21FYRXZN71VHCADQA,2026-01-20T20:53:00.235975196Z,01KFEJA6ZV4RH275A9Q04XR97K,2026-01-20T20:53:00.235975196Z,01KFEJQTQCWFTB5C0YQ1884QY8,2026-01-20T20:53:00.235975196Z
01KFEEGEJWGC470G5G0K111HPF,01KFEDCB7P38BTZ4ACVDP6P0XN,2026-01-20T19:36:05.468682721Z,10,2026-01-20T19:36:10.885066434Z,A,2026-01-20T19:36:06.778176665Z,01KFEDCB85NRAF0XG25ABR62N5,2026-01-20T19:36:05.468682721Z,01KFEE7Q9A8CN1TS35QENG1JN7,2026-01-20T19:36:05.468682721Z,01KFEEC6Q6AEJTT87ZC67RFSSF,2026-01-20T19:36:05.468682721Z
01KFEHSNM09ST11NSZ1TG8TBPR,01KFEHA1MRJDJA6FNTED28Z8HF,2026-01-20T20:33:33.312073611Z,0,2026-01-20T20:33:38.359351085Z,D,2026-01-20T20:33:38.319115647Z,01KFEHA1QDYX27N1S60Z95NKD9,2026-01-20T20:33:33.312073611Z,01KFEHFDNYYM4VRPKVABD0N8W8,2026-01-20T20:33:33.312073611Z,01KFEHQRYTANCYVWF8E85N7MXM,2026-01-20T20:33:33.312073611Z
01KFEJ8R0VM91AD01G8HFCE69G,01KFEHA20TFYVSSENV0N2723W5,2026-01-20T20:41:47.291154329Z,19,2026-01-20T20:42:00.201131984Z,C,2026-01-20T20:41:49.261241292Z,01KFEHA25S6PYJD4DSX1VJG5FE,2026-01-20T20:41:47.291154329Z,01KFEHKBVRWD07VXT4ZKHQQAA6,2026-01-20T20:41:47.291154329Z,01KFEJ3HR03D88K3E0A8S0SB8Q,2026-01-20T20:41:47.291154329Z
01KFEK2JTXZ12YMAV33WXQJ4GJ,01KFEJ5C7H3Z5SGPPT0TCGAEB2,2026-01-20T20:55:53.94966679Z,0,2026-01-20T20:56:07.220773606Z,C,2026-01-20T20:56:07.127274282Z,01KFEJ5C9822567XDA8A9QG0G3,2026-01-20T20:55:53.94966679Z,01KFEJTATNKXCTW38TD0J18TFE,2026-01-20T20:55:53.94966679Z,01KFEK0Q25Y0BVXY2AEZR944FF,2026-01-20T20:55:53.94966679Z
01KFEE4RB71J6EG5PSEJ00EQKB,01KFEDCB0G5KS91T4MD9JTDSA4,2026-01-20T19:29:42.247217633Z,0,2026-01-20T19:29:44.908814047Z,C,2026-01-20T19:29:44.89739763Z,01KFEDCB197E7YMN5STVXKHS22,2026-01-20T19:29:42.247217633Z,01KFEDZFSW9KBCS8VJN8KBS8T4,2026-01-20T19:29:42.247217633Z,01KFEE2FC4VCPQJM9B8WWM8RSA,2026-01-20T19:29:42.247217633Z
01KFEJ0DZHCYHT9HDERNRSTQKE,01KFEHA1W0DBA89GCQ87GA4EG5,2026-01-20T20:37:14.865059262Z,0,2026-01-20T20:37:18.17049939Z,A,2026-01-20T20:37:17.582256609Z,01KFEHA1Z72TJ9J0QENR016CFN,2026-01-20T20:37:14.865059262Z,01KFEHMDY2YXCAA0WMRPTSEKC9,2026-01-20T20:37:14.865059262Z,01KFEHZ0F2X0N0JVN644QXP07A,2026-01-20T20:37:14.865059262Z
01KFEJ0DZAEJYDA4WSPN7REYY3,01KFEHA1W0DBA89GCQ87GA4EG5,2026-01-20T20:37:14.858326946Z,0,2026-01-20T20:37:18.17049939Z,A,2026-01-20T20:37:18.141727899Z,01KFEHA1Z72TJ9J0QENR016CFN,2026-01-20T20:37:14.858326946Z,01KFEHVQ5CHDKKYBKKZ5GXNMKV,2026-01-20T20:37:14.858326946Z,01KFEHZ0F2X0N0JVN644QXP07A,2026-01-20T20:37:14.858326946Z
01KFEJPVDKVAY0RDSHWNBKJTMR,01KFEHAM0SBSN9QYCK4NGJTWCC,2026-01-20T20:49:29.523232764Z,10,2026-01-20T20:49:52.367834133Z,A,2026-01-20T20:49:52.320276962Z,01KFEHAM4AZFDTAG8DR1VA4141,2026-01-20T20:49:29.523232764Z,01KFEJAS01H74KYS8N629S6DTN,2026-01-20T20:49:29.523232764Z,01KFEJMJXQJDQBZGTEJYJXP6BH,2026-01-20T20:49:29.523232764Z
01KFEFHVB4NG46R1H9TBZXGQC9,01KFEDCAVEZK3QD8ZFC2PP83WE,2026-01-20T19:54:19.876574291Z,29,2026-01-20T19:54:24.866737747Z,C,2026-01-20T19:54:24.839309619Z,01KFEDCAVXCN1BR0PV518R81QD,2026-01-20T19:54:19.876574291Z,01KFEFAMDQ915GZ68HPFMQXZ9N,2026-01-20T19:54:19.876574291Z,01KFEFE5TBNFV556820XW9T37K,2026-01-20T19:54:19.876574291Z
01KFEHMPST6BA7VEG6AQRRDGD3,01KFEHA1MRJDJA6FNTED28Z8HF,2026-01-20T20:30:50.682791348Z,0,2026-01-20T20:30:54.528617754Z,C,2026-01-20T20:30:54.512106267Z,01KFEHA1R32D8V3SKQA6BEDXA8,2026-01-20T20:30:50.682791348Z,01KFEHAKHNEWG0MCGFJGNXPB10,2026-01-20T20:30:50.682791348Z,01KFEHGC8ZMSQ0HSNRV9JMXR2W,2026-01-20T20:30:50.682791348Z
01KFEHSG73NQG960T7JVC4Q2GE,01KFEHA1MRJDJA6FNTED28Z8HF,2026-01-20T20:33:27.779909315Z,20,2026-01-20T20:33:39.441615027Z,B,2026-01-20T20:33:31.453993612Z,01KFEHA1QMX5DYGHPSSSP2RXXX,2026-01-20T20:33:27.779909315Z,01KFEHH299EZ808S0B86915EW8,2026-01-20T20:33:27.779909315Z,01KFEHR2ZN40B2VT9XZXB0FQ43,2026-01-20T20:33:27.779909315Z
01KFEJ10PCN74J0PXNMCDW4GVR,01KFEHA1W0DBA89GCQ87GA4EG5,2026-01-20T20:37:34.028896556Z,0,2026-01-20T20:37:43.027262089Z,B,2026-01-20T20:37:42.996132454Z,01KFEHA1ZSVYK8DGYZZSV53FQM,2026-01-20T20:37:34.028896556Z,01KFEHKWX6S3CRVA3YVBJBPSWT,2026-01-20T20:37:34.028896556Z,01KFEHWYVG2VXN87C17A1G5R00,2026-01-20T20:37:34.028896556Z
01KFEJE9YNSBGX7H5KZRDKZJBF,01KFEHAM0SBSN9QYCK4NGJTWCC,2026-01-20T20:44:49.493460377Z,0,2026-01-20T20:44:57.54923646Z,B,2026-01-20T20:44:54.861291746Z,01KFEHAM3ZX2QFEZ4F28QFW79D,2026-01-20T20:44:49.493460377Z,01KFEJ9883X77HA7T3SDA1VF8F,2026-01-20T20:44:49.493460377Z,01KFEJDCPEHAMFN7YYTJ618NS2,2026-01-20T20:44:49.493460377Z
01KFEE0NVZJ70M9V0NFKG47SNM,01KFEDCC1ZHDDN3CP9JWF4PGTF,2026-01-20T19:27:28.63974373Z,0,2026-01-20T19:27:32.942842131Z,B,2026-01-20T19:27:31.000176047Z,01KFEDCC2JDADMPT5RVP2N7S0X,2026-01-20T19:27:28.63974373Z,01KFEDNQAB8C2AFG7D4ZXA4K64,2026-01-20T19:27:28.63974373Z,01KFEDZ32HPS4WKB1C8GMCNP59,2026-01-20T19:27:28.63974373Z
01KFEEX0PKPHH5H0PGD9N96F12,01KFEDCCAW3ZY6KSKNHTKZ971F,2026-01-20T19:42:57.235649376Z,0,2026-01-20T19:43:04.371474234Z,C,2026-01-20T19:43:03.086711362Z,01KFEDCCBE716PRHN8Q6NQV6ZT,2026-01-20T19:42:57.235649376Z,01KFEEMXPGKZB6AS6D6H40GZ8R,2026-01-20T19:42:57.235649376Z,01KFEEV7VX3GR1E3DZCJGDMB43,2026-01-20T19:42:57.235649376Z
01KFEJVJFS00TV1KGTPVBVX3YN,01KFEJ5DKDD8ED3R70AXWWV7TA,2026-01-20T20:52:04.217642816Z,29,2026-01-20T20:52:21.374133908Z,C,2026-01-20T20:52:13.581462254Z,01KFEJ5DPFFD934S0E2GQ1B9RR,2026-01-20T20:52:04.217642816Z,01KFEJPRKV9117XEB7P0YJ5NT5,2026-01-20T20:52:04.217642816Z,01KFEJVD1BVNTKRYDRCVQW2TFS,2026-01-20T20:52:04.217642816Z
01KFEFJ6T8FECWSG6ARYTC5VJF,01KFEDCCH0VMFH7P25F40PD43N,2026-01-20T19:54:31.624608704Z,0,2026-01-20T19:54:39.116755031Z,C,2026-01-20T19:54:35.873853745Z,01KFEDCCHGZS8158VZSSNCZZHP,2026-01-20T19:54:31.624608704Z,01KFEEV98ZBZT7VKKTGE1Q7XAV,2026-01-20T19:54:31.624608704Z,01KFEFDRSM08QE71XQ680125TF,2026-01-20T19:54:31.624608704Z
01KFEJTBNC9XRTG185N39CRFM4,01KFEHAKWNS08RQENHQ36ND5GA,2026-01-20T20:51:24.460323975Z,,,C,2026-01-20T20:51:29.972777009Z,01KFEHAKXJ10EJRCGF487MPEAV,2026-01-20T20:51:24.460323975Z,01KFEJABGC6P623T7A5G0Q33VP,2026-01-20T20:51:24.460323975Z,01KFEJJPRM7GB0A2TBPVQEQMQP,2026-01-20T20:51:24.460323975Z
01KFEE64G1J7Y5063F54RN6TA1,01KFEDCB0G5KS91T4MD9JTDSA4,2026-01-20T19:30:27.45780796Z,10,2026-01-20T19:30:31.828090239Z,B,2026-01-20T19:30:31.815160506Z,01KFEDCB197E7YMN5STVXKHS22,2026-01-20T19:30:27.45780796Z,01KFEDRBWHPV4A332ZXM2PZSR4,2026-01-20T19:30:27.45780796Z,01KFEE2FBXEWV16GWAXSET8CNM,2026-01-20T19:30:27.45780796Z
01KFEHYSWECYY4PPQ3GG0TSVVB,01KFEHA1EJWPRPNCXBTHCF12K2,2026-01-20T20:36:21.518673757Z,17,2026-01-20T20:36:25.362053104Z,D,2026-01-20T20:36:25.325736364Z,01KFEHA1GPSKM8FTTA039GX2FE,2026-01-20T20:36:21.518673757Z,01KFEHHKNYNVTAQQFNDQ02SYYK,2026-01-20T20:36:21.518673757Z,01KFEHRJYV21B205R6XWZR6S31,2026-01-20T20:36:21.518673757Z
01KFEJR0ZW0SNAAY03X9F8EXAN,01KFEHAM72H3ZNN8G0T2BCT79K,2026-01-20T20:50:07.996321042Z,19,2026-01-20T20:50:25.656314925Z,C,2026-01-20T20:50:22.942186433Z,01KFEHAMB21FYRXZN71VHCADQA,2026-01-20T20:50:07.996321042Z,01KFEJA6ZV4RH275A9Q04XR97K,2026-01-20T20:50:07.996321042Z,01KFEJQTD9PESGMM4N7JNK4H7B,2026-01-20T20:50:07.996321042Z
01KFEJYKY4C9AQE6D7X9WXDVF0,01KFEJ5E832Q64ZNG3ZKPXGHJ5,2026-01-20T20:53:44.004323027Z,29,2026-01-20T20:53:49.9372481Z,C,2026-01-20T20:53:46.138839211Z,01KFEJ5EA7VXFPKNKHCS7D0Y4Z,2026-01-20T20:53:44.004323027Z,01KFEJNVB651FPQEK7J4Z5SF1P,2026-01-20T20:53:44.004323027Z,01KFEJW1XPFZWCPZCC35MX21GZ,2026-01-20T20:53:44.004323027Z
01KFEJYWN64MR1DEAAKRNP9S3N,01KFEJ5DKDD8ED3R70AXWWV7TA,2026-01-20T20:53:52.93433953Z,17,2026-01-20T20:53:54.852282191Z,D,2026-01-20T20:53:53.972959457Z,01KFEJ5DPFFD934S0E2GQ1B9RR,2026-01-20T20:53:52.93433953Z,01KFEJPRKV9117XEB7P0YJ5NT5,2026-01-20T20:53:52.93433953Z,01KFEJVCY5E3NBVHMJHBJC0CX9,2026-01-20T20:53:52.93433953Z
01KFEDXYDJEP3B0HS02FDGKY6N,01KFEDCC1ZHDDN3CP9JWF4PGTF,2026-01-20T19:25:59.090298094Z,29,2026-01-20T19:26:01.932181527Z,C,2026-01-20T19:26:01.916502456Z,01KFEDCC2JDADMPT5RVZQ93BA8,2026-01-20T19:25:59.090298094Z,01KFEDNRR64JDCJYA79FBRE8X8,2026-01-20T19:25:59.090298094Z,01KFEDVKB5NFPV0X6HD7GJNNBC,2026-01-20T19:25:59.090298094Z
01KFEHF4NRJMB3HDECE4XAYJ4W,01KFEDC9EK94N2WNCHE5RRQHCJ,2026-01-20T20:27:48.280950116Z,29,2026-01-20T20:27:57.646966119Z,C,2026-01-20T20:27:53.970729805Z,01KFEDC9FGZ2QQQ39YDAAVXSM4,2026-01-20T20:27:48.280950116Z,01KFEHDSTHHYXMQHJA6EK6PVQT,2026-01-20T20:27:48.280950116Z,01KFEHF2TAP9NM8QW80A1YV23P,2026-01-20T20:27:48.280950116Z
01KFEE21HCFYMG9JA95MV7558K,01KFEDCB0G5KS91T4MD9JTDSA4,2026-01-20T19:28:13.356587577Z,0,2026-01-20T19:28:23.501158724Z,C,2026-01-20T19:28:23.481433965Z,01KFEDCB139KMAVWQ3WS54614D,2026-01-20T19:28:13.356587577Z,01KFEDPNDSVSXFTW3Z2GG851YR,2026-01-20T19:28:13.356587577Z,01KFEE0HE6GR2B1HT86H6CNGW9,2026-01-20T19:28:13.356587577Z
01KFEJKTSY57M58KX2G2CQ1DZ5,01KFEHAM0SBSN9QYCK4NGJTWCC,2026-01-20T20:47:50.590077929Z,7,2026-01-20T20:47:55.364199401Z,D,2026-01-20T20:47:55.304583757Z,01KFEHAM45R1366856G6A2WGHZ,2026-01-20T20:47:50.590077929Z,01KFEHW1PTS6VD3Q9W69X0CC7S,2026-01-20T20:47:50.590077929Z,01KFEJBBT30ZH34V66TAVX861N,2026-01-20T20:47:50.590077929Z
01KFEJEN5BGWT1FYJCXJA3XXYJ,01KFEHAM0SBSN9QYCK4NGJTWCC,2026-01-20T20:45:00.971779336Z,0,2026-01-20T20:45:04.98278985Z,A,2026-01-20T20:45:04.416666211Z,01KFEHAM3ZX2QFEZ4F28QFW79D,2026-01-20T20:45:00.971779336Z,01KFEJ9883X77HA7T3SDA1VF8F,2026-01-20T20:45:00.971779336Z,01KFEJDCP17X3MJFAW75P0MHZ5,2026-01-20T20:45:00.971779336Z
01KFEJXATJDR15WBFT0KT60JVY,01KFEHAM72H3ZNN8G0T2BCT79K,2026-01-20T20:53:01.906627402Z,10,2026-01-20T20:53:08.889975469Z,A,2026-01-20T20:53:07.818001543Z,01KFEHAMATV7GY0NQF17M2P0MD,2026-01-20T20:53:01.906627402Z,01KFEJ5D2KZA6HXFGKH7XFG11W,2026-01-20T20:53:01.906627402Z,01KFEJMAZRDM3XAHTJ5VZ0RJ4K,2026-01-20T20:53:01.906627402Z
01KFEK0X98H22X9A2KAES8J764,01KFEJ5C7H3Z5SGPPT0TCGAEB2,2026-01-20T20:54:59.112651234Z,0,2026-01-20T20:55:12.123095093Z,B,2026-01-20T20:55:11.906477898Z,01KFEJ5C9822567XDA8A9QG0G3,2026-01-20T20:54:59.112651234Z,01KFEJRM0CNFF8YTKCA6JC16CE,2026-01-20T20:54:59.112651234Z,01KFEK0PZ5180C9D005PK1WQSG,2026-01-20T20:54:59.112651234Z
01KFEEMDHJYS9M19PG9D9H972T,01KFEDCCAW3ZY6KSKNHTKZ971F,2026-01-20T19:38:15.474785243Z,10,2026-01-20T19:38:26.800847762Z,B,2026-01-20T19:38:18.865592628Z,01KFEDCCBDJ82W4YK2PN7VDTAX,2026-01-20T19:38:15.474785243Z,01KFEE85J92QXNE2691FZPHW2Z,2026-01-20T19:38:15.474785243Z,01KFEEE80B9EEK32J6THRZ7JY9,2026-01-20T19:38:15.474785243Z
01KFEHFZ4PXGAX68RD7HS8X04F,01KFEDC9EK94N2WNCHE5RRQHCJ,2026-01-20T20:28:15.382656064Z,29,2026-01-20T20:28:23.038391048Z,C,2026-01-20T20:28:20.136955914Z,01KFEDC9FGZ2QQQ39YDAAVXSM4,2026-01-20T20:28:15.382656064Z,01KFEHDSTHHYXMQHJA6EK6PVQT,2026-01-20T20:28:15.382656064Z,01KFEHF2TP77QWYZT7H8W0ZYE0,2026-01-20T20:28:15.382656064Z
01KFEJ9C2DPD70YTZN3TJ2ST1N,01KFEHAKK9QMW81MWT2FF1CSZA,2026-01-20T20:42:07.821069101Z,10,2026-01-20T20:42:18.033607684Z,A,2026-01-20T20:42:13.501660679Z,01KFEHAKMDAJRN7M0QA4VDJCGY,2026-01-20T20:42:07.821069101Z,01KFEHS8J7P9EEBTK2FBSRFBQT,2026-01-20T20:42:07.821069101Z,01KFEJ2SJTRZFYTAXMXEE66TEH,2026-01-20T20:42:07.821069101Z
01KFEJHBSQQW20BRAYJJGA5V8V,01KFEHAM0SBSN9QYCK4NGJTWCC,2026-01-20T20:46:29.687968203Z,7,2026-01-20T20:46:33.800201972Z,D,2026-01-20T20:46:33.106686568Z,01KFEHAM45R1366856G6A2WGHZ,2026-01-20T20:46:29.687968203Z,01KFEHYH6DP091MJE3KD0CRNR1,2026-01-20T20:46:29.687968203Z,01KFEJBBR36ZX8JEAX2QD40409,2026-01-20T20:46:29.687968203Z
01KFEJMXTWNF0074RKDVZ9J0ZR,01KFEHAKWNS08RQENHQ36ND5GA,2026-01-20T20:48:26.460111792Z,0,2026-01-20T20:48:50.44976752Z,B,2026-01-20T20:48:50.387362734Z,01KFEHAKXJ10EJRCGF487MPEAV,2026-01-20T20:48:26.460111792Z,01KFEJDH8B1YH8ZGFS5HMW6SF6,2026-01-20T20:48:26.460111792Z,01KFEJJPP3AHKNP5GTVZH6BD4D,2026-01-20T20:48:26.460111792Z
01KFEJZG8E65M7JYZE3CB4XCFR,01KFEHAM72H3ZNN8G0T2BCT79K,2026-01-20T20:54:13.006948625Z,19,2026-01-20T20:54:16.371219003Z,C,2026-01-20T20:54:15.477159976Z,01KFEHAMATV7GY0NQF17M2P0MD,2026-01-20T20:54:13.006948625Z,01KFEJ9C86SAQ3FA5GXN0A1JWJ,2026-01-20T20:54:13.006948625Z,01KFEJMB1Z32QWFASN5DA3QT5F,2026-01-20T20:54:13.006948625Z
01KFEHQ9GME575BRZQ504G8QRY,01KFEHA1EJWPRPNCXBTHCF12K2,2026-01-20T20:32:15.380059324Z,20,2026-01-20T20:32:20.800723347Z,A,2026-01-20T20:32:20.76990884Z,01KFEHA1GDXTPSA0SX8CRPX47C,2026-01-20T20:32:15.380059324Z,01KFEHFHGVMZZ35F5CSBQJBJM3,2026-01-20T20:32:15.380059324Z,01KFEHNSDYGDJ3GSJAYWHNGV5W,2026-01-20T20:32:15.380059324Z
01KFEJ3T7Q2XD8S6AJ34ERRJD0,01KFEHA1W0DBA89GCQ87GA4EG5,2026-01-20T20:39:05.719839185Z,29,2026-01-20T20:39:38.550303697Z,C,2026-01-20T20:39:38.507479231Z,01KFEHA1ZSVYK8DGYZZSV53FQM,2026-01-20T20:39:05.719839185Z,01KFEHKWX6S3CRVA3YVBJBPSWT,2026-01-20T20:39:05.719839185Z,01KFEHWYX3WSM3564M3QJG117T,2026-01-20T20:39:05.719839185Z
01KFEHS0WNX7DYAR7456NXWBXM,01KFEHA1EJWPRPNCXBTHCF12K2,2026-01-20T20:33:12.086109917Z,0,2026-01-20T20:33:14.100714236Z,A,2026-01-20T20:33:13.633270299Z,01KFEHA1GDXTPSA0SX8CRPX47C,2026-01-20T20:33:12.086109917Z,01KFEHFHGVMZZ35F5CSBQJBJM3,2026-01-20T20:33:12.086109917Z,01KFEHNSFCPMM7FSRASSMTWFCY,2026-01-20T20:33:12.086109917Z
01KFEHT9Q6AY8TW7E2B7TKRNBQ,01KFEHA1EJWPRPNCXBTHCF12K2,2026-01-20T20:33:53.894084236Z,29,2026-01-20T20:33:57.275262126Z,C,2026-01-20T20:33:57.241277912Z,01KFEHA1GPSKM8FTTA039GX2FE,2026-01-20T20:33:53.894084236Z,01KFEHHKNYNVTAQQFNDQ02SYYK,2026-01-20T20:33:53.894084236Z,01KFEHRJWYGAG3TQYMQ22MKBNW,2026-01-20T20:33:53.894084236Z
01KFEHW8PWKSMHRFGN44W73FG8,01KFEHA1MRJDJA6FNTED28Z8HF,2026-01-20T20:34:58.396166102Z,10,2026-01-20T20:35:01.278885938Z,B,2026-01-20T20:35:01.214399375Z,01KFEHA1QYV2E8SAEFNEHYNVTN,2026-01-20T20:34:58.396166102Z,01KFEHKCW5X4CR8DBAYXY74YGJ,2026-01-20T20:34:58.396166102Z,01KFEHSJHDFMDQE97PZDNY5730,2026-01-20T20:34:58.396166102Z
01KFEE33P97NZQKV739NZK2BYX,01KFEDCB0G5KS91T4MD9JTDSA4,2026-01-20T19:28:48.329408606Z,20,2026-01-20T19:28:55.389113336Z,B,2026-01-20T19:28:55.344782485Z,01KFEDCB139KMAVWQ3WS54614D,2026-01-20T19:28:48.329408606Z,01KFEDPNDSVSXFTW3Z2GG851YR,2026-01-20T19:28:48.329408606Z,01KFEE0HE92QGJTW2G80AK2CV0,2026-01-20T19:28:48.329408606Z
01KFEHK8P1FXPCV1B3JR7MZ218,01KFEHA1W0DBA89GCQ87GA4EG5,2026-01-20T20:30:03.457999411Z,17,2026-01-20T20:30:15.590773276Z,D,2026-01-20T20:30:15.571853383Z,01KFEHA1ZNDEMMB0DK92YAW8BD,2026-01-20T20:30:03.457999411Z,01KFEHAFP87N0FEFRCAHH2V652,2026-01-20T20:30:03.457999411Z,01KFEHHMWZ87G9B0Z91CK05N0A,2026-01-20T20:30:03.457999411Z
01KFEJT01CGKPPPXQG52GKMMXC,01KFEHAM0SBSN9QYCK4NGJTWCC,2026-01-20T20:51:12.55681045Z,20,2026-01-20T20:51:24.00020551Z,B,2026-01-20T20:51:19.465285738Z,01KFEHAM4AZFDTAG8DR1VA4141,2026-01-20T20:51:12.55681045Z,01KFEJFMC7CFQF46Z46BV1EM1Q,2026-01-20T20:51:12.55681045Z,01KFEJMJQ9A9CK99Z7785SQR5W,2026-01-20T20:51:12.55681045Z
01KFEJB6Q2RV14VFG948XHM2D2,01KFEHA20TFYVSSENV0N2723W5,2026-01-20T20:43:07.874780378Z,20,2026-01-20T20:43:10.110326762Z,A,2026-01-20T20:43:10.059405644Z,01KFEHA25S6PYJD4DSX1VJG5FE,2026-01-20T20:43:07.874780378Z,01KFEHWFN7B5ZY9MX1Q0P1B17R,2026-01-20T20:43:07.874780378Z,01KFEJ3HSQ58B4VJYNF657ZZ6Y,2026-01-20T20:43:07.874780378Z
01KFEJTAVGEH0ZBN124QV92DCT,01KFEJ5D47V2DPV4P7KW69CWA7,2026-01-20T20:51:23.632827964Z,,,,,01KFEJ5D6622PF5PX4G3KZTAZK,2026-01-20T20:51:23.632827964Z,01KFEJGMWYKJ8PF16BVCCB3HHY,2026-01-20T20:51:23.632827964Z,01KFEJT5J3HD1JX4M4H5R95YR0,2026-01-20T20:51:23.632827964Z
01KFEDXM5M6Z055Q89ZKM1X7V1,01KFEDCC1ZHDDN3CP9JWF4PGTF,2026-01-20T19:25:48.596323101Z,29,2026-01-20T19:25:51.724666508Z,C,2026-01-20T19:25:51.511177491Z,01KFEDCC2JDADMPT5RVZQ93BA8,2026-01-20T19:25:48.596323101Z,01KFEDNRR64JDCJYA79FBRE8X8,2026-01-20T19:25:48.596323101Z,01KFEDVKB4B3RTD43XQ7C4MSTX,2026-01-20T19:25:48.596323101Z
01KFEFJYEZRMHXCX6YM3N5117J,01KFEDCAVEZK3QD8ZFC2PP83WE,2026-01-20T19:54:55.839396341Z,10,2026-01-20T19:54:58.562846717Z,B,2026-01-20T19:54:57.715900325Z,01KFEDCAVZJC7DD4AH1RF6NR9W,2026-01-20T19:54:55.839396341Z,01KFEF0XCN2JDQQD559T0PP43B,2026-01-20T19:54:55.839396341Z,01KFEFFP4P5GKWJQD5T1PNYS4R,2026-01-20T19:54:55.839396341Z
01KFEHJ0EHDKQ2K8V10G70QBAN,01KFEHA1EJWPRPNCXBTHCF12K2,2026-01-20T20:29:22.258007561Z,10,2026-01-20T20:29:25.372589016Z,A,2026-01-20T20:29:25.345284172Z,01KFEHA1GK3DQ7TRWFWA7J267H,2026-01-20T20:29:22.258007561Z,01KFEHBP1ZE2AV6NAD8SG9ZGBW,2026-01-20T20:29:22.258007561Z,01KFEHFC1N0SMR3F6X5TQ7P3Q0,2026-01-20T20:29:22.258007561Z
01KFEHMJWNMH4D18K8SBBYQ5WV,01KFEHA1W0DBA89GCQ87GA4EG5,2026-01-20T20:30:46.677507445Z,17,2026-01-20T20:30:50.366952513Z,D,2026-01-20T20:30:50.348478517Z,01KFEHA1ZNDEMMB0DK92YAW8BD,2026-01-20T20:30:46.677507445Z,01KFEHAFP87N0FEFRCAHH2V652,2026-01-20T20:30:46.677507445Z,01KFEHHMXG414TME7DFAKZ9EBV,2026-01-20T20:30:46.677507445Z
01KFEHNFGQFW9B1EXK1HFBMAY6,01KFEHA1W0DBA89GCQ87GA4EG5,2026-01-20T20:31:15.99138156Z,29,2026-01-20T20:31:17.233166883Z,C,2026-01-20T20:31:17.028985751Z,01KFEHA1ZNDEMMB0DK92YAW8BD,2026-01-20T20:31:15.99138156Z,01KFEHEBSJCV2WCY6FBMMN65A3,2026-01-20T20:31:15.99138156Z,01KFEHHMWAG28DWZ81GREQR3GT,2026-01-20T20:31:15.99138156Z
01KFEHR578RD557F249P6ZTGTE,01KFEHA1EJWPRPNCXBTHCF12K2,2026-01-20T20:32:43.752078765Z,0,2026-01-20T20:32:45.235044929Z,C,2026-01-20T20:32:44.546900187Z,01KFEHA1GDXTPSA0SX8CRPX47C,2026-01-20T20:32:43.752078765Z,01KFEHFHGVMZZ35F5CSBQJBJM3,2026-01-20T20:32:43.752078765Z,01KFEHNSEJ5TEJVZH54JBED297,2026-01-20T20:32:43.752078765Z
01KFEHV96YYGAXX4JS7PK8512R,01KFEHA1MRJDJA6FNTED28Z8HF,2026-01-20T20:34:26.142850465Z,0,2026-01-20T20:34:32.22165107Z,D,2026-01-20T20:34:32.185531579Z,01KFEHA1QDYX27N1S60Z95NKD9,2026-01-20T20:34:26.142850465Z,01KFEHF7572SXHJWAG2WR57G7K,2026-01-20T20:34:26.142850465Z,01KFEHQRZQ03J2CQH22A1WKWGS,2026-01-20T20:34:26.142850465Z
01KFEJ129P14Z97WE1ZC50YBB1,01KFEHA1W0DBA89GCQ87GA4EG5,2026-01-20T20:37:35.670818817Z,0,2026-01-20T20:37:40.558982372Z,C,2026-01-20T20:37:40.520185907Z,01KFEHA1Z72TJ9J0QENR016CFN,2026-01-20T20:37:35.670818817Z,01KFEHMDY2YXCAA0WMRPTSEKC9,2026-01-20T20:37:35.670818817Z,01KFEHZ0FB2M9VQXNX1PF3WEJF,2026-01-20T20:37:35.670818817Z
01KFEEDT3K0SRBV1TER6ATWPHQ,01KFEDCB0G5KS91T4MD9JTDSA4,2026-01-20T19:34:38.963492827Z,10,2026-01-20T19:34:44.30966446Z,A,2026-01-20T19:34:41.890520476Z,01KFEDCB15BD0TYD7H0V6YZGSZ,2026-01-20T19:34:38.963492827Z,01KFEE07X889KRR9ZR3BVZBWD6,2026-01-20T19:34:38.963492827Z,01KFEE9KKW5V756T280WX4GB6B,2026-01-20T19:34:38.963492827Z
01KFEFHC3YFG4KG5MWFA1M5P8X,01KFEDCCH0VMFH7P25F40PD43N,2026-01-20T19:54:04.286232794Z,20,2026-01-20T19:54:07.142254781Z,B,2026-01-20T19:54:05.632618797Z,01KFEDCCHH44R979H37GT2B68J,2026-01-20T19:54:04.286232794Z,01KFEF0J7C8417B13N1313JGSZ,2026-01-20T19:54:04.286232794Z,01KFEFDZD56AT8TRNR4EF23YW7,2026-01-20T19:54:04.286232794Z
01KFEJC2V60RRBXQ6D1577058K,01KFEHAKK9QMW81MWT2FF1CSZA,2026-01-20T20:43:36.678203594Z,19,2026-01-20T20:43:40.405719838Z,C,2026-01-20T20:43:40.368696149Z,01KFEHAKMDAJRN7M0QA4VDJCGY,2026-01-20T20:43:36.678203594Z,01KFEHW86W3STHQPDAT1BP1CXX,2026-01-20T20:43:36.678203594Z,01KFEJ2SMQX5SC8F4KRDRSD2HX,2026-01-20T20:43:36.678203594Z
01KFEHSAVTX0YVS0J5GCF54ZYG,01KFEHA1EJWPRPNCXBTHCF12K2,2026-01-20T20:33:22.29871794Z,0,2026-01-20T20:33:24.863389008Z,C,2026-01-20T20:33:23.571357348Z,01KFEHA1GDXTPSA0SX8CRPX47C,2026-01-20T20:33:22.29871794Z,01KFEHFHGVMZZ35F5CSBQJBJM3,2026-01-20T20:33:22.29871794Z,01KFEHNSFMGD4EFTM0B7YK2QCJ,2026-01-20T20:33:22.29871794Z
01KFEJT26X5EDXF7RWCCDNM4FE,01KFEHAM72H3ZNN8G0T2BCT79K,2026-01-20T20:51:14.781707897Z,10,2026-01-20T20:51:24.105250043Z,A,2026-01-20T20:51:21.461620655Z,01KFEHAMB21FYRXZN71VHCADQA,2026-01-20T20:51:14.781707897Z,01KFEJA6ZV4RH275A9Q04XR97K,2026-01-20T20:51:14.781707897Z,01KFEJQTGH74Z5N9ZYKN98QS9P,2026-01-20T20:51:14.781707897Z
01KFEJXHWCXDBC4RZCRX4ASGMX,01KFEHAM0SBSN9QYCK4NGJTWCC,2026-01-20T20:53:09.132693785Z,0,2026-01-20T20:53:14.437724065Z,A,2026-01-20T20:53:13.351841177Z,01KFEHAM4AZFDTAG8DR1VA4141,2026-01-20T20:53:09.132693785Z,01KFEJAS01H74KYS8N629S6DTN,2026-01-20T20:53:09.132693785Z,01KFEJMJTEAESQ2Q8PHNRKY5NV,2026-01-20T20:53:09.132693785Z
01KFEK0E6W34A4AW4GT7J967VW,01KFEJ5E832Q64ZNG3ZKPXGHJ5,2026-01-20T20:54:43.676501044Z,,,,,01KFEJ5EA7VXFPKNKHCS7D0Y4Z,2026-01-20T20:54:43.676501044Z,01KFEJKEAF3XNAWTVE8VCNKJXS,2026-01-20T20:54:43.676501044Z,01KFEJW20K4B6Z00Q8ZCM5F90E,2026-01-20T20:54:43.676501044Z
01KFEE5EZ78G2W3XPSPBTKVJN2,01KFEDCB0G5KS91T4MD9JTDSA4,2026-01-20T19:30:05.415580237Z,10,2026-01-20T19:30:07.927014928Z,B,2026-01-20T19:30:07.629375983Z,01KFEDCB197E7YMN5STVXKHS22,2026-01-20T19:30:05.415580237Z,01KFEDRBWHPV4A332ZXM2PZSR4,2026-01-20T19:30:05.415580237Z,01KFEE2FBZGHEGRB6VKW9K009N,2026-01-20T19:30:05.415580237Z
01KFEENVVA1YRR5JMV26FP99Z9,01KFEDCCAW3ZY6KSKNHTKZ971F,2026-01-20T19:39:02.890252976Z,0,2026-01-20T19:39:08.269497124Z,C,2026-01-20T19:39:05.119397343Z,01KFEDCCBDJ82W4YK2PN7VDTAX,2026-01-20T19:39:02.890252976Z,01KFEE85J92QXNE2691FZPHW2Z,2026-01-20T19:39:02.890252976Z,01KFEEE80FXX9G4QM64BEV7JVD,2026-01-20T19:39:02.890252976Z
01KFEHMEDHGWHJZV71FY0690TE,01KFEHA20TFYVSSENV0N2723W5,2026-01-20T20:30:42.097461938Z,20,2026-01-20T20:30:44.147902433Z,A,2026-01-20T20:30:43.230035886Z,01KFEHA25NESP3C46R1STZWY67,2026-01-20T20:30:42.097461938Z,01KFEHE6NX6FXVRTV1KPH8TKWC,2026-01-20T20:30:42.097461938Z,01KFEHHR5503SXZKSZ40XGX5WC,2026-01-20T20:30:42.097461938Z
01KFEJWWX0BQGJDRGR5QTMR4DH,01KFEHAM72H3ZNN8G0T2BCT79K,2026-01-20T20:52:47.648085677Z,0,2026-01-20T20:52:55.860662764Z,B,2026-01-20T20:52:52.869147453Z,01KFEHAMB21FYRXZN71VHCADQA,2026-01-20T20:52:47.648085677Z,01KFEJD79KCD2FZ3DWAFCC6NHA,2026-01-20T20:52:47.648085677Z,01KFEJQTNJGH9ER7YDF9MQRB6F,2026-01-20T20:52:47.648085677Z
01KFEJY10RE75M0FCKH1D2RNZH,01KFEJ5E832Q64ZNG3ZKPXGHJ5,2026-01-20T20:53:24.63278387Z,0,2026-01-20T20:53:29.880821443Z,C,2026-01-20T20:53:29.827781888Z,01KFEJ5EA7VXFPKNKHCS7D0Y4Z,2026-01-20T20:53:24.63278387Z,01KFEJKEAF3XNAWTVE8VCNKJXS,2026-01-20T20:53:24.63278387Z,01KFEJW1VM2GNWT5NPC98TG791,2026-01-20T20:53:24.63278387Z
01KFEEP3PAG9REJ9A4ZR3YBT3N,01KFEDCCAW3ZY6KSKNHTKZ971F,2026-01-20T19:39:10.922159987Z,10,2026-01-20T19:39:15.128722762Z,A,2026-01-20T19:39:15.113367454Z,01KFEDCCBDJ82W4YK2PN7VDTAX,2026-01-20T19:39:10.922159987Z,01KFEE6KZQR5PP1P0PS1XNKJRD,2026-01-20T19:39:10.922159987Z,01KFEEE80HJ94JB8KAH9GNKJFG,2026-01-20T19:39:10.922159987Z
01KFEEWCSD95YXNEBR7M7WW0N2,01KFEDCCH0VMFH7P25F40PD43N,2026-01-20T19:42:36.845665426Z,29,2026-01-20T19:42:39.436972957Z,C,2026-01-20T19:42:39.416605383Z,01KFEDCCHJADFRJT5F5VJ9ST9F,2026-01-20T19:42:36.845665426Z,01KFEEKE9WXRZWBRXYDQ5J10WV,2026-01-20T19:42:36.845665426Z,01KFEERHSMGQP4C2TEV6SKP2Y9,2026-01-20T19:42:36.845665426Z
01KFEJTG5MPB2G7ENBN5X1TYKY,01KFEHAM0SBSN9QYCK4NGJTWCC,2026-01-20T20:51:29.076231113Z,20,2026-01-20T20:51:39.253559084Z,A,2026-01-20T20:51:39.186456066Z,01KFEHAM4AZFDTAG8DR1VA4141,2026-01-20T20:51:29.076231113Z,01KFEJFMC7CFQF46Z46BV1EM1Q,2026-01-20T20:51:29.076231113Z,01KFEJMJQX1ZPH5Q4P7M0G1W0G,2026-01-20T20:51:29.076231113Z
01KFEHX5P6F01410EAQ7A28VX3,01KFEHA1MRJDJA6FNTED28Z8HF,2026-01-20T20:35:28.070081569Z,0,2026-01-20T20:35:33.728064529Z,C,2026-01-20T20:35:31.424579753Z,01KFEHA1QDYX27N1S60Z95NKD9,2026-01-20T20:35:28.070081569Z,01KFEHFDNYYM4VRPKVABD0N8W8,2026-01-20T20:35:28.070081569Z,01KFEHQS0KB4K7S5RDSVX6WG5B,2026-01-20T20:35:28.070081569Z
01KFEJ33NN041B0VKW96CSZ2PK,01KFEHA1W0DBA89GCQ87GA4EG5,2026-01-20T20:38:42.613707761Z,7,2026-01-20T20:38:48.313388182Z,D,2026-01-20T20:38:44.886699352Z,01KFEHA1ZSVYK8DGYZZSV53FQM,2026-01-20T20:38:42.613707761Z,01KFEHMXV04MY34HJYA33HA616,2026-01-20T20:38:42.613707761Z,01KFEHWYXN0B7KTJV0CTBC7BQ0,2026-01-20T20:38:42.613707761Z
01KFEFDTC1PESBNGBRR1FHX550,01KFEDCCH0VMFH7P25F40PD43N,2026-01-20T19:52:07.809890029Z,0,2026-01-20T19:53:02.967363206Z,B,2026-01-20T19:52:15.875628306Z,01KFEDCCHGZS8158VZSSNCZZHP,2026-01-20T19:52:07.809890029Z,01KFEEX55YZNT0B1JFXGKDFM2N,2026-01-20T19:52:07.809890029Z,01KFEFDRRPGKGJ9DC16XDWQZMB,2026-01-20T19:52:07.809890029Z
01KFEFFW7R8WJC5E8XDSSZS4VN,01KFEDCCH0VMFH7P25F40PD43N,2026-01-20T19:53:15.256591967Z,20,2026-01-20T19:53:18.65906914Z,B,2026-01-20T19:53:18.644983139Z,01KFEDCCHH44R979H37GT2B68J,2026-01-20T19:53:15.256591967Z,01KFEF0J7C8417B13N1313JGSZ,2026-01-20T19:53:15.256591967Z,01KFEFDZE61M487NSCED8CQDTP,2026-01-20T19:53:15.256591967Z
01KFEHZKQTR116E70Z4TWDKF0M,01KFEHA1W0DBA89GCQ87GA4EG5,2026-01-20T20:36:47.994352529Z,0,2026-01-20T20:36:55.516288104Z,C,2026-01-20T20:36:51.860942455Z,01KFEHA1ZSVYK8DGYZZSV53FQM,2026-01-20T20:36:47.994352529Z,01KFEHMXV04MY34HJYA33HA616,2026-01-20T20:36:47.994352529Z,01KFEHWYV8HPKZZ6EXCMY9NHA5,2026-01-20T20:36:47.994352529Z
01KFEJGQC80CWNM6H7R7FH751Q,01KFEHAM0SBSN9QYCK4NGJTWCC,2026-01-20T20:46:08.776635291Z,7,2026-01-20T20:46:25.235222104Z,D,2026-01-20T20:46:15.508451485Z,01KFEHAM45R1366856G6A2WGHZ,2026-01-20T20:46:08.776635291Z,01KFEHW1PTS6VD3Q9W69X0CC7S,2026-01-20T20:46:08.776635291Z,01KFEJBBQNJE31AWBBSCQCM6FR,2026-01-20T20:46:08.776635291Z
01KFEJYBT9JG5RPH34ND0MFTS7,01KFEJ5C7H3Z5SGPPT0TCGAEB2,2026-01-20T20:53:35.689398219Z,0,2026-01-20T20:53:44.780213063Z,C,2026-01-20T20:53:44.364485196Z,01KFEJ5C9TA7ZE3V3TA0C9309P,2026-01-20T20:53:35.689398219Z,01KFEJC8857TJ96A66VP2R9ZC5,2026-01-20T20:53:35.689398219Z,01KFEJRA3GYHRM684ZP8GEBYVE,2026-01-20T20:53:35.689398219Z
01KFEDVM60YSHHKK6R5EEZ4TDA,01KFEDCC1ZHDDN3CP9JWF4PGTF,2026-01-20T19:24:43.073013849Z,10,2026-01-20T19:24:57.94641011Z,B,2026-01-20T19:24:52.273971234Z,01KFEDCC2JDADMPT5RVZQ93BA8,2026-01-20T19:24:43.073013849Z,01KFEDNRR64JDCJYA79FBRE8X8,2026-01-20T19:24:43.073013849Z,01KFEDVKAN6FSSWD263NEWHVWT,2026-01-20T19:24:43.073013849Z
01KFEDZEA8K8EX2VRTY5R7CDMQ,01KFEDCC1ZHDDN3CP9JWF4PGTF,2026-01-20T19:26:48.136985499Z,29,2026-01-20T19:26:50.358327934Z,C,2026-01-20T19:26:50.343441318Z,01KFEDCC2JDADMPT5RVZQ93BA8,2026-01-20T19:26:48.136985499Z,01KFEDNRR64JDCJYA79FBRE8X8,2026-01-20T19:26:48.136985499Z,01KFEDVKB11MSG0D27E7NJPF4S,2026-01-20T19:26:48.136985499Z
01KFEHW6DXHK2NADKSTEQ9BQTC,01KFEHA1MRJDJA6FNTED28Z8HF,2026-01-20T20:34:56.061288582Z,20,2026-01-20T20:34:58.516229609Z,B,2026-01-20T20:34:57.869073276Z,01KFEHA1QMX5DYGHPSSSP2RXXX,2026-01-20T20:34:56.061288582Z,01KFEHH299EZ808S0B86915EW8,2026-01-20T20:34:56.061288582Z,01KFEHR31J7TXGAZWPH1HNK6W9,2026-01-20T20:34:56.061288582Z
01KFEHXD9DE1HP26R2EXTPPC3V,01KFEHA1W0DBA89GCQ87GA4EG5,2026-01-20T20:35:35.853792843Z,19,2026-01-20T20:35:40.101136507Z,C,2026-01-20T20:35:40.050555581Z,01KFEHA1YZ8ZAAQFH3AAV34XZC,2026-01-20T20:35:35.853792843Z,01KFEHG3HQKMJV6MDTGGGPAJE2,2026-01-20T20:35:35.853792843Z,01KFEHRCNWBW6EV0VZ5ED15GKK,2026-01-20T20:35:35.853792843Z
01KFEFTTTJYE2KRF27NBX8MJMA,01KFEDCAVEZK3QD8ZFC2PP83WE,2026-01-20T19:59:14.258979385Z,20,2026-01-20T19:59:18.57134178Z,B,2026-01-20T19:59:18.54923082Z,01KFEDCAVZJC7DD4AH1B24TEC6,2026-01-20T19:59:14.258979385Z,01KFEFG8GX8B9102EGAWCJ2ZB0,2026-01-20T19:59:14.258979385Z,01KFEFNGZPVQDEPQ1JQK9SR3ES,2026-01-20T19:59:14.258979385Z
01KFEHK75A6GJ287NGRFT5XV1X,01KFEHA1EJWPRPNCXBTHCF12K2,2026-01-20T20:30:01.898831454Z,10,2026-01-20T20:30:04.591688236Z,B,2026-01-20T20:30:04.204681523Z,01KFEHA1GK3DQ7TRWFWA7J267H,2026-01-20T20:30:01.898831454Z,01KFEHC1N15W3XF2S9JNREZ5AJ,2026-01-20T20:30:01.898831454Z,01KFEHFC24AS0SXVNMRXMCTN70,2026-01-20T20:30:01.898831454Z
01KFEJAJZ5E47NG542X79R3BJ6,01KFEHA20TFYVSSENV0N2723W5,2026-01-20T20:42:47.653796766Z,20,2026-01-20T20:42:52.897661985Z,A,2026-01-20T20:42:49.686136557Z,01KFEHA25S6PYJD4DSX1VJG5FE,2026-01-20T20:42:47.653796766Z,01KFEHWFN7B5ZY9MX1Q0P1B17R,2026-01-20T20:42:47.653796766Z,01KFEJ3HRPDV4G6447T3WN0HTA,2026-01-20T20:42:47.653796766Z
01KFEJMFRRTMEQXP9H9FTYJ5XK,01KFEHAM72H3ZNN8G0T2BCT79K,2026-01-20T20:48:12.056389873Z,10,2026-01-20T20:48:22.867422389Z,B,2026-01-20T20:48:20.775299072Z,01KFEHAMATV7GY0NQF17M2P0MD,2026-01-20T20:48:12.056389873Z,01KFEJ9C86SAQ3FA5GXN0A1JWJ,2026-01-20T20:48:12.056389873Z,01KFEJMATN2TCZTEAYFGFEQWH8,2026-01-20T20:48:12.056389873Z
01KFEK378DERV9Y27RJH5Y5B6R,01KFEJ5CPJ5RGARFNN6Z0PCT4Q,2026-01-20T20:56:14.861071091Z,10,2026-01-20T20:56:19.201952228Z,B,2026-01-20T20:56:18.259782397Z,01KFEJ5CRSNMMQKHYMFD35850B,2026-01-20T20:56:14.861071091Z,01KFEJD683V7BW0EC67T5B9T0M,2026-01-20T20:56:14.861071091Z,01KFEJRTTJ7B9Z0P8ZTF7V09N2,2026-01-20T20:56:14.861071091Z
01KFEHQJT930PFVKE0X47YBWZS,01KFEHA1EJWPRPNCXBTHCF12K2,2026-01-20T20:32:24.905265967Z,7,2026-01-20T20:32:30.539637853Z,D,2026-01-20T20:32:27.186340319Z,01KFEHA1GDXTPSA0SX8CRPX47C,2026-01-20T20:32:24.905265967Z,01KFEHHMSX0QGW7JR1FS9J2AW6,2026-01-20T20:32:24.905265967Z,01KFEHNSE6KQS7M66487G7BMB5,2026-01-20T20:32:24.905265967Z
01KFEJ15P3YTM7KF6F8S4EA195,01KFEHA20TFYVSSENV0N2723W5,2026-01-20T20:37:39.139572681Z,19,2026-01-20T20:38:36.723526895Z,C,2026-01-20T20:38:36.684516527Z,01KFEHA25QS717K28J0SK0Z44C,2026-01-20T20:37:39.139572681Z,01KFEHRJ9VA6B41V2MY68WZGEG,2026-01-20T20:37:39.139572681Z,01KFEHZD8FGTPBV3WVWQVSS8MF,2026-01-20T20:37:39.139572681Z
01KFEHSWVTY0PYC7E3F3E8AGA8,01KFEHA1W0DBA89GCQ87GA4EG5,2026-01-20T20:33:40.730060571Z,7,2026-01-20T20:35:04.003108195Z,D,2026-01-20T20:33:52.154028943Z,01KFEHA1YZ8ZAAQFH3AAV34XZC,2026-01-20T20:33:40.730060571Z,01KFEHGGXHDDWTZD1ZDVCQBBCE,2026-01-20T20:33:40.730060571Z,01KFEHRCN7D2JW5DQC44BXEHKM,2026-01-20T20:33:40.730060571Z
01KFEJZG8X6BJTJ0VY4HMQGF0G,01KFEHAM72H3ZNN8G0T2BCT79K,2026-01-20T20:54:13.021644247Z,10,2026-01-20T20:54:16.371219003Z,A,2026-01-20T20:54:16.2234275Z,01KFEHAMATV7GY0NQF17M2P0MD,2026-01-20T20:54:13.021644247Z,01KFEJ5D2KZA6HXFGKH7XFG11W,2026-01-20T20:54:13.021644247Z,01KFEJMB1Z32QWFASN5DA3QT5F,2026-01-20T20:54:13.021644247Z
01KFEHJG9MEBJZXVBD8SXMVXWM,01KFEHA1EJWPRPNCXBTHCF12K2,2026-01-20T20:29:38.484367711Z,10,2026-01-20T20:29:40.171995491Z,A,2026-01-20T20:29:40.155965946Z,01KFEHA1GK3DQ7TRWFWA7J267H,2026-01-20T20:29:38.484367711Z,01KFEHC1N15W3XF2S9JNREZ5AJ,2026-01-20T20:29:38.484367711Z,01KFEHFC0XTMQ1GMBPPR0V4GF7,2026-01-20T20:29:38.484367711Z
01KFEJA1NE1S60WSB2T779VTXW,01KFEHAKK9QMW81MWT2FF1CSZA,2026-01-20T20:42:29.934144304Z,10,2026-01-20T20:42:36.489657257Z,A,2026-01-20T20:42:35.353347107Z,01KFEHAKMDAJRN7M0QA4VDJCGY,2026-01-20T20:42:29.934144304Z,01KFEHS8J7P9EEBTK2FBSRFBQT,2026-01-20T20:42:29.934144304Z,01KFEJ2SK5JNNBMYHA6BJXJM9N,2026-01-20T20:42:29.934144304Z
01KFEE5A4R1PRZMSZWTGQMKNSK,01KFEDCB0G5KS91T4MD9JTDSA4,2026-01-20T19:30:00.472881933Z,0,2026-01-20T19:30:02.876209171Z,B,2026-01-20T19:30:02.224024857Z,01KFEDCB197E7YMN5STVXKHS22,2026-01-20T19:30:00.472881933Z,01KFEDRBWHPV4A332ZXM2PZSR4,2026-01-20T19:30:00.472881933Z,01KFEE2FC8G91P42YYV0TFY427,2026-01-20T19:30:00.472881933Z
01KFEFFQVD7J4WE04126GTFJJP,01KFEDCAVEZK3QD8ZFC2PP83WE,2026-01-20T19:53:10.765158151Z,0,2026-01-20T19:53:17.075827227Z,C,2026-01-20T19:53:17.057114513Z,01KFEDCAVXCN1BR0PV518R81QD,2026-01-20T19:53:10.765158151Z,01KFEFAMDQ915GZ68HPFMQXZ9N,2026-01-20T19:53:10.765158151Z,01KFEFE5TQ8DFJQWWWD3M95WBV,2026-01-20T19:53:10.765158151Z
01KFEJ5VQPCZPNP6MVX66X164V,01KFEHAKK9QMW81MWT2FF1CSZA,2026-01-20T20:40:12.79100075Z,0,2026-01-20T20:41:37.604333568Z,C,2026-01-20T20:41:37.553233056Z,01KFEHAKMDAJRN7M0QA4VDJCGY,2026-01-20T20:40:12.79100075Z,01KFEHW86W3STHQPDAT1BP1CXX,2026-01-20T20:40:12.79100075Z,01KFEJ2SJEJT0NH9XTTK4C13HZ,2026-01-20T20:40:12.79100075Z
01KFEJJBEV0DHK99YBKM213XY0,01KFEHAKWNS08RQENHQ36ND5GA,2026-01-20T20:47:02.107593921Z,0,2026-01-20T20:47:08.333335377Z,C,2026-01-20T20:47:05.305904093Z,01KFEHAKXZ2D55CPVCZM6D4RJ0,2026-01-20T20:47:02.107593921Z,01KFEJ69D1M16DP7KKF28QP67N,2026-01-20T20:47:02.107593921Z,01KFEJCPXJYPRE6XR453P2SN20,2026-01-20T20:47:02.107593921Z
01KFEJSYB4D57HQ5DNY2XPG26M,01KFEHAM72H3ZNN8G0T2BCT79K,2026-01-20T20:51:10.820643501Z,0,2026-01-20T20:51:44.795628652Z,D,2026-01-20T20:51:14.4702258Z,01KFEHAMATV7GY0NQF17M2P0MD,2026-01-20T20:51:10.820643501Z,01KFEJ5D2KZA6HXFGKH7XFG11W,2026-01-20T20:51:10.820643501Z,01KFEJMAX0TQ60MJGJSECGVXDK,2026-01-20T20:51:10.820643501Z
01KFEE546QQGA3NHZYSHHKXFXR,01KFEDCB0G5KS91T4MD9JTDSA4,2026-01-20T19:29:54.391909742Z,0,2026-01-20T19:29:58.110980663Z,C,2026-01-20T19:29:58.087209624Z,01KFEDCB197E7YMN5STVXKHS22,2026-01-20T19:29:54.391909742Z,01KFEDZFSW9KBCS8VJN8KBS8T4,2026-01-20T19:29:54.391909742Z,01KFEE2FBY4WBMP6SRQVJ7KR9T,2026-01-20T19:29:54.391909742Z
01KFEEYDCT36X4MX1PJ4WRGFZ9,01KFEDCCAW3ZY6KSKNHTKZ971F,2026-01-20T19:43:43.002524561Z,0,2026-01-20T19:43:51.238393804Z,C,2026-01-20T19:43:45.988218679Z,01KFEDCCBE716PRHN8Q6NQV6ZT,2026-01-20T19:43:43.002524561Z,01KFEEMRW7PPKZGT4SNXBV2JSZ,2026-01-20T19:43:43.002524561Z,01KFEEV7WCPG4H395V08SHB953,2026-01-20T19:43:43.002524561Z
01KFEK0E6CH1PV85DGH70TKNRG,01KFEJ5E832Q64ZNG3ZKPXGHJ5,2026-01-20T20:54:43.660170244Z,,,C,2026-01-20T20:54:45.03343888Z,01KFEJ5EA7VXFPKNKHCS7D0Y4Z,2026-01-20T20:54:43.660170244Z,01KFEJNVB651FPQEK7J4Z5SF1P,2026-01-20T20:54:43.660170244Z,01KFEJW20K4B6Z00Q8ZCM5F90E,2026-01-20T20:54:43.660170244Z
01KFEEMDHGZRTW5M16WVBFZFJ3,01KFEDCCAW3ZY6KSKNHTKZ971F,2026-01-20T19:38:15.473090559Z,19,2026-01-20T19:38:26.800847762Z,C,2026-01-20T19:38:26.782585663Z,01KFEDCCBDJ82W4YK2PN7VDTAX,2026-01-20T19:38:15.473090559Z,01KFEE6KZQR5PP1P0PS1XNKJRD,2026-01-20T19:38:15.473090559Z,01KFEEE80B9EEK32J6THRZ7JY9,2026-01-20T19:38:15.473090559Z
01KFEJVX2WESMKD37FBPD3FREC,01KFEJ5C7H3Z5SGPPT0TCGAEB2,2026-01-20T20:52:15.068787716Z,17,2026-01-20T20:52:26.238108915Z,D,2026-01-20T20:52:21.646159568Z,01KFEJ5C9TA7ZE3V3TA0C9309P,2026-01-20T20:52:15.068787716Z,01KFEJDWT7HF2D6BRNBHS3X5TT,2026-01-20T20:52:15.068787716Z,01KFEJRA1FCP7TCF4HJNKB51NS,2026-01-20T20:52:15.068787716Z
01KFEHRNCZGZ5Q5C1D8E18E7MF,01KFEHA1EJWPRPNCXBTHCF12K2,2026-01-20T20:33:00.319460553Z,10,2026-01-20T20:33:02.221792887Z,B,2026-01-20T20:33:02.188542047Z,01KFEHA1GDXTPSA0SX8CRPX47C,2026-01-20T20:33:00.319460553Z,01KFEHHMSX0QGW7JR1FS9J2AW6,2026-01-20T20:33:00.319460553Z,01KFEHNSEZ8DWABBYCERF9QMEY,2026-01-20T20:33:00.319460553Z
01KFEEVG5Q0FCEAPJGWE5SN39K,01KFEDCCH0VMFH7P25F40PD43N,2026-01-20T19:42:07.543567046Z,17,2026-01-20T19:42:12.635495474Z,D,2026-01-20T19:42:09.617386068Z,01KFEDCCHJADFRJT5F5VJ9ST9F,2026-01-20T19:42:07.543567046Z,01KFEEJDGDWEMZQAHJH9Z7FVC3,2026-01-20T19:42:07.543567046Z,01KFEERHSS8YK6G21K7D7ATGBQ,2026-01-20T19:42:07.543567046Z
01KFEFGAB11AYCR276BH6MP1PM,01KFEDCAVEZK3QD8ZFC2PP83WE,2026-01-20T19:53:29.697832292Z,19,2026-01-20T19:53:34.542744625Z,C,2026-01-20T19:53:32.607044111Z,01KFEDCAVXCN1BR0PV518R81QD,2026-01-20T19:53:29.697832292Z,01KFEFAMDQ915GZ68HPFMQXZ9N,2026-01-20T19:53:29.697832292Z,01KFEFE5TH0V9913SST55ZYSE3,2026-01-20T19:53:29.697832292Z
01KFEHWM2QJ70WSQWQGP4XQA13,01KFEHA1MRJDJA6FNTED28Z8HF,2026-01-20T20:35:10.039595111Z,0,2026-01-20T20:35:15.901353547Z,C,2026-01-20T20:35:15.816420491Z,01KFEHA1QDYX27N1S60Z95NKD9,2026-01-20T20:35:10.039595111Z,01KFEHF7572SXHJWAG2WR57G7K,2026-01-20T20:35:10.039595111Z,01KFEHQS0DYR2VNJXKTTWWF6N1,2026-01-20T20:35:10.039595111Z
01KFEJ129ZB0995WPVT7F16G20,01KFEHA1W0DBA89GCQ87GA4EG5,2026-01-20T20:37:35.679459202Z,0,2026-01-20T20:37:40.558982372Z,C,2026-01-20T20:37:40.341276579Z,01KFEHA1Z72TJ9J0QENR016CFN,2026-01-20T20:37:35.679459202Z,01KFEHVQ5CHDKKYBKKZ5GXNMKV,2026-01-20T20:37:35.679459202Z,01KFEHZ0FB2M9VQXNX1PF3WEJF,2026-01-20T20:37:35.679459202Z
01KFEJ227XNH7GQH1KG77NZ1YC,01KFEHA1W0DBA89GCQ87GA4EG5,2026-01-20T20:38:08.381844286Z,10,2026-01-20T20:38:11.469908398Z,A,2026-01-20T20:38:11.440130912Z,01KFEHA1Z72TJ9J0QENR016CFN,2026-01-20T20:38:08.381844286Z,01KFEHMDY2YXCAA0WMRPTSEKC9,2026-01-20T20:38:08.381844286Z,01KFEHZ0GMRH6WF566HVKE80E8,2026-01-20T20:38:08.381844286Z
01KFEJB9Q3T6QT706F4MFKVEP8,01KFEHAKWNS08RQENHQ36ND5GA,2026-01-20T20:43:10.94770604Z,10,2026-01-20T20:43:19.251249375Z,B,2026-01-20T20:43:15.249313707Z,01KFEHAKXRHSJ1AHAHDK0DQA4P,2026-01-20T20:43:10.94770604Z,01KFEJ580QQJEEAZHBCH3CHEAD,2026-01-20T20:43:10.94770604Z,01KFEJ9XN5084169SVTKT439XR,2026-01-20T20:43:10.94770604Z
01KFEJS9MEMKSA37QV1SNJ47G4,01KFEHAM0SBSN9QYCK4NGJTWCC,2026-01-20T20:50:49.614580951Z,19,2026-01-20T20:50:55.274518011Z,C,2026-01-20T20:50:55.217202631Z,01KFEHAM4AZFDTAG8DR1VA4141,2026-01-20T20:50:49.614580951Z,01KFEJAS01H74KYS8N629S6DTN,2026-01-20T20:50:49.614580951Z,01KFEJMJPQBTQ50WP8X5YMXXBN,2026-01-20T20:50:49.614580951Z
01KFEFKHVFCD7N929Z7AF193WZ,01KFEDCCH0VMFH7P25F40PD43N,2026-01-20T19:55:15.695349824Z,17,2026-01-20T19:55:22.005384199Z,D,2026-01-20T19:55:21.978194557Z,01KFEDCCHGZS8158VZSSNCZZHP,2026-01-20T19:55:15.695349824Z,01KFEEV98ZBZT7VKKTGE1Q7XAV,2026-01-20T19:55:15.695349824Z,01KFEFDRSZC0TC2VDQS5ZEQW2K,2026-01-20T19:55:15.695349824Z
01KFEHK3QPGF3GFFPPBGKW4VDD,01KFEHA1MRJDJA6FNTED28Z8HF,2026-01-20T20:29:58.390089826Z,17,2026-01-20T20:29:59.9502126Z,D,2026-01-20T20:29:59.935117858Z,01KFEHA1R32D8V3SKQA6BEDXA8,2026-01-20T20:29:58.390089826Z,01KFEHAKHNEWG0MCGFJGNXPB10,2026-01-20T20:29:58.390089826Z,01KFEHGC777H54HK2P2YHAFFKZ,2026-01-20T20:29:58.390089826Z
01KFEFKY3GBXPK99SF753QKPEP,01KFEDCAVEZK3QD8ZFC2PP83WE,2026-01-20T19:55:28.240952855Z,17,2026-01-20T19:55:32.183643861Z,D,2026-01-20T19:55:30.108141008Z,01KFEDCAVZJC7DD4AH1RF6NR9W,2026-01-20T19:55:28.240952855Z,01KFEFBH5ZZ770WWH7HK9VAC9K,2026-01-20T19:55:28.240952855Z,01KFEFFP3F7CT8CVRZM3S0GJA9,2026-01-20T19:55:28.240952855Z
01KFEFNPH4G5TJ6B42ACD1XFZ9,01KFEDC9EK94N2WNCHE5RRQHCJ,2026-01-20T19:56:26.020671235Z,7,2026-01-20T19:56:29.222021238Z,D,2026-01-20T19:56:27.99195864Z,01KFEDC9FF7T49EPA99GZDGH84,2026-01-20T19:56:26.020671235Z,01KFEFBN24Q9S7DG3606EXV8XC,2026-01-20T19:56:26.020671235Z,01KFEFG2QS60SBWDNCT785Y7NV,2026-01-20T19:56:26.020671235Z
01KFEHQ9GC78HND3AV47YY4KPH,01KFEHA1EJWPRPNCXBTHCF12K2,2026-01-20T20:32:15.373029862Z,20,2026-01-20T20:32:20.800723347Z,B,2026-01-20T20:32:18.557548706Z,01KFEHA1GDXTPSA0SX8CRPX47C,2026-01-20T20:32:15.373029862Z,01KFEHHMSX0QGW7JR1FS9J2AW6,2026-01-20T20:32:15.373029862Z,01KFEHNSDYGDJ3GSJAYWHNGV5W,2026-01-20T20:32:15.373029862Z
01KFEHT03R58TKDBCBBM0TCCCV,01KFEHA1MRJDJA6FNTED28Z8HF,2026-01-20T20:33:44.056366841Z,10,2026-01-20T20:33:49.961004746Z,B,2026-01-20T20:33:49.930206551Z,01KFEHA1QDYX27N1S60Z95NKD9,2026-01-20T20:33:44.056366841Z,01KFEHF7572SXHJWAG2WR57G7K,2026-01-20T20:33:44.056366841Z,01KFEHQRZ4TH1YS8B6ZSMB6BHH,2026-01-20T20:33:44.056366841Z
01KFEHTJ6NXZRZ50NEKF4DXCC3,01KFEHA1EJWPRPNCXBTHCF12K2,2026-01-20T20:34:02.5815717Z,19,2026-01-20T20:34:07.983513965Z,C,2026-01-20T20:34:07.960262724Z,01KFEHA1GPSKM8FTTA039GX2FE,2026-01-20T20:34:02.5815717Z,01KFEHHKNYNVTAQQFNDQ02SYYK,2026-01-20T20:34:02.5815717Z,01KFEHRJX9T2N2M2335M26KB3T,2026-01-20T20:34:02.5815717Z
01KFEJBW7WW3CPHK3TSQABSVAV,01KFEHAKWNS08RQENHQ36ND5GA,2026-01-20T20:43:29.916877605Z,19,2026-01-20T20:43:34.735100223Z,C,2026-01-20T20:43:34.697884843Z,01KFEHAKXRHSJ1AHAHDK0DQA4P,2026-01-20T20:43:29.916877605Z,01KFEHYT1QK83WA2T7KG6GRDV0,2026-01-20T20:43:29.916877605Z,01KFEJ9XMR1W7EWC1ZTT36SFTT,2026-01-20T20:43:29.916877605Z
01KFEE3NE750Q6ERTN5R8CG6NT,01KFEDCB0G5KS91T4MD9JTDSA4,2026-01-20T19:29:06.503739641Z,19,2026-01-20T19:29:12.096934409Z,C,2026-01-20T19:29:09.966927052Z,01KFEDCB197E7YMN5STVXKHS22,2026-01-20T19:29:06.503739641Z,01KFEDRBWHPV4A332ZXM2PZSR4,2026-01-20T19:29:06.503739641Z,01KFEE2FBW0QCVRB4GS4XCC0SW,2026-01-20T19:29:06.503739641Z
01KFEFK0VRXCMSZWWDFFZYXKPD,01KFEDCAVEZK3QD8ZFC2PP83WE,2026-01-20T19:54:58.296267677Z,,,D,2026-01-20T19:55:03.093645888Z,01KFEDCAVXCN1BR0PV518R81QD,2026-01-20T19:54:58.296267677Z,01KFEFAMDQ915GZ68HPFMQXZ9N,2026-01-20T19:54:58.296267677Z,01KFEFE5SS2R2D6E51EX9YT47Z,2026-01-20T19:54:58.296267677Z
01KFEHMSZJBRB263YGR85M1VAY,01KFEHA20TFYVSSENV0N2723W5,2026-01-20T20:30:53.93826461Z,20,2026-01-20T20:30:56.166794931Z,B,2026-01-20T20:30:56.149865778Z,01KFEHA25NESP3C46R1STZWY67,2026-01-20T20:30:53.93826461Z,01KFEHB2Z6PCQ5XRWRX0AQ3SH1,2026-01-20T20:30:53.93826461Z,01KFEHHR50QEESAKDTX0Z9AJEC,2026-01-20T20:30:53.93826461Z
01KFEHMVSBB2Y0GA3T8W2K4MZN,01KFEHA1MRJDJA6FNTED28Z8HF,2026-01-20T20:30:55.787595336Z,0,2026-01-20T20:30:58.814881868Z,D,2026-01-20T20:30:58.786534944Z,01KFEHA1R32D8V3SKQA6BEDXA8,2026-01-20T20:30:55.787595336Z,01KFEHAKHNEWG0MCGFJGNXPB10,2026-01-20T20:30:55.787595336Z,01KFEHGC94ZFJXD2GEV68YM2J1,2026-01-20T20:30:55.787595336Z
01KFEJ2WYN7Y5J0A0V7EWQAP7F,01KFEHA1W0DBA89GCQ87GA4EG5,2026-01-20T20:38:35.733392948Z,10,2026-01-20T20:38:40.344938199Z,B,2026-01-20T20:38:38.837749744Z,01KFEHA1Z72TJ9J0QENR016CFN,2026-01-20T20:38:35.733392948Z,01KFEHMDY2YXCAA0WMRPTSEKC9,2026-01-20T20:38:35.733392948Z,01KFEHZ0H8ZJSFTB0HXTXSM2AV,2026-01-20T20:38:35.733392948Z
01KFEJJMZ9F463GF6EB6VJHWJB,01KFEHAKWNS08RQENHQ36ND5GA,2026-01-20T20:47:11.849441084Z,19,2026-01-20T20:47:18.518474892Z,C,2026-01-20T20:47:14.635672463Z,01KFEHAKXZ2D55CPVCZM6D4RJ0,2026-01-20T20:47:11.849441084Z,01KFEJ69D1M16DP7KKF28QP67N,2026-01-20T20:47:11.849441084Z,01KFEJCPY29YPVDJR3P3D4VR1X,2026-01-20T20:47:11.849441084Z
01KFEK5X9PXM2NCP1QX9EWBNJP,01KFEJ5C7H3Z5SGPPT0TCGAEB2,2026-01-20T20:57:42.966685806Z,0,2026-01-20T20:57:46.089990708Z,C,2026-01-20T20:57:44.643874998Z,01KFEJ5C9822567XDA8A9QG0G3,2026-01-20T20:57:42.966685806Z,01KFEJRM0CNFF8YTKCA6JC16CE,2026-01-20T20:57:42.966685806Z,01KFEK0Q64TJGX1ZAQFPQYZ5YY,2026-01-20T20:57:42.966685806Z
01KFEFJW4VD6K3Y8KSQW5NA6Z8,01KFEDCAVEZK3QD8ZFC2PP83WE,2026-01-20T19:54:53.467864449Z,19,2026-01-20T19:54:56.044187699Z,C,2026-01-20T19:54:56.021688897Z,01KFEDCAVXCN1BR0PV518R81QD,2026-01-20T19:54:53.467864449Z,01KFEF0CM1HH5QRYS1YH4TW6EV,2026-01-20T19:54:53.467864449Z,01KFEFE5SWDBXVJGC9D0CWS56Z,2026-01-20T19:54:53.467864449Z
01KFEHMAAQ8QV1DN3Z47DBS2A3,01KFEHA20TFYVSSENV0N2723W5,2026-01-20T20:30:37.91158304Z,20,2026-01-20T20:30:39.891153672Z,B,2026-01-20T20:30:39.86144198Z,01KFEHA25NESP3C46R1STZWY67,2026-01-20T20:30:37.91158304Z,01KFEHB2Z6PCQ5XRWRX0AQ3SH1,2026-01-20T20:30:37.91158304Z,01KFEHHR5BDKF64QG1B6XQZ0W1,2026-01-20T20:30:37.91158304Z
01KFEJ1EQJA7334N4GBWGMTGVS,01KFEHA1W0DBA89GCQ87GA4EG5,2026-01-20T20:37:48.402085283Z,20,2026-01-20T20:37:53.854002465Z,A,2026-01-20T20:37:53.813286151Z,01KFEHA1Z72TJ9J0QENR016CFN,2026-01-20T20:37:48.402085283Z,01KFEHVQ5CHDKKYBKKZ5GXNMKV,2026-01-20T20:37:48.402085283Z,01KFEHZ0G17F90ZJHX83NBG7SS,2026-01-20T20:37:48.402085283Z
01KFEE29MYDE3H16SYEVD9H970,01KFEDCC1ZHDDN3CP9JWF4PGTF,2026-01-20T19:28:21.662922627Z,10,2026-01-20T19:28:24.940884423Z,A,2026-01-20T19:28:24.706450607Z,01KFEDCC2JDADMPT5RVP2N7S0X,2026-01-20T19:28:21.662922627Z,01KFEDQK6ZX4EYK4N5S5CFQ5FY,2026-01-20T19:28:21.662922627Z,01KFEDZ32VE8SRAVCE2TC0J5K0,2026-01-20T19:28:21.662922627Z
01KFEFM26BCP7F57CHJBYPRNQC,01KFEDC9EK94N2WNCHE5RRQHCJ,2026-01-20T19:55:32.427164299Z,19,2026-01-20T19:55:35.942266404Z,C,2026-01-20T19:55:35.493664872Z,01KFEDC9FF7T49EPA99GZDGH84,2026-01-20T19:55:32.427164299Z,01KFEFBN24Q9S7DG3606EXV8XC,2026-01-20T19:55:32.427164299Z,01KFEFG2QKMJ6T2ET0NGMTJRCJ,2026-01-20T19:55:32.427164299Z
01KFEJYA4459SFV96XJ37Z1W35,01KFEJ5E832Q64ZNG3ZKPXGHJ5,2026-01-20T20:53:33.956064592Z,19,2026-01-20T20:53:39.24681422Z,C,2026-01-20T20:53:39.013259194Z,01KFEJ5EA7VXFPKNKHCS7D0Y4Z,2026-01-20T20:53:33.956064592Z,01KFEJNVB651FPQEK7J4Z5SF1P,2026-01-20T20:53:33.956064592Z,01KFEJW1X0W9PTZXZBBRZXY9R4,2026-01-20T20:53:33.956064592Z
01KFEE46EPJ6YSZJNS6B3FDK31,01KFEDCB0G5KS91T4MD9JTDSA4,2026-01-20T19:29:23.926440613Z,20,2026-01-20T19:29:28.021133345Z,A,2026-01-20T19:29:24.997380091Z,01KFEDCB139KMAVWQ3WS54614D,2026-01-20T19:29:23.926440613Z,01KFEDV9TKV9GTHAZ1F6R9Z694,2026-01-20T19:29:23.926440613Z,01KFEE0HF0TNAXV8XE9NEQTCSG,2026-01-20T19:29:23.926440613Z
01KFEHVJZGASHNYBJ5EGZK227N,01KFEHA1MRJDJA6FNTED28Z8HF,2026-01-20T20:34:36.144384793Z,10,2026-01-20T20:34:40.884243964Z,B,2026-01-20T20:34:40.820986639Z,01KFEHA1QDYX27N1S60Z95NKD9,2026-01-20T20:34:36.144384793Z,01KFEHF7572SXHJWAG2WR57G7K,2026-01-20T20:34:36.144384793Z,01KFEHQRZW65CC9AXXVB6VNT0A,2026-01-20T20:34:36.144384793Z
01KFEFW6EF4MJBY69DH7ED8701,01KFEDCAVEZK3QD8ZFC2PP83WE,2026-01-20T19:59:58.927445957Z,20,2026-01-20T20:00:04.921801595Z,B,2026-01-20T20:00:04.903231343Z,01KFEDCAVZJC7DD4AH1B24TEC6,2026-01-20T19:59:58.927445957Z,01KFEFG8GX8B9102EGAWCJ2ZB0,2026-01-20T19:59:58.927445957Z,01KFEFNGZB6J98N7CQG08Z8XPA,2026-01-20T19:59:58.927445957Z
01KFEHK9FJYC1SSY6VHYVQPD0T,01KFEHA1MRJDJA6FNTED28Z8HF,2026-01-20T20:30:04.274832824Z,0,2026-01-20T20:30:08.359698987Z,C,2026-01-20T20:30:06.249537605Z,01KFEHA1R32D8V3SKQA6BEDXA8,2026-01-20T20:30:04.274832824Z,01KFEHAKHNEWG0MCGFJGNXPB10,2026-01-20T20:30:04.274832824Z,01KFEHGC8APBVBEXKWFK29QFC6,2026-01-20T20:30:04.274832824Z
01KFEK91980KW84JC95XY9ZKV9,01KFEJ5D47V2DPV4P7KW69CWA7,2026-01-20T20:59:25.35277663Z,0,2026-01-20T20:59:36.800664152Z,C,2026-01-20T20:59:32.449462295Z,01KFEJ5D6ESPGXB2FQ6BSGAH02,2026-01-20T20:59:25.35277663Z,01KFEJZ4MXMGT7X38D04KZSZNE,2026-01-20T20:59:25.35277663Z,01KFEK7N915A1GM17617YVXPBJ,2026-01-20T20:59:25.35277663Z
01KFEE47WD2DR6KQSFCF8A3VZM,01KFEDCB0G5KS91T4MD9JTDSA4,2026-01-20T19:29:25.389820147Z,7,2026-01-20T19:29:29.999776761Z,D,2026-01-20T19:29:29.985896053Z,01KFEDCB197E7YMN5STVXKHS22,2026-01-20T19:29:25.389820147Z,01KFEDZFSW9KBCS8VJN8KBS8T4,2026-01-20T19:29:25.389820147Z,01KFEE2FC11CF7J9J8T4H75VBA,2026-01-20T19:29:25.389820147Z
01KFEEFRY81W0T2ZXY9D2PW7QJ,01KFEDCB0G5KS91T4MD9JTDSA4,2026-01-20T19:35:43.304991119Z,19,2026-01-20T19:35:48.709581998Z,C,2026-01-20T19:35:48.691778946Z,01KFEDCB15BD0TYD7H0V6YZGSZ,2026-01-20T19:35:43.304991119Z,01KFEE2B09J1P0X60NY0EGT3C2,2026-01-20T19:35:43.304991119Z,01KFEE9KM4D473V34YVW8X7KQW,2026-01-20T19:35:43.304991119Z
01KFEJHMB530K0RMZ1TPD36ADH,01KFEHAM0SBSN9QYCK4NGJTWCC,2026-01-20T20:46:38.437623562Z,20,2026-01-20T20:46:42.203732515Z,B,2026-01-20T20:46:42.080238111Z,01KFEHAM45R1366856G6A2WGHZ,2026-01-20T20:46:38.437623562Z,01KFEHYH6DP091MJE3KD0CRNR1,2026-01-20T20:46:38.437623562Z,01KFEJBBRN3BZM659M96JG5473,2026-01-20T20:46:38.437623562Z
01KFEHTJ6V7XVASP2VC3GZ338R,01KFEHA1EJWPRPNCXBTHCF12K2,2026-01-20T20:34:02.587425197Z,10,2026-01-20T20:34:07.983513965Z,B,2026-01-20T20:34:06.137392143Z,01KFEHA1GPSKM8FTTA039GX2FE,2026-01-20T20:34:02.587425197Z,01KFEHGGC977SV7QXMD0KQJ3VM,2026-01-20T20:34:02.587425197Z,01KFEHRJX9T2N2M2335M26KB3T,2026-01-20T20:34:02.587425197Z
01KFEFH20ZMKCWYQ33QDCWZJM5,01KFEDCAVEZK3QD8ZFC2PP83WE,2026-01-20T19:53:53.951900561Z,0,2026-01-20T19:54:01.405112333Z,C,2026-01-20T19:53:55.847270758Z,01KFEDCAVXCN1BR0PV518R81QD,2026-01-20T19:53:53.951900561Z,01KFEF0CM1HH5QRYS1YH4TW6EV,2026-01-20T19:53:53.951900561Z,01KFEFE5SJ5ZW5WBDYXEKRA302,2026-01-20T19:53:53.951900561Z
01KFEFH213SN1MTVV0HZ56Q3R8,01KFEDCAVEZK3QD8ZFC2PP83WE,2026-01-20T19:53:53.955661805Z,0,2026-01-20T19:54:01.405112333Z,C,2026-01-20T19:54:01.367192713Z,01KFEDCAVXCN1BR0PV518R81QD,2026-01-20T19:53:53.955661805Z,01KFEFAMDQ915GZ68HPFMQXZ9N,2026-01-20T19:53:53.955661805Z,01KFEFE5SJ5ZW5WBDYXEKRA302,2026-01-20T19:53:53.955661805Z
01KFEJC2VJHZ230CMEEZ7FB376,01KFEHAKK9QMW81MWT2FF1CSZA,2026-01-20T20:43:36.690340237Z,10,2026-01-20T20:43:40.405719838Z,B,2026-01-20T20:43:39.610488232Z,01KFEHAKMDAJRN7M0QA4VDJCGY,2026-01-20T20:43:36.690340237Z,01KFEHS8J7P9EEBTK2FBSRFBQT,2026-01-20T20:43:36.690340237Z,01KFEJ2SMQX5SC8F4KRDRSD2HX,2026-01-20T20:43:36.690340237Z
01KFEK7Z9J67B3BM03A0ESRHT2,01KFEJ5CPJ5RGARFNN6Z0PCT4Q,2026-01-20T20:58:50.546513481Z,0,2026-01-20T20:58:53.540066086Z,C,2026-01-20T20:58:51.884377426Z,01KFEJ5CR34Y85488XX0EC4SX7,2026-01-20T20:58:50.546513481Z,01KFEK2K0AVWKZA3NW4B793MSN,2026-01-20T20:58:50.546513481Z,01KFEK6EAMGBYGQ9Q144HAQ7SB,2026-01-20T20:58:50.546513481Z
01KFEEZFRHF6GR3DRZY7DV818Y,01KFEDCCAW3ZY6KSKNHTKZ971F,2026-01-20T19:44:18.193192447Z,19,2026-01-20T19:44:20.992201559Z,C,2026-01-20T19:44:20.981791526Z,01KFEDCCBE716PRHN8Q6NQV6ZT,2026-01-20T19:44:18.193192447Z,01KFEEMXPGKZB6AS6D6H40GZ8R,2026-01-20T19:44:18.193192447Z,01KFEEV7WM37BXXYBNHHTEQKS3,2026-01-20T19:44:18.193192447Z
01KFEHSMXCEM406ZDE734DJQZ8,01KFEHA1EJWPRPNCXBTHCF12K2,2026-01-20T20:33:32.588650111Z,0,2026-01-20T20:33:34.868005053Z,D,2026-01-20T20:33:33.710930082Z,01KFEHA1GDXTPSA0SX8CRPX47C,2026-01-20T20:33:32.588650111Z,01KFEHHMSX0QGW7JR1FS9J2AW6,2026-01-20T20:33:32.588650111Z,01KFEHNSFTHZAFCSTHT4TCH75A,2026-01-20T20:33:32.588650111Z
01KFEHWM2GED6NAJQ2F5QTDMMK,01KFEHA1MRJDJA6FNTED28Z8HF,2026-01-20T20:35:10.032577317Z,0,2026-01-20T20:35:15.901353547Z,C,2026-01-20T20:35:12.292933781Z,01KFEHA1QDYX27N1S60Z95NKD9,2026-01-20T20:35:10.032577317Z,01KFEHFDNYYM4VRPKVABD0N8W8,2026-01-20T20:35:10.032577317Z,01KFEHQS0DYR2VNJXKTTWWF6N1,2026-01-20T20:35:10.032577317Z
01KFEHY72NKK4RRQNGKR87RYXJ,01KFEHA1EJWPRPNCXBTHCF12K2,2026-01-20T20:36:02.261645086Z,0,2026-01-20T20:36:08.26571913Z,B,2026-01-20T20:36:03.282301219Z,01KFEHA1GRK7A014NXTNRF457G,2026-01-20T20:36:02.261645086Z,01KFEHG6C81JZ80FMVPH00AMCG,2026-01-20T20:36:02.261645086Z,01KFEHPVJWCSTCRZ0XX6W9W05X,2026-01-20T20:36:02.261645086Z
01KFEJ92QFQ9MQW3VNHS1CPESM,01KFEHAKK9QMW81MWT2FF1CSZA,2026-01-20T20:41:58.255105681Z,0,2026-01-20T20:42:23.805645106Z,D,2026-01-20T20:42:23.768304384Z,01KFEHAKM9HA0G83B6BNP2KSMS,2026-01-20T20:41:58.255105681Z,01KFEHYA46Y9WQMK0XZ5W2FA7V,2026-01-20T20:41:58.255105681Z,01KFEJ8Z7YA9Y1JD3985FRMCS8,2026-01-20T20:41:58.255105681Z
01KFEFHVB1240K1ZYEF53VJST8,01KFEDCAVEZK3QD8ZFC2PP83WE,2026-01-20T19:54:19.874006963Z,17,2026-01-20T19:54:24.866737747Z,D,2026-01-20T19:54:21.927030181Z,01KFEDCAVXCN1BR0PV518R81QD,2026-01-20T19:54:19.874006963Z,01KFEF0CM1HH5QRYS1YH4TW6EV,2026-01-20T19:54:19.874006963Z,01KFEFE5TBNFV556820XW9T37K,2026-01-20T19:54:19.874006963Z
01KFEHJN9G874Q66E9G3JHVQ7S,01KFEDC9EK94N2WNCHE5RRQHCJ,2026-01-20T20:29:43.600954377Z,,,C,2026-01-20T20:29:45.326367179Z,01KFEDC9FGZ2QQQ39YDAAVXSM4,2026-01-20T20:29:43.600954377Z,01KFEHDSTHHYXMQHJA6EK6PVQT,2026-01-20T20:29:43.600954377Z,01KFEHF2VGHERPVSVKT86F5Q2F,2026-01-20T20:29:43.600954377Z
01KFEHGEAVYTJPMPBAC51SHQCW,01KFEHA1EJWPRPNCXBTHCF12K2,2026-01-20T20:28:30.939583358Z,10,2026-01-20T20:28:36.704171072Z,B,2026-01-20T20:28:33.378225557Z,01KFEHA1GK3DQ7TRWFWA7J267H,2026-01-20T20:28:30.939583358Z,01KFEHC1N15W3XF2S9JNREZ5AJ,2026-01-20T20:28:30.939583358Z,01KFEHFC1WYZV0AN9T46ZPPXXT,2026-01-20T20:28:30.939583358Z
01KFEHK75J314CE0ETH9Z13N5E,01KFEHA1EJWPRPNCXBTHCF12K2,2026-01-20T20:30:01.906579648Z,19,2026-01-20T20:30:04.591688236Z,C,2026-01-20T20:30:04.575173355Z,01KFEHA1GK3DQ7TRWFWA7J267H,2026-01-20T20:30:01.906579648Z,01KFEHBP1ZE2AV6NAD8SG9ZGBW,2026-01-20T20:30:01.906579648Z,01KFEHFC24AS0SXVNMRXMCTN70,2026-01-20T20:30:01.906579648Z
01KFEHZ43E830K4QYVRXKQ8JP6,01KFEHA1EJWPRPNCXBTHCF12K2,2026-01-20T20:36:31.983003432Z,7,2026-01-20T20:36:44.462445362Z,D,2026-01-20T20:36:44.388252334Z,01KFEHA1GPSKM8FTTA039GX2FE,2026-01-20T20:36:31.983003432Z,01KFEHHKNYNVTAQQFNDQ02SYYK,2026-01-20T20:36:31.983003432Z,01KFEHRJZ3P2BQEBPH0RZE16E3,2026-01-20T20:36:31.983003432Z
01KFEJ0K4NSPJVXSHXW6VTJ88T,01KFEHA1W0DBA89GCQ87GA4EG5,2026-01-20T20:37:20.149079912Z,19,2026-01-20T20:37:23.677015785Z,C,2026-01-20T20:37:22.756250754Z,01KFEHA1Z72TJ9J0QENR016CFN,2026-01-20T20:37:20.149079912Z,01KFEHVQ5CHDKKYBKKZ5GXNMKV,2026-01-20T20:37:20.149079912Z,01KFEHZ0ESDMEKCXQ0B17QX3W3,2026-01-20T20:37:20.149079912Z
01KFEE2JF439WR9V0P1YM2WVNT,01KFEDCB0G5KS91T4MD9JTDSA4,2026-01-20T19:28:30.692486497Z,0,2026-01-20T19:28:35.661111843Z,C,2026-01-20T19:28:35.644304534Z,01KFEDCB139KMAVWQ3WS54614D,2026-01-20T19:28:30.692486497Z,01KFEDPNDSVSXFTW3Z2GG851YR,2026-01-20T19:28:30.692486497Z,01KFEE0HE5FMSE53PHQGJ8APM6,2026-01-20T19:28:30.692486497Z
01KFEEYQM8VVZ7VJJRMFFEDEF0,01KFEDCCAW3ZY6KSKNHTKZ971F,2026-01-20T19:43:53.48073959Z,7,2026-01-20T19:43:55.506311063Z,D,2026-01-20T19:43:55.476808948Z,01KFEDCCBE716PRHN8Q6NQV6ZT,2026-01-20T19:43:53.48073959Z,01KFEEMXPGKZB6AS6D6H40GZ8R,2026-01-20T19:43:53.48073959Z,01KFEEV7VCBGXA4JJDH28D0KYZ,2026-01-20T19:43:53.48073959Z
01KFEJZP0AM4DA5D3KBG84EMXZ,01KFEHAM72H3ZNN8G0T2BCT79K,2026-01-20T20:54:18.890487809Z,,,B,2026-01-20T20:54:29.530372349Z,01KFEHAMB65F4EHHS2KPJ10RVS,2026-01-20T20:54:18.890487809Z,01KFEJNG8YCH1FAXWRKPFJRC2F,2026-01-20T20:54:18.890487809Z,01KFEJV6VWRP4NCDRJ2BZ5AND8,2026-01-20T20:54:18.890487809Z
01KFEE6R8FSQEXBPZ6MD7DX554,01KFEDCB0G5KS91T4MD9JTDSA4,2026-01-20T19:30:47.695323425Z,19,2026-01-20T19:30:50.313563071Z,C,2026-01-20T19:30:49.366160295Z,01KFEDCB197E7YMN5STVXKHS22,2026-01-20T19:30:47.695323425Z,01KFEDRBWHPV4A332ZXM2PZSR4,2026-01-20T19:30:47.695323425Z,01KFEE2FC6CRVYDFXNDF2R2XTC,2026-01-20T19:30:47.695323425Z
01KFEEV9GBYT7VG78YY9GTAC23,01KFEDCCH0VMFH7P25F40PD43N,2026-01-20T19:42:00.715980195Z,17,2026-01-20T19:42:03.437697193Z,D,2026-01-20T19:42:02.618117355Z,01KFEDCCHJADFRJT5F5VJ9ST9F,2026-01-20T19:42:00.715980195Z,01KFEEJDGDWEMZQAHJH9Z7FVC3,2026-01-20T19:42:00.715980195Z,01KFEERHS0D5S35AHJVKA8SKAZ,2026-01-20T19:42:00.715980195Z
01KFEJPG8S1Q5YW1A44XTY4XPQ,01KFEJ5C7H3Z5SGPPT0TCGAEB2,2026-01-20T20:49:18.105076931Z,,,,,01KFEJ5C9GH4AY8ZGH2GW9N320,2026-01-20T20:49:18.105076931Z,01KFEHZ9P7CRJCWGE4JQYEA28S,2026-01-20T20:49:18.105076931Z,01KFEJPB3HQ7RTF3BWBFN5R1J1,2026-01-20T20:49:18.105076931Z
01KFEK523MYXENSDR4GXZ6X1P1,01KFEJ5C7H3Z5SGPPT0TCGAEB2,2026-01-20T20:57:15.124969123Z,,,,,01KFEJ5C8N149KF44PHZZN9T4C,2026-01-20T20:57:15.124969123Z,01KFEJY9418R2BQRPDT9220F8R,2026-01-20T20:57:15.124969123Z,01KFEK23W68A108MCH9AAQQ6VN,2026-01-20T20:57:15.124969123Z
01KFEHX20D985J771YP7M8XV72,01KFEHA1MRJDJA6FNTED28Z8HF,2026-01-20T20:35:24.301523967Z,19,2026-01-20T20:35:31.607569428Z,C,2026-01-20T20:35:31.570343074Z,01KFEHA1QYV2E8SAEFNEHYNVTN,2026-01-20T20:35:24.301523967Z,01KFEHHH6AXDMAXMWAFCF5JGBC,2026-01-20T20:35:24.301523967Z,01KFEHSJHMD41VR7WTBGQFHE87,2026-01-20T20:35:24.301523967Z
01KFEK5AD08MQQ38KKPBMZTAMH,01KFEJ5CPJ5RGARFNN6Z0PCT4Q,2026-01-20T20:57:23.616086546Z,17,2026-01-20T20:57:59.363645765Z,D,2026-01-20T20:57:59.286204857Z,01KFEJ5CS2BBW0C98ZJ5JAS2PG,2026-01-20T20:57:23.616086546Z,01KFEJXPF85R5SPZ1AW7JBKCNB,2026-01-20T20:57:23.616086546Z,01KFEK3MM683VJ4VDHPVJPHWT0,2026-01-20T20:57:23.616086546Z
01KFEK6NFERYQRCHXBJAB1QE9Z,01KFEJ5CPJ5RGARFNN6Z0PCT4Q,2026-01-20T20:58:07.72631412Z,10,2026-01-20T20:59:00.509759207Z,B,2026-01-20T20:58:13.707086397Z,01KFEJ5CS2BBW0C98ZJ5JAS2PG,2026-01-20T20:58:07.72631412Z,01KFEJS85WAAEA7MSWYWZJBYS0,2026-01-20T20:58:07.72631412Z,01KFEK3MKCYD7WNXAFJY3JJ3Y3,2026-01-20T20:58:07.72631412Z
01KFEEE8PX8VSJR85P25CS7FAJ,01KFEDCCAW3ZY6KSKNHTKZ971F,2026-01-20T19:34:53.918012788Z,0,2026-01-20T19:35:04.145995961Z,B,2026-01-20T19:34:59.474159704Z,01KFEDCCBDJ82W4YK2PN7VDTAX,2026-01-20T19:34:53.918012788Z,01KFEE85J92QXNE2691FZPHW2Z,2026-01-20T19:34:53.918012788Z,01KFEEE800PMMNJZHVHRN1YZYN,2026-01-20T19:34:53.918012788Z
01KFEFKAZ1WJRG1MWKKNMMX3RF,01KFEDCCH0VMFH7P25F40PD43N,2026-01-20T19:55:08.641107599Z,29,2026-01-20T19:55:12.223560102Z,C,2026-01-20T19:55:11.452784258Z,01KFEDCCHGZS8158VZSSNCZZHP,2026-01-20T19:55:08.641107599Z,01KFEEX55YZNT0B1JFXGKDFM2N,2026-01-20T19:55:08.641107599Z,01KFEFDRSC861E95JAZSANS24X,2026-01-20T19:55:08.641107599Z
01KFEFKW4Q64RQ8SWT7H17JGGM,01KFEDCCH0VMFH7P25F40PD43N,2026-01-20T19:55:26.231778506Z,,,D,2026-01-20T19:55:29.08360695Z,01KFEDCCHGZS8158VZSSNCZZHP,2026-01-20T19:55:26.231778506Z,01KFEEV98ZBZT7VKKTGE1Q7XAV,2026-01-20T19:55:26.231778506Z,01KFEFDRSXA12SKVX8F6JTNMGJ,2026-01-20T19:55:26.231778506Z
01KFEJE2DX249TXQ7G98C75S08,01KFEHAKWNS08RQENHQ36ND5GA,2026-01-20T20:44:41.789278139Z,29,2026-01-20T20:44:56.851478797Z,C,2026-01-20T20:44:49.85169305Z,01KFEHAKXZ2D55CPVCZM6D4RJ0,2026-01-20T20:44:41.789278139Z,01KFEJ69D1M16DP7KKF28QP67N,2026-01-20T20:44:41.789278139Z,01KFEJCPW3ZTR3R9PXZ31PHJAJ,2026-01-20T20:44:41.789278139Z
01KFEHKPBW5WA3WTX7PCFYAG07,01KFEHA1MRJDJA6FNTED28Z8HF,2026-01-20T20:30:17.468898976Z,29,2026-01-20T20:30:19.764968064Z,C,2026-01-20T20:30:19.205049554Z,01KFEHA1R32D8V3SKQA6BEDXA8,2026-01-20T20:30:17.468898976Z,01KFEHAKHNEWG0MCGFJGNXPB10,2026-01-20T20:30:17.468898976Z,01KFEHGC8JRR71EAXP0WWWKCB7,2026-01-20T20:30:17.468898976Z
01KFEJZXHDCR8S1XEFBBV8RMKD,01KFEJ5DKDD8ED3R70AXWWV7TA,2026-01-20T20:54:26.605160548Z,29,2026-01-20T20:54:29.13608675Z,C,2026-01-20T20:54:29.065715861Z,01KFEJ5DPFFD934S0E2GQ1B9RR,2026-01-20T20:54:26.605160548Z,01KFEJJ4V0E3E83F88J6MK6KAW,2026-01-20T20:54:26.605160548Z,01KFEJVD0KCRRZRQ6WHZMVVDZZ,2026-01-20T20:54:26.605160548Z
01KFEDZJKKVVMGMY5RY14XW01J,01KFEDCC1ZHDDN3CP9JWF4PGTF,2026-01-20T19:26:52.531625209Z,17,2026-01-20T19:26:54.639201826Z,D,2026-01-20T19:26:53.429771925Z,01KFEDCC2JDADMPT5RVZQ93BA8,2026-01-20T19:26:52.531625209Z,01KFEDKABYH5MEPJ95J3ZMZNRM,2026-01-20T19:26:52.531625209Z,01KFEDVKBAC5PM6XV7NXGC94PD,2026-01-20T19:26:52.531625209Z
01KFEHZ436T63SME9TNNWZDB72,01KFEHA1EJWPRPNCXBTHCF12K2,2026-01-20T20:36:31.974766851Z,10,2026-01-20T20:36:44.462445362Z,A,2026-01-20T20:36:33.622264369Z,01KFEHA1GPSKM8FTTA039GX2FE,2026-01-20T20:36:31.974766851Z,01KFEHGGC977SV7QXMD0KQJ3VM,2026-01-20T20:36:31.974766851Z,01KFEHRJZ3P2BQEBPH0RZE16E3,2026-01-20T20:36:31.974766851Z
01KFEFHCMG6SYQFVHW2AZXJQR6,01KFEDCAVEZK3QD8ZFC2PP83WE,2026-01-20T19:54:04.8163129Z,19,2026-01-20T19:54:16.304067996Z,C,2026-01-20T19:54:07.286370473Z,01KFEDCAVXCN1BR0PV518R81QD,2026-01-20T19:54:04.8163129Z,01KFEF0CM1HH5QRYS1YH4TW6EV,2026-01-20T19:54:04.8163129Z,01KFEFE5TDAMSZNJFQD4C7HW0T,2026-01-20T19:54:04.8163129Z
01KFEFKGP636D22D726XBP6S8P,01KFEDC9EK94N2WNCHE5RRQHCJ,2026-01-20T19:55:14.502194411Z,7,2026-01-20T19:55:21.322245098Z,D,2026-01-20T19:55:21.304724749Z,01KFEDC9FF7T49EPA99GZDGH84,2026-01-20T19:55:14.502194411Z,01KFEFBN24Q9S7DG3606EXV8XC,2026-01-20T19:55:14.502194411Z,01KFEFG2QFS8QMXYNAGGYFSPQK,2026-01-20T19:55:14.502194411Z
01KFEK1TY24SP8BCNDHRT2EGZ6,01KFEJ5CPJ5RGARFNN6Z0PCT4Q,2026-01-20T20:55:29.474519564Z,29,2026-01-20T20:55:36.209452892Z,C,2026-01-20T20:55:36.149918569Z,01KFEJ5CRSNMMQKHYMFD35850B,2026-01-20T20:55:29.474519564Z,01KFEJHQKQJTKAV5X447CE3YRT,2026-01-20T20:55:29.474519564Z,01KFEJRTSAPTRB7YAQPWEYHTS4,2026-01-20T20:55:29.474519564Z
01KFEK4RRPV4Z0MENA64E8HPPS,01KFEJ5C7H3Z5SGPPT0TCGAEB2,2026-01-20T20:57:05.55897582Z,19,2026-01-20T20:57:10.596004822Z,C,2026-01-20T20:57:10.535966004Z,01KFEJ5C9822567XDA8A9QG0G3,2026-01-20T20:57:05.55897582Z,01KFEJRM0CNFF8YTKCA6JC16CE,2026-01-20T20:57:05.55897582Z,01KFEK0Q8NEF55WD07A195GHP6,2026-01-20T20:57:05.55897582Z
01KFEHHE81YYFJXCENBYEC1HDQ,01KFEHA1MRJDJA6FNTED28Z8HF,2026-01-20T20:29:03.61742526Z,19,2026-01-20T20:29:09.246532565Z,C,2026-01-20T20:29:09.230938087Z,01KFEHA1R32D8V3SKQA6BEDXA8,2026-01-20T20:29:03.61742526Z,01KFEHAKHNEWG0MCGFJGNXPB10,2026-01-20T20:29:03.61742526Z,01KFEHGC7BFXW25E2SF00A9HT5,2026-01-20T20:29:03.61742526Z
01KFEHK0C0JVXXEVFZ6M13YDPT,01KFEHA20TFYVSSENV0N2723W5,2026-01-20T20:29:54.944725211Z,19,2026-01-20T20:29:57.473528114Z,C,2026-01-20T20:29:57.332552517Z,01KFEHA25NESP3C46R1STZWY67,2026-01-20T20:29:54.944725211Z,01KFEHE6NX6FXVRTV1KPH8TKWC,2026-01-20T20:29:54.944725211Z,01KFEHHR61XNWEDF5F7S8QWGY2,2026-01-20T20:29:54.944725211Z
01KFEHHE86ASNCNKJPVJQX5BYB,01KFEHA1MRJDJA6FNTED28Z8HF,2026-01-20T20:29:03.622714572Z,10,2026-01-20T20:29:09.246532565Z,B,2026-01-20T20:29:07.614440869Z,01KFEHA1R32D8V3SKQA6BEDXA8,2026-01-20T20:29:03.622714572Z,01KFEHBPM0QM8692M9NW91QBAJ,2026-01-20T20:29:03.622714572Z,01KFEHGC7BFXW25E2SF00A9HT5,2026-01-20T20:29:03.622714572Z
01KFEDYEB0ZSYN2CGZ25TTRSFQ,01KFEDCC1ZHDDN3CP9JWF4PGTF,2026-01-20T19:26:15.392344455Z,29,2026-01-20T19:26:19.484196173Z,C,2026-01-20T19:26:19.469345929Z,01KFEDCC2JDADMPT5RVZQ93BA8,2026-01-20T19:26:15.392344455Z,01KFEDNRR64JDCJYA79FBRE8X8,2026-01-20T19:26:15.392344455Z,01KFEDVKB5NFPV0X6HCWJPGZQG,2026-01-20T19:26:15.392344455Z
01KFEEDABKER1J2FX0V0X7GBZC,01KFEDCB0G5KS91T4MD9JTDSA4,2026-01-20T19:34:22.836027873Z,19,2026-01-20T19:34:33.38516695Z,C,2026-01-20T19:34:27.620021969Z,01KFEDCB15BD0TYD7H0V6YZGSZ,2026-01-20T19:34:22.836027873Z,01KFEE2B09J1P0X60NY0EGT3C2,2026-01-20T19:34:22.836027873Z,01KFEE9KKYXQNNXAG37WEVHGKC,2026-01-20T19:34:22.836027873Z
01KFEEXF1VX4Q4GZZ6A8CRR1Y8,01KFEDCCAW3ZY6KSKNHTKZ971F,2026-01-20T19:43:11.931249387Z,19,2026-01-20T19:43:17.905908081Z,C,2026-01-20T19:43:17.886748991Z,01KFEDCCBE716PRHN8Q6NQV6ZT,2026-01-20T19:43:11.931249387Z,01KFEEMXPGKZB6AS6D6H40GZ8R,2026-01-20T19:43:11.931249387Z,01KFEEV7W8DFGAYEWV1JC1WZ5P,2026-01-20T19:43:11.931249387Z
01KFEJV69BY4YAEGPJGJ82Y4S0,01KFEHAM72H3ZNN8G0T2BCT79K,2026-01-20T20:51:51.723879005Z,0,2026-01-20T20:52:04.628822289Z,C,2026-01-20T20:51:54.582051653Z,01KFEHAMATV7GY0NQF17M2P0MD,2026-01-20T20:51:51.723879005Z,01KFEJ5D2KZA6HXFGKH7XFG11W,2026-01-20T20:51:51.723879005Z,01KFEJMAXE5TC2SVASZC4DT7DQ,2026-01-20T20:51:51.723879005Z
01KFEJZAVDNATTQ9HH5VE29153,01KFEJ5C7H3Z5SGPPT0TCGAEB2,2026-01-20T20:54:07.469790442Z,,,B,2026-01-20T20:54:16.894734193Z,01KFEJ5C9TA7ZE3V3TA0C9309P,2026-01-20T20:54:07.469790442Z,01KFEJDWT7HF2D6BRNBHS3X5TT,2026-01-20T20:54:07.469790442Z,01KFEJRA4XP9GPVZ7H9MEMP56Q,2026-01-20T20:54:07.469790442Z
01KFEEH139N17QYB5Q92HQMHR3,01KFEDCCAW3ZY6KSKNHTKZ971F,2026-01-20T19:36:24.425846446Z,19,2026-01-20T19:37:02.112056488Z,C,2026-01-20T19:37:02.095483544Z,01KFEDCCBDJ82W4YK2PN7VDTAX,2026-01-20T19:36:24.425846446Z,01KFEE6KZQR5PP1P0PS1XNKJRD,2026-01-20T19:36:24.425846446Z,01KFEEE8020NN6FS0J0N9VV3WD,2026-01-20T19:36:24.425846446Z
01KFEHV2RJ3DZD83FE3H04NJWR,01KFEHA1MRJDJA6FNTED28Z8HF,2026-01-20T20:34:19.538196839Z,20,2026-01-20T20:34:21.567222199Z,B,2026-01-20T20:34:21.543585344Z,01KFEHA1QMX5DYGHPSSSP2RXXX,2026-01-20T20:34:19.538196839Z,01KFEHH299EZ808S0B86915EW8,2026-01-20T20:34:19.538196839Z,01KFEHR306PYVVVHHX0S677A1Q,2026-01-20T20:34:19.538196839Z
01KFEHY72X750YFG7XNESKKAMJ,01KFEHA1EJWPRPNCXBTHCF12K2,2026-01-20T20:36:02.269379778Z,0,2026-01-20T20:36:08.26571913Z,B,2026-01-20T20:36:08.228696645Z,01KFEHA1GRK7A014NXTNRF457G,2026-01-20T20:36:02.269379778Z,01KFEHFSGA9RW2KQK679GQ5Q17,2026-01-20T20:36:02.269379778Z,01KFEHPVJWCSTCRZ0XX6W9W05X,2026-01-20T20:36:02.269379778Z
01KFEJF1THEFAFD2S66C2JZGRE,01KFEHAM0SBSN9QYCK4NGJTWCC,2026-01-20T20:45:13.937844938Z,19,2026-01-20T20:45:16.334148539Z,C,2026-01-20T20:45:16.256061344Z,01KFEHAM3ZX2QFEZ4F28QFW79D,2026-01-20T20:45:13.937844938Z,01KFEJ9883X77HA7T3SDA1VF8F,2026-01-20T20:45:13.937844938Z,01KFEJDCQCZ3EXQTJHB48GASJ0,2026-01-20T20:45:13.937844938Z
01KFEK8ZVQ38AKD9SV89XPNAG2,01KFEJ5CPJ5RGARFNN6Z0PCT4Q,2026-01-20T20:59:23.895920068Z,19,2026-01-20T20:59:52.130258331Z,C,2026-01-20T20:59:26.556632663Z,01KFEJ5CR34Y85488XX0EC4SX7,2026-01-20T20:59:23.895920068Z,01KFEK2K0AVWKZA3NW4B793MSN,2026-01-20T20:59:23.895920068Z,01KFEK6ECATW7D7560PG9H1X30,2026-01-20T20:59:23.895920068Z
01KFEE9MXYK1DEQKCTM1SVCJCR,01KFEDCB0G5KS91T4MD9JTDSA4,2026-01-20T19:32:22.590102184Z,0,2026-01-20T19:32:36.643585109Z,C,2026-01-20T19:32:28.579438982Z,01KFEDCB15BD0TYD7H0V6YZGSZ,2026-01-20T19:32:22.590102184Z,01KFEE07X889KRR9ZR3BVZBWD6,2026-01-20T19:32:22.590102184Z,01KFEE9KKC1D0WXJ4XBWQY0W8Y,2026-01-20T19:32:22.590102184Z
01KFEHXZ2V4E62MW6D1G8QHEGH,01KFEHA1MRJDJA6FNTED28Z8HF,2026-01-20T20:35:54.075102744Z,29,2026-01-20T20:35:58.558558627Z,C,2026-01-20T20:35:58.445220607Z,01KFEHA1QYV2E8SAEFNEHYNVTN,2026-01-20T20:35:54.075102744Z,01KFEHHH6AXDMAXMWAFCF5JGBC,2026-01-20T20:35:54.075102744Z,01KFEHSJJ8BN25BMHZA75B7QEM,2026-01-20T20:35:54.075102744Z
01KFEHYD8X53MGVF6Z5JR2V5QN,01KFEHA1W0DBA89GCQ87GA4EG5,2026-01-20T20:36:08.605316114Z,20,2026-01-20T20:36:19.840886891Z,A,2026-01-20T20:36:16.536269741Z,01KFEHA1ZSVYK8DGYZZSV53FQM,2026-01-20T20:36:08.605316114Z,01KFEHMXV04MY34HJYA33HA616,2026-01-20T20:36:08.605316114Z,01KFEHWYTZ9F4WSYG3N5TJM8G6,2026-01-20T20:36:08.605316114Z
01KFEJK1SRTFM4EA1CBBX1XB2A,01KFEHAKK9QMW81MWT2FF1CSZA,2026-01-20T20:47:24.98467898Z,0,2026-01-20T20:47:29.860992128Z,A,2026-01-20T20:47:29.800735295Z,01KFEHAKMHNYFE3MQRK8FHXJ0Z,2026-01-20T20:47:24.98467898Z,01KFEJ7CDCT5X7YWTGH1JZNK2J,2026-01-20T20:47:24.98467898Z,01KFEJH2V4490Y34XSR9558QRB,2026-01-20T20:47:24.98467898Z
01KFEJWST0MF9RD8SQ9GVRPJ2F,01KFEJ5CPJ5RGARFNN6Z0PCT4Q,2026-01-20T20:52:44.480816346Z,19,2026-01-20T20:53:49.517530176Z,C,2026-01-20T20:53:49.447544011Z,01KFEJ5CRSNMMQKHYMFD35850B,2026-01-20T20:52:44.480816346Z,01KFEJHQKQJTKAV5X447CE3YRT,2026-01-20T20:52:44.480816346Z,01KFEJRTNPM5PF9V9CEFDT48NQ,2026-01-20T20:52:44.480816346Z
01KFEE5EZ6ZPK32JN5J3P1XVB8,01KFEDCB0G5KS91T4MD9JTDSA4,2026-01-20T19:30:05.414540168Z,19,2026-01-20T19:30:07.927014928Z,C,2026-01-20T19:30:07.915621711Z,01KFEDCB197E7YMN5STVXKHS22,2026-01-20T19:30:05.414540168Z,01KFEDZFSW9KBCS8VJN8KBS8T4,2026-01-20T19:30:05.414540168Z,01KFEE2FBZGHEGRB6VKW9K009N,2026-01-20T19:30:05.414540168Z
01KFEFFW7MD787Z8HJ8TQBCXPP,01KFEDCCH0VMFH7P25F40PD43N,2026-01-20T19:53:15.252324463Z,20,2026-01-20T19:53:18.65906914Z,A,2026-01-20T19:53:17.969402564Z,01KFEDCCHH44R979H37GT2B68J,2026-01-20T19:53:15.252324463Z,01KFEFADJR1SXTG9225WD5SFVJ,2026-01-20T19:53:15.252324463Z,01KFEFDZE61M487NSCED8CQDTP,2026-01-20T19:53:15.252324463Z
01KFEJ856Z88GHEJHQA17QG56B,01KFEHA20TFYVSSENV0N2723W5,2026-01-20T20:41:28.031912368Z,20,2026-01-20T20:41:32.612000303Z,B,2026-01-20T20:41:32.572733305Z,01KFEHA25S6PYJD4DSX1VJG5FE,2026-01-20T20:41:28.031912368Z,01KFEHKBVRWD07VXT4ZKHQQAA6,2026-01-20T20:41:28.031912368Z,01KFEJ3HQ9CTAHRNARRPAG6D4D,2026-01-20T20:41:28.031912368Z
01KFEJY9BVCK08ZZCCQBDQPN6H,01KFEHAM72H3ZNN8G0T2BCT79K,2026-01-20T20:53:33.179455038Z,17,2026-01-20T20:53:36.593969268Z,D,2026-01-20T20:53:36.538558581Z,01KFEHAMATV7GY0NQF17M2P0MD,2026-01-20T20:53:33.179455038Z,01KFEJ5D2KZA6HXFGKH7XFG11W,2026-01-20T20:53:33.179455038Z,01KFEJMB0BMEP8YS43R3TT0KRS,2026-01-20T20:53:33.179455038Z
01KFEK3B4GYDHCTDS7NXZE7H52,01KFEJ5C7H3Z5SGPPT0TCGAEB2,2026-01-20T20:56:18.832457409Z,7,2026-01-20T20:56:26.807692746Z,D,2026-01-20T20:56:26.747069832Z,01KFEJ5C8N149KF44PHZZN9T4C,2026-01-20T20:56:18.832457409Z,01KFEJY9418R2BQRPDT9220F8R,2026-01-20T20:56:18.832457409Z,01KFEK23QHXAMEX36J581NCAXW,2026-01-20T20:56:18.832457409Z
01KFEK4CBGB7VAJRMP10FKTYZ2,01KFEJ5CPJ5RGARFNN6Z0PCT4Q,2026-01-20T20:56:52.848659977Z,17,2026-01-20T20:56:56.817595111Z,D,2026-01-20T20:56:56.726681876Z,01KFEJ5CRSNMMQKHYMFD35850B,2026-01-20T20:56:52.848659977Z,01KFEJD683V7BW0EC67T5B9T0M,2026-01-20T20:56:52.848659977Z,01KFEJRTW9T3HTYV343RGTBAPD,2026-01-20T20:56:52.848659977Z
01KFEEFRYAG2A7R4FK1KVVSYD2,01KFEDCB0G5KS91T4MD9JTDSA4,2026-01-20T19:35:43.306999388Z,10,2026-01-20T19:35:48.709581998Z,B,2026-01-20T19:35:45.529442554Z,01KFEDCB15BD0TYD7H0V6YZGSZ,2026-01-20T19:35:43.306999388Z,01KFEE07X889KRR9ZR3BVZBWD6,2026-01-20T19:35:43.306999388Z,01KFEE9KM4D473V34YVW8X7KQW,2026-01-20T19:35:43.306999388Z
01KFEHM4XPPD43MHFW3YV5Q74T,01KFEHA20TFYVSSENV0N2723W5,2026-01-20T20:30:32.374178749Z,20,2026-01-20T20:30:34.573956779Z,B,2026-01-20T20:30:34.546200646Z,01KFEHA25NESP3C46R1STZWY67,2026-01-20T20:30:32.374178749Z,01KFEHB2Z6PCQ5XRWRX0AQ3SH1,2026-01-20T20:30:32.374178749Z,01KFEHHR5JQ40720J5SRYMQSYX,2026-01-20T20:30:32.374178749Z
01KFEJ5EYVJHSSN8CMP5AN26QK,01KFEHA20TFYVSSENV0N2723W5,2026-01-20T20:39:59.707873322Z,10,2026-01-20T20:40:06.473393092Z,A,2026-01-20T20:40:06.426860658Z,01KFEHA25S6PYJD4DSX1VJG5FE,2026-01-20T20:39:59.707873322Z,01KFEHWFN7B5ZY9MX1Q0P1B17R,2026-01-20T20:39:59.707873322Z,01KFEJ3HP1X78D86VDDASM1XD0,2026-01-20T20:39:59.707873322Z
01KFEJ61WT2Y3ZQ8AT8DQM13E6,01KFEHA20TFYVSSENV0N2723W5,2026-01-20T20:40:19.098203816Z,20,2026-01-20T20:40:57.952528386Z,B,2026-01-20T20:40:21.890411631Z,01KFEHA25S6PYJD4DSX1VJG5FE,2026-01-20T20:40:19.098203816Z,01KFEHKBVRWD07VXT4ZKHQQAA6,2026-01-20T20:40:19.098203816Z,01KFEJ3HPKCNRE1VBVARDTQWG0,2026-01-20T20:40:19.098203816Z
01KFEJRZZ7RAB64RZTHT6NEV23,01KFEJ5CPJ5RGARFNN6Z0PCT4Q,2026-01-20T20:50:39.71952512Z,19,2026-01-20T20:50:54.490836995Z,C,2026-01-20T20:50:54.425712987Z,01KFEJ5CRSNMMQKHYMFD35850B,2026-01-20T20:50:39.71952512Z,01KFEJD683V7BW0EC67T5B9T0M,2026-01-20T20:50:39.71952512Z,01KFEJRTM5XRDJCFPH1GBSVRQH,2026-01-20T20:50:39.71952512Z
01KFEK29S26R80CGP8SZG78J6P,01KFEJ5C7H3Z5SGPPT0TCGAEB2,2026-01-20T20:55:44.674584725Z,0,2026-01-20T20:55:54.959471231Z,B,2026-01-20T20:55:54.901094491Z,01KFEJ5C8N149KF44PHZZN9T4C,2026-01-20T20:55:44.674584725Z,01KFEJVMRW9T2V3CVS7WW6T938,2026-01-20T20:55:44.674584725Z,01KFEK23PK8R1NTRV11G7Z6PW5,2026-01-20T20:55:44.674584725Z
01KFEFJNC7R83MKJNZ3YFN1BBC,01KFEDCAVEZK3QD8ZFC2PP83WE,2026-01-20T19:54:46.535059815Z,0,2026-01-20T19:54:52.570670679Z,C,2026-01-20T19:54:48.461182694Z,01KFEDCAVZJC7DD4AH1RF6NR9W,2026-01-20T19:54:46.535059815Z,01KFEFBH5ZZ770WWH7HK9VAC9K,2026-01-20T19:54:46.535059815Z,01KFEFFP3D8290N5CZYE4JVQ5H,2026-01-20T19:54:46.535059815Z
01KFEHK3QVQNQFEEVN7GWRCCJQ,01KFEHA1MRJDJA6FNTED28Z8HF,2026-01-20T20:29:58.39536864Z,29,2026-01-20T20:29:59.9502126Z,C,2026-01-20T20:29:59.874163377Z,01KFEHA1R32D8V3SKQA6BEDXA8,2026-01-20T20:29:58.39536864Z,01KFEHBPM0QM8692M9NW91QBAJ,2026-01-20T20:29:58.39536864Z,01KFEHGC777H54HK2P2YHAFFKZ,2026-01-20T20:29:58.39536864Z
01KFEJ7C8F7E76XTFEYXA0JEW9,01KFEHA20TFYVSSENV0N2723W5,2026-01-20T20:41:02.479532461Z,20,2026-01-20T20:41:06.426452095Z,A,2026-01-20T20:41:05.323049534Z,01KFEHA25S6PYJD4DSX1VJG5FE,2026-01-20T20:41:02.479532461Z,01KFEHWFN7B5ZY9MX1Q0P1B17R,2026-01-20T20:41:02.479532461Z,01KFEJ3HPZ91NMAPQ6MYD3EXAD,2026-01-20T20:41:02.479532461Z
01KFEJS9NNAD38S18KYCDW6EWQ,01KFEHAM0SBSN9QYCK4NGJTWCC,2026-01-20T20:50:49.653639188Z,10,2026-01-20T20:50:55.274518011Z,B,2026-01-20T20:50:54.62408414Z,01KFEHAM4AZFDTAG8DR1VA4141,2026-01-20T20:50:49.653639188Z,01KFEJFMC7CFQF46Z46BV1EM1Q,2026-01-20T20:50:49.653639188Z,01KFEJMJPQBTQ50WP8X5YMXXBN,2026-01-20T20:50:49.653639188Z
01KFEJWKYZMF0ME2BWRDYGEQF8,01KFEJ5C7H3Z5SGPPT0TCGAEB2,2026-01-20T20:52:38.495510257Z,0,2026-01-20T20:52:49.200717879Z,B,2026-01-20T20:52:48.930537986Z,01KFEJ5C9TA7ZE3V3TA0C9309P,2026-01-20T20:52:38.495510257Z,01KFEJC8857TJ96A66VP2R9ZC5,2026-01-20T20:52:38.495510257Z,01KFEJRA250QNXZVXXB2P6CVA2,2026-01-20T20:52:38.495510257Z
01KFEHSCF60P158VHB84ZT0NDG,01KFEHA1EJWPRPNCXBTHCF12K2,2026-01-20T20:33:23.942069102Z,20,2026-01-20T20:33:32.652641014Z,B,2026-01-20T20:33:26.726666981Z,01KFEHA1GRK7A014NXTNRF457G,2026-01-20T20:33:23.942069102Z,01KFEHFSGA9RW2KQK679GQ5Q17,2026-01-20T20:33:23.942069102Z,01KFEHPVK8B4QC3EEK3FGZW5H8,2026-01-20T20:33:23.942069102Z
01KFEHXQNXZCHR4JPR3HYKTME4,01KFEHA1MRJDJA6FNTED28Z8HF,2026-01-20T20:35:46.494971604Z,19,2026-01-20T20:35:50.947920036Z,C,2026-01-20T20:35:48.96151353Z,01KFEHA1QYV2E8SAEFNEHYNVTN,2026-01-20T20:35:46.494971604Z,01KFEHHH6AXDMAXMWAFCF5JGBC,2026-01-20T20:35:46.494971604Z,01KFEHSJJ1RS48DCWZPCEB87MA,2026-01-20T20:35:46.494971604Z
01KFEEMWM8AQB576V8HY9KZ0AW,01KFEDCCAW3ZY6KSKNHTKZ971F,2026-01-20T19:38:30.920967818Z,20,2026-01-20T19:38:37.859352933Z,A,2026-01-20T19:38:35.481136148Z,01KFEDCCBDJ82W4YK2PN7VDTAX,2026-01-20T19:38:30.920967818Z,01KFEE85J92QXNE2691FZPHW2Z,2026-01-20T19:38:30.920967818Z,01KFEEE80D066V0AJZMJEF0FCZ,2026-01-20T19:38:30.920967818Z
01KFEHRS44B3B4275VXXT2R8NR,01KFEHA1EJWPRPNCXBTHCF12K2,2026-01-20T20:33:04.132989838Z,10,2026-01-20T20:33:09.810577977Z,B,2026-01-20T20:33:09.780196551Z,01KFEHA1GDXTPSA0SX8CRPX47C,2026-01-20T20:33:04.132989838Z,01KFEHFHGVMZZ35F5CSBQJBJM3,2026-01-20T20:33:04.132989838Z,01KFEHNSF6SHJ1G6MMYB05DB0R,2026-01-20T20:33:04.132989838Z
01KFEJGZWGAWQ167C35MHJAV1C,01KFEHAM72H3ZNN8G0T2BCT79K,2026-01-20T20:46:17.488176807Z,,,C,2026-01-20T20:46:27.023474784Z,01KFEHAMBA8MCT3G2N9WQDMPVA,2026-01-20T20:46:17.488176807Z,01KFEJ7YP4KDRT1SGB4CXPSW4H,2026-01-20T20:46:17.488176807Z,01KFEJFFVNDK75WDRWWNFGVYYQ,2026-01-20T20:46:17.488176807Z
01KFEJSYANM44YDMGN8A12QJX6,01KFEHAM72H3ZNN8G0T2BCT79K,2026-01-20T20:51:10.8054505Z,0,2026-01-20T20:51:44.795628652Z,D,2026-01-20T20:51:44.730936685Z,01KFEHAMATV7GY0NQF17M2P0MD,2026-01-20T20:51:10.8054505Z,01KFEJ9C86SAQ3FA5GXN0A1JWJ,2026-01-20T20:51:10.8054505Z,01KFEJMAX0TQ60MJGJSECGVXDK,2026-01-20T20:51:10.8054505Z
01KFEK3M500A913F3Z082EQK8N,01KFEJ5C7H3Z5SGPPT0TCGAEB2,2026-01-20T20:56:28.064816842Z,0,2026-01-20T20:56:37.628041562Z,C,2026-01-20T20:56:33.74013327Z,01KFEJ5C9822567XDA8A9QG0G3,2026-01-20T20:56:28.064816842Z,01KFEJTATNKXCTW38TD0J18TFE,2026-01-20T20:56:28.064816842Z,01KFEK0Q1FH3DY1RK2H5WCN6ZA,2026-01-20T20:56:28.064816842Z
01KFEK3VN24T8SHQ73MYC2J6XG,01KFEJ5C7H3Z5SGPPT0TCGAEB2,2026-01-20T20:56:35.746218026Z,0,2026-01-20T20:56:41.651997626Z,A,2026-01-20T20:56:38.837975528Z,01KFEJ5C8N149KF44PHZZN9T4C,2026-01-20T20:56:35.746218026Z,01KFEJVMRW9T2V3CVS7WW6T938,2026-01-20T20:56:35.746218026Z,01KFEK23TVQF8E0W37BR15C07X,2026-01-20T20:56:35.746218026Z
01KFEE1X61ZZXYZC5DNAB6RG4G,01KFEDCC1ZHDDN3CP9JWF4PGTF,2026-01-20T19:28:08.897670563Z,17,2026-01-20T19:28:17.914603927Z,D,2026-01-20T19:28:13.486427736Z,01KFEDCC2JDADMPT5RVP2N7S0X,2026-01-20T19:28:08.897670563Z,01KFEDQK6ZX4EYK4N5S5CFQ5FY,2026-01-20T19:28:08.897670563Z,01KFEDZ3343NHHW6SXBF4HK0M9,2026-01-20T19:28:08.897670563Z
01KFEE6BT8YXV21C0T4Q5GMNW4,01KFEDCB0G5KS91T4MD9JTDSA4,2026-01-20T19:30:34.95236307Z,19,2026-01-20T19:30:37.763239816Z,C,2026-01-20T19:30:36.44713359Z,01KFEDCB197E7YMN5STVXKHS22,2026-01-20T19:30:34.95236307Z,01KFEDRBWHPV4A332ZXM2PZSR4,2026-01-20T19:30:34.95236307Z,01KFEE2FC0NCXNN30B8EHW3QHJ,2026-01-20T19:30:34.95236307Z
01KFEHY39TF169JHBA1PBPQFYJ,01KFEHA1EJWPRPNCXBTHCF12K2,2026-01-20T20:35:58.394997063Z,0,2026-01-20T20:36:14.808138048Z,C,2026-01-20T20:36:14.77963368Z,01KFEHA1GPSKM8FTTA039GX2FE,2026-01-20T20:35:58.394997063Z,01KFEHGGC977SV7QXMD0KQJ3VM,2026-01-20T20:35:58.394997063Z,01KFEHRJYKMDK30R3EWAGRZ6SH,2026-01-20T20:35:58.394997063Z
01KFEJMR1MYNY6DFH6CBTKYQ9T,01KFEHAM0SBSN9QYCK4NGJTWCC,2026-01-20T20:48:20.532999351Z,10,2026-01-20T20:48:24.117092711Z,A,2026-01-20T20:48:24.054736714Z,01KFEHAM45R1366856G6A2WGHZ,2026-01-20T20:48:20.532999351Z,01KFEHW1PTS6VD3Q9W69X0CC7S,2026-01-20T20:48:20.532999351Z,01KFEJBBTZ1JJAWXJD9N3E2NJF,2026-01-20T20:48:20.532999351Z
01KFEJWPRXEEZDSEA2JNNXQHTY,01KFEHAM72H3ZNN8G0T2BCT79K,2026-01-20T20:52:41.373176837Z,10,2026-01-20T20:52:46.52400208Z,B,2026-01-20T20:52:46.454460887Z,01KFEHAMATV7GY0NQF17M2P0MD,2026-01-20T20:52:41.373176837Z,01KFEJ5D2KZA6HXFGKH7XFG11W,2026-01-20T20:52:41.373176837Z,01KFEJMAYF2968VWRA6XN1XBDK,2026-01-20T20:52:41.373176837Z
01KFEHJN5EKD8X8Z5QMV5KGHY3,01KFEHA20TFYVSSENV0N2723W5,2026-01-20T20:29:43.470705348Z,7,2026-01-20T20:29:50.506705842Z,D,2026-01-20T20:29:50.48757705Z,01KFEHA25NESP3C46R1STZWY67,2026-01-20T20:29:43.470705348Z,01KFEHB2Z6PCQ5XRWRX0AQ3SH1,2026-01-20T20:29:43.470705348Z,01KFEHHR66C25E93ANBEDKJV69,2026-01-20T20:29:43.470705348Z
01KFEHVH0B30JECAZ7F1E65JSW,01KFEHA1EJWPRPNCXBTHCF12K2,2026-01-20T20:34:34.123707783Z,7,2026-01-20T20:34:38.792690614Z,D,2026-01-20T20:34:38.462566638Z,01KFEHA1GRK7A014NXTNRF457G,2026-01-20T20:34:34.123707783Z,01KFEHG6C81JZ80FMVPH00AMCG,2026-01-20T20:34:34.123707783Z,01KFEHPVKTGS5Z6HYYZAX1J53H,2026-01-20T20:34:34.123707783Z
01KFEHZVN5XJN37HKA1DHDPRWE,01KFEHA1W0DBA89GCQ87GA4EG5,2026-01-20T20:36:56.101984738Z,0,2026-01-20T20:37:00.722108574Z,C,2026-01-20T20:37:00.273601752Z,01KFEHA1Z72TJ9J0QENR016CFN,2026-01-20T20:36:56.101984738Z,01KFEHVQ5CHDKKYBKKZ5GXNMKV,2026-01-20T20:36:56.101984738Z,01KFEHZ0EDSYB0Z93HCXMAZ2V2,2026-01-20T20:36:56.101984738Z
01KFEJSFVMYTM2BHBY3K3HQ3GZ,01KFEHAM72H3ZNN8G0T2BCT79K,2026-01-20T20:50:55.988896013Z,10,2026-01-20T20:51:05.996702146Z,B,2026-01-20T20:51:00.071189572Z,01KFEHAMB21FYRXZN71VHCADQA,2026-01-20T20:50:55.988896013Z,01KFEJD79KCD2FZ3DWAFCC6NHA,2026-01-20T20:50:55.988896013Z,01KFEJQTFD6VKBWGGGJ8Q195SB,2026-01-20T20:50:55.988896013Z
01KFEFHCMNRGZ5W5TVMMF5NCHB,01KFEDCAVEZK3QD8ZFC2PP83WE,2026-01-20T19:54:04.821860331Z,10,2026-01-20T19:54:16.304067996Z,A,2026-01-20T19:54:16.291279146Z,01KFEDCAVXCN1BR0PV518R81QD,2026-01-20T19:54:04.821860331Z,01KFEFAMDQ915GZ68HPFMQXZ9N,2026-01-20T19:54:04.821860331Z,01KFEFE5TDAMSZNJFQD4C7HW0T,2026-01-20T19:54:04.821860331Z
01KFEFM41Z84GWQXQHFBCHHJ1Y,01KFEDCAVEZK3QD8ZFC2PP83WE,2026-01-20T19:55:34.335616044Z,19,2026-01-20T19:55:37.770747232Z,C,2026-01-20T19:55:35.450698517Z,01KFEDCAVZJC7DD4AH1RF6NR9W,2026-01-20T19:55:34.335616044Z,01KFEF0XCN2JDQQD559T0PP43B,2026-01-20T19:55:34.335616044Z,01KFEFFP4TF721Y66F9TCYX31J,2026-01-20T19:55:34.335616044Z
01KFEHJATYH8MM7NKQ569MCXJ0,01KFEHA20TFYVSSENV0N2723W5,2026-01-20T20:29:32.894982375Z,19,2026-01-20T20:29:37.911249282Z,C,2026-01-20T20:29:36.118754816Z,01KFEHA25NESP3C46R1STZWY67,2026-01-20T20:29:32.894982375Z,01KFEHB2Z6PCQ5XRWRX0AQ3SH1,2026-01-20T20:29:32.894982375Z,01KFEHHR3XAR2ZCAXRQA7DHW1Y,2026-01-20T20:29:32.894982375Z
01KFEHN2YGZPK8E5HGD4KP56H6,01KFEHA1W0DBA89GCQ87GA4EG5,2026-01-20T20:31:03.120876262Z,29,2026-01-20T20:31:05.068226104Z,C,2026-01-20T20:31:05.039731201Z,01KFEHA1ZNDEMMB0DK92YAW8BD,2026-01-20T20:31:03.120876262Z,01KFEHEBSJCV2WCY6FBMMN65A3,2026-01-20T20:31:03.120876262Z,01KFEHHMVXHCP1NTF6XSXJWM0B,2026-01-20T20:31:03.120876262Z
01KFEK63G23GGCY87RW1BE2EAF,01KFEJ5C7H3Z5SGPPT0TCGAEB2,2026-01-20T20:57:49.314197104Z,10,2026-01-20T20:57:53.250664731Z,B,2026-01-20T20:57:53.19175153Z,01KFEJ5C9822567XDA8A9QG0G3,2026-01-20T20:57:49.314197104Z,01KFEJTATNKXCTW38TD0J18TFE,2026-01-20T20:57:49.314197104Z,01KFEK0Q591XTRXWM8420D0WYB,2026-01-20T20:57:49.314197104Z
01KFEEVVJH3Y4DNV8N2PF1XG62,01KFEDCCH0VMFH7P25F40PD43N,2026-01-20T19:42:19.217539642Z,29,2026-01-20T19:42:22.176065747Z,C,2026-01-20T19:42:22.152509476Z,01KFEDCCHJADFRJT5F5VJ9ST9F,2026-01-20T19:42:19.217539642Z,01KFEEKE9WXRZWBRXYDQ5J10WV,2026-01-20T19:42:19.217539642Z,01KFEERHSRZB3Y9G2D4PTRHBTT,2026-01-20T19:42:19.217539642Z
01KFEFJ90RB09QJW3WJ7A1Y6DZ,01KFEDC9EK94N2WNCHE5RRQHCJ,2026-01-20T19:54:33.880041333Z,10,2026-01-20T19:54:39.959318319Z,A,2026-01-20T19:54:37.128534052Z,01KFEDC9FF7T49EPA99GZDGH84,2026-01-20T19:54:33.880041333Z,01KFEFB7KJED56AXX5RHJAHZFZ,2026-01-20T19:54:33.880041333Z,01KFEFG2Q2XM0DM6VCZGB4C33J,2026-01-20T19:54:33.880041333Z
01KFEHH8TZF5R9V94T8865PXHS,01KFEHA1EJWPRPNCXBTHCF12K2,2026-01-20T20:28:58.07980851Z,0,2026-01-20T20:29:01.870098447Z,C,2026-01-20T20:29:01.852393786Z,01KFEHA1GK3DQ7TRWFWA7J267H,2026-01-20T20:28:58.07980851Z,01KFEHBP1ZE2AV6NAD8SG9ZGBW,2026-01-20T20:28:58.07980851Z,01KFEHFC19AQ7EGX7N74WH0GVR,2026-01-20T20:28:58.07980851Z
01KFEJVX2DAZX978GSJ11Z2FAM,01KFEJ5C7H3Z5SGPPT0TCGAEB2,2026-01-20T20:52:15.053624518Z,29,2026-01-20T20:52:26.238108915Z,C,2026-01-20T20:52:22.194001714Z,01KFEJ5C9TA7ZE3V3TA0C9309P,2026-01-20T20:52:15.053624518Z,01KFEJC8857TJ96A66VP2R9ZC5,2026-01-20T20:52:15.053624518Z,01KFEJRA1FCP7TCF4HJNKB51NS,2026-01-20T20:52:15.053624518Z
01KFEFWHZ3MN8YQV9C13Q3WSTY,01KFEDCAVEZK3QD8ZFC2PP83WE,2026-01-20T20:00:10.723943567Z,10,2026-01-20T20:00:13.903579854Z,A,2026-01-20T20:00:12.268197081Z,01KFEDCAVZJC7DD4AH1B24TEC6,2026-01-20T20:00:10.723943567Z,01KFEFE9N9CHB9632BFKRF4P6F,2026-01-20T20:00:10.723943567Z,01KFEFNGZ7JGWJ6ERKS84EDZBS,2026-01-20T20:00:10.723943567Z
01KFEHMHQ55CVTSQG9WN0DJTPW,01KFEHA1MRJDJA6FNTED28Z8HF,2026-01-20T20:30:45.477156658Z,7,2026-01-20T20:30:48.085301672Z,D,2026-01-20T20:30:46.683065348Z,01KFEHA1R32D8V3SKQA6BEDXA8,2026-01-20T20:30:45.477156658Z,01KFEHBPM0QM8692M9NW91QBAJ,2026-01-20T20:30:45.477156658Z,01KFEHGC8WGHDF8AP0WS6ME5SQ,2026-01-20T20:30:45.477156658Z
01KFEHXDSPM1TN46D1KM5WFS9N,01KFEHA1MRJDJA6FNTED28Z8HF,2026-01-20T20:35:36.374484805Z,0,2026-01-20T20:35:43.505315678Z,C,2026-01-20T20:35:43.351577463Z,01KFEHA1QYV2E8SAEFNEHYNVTN,2026-01-20T20:35:36.374484805Z,01KFEHHH6AXDMAXMWAFCF5JGBC,2026-01-20T20:35:36.374484805Z,01KFEHSJHVSAMEZGKB6QKEWY40,2026-01-20T20:35:36.374484805Z
01KFEE3FR115VMFA5HWZFQ0G9X,01KFEDCC1ZHDDN3CP9JWF4PGTF,2026-01-20T19:29:00.673774419Z,17,2026-01-20T19:29:02.935143583Z,D,2026-01-20T19:29:02.576445044Z,01KFEDCC2JDADMPT5RVP2N7S0X,2026-01-20T19:29:00.673774419Z,01KFEDQK6ZX4EYK4N5S5CFQ5FY,2026-01-20T19:29:00.673774419Z,01KFEDZ331KHXNHJEDC9ZPQ3SR,2026-01-20T19:29:00.673774419Z
01KFEFKGP2QEM7A03MFE6ZECXH,01KFEDC9EK94N2WNCHE5RRQHCJ,2026-01-20T19:55:14.498751134Z,10,2026-01-20T19:55:21.322245098Z,A,2026-01-20T19:55:20.620200874Z,01KFEDC9FF7T49EPA99GZDGH84,2026-01-20T19:55:14.498751134Z,01KFEFB7KJED56AXX5RHJAHZFZ,2026-01-20T19:55:14.498751134Z,01KFEFG2QFS8QMXYNAGGYFSPQK,2026-01-20T19:55:14.498751134Z
01KFEHMPSMTF790VXCS9G2RYR7,01KFEHA1MRJDJA6FNTED28Z8HF,2026-01-20T20:30:50.676124155Z,0,2026-01-20T20:30:54.528617754Z,C,2026-01-20T20:30:51.947685098Z,01KFEHA1R32D8V3SKQA6BEDXA8,2026-01-20T20:30:50.676124155Z,01KFEHBPM0QM8692M9NW91QBAJ,2026-01-20T20:30:50.676124155Z,01KFEHGC8ZMSQ0HSNRV9JMXR2W,2026-01-20T20:30:50.676124155Z
01KFEJ1EQBDC6W56VQ10B926TY,01KFEHA1W0DBA89GCQ87GA4EG5,2026-01-20T20:37:48.395309438Z,20,2026-01-20T20:37:53.854002465Z,B,2026-01-20T20:37:51.623159136Z,01KFEHA1Z72TJ9J0QENR016CFN,2026-01-20T20:37:48.395309438Z,01KFEHMDY2YXCAA0WMRPTSEKC9,2026-01-20T20:37:48.395309438Z,01KFEHZ0G17F90ZJHX83NBG7SS,2026-01-20T20:37:48.395309438Z
01KFEJ47JZJJ78FWE02PCK1RAT,01KFEHA20TFYVSSENV0N2723W5,2026-01-20T20:39:19.391549554Z,0,2026-01-20T20:39:27.508282088Z,C,2026-01-20T20:39:25.503252441Z,01KFEHA25QS717K28J0SK0Z44C,2026-01-20T20:39:19.391549554Z,01KFEHRJ9VA6B41V2MY68WZGEG,2026-01-20T20:39:19.391549554Z,01KFEHZD9275N1H1GSHQ81WHM6,2026-01-20T20:39:19.391549554Z
01KFEEE4G2M6K9QKSG21TCN6MH,01KFEDCB0G5KS91T4MD9JTDSA4,2026-01-20T19:34:49.602640632Z,19,2026-01-20T19:34:54.597947885Z,C,2026-01-20T19:34:54.24846151Z,01KFEDCB15BD0TYD7H0V6YZGSZ,2026-01-20T19:34:49.602640632Z,01KFEE2B09J1P0X60NY0EGT3C2,2026-01-20T19:34:49.602640632Z,01KFEE9KKVW2FM3E9J48FPMHEG,2026-01-20T19:34:49.602640632Z
01KFEENVV79CY3K1SDTX5W90FM,01KFEDCCAW3ZY6KSKNHTKZ971F,2026-01-20T19:39:02.88779798Z,0,2026-01-20T19:39:08.269497124Z,C,2026-01-20T19:39:08.094346525Z,01KFEDCCBDJ82W4YK2PN7VDTAX,2026-01-20T19:39:02.88779798Z,01KFEE6KZQR5PP1P0PS1XNKJRD,2026-01-20T19:39:02.88779798Z,01KFEEE80FXX9G4QM64BEV7JVD,2026-01-20T19:39:02.88779798Z
01KFEJFMJTRNBR5RTX4YREQKG3,01KFEHAM0SBSN9QYCK4NGJTWCC,2026-01-20T20:45:33.146214986Z,20,2026-01-20T20:45:49.950061126Z,B,2026-01-20T20:45:39.833719147Z,01KFEHAM45R1366856G6A2WGHZ,2026-01-20T20:45:33.146214986Z,01KFEHW1PTS6VD3Q9W69X0CC7S,2026-01-20T20:45:33.146214986Z,01KFEJBBPTWMCDWC3WVH6FAGX9,2026-01-20T20:45:33.146214986Z
01KFEJH76QK61Z6SND84WAF0S0,01KFEHAKK9QMW81MWT2FF1CSZA,2026-01-20T20:46:24.983633454Z,0,2026-01-20T20:46:39.884368451Z,B,2026-01-20T20:46:33.280833316Z,01KFEHAKMHNYFE3MQRK8FHXJ0Z,2026-01-20T20:46:24.983633454Z,01KFEJB2W6BH18AH4P7SQHZV0H,2026-01-20T20:46:24.983633454Z,01KFEJH2SWMN0T2P51YG7E44QN,2026-01-20T20:46:24.983633454Z
01KFEFG07Z1ENVXGJZJ5MB1AX6,01KFEDCAVEZK3QD8ZFC2PP83WE,2026-01-20T19:53:19.359736513Z,19,2026-01-20T19:53:21.131638067Z,C,2026-01-20T19:53:21.106281426Z,01KFEDCAVXCN1BR0PV518R81QD,2026-01-20T19:53:19.359736513Z,01KFEF0CM1HH5QRYS1YH4TW6EV,2026-01-20T19:53:19.359736513Z,01KFEFE5TMDQYBDVFF54CRK885,2026-01-20T19:53:19.359736513Z
01KFEFHNFZPK08N3VY3D89A4KF,01KFEDCCH0VMFH7P25F40PD43N,2026-01-20T19:54:13.887404512Z,20,2026-01-20T19:54:16.10148233Z,A,2026-01-20T19:54:16.044776606Z,01KFEDCCHH44R979H37GT2B68J,2026-01-20T19:54:13.887404512Z,01KFEFADJR1SXTG9225WD5SFVJ,2026-01-20T19:54:13.887404512Z,01KFEFDZCVJY0E8B1QDQTTV3WD,2026-01-20T19:54:13.887404512Z
01KFEK6TK9DT972EVVMP50GSY0,01KFEJ5C7H3Z5SGPPT0TCGAEB2,2026-01-20T20:58:12.969198327Z,20,2026-01-20T20:58:15.744944332Z,B,2026-01-20T20:58:15.694455776Z,01KFEJ5C9822567XDA8A9QG0G3,2026-01-20T20:58:12.969198327Z,01KFEJTATNKXCTW38TD0J18TFE,2026-01-20T20:58:12.969198327Z,01KFEK0Q3T95EZ2KTX9NSMY573,2026-01-20T20:58:12.969198327Z
01KFEJE9Y9D973YW3MQ6AWK2VK,01KFEHAM0SBSN9QYCK4NGJTWCC,2026-01-20T20:44:49.481214627Z,0,2026-01-20T20:44:57.54923646Z,B,2026-01-20T20:44:57.38393054Z,01KFEHAM3ZX2QFEZ4F28QFW79D,2026-01-20T20:44:49.481214627Z,01KFEJ99258GDSZYNA4N0ER3PR,2026-01-20T20:44:49.481214627Z,01KFEJDCPEHAMFN7YYTJ618NS2,2026-01-20T20:44:49.481214627Z
01KFEK6CN3QCV4ZV9297QQP36J,01KFEJ5C7H3Z5SGPPT0TCGAEB2,2026-01-20T20:57:58.691594492Z,19,2026-01-20T20:58:07.23499108Z,C,2026-01-20T20:58:00.711915985Z,01KFEJ5C9822567XDA8A9QG0G3,2026-01-20T20:57:58.691594492Z,01KFEJRM0CNFF8YTKCA6JC16CE,2026-01-20T20:57:58.691594492Z,01KFEK0Q4DNBTNG0DNTWP8EMSZ,2026-01-20T20:57:58.691594492Z
01KFEJYJ53EQ2AST7QEASC7JH1,01KFEJ5DKDD8ED3R70AXWWV7TA,2026-01-20T20:53:42.179542181Z,29,2026-01-20T20:53:44.720472849Z,C,2026-01-20T20:53:44.308100674Z,01KFEJ5DPFFD934S0E2GQ1B9RR,2026-01-20T20:53:42.179542181Z,01KFEJJ4V0E3E83F88J6MK6KAW,2026-01-20T20:53:42.179542181Z,01KFEJVCWVC8244D1ZR2JHF9YK,2026-01-20T20:53:42.179542181Z
01KFEHGS853J694058R46SBQNB,01KFEHA1EJWPRPNCXBTHCF12K2,2026-01-20T20:28:42.117087741Z,10,2026-01-20T20:28:50.306971006Z,B,2026-01-20T20:28:45.709306629Z,01KFEHA1GK3DQ7TRWFWA7J267H,2026-01-20T20:28:42.117087741Z,01KFEHC1N15W3XF2S9JNREZ5AJ,2026-01-20T20:28:42.117087741Z,01KFEHFC15BQTXA95T3CRJEPMZ,2026-01-20T20:28:42.117087741Z
01KFEHWNNR7N7QM6Y5Y14JJFAC,01KFEHA1EJWPRPNCXBTHCF12K2,2026-01-20T20:35:11.672285135Z,17,2026-01-20T20:35:17.845079636Z,D,2026-01-20T20:35:17.807299771Z,01KFEHA1GRK7A014NXTNRF457G,2026-01-20T20:35:11.672285135Z,01KFEHG6C81JZ80FMVPH00AMCG,2026-01-20T20:35:11.672285135Z,01KFEHPVMFPQZD52XPCSRY8XA9,2026-01-20T20:35:11.672285135Z
01KFEHKFWFEFSXM1JWB47KJTDD,01KFEHA1EJWPRPNCXBTHCF12K2,2026-01-20T20:30:10.831578837Z,0,2026-01-20T20:30:15.106247825Z,D,2026-01-20T20:30:15.088815167Z,01KFEHA1GK3DQ7TRWFWA7J267H,2026-01-20T20:30:10.831578837Z,01KFEHBP1ZE2AV6NAD8SG9ZGBW,2026-01-20T20:30:10.831578837Z,01KFEHFC27XVD3DPHFPH9XV6WR,2026-01-20T20:30:10.831578837Z
01KFEJWWWGKCVAJDMHY9MXE0S5,01KFEHAM72H3ZNN8G0T2BCT79K,2026-01-20T20:52:47.632213143Z,0,2026-01-20T20:52:55.860662764Z,B,2026-01-20T20:52:55.810196662Z,01KFEHAMB21FYRXZN71VHCADQA,2026-01-20T20:52:47.632213143Z,01KFEJA6ZV4RH275A9Q04XR97K,2026-01-20T20:52:47.632213143Z,01KFEJQTNJGH9ER7YDF9MQRB6F,2026-01-20T20:52:47.632213143Z
01KFEFF3EFJBQ9XCXT506KRWV1,01KFEDCCH0VMFH7P25F40PD43N,2026-01-20T19:52:49.871949541Z,0,2026-01-20T19:53:00.327318543Z,C,2026-01-20T19:53:00.311171761Z,01KFEDCCHH44R979H37GT2B68J,2026-01-20T19:52:49.871949541Z,01KFEFADJR1SXTG9225WD5SFVJ,2026-01-20T19:52:49.871949541Z,01KFEFDZCCHMRRR54B9WYPK4HA,2026-01-20T19:52:49.871949541Z
01KFEFM4259MX9FJYPSG6FXQ3Z,01KFEDCAVEZK3QD8ZFC2PP83WE,2026-01-20T19:55:34.34150001Z,10,2026-01-20T19:55:37.770747232Z,B,2026-01-20T19:55:37.754091075Z,01KFEDCAVZJC7DD4AH1RF6NR9W,2026-01-20T19:55:34.34150001Z,01KFEFBH5ZZ770WWH7HK9VAC9K,2026-01-20T19:55:34.34150001Z,01KFEFFP4TF721Y66F9TCYX31J,2026-01-20T19:55:34.34150001Z
01KFEEWJVE69A6RK6AHT2WR4XW,01KFEDCCH0VMFH7P25F40PD43N,2026-01-20T19:42:43.054551229Z,29,2026-01-20T19:42:48.517582334Z,C,2026-01-20T19:42:45.179684939Z,01KFEDCCHJADFRJT5F5VJ9ST9F,2026-01-20T19:42:43.054551229Z,01KFEEKE9WXRZWBRXYDQ5J10WV,2026-01-20T19:42:43.054551229Z,01KFEERHSJ43RDEK3RME28HPJV,2026-01-20T19:42:43.054551229Z
01KFEEYQMD35796EK4HAQTMN7F,01KFEDCCAW3ZY6KSKNHTKZ971F,2026-01-20T19:43:53.485712211Z,10,2026-01-20T19:43:55.506311063Z,B,2026-01-20T19:43:54.949860817Z,01KFEDCCBE716PRHN8Q6NQV6ZT,2026-01-20T19:43:53.485712211Z,01KFEEMRW7PPKZGT4SNXBV2JSZ,2026-01-20T19:43:53.485712211Z,01KFEEV7VCBGXA4JJDH28D0KYZ,2026-01-20T19:43:53.485712211Z
01KFEJJV99SNPZCAB36S6D5961,01KFEHAKWNS08RQENHQ36ND5GA,2026-01-20T20:47:18.313296057Z,0,2026-01-20T20:48:06.27329641Z,C,2026-01-20T20:47:30.63660946Z,01KFEHAKXJ10EJRCGF487MPEAV,2026-01-20T20:47:18.313296057Z,01KFEJABGC6P623T7A5G0Q33VP,2026-01-20T20:47:18.313296057Z,01KFEJJPPM699KY8AKKRT8WR3N,2026-01-20T20:47:18.313296057Z
01KFEJZFMRDW90RDXMT1XAS0FQ,01KFEJ5E832Q64ZNG3ZKPXGHJ5,2026-01-20T20:54:12.376486215Z,19,2026-01-20T20:54:18.249814362Z,C,2026-01-20T20:54:14.09538626Z,01KFEJ5EA7VXFPKNKHCS7D0Y4Z,2026-01-20T20:54:12.376486215Z,01KFEJNVB651FPQEK7J4Z5SF1P,2026-01-20T20:54:12.376486215Z,01KFEJW1YK121WKE74AE71N4VR,2026-01-20T20:54:12.376486215Z
01KFEK40V4RTQ4ZAJZC48ES9RM,01KFEJ5CPJ5RGARFNN6Z0PCT4Q,2026-01-20T20:56:41.060561114Z,19,2026-01-20T20:56:47.040308476Z,C,2026-01-20T20:56:45.368677061Z,01KFEJ5CRSNMMQKHYMFD35850B,2026-01-20T20:56:41.060561114Z,01KFEJD683V7BW0EC67T5B9T0M,2026-01-20T20:56:41.060561114Z,01KFEJRTVNA5MW8YMQFWAPXPEZ,2026-01-20T20:56:41.060561114Z
01KFEJ39GJ676F1X1QG2MAWFZ0,01KFEHA20TFYVSSENV0N2723W5,2026-01-20T20:38:48.594926227Z,0,2026-01-20T20:39:07.011771861Z,A,2026-01-20T20:39:04.665406923Z,01KFEHA25QS717K28J0SK0Z44C,2026-01-20T20:38:48.594926227Z,01KFEHRW225KHB0BFZQ8Z8WCRA,2026-01-20T20:38:48.594926227Z,01KFEHZD88H9R4KNHHB0DQRJKN,2026-01-20T20:38:48.594926227Z
01KFEJHK2ABF086REARGPZC2GB,01KFEHAKWNS08RQENHQ36ND5GA,2026-01-20T20:46:37.130943027Z,10,2026-01-20T20:46:41.732561666Z,A,2026-01-20T20:46:41.675950352Z,01KFEHAKXZ2D55CPVCZM6D4RJ0,2026-01-20T20:46:37.130943027Z,01KFEJ662NZ8QDF6V5FK0QSJHC,2026-01-20T20:46:37.130943027Z,01KFEJCPWJN6B4W817RXHBSNGJ,2026-01-20T20:46:37.130943027Z
01KFEJYQ8FFYD9ZPEC1R8WN6YE,01KFEHAM72H3ZNN8G0T2BCT79K,2026-01-20T20:53:47.407294318Z,19,2026-01-20T20:53:52.559990736Z,C,2026-01-20T20:53:52.428346314Z,01KFEHAMATV7GY0NQF17M2P0MD,2026-01-20T20:53:47.407294318Z,01KFEJ9C86SAQ3FA5GXN0A1JWJ,2026-01-20T20:53:47.407294318Z,01KFEJMB0VKBNJ8WVXX0JE323F,2026-01-20T20:53:47.407294318Z
01KFEE0BB15SFHK013VM17CR94,01KFEDCC1ZHDDN3CP9JWF4PGTF,2026-01-20T19:27:17.857861802Z,0,2026-01-20T19:27:25.16819722Z,C,2026-01-20T19:27:24.980077372Z,01KFEDCC2JDADMPT5RVP2N7S0X,2026-01-20T19:27:17.857861802Z,01KFEDNQAB8C2AFG7D4ZXA4K64,2026-01-20T19:27:17.857861802Z,01KFEDZ32KCEM7CMZ5B6NHATC7,2026-01-20T19:27:17.857861802Z
01KFEJB9QDGXQSWKXDTG51BEBS,01KFEHAKWNS08RQENHQ36ND5GA,2026-01-20T20:43:10.957498608Z,19,2026-01-20T20:43:19.251249375Z,C,2026-01-20T20:43:19.199408322Z,01KFEHAKXRHSJ1AHAHDK0DQA4P,2026-01-20T20:43:10.957498608Z,01KFEHYT1QK83WA2T7KG6GRDV0,2026-01-20T20:43:10.957498608Z,01KFEJ9XN5084169SVTKT439XR,2026-01-20T20:43:10.957498608Z
01KFEHHTSK99B1R36P9FTC76CX,01KFEHA1EJWPRPNCXBTHCF12K2,2026-01-20T20:29:16.46735169Z,7,2026-01-20T20:29:18.766208493Z,D,2026-01-20T20:29:18.446687175Z,01KFEHA1GK3DQ7TRWFWA7J267H,2026-01-20T20:29:16.46735169Z,01KFEHC1N15W3XF2S9JNREZ5AJ,2026-01-20T20:29:16.46735169Z,01KFEHFC1JSV9M7RB2VMWC8EQT,2026-01-20T20:29:16.46735169Z
01KFEHM4XH3HH17YYD6CMWTJF7,01KFEHA20TFYVSSENV0N2723W5,2026-01-20T20:30:32.369652287Z,20,2026-01-20T20:30:34.573956779Z,A,2026-01-20T20:30:33.448143231Z,01KFEHA25NESP3C46R1STZWY67,2026-01-20T20:30:32.369652287Z,01KFEHE6NX6FXVRTV1KPH8TKWC,2026-01-20T20:30:32.369652287Z,01KFEHHR5JQ40720J5SRYMQSYX,2026-01-20T20:30:32.369652287Z
01KFEHN73RQ0VKQZAT12YK0BDY,01KFEHA20TFYVSSENV0N2723W5,2026-01-20T20:31:07.384570636Z,20,2026-01-20T20:31:08.715426487Z,A,2026-01-20T20:31:08.62399907Z,01KFEHA25NESP3C46R1STZWY67,2026-01-20T20:31:07.384570636Z,01KFEHE6NX6FXVRTV1KPH8TKWC,2026-01-20T20:31:07.384570636Z,01KFEHHR4GSN86YJ62510N61RK,2026-01-20T20:31:07.384570636Z
01KFEHQV15YKNVDQAZSD9BEDK6,01KFEHA1MRJDJA6FNTED28Z8HF,2026-01-20T20:32:33.317519583Z,7,2026-01-20T20:32:44.163092552Z,D,2026-01-20T20:32:39.439797566Z,01KFEHA1QDYX27N1S60Z95NKD9,2026-01-20T20:32:33.317519583Z,01KFEHFDNYYM4VRPKVABD0N8W8,2026-01-20T20:32:33.317519583Z,01KFEHQRY7BWP3Q9R8CQSNGN6M,2026-01-20T20:32:33.317519583Z
01KFEJM9116QV0D2THR0HXNJDV,01KFEHAM0SBSN9QYCK4NGJTWCC,2026-01-20T20:48:05.153501603Z,10,2026-01-20T20:48:12.310805325Z,B,2026-01-20T20:48:07.893803972Z,01KFEHAM45R1366856G6A2WGHZ,2026-01-20T20:48:05.153501603Z,01KFEHW1PTS6VD3Q9W69X0CC7S,2026-01-20T20:48:05.153501603Z,01KFEJBBTJPK158GE8SASY258R,2026-01-20T20:48:05.153501603Z
01KFEK53QR0EY5GHZ432A4RVD3,01KFEJ5C7H3Z5SGPPT0TCGAEB2,2026-01-20T20:57:16.792458394Z,0,2026-01-20T20:57:19.446221478Z,C,2026-01-20T20:57:19.378281423Z,01KFEJ5C9822567XDA8A9QG0G3,2026-01-20T20:57:16.792458394Z,01KFEJTATNKXCTW38TD0J18TFE,2026-01-20T20:57:16.792458394Z,01KFEK0Q7XYWW9NTF7CPP31BQN,2026-01-20T20:57:16.792458394Z
01KFEEFFGSJ6NF8X8FTKZRFDSP,01KFEDCB0G5KS91T4MD9JTDSA4,2026-01-20T19:35:33.657602561Z,10,2026-01-20T19:35:38.334522576Z,B,2026-01-20T19:35:35.885846708Z,01KFEDCB15BD0TYD7H0V6YZGSZ,2026-01-20T19:35:33.657602561Z,01KFEE07X889KRR9ZR3BVZBWD6,2026-01-20T19:35:33.657602561Z,01KFEE9KM68PBR0M4B8AJ9JX90,2026-01-20T19:35:33.657602561Z
01KFEFGZ045EX2J3XR44335Y15,01KFEDCCH0VMFH7P25F40PD43N,2026-01-20T19:53:50.852146331Z,19,2026-01-20T19:54:15.59812888Z,C,2026-01-20T19:53:59.573854843Z,01KFEDCCHGZS8158VZSSNCZZHP,2026-01-20T19:53:50.852146331Z,01KFEEV98ZBZT7VKKTGE1Q7XAV,2026-01-20T19:53:50.852146331Z,01KFEFDRS7E2QNSC1JNQMXQW2T,2026-01-20T19:53:50.852146331Z
01KFEFK0VT3GS531BRPX74Q3E5,01KFEDCAVEZK3QD8ZFC2PP83WE,2026-01-20T19:54:58.298993578Z,,,,,01KFEDCAVXCN1BR0PV518R81QD,2026-01-20T19:54:58.298993578Z,01KFEF0CM1HH5QRYS1YH4TW6EV,2026-01-20T19:54:58.298993578Z,01KFEFE5SS2R2D6E51EX9YT47Z,2026-01-20T19:54:58.298993578Z
01KFEHV0X4E69Y0171SCACNK6H,01KFEHA1MRJDJA6FNTED28Z8HF,2026-01-20T20:34:17.63659147Z,7,2026-01-20T20:34:21.45702231Z,D,2026-01-20T20:34:21.413782961Z,01KFEHA1QDYX27N1S60Z95NKD9,2026-01-20T20:34:17.63659147Z,01KFEHFDNYYM4VRPKVABD0N8W8,2026-01-20T20:34:17.63659147Z,01KFEHQRZF4PNS0DSGWRK08YNQ,2026-01-20T20:34:17.63659147Z
01KFEDZPST1B2W8W0RP70XP76V,01KFEDCC1ZHDDN3CP9JWF4PGTF,2026-01-20T19:26:56.826196107Z,29,2026-01-20T19:26:59.010457167Z,C,2026-01-20T19:26:58.996416763Z,01KFEDCC2JDADMPT5RVZQ93BA8,2026-01-20T19:26:56.826196107Z,01KFEDNRR64JDCJYA79FBRE8X8,2026-01-20T19:26:56.826196107Z,01KFEDVKB92266ZBNTF1B55S8R,2026-01-20T19:26:56.826196107Z
01KFEEWEZ7RT8JK72PCVSQPCK3,01KFEDCCAW3ZY6KSKNHTKZ971F,2026-01-20T19:42:39.079262046Z,10,2026-01-20T19:42:46.355249097Z,A,2026-01-20T19:42:44.176731769Z,01KFEDCCBE716PRHN8Q6NQV6ZT,2026-01-20T19:42:39.079262046Z,01KFEEMRW7PPKZGT4SNXBV2JSZ,2026-01-20T19:42:39.079262046Z,01KFEEV7VVGZFVEPH7XQ85GZ6E,2026-01-20T19:42:39.079262046Z
01KFEEHVEQN1JME43689N5NMRS,01KFEDCB7P38BTZ4ACVDP6P0XN,2026-01-20T19:36:51.415899465Z,0,2026-01-20T19:36:58.277607684Z,A,2026-01-20T19:36:58.181284557Z,01KFEDCB85NRAF0XG25ABR62N5,2026-01-20T19:36:51.415899465Z,01KFEE2GDYZKFQF2HSAA1FMRTA,2026-01-20T19:36:51.415899465Z,01KFEEC6Q98FJ486HQ06CKK5XP,2026-01-20T19:36:51.415899465Z
01KFEK7VEAKCBBCQAPRFSJQ8BB,01KFEJ5D47V2DPV4P7KW69CWA7,2026-01-20T20:58:46.602485577Z,19,2026-01-20T20:58:54.987327541Z,C,2026-01-20T20:58:49.951161556Z,01KFEJ5D6ESPGXB2FQ6BSGAH02,2026-01-20T20:58:46.602485577Z,01KFEK2BY74Q8BRWWBQK11221P,2026-01-20T20:58:46.602485577Z,01KFEK7N9TM4JKPAV7QKVBR92S,2026-01-20T20:58:46.602485577Z
01KFEHWKVJKFM9E49ZF412314D,01KFEHA1W0DBA89GCQ87GA4EG5,2026-01-20T20:35:09.810647395Z,20,2026-01-20T20:35:16.502959308Z,A,2026-01-20T20:35:16.469565645Z,01KFEHA1YZ8ZAAQFH3AAV34XZC,2026-01-20T20:35:09.810647395Z,01KFEHG3HQKMJV6MDTGGGPAJE2,2026-01-20T20:35:09.810647395Z,01KFEHRCNHETYTGRGNF0JRNKBY,2026-01-20T20:35:09.810647395Z
01KFEJCCBNB1CDBG3MHBJV4EKD,01KFEHAKK9QMW81MWT2FF1CSZA,2026-01-20T20:43:46.421609952Z,0,2026-01-20T20:43:50.65895829Z,C,2026-01-20T20:43:47.911213832Z,01KFEHAKMDAJRN7M0QA4VDJCGY,2026-01-20T20:43:46.421609952Z,01KFEHS8J7P9EEBTK2FBSRFBQT,2026-01-20T20:43:46.421609952Z,01KFEJ2SN1CZZD2YDR7RPD2ZWZ,2026-01-20T20:43:46.421609952Z
01KFEJSTFMXGBFBTXG387EMS2K,01KFEJ5C7H3Z5SGPPT0TCGAEB2,2026-01-20T20:51:06.868042143Z,20,2026-01-20T20:51:36.89838935Z,A,2026-01-20T20:51:36.828061506Z,01KFEJ5C9TA7ZE3V3TA0C9309P,2026-01-20T20:51:06.868042143Z,01KFEJDWT7HF2D6BRNBHS3X5TT,2026-01-20T20:51:06.868042143Z,01KFEJRA0X0W475P1KG5E9R46C,2026-01-20T20:51:06.868042143Z
01KFEHJ0ER82JT53KNPHFNV6AR,01KFEHA1EJWPRPNCXBTHCF12K2,2026-01-20T20:29:22.264079538Z,7,2026-01-20T20:29:25.372589016Z,D,2026-01-20T20:29:24.494042014Z,01KFEHA1GK3DQ7TRWFWA7J267H,2026-01-20T20:29:22.264079538Z,01KFEHC1N15W3XF2S9JNREZ5AJ,2026-01-20T20:29:22.264079538Z,01KFEHFC1N0SMR3F6X5TQ7P3Q0,2026-01-20T20:29:22.264079538Z
01KFEHT7FFGNEZRC32A9RSJHA5,01KFEHA1MRJDJA6FNTED28Z8HF,2026-01-20T20:33:51.599929652Z,20,2026-01-20T20:33:53.564122883Z,B,2026-01-20T20:33:52.7732434Z,01KFEHA1QMX5DYGHPSSSP2RXXX,2026-01-20T20:33:51.599929652Z,01KFEHH299EZ808S0B86915EW8,2026-01-20T20:33:51.599929652Z,01KFEHR2Z9A4YZ9ZH81CZD14VX,2026-01-20T20:33:51.599929652Z
01KFEHZ39ZK67V97210SV99D7T,01KFEHA1W0DBA89GCQ87GA4EG5,2026-01-20T20:36:31.167954969Z,0,2026-01-20T20:36:38.350652518Z,B,2026-01-20T20:36:37.129040101Z,01KFEHA1Z72TJ9J0QENR016CFN,2026-01-20T20:36:31.167954969Z,01KFEHVQ5CHDKKYBKKZ5GXNMKV,2026-01-20T20:36:31.167954969Z,01KFEHZ0E4ZE72FYQ3JJQHF2AD,2026-01-20T20:36:31.167954969Z
01KFEHSCEY10CBXYB4TTXXZVS1,01KFEHA1EJWPRPNCXBTHCF12K2,2026-01-20T20:33:23.934967229Z,20,2026-01-20T20:33:32.652641014Z,A,2026-01-20T20:33:32.317136238Z,01KFEHA1GRK7A014NXTNRF457G,2026-01-20T20:33:23.934967229Z,01KFEHG6C81JZ80FMVPH00AMCG,2026-01-20T20:33:23.934967229Z,01KFEHPVK8B4QC3EEK3FGZW5H8,2026-01-20T20:33:23.934967229Z
01KFEHSRKG6SRV5X126XVDGZ4Z,01KFEHA1EJWPRPNCXBTHCF12K2,2026-01-20T20:33:36.368906793Z,0,2026-01-20T20:33:37.812353684Z,B,2026-01-20T20:33:37.354259004Z,01KFEHA1GDXTPSA0SX8CRPX47C,2026-01-20T20:33:36.368906793Z,01KFEHFHGVMZZ35F5CSBQJBJM3,2026-01-20T20:33:36.368906793Z,01KFEHNSG101VJN2KQAVDCQKEE,2026-01-20T20:33:36.368906793Z
01KFEET56426MDAX86SVDE9D1H,01KFEDCCH0VMFH7P25F40PD43N,2026-01-20T19:41:23.524934031Z,19,2026-01-20T19:41:26.051509441Z,C,2026-01-20T19:41:26.028705336Z,01KFEDCCHJADFRJT5F5VJ9ST9F,2026-01-20T19:41:23.524934031Z,01KFEEKE9WXRZWBRXYDQ5J10WV,2026-01-20T19:41:23.524934031Z,01KFEERHSZ0XAC6ATEDF51DARS,2026-01-20T19:41:23.524934031Z
01KFEFP7ZQMC3F74PBWTT1ZW9F,01KFEDC9EK94N2WNCHE5RRQHCJ,2026-01-20T19:56:43.895750427Z,10,2026-01-20T19:56:46.020792717Z,A,2026-01-20T19:56:45.999230007Z,01KFEDC9FF7T49EPA99GZDGH84,2026-01-20T19:56:43.895750427Z,01KFEFB7KJED56AXX5RHJAHZFZ,2026-01-20T19:56:43.895750427Z,01KFEFG2R77EQ6DEDMZJGNK4DM,2026-01-20T19:56:43.895750427Z
01KFEJEMBH2WDMB8RTHXV5227W,01KFEHAKWNS08RQENHQ36ND5GA,2026-01-20T20:45:00.145857698Z,,,B,2026-01-20T20:45:04.470323529Z,01KFEHAKXRHSJ1AHAHDK0DQA4P,2026-01-20T20:45:00.145857698Z,01KFEHYT1QK83WA2T7KG6GRDV0,2026-01-20T20:45:00.145857698Z,01KFEJ9XRBBT4891XD6RBBCZM3,2026-01-20T20:45:00.145857698Z
01KFEDZEA91Z7FQ6VRHTEG2GZR,01KFEDCC1ZHDDN3CP9JWF4PGTF,2026-01-20T19:26:48.137836145Z,17,2026-01-20T19:26:50.358327934Z,D,2026-01-20T19:26:49.292202622Z,01KFEDCC2JDADMPT5RVZQ93BA8,2026-01-20T19:26:48.137836145Z,01KFEDKABYH5MEPJ95J3ZMZNRM,2026-01-20T19:26:48.137836145Z,01KFEDVKB11MSG0D27E7NJPF4S,2026-01-20T19:26:48.137836145Z
01KFEEQCCHPAMGTBD1SR6Y1983,01KFEDCCAW3ZY6KSKNHTKZ971F,2026-01-20T19:39:52.593911868Z,,,B,2026-01-20T19:39:58.615250398Z,01KFEDCCBE716PRHN8QE61SVB8,2026-01-20T19:39:52.593911868Z,01KFEEF3NSFE6MEYHMG8TPFRK9,2026-01-20T19:39:52.593911868Z,01KFEEQBN4E2R28M0ZNGJJYBBG,2026-01-20T19:39:52.593911868Z
01KFEHZ3WJTRRB8E7BJJ0DXRM5,01KFEHA1MRJDJA6FNTED28Z8HF,2026-01-20T20:36:31.762495686Z,17,2026-01-20T20:36:36.620524543Z,D,2026-01-20T20:36:36.435245992Z,01KFEHA1QYV2E8SAEFNEHYNVTN,2026-01-20T20:36:31.762495686Z,01KFEHKCW5X4CR8DBAYXY74YGJ,2026-01-20T20:36:31.762495686Z,01KFEHSJJV3XYWXE3QZZFJ6BD9,2026-01-20T20:36:31.762495686Z
01KFEHZVNDGQCW814Z0DZ4V69V,01KFEHA1W0DBA89GCQ87GA4EG5,2026-01-20T20:36:56.109090555Z,0,2026-01-20T20:37:00.722108574Z,C,2026-01-20T20:37:00.68566516Z,01KFEHA1Z72TJ9J0QENR016CFN,2026-01-20T20:36:56.109090555Z,01KFEHMDY2YXCAA0WMRPTSEKC9,2026-01-20T20:36:56.109090555Z,01KFEHZ0EDSYB0Z93HCXMAZ2V2,2026-01-20T20:36:56.109090555Z
01KFEK9C51VTCE3CHVVZVR32ED,01KFEJ5DKDD8ED3R70AXWWV7TA,2026-01-20T20:59:36.481998616Z,10,2026-01-20T20:59:51.907290136Z,B,2026-01-20T20:59:45.509474184Z,01KFEJ5DPRA3SJMDJ397B8T8C1,2026-01-20T20:59:36.481998616Z,01KFEJTTYE1JJF4JNZFR32N2T9,2026-01-20T20:59:36.481998616Z,01KFEK95PQWDPS6081S5YJGNJD,2026-01-20T20:59:36.481998616Z
01KFEHR5259Z25643YSR225C7M,01KFEHA1MRJDJA6FNTED28Z8HF,2026-01-20T20:32:43.589805863Z,0,2026-01-20T20:33:00.203787214Z,A,2026-01-20T20:32:59.900374607Z,01KFEHA1QMX5DYGHPSSSP2RXXX,2026-01-20T20:32:43.589805863Z,01KFEHJFJ1SMX3RCX9M0MFWVF6,2026-01-20T20:32:43.589805863Z,01KFEHR2YZPCNTTPZQ9AQ773XQ,2026-01-20T20:32:43.589805863Z
01KFEHWB7G68QRQRJ4EQ0PHM57,01KFEHA1MRJDJA6FNTED28Z8HF,2026-01-20T20:35:00.976614368Z,29,2026-01-20T20:35:06.344903339Z,C,2026-01-20T20:35:02.926882959Z,01KFEHA1QDYX27N1S60Z95NKD9,2026-01-20T20:35:00.976614368Z,01KFEHFDNYYM4VRPKVABD0N8W8,2026-01-20T20:35:00.976614368Z,01KFEHQS08BG6CGAAN8D6XR2D9,2026-01-20T20:35:00.976614368Z
01KFEE3W9EFE82SZNCETJ20C3S,01KFEDCB0G5KS91T4MD9JTDSA4,2026-01-20T19:29:13.518056234Z,20,2026-01-20T19:29:18.159337174Z,B,2026-01-20T19:29:18.130192592Z,01KFEDCB139KMAVWQ3WS54614D,2026-01-20T19:29:13.518056234Z,01KFEDPNDSVSXFTW3Z2GG851YR,2026-01-20T19:29:13.518056234Z,01KFEE0HF2TXX3QE2PG11JRHC6,2026-01-20T19:29:13.518056234Z
01KFEFGK2ZJ4MT9HQ5BAYXKTEP,01KFEDCCH0VMFH7P25F40PD43N,2026-01-20T19:53:38.655559368Z,20,2026-01-20T19:53:41.125564027Z,B,2026-01-20T19:53:40.442647174Z,01KFEDCCHH44R979H37GT2B68J,2026-01-20T19:53:38.655559368Z,01KFEF0J7C8417B13N1313JGSZ,2026-01-20T19:53:38.655559368Z,01KFEFDZDXQFF06VZW36FJ3G01,2026-01-20T19:53:38.655559368Z
01KFEFGWN2GCN1SSMY49FP4H0E,01KFEDCCH0VMFH7P25F40PD43N,2026-01-20T19:53:48.450384531Z,20,2026-01-20T19:53:50.694882175Z,B,2026-01-20T19:53:49.804015104Z,01KFEDCCHH44R979H37GT2B68J,2026-01-20T19:53:48.450384531Z,01KFEF0J7C8417B13N1313JGSZ,2026-01-20T19:53:48.450384531Z,01KFEFDZDCJSQSAX5Z72P9BVM6,2026-01-20T19:53:48.450384531Z
01KFEFMFXX4NMPWGJMYC3QCSSV,01KFEDC9EK94N2WNCHE5RRQHCJ,2026-01-20T19:55:46.493988994Z,7,2026-01-20T19:55:49.734412838Z,D,2026-01-20T19:55:48.421896082Z,01KFEDC9FF7T49EPA99GZDGH84,2026-01-20T19:55:46.493988994Z,01KFEFBN24Q9S7DG3606EXV8XC,2026-01-20T19:55:46.493988994Z,01KFEFG2PNANHMP493AHHTDDV3,2026-01-20T19:55:46.493988994Z
01KFEHJN9MKMX87C9XG9CXZBJY,01KFEDC9EK94N2WNCHE5RRQHCJ,2026-01-20T20:29:43.605023538Z,,,,,01KFEDC9FGZ2QQQ39YDAAVXSM4,2026-01-20T20:29:43.605023538Z,01KFEHAQ9EZXF31DRKMHESX77N,2026-01-20T20:29:43.605023538Z,01KFEHF2VGHERPVSVKT86F5Q2F,2026-01-20T20:29:43.605023538Z
01KFEHTYAG14FDG9C5AHRHRBJP,01KFEHA1EJWPRPNCXBTHCF12K2,2026-01-20T20:34:14.992846558Z,0,2026-01-20T20:34:26.362196247Z,C,2026-01-20T20:34:20.230250181Z,01KFEHA1GPSKM8FTTA039GX2FE,2026-01-20T20:34:14.992846558Z,01KFEHGGC977SV7QXMD0KQJ3VM,2026-01-20T20:34:14.992846558Z,01KFEHRJXHFJDDT34JT1B8NR37,2026-01-20T20:34:14.992846558Z
01KFEDYPDNJ8JBTW2P49BAWWR5,01KFEDCC1ZHDDN3CP9JWF4PGTF,2026-01-20T19:26:23.669969491Z,17,2026-01-20T19:26:26.445508092Z,D,2026-01-20T19:26:26.435722737Z,01KFEDCC2JDADMPT5RVZQ93BA8,2026-01-20T19:26:23.669969491Z,01KFEDKABYH5MEPJ95J3ZMZNRM,2026-01-20T19:26:23.669969491Z,01KFEDVKB4B3RTD43XPR8V6HDM,2026-01-20T19:26:23.669969491Z
01KFEE2TR4MD7ENF9364H4Z603,01KFEDCB0G5KS91T4MD9JTDSA4,2026-01-20T19:28:39.172291004Z,19,2026-01-20T19:28:43.504539727Z,C,2026-01-20T19:28:43.48769646Z,01KFEDCB139KMAVWQ3WS54614D,2026-01-20T19:28:39.172291004Z,01KFEDPNDSVSXFTW3Z2GG851YR,2026-01-20T19:28:39.172291004Z,01KFEE0HE7CYKX8QCHJHR2K5B2,2026-01-20T19:28:39.172291004Z
01KFEJZHFGQVW760RSWP4AZG4V,01KFEJ5DKDD8ED3R70AXWWV7TA,2026-01-20T20:54:14.25698619Z,17,2026-01-20T20:54:16.315765483Z,D,2026-01-20T20:54:15.566553031Z,01KFEJ5DPFFD934S0E2GQ1B9RR,2026-01-20T20:54:14.25698619Z,01KFEJPRKV9117XEB7P0YJ5NT5,2026-01-20T20:54:14.25698619Z,01KFEJVCZANXPRXT7EFNMFCPZX,2026-01-20T20:54:14.25698619Z
01KFEHX5NYVGE81XP31WK4GBJY,01KFEHA1MRJDJA6FNTED28Z8HF,2026-01-20T20:35:28.062390302Z,0,2026-01-20T20:35:33.728064529Z,C,2026-01-20T20:35:33.690569418Z,01KFEHA1QDYX27N1S60Z95NKD9,2026-01-20T20:35:28.062390302Z,01KFEHF7572SXHJWAG2WR57G7K,2026-01-20T20:35:28.062390302Z,01KFEHQS0KB4K7S5RDSVX6WG5B,2026-01-20T20:35:28.062390302Z
01KFEJY5KB501HP99J8G1SBR63,01KFEHAM0SBSN9QYCK4NGJTWCC,2026-01-20T20:53:29.323549816Z,19,2026-01-20T20:53:44.471698173Z,C,2026-01-20T20:53:39.174652663Z,01KFEHAM4AZFDTAG8DR1VA4141,2026-01-20T20:53:29.323549816Z,01KFEJAS01H74KYS8N629S6DTN,2026-01-20T20:53:29.323549816Z,01KFEJMJVVAZSJ9NF02S13FWBY,2026-01-20T20:53:29.323549816Z
01KFEJPVRSY6Z4MPEWDYZBNCWE,01KFEHAKWNS08RQENHQ36ND5GA,2026-01-20T20:49:29.881518226Z,29,2026-01-20T20:50:40.064130475Z,C,2026-01-20T20:49:34.116017612Z,01KFEHAKXJ10EJRCGF487MPEAV,2026-01-20T20:49:29.881518226Z,01KFEJDH8B1YH8ZGFS5HMW6SF6,2026-01-20T20:49:29.881518226Z,01KFEJJPQ3DVN2CXNEB3N80MQB,2026-01-20T20:49:29.881518226Z
01KFEFE0WNBW0CD6KS3F8XKNK4,01KFEDCCH0VMFH7P25F40PD43N,2026-01-20T19:52:14.485938443Z,10,2026-01-20T19:52:23.060363541Z,B,2026-01-20T19:52:18.476105708Z,01KFEDCCHH44R979H37GT2B68J,2026-01-20T19:52:14.485938443Z,01KFEFADJR1SXTG9225WD5SFVJ,2026-01-20T19:52:14.485938443Z,01KFEFDZC6QJHYFC5QKCC6WKWN,2026-01-20T19:52:14.485938443Z
01KFEJF2FH08XYSCEQWWYASQEZ,01KFEHAKWNS08RQENHQ36ND5GA,2026-01-20T20:45:14.609265538Z,0,2026-01-20T20:46:33.49500258Z,C,2026-01-20T20:45:16.478097264Z,01KFEHAKXZ2D55CPVCZM6D4RJ0,2026-01-20T20:45:14.609265538Z,01KFEJ662NZ8QDF6V5FK0QSJHC,2026-01-20T20:45:14.609265538Z,01KFEJCPX2TA6YJW61Q0DP6VGA,2026-01-20T20:45:14.609265538Z
01KFEFKDWZN9SHK981EEQS21C1,01KFEDCAVEZK3QD8ZFC2PP83WE,2026-01-20T19:55:11.647601713Z,10,2026-01-20T19:55:14.652216955Z,B,2026-01-20T19:55:14.580334439Z,01KFEDCAVZJC7DD4AH1RF6NR9W,2026-01-20T19:55:11.647601713Z,01KFEFBH5ZZ770WWH7HK9VAC9K,2026-01-20T19:55:11.647601713Z,01KFEFFP4BAEGCCWWS4BJ6WVQR,2026-01-20T19:55:11.647601713Z
01KFEFPY9N6AK87YCJFZS9KZC5,01KFEDCAVEZK3QD8ZFC2PP83WE,2026-01-20T19:57:06.741583514Z,19,2026-01-20T19:57:23.068721264Z,C,2026-01-20T19:57:23.045554807Z,01KFEDCAVZJC7DD4AH1B24TEC6,2026-01-20T19:57:06.741583514Z,01KFEFG8GX8B9102EGAWCJ2ZB0,2026-01-20T19:57:06.741583514Z,01KFEFNH0JD152MDY1HAN1BFCQ,2026-01-20T19:57:06.741583514Z
01KFEJ5EW8FNQJPQWTWKZKF7CG,01KFEHAKK9QMW81MWT2FF1CSZA,2026-01-20T20:39:59.624793023Z,10,2026-01-20T20:40:07.702475614Z,B,2026-01-20T20:40:05.111899009Z,01KFEHAKMDAJRN7M0QA4VDJCGY,2026-01-20T20:39:59.624793023Z,01KFEHS8J7P9EEBTK2FBSRFBQT,2026-01-20T20:39:59.624793023Z,01KFEJ2SJ2X7SQGFBA9Y49Y77K,2026-01-20T20:39:59.624793023Z
01KFEJCTTP9003EDTGX5FED57H,01KFEHAKWNS08RQENHQ36ND5GA,2026-01-20T20:44:01.238708245Z,10,2026-01-20T20:44:11.551277948Z,B,2026-01-20T20:44:11.49922302Z,01KFEHAKXZ2D55CPVCZM6D4RJ0,2026-01-20T20:44:01.238708245Z,01KFEJ69D1M16DP7KKF28QP67N,2026-01-20T20:44:01.238708245Z,01KFEJCPTM47B5S63P0HH50EJF,2026-01-20T20:44:01.238708245Z
01KFEFHC3S16A80A46CC3SY54P,01KFEDCCH0VMFH7P25F40PD43N,2026-01-20T19:54:04.281734169Z,20,2026-01-20T19:54:07.142254781Z,A,2026-01-20T19:54:07.119654588Z,01KFEDCCHH44R979H37GT2B68J,2026-01-20T19:54:04.281734169Z,01KFEFADJR1SXTG9225WD5SFVJ,2026-01-20T19:54:04.281734169Z,01KFEFDZD56AT8TRNR4EF23YW7,2026-01-20T19:54:04.281734169Z
01KFEFHXWHDNBJ799PESVS4V3J,01KFEDCCH0VMFH7P25F40PD43N,2026-01-20T19:54:22.481419696Z,29,2026-01-20T19:54:25.711697308Z,C,2026-01-20T19:54:25.058008088Z,01KFEDCCHGZS8158VZSSNCZZHP,2026-01-20T19:54:22.481419696Z,01KFEEX55YZNT0B1JFXGKDFM2N,2026-01-20T19:54:22.481419696Z,01KFEFDRS46GJ1KXXVZP11DD1P,2026-01-20T19:54:22.481419696Z
01KFEHQJT3EAQCMT0DZNTWBBBB,01KFEHA1EJWPRPNCXBTHCF12K2,2026-01-20T20:32:24.899413364Z,10,2026-01-20T20:32:30.539637853Z,B,2026-01-20T20:32:30.510316084Z,01KFEHA1GDXTPSA0SX8CRPX47C,2026-01-20T20:32:24.899413364Z,01KFEHFHGVMZZ35F5CSBQJBJM3,2026-01-20T20:32:24.899413364Z,01KFEHNSE6KQS7M66487G7BMB5,2026-01-20T20:32:24.899413364Z
01KFEJARD6R5YSQ658VQVW86KE,01KFEHAKK9QMW81MWT2FF1CSZA,2026-01-20T20:42:53.222978454Z,,,C,2026-01-20T20:42:57.014779589Z,01KFEHAKM9HA0G83B6BNP2KSMS,2026-01-20T20:42:53.222978454Z,01KFEHZT77HWSQ9WEFN1KGRZTH,2026-01-20T20:42:53.222978454Z,01KFEJ8Z8SBPWY2Q96466Q0HN3,2026-01-20T20:42:53.222978454Z
01KFEKAKZQ14GCVYA1706YF1W0,01KFEJ5DKDD8ED3R70AXWWV7TA,2026-01-20T21:00:17.271159843Z,7,2026-01-20T21:00:22.545257366Z,D,2026-01-20T21:00:22.466275789Z,01KFEJ5DPRA3SJMDJ397B8T8C1,2026-01-20T21:00:17.271159843Z,01KFEK01H1YPA1JPJ9R7TY1GMF,2026-01-20T21:00:17.271159843Z,01KFEK95S9MZ1FW57Y2FVQT00Z,2026-01-20T21:00:17.271159843Z
01KFEFKY3CH8BQ111KCVYK9BWP,01KFEDCAVEZK3QD8ZFC2PP83WE,2026-01-20T19:55:28.236996258Z,29,2026-01-20T19:55:32.183643861Z,C,2026-01-20T19:55:32.169679305Z,01KFEDCAVZJC7DD4AH1RF6NR9W,2026-01-20T19:55:28.236996258Z,01KFEF0XCN2JDQQD559T0PP43B,2026-01-20T19:55:28.236996258Z,01KFEFFP3F7CT8CVRZM3S0GJA9,2026-01-20T19:55:28.236996258Z
01KFEHKFWNFNP2AJKSPPGHNBS0,01KFEHA1EJWPRPNCXBTHCF12K2,2026-01-20T20:30:10.837160524Z,0,2026-01-20T20:30:15.106247825Z,D,2026-01-20T20:30:12.649900436Z,01KFEHA1GK3DQ7TRWFWA7J267H,2026-01-20T20:30:10.837160524Z,01KFEHC1N15W3XF2S9JNREZ5AJ,2026-01-20T20:30:10.837160524Z,01KFEHFC27XVD3DPHFPH9XV6WR,2026-01-20T20:30:10.837160524Z
01KFEEZFRN078CD29588G7JCE9,01KFEDCCAW3ZY6KSKNHTKZ971F,2026-01-20T19:44:18.197568378Z,10,2026-01-20T19:44:20.992201559Z,A,2026-01-20T19:44:19.37262285Z,01KFEDCCBE716PRHN8Q6NQV6ZT,2026-01-20T19:44:18.197568378Z,01KFEEMRW7PPKZGT4SNXBV2JSZ,2026-01-20T19:44:18.197568378Z,01KFEEV7WM37BXXYBNHHTEQKS3,2026-01-20T19:44:18.197568378Z
01KFEK4RR29KSNR5GV37VZ8K4S,01KFEJ5C7H3Z5SGPPT0TCGAEB2,2026-01-20T20:57:05.538332603Z,10,2026-01-20T20:57:10.596004822Z,A,2026-01-20T20:57:08.602818992Z,01KFEJ5C9822567XDA8A9QG0G3,2026-01-20T20:57:05.538332603Z,01KFEJTATNKXCTW38TD0J18TFE,2026-01-20T20:57:05.538332603Z,01KFEK0Q8NEF55WD07A195GHP6,2026-01-20T20:57:05.538332603Z
01KFEJERK1PS3P37F31TND8X86,01KFEHAM0SBSN9QYCK4NGJTWCC,2026-01-20T20:45:04.481580915Z,10,2026-01-20T20:45:21.963950495Z,A,2026-01-20T20:45:21.906847666Z,01KFEHAM45R1366856G6A2WGHZ,2026-01-20T20:45:04.481580915Z,01KFEHYH6DP091MJE3KD0CRNR1,2026-01-20T20:45:04.481580915Z,01KFEJBBQ9W7AFMM8K52FPEBRD,2026-01-20T20:45:04.481580915Z
01KFEEG5N5J66T2R3XX3NVGQCZ,01KFEDCB7P38BTZ4ACVDP6P0XN,2026-01-20T19:35:56.326023907Z,10,2026-01-20T19:36:01.105516669Z,A,2026-01-20T19:36:00.679049729Z,01KFEDCB85NRAF0XG25ABR62N5,2026-01-20T19:35:56.326023907Z,01KFEE2GDYZKFQF2HSAA1FMRTA,2026-01-20T19:35:56.326023907Z,01KFEEC6Q5JM80V4QBHPBHQBYB,2026-01-20T19:35:56.326023907Z
01KFEJDJ1CP84FGH1JXBGG7SJE,01KFEHAKWNS08RQENHQ36ND5GA,2026-01-20T20:44:25.004092847Z,10,2026-01-20T20:44:29.892885292Z,A,2026-01-20T20:44:27.278308323Z,01KFEHAKXRHSJ1AHAHDK0DQA4P,2026-01-20T20:44:25.004092847Z,01KFEJ580QQJEEAZHBCH3CHEAD,2026-01-20T20:44:25.004092847Z,01KFEJ9XRQMWRFG6NFJ0W1C123,2026-01-20T20:44:25.004092847Z
01KFEJES0FSRENHMDVWF2JRWTP,01KFEHAKWNS08RQENHQ36ND5GA,2026-01-20T20:45:04.911928818Z,0,2026-01-20T20:45:09.815418596Z,C,2026-01-20T20:45:08.005809846Z,01KFEHAKXZ2D55CPVCZM6D4RJ0,2026-01-20T20:45:04.911928818Z,01KFEJ662NZ8QDF6V5FK0QSJHC,2026-01-20T20:45:04.911928818Z,01KFEJCPVPX8F83HBW6FS7KECN,2026-01-20T20:45:04.911928818Z
01KFEJMFS686BEAY0G2H1H185T,01KFEHAM72H3ZNN8G0T2BCT79K,2026-01-20T20:48:12.070628201Z,19,2026-01-20T20:48:22.867422389Z,C,2026-01-20T20:48:22.803959385Z,01KFEHAMATV7GY0NQF17M2P0MD,2026-01-20T20:48:12.070628201Z,01KFEJ5D2KZA6HXFGKH7XFG11W,2026-01-20T20:48:12.070628201Z,01KFEJMATN2TCZTEAYFGFEQWH8,2026-01-20T20:48:12.070628201Z
01KFEJNVJCBQVXRTQE728QYXJT,01KFEHAKWNS08RQENHQ36ND5GA,2026-01-20T20:48:56.908274438Z,29,2026-01-20T20:49:06.587004498Z,C,2026-01-20T20:49:03.483929213Z,01KFEHAKXJ10EJRCGF487MPEAV,2026-01-20T20:48:56.908274438Z,01KFEJDH8B1YH8ZGFS5HMW6SF6,2026-01-20T20:48:56.908274438Z,01KFEJJPNJRR4QDF9BBC6R064G,2026-01-20T20:48:56.908274438Z
01KFEJYDFZ2XP54ES9WYC0RJ61,01KFEJ5DKDD8ED3R70AXWWV7TA,2026-01-20T20:53:37.407933218Z,0,2026-01-20T20:53:39.770324984Z,C,2026-01-20T20:53:39.122512205Z,01KFEJ5DPFFD934S0E2GQ1B9RR,2026-01-20T20:53:37.407933218Z,01KFEJPRKV9117XEB7P0YJ5NT5,2026-01-20T20:53:37.407933218Z,01KFEJVCW65HVMYHW7QV8FF1JQ,2026-01-20T20:53:37.407933218Z
01KFEECHD9GBRG5DYSN6RZS6BE,01KFEDCB0G5KS91T4MD9JTDSA4,2026-01-20T19:33:57.290021062Z,10,2026-01-20T19:34:03.536349031Z,A,2026-01-20T19:33:59.775094559Z,01KFEDCB15BD0TYD7H0V6YZGSZ,2026-01-20T19:33:57.290021062Z,01KFEE07X889KRR9ZR3BVZBWD6,2026-01-20T19:33:57.290021062Z,01KFEE9KM0X4Q6XPA6XY1T135J,2026-01-20T19:33:57.290021062Z
01KFEEH13CXEJN0VQBB6NMZYJZ,01KFEDCCAW3ZY6KSKNHTKZ971F,2026-01-20T19:36:24.428846902Z,10,2026-01-20T19:37:02.112056488Z,B,2026-01-20T19:36:34.809730682Z,01KFEDCCBDJ82W4YK2PN7VDTAX,2026-01-20T19:36:24.428846902Z,01KFEE85J92QXNE2691FZPHW2Z,2026-01-20T19:36:24.428846902Z,01KFEEE8020NN6FS0J0N9VV3WD,2026-01-20T19:36:24.428846902Z
01KFEFHXWT6677NH11595WQ946,01KFEDCCH0VMFH7P25F40PD43N,2026-01-20T19:54:22.4900874Z,17,2026-01-20T19:54:25.711697308Z,D,2026-01-20T19:54:25.689573934Z,01KFEDCCHGZS8158VZSSNCZZHP,2026-01-20T19:54:22.4900874Z,01KFEEV98ZBZT7VKKTGE1Q7XAV,2026-01-20T19:54:22.4900874Z,01KFEFDRS46GJ1KXXVZP11DD1P,2026-01-20T19:54:22.4900874Z
01KFEFQMRYN1AW8T3Q9CCA7MT2,01KFEDCAVEZK3QD8ZFC2PP83WE,2026-01-20T19:57:29.758976084Z,19,2026-01-20T19:57:38.125082625Z,C,2026-01-20T19:57:32.686181422Z,01KFEDCAVZJC7DD4AH1B24TEC6,2026-01-20T19:57:29.758976084Z,01KFEFE9N9CHB9632BFKRF4P6F,2026-01-20T19:57:29.758976084Z,01KFEFNH0FTZQWZK4XE6D1QY20,2026-01-20T19:57:29.758976084Z
01KFEJ0K4CCEMXF2T96WTVTGR6,01KFEHA1W0DBA89GCQ87GA4EG5,2026-01-20T20:37:20.140444223Z,10,2026-01-20T20:37:23.677015785Z,A,2026-01-20T20:37:23.647828319Z,01KFEHA1Z72TJ9J0QENR016CFN,2026-01-20T20:37:20.140444223Z,01KFEHMDY2YXCAA0WMRPTSEKC9,2026-01-20T20:37:20.140444223Z,01KFEHZ0ESDMEKCXQ0B17QX3W3,2026-01-20T20:37:20.140444223Z
01KFEJSG6E16MBSFZXX4WQM9RT,01KFEHAKWNS08RQENHQ36ND5GA,2026-01-20T20:50:56.334103948Z,19,2026-01-20T20:51:16.544392874Z,C,2026-01-20T20:51:02.379877846Z,01KFEHAKXJ10EJRCGF487MPEAV,2026-01-20T20:50:56.334103948Z,01KFEJDH8B1YH8ZGFS5HMW6SF6,2026-01-20T20:50:56.334103948Z,01KFEJJPR3G6CDNT14A1YKPXB4,2026-01-20T20:50:56.334103948Z
01KFEJTC2YD3RQHVSY8YXZNAK1,01KFEJ5CPJ5RGARFNN6Z0PCT4Q,2026-01-20T20:51:24.894231874Z,0,2026-01-20T20:52:36.424744192Z,C,2026-01-20T20:51:32.030546402Z,01KFEJ5CRSNMMQKHYMFD35850B,2026-01-20T20:51:24.894231874Z,01KFEJHQKQJTKAV5X447CE3YRT,2026-01-20T20:51:24.894231874Z,01KFEJRTP4AMH3ZYH1V1TJ3G2Q,2026-01-20T20:51:24.894231874Z
01KFEE3M3GG044YF4CBRQ7YTEN,01KFEDCC1ZHDDN3CP9JWF4PGTF,2026-01-20T19:29:05.136120245Z,17,2026-01-20T19:29:08.118525719Z,D,2026-01-20T19:29:07.788526297Z,01KFEDCC2JDADMPT5RVP2N7S0X,2026-01-20T19:29:05.136120245Z,01KFEDQK6ZX4EYK4N5S5CFQ5FY,2026-01-20T19:29:05.136120245Z,01KFEDZ332B677W4TJGRFJJNQR,2026-01-20T19:29:05.136120245Z
01KFEEN84MVHVR24NYZQSAS0C6,01KFEDCCAW3ZY6KSKNHTKZ971F,2026-01-20T19:38:42.708629309Z,0,2026-01-20T19:38:53.404821415Z,C,2026-01-20T19:38:47.941397548Z,01KFEDCCBDJ82W4YK2PN7VDTAX,2026-01-20T19:38:42.708629309Z,01KFEE6KZQR5PP1P0PS1XNKJRD,2026-01-20T19:38:42.708629309Z,01KFEEE80E5BB89S35Q8B0V2VA,2026-01-20T19:38:42.708629309Z
01KFEJHMBJN2SAD9NJ4NA84MPT,01KFEHAM0SBSN9QYCK4NGJTWCC,2026-01-20T20:46:38.450860757Z,20,2026-01-20T20:46:42.203732515Z,A,2026-01-20T20:46:41.637133473Z,01KFEHAM45R1366856G6A2WGHZ,2026-01-20T20:46:38.450860757Z,01KFEHW1PTS6VD3Q9W69X0CC7S,2026-01-20T20:46:38.450860757Z,01KFEJBBRN3BZM659M96JG5473,2026-01-20T20:46:38.450860757Z
01KFEKA0FZ64MX7P4TB5S09E94,01KFEJ5CPJ5RGARFNN6Z0PCT4Q,2026-01-20T20:59:57.312030834Z,,,B,2026-01-20T21:00:04.69331292Z,01KFEJ5CR34Y85488XX0EC4SX7,2026-01-20T20:59:57.312030834Z,01KFEK2CHZEQKJXR4MCNPDS01E,2026-01-20T20:59:57.312030834Z,01KFEK6EKKF1VZGHR6PR9GS0W9,2026-01-20T20:59:57.312030834Z
01KFEEGQTRAX2KBAW044GPZ2MY,01KFEDCB7P38BTZ4ACVDP6P0XN,2026-01-20T19:36:14.936425442Z,10,2026-01-20T19:36:22.38595326Z,B,2026-01-20T19:36:22.368721673Z,01KFEDCB85NRAF0XG25ABR62N5,2026-01-20T19:36:14.936425442Z,01KFEE2GDYZKFQF2HSAA1FMRTA,2026-01-20T19:36:14.936425442Z,01KFEEC6Q74KY97CWV6MWC0GZS,2026-01-20T19:36:14.936425442Z
01KFEJ4JVZPC0N5QKG264QCFNT,01KFEHA20TFYVSSENV0N2723W5,2026-01-20T20:39:30.943663286Z,,,B,2026-01-20T20:39:33.37174621Z,01KFEHA25QS717K28J0SK0Z44C,2026-01-20T20:39:30.943663286Z,01KFEHRW225KHB0BFZQ8Z8WCRA,2026-01-20T20:39:30.943663286Z,01KFEHZD8SKH7ATNXW02NW8WGH,2026-01-20T20:39:30.943663286Z
01KFEHFDPD8NA888J0YRTPXS12,01KFEHA1EJWPRPNCXBTHCF12K2,2026-01-20T20:27:57.51748061Z,20,2026-01-20T20:28:04.75000456Z,B,2026-01-20T20:28:04.018686404Z,01KFEHA1GK3DQ7TRWFWA7J267H,2026-01-20T20:27:57.51748061Z,01KFEHC1N15W3XF2S9JNREZ5AJ,2026-01-20T20:27:57.51748061Z,01KFEHFC0PNH0TGE3GT47H65S6,2026-01-20T20:27:57.51748061Z
01KFEHXQZ4VBZY2WJS794W4C68,01KFEHA1EJWPRPNCXBTHCF12K2,2026-01-20T20:35:46.788460158Z,7,2026-01-20T20:35:55.254995493Z,D,2026-01-20T20:35:53.096259192Z,01KFEHA1GRK7A014NXTNRF457G,2026-01-20T20:35:46.788460158Z,01KFEHFSGA9RW2KQK679GQ5Q17,2026-01-20T20:35:46.788460158Z,01KFEHPVMYEXWPG2VEHYC5GEGW,2026-01-20T20:35:46.788460158Z
01KFEJ2RVS76CGZ1AA73Y1B84B,01KFEHA1W0DBA89GCQ87GA4EG5,2026-01-20T20:38:31.545220254Z,19,2026-01-20T20:38:36.951297106Z,C,2026-01-20T20:38:33.362500151Z,01KFEHA1ZSVYK8DGYZZSV53FQM,2026-01-20T20:38:31.545220254Z,01KFEHMXV04MY34HJYA33HA616,2026-01-20T20:38:31.545220254Z,01KFEHWYXZ0FN0HENYT1SGGEJX,2026-01-20T20:38:31.545220254Z
01KFEE4H8XD156ZA83BV52AW3Y,01KFEDCB0G5KS91T4MD9JTDSA4,2026-01-20T19:29:35.005577176Z,,,B,2026-01-20T19:29:38.620324609Z,01KFEDCB139KMAVWQ3WS54614D,2026-01-20T19:29:35.005577176Z,01KFEDPNDSVSXFTW3Z2GG851YR,2026-01-20T19:29:35.005577176Z,01KFEE0HEZJ3JS1WYNGJ36RRW0,2026-01-20T19:29:35.005577176Z
01KFEFFH4Y52TVMD3WBVWW3AXD,01KFEDCCH0VMFH7P25F40PD43N,2026-01-20T19:53:03.902687461Z,0,2026-01-20T19:53:11.984014106Z,C,2026-01-20T19:53:11.968632517Z,01KFEDCCHH44R979H37GT2B68J,2026-01-20T19:53:03.902687461Z,01KFEF0J7C8417B13N1313JGSZ,2026-01-20T19:53:03.902687461Z,01KFEFDZCG08061MCGPWD9T22C,2026-01-20T19:53:03.902687461Z
01KFEJF2F3W6BF2TRQE5KZRMF1,01KFEHAKWNS08RQENHQ36ND5GA,2026-01-20T20:45:14.595751248Z,0,2026-01-20T20:46:33.49500258Z,C,2026-01-20T20:46:33.438273251Z,01KFEHAKXZ2D55CPVCZM6D4RJ0,2026-01-20T20:45:14.595751248Z,01KFEJ69D1M16DP7KKF28QP67N,2026-01-20T20:45:14.595751248Z,01KFEJCPX2TA6YJW61Q0DP6VGA,2026-01-20T20:45:14.595751248Z
01KFEK3B52WJ16H8M5KF4ZKN70,01KFEJ5C7H3Z5SGPPT0TCGAEB2,2026-01-20T20:56:18.850087571Z,10,2026-01-20T20:56:26.807692746Z,B,2026-01-20T20:56:23.130260702Z,01KFEJ5C8N149KF44PHZZN9T4C,2026-01-20T20:56:18.850087571Z,01KFEJVMRW9T2V3CVS7WW6T938,2026-01-20T20:56:18.850087571Z,01KFEK23QHXAMEX36J581NCAXW,2026-01-20T20:56:18.850087571Z
01KFEFFQQAQ1N4B1XWEJKK7369,01KFEDCAVEZK3QD8ZFC2PP83WE,2026-01-20T19:53:10.634321381Z,17,2026-01-20T19:53:20.490638856Z,D,2026-01-20T19:53:20.471802199Z,01KFEDCAVZJC7DD4AH1RF6NR9W,2026-01-20T19:53:10.634321381Z,01KFEFBH5ZZ770WWH7HK9VAC9K,2026-01-20T19:53:10.634321381Z,01KFEFFP2VNJ8TK8Z66NZXYFFC,2026-01-20T19:53:10.634321381Z
01KFEFWV252BNXBXSZCT6MK21Y,01KFEDCAVEZK3QD8ZFC2PP83WE,2026-01-20T20:00:20.037644996Z,19,2026-01-20T20:00:26.723072681Z,C,2026-01-20T20:00:26.703721422Z,01KFEDCAVZJC7DD4AH1B24TEC6,2026-01-20T20:00:20.037644996Z,01KFEFG8GX8B9102EGAWCJ2ZB0,2026-01-20T20:00:20.037644996Z,01KFEFNGYX0JB0KVDWAGM0XTDP,2026-01-20T20:00:20.037644996Z
01KFEHFZ4HM8GB7599M9Y0PSP7,01KFEDC9EK94N2WNCHE5RRQHCJ,2026-01-20T20:28:15.378023207Z,17,2026-01-20T20:28:23.038391048Z,D,2026-01-20T20:28:23.021591917Z,01KFEDC9FGZ2QQQ39YDAAVXSM4,2026-01-20T20:28:15.378023207Z,01KFEHAQ9EZXF31DRKMHESX77N,2026-01-20T20:28:15.378023207Z,01KFEHF2TP77QWYZT7H8W0ZYE0,2026-01-20T20:28:15.378023207Z
01KFEJ3F8EJEGY3NFVW8H8J559,01KFEHA1W0DBA89GCQ87GA4EG5,2026-01-20T20:38:54.478956357Z,0,2026-01-20T20:39:00.356778553Z,B,2026-01-20T20:38:59.370842603Z,01KFEHA1ZSVYK8DGYZZSV53FQM,2026-01-20T20:38:54.478956357Z,01KFEHKWX6S3CRVA3YVBJBPSWT,2026-01-20T20:38:54.478956357Z,01KFEHWYXC0BM2V47Y0JA9DM29,2026-01-20T20:38:54.478956357Z
01KFEFHNFVGKHB0DJR9CTG82E4,01KFEDCCH0VMFH7P25F40PD43N,2026-01-20T19:54:13.883469897Z,20,2026-01-20T19:54:16.10148233Z,B,2026-01-20T19:54:15.784199139Z,01KFEDCCHH44R979H37GT2B68J,2026-01-20T19:54:13.883469897Z,01KFEF0J7C8417B13N1313JGSZ,2026-01-20T19:54:13.883469897Z,01KFEFDZCVJY0E8B1QDQTTV3WD,2026-01-20T19:54:13.883469897Z
01KFEJXWDWRHCD5VJQJJF75P38,01KFEJ5C7H3Z5SGPPT0TCGAEB2,2026-01-20T20:53:19.932115966Z,17,2026-01-20T20:53:28.195029279Z,D,2026-01-20T20:53:28.112855747Z,01KFEJ5C9TA7ZE3V3TA0C9309P,2026-01-20T20:53:19.932115966Z,01KFEJDWT7HF2D6BRNBHS3X5TT,2026-01-20T20:53:19.932115966Z,01KFEJRA2QWGQXA2BA8PNDSZRV,2026-01-20T20:53:19.932115966Z
01KFEE546S2V1P7EHYWWWPQS6G,01KFEDCB0G5KS91T4MD9JTDSA4,2026-01-20T19:29:54.393279323Z,0,2026-01-20T19:29:58.110980663Z,C,2026-01-20T19:29:57.920116237Z,01KFEDCB197E7YMN5STVXKHS22,2026-01-20T19:29:54.393279323Z,01KFEDRBWHPV4A332ZXM2PZSR4,2026-01-20T19:29:54.393279323Z,01KFEE2FBY4WBMP6SRQVJ7KR9T,2026-01-20T19:29:54.393279323Z
01KFEEE4G49MAK4N8CEZSVKCQN,01KFEDCB0G5KS91T4MD9JTDSA4,2026-01-20T19:34:49.604701747Z,10,2026-01-20T19:34:54.597947885Z,A,2026-01-20T19:34:51.621461813Z,01KFEDCB15BD0TYD7H0V6YZGSZ,2026-01-20T19:34:49.604701747Z,01KFEE07X889KRR9ZR3BVZBWD6,2026-01-20T19:34:49.604701747Z,01KFEE9KKVW2FM3E9J48FPMHEG,2026-01-20T19:34:49.604701747Z
01KFEFKHVB06MW253P6S9J136R,01KFEDCCH0VMFH7P25F40PD43N,2026-01-20T19:55:15.691703262Z,29,2026-01-20T19:55:22.005384199Z,C,2026-01-20T19:55:18.075370288Z,01KFEDCCHGZS8158VZSSNCZZHP,2026-01-20T19:55:15.691703262Z,01KFEEX55YZNT0B1JFXGKDFM2N,2026-01-20T19:55:15.691703262Z,01KFEFDRSZC0TC2VDQS5ZEQW2K,2026-01-20T19:55:15.691703262Z
01KFEHQX6P0HJG2AETTMPB8V74,01KFEHA1EJWPRPNCXBTHCF12K2,2026-01-20T20:32:35.542593987Z,0,2026-01-20T20:32:40.832006819Z,C,2026-01-20T20:32:40.80509371Z,01KFEHA1GDXTPSA0SX8CRPX47C,2026-01-20T20:32:35.542593987Z,01KFEHFHGVMZZ35F5CSBQJBJM3,2026-01-20T20:32:35.542593987Z,01KFEHNSECFNKY5EBGFP7AG7AV,2026-01-20T20:32:35.542593987Z
01KFEHSEVHG2YCCCRG8AWNSGNM,01KFEHA1EJWPRPNCXBTHCF12K2,2026-01-20T20:33:26.385500288Z,19,2026-01-20T20:33:27.89082571Z,C,2026-01-20T20:33:27.15566566Z,01KFEHA1GDXTPSA0SX8CRPX47C,2026-01-20T20:33:26.385500288Z,01KFEHFHGVMZZ35F5CSBQJBJM3,2026-01-20T20:33:26.385500288Z,01KFEHNSDF2VZ2E27A6EZNS91J,2026-01-20T20:33:26.385500288Z
01KFEHVW0RB4CR8RZTVZADBSG4,01KFEHA1MRJDJA6FNTED28Z8HF,2026-01-20T20:34:45.400159874Z,10,2026-01-20T20:34:49.219189133Z,B,2026-01-20T20:34:49.185408905Z,01KFEHA1QDYX27N1S60Z95NKD9,2026-01-20T20:34:45.400159874Z,01KFEHF7572SXHJWAG2WR57G7K,2026-01-20T20:34:45.400159874Z,01KFEHQS02XBX2Z4QHC6Z321PB,2026-01-20T20:34:45.400159874Z
01KFEJAYTJEX00KX8DDDNDXV1T,01KFEHAKK9QMW81MWT2FF1CSZA,2026-01-20T20:42:59.794861778Z,10,2026-01-20T20:43:04.44206982Z,B,2026-01-20T20:43:04.366450609Z,01KFEHAKMDAJRN7M0QA4VDJCGY,2026-01-20T20:42:59.794861778Z,01KFEHS8J7P9EEBTK2FBSRFBQT,2026-01-20T20:42:59.794861778Z,01KFEJ2SKT7SSSFTRMDES65P9G,2026-01-20T20:42:59.794861778Z
01KFEJVC8YPK8FE4GP0PGW7VP5,01KFEHAM72H3ZNN8G0T2BCT79K,2026-01-20T20:51:57.854592713Z,10,2026-01-20T20:52:12.480618318Z,A,2026-01-20T20:52:09.862729807Z,01KFEHAMB65F4EHHS2KPJ10RVS,2026-01-20T20:51:57.854592713Z,01KFEJQ43AZNCTHABZKM6DBV3R,2026-01-20T20:51:57.854592713Z,01KFEJV6RX56RY4NEWNV6XRCY2,2026-01-20T20:51:57.854592713Z
01KFEESSTTXXB66ZBAJE842WDQ,01KFEDCCH0VMFH7P25F40PD43N,2026-01-20T19:41:11.898776475Z,19,2026-01-20T19:41:17.75003098Z,C,2026-01-20T19:41:17.731478992Z,01KFEDCCHJADFRJT5F5VJ9ST9F,2026-01-20T19:41:11.898776475Z,01KFEEKE9WXRZWBRXYDQ5J10WV,2026-01-20T19:41:11.898776475Z,01KFEERHT76VBCN8M90ASCYNZ1,2026-01-20T19:41:11.898776475Z
01KFEFK48B8KGTW8ZRRCSEBWE5,01KFEDCAVEZK3QD8ZFC2PP83WE,2026-01-20T19:55:01.771161697Z,17,2026-01-20T19:55:06.153045512Z,D,2026-01-20T19:55:06.130774153Z,01KFEDCAVZJC7DD4AH1RF6NR9W,2026-01-20T19:55:01.771161697Z,01KFEFBH5ZZ770WWH7HK9VAC9K,2026-01-20T19:55:01.771161697Z,01KFEFFP477BRB93GCW74NGMQP,2026-01-20T19:55:01.771161697Z
01KFEJDGSP82ZQEFSPCS23XM8X,01KFEHAM0SBSN9QYCK4NGJTWCC,2026-01-20T20:44:23.734323196Z,0,2026-01-20T20:44:31.712272642Z,B,2026-01-20T20:44:26.505674774Z,01KFEHAM3ZX2QFEZ4F28QFW79D,2026-01-20T20:44:23.734323196Z,01KFEJ99258GDSZYNA4N0ER3PR,2026-01-20T20:44:23.734323196Z,01KFEJDCN0X41FT2QN9FBKXCRT,2026-01-20T20:44:23.734323196Z
01KFEJX3Z8P7M2SV99NG0CQ664,01KFEHAM0SBSN9QYCK4NGJTWCC,2026-01-20T20:52:54.888226099Z,10,2026-01-20T20:52:59.485153754Z,B,2026-01-20T20:52:59.424710468Z,01KFEHAM4AZFDTAG8DR1VA4141,2026-01-20T20:52:54.888226099Z,01KFEJFMC7CFQF46Z46BV1EM1Q,2026-01-20T20:52:54.888226099Z,01KFEJMJSQH5DGTBN0VW0ZMTH2,2026-01-20T20:52:54.888226099Z
01KFEHK8P6DPV9Z6XB5SMEBV3K,01KFEHA1W0DBA89GCQ87GA4EG5,2026-01-20T20:30:03.462221074Z,29,2026-01-20T20:30:15.590773276Z,C,2026-01-20T20:30:04.888524906Z,01KFEHA1ZNDEMMB0DK92YAW8BD,2026-01-20T20:30:03.462221074Z,01KFEHEBSJCV2WCY6FBMMN65A3,2026-01-20T20:30:03.462221074Z,01KFEHHMWZ87G9B0Z91CK05N0A,2026-01-20T20:30:03.462221074Z
01KFEDVM62DMQAQ6MS33FMMMHR,01KFEDCC1ZHDDN3CP9JWF4PGTF,2026-01-20T19:24:43.074542706Z,7,2026-01-20T19:24:57.94641011Z,D,2026-01-20T19:24:57.936052484Z,01KFEDCC2JDADMPT5RVZQ93BA8,2026-01-20T19:24:43.074542706Z,01KFEDKABYH5MEPJ95J3ZMZNRM,2026-01-20T19:24:43.074542706Z,01KFEDVKAN6FSSWD263NEWHVWT,2026-01-20T19:24:43.074542706Z
01KFEFG4MYNBB78SY65BZHD38D,01KFEDCCH0VMFH7P25F40PD43N,2026-01-20T19:53:23.870837169Z,20,2026-01-20T19:53:26.488758681Z,A,2026-01-20T19:53:26.467273234Z,01KFEDCCHH44R979H37GT2B68J,2026-01-20T19:53:23.870837169Z,01KFEFADJR1SXTG9225WD5SFVJ,2026-01-20T19:53:23.870837169Z,01KFEFDZE1A8QQADXM9W59N9MY,2026-01-20T19:53:23.870837169Z
01KFEFDTC7CJA0KYXM6YM3PCST,01KFEDCCH0VMFH7P25F40PD43N,2026-01-20T19:52:07.815795157Z,0,2026-01-20T19:53:02.967363206Z,B,2026-01-20T19:53:02.94381292Z,01KFEDCCHGZS8158VZSSNCZZHP,2026-01-20T19:52:07.815795157Z,01KFEEV98ZBZT7VKKTGE1Q7XAV,2026-01-20T19:52:07.815795157Z,01KFEFDRRPGKGJ9DC16XDWQZMB,2026-01-20T19:52:07.815795157Z
01KFEFGYRMH15QPTE14YNR47VE,01KFEDCAVEZK3QD8ZFC2PP83WE,2026-01-20T19:53:50.612944856Z,10,2026-01-20T19:53:56.741348532Z,A,2026-01-20T19:53:56.726006087Z,01KFEDCAVZJC7DD4AH1RF6NR9W,2026-01-20T19:53:50.612944856Z,01KFEFBH5ZZ770WWH7HK9VAC9K,2026-01-20T19:53:50.612944856Z,01KFEFFP322A2Q4N08RTY349G9,2026-01-20T19:53:50.612944856Z
01KFEHHTSFGVGREZ4GSEE36THK,01KFEHA1EJWPRPNCXBTHCF12K2,2026-01-20T20:29:16.463155137Z,10,2026-01-20T20:29:18.766208493Z,A,2026-01-20T20:29:18.743129932Z,01KFEHA1GK3DQ7TRWFWA7J267H,2026-01-20T20:29:16.463155137Z,01KFEHBP1ZE2AV6NAD8SG9ZGBW,2026-01-20T20:29:16.463155137Z,01KFEHFC1JSV9M7RB2VMWC8EQT,2026-01-20T20:29:16.463155137Z
01KFEE4RB58JFJJ5SNH19NMA7T,01KFEDCB0G5KS91T4MD9JTDSA4,2026-01-20T19:29:42.245608472Z,0,2026-01-20T19:29:44.908814047Z,C,2026-01-20T19:29:44.417488845Z,01KFEDCB197E7YMN5STVXKHS22,2026-01-20T19:29:42.245608472Z,01KFEDRBWHPV4A332ZXM2PZSR4,2026-01-20T19:29:42.245608472Z,01KFEE2FC4VCPQJM9B8WWM8RSA,2026-01-20T19:29:42.245608472Z
01KFEEHH316HKBYY4VC7C19XSY,01KFEDCB7P38BTZ4ACVDP6P0XN,2026-01-20T19:36:40.801042368Z,,,,,01KFEDCB86CRTSSJ6JG7B2HS7E,2026-01-20T19:36:40.801042368Z,01KFEE181KJADFZBZRN1T3ZNTJ,2026-01-20T19:36:40.801042368Z,01KFEEHFSGFWDRVK73QPA38B48,2026-01-20T19:36:40.801042368Z
01KFEEJV3NSC79S1C1FFFXAVS8,01KFEDCCAW3ZY6KSKNHTKZ971F,2026-01-20T19:37:23.829505129Z,19,2026-01-20T19:37:32.595080481Z,C,2026-01-20T19:37:32.579612868Z,01KFEDCCBDJ82W4YK2PN7VDTAX,2026-01-20T19:37:23.829505129Z,01KFEE6KZQR5PP1P0PS1XNKJRD,2026-01-20T19:37:23.829505129Z,01KFEEE809G09HS720QEE49ZNY,2026-01-20T19:37:23.829505129Z
01KFEJGZW3YDHDDD0PJCK9RPEZ,01KFEHAM72H3ZNN8G0T2BCT79K,2026-01-20T20:46:17.475607056Z,,,,,01KFEHAMBA8MCT3G2N9WQDMPVA,2026-01-20T20:46:17.475607056Z,01KFEJ4NXG1KSMNCGG6F6DD17Z,2026-01-20T20:46:17.475607056Z,01KFEJFFVNDK75WDRWWNFGVYYQ,2026-01-20T20:46:17.475607056Z
01KFEFTHC5MS992J128NC9B1XK,01KFEDCAVEZK3QD8ZFC2PP83WE,2026-01-20T19:59:04.581269989Z,19,2026-01-20T19:59:08.227998901Z,C,2026-01-20T19:59:08.207741225Z,01KFEDCAVZJC7DD4AH1B24TEC6,2026-01-20T19:59:04.581269989Z,01KFEFG8GX8B9102EGAWCJ2ZB0,2026-01-20T19:59:04.581269989Z,01KFEFNGZVDR5MV5KWZ0XEVC61,2026-01-20T19:59:04.581269989Z
01KFEHV9SJE8WF71SSDMB31HVK,01KFEHA1MRJDJA6FNTED28Z8HF,2026-01-20T20:34:26.738794468Z,20,2026-01-20T20:34:27.879697315Z,B,2026-01-20T20:34:27.658052691Z,01KFEHA1QMX5DYGHPSSSP2RXXX,2026-01-20T20:34:26.738794468Z,01KFEHH299EZ808S0B86915EW8,2026-01-20T20:34:26.738794468Z,01KFEHR30H56S388QSJDFBWHG0,2026-01-20T20:34:26.738794468Z
01KFEHVW0H7TMG8KYB0P6RJNMZ,01KFEHA1MRJDJA6FNTED28Z8HF,2026-01-20T20:34:45.393143275Z,19,2026-01-20T20:34:49.219189133Z,C,2026-01-20T20:34:48.860281263Z,01KFEHA1QDYX27N1S60Z95NKD9,2026-01-20T20:34:45.393143275Z,01KFEHFDNYYM4VRPKVABD0N8W8,2026-01-20T20:34:45.393143275Z,01KFEHQS02XBX2Z4QHC6Z321PB,2026-01-20T20:34:45.393143275Z
01KFEJX3YPZFTFPYWN6E61KEV5,01KFEHAM0SBSN9QYCK4NGJTWCC,2026-01-20T20:52:54.870971615Z,19,2026-01-20T20:52:59.485153754Z,C,2026-01-20T20:52:58.954654618Z,01KFEHAM4AZFDTAG8DR1VA4141,2026-01-20T20:52:54.870971615Z,01KFEJAS01H74KYS8N629S6DTN,2026-01-20T20:52:54.870971615Z,01KFEJMJSQH5DGTBN0VW0ZMTH2,2026-01-20T20:52:54.870971615Z
01KFEE17RXAVPKCYV3A43H0NZT,01KFEDCC1ZHDDN3CP9JWF4PGTF,2026-01-20T19:27:46.973743295Z,17,2026-01-20T19:27:50.707787087Z,D,2026-01-20T19:27:49.858373849Z,01KFEDCC2JDADMPT5RVP2N7S0X,2026-01-20T19:27:46.973743295Z,01KFEDQK6ZX4EYK4N5S5CFQ5FY,2026-01-20T19:27:46.973743295Z,01KFEDZ32TBSYBE3V67WAX9FQE,2026-01-20T19:27:46.973743295Z
01KFEFJ2NE3XMN5E4KWMHPTS1V,01KFEDCAVEZK3QD8ZFC2PP83WE,2026-01-20T19:54:27.374237471Z,0,2026-01-20T19:54:29.683523046Z,C,2026-01-20T19:54:29.663245099Z,01KFEDCAVXCN1BR0PV518R81QD,2026-01-20T19:54:27.374237471Z,01KFEFAMDQ915GZ68HPFMQXZ9N,2026-01-20T19:54:27.374237471Z,01KFEFE5T73FEV5620EJGJ99RW,2026-01-20T19:54:27.374237471Z
01KFEHNFGJCW44W7EJCHHXA1WX,01KFEHA1W0DBA89GCQ87GA4EG5,2026-01-20T20:31:15.986798669Z,17,2026-01-20T20:31:17.233166883Z,D,2026-01-20T20:31:17.213244117Z,01KFEHA1ZNDEMMB0DK92YAW8BD,2026-01-20T20:31:15.986798669Z,01KFEHAFP87N0FEFRCAHH2V652,2026-01-20T20:31:15.986798669Z,01KFEHHMWAG28DWZ81GREQR3GT,2026-01-20T20:31:15.986798669Z
01KFEJT00WHKCTH61SHQPN9M07,01KFEHAM0SBSN9QYCK4NGJTWCC,2026-01-20T20:51:12.540399902Z,20,2026-01-20T20:51:24.00020551Z,A,2026-01-20T20:51:19.960581643Z,01KFEHAM4AZFDTAG8DR1VA4141,2026-01-20T20:51:12.540399902Z,01KFEJAS01H74KYS8N629S6DTN,2026-01-20T20:51:12.540399902Z,01KFEJMJQ9A9CK99Z7785SQR5W,2026-01-20T20:51:12.540399902Z
01KFEK1YMRPGEQJF3N92Y6FDES,01KFEJ5C7H3Z5SGPPT0TCGAEB2,2026-01-20T20:55:33.272113895Z,19,2026-01-20T20:55:45.007924184Z,C,2026-01-20T20:55:39.924560022Z,01KFEJ5C9822567XDA8A9QG0G3,2026-01-20T20:55:33.272113895Z,01KFEJTATNKXCTW38TD0J18TFE,2026-01-20T20:55:33.272113895Z,01KFEK0Q02RBXVG8YX790933W5,2026-01-20T20:55:33.272113895Z
01KFEEPAPKZ1KKT79KQSXYMSQD,01KFEDCCAW3ZY6KSKNHTKZ971F,2026-01-20T19:39:18.099875439Z,17,2026-01-20T19:39:23.735778206Z,D,2026-01-20T19:39:20.758525209Z,01KFEDCCBDJ82W4YK2PN7VDTAX,2026-01-20T19:39:18.099875439Z,01KFEE85J92QXNE2691FZPHW2Z,2026-01-20T19:39:18.099875439Z,01KFEEE80JZA5X9AHRXHKM12EM,2026-01-20T19:39:18.099875439Z
01KFEHMEDCV92258GRPVZ10TM2,01KFEHA20TFYVSSENV0N2723W5,2026-01-20T20:30:42.092844776Z,20,2026-01-20T20:30:44.147902433Z,B,2026-01-20T20:30:44.074834591Z,01KFEHA25NESP3C46R1STZWY67,2026-01-20T20:30:42.092844776Z,01KFEHB2Z6PCQ5XRWRX0AQ3SH1,2026-01-20T20:30:42.092844776Z,01KFEHHR5503SXZKSZ40XGX5WC,2026-01-20T20:30:42.092844776Z
01KFEHTCRBADNSPKEP48EDGQE8,01KFEHA1EJWPRPNCXBTHCF12K2,2026-01-20T20:33:57.003411088Z,19,2026-01-20T20:34:03.973295118Z,C,2026-01-20T20:33:58.696875055Z,01KFEHA1GRK7A014NXTNRF457G,2026-01-20T20:33:57.003411088Z,01KFEHG6C81JZ80FMVPH00AMCG,2026-01-20T20:33:57.003411088Z,01KFEHPVKND5B6D37B2X9PZ6JQ,2026-01-20T20:33:57.003411088Z
01KFEJY9BB737DHKJQETATGJDN,01KFEHAM72H3ZNN8G0T2BCT79K,2026-01-20T20:53:33.163527362Z,29,2026-01-20T20:53:36.593969268Z,C,2026-01-20T20:53:36.48802251Z,01KFEHAMATV7GY0NQF17M2P0MD,2026-01-20T20:53:33.163527362Z,01KFEJ9C86SAQ3FA5GXN0A1JWJ,2026-01-20T20:53:33.163527362Z,01KFEJMB0BMEP8YS43R3TT0KRS,2026-01-20T20:53:33.163527362Z
01KFEJZGTNZDPCZ7NJK8Q339GY,01KFEJ5CPJ5RGARFNN6Z0PCT4Q,2026-01-20T20:54:13.589063329Z,10,2026-01-20T20:54:34.049736652Z,A,2026-01-20T20:54:21.196237116Z,01KFEJ5CRSNMMQKHYMFD35850B,2026-01-20T20:54:13.589063329Z,01KFEJD683V7BW0EC67T5B9T0M,2026-01-20T20:54:13.589063329Z,01KFEJRTQA64H825EQXXR4TC64,2026-01-20T20:54:13.589063329Z
01KFEFT5QJESRPDEVD38DY99B0,01KFEDCAVEZK3QD8ZFC2PP83WE,2026-01-20T19:58:52.658850522Z,10,2026-01-20T19:58:58.694344277Z,B,2026-01-20T19:58:58.677674723Z,01KFEDCAVZJC7DD4AH1B24TEC6,2026-01-20T19:58:52.658850522Z,01KFEFG8GX8B9102EGAWCJ2ZB0,2026-01-20T19:58:52.658850522Z,01KFEFNH028B44SW7SRX7PBQ0X,2026-01-20T19:58:52.658850522Z
01KFEHMCR4A2QXGAKPXSCZSC62,01KFEHA1W0DBA89GCQ87GA4EG5,2026-01-20T20:30:40.388227225Z,0,2026-01-20T20:30:43.2842758Z,C,2026-01-20T20:30:41.865704605Z,01KFEHA1ZNDEMMB0DK92YAW8BD,2026-01-20T20:30:40.388227225Z,01KFEHAFP87N0FEFRCAHH2V652,2026-01-20T20:30:40.388227225Z,01KFEHHMXAH9HKXAC2EX5WTMY4,2026-01-20T20:30:40.388227225Z
01KFEHKPBR3YTJ7MXYVC86SF11,01KFEHA1MRJDJA6FNTED28Z8HF,2026-01-20T20:30:17.464448356Z,17,2026-01-20T20:30:19.764968064Z,D,2026-01-20T20:30:19.741485299Z,01KFEHA1R32D8V3SKQA6BEDXA8,2026-01-20T20:30:17.464448356Z,01KFEHBPM0QM8692M9NW91QBAJ,2026-01-20T20:30:17.464448356Z,01KFEHGC8JRR71EAXP0WWWKCB7,2026-01-20T20:30:17.464448356Z
01KFEHREXPBE9EW7YASTY3B3DW,01KFEHA1W0DBA89GCQ87GA4EG5,2026-01-20T20:32:53.686500161Z,0,2026-01-20T20:33:10.578422845Z,D,2026-01-20T20:33:00.270957415Z,01KFEHA1YZ8ZAAQFH3AAV34XZC,2026-01-20T20:32:53.686500161Z,01KFEHGGXHDDWTZD1ZDVCQBBCE,2026-01-20T20:32:53.686500161Z,01KFEHRCMRRK738XXT19PB12XM,2026-01-20T20:32:53.686500161Z
01KFEHXDT09P348WX64GKN8ZDY,01KFEHA1MRJDJA6FNTED28Z8HF,2026-01-20T20:35:36.384087094Z,0,2026-01-20T20:35:43.505315678Z,C,2026-01-20T20:35:42.943853103Z,01KFEHA1QYV2E8SAEFNEHYNVTN,2026-01-20T20:35:36.384087094Z,01KFEHKCW5X4CR8DBAYXY74YGJ,2026-01-20T20:35:36.384087094Z,01KFEHSJHVSAMEZGKB6QKEWY40,2026-01-20T20:35:36.384087094Z
01KFEHZG0X5NTAE2C50T4PXEJ1,01KFEHA20TFYVSSENV0N2723W5,2026-01-20T20:36:44.189040243Z,10,2026-01-20T20:37:10.244457343Z,A,2026-01-20T20:36:55.532720477Z,01KFEHA25QS717K28J0SK0Z44C,2026-01-20T20:36:44.189040243Z,01KFEHRW225KHB0BFZQ8Z8WCRA,2026-01-20T20:36:44.189040243Z,01KFEHZD7H0JEEJHX15FAWXXQ4,2026-01-20T20:36:44.189040243Z
01KFEJ18X0V0WKTJBNB0DKCAM5,01KFEHA1W0DBA89GCQ87GA4EG5,2026-01-20T20:37:42.432326794Z,19,2026-01-20T20:37:46.177553195Z,C,2026-01-20T20:37:45.591496404Z,01KFEHA1Z72TJ9J0QENR016CFN,2026-01-20T20:37:42.432326794Z,01KFEHMDY2YXCAA0WMRPTSEKC9,2026-01-20T20:37:42.432326794Z,01KFEHZ0FM9GAH9ZN5A3D2DSKG,2026-01-20T20:37:42.432326794Z
01KFEJFQE4Z99TD6YTTG7KG9EM,01KFEHAM0SBSN9QYCK4NGJTWCC,2026-01-20T20:45:36.068290626Z,10,2026-01-20T20:46:25.190234727Z,B,2026-01-20T20:45:37.303025478Z,01KFEHAM3ZX2QFEZ4F28QFW79D,2026-01-20T20:45:36.068290626Z,01KFEJ99258GDSZYNA4N0ER3PR,2026-01-20T20:45:36.068290626Z,01KFEJDCQTMVM4FJAYCY5FXPH5,2026-01-20T20:45:36.068290626Z
01KFEE0NVX7Z3050MGE215C2QN,01KFEDCC1ZHDDN3CP9JWF4PGTF,2026-01-20T19:27:28.637748484Z,0,2026-01-20T19:27:32.942842131Z,B,2026-01-20T19:27:32.930363101Z,01KFEDCC2JDADMPT5RVP2N7S0X,2026-01-20T19:27:28.637748484Z,01KFEDQK6ZX4EYK4N5S5CFQ5FY,2026-01-20T19:27:28.637748484Z,01KFEDZ32HPS4WKB1C8GMCNP59,2026-01-20T19:27:28.637748484Z
01KFEEWZYFEB09JQD2TV7K10T0,01KFEDCCH0VMFH7P25F40PD43N,2026-01-20T19:42:56.463623654Z,29,2026-01-20T19:42:59.19166563Z,C,2026-01-20T19:42:59.170556698Z,01KFEDCCHJADFRJT5F5VJ9ST9F,2026-01-20T19:42:56.463623654Z,01KFEEKE9WXRZWBRXYDQ5J10WV,2026-01-20T19:42:56.463623654Z,01KFEERHSD5C6THC49027KZP1M,2026-01-20T19:42:56.463623654Z
01KFEDXM5J0YH5HDGWGV7YF0VA,01KFEDCC1ZHDDN3CP9JWF4PGTF,2026-01-20T19:25:48.594440015Z,17,2026-01-20T19:25:51.724666508Z,D,2026-01-20T19:25:51.712945036Z,01KFEDCC2JDADMPT5RVZQ93BA8,2026-01-20T19:25:48.594440015Z,01KFEDKABYH5MEPJ95J3ZMZNRM,2026-01-20T19:25:48.594440015Z,01KFEDVKB4B3RTD43XQ7C4MSTX,2026-01-20T19:25:48.594440015Z
01KFEHYJJWRFXDWWJ8N7JRN58H,01KFEHA1MRJDJA6FNTED28Z8HF,2026-01-20T20:36:14.04406377Z,0,2026-01-20T20:36:22.454146612Z,C,2026-01-20T20:36:22.41816842Z,01KFEHA1QYV2E8SAEFNEHYNVTN,2026-01-20T20:36:14.04406377Z,01KFEHKCW5X4CR8DBAYXY74YGJ,2026-01-20T20:36:14.04406377Z,01KFEHSJJEWKDDBXXN6C8ZK5E1,2026-01-20T20:36:14.04406377Z
01KFEHV6M7PGW2RB39E3RDSCHH,01KFEHA1MRJDJA6FNTED28Z8HF,2026-01-20T20:34:23.495835115Z,20,2026-01-20T20:34:24.744490928Z,B,2026-01-20T20:34:24.644160338Z,01KFEHA1QMX5DYGHPSSSP2RXXX,2026-01-20T20:34:23.495835115Z,01KFEHH299EZ808S0B86915EW8,2026-01-20T20:34:23.495835115Z,01KFEHR30B4CVD97MSB1RJ878F,2026-01-20T20:34:23.495835115Z
01KFEHVH9A5YE8NKCHC58G6KFA,01KFEHA1MRJDJA6FNTED28Z8HF,2026-01-20T20:34:34.41057935Z,19,2026-01-20T20:34:42.327978463Z,C,2026-01-20T20:34:42.287140724Z,01KFEHA1QYV2E8SAEFNEHYNVTN,2026-01-20T20:34:34.41057935Z,01KFEHHH6AXDMAXMWAFCF5JGBC,2026-01-20T20:34:34.41057935Z,01KFEHSJGXY0WXV86PFK4ZF3X4,2026-01-20T20:34:34.41057935Z
01KFEJCG9SSAAAXVVH9R08SRB9,01KFEHAKWNS08RQENHQ36ND5GA,2026-01-20T20:43:50.457955881Z,0,2026-01-20T20:43:55.829843744Z,A,2026-01-20T20:43:55.79239037Z,01KFEHAKXRHSJ1AHAHDK0DQA4P,2026-01-20T20:43:50.457955881Z,01KFEHYT1QK83WA2T7KG6GRDV0,2026-01-20T20:43:50.457955881Z,01KFEJ9XS8GF9TTP088QJWFZ5Q,2026-01-20T20:43:50.457955881Z
01KFEJEW39NN67ZRNXRN7CS8SR,01KFEHAM0SBSN9QYCK4NGJTWCC,2026-01-20T20:45:08.073281709Z,0,2026-01-20T20:45:11.03122275Z,B,2026-01-20T20:45:10.969515559Z,01KFEHAM3ZX2QFEZ4F28QFW79D,2026-01-20T20:45:08.073281709Z,01KFEJ9883X77HA7T3SDA1VF8F,2026-01-20T20:45:08.073281709Z,01KFEJDCPYXXCPGCC4Z9M9RQ3Y,2026-01-20T20:45:08.073281709Z
01KFEJV29JTYETYPKCH7SGHQXN,01KFEJ5C7H3Z5SGPPT0TCGAEB2,2026-01-20T20:51:47.63409981Z,17,2026-01-20T20:52:03.939706687Z,D,2026-01-20T20:51:52.165306144Z,01KFEJ5C9TA7ZE3V3TA0C9309P,2026-01-20T20:51:47.63409981Z,01KFEJC8857TJ96A66VP2R9ZC5,2026-01-20T20:51:47.63409981Z,01KFEJRA0AEDKYKBKY32NFSZFG,2026-01-20T20:51:47.63409981Z
01KFEJYV2Z26F7V08S3T0MSPJ6,01KFEJ5C7H3Z5SGPPT0TCGAEB2,2026-01-20T20:53:51.327483417Z,10,2026-01-20T20:53:56.30322149Z,A,2026-01-20T20:53:55.75457776Z,01KFEJ5C9TA7ZE3V3TA0C9309P,2026-01-20T20:53:51.327483417Z,01KFEJC8857TJ96A66VP2R9ZC5,2026-01-20T20:53:51.327483417Z,01KFEJRA46QE8K88KKG86GSXRD,2026-01-20T20:53:51.327483417Z
01KFEEJGH5X9P82S5HJ5Q3C067,01KFEDCB7P38BTZ4ACVDP6P0XN,2026-01-20T19:37:12.997100792Z,0,2026-01-20T19:37:17.959313576Z,A,2026-01-20T19:37:15.393478163Z,01KFEDCB85NRAF0XG25ABR62N5,2026-01-20T19:37:12.997100792Z,01KFEE7Q9A8CN1TS35QENG1JN7,2026-01-20T19:37:12.997100792Z,01KFEEC6QCVS81FJ6KAT1KSZDZ,2026-01-20T19:37:12.997100792Z
01KFEHK6P7HJ8CXDDX270B3B57,01KFEHA20TFYVSSENV0N2723W5,2026-01-20T20:30:01.416005952Z,10,2026-01-20T20:30:08.451059854Z,A,2026-01-20T20:30:02.658173781Z,01KFEHA25NESP3C46R1STZWY67,2026-01-20T20:30:01.416005952Z,01KFEHE6NX6FXVRTV1KPH8TKWC,2026-01-20T20:30:01.416005952Z,01KFEHHR5WZVN3N0EJS7YC2QHK,2026-01-20T20:30:01.416005952Z
01KFEEXA1ZBR71RBP4D1J2MWZH,01KFEDCCAW3ZY6KSKNHTKZ971F,2026-01-20T19:43:06.815904366Z,0,2026-01-20T19:43:09.089169405Z,C,2026-01-20T19:43:08.506379483Z,01KFEDCCBE716PRHN8Q6NQV6ZT,2026-01-20T19:43:06.815904366Z,01KFEEMRW7PPKZGT4SNXBV2JSZ,2026-01-20T19:43:06.815904366Z,01KFEEV7W3AAVZYDHPWJXWG7TN,2026-01-20T19:43:06.815904366Z
01KFEHG99W2QYHWE6F0AJ87BX3,01KFEDC9EK94N2WNCHE5RRQHCJ,2026-01-20T20:28:25.788199493Z,17,2026-01-20T20:28:41.935921479Z,D,2026-01-20T20:28:31.351271484Z,01KFEDC9FGZ2QQQ39YDAAVXSM4,2026-01-20T20:28:25.788199493Z,01KFEHAQ9EZXF31DRKMHESX77N,2026-01-20T20:28:25.788199493Z,01KFEHF2TTV3JSPZC78CYPBXZ0,2026-01-20T20:28:25.788199493Z
01KFEJ49GS0QQYG95GFYHG3ZBY,01KFEHAKK9QMW81MWT2FF1CSZA,2026-01-20T20:39:21.36909704Z,0,2026-01-20T20:39:34.636443471Z,C,2026-01-20T20:39:32.783435617Z,01KFEHAKMDAJRN7M0QA4VDJCGY,2026-01-20T20:39:21.36909704Z,01KFEHW86W3STHQPDAT1BP1CXX,2026-01-20T20:39:21.36909704Z,01KFEJ2SHPE7P35XKXGK774ZH5,2026-01-20T20:39:21.36909704Z
01KFEK9C5M8HZH0HV896GK44BN,01KFEJ5DKDD8ED3R70AXWWV7TA,2026-01-20T20:59:36.500263072Z,19,2026-01-20T20:59:51.907290136Z,C,2026-01-20T20:59:41.94340314Z,01KFEJ5DPRA3SJMDJ397B8T8C1,2026-01-20T20:59:36.500263072Z,01KFEK01H1YPA1JPJ9R7TY1GMF,2026-01-20T20:59:36.500263072Z,01KFEK95PQWDPS6081S5YJGNJD,2026-01-20T20:59:36.500263072Z
01KFEEE5XCTZYXS18828D48A7X,01KFEDCB7P38BTZ4ACVDP6P0XN,2026-01-20T19:34:51.052888959Z,0,2026-01-20T19:34:57.359622143Z,C,2026-01-20T19:34:57.346657814Z,01KFEDCB85NRAF0XG25ABR62N5,2026-01-20T19:34:51.052888959Z,01KFEE2GDYZKFQF2HSAA1FMRTA,2026-01-20T19:34:51.052888959Z,01KFEEC6PW71Q1Q74PYVMF9WKM,2026-01-20T19:34:51.052888959Z
01KFEHWJE4HQPV9NW4V83TCT1T,01KFEHA1EJWPRPNCXBTHCF12K2,2026-01-20T20:35:08.356233535Z,29,2026-01-20T20:35:11.407919545Z,C,2026-01-20T20:35:10.015448515Z,01KFEHA1GPSKM8FTTA039GX2FE,2026-01-20T20:35:08.356233535Z,01KFEHHKNYNVTAQQFNDQ02SYYK,2026-01-20T20:35:08.356233535Z,01KFEHRJY69TE8BMH4NFD0V4DB,2026-01-20T20:35:08.356233535Z
01KFEHK9FDCWBA6XMV8HEQMSX0,01KFEHA1MRJDJA6FNTED28Z8HF,2026-01-20T20:30:04.269504244Z,0,2026-01-20T20:30:08.359698987Z,C,2026-01-20T20:30:08.33471814Z,01KFEHA1R32D8V3SKQA6BEDXA8,2026-01-20T20:30:04.269504244Z,01KFEHBPM0QM8692M9NW91QBAJ,2026-01-20T20:30:04.269504244Z,01KFEHGC8APBVBEXKWFK29QFC6,2026-01-20T20:30:04.269504244Z
01KFEJ15PCCR5CCVM78BHETTPN,01KFEHA20TFYVSSENV0N2723W5,2026-01-20T20:37:39.148805709Z,10,2026-01-20T20:38:36.723526895Z,B,2026-01-20T20:37:45.858638345Z,01KFEHA25QS717K28J0SK0Z44C,2026-01-20T20:37:39.148805709Z,01KFEHRW225KHB0BFZQ8Z8WCRA,2026-01-20T20:37:39.148805709Z,01KFEHZD8FGTPBV3WVWQVSS8MF,2026-01-20T20:37:39.148805709Z
01KFEHRN5C5HHZ69XV8WWV8RXW,01KFEHA1EJWPRPNCXBTHCF12K2,2026-01-20T20:33:00.07673836Z,10,2026-01-20T20:33:06.775863073Z,B,2026-01-20T20:33:06.74417502Z,01KFEHA1GPSKM8FTTA039GX2FE,2026-01-20T20:33:00.07673836Z,01KFEHGGC977SV7QXMD0KQJ3VM,2026-01-20T20:33:00.07673836Z,01KFEHRJWDTQ15HWKPVHZMXESV,2026-01-20T20:33:00.07673836Z
01KFEHW044JN9QRJJ9J57QXEBZ,01KFEHA1MRJDJA6FNTED28Z8HF,2026-01-20T20:34:49.604041786Z,0,2026-01-20T20:34:55.060189704Z,C,2026-01-20T20:34:53.244029878Z,01KFEHA1QYV2E8SAEFNEHYNVTN,2026-01-20T20:34:49.604041786Z,01KFEHKCW5X4CR8DBAYXY74YGJ,2026-01-20T20:34:49.604041786Z,01KFEHSJH5A54DTM433SQHTBYV,2026-01-20T20:34:49.604041786Z
01KFEHW6E4BT30ZJ62NMX8FGDA,01KFEHA1MRJDJA6FNTED28Z8HF,2026-01-20T20:34:56.068112581Z,20,2026-01-20T20:34:58.516229609Z,A,2026-01-20T20:34:58.315651246Z,01KFEHA1QMX5DYGHPSSSP2RXXX,2026-01-20T20:34:56.068112581Z,01KFEHJFJ1SMX3RCX9M0MFWVF6,2026-01-20T20:34:56.068112581Z,01KFEHR31J7TXGAZWPH1HNK6W9,2026-01-20T20:34:56.068112581Z
01KFEJ02XSCBXNFPAM7B3PPC4B,01KFEHA1W0DBA89GCQ87GA4EG5,2026-01-20T20:37:03.545785708Z,20,2026-01-20T20:37:10.211059777Z,A,2026-01-20T20:37:10.134839399Z,01KFEHA1Z72TJ9J0QENR016CFN,2026-01-20T20:37:03.545785708Z,01KFEHVQ5CHDKKYBKKZ5GXNMKV,2026-01-20T20:37:03.545785708Z,01KFEHZ0DQ5KG0WEM8XV9A406R,2026-01-20T20:37:03.545785708Z
01KFEEFFGQB383VTK8S3PNKHGA,01KFEDCB0G5KS91T4MD9JTDSA4,2026-01-20T19:35:33.655804018Z,19,2026-01-20T19:35:38.334522576Z,C,2026-01-20T19:35:38.315065511Z,01KFEDCB15BD0TYD7H0V6YZGSZ,2026-01-20T19:35:33.655804018Z,01KFEE2B09J1P0X60NY0EGT3C2,2026-01-20T19:35:33.655804018Z,01KFEE9KM68PBR0M4B8AJ9JX90,2026-01-20T19:35:33.655804018Z
01KFEHJA4P2YNTT8JXZTQYQHKS,01KFEHA1MRJDJA6FNTED28Z8HF,2026-01-20T20:29:32.182437619Z,0,2026-01-20T20:29:39.303026797Z,C,2026-01-20T20:29:39.279791071Z,01KFEHA1R32D8V3SKQA6BEDXA8,2026-01-20T20:29:32.182437619Z,01KFEHBPM0QM8692M9NW91QBAJ,2026-01-20T20:29:32.182437619Z,01KFEHGC7RGHJ59DN4CYPM6G2H,2026-01-20T20:29:32.182437619Z
01KFEJWZWJ837G33FPDPVJJPPS,01KFEJ5DKDD8ED3R70AXWWV7TA,2026-01-20T20:52:50.706181566Z,19,2026-01-20T20:52:59.885131719Z,C,2026-01-20T20:52:53.710200032Z,01KFEJ5DPFFD934S0E2GQ1B9RR,2026-01-20T20:52:50.706181566Z,01KFEJPRKV9117XEB7P0YJ5NT5,2026-01-20T20:52:50.706181566Z,01KFEJVCSNEVZTTEQ125HMXG7A,2026-01-20T20:52:50.706181566Z
01KFEEC7KKVAX0KXD7QKPK6S0D,01KFEDCB7P38BTZ4ACVDP6P0XN,2026-01-20T19:33:47.251776664Z,0,2026-01-20T19:34:04.728620637Z,B,2026-01-20T19:33:55.415435349Z,01KFEDCB85NRAF0XG25ABR62N5,2026-01-20T19:33:47.251776664Z,01KFEE7Q9A8CN1TS35QENG1JN7,2026-01-20T19:33:47.251776664Z,01KFEEC6QF72QRVRP9AEDYXFD7,2026-01-20T19:33:47.251776664Z
01KFEFG4DQS4S3HDRNV5EAAAAP,01KFEDC9EK94N2WNCHE5RRQHCJ,2026-01-20T19:53:23.63924084Z,20,2026-01-20T19:53:33.044576004Z,B,2026-01-20T19:53:33.024092654Z,01KFEDC9FF7T49EPA99GZDGH84,2026-01-20T19:53:23.63924084Z,01KFEFBN24Q9S7DG3606EXV8XC,2026-01-20T19:53:23.63924084Z,01KFEFG2PVTHB99CTZ0E4RKW9V,2026-01-20T19:53:23.63924084Z
01KFEFKTCY14R450SM81W3WF1D,01KFEDCAVEZK3QD8ZFC2PP83WE,2026-01-20T19:55:24.446367046Z,10,2026-01-20T19:55:26.329926698Z,A,2026-01-20T19:55:26.270095023Z,01KFEDCAVZJC7DD4AH1RF6NR9W,2026-01-20T19:55:24.446367046Z,01KFEFBH5ZZ770WWH7HK9VAC9K,2026-01-20T19:55:24.446367046Z,01KFEFFP4H73BNBF956HSNFZP1,2026-01-20T19:55:24.446367046Z
01KFEJ47JRM13HZMQNQSEK197V,01KFEHA20TFYVSSENV0N2723W5,2026-01-20T20:39:19.384330352Z,0,2026-01-20T20:39:27.508282088Z,C,2026-01-20T20:39:27.465429122Z,01KFEHA25QS717K28J0SK0Z44C,2026-01-20T20:39:19.384330352Z,01KFEHRW225KHB0BFZQ8Z8WCRA,2026-01-20T20:39:19.384330352Z,01KFEHZD9275N1H1GSHQ81WHM6,2026-01-20T20:39:19.384330352Z
01KFEEBNEGGCGATZ4VRZWZFD4T,01KFEDCB0G5KS91T4MD9JTDSA4,2026-01-20T19:33:28.656110089Z,19,2026-01-20T19:33:35.11543798Z,C,2026-01-20T19:33:35.09891243Z,01KFEDCB15BD0TYD7H0V6YZGSZ,2026-01-20T19:33:28.656110089Z,01KFEE2B09J1P0X60NY0EGT3C2,2026-01-20T19:33:28.656110089Z,01KFEE9KKS8Q9HTCBJJAWE361M,2026-01-20T19:33:28.656110089Z
01KFEEN84HZPBPF1RV8F8BA7NR,01KFEDCCAW3ZY6KSKNHTKZ971F,2026-01-20T19:38:42.705248158Z,0,2026-01-20T19:38:53.404821415Z,C,2026-01-20T19:38:53.388929731Z,01KFEDCCBDJ82W4YK2PN7VDTAX,2026-01-20T19:38:42.705248158Z,01KFEE85J92QXNE2691FZPHW2Z,2026-01-20T19:38:42.705248158Z,01KFEEE80E5BB89S35Q8B0V2VA,2026-01-20T19:38:42.705248158Z
01KFEHZ3FNSZEQPQHA60D0G4TT,01KFEHA1W0DBA89GCQ87GA4EG5,2026-01-20T20:36:31.349948249Z,10,2026-01-20T20:36:39.339578124Z,B,2026-01-20T20:36:36.488124042Z,01KFEHA1ZSVYK8DGYZZSV53FQM,2026-01-20T20:36:31.349948249Z,01KFEHMXV04MY34HJYA33HA616,2026-01-20T20:36:31.349948249Z,01KFEHWYTKGS708E4DQBVENRAZ,2026-01-20T20:36:31.349948249Z
01KFEJX25KK06EVGKZQYDQY5X1,01KFEHAM72H3ZNN8G0T2BCT79K,2026-01-20T20:52:53.043510576Z,0,2026-01-20T20:52:57.730365241Z,C,2026-01-20T20:52:57.658161852Z,01KFEHAMATV7GY0NQF17M2P0MD,2026-01-20T20:52:53.043510576Z,01KFEJ9C86SAQ3FA5GXN0A1JWJ,2026-01-20T20:52:53.043510576Z,01KFEJMAZ44W2083YCNY9RPGZZ,2026-01-20T20:52:53.043510576Z
01KFEDZPST1B2W8W0RPC9CBHPY,01KFEDCC1ZHDDN3CP9JWF4PGTF,2026-01-20T19:26:56.826927547Z,17,2026-01-20T19:26:59.010457167Z,D,2026-01-20T19:26:57.66977803Z,01KFEDCC2JDADMPT5RVZQ93BA8,2026-01-20T19:26:56.826927547Z,01KFEDKABYH5MEPJ95J3ZMZNRM,2026-01-20T19:26:56.826927547Z,01KFEDVKB92266ZBNTF1B55S8R,2026-01-20T19:26:56.826927547Z
01KFEEZTNA1N9SZAPHJ8QRXE1B,01KFEDCCAW3ZY6KSKNHTKZ971F,2026-01-20T19:44:29.354075753Z,0,2026-01-20T19:44:33.059730242Z,D,2026-01-20T19:44:33.039724529Z,01KFEDCCBE716PRHN8Q6NQV6ZT,2026-01-20T19:44:29.354075753Z,01KFEEMRW7PPKZGT4SNXBV2JSZ,2026-01-20T19:44:29.354075753Z,01KFEEV7VSJGB07FWYYBKRZ5R3,2026-01-20T19:44:29.354075753Z
01KFEK6MVM9H2AZY3XR6S53H74,01KFEJ5CPJ5RGARFNN6Z0PCT4Q,2026-01-20T20:58:07.092237086Z,19,2026-01-20T20:58:11.861284468Z,C,2026-01-20T20:58:10.339760279Z,01KFEJ5CR34Y85488XX0EC4SX7,2026-01-20T20:58:07.092237086Z,01KFEK2K0AVWKZA3NW4B793MSN,2026-01-20T20:58:07.092237086Z,01KFEK6E804CCEYE84E8440E76,2026-01-20T20:58:07.092237086Z
01KFEHX21YEQWFKTE88AR5WDY3,01KFEHA1EJWPRPNCXBTHCF12K2,2026-01-20T20:35:24.35025498Z,0,2026-01-20T20:35:28.209718203Z,C,2026-01-20T20:35:28.139786948Z,01KFEHA1GPSKM8FTTA039GX2FE,2026-01-20T20:35:24.35025498Z,01KFEHHKNYNVTAQQFNDQ02SYYK,2026-01-20T20:35:24.35025498Z,01KFEHRJYDNV1AE3HV0985SY3X,2026-01-20T20:35:24.35025498Z
01KFEJHBT6J5DD1AGM2JC4X7PM,01KFEHAM0SBSN9QYCK4NGJTWCC,2026-01-20T20:46:29.702328511Z,10,2026-01-20T20:46:33.800201972Z,A,2026-01-20T20:46:33.745046381Z,01KFEHAM45R1366856G6A2WGHZ,2026-01-20T20:46:29.702328511Z,01KFEHW1PTS6VD3Q9W69X0CC7S,2026-01-20T20:46:29.702328511Z,01KFEJBBR36ZX8JEAX2QD40409,2026-01-20T20:46:29.702328511Z
01KFEFJYF3HJH2YVQ6P5JY39C2,01KFEDCAVEZK3QD8ZFC2PP83WE,2026-01-20T19:54:55.843825456Z,7,2026-01-20T19:54:58.562846717Z,D,2026-01-20T19:54:58.548281631Z,01KFEDCAVZJC7DD4AH1RF6NR9W,2026-01-20T19:54:55.843825456Z,01KFEFBH5ZZ770WWH7HK9VAC9K,2026-01-20T19:54:55.843825456Z,01KFEFFP4P5GKWJQD5T1PNYS4R,2026-01-20T19:54:55.843825456Z
01KFEHHPTP00NVE1T93C3QFH85,01KFEHA1W0DBA89GCQ87GA4EG5,2026-01-20T20:29:12.406762177Z,0,2026-01-20T20:29:18.524530663Z,B,2026-01-20T20:29:16.981815521Z,01KFEHA1ZNDEMMB0DK92YAW8BD,2026-01-20T20:29:12.406762177Z,01KFEHEBSJCV2WCY6FBMMN65A3,2026-01-20T20:29:12.406762177Z,01KFEHHMVEB3SR6X62JVPRA0ZC,2026-01-20T20:29:12.406762177Z
01KFEHVJZNAVV15PFC6W0XENE9,01KFEHA1MRJDJA6FNTED28Z8HF,2026-01-20T20:34:36.149730207Z,19,2026-01-20T20:34:40.884243964Z,C,2026-01-20T20:34:37.924290546Z,01KFEHA1QDYX27N1S60Z95NKD9,2026-01-20T20:34:36.149730207Z,01KFEHFDNYYM4VRPKVABD0N8W8,2026-01-20T20:34:36.149730207Z,01KFEHQRZW65CC9AXXVB6VNT0A,2026-01-20T20:34:36.149730207Z
01KFEK9KAQ5QFD35VF9XTZZB79,01KFEJ5D47V2DPV4P7KW69CWA7,2026-01-20T20:59:43.831095902Z,,,,,01KFEJ5D6ESPGXB2FQ6BSGAH02,2026-01-20T20:59:43.831095902Z,01KFEJZ4MXMGT7X38D04KZSZNE,2026-01-20T20:59:43.831095902Z,01KFEK7N8DS2TJ3NP55YM4C66Y,2026-01-20T20:59:43.831095902Z
01KFEEMWMBSRVBC99CDCANZE7G,01KFEDCCAW3ZY6KSKNHTKZ971F,2026-01-20T19:38:30.923412126Z,20,2026-01-20T19:38:37.859352933Z,B,2026-01-20T19:38:37.840108925Z,01KFEDCCBDJ82W4YK2PN7VDTAX,2026-01-20T19:38:30.923412126Z,01KFEE6KZQR5PP1P0PS1XNKJRD,2026-01-20T19:38:30.923412126Z,01KFEEE80D066V0AJZMJEF0FCZ,2026-01-20T19:38:30.923412126Z
01KFEERK5A5XB0J3PSN8ADWKQS,01KFEDCCH0VMFH7P25F40PD43N,2026-01-20T19:40:32.298249083Z,0,2026-01-20T19:40:44.308513029Z,A,2026-01-20T19:40:44.287212681Z,01KFEDCCHJADFRJT5F5VJ9ST9F,2026-01-20T19:40:32.298249083Z,01KFEEJDGDWEMZQAHJH9Z7FVC3,2026-01-20T19:40:32.298249083Z,01KFEERHRS73K41K3YZPWJHWZ2,2026-01-20T19:40:32.298249083Z
01KFEJVJS5DXCJDXA5Z7A7XYH3,01KFEHAM72H3ZNN8G0T2BCT79K,2026-01-20T20:52:04.517810164Z,0,2026-01-20T20:52:17.328528198Z,C,2026-01-20T20:52:17.27547887Z,01KFEHAMB21FYRXZN71VHCADQA,2026-01-20T20:52:04.517810164Z,01KFEJA6ZV4RH275A9Q04XR97K,2026-01-20T20:52:04.517810164Z,01KFEJQTKS623Y8CG9VMMT9ZMA,2026-01-20T20:52:04.517810164Z
01KFEHKW98WS57XX2Y5BJF692E,01KFEHA1EJWPRPNCXBTHCF12K2,2026-01-20T20:30:23.528328345Z,29,2026-01-20T20:30:25.082679332Z,C,2026-01-20T20:30:25.058440536Z,01KFEHA1GK3DQ7TRWFWA7J267H,2026-01-20T20:30:23.528328345Z,01KFEHBP1ZE2AV6NAD8SG9ZGBW,2026-01-20T20:30:23.528328345Z,01KFEHFC2EM9MNV0G9BXM12NJA,2026-01-20T20:30:23.528328345Z
01KFEJB30QSRHH958MRDH3862J,01KFEHA20TFYVSSENV0N2723W5,2026-01-20T20:43:04.087770488Z,20,2026-01-20T20:43:05.995638223Z,A,2026-01-20T20:43:05.782864689Z,01KFEHA25S6PYJD4DSX1VJG5FE,2026-01-20T20:43:04.087770488Z,01KFEHWFN7B5ZY9MX1Q0P1B17R,2026-01-20T20:43:04.087770488Z,01KFEJ3HSC705RFRND7SVVWC4J,2026-01-20T20:43:04.087770488Z
01KFEFNX10WER08WJW7Y42CNKR,01KFEDC9EK94N2WNCHE5RRQHCJ,2026-01-20T19:56:32.672923996Z,10,2026-01-20T19:56:35.751737857Z,A,2026-01-20T19:56:35.730813179Z,01KFEDC9FF7T49EPA99GZDGH84,2026-01-20T19:56:32.672923996Z,01KFEFB7KJED56AXX5RHJAHZFZ,2026-01-20T19:56:32.672923996Z,01KFEFG2R0PWXFFK6QYMZXD16Q,2026-01-20T19:56:32.672923996Z
01KFEHHPTW87HG9ETFHG295JA9,01KFEHA1W0DBA89GCQ87GA4EG5,2026-01-20T20:29:12.41245336Z,0,2026-01-20T20:29:18.524530663Z,B,2026-01-20T20:29:18.50794185Z,01KFEHA1ZNDEMMB0DK92YAW8BD,2026-01-20T20:29:12.41245336Z,01KFEHAFP87N0FEFRCAHH2V652,2026-01-20T20:29:12.41245336Z,01KFEHHMVEB3SR6X62JVPRA0ZC,2026-01-20T20:29:12.41245336Z
01KFEJBW8CJGPG25QA5CCJ26KH,01KFEHAKWNS08RQENHQ36ND5GA,2026-01-20T20:43:29.93212338Z,10,2026-01-20T20:43:34.735100223Z,A,2026-01-20T20:43:32.077186517Z,01KFEHAKXRHSJ1AHAHDK0DQA4P,2026-01-20T20:43:29.93212338Z,01KFEJ580QQJEEAZHBCH3CHEAD,2026-01-20T20:43:29.93212338Z,01KFEJ9XMR1W7EWC1ZTT36SFTT,2026-01-20T20:43:29.93212338Z
01KFEJMXTFZHWXE4BKFF5F45NW,01KFEHAKWNS08RQENHQ36ND5GA,2026-01-20T20:48:26.447411051Z,0,2026-01-20T20:48:50.44976752Z,B,2026-01-20T20:48:33.364717614Z,01KFEHAKXJ10EJRCGF487MPEAV,2026-01-20T20:48:26.447411051Z,01KFEJABGC6P623T7A5G0Q33VP,2026-01-20T20:48:26.447411051Z,01KFEJJPP3AHKNP5GTVZH6BD4D,2026-01-20T20:48:26.447411051Z
01KFEJRZZQR6YHF2H9QPVVQCN8,01KFEJ5CPJ5RGARFNN6Z0PCT4Q,2026-01-20T20:50:39.735066857Z,10,2026-01-20T20:50:54.490836995Z,B,2026-01-20T20:50:52.617572831Z,01KFEJ5CRSNMMQKHYMFD35850B,2026-01-20T20:50:39.735066857Z,01KFEJHQKQJTKAV5X447CE3YRT,2026-01-20T20:50:39.735066857Z,01KFEJRTM5XRDJCFPH1GBSVRQH,2026-01-20T20:50:39.735066857Z
01KFEJV1S3K8C48YAHD4FD7NYY,01KFEHAM0SBSN9QYCK4NGJTWCC,2026-01-20T20:51:47.107511201Z,17,2026-01-20T20:51:59.699508148Z,D,2026-01-20T20:51:56.661185099Z,01KFEHAM4AZFDTAG8DR1VA4141,2026-01-20T20:51:47.107511201Z,01KFEJFMC7CFQF46Z46BV1EM1Q,2026-01-20T20:51:47.107511201Z,01KFEJMJRGXY9AQ0P54W1XDG10,2026-01-20T20:51:47.107511201Z
01KFEE3W9C56PRTHTVDQENR6BS,01KFEDCB0G5KS91T4MD9JTDSA4,2026-01-20T19:29:13.516757248Z,20,2026-01-20T19:29:18.159337174Z,A,2026-01-20T19:29:14.821042629Z,01KFEDCB139KMAVWQ3WS54614D,2026-01-20T19:29:13.516757248Z,01KFEDV9TKV9GTHAZ1F6R9Z694,2026-01-20T19:29:13.516757248Z,01KFEE0HF2TXX3QE2PG11JRHC6,2026-01-20T19:29:13.516757248Z
01KFEFKTD1J68STZWD9YGDCKHD,01KFEDCAVEZK3QD8ZFC2PP83WE,2026-01-20T19:55:24.44909257Z,19,2026-01-20T19:55:26.329926698Z,C,2026-01-20T19:55:25.662692516Z,01KFEDCAVZJC7DD4AH1RF6NR9W,2026-01-20T19:55:24.44909257Z,01KFEF0XCN2JDQQD559T0PP43B,2026-01-20T19:55:24.44909257Z,01KFEFFP4H73BNBF956HSNFZP1,2026-01-20T19:55:24.44909257Z
01KFEHRNCTHG7NP560MEYZD1HQ,01KFEHA1EJWPRPNCXBTHCF12K2,2026-01-20T20:33:00.314550736Z,7,2026-01-20T20:33:02.221792887Z,D,2026-01-20T20:33:02.043480692Z,01KFEHA1GDXTPSA0SX8CRPX47C,2026-01-20T20:33:00.314550736Z,01KFEHFHGVMZZ35F5CSBQJBJM3,2026-01-20T20:33:00.314550736Z,01KFEHNSEZ8DWABBYCERF9QMEY,2026-01-20T20:33:00.314550736Z
01KFEHRS3YCPAMC93KV2A005NC,01KFEHA1EJWPRPNCXBTHCF12K2,2026-01-20T20:33:04.126519475Z,19,2026-01-20T20:33:09.810577977Z,C,2026-01-20T20:33:06.428860327Z,01KFEHA1GDXTPSA0SX8CRPX47C,2026-01-20T20:33:04.126519475Z,01KFEHHMSX0QGW7JR1FS9J2AW6,2026-01-20T20:33:04.126519475Z,01KFEHNSF6SHJ1G6MMYB05DB0R,2026-01-20T20:33:04.126519475Z
01KFEJWPRCE7V917C8KSC0EH57,01KFEHAM72H3ZNN8G0T2BCT79K,2026-01-20T20:52:41.356683926Z,19,2026-01-20T20:52:46.52400208Z,C,2026-01-20T20:52:43.975436019Z,01KFEHAMATV7GY0NQF17M2P0MD,2026-01-20T20:52:41.356683926Z,01KFEJ9C86SAQ3FA5GXN0A1JWJ,2026-01-20T20:52:41.356683926Z,01KFEJMAYF2968VWRA6XN1XBDK,2026-01-20T20:52:41.356683926Z
01KFEK63FGAAX9K15YD1KXXV81,01KFEJ5C7H3Z5SGPPT0TCGAEB2,2026-01-20T20:57:49.296113161Z,19,2026-01-20T20:57:53.250664731Z,C,2026-01-20T20:57:51.064294853Z,01KFEJ5C9822567XDA8A9QG0G3,2026-01-20T20:57:49.296113161Z,01KFEJRM0CNFF8YTKCA6JC16CE,2026-01-20T20:57:49.296113161Z,01KFEK0Q591XTRXWM8420D0WYB,2026-01-20T20:57:49.296113161Z
01KFEKAKZ4ET85CVMXPK1FRBYY,01KFEJ5DKDD8ED3R70AXWWV7TA,2026-01-20T21:00:17.252108241Z,10,2026-01-20T21:00:22.545257366Z,A,2026-01-20T21:00:20.727818875Z,01KFEJ5DPRA3SJMDJ397B8T8C1,2026-01-20T21:00:17.252108241Z,01KFEJTTYE1JJF4JNZFR32N2T9,2026-01-20T21:00:17.252108241Z,01KFEK95S9MZ1FW57Y2FVQT00Z,2026-01-20T21:00:17.252108241Z
01KFEE2GD972N6THCS5D8C8BZC,01KFEDCB0G5KS91T4MD9JTDSA4,2026-01-20T19:28:28.585437698Z,20,2026-01-20T19:28:36.426584371Z,B,2026-01-20T19:28:36.413481135Z,01KFEDCB197E7YMN5STVXKHS22,2026-01-20T19:28:28.585437698Z,01KFEDRBWHPV4A332ZXM2PZSR4,2026-01-20T19:28:28.585437698Z,01KFEE2FBRH662A71HSKV4RA79,2026-01-20T19:28:28.585437698Z
01KFEETYPHCHV446B6497DQAM6,01KFEDCCH0VMFH7P25F40PD43N,2026-01-20T19:41:49.650026868Z,29,2026-01-20T19:41:52.600625311Z,C,2026-01-20T19:41:52.088850311Z,01KFEDCCHJADFRJT5F5VJ9ST9F,2026-01-20T19:41:49.650026868Z,01KFEEKE9WXRZWBRXYDQ5J10WV,2026-01-20T19:41:49.650026868Z,01KFEERHSVCJAJNXZR9BAR0VM4,2026-01-20T19:41:49.650026868Z
01KFEFH0YQCTWD9N4B59FEK203,01KFEDCCH0VMFH7P25F40PD43N,2026-01-20T19:53:52.855309581Z,20,2026-01-20T19:53:55.32846336Z,A,2026-01-20T19:53:54.800399783Z,01KFEDCCHH44R979H37GT2B68J,2026-01-20T19:53:52.855309581Z,01KFEFADJR1SXTG9225WD5SFVJ,2026-01-20T19:53:52.855309581Z,01KFEFDZD99QVZ0MRDVJD7PR2E,2026-01-20T19:53:52.855309581Z
01KFEJNVHYMVBKGX31ZSE605QH,01KFEHAKWNS08RQENHQ36ND5GA,2026-01-20T20:48:56.894395861Z,17,2026-01-20T20:49:06.587004498Z,D,2026-01-20T20:49:06.525117662Z,01KFEHAKXJ10EJRCGF487MPEAV,2026-01-20T20:48:56.894395861Z,01KFEJABGC6P623T7A5G0Q33VP,2026-01-20T20:48:56.894395861Z,01KFEJJPNJRR4QDF9BBC6R064G,2026-01-20T20:48:56.894395861Z
01KFEK6TJRWN0JA5AHDWF9J8Z3,01KFEJ5C7H3Z5SGPPT0TCGAEB2,2026-01-20T20:58:12.952697532Z,20,2026-01-20T20:58:15.744944332Z,A,2026-01-20T20:58:14.849378074Z,01KFEJ5C9822567XDA8A9QG0G3,2026-01-20T20:58:12.952697532Z,01KFEJRM0CNFF8YTKCA6JC16CE,2026-01-20T20:58:12.952697532Z,01KFEK0Q3T95EZ2KTX9NSMY573,2026-01-20T20:58:12.952697532Z
01KFEE6R8C8CFRS6RXKGQBHRK2,01KFEDCB0G5KS91T4MD9JTDSA4,2026-01-20T19:30:47.692627705Z,10,2026-01-20T19:30:50.313563071Z,A,2026-01-20T19:30:50.29865616Z,01KFEDCB197E7YMN5STVXKHS22,2026-01-20T19:30:47.692627705Z,01KFEDZFSW9KBCS8VJN8KBS8T4,2026-01-20T19:30:47.692627705Z,01KFEE2FC6CRVYDFXNDF2R2XTC,2026-01-20T19:30:47.692627705Z
01KFEEZTN6E3EFMZS8WCXMZVAN,01KFEDCCAW3ZY6KSKNHTKZ971F,2026-01-20T19:44:29.350595494Z,0,2026-01-20T19:44:33.059730242Z,D,2026-01-20T19:44:31.283505633Z,01KFEDCCBE716PRHN8Q6NQV6ZT,2026-01-20T19:44:29.350595494Z,01KFEEMXPGKZB6AS6D6H40GZ8R,2026-01-20T19:44:29.350595494Z,01KFEEV7VSJGB07FWYYBKRZ5R3,2026-01-20T19:44:29.350595494Z
01KFEHT4J704FSYJEK4AHTXCAS,01KFEHA1EJWPRPNCXBTHCF12K2,2026-01-20T20:33:48.6154328Z,0,2026-01-20T20:33:51.348429165Z,C,2026-01-20T20:33:51.190503535Z,01KFEHA1GRK7A014NXTNRF457G,2026-01-20T20:33:48.6154328Z,01KFEHFSGA9RW2KQK679GQ5Q17,2026-01-20T20:33:48.6154328Z,01KFEHPVKFK37PKBAAGX3F05FX,2026-01-20T20:33:48.6154328Z
01KFEJEW3MGHWVDXM26JMD2NXZ,01KFEHAM0SBSN9QYCK4NGJTWCC,2026-01-20T20:45:08.084244112Z,0,2026-01-20T20:45:11.03122275Z,B,2026-01-20T20:45:09.366001907Z,01KFEHAM3ZX2QFEZ4F28QFW79D,2026-01-20T20:45:08.084244112Z,01KFEJ99258GDSZYNA4N0ER3PR,2026-01-20T20:45:08.084244112Z,01KFEJDCPYXXCPGCC4Z9M9RQ3Y,2026-01-20T20:45:08.084244112Z
01KFEJMQPCGKKECC6FC79NTCXD,01KFEHAM0SBSN9QYCK4NGJTWCC,2026-01-20T20:48:20.172928719Z,19,2026-01-20T20:48:59.244057149Z,C,2026-01-20T20:48:45.121960162Z,01KFEHAM4AZFDTAG8DR1VA4141,2026-01-20T20:48:20.172928719Z,01KFEJAS01H74KYS8N629S6DTN,2026-01-20T20:48:20.172928719Z,01KFEJMJY9XCRWZ7PJ7S4D56EB,2026-01-20T20:48:20.172928719Z
01KFEJXPSWHQA716E6TRMMEQA8,01KFEJ5DKDD8ED3R70AXWWV7TA,2026-01-20T20:53:14.172593841Z,7,2026-01-20T20:53:20.514564959Z,D,2026-01-20T20:53:15.839236608Z,01KFEJ5DPFFD934S0E2GQ1B9RR,2026-01-20T20:53:14.172593841Z,01KFEJPRKV9117XEB7P0YJ5NT5,2026-01-20T20:53:14.172593841Z,01KFEJVCTY2NTWR1FANJAC0WDN,2026-01-20T20:53:14.172593841Z
01KFEEHVENJYNT8Z9XJ0B7Q47T,01KFEDCB7P38BTZ4ACVDP6P0XN,2026-01-20T19:36:51.413717203Z,0,2026-01-20T19:36:58.277607684Z,A,2026-01-20T19:36:54.819950257Z,01KFEDCB85NRAF0XG25ABR62N5,2026-01-20T19:36:51.413717203Z,01KFEE7Q9A8CN1TS35QENG1JN7,2026-01-20T19:36:51.413717203Z,01KFEEC6Q98FJ486HQ06CKK5XP,2026-01-20T19:36:51.413717203Z
01KFEHKWR3S4S3HRXA4NC74NZK,01KFEHA20TFYVSSENV0N2723W5,2026-01-20T20:30:24.003878482Z,20,2026-01-20T20:30:29.91876289Z,B,2026-01-20T20:30:29.893436371Z,01KFEHA25NESP3C46R1STZWY67,2026-01-20T20:30:24.003878482Z,01KFEHB2Z6PCQ5XRWRX0AQ3SH1,2026-01-20T20:30:24.003878482Z,01KFEHHR5P9Q04BZGGWQ0DE00Y,2026-01-20T20:30:24.003878482Z
01KFEFGK33MXM11RKXYD6CFMBY,01KFEDCCH0VMFH7P25F40PD43N,2026-01-20T19:53:38.65951326Z,20,2026-01-20T19:53:41.125564027Z,A,2026-01-20T19:53:41.074540809Z,01KFEDCCHH44R979H37GT2B68J,2026-01-20T19:53:38.65951326Z,01KFEFADJR1SXTG9225WD5SFVJ,2026-01-20T19:53:38.65951326Z,01KFEFDZDXQFF06VZW36FJ3G01,2026-01-20T19:53:38.65951326Z
01KFEHX227378J9MBQT7NGQVPB,01KFEHA1EJWPRPNCXBTHCF12K2,2026-01-20T20:35:24.359841324Z,0,2026-01-20T20:35:28.209718203Z,C,2026-01-20T20:35:26.230907404Z,01KFEHA1GPSKM8FTTA039GX2FE,2026-01-20T20:35:24.359841324Z,01KFEHGGC977SV7QXMD0KQJ3VM,2026-01-20T20:35:24.359841324Z,01KFEHRJYDNV1AE3HV0985SY3X,2026-01-20T20:35:24.359841324Z
01KFEK30JK94G2YXHZDSYFGNHN,01KFEJ5C7H3Z5SGPPT0TCGAEB2,2026-01-20T20:56:08.019129428Z,19,2026-01-20T20:56:12.768749732Z,C,2026-01-20T20:56:12.707697931Z,01KFEJ5C8N149KF44PHZZN9T4C,2026-01-20T20:56:08.019129428Z,01KFEJY9418R2BQRPDT9220F8R,2026-01-20T20:56:08.019129428Z,01KFEK23REZZS1A793VEPCHGV9,2026-01-20T20:56:08.019129428Z
01KFEK40TMS40TV5DYXP2B6DKV,01KFEJ5CPJ5RGARFNN6Z0PCT4Q,2026-01-20T20:56:41.044285769Z,10,2026-01-20T20:56:47.040308476Z,A,2026-01-20T20:56:46.959895105Z,01KFEJ5CRSNMMQKHYMFD35850B,2026-01-20T20:56:41.044285769Z,01KFEJHQKQJTKAV5X447CE3YRT,2026-01-20T20:56:41.044285769Z,01KFEJRTVNA5MW8YMQFWAPXPEZ,2026-01-20T20:56:41.044285769Z
01KFEE4H8WYN56EDA4YQJSKYJV,01KFEDCB0G5KS91T4MD9JTDSA4,2026-01-20T19:29:35.004389832Z,,,A,2026-01-20T19:29:36.073948443Z,01KFEDCB139KMAVWQ3WS54614D,2026-01-20T19:29:35.004389832Z,01KFEDV9TKV9GTHAZ1F6R9Z694,2026-01-20T19:29:35.004389832Z,01KFEE0HEZJ3JS1WYNGJ36RRW0,2026-01-20T19:29:35.004389832Z
01KFEEDABJYYJ8M3S5T8G0T3N1,01KFEDCB0G5KS91T4MD9JTDSA4,2026-01-20T19:34:22.834426478Z,10,2026-01-20T19:34:33.38516695Z,A,2026-01-20T19:34:33.366845323Z,01KFEDCB15BD0TYD7H0V6YZGSZ,2026-01-20T19:34:22.834426478Z,01KFEE07X889KRR9ZR3BVZBWD6,2026-01-20T19:34:22.834426478Z,01KFEE9KKYXQNNXAG37WEVHGKC,2026-01-20T19:34:22.834426478Z
01KFEFWHYZ810QRQBPAXV41PYM,01KFEDCAVEZK3QD8ZFC2PP83WE,2026-01-20T20:00:10.71964204Z,19,2026-01-20T20:00:13.903579854Z,C,2026-01-20T20:00:13.884910057Z,01KFEDCAVZJC7DD4AH1B24TEC6,2026-01-20T20:00:10.71964204Z,01KFEFG8GX8B9102EGAWCJ2ZB0,2026-01-20T20:00:10.71964204Z,01KFEFNGZ7JGWJ6ERKS84EDZBS,2026-01-20T20:00:10.71964204Z
01KFEHHEXMXP3R217N744ENAVP,01KFEHA1EJWPRPNCXBTHCF12K2,2026-01-20T20:29:04.30812562Z,0,2026-01-20T20:29:07.99132181Z,C,2026-01-20T20:29:07.965264757Z,01KFEHA1GK3DQ7TRWFWA7J267H,2026-01-20T20:29:04.30812562Z,01KFEHBP1ZE2AV6NAD8SG9ZGBW,2026-01-20T20:29:04.30812562Z,01KFEHFC1ERGNXCHS8TYJE6SWK,2026-01-20T20:29:04.30812562Z
01KFEHWNNYMBHPNKXYQEZKK69M,01KFEHA1EJWPRPNCXBTHCF12K2,2026-01-20T20:35:11.678461969Z,29,2026-01-20T20:35:17.845079636Z,C,2026-01-20T20:35:16.42581971Z,01KFEHA1GRK7A014NXTNRF457G,2026-01-20T20:35:11.678461969Z,01KFEHFSGA9RW2KQK679GQ5Q17,2026-01-20T20:35:11.678461969Z,01KFEHPVMFPQZD52XPCSRY8XA9,2026-01-20T20:35:11.678461969Z
01KFEJTBMWABSCBAJN056K7Y85,01KFEHAKWNS08RQENHQ36ND5GA,2026-01-20T20:51:24.444428807Z,,,,,01KFEHAKXJ10EJRCGF487MPEAV,2026-01-20T20:51:24.444428807Z,01KFEJDH8B1YH8ZGFS5HMW6SF6,2026-01-20T20:51:24.444428807Z,01KFEJJPRM7GB0A2TBPVQEQMQP,2026-01-20T20:51:24.444428807Z
01KFEDZ3KN2T2329TQQ11YRCDM,01KFEDCC1ZHDDN3CP9JWF4PGTF,2026-01-20T19:26:37.173668276Z,10,2026-01-20T19:26:47.788496845Z,A,2026-01-20T19:26:47.779497695Z,01KFEDCC2JDADMPT5RVP2N7S0X,2026-01-20T19:26:37.173668276Z,01KFEDQK6ZX4EYK4N5S5CFQ5FY,2026-01-20T19:26:37.173668276Z,01KFEDZ32NZPXT7VJMA2H133EE,2026-01-20T19:26:37.173668276Z
01KFEEWZYKGTHXEDKTXFMAZC2R,01KFEDCCH0VMFH7P25F40PD43N,2026-01-20T19:42:56.467169924Z,17,2026-01-20T19:42:59.19166563Z,D,2026-01-20T19:42:58.067293513Z,01KFEDCCHJADFRJT5F5VJ9ST9F,2026-01-20T19:42:56.467169924Z,01KFEEJDGDWEMZQAHJH9Z7FVC3,2026-01-20T19:42:56.467169924Z,01KFEERHSD5C6THC49027KZP1M,2026-01-20T19:42:56.467169924Z
01KFEJ4XPRS0S41PY121K2N6YR,01KFEHA20TFYVSSENV0N2723W5,2026-01-20T20:39:42.040267384Z,7,2026-01-20T20:39:49.519096578Z,D,2026-01-20T20:39:49.487896717Z,01KFEHA25S6PYJD4DSX1VJG5FE,2026-01-20T20:39:42.040267384Z,01KFEHKBVRWD07VXT4ZKHQQAA6,2026-01-20T20:39:42.040267384Z,01KFEJ3HP8CDDCZA1VDPFGK9EF,2026-01-20T20:39:42.040267384Z
01KFEJY0KVTSRFY0WE5WDPAAQ3,01KFEJ5DKDD8ED3R70AXWWV7TA,2026-01-20T20:53:24.219325822Z,0,2026-01-20T20:53:26.461369895Z,C,2026-01-20T20:53:26.393348501Z,01KFEJ5DPFFD934S0E2GQ1B9RR,2026-01-20T20:53:24.219325822Z,01KFEJJ4V0E3E83F88J6MK6KAW,2026-01-20T20:53:24.219325822Z,01KFEJVCVGM6AH37XNNH7Y7GDN,2026-01-20T20:53:24.219325822Z
01KFEE6GXFXX435BH9DGH8HNY7,01KFEDCB0G5KS91T4MD9JTDSA4,2026-01-20T19:30:40.175600721Z,20,2026-01-20T19:30:42.723606097Z,B,2026-01-20T19:30:41.669475307Z,01KFEDCB197E7YMN5STVXKHS22,2026-01-20T19:30:40.175600721Z,01KFEDRBWHPV4A332ZXM2PZSR4,2026-01-20T19:30:40.175600721Z,01KFEE2FC542K1HSXCPEXGF4TG,2026-01-20T19:30:40.175600721Z
01KFEHHX5J86PN2TEP4DQWZM77,01KFEHA1MRJDJA6FNTED28Z8HF,2026-01-20T20:29:18.898689324Z,19,2026-01-20T20:29:29.01526091Z,C,2026-01-20T20:29:28.997679924Z,01KFEHA1R32D8V3SKQA6BEDXA8,2026-01-20T20:29:18.898689324Z,01KFEHAKHNEWG0MCGFJGNXPB10,2026-01-20T20:29:18.898689324Z,01KFEHGC71SPYT94GGTW0199FW,2026-01-20T20:29:18.898689324Z
01KFEHW4TKR0VVF2MWPQ0QTJRJ,01KFEHA1EJWPRPNCXBTHCF12K2,2026-01-20T20:34:54.419798407Z,0,2026-01-20T20:34:58.924090866Z,B,2026-01-20T20:34:58.898599655Z,01KFEHA1GRK7A014NXTNRF457G,2026-01-20T20:34:54.419798407Z,01KFEHG6C81JZ80FMVPH00AMCG,2026-01-20T20:34:54.419798407Z,01KFEHPVM80D3HHMA44BE4TX88,2026-01-20T20:34:54.419798407Z
01KFEJRR3Q1NT25M53KFG9TEWM,01KFEHAM0SBSN9QYCK4NGJTWCC,2026-01-20T20:50:31.67180592Z,0,2026-01-20T20:50:40.171815424Z,C,2026-01-20T20:50:38.685777092Z,01KFEHAM4AZFDTAG8DR1VA4141,2026-01-20T20:50:31.67180592Z,01KFEJAS01H74KYS8N629S6DTN,2026-01-20T20:50:31.67180592Z,01KFEJMJX6NH1JNPXEAKQNNJHZ,2026-01-20T20:50:31.67180592Z
01KFEE2JF5XGAHH6W7HCWXYYTS,01KFEDCB0G5KS91T4MD9JTDSA4,2026-01-20T19:28:30.69358379Z,0,2026-01-20T19:28:35.661111843Z,C,2026-01-20T19:28:33.675056907Z,01KFEDCB139KMAVWQ3WS54614D,2026-01-20T19:28:30.69358379Z,01KFEDV9TKV9GTHAZ1F6R9Z694,2026-01-20T19:28:30.69358379Z,01KFEE0HE5FMSE53PHQGJ8APM6,2026-01-20T19:28:30.69358379Z
01KFEFG4MVMV6W3563D88WP3F6,01KFEDCCH0VMFH7P25F40PD43N,2026-01-20T19:53:23.867859736Z,20,2026-01-20T19:53:26.488758681Z,B,2026-01-20T19:53:25.619838593Z,01KFEDCCHH44R979H37GT2B68J,2026-01-20T19:53:23.867859736Z,01KFEF0J7C8417B13N1313JGSZ,2026-01-20T19:53:23.867859736Z,01KFEFDZE1A8QQADXM9W59N9MY,2026-01-20T19:53:23.867859736Z
01KFEFJMH5QT1YGAN4PGBZTYRV,01KFEDC9EK94N2WNCHE5RRQHCJ,2026-01-20T19:54:45.669539463Z,19,2026-01-20T19:54:50.926564115Z,C,2026-01-20T19:54:50.913134875Z,01KFEDC9FF7T49EPA99GZDGH84,2026-01-20T19:54:45.669539463Z,01KFEFBN24Q9S7DG3606EXV8XC,2026-01-20T19:54:45.669539463Z,01KFEFG2Q5S1FN8QMJ1RJEY7Z2,2026-01-20T19:54:45.669539463Z
01KFEHJ9PGHQ7W442HNRKY6WTK,01KFEHA1W0DBA89GCQ87GA4EG5,2026-01-20T20:29:31.72832247Z,10,2026-01-20T20:29:36.794258204Z,B,2026-01-20T20:29:36.777513129Z,01KFEHA1ZNDEMMB0DK92YAW8BD,2026-01-20T20:29:31.72832247Z,01KFEHAFP87N0FEFRCAHH2V652,2026-01-20T20:29:31.72832247Z,01KFEHHMWNPWFAB4K4ARYNJ9K3,2026-01-20T20:29:31.72832247Z
01KFEJ857AB0128NQTKXSPE54Y,01KFEHA20TFYVSSENV0N2723W5,2026-01-20T20:41:28.042273751Z,20,2026-01-20T20:41:32.612000303Z,A,2026-01-20T20:41:29.928480598Z,01KFEHA25S6PYJD4DSX1VJG5FE,2026-01-20T20:41:28.042273751Z,01KFEHWFN7B5ZY9MX1Q0P1B17R,2026-01-20T20:41:28.042273751Z,01KFEJ3HQ9CTAHRNARRPAG6D4D,2026-01-20T20:41:28.042273751Z
01KFEEG5N92R9X9R5YC9803GXJ,01KFEDCB7P38BTZ4ACVDP6P0XN,2026-01-20T19:35:56.329484311Z,19,2026-01-20T19:36:01.105516669Z,C,2026-01-20T19:36:00.047533602Z,01KFEDCB85NRAF0XG25ABR62N5,2026-01-20T19:35:56.329484311Z,01KFEE7Q9A8CN1TS35QENG1JN7,2026-01-20T19:35:56.329484311Z,01KFEEC6Q5JM80V4QBHPBHQBYB,2026-01-20T19:35:56.329484311Z
01KFEET561K1HZSMS5T5XXZGTM,01KFEDCCH0VMFH7P25F40PD43N,2026-01-20T19:41:23.521606038Z,10,2026-01-20T19:41:26.051509441Z,A,2026-01-20T19:41:25.467379932Z,01KFEDCCHJADFRJT5F5VJ9ST9F,2026-01-20T19:41:23.521606038Z,01KFEEJDGDWEMZQAHJH9Z7FVC3,2026-01-20T19:41:23.521606038Z,01KFEERHSZ0XAC6ATEDF51DARS,2026-01-20T19:41:23.521606038Z
01KFEHX206SQW07QE93VMGC6Y9,01KFEHA1MRJDJA6FNTED28Z8HF,2026-01-20T20:35:24.294367797Z,10,2026-01-20T20:35:31.607569428Z,B,2026-01-20T20:35:26.657093413Z,01KFEHA1QYV2E8SAEFNEHYNVTN,2026-01-20T20:35:24.294367797Z,01KFEHKCW5X4CR8DBAYXY74YGJ,2026-01-20T20:35:24.294367797Z,01KFEHSJHMD41VR7WTBGQFHE87,2026-01-20T20:35:24.294367797Z
01KFEJA1NQ0RRND56GVJD934T4,01KFEHAKK9QMW81MWT2FF1CSZA,2026-01-20T20:42:29.94393102Z,19,2026-01-20T20:42:36.489657257Z,C,2026-01-20T20:42:36.453301952Z,01KFEHAKMDAJRN7M0QA4VDJCGY,2026-01-20T20:42:29.94393102Z,01KFEHW86W3STHQPDAT1BP1CXX,2026-01-20T20:42:29.94393102Z,01KFEJ2SK5JNNBMYHA6BJXJM9N,2026-01-20T20:42:29.94393102Z
01KFEE4J8YCA8Q97XHW5437JTY,01KFEDCB0G5KS91T4MD9JTDSA4,2026-01-20T19:29:36.030486848Z,0,2026-01-20T19:29:39.420778309Z,C,2026-01-20T19:29:39.407697774Z,01KFEDCB197E7YMN5STVXKHS22,2026-01-20T19:29:36.030486848Z,01KFEDZFSW9KBCS8VJN8KBS8T4,2026-01-20T19:29:36.030486848Z,01KFEE2FCAN8VBWNWJJYWV02NC,2026-01-20T19:29:36.030486848Z
01KFEHJAV36V6NN2KAEYE046SG,01KFEHA20TFYVSSENV0N2723W5,2026-01-20T20:29:32.899864869Z,10,2026-01-20T20:29:37.911249282Z,A,2026-01-20T20:29:37.896219627Z,01KFEHA25NESP3C46R1STZWY67,2026-01-20T20:29:32.899864869Z,01KFEHE6NX6FXVRTV1KPH8TKWC,2026-01-20T20:29:32.899864869Z,01KFEHHR3XAR2ZCAXRQA7DHW1Y,2026-01-20T20:29:32.899864869Z
01KFEFJFDWE5WXM9GJ6E7952AP,01KFEDCAVEZK3QD8ZFC2PP83WE,2026-01-20T19:54:40.444287058Z,19,2026-01-20T19:54:43.300500751Z,C,2026-01-20T19:54:42.022190448Z,01KFEDCAVXCN1BR0PV518R81QD,2026-01-20T19:54:40.444287058Z,01KFEF0CM1HH5QRYS1YH4TW6EV,2026-01-20T19:54:40.444287058Z,01KFEFE5T3D0C05MG2YCP4H9DD,2026-01-20T19:54:40.444287058Z
01KFEHZBQF4W9MK590T6ARHZ5B,01KFEHA1MRJDJA6FNTED28Z8HF,2026-01-20T20:36:39.791215165Z,29,2026-01-20T20:36:44.337206002Z,C,2026-01-20T20:36:43.395280845Z,01KFEHA1QYV2E8SAEFNEHYNVTN,2026-01-20T20:36:39.791215165Z,01KFEHHH6AXDMAXMWAFCF5JGBC,2026-01-20T20:36:39.791215165Z,01KFEHSJK11J7ACMZA108D831V,2026-01-20T20:36:39.791215165Z
01KFEEG1M3ZGJ6WNMJBPX2C45Z,01KFEDCCAW3ZY6KSKNHTKZ971F,2026-01-20T19:35:52.195347368Z,10,2026-01-20T19:36:10.710045846Z,A,2026-01-20T19:35:57.412649411Z,01KFEDCCBDJ82W4YK2PN7VDTAX,2026-01-20T19:35:52.195347368Z,01KFEE85J92QXNE2691FZPHW2Z,2026-01-20T19:35:52.195347368Z,01KFEEE8079ND83VECT8KKSKTJ,2026-01-20T19:35:52.195347368Z
01KFEFFQV9FNTEE9V3XRVN4AM4,01KFEDCAVEZK3QD8ZFC2PP83WE,2026-01-20T19:53:10.761865683Z,0,2026-01-20T19:53:17.075827227Z,C,2026-01-20T19:53:14.156700073Z,01KFEDCAVXCN1BR0PV518R81QD,2026-01-20T19:53:10.761865683Z,01KFEF0CM1HH5QRYS1YH4TW6EV,2026-01-20T19:53:10.761865683Z,01KFEFE5TQ8DFJQWWWD3M95WBV,2026-01-20T19:53:10.761865683Z
01KFEEV9GEH0FJKTKAHQWJKPS2,01KFEDCCH0VMFH7P25F40PD43N,2026-01-20T19:42:00.718418313Z,29,2026-01-20T19:42:03.437697193Z,C,2026-01-20T19:42:03.415437182Z,01KFEDCCHJADFRJT5F5VJ9ST9F,2026-01-20T19:42:00.718418313Z,01KFEEKE9WXRZWBRXYDQ5J10WV,2026-01-20T19:42:00.718418313Z,01KFEERHS0D5S35AHJVKA8SKAZ,2026-01-20T19:42:00.718418313Z
01KFEFF9J6Y0JHFG8NXWVMBM1Q,01KFEDCAVEZK3QD8ZFC2PP83WE,2026-01-20T19:52:56.134451962Z,29,2026-01-20T19:53:06.681827711Z,C,2026-01-20T19:53:02.489217266Z,01KFEDCAVXCN1BR0PV518R81QD,2026-01-20T19:52:56.134451962Z,01KFEFAMDQ915GZ68HPFMQXZ9N,2026-01-20T19:52:56.134451962Z,01KFEFE5SB3NGVSER46KMBVPHR,2026-01-20T19:52:56.134451962Z
01KFEHH8TQW4EZ5C64DNTGKC89,01KFEHA1EJWPRPNCXBTHCF12K2,2026-01-20T20:28:58.071334249Z,0,2026-01-20T20:29:01.870098447Z,C,2026-01-20T20:28:59.868433226Z,01KFEHA1GK3DQ7TRWFWA7J267H,2026-01-20T20:28:58.071334249Z,01KFEHC1N15W3XF2S9JNREZ5AJ,2026-01-20T20:28:58.071334249Z,01KFEHFC19AQ7EGX7N74WH0GVR,2026-01-20T20:28:58.071334249Z
01KFEHMBWZKX8P134K47NHVMK5,01KFEHA1MRJDJA6FNTED28Z8HF,2026-01-20T20:30:39.519998396Z,0,2026-01-20T20:30:44.06283138Z,C,2026-01-20T20:30:41.132348749Z,01KFEHA1R32D8V3SKQA6BEDXA8,2026-01-20T20:30:39.519998396Z,01KFEHBPM0QM8692M9NW91QBAJ,2026-01-20T20:30:39.519998396Z,01KFEHGC8RFX2GAQVABMSQ27AK,2026-01-20T20:30:39.519998396Z
01KFEHSN4BS0QSVVMA6PHFNVHC,01KFEHA1EJWPRPNCXBTHCF12K2,2026-01-20T20:33:32.811100083Z,19,2026-01-20T20:33:45.674005397Z,C,2026-01-20T20:33:35.147301075Z,01KFEHA1GPSKM8FTTA039GX2FE,2026-01-20T20:33:32.811100083Z,01KFEHGGC977SV7QXMD0KQJ3VM,2026-01-20T20:33:32.811100083Z,01KFEHRJX3MD6TRNSNF387WSTP,2026-01-20T20:33:32.811100083Z
01KFEHSNM7S1DHFYSZE69Q0RR2,01KFEHA1MRJDJA6FNTED28Z8HF,2026-01-20T20:33:33.319558322Z,0,2026-01-20T20:33:38.359351085Z,D,2026-01-20T20:33:38.24629596Z,01KFEHA1QDYX27N1S60Z95NKD9,2026-01-20T20:33:33.319558322Z,01KFEHF7572SXHJWAG2WR57G7K,2026-01-20T20:33:33.319558322Z,01KFEHQRYTANCYVWF8E85N7MXM,2026-01-20T20:33:33.319558322Z
01KFEEBNEH5ZQC3VZCVBS8T6CR,01KFEDCB0G5KS91T4MD9JTDSA4,2026-01-20T19:33:28.657755875Z,10,2026-01-20T19:33:35.11543798Z,A,2026-01-20T19:33:31.057640998Z,01KFEDCB15BD0TYD7H0V6YZGSZ,2026-01-20T19:33:28.657755875Z,01KFEE07X889KRR9ZR3BVZBWD6,2026-01-20T19:33:28.657755875Z,01KFEE9KKS8Q9HTCBJJAWE361M,2026-01-20T19:33:28.657755875Z
01KFEEDT3HEBHK4XNVM2S5K127,01KFEDCB0G5KS91T4MD9JTDSA4,2026-01-20T19:34:38.961967466Z,19,2026-01-20T19:34:44.30966446Z,C,2026-01-20T19:34:44.28996936Z,01KFEDCB15BD0TYD7H0V6YZGSZ,2026-01-20T19:34:38.961967466Z,01KFEE2B09J1P0X60NY0EGT3C2,2026-01-20T19:34:38.961967466Z,01KFEE9KKW5V756T280WX4GB6B,2026-01-20T19:34:38.961967466Z
01KFEJJMYWHJ3GWFWZTTHQ2ZW9,01KFEHAKWNS08RQENHQ36ND5GA,2026-01-20T20:47:11.836442236Z,10,2026-01-20T20:47:18.518474892Z,B,2026-01-20T20:47:13.947533155Z,01KFEHAKXZ2D55CPVCZM6D4RJ0,2026-01-20T20:47:11.836442236Z,01KFEJ662NZ8QDF6V5FK0QSJHC,2026-01-20T20:47:11.836442236Z,01KFEJCPY29YPVDJR3P3D4VR1X,2026-01-20T20:47:11.836442236Z
01KFEK29SJV70V5PF3SRW96B8T,01KFEJ5C7H3Z5SGPPT0TCGAEB2,2026-01-20T20:55:44.690338768Z,0,2026-01-20T20:55:54.959471231Z,B,2026-01-20T20:55:54.849108477Z,01KFEJ5C8N149KF44PHZZN9T4C,2026-01-20T20:55:44.690338768Z,01KFEJY9418R2BQRPDT9220F8R,2026-01-20T20:55:44.690338768Z,01KFEK23PK8R1NTRV11G7Z6PW5,2026-01-20T20:55:44.690338768Z
01KFEK7J1QSZ60MG534QDHWY59,01KFEJ5CPJ5RGARFNN6Z0PCT4Q,2026-01-20T20:58:36.983535361Z,10,2026-01-20T20:58:46.945199175Z,A,2026-01-20T20:58:39.478035467Z,01KFEJ5CR34Y85488XX0EC4SX7,2026-01-20T20:58:36.983535361Z,01KFEK2CHZEQKJXR4MCNPDS01E,2026-01-20T20:58:36.983535361Z,01KFEK6E8YMN0PMWFR2RN6P6SA,2026-01-20T20:58:36.983535361Z
01KFEHX1R04BCPTB2Z9SG8GWQ7,01KFEHA1W0DBA89GCQ87GA4EG5,2026-01-20T20:35:24.032704424Z,0,2026-01-20T20:35:38.219860398Z,C,2026-01-20T20:35:38.195177546Z,01KFEHA1ZSVYK8DGYZZSV53FQM,2026-01-20T20:35:24.032704424Z,01KFEHKWX6S3CRVA3YVBJBPSWT,2026-01-20T20:35:24.032704424Z,01KFEHWYT61SJC8DSAT57YT8XJ,2026-01-20T20:35:24.032704424Z
01KFEJBV0W72DVDCMW9YDS7X6Z,01KFEHAKK9QMW81MWT2FF1CSZA,2026-01-20T20:43:28.668623545Z,0,2026-01-20T20:43:32.473243462Z,C,2026-01-20T20:43:29.785764402Z,01KFEHAKMDAJRN7M0QA4VDJCGY,2026-01-20T20:43:28.668623545Z,01KFEHS8J7P9EEBTK2FBSRFBQT,2026-01-20T20:43:28.668623545Z,01KFEJ2SMG6VG7EH230353565W,2026-01-20T20:43:28.668623545Z
01KFEHYAER8VDTF1C08ND7T5MD,01KFEHA1W0DBA89GCQ87GA4EG5,2026-01-20T20:36:05.720375306Z,19,2026-01-20T20:36:08.450253506Z,C,2026-01-20T20:36:08.295820276Z,01KFEHA1YZ8ZAAQFH3AAV34XZC,2026-01-20T20:36:05.720375306Z,01KFEHG3HQKMJV6MDTGGGPAJE2,2026-01-20T20:36:05.720375306Z,01KFEHRCP8N16RMPA9PZ53SHCC,2026-01-20T20:36:05.720375306Z
01KFEJ33CSGPVN1CNZADCHNVX4,01KFEHA1W0DBA89GCQ87GA4EG5,2026-01-20T20:38:42.329919656Z,0,2026-01-20T20:38:47.620583128Z,A,2026-01-20T20:38:45.582098112Z,01KFEHA1Z72TJ9J0QENR016CFN,2026-01-20T20:38:42.329919656Z,01KFEHMDY2YXCAA0WMRPTSEKC9,2026-01-20T20:38:42.329919656Z,01KFEHZ0HHECJHPSC6DB5NZKYZ,2026-01-20T20:38:42.329919656Z
01KFEJK45R98J6Y906AGCXP46X,01KFEHAM0SBSN9QYCK4NGJTWCC,2026-01-20T20:47:27.416386691Z,20,2026-01-20T20:47:41.340555664Z,B,2026-01-20T20:47:30.578948509Z,01KFEHAM45R1366856G6A2WGHZ,2026-01-20T20:47:27.416386691Z,01KFEHW1PTS6VD3Q9W69X0CC7S,2026-01-20T20:47:27.416386691Z,01KFEJBBS2BWPZGZRBW8E4A41D,2026-01-20T20:47:27.416386691Z
01KFEJVJGAGSDWF0RYJMYZHZQH,01KFEJ5DKDD8ED3R70AXWWV7TA,2026-01-20T20:52:04.234090182Z,17,2026-01-20T20:52:21.374133908Z,D,2026-01-20T20:52:19.721816394Z,01KFEJ5DPFFD934S0E2GQ1B9RR,2026-01-20T20:52:04.234090182Z,01KFEJJ4V0E3E83F88J6MK6KAW,2026-01-20T20:52:04.234090182Z,01KFEJVD1BVNTKRYDRCVQW2TFS,2026-01-20T20:52:04.234090182Z
01KFEHV2RAHSBXCXBRMQSCCKS0,01KFEHA1MRJDJA6FNTED28Z8HF,2026-01-20T20:34:19.531017965Z,20,2026-01-20T20:34:21.567222199Z,A,2026-01-20T20:34:21.258630114Z,01KFEHA1QMX5DYGHPSSSP2RXXX,2026-01-20T20:34:19.531017965Z,01KFEHJFJ1SMX3RCX9M0MFWVF6,2026-01-20T20:34:19.531017965Z,01KFEHR306PYVVVHHX0S677A1Q,2026-01-20T20:34:19.531017965Z
01KFEJJ3F67QPVHEX4X3VFN1CJ,01KFEHAM0SBSN9QYCK4NGJTWCC,2026-01-20T20:46:53.926953699Z,19,2026-01-20T20:46:57.151825941Z,C,2026-01-20T20:46:57.093588955Z,01KFEHAM45R1366856G6A2WGHZ,2026-01-20T20:46:53.926953699Z,01KFEHW1PTS6VD3Q9W69X0CC7S,2026-01-20T20:46:53.926953699Z,01KFEJBBVEJE40AH3VN5XDG132,2026-01-20T20:46:53.926953699Z
01KFEHW03W994WCA86MFE7RK8M,01KFEHA1MRJDJA6FNTED28Z8HF,2026-01-20T20:34:49.596868987Z,0,2026-01-20T20:34:55.060189704Z,C,2026-01-20T20:34:55.019100865Z,01KFEHA1QYV2E8SAEFNEHYNVTN,2026-01-20T20:34:49.596868987Z,01KFEHHH6AXDMAXMWAFCF5JGBC,2026-01-20T20:34:49.596868987Z,01KFEHSJH5A54DTM433SQHTBYV,2026-01-20T20:34:49.596868987Z
01KFEJAF3WHN9FMBGDMGB8J2NY,01KFEHAKK9QMW81MWT2FF1CSZA,2026-01-20T20:42:43.708056906Z,0,2026-01-20T20:42:52.941774748Z,C,2026-01-20T20:42:51.337810522Z,01KFEHAKMDAJRN7M0QA4VDJCGY,2026-01-20T20:42:43.708056906Z,01KFEHW86W3STHQPDAT1BP1CXX,2026-01-20T20:42:43.708056906Z,01KFEJ2SKEGM5CPJ5AZSXFJZYM,2026-01-20T20:42:43.708056906Z
01KFEEWCSHTJ2EH72NC61ACPN6,01KFEDCCH0VMFH7P25F40PD43N,2026-01-20T19:42:36.849183575Z,17,2026-01-20T19:42:39.436972957Z,D,2026-01-20T19:42:39.007117809Z,01KFEDCCHJADFRJT5F5VJ9ST9F,2026-01-20T19:42:36.849183575Z,01KFEEJDGDWEMZQAHJH9Z7FVC3,2026-01-20T19:42:36.849183575Z,01KFEERHSMGQP4C2TEV6SKP2Y9,2026-01-20T19:42:36.849183575Z
01KFEFM3PZQCNG3AH8F480TB5C,01KFEDC9EK94N2WNCHE5RRQHCJ,2026-01-20T19:55:33.98401406Z,,,D,2026-01-20T19:55:38.674390379Z,01KFEDC9FHECNJXE9XQY06NB5G,2026-01-20T19:55:33.98401406Z,01KFEFCTST9RMTXB93SD79TX4T,2026-01-20T19:55:33.98401406Z,01KFEFJJV53TRHVV5A6ZZWB35F,2026-01-20T19:55:33.98401406Z
01KFEHVQFP6WAX59VHXFET8EMK,01KFEHA1EJWPRPNCXBTHCF12K2,2026-01-20T20:34:40.758784843Z,19,2026-01-20T20:34:47.821872883Z,C,2026-01-20T20:34:45.708615218Z,01KFEHA1GPSKM8FTTA039GX2FE,2026-01-20T20:34:40.758784843Z,01KFEHHKNYNVTAQQFNDQ02SYYK,2026-01-20T20:34:40.758784843Z,01KFEHRJXSRB7FPAJNWSY9X69Y,2026-01-20T20:34:40.758784843Z
01KFEHZAKR422TJ1YN34EXGGNE,01KFEHA1W0DBA89GCQ87GA4EG5,2026-01-20T20:36:38.648049929Z,,,,,01KFEHA1YZ8ZAAQFH3AAV34XZC,2026-01-20T20:36:38.648049929Z,01KFEHG3HQKMJV6MDTGGGPAJE2,2026-01-20T20:36:38.648049929Z,01KFEHRCPERM9WANGA9NNME03D,2026-01-20T20:36:38.648049929Z
01KFEJTKVAVMJFE50XQFP00Z1C,01KFEHAM72H3ZNN8G0T2BCT79K,2026-01-20T20:51:32.842266528Z,0,2026-01-20T20:51:37.905349226Z,C,2026-01-20T20:51:36.484601366Z,01KFEHAMB21FYRXZN71VHCADQA,2026-01-20T20:51:32.842266528Z,01KFEJA6ZV4RH275A9Q04XR97K,2026-01-20T20:51:32.842266528Z,01KFEJQTJA9AP37X5VJF7BXFGQ,2026-01-20T20:51:32.842266528Z
01KFEJXWDBB3BJ1TJ80DQNQP7N,01KFEJ5C7H3Z5SGPPT0TCGAEB2,2026-01-20T20:53:19.915350161Z,29,2026-01-20T20:53:28.195029279Z,C,2026-01-20T20:53:26.941065167Z,01KFEJ5C9TA7ZE3V3TA0C9309P,2026-01-20T20:53:19.915350161Z,01KFEJC8857TJ96A66VP2R9ZC5,2026-01-20T20:53:19.915350161Z,01KFEJRA2QWGQXA2BA8PNDSZRV,2026-01-20T20:53:19.915350161Z
01KFEE29N18JPZ1TPBMDYB6JG0,01KFEDCC1ZHDDN3CP9JWF4PGTF,2026-01-20T19:28:21.665724629Z,19,2026-01-20T19:28:24.940884423Z,C,2026-01-20T19:28:24.928643702Z,01KFEDCC2JDADMPT5RVP2N7S0X,2026-01-20T19:28:21.665724629Z,01KFEDNQAB8C2AFG7D4ZXA4K64,2026-01-20T19:28:21.665724629Z,01KFEDZ32VE8SRAVCE2TC0J5K0,2026-01-20T19:28:21.665724629Z
01KFEFE78VG55SQHQ29M6AHXP8,01KFEDCAVEZK3QD8ZFC2PP83WE,2026-01-20T19:52:21.019163162Z,0,2026-01-20T19:52:37.169134863Z,A,2026-01-20T19:52:37.147256546Z,01KFEDCAVXCN1BR0PV518R81QD,2026-01-20T19:52:21.019163162Z,01KFEF0CM1HH5QRYS1YH4TW6EV,2026-01-20T19:52:21.019163162Z,01KFEFE5S0PC9D8J7CEN7KBTEH,2026-01-20T19:52:21.019163162Z
01KFEK2ADYG167YF8ADZD9T1BM,01KFEJ5CPJ5RGARFNN6Z0PCT4Q,2026-01-20T20:55:45.342166724Z,19,2026-01-20T20:55:49.727363191Z,C,2026-01-20T20:55:49.669351094Z,01KFEJ5CRSNMMQKHYMFD35850B,2026-01-20T20:55:45.342166724Z,01KFEJHQKQJTKAV5X447CE3YRT,2026-01-20T20:55:45.342166724Z,01KFEJRTT0HCXNCWVP067HPTVG,2026-01-20T20:55:45.342166724Z
01KFEK37PB86X0145W9B36PR1Y,01KFEJ5C7H3Z5SGPPT0TCGAEB2,2026-01-20T20:56:15.307287478Z,10,2026-01-20T20:56:18.459989516Z,A,2026-01-20T20:56:18.130861831Z,01KFEJ5C9822567XDA8A9QG0G3,2026-01-20T20:56:15.307287478Z,01KFEJTATNKXCTW38TD0J18TFE,2026-01-20T20:56:15.307287478Z,01KFEK0Q9NTG966JRYW4CWNDW7,2026-01-20T20:56:15.307287478Z
01KFEE357F32D70M1A6JCB4ZM0,01KFEDCC1ZHDDN3CP9JWF4PGTF,2026-01-20T19:28:49.903651919Z,17,2026-01-20T19:28:53.70611081Z,D,2026-01-20T19:28:53.696483523Z,01KFEDCC2JDADMPT5RVP2N7S0X,2026-01-20T19:28:49.903651919Z,01KFEDQK6ZX4EYK4N5S5CFQ5FY,2026-01-20T19:28:49.903651919Z,01KFEDZ32ZZHWD75NZHFJ7C3YQ,2026-01-20T19:28:49.903651919Z
01KFEJES03G6V5G6FFBF3MJ7AJ,01KFEHAKWNS08RQENHQ36ND5GA,2026-01-20T20:45:04.899415744Z,0,2026-01-20T20:45:09.815418596Z,C,2026-01-20T20:45:09.76186534Z,01KFEHAKXZ2D55CPVCZM6D4RJ0,2026-01-20T20:45:04.899415744Z,01KFEJ69D1M16DP7KKF28QP67N,2026-01-20T20:45:04.899415744Z,01KFEJCPVPX8F83HBW6FS7KECN,2026-01-20T20:45:04.899415744Z
01KFEFHGHWPW51ST8MSTTDN02K,01KFEDCCH0VMFH7P25F40PD43N,2026-01-20T19:54:08.828813891Z,20,2026-01-20T19:54:11.391422745Z,A,2026-01-20T19:54:11.307552615Z,01KFEDCCHH44R979H37GT2B68J,2026-01-20T19:54:08.828813891Z,01KFEFADJR1SXTG9225WD5SFVJ,2026-01-20T19:54:08.828813891Z,01KFEFDZCYX0J8R49GTRCENP86,2026-01-20T19:54:08.828813891Z
01KFEFKDWV5MDH9N7JNVMCGKEG,01KFEDCAVEZK3QD8ZFC2PP83WE,2026-01-20T19:55:11.643519655Z,19,2026-01-20T19:55:14.652216955Z,C,2026-01-20T19:55:13.43637572Z,01KFEDCAVZJC7DD4AH1RF6NR9W,2026-01-20T19:55:11.643519655Z,01KFEF0XCN2JDQQD559T0PP43B,2026-01-20T19:55:11.643519655Z,01KFEFFP4BAEGCCWWS4BJ6WVQR,2026-01-20T19:55:11.643519655Z
01KFEHQV1A8B7EPPPV1B4W0MC2,01KFEHA1MRJDJA6FNTED28Z8HF,2026-01-20T20:32:33.322260881Z,10,2026-01-20T20:32:44.163092552Z,A,2026-01-20T20:32:44.136341723Z,01KFEHA1QDYX27N1S60Z95NKD9,2026-01-20T20:32:33.322260881Z,01KFEHF7572SXHJWAG2WR57G7K,2026-01-20T20:32:33.322260881Z,01KFEHQRY7BWP3Q9R8CQSNGN6M,2026-01-20T20:32:33.322260881Z
01KFEHVCRPSJVJ1NB58YHBK36Y,01KFEHA1MRJDJA6FNTED28Z8HF,2026-01-20T20:34:29.7825963Z,20,2026-01-20T20:34:31.609256989Z,B,2026-01-20T20:34:30.825351527Z,01KFEHA1QMX5DYGHPSSSP2RXXX,2026-01-20T20:34:29.7825963Z,01KFEHH299EZ808S0B86915EW8,2026-01-20T20:34:29.7825963Z,01KFEHR30QE3YWFA54BMFHX5RD,2026-01-20T20:34:29.7825963Z
01KFEJ2RVG5MYHZAXHXWGHZ1XT,01KFEHA1W0DBA89GCQ87GA4EG5,2026-01-20T20:38:31.536687773Z,10,2026-01-20T20:38:36.951297106Z,A,2026-01-20T20:38:36.922857593Z,01KFEHA1ZSVYK8DGYZZSV53FQM,2026-01-20T20:38:31.536687773Z,01KFEHKWX6S3CRVA3YVBJBPSWT,2026-01-20T20:38:31.536687773Z,01KFEHWYXZ0FN0HENYT1SGGEJX,2026-01-20T20:38:31.536687773Z
01KFEJAX2KP8SQ1RMWBGJRAS7K,01KFEHA20TFYVSSENV0N2723W5,2026-01-20T20:42:58.00394489Z,20,2026-01-20T20:43:01.125613452Z,B,2026-01-20T20:43:01.075086526Z,01KFEHA25S6PYJD4DSX1VJG5FE,2026-01-20T20:42:58.00394489Z,01KFEHKBVRWD07VXT4ZKHQQAA6,2026-01-20T20:42:58.00394489Z,01KFEJ3HS1KV35AJXA1WJD5QZH,2026-01-20T20:42:58.00394489Z
01KFEE8ESEPRPVVKY89Z3KW1P2,01KFEDCB7P38BTZ4ACVDP6P0XN,2026-01-20T19:31:43.534434043Z,,,,,01KFEDCB82NKQJQB7S8M7PN58J,2026-01-20T19:31:43.534434043Z,01KFEDRAM6ZY40VY98ZC4CSA73,2026-01-20T19:31:43.534434043Z,01KFEE72S8ADFBJMR6T0XG5RP7,2026-01-20T19:31:43.534434043Z
01KFEFGQTTTQ1VSQ879T62EE6T,01KFEDCCH0VMFH7P25F40PD43N,2026-01-20T19:53:43.514296619Z,20,2026-01-20T19:53:45.812989925Z,A,2026-01-20T19:53:45.791442056Z,01KFEDCCHH44R979H37GT2B68J,2026-01-20T19:53:43.514296619Z,01KFEFADJR1SXTG9225WD5SFVJ,2026-01-20T19:53:43.514296619Z,01KFEFDZDSJWEQ47SM2QXQ1KBQ,2026-01-20T19:53:43.514296619Z
01KFEJNQWQNBNNGA628WTT103R,01KFEHAM72H3ZNN8G0T2BCT79K,2026-01-20T20:48:53.143074699Z,0,2026-01-20T20:49:05.66957065Z,D,2026-01-20T20:49:03.836374427Z,01KFEHAMATV7GY0NQF17M2P0MD,2026-01-20T20:48:53.143074699Z,01KFEJ9C86SAQ3FA5GXN0A1JWJ,2026-01-20T20:48:53.143074699Z,01KFEJMAWEVT0SVP1KGQMJ1R5Q,2026-01-20T20:48:53.143074699Z
01KFEJ00QJ8FR0RYPMR6GVE82H,01KFEHA1W0DBA89GCQ87GA4EG5,2026-01-20T20:37:01.298788233Z,10,2026-01-20T20:37:08.104990647Z,A,2026-01-20T20:37:08.076363769Z,01KFEHA1ZSVYK8DGYZZSV53FQM,2026-01-20T20:37:01.298788233Z,01KFEHKWX6S3CRVA3YVBJBPSWT,2026-01-20T20:37:01.298788233Z,01KFEHWYWEK19X4NXKJDJSN70C,2026-01-20T20:37:01.298788233Z
01KFEK378VHK37Q7D5P492A0PE,01KFEJ5CPJ5RGARFNN6Z0PCT4Q,2026-01-20T20:56:14.875725295Z,7,2026-01-20T20:56:19.201952228Z,D,2026-01-20T20:56:19.102596486Z,01KFEJ5CRSNMMQKHYMFD35850B,2026-01-20T20:56:14.875725295Z,01KFEJHQKQJTKAV5X447CE3YRT,2026-01-20T20:56:14.875725295Z,01KFEJRTTJ7B9Z0P8ZTF7V09N2,2026-01-20T20:56:14.875725295Z
01KFEETC3REW7MV47EKE4XBT64,01KFEDCCH0VMFH7P25F40PD43N,2026-01-20T19:41:30.616302878Z,10,2026-01-20T19:41:33.456578189Z,A,2026-01-20T19:41:33.438478022Z,01KFEDCCHJADFRJT5F5VJ9ST9F,2026-01-20T19:41:30.616302878Z,01KFEEJDGDWEMZQAHJH9Z7FVC3,2026-01-20T19:41:30.616302878Z,01KFEERHSX82B9P2HNQWS86AXD,2026-01-20T19:41:30.616302878Z
01KFEFE78ZREX0Q633D6K5YZMW,01KFEDCAVEZK3QD8ZFC2PP83WE,2026-01-20T19:52:21.023895381Z,0,2026-01-20T19:52:37.169134863Z,A,2026-01-20T19:52:27.522676924Z,01KFEDCAVXCN1BR0PV518R81QD,2026-01-20T19:52:21.023895381Z,01KFEFAMDQ915GZ68HPFMQXZ9N,2026-01-20T19:52:21.023895381Z,01KFEFE5S0PC9D8J7CEN7KBTEH,2026-01-20T19:52:21.023895381Z
01KFEHJ9PA8N3HYN17ZGSMPSM5,01KFEHA1W0DBA89GCQ87GA4EG5,2026-01-20T20:29:31.722525849Z,19,2026-01-20T20:29:36.794258204Z,C,2026-01-20T20:29:35.853010152Z,01KFEHA1ZNDEMMB0DK92YAW8BD,2026-01-20T20:29:31.722525849Z,01KFEHEBSJCV2WCY6FBMMN65A3,2026-01-20T20:29:31.722525849Z,01KFEHHMWNPWFAB4K4ARYNJ9K3,2026-01-20T20:29:31.722525849Z
01KFEHSMXJG11YKHDSP75Q2AT2,01KFEHA1EJWPRPNCXBTHCF12K2,2026-01-20T20:33:32.594473574Z,0,2026-01-20T20:33:34.868005053Z,D,2026-01-20T20:33:34.834225155Z,01KFEHA1GDXTPSA0SX8CRPX47C,2026-01-20T20:33:32.594473574Z,01KFEHFHGVMZZ35F5CSBQJBJM3,2026-01-20T20:33:32.594473574Z,01KFEHNSFTHZAFCSTHT4TCH75A,2026-01-20T20:33:32.594473574Z
01KFEJ4XPBE3T73YCFMW5Y93P5,01KFEHA20TFYVSSENV0N2723W5,2026-01-20T20:39:42.027197542Z,10,2026-01-20T20:39:49.519096578Z,A,2026-01-20T20:39:46.69301262Z,01KFEHA25S6PYJD4DSX1VJG5FE,2026-01-20T20:39:42.027197542Z,01KFEHWFN7B5ZY9MX1Q0P1B17R,2026-01-20T20:39:42.027197542Z,01KFEJ3HP8CDDCZA1VDPFGK9EF,2026-01-20T20:39:42.027197542Z
01KFEJR18GK3H4GF0NYBJV695G,01KFEHAM0SBSN9QYCK4NGJTWCC,2026-01-20T20:50:08.272600111Z,20,2026-01-20T20:50:22.81602275Z,B,2026-01-20T20:50:20.330201935Z,01KFEHAM4AZFDTAG8DR1VA4141,2026-01-20T20:50:08.272600111Z,01KFEJAS01H74KYS8N629S6DTN,2026-01-20T20:50:08.272600111Z,01KFEJMJNX26JZ305B8CHZDSCT,2026-01-20T20:50:08.272600111Z
01KFEEFSBC9ANQ502Z947CY650,01KFEDCB7P38BTZ4ACVDP6P0XN,2026-01-20T19:35:43.724833331Z,10,2026-01-20T19:35:50.714317168Z,A,2026-01-20T19:35:49.989317795Z,01KFEDCB85NRAF0XG25ABR62N5,2026-01-20T19:35:43.724833331Z,01KFEE7Q9A8CN1TS35QENG1JN7,2026-01-20T19:35:43.724833331Z,01KFEEC6Q4W9SATGBT78S5XZJ9,2026-01-20T19:35:43.724833331Z
01KFEHHT2PW6Y978R12MM07ZCZ,01KFEHA20TFYVSSENV0N2723W5,2026-01-20T20:29:15.73445602Z,0,2026-01-20T20:29:22.059773315Z,C,2026-01-20T20:29:22.036242576Z,01KFEHA25NESP3C46R1STZWY67,2026-01-20T20:29:15.73445602Z,01KFEHB2Z6PCQ5XRWRX0AQ3SH1,2026-01-20T20:29:15.73445602Z,01KFEHHR3NP5N9K5JQRWJ02M89,2026-01-20T20:29:15.73445602Z
01KFEJX96TR2Z78H2KSPCAVY0E,01KFEHAM72H3ZNN8G0T2BCT79K,2026-01-20T20:53:00.250702611Z,10,2026-01-20T20:53:07.572733803Z,A,2026-01-20T20:53:07.497229003Z,01KFEHAMB21FYRXZN71VHCADQA,2026-01-20T20:53:00.250702611Z,01KFEJD79KCD2FZ3DWAFCC6NHA,2026-01-20T20:53:00.250702611Z,01KFEJQTQCWFTB5C0YQ1884QY8,2026-01-20T20:53:00.250702611Z
01KFEFGQTMZTD391FFN2M6R91W,01KFEDCCH0VMFH7P25F40PD43N,2026-01-20T19:53:43.508692967Z,20,2026-01-20T19:53:45.812989925Z,B,2026-01-20T19:53:45.087692146Z,01KFEDCCHH44R979H37GT2B68J,2026-01-20T19:53:43.508692967Z,01KFEF0J7C8417B13N1313JGSZ,2026-01-20T19:53:43.508692967Z,01KFEFDZDSJWEQ47SM2QXQ1KBQ,2026-01-20T19:53:43.508692967Z
01KFEFJ2NGDKJ6VGW6FJS04VTW,01KFEDCAVEZK3QD8ZFC2PP83WE,2026-01-20T19:54:27.376846511Z,0,2026-01-20T19:54:29.683523046Z,C,2026-01-20T19:54:29.278462753Z,01KFEDCAVXCN1BR0PV518R81QD,2026-01-20T19:54:27.376846511Z,01KFEF0CM1HH5QRYS1YH4TW6EV,2026-01-20T19:54:27.376846511Z,01KFEFE5T73FEV5620EJGJ99RW,2026-01-20T19:54:27.376846511Z
01KFEFHA19KZRTHXMPTPQK9E8K,01KFEDCAVEZK3QD8ZFC2PP83WE,2026-01-20T19:54:02.153177328Z,10,2026-01-20T19:54:04.986377264Z,B,2026-01-20T19:54:04.530955154Z,01KFEDCAVZJC7DD4AH1RF6NR9W,2026-01-20T19:54:02.153177328Z,01KFEFBH5ZZ770WWH7HK9VAC9K,2026-01-20T19:54:02.153177328Z,01KFEFFP3VJPQ246SEMNPWFRWY,2026-01-20T19:54:02.153177328Z
01KFEHGEAYPEDNC73Q9CMDDVBQ,01KFEHA1EJWPRPNCXBTHCF12K2,2026-01-20T20:28:30.942910388Z,7,2026-01-20T20:28:36.704171072Z,D,2026-01-20T20:28:36.688661195Z,01KFEHA1GK3DQ7TRWFWA7J267H,2026-01-20T20:28:30.942910388Z,01KFEHBP1ZE2AV6NAD8SG9ZGBW,2026-01-20T20:28:30.942910388Z,01KFEHFC1WYZV0AN9T46ZPPXXT,2026-01-20T20:28:30.942910388Z
01KFEHV6M0Z7XAJW2V962YJDJ2,01KFEHA1MRJDJA6FNTED28Z8HF,2026-01-20T20:34:23.488813563Z,20,2026-01-20T20:34:24.744490928Z,A,2026-01-20T20:34:24.711750425Z,01KFEHA1QMX5DYGHPSSSP2RXXX,2026-01-20T20:34:23.488813563Z,01KFEHJFJ1SMX3RCX9M0MFWVF6,2026-01-20T20:34:23.488813563Z,01KFEHR30B4CVD97MSB1RJ878F,2026-01-20T20:34:23.488813563Z
01KFEJ3MTP9WDWVB2CVAX31PNN,01KFEHA20TFYVSSENV0N2723W5,2026-01-20T20:39:00.183018844Z,20,2026-01-20T20:39:11.830413437Z,B,2026-01-20T20:39:06.635960826Z,01KFEHA25S6PYJD4DSX1VJG5FE,2026-01-20T20:39:00.183018844Z,01KFEHKBVRWD07VXT4ZKHQQAA6,2026-01-20T20:39:00.183018844Z,01KFEJ3HN6DTY6DEXSN994BE0X,2026-01-20T20:39:00.183018844Z
01KFEJA1DYJX2BXAD1721C2RQ7,01KFEHAKWNS08RQENHQ36ND5GA,2026-01-20T20:42:29.694296842Z,10,2026-01-20T20:42:40.740379217Z,B,2026-01-20T20:42:38.371158564Z,01KFEHAKXRHSJ1AHAHDK0DQA4P,2026-01-20T20:42:29.694296842Z,01KFEJ580QQJEEAZHBCH3CHEAD,2026-01-20T20:42:29.694296842Z,01KFEJ9XM8EPECB0Y8BJPZ44MP,2026-01-20T20:42:29.694296842Z
01KFEE0JDTTE6EK9NM6NP0Y981,01KFEDCB0G5KS91T4MD9JTDSA4,2026-01-20T19:27:25.114671603Z,10,2026-01-20T19:27:50.514392912Z,B,2026-01-20T19:27:50.475034246Z,01KFEDCB139KMAVWQ3WS54614D,2026-01-20T19:27:25.114671603Z,01KFEDPNDSVSXFTW3Z2GG851YR,2026-01-20T19:27:25.114671603Z,01KFEE0HE24541FTT4Z6NNAHN0,2026-01-20T19:27:25.114671603Z
01KFEFF3EKC54DX6QSHKCX237Z,01KFEDCCH0VMFH7P25F40PD43N,2026-01-20T19:52:49.875721046Z,0,2026-01-20T19:53:00.327318543Z,C,2026-01-20T19:52:55.432942631Z,01KFEDCCHH44R979H37GT2B68J,2026-01-20T19:52:49.875721046Z,01KFEF0J7C8417B13N1313JGSZ,2026-01-20T19:52:49.875721046Z,01KFEFDZCCHMRRR54B9WYPK4HA,2026-01-20T19:52:49.875721046Z
01KFEHKFGZ9M199EFWDAV6BK7A,01KFEHA1MRJDJA6FNTED28Z8HF,2026-01-20T20:30:10.463812766Z,7,2026-01-20T20:30:13.756104216Z,D,2026-01-20T20:30:11.528933116Z,01KFEHA1R32D8V3SKQA6BEDXA8,2026-01-20T20:30:10.463812766Z,01KFEHBPM0QM8692M9NW91QBAJ,2026-01-20T20:30:10.463812766Z,01KFEHGC8DRS36BNQKBWK85Q6W,2026-01-20T20:30:10.463812766Z
01KFEHTCRJNP0HJC75EM2H2RQX,01KFEHA1EJWPRPNCXBTHCF12K2,2026-01-20T20:33:57.010416638Z,10,2026-01-20T20:34:03.973295118Z,A,2026-01-20T20:34:03.936155187Z,01KFEHA1GRK7A014NXTNRF457G,2026-01-20T20:33:57.010416638Z,01KFEHFSGA9RW2KQK679GQ5Q17,2026-01-20T20:33:57.010416638Z,01KFEHPVKND5B6D37B2X9PZ6JQ,2026-01-20T20:33:57.010416638Z
01KFEJ10PKDNAVMMRR70XQHNNM,01KFEHA1W0DBA89GCQ87GA4EG5,2026-01-20T20:37:34.035557018Z,0,2026-01-20T20:37:43.027262089Z,B,2026-01-20T20:37:36.990478922Z,01KFEHA1ZSVYK8DGYZZSV53FQM,2026-01-20T20:37:34.035557018Z,01KFEHMXV04MY34HJYA33HA616,2026-01-20T20:37:34.035557018Z,01KFEHWYVG2VXN87C17A1G5R00,2026-01-20T20:37:34.035557018Z
01KFEJY4TG07XWSQ5GXTFRYTCW,01KFEHAM72H3ZNN8G0T2BCT79K,2026-01-20T20:53:28.528791865Z,,,,,01KFEHAMB21FYRXZN71VHCADQA,2026-01-20T20:53:28.528791865Z,01KFEJD79KCD2FZ3DWAFCC6NHA,2026-01-20T20:53:28.528791865Z,01KFEJQTTHZQPH5H0179QZVE9G,2026-01-20T20:53:28.528791865Z
01KFEK5XA72FQS12TQE9YA83YX,01KFEJ5C7H3Z5SGPPT0TCGAEB2,2026-01-20T20:57:42.983514669Z,0,2026-01-20T20:57:46.089990708Z,C,2026-01-20T20:57:46.027678191Z,01KFEJ5C9822567XDA8A9QG0G3,2026-01-20T20:57:42.983514669Z,01KFEJTATNKXCTW38TD0J18TFE,2026-01-20T20:57:42.983514669Z,01KFEK0Q64TJGX1ZAQFPQYZ5YY,2026-01-20T20:57:42.983514669Z
01KFEEYX8DCAK4TN49NHJPAS2R,01KFEDCCAW3ZY6KSKNHTKZ971F,2026-01-20T19:43:59.245136594Z,10,2026-01-20T19:44:02.343222557Z,B,2026-01-20T19:44:02.318447064Z,01KFEDCCBE716PRHN8Q6NQV6ZT,2026-01-20T19:43:59.245136594Z,01KFEEMRW7PPKZGT4SNXBV2JSZ,2026-01-20T19:43:59.245136594Z,01KFEEV7VFDMDD1J8J251QHZMG,2026-01-20T19:43:59.245136594Z
01KFEFMQX7Q2FJRQMY2KW1X29H,01KFEDC9EK94N2WNCHE5RRQHCJ,2026-01-20T19:55:54.663431346Z,10,2026-01-20T19:55:57.609208322Z,A,2026-01-20T19:55:56.930695516Z,01KFEDC9FF7T49EPA99GZDGH84,2026-01-20T19:55:54.663431346Z,01KFEFB7KJED56AXX5RHJAHZFZ,2026-01-20T19:55:54.663431346Z,01KFEFG2QPXZSPAH29GF63WBJS,2026-01-20T19:55:54.663431346Z
01KFEEXA1W1HCJKG1E2XYY39E8,01KFEDCCAW3ZY6KSKNHTKZ971F,2026-01-20T19:43:06.812476189Z,0,2026-01-20T19:43:09.089169405Z,C,2026-01-20T19:43:09.063262792Z,01KFEDCCBE716PRHN8Q6NQV6ZT,2026-01-20T19:43:06.812476189Z,01KFEEMXPGKZB6AS6D6H40GZ8R,2026-01-20T19:43:06.812476189Z,01KFEEV7W3AAVZYDHPWJXWG7TN,2026-01-20T19:43:06.812476189Z
01KFEK4CAXM1S5J2MN32H8FCA5,01KFEJ5CPJ5RGARFNN6Z0PCT4Q,2026-01-20T20:56:52.829279205Z,29,2026-01-20T20:56:56.817595111Z,C,2026-01-20T20:56:56.555662266Z,01KFEJ5CRSNMMQKHYMFD35850B,2026-01-20T20:56:52.829279205Z,01KFEJHQKQJTKAV5X447CE3YRT,2026-01-20T20:56:52.829279205Z,01KFEJRTW9T3HTYV343RGTBAPD,2026-01-20T20:56:52.829279205Z
01KFEFJMCF0PQY0EFBAYW6DYRJ,01KFEDC9EK94N2WNCHE5RRQHCJ,2026-01-20T19:54:45.51955762Z,7,2026-01-20T19:55:03.881935691Z,D,2026-01-20T19:54:50.508771958Z,01KFEDC9FHECNJXE9XQY06NB5G,2026-01-20T19:54:45.51955762Z,01KFEFCTST9RMTXB93SD79TX4T,2026-01-20T19:54:45.51955762Z,01KFEFJJT905HHR7J7M2TQNRCN,2026-01-20T19:54:45.51955762Z
01KFEHGS88QZG460T14VY5CTSP,01KFEHA1EJWPRPNCXBTHCF12K2,2026-01-20T20:28:42.120813251Z,7,2026-01-20T20:28:50.306971006Z,D,2026-01-20T20:28:50.285921686Z,01KFEHA1GK3DQ7TRWFWA7J267H,2026-01-20T20:28:42.120813251Z,01KFEHBP1ZE2AV6NAD8SG9ZGBW,2026-01-20T20:28:42.120813251Z,01KFEHFC15BQTXA95T3CRJEPMZ,2026-01-20T20:28:42.120813251Z
01KFEHW2C1W9NKFA62PBEA84T6,01KFEHA1MRJDJA6FNTED28Z8HF,2026-01-20T20:34:51.90545223Z,20,2026-01-20T20:34:53.547076143Z,A,2026-01-20T20:34:53.191191897Z,01KFEHA1QMX5DYGHPSSSP2RXXX,2026-01-20T20:34:51.90545223Z,01KFEHJFJ1SMX3RCX9M0MFWVF6,2026-01-20T20:34:51.90545223Z,01KFEHR31B55NMFYVJKECZTBSP,2026-01-20T20:34:51.90545223Z
01KFEFHSTN5PJ6YB4GPZRVG2R8,01KFEDCAVEZK3QD8ZFC2PP83WE,2026-01-20T19:54:18.325259247Z,10,2026-01-20T19:54:21.982415432Z,A,2026-01-20T19:54:21.960181563Z,01KFEDCAVZJC7DD4AH1RF6NR9W,2026-01-20T19:54:18.325259247Z,01KFEFBH5ZZ770WWH7HK9VAC9K,2026-01-20T19:54:18.325259247Z,01KFEFFP39G08VP8Y5HX5TE1VX,2026-01-20T19:54:18.325259247Z
01KFEFHZJPEXX3GPXS7281WX15,01KFEDC9EK94N2WNCHE5RRQHCJ,2026-01-20T19:54:24.214343Z,20,2026-01-20T19:54:29.763512189Z,A,2026-01-20T19:54:27.48778143Z,01KFEDC9FF7T49EPA99GZDGH84,2026-01-20T19:54:24.214343Z,01KFEFB7KJED56AXX5RHJAHZFZ,2026-01-20T19:54:24.214343Z,01KFEFG2PA6Q9XP4FBXAYJEKNF,2026-01-20T19:54:24.214343Z
01KFEHSMS2SYWET0BX4MSN6QG8,01KFEHA1MRJDJA6FNTED28Z8HF,2026-01-20T20:33:32.450232321Z,0,2026-01-20T20:33:49.346173205Z,C,2026-01-20T20:33:41.184477626Z,01KFEHA1QYV2E8SAEFNEHYNVTN,2026-01-20T20:33:32.450232321Z,01KFEHKCW5X4CR8DBAYXY74YGJ,2026-01-20T20:33:32.450232321Z,01KFEHSJFTY724JYE28JE8TD7S,2026-01-20T20:33:32.450232321Z
01KFEJ3F8Q6FW64FHTGTGGNFKQ,01KFEHA1W0DBA89GCQ87GA4EG5,2026-01-20T20:38:54.4876086Z,0,2026-01-20T20:39:00.356778553Z,B,2026-01-20T20:38:56.526997863Z,01KFEHA1ZSVYK8DGYZZSV53FQM,2026-01-20T20:38:54.4876086Z,01KFEHMXV04MY34HJYA33HA616,2026-01-20T20:38:54.4876086Z,01KFEHWYXC0BM2V47Y0JA9DM29,2026-01-20T20:38:54.4876086Z
01KFEJBV175C5A7TFKZKKTZC59,01KFEHAKK9QMW81MWT2FF1CSZA,2026-01-20T20:43:28.679853196Z,0,2026-01-20T20:43:32.473243462Z,C,2026-01-20T20:43:32.369709479Z,01KFEHAKMDAJRN7M0QA4VDJCGY,2026-01-20T20:43:28.679853196Z,01KFEHW86W3STHQPDAT1BP1CXX,2026-01-20T20:43:28.679853196Z,01KFEJ2SMG6VG7EH230353565W,2026-01-20T20:43:28.679853196Z
01KFEJW88X7FQBREM0S0GZX9PR,01KFEHAM72H3ZNN8G0T2BCT79K,2026-01-20T20:52:26.52597875Z,10,2026-01-20T20:52:30.752782748Z,A,2026-01-20T20:52:30.684301059Z,01KFEHAMATV7GY0NQF17M2P0MD,2026-01-20T20:52:26.52597875Z,01KFEJ9C86SAQ3FA5GXN0A1JWJ,2026-01-20T20:52:26.52597875Z,01KFEJMAXY50EDB1ESFQ59VMKC,2026-01-20T20:52:26.52597875Z
01KFEFHSPME65K8RKH2KCDT3EN,01KFEDCCH0VMFH7P25F40PD43N,2026-01-20T19:54:18.19693663Z,20,2026-01-20T19:54:20.764313743Z,A,2026-01-20T19:54:20.74215336Z,01KFEDCCHH44R979H37GT2B68J,2026-01-20T19:54:18.19693663Z,01KFEFADJR1SXTG9225WD5SFVJ,2026-01-20T19:54:18.19693663Z,01KFEFDZCR1AKTHQ7MHN0Z95NF,2026-01-20T19:54:18.19693663Z
01KFEHMAAX1WT6DNRKK8FCBBC0,01KFEHA20TFYVSSENV0N2723W5,2026-01-20T20:30:37.917877918Z,20,2026-01-20T20:30:39.891153672Z,A,2026-01-20T20:30:39.152865441Z,01KFEHA25NESP3C46R1STZWY67,2026-01-20T20:30:37.917877918Z,01KFEHE6NX6FXVRTV1KPH8TKWC,2026-01-20T20:30:37.917877918Z,01KFEHHR5BDKF64QG1B6XQZ0W1,2026-01-20T20:30:37.917877918Z
01KFEFMQX37T9NW9C0CBKNX7F4,01KFEDC9EK94N2WNCHE5RRQHCJ,2026-01-20T19:55:54.659817481Z,19,2026-01-20T19:55:57.609208322Z,C,2026-01-20T19:55:57.589671742Z,01KFEDC9FF7T49EPA99GZDGH84,2026-01-20T19:55:54.659817481Z,01KFEFBN24Q9S7DG3606EXV8XC,2026-01-20T19:55:54.659817481Z,01KFEFG2QPXZSPAH29GF63WBJS,2026-01-20T19:55:54.659817481Z
01KFEJKTSG4Q9HBVC6XWHWWZK2,01KFEHAM0SBSN9QYCK4NGJTWCC,2026-01-20T20:47:50.576697724Z,10,2026-01-20T20:47:55.364199401Z,B,2026-01-20T20:47:53.264624651Z,01KFEHAM45R1366856G6A2WGHZ,2026-01-20T20:47:50.576697724Z,01KFEHYH6DP091MJE3KD0CRNR1,2026-01-20T20:47:50.576697724Z,01KFEJBBT30ZH34V66TAVX861N,2026-01-20T20:47:50.576697724Z
01KFEJTAW1CWEGRT7FJ4E4TYVB,01KFEJ5D47V2DPV4P7KW69CWA7,2026-01-20T20:51:23.64951568Z,,,C,2026-01-20T20:52:08.348209009Z,01KFEJ5D6622PF5PX4G3KZTAZK,2026-01-20T20:51:23.64951568Z,01KFEJD1YH5FPQ393D94GBCY3J,2026-01-20T20:51:23.64951568Z,01KFEJT5J3HD1JX4M4H5R95YR0,2026-01-20T20:51:23.64951568Z
01KFEJXW34Q0ZV7N2BN0P43J7Z,01KFEHAM0SBSN9QYCK4NGJTWCC,2026-01-20T20:53:19.588283921Z,20,2026-01-20T20:53:23.830360417Z,A,2026-01-20T20:53:23.456707211Z,01KFEHAM4AZFDTAG8DR1VA4141,2026-01-20T20:53:19.588283921Z,01KFEJAS01H74KYS8N629S6DTN,2026-01-20T20:53:19.588283921Z,01KFEJMJV4KBRM0CHAQC91E98W,2026-01-20T20:53:19.588283921Z
01KFEK4PZAKYPJN9WVVF9GFH6F,01KFEJ5C7H3Z5SGPPT0TCGAEB2,2026-01-20T20:57:03.722633217Z,0,2026-01-20T20:57:08.818659302Z,B,2026-01-20T20:57:07.778961407Z,01KFEJ5C8N149KF44PHZZN9T4C,2026-01-20T20:57:03.722633217Z,01KFEJY9418R2BQRPDT9220F8R,2026-01-20T20:57:03.722633217Z,01KFEK23VE7N802ZYXQC83YN83,2026-01-20T20:57:03.722633217Z
01KFEEX0PP27AMYMY5DXAVFH8M,01KFEDCCAW3ZY6KSKNHTKZ971F,2026-01-20T19:42:57.238238044Z,0,2026-01-20T19:43:04.371474234Z,C,2026-01-20T19:43:04.32815656Z,01KFEDCCBE716PRHN8Q6NQV6ZT,2026-01-20T19:42:57.238238044Z,01KFEEMRW7PPKZGT4SNXBV2JSZ,2026-01-20T19:42:57.238238044Z,01KFEEV7VX3GR1E3DZCJGDMB43,2026-01-20T19:42:57.238238044Z
01KFEFHK1195P0D43HR50FB215,01KFEDCAVEZK3QD8ZFC2PP83WE,2026-01-20T19:54:11.361580851Z,19,2026-01-20T19:54:14.789096043Z,C,2026-01-20T19:54:14.769223553Z,01KFEDCAVZJC7DD4AH1RF6NR9W,2026-01-20T19:54:11.361580851Z,01KFEFBH5ZZ770WWH7HK9VAC9K,2026-01-20T19:54:11.361580851Z,01KFEFFP3B72YYH0VHZFQ3AF9C,2026-01-20T19:54:11.361580851Z
01KFEHWJEAT303K6BVZB99ZTT2,01KFEHA1EJWPRPNCXBTHCF12K2,2026-01-20T20:35:08.362202913Z,17,2026-01-20T20:35:11.407919545Z,D,2026-01-20T20:35:11.384612856Z,01KFEHA1GPSKM8FTTA039GX2FE,2026-01-20T20:35:08.362202913Z,01KFEHGGC977SV7QXMD0KQJ3VM,2026-01-20T20:35:08.362202913Z,01KFEHRJY69TE8BMH4NFD0V4DB,2026-01-20T20:35:08.362202913Z
01KFEJ1VTMB97EPTETD67ZADT8,01KFEHA1W0DBA89GCQ87GA4EG5,2026-01-20T20:38:01.812670046Z,0,2026-01-20T20:38:06.748268076Z,A,2026-01-20T20:38:06.716641043Z,01KFEHA1ZSVYK8DGYZZSV53FQM,2026-01-20T20:38:01.812670046Z,01KFEHKWX6S3CRVA3YVBJBPSWT,2026-01-20T20:38:01.812670046Z,01KFEHWYVS379VXFQJ5Z6HEMZZ,2026-01-20T20:38:01.812670046Z
01KFEJX253YZ0P5KYJM1J6HVZQ,01KFEHAM72H3ZNN8G0T2BCT79K,2026-01-20T20:52:53.027063751Z,0,2026-01-20T20:52:57.730365241Z,C,2026-01-20T20:52:57.020088924Z,01KFEHAMATV7GY0NQF17M2P0MD,2026-01-20T20:52:53.027063751Z,01KFEJ5D2KZA6HXFGKH7XFG11W,2026-01-20T20:52:53.027063751Z,01KFEJMAZ44W2083YCNY9RPGZZ,2026-01-20T20:52:53.027063751Z
01KFEFJMMYTMCKSF5MF66YA9HT,01KFEDCAVEZK3QD8ZFC2PP83WE,2026-01-20T19:54:45.790811992Z,7,2026-01-20T19:54:48.776898397Z,D,2026-01-20T19:54:48.52641612Z,01KFEDCAVXCN1BR0PV518R81QD,2026-01-20T19:54:45.790811992Z,01KFEF0CM1HH5QRYS1YH4TW6EV,2026-01-20T19:54:45.790811992Z,01KFEFE5SY7DH5PZ33DRSJKE5T,2026-01-20T19:54:45.790811992Z
01KFEHV974WPATPKKD2HS43V91,01KFEHA1MRJDJA6FNTED28Z8HF,2026-01-20T20:34:26.148958682Z,0,2026-01-20T20:34:32.22165107Z,D,2026-01-20T20:34:28.944674017Z,01KFEHA1QDYX27N1S60Z95NKD9,2026-01-20T20:34:26.148958682Z,01KFEHFDNYYM4VRPKVABD0N8W8,2026-01-20T20:34:26.148958682Z,01KFEHQRZQ03J2CQH22A1WKWGS,2026-01-20T20:34:26.148958682Z
01KFEHVZ2EW999521NXRV4XA43,01KFEHA1MRJDJA6FNTED28Z8HF,2026-01-20T20:34:48.526075024Z,20,2026-01-20T20:34:49.908571741Z,A,2026-01-20T20:34:49.873677087Z,01KFEHA1QMX5DYGHPSSSP2RXXX,2026-01-20T20:34:48.526075024Z,01KFEHJFJ1SMX3RCX9M0MFWVF6,2026-01-20T20:34:48.526075024Z,01KFEHR314KTB8J024JC33TAJ1,2026-01-20T20:34:48.526075024Z
01KFEJV68VE6FQXH3PA6W0R3QN,01KFEHAM72H3ZNN8G0T2BCT79K,2026-01-20T20:51:51.707837456Z,0,2026-01-20T20:52:04.628822289Z,C,2026-01-20T20:51:58.657349382Z,01KFEHAMATV7GY0NQF17M2P0MD,2026-01-20T20:51:51.707837456Z,01KFEJ9C86SAQ3FA5GXN0A1JWJ,2026-01-20T20:51:51.707837456Z,01KFEJMAXE5TC2SVASZC4DT7DQ,2026-01-20T20:51:51.707837456Z
01KFEJZS3HSE494SQAWRTBR184,01KFEJ5E832Q64ZNG3ZKPXGHJ5,2026-01-20T20:54:22.065669396Z,29,2026-01-20T20:54:26.920693284Z,C,2026-01-20T20:54:23.57028566Z,01KFEJ5EA7VXFPKNKHCS7D0Y4Z,2026-01-20T20:54:22.065669396Z,01KFEJNVB651FPQEK7J4Z5SF1P,2026-01-20T20:54:22.065669396Z,01KFEJW1Z7ET0DRRMJ9TRJMXNE,2026-01-20T20:54:22.065669396Z
01KFEE9MY01R76WV1806XRWRZY,01KFEDCB0G5KS91T4MD9JTDSA4,2026-01-20T19:32:22.592981994Z,0,2026-01-20T19:32:36.643585109Z,C,2026-01-20T19:32:36.626292223Z,01KFEDCB15BD0TYD7H0V6YZGSZ,2026-01-20T19:32:22.592981994Z,01KFEE2B09J1P0X60NY0EGT3C2,2026-01-20T19:32:22.592981994Z,01KFEE9KKC1D0WXJ4XBWQY0W8Y,2026-01-20T19:32:22.592981994Z
01KFEEPAPP6M0QR4RQCY0CP5PJ,01KFEDCCAW3ZY6KSKNHTKZ971F,2026-01-20T19:39:18.102627221Z,29,2026-01-20T19:39:23.735778206Z,C,2026-01-20T19:39:23.717289903Z,01KFEDCCBDJ82W4YK2PN7VDTAX,2026-01-20T19:39:18.102627221Z,01KFEE6KZQR5PP1P0PS1XNKJRD,2026-01-20T19:39:18.102627221Z,01KFEEE80JZA5X9AHRXHKM12EM,2026-01-20T19:39:18.102627221Z
01KFEHWXBVQS52VPD59AWJGR66,01KFEHA1MRJDJA6FNTED28Z8HF,2026-01-20T20:35:19.547604674Z,19,2026-01-20T20:35:24.572326011Z,C,2026-01-20T20:35:21.172908428Z,01KFEHA1QDYX27N1S60Z95NKD9,2026-01-20T20:35:19.547604674Z,01KFEHFDNYYM4VRPKVABD0N8W8,2026-01-20T20:35:19.547604674Z,01KFEHQRYF4NW9W6C88K8WZ7AH,2026-01-20T20:35:19.547604674Z
01KFEJM91FMJZG7Q451X5CFXCV,01KFEHAM0SBSN9QYCK4NGJTWCC,2026-01-20T20:48:05.16747451Z,7,2026-01-20T20:48:12.310805325Z,D,2026-01-20T20:48:07.709128775Z,01KFEHAM45R1366856G6A2WGHZ,2026-01-20T20:48:05.16747451Z,01KFEHYH6DP091MJE3KD0CRNR1,2026-01-20T20:48:05.16747451Z,01KFEJBBTJPK158GE8SASY258R,2026-01-20T20:48:05.16747451Z
01KFEJXPSC8AR6VSZ1F050QGDP,01KFEJ5DKDD8ED3R70AXWWV7TA,2026-01-20T20:53:14.15673431Z,10,2026-01-20T20:53:20.514564959Z,B,2026-01-20T20:53:20.44459192Z,01KFEJ5DPFFD934S0E2GQ1B9RR,2026-01-20T20:53:14.15673431Z,01KFEJJ4V0E3E83F88J6MK6KAW,2026-01-20T20:53:14.15673431Z,01KFEJVCTY2NTWR1FANJAC0WDN,2026-01-20T20:53:14.15673431Z
01KFEEZNBM35FF6X39CNA29BXA,01KFEDCCAW3ZY6KSKNHTKZ971F,2026-01-20T19:44:23.924243707Z,19,2026-01-20T19:44:26.765800555Z,C,2026-01-20T19:44:26.519347274Z,01KFEDCCBE716PRHN8Q6NQV6ZT,2026-01-20T19:44:23.924243707Z,01KFEEMRW7PPKZGT4SNXBV2JSZ,2026-01-20T19:44:23.924243707Z,01KFEEV7WPS5RX78268NJNE86T,2026-01-20T19:44:23.924243707Z
01KFEFNJFECAYB56R5Z971AQK4,01KFEDCAVEZK3QD8ZFC2PP83WE,2026-01-20T19:56:21.870281446Z,19,2026-01-20T19:56:36.620815376Z,C,2026-01-20T19:56:36.593262982Z,01KFEDCAVZJC7DD4AH1B24TEC6,2026-01-20T19:56:21.870281446Z,01KFEFG8GX8B9102EGAWCJ2ZB0,2026-01-20T19:56:21.870281446Z,01KFEFNGXSPP5MWZ1XYRACJ3QZ,2026-01-20T19:56:21.870281446Z
01KFEHWYBCW74PCKFPJTYVHVR6,01KFEHA1W0DBA89GCQ87GA4EG5,2026-01-20T20:35:20.556763454Z,19,2026-01-20T20:35:29.244821282Z,C,2026-01-20T20:35:29.179729293Z,01KFEHA1YZ8ZAAQFH3AAV34XZC,2026-01-20T20:35:20.556763454Z,01KFEHG3HQKMJV6MDTGGGPAJE2,2026-01-20T20:35:20.556763454Z,01KFEHRCNQMP813ZGXBQ9T90ES,2026-01-20T20:35:20.556763454Z
01KFEJXAV434KWHXBJP3MZE3FJ,01KFEHAM72H3ZNN8G0T2BCT79K,2026-01-20T20:53:01.924247839Z,19,2026-01-20T20:53:08.889975469Z,C,2026-01-20T20:53:08.659148743Z,01KFEHAMATV7GY0NQF17M2P0MD,2026-01-20T20:53:01.924247839Z,01KFEJ9C86SAQ3FA5GXN0A1JWJ,2026-01-20T20:53:01.924247839Z,01KFEJMAZRDM3XAHTJ5VZ0RJ4K,2026-01-20T20:53:01.924247839Z
01KFEHM7WYCZEZMQM0DNBT3RVY,01KFEHA1W0DBA89GCQ87GA4EG5,2026-01-20T20:30:35.422930648Z,0,2026-01-20T20:30:37.673094824Z,C,2026-01-20T20:30:36.757005457Z,01KFEHA1ZNDEMMB0DK92YAW8BD,2026-01-20T20:30:35.422930648Z,01KFEHAFP87N0FEFRCAHH2V652,2026-01-20T20:30:35.422930648Z,01KFEHHMX58E8ZCKT58BW5M6RE,2026-01-20T20:30:35.422930648Z
01KFEHVSVW7GJHKCY4CQA2S65Z,01KFEHA1EJWPRPNCXBTHCF12K2,2026-01-20T20:34:43.196229821Z,20,2026-01-20T20:34:48.723874427Z,B,2026-01-20T20:34:48.69958192Z,01KFEHA1GRK7A014NXTNRF457G,2026-01-20T20:34:43.196229821Z,01KFEHFSGA9RW2KQK679GQ5Q17,2026-01-20T20:34:43.196229821Z,01KFEHPVM0P81V9XKSB3TEJZ11,2026-01-20T20:34:43.196229821Z
01KFEETC3TFPM71M2XXVC8PJZV,01KFEDCCH0VMFH7P25F40PD43N,2026-01-20T19:41:30.618330016Z,19,2026-01-20T19:41:33.456578189Z,C,2026-01-20T19:41:32.848655002Z,01KFEDCCHJADFRJT5F5VJ9ST9F,2026-01-20T19:41:30.618330016Z,01KFEEKE9WXRZWBRXYDQ5J10WV,2026-01-20T19:41:30.618330016Z,01KFEERHSX82B9P2HNQWS86AXD,2026-01-20T19:41:30.618330016Z
01KFEEWJVGAWKJVJGM1TSSGGZJ,01KFEDCCH0VMFH7P25F40PD43N,2026-01-20T19:42:43.056942603Z,17,2026-01-20T19:42:48.517582334Z,D,2026-01-20T19:42:48.50127957Z,01KFEDCCHJADFRJT5F5VJ9ST9F,2026-01-20T19:42:43.056942603Z,01KFEEJDGDWEMZQAHJH9Z7FVC3,2026-01-20T19:42:43.056942603Z,01KFEERHSJ43RDEK3RME28HPJV,2026-01-20T19:42:43.056942603Z
01KFEHMCRA1FTM04H0SFT8FT52,01KFEHA1W0DBA89GCQ87GA4EG5,2026-01-20T20:30:40.394258432Z,0,2026-01-20T20:30:43.2842758Z,C,2026-01-20T20:30:43.265272467Z,01KFEHA1ZNDEMMB0DK92YAW8BD,2026-01-20T20:30:40.394258432Z,01KFEHEBSJCV2WCY6FBMMN65A3,2026-01-20T20:30:40.394258432Z,01KFEHHMXAH9HKXAC2EX5WTMY4,2026-01-20T20:30:40.394258432Z
01KFEHN2YPKRTVHFXXGVHR8P1G,01KFEHA1W0DBA89GCQ87GA4EG5,2026-01-20T20:31:03.126782967Z,17,2026-01-20T20:31:05.068226104Z,D,2026-01-20T20:31:04.242450173Z,01KFEHA1ZNDEMMB0DK92YAW8BD,2026-01-20T20:31:03.126782967Z,01KFEHAFP87N0FEFRCAHH2V652,2026-01-20T20:31:03.126782967Z,01KFEHHMVXHCP1NTF6XSXJWM0B,2026-01-20T20:31:03.126782967Z
01KFEHVSVN5FSS7V2WDH76GAVZ,01KFEHA1EJWPRPNCXBTHCF12K2,2026-01-20T20:34:43.189229353Z,20,2026-01-20T20:34:48.723874427Z,A,2026-01-20T20:34:46.617457703Z,01KFEHA1GRK7A014NXTNRF457G,2026-01-20T20:34:43.189229353Z,01KFEHG6C81JZ80FMVPH00AMCG,2026-01-20T20:34:43.189229353Z,01KFEHPVM0P81V9XKSB3TEJZ11,2026-01-20T20:34:43.189229353Z
01KFEJNQX34R7NWHBTP8X77ZG2,01KFEHAM72H3ZNN8G0T2BCT79K,2026-01-20T20:48:53.155115181Z,0,2026-01-20T20:49:05.66957065Z,D,2026-01-20T20:49:05.627968724Z,01KFEHAMATV7GY0NQF17M2P0MD,2026-01-20T20:48:53.155115181Z,01KFEJ5D2KZA6HXFGKH7XFG11W,2026-01-20T20:48:53.155115181Z,01KFEJMAWEVT0SVP1KGQMJ1R5Q,2026-01-20T20:48:53.155115181Z
01KFEE1X608292ZDNG5SWW9RSB,01KFEDCC1ZHDDN3CP9JWF4PGTF,2026-01-20T19:28:08.89679425Z,29,2026-01-20T19:28:17.914603927Z,C,2026-01-20T19:28:17.901386414Z,01KFEDCC2JDADMPT5RVP2N7S0X,2026-01-20T19:28:08.89679425Z,01KFEDNQAB8C2AFG7D4ZXA4K64,2026-01-20T19:28:08.89679425Z,01KFEDZ3343NHHW6SXBF4HK0M9,2026-01-20T19:28:08.89679425Z
01KFEEF3KDNMXD62PWE7JVTC6F,01KFEDCB0G5KS91T4MD9JTDSA4,2026-01-20T19:35:21.4534849Z,10,2026-01-20T19:35:26.811348295Z,A,2026-01-20T19:35:23.815197166Z,01KFEDCB15BD0TYD7H0V6YZGSZ,2026-01-20T19:35:21.4534849Z,01KFEE07X889KRR9ZR3BVZBWD6,2026-01-20T19:35:21.4534849Z,01KFEE9KM7YKRRKPBFZ4AZGZ5E,2026-01-20T19:35:21.4534849Z
01KFEK1YN78TTC9SSBJYT8MFHP,01KFEJ5C7H3Z5SGPPT0TCGAEB2,2026-01-20T20:55:33.28736289Z,10,2026-01-20T20:55:45.007924184Z,B,2026-01-20T20:55:43.461151454Z,01KFEJ5C9822567XDA8A9QG0G3,2026-01-20T20:55:33.28736289Z,01KFEJRM0CNFF8YTKCA6JC16CE,2026-01-20T20:55:33.28736289Z,01KFEK0Q02RBXVG8YX790933W5,2026-01-20T20:55:33.28736289Z
01KFEE2GG3HW6PMKNKYGNS5HCH,01KFEDCC1ZHDDN3CP9JWF4PGTF,2026-01-20T19:28:28.67510976Z,19,2026-01-20T19:28:31.562193191Z,C,2026-01-20T19:28:30.388630953Z,01KFEDCC2JDADMPT5RVP2N7S0X,2026-01-20T19:28:28.67510976Z,01KFEDNQAB8C2AFG7D4ZXA4K64,2026-01-20T19:28:28.67510976Z,01KFEDZ32QHVEP5DVAPEZ58S05,2026-01-20T19:28:28.67510976Z
01KFEHY1N5KZC9N9WCB06K4X2N,01KFEHA1W0DBA89GCQ87GA4EG5,2026-01-20T20:35:56.709195402Z,0,2026-01-20T20:36:02.07374226Z,B,2026-01-20T20:35:58.418393494Z,01KFEHA1YZ8ZAAQFH3AAV34XZC,2026-01-20T20:35:56.709195402Z,01KFEHGGXHDDWTZD1ZDVCQBBCE,2026-01-20T20:35:56.709195402Z,01KFEHRCP2PAPFJWKRECA0NVH2,2026-01-20T20:35:56.709195402Z
01KFEDV8D5ZB41H4EDMXSFHW35,01KFEDCC1ZHDDN3CP9JWF4PGTF,2026-01-20T19:24:31.013530448Z,,,B,2026-01-20T19:24:36.481482006Z,01KFEDCC2FPEHPAR4R0JHCHJDR,2026-01-20T19:24:31.013530448Z,01KFEDRN86R69YGQVVBQVDXN4Y,2026-01-20T19:24:31.013530448Z,01KFEDV7G2Y5SQQ9W4JAGAC5YY,2026-01-20T19:24:31.013530448Z
01KFEJEMB61E4NASGZVJRVVYPK,01KFEHAKWNS08RQENHQ36ND5GA,2026-01-20T20:45:00.134527628Z,,,,,01KFEHAKXRHSJ1AHAHDK0DQA4P,2026-01-20T20:45:00.134527628Z,01KFEJ580QQJEEAZHBCH3CHEAD,2026-01-20T20:45:00.134527628Z,01KFEJ9XRBBT4891XD6RBBCZM3,2026-01-20T20:45:00.134527628Z
01KFEJKRZRSVEABF1YWED4NBVK,01KFEHAM0SBSN9QYCK4NGJTWCC,2026-01-20T20:47:48.728711547Z,10,2026-01-20T20:47:51.857415059Z,B,2026-01-20T20:47:51.801579289Z,01KFEHAM3ZX2QFEZ4F28QFW79D,2026-01-20T20:47:48.728711547Z,01KFEJ99258GDSZYNA4N0ER3PR,2026-01-20T20:47:48.728711547Z,01KFEJDCTYTRC0AHW9GD9PYA41,2026-01-20T20:47:48.728711547Z
01KFEK479ERG9RWJ35FH3CAX13,01KFEJ5C7H3Z5SGPPT0TCGAEB2,2026-01-20T20:56:47.662199801Z,0,2026-01-20T20:56:51.610466234Z,C,2026-01-20T20:56:50.150572422Z,01KFEJ5C8N149KF44PHZZN9T4C,2026-01-20T20:56:47.662199801Z,01KFEJVMRW9T2V3CVS7WW6T938,2026-01-20T20:56:47.662199801Z,01KFEK23S6YC48B09MJ7JF9R5V,2026-01-20T20:56:47.662199801Z
01KFEEB01ZC9XWJZR73X40F0QW,01KFEDCB0G5KS91T4MD9JTDSA4,2026-01-20T19:33:06.751717201Z,10,2026-01-20T19:33:19.783907958Z,A,2026-01-20T19:33:16.044844415Z,01KFEDCB15BD0TYD7H0V6YZGSZ,2026-01-20T19:33:06.751717201Z,01KFEE07X889KRR9ZR3BVZBWD6,2026-01-20T19:33:06.751717201Z,01KFEE9KKNVYHNKP7WMCHNXV4R,2026-01-20T19:33:06.751717201Z
01KFEJ227NAHKTA8FNR04DSKTH,01KFEHA1W0DBA89GCQ87GA4EG5,2026-01-20T20:38:08.373174221Z,19,2026-01-20T20:38:11.469908398Z,C,2026-01-20T20:38:10.732166345Z,01KFEHA1Z72TJ9J0QENR016CFN,2026-01-20T20:38:08.373174221Z,01KFEHVQ5CHDKKYBKKZ5GXNMKV,2026-01-20T20:38:08.373174221Z,01KFEHZ0GMRH6WF566HVKE80E8,2026-01-20T20:38:08.373174221Z
01KFEHW2C7KGQPQFJVY899EHTF,01KFEHA1MRJDJA6FNTED28Z8HF,2026-01-20T20:34:51.912000294Z,20,2026-01-20T20:34:53.547076143Z,B,2026-01-20T20:34:53.511230586Z,01KFEHA1QMX5DYGHPSSSP2RXXX,2026-01-20T20:34:51.912000294Z,01KFEHH299EZ808S0B86915EW8,2026-01-20T20:34:51.912000294Z,01KFEHR31B55NMFYVJKECZTBSP,2026-01-20T20:34:51.912000294Z
01KFEJTKTVEFGNCK2N8B3FKJ0G,01KFEHAM72H3ZNN8G0T2BCT79K,2026-01-20T20:51:32.827392168Z,0,2026-01-20T20:51:37.905349226Z,C,2026-01-20T20:51:37.837374975Z,01KFEHAMB21FYRXZN71VHCADQA,2026-01-20T20:51:32.827392168Z,01KFEJD79KCD2FZ3DWAFCC6NHA,2026-01-20T20:51:32.827392168Z,01KFEJQTJA9AP37X5VJF7BXFGQ,2026-01-20T20:51:32.827392168Z
01KFEJZGV7KKVW2C3VB3MCX8YM,01KFEJ5CPJ5RGARFNN6Z0PCT4Q,2026-01-20T20:54:13.607715257Z,7,2026-01-20T20:54:34.049736652Z,D,2026-01-20T20:54:33.993890974Z,01KFEJ5CRSNMMQKHYMFD35850B,2026-01-20T20:54:13.607715257Z,01KFEJHQKQJTKAV5X447CE3YRT,2026-01-20T20:54:13.607715257Z,01KFEJRTQA64H825EQXXR4TC64,2026-01-20T20:54:13.607715257Z
01KFEK4PYR4C761TMD647N2X6V,01KFEJ5C7H3Z5SGPPT0TCGAEB2,2026-01-20T20:57:03.704976667Z,0,2026-01-20T20:57:08.818659302Z,B,2026-01-20T20:57:08.728623989Z,01KFEJ5C8N149KF44PHZZN9T4C,2026-01-20T20:57:03.704976667Z,01KFEJVMRW9T2V3CVS7WW6T938,2026-01-20T20:57:03.704976667Z,01KFEK23VE7N802ZYXQC83YN83,2026-01-20T20:57:03.704976667Z
01KFEE2P9D7S5EGJ6TWB0DDB9C,01KFEDCC1ZHDDN3CP9JWF4PGTF,2026-01-20T19:28:34.605085702Z,0,2026-01-20T19:28:40.919994683Z,C,2026-01-20T19:28:40.903904695Z,01KFEDCC2JDADMPT5RVP2N7S0X,2026-01-20T19:28:34.605085702Z,01KFEDNQAB8C2AFG7D4ZXA4K64,2026-01-20T19:28:34.605085702Z,01KFEDZ32Y1HDHJT4B91XWRA4P,2026-01-20T19:28:34.605085702Z
01KFEFHZJKXNVRD8C42D7R2T0M,01KFEDC9EK94N2WNCHE5RRQHCJ,2026-01-20T19:54:24.211092462Z,20,2026-01-20T19:54:29.763512189Z,B,2026-01-20T19:54:29.724722253Z,01KFEDC9FF7T49EPA99GZDGH84,2026-01-20T19:54:24.211092462Z,01KFEFBN24Q9S7DG3606EXV8XC,2026-01-20T19:54:24.211092462Z,01KFEFG2PA6Q9XP4FBXAYJEKNF,2026-01-20T19:54:24.211092462Z
01KFEFHGJ09X0Z889FZCS9YZ8Q,01KFEDCCH0VMFH7P25F40PD43N,2026-01-20T19:54:08.832606999Z,20,2026-01-20T19:54:11.391422745Z,B,2026-01-20T19:54:10.542816029Z,01KFEDCCHH44R979H37GT2B68J,2026-01-20T19:54:08.832606999Z,01KFEF0J7C8417B13N1313JGSZ,2026-01-20T19:54:08.832606999Z,01KFEFDZCYX0J8R49GTRCENP86,2026-01-20T19:54:08.832606999Z
01KFEJBYWT6QY057XMAEJN3M01,01KFEHAKK9QMW81MWT2FF1CSZA,2026-01-20T20:43:32.634582731Z,10,2026-01-20T20:43:41.896739761Z,B,2026-01-20T20:43:40.548013001Z,01KFEHAKM3JNAB6T75AF59R2WG,2026-01-20T20:43:32.634582731Z,01KFEJ4AH2EZ1Y9SR8QRQXF2S0,2026-01-20T20:43:32.634582731Z,01KFEJAM8W5GTQGG1VNVVPW5PM,2026-01-20T20:43:32.634582731Z
01KFEFGDPXEDYV6W2MN34YKKJ3,01KFEDCCH0VMFH7P25F40PD43N,2026-01-20T19:53:33.149046468Z,7,2026-01-20T19:53:40.673805428Z,D,2026-01-20T19:53:40.651890294Z,01KFEDCCHGZS8158VZSSNCZZHP,2026-01-20T19:53:33.149046468Z,01KFEEV98ZBZT7VKKTGE1Q7XAV,2026-01-20T19:53:33.149046468Z,01KFEFDRRZZXXYV21T9SKJ1JF9,2026-01-20T19:53:33.149046468Z
01KFEHWB7RKV4FM34M0C2JVRWH,01KFEHA1MRJDJA6FNTED28Z8HF,2026-01-20T20:35:00.984913258Z,17,2026-01-20T20:35:06.344903339Z,D,2026-01-20T20:35:06.310404181Z,01KFEHA1QDYX27N1S60Z95NKD9,2026-01-20T20:35:00.984913258Z,01KFEHF7572SXHJWAG2WR57G7K,2026-01-20T20:35:00.984913258Z,01KFEHQS08BG6CGAAN8D6XR2D9,2026-01-20T20:35:00.984913258Z
01KFEHPXQ3771G28K4KE9QCCH7,01KFEHA1EJWPRPNCXBTHCF12K2,2026-01-20T20:32:03.299063565Z,0,2026-01-20T20:32:53.802987185Z,B,2026-01-20T20:32:53.446317169Z,01KFEHA1GRK7A014NXTNRF457G,2026-01-20T20:32:03.299063565Z,01KFEHFSGA9RW2KQK679GQ5Q17,2026-01-20T20:32:03.299063565Z,01KFEHPVJHSEHEHW4ND45EQSBE,2026-01-20T20:32:03.299063565Z
01KFEHVH04RWDSBZSHT3HCMVJK,01KFEHA1EJWPRPNCXBTHCF12K2,2026-01-20T20:34:34.116830876Z,10,2026-01-20T20:34:38.792690614Z,B,2026-01-20T20:34:38.758643729Z,01KFEHA1GRK7A014NXTNRF457G,2026-01-20T20:34:34.116830876Z,01KFEHFSGA9RW2KQK679GQ5Q17,2026-01-20T20:34:34.116830876Z,01KFEHPVKTGS5Z6HYYZAX1J53H,2026-01-20T20:34:34.116830876Z
01KFEJ2WPV6ZVVR8YE6NTD2KPA,01KFEHAKK9QMW81MWT2FF1CSZA,2026-01-20T20:38:35.483298008Z,10,2026-01-20T20:38:51.098324889Z,B,2026-01-20T20:38:46.783991936Z,01KFEHAKMDAJRN7M0QA4VDJCGY,2026-01-20T20:38:35.483298008Z,01KFEHS8J7P9EEBTK2FBSRFBQT,2026-01-20T20:38:35.483298008Z,01KFEJ2SGDSG53BDPAFE31F3F0,2026-01-20T20:38:35.483298008Z
01KFEJVRNY82N8W2SKPVFASD5W,01KFEHAM0SBSN9QYCK4NGJTWCC,2026-01-20T20:52:10.558374649Z,7,2026-01-20T20:52:32.267598329Z,D,2026-01-20T20:52:32.212309514Z,01KFEHAM4AZFDTAG8DR1VA4141,2026-01-20T20:52:10.558374649Z,01KFEJAS01H74KYS8N629S6DTN,2026-01-20T20:52:10.558374649Z,01KFEJMJS4TK09CA08Z9CKYQZA,2026-01-20T20:52:10.558374649Z
01KFEJYQ7Y8F20EQXT7FWRNQ7N,01KFEHAM72H3ZNN8G0T2BCT79K,2026-01-20T20:53:47.390400513Z,10,2026-01-20T20:53:52.559990736Z,B,2026-01-20T20:53:52.505604853Z,01KFEHAMATV7GY0NQF17M2P0MD,2026-01-20T20:53:47.390400513Z,01KFEJ5D2KZA6HXFGKH7XFG11W,2026-01-20T20:53:47.390400513Z,01KFEJMB0VKBNJ8WVXX0JE323F,2026-01-20T20:53:47.390400513Z
01KFEE2GG5GFEAQHE22ZDQC59V,01KFEDCC1ZHDDN3CP9JWF4PGTF,2026-01-20T19:28:28.677466961Z,10,2026-01-20T19:28:31.562193191Z,B,2026-01-20T19:28:31.552449456Z,01KFEDCC2JDADMPT5RVP2N7S0X,2026-01-20T19:28:28.677466961Z,01KFEDQK6ZX4EYK4N5S5CFQ5FY,2026-01-20T19:28:28.677466961Z,01KFEDZ32QHVEP5DVAPEZ58S05,2026-01-20T19:28:28.677466961Z
01KFEHMXJ3YRRW3SK0SE7ACHE7,01KFEHA20TFYVSSENV0N2723W5,2026-01-20T20:30:57.603721251Z,20,2026-01-20T20:30:59.441738691Z,B,2026-01-20T20:30:59.422308022Z,01KFEHA25NESP3C46R1STZWY67,2026-01-20T20:30:57.603721251Z,01KFEHB2Z6PCQ5XRWRX0AQ3SH1,2026-01-20T20:30:57.603721251Z,01KFEHHR4TAPRZH6GK98J3Z7G2,2026-01-20T20:30:57.603721251Z
01KFEJY109BQ2PZCMZKH3Z86DS,01KFEJ5E832Q64ZNG3ZKPXGHJ5,2026-01-20T20:53:24.617359756Z,0,2026-01-20T20:53:29.880821443Z,C,2026-01-20T20:53:27.204226735Z,01KFEJ5EA7VXFPKNKHCS7D0Y4Z,2026-01-20T20:53:24.617359756Z,01KFEJNVB651FPQEK7J4Z5SF1P,2026-01-20T20:53:24.617359756Z,01KFEJW1VM2GNWT5NPC98TG791,2026-01-20T20:53:24.617359756Z
01KFEEEEZQ0966X1B27E886PVJ,01KFEDCB0G5KS91T4MD9JTDSA4,2026-01-20T19:35:00.343820175Z,10,2026-01-20T19:35:05.218666109Z,A,2026-01-20T19:35:02.565499806Z,01KFEDCB15BD0TYD7H0V6YZGSZ,2026-01-20T19:35:00.343820175Z,01KFEE07X889KRR9ZR3BVZBWD6,2026-01-20T19:35:00.343820175Z,01KFEE9KM9J603KKBNGXMM8RBS,2026-01-20T19:35:00.343820175Z
01KFEHJQPF75W20JEKDA9M1EAA,01KFEHA1MRJDJA6FNTED28Z8HF,2026-01-20T20:29:46.063154078Z,0,2026-01-20T20:29:47.821820146Z,C,2026-01-20T20:29:47.254321279Z,01KFEHA1R32D8V3SKQA6BEDXA8,2026-01-20T20:29:46.063154078Z,01KFEHAKHNEWG0MCGFJGNXPB10,2026-01-20T20:29:46.063154078Z,01KFEHGC81QFGYDYKZ0XSHC0NQ,2026-01-20T20:29:46.063154078Z
01KFEJZ3S82M9ZE7K10BEJVSRP,01KFEHAM72H3ZNN8G0T2BCT79K,2026-01-20T20:54:00.232807027Z,0,2026-01-20T20:54:05.291746012Z,C,2026-01-20T20:54:02.887989232Z,01KFEHAMATV7GY0NQF17M2P0MD,2026-01-20T20:54:00.232807027Z,01KFEJ9C86SAQ3FA5GXN0A1JWJ,2026-01-20T20:54:00.232807027Z,01KFEJMB1DC53Z2SDRK7SEMWFV,2026-01-20T20:54:00.232807027Z
01KFEK1FNZ83MW5315YYH9BEJ9,01KFEJ5CPJ5RGARFNN6Z0PCT4Q,2026-01-20T20:55:17.951153076Z,0,2026-01-20T20:55:23.683608579Z,B,2026-01-20T20:55:23.402133956Z,01KFEJ5CRSNMMQKHYMFD35850B,2026-01-20T20:55:17.951153076Z,01KFEJD683V7BW0EC67T5B9T0M,2026-01-20T20:55:17.951153076Z,01KFEJRTRK52JZ36JFYA95CT3Y,2026-01-20T20:55:17.951153076Z
01KFEHXET18TBPVK1E3KSZ86P5,01KFEHA1EJWPRPNCXBTHCF12K2,2026-01-20T20:35:37.40964007Z,19,2026-01-20T20:35:41.230480681Z,C,2026-01-20T20:35:41.205149087Z,01KFEHA1GRK7A014NXTNRF457G,2026-01-20T20:35:37.40964007Z,01KFEHFSGA9RW2KQK679GQ5Q17,2026-01-20T20:35:37.40964007Z,01KFEHPVMPBN5P18FWQJRJWTEE,2026-01-20T20:35:37.40964007Z
01KFEJJX3RV706VJ2R55KRGV29,01KFEHAM0SBSN9QYCK4NGJTWCC,2026-01-20T20:47:20.185021249Z,19,2026-01-20T20:47:25.818299023Z,C,2026-01-20T20:47:25.748158064Z,01KFEHAM3ZX2QFEZ4F28QFW79D,2026-01-20T20:47:20.185021249Z,01KFEJ9883X77HA7T3SDA1VF8F,2026-01-20T20:47:20.185021249Z,01KFEJDCSP2EERVSP2SZTAE68E,2026-01-20T20:47:20.185021249Z
01KFEJA27CFJN9T7MD7QYJ9D99,01KFEHA20TFYVSSENV0N2723W5,2026-01-20T20:42:30.508781531Z,20,2026-01-20T20:42:34.469957416Z,B,2026-01-20T20:42:34.423123316Z,01KFEHA25S6PYJD4DSX1VJG5FE,2026-01-20T20:42:30.508781531Z,01KFEHKBVRWD07VXT4ZKHQQAA6,2026-01-20T20:42:30.508781531Z,01KFEJ3HRAN0VT7K09EK2FSQWZ,2026-01-20T20:42:30.508781531Z
01KFEJYA4J30BYTF1FC2MG9CDY,01KFEJ5E832Q64ZNG3ZKPXGHJ5,2026-01-20T20:53:33.970752928Z,10,2026-01-20T20:53:39.24681422Z,A,2026-01-20T20:53:39.14045729Z,01KFEJ5EA7VXFPKNKHCS7D0Y4Z,2026-01-20T20:53:33.970752928Z,01KFEJKEAF3XNAWTVE8VCNKJXS,2026-01-20T20:53:33.970752928Z,01KFEJW1X0W9PTZXZBBRZXY9R4,2026-01-20T20:53:33.970752928Z
01KFEJYDGHMH94V9CDW7M1QSBM,01KFEJ5DKDD8ED3R70AXWWV7TA,2026-01-20T20:53:37.425137468Z,0,2026-01-20T20:53:39.770324984Z,C,2026-01-20T20:53:39.695399904Z,01KFEJ5DPFFD934S0E2GQ1B9RR,2026-01-20T20:53:37.425137468Z,01KFEJJ4V0E3E83F88J6MK6KAW,2026-01-20T20:53:37.425137468Z,01KFEJVCW65HVMYHW7QV8FF1JQ,2026-01-20T20:53:37.425137468Z
01KFEHTCC2YQGPN1XEZGFV4R5M,01KFEHA1MRJDJA6FNTED28Z8HF,2026-01-20T20:33:56.610800578Z,20,2026-01-20T20:33:58.552117791Z,A,2026-01-20T20:33:58.195741355Z,01KFEHA1QMX5DYGHPSSSP2RXXX,2026-01-20T20:33:56.610800578Z,01KFEHJFJ1SMX3RCX9M0MFWVF6,2026-01-20T20:33:56.610800578Z,01KFEHR300R4Z1023H2P7TMEHD,2026-01-20T20:33:56.610800578Z
01KFEJ18WSGR19R1Y6XQB9G9Z4,01KFEHA1W0DBA89GCQ87GA4EG5,2026-01-20T20:37:42.425377641Z,10,2026-01-20T20:37:46.177553195Z,B,2026-01-20T20:37:46.144204145Z,01KFEHA1Z72TJ9J0QENR016CFN,2026-01-20T20:37:42.425377641Z,01KFEHVQ5CHDKKYBKKZ5GXNMKV,2026-01-20T20:37:42.425377641Z,01KFEHZ0FM9GAH9ZN5A3D2DSKG,2026-01-20T20:37:42.425377641Z
01KFEHSSX03G7FGXEBSTD3FPPD,01KFEHA1EJWPRPNCXBTHCF12K2,2026-01-20T20:33:37.696356347Z,10,2026-01-20T20:33:43.71178091Z,B,2026-01-20T20:33:41.656209764Z,01KFEHA1GRK7A014NXTNRF457G,2026-01-20T20:33:37.696356347Z,01KFEHFSGA9RW2KQK679GQ5Q17,2026-01-20T20:33:37.696356347Z,01KFEHPVK4S37ANGVEY4P7Q3HW,2026-01-20T20:33:37.696356347Z
01KFEK6NEWYF4VR5CY27Y57NMX,01KFEJ5CPJ5RGARFNN6Z0PCT4Q,2026-01-20T20:58:07.708894185Z,19,2026-01-20T20:59:00.509759207Z,C,2026-01-20T20:59:00.431860895Z,01KFEJ5CS2BBW0C98ZJ5JAS2PG,2026-01-20T20:58:07.708894185Z,01KFEJXPF85R5SPZ1AW7JBKCNB,2026-01-20T20:58:07.708894185Z,01KFEK3MKCYD7WNXAFJY3JJ3Y3,2026-01-20T20:58:07.708894185Z
01KFEE3M3E78GBS1ECEAAGED5R,01KFEDCC1ZHDDN3CP9JWF4PGTF,2026-01-20T19:29:05.134836322Z,29,2026-01-20T19:29:08.118525719Z,C,2026-01-20T19:29:08.106352443Z,01KFEDCC2JDADMPT5RVP2N7S0X,2026-01-20T19:29:05.134836322Z,01KFEDNQAB8C2AFG7D4ZXA4K64,2026-01-20T19:29:05.134836322Z,01KFEDZ332B677W4TJGRFJJNQR,2026-01-20T19:29:05.134836322Z
01KFEHMSPHGTFHT8M23TFWNAM4,01KFEHA1W0DBA89GCQ87GA4EG5,2026-01-20T20:30:53.649449914Z,17,2026-01-20T20:30:55.077460745Z,D,2026-01-20T20:30:54.861857991Z,01KFEHA1ZNDEMMB0DK92YAW8BD,2026-01-20T20:30:53.649449914Z,01KFEHAFP87N0FEFRCAHH2V652,2026-01-20T20:30:53.649449914Z,01KFEHHMXP21JSNRN7JFZ6VP9A,2026-01-20T20:30:53.649449914Z
01KFEHVH9G6G97XVYZBJ3AMN8V,01KFEHA1MRJDJA6FNTED28Z8HF,2026-01-20T20:34:34.416198273Z,10,2026-01-20T20:34:42.327978463Z,A,2026-01-20T20:34:39.478223153Z,01KFEHA1QYV2E8SAEFNEHYNVTN,2026-01-20T20:34:34.416198273Z,01KFEHKCW5X4CR8DBAYXY74YGJ,2026-01-20T20:34:34.416198273Z,01KFEHSJGXY0WXV86PFK4ZF3X4,2026-01-20T20:34:34.416198273Z
01KFEJBFZPDNWQD091PD0GPSG7,01KFEHAM0SBSN9QYCK4NGJTWCC,2026-01-20T20:43:17.366595263Z,0,2026-01-20T20:43:40.926059651Z,A,2026-01-20T20:43:34.989056503Z,01KFEHAM45R1366856G6A2WGHZ,2026-01-20T20:43:17.366595263Z,01KFEHW1PTS6VD3Q9W69X0CC7S,2026-01-20T20:43:17.366595263Z,01KFEJBBSPQ14SNSC4NACK6855,2026-01-20T20:43:17.366595263Z
01KFEJDR5QK87NWKHHZRBE1ZC4,01KFEHAKK9QMW81MWT2FF1CSZA,2026-01-20T20:44:31.287116201Z,,,,,01KFEHAKM3JNAB6T75AF59R2WG,2026-01-20T20:44:31.287116201Z,01KFEJ4AH2EZ1Y9SR8QRQXF2S0,2026-01-20T20:44:31.287116201Z,01KFEJAM9PGXYACXVJDMYQP4AN,2026-01-20T20:44:31.287116201Z
01KFEFSRHPHP8YMH86QXGVPGZF,01KFEDCAVEZK3QD8ZFC2PP83WE,2026-01-20T19:58:39.158726045Z,10,2026-01-20T19:58:46.988869597Z,B,2026-01-20T19:58:44.232050249Z,01KFEDCAVZJC7DD4AH1B24TEC6,2026-01-20T19:58:39.158726045Z,01KFEFE9N9CHB9632BFKRF4P6F,2026-01-20T19:58:39.158726045Z,01KFEFNGZ25FXTWVFV2YVZGTFY,2026-01-20T19:58:39.158726045Z
01KFEHJTF1FGG1D1ZJ0W4ZVARJ,01KFEHA1W0DBA89GCQ87GA4EG5,2026-01-20T20:29:48.897400698Z,17,2026-01-20T20:29:58.936331971Z,D,2026-01-20T20:29:58.921182627Z,01KFEHA1ZNDEMMB0DK92YAW8BD,2026-01-20T20:29:48.897400698Z,01KFEHAFP87N0FEFRCAHH2V652,2026-01-20T20:29:48.897400698Z,01KFEHHMWTPGGTJE2DD1XCYN30,2026-01-20T20:29:48.897400698Z
01KFEEC5FM8TMS9JM7CPXPJAC3,01KFEDCB0G5KS91T4MD9JTDSA4,2026-01-20T19:33:45.076780414Z,10,2026-01-20T19:33:51.348272164Z,A,2026-01-20T19:33:49.619397825Z,01KFEDCB15BD0TYD7H0V6YZGSZ,2026-01-20T19:33:45.076780414Z,01KFEE07X889KRR9ZR3BVZBWD6,2026-01-20T19:33:45.076780414Z,01KFEE9KKRV4AZK6X2AASARHS8,2026-01-20T19:33:45.076780414Z
01KFEFJMN2DZEK49H8WT1FB2M1,01KFEDCAVEZK3QD8ZFC2PP83WE,2026-01-20T19:54:45.794701683Z,10,2026-01-20T19:54:48.776898397Z,B,2026-01-20T19:54:48.709136581Z,01KFEDCAVXCN1BR0PV518R81QD,2026-01-20T19:54:45.794701683Z,01KFEFAMDQ915GZ68HPFMQXZ9N,2026-01-20T19:54:45.794701683Z,01KFEFE5SY7DH5PZ33DRSJKE5T,2026-01-20T19:54:45.794701683Z
01KFEHHX5Q9VR411XVMFP45N1F,01KFEHA1MRJDJA6FNTED28Z8HF,2026-01-20T20:29:18.903509163Z,10,2026-01-20T20:29:29.01526091Z,B,2026-01-20T20:29:22.817111714Z,01KFEHA1R32D8V3SKQA6BEDXA8,2026-01-20T20:29:18.903509163Z,01KFEHBPM0QM8692M9NW91QBAJ,2026-01-20T20:29:18.903509163Z,01KFEHGC71SPYT94GGTW0199FW,2026-01-20T20:29:18.903509163Z
01KFEHT4J0A2MFC4DM0MK6V4K9,01KFEHA1EJWPRPNCXBTHCF12K2,2026-01-20T20:33:48.608155981Z,0,2026-01-20T20:33:51.348429165Z,C,2026-01-20T20:33:51.310705115Z,01KFEHA1GRK7A014NXTNRF457G,2026-01-20T20:33:48.608155981Z,01KFEHG6C81JZ80FMVPH00AMCG,2026-01-20T20:33:48.608155981Z,01KFEHPVKFK37PKBAAGX3F05FX,2026-01-20T20:33:48.608155981Z
01KFEHZ39PBDWDQRAFN3CAAZF1,01KFEHA1W0DBA89GCQ87GA4EG5,2026-01-20T20:36:31.158957735Z,0,2026-01-20T20:36:38.350652518Z,B,2026-01-20T20:36:38.32326689Z,01KFEHA1Z72TJ9J0QENR016CFN,2026-01-20T20:36:31.158957735Z,01KFEHMDY2YXCAA0WMRPTSEKC9,2026-01-20T20:36:31.158957735Z,01KFEHZ0E4ZE72FYQ3JJQHF2AD,2026-01-20T20:36:31.158957735Z
01KFEHZAKH38B0K5Z2A5CESEVA,01KFEHA1W0DBA89GCQ87GA4EG5,2026-01-20T20:36:38.64165474Z,,,B,2026-01-20T20:36:40.566575038Z,01KFEHA1YZ8ZAAQFH3AAV34XZC,2026-01-20T20:36:38.64165474Z,01KFEHGGXHDDWTZD1ZDVCQBBCE,2026-01-20T20:36:38.64165474Z,01KFEHRCPERM9WANGA9NNME03D,2026-01-20T20:36:38.64165474Z
01KFEJB3110YH5A9CHYZP7S8DV,01KFEHA20TFYVSSENV0N2723W5,2026-01-20T20:43:04.097832867Z,20,2026-01-20T20:43:05.995638223Z,B,2026-01-20T20:43:05.959379592Z,01KFEHA25S6PYJD4DSX1VJG5FE,2026-01-20T20:43:04.097832867Z,01KFEHKBVRWD07VXT4ZKHQQAA6,2026-01-20T20:43:04.097832867Z,01KFEJ3HSC705RFRND7SVVWC4J,2026-01-20T20:43:04.097832867Z
01KFEEDM7NQZTT1HWDS5EDRMSR,01KFEDCB7P38BTZ4ACVDP6P0XN,2026-01-20T19:34:32.949462338Z,19,2026-01-20T19:34:44.975530098Z,C,2026-01-20T19:34:36.381156215Z,01KFEDCB85NRAF0XG25ABR62N5,2026-01-20T19:34:32.949462338Z,01KFEE7Q9A8CN1TS35QENG1JN7,2026-01-20T19:34:32.949462338Z,01KFEEC6Q1DRF5XWNJNKV6NWEH,2026-01-20T19:34:32.949462338Z
01KFEHHB1KX3KCDQXJNVG8HPF5,01KFEDC9EK94N2WNCHE5RRQHCJ,2026-01-20T20:29:00.339139923Z,0,2026-01-20T20:29:13.338125137Z,D,2026-01-20T20:29:05.549122041Z,01KFEDC9FGZ2QQQ39YDAAVXSM4,2026-01-20T20:29:00.339139923Z,01KFEHAQ9EZXF31DRKMHESX77N,2026-01-20T20:29:00.339139923Z,01KFEHF2V4MSRWASEMCJ4Y9B3R,2026-01-20T20:29:00.339139923Z
01KFEJY4T171CAEABR3EG29SCB,01KFEHAM72H3ZNN8G0T2BCT79K,2026-01-20T20:53:28.513390475Z,,,,,01KFEHAMB21FYRXZN71VHCADQA,2026-01-20T20:53:28.513390475Z,01KFEJA6ZV4RH275A9Q04XR97K,2026-01-20T20:53:28.513390475Z,01KFEJQTTHZQPH5H0179QZVE9G,2026-01-20T20:53:28.513390475Z
01KFEK37PV4FM86ZGD14RFF4K3,01KFEJ5C7H3Z5SGPPT0TCGAEB2,2026-01-20T20:56:15.323232956Z,19,2026-01-20T20:56:18.459989516Z,C,2026-01-20T20:56:18.381383968Z,01KFEJ5C9822567XDA8A9QG0G3,2026-01-20T20:56:15.323232956Z,01KFEJRM0CNFF8YTKCA6JC16CE,2026-01-20T20:56:15.323232956Z,01KFEK0Q9NTG966JRYW4CWNDW7,2026-01-20T20:56:15.323232956Z
01KFEEJV3HYJTCMQAC9QBW1QDY,01KFEDCCAW3ZY6KSKNHTKZ971F,2026-01-20T19:37:23.826024271Z,10,2026-01-20T19:37:32.595080481Z,B,2026-01-20T19:37:31.021416256Z,01KFEDCCBDJ82W4YK2PN7VDTAX,2026-01-20T19:37:23.826024271Z,01KFEE85J92QXNE2691FZPHW2Z,2026-01-20T19:37:23.826024271Z,01KFEEE809G09HS720QEE49ZNY,2026-01-20T19:37:23.826024271Z
01KFEJXH7TR06MN4PCJAXNY7S5,01KFEJ5E832Q64ZNG3ZKPXGHJ5,2026-01-20T20:53:08.474812373Z,10,2026-01-20T20:53:18.017530442Z,B,2026-01-20T20:53:15.240760399Z,01KFEJ5EA7VXFPKNKHCS7D0Y4Z,2026-01-20T20:53:08.474812373Z,01KFEJKEAF3XNAWTVE8VCNKJXS,2026-01-20T20:53:08.474812373Z,01KFEJW1WBG2DV33TWKD7CBBHG,2026-01-20T20:53:08.474812373Z
01KFEHYMNHWM671HWBSEQ6SYXF,01KFEHA1EJWPRPNCXBTHCF12K2,2026-01-20T20:36:16.177102426Z,10,2026-01-20T20:36:32.289097933Z,B,2026-01-20T20:36:32.182974568Z,01KFEHA1GRK7A014NXTNRF457G,2026-01-20T20:36:16.177102426Z,01KFEHFSGA9RW2KQK679GQ5Q17,2026-01-20T20:36:16.177102426Z,01KFEHPVNAV2XWMVPDQM4D4PW5,2026-01-20T20:36:16.177102426Z
01KFEJFMK5MVPR6DSGCAFTYRXH,01KFEHAM0SBSN9QYCK4NGJTWCC,2026-01-20T20:45:33.157806408Z,20,2026-01-20T20:45:49.950061126Z,A,2026-01-20T20:45:49.892621565Z,01KFEHAM45R1366856G6A2WGHZ,2026-01-20T20:45:33.157806408Z,01KFEHYH6DP091MJE3KD0CRNR1,2026-01-20T20:45:33.157806408Z,01KFEJBBPTWMCDWC3WVH6FAGX9,2026-01-20T20:45:33.157806408Z
01KFEK6CMK8FMNZ38EWYQCF48V,01KFEJ5C7H3Z5SGPPT0TCGAEB2,2026-01-20T20:57:58.675064924Z,10,2026-01-20T20:58:07.23499108Z,B,2026-01-20T20:58:03.06138214Z,01KFEJ5C9822567XDA8A9QG0G3,2026-01-20T20:57:58.675064924Z,01KFEJTATNKXCTW38TD0J18TFE,2026-01-20T20:57:58.675064924Z,01KFEK0Q4DNBTNG0DNTWP8EMSZ,2026-01-20T20:57:58.675064924Z
01KFEHKW93ERYQBR034C20K6Q7,01KFEHA1EJWPRPNCXBTHCF12K2,2026-01-20T20:30:23.523791717Z,17,2026-01-20T20:30:25.082679332Z,D,2026-01-20T20:30:24.888551945Z,01KFEHA1GK3DQ7TRWFWA7J267H,2026-01-20T20:30:23.523791717Z,01KFEHC1N15W3XF2S9JNREZ5AJ,2026-01-20T20:30:23.523791717Z,01KFEHFC2EM9MNV0G9BXM12NJA,2026-01-20T20:30:23.523791717Z
01KFEHV0WZJ8AXH32SQG5G9BPM,01KFEHA1MRJDJA6FNTED28Z8HF,2026-01-20T20:34:17.63115812Z,10,2026-01-20T20:34:21.45702231Z,B,2026-01-20T20:34:21.267337489Z,01KFEHA1QDYX27N1S60Z95NKD9,2026-01-20T20:34:17.63115812Z,01KFEHF7572SXHJWAG2WR57G7K,2026-01-20T20:34:17.63115812Z,01KFEHQRZF4PNS0DSGWRK08YNQ,2026-01-20T20:34:17.63115812Z
01KFEJSG6WHC1P510DEAMDEFAM,01KFEHAKWNS08RQENHQ36ND5GA,2026-01-20T20:50:56.3490018Z,10,2026-01-20T20:51:16.544392874Z,A,2026-01-20T20:51:16.482877377Z,01KFEHAKXJ10EJRCGF487MPEAV,2026-01-20T20:50:56.3490018Z,01KFEJABGC6P623T7A5G0Q33VP,2026-01-20T20:50:56.3490018Z,01KFEJJPR3G6CDNT14A1YKPXB4,2026-01-20T20:50:56.3490018Z
01KFEJZBB409DMS701Y5YP5X0X,01KFEJ5DKDD8ED3R70AXWWV7TA,2026-01-20T20:54:07.97233107Z,29,2026-01-20T20:54:09.988371834Z,C,2026-01-20T20:54:09.837943477Z,01KFEJ5DPFFD934S0E2GQ1B9RR,2026-01-20T20:54:07.97233107Z,01KFEJJ4V0E3E83F88J6MK6KAW,2026-01-20T20:54:07.97233107Z,01KFEJVCYQJMW9GEYXZ69PX0S7,2026-01-20T20:54:07.97233107Z
01KFEHKWR909370MT02BHF5ZFX,01KFEHA20TFYVSSENV0N2723W5,2026-01-20T20:30:24.009577956Z,20,2026-01-20T20:30:29.91876289Z,A,2026-01-20T20:30:25.078636219Z,01KFEHA25NESP3C46R1STZWY67,2026-01-20T20:30:24.009577956Z,01KFEHE6NX6FXVRTV1KPH8TKWC,2026-01-20T20:30:24.009577956Z,01KFEHHR5P9Q04BZGGWQ0DE00Y,2026-01-20T20:30:24.009577956Z
01KFEHWXC3GSNBHBXJ4N8HWJSE,01KFEHA1MRJDJA6FNTED28Z8HF,2026-01-20T20:35:19.555264854Z,10,2026-01-20T20:35:24.572326011Z,B,2026-01-20T20:35:24.472323076Z,01KFEHA1QDYX27N1S60Z95NKD9,2026-01-20T20:35:19.555264854Z,01KFEHF7572SXHJWAG2WR57G7K,2026-01-20T20:35:19.555264854Z,01KFEHQRYF4NW9W6C88K8WZ7AH,2026-01-20T20:35:19.555264854Z
01KFEJ33CGA036FNRWP70K4H77,01KFEHA1W0DBA89GCQ87GA4EG5,2026-01-20T20:38:42.320865865Z,0,2026-01-20T20:38:47.620583128Z,A,2026-01-20T20:38:47.591763977Z,01KFEHA1Z72TJ9J0QENR016CFN,2026-01-20T20:38:42.320865865Z,01KFEHVQ5CHDKKYBKKZ5GXNMKV,2026-01-20T20:38:42.320865865Z,01KFEHZ0HHECJHPSC6DB5NZKYZ,2026-01-20T20:38:42.320865865Z
01KFEJ61X68XRCS7K99HBWFPK4,01KFEHA20TFYVSSENV0N2723W5,2026-01-20T20:40:19.110395717Z,20,2026-01-20T20:40:57.952528386Z,A,2026-01-20T20:40:57.906503131Z,01KFEHA25S6PYJD4DSX1VJG5FE,2026-01-20T20:40:19.110395717Z,01KFEHWFN7B5ZY9MX1Q0P1B17R,2026-01-20T20:40:19.110395717Z,01KFEJ3HPKCNRE1VBVARDTQWG0,2026-01-20T20:40:19.110395717Z
01KFEERK5DZTFR1Q6CDWN4P1E6,01KFEDCCH0VMFH7P25F40PD43N,2026-01-20T19:40:32.301466776Z,0,2026-01-20T19:40:44.308513029Z,A,2026-01-20T19:40:41.712748165Z,01KFEDCCHJADFRJT5F5VJ9ST9F,2026-01-20T19:40:32.301466776Z,01KFEEKE9WXRZWBRXYDQ5J10WV,2026-01-20T19:40:32.301466776Z,01KFEERHRS73K41K3YZPWJHWZ2,2026-01-20T19:40:32.301466776Z
01KFEHGE528564W0D5TRZM3EK1,01KFEHA1MRJDJA6FNTED28Z8HF,2026-01-20T20:28:30.755009288Z,0,2026-01-20T20:28:38.394719523Z,C,2026-01-20T20:28:33.07607939Z,01KFEHA1R32D8V3SKQA6BEDXA8,2026-01-20T20:28:30.755009288Z,01KFEHBPM0QM8692M9NW91QBAJ,2026-01-20T20:28:30.755009288Z,01KFEHGC6TPD7V98256YMX8QF8,2026-01-20T20:28:30.755009288Z
01KFEJQ1NPXE8ZHB5C3MBX1H4X,01KFEHAM72H3ZNN8G0T2BCT79K,2026-01-20T20:49:35.926430083Z,29,2026-01-20T20:50:48.591336941Z,C,2026-01-20T20:50:13.364391266Z,01KFEHAMATV7GY0NQF17M2P0MD,2026-01-20T20:49:35.926430083Z,01KFEJ5D2KZA6HXFGKH7XFG11W,2026-01-20T20:49:35.926430083Z,01KFEJMAVYCV7MB06H90WBN1Y9,2026-01-20T20:49:35.926430083Z
01KFEJXH8B3YZ71HG45EJTHMT9,01KFEJ5E832Q64ZNG3ZKPXGHJ5,2026-01-20T20:53:08.491483436Z,19,2026-01-20T20:53:18.017530442Z,C,2026-01-20T20:53:17.961730256Z,01KFEJ5EA7VXFPKNKHCS7D0Y4Z,2026-01-20T20:53:08.491483436Z,01KFEJNVB651FPQEK7J4Z5SF1P,2026-01-20T20:53:08.491483436Z,01KFEJW1WBG2DV33TWKD7CBBHG,2026-01-20T20:53:08.491483436Z
01KFEJYBSRTA3ZSGKQZBTZ1KSA,01KFEJ5C7H3Z5SGPPT0TCGAEB2,2026-01-20T20:53:35.672611899Z,0,2026-01-20T20:53:44.780213063Z,C,2026-01-20T20:53:41.602383642Z,01KFEJ5C9TA7ZE3V3TA0C9309P,2026-01-20T20:53:35.672611899Z,01KFEJDWT7HF2D6BRNBHS3X5TT,2026-01-20T20:53:35.672611899Z,01KFEJRA3GYHRM684ZP8GEBYVE,2026-01-20T20:53:35.672611899Z
01KFEJZATW55EC723X5V7ATK35,01KFEJ5C7H3Z5SGPPT0TCGAEB2,2026-01-20T20:54:07.45278171Z,,,,,01KFEJ5C9TA7ZE3V3TA0C9309P,2026-01-20T20:54:07.45278171Z,01KFEJC8857TJ96A66VP2R9ZC5,2026-01-20T20:54:07.45278171Z,01KFEJRA4XP9GPVZ7H9MEMP56Q,2026-01-20T20:54:07.45278171Z
01KFEEHH34HZ7S3JC89T05S039,01KFEDCB7P38BTZ4ACVDP6P0XN,2026-01-20T19:36:40.804460128Z,,,B,2026-01-20T19:36:55.226027011Z,01KFEDCB86CRTSSJ6JG7B2HS7E,2026-01-20T19:36:40.804460128Z,01KFEEAKQ26V230SQ8GVG5YN0S,2026-01-20T19:36:40.804460128Z,01KFEEHFSGFWDRVK73QPA38B48,2026-01-20T19:36:40.804460128Z
01KFEHT7FQ9ZSV1YQ2KF6G0E99,01KFEHA1MRJDJA6FNTED28Z8HF,2026-01-20T20:33:51.607963245Z,20,2026-01-20T20:33:53.564122883Z,A,2026-01-20T20:33:53.533691107Z,01KFEHA1QMX5DYGHPSSSP2RXXX,2026-01-20T20:33:51.607963245Z,01KFEHJFJ1SMX3RCX9M0MFWVF6,2026-01-20T20:33:51.607963245Z,01KFEHR2Z9A4YZ9ZH81CZD14VX,2026-01-20T20:33:51.607963245Z
01KFEJYV2EP31PNYHJY4Y9MXAE,01KFEJ5C7H3Z5SGPPT0TCGAEB2,2026-01-20T20:53:51.310184433Z,19,2026-01-20T20:53:56.30322149Z,C,2026-01-20T20:53:55.559788705Z,01KFEJ5C9TA7ZE3V3TA0C9309P,2026-01-20T20:53:51.310184433Z,01KFEJDWT7HF2D6BRNBHS3X5TT,2026-01-20T20:53:51.310184433Z,01KFEJRA46QE8K88KKG86GSXRD,2026-01-20T20:53:51.310184433Z
01KFEK8FQN6W074GY6WVSEV7RT,01KFEJ5CPJ5RGARFNN6Z0PCT4Q,2026-01-20T20:59:07.381342885Z,,,A,2026-01-20T20:59:22.750696448Z,01KFEJ5CS2BBW0C98ZJ5JAS2PG,2026-01-20T20:59:07.381342885Z,01KFEJS85WAAEA7MSWYWZJBYS0,2026-01-20T20:59:07.381342885Z,01KFEK3MPMFZZ2ASKKZ0DGNWNS,2026-01-20T20:59:07.381342885Z
01KFEJVC8EWDFTTQQYFM78SN7K,01KFEHAM72H3ZNN8G0T2BCT79K,2026-01-20T20:51:57.839013768Z,19,2026-01-20T20:52:12.480618318Z,C,2026-01-20T20:52:12.411217122Z,01KFEHAMB65F4EHHS2KPJ10RVS,2026-01-20T20:51:57.839013768Z,01KFEJNG8YCH1FAXWRKPFJRC2F,2026-01-20T20:51:57.839013768Z,01KFEJV6RX56RY4NEWNV6XRCY2,2026-01-20T20:51:57.839013768Z
01KFEJWR66J03N8059HK7ZD459,01KFEHAM72H3ZNN8G0T2BCT79K,2026-01-20T20:52:42.822369201Z,17,2026-01-20T20:52:58.830539659Z,D,2026-01-20T20:52:51.4433876Z,01KFEHAMB65F4EHHS2KPJ10RVS,2026-01-20T20:52:42.822369201Z,01KFEJNG8YCH1FAXWRKPFJRC2F,2026-01-20T20:52:42.822369201Z,01KFEJV6V50YKVA42W2E45H3S6,2026-01-20T20:52:42.822369201Z
01KFEEE8PVB04XPT104W0QCF2E,01KFEDCCAW3ZY6KSKNHTKZ971F,2026-01-20T19:34:53.915927711Z,0,2026-01-20T19:35:04.145995961Z,B,2026-01-20T19:35:04.13104875Z,01KFEDCCBDJ82W4YK2PN7VDTAX,2026-01-20T19:34:53.915927711Z,01KFEE6KZQR5PP1P0PS1XNKJRD,2026-01-20T19:34:53.915927711Z,01KFEEE800PMMNJZHVHRN1YZYN,2026-01-20T19:34:53.915927711Z
01KFEHN7K0R6YTAX2E37DM63GG,01KFEHA1W0DBA89GCQ87GA4EG5,2026-01-20T20:31:07.872927317Z,29,2026-01-20T20:31:09.222377362Z,C,2026-01-20T20:31:09.201057636Z,01KFEHA1ZNDEMMB0DK92YAW8BD,2026-01-20T20:31:07.872927317Z,01KFEHEBSJCV2WCY6FBMMN65A3,2026-01-20T20:31:07.872927317Z,01KFEHHMXZHHDJDR51Q15SHPK8,2026-01-20T20:31:07.872927317Z
01KFEJ61MY2HN8ET5E45BKHZ9W,01KFEHAKWNS08RQENHQ36ND5GA,2026-01-20T20:40:18.846785115Z,,,,,01KFEHAKXN2MEYZPYFWGXWQ2JK,2026-01-20T20:40:18.846785115Z,01KFEHSDWNCGRCD5Y48JA1R1CC,2026-01-20T20:40:18.846785115Z,01KFEJ5XXGE9HE9YQ1VXQ5YJ24,2026-01-20T20:40:18.846785115Z
01KFEJ9C21XZS137V5Z3K83B1W,01KFEHAKK9QMW81MWT2FF1CSZA,2026-01-20T20:42:07.809464952Z,19,2026-01-20T20:42:18.033607684Z,C,2026-01-20T20:42:17.98499289Z,01KFEHAKMDAJRN7M0QA4VDJCGY,2026-01-20T20:42:07.809464952Z,01KFEHW86W3STHQPDAT1BP1CXX,2026-01-20T20:42:07.809464952Z,01KFEJ2SJTRZFYTAXMXEE66TEH,2026-01-20T20:42:07.809464952Z
01KFEJAJZGZ6TEF4XVZXM49QHG,01KFEHA20TFYVSSENV0N2723W5,2026-01-20T20:42:47.664335994Z,20,2026-01-20T20:42:52.897661985Z,B,2026-01-20T20:42:50.410952425Z,01KFEHA25S6PYJD4DSX1VJG5FE,2026-01-20T20:42:47.664335994Z,01KFEHKBVRWD07VXT4ZKHQQAA6,2026-01-20T20:42:47.664335994Z,01KFEJ3HRPDV4G6447T3WN0HTA,2026-01-20T20:42:47.664335994Z
01KFEJJBEC5XGK8HYF9BQWMTTX,01KFEHAKWNS08RQENHQ36ND5GA,2026-01-20T20:47:02.092726697Z,0,2026-01-20T20:47:08.333335377Z,C,2026-01-20T20:47:08.276222031Z,01KFEHAKXZ2D55CPVCZM6D4RJ0,2026-01-20T20:47:02.092726697Z,01KFEJ662NZ8QDF6V5FK0QSJHC,2026-01-20T20:47:02.092726697Z,01KFEJCPXJYPRE6XR453P2SN20,2026-01-20T20:47:02.092726697Z
01KFEE6BT9HN5RV9NCDXDB7SF0,01KFEDCB0G5KS91T4MD9JTDSA4,2026-01-20T19:30:34.953807228Z,10,2026-01-20T19:30:37.763239816Z,B,2026-01-20T19:30:37.749894579Z,01KFEDCB197E7YMN5STVXKHS22,2026-01-20T19:30:34.953807228Z,01KFEDZFSW9KBCS8VJN8KBS8T4,2026-01-20T19:30:34.953807228Z,01KFEE2FC0NCXNN30B8EHW3QHJ,2026-01-20T19:30:34.953807228Z
01KFEEC7KP2JC618788RFPHC7N,01KFEDCB7P38BTZ4ACVDP6P0XN,2026-01-20T19:33:47.254080339Z,0,2026-01-20T19:34:04.728620637Z,B,2026-01-20T19:34:04.712229836Z,01KFEDCB85NRAF0XG25ABR62N5,2026-01-20T19:33:47.254080339Z,01KFEE2GDYZKFQF2HSAA1FMRTA,2026-01-20T19:33:47.254080339Z,01KFEEC6QF72QRVRP9AEDYXFD7,2026-01-20T19:33:47.254080339Z
01KFEK7VDQK7RYWJA4NCSG9T8G,01KFEJ5D47V2DPV4P7KW69CWA7,2026-01-20T20:58:46.583814098Z,10,2026-01-20T20:58:54.987327541Z,B,2026-01-20T20:58:54.912523324Z,01KFEJ5D6ESPGXB2FQ6BSGAH02,2026-01-20T20:58:46.583814098Z,01KFEJZ4MXMGT7X38D04KZSZNE,2026-01-20T20:58:46.583814098Z,01KFEK7N9TM4JKPAV7QKVBR92S,2026-01-20T20:58:46.583814098Z
01KFEJW7PNDQW6DNSZJGH7D80N,01KFEJ5E832Q64ZNG3ZKPXGHJ5,2026-01-20T20:52:25.941324713Z,0,2026-01-20T20:52:38.126050997Z,C,2026-01-20T20:52:38.050979625Z,01KFEJ5EA7VXFPKNKHCS7D0Y4Z,2026-01-20T20:52:25.941324713Z,01KFEJKEAF3XNAWTVE8VCNKJXS,2026-01-20T20:52:25.941324713Z,01KFEJW24XGXNG6VA0CHDB12NC,2026-01-20T20:52:25.941324713Z
01KFEJXF06EMSEXSTS71HDGJSS,01KFEJ5DKDD8ED3R70AXWWV7TA,2026-01-20T20:53:06.182320918Z,0,2026-01-20T20:53:10.384345534Z,C,2026-01-20T20:53:07.852751355Z,01KFEJ5DPFFD934S0E2GQ1B9RR,2026-01-20T20:53:06.182320918Z,01KFEJPRKV9117XEB7P0YJ5NT5,2026-01-20T20:53:06.182320918Z,01KFEJVCRS7JX6GZQA5PQ0KYQ0,2026-01-20T20:53:06.182320918Z
01KFEJYZM80NNHTFT3D5CWQZY7,01KFEJ5CPJ5RGARFNN6Z0PCT4Q,2026-01-20T20:53:55.976045632Z,19,2026-01-20T20:54:06.424519356Z,C,2026-01-20T20:54:05.559724803Z,01KFEJ5CRSNMMQKHYMFD35850B,2026-01-20T20:53:55.976045632Z,01KFEJD683V7BW0EC67T5B9T0M,2026-01-20T20:53:55.976045632Z,01KFEJRTPS4Z2J9FWZ8H2CQAAV,2026-01-20T20:53:55.976045632Z
01KFEK84Y2CKP1T72J7PC1VCNM,01KFEJ5CPJ5RGARFNN6Z0PCT4Q,2026-01-20T20:58:56.322571995Z,10,2026-01-20T20:58:58.042395382Z,B,2026-01-20T20:58:57.984550914Z,01KFEJ5CR34Y85488XX0EC4SX7,2026-01-20T20:58:56.322571995Z,01KFEK2CHZEQKJXR4MCNPDS01E,2026-01-20T20:58:56.322571995Z,01KFEK6EBGMQS2FZDG4VV384RN,2026-01-20T20:58:56.322571995Z
01KFEDY77XM2W3AB5SJ6FRENHK,01KFEDCB0G5KS91T4MD9JTDSA4,2026-01-20T19:26:08.125042704Z,,,B,2026-01-20T19:26:16.20021553Z,01KFEDCB0ZXMACCYEFCBJD6NZ9,2026-01-20T19:26:08.125042704Z,01KFEDMPKP5XR7HG912M9B0SR6,2026-01-20T19:26:08.125042704Z,01KFEDY698Y5T33KW5REW0AB6B,2026-01-20T19:26:08.125042704Z
01KFEHJJGJSFV48CRJRRMG5JWB,01KFEHA1W0DBA89GCQ87GA4EG5,2026-01-20T20:29:40.754738683Z,10,2026-01-20T20:29:44.721716127Z,B,2026-01-20T20:29:43.610051246Z,01KFEHA1ZNDEMMB0DK92YAW8BD,2026-01-20T20:29:40.754738683Z,01KFEHAFP87N0FEFRCAHH2V652,2026-01-20T20:29:40.754738683Z,01KFEHHMVQ06X8AGYV0PYFPA6H,2026-01-20T20:29:40.754738683Z
01KFEFT5QQR026T83KZNZ64QXY,01KFEDCAVEZK3QD8ZFC2PP83WE,2026-01-20T19:58:52.663198563Z,19,2026-01-20T19:58:58.694344277Z,C,2026-01-20T19:58:54.165632674Z,01KFEDCAVZJC7DD4AH1B24TEC6,2026-01-20T19:58:52.663198563Z,01KFEFE9N9CHB9632BFKRF4P6F,2026-01-20T19:58:52.663198563Z,01KFEFNH028B44SW7SRX7PBQ0X,2026-01-20T19:58:52.663198563Z
01KFEJBYX6MEBFDJ792FR8WGGV,01KFEHAKK9QMW81MWT2FF1CSZA,2026-01-20T20:43:32.646648702Z,19,2026-01-20T20:43:41.896739761Z,C,2026-01-20T20:43:41.841478419Z,01KFEHAKM3JNAB6T75AF59R2WG,2026-01-20T20:43:32.646648702Z,01KFEJ4834YW0GPY6X44GM9D52,2026-01-20T20:43:32.646648702Z,01KFEJAM8W5GTQGG1VNVVPW5PM,2026-01-20T20:43:32.646648702Z
01KFEJPVE2VRGQ9EW5AA7NPBVJ,01KFEHAM0SBSN9QYCK4NGJTWCC,2026-01-20T20:49:29.538783103Z,7,2026-01-20T20:49:52.367834133Z,D,2026-01-20T20:49:37.638765884Z,01KFEHAM4AZFDTAG8DR1VA4141,2026-01-20T20:49:29.538783103Z,01KFEJFMC7CFQF46Z46BV1EM1Q,2026-01-20T20:49:29.538783103Z,01KFEJMJXQJDQBZGTEJYJXP6BH,2026-01-20T20:49:29.538783103Z
01KFEEJ6J5M3NJ1KRNCRQNR5C1,01KFEDCB7P38BTZ4ACVDP6P0XN,2026-01-20T19:37:02.789186806Z,20,2026-01-20T19:37:07.853502952Z,A,2026-01-20T19:37:07.838814516Z,01KFEDCB85NRAF0XG25ABR62N5,2026-01-20T19:37:02.789186806Z,01KFEE2GDYZKFQF2HSAA1FMRTA,2026-01-20T19:37:02.789186806Z,01KFEEC6QAYQ8FTT1983XKTPWR,2026-01-20T19:37:02.789186806Z
01KFEFPY9JGS7E7PXZMVH660WN,01KFEDCAVEZK3QD8ZFC2PP83WE,2026-01-20T19:57:06.738421459Z,10,2026-01-20T19:57:23.068721264Z,B,2026-01-20T19:57:09.817422086Z,01KFEDCAVZJC7DD4AH1B24TEC6,2026-01-20T19:57:06.738421459Z,01KFEFE9N9CHB9632BFKRF4P6F,2026-01-20T19:57:06.738421459Z,01KFEFNH0JD152MDY1HAN1BFCQ,2026-01-20T19:57:06.738421459Z
01KFEJK1SB90M4495QA5FYS5HS,01KFEHAKK9QMW81MWT2FF1CSZA,2026-01-20T20:47:24.971792274Z,0,2026-01-20T20:47:29.860992128Z,A,2026-01-20T20:47:28.406406845Z,01KFEHAKMHNYFE3MQRK8FHXJ0Z,2026-01-20T20:47:24.971792274Z,01KFEJB2W6BH18AH4P7SQHZV0H,2026-01-20T20:47:24.971792274Z,01KFEJH2V4490Y34XSR9558QRB,2026-01-20T20:47:24.971792274Z
01KFEJKS04E59GGJVR6S56221R,01KFEHAM0SBSN9QYCK4NGJTWCC,2026-01-20T20:47:48.740193099Z,19,2026-01-20T20:47:51.857415059Z,C,2026-01-20T20:47:51.613637486Z,01KFEHAM3ZX2QFEZ4F28QFW79D,2026-01-20T20:47:48.740193099Z,01KFEJ9883X77HA7T3SDA1VF8F,2026-01-20T20:47:48.740193099Z,01KFEJDCTYTRC0AHW9GD9PYA41,2026-01-20T20:47:48.740193099Z
01KFEFQMS4AS928AWEZXZF0WRD,01KFEDCAVEZK3QD8ZFC2PP83WE,2026-01-20T19:57:29.764901806Z,10,2026-01-20T19:57:38.125082625Z,B,2026-01-20T19:57:38.099341673Z,01KFEDCAVZJC7DD4AH1B24TEC6,2026-01-20T19:57:29.764901806Z,01KFEFG8GX8B9102EGAWCJ2ZB0,2026-01-20T19:57:29.764901806Z,01KFEFNH0FTZQWZK4XE6D1QY20,2026-01-20T19:57:29.764901806Z
01KFEHZKR2W5WN1M15EDA574TP,01KFEHA1W0DBA89GCQ87GA4EG5,2026-01-20T20:36:48.002773896Z,0,2026-01-20T20:36:55.516288104Z,C,2026-01-20T20:36:55.486885353Z,01KFEHA1ZSVYK8DGYZZSV53FQM,2026-01-20T20:36:48.002773896Z,01KFEHKWX6S3CRVA3YVBJBPSWT,2026-01-20T20:36:48.002773896Z,01KFEHWYV8HPKZZ6EXCMY9NHA5,2026-01-20T20:36:48.002773896Z
01KFEJK863H9YCHQTB8R3GCRXD,01KFEHAM0SBSN9QYCK4NGJTWCC,2026-01-20T20:47:31.523910663Z,10,2026-01-20T20:47:35.781225084Z,B,2026-01-20T20:47:33.829733868Z,01KFEHAM3ZX2QFEZ4F28QFW79D,2026-01-20T20:47:31.523910663Z,01KFEJ99258GDSZYNA4N0ER3PR,2026-01-20T20:47:31.523910663Z,01KFEJDCT21RSTZVN86PQ9B0RY,2026-01-20T20:47:31.523910663Z
01KFEJPGJP4DBQ9ASDM80H1E5D,01KFEHAKWNS08RQENHQ36ND5GA,2026-01-20T20:49:18.42233336Z,20,2026-01-20T20:49:24.253951866Z,B,2026-01-20T20:49:22.273868321Z,01KFEHAKXJ10EJRCGF487MPEAV,2026-01-20T20:49:18.42233336Z,01KFEJDH8B1YH8ZGFS5HMW6SF6,2026-01-20T20:49:18.42233336Z,01KFEJJPQNV6746NPW4MSQV671,2026-01-20T20:49:18.42233336Z
01KFEE73YCNJT50V5Q2ZRXYWR8,01KFEDCB7P38BTZ4ACVDP6P0XN,2026-01-20T19:30:59.660998782Z,0,2026-01-20T19:31:13.444912206Z,B,2026-01-20T19:31:05.540321235Z,01KFEDCB82NKQJQB7S8M7PN58J,2026-01-20T19:30:59.660998782Z,01KFEDSTNN3ERYKBDCSQPQ5BTJ,2026-01-20T19:30:59.660998782Z,01KFEE72RH5F56PD6E88RZVK3C,2026-01-20T19:30:59.660998782Z
01KFEJEN4VXY15K7Y2Y5PX67EB,01KFEHAM0SBSN9QYCK4NGJTWCC,2026-01-20T20:45:00.955679378Z,0,2026-01-20T20:45:04.98278985Z,A,2026-01-20T20:45:03.123775531Z,01KFEHAM3ZX2QFEZ4F28QFW79D,2026-01-20T20:45:00.955679378Z,01KFEJ99258GDSZYNA4N0ER3PR,2026-01-20T20:45:00.955679378Z,01KFEJDCP17X3MJFAW75P0MHZ5,2026-01-20T20:45:00.955679378Z
01KFEFRM10JEBHT8TPPXFB1PN5,01KFEDCAVEZK3QD8ZFC2PP83WE,2026-01-20T19:58:01.760469745Z,19,2026-01-20T19:58:10.098696951Z,C,2026-01-20T19:58:03.240847906Z,01KFEDCAVZJC7DD4AH1B24TEC6,2026-01-20T19:58:01.760469745Z,01KFEFE9N9CHB9632BFKRF4P6F,2026-01-20T19:58:01.760469745Z,01KFEFNH07BKKVP678QXTHEHF8,2026-01-20T19:58:01.760469745Z
01KFEFVR9BPDSJBM46TYKHVHDW,01KFEDCAVEZK3QD8ZFC2PP83WE,2026-01-20T19:59:44.427947575Z,20,2026-01-20T19:59:52.641405294Z,A,2026-01-20T19:59:46.52858203Z,01KFEDCAVZJC7DD4AH1B24TEC6,2026-01-20T19:59:44.427947575Z,01KFEFE9N9CHB9632BFKRF4P6F,2026-01-20T19:59:44.427947575Z,01KFEFNGZJVF9K4QR5AFNHF7ST,2026-01-20T19:59:44.427947575Z
01KFEJ2WYX7EMQX3490SBSZCVR,01KFEHA1W0DBA89GCQ87GA4EG5,2026-01-20T20:38:35.741903902Z,19,2026-01-20T20:38:40.344938199Z,C,2026-01-20T20:38:40.312501249Z,01KFEHA1Z72TJ9J0QENR016CFN,2026-01-20T20:38:35.741903902Z,01KFEHVQ5CHDKKYBKKZ5GXNMKV,2026-01-20T20:38:35.741903902Z,01KFEHZ0H8ZJSFTB0HXTXSM2AV,2026-01-20T20:38:35.741903902Z
01KFEJKK6G5AYGKA5ZPXHNVZFH,01KFEHAM0SBSN9QYCK4NGJTWCC,2026-01-20T20:47:42.800810402Z,19,2026-01-20T20:47:45.983213774Z,C,2026-01-20T20:47:45.924634839Z,01KFEHAM3ZX2QFEZ4F28QFW79D,2026-01-20T20:47:42.800810402Z,01KFEJ9883X77HA7T3SDA1VF8F,2026-01-20T20:47:42.800810402Z,01KFEJDCTH4JGCYH9RGWVECJBE,2026-01-20T20:47:42.800810402Z
01KFEDX7MMNBD93HF3R27Z342A,01KFEDCC1ZHDDN3CP9JWF4PGTF,2026-01-20T19:25:35.764275793Z,29,2026-01-20T19:25:40.940230105Z,C,2026-01-20T19:25:40.924225079Z,01KFEDCC2JDADMPT5RVZQ93BA8,2026-01-20T19:25:35.764275793Z,01KFEDNRR64JDCJYA79FBRE8X8,2026-01-20T19:25:35.764275793Z,01KFEDVKB6NWPBC6FNEZVG1P5X,2026-01-20T19:25:35.764275793Z
01KFEFP2SFG42WPR36VHTGE58W,01KFEDC9EK94N2WNCHE5RRQHCJ,2026-01-20T19:56:38.575930258Z,7,2026-01-20T19:56:41.149742374Z,D,2026-01-20T19:56:40.802062929Z,01KFEDC9FF7T49EPA99GZDGH84,2026-01-20T19:56:38.575930258Z,01KFEFBN24Q9S7DG3606EXV8XC,2026-01-20T19:56:38.575930258Z,01KFEFG2R576EAWM9AY8VB2XCE,2026-01-20T19:56:38.575930258Z
01KFEK12F0828D85D3ZQR2MTKV,01KFEJ5CPJ5RGARFNN6Z0PCT4Q,2026-01-20T20:55:04.416867501Z,17,2026-01-20T20:55:11.357642271Z,D,2026-01-20T20:55:11.286958963Z,01KFEJ5CRSNMMQKHYMFD35850B,2026-01-20T20:55:04.416867501Z,01KFEJD683V7BW0EC67T5B9T0M,2026-01-20T20:55:04.416867501Z,01KFEJRTQYW2KVEWPM2EV8H4F0,2026-01-20T20:55:04.416867501Z
01KFEHN43J8V24MFP54FM2R0VF,01KFEHA20TFYVSSENV0N2723W5,2026-01-20T20:31:04.306654165Z,20,2026-01-20T20:31:05.599856634Z,A,2026-01-20T20:31:05.51323486Z,01KFEHA25NESP3C46R1STZWY67,2026-01-20T20:31:04.306654165Z,01KFEHE6NX6FXVRTV1KPH8TKWC,2026-01-20T20:31:04.306654165Z,01KFEHHR4M8NDSM9XKKWG992R5,2026-01-20T20:31:04.306654165Z
01KFEHR52BBTE0GKCQ83W1D3KY,01KFEHA1MRJDJA6FNTED28Z8HF,2026-01-20T20:32:43.595119161Z,0,2026-01-20T20:33:00.203787214Z,A,2026-01-20T20:32:50.30241706Z,01KFEHA1QMX5DYGHPSSSP2RXXX,2026-01-20T20:32:43.595119161Z,01KFEHH299EZ808S0B86915EW8,2026-01-20T20:32:43.595119161Z,01KFEHR2YZPCNTTPZQ9AQ773XQ,2026-01-20T20:32:43.595119161Z
01KFEHXZ2NTHS0BGQ32N1DDA2F,01KFEHA1MRJDJA6FNTED28Z8HF,2026-01-20T20:35:54.0690413Z,17,2026-01-20T20:35:58.558558627Z,D,2026-01-20T20:35:57.508290202Z,01KFEHA1QYV2E8SAEFNEHYNVTN,2026-01-20T20:35:54.0690413Z,01KFEHKCW5X4CR8DBAYXY74YGJ,2026-01-20T20:35:54.0690413Z,01KFEHSJJ8BN25BMHZA75B7QEM,2026-01-20T20:35:54.0690413Z
01KFEK84XGMHMJ36485CF3YJZK,01KFEJ5CPJ5RGARFNN6Z0PCT4Q,2026-01-20T20:58:56.304808572Z,19,2026-01-20T20:58:58.042395382Z,C,2026-01-20T20:58:57.469278537Z,01KFEJ5CR34Y85488XX0EC4SX7,2026-01-20T20:58:56.304808572Z,01KFEK2K0AVWKZA3NW4B793MSN,2026-01-20T20:58:56.304808572Z,01KFEK6EBGMQS2FZDG4VV384RN,2026-01-20T20:58:56.304808572Z
01KFEE3AX87P0SECSA4J7YMJA3,01KFEDCC1ZHDDN3CP9JWF4PGTF,2026-01-20T19:28:55.720605903Z,17,2026-01-20T19:28:58.074323391Z,D,2026-01-20T19:28:57.658468236Z,01KFEDCC2JDADMPT5RVP2N7S0X,2026-01-20T19:28:55.720605903Z,01KFEDQK6ZX4EYK4N5S5CFQ5FY,2026-01-20T19:28:55.720605903Z,01KFEDZ3302XKAJ5A86C2K5X8E,2026-01-20T19:28:55.720605903Z
01KFEEV9BCJB8MSG5HT6EKDWQ8,01KFEDCCAW3ZY6KSKNHTKZ971F,2026-01-20T19:42:00.556227247Z,0,2026-01-20T19:42:15.536955469Z,D,2026-01-20T19:42:15.51362639Z,01KFEDCCBE716PRHN8Q6NQV6ZT,2026-01-20T19:42:00.556227247Z,01KFEEMXPGKZB6AS6D6H40GZ8R,2026-01-20T19:42:00.556227247Z,01KFEEV7V3HRE33Z26173TWBJ1,2026-01-20T19:42:00.556227247Z
01KFEK30HCX045A9VWYP6PX6QN,01KFEJ5C7H3Z5SGPPT0TCGAEB2,2026-01-20T20:56:07.980547062Z,10,2026-01-20T20:56:12.768749732Z,B,2026-01-20T20:56:11.310556087Z,01KFEJ5C8N149KF44PHZZN9T4C,2026-01-20T20:56:07.980547062Z,01KFEJVMRW9T2V3CVS7WW6T938,2026-01-20T20:56:07.980547062Z,01KFEK23REZZS1A793VEPCHGV9,2026-01-20T20:56:07.980547062Z
01KFEHJ78VQAF739TFFTF9M048,01KFEHA1EJWPRPNCXBTHCF12K2,2026-01-20T20:29:29.244002167Z,0,2026-01-20T20:29:35.770908257Z,B,2026-01-20T20:29:31.541563641Z,01KFEHA1GK3DQ7TRWFWA7J267H,2026-01-20T20:29:29.244002167Z,01KFEHBP1ZE2AV6NAD8SG9ZGBW,2026-01-20T20:29:29.244002167Z,01KFEHFC1S0HWHA5HRNXEGKKE4,2026-01-20T20:29:29.244002167Z
01KFEJZBBPEPHARJ6ZKMK1G58F,01KFEJ5DKDD8ED3R70AXWWV7TA,2026-01-20T20:54:07.990276543Z,17,2026-01-20T20:54:09.988371834Z,D,2026-01-20T20:54:09.913041768Z,01KFEJ5DPFFD934S0E2GQ1B9RR,2026-01-20T20:54:07.990276543Z,01KFEJPRKV9117XEB7P0YJ5NT5,2026-01-20T20:54:07.990276543Z,01KFEJVCYQJMW9GEYXZ69PX0S7,2026-01-20T20:54:07.990276543Z
01KFEHMVS7NRQ15PHZ3F72TYM1,01KFEHA1MRJDJA6FNTED28Z8HF,2026-01-20T20:30:55.78303611Z,0,2026-01-20T20:30:58.814881868Z,D,2026-01-20T20:30:57.234713193Z,01KFEHA1R32D8V3SKQA6BEDXA8,2026-01-20T20:30:55.78303611Z,01KFEHBPM0QM8692M9NW91QBAJ,2026-01-20T20:30:55.78303611Z,01KFEHGC94ZFJXD2GEV68YM2J1,2026-01-20T20:30:55.78303611Z
01KFEHN73KCXFHAR8FB58HEBFG,01KFEHA20TFYVSSENV0N2723W5,2026-01-20T20:31:07.379868596Z,20,2026-01-20T20:31:08.715426487Z,B,2026-01-20T20:31:08.68618698Z,01KFEHA25NESP3C46R1STZWY67,2026-01-20T20:31:07.379868596Z,01KFEHB2Z6PCQ5XRWRX0AQ3SH1,2026-01-20T20:31:07.379868596Z,01KFEHHR4GSN86YJ62510N61RK,2026-01-20T20:31:07.379868596Z
01KFEJAQWFWENSD71WRPF13ZZ7,01KFEHAKK9QMW81MWT2FF1CSZA,2026-01-20T20:42:52.687689366Z,10,2026-01-20T20:43:02.25792557Z,B,2026-01-20T20:43:02.205482835Z,01KFEHAKM3JNAB6T75AF59R2WG,2026-01-20T20:42:52.687689366Z,01KFEJ4834YW0GPY6X44GM9D52,2026-01-20T20:42:52.687689366Z,01KFEJAM82Z73DRDD18GN3JFE1,2026-01-20T20:42:52.687689366Z
01KFEEQCCNHB393QJJEDY1XNTX,01KFEDCCAW3ZY6KSKNHTKZ971F,2026-01-20T19:39:52.597612055Z,,,C,2026-01-20T19:40:00.502968843Z,01KFEDCCBE716PRHN8QE61SVB8,2026-01-20T19:39:52.597612055Z,01KFEEG0PTYT0JCF1TH4XV2NVW,2026-01-20T19:39:52.597612055Z,01KFEEQBN4E2R28M0ZNGJJYBBG,2026-01-20T19:39:52.597612055Z
01KFEESC10Y966NKHE0C42PNS7,01KFEDCCH0VMFH7P25F40PD43N,2026-01-20T19:40:57.760899462Z,0,2026-01-20T19:41:07.11179576Z,A,2026-01-20T19:41:02.417302608Z,01KFEDCCHJADFRJT5F5VJ9ST9F,2026-01-20T19:40:57.760899462Z,01KFEEJDGDWEMZQAHJH9Z7FVC3,2026-01-20T19:40:57.760899462Z,01KFEERHT9K07SXJCZD9EV6ZK2,2026-01-20T19:40:57.760899462Z
01KFEJXR6XSPECE0881T2S1BAZ,01KFEHAM72H3ZNN8G0T2BCT79K,2026-01-20T20:53:15.613290927Z,29,2026-01-20T20:53:20.03590031Z,C,2026-01-20T20:53:17.325103213Z,01KFEHAMB21FYRXZN71VHCADQA,2026-01-20T20:53:15.613290927Z,01KFEJA6ZV4RH275A9Q04XR97K,2026-01-20T20:53:15.613290927Z,01KFEJQTRVEJCHKJK7TRSMYTAW,2026-01-20T20:53:15.613290927Z
01KFEHK6NZSE5MZXRBJCZWDF2J,01KFEHA20TFYVSSENV0N2723W5,2026-01-20T20:30:01.408023668Z,19,2026-01-20T20:30:08.451059854Z,C,2026-01-20T20:30:08.419882585Z,01KFEHA25NESP3C46R1STZWY67,2026-01-20T20:30:01.408023668Z,01KFEHB2Z6PCQ5XRWRX0AQ3SH1,2026-01-20T20:30:01.408023668Z,01KFEHHR5WZVN3N0EJS7YC2QHK,2026-01-20T20:30:01.408023668Z
01KFEJAX2ZY59HGF0RQW1M3QE1,01KFEHA20TFYVSSENV0N2723W5,2026-01-20T20:42:58.015916482Z,20,2026-01-20T20:43:01.125613452Z,A,2026-01-20T20:42:59.531315373Z,01KFEHA25S6PYJD4DSX1VJG5FE,2026-01-20T20:42:58.015916482Z,01KFEHWFN7B5ZY9MX1Q0P1B17R,2026-01-20T20:42:58.015916482Z,01KFEJ3HS1KV35AJXA1WJD5QZH,2026-01-20T20:42:58.015916482Z
01KFEJDWJ47YSPSAJXQTRCCS5F,01KFEHAM0SBSN9QYCK4NGJTWCC,2026-01-20T20:44:35.780498077Z,20,2026-01-20T20:44:57.36018256Z,A,2026-01-20T20:44:57.304578161Z,01KFEHAM45R1366856G6A2WGHZ,2026-01-20T20:44:35.780498077Z,01KFEHYH6DP091MJE3KD0CRNR1,2026-01-20T20:44:35.780498077Z,01KFEJBBNC9YFDS33S0V1TA786,2026-01-20T20:44:35.780498077Z
01KFEJRR3ARCW99YM45TWSDF71,01KFEHAM0SBSN9QYCK4NGJTWCC,2026-01-20T20:50:31.658330713Z,0,2026-01-20T20:50:40.171815424Z,C,2026-01-20T20:50:36.712178768Z,01KFEHAM4AZFDTAG8DR1VA4141,2026-01-20T20:50:31.658330713Z,01KFEJFMC7CFQF46Z46BV1EM1Q,2026-01-20T20:50:31.658330713Z,01KFEJMJX6NH1JNPXEAKQNNJHZ,2026-01-20T20:50:31.658330713Z
01KFEJYZKQHECKPB6GW33GS73T,01KFEJ5CPJ5RGARFNN6Z0PCT4Q,2026-01-20T20:53:55.959869214Z,10,2026-01-20T20:54:06.424519356Z,B,2026-01-20T20:54:06.373324075Z,01KFEJ5CRSNMMQKHYMFD35850B,2026-01-20T20:53:55.959869214Z,01KFEJHQKQJTKAV5X447CE3YRT,2026-01-20T20:53:55.959869214Z,01KFEJRTPS4Z2J9FWZ8H2CQAAV,2026-01-20T20:53:55.959869214Z
01KFEK0X8P1XZT29KBYTPEQ6GX,01KFEJ5C7H3Z5SGPPT0TCGAEB2,2026-01-20T20:54:59.094388434Z,0,2026-01-20T20:55:12.123095093Z,B,2026-01-20T20:55:09.469988326Z,01KFEJ5C9822567XDA8A9QG0G3,2026-01-20T20:54:59.094388434Z,01KFEJTATNKXCTW38TD0J18TFE,2026-01-20T20:54:59.094388434Z,01KFEK0PZ5180C9D005PK1WQSG,2026-01-20T20:54:59.094388434Z
01KFEHMXJ8J5MNNBAFFPB8XPDS,01KFEHA20TFYVSSENV0N2723W5,2026-01-20T20:30:57.608333619Z,20,2026-01-20T20:30:59.441738691Z,A,2026-01-20T20:30:58.809209422Z,01KFEHA25NESP3C46R1STZWY67,2026-01-20T20:30:57.608333619Z,01KFEHE6NX6FXVRTV1KPH8TKWC,2026-01-20T20:30:57.608333619Z,01KFEHHR4TAPRZH6GK98J3Z7G2,2026-01-20T20:30:57.608333619Z
01KFEJ4YYJ4NF1CPM7EG53V0E4,01KFEHAKK9QMW81MWT2FF1CSZA,2026-01-20T20:39:43.314914493Z,10,2026-01-20T20:39:52.797851266Z,B,2026-01-20T20:39:44.660819245Z,01KFEHAKMDAJRN7M0QA4VDJCGY,2026-01-20T20:39:43.314914493Z,01KFEHS8J7P9EEBTK2FBSRFBQT,2026-01-20T20:39:43.314914493Z,01KFEJ2SHD5J6DEWVCM2XB335C,2026-01-20T20:39:43.314914493Z
01KFEHSG78HW7RZRSNJ1XT7R4S,01KFEHA1MRJDJA6FNTED28Z8HF,2026-01-20T20:33:27.784941895Z,20,2026-01-20T20:33:39.441615027Z,A,2026-01-20T20:33:39.418667322Z,01KFEHA1QMX5DYGHPSSSP2RXXX,2026-01-20T20:33:27.784941895Z,01KFEHJFJ1SMX3RCX9M0MFWVF6,2026-01-20T20:33:27.784941895Z,01KFEHR2ZN40B2VT9XZXB0FQ43,2026-01-20T20:33:27.784941895Z
01KFEJWZX4CXJ6071B2AD0KJMS,01KFEJ5DKDD8ED3R70AXWWV7TA,2026-01-20T20:52:50.724379803Z,10,2026-01-20T20:52:59.885131719Z,A,2026-01-20T20:52:59.811756682Z,01KFEJ5DPFFD934S0E2GQ1B9RR,2026-01-20T20:52:50.724379803Z,01KFEJJ4V0E3E83F88J6MK6KAW,2026-01-20T20:52:50.724379803Z,01KFEJVCSNEVZTTEQ125HMXG7A,2026-01-20T20:52:50.724379803Z
01KFEK1FNEYJXE1X2EK5846W7K,01KFEJ5CPJ5RGARFNN6Z0PCT4Q,2026-01-20T20:55:17.934873303Z,0,2026-01-20T20:55:23.683608579Z,B,2026-01-20T20:55:23.605395862Z,01KFEJ5CRSNMMQKHYMFD35850B,2026-01-20T20:55:17.934873303Z,01KFEJHQKQJTKAV5X447CE3YRT,2026-01-20T20:55:17.934873303Z,01KFEJRTRK52JZ36JFYA95CT3Y,2026-01-20T20:55:17.934873303Z
01KFEFJW50PSFQM2A4Z5P2HTB0,01KFEDCAVEZK3QD8ZFC2PP83WE,2026-01-20T19:54:53.472400636Z,10,2026-01-20T19:54:56.044187699Z,B,2026-01-20T19:54:54.897314693Z,01KFEDCAVXCN1BR0PV518R81QD,2026-01-20T19:54:53.472400636Z,01KFEFAMDQ915GZ68HPFMQXZ9N,2026-01-20T19:54:53.472400636Z,01KFEFE5SWDBXVJGC9D0CWS56Z,2026-01-20T19:54:53.472400636Z
01KFEHK0C9Z4SDSB9ZDD08JKSQ,01KFEHA20TFYVSSENV0N2723W5,2026-01-20T20:29:54.95394313Z,10,2026-01-20T20:29:57.473528114Z,B,2026-01-20T20:29:57.446188616Z,01KFEHA25NESP3C46R1STZWY67,2026-01-20T20:29:54.95394313Z,01KFEHB2Z6PCQ5XRWRX0AQ3SH1,2026-01-20T20:29:54.95394313Z,01KFEHHR61XNWEDF5F7S8QWGY2,2026-01-20T20:29:54.95394313Z
01KFEEYDCNP1D5B6KN53T22FZV,01KFEDCCAW3ZY6KSKNHTKZ971F,2026-01-20T19:43:42.997683355Z,0,2026-01-20T19:43:51.238393804Z,C,2026-01-20T19:43:51.216808882Z,01KFEDCCBE716PRHN8Q6NQV6ZT,2026-01-20T19:43:42.997683355Z,01KFEEMXPGKZB6AS6D6H40GZ8R,2026-01-20T19:43:42.997683355Z,01KFEEV7WCPG4H395V08SHB953,2026-01-20T19:43:42.997683355Z
01KFEEZ2BEVT0CJBBXP16SAC1W,01KFEDCCAW3ZY6KSKNHTKZ971F,2026-01-20T19:44:04.462660174Z,0,2026-01-20T19:44:06.961201674Z,C,2026-01-20T19:44:05.374387427Z,01KFEDCCBE716PRHN8Q6NQV6ZT,2026-01-20T19:44:04.462660174Z,01KFEEMRW7PPKZGT4SNXBV2JSZ,2026-01-20T19:44:04.462660174Z,01KFEEV7WHAATN39RX30HS1F0G,2026-01-20T19:44:04.462660174Z
01KFEHW8Q2XGQGFJ735TZF8WSP,01KFEHA1MRJDJA6FNTED28Z8HF,2026-01-20T20:34:58.402756214Z,19,2026-01-20T20:35:01.278885938Z,C,2026-01-20T20:35:01.245883994Z,01KFEHA1QYV2E8SAEFNEHYNVTN,2026-01-20T20:34:58.402756214Z,01KFEHHH6AXDMAXMWAFCF5JGBC,2026-01-20T20:34:58.402756214Z,01KFEHSJHDFMDQE97PZDNY5730,2026-01-20T20:34:58.402756214Z
01KFEK2ADC741ACWECNP73VYWQ,01KFEJ5CPJ5RGARFNN6Z0PCT4Q,2026-01-20T20:55:45.324865569Z,10,2026-01-20T20:55:49.727363191Z,A,2026-01-20T20:55:49.01481041Z,01KFEJ5CRSNMMQKHYMFD35850B,2026-01-20T20:55:45.324865569Z,01KFEJD683V7BW0EC67T5B9T0M,2026-01-20T20:55:45.324865569Z,01KFEJRTT0HCXNCWVP067HPTVG,2026-01-20T20:55:45.324865569Z
01KFEE2GDAYGN57AMBDZC7K2R4,01KFEDCB0G5KS91T4MD9JTDSA4,2026-01-20T19:28:28.586724507Z,20,2026-01-20T19:28:36.426584371Z,A,2026-01-20T19:28:35.092613819Z,01KFEDCB197E7YMN5STVXKHS22,2026-01-20T19:28:28.586724507Z,01KFEDZFSW9KBCS8VJN8KBS8T4,2026-01-20T19:28:28.586724507Z,01KFEE2FBRH662A71HSKV4RA79,2026-01-20T19:28:28.586724507Z
01KFEEWEZ4HBFXSGB4TSKCZB6G,01KFEDCCAW3ZY6KSKNHTKZ971F,2026-01-20T19:42:39.076101417Z,7,2026-01-20T19:42:46.355249097Z,D,2026-01-20T19:42:44.773503725Z,01KFEDCCBE716PRHN8Q6NQV6ZT,2026-01-20T19:42:39.076101417Z,01KFEEMXPGKZB6AS6D6H40GZ8R,2026-01-20T19:42:39.076101417Z,01KFEEV7VVGZFVEPH7XQ85GZ6E,2026-01-20T19:42:39.076101417Z
01KFEJAQWVV7B91PB018T1PJ45,01KFEHAKK9QMW81MWT2FF1CSZA,2026-01-20T20:42:52.699987974Z,19,2026-01-20T20:43:02.25792557Z,C,2026-01-20T20:42:59.837733377Z,01KFEHAKM3JNAB6T75AF59R2WG,2026-01-20T20:42:52.699987974Z,01KFEJ4AH2EZ1Y9SR8QRQXF2S0,2026-01-20T20:42:52.699987974Z,01KFEJAM82Z73DRDD18GN3JFE1,2026-01-20T20:42:52.699987974Z
01KFEJR0ZBK6YS9MFD1F01SHY7,01KFEHAM72H3ZNN8G0T2BCT79K,2026-01-20T20:50:07.979145165Z,10,2026-01-20T20:50:25.656314925Z,B,2026-01-20T20:50:25.592858666Z,01KFEHAMB21FYRXZN71VHCADQA,2026-01-20T20:50:07.979145165Z,01KFEJD79KCD2FZ3DWAFCC6NHA,2026-01-20T20:50:07.979145165Z,01KFEJQTD9PESGMM4N7JNK4H7B,2026-01-20T20:50:07.979145165Z
01KFEJZXGS7S946Z8HW8VR0Q1G,01KFEJ5DKDD8ED3R70AXWWV7TA,2026-01-20T20:54:26.585463811Z,17,2026-01-20T20:54:29.13608675Z,D,2026-01-20T20:54:28.750447618Z,01KFEJ5DPFFD934S0E2GQ1B9RR,2026-01-20T20:54:26.585463811Z,01KFEJPRKV9117XEB7P0YJ5NT5,2026-01-20T20:54:26.585463811Z,01KFEJVD0KCRRZRQ6WHZMVVDZZ,2026-01-20T20:54:26.585463811Z
01KFEK7ZA2298CMXHCZZV4WTDE,01KFEJ5CPJ5RGARFNN6Z0PCT4Q,2026-01-20T20:58:50.56248275Z,0,2026-01-20T20:58:53.540066086Z,C,2026-01-20T20:58:53.477846222Z,01KFEJ5CR34Y85488XX0EC4SX7,2026-01-20T20:58:50.56248275Z,01KFEK2CHZEQKJXR4MCNPDS01E,2026-01-20T20:58:50.56248275Z,01KFEK6EAMGBYGQ9Q144HAQ7SB,2026-01-20T20:58:50.56248275Z
01KFEHKFHF0QTJV4SCGFD3W30X,01KFEHA1MRJDJA6FNTED28Z8HF,2026-01-20T20:30:10.479708911Z,10,2026-01-20T20:30:13.756104216Z,A,2026-01-20T20:30:13.740193155Z,01KFEHA1R32D8V3SKQA6BEDXA8,2026-01-20T20:30:10.479708911Z,01KFEHAKHNEWG0MCGFJGNXPB10,2026-01-20T20:30:10.479708911Z,01KFEHGC8DRS36BNQKBWK85Q6W,2026-01-20T20:30:10.479708911Z
01KFEJ00QVWPC6HH1VNFFN852P,01KFEHA1W0DBA89GCQ87GA4EG5,2026-01-20T20:37:01.307230294Z,19,2026-01-20T20:37:08.104990647Z,C,2026-01-20T20:37:03.912874452Z,01KFEHA1ZSVYK8DGYZZSV53FQM,2026-01-20T20:37:01.307230294Z,01KFEHMXV04MY34HJYA33HA616,2026-01-20T20:37:01.307230294Z,01KFEHWYWEK19X4NXKJDJSN70C,2026-01-20T20:37:01.307230294Z
01KFEFR4SGRYW2PPZP96QSV4VE,01KFEDCAVEZK3QD8ZFC2PP83WE,2026-01-20T19:57:46.160729723Z,0,2026-01-20T19:57:55.688671429Z,C,2026-01-20T19:57:55.664636982Z,01KFEDCAVZJC7DD4AH1B24TEC6,2026-01-20T19:57:46.160729723Z,01KFEFG8GX8B9102EGAWCJ2ZB0,2026-01-20T19:57:46.160729723Z,01KFEFNH0B6MNAHEYZB5A285X7,2026-01-20T19:57:46.160729723Z
01KFEJAF47TXRA99YVVPPNT6N9,01KFEHAKK9QMW81MWT2FF1CSZA,2026-01-20T20:42:43.719131672Z,0,2026-01-20T20:42:52.941774748Z,C,2026-01-20T20:42:45.11360726Z,01KFEHAKMDAJRN7M0QA4VDJCGY,2026-01-20T20:42:43.719131672Z,01KFEHS8J7P9EEBTK2FBSRFBQT,2026-01-20T20:42:43.719131672Z,01KFEJ2SKEGM5CPJ5AZSXFJZYM,2026-01-20T20:42:43.719131672Z
01KFEJJYTEJ71S85VXKXYR9016,01KFEHAKWNS08RQENHQ36ND5GA,2026-01-20T20:47:21.934219876Z,,,D,2026-01-20T20:47:24.378774413Z,01KFEHAKXZ2D55CPVCZM6D4RJ0,2026-01-20T20:47:21.934219876Z,01KFEJ662NZ8QDF6V5FK0QSJHC,2026-01-20T20:47:21.934219876Z,01KFEJCPYHTVVTA8BTXQV6WJE9,2026-01-20T20:47:21.934219876Z
01KFEJKK6YVF20VV1KS8748RX8,01KFEHAM0SBSN9QYCK4NGJTWCC,2026-01-20T20:47:42.814601296Z,10,2026-01-20T20:47:45.983213774Z,B,2026-01-20T20:47:44.470210717Z,01KFEHAM3ZX2QFEZ4F28QFW79D,2026-01-20T20:47:42.814601296Z,01KFEJ99258GDSZYNA4N0ER3PR,2026-01-20T20:47:42.814601296Z,01KFEJDCTH4JGCYH9RGWVECJBE,2026-01-20T20:47:42.814601296Z
01KFEE6GXJ16EPKCW4VTGDDDHS,01KFEDCB0G5KS91T4MD9JTDSA4,2026-01-20T19:30:40.178098096Z,20,2026-01-20T19:30:42.723606097Z,A,2026-01-20T19:30:42.705730265Z,01KFEDCB197E7YMN5STVXKHS22,2026-01-20T19:30:40.178098096Z,01KFEDZFSW9KBCS8VJN8KBS8T4,2026-01-20T19:30:40.178098096Z,01KFEE2FC542K1HSXCPEXGF4TG,2026-01-20T19:30:40.178098096Z
01KFEFP2SB5G0N4T31CTPH87G8,01KFEDC9EK94N2WNCHE5RRQHCJ,2026-01-20T19:56:38.571873508Z,10,2026-01-20T19:56:41.149742374Z,A,2026-01-20T19:56:41.126939098Z,01KFEDC9FF7T49EPA99GZDGH84,2026-01-20T19:56:38.571873508Z,01KFEFB7KJED56AXX5RHJAHZFZ,2026-01-20T19:56:38.571873508Z,01KFEFG2R576EAWM9AY8VB2XCE,2026-01-20T19:56:38.571873508Z
01KFEJHK1YVW14G32YCK32DHHP,01KFEHAKWNS08RQENHQ36ND5GA,2026-01-20T20:46:37.118200494Z,19,2026-01-20T20:46:41.732561666Z,C,2026-01-20T20:46:41.125375853Z,01KFEHAKXZ2D55CPVCZM6D4RJ0,2026-01-20T20:46:37.118200494Z,01KFEJ69D1M16DP7KKF28QP67N,2026-01-20T20:46:37.118200494Z,01KFEJCPWJN6B4W817RXHBSNGJ,2026-01-20T20:46:37.118200494Z
01KFEJE2DGB57NYPC7KKWWMW06,01KFEHAKWNS08RQENHQ36ND5GA,2026-01-20T20:44:41.777006845Z,17,2026-01-20T20:44:56.851478797Z,D,2026-01-20T20:44:56.796740221Z,01KFEHAKXZ2D55CPVCZM6D4RJ0,2026-01-20T20:44:41.777006845Z,01KFEJ662NZ8QDF6V5FK0QSJHC,2026-01-20T20:44:41.777006845Z,01KFEJCPW3ZTR3R9PXZ31PHJAJ,2026-01-20T20:44:41.777006845Z
01KFEJTG63TYYWTW35B3A3TQS3,01KFEHAM0SBSN9QYCK4NGJTWCC,2026-01-20T20:51:29.091564238Z,20,2026-01-20T20:51:39.253559084Z,B,2026-01-20T20:51:35.181204844Z,01KFEHAM4AZFDTAG8DR1VA4141,2026-01-20T20:51:29.091564238Z,01KFEJAS01H74KYS8N629S6DTN,2026-01-20T20:51:29.091564238Z,01KFEJMJQX1ZPH5Q4P7M0G1W0G,2026-01-20T20:51:29.091564238Z
01KFEEFG2C4AKF16X03R3WR0FZ,01KFEDCCAW3ZY6KSKNHTKZ971F,2026-01-20T19:35:34.220123237Z,29,2026-01-20T19:35:39.324640783Z,C,2026-01-20T19:35:39.309298278Z,01KFEDCCBDJ82W4YK2PN7VDTAX,2026-01-20T19:35:34.220123237Z,01KFEE6KZQR5PP1P0PS1XNKJRD,2026-01-20T19:35:34.220123237Z,01KFEEE7ZXMSBF5BT840GGZKT0,2026-01-20T19:35:34.220123237Z
01KFEESSTQF9PZDCEE5Y4RK5EM,01KFEDCCH0VMFH7P25F40PD43N,2026-01-20T19:41:11.895986511Z,10,2026-01-20T19:41:17.75003098Z,A,2026-01-20T19:41:14.12620802Z,01KFEDCCHJADFRJT5F5VJ9ST9F,2026-01-20T19:41:11.895986511Z,01KFEEJDGDWEMZQAHJH9Z7FVC3,2026-01-20T19:41:11.895986511Z,01KFEERHT76VBCN8M90ASCYNZ1,2026-01-20T19:41:11.895986511Z
01KFEHZ3WVZWQ5R6DPJE8Q040X,01KFEHA1MRJDJA6FNTED28Z8HF,2026-01-20T20:36:31.77112118Z,29,2026-01-20T20:36:36.620524543Z,C,2026-01-20T20:36:34.961000126Z,01KFEHA1QYV2E8SAEFNEHYNVTN,2026-01-20T20:36:31.77112118Z,01KFEHHH6AXDMAXMWAFCF5JGBC,2026-01-20T20:36:31.77112118Z,01KFEHSJJV3XYWXE3QZZFJ6BD9,2026-01-20T20:36:31.77112118Z
01KFEEJSEWG27XHYSDZW1JW493,01KFEDCB7P38BTZ4ACVDP6P0XN,2026-01-20T19:37:22.140999151Z,0,2026-01-20T19:37:32.704250943Z,C,2026-01-20T19:37:23.59735467Z,01KFEDCB85NRAF0XG25ABR62N5,2026-01-20T19:37:22.140999151Z,01KFEE7Q9A8CN1TS35QENG1JN7,2026-01-20T19:37:22.140999151Z,01KFEEC6QESVHNK4DW63M7PTVZ,2026-01-20T19:37:22.140999151Z
01KFEESC0YNJTSNY72QGQ6ZZ8K,01KFEDCCH0VMFH7P25F40PD43N,2026-01-20T19:40:57.758330079Z,0,2026-01-20T19:41:07.11179576Z,A,2026-01-20T19:41:07.091910173Z,01KFEDCCHJADFRJT5F5VJ9ST9F,2026-01-20T19:40:57.758330079Z,01KFEEKE9WXRZWBRXYDQ5J10WV,2026-01-20T19:40:57.758330079Z,01KFEERHT9K07SXJCZD9EV6ZK2,2026-01-20T19:40:57.758330079Z
01KFEJA271EXK6JS5JRK46H54E,01KFEHA20TFYVSSENV0N2723W5,2026-01-20T20:42:30.497927261Z,20,2026-01-20T20:42:34.469957416Z,A,2026-01-20T20:42:32.925524526Z,01KFEHA25S6PYJD4DSX1VJG5FE,2026-01-20T20:42:30.497927261Z,01KFEHWFN7B5ZY9MX1Q0P1B17R,2026-01-20T20:42:30.497927261Z,01KFEJ3HRAN0VT7K09EK2FSQWZ,2026-01-20T20:42:30.497927261Z
01KFEJHKVF5MJWEMAGCMHQ4QSH,01KFEHAM0SBSN9QYCK4NGJTWCC,2026-01-20T20:46:37.935822104Z,10,2026-01-20T20:46:41.993443538Z,B,2026-01-20T20:46:41.860167018Z,01KFEHAM3ZX2QFEZ4F28QFW79D,2026-01-20T20:46:37.935822104Z,01KFEJ99258GDSZYNA4N0ER3PR,2026-01-20T20:46:37.935822104Z,01KFEJDCRPH0RN87RW5MNRFHRZ,2026-01-20T20:46:37.935822104Z
01KFEJXF0QC42AB7B6JFTMXDCZ,01KFEJ5DKDD8ED3R70AXWWV7TA,2026-01-20T20:53:06.199743299Z,0,2026-01-20T20:53:10.384345534Z,C,2026-01-20T20:53:10.316597938Z,01KFEJ5DPFFD934S0E2GQ1B9RR,2026-01-20T20:53:06.199743299Z,01KFEJJ4V0E3E83F88J6MK6KAW,2026-01-20T20:53:06.199743299Z,01KFEJVCRS7JX6GZQA5PQ0KYQ0,2026-01-20T20:53:06.199743299Z
01KFEFHK14RWGW4PJBSH0MBV6D,01KFEDCAVEZK3QD8ZFC2PP83WE,2026-01-20T19:54:11.365012868Z,10,2026-01-20T19:54:14.789096043Z,B,2026-01-20T19:54:14.197425318Z,01KFEDCAVZJC7DD4AH1RF6NR9W,2026-01-20T19:54:11.365012868Z,01KFEF0XCN2JDQQD559T0PP43B,2026-01-20T19:54:11.365012868Z,01KFEFFP3B72YYH0VHZFQ3AF9C,2026-01-20T19:54:11.365012868Z
01KFEJ1EYJ7B7P1CSNHVGG8SB2,01KFEHA1W0DBA89GCQ87GA4EG5,2026-01-20T20:37:48.626997833Z,10,2026-01-20T20:37:53.996425517Z,B,2026-01-20T20:37:53.966623076Z,01KFEHA1ZSVYK8DGYZZSV53FQM,2026-01-20T20:37:48.626997833Z,01KFEHKWX6S3CRVA3YVBJBPSWT,2026-01-20T20:37:48.626997833Z,01KFEHWYW2DXF34Z7JETWM2PWF,2026-01-20T20:37:48.626997833Z
01KFEJ4YY8JYMFJ1YQ411EC9D5,01KFEHAKK9QMW81MWT2FF1CSZA,2026-01-20T20:39:43.304672117Z,7,2026-01-20T20:39:52.797851266Z,D,2026-01-20T20:39:52.759833921Z,01KFEHAKMDAJRN7M0QA4VDJCGY,2026-01-20T20:39:43.304672117Z,01KFEHW86W3STHQPDAT1BP1CXX,2026-01-20T20:39:43.304672117Z,01KFEJ2SHD5J6DEWVCM2XB335C,2026-01-20T20:39:43.304672117Z
01KFEHYSWPAPNCB92MMA7XD8F7,01KFEHA1EJWPRPNCXBTHCF12K2,2026-01-20T20:36:21.526727193Z,29,2026-01-20T20:36:25.362053104Z,C,2026-01-20T20:36:23.147658244Z,01KFEHA1GPSKM8FTTA039GX2FE,2026-01-20T20:36:21.526727193Z,01KFEHGGC977SV7QXMD0KQJ3VM,2026-01-20T20:36:21.526727193Z,01KFEHRJYV21B205R6XWZR6S31,2026-01-20T20:36:21.526727193Z
01KFEJ2WQ3202EWFJS1MWVY1E7,01KFEHAKK9QMW81MWT2FF1CSZA,2026-01-20T20:38:35.491886335Z,19,2026-01-20T20:38:51.098324889Z,C,2026-01-20T20:38:51.069880382Z,01KFEHAKMDAJRN7M0QA4VDJCGY,2026-01-20T20:38:35.491886335Z,01KFEHW86W3STHQPDAT1BP1CXX,2026-01-20T20:38:35.491886335Z,01KFEJ2SGDSG53BDPAFE31F3F0,2026-01-20T20:38:35.491886335Z
01KFEJ8ESHYGH49ZY0BA57VKNS,01KFEHA20TFYVSSENV0N2723W5,2026-01-20T20:41:37.841764658Z,20,2026-01-20T20:41:40.053717586Z,A,2026-01-20T20:41:39.55994468Z,01KFEHA25S6PYJD4DSX1VJG5FE,2026-01-20T20:41:37.841764658Z,01KFEHWFN7B5ZY9MX1Q0P1B17R,2026-01-20T20:41:37.841764658Z,01KFEJ3HQPGW0VP103K6RVY8AR,2026-01-20T20:41:37.841764658Z
01KFEJBG04FP2MHBVBV6J90D7N,01KFEHAM0SBSN9QYCK4NGJTWCC,2026-01-20T20:43:17.380130835Z,0,2026-01-20T20:43:40.926059651Z,A,2026-01-20T20:43:40.880463845Z,01KFEHAM45R1366856G6A2WGHZ,2026-01-20T20:43:17.380130835Z,01KFEHYH6DP091MJE3KD0CRNR1,2026-01-20T20:43:17.380130835Z,01KFEJBBSPQ14SNSC4NACK6855,2026-01-20T20:43:17.380130835Z
01KFEJKDYE547B41GYH974WEKM,01KFEHAKK9QMW81MWT2FF1CSZA,2026-01-20T20:47:37.422043568Z,,,,,01KFEHAKMHNYFE3MQRK8FHXJ0Z,2026-01-20T20:47:37.422043568Z,01KFEJ7CDCT5X7YWTGH1JZNK2J,2026-01-20T20:47:37.422043568Z,01KFEJH2VKJXRYWMF2JAH9CVJS,2026-01-20T20:47:37.422043568Z
01KFEK3V1BTMPTKN79KF4ADGAR,01KFEJ5CPJ5RGARFNN6Z0PCT4Q,2026-01-20T20:56:35.115214864Z,7,2026-01-20T20:56:53.041809525Z,D,2026-01-20T20:56:52.703087499Z,01KFEJ5CS2BBW0C98ZJ5JAS2PG,2026-01-20T20:56:35.115214864Z,01KFEJXPF85R5SPZ1AW7JBKCNB,2026-01-20T20:56:35.115214864Z,01KFEK3MXSHN11KZBSAT30XEJ4,2026-01-20T20:56:35.115214864Z
01KFEHF4NNVNNN1NAJNDX3KDQ6,01KFEDC9EK94N2WNCHE5RRQHCJ,2026-01-20T20:27:48.277545821Z,17,2026-01-20T20:27:57.646966119Z,D,2026-01-20T20:27:56.081327499Z,01KFEDC9FGZ2QQQ39YDAAVXSM4,2026-01-20T20:27:48.277545821Z,01KFEHAQ9EZXF31DRKMHESX77N,2026-01-20T20:27:48.277545821Z,01KFEHF2TAP9NM8QW80A1YV23P,2026-01-20T20:27:48.277545821Z
01KFEHY39K05952A465V01PV31,01KFEHA1EJWPRPNCXBTHCF12K2,2026-01-20T20:35:58.387194083Z,0,2026-01-20T20:36:14.808138048Z,C,2026-01-20T20:36:00.95698773Z,01KFEHA1GPSKM8FTTA039GX2FE,2026-01-20T20:35:58.387194083Z,01KFEHHKNYNVTAQQFNDQ02SYYK,2026-01-20T20:35:58.387194083Z,01KFEHRJYKMDK30R3EWAGRZ6SH,2026-01-20T20:35:58.387194083Z
01KFEJTC2FJW3HWRCX2C1ZYHBF,01KFEJ5CPJ5RGARFNN6Z0PCT4Q,2026-01-20T20:51:24.879046833Z,0,2026-01-20T20:52:36.424744192Z,C,2026-01-20T20:52:36.349184113Z,01KFEJ5CRSNMMQKHYMFD35850B,2026-01-20T20:51:24.879046833Z,01KFEJD683V7BW0EC67T5B9T0M,2026-01-20T20:51:24.879046833Z,01KFEJRTP4AMH3ZYH1V1TJ3G2Q,2026-01-20T20:51:24.879046833Z
01KFEK9V2K9D7NSA1DV559W7NE,01KFEJ5CPJ5RGARFNN6Z0PCT4Q,2026-01-20T20:59:51.76388795Z,,,D,2026-01-20T20:59:57.220730886Z,01KFEJ5CQQ00MKPGMA298B0BDM,2026-01-20T20:59:51.76388795Z,01KFEK73K44W3P90S9METDZ39A,2026-01-20T20:59:51.76388795Z,01KFEK9MHDHT1X35W1F6XJ8ZXH,2026-01-20T20:59:51.76388795Z
01KFEFGDPQK4E5TFJZCECEAM3W,01KFEDCCH0VMFH7P25F40PD43N,2026-01-20T19:53:33.143859447Z,10,2026-01-20T19:53:40.673805428Z,A,2026-01-20T19:53:38.709683171Z,01KFEDCCHGZS8158VZSSNCZZHP,2026-01-20T19:53:33.143859447Z,01KFEEX55YZNT0B1JFXGKDFM2N,2026-01-20T19:53:33.143859447Z,01KFEFDRRZZXXYV21T9SKJ1JF9,2026-01-20T19:53:33.143859447Z
01KFEHV9SDQCYKN6YNGYZC9BHY,01KFEHA1MRJDJA6FNTED28Z8HF,2026-01-20T20:34:26.733390105Z,20,2026-01-20T20:34:27.879697315Z,A,2026-01-20T20:34:27.849977727Z,01KFEHA1QMX5DYGHPSSSP2RXXX,2026-01-20T20:34:26.733390105Z,01KFEHJFJ1SMX3RCX9M0MFWVF6,2026-01-20T20:34:26.733390105Z,01KFEHR30H56S388QSJDFBWHG0,2026-01-20T20:34:26.733390105Z
01KFEJJYT1D20APWY01Q096T70,01KFEHAKWNS08RQENHQ36ND5GA,2026-01-20T20:47:21.921542792Z,,,C,2026-01-20T20:47:25.832897515Z,01KFEHAKXZ2D55CPVCZM6D4RJ0,2026-01-20T20:47:21.921542792Z,01KFEJ69D1M16DP7KKF28QP67N,2026-01-20T20:47:21.921542792Z,01KFEJCPYHTVVTA8BTXQV6WJE9,2026-01-20T20:47:21.921542792Z
01KFEHNVFF9QENANFF0P49CPHF,01KFEHA1EJWPRPNCXBTHCF12K2,2026-01-20T20:31:28.239452697Z,17,2026-01-20T20:31:45.236483874Z,D,2026-01-20T20:31:45.207279421Z,01KFEHA1GDXTPSA0SX8CRPX47C,2026-01-20T20:31:28.239452697Z,01KFEHFHGVMZZ35F5CSBQJBJM3,2026-01-20T20:31:28.239452697Z,01KFEHNSD6158C77DMQJSC24RA,2026-01-20T20:31:28.239452697Z
01KFEJPGK45JDDZX841SW9DV1K,01KFEHAKWNS08RQENHQ36ND5GA,2026-01-20T20:49:18.438151415Z,20,2026-01-20T20:49:24.253951866Z,A,2026-01-20T20:49:24.20761887Z,01KFEHAKXJ10EJRCGF487MPEAV,2026-01-20T20:49:18.438151415Z,01KFEJABGC6P623T7A5G0Q33VP,2026-01-20T20:49:18.438151415Z,01KFEJJPQNV6746NPW4MSQV671,2026-01-20T20:49:18.438151415Z
01KFEK53R8DSN8Z5TY5M1JMTKV,01KFEJ5C7H3Z5SGPPT0TCGAEB2,2026-01-20T20:57:16.808659689Z,0,2026-01-20T20:57:19.446221478Z,C,2026-01-20T20:57:19.053795092Z,01KFEJ5C9822567XDA8A9QG0G3,2026-01-20T20:57:16.808659689Z,01KFEJRM0CNFF8YTKCA6JC16CE,2026-01-20T20:57:16.808659689Z,01KFEK0Q7XYWW9NTF7CPP31BQN,2026-01-20T20:57:16.808659689Z
01KFEEYX8A0KRDV7SZQ2JG0NBH,01KFEDCCAW3ZY6KSKNHTKZ971F,2026-01-20T19:43:59.242797797Z,7,2026-01-20T19:44:02.343222557Z,D,2026-01-20T19:44:01.551651963Z,01KFEDCCBE716PRHN8Q6NQV6ZT,2026-01-20T19:43:59.242797797Z,01KFEEMXPGKZB6AS6D6H40GZ8R,2026-01-20T19:43:59.242797797Z,01KFEEV7VFDMDD1J8J251QHZMG,2026-01-20T19:43:59.242797797Z
01KFEFHSPF79ZH8KB3CKF7KJAM,01KFEDCCH0VMFH7P25F40PD43N,2026-01-20T19:54:18.191750737Z,20,2026-01-20T19:54:20.764313743Z,B,2026-01-20T19:54:19.222848757Z,01KFEDCCHH44R979H37GT2B68J,2026-01-20T19:54:18.191750737Z,01KFEF0J7C8417B13N1313JGSZ,2026-01-20T19:54:18.191750737Z,01KFEFDZCR1AKTHQ7MHN0Z95NF,2026-01-20T19:54:18.191750737Z
01KFEFF9J3HF4KE373G7Z9Q9GJ,01KFEDCAVEZK3QD8ZFC2PP83WE,2026-01-20T19:52:56.131423935Z,17,2026-01-20T19:53:06.681827711Z,D,2026-01-20T19:53:06.659175381Z,01KFEDCAVXCN1BR0PV518R81QD,2026-01-20T19:52:56.131423935Z,01KFEF0CM1HH5QRYS1YH4TW6EV,2026-01-20T19:52:56.131423935Z,01KFEFE5SB3NGVSER46KMBVPHR,2026-01-20T19:52:56.131423935Z
01KFEFJ6TBA5JBWPVZ0XQ04KR8,01KFEDCCH0VMFH7P25F40PD43N,2026-01-20T19:54:31.627425199Z,0,2026-01-20T19:54:39.116755031Z,C,2026-01-20T19:54:39.092595527Z,01KFEDCCHGZS8158VZSSNCZZHP,2026-01-20T19:54:31.627425199Z,01KFEEX55YZNT0B1JFXGKDFM2N,2026-01-20T19:54:31.627425199Z,01KFEFDRSM08QE71XQ680125TF,2026-01-20T19:54:31.627425199Z
01KFEHHEXQCT9M6VGRDYP7PZFW,01KFEHA1EJWPRPNCXBTHCF12K2,2026-01-20T20:29:04.311887749Z,0,2026-01-20T20:29:07.99132181Z,C,2026-01-20T20:29:06.362233502Z,01KFEHA1GK3DQ7TRWFWA7J267H,2026-01-20T20:29:04.311887749Z,01KFEHC1N15W3XF2S9JNREZ5AJ,2026-01-20T20:29:04.311887749Z,01KFEHFC1ERGNXCHS8TYJE6SWK,2026-01-20T20:29:04.311887749Z
01KFEHRFXVP8DV06038081AMM0,01KFEHA1EJWPRPNCXBTHCF12K2,2026-01-20T20:32:54.715514404Z,0,2026-01-20T20:32:57.485550803Z,D,2026-01-20T20:32:56.530672894Z,01KFEHA1GDXTPSA0SX8CRPX47C,2026-01-20T20:32:54.715514404Z,01KFEHFHGVMZZ35F5CSBQJBJM3,2026-01-20T20:32:54.715514404Z,01KFEHNSERT24QHAQH5EGCEX37,2026-01-20T20:32:54.715514404Z
01KFEHZG0NNDR295X3Q758B5WC,01KFEHA20TFYVSSENV0N2723W5,2026-01-20T20:36:44.181086701Z,19,2026-01-20T20:37:10.244457343Z,C,2026-01-20T20:37:10.152139894Z,01KFEHA25QS717K28J0SK0Z44C,2026-01-20T20:36:44.181086701Z,01KFEHRJ9VA6B41V2MY68WZGEG,2026-01-20T20:36:44.181086701Z,01KFEHZD7H0JEEJHX15FAWXXQ4,2026-01-20T20:36:44.181086701Z
01KFEJJX443N2F4F94M10H3BS8,01KFEHAM0SBSN9QYCK4NGJTWCC,2026-01-20T20:47:20.196577794Z,10,2026-01-20T20:47:25.818299023Z,B,2026-01-20T20:47:21.509251773Z,01KFEHAM3ZX2QFEZ4F28QFW79D,2026-01-20T20:47:20.196577794Z,01KFEJ99258GDSZYNA4N0ER3PR,2026-01-20T20:47:20.196577794Z,01KFEJDCSP2EERVSP2SZTAE68E,2026-01-20T20:47:20.196577794Z
01KFEEM0QK3SEDA68997X7YAJ5,01KFEDCCAW3ZY6KSKNHTKZ971F,2026-01-20T19:38:02.355422507Z,10,2026-01-20T19:38:10.962178755Z,A,2026-01-20T19:38:10.944368907Z,01KFEDCCBDJ82W4YK2PN7VDTAX,2026-01-20T19:38:02.355422507Z,01KFEE85J92QXNE2691FZPHW2Z,2026-01-20T19:38:02.355422507Z,01KFEEE80AAXZTATYVWXNN4VDY,2026-01-20T19:38:02.355422507Z
01KFEEM0QPAR73KNHA10PPEVTY,01KFEDCCAW3ZY6KSKNHTKZ971F,2026-01-20T19:38:02.358549485Z,19,2026-01-20T19:38:10.962178755Z,C,2026-01-20T19:38:06.311043095Z,01KFEDCCBDJ82W4YK2PN7VDTAX,2026-01-20T19:38:02.358549485Z,01KFEE6KZQR5PP1P0PS1XNKJRD,2026-01-20T19:38:02.358549485Z,01KFEEE80AAXZTATYVWXNN4VDY,2026-01-20T19:38:02.358549485Z
01KFEK918NTN70Q45N2Q7P8QXK,01KFEJ5D47V2DPV4P7KW69CWA7,2026-01-20T20:59:25.333477016Z,0,2026-01-20T20:59:36.800664152Z,C,2026-01-20T20:59:27.554906099Z,01KFEJ5D6ESPGXB2FQ6BSGAH02,2026-01-20T20:59:25.333477016Z,01KFEK2BY74Q8BRWWBQK11221P,2026-01-20T20:59:25.333477016Z,01KFEK7N915A1GM17617YVXPBJ,2026-01-20T20:59:25.333477016Z
01KFEHXD9MFYDRWF4H7P2RM57R,01KFEHA1W0DBA89GCQ87GA4EG5,2026-01-20T20:35:35.860432946Z,10,2026-01-20T20:35:40.101136507Z,B,2026-01-20T20:35:37.115359979Z,01KFEHA1YZ8ZAAQFH3AAV34XZC,2026-01-20T20:35:35.860432946Z,01KFEHGGXHDDWTZD1ZDVCQBBCE,2026-01-20T20:35:35.860432946Z,01KFEHRCNWBW6EV0VZ5ED15GKK,2026-01-20T20:35:35.860432946Z
01KFEJRF7E779CBRSS6TEA7DF6,01KFEJ5C7H3Z5SGPPT0TCGAEB2,2026-01-20T20:50:22.574337103Z,10,2026-01-20T20:50:40.117831903Z,B,2026-01-20T20:50:36.943015623Z,01KFEJ5C9TA7ZE3V3TA0C9309P,2026-01-20T20:50:22.574337103Z,01KFEJDWT7HF2D6BRNBHS3X5TT,2026-01-20T20:50:22.574337103Z,01KFEJR9Z1MNVZ7NP9YB2P748Q,2026-01-20T20:50:22.574337103Z
01KFEEGEJZJFEYQJSJMNB0MHWD,01KFEDCB7P38BTZ4ACVDP6P0XN,2026-01-20T19:36:05.471116942Z,7,2026-01-20T19:36:10.885066434Z,D,2026-01-20T19:36:10.667256612Z,01KFEDCB85NRAF0XG25ABR62N5,2026-01-20T19:36:05.471116942Z,01KFEE2GDYZKFQF2HSAA1FMRTA,2026-01-20T19:36:05.471116942Z,01KFEEC6Q6AEJTT87ZC67RFSSF,2026-01-20T19:36:05.471116942Z
01KFEHN43QCM8017KD2E990P23,01KFEHA20TFYVSSENV0N2723W5,2026-01-20T20:31:04.311446234Z,20,2026-01-20T20:31:05.599856634Z,B,2026-01-20T20:31:05.580952423Z,01KFEHA25NESP3C46R1STZWY67,2026-01-20T20:31:04.311446234Z,01KFEHB2Z6PCQ5XRWRX0AQ3SH1,2026-01-20T20:31:04.311446234Z,01KFEHHR4M8NDSM9XKKWG992R5,2026-01-20T20:31:04.311446234Z
01KFEJCTV24ER970JWW40V151C,01KFEHAKWNS08RQENHQ36ND5GA,2026-01-20T20:44:01.250965553Z,19,2026-01-20T20:44:11.551277948Z,C,2026-01-20T20:44:06.851555587Z,01KFEHAKXZ2D55CPVCZM6D4RJ0,2026-01-20T20:44:01.250965553Z,01KFEJ662NZ8QDF6V5FK0QSJHC,2026-01-20T20:44:01.250965553Z,01KFEJCPTM47B5S63P0HH50EJF,2026-01-20T20:44:01.250965553Z
01KFEJF1T5W99TWSVJXPCWFHEX,01KFEHAM0SBSN9QYCK4NGJTWCC,2026-01-20T20:45:13.925236078Z,10,2026-01-20T20:45:16.334148539Z,B,2026-01-20T20:45:15.302214083Z,01KFEHAM3ZX2QFEZ4F28QFW79D,2026-01-20T20:45:13.925236078Z,01KFEJ99258GDSZYNA4N0ER3PR,2026-01-20T20:45:13.925236078Z,01KFEJDCQCZ3EXQTJHB48GASJ0,2026-01-20T20:45:13.925236078Z
01KFEFG4DV1WS72MXD9T8WKJXE,01KFEDC9EK94N2WNCHE5RRQHCJ,2026-01-20T19:53:23.643054304Z,20,2026-01-20T19:53:33.044576004Z,A,2026-01-20T19:53:30.105988278Z,01KFEDC9FF7T49EPA99GZDGH84,2026-01-20T19:53:23.643054304Z,01KFEFB7KJED56AXX5RHJAHZFZ,2026-01-20T19:53:23.643054304Z,01KFEFG2PVTHB99CTZ0E4RKW9V,2026-01-20T19:53:23.643054304Z
01KFEJAYTW733AWYCVST7VAQXB,01KFEHAKK9QMW81MWT2FF1CSZA,2026-01-20T20:42:59.804887483Z,19,2026-01-20T20:43:04.44206982Z,C,2026-01-20T20:43:04.293850423Z,01KFEHAKMDAJRN7M0QA4VDJCGY,2026-01-20T20:42:59.804887483Z,01KFEHW86W3STHQPDAT1BP1CXX,2026-01-20T20:42:59.804887483Z,01KFEJ2SKT7SSSFTRMDES65P9G,2026-01-20T20:42:59.804887483Z
01KFEHGE574XV30HRQR1MP2EB6,01KFEHA1MRJDJA6FNTED28Z8HF,2026-01-20T20:28:30.759474204Z,0,2026-01-20T20:28:38.394719523Z,C,2026-01-20T20:28:38.377241906Z,01KFEHA1R32D8V3SKQA6BEDXA8,2026-01-20T20:28:30.759474204Z,01KFEHAKHNEWG0MCGFJGNXPB10,2026-01-20T20:28:30.759474204Z,01KFEHGC6TPD7V98256YMX8QF8,2026-01-20T20:28:30.759474204Z
01KFEJ92QTQR162YTBHKVRCX2S,01KFEHAKK9QMW81MWT2FF1CSZA,2026-01-20T20:41:58.266041789Z,0,2026-01-20T20:42:23.805645106Z,D,2026-01-20T20:42:09.399422919Z,01KFEHAKM9HA0G83B6BNP2KSMS,2026-01-20T20:41:58.266041789Z,01KFEHZT77HWSQ9WEFN1KGRZTH,2026-01-20T20:41:58.266041789Z,01KFEJ8Z7YA9Y1JD3985FRMCS8,2026-01-20T20:41:58.266041789Z
01KFEJFM9GM1PXQX7FFJP7EJER,01KFEHAM72H3ZNN8G0T2BCT79K,2026-01-20T20:45:32.848597487Z,10,2026-01-20T20:45:47.216292109Z,B,2026-01-20T20:45:47.175868346Z,01KFEHAMBA8MCT3G2N9WQDMPVA,2026-01-20T20:45:32.848597487Z,01KFEJ4NXG1KSMNCGG6F6DD17Z,2026-01-20T20:45:32.848597487Z,01KFEJFFT46R57F4HSC25ZWE4G,2026-01-20T20:45:32.848597487Z
01KFEJXR7DZKVHW53DFF3RZ5VG,01KFEHAM72H3ZNN8G0T2BCT79K,2026-01-20T20:53:15.629951354Z,17,2026-01-20T20:53:20.03590031Z,D,2026-01-20T20:53:19.499514007Z,01KFEHAMB21FYRXZN71VHCADQA,2026-01-20T20:53:15.629951354Z,01KFEJD79KCD2FZ3DWAFCC6NHA,2026-01-20T20:53:15.629951354Z,01KFEJQTRVEJCHKJK7TRSMYTAW,2026-01-20T20:53:15.629951354Z
01KFEE5KZCTNQ04CKD6MT2GDXB,01KFEDCB0G5KS91T4MD9JTDSA4,2026-01-20T19:30:10.540528226Z,10,2026-01-20T19:30:13.924732827Z,A,2026-01-20T19:30:13.911310076Z,01KFEDCB197E7YMN5STVXKHS22,2026-01-20T19:30:10.540528226Z,01KFEDZFSW9KBCS8VJN8KBS8T4,2026-01-20T19:30:10.540528226Z,01KFEE2FC3P06YMVVVSXKR5DCG,2026-01-20T19:30:10.540528226Z
01KFEEJ6J77CSPW4G9Q8YPMRXG,01KFEDCB7P38BTZ4ACVDP6P0XN,2026-01-20T19:37:02.791555207Z,20,2026-01-20T19:37:07.853502952Z,B,2026-01-20T19:37:05.818621224Z,01KFEDCB85NRAF0XG25ABR62N5,2026-01-20T19:37:02.791555207Z,01KFEE7Q9A8CN1TS35QENG1JN7,2026-01-20T19:37:02.791555207Z,01KFEEC6QAYQ8FTT1983XKTPWR,2026-01-20T19:37:02.791555207Z
01KFEHXQP5SG1A263R97NT31E3,01KFEHA1MRJDJA6FNTED28Z8HF,2026-01-20T20:35:46.501427351Z,10,2026-01-20T20:35:50.947920036Z,A,2026-01-20T20:35:50.215976243Z,01KFEHA1QYV2E8SAEFNEHYNVTN,2026-01-20T20:35:46.501427351Z,01KFEHKCW5X4CR8DBAYXY74YGJ,2026-01-20T20:35:46.501427351Z,01KFEHSJJ1RS48DCWZPCEB87MA,2026-01-20T20:35:46.501427351Z
01KFEJ4JVQEA6HQ2FT19Y6MMZB,01KFEHA20TFYVSSENV0N2723W5,2026-01-20T20:39:30.93517061Z,,,B,2026-01-20T20:39:34.489152827Z,01KFEHA25QS717K28J0SK0Z44C,2026-01-20T20:39:30.93517061Z,01KFEHRJ9VA6B41V2MY68WZGEG,2026-01-20T20:39:30.93517061Z,01KFEHZD8SKH7ATNXW02NW8WGH,2026-01-20T20:39:30.93517061Z
01KFEJARDGD3F4JHJS8AZ31M24,01KFEHAKK9QMW81MWT2FF1CSZA,2026-01-20T20:42:53.232380926Z,,,,,01KFEHAKM9HA0G83B6BNP2KSMS,2026-01-20T20:42:53.232380926Z,01KFEHYA46Y9WQMK0XZ5W2FA7V,2026-01-20T20:42:53.232380926Z,01KFEJ8Z8SBPWY2Q96466Q0HN3,2026-01-20T20:42:53.232380926Z
01KFEJV1SHP8GR0126S7JGSTQ8,01KFEHAM0SBSN9QYCK4NGJTWCC,2026-01-20T20:51:47.121205691Z,29,2026-01-20T20:51:59.699508148Z,C,2026-01-20T20:51:53.313373079Z,01KFEHAM4AZFDTAG8DR1VA4141,2026-01-20T20:51:47.121205691Z,01KFEJAS01H74KYS8N629S6DTN,2026-01-20T20:51:47.121205691Z,01KFEJMJRGXY9AQ0P54W1XDG10,2026-01-20T20:51:47.121205691Z
01KFEK4A9DV8E44NVQBCQ9NSWW,01KFEJ5C7H3Z5SGPPT0TCGAEB2,2026-01-20T20:56:50.733586001Z,10,2026-01-20T20:56:57.686493006Z,B,2026-01-20T20:56:57.58833903Z,01KFEJ5C9822567XDA8A9QG0G3,2026-01-20T20:56:50.733586001Z,01KFEJTATNKXCTW38TD0J18TFE,2026-01-20T20:56:50.733586001Z,01KFEK0Q0S4CP92BT63CJ2ZD34,2026-01-20T20:56:50.733586001Z
01KFEK7CHM93SY6TZVKD4FBA6Z,01KFEJ5CPJ5RGARFNN6Z0PCT4Q,2026-01-20T20:58:31.348989171Z,17,2026-01-20T20:58:34.142633733Z,D,2026-01-20T20:58:34.061524528Z,01KFEJ5CR34Y85488XX0EC4SX7,2026-01-20T20:58:31.348989171Z,01KFEK2CHZEQKJXR4MCNPDS01E,2026-01-20T20:58:31.348989171Z,01KFEK6E9QYCXG1TNGGCVT3NDD,2026-01-20T20:58:31.348989171Z
01KFEE3FR0GE0RKD5GY395RTSP,01KFEDCC1ZHDDN3CP9JWF4PGTF,2026-01-20T19:29:00.672508649Z,29,2026-01-20T19:29:02.935143583Z,C,2026-01-20T19:29:02.924866225Z,01KFEDCC2JDADMPT5RVP2N7S0X,2026-01-20T19:29:00.672508649Z,01KFEDNQAB8C2AFG7D4ZXA4K64,2026-01-20T19:29:00.672508649Z,01KFEDZ331KHXNHJEDC9ZPQ3SR,2026-01-20T19:29:00.672508649Z
01KFEHSRKBVF5P5MDQ9JXJJM1X,01KFEHA1EJWPRPNCXBTHCF12K2,2026-01-20T20:33:36.363247365Z,0,2026-01-20T20:33:37.812353684Z,B,2026-01-20T20:33:37.67048363Z,01KFEHA1GDXTPSA0SX8CRPX47C,2026-01-20T20:33:36.363247365Z,01KFEHHMSX0QGW7JR1FS9J2AW6,2026-01-20T20:33:36.363247365Z,01KFEHNSG101VJN2KQAVDCQKEE,2026-01-20T20:33:36.363247365Z
01KFEK8ZWCSVAG0SMWCDZ4VP9A,01KFEJ5CPJ5RGARFNN6Z0PCT4Q,2026-01-20T20:59:23.916826712Z,10,2026-01-20T20:59:52.130258331Z,A,2026-01-20T20:59:47.346361643Z,01KFEJ5CR34Y85488XX0EC4SX7,2026-01-20T20:59:23.916826712Z,01KFEK2CHZEQKJXR4MCNPDS01E,2026-01-20T20:59:23.916826712Z,01KFEK6ECATW7D7560PG9H1X30,2026-01-20T20:59:23.916826712Z
01KFEEGQTS3AGG2X53SHC5H060,01KFEDCB7P38BTZ4ACVDP6P0XN,2026-01-20T19:36:14.938016943Z,19,2026-01-20T19:36:22.38595326Z,C,2026-01-20T19:36:16.581760586Z,01KFEDCB85NRAF0XG25ABR62N5,2026-01-20T19:36:14.938016943Z,01KFEE7Q9A8CN1TS35QENG1JN7,2026-01-20T19:36:14.938016943Z,01KFEEC6Q74KY97CWV6MWC0GZS,2026-01-20T19:36:14.938016943Z
01KFEHS0WEE6KJ73ZWYKVNM130,01KFEHA1EJWPRPNCXBTHCF12K2,2026-01-20T20:33:12.078906243Z,0,2026-01-20T20:33:14.100714236Z,A,2026-01-20T20:33:14.071026764Z,01KFEHA1GDXTPSA0SX8CRPX47C,2026-01-20T20:33:12.078906243Z,01KFEHHMSX0QGW7JR1FS9J2AW6,2026-01-20T20:33:12.078906243Z,01KFEHNSFCPMM7FSRASSMTWFCY,2026-01-20T20:33:12.078906243Z
01KFEHSAW1F23FX3KD34EF8K1D,01KFEHA1EJWPRPNCXBTHCF12K2,2026-01-20T20:33:22.305395816Z,0,2026-01-20T20:33:24.863389008Z,C,2026-01-20T20:33:24.832653189Z,01KFEHA1GDXTPSA0SX8CRPX47C,2026-01-20T20:33:22.305395816Z,01KFEHHMSX0QGW7JR1FS9J2AW6,2026-01-20T20:33:22.305395816Z,01KFEHNSFMGD4EFTM0B7YK2QCJ,2026-01-20T20:33:22.305395816Z
01KFEHT14A6ZHXWP73H3QKCXV0,01KFEHA1MRJDJA6FNTED28Z8HF,2026-01-20T20:33:45.098947207Z,20,2026-01-20T20:33:48.205982352Z,B,2026-01-20T20:33:48.181492442Z,01KFEHA1QMX5DYGHPSSSP2RXXX,2026-01-20T20:33:45.098947207Z,01KFEHH299EZ808S0B86915EW8,2026-01-20T20:33:45.098947207Z,01KFEHR2ZGCTQKXG1QSX5BCNY9,2026-01-20T20:33:45.098947207Z
01KFEE17RWG7ADJDF7FD33RWT9,01KFEDCC1ZHDDN3CP9JWF4PGTF,2026-01-20T19:27:46.972540417Z,29,2026-01-20T19:27:50.707787087Z,C,2026-01-20T19:27:50.696945491Z,01KFEDCC2JDADMPT5RVP2N7S0X,2026-01-20T19:27:46.972540417Z,01KFEDNQAB8C2AFG7D4ZXA4K64,2026-01-20T19:27:46.972540417Z,01KFEDZ32TBSYBE3V67WAX9FQE,2026-01-20T19:27:46.972540417Z
01KFEE4J90JVZPD4Q0XS9VA0ZB,01KFEDCB0G5KS91T4MD9JTDSA4,2026-01-20T19:29:36.032837156Z,0,2026-01-20T19:29:39.420778309Z,C,2026-01-20T19:29:38.638663884Z,01KFEDCB197E7YMN5STVXKHS22,2026-01-20T19:29:36.032837156Z,01KFEDRBWHPV4A332ZXM2PZSR4,2026-01-20T19:29:36.032837156Z,01KFEE2FCAN8VBWNWJJYWV02NC,2026-01-20T19:29:36.032837156Z
01KFEFJMH1H2S9QVC7QPZY36PE,01KFEDC9EK94N2WNCHE5RRQHCJ,2026-01-20T19:54:45.666004367Z,10,2026-01-20T19:54:50.926564115Z,A,2026-01-20T19:54:48.279916361Z,01KFEDC9FF7T49EPA99GZDGH84,2026-01-20T19:54:45.666004367Z,01KFEFB7KJED56AXX5RHJAHZFZ,2026-01-20T19:54:45.666004367Z,01KFEFG2Q5S1FN8QMJ1RJEY7Z2,2026-01-20T19:54:45.666004367Z
01KFEFK48GM3EQJPMSZJPV6NYF,01KFEDCAVEZK3QD8ZFC2PP83WE,2026-01-20T19:55:01.77656291Z,29,2026-01-20T19:55:06.153045512Z,C,2026-01-20T19:55:02.700317796Z,01KFEDCAVZJC7DD4AH1RF6NR9W,2026-01-20T19:55:01.77656291Z,01KFEF0XCN2JDQQD559T0PP43B,2026-01-20T19:55:01.77656291Z,01KFEFFP477BRB93GCW74NGMQP,2026-01-20T19:55:01.77656291Z
01KFEHVZ26544X10K126BM844Z,01KFEHA1MRJDJA6FNTED28Z8HF,2026-01-20T20:34:48.518604162Z,20,2026-01-20T20:34:49.908571741Z,B,2026-01-20T20:34:49.513199164Z,01KFEHA1QMX5DYGHPSSSP2RXXX,2026-01-20T20:34:48.518604162Z,01KFEHH299EZ808S0B86915EW8,2026-01-20T20:34:48.518604162Z,01KFEHR314KTB8J024JC33TAJ1,2026-01-20T20:34:48.518604162Z
01KFEHY1MX9K78792NAN5CZ4T0,01KFEHA1W0DBA89GCQ87GA4EG5,2026-01-20T20:35:56.701614103Z,0,2026-01-20T20:36:02.07374226Z,B,2026-01-20T20:36:02.047570429Z,01KFEHA1YZ8ZAAQFH3AAV34XZC,2026-01-20T20:35:56.701614103Z,01KFEHG3HQKMJV6MDTGGGPAJE2,2026-01-20T20:35:56.701614103Z,01KFEHRCP2PAPFJWKRECA0NVH2,2026-01-20T20:35:56.701614103Z
01KFEJFQEG835N3A50H88MS1JJ,01KFEHAM0SBSN9QYCK4NGJTWCC,2026-01-20T20:45:36.080037823Z,7,2026-01-20T20:46:25.190234727Z,D,2026-01-20T20:46:20.89184675Z,01KFEHAM3ZX2QFEZ4F28QFW79D,2026-01-20T20:45:36.080037823Z,01KFEJ9883X77HA7T3SDA1VF8F,2026-01-20T20:45:36.080037823Z,01KFEJDCQTMVM4FJAYCY5FXPH5,2026-01-20T20:45:36.080037823Z
01KFEJXHWZP4F22C89TZ8CJAEK,01KFEHAM0SBSN9QYCK4NGJTWCC,2026-01-20T20:53:09.151140976Z,0,2026-01-20T20:53:14.437724065Z,A,2026-01-20T20:53:14.122776237Z,01KFEHAM4AZFDTAG8DR1VA4141,2026-01-20T20:53:09.151140976Z,01KFEJFMC7CFQF46Z46BV1EM1Q,2026-01-20T20:53:09.151140976Z,01KFEJMJTEAESQ2Q8PHNRKY5NV,2026-01-20T20:53:09.151140976Z
01KFEDYZRDG6K1SFJKCQADH0YY,01KFEDCC1ZHDDN3CP9JWF4PGTF,2026-01-20T19:26:33.229485078Z,17,2026-01-20T19:26:35.285733909Z,D,2026-01-20T19:26:34.375823729Z,01KFEDCC2JDADMPT5RVZQ93BA8,2026-01-20T19:26:33.229485078Z,01KFEDKABYH5MEPJ95J3ZMZNRM,2026-01-20T19:26:33.229485078Z,01KFEDVKB3W3YVYHTP0ZNB18XR,2026-01-20T19:26:33.229485078Z
01KFEEF3K90NDPW1W8TDZ9VH0E,01KFEDCB0G5KS91T4MD9JTDSA4,2026-01-20T19:35:21.449348359Z,19,2026-01-20T19:35:26.811348295Z,C,2026-01-20T19:35:26.793152688Z,01KFEDCB15BD0TYD7H0V6YZGSZ,2026-01-20T19:35:21.449348359Z,01KFEE2B09J1P0X60NY0EGT3C2,2026-01-20T19:35:21.449348359Z,01KFEE9KM7YKRRKPBFZ4AZGZ5E,2026-01-20T19:35:21.449348359Z
01KFEK5B3VN1F10806ABQ9V03E,01KFEJ5C7H3Z5SGPPT0TCGAEB2,2026-01-20T20:57:24.347894693Z,0,2026-01-20T20:57:26.874713378Z,C,2026-01-20T20:57:26.814745693Z,01KFEJ5C9822567XDA8A9QG0G3,2026-01-20T20:57:24.347894693Z,01KFEJTATNKXCTW38TD0J18TFE,2026-01-20T20:57:24.347894693Z,01KFEK0Q70R7WAX0TRT4PFQJMH,2026-01-20T20:57:24.347894693Z
01KFEHQX6H32SDKGR0DJD33XWY,01KFEHA1EJWPRPNCXBTHCF12K2,2026-01-20T20:32:35.537983524Z,0,2026-01-20T20:32:40.832006819Z,C,2026-01-20T20:32:37.123359467Z,01KFEHA1GDXTPSA0SX8CRPX47C,2026-01-20T20:32:35.537983524Z,01KFEHHMSX0QGW7JR1FS9J2AW6,2026-01-20T20:32:35.537983524Z,01KFEHNSECFNKY5EBGFP7AG7AV,2026-01-20T20:32:35.537983524Z
01KFEJMR18TFWMFFY18J0J0B4Z,01KFEHAM0SBSN9QYCK4NGJTWCC,2026-01-20T20:48:20.520803216Z,19,2026-01-20T20:48:24.117092711Z,C,2026-01-20T20:48:23.273476951Z,01KFEHAM45R1366856G6A2WGHZ,2026-01-20T20:48:20.520803216Z,01KFEHYH6DP091MJE3KD0CRNR1,2026-01-20T20:48:20.520803216Z,01KFEJBBTZ1JJAWXJD9N3E2NJF,2026-01-20T20:48:20.520803216Z
01KFEDZTVKA0DQATJ0CMFZCSZZ,01KFEDCC1ZHDDN3CP9JWF4PGTF,2026-01-20T19:27:00.979818701Z,17,2026-01-20T19:27:02.712322369Z,D,2026-01-20T19:27:01.886906386Z,01KFEDCC2JDADMPT5RVZQ93BA8,2026-01-20T19:27:00.979818701Z,01KFEDKABYH5MEPJ95J3ZMZNRM,2026-01-20T19:27:00.979818701Z,01KFEDVKAZREJHWJYHVZEAH663,2026-01-20T19:27:00.979818701Z
01KFEEV9BFGZMCD6PBMJQ48SKN,01KFEDCCAW3ZY6KSKNHTKZ971F,2026-01-20T19:42:00.559188179Z,0,2026-01-20T19:42:15.536955469Z,D,2026-01-20T19:42:09.769919888Z,01KFEDCCBE716PRHN8Q6NQV6ZT,2026-01-20T19:42:00.559188179Z,01KFEEMRW7PPKZGT4SNXBV2JSZ,2026-01-20T19:42:00.559188179Z,01KFEEV7V3HRE33Z26173TWBJ1,2026-01-20T19:42:00.559188179Z
01KFEJ1PWXMJN4NJG6CVXK7MBN,01KFEHA1W0DBA89GCQ87GA4EG5,2026-01-20T20:37:56.765113074Z,0,2026-01-20T20:38:00.326711563Z,C,2026-01-20T20:37:59.866470461Z,01KFEHA1Z72TJ9J0QENR016CFN,2026-01-20T20:37:56.765113074Z,01KFEHVQ5CHDKKYBKKZ5GXNMKV,2026-01-20T20:37:56.765113074Z,01KFEHZ0GAHK1WXXMMVBS314KR,2026-01-20T20:37:56.765113074Z
01KFEJ39GBKZM2E2R2DZAYWCRE,01KFEHA20TFYVSSENV0N2723W5,2026-01-20T20:38:48.587485665Z,0,2026-01-20T20:39:07.011771861Z,A,2026-01-20T20:39:06.964658738Z,01KFEHA25QS717K28J0SK0Z44C,2026-01-20T20:38:48.587485665Z,01KFEHRJ9VA6B41V2MY68WZGEG,2026-01-20T20:38:48.587485665Z,01KFEHZD88H9R4KNHHB0DQRJKN,2026-01-20T20:38:48.587485665Z
01KFEFP7ZKWG1PB4N4AV7PEHA7,01KFEDC9EK94N2WNCHE5RRQHCJ,2026-01-20T19:56:43.891178144Z,19,2026-01-20T19:56:46.020792717Z,C,2026-01-20T19:56:45.860109057Z,01KFEDC9FF7T49EPA99GZDGH84,2026-01-20T19:56:43.891178144Z,01KFEFBN24Q9S7DG3606EXV8XC,2026-01-20T19:56:43.891178144Z,01KFEFG2R77EQ6DEDMZJGNK4DM,2026-01-20T19:56:43.891178144Z
01KFEHVSFVCE0HX4H785QMBEEB,01KFEHA1MRJDJA6FNTED28Z8HF,2026-01-20T20:34:42.811298459Z,20,2026-01-20T20:34:45.662167072Z,A,2026-01-20T20:34:45.628707452Z,01KFEHA1QMX5DYGHPSSSP2RXXX,2026-01-20T20:34:42.811298459Z,01KFEHJFJ1SMX3RCX9M0MFWVF6,2026-01-20T20:34:42.811298459Z,01KFEHR30XQXV6KQPQWT2W3PM1,2026-01-20T20:34:42.811298459Z
01KFEHJTF5M76ADY61NDZVWSB2,01KFEHA1W0DBA89GCQ87GA4EG5,2026-01-20T20:29:48.901863272Z,29,2026-01-20T20:29:58.936331971Z,C,2026-01-20T20:29:50.684709984Z,01KFEHA1ZNDEMMB0DK92YAW8BD,2026-01-20T20:29:48.901863272Z,01KFEHEBSJCV2WCY6FBMMN65A3,2026-01-20T20:29:48.901863272Z,01KFEHHMWTPGGTJE2DD1XCYN30,2026-01-20T20:29:48.901863272Z
01KFEHZBQ8F1MASXNM1M7VXPHN,01KFEHA1MRJDJA6FNTED28Z8HF,2026-01-20T20:36:39.784383893Z,17,2026-01-20T20:36:44.337206002Z,D,2026-01-20T20:36:42.334258186Z,01KFEHA1QYV2E8SAEFNEHYNVTN,2026-01-20T20:36:39.784383893Z,01KFEHKCW5X4CR8DBAYXY74YGJ,2026-01-20T20:36:39.784383893Z,01KFEHSJK11J7ACMZA108D831V,2026-01-20T20:36:39.784383893Z
01KFEE2P9E846GKY3ERN3T3QNM,01KFEDCC1ZHDDN3CP9JWF4PGTF,2026-01-20T19:28:34.606357213Z,0,2026-01-20T19:28:40.919994683Z,C,2026-01-20T19:28:38.181468394Z,01KFEDCC2JDADMPT5RVP2N7S0X,2026-01-20T19:28:34.606357213Z,01KFEDQK6ZX4EYK4N5S5CFQ5FY,2026-01-20T19:28:34.606357213Z,01KFEDZ32Y1HDHJT4B91XWRA4P,2026-01-20T19:28:34.606357213Z
01KFEFJ90X6DF4DKHH0W20KY9J,01KFEDC9EK94N2WNCHE5RRQHCJ,2026-01-20T19:54:33.885763016Z,19,2026-01-20T19:54:39.959318319Z,C,2026-01-20T19:54:39.946385817Z,01KFEDC9FF7T49EPA99GZDGH84,2026-01-20T19:54:33.885763016Z,01KFEFBN24Q9S7DG3606EXV8XC,2026-01-20T19:54:33.885763016Z,01KFEFG2Q2XM0DM6VCZGB4C33J,2026-01-20T19:54:33.885763016Z
01KFEHSEVC829ZEZG9ZJ4MZTM8,01KFEHA1EJWPRPNCXBTHCF12K2,2026-01-20T20:33:26.380122168Z,10,2026-01-20T20:33:27.89082571Z,B,2026-01-20T20:33:27.820708136Z,01KFEHA1GDXTPSA0SX8CRPX47C,2026-01-20T20:33:26.380122168Z,01KFEHHMSX0QGW7JR1FS9J2AW6,2026-01-20T20:33:26.380122168Z,01KFEHNSDF2VZ2E27A6EZNS91J,2026-01-20T20:33:26.380122168Z
01KFEHTWNM4BSH37P8W1RKVCZW,01KFEHA1MRJDJA6FNTED28Z8HF,2026-01-20T20:34:13.300396347Z,19,2026-01-20T20:34:19.044785242Z,C,2026-01-20T20:34:18.999903986Z,01KFEHA1QYV2E8SAEFNEHYNVTN,2026-01-20T20:34:13.300396347Z,01KFEHHH6AXDMAXMWAFCF5JGBC,2026-01-20T20:34:13.300396347Z,01KFEHSJGF68C9A426Y62F5NSJ,2026-01-20T20:34:13.300396347Z
01KFEJ27P2VZBB92AFGWHMRM59,01KFEHA1W0DBA89GCQ87GA4EG5,2026-01-20T20:38:13.954355328Z,29,2026-01-20T20:38:18.614450421Z,C,2026-01-20T20:38:17.09873925Z,01KFEHA1Z72TJ9J0QENR016CFN,2026-01-20T20:38:13.954355328Z,01KFEHMDY2YXCAA0WMRPTSEKC9,2026-01-20T20:38:13.954355328Z,01KFEHZ0GZS76JMCZK8MEQVZ1N,2026-01-20T20:38:13.954355328Z
01KFEJ5EWN5SV9FFA2JY9K0TR0,01KFEHAKK9QMW81MWT2FF1CSZA,2026-01-20T20:39:59.637519109Z,19,2026-01-20T20:40:07.702475614Z,C,2026-01-20T20:40:07.658609557Z,01KFEHAKMDAJRN7M0QA4VDJCGY,2026-01-20T20:39:59.637519109Z,01KFEHW86W3STHQPDAT1BP1CXX,2026-01-20T20:39:59.637519109Z,01KFEJ2SJ2X7SQGFBA9Y49Y77K,2026-01-20T20:39:59.637519109Z
01KFEE0Y58T80AZG0PNJF58VQ8,01KFEDCC1ZHDDN3CP9JWF4PGTF,2026-01-20T19:27:37.128849813Z,17,2026-01-20T19:27:42.058758543Z,D,2026-01-20T19:27:40.281445129Z,01KFEDCC2JDADMPT5RVP2N7S0X,2026-01-20T19:27:37.128849813Z,01KFEDQK6ZX4EYK4N5S5CFQ5FY,2026-01-20T19:27:37.128849813Z,01KFEDZ32SWW4AFB8VQ93662W8,2026-01-20T19:27:37.128849813Z
01KFEE21HGY5D18NVBZT1B2TDN,01KFEDCB0G5KS91T4MD9JTDSA4,2026-01-20T19:28:13.360912751Z,0,2026-01-20T19:28:23.501158724Z,C,2026-01-20T19:28:18.553865484Z,01KFEDCB139KMAVWQ3WS54614D,2026-01-20T19:28:13.360912751Z,01KFEDV9TKV9GTHAZ1F6R9Z694,2026-01-20T19:28:13.360912751Z,01KFEE0HE6GR2B1HT86H6CNGW9,2026-01-20T19:28:13.360912751Z
01KFEJ8ES6YT9GCDXV2P1WP9X3,01KFEHA20TFYVSSENV0N2723W5,2026-01-20T20:41:37.83101498Z,20,2026-01-20T20:41:40.053717586Z,B,2026-01-20T20:41:40.014482448Z,01KFEHA25S6PYJD4DSX1VJG5FE,2026-01-20T20:41:37.83101498Z,01KFEHKBVRWD07VXT4ZKHQQAA6,2026-01-20T20:41:37.83101498Z,01KFEJ3HQPGW0VP103K6RVY8AR,2026-01-20T20:41:37.83101498Z
01KFEK3M4G9A4YF6DC9XJY3WXC,01KFEJ5C7H3Z5SGPPT0TCGAEB2,2026-01-20T20:56:28.04806862Z,0,2026-01-20T20:56:37.628041562Z,C,2026-01-20T20:56:37.552322783Z,01KFEJ5C9822567XDA8A9QG0G3,2026-01-20T20:56:28.04806862Z,01KFEJRM0CNFF8YTKCA6JC16CE,2026-01-20T20:56:28.04806862Z,01KFEK0Q1FH3DY1RK2H5WCN6ZA,2026-01-20T20:56:28.04806862Z
01KFEHJN5AS38Q2R5XDKTW2Y6A,01KFEHA20TFYVSSENV0N2723W5,2026-01-20T20:29:43.466457858Z,10,2026-01-20T20:29:50.506705842Z,A,2026-01-20T20:29:47.451807917Z,01KFEHA25NESP3C46R1STZWY67,2026-01-20T20:29:43.466457858Z,01KFEHE6NX6FXVRTV1KPH8TKWC,2026-01-20T20:29:43.466457858Z,01KFEHHR66C25E93ANBEDKJV69,2026-01-20T20:29:43.466457858Z
01KFEJZHF1GTNHJMARBMC4J1KV,01KFEJ5DKDD8ED3R70AXWWV7TA,2026-01-20T20:54:14.241162754Z,29,2026-01-20T20:54:16.315765483Z,C,2026-01-20T20:54:16.187604604Z,01KFEJ5DPFFD934S0E2GQ1B9RR,2026-01-20T20:54:14.241162754Z,01KFEJJ4V0E3E83F88J6MK6KAW,2026-01-20T20:54:14.241162754Z,01KFEJVCZANXPRXT7EFNMFCPZX,2026-01-20T20:54:14.241162754Z
01KFEHN7JWXH91NMXFFA5Y5DEM,01KFEHA1W0DBA89GCQ87GA4EG5,2026-01-20T20:31:07.868222201Z,17,2026-01-20T20:31:09.222377362Z,D,2026-01-20T20:31:09.060819219Z,01KFEHA1ZNDEMMB0DK92YAW8BD,2026-01-20T20:31:07.868222201Z,01KFEHAFP87N0FEFRCAHH2V652,2026-01-20T20:31:07.868222201Z,01KFEHHMXZHHDJDR51Q15SHPK8,2026-01-20T20:31:07.868222201Z
01KFEJW88E975ZW5W4XA5N7BKE,01KFEHAM72H3ZNN8G0T2BCT79K,2026-01-20T20:52:26.510266096Z,7,2026-01-20T20:52:30.752782748Z,D,2026-01-20T20:52:28.954392707Z,01KFEHAMATV7GY0NQF17M2P0MD,2026-01-20T20:52:26.510266096Z,01KFEJ5D2KZA6HXFGKH7XFG11W,2026-01-20T20:52:26.510266096Z,01KFEJMAXY50EDB1ESFQ59VMKC,2026-01-20T20:52:26.510266096Z
01KFEJZNZP3V54QE4GGC4KK4TZ,01KFEHAM72H3ZNN8G0T2BCT79K,2026-01-20T20:54:18.870835741Z,,,,,01KFEHAMB65F4EHHS2KPJ10RVS,2026-01-20T20:54:18.870835741Z,01KFEJQ43AZNCTHABZKM6DBV3R,2026-01-20T20:54:18.870835741Z,01KFEJV6VWRP4NCDRJ2BZ5AND8,2026-01-20T20:54:18.870835741Z
01KFEEEEZMGY1AZ1C6FJNQVGEA,01KFEDCB0G5KS91T4MD9JTDSA4,2026-01-20T19:35:00.340604592Z,19,2026-01-20T19:35:05.218666109Z,C,2026-01-20T19:35:05.201652561Z,01KFEDCB15BD0TYD7H0V6YZGSZ,2026-01-20T19:35:00.340604592Z,01KFEE2B09J1P0X60NY0EGT3C2,2026-01-20T19:35:00.340604592Z,01KFEE9KM9J603KKBNGXMM8RBS,2026-01-20T19:35:00.340604592Z
01KFEEJGH1C9PPACWKJHTVJQ49,01KFEDCB7P38BTZ4ACVDP6P0XN,2026-01-20T19:37:12.993068334Z,0,2026-01-20T19:37:17.959313576Z,A,2026-01-20T19:37:17.94518118Z,01KFEDCB85NRAF0XG25ABR62N5,2026-01-20T19:37:12.993068334Z,01KFEE2GDYZKFQF2HSAA1FMRTA,2026-01-20T19:37:12.993068334Z,01KFEEC6QCVS81FJ6KAT1KSZDZ,2026-01-20T19:37:12.993068334Z
01KFEEB022ETNRWXGVVT8QW0G3,01KFEDCB0G5KS91T4MD9JTDSA4,2026-01-20T19:33:06.754506361Z,19,2026-01-20T19:33:19.783907958Z,C,2026-01-20T19:33:19.765966157Z,01KFEDCB15BD0TYD7H0V6YZGSZ,2026-01-20T19:33:06.754506361Z,01KFEE2B09J1P0X60NY0EGT3C2,2026-01-20T19:33:06.754506361Z,01KFEE9KKNVYHNKP7WMCHNXV4R,2026-01-20T19:33:06.754506361Z
01KFEHXET8D1W3YDJ6V21XKTGC,01KFEHA1EJWPRPNCXBTHCF12K2,2026-01-20T20:35:37.4169831Z,10,2026-01-20T20:35:41.230480681Z,A,2026-01-20T20:35:40.065356478Z,01KFEHA1GRK7A014NXTNRF457G,2026-01-20T20:35:37.4169831Z,01KFEHG6C81JZ80FMVPH00AMCG,2026-01-20T20:35:37.4169831Z,01KFEHPVMPBN5P18FWQJRJWTEE,2026-01-20T20:35:37.4169831Z
01KFEHGZ3GDR6QRHZH37YHRSF0,01KFEDC9EK94N2WNCHE5RRQHCJ,2026-01-20T20:28:48.112664969Z,29,2026-01-20T20:28:51.460621693Z,C,2026-01-20T20:28:51.438154207Z,01KFEDC9FGZ2QQQ39YDAAVXSM4,2026-01-20T20:28:48.112664969Z,01KFEHDSTHHYXMQHJA6EK6PVQT,2026-01-20T20:28:48.112664969Z,01KFEHF2TZZHVXVCYWTDHS6G4X,2026-01-20T20:28:48.112664969Z
01KFEJERKEEY1MHHYPC9699EFS,01KFEHAM0SBSN9QYCK4NGJTWCC,2026-01-20T20:45:04.494620616Z,7,2026-01-20T20:45:21.963950495Z,D,2026-01-20T20:45:09.6216361Z,01KFEHAM45R1366856G6A2WGHZ,2026-01-20T20:45:04.494620616Z,01KFEHW1PTS6VD3Q9W69X0CC7S,2026-01-20T20:45:04.494620616Z,01KFEJBBQ9W7AFMM8K52FPEBRD,2026-01-20T20:45:04.494620616Z
01KFEJK86NRG62A9X69VM2T6QD,01KFEHAM0SBSN9QYCK4NGJTWCC,2026-01-20T20:47:31.54162136Z,19,2026-01-20T20:47:35.781225084Z,C,2026-01-20T20:47:35.696770685Z,01KFEHAM3ZX2QFEZ4F28QFW79D,2026-01-20T20:47:31.54162136Z,01KFEJ9883X77HA7T3SDA1VF8F,2026-01-20T20:47:31.54162136Z,01KFEJDCT21RSTZVN86PQ9B0RY,2026-01-20T20:47:31.54162136Z
01KFEDV8D3D2EYJ7ZDX5AE27FS,01KFEDCC1ZHDDN3CP9JWF4PGTF,2026-01-20T19:24:31.011302283Z,,,,,01KFEDCC2FPEHPAR4R0JHCHJDR,2026-01-20T19:24:31.011302283Z,01KFEDJ3W6S3S1BCD0YYX5FWTS,2026-01-20T19:24:31.011302283Z,01KFEDV7G2Y5SQQ9W4JAGAC5YY,2026-01-20T19:24:31.011302283Z
01KFEHG9A1G573706ZG64BHMF3,01KFEDC9EK94N2WNCHE5RRQHCJ,2026-01-20T20:28:25.793608895Z,29,2026-01-20T20:28:41.935921479Z,C,2026-01-20T20:28:41.910328509Z,01KFEDC9FGZ2QQQ39YDAAVXSM4,2026-01-20T20:28:25.793608895Z,01KFEHDSTHHYXMQHJA6EK6PVQT,2026-01-20T20:28:25.793608895Z,01KFEHF2TTV3JSPZC78CYPBXZ0,2026-01-20T20:28:25.793608895Z
01KFEJCVXXB6XG0CHN4XJKBH1M,01KFEHAKK9QMW81MWT2FF1CSZA,2026-01-20T20:44:02.36589559Z,0,2026-01-20T20:44:17.134149899Z,C,2026-01-20T20:44:05.873878819Z,01KFEHAKM3JNAB6T75AF59R2WG,2026-01-20T20:44:02.36589559Z,01KFEJ4834YW0GPY6X44GM9D52,2026-01-20T20:44:02.36589559Z,01KFEJAM995G3KYM2ZXA90E17J,2026-01-20T20:44:02.36589559Z
01KFEETYPKKW0CJJYA59HD30MX,01KFEDCCH0VMFH7P25F40PD43N,2026-01-20T19:41:49.651892736Z,17,2026-01-20T19:41:52.600625311Z,D,2026-01-20T19:41:52.578195674Z,01KFEDCCHJADFRJT5F5VJ9ST9F,2026-01-20T19:41:49.651892736Z,01KFEEJDGDWEMZQAHJH9Z7FVC3,2026-01-20T19:41:49.651892736Z,01KFEERHSVCJAJNXZR9BAR0VM4,2026-01-20T19:41:49.651892736Z
01KFEJCCC01A8SSMJNAFT6N2Y5,01KFEHAKK9QMW81MWT2FF1CSZA,2026-01-20T20:43:46.432035758Z,0,2026-01-20T20:43:50.65895829Z,C,2026-01-20T20:43:50.432669365Z,01KFEHAKMDAJRN7M0QA4VDJCGY,2026-01-20T20:43:46.432035758Z,01KFEHW86W3STHQPDAT1BP1CXX,2026-01-20T20:43:46.432035758Z,01KFEJ2SN1CZZD2YDR7RPD2ZWZ,2026-01-20T20:43:46.432035758Z
