id,batchID,batchIDLastChangedAt,bonus,bonusLastChangedAt,decision,decisionLastChangedAt,gameID,gameIDLastChangedAt,playerID,playerIDLastChangedAt,roundID,roundIDLastChangedAt
01KFEVSFDZMKHWRGFN16GXRS70,01KFEV37PBC6DGWCX0HT0QWYJR,2026-01-20T23:28:12.735141855Z,17,2026-01-20T23:28:15.426658287Z,D,2026-01-20T23:28:15.405924265Z,01KFEV37PYV9HETXX2PSGE1RKD,2026-01-20T23:28:12.735141855Z,01KFEVDMPGK2KG6CGRXX80WQ5A,2026-01-20T23:28:12.735141855Z,01KFEVKCMC5SWQG5B0D7EEAX5H,2026-01-20T23:28:12.735141855Z
01KFEVTFS1G3RXCGMD07BCFTCY,01KFEV37CWX6SQYA0RPR0C01MW,2026-01-20T23:28:45.857296381Z,19,2026-01-20T23:28:49.727135041Z,C,2026-01-20T23:28:49.701608394Z,01KFEV37DE991T271V0NJ5BY6K,2026-01-20T23:28:45.857296381Z,01KFEVD9ZATE7H5N364WWPAV31,2026-01-20T23:28:45.857296381Z,01KFEVJEJXVVFBH0FKDYNANHM0,2026-01-20T23:28:45.857296381Z
01KFEW70RD98M65B01Y05PYFE1,01KFEVMN9Q125N5N16W4WNYJXF,2026-01-20T23:35:36.461056007Z,17,2026-01-20T23:35:38.337046237Z,D,2026-01-20T23:35:38.258344492Z,01KFEVMNBC23RB4D79KEQ4G0VS,2026-01-20T23:35:36.461056007Z,01KFEVXFAQE8X4YEWXW17GBY46,2026-01-20T23:35:36.461056007Z,01KFEW3VMGZD02ANKDCQP1JWVK,2026-01-20T23:35:36.461056007Z
01KFEWBCBMTD6A4CXPMWA6P5QT,01KFEV38GJVYY8P8B7QXSW6BTE,2026-01-20T23:37:59.412373408Z,10,2026-01-20T23:38:08.554729207Z,B,2026-01-20T23:38:04.651631044Z,01KFEV38H8T2V9428VC9T7MEBA,2026-01-20T23:37:59.412373408Z,01KFEW5105FT4T963R9Z6AZ67Y,2026-01-20T23:37:59.412373408Z,01KFEWB93MZQQNSF35K2S15HQV,2026-01-20T23:37:59.412373408Z
01KFEVAWWPFRJH401T4YRV9X4C,01KFEV2BZFDRZBG3Y0249RG1TW,2026-01-20T23:20:14.998977187Z,20,2026-01-20T23:20:16.240050487Z,B,2026-01-20T23:20:16.229009061Z,01KFEV2C08ND9C9BYW8N2T146P,2026-01-20T23:20:14.998977187Z,01KFEV46YBCF5X09FCFJF4VDEY,2026-01-20T23:20:14.998977187Z,01KFEV992DYNW9GKK2CP4DN9DZ,2026-01-20T23:20:14.998977187Z
01KFEVBM1Q7BAJCQQ3BT7TP0KW,01KFEV2BZFDRZBG3Y0249RG1TW,2026-01-20T23:20:38.711129493Z,20,2026-01-20T23:20:40.039786059Z,B,2026-01-20T23:20:39.771249302Z,01KFEV2C08ND9C9BYW8N2T146P,2026-01-20T23:20:38.711129493Z,01KFEV46YBCF5X09FCFJF4VDEY,2026-01-20T23:20:38.711129493Z,01KFEV992NF1BFY2J085XZ7GRZ,2026-01-20T23:20:38.711129493Z
01KFEVH1X6ZCT3ZYNZT4149EVY,01KFEV2BZFDRZBG3Y0249RG1TW,2026-01-20T23:23:36.742306858Z,20,2026-01-20T23:23:42.214600929Z,B,2026-01-20T23:23:39.465289775Z,01KFEV2C0CP35QE41ZMH45J8TZ,2026-01-20T23:23:36.742306858Z,01KFEV7TATT805MEJDGTCA5NFM,2026-01-20T23:23:36.742306858Z,01KFEVB8GASGJN0SSP4XXA8YGN,2026-01-20T23:23:36.742306858Z
01KFEVPQKGC4QA07TNJAS66QPY,01KFEVMN9Q125N5N16W4WNYJXF,2026-01-20T23:26:42.800691488Z,0,2026-01-20T23:27:03.06717797Z,C,2026-01-20T23:26:55.8207706Z,01KFEVMNB841AFDZFM4WSW4FTD,2026-01-20T23:26:42.800691488Z,01KFEVC3J7JCZ73BZAKH9RH61D,2026-01-20T23:26:42.800691488Z,01KFEVPNF9X8183T19PW5K9TEJ,2026-01-20T23:26:42.800691488Z
01KFEWC184E9NJWJXZVJ9K35S5,01KFEV384BJYC62Y0E6AQK09K8,2026-01-20T23:38:20.80436593Z,0,2026-01-20T23:38:26.362061249Z,C,2026-01-20T23:38:26.33277013Z,01KFEV384Z68A1Z7ZGWS1GDSZK,2026-01-20T23:38:20.80436593Z,01KFEW47TNE510SG18TR5ZERFB,2026-01-20T23:38:20.80436593Z,01KFEW9NEZF4BDJ4D8H6JC57E0,2026-01-20T23:38:20.80436593Z
01KFEVR333YMFVKR88EEZ3WC6F,01KFEVMN9Q125N5N16W4WNYJXF,2026-01-20T23:27:27.331780855Z,0,2026-01-20T23:27:41.418145878Z,C,2026-01-20T23:27:32.891911528Z,01KFEVMNB841AFDZFM4WSW4FTD,2026-01-20T23:27:27.331780855Z,01KFEVB2WK99SDZDFQAW6KYB9M,2026-01-20T23:27:27.331780855Z,01KFEVPNFZCX04WK3RJCDA9DSA,2026-01-20T23:27:27.331780855Z
01KFEWFT88QP29225R8QMCHAQ1,01KFEV38GJVYY8P8B7QXSW6BTE,2026-01-20T23:40:24.712468438Z,20,2026-01-20T23:40:26.067720689Z,A,2026-01-20T23:40:25.677890198Z,01KFEV38H8T2V9428VC9T7MEBA,2026-01-20T23:40:24.712468438Z,01KFEW5BKPC6PA6AD6TVFX3GTH,2026-01-20T23:40:24.712468438Z,01KFEWB97B5TCHMM11XXK0C3WP,2026-01-20T23:40:24.712468438Z
01KFEWGRT5Y1CEBHRPGMGSTHQF,01KFEVMN9Q125N5N16W4WNYJXF,2026-01-20T23:40:56.005240905Z,20,2026-01-20T23:40:57.888176107Z,B,2026-01-20T23:40:57.239275414Z,01KFEVMNAWK7WRWM1AMQZKX6SA,2026-01-20T23:40:56.005240905Z,01KFEW3YJBR4HT7BADWRSVJQV5,2026-01-20T23:40:56.005240905Z,01KFEWE8SPXSSWENNJV0BH3H3G,2026-01-20T23:40:56.005240905Z
01KFEW585B957Z23M41D72MR66,01KFEV38GJVYY8P8B7QXSW6BTE,2026-01-20T23:34:38.507809559Z,17,2026-01-20T23:34:57.018306793Z,D,2026-01-20T23:34:56.844272991Z,01KFEV38H48T18ZRM15RETR33C,2026-01-20T23:34:38.507809559Z,01KFEVVPVMNR90RS0DGAX989B7,2026-01-20T23:34:38.507809559Z,01KFEW2K56P3AGBJZAEKF6M147,2026-01-20T23:34:38.507809559Z
01KFEWAXWYKEHCFN6S2YE20NDA,01KFEV384BJYC62Y0E6AQK09K8,2026-01-20T23:37:44.606440749Z,19,2026-01-20T23:37:52.841806094Z,C,2026-01-20T23:37:52.799194154Z,01KFEV384Z68A1Z7ZGWS1GDSZK,2026-01-20T23:37:44.606440749Z,01KFEW2C8HX8QQZV0FHE0EMNPN,2026-01-20T23:37:44.606440749Z,01KFEW9NENJKDJEWHE1997FMH2,2026-01-20T23:37:44.606440749Z
01KFEVBE2B4YGTEMXQTH4C4BGB,01KFEV2BZFDRZBG3Y0249RG1TW,2026-01-20T23:20:32.587578703Z,20,2026-01-20T23:20:34.05732446Z,A,2026-01-20T23:20:33.891975629Z,01KFEV2C08ND9C9BYW8N2T146P,2026-01-20T23:20:32.587578703Z,01KFEV4APCG117QZ1ZVXNKCJFC,2026-01-20T23:20:32.587578703Z,01KFEV992G0QHTRMA6CN52MSYK,2026-01-20T23:20:32.587578703Z
01KFEVKW7DPC9CXRBP9QSYBYDV,01KFEV384BJYC62Y0E6AQK09K8,2026-01-20T23:25:09.229564276Z,0,2026-01-20T23:25:11.68889736Z,B,2026-01-20T23:25:11.662824207Z,01KFEV384Y33BFECW27AH8GSGD,2026-01-20T23:25:09.229564276Z,01KFEVCQTYNZYE4TGA9WFYBM2V,2026-01-20T23:25:09.229564276Z,01KFEVHAPGWZJCVM4Z19V75XGE,2026-01-20T23:25:09.229564276Z
01KFEVTV8A8ZVA890VY8M0SD6H,01KFEV37CWX6SQYA0RPR0C01MW,2026-01-20T23:28:57.610984538Z,10,2026-01-20T23:29:04.046972717Z,B,2026-01-20T23:29:04.014671603Z,01KFEV37DAAK9E08F076WKMM6J,2026-01-20T23:28:57.610984538Z,01KFEVGWWQWT7BAZNJDAAA325H,2026-01-20T23:28:57.610984538Z,01KFEVRWRV4PBTM59RGPB1MPCT,2026-01-20T23:28:57.610984538Z
01KFEW585227Y1D7P7XX4DW2S7,01KFEV38GJVYY8P8B7QXSW6BTE,2026-01-20T23:34:38.498665885Z,29,2026-01-20T23:34:57.018306793Z,C,2026-01-20T23:34:39.824222744Z,01KFEV38H48T18ZRM15RETR33C,2026-01-20T23:34:38.498665885Z,01KFEVYB6HS3VX2GA7D4G2GPMT,2026-01-20T23:34:38.498665885Z,01KFEW2K56P3AGBJZAEKF6M147,2026-01-20T23:34:38.498665885Z
01KFEVH0ETFR8RBTYKYJ4922YA,01KFEV377XDCWB0CVW0E7ES8WB,2026-01-20T23:23:35.258914263Z,0,2026-01-20T23:23:40.377805205Z,C,2026-01-20T23:23:39.403164668Z,01KFEV378H0PY96RNMJFNCN7TE,2026-01-20T23:23:35.258914263Z,01KFEVA045MDV6WERMTEQ3VAYR,2026-01-20T23:23:35.258914263Z,01KFEVEHGCG7SCGVN0B81NQ5CF,2026-01-20T23:23:35.258914263Z
01KFEWAXX6JJB3SB3VEBAGZ6G8,01KFEV384BJYC62Y0E6AQK09K8,2026-01-20T23:37:44.614355704Z,10,2026-01-20T23:37:52.841806094Z,B,2026-01-20T23:37:50.276433763Z,01KFEV384Z68A1Z7ZGWS1GDSZK,2026-01-20T23:37:44.614355704Z,01KFEW47TNE510SG18TR5ZERFB,2026-01-20T23:37:44.614355704Z,01KFEW9NENJKDJEWHE1997FMH2,2026-01-20T23:37:44.614355704Z
01KFEVFSF13ZDSJ1A5VSE8DVKW,01KFEV377XDCWB0CVW0E7ES8WB,2026-01-20T23:22:55.329905587Z,10,2026-01-20T23:23:01.522615115Z,B,2026-01-20T23:22:58.803882944Z,01KFEV378PDZP87HXSESW6BA01,2026-01-20T23:22:55.329905587Z,01KFEV6V20FH8Q8TGZN4SVCF5R,2026-01-20T23:22:55.329905587Z,01KFEVF1Q0DWKQS3BYN9S091RF,2026-01-20T23:22:55.329905587Z
01KFEVNN2B0KTXXGRJ6NXZ737Z,01KFEV377XDCWB0CVW0E7ES8WB,2026-01-20T23:26:07.435446071Z,20,2026-01-20T23:26:08.79823057Z,A,2026-01-20T23:26:08.642795714Z,01KFEV378FNG971PBW7B2SPNC6,2026-01-20T23:26:07.435446071Z,01KFEVCRBGBMN5MZZVZA8FPX1Z,2026-01-20T23:26:07.435446071Z,01KFEVJNRF52FGSEND6NF55RT9,2026-01-20T23:26:07.435446071Z
01KFEVNN6MVAQ7TWQP68SWRJNX,01KFEV37CWX6SQYA0RPR0C01MW,2026-01-20T23:26:07.572654935Z,7,2026-01-20T23:26:11.560047394Z,D,2026-01-20T23:26:11.183175577Z,01KFEV37DE991T271V0BRDHRJW,2026-01-20T23:26:07.572654935Z,01KFEV8CTFEWEE7C0ZM9KMYRSE,2026-01-20T23:26:07.572654935Z,01KFEVGBDEFGKQZTMK8HZ24A1T,2026-01-20T23:26:07.572654935Z
01KFEVTTBETA8DXB5MGGPE7C2T,01KFEV37PBC6DGWCX0HT0QWYJR,2026-01-20T23:28:56.686973134Z,0,2026-01-20T23:29:00.985282227Z,C,2026-01-20T23:28:59.641198725Z,01KFEV37PV76WD06T50QFKE80T,2026-01-20T23:28:56.686973134Z,01KFEVH5DDXBKC32H7RGDZYG1X,2026-01-20T23:28:56.686973134Z,01KFEVS2Z9EQT2Y1JNWRXDGX7J,2026-01-20T23:28:56.686973134Z
01KFEVP39C06EW7Z7VV1ZVFFC4,01KFEV377XDCWB0CVW0E7ES8WB,2026-01-20T23:26:21.996942023Z,20,2026-01-20T23:26:24.401351084Z,B,2026-01-20T23:26:23.116334033Z,01KFEV378FNG971PBW7B2SPNC6,2026-01-20T23:26:21.996942023Z,01KFEV82H962BNCCRXPB524628,2026-01-20T23:26:21.996942023Z,01KFEVJNR6S4SX7KGTNEJ547G6,2026-01-20T23:26:21.996942023Z
01KFEW3TZ633B5F5HA2546WZGC,01KFEV37PBC6DGWCX0HT0QWYJR,2026-01-20T23:33:52.230469328Z,10,2026-01-20T23:33:55.968209352Z,B,2026-01-20T23:33:53.72535744Z,01KFEV37Q0WSYAYKWHM2EXN0DN,2026-01-20T23:33:52.230469328Z,01KFEVWYACX0Z3X7HHHK5DSTDD,2026-01-20T23:33:52.230469328Z,01KFEW0G8PBE5EFQ6P72KS21WH,2026-01-20T23:33:52.230469328Z
01KFEWHQSQKFRAYA4VTFSQ8DZ0,01KFEVMN9Q125N5N16W4WNYJXF,2026-01-20T23:41:27.735693373Z,20,2026-01-20T23:41:30.504381997Z,A,2026-01-20T23:41:28.492903814Z,01KFEVMNAWK7WRWM1AMQZKX6SA,2026-01-20T23:41:27.735693373Z,01KFEW4NGJQK3SC6VDT657XA1V,2026-01-20T23:41:27.735693373Z,01KFEWE8VFX5MKT559QS5XEW3G,2026-01-20T23:41:27.735693373Z
01KFEWE2W120EJDGWYFQRD5VGK,01KFEV384BJYC62Y0E6AQK09K8,2026-01-20T23:39:28.001700293Z,,,,,01KFEV384Z68A1Z7ZGWS1GDSZK,2026-01-20T23:39:28.001700293Z,01KFEW2C8HX8QQZV0FHE0EMNPN,2026-01-20T23:39:28.001700293Z,01KFEW9NG7HFK52KPRET7F9NBD,2026-01-20T23:39:28.001700293Z
01KFEVKW7AGXA85ZJ4VS5D1CVQ,01KFEV384BJYC62Y0E6AQK09K8,2026-01-20T23:25:09.226122091Z,0,2026-01-20T23:25:11.68889736Z,B,2026-01-20T23:25:11.50383973Z,01KFEV384Y33BFECW27AH8GSGD,2026-01-20T23:25:09.226122091Z,01KFEVF34Y0A3VWJYX9367Q9EA,2026-01-20T23:25:09.226122091Z,01KFEVHAPGWZJCVM4Z19V75XGE,2026-01-20T23:25:09.226122091Z
01KFEVM8F16QBTBW6PFYFWZ077,01KFEV377XDCWB0CVW0E7ES8WB,2026-01-20T23:25:21.761738188Z,7,2026-01-20T23:25:24.121051287Z,D,2026-01-20T23:25:24.098795546Z,01KFEV378PDZP87HXSESW6BA01,2026-01-20T23:25:21.761738188Z,01KFEV6V20FH8Q8TGZN4SVCF5R,2026-01-20T23:25:21.761738188Z,01KFEVF1QJJ1AJY0K2X9A8CP10,2026-01-20T23:25:21.761738188Z
01KFEVVY01FT1378PSXKB9VFTM,01KFEV37PBC6DGWCX0HT0QWYJR,2026-01-20T23:29:33.185488981Z,0,2026-01-20T23:29:36.310776181Z,A,2026-01-20T23:29:34.816854078Z,01KFEV37PV76WD06T50QFKE80T,2026-01-20T23:29:33.185488981Z,01KFEVH5DDXBKC32H7RGDZYG1X,2026-01-20T23:29:33.185488981Z,01KFEVS303VVTZ8PMG4AKVY3SX,2026-01-20T23:29:33.185488981Z
01KFEW1D2P8YYC3FG5NRDJSPW4,01KFEV384BJYC62Y0E6AQK09K8,2026-01-20T23:32:32.470155499Z,10,2026-01-20T23:32:40.529098495Z,B,2026-01-20T23:32:35.010914204Z,01KFEV385166A8JYCZ9G4DMHRQ,2026-01-20T23:32:32.470155499Z,01KFEVWH8M80FFRA88HYSK2ZSQ,2026-01-20T23:32:32.470155499Z,01KFEW1AGDXB9F3CBJZD9ZH5QQ,2026-01-20T23:32:32.470155499Z
01KFEWB4XH7NXM37SKZ3DKF26B,01KFEV38A01XZ4DPRPFKRE96P8,2026-01-20T23:37:51.793153699Z,10,2026-01-20T23:38:01.858369023Z,A,2026-01-20T23:38:01.81676341Z,01KFEV38AJ2CFPYBQZ5JKK7PV4,2026-01-20T23:37:51.793153699Z,01KFEW61CSGZMFE4TZ96QA9A06,2026-01-20T23:37:51.793153699Z,01KFEW9RN40QG3K2B84WKGV58C,2026-01-20T23:37:51.793153699Z
01KFEVRZ90CT1V7RDV9NP85A47,01KFEVMN9Q125N5N16W4WNYJXF,2026-01-20T23:27:56.192207373Z,10,2026-01-20T23:28:04.697805243Z,B,2026-01-20T23:28:04.666754377Z,01KFEVMNB841AFDZFM4WSW4FTD,2026-01-20T23:27:56.192207373Z,01KFEVC3J7JCZ73BZAKH9RH61D,2026-01-20T23:27:56.192207373Z,01KFEVPNFPGQ4NA785Q8C05C2N,2026-01-20T23:27:56.192207373Z
01KFEW282AJ6FMCG7HZ85ZG35S,01KFEV37PBC6DGWCX0HT0QWYJR,2026-01-20T23:33:00.106820354Z,0,2026-01-20T23:33:04.805230662Z,C,2026-01-20T23:33:01.317384202Z,01KFEV37Q0WSYAYKWHM2EXN0DN,2026-01-20T23:33:00.106820354Z,01KFEVWYACX0Z3X7HHHK5DSTDD,2026-01-20T23:33:00.106820354Z,01KFEW0G9D7HY4DT2F92JJP28V,2026-01-20T23:33:00.106820354Z
01KFEW3JZKZXS71BQANS49M803,01KFEV37PBC6DGWCX0HT0QWYJR,2026-01-20T23:33:44.051847821Z,10,2026-01-20T23:33:48.394292918Z,A,2026-01-20T23:33:48.363523176Z,01KFEV37Q0WSYAYKWHM2EXN0DN,2026-01-20T23:33:44.051847821Z,01KFEVWXXVHBHP5S1AZQQ4JZFK,2026-01-20T23:33:44.051847821Z,01KFEW0G9XAWS7DYHEE7AAN198,2026-01-20T23:33:44.051847821Z
01KFEW418ZEKYB28GX5DVAV49A,01KFEV37PBC6DGWCX0HT0QWYJR,2026-01-20T23:33:58.687950892Z,29,2026-01-20T23:34:03.601795271Z,C,2026-01-20T23:34:03.565215147Z,01KFEV37Q0WSYAYKWHM2EXN0DN,2026-01-20T23:33:58.687950892Z,01KFEVWXXVHBHP5S1AZQQ4JZFK,2026-01-20T23:33:58.687950892Z,01KFEW0GBS72KYHGYA38PRV8M7,2026-01-20T23:33:58.687950892Z
01KFEVNMTNPEN9QSJDTYA0TX4K,01KFEV38GJVYY8P8B7QXSW6BTE,2026-01-20T23:26:07.189111166Z,17,2026-01-20T23:26:17.439638512Z,D,2026-01-20T23:26:17.406947217Z,01KFEV38H72YHVC8PGTMFH64KV,2026-01-20T23:26:07.189111166Z,01KFEVES59D98C046XG860H43T,2026-01-20T23:26:07.189111166Z,01KFEVNK1BDDD2SH2KKV7VEWMA,2026-01-20T23:26:07.189111166Z
01KFEW4R7VSJNDST8K08J2PG98,01KFEV37PBC6DGWCX0HT0QWYJR,2026-01-20T23:34:22.203260009Z,29,2026-01-20T23:34:24.384142563Z,C,2026-01-20T23:34:24.349452533Z,01KFEV37Q0WSYAYKWHM2EXN0DN,2026-01-20T23:34:22.203260009Z,01KFEVWXXVHBHP5S1AZQQ4JZFK,2026-01-20T23:34:22.203260009Z,01KFEW0GB864QKBAB0HBJ7K4K5,2026-01-20T23:34:22.203260009Z
01KFEWH2ZYV7P192DC3VC8JE4Q,01KFEVMN9Q125N5N16W4WNYJXF,2026-01-20T23:41:06.430040865Z,20,2026-01-20T23:41:07.837374049Z,A,2026-01-20T23:41:07.800530353Z,01KFEVMNAWK7WRWM1AMQZKX6SA,2026-01-20T23:41:06.430040865Z,01KFEW4NGJQK3SC6VDT657XA1V,2026-01-20T23:41:06.430040865Z,01KFEWE8X78MX8FTH7TFT5G1TY,2026-01-20T23:41:06.430040865Z
01KFEWWXAQRJMC80PSFD9FTNAS,01KFEV38GJVYY8P8B7QXSW6BTE,2026-01-20T23:47:33.847198749Z,10,2026-01-20T23:47:35.990588322Z,B,2026-01-20T23:47:35.941521591Z,01KFEV38H0S2Y42XZDBCZ2KPGY,2026-01-20T23:47:33.847198749Z,01KFEWA3ZKFQRVCEG62F0BJCT3,2026-01-20T23:47:33.847198749Z,01KFEWVM718JKJE90A057VRNN9,2026-01-20T23:47:33.847198749Z
01KFEVPTE9ZD1S0V829QWNCSBH,01KFEV37PBC6DGWCX0HT0QWYJR,2026-01-20T23:26:45.705793513Z,0,2026-01-20T23:26:53.927703796Z,C,2026-01-20T23:26:53.90456326Z,01KFEV37PYV9HETXX2PSGE1RKD,2026-01-20T23:26:45.705793513Z,01KFEV8PSQBX7P1ARFP0SDDW57,2026-01-20T23:26:45.705793513Z,01KFEVKCN4ZM7M5WXWCANY7678,2026-01-20T23:26:45.705793513Z
01KFEW4W5NB9N6YMX37YT4J1EB,01KFEV37PBC6DGWCX0HT0QWYJR,2026-01-20T23:34:26.229755179Z,17,2026-01-20T23:34:27.481091908Z,D,2026-01-20T23:34:27.445727844Z,01KFEV37Q0WSYAYKWHM2EXN0DN,2026-01-20T23:34:26.229755179Z,01KFEVWXXVHBHP5S1AZQQ4JZFK,2026-01-20T23:34:26.229755179Z,01KFEW0GAPYHHVEVF9RP1ERMKP,2026-01-20T23:34:26.229755179Z
01KFEW9RDHK5SBGKPFWTXDK80A,01KFEV384BJYC62Y0E6AQK09K8,2026-01-20T23:37:06.225758145Z,20,2026-01-20T23:37:14.416317017Z,A,2026-01-20T23:37:13.617787344Z,01KFEV384Z68A1Z7ZGWS1GDSZK,2026-01-20T23:37:06.225758145Z,01KFEW2C8HX8QQZV0FHE0EMNPN,2026-01-20T23:37:06.225758145Z,01KFEW9NDGS5E8KE4PQ1ESDNYF,2026-01-20T23:37:06.225758145Z
01KFEWC5RPXRE6MK16RECJ7F41,01KFEV38GJVYY8P8B7QXSW6BTE,2026-01-20T23:38:25.430918423Z,19,2026-01-20T23:38:34.992906861Z,C,2026-01-20T23:38:28.50365708Z,01KFEV38H8T2V9428VC9T7MEBA,2026-01-20T23:38:25.430918423Z,01KFEW5BKPC6PA6AD6TVFX3GTH,2026-01-20T23:38:25.430918423Z,01KFEWB933XTP1JVD282ZB991C,2026-01-20T23:38:25.430918423Z
01KFEVFZQ8BFFKZD6THWH2JVN1,01KFEV2BZFDRZBG3Y0249RG1TW,2026-01-20T23:23:01.736543468Z,19,2026-01-20T23:23:04.471707974Z,C,2026-01-20T23:23:04.204797727Z,01KFEV2C0CP35QE41ZMH45J8TZ,2026-01-20T23:23:01.736543468Z,01KFEV4PQ8V0QGQVX4KK2FPFJR,2026-01-20T23:23:01.736543468Z,01KFEVB8G65XGTDB93SACT6HAB,2026-01-20T23:23:01.736543468Z
01KFEVGX0168DT85TTFB6BJVHQ,01KFEV377XDCWB0CVW0E7ES8WB,2026-01-20T23:23:31.713843274Z,10,2026-01-20T23:23:35.622686493Z,B,2026-01-20T23:23:34.536949559Z,01KFEV378PDZP87HXSESW6BA01,2026-01-20T23:23:31.713843274Z,01KFEV6V20FH8Q8TGZN4SVCF5R,2026-01-20T23:23:31.713843274Z,01KFEVF1Q29ZX430FYZMCC884K,2026-01-20T23:23:31.713843274Z
01KFEVKJ15SQ85HT8B42Z46NMJ,01KFEV377XDCWB0CVW0E7ES8WB,2026-01-20T23:24:58.78952614Z,20,2026-01-20T23:25:05.06538825Z,A,2026-01-20T23:25:05.044855441Z,01KFEV378FNG971PBW7B2SPNC6,2026-01-20T23:24:58.78952614Z,01KFEVCRBGBMN5MZZVZA8FPX1Z,2026-01-20T23:24:58.78952614Z,01KFEVJNQYDHT7QNFWKKE14CQS,2026-01-20T23:24:58.78952614Z
01KFEVMRGVBJXK6KQ836MXME1F,01KFEV38A01XZ4DPRPFKRE96P8,2026-01-20T23:25:38.203287539Z,19,2026-01-20T23:25:57.026340356Z,C,2026-01-20T23:25:56.944104795Z,01KFEV38AJ2CFPYBQZ58NH0V5J,2026-01-20T23:25:38.203287539Z,01KFEVE55BQ40NXX8QW3R5RX0T,2026-01-20T23:25:38.203287539Z,01KFEVJWRME93DECR96HK88Y43,2026-01-20T23:25:38.203287539Z
01KFEWGDZ3XZG70ERB65N0JE9K,01KFEV38A01XZ4DPRPFKRE96P8,2026-01-20T23:40:44.899381109Z,29,2026-01-20T23:40:47.254341283Z,C,2026-01-20T23:40:47.211426804Z,01KFEV38AJ2CFPYBQZ5JKK7PV4,2026-01-20T23:40:44.899381109Z,01KFEW2CHJQZ9TDCN78BA2VKEM,2026-01-20T23:40:44.899381109Z,01KFEW9RPG7H4171T00NS0ETE6,2026-01-20T23:40:44.899381109Z
01KFEWWC3VDFHGEGGNBY39A2W2,01KFEV38GJVYY8P8B7QXSW6BTE,2026-01-20T23:47:16.219660601Z,29,2026-01-20T23:47:21.970356089Z,C,2026-01-20T23:47:21.933347428Z,01KFEV38H0S2Y42XZDBCZ2KPGY,2026-01-20T23:47:16.219660601Z,01KFEWA3ZKFQRVCEG62F0BJCT3,2026-01-20T23:47:16.219660601Z,01KFEWVM69B5XT587JT9ZENQD3,2026-01-20T23:47:16.219660601Z
01KFEVFCF4SYSZYQFT409XSG88,01KFEV377XDCWB0CVW0E7ES8WB,2026-01-20T23:22:42.020296885Z,10,2026-01-20T23:22:48.749849706Z,B,2026-01-20T23:22:48.734293686Z,01KFEV378H0PY96RNMJTMM0E4X,2026-01-20T23:22:42.020296885Z,01KFEV8TC8AZEPV3G36SCZ12C3,2026-01-20T23:22:42.020296885Z,01KFEVFBBRK2GJ0MGS3FRA88XS,2026-01-20T23:22:42.020296885Z
01KFEW35B585YBX1CSQF8E8J4B,01KFEV38A01XZ4DPRPFKRE96P8,2026-01-20T23:33:30.085728231Z,10,2026-01-20T23:33:37.314039803Z,B,2026-01-20T23:33:36.981700594Z,01KFEV38AHTHHCNTDGHAJN0GXG,2026-01-20T23:33:30.085728231Z,01KFEVW9PV7SJ42VT7GTTE4SGT,2026-01-20T23:33:30.085728231Z,01KFEW29XHVV27TK4HQZQPZFPD,2026-01-20T23:33:30.085728231Z
01KFEW757Y7W4299N4CF4BN3KS,01KFEV38GJVYY8P8B7QXSW6BTE,2026-01-20T23:35:41.054879976Z,17,2026-01-20T23:35:42.249342053Z,D,2026-01-20T23:35:42.13899535Z,01KFEV38H48T18ZRM15RETR33C,2026-01-20T23:35:41.054879976Z,01KFEVYB6HS3VX2GA7D4G2GPMT,2026-01-20T23:35:41.054879976Z,01KFEW2K6YFW0YHD45MRGH06TF,2026-01-20T23:35:41.054879976Z
01KFEWFEZX7ETXBWNDR0Z6D1M3,01KFEV38GJVYY8P8B7QXSW6BTE,2026-01-20T23:40:13.181825386Z,10,2026-01-20T23:40:16.677245874Z,A,2026-01-20T23:40:14.655154146Z,01KFEV38H8T2V9428VC9T7MEBA,2026-01-20T23:40:13.181825386Z,01KFEW5BKPC6PA6AD6TVFX3GTH,2026-01-20T23:40:13.181825386Z,01KFEWB96ZWWCJ2HWAMXTQ08FM,2026-01-20T23:40:13.181825386Z
01KFEVPYN137RHGMDQDRCRRGWF,01KFEV37CWX6SQYA0RPR0C01MW,2026-01-20T23:26:50.017550546Z,19,2026-01-20T23:26:54.487053709Z,C,2026-01-20T23:26:54.082200559Z,01KFEV37DE991T271V0NJ5BY6K,2026-01-20T23:26:50.017550546Z,01KFEVD9ZATE7H5N364WWPAV31,2026-01-20T23:26:50.017550546Z,01KFEVJEK9E3M288QRNEA9824W,2026-01-20T23:26:50.017550546Z
01KFEWFKY2X31B88ZT0FKE5PDT,01KFEV38A01XZ4DPRPFKRE96P8,2026-01-20T23:40:18.242617368Z,0,2026-01-20T23:40:20.497358785Z,C,2026-01-20T23:40:19.706658295Z,01KFEV38AJ2CFPYBQZ5JKK7PV4,2026-01-20T23:40:18.242617368Z,01KFEW61CSGZMFE4TZ96QA9A06,2026-01-20T23:40:18.242617368Z,01KFEW9RQDSYXSNPWSEQ27EKZR,2026-01-20T23:40:18.242617368Z
01KFEV9WPKQYWZXYZ84V9ZDP4M,01KFEV2BZFDRZBG3Y0249RG1TW,2026-01-20T23:19:42.035967482Z,20,2026-01-20T23:19:44.108997094Z,A,2026-01-20T23:19:44.099047404Z,01KFEV2C08ND9C9BYW8N2T146P,2026-01-20T23:19:42.035967482Z,01KFEV4APCG117QZ1ZVXNKCJFC,2026-01-20T23:19:42.035967482Z,01KFEV9923DJ5VCDJPCWV8F272,2026-01-20T23:19:42.035967482Z
01KFEVDR5JPXS9BS4QJK68DC36,01KFEV2BZFDRZBG3Y0249RG1TW,2026-01-20T23:21:48.466968814Z,,,C,2026-01-20T23:21:53.863425677Z,01KFEV2C0EQZAQP8AFWFARX9S3,2026-01-20T23:21:48.466968814Z,01KFEV6PVNKNKPXT116BVCM3W4,2026-01-20T23:21:48.466968814Z,01KFEVCJJSB7MDB0BVYJ0B76P2,2026-01-20T23:21:48.466968814Z
01KFEVJ7A7MN9F1VPTDNMNCB71,01KFEV384BJYC62Y0E6AQK09K8,2026-01-20T23:24:15.047698745Z,29,2026-01-20T23:24:20.087120688Z,C,2026-01-20T23:24:20.073561495Z,01KFEV384Y33BFECW27AH8GSGD,2026-01-20T23:24:15.047698745Z,01KFEVF34Y0A3VWJYX9367Q9EA,2026-01-20T23:24:15.047698745Z,01KFEVHANZWYMMJ585A25SK7SB,2026-01-20T23:24:15.047698745Z
01KFEVMYGKMYFKHTA4BC35E7FQ,01KFEV37PBC6DGWCX0HT0QWYJR,2026-01-20T23:25:44.339363758Z,17,2026-01-20T23:25:47.796543284Z,D,2026-01-20T23:25:47.779421162Z,01KFEV37PYV9HETXX2PC055NBT,2026-01-20T23:25:44.339363758Z,01KFEVBDY2YWN6DSFNFKRM8R9Z,2026-01-20T23:25:44.339363758Z,01KFEVH48F86SXRFG4F77MN5NS,2026-01-20T23:25:44.339363758Z
01KFEW7ZSWNBNYYYT6G83ZCM4G,01KFEV38GJVYY8P8B7QXSW6BTE,2026-01-20T23:36:08.252584351Z,0,2026-01-20T23:36:09.581722755Z,D,2026-01-20T23:36:09.277901632Z,01KFEV38H48T18ZRM15RETR33C,2026-01-20T23:36:08.252584351Z,01KFEVYB6HS3VX2GA7D4G2GPMT,2026-01-20T23:36:08.252584351Z,01KFEW2K65H61S2VCF5K0K6SB6,2026-01-20T23:36:08.252584351Z
01KFEWF4D5GME0YB0266E8THPG,01KFEV38A01XZ4DPRPFKRE96P8,2026-01-20T23:40:02.341127944Z,17,2026-01-20T23:40:05.034410292Z,D,2026-01-20T23:40:04.712732094Z,01KFEV38AJ2CFPYBQZ5JKK7PV4,2026-01-20T23:40:02.341127944Z,01KFEW61CSGZMFE4TZ96QA9A06,2026-01-20T23:40:02.341127944Z,01KFEW9RR0JAHGRHAG16SCZ4HQ,2026-01-20T23:40:02.341127944Z
01KFEVJXJXCT419C8CWBZY5Q7S,01KFEV38A01XZ4DPRPFKRE96P8,2026-01-20T23:24:37.853293259Z,0,2026-01-20T23:25:08.06519022Z,C,2026-01-20T23:25:08.048402943Z,01KFEV38AJ2CFPYBQZ58NH0V5J,2026-01-20T23:24:37.853293259Z,01KFEVE55BQ40NXX8QW3R5RX0T,2026-01-20T23:24:37.853293259Z,01KFEVJWS4XRB4HTW161W2F47D,2026-01-20T23:24:37.853293259Z
01KFEVKRW5JKSJ1022AZX2PG20,01KFEV37PBC6DGWCX0HT0QWYJR,2026-01-20T23:25:05.797841363Z,17,2026-01-20T23:25:12.537271754Z,D,2026-01-20T23:25:12.45143471Z,01KFEV37PYV9HETXX2PC055NBT,2026-01-20T23:25:05.797841363Z,01KFEV9QWYR4DNTS4QCCENEARJ,2026-01-20T23:25:05.797841363Z,01KFEVH485B8R4J0M6DWQE7BKW,2026-01-20T23:25:05.797841363Z
01KFEVSWEGV1SFQ34DJQ78N8EJ,01KFEV38A01XZ4DPRPFKRE96P8,2026-01-20T23:28:26.064494672Z,0,2026-01-20T23:28:33.323688367Z,C,2026-01-20T23:28:31.613134106Z,01KFEV38AJ2CFPYBQZ58NH0V5J,2026-01-20T23:28:26.064494672Z,01KFEVE55BQ40NXX8QW3R5RX0T,2026-01-20T23:28:26.064494672Z,01KFEVJWS0K3DC7EYBN1SH6BCA,2026-01-20T23:28:26.064494672Z
01KFEVVSMHBSC7FHZTRTACF3GH,01KFEV38A01XZ4DPRPFKRE96P8,2026-01-20T23:29:28.721783628Z,10,2026-01-20T23:29:33.550966485Z,B,2026-01-20T23:29:33.52185331Z,01KFEV38AJ2CFPYBQZ58NH0V5J,2026-01-20T23:29:28.721783628Z,01KFEVB815BQW2TQ29HHMDQ2FB,2026-01-20T23:29:28.721783628Z,01KFEVJWSCTHEQ0RQN66MYHJP0,2026-01-20T23:29:28.721783628Z
01KFEVJT227M7VYV1C4DWQZMW9,01KFEV37CWX6SQYA0RPR0C01MW,2026-01-20T23:24:34.242384279Z,19,2026-01-20T23:24:38.978122239Z,C,2026-01-20T23:24:36.647283311Z,01KFEV37DE991T271V0BRDHRJW,2026-01-20T23:24:34.242384279Z,01KFEV8CTFEWEE7C0ZM9KMYRSE,2026-01-20T23:24:34.242384279Z,01KFEVGBCPPHTMKKS8W8BM1ZBN,2026-01-20T23:24:34.242384279Z
01KFEVVSMCSXCGX9JSVHFXXF3C,01KFEV38A01XZ4DPRPFKRE96P8,2026-01-20T23:29:28.716592361Z,19,2026-01-20T23:29:33.550966485Z,C,2026-01-20T23:29:31.518267588Z,01KFEV38AJ2CFPYBQZ58NH0V5J,2026-01-20T23:29:28.716592361Z,01KFEVE55BQ40NXX8QW3R5RX0T,2026-01-20T23:29:28.716592361Z,01KFEVJWSCTHEQ0RQN66MYHJP0,2026-01-20T23:29:28.716592361Z
01KFEW2PSGBEMF7Z6T94TM3DKY,01KFEV384BJYC62Y0E6AQK09K8,2026-01-20T23:33:15.184657018Z,19,2026-01-20T23:33:17.826166453Z,C,2026-01-20T23:33:17.797531489Z,01KFEV385166A8JYCZ9G4DMHRQ,2026-01-20T23:33:15.184657018Z,01KFEVY502SJ2FK1Q7WFM0PHB4,2026-01-20T23:33:15.184657018Z,01KFEW1AHK7P065S468G6XKRHA,2026-01-20T23:33:15.184657018Z
01KFEW6C40CE5EYP5M3PHFJJTA,01KFEVMN9Q125N5N16W4WNYJXF,2026-01-20T23:35:15.328858406Z,0,2026-01-20T23:35:16.941048036Z,D,2026-01-20T23:35:16.905899444Z,01KFEVMNBC23RB4D79KEQ4G0VS,2026-01-20T23:35:15.328858406Z,01KFEVX608THP5F5HX3GYF0X1K,2026-01-20T23:35:15.328858406Z,01KFEW3VKG0B17FHJX4NF0X699,2026-01-20T23:35:15.328858406Z
01KFEW6SYKQWSPSNW1MPW284R3,01KFEVMN9Q125N5N16W4WNYJXF,2026-01-20T23:35:29.491560714Z,17,2026-01-20T23:35:31.146477418Z,D,2026-01-20T23:35:31.11146618Z,01KFEVMNBC23RB4D79KEQ4G0VS,2026-01-20T23:35:29.491560714Z,01KFEVXFAQE8X4YEWXW17GBY46,2026-01-20T23:35:29.491560714Z,01KFEW3VKZ39SY1X7NPK7PDBQW,2026-01-20T23:35:29.491560714Z
01KFEW7M200WJGFF9FCKBH46YJ,01KFEVMN9Q125N5N16W4WNYJXF,2026-01-20T23:35:56.224669459Z,29,2026-01-20T23:35:57.723523028Z,C,2026-01-20T23:35:57.687821382Z,01KFEVMNBC23RB4D79KEQ4G0VS,2026-01-20T23:35:56.224669459Z,01KFEVX608THP5F5HX3GYF0X1K,2026-01-20T23:35:56.224669459Z,01KFEW3VN02RCSZ9DCBE78BGPQ,2026-01-20T23:35:56.224669459Z
01KFEWJ2B0S2SGE5HRP8WNW151,01KFEVMNF44NEM58ETFST7KTWM,2026-01-20T23:41:38.528031299Z,0,2026-01-20T23:41:42.074412776Z,D,2026-01-20T23:41:41.955541111Z,01KFEVMNHFNDCGHX9QBBFN387E,2026-01-20T23:41:38.528031299Z,01KFEW78ZH0TY6JQ9J3GJMR3E3,2026-01-20T23:41:38.528031299Z,01KFEWEZWPAV8RCSFBM22S3S8X,2026-01-20T23:41:38.528031299Z
01KFEVM4RZ6P7GJMZ9QEDS1N36,01KFEV377XDCWB0CVW0E7ES8WB,2026-01-20T23:25:17.983066741Z,17,2026-01-20T23:25:25.976544303Z,D,2026-01-20T23:25:25.960836989Z,01KFEV378H0PY96RNMJFNCN7TE,2026-01-20T23:25:17.983066741Z,01KFEVA045MDV6WERMTEQ3VAYR,2026-01-20T23:25:17.983066741Z,01KFEVEHGG1SXX423P9GYCADRZ,2026-01-20T23:25:17.983066741Z
01KFEVMSV1Q6YF74B7DY7Z0KF4,01KFEV37PBC6DGWCX0HT0QWYJR,2026-01-20T23:25:39.553085604Z,29,2026-01-20T23:25:47.693056698Z,C,2026-01-20T23:25:44.691478226Z,01KFEV37PYV9HETXX2PSGE1RKD,2026-01-20T23:25:39.553085604Z,01KFEVDMPGK2KG6CGRXX80WQ5A,2026-01-20T23:25:39.553085604Z,01KFEVKCMTAFBEY86Z8E6DFH9P,2026-01-20T23:25:39.553085604Z
01KFEVP399PQGDJSDVMT4HYW95,01KFEV377XDCWB0CVW0E7ES8WB,2026-01-20T23:26:21.993086535Z,20,2026-01-20T23:26:24.401351084Z,A,2026-01-20T23:26:24.375018663Z,01KFEV378FNG971PBW7B2SPNC6,2026-01-20T23:26:21.993086535Z,01KFEVCRBGBMN5MZZVZA8FPX1Z,2026-01-20T23:26:21.993086535Z,01KFEVJNR6S4SX7KGTNEJ547G6,2026-01-20T23:26:21.993086535Z
01KFEVTHHTKPV71GXX5TEJ6KXB,01KFEV37CWX6SQYA0RPR0C01MW,2026-01-20T23:28:47.674250833Z,0,2026-01-20T23:28:52.376929131Z,B,2026-01-20T23:28:51.137336835Z,01KFEV37DAAK9E08F076WKMM6J,2026-01-20T23:28:47.674250833Z,01KFEVH10BYAXDVW828R4A2D8P,2026-01-20T23:28:47.674250833Z,01KFEVRWS00RN61XYMYX27BZTF,2026-01-20T23:28:47.674250833Z
01KFEWEJ31BW6JXDX5HDHM63E6,01KFEV38A01XZ4DPRPFKRE96P8,2026-01-20T23:39:43.585168106Z,29,2026-01-20T23:39:53.886430866Z,C,2026-01-20T23:39:52.1891312Z,01KFEV38AJ2CFPYBQZ5JKK7PV4,2026-01-20T23:39:43.585168106Z,01KFEW2CHJQZ9TDCN78BA2VKEM,2026-01-20T23:39:43.585168106Z,01KFEW9RRB19NTDMQ39CJ149E9,2026-01-20T23:39:43.585168106Z
01KFEVMTP2X30BBTCD3CDJBP4N,01KFEV37CWX6SQYA0RPR0C01MW,2026-01-20T23:25:40.418103806Z,7,2026-01-20T23:25:46.070040304Z,D,2026-01-20T23:25:44.671426036Z,01KFEV37DE991T271V0BRDHRJW,2026-01-20T23:25:40.418103806Z,01KFEVBZC2S6960QVT8J14HPMN,2026-01-20T23:25:40.418103806Z,01KFEVGBDARE4SPS0QMKPAHCAT,2026-01-20T23:25:40.418103806Z
01KFEVRRXAJ5QED53088PCN3H9,01KFEV37CWX6SQYA0RPR0C01MW,2026-01-20T23:27:49.674805037Z,0,2026-01-20T23:27:58.940360968Z,C,2026-01-20T23:27:58.91767063Z,01KFEV37DE991T271V0NJ5BY6K,2026-01-20T23:27:49.674805037Z,01KFEVD9ZATE7H5N364WWPAV31,2026-01-20T23:27:49.674805037Z,01KFEVJEKGMYFZA2VJEASABFYY,2026-01-20T23:27:49.674805037Z
01KFEVVZVADKQ0NP9DZXS1KN21,01KFEVMN9Q125N5N16W4WNYJXF,2026-01-20T23:29:35.08259205Z,17,2026-01-20T23:29:38.396285707Z,D,2026-01-20T23:29:37.375167134Z,01KFEVMNB841AFDZFM4WSW4FTD,2026-01-20T23:29:35.08259205Z,01KFEVC3J7JCZ73BZAKH9RH61D,2026-01-20T23:29:35.08259205Z,01KFEVPNHFVEA7FM8X5XBZD9R8,2026-01-20T23:29:35.08259205Z
01KFEW3TZCW6BGB7AYK7DEHXS6,01KFEV37PBC6DGWCX0HT0QWYJR,2026-01-20T23:33:52.236154958Z,19,2026-01-20T23:33:55.968209352Z,C,2026-01-20T23:33:54.46702619Z,01KFEV37Q0WSYAYKWHM2EXN0DN,2026-01-20T23:33:52.236154958Z,01KFEVWXXVHBHP5S1AZQQ4JZFK,2026-01-20T23:33:52.236154958Z,01KFEW0G8PBE5EFQ6P72KS21WH,2026-01-20T23:33:52.236154958Z
01KFEVHXWKSHW67M466E7CBF17,01KFEV37PBC6DGWCX0HT0QWYJR,2026-01-20T23:24:05.395189144Z,19,2026-01-20T23:24:10.921094393Z,C,2026-01-20T23:24:10.905002073Z,01KFEV37PYV9HETXX2PC055NBT,2026-01-20T23:24:05.395189144Z,01KFEV9QWYR4DNTS4QCCENEARJ,2026-01-20T23:24:05.395189144Z,01KFEVH4832VJZB12Y0Z5J9ZVB,2026-01-20T23:24:05.395189144Z
01KFEVPQRVTEPW91FY0JVCK3MK,01KFEV384BJYC62Y0E6AQK09K8,2026-01-20T23:26:42.971463061Z,0,2026-01-20T23:26:44.878978678Z,A,2026-01-20T23:26:44.852154628Z,01KFEV384Y33BFECW27AH8GSGD,2026-01-20T23:26:42.971463061Z,01KFEVF34Y0A3VWJYX9367Q9EA,2026-01-20T23:26:42.971463061Z,01KFEVHAQ1PGV31TD9W36P3MQD,2026-01-20T23:26:42.971463061Z
01KFEWJ5M9ZGYXWA0V9G6H5148,01KFEVMN9Q125N5N16W4WNYJXF,2026-01-20T23:41:41.897656261Z,20,2026-01-20T23:41:43.764711759Z,A,2026-01-20T23:41:42.867128211Z,01KFEVMNAWK7WRWM1AMQZKX6SA,2026-01-20T23:41:41.897656261Z,01KFEW4NGJQK3SC6VDT657XA1V,2026-01-20T23:41:41.897656261Z,01KFEWE8W4Q7HBT12QMD8NKR4R,2026-01-20T23:41:41.897656261Z
01KFEW3X2Z3EMD5WC53RQNV2SX,01KFEVMN9Q125N5N16W4WNYJXF,2026-01-20T23:33:54.399622062Z,10,2026-01-20T23:34:06.595588345Z,B,2026-01-20T23:34:06.528274943Z,01KFEVMNBC23RB4D79KEQ4G0VS,2026-01-20T23:33:54.399622062Z,01KFEVX608THP5F5HX3GYF0X1K,2026-01-20T23:33:54.399622062Z,01KFEW3VP28YF1EKPX4Q9AW06S,2026-01-20T23:33:54.399622062Z
01KFEVGGDD7H9JEBW1YCYKJNCC,01KFEV377XDCWB0CVW0E7ES8WB,2026-01-20T23:23:18.829235722Z,10,2026-01-20T23:23:29.263001234Z,A,2026-01-20T23:23:29.245060731Z,01KFEV378H0PY96RNMJTMM0E4X,2026-01-20T23:23:18.829235722Z,01KFEV8TC8AZEPV3G36SCZ12C3,2026-01-20T23:23:18.829235722Z,01KFEVFBBVXX7KP33DJ657NRX6,2026-01-20T23:23:18.829235722Z
01KFEVMGAM1FSP32JYKF8K88H9,01KFEV37CWX6SQYA0RPR0C01MW,2026-01-20T23:25:29.812695225Z,7,2026-01-20T23:25:35.88815479Z,D,2026-01-20T23:25:33.242885201Z,01KFEV37DE991T271V0NJ5BY6K,2026-01-20T23:25:29.812695225Z,01KFEV7RE3Q2MQ5NN8AGQ7Y4PK,2026-01-20T23:25:29.812695225Z,01KFEVJEJJ6D7VBYCE9XWXMRKP,2026-01-20T23:25:29.812695225Z
01KFEVQN6EMQQ7WMBTMBFEP87Y,01KFEV37PBC6DGWCX0HT0QWYJR,2026-01-20T23:27:13.102501745Z,19,2026-01-20T23:27:19.462911194Z,C,2026-01-20T23:27:15.766084215Z,01KFEV37PYV9HETXX2PSGE1RKD,2026-01-20T23:27:13.102501745Z,01KFEVDMPGK2KG6CGRXX80WQ5A,2026-01-20T23:27:13.102501745Z,01KFEVKCNE0XAMRN0N7CFCEXZ2,2026-01-20T23:27:13.102501745Z
01KFEVTSGXGK2PQP0X1EAF6JS5,01KFEV38A01XZ4DPRPFKRE96P8,2026-01-20T23:28:55.837790543Z,10,2026-01-20T23:28:58.473123232Z,B,2026-01-20T23:28:57.970266332Z,01KFEV38AJ2CFPYBQZ58NH0V5J,2026-01-20T23:28:55.837790543Z,01KFEVB815BQW2TQ29HHMDQ2FB,2026-01-20T23:28:55.837790543Z,01KFEVJWSA1G8BTA3YJK5GPKEP,2026-01-20T23:28:55.837790543Z
01KFEWHJ89Z0XPKRADBWR96NJR,01KFEVMN9Q125N5N16W4WNYJXF,2026-01-20T23:41:22.057327279Z,20,2026-01-20T23:41:23.231199427Z,A,2026-01-20T23:41:23.186237298Z,01KFEVMNAWK7WRWM1AMQZKX6SA,2026-01-20T23:41:22.057327279Z,01KFEW4NGJQK3SC6VDT657XA1V,2026-01-20T23:41:22.057327279Z,01KFEWE8TRPV1GKJA0331CAER2,2026-01-20T23:41:22.057327279Z
01KFEVTPYAXD42QXQPZPJS0T0E,01KFEV37CWX6SQYA0RPR0C01MW,2026-01-20T23:28:53.194320156Z,19,2026-01-20T23:28:56.833719054Z,C,2026-01-20T23:28:56.806479891Z,01KFEV37DE991T271V0NJ5BY6K,2026-01-20T23:28:53.194320156Z,01KFEVD9ZATE7H5N364WWPAV31,2026-01-20T23:28:53.194320156Z,01KFEVJEKRTPZ9GBG5E2CFW5VH,2026-01-20T23:28:53.194320156Z
01KFEW4ZH9SH8MTA3CT73AXE14,01KFEV38GJVYY8P8B7QXSW6BTE,2026-01-20T23:34:29.673661512Z,10,2026-01-20T23:34:35.74267517Z,B,2026-01-20T23:34:35.702202832Z,01KFEV38H48T18ZRM15RETR33C,2026-01-20T23:34:29.673661512Z,01KFEVVPVMNR90RS0DGAX989B7,2026-01-20T23:34:29.673661512Z,01KFEW2K4KGKP2JV842BC1YZ2S,2026-01-20T23:34:29.673661512Z
01KFEWDWG0XRCKMKHX8K662APC,01KFEV384BJYC62Y0E6AQK09K8,2026-01-20T23:39:21.472255121Z,7,2026-01-20T23:39:25.16253595Z,D,2026-01-20T23:39:24.941542216Z,01KFEV384Z68A1Z7ZGWS1GDSZK,2026-01-20T23:39:21.472255121Z,01KFEW47TNE510SG18TR5ZERFB,2026-01-20T23:39:21.472255121Z,01KFEW9NFWQNWAP0JCE1F1PYJG,2026-01-20T23:39:21.472255121Z
01KFEWGRK5WWDGN6798DZ6SN22,01KFEVMNNQTH6Q6DMJG65NFGVF,2026-01-20T23:40:55.781419798Z,,,B,2026-01-20T23:41:11.428676666Z,01KFEVMNQ7WSYMPADRKJJ7K0T0,2026-01-20T23:40:55.781419798Z,01KFEW6K9KXKK84272V15S7T1Z,2026-01-20T23:40:55.781419798Z,01KFEWGN7DH9SB6YA0JME23FWK,2026-01-20T23:40:55.781419798Z
01KFEVB59B7YTWFB5ZXPS510BZ,01KFEV2BZFDRZBG3Y0249RG1TW,2026-01-20T23:20:23.595803857Z,20,2026-01-20T23:20:25.473191575Z,B,2026-01-20T23:20:25.361085708Z,01KFEV2C08ND9C9BYW8N2T146P,2026-01-20T23:20:23.595803857Z,01KFEV46YBCF5X09FCFJF4VDEY,2026-01-20T23:20:23.595803857Z,01KFEV992F8HQ1GF4QAH0Z0678,2026-01-20T23:20:23.595803857Z
01KFEVM4RWYCZQDVFMKPGCR4GV,01KFEV377XDCWB0CVW0E7ES8WB,2026-01-20T23:25:17.981006431Z,29,2026-01-20T23:25:25.976544303Z,C,2026-01-20T23:25:19.081901812Z,01KFEV378H0PY96RNMJFNCN7TE,2026-01-20T23:25:17.981006431Z,01KFEV86DXXGMH25YQ8QC6JEB7,2026-01-20T23:25:17.981006431Z,01KFEVEHGG1SXX423P9GYCADRZ,2026-01-20T23:25:17.981006431Z
01KFEVM8TC6XC1E54TYM7PM0CA,01KFEV37CWX6SQYA0RPR0C01MW,2026-01-20T23:25:22.12430874Z,7,2026-01-20T23:25:29.981505098Z,D,2026-01-20T23:25:29.964276651Z,01KFEV37DE991T271V0BRDHRJW,2026-01-20T23:25:22.12430874Z,01KFEV8CTFEWEE7C0ZM9KMYRSE,2026-01-20T23:25:22.12430874Z,01KFEVGBCW7TNTPNJ175RV28X4,2026-01-20T23:25:22.12430874Z
01KFEW4YPWRBT1NX7NH66X9AAX,01KFEVMN9Q125N5N16W4WNYJXF,2026-01-20T23:34:28.828966659Z,29,2026-01-20T23:34:53.515971612Z,C,2026-01-20T23:34:34.749933104Z,01KFEVMNBC23RB4D79KEQ4G0VS,2026-01-20T23:34:28.828966659Z,01KFEVX608THP5F5HX3GYF0X1K,2026-01-20T23:34:28.828966659Z,01KFEW3VNVZC3K3MEZH39VDAQA,2026-01-20T23:34:28.828966659Z
01KFEW8QC5WGJ4QQT3YVDJ6M8D,01KFEV38A01XZ4DPRPFKRE96P8,2026-01-20T23:36:32.389722439Z,17,2026-01-20T23:36:35.209098933Z,D,2026-01-20T23:36:35.172341556Z,01KFEV38AHTHHCNTDGHAJN0GXG,2026-01-20T23:36:32.389722439Z,01KFEVW5WA494MRXETJ2N5XX03,2026-01-20T23:36:32.389722439Z,01KFEW2A07M1KE0DCW06NBRFTM,2026-01-20T23:36:32.389722439Z
01KFEW6XBKM7ZZZDEJY7C4QVGP,01KFEVMN9Q125N5N16W4WNYJXF,2026-01-20T23:35:32.979046037Z,29,2026-01-20T23:35:34.759463923Z,C,2026-01-20T23:35:34.709463826Z,01KFEVMNBC23RB4D79KEQ4G0VS,2026-01-20T23:35:32.979046037Z,01KFEVX608THP5F5HX3GYF0X1K,2026-01-20T23:35:32.979046037Z,01KFEW3VMABX27Z99XP42SDS32,2026-01-20T23:35:32.979046037Z
01KFEWJCRDAZVG3TR5FWX0HEQN,01KFEVMN9Q125N5N16W4WNYJXF,2026-01-20T23:41:49.197402263Z,20,2026-01-20T23:41:49.939256611Z,B,2026-01-20T23:41:49.765210529Z,01KFEVMNAWK7WRWM1AMQZKX6SA,2026-01-20T23:41:49.197402263Z,01KFEW3YJBR4HT7BADWRSVJQV5,2026-01-20T23:41:49.197402263Z,01KFEWE8SBE46A3537VBKT9R9F,2026-01-20T23:41:49.197402263Z
01KFEWYW0T30XZX6J7C3F08Q4C,01KFEV38GJVYY8P8B7QXSW6BTE,2026-01-20T23:48:38.042377116Z,,,,,01KFEV38H0S2Y42XZDBCZ2KPGY,2026-01-20T23:48:38.042377116Z,01KFEWA3ZKFQRVCEG62F0BJCT3,2026-01-20T23:48:38.042377116Z,01KFEWVM9PT51YW4VST0CM6RSJ,2026-01-20T23:48:38.042377116Z
01KFEVA0ZWNK70M6V8AX35RYVA,01KFEV2BZFDRZBG3Y0249RG1TW,2026-01-20T23:19:46.428714757Z,10,2026-01-20T23:19:52.631597639Z,A,2026-01-20T23:19:47.479135227Z,01KFEV2C08ND9C9BYW8N2T146P,2026-01-20T23:19:46.428714757Z,01KFEV4APCG117QZ1ZVXNKCJFC,2026-01-20T23:19:46.428714757Z,01KFEV9922CCX65P8NS08ZA7AP,2026-01-20T23:19:46.428714757Z
01KFEVMTNXD9ESGFPB8D0RJT5C,01KFEV37CWX6SQYA0RPR0C01MW,2026-01-20T23:25:40.413686822Z,10,2026-01-20T23:25:46.070040304Z,B,2026-01-20T23:25:46.042242958Z,01KFEV37DE991T271V0BRDHRJW,2026-01-20T23:25:40.413686822Z,01KFEV8CTFEWEE7C0ZM9KMYRSE,2026-01-20T23:25:40.413686822Z,01KFEVGBDARE4SPS0QMKPAHCAT,2026-01-20T23:25:40.413686822Z
01KFEVVSG0JBAJ14GG29A0VG7H,01KFEVMN9Q125N5N16W4WNYJXF,2026-01-20T23:29:28.576627812Z,17,2026-01-20T23:29:31.808881073Z,D,2026-01-20T23:29:31.782365457Z,01KFEVMNB841AFDZFM4WSW4FTD,2026-01-20T23:29:28.576627812Z,01KFEVC3J7JCZ73BZAKH9RH61D,2026-01-20T23:29:28.576627812Z,01KFEVPNH8ZPMZ16RW6XYTJZST,2026-01-20T23:29:28.576627812Z
01KFEW0JVWNB37KZYBDM192MZ0,01KFEV37PBC6DGWCX0HT0QWYJR,2026-01-20T23:32:05.628127099Z,19,2026-01-20T23:32:11.617039661Z,C,2026-01-20T23:32:09.952436594Z,01KFEV37Q0WSYAYKWHM2EXN0DN,2026-01-20T23:32:05.628127099Z,01KFEVWYACX0Z3X7HHHK5DSTDD,2026-01-20T23:32:05.628127099Z,01KFEW0G8EM7FSNHE79C3F9KH6,2026-01-20T23:32:05.628127099Z
01KFEWJ8RDHMJPW7W5P5SPN1YE,01KFEVMN9Q125N5N16W4WNYJXF,2026-01-20T23:41:45.101509242Z,20,2026-01-20T23:41:45.873073005Z,A,2026-01-20T23:41:45.838664122Z,01KFEVMNAWK7WRWM1AMQZKX6SA,2026-01-20T23:41:45.101509242Z,01KFEW4NGJQK3SC6VDT657XA1V,2026-01-20T23:41:45.101509242Z,01KFEWE8WG5JEY2NYGNN25MKRQ,2026-01-20T23:41:45.101509242Z
01KFEVETESDVHCKQMAXFADAKP3,01KFEV2BZFDRZBG3Y0249RG1TW,2026-01-20T23:22:23.577213385Z,20,2026-01-20T23:22:28.54349116Z,A,2026-01-20T23:22:28.31838931Z,01KFEV2C0CP35QE41ZMH45J8TZ,2026-01-20T23:22:23.577213385Z,01KFEV7TATT805MEJDGTCA5NFM,2026-01-20T23:22:23.577213385Z,01KFEVB8G0C42CFSXF2A2BHMKE,2026-01-20T23:22:23.577213385Z
01KFEVYASN7NGPTJXP1H3Z24G1,01KFEV37CWX6SQYA0RPR0C01MW,2026-01-20T23:30:51.829954973Z,7,2026-01-20T23:30:55.890885011Z,D,2026-01-20T23:30:55.848124852Z,01KFEV37DAAK9E08F076WKMM6J,2026-01-20T23:30:51.829954973Z,01KFEVGWWQWT7BAZNJDAAA325H,2026-01-20T23:30:51.829954973Z,01KFEVRWTFS6WZR3RJEQCQ8B5K,2026-01-20T23:30:51.829954973Z
01KFEW8XQKHB2V5YSV7C1B0CMX,01KFEV38A01XZ4DPRPFKRE96P8,2026-01-20T23:36:38.899524271Z,19,2026-01-20T23:36:40.852443439Z,C,2026-01-20T23:36:40.808709147Z,01KFEV38AHTHHCNTDGHAJN0GXG,2026-01-20T23:36:38.899524271Z,01KFEVW5WA494MRXETJ2N5XX03,2026-01-20T23:36:38.899524271Z,01KFEW29ZYEEN9EXZHWPRR43NM,2026-01-20T23:36:38.899524271Z
01KFEWG5HFF9AQS6ZY2GTTYCF2,01KFEVMN9Q125N5N16W4WNYJXF,2026-01-20T23:40:36.271359594Z,0,2026-01-20T23:40:49.323835363Z,B,2026-01-20T23:40:49.29292275Z,01KFEVMNAWK7WRWM1AMQZKX6SA,2026-01-20T23:40:36.271359594Z,01KFEW4NGJQK3SC6VDT657XA1V,2026-01-20T23:40:36.271359594Z,01KFEWE8T23BZMWKHQ571WBSHF,2026-01-20T23:40:36.271359594Z
01KFEVTSWXB2VD2FB7XRGMJYME,01KFEVMN9Q125N5N16W4WNYJXF,2026-01-20T23:28:56.221952261Z,29,2026-01-20T23:29:02.011900888Z,C,2026-01-20T23:28:57.9486951Z,01KFEVMNB841AFDZFM4WSW4FTD,2026-01-20T23:28:56.221952261Z,01KFEVB2WK99SDZDFQAW6KYB9M,2026-01-20T23:28:56.221952261Z,01KFEVPNGV8RZG6TW9YBSNA141,2026-01-20T23:28:56.221952261Z
01KFEWGJGD2FVP9822SCV3BJT4,01KFEV38A01XZ4DPRPFKRE96P8,2026-01-20T23:40:49.549036942Z,17,2026-01-20T23:40:51.795684328Z,D,2026-01-20T23:40:50.735173254Z,01KFEV38AJ2CFPYBQZ5JKK7PV4,2026-01-20T23:40:49.549036942Z,01KFEW61CSGZMFE4TZ96QA9A06,2026-01-20T23:40:49.549036942Z,01KFEW9RP7W5QZSAE6HSN0A735,2026-01-20T23:40:49.549036942Z
01KFEWWPSKQCFXJ2F3WQ8GVER9,01KFEV38GJVYY8P8B7QXSW6BTE,2026-01-20T23:47:27.155482529Z,0,2026-01-20T23:47:30.38410633Z,D,2026-01-20T23:47:30.34608488Z,01KFEV38H0S2Y42XZDBCZ2KPGY,2026-01-20T23:47:27.155482529Z,01KFEWKWT6PWJAE8C8359J4DRM,2026-01-20T23:47:27.155482529Z,01KFEWVM6P4FVA6Y7RWXQ75670,2026-01-20T23:47:27.155482529Z
01KFEVMFJ7R77T0WAEE9X4H4T3,01KFEV377XDCWB0CVW0E7ES8WB,2026-01-20T23:25:29.031276768Z,17,2026-01-20T23:25:32.319321864Z,D,2026-01-20T23:25:31.078252154Z,01KFEV378PDZP87HXSESW6BA01,2026-01-20T23:25:29.031276768Z,01KFEV6V20FH8Q8TGZN4SVCF5R,2026-01-20T23:25:29.031276768Z,01KFEVF1QPFHJRQAHKCB8DRQ6Y,2026-01-20T23:25:29.031276768Z
01KFEW0JW4GBBY59JE3YSMAPPG,01KFEV37PBC6DGWCX0HT0QWYJR,2026-01-20T23:32:05.636606691Z,10,2026-01-20T23:32:11.617039661Z,B,2026-01-20T23:32:11.581251929Z,01KFEV37Q0WSYAYKWHM2EXN0DN,2026-01-20T23:32:05.636606691Z,01KFEVWXXVHBHP5S1AZQQ4JZFK,2026-01-20T23:32:05.636606691Z,01KFEW0G8EM7FSNHE79C3F9KH6,2026-01-20T23:32:05.636606691Z
01KFEW9VMHRKMDYRG4MMPWPGMC,01KFEV38A01XZ4DPRPFKRE96P8,2026-01-20T23:37:09.521988546Z,0,2026-01-20T23:37:21.606669099Z,B,2026-01-20T23:37:17.570978724Z,01KFEV38AJ2CFPYBQZ5JKK7PV4,2026-01-20T23:37:09.521988546Z,01KFEW2CHJQZ9TDCN78BA2VKEM,2026-01-20T23:37:09.521988546Z,01KFEW9RNHPCEBV7E7PA75FXT1,2026-01-20T23:37:09.521988546Z
01KFEVXHSDB43CZS5VQAYG2G20,01KFEV37CWX6SQYA0RPR0C01MW,2026-01-20T23:30:26.221067749Z,19,2026-01-20T23:30:32.140295897Z,C,2026-01-20T23:30:29.739916046Z,01KFEV37DAAK9E08F076WKMM6J,2026-01-20T23:30:26.221067749Z,01KFEVH10BYAXDVW828R4A2D8P,2026-01-20T23:30:26.221067749Z,01KFEVRWQYDTTG3TBRZX6QCZTF,2026-01-20T23:30:26.221067749Z
01KFEW6PW0WT8MKKK2RXPD2Q63,01KFEV38GJVYY8P8B7QXSW6BTE,2026-01-20T23:35:26.33655213Z,10,2026-01-20T23:35:32.335815178Z,B,2026-01-20T23:35:29.139187001Z,01KFEV38H48T18ZRM15RETR33C,2026-01-20T23:35:26.33655213Z,01KFEVVPVMNR90RS0DGAX989B7,2026-01-20T23:35:26.33655213Z,01KFEW2K50274SV4EXHZVPC5W8,2026-01-20T23:35:26.33655213Z
01KFEVAT44AJPN8X2EBAQ21WJ2,01KFEV2BZFDRZBG3Y0249RG1TW,2026-01-20T23:20:12.164907218Z,20,2026-01-20T23:20:13.531707644Z,A,2026-01-20T23:20:13.520587472Z,01KFEV2C08ND9C9BYW8N2T146P,2026-01-20T23:20:12.164907218Z,01KFEV4APCG117QZ1ZVXNKCJFC,2026-01-20T23:20:12.164907218Z,01KFEV992C5DA5CC9EBC041N3A,2026-01-20T23:20:12.164907218Z
01KFEVAWWRRB2JQ1M1FDN8WZC7,01KFEV2BZFDRZBG3Y0249RG1TW,2026-01-20T23:20:15.000734637Z,20,2026-01-20T23:20:16.240050487Z,A,2026-01-20T23:20:16.028599836Z,01KFEV2C08ND9C9BYW8N2T146P,2026-01-20T23:20:15.000734637Z,01KFEV4APCG117QZ1ZVXNKCJFC,2026-01-20T23:20:15.000734637Z,01KFEV992DYNW9GKK2CP4DN9DZ,2026-01-20T23:20:15.000734637Z
01KFEVNATATB1MA51RQDPKF7CM,01KFEV37PBC6DGWCX0HT0QWYJR,2026-01-20T23:25:56.938134924Z,29,2026-01-20T23:26:00.679896612Z,C,2026-01-20T23:25:58.816628831Z,01KFEV37PYV9HETXX2PC055NBT,2026-01-20T23:25:56.938134924Z,01KFEV9QWYR4DNTS4QCCENEARJ,2026-01-20T23:25:56.938134924Z,01KFEVH47TY8YTKZSSJDE27NRX,2026-01-20T23:25:56.938134924Z
01KFEVPW8JZWBA5QFJSXFH9749,01KFEV38GJVYY8P8B7QXSW6BTE,2026-01-20T23:26:47.570138609Z,,,,,01KFEV38H72YHVC8PGTMFH64KV,2026-01-20T23:26:47.570138609Z,01KFEVES59D98C046XG860H43T,2026-01-20T23:26:47.570138609Z,01KFEVNK1W6GYWEFB0Z31C0NYJ,2026-01-20T23:26:47.570138609Z
01KFEVQA0HZWCVS02HNP6H99ZJ,01KFEV37PBC6DGWCX0HT0QWYJR,2026-01-20T23:27:01.649635173Z,19,2026-01-20T23:27:07.58210834Z,C,2026-01-20T23:27:03.690719706Z,01KFEV37PYV9HETXX2PSGE1RKD,2026-01-20T23:27:01.649635173Z,01KFEV8PSQBX7P1ARFP0SDDW57,2026-01-20T23:27:01.649635173Z,01KFEVKCNB3JWRWP2DH501FGGW,2026-01-20T23:27:01.649635173Z
01KFEVRZ3YBYG1SAFY5MCNV185,01KFEV37PBC6DGWCX0HT0QWYJR,2026-01-20T23:27:56.030306785Z,0,2026-01-20T23:28:02.251911137Z,C,2026-01-20T23:28:00.932930793Z,01KFEV37PYV9HETXX2PSGE1RKD,2026-01-20T23:27:56.030306785Z,01KFEV8PSQBX7P1ARFP0SDDW57,2026-01-20T23:27:56.030306785Z,01KFEVKCNNC4194XQX6PJZM5B6,2026-01-20T23:27:56.030306785Z
01KFEVTJR0X9CQMAZ8RV53ZXE8,01KFEV38A01XZ4DPRPFKRE96P8,2026-01-20T23:28:48.896733783Z,10,2026-01-20T23:28:52.906322459Z,A,2026-01-20T23:28:52.885582407Z,01KFEV38AJ2CFPYBQZ58NH0V5J,2026-01-20T23:28:48.896733783Z,01KFEVB815BQW2TQ29HHMDQ2FB,2026-01-20T23:28:48.896733783Z,01KFEVJWRF48QGEMN6CSTN82AW,2026-01-20T23:28:48.896733783Z
01KFEWFA77VZWJK606HPJJ47TE,01KFEV38GJVYY8P8B7QXSW6BTE,2026-01-20T23:40:08.295746645Z,0,2026-01-20T23:40:11.259793551Z,C,2026-01-20T23:40:11.227595377Z,01KFEV38H8T2V9428VC9T7MEBA,2026-01-20T23:40:08.295746645Z,01KFEW5105FT4T963R9Z6AZ67Y,2026-01-20T23:40:08.295746645Z,01KFEWB96KRX4ZB7T2765CQSN7,2026-01-20T23:40:08.295746645Z
01KFEVEJNHHH76T56S6J7QEPHR,01KFEV377XDCWB0CVW0E7ES8WB,2026-01-20T23:22:15.601939632Z,10,2026-01-20T23:22:42.68070791Z,B,2026-01-20T23:22:42.662558126Z,01KFEV378H0PY96RNMJFNCN7TE,2026-01-20T23:22:15.601939632Z,01KFEV86DXXGMH25YQ8QC6JEB7,2026-01-20T23:22:15.601939632Z,01KFEVEHG7RRFZHJA7KNPE4YW3,2026-01-20T23:22:15.601939632Z
01KFEVJBK2ZTVD18VXX3YYB98W,01KFEV377XDCWB0CVW0E7ES8WB,2026-01-20T23:24:19.426868795Z,29,2026-01-20T23:24:31.785674475Z,C,2026-01-20T23:24:23.307405786Z,01KFEV378H0PY96RNMJTMM0E4X,2026-01-20T23:24:19.426868795Z,01KFEV8K48Q5MVC88J4XCQXRFY,2026-01-20T23:24:19.426868795Z,01KFEVFBC7KD30QSSEZXA6VZYZ,2026-01-20T23:24:19.426868795Z
01KFEVJG8288VWQB1PFQXH1V56,01KFEV384BJYC62Y0E6AQK09K8,2026-01-20T23:24:24.194561572Z,19,2026-01-20T23:24:29.09329634Z,C,2026-01-20T23:24:27.37719118Z,01KFEV384Y33BFECW27AH8GSGD,2026-01-20T23:24:24.194561572Z,01KFEVCQTYNZYE4TGA9WFYBM2V,2026-01-20T23:24:24.194561572Z,01KFEVHANVAXDMRTQWSCF4AN6J,2026-01-20T23:24:24.194561572Z
01KFEVN7XMVKWTBGH1R4BJQYN5,01KFEV37PBC6DGWCX0HT0QWYJR,2026-01-20T23:25:53.972195283Z,0,2026-01-20T23:26:02.964461283Z,B,2026-01-20T23:26:00.003055271Z,01KFEV37PYV9HETXX2PSGE1RKD,2026-01-20T23:25:53.972195283Z,01KFEVDMPGK2KG6CGRXX80WQ5A,2026-01-20T23:25:53.972195283Z,01KFEVKCMMB045AMAJBPJ2G93R,2026-01-20T23:25:53.972195283Z
01KFEWF4C9QQP1DFW971WA8KSB,01KFEV38A01XZ4DPRPFKRE96P8,2026-01-20T23:40:02.313417892Z,29,2026-01-20T23:40:05.034410292Z,C,2026-01-20T23:40:04.990399747Z,01KFEV38AJ2CFPYBQZ5JKK7PV4,2026-01-20T23:40:02.313417892Z,01KFEW2CHJQZ9TDCN78BA2VKEM,2026-01-20T23:40:02.313417892Z,01KFEW9RR0JAHGRHAG16SCZ4HQ,2026-01-20T23:40:02.313417892Z
01KFEVMRGZ69EAWAT6JSBGHZZW,01KFEV38A01XZ4DPRPFKRE96P8,2026-01-20T23:25:38.207369743Z,10,2026-01-20T23:25:57.026340356Z,B,2026-01-20T23:25:44.836095992Z,01KFEV38AJ2CFPYBQZ58NH0V5J,2026-01-20T23:25:38.207369743Z,01KFEVB815BQW2TQ29HHMDQ2FB,2026-01-20T23:25:38.207369743Z,01KFEVJWRME93DECR96HK88Y43,2026-01-20T23:25:38.207369743Z
01KFEVYNYKCPM7MRVNT2ED73Q0,01KFEV37CWX6SQYA0RPR0C01MW,2026-01-20T23:31:03.251304628Z,19,2026-01-20T23:31:06.787870384Z,C,2026-01-20T23:31:05.759254697Z,01KFEV37DAAK9E08F076WKMM6J,2026-01-20T23:31:03.251304628Z,01KFEVGWWQWT7BAZNJDAAA325H,2026-01-20T23:31:03.251304628Z,01KFEVRWTKHVAA5GAM8CPTYHJ5,2026-01-20T23:31:03.251304628Z
01KFEW3NRW7VNPVB86F9Z46C8H,01KFEV384BJYC62Y0E6AQK09K8,2026-01-20T23:33:46.908978698Z,19,2026-01-20T23:33:48.92127076Z,C,2026-01-20T23:33:48.884199907Z,01KFEV385166A8JYCZ9G4DMHRQ,2026-01-20T23:33:46.908978698Z,01KFEVY502SJ2FK1Q7WFM0PHB4,2026-01-20T23:33:46.908978698Z,01KFEW1AJZPPPE7Z0G8BBR056M,2026-01-20T23:33:46.908978698Z
01KFEWDEQGWS8J3V90QEX45XFF,01KFEV384BJYC62Y0E6AQK09K8,2026-01-20T23:39:07.376466506Z,7,2026-01-20T23:39:11.042229416Z,D,2026-01-20T23:39:10.843135834Z,01KFEV384Z68A1Z7ZGWS1GDSZK,2026-01-20T23:39:07.376466506Z,01KFEW47TNE510SG18TR5ZERFB,2026-01-20T23:39:07.376466506Z,01KFEW9NFJC2J34XYTRA892WKP,2026-01-20T23:39:07.376466506Z
01KFEVHBWXB9J61P5XGKXCDH6S,01KFEV384BJYC62Y0E6AQK09K8,2026-01-20T23:23:46.973681854Z,0,2026-01-20T23:23:54.86020503Z,A,2026-01-20T23:23:50.906530756Z,01KFEV384Y33BFECW27AH8GSGD,2026-01-20T23:23:46.973681854Z,01KFEVF34Y0A3VWJYX9367Q9EA,2026-01-20T23:23:46.973681854Z,01KFEVHAPAY4FNYD6E80QRSW86,2026-01-20T23:23:46.973681854Z
01KFEVK1C9A49FPKBCQQJEH51Z,01KFEV377XDCWB0CVW0E7ES8WB,2026-01-20T23:24:41.737913959Z,19,2026-01-20T23:24:45.62207959Z,C,2026-01-20T23:24:44.348336381Z,01KFEV378PDZP87HXSESW6BA01,2026-01-20T23:24:41.737913959Z,01KFEV79YCQMQRJYZ004NV66QN,2026-01-20T23:24:41.737913959Z,01KFEVF1QWVSRQZSBVJ2N2MCKF,2026-01-20T23:24:41.737913959Z
01KFEW2824MQNCD2DDZJCAHZQ2,01KFEV37PBC6DGWCX0HT0QWYJR,2026-01-20T23:33:00.100242151Z,0,2026-01-20T23:33:04.805230662Z,C,2026-01-20T23:33:02.927985912Z,01KFEV37Q0WSYAYKWHM2EXN0DN,2026-01-20T23:33:00.100242151Z,01KFEVWXXVHBHP5S1AZQQ4JZFK,2026-01-20T23:33:00.100242151Z,01KFEW0G9D7HY4DT2F92JJP28V,2026-01-20T23:33:00.100242151Z
01KFEWH06SNMAFVKDSH41H53ZT,01KFEVMNF44NEM58ETFST7KTWM,2026-01-20T23:41:03.577717792Z,7,2026-01-20T23:41:09.140384271Z,D,2026-01-20T23:41:06.091100326Z,01KFEVMNHFNDCGHX9QBBFN387E,2026-01-20T23:41:03.577717792Z,01KFEW6A5E0ZVTNJ585Y831423,2026-01-20T23:41:03.577717792Z,01KFEWEZW39PKTAP5FDZHRCHWA,2026-01-20T23:41:03.577717792Z
01KFEVHA2S94QXRFFEZGKFGQ5R,01KFEV377XDCWB0CVW0E7ES8WB,2026-01-20T23:23:45.113756519Z,0,2026-01-20T23:23:53.953716716Z,C,2026-01-20T23:23:47.447192518Z,01KFEV378H0PY96RNMJTMM0E4X,2026-01-20T23:23:45.113756519Z,01KFEV8K48Q5MVC88J4XCQXRFY,2026-01-20T23:23:45.113756519Z,01KFEVFBC119EVVS3DCZ8BFX5M,2026-01-20T23:23:45.113756519Z
01KFEVNMTT81QP3TFM1CEWAFKD,01KFEV38GJVYY8P8B7QXSW6BTE,2026-01-20T23:26:07.194126634Z,29,2026-01-20T23:26:17.439638512Z,C,2026-01-20T23:26:12.8124275Z,01KFEV38H72YHVC8PGTMFH64KV,2026-01-20T23:26:07.194126634Z,01KFEVE7DF79XD8SNTNNGKRM0M,2026-01-20T23:26:07.194126634Z,01KFEVNK1BDDD2SH2KKV7VEWMA,2026-01-20T23:26:07.194126634Z
01KFEVS52PST6WSJBWCET11YT9,01KFEV37PBC6DGWCX0HT0QWYJR,2026-01-20T23:28:02.134573022Z,19,2026-01-20T23:28:10.845003215Z,C,2026-01-20T23:28:10.742751588Z,01KFEV37PV76WD06T50QFKE80T,2026-01-20T23:28:02.134573022Z,01KFEVJMQNGBVWZMGKK0EQB935,2026-01-20T23:28:02.134573022Z,01KFEVS2YJ0NN9TXX80TR4EBXB,2026-01-20T23:28:02.134573022Z
01KFEVS7CQ18C424RF0FXEPDZW,01KFEV37PBC6DGWCX0HT0QWYJR,2026-01-20T23:28:04.503552519Z,19,2026-01-20T23:28:06.205690529Z,C,2026-01-20T23:28:05.75721982Z,01KFEV37PYV9HETXX2PSGE1RKD,2026-01-20T23:28:04.503552519Z,01KFEV8PSQBX7P1ARFP0SDDW57,2026-01-20T23:28:04.503552519Z,01KFEVKCMQT7S1XG51JFN48N08,2026-01-20T23:28:04.503552519Z
01KFEVJF986JMY85Y2GH055XYD,01KFEV37CWX6SQYA0RPR0C01MW,2026-01-20T23:24:23.208074616Z,10,2026-01-20T23:24:43.001989951Z,B,2026-01-20T23:24:42.984051099Z,01KFEV37DE991T271V0NJ5BY6K,2026-01-20T23:24:23.208074616Z,01KFEVD9ZATE7H5N364WWPAV31,2026-01-20T23:24:23.208074616Z,01KFEVJEK28P9JKPHKVPX8VP2T,2026-01-20T23:24:23.208074616Z
01KFEVWASASA5SJ3AAY2XTGPXM,01KFEV37CWX6SQYA0RPR0C01MW,2026-01-20T23:29:46.28249066Z,7,2026-01-20T23:29:51.669255124Z,D,2026-01-20T23:29:50.036190357Z,01KFEV37DAAK9E08F076WKMM6J,2026-01-20T23:29:46.28249066Z,01KFEVH10BYAXDVW828R4A2D8P,2026-01-20T23:29:46.28249066Z,01KFEVRWSFA1JEJGM44RM12CEB,2026-01-20T23:29:46.28249066Z
01KFEWBG3VZJXZX1FWE1B1PBG8,01KFEV384BJYC62Y0E6AQK09K8,2026-01-20T23:38:03.259849816Z,19,2026-01-20T23:38:11.535926769Z,C,2026-01-20T23:38:10.614056585Z,01KFEV384Z68A1Z7ZGWS1GDSZK,2026-01-20T23:38:03.259849816Z,01KFEW47TNE510SG18TR5ZERFB,2026-01-20T23:38:03.259849816Z,01KFEW9NEA3084E68Q79YRZ37E,2026-01-20T23:38:03.259849816Z
01KFEVBB0MQH68F6CPP630JH29,01KFEV2BZFDRZBG3Y0249RG1TW,2026-01-20T23:20:29.460052929Z,,,C,2026-01-20T23:20:39.741986131Z,01KFEV2C0BAXD2XBMY5020521J,2026-01-20T23:20:29.460052929Z,01KFEV4C5JX0QAMF53H9XNQYXK,2026-01-20T23:20:29.460052929Z,01KFEVB9TEW1H3D89RTJZC2XG3,2026-01-20T23:20:29.460052929Z
01KFEVJG7Y66PE251W01M7NX3R,01KFEV384BJYC62Y0E6AQK09K8,2026-01-20T23:24:24.190598502Z,10,2026-01-20T23:24:29.09329634Z,B,2026-01-20T23:24:29.077931526Z,01KFEV384Y33BFECW27AH8GSGD,2026-01-20T23:24:24.190598502Z,01KFEVF34Y0A3VWJYX9367Q9EA,2026-01-20T23:24:24.190598502Z,01KFEVHANVAXDMRTQWSCF4AN6J,2026-01-20T23:24:24.190598502Z
01KFEVSMM7Q36FQ7YX42FS360Q,01KFEV37CWX6SQYA0RPR0C01MW,2026-01-20T23:28:18.055232676Z,0,2026-01-20T23:28:28.683705984Z,D,2026-01-20T23:28:28.663687443Z,01KFEV37DAAK9E08F076WKMM6J,2026-01-20T23:28:18.055232676Z,01KFEVH10BYAXDVW828R4A2D8P,2026-01-20T23:28:18.055232676Z,01KFEVRWRP2V236VFYBAYSNQQS,2026-01-20T23:28:18.055232676Z
01KFEVTFS50PAW1N7XMD6TWCE2,01KFEV37CWX6SQYA0RPR0C01MW,2026-01-20T23:28:45.86130711Z,10,2026-01-20T23:28:49.727135041Z,A,2026-01-20T23:28:48.518323207Z,01KFEV37DE991T271V0NJ5BY6K,2026-01-20T23:28:45.86130711Z,01KFEV7RE3Q2MQ5NN8AGQ7Y4PK,2026-01-20T23:28:45.86130711Z,01KFEVJEJXVVFBH0FKDYNANHM0,2026-01-20T23:28:45.86130711Z
01KFEVKZGKDRPB3KGVZAH53SY8,01KFEV377XDCWB0CVW0E7ES8WB,2026-01-20T23:25:12.595065937Z,0,2026-01-20T23:25:13.858080994Z,C,2026-01-20T23:25:13.840242822Z,01KFEV378H0PY96RNMJFNCN7TE,2026-01-20T23:25:12.595065937Z,01KFEVA045MDV6WERMTEQ3VAYR,2026-01-20T23:25:12.595065937Z,01KFEVEHGP0J883B9NZZXAN747,2026-01-20T23:25:12.595065937Z
01KFEVM8F4V8C3SXFX0XN3XB76,01KFEV377XDCWB0CVW0E7ES8WB,2026-01-20T23:25:21.764253549Z,10,2026-01-20T23:25:24.121051287Z,B,2026-01-20T23:25:23.529580373Z,01KFEV378PDZP87HXSESW6BA01,2026-01-20T23:25:21.764253549Z,01KFEV79YCQMQRJYZ004NV66QN,2026-01-20T23:25:21.764253549Z,01KFEVF1QJJ1AJY0K2X9A8CP10,2026-01-20T23:25:21.764253549Z
01KFEVPDV20DB6STSMQ0MT0RMJ,01KFEV38A01XZ4DPRPFKRE96P8,2026-01-20T23:26:32.802174956Z,19,2026-01-20T23:27:28.457897798Z,C,2026-01-20T23:27:28.431472854Z,01KFEV38AJ2CFPYBQZ58NH0V5J,2026-01-20T23:26:32.802174956Z,01KFEVE55BQ40NXX8QW3R5RX0T,2026-01-20T23:26:32.802174956Z,01KFEVJWRSS59EY80VVB66B760,2026-01-20T23:26:32.802174956Z
01KFEWYW14ZEV8J6GEPFR8MSX3,01KFEV38GJVYY8P8B7QXSW6BTE,2026-01-20T23:48:38.052486818Z,,,D,2026-01-20T23:48:39.515463121Z,01KFEV38H0S2Y42XZDBCZ2KPGY,2026-01-20T23:48:38.052486818Z,01KFEWKWT6PWJAE8C8359J4DRM,2026-01-20T23:48:38.052486818Z,01KFEWVM9PT51YW4VST0CM6RSJ,2026-01-20T23:48:38.052486818Z
01KFEVAT40A1MBECPSP92HBN8K,01KFEV2BZFDRZBG3Y0249RG1TW,2026-01-20T23:20:12.160865125Z,20,2026-01-20T23:20:13.531707644Z,B,2026-01-20T23:20:13.477175202Z,01KFEV2C08ND9C9BYW8N2T146P,2026-01-20T23:20:12.160865125Z,01KFEV46YBCF5X09FCFJF4VDEY,2026-01-20T23:20:12.160865125Z,01KFEV992C5DA5CC9EBC041N3A,2026-01-20T23:20:12.160865125Z
01KFEVGC0GZJ1R1X3SHYAJGKWV,01KFEV37CWX6SQYA0RPR0C01MW,2026-01-20T23:23:14.320622207Z,0,2026-01-20T23:23:24.780632833Z,D,2026-01-20T23:23:23.459065267Z,01KFEV37DE991T271V0BRDHRJW,2026-01-20T23:23:14.320622207Z,01KFEVBZC2S6960QVT8J14HPMN,2026-01-20T23:23:14.320622207Z,01KFEVGBD2NH617BTMHE3APVY0,2026-01-20T23:23:14.320622207Z
01KFEVGJ7AFXDQFF2BWDS1HFQJ,01KFEV2BZFDRZBG3Y0249RG1TW,2026-01-20T23:23:20.682581183Z,10,2026-01-20T23:23:23.112787631Z,A,2026-01-20T23:23:23.092147106Z,01KFEV2C0CP35QE41ZMH45J8TZ,2026-01-20T23:23:20.682581183Z,01KFEV4PQ8V0QGQVX4KK2FPFJR,2026-01-20T23:23:20.682581183Z,01KFEVB8G7BAMBGNZ1NTK36656,2026-01-20T23:23:20.682581183Z
01KFEW3NS2HYM6S3AA1KWP1ZYJ,01KFEV384BJYC62Y0E6AQK09K8,2026-01-20T23:33:46.914533014Z,10,2026-01-20T23:33:48.92127076Z,B,2026-01-20T23:33:48.073534748Z,01KFEV385166A8JYCZ9G4DMHRQ,2026-01-20T23:33:46.914533014Z,01KFEVWH8M80FFRA88HYSK2ZSQ,2026-01-20T23:33:46.914533014Z,01KFEW1AJZPPPE7Z0G8BBR056M,2026-01-20T23:33:46.914533014Z
01KFEWY8BT36CEQXE9TVXQF0NG,01KFEV38GJVYY8P8B7QXSW6BTE,2026-01-20T23:48:17.914985214Z,0,2026-01-20T23:48:20.079150923Z,C,2026-01-20T23:48:19.667362645Z,01KFEV38H0S2Y42XZDBCZ2KPGY,2026-01-20T23:48:17.914985214Z,01KFEWA3ZKFQRVCEG62F0BJCT3,2026-01-20T23:48:17.914985214Z,01KFEWVM8TZBQMYHEAZT7F552E,2026-01-20T23:48:17.914985214Z
01KFEVGJ7DMEJMRVS9JS85W9SG,01KFEV2BZFDRZBG3Y0249RG1TW,2026-01-20T23:23:20.685380934Z,19,2026-01-20T23:23:23.112787631Z,C,2026-01-20T23:23:22.442244367Z,01KFEV2C0CP35QE41ZMH45J8TZ,2026-01-20T23:23:20.685380934Z,01KFEV7TATT805MEJDGTCA5NFM,2026-01-20T23:23:20.685380934Z,01KFEVB8G7BAMBGNZ1NTK36656,2026-01-20T23:23:20.685380934Z
01KFEVNXQ3G8EK2GMYMNRRPR8W,01KFEV377XDCWB0CVW0E7ES8WB,2026-01-20T23:26:16.291481991Z,20,2026-01-20T23:26:18.720873111Z,A,2026-01-20T23:26:18.69511195Z,01KFEV378FNG971PBW7B2SPNC6,2026-01-20T23:26:16.291481991Z,01KFEVCRBGBMN5MZZVZA8FPX1Z,2026-01-20T23:26:16.291481991Z,01KFEVJNR9280S2KWAWZH5CR01,2026-01-20T23:26:16.291481991Z
01KFEW219NBA9MEKMA5QC9DP6J,01KFEV37PBC6DGWCX0HT0QWYJR,2026-01-20T23:32:53.173029701Z,29,2026-01-20T23:32:55.316614193Z,C,2026-01-20T23:32:55.140009254Z,01KFEV37Q0WSYAYKWHM2EXN0DN,2026-01-20T23:32:53.173029701Z,01KFEVWYACX0Z3X7HHHK5DSTDD,2026-01-20T23:32:53.173029701Z,01KFEW0G8ZZKDWGVVQH1FBRDRX,2026-01-20T23:32:53.173029701Z
01KFEWJFVYXZJ4RWMNJR4TE59V,01KFEVMNF44NEM58ETFST7KTWM,2026-01-20T23:41:52.382885998Z,19,2026-01-20T23:41:55.282594713Z,C,2026-01-20T23:41:54.362576626Z,01KFEVMNHFNDCGHX9QBBFN387E,2026-01-20T23:41:52.382885998Z,01KFEW6A5E0ZVTNJ585Y831423,2026-01-20T23:41:52.382885998Z,01KFEWEZXAJSB92MSCQSD9TW2R,2026-01-20T23:41:52.382885998Z
01KFEVNXQ8616998P1HHVWE4YG,01KFEV377XDCWB0CVW0E7ES8WB,2026-01-20T23:26:16.296576125Z,20,2026-01-20T23:26:18.720873111Z,B,2026-01-20T23:26:17.803577574Z,01KFEV378FNG971PBW7B2SPNC6,2026-01-20T23:26:16.296576125Z,01KFEV82H962BNCCRXPB524628,2026-01-20T23:26:16.296576125Z,01KFEVJNR9280S2KWAWZH5CR01,2026-01-20T23:26:16.296576125Z
01KFEVTB0HW9TS6TC58Y2T46MN,01KFEV37PBC6DGWCX0HT0QWYJR,2026-01-20T23:28:40.977372385Z,20,2026-01-20T23:28:49.004607953Z,B,2026-01-20T23:28:48.920920798Z,01KFEV37PV76WD06T50QFKE80T,2026-01-20T23:28:40.977372385Z,01KFEVJMQNGBVWZMGKK0EQB935,2026-01-20T23:28:40.977372385Z,01KFEVS2ZJ94QWAPA619X1ZPB5,2026-01-20T23:28:40.977372385Z
01KFEVVKAJAWXQDZQT0C1NH5DM,01KFEVMN9Q125N5N16W4WNYJXF,2026-01-20T23:29:22.258629165Z,17,2026-01-20T23:29:25.673549308Z,D,2026-01-20T23:29:25.645048777Z,01KFEVMNB841AFDZFM4WSW4FTD,2026-01-20T23:29:22.258629165Z,01KFEVC3J7JCZ73BZAKH9RH61D,2026-01-20T23:29:22.258629165Z,01KFEVPNJ4WB4QFFFKRAV84BFG,2026-01-20T23:29:22.258629165Z
01KFEW1D2G1CY64JHPBPSR7BH1,01KFEV384BJYC62Y0E6AQK09K8,2026-01-20T23:32:32.46456643Z,19,2026-01-20T23:32:40.529098495Z,C,2026-01-20T23:32:40.502194043Z,01KFEV385166A8JYCZ9G4DMHRQ,2026-01-20T23:32:32.46456643Z,01KFEVY502SJ2FK1Q7WFM0PHB4,2026-01-20T23:32:32.46456643Z,01KFEW1AGDXB9F3CBJZD9ZH5QQ,2026-01-20T23:32:32.46456643Z
01KFEVB9HSHH1QA7ZE1A4PR4QW,01KFEV2BZFDRZBG3Y0249RG1TW,2026-01-20T23:20:27.961059304Z,10,2026-01-20T23:21:13.203608407Z,B,2026-01-20T23:21:05.446322612Z,01KFEV2C0CP35QE41ZMH45J8TZ,2026-01-20T23:20:27.961059304Z,01KFEV7TATT805MEJDGTCA5NFM,2026-01-20T23:20:27.961059304Z,01KFEVB8FPPEBGT93HPZRSG1EY,2026-01-20T23:20:27.961059304Z
01KFEVGY32Z9KEH204BBV5CR5X,01KFEV2BZFDRZBG3Y0249RG1TW,2026-01-20T23:23:32.834181721Z,20,2026-01-20T23:23:34.757263004Z,A,2026-01-20T23:23:34.715900583Z,01KFEV2C0CP35QE41ZMH45J8TZ,2026-01-20T23:23:32.834181721Z,01KFEV4PQ8V0QGQVX4KK2FPFJR,2026-01-20T23:23:32.834181721Z,01KFEVB8G9DDYT4Z9WGS4751MR,2026-01-20T23:23:32.834181721Z
01KFEVKH4S56VY2Z0NYEN1FTYC,01KFEV377XDCWB0CVW0E7ES8WB,2026-01-20T23:24:57.881297838Z,0,2026-01-20T23:25:01.605259983Z,C,2026-01-20T23:25:01.588684638Z,01KFEV378PDZP87HXSESW6BA01,2026-01-20T23:24:57.881297838Z,01KFEV6V20FH8Q8TGZN4SVCF5R,2026-01-20T23:24:57.881297838Z,01KFEVF1R05NN8B18DGSYQ0EAN,2026-01-20T23:24:57.881297838Z
01KFEVKRW3KSPQ2N5XBMCZDP13,01KFEV37PBC6DGWCX0HT0QWYJR,2026-01-20T23:25:05.795351059Z,29,2026-01-20T23:25:12.537271754Z,C,2026-01-20T23:25:09.419516406Z,01KFEV37PYV9HETXX2PC055NBT,2026-01-20T23:25:05.795351059Z,01KFEVBDY2YWN6DSFNFKRM8R9Z,2026-01-20T23:25:05.795351059Z,01KFEVH485B8R4J0M6DWQE7BKW,2026-01-20T23:25:05.795351059Z
01KFEWDEQP8YY2AA58H379SHSH,01KFEV384BJYC62Y0E6AQK09K8,2026-01-20T23:39:07.383007028Z,10,2026-01-20T23:39:11.042229416Z,B,2026-01-20T23:39:10.953285202Z,01KFEV384Z68A1Z7ZGWS1GDSZK,2026-01-20T23:39:07.383007028Z,01KFEW2C8HX8QQZV0FHE0EMNPN,2026-01-20T23:39:07.383007028Z,01KFEW9NFJC2J34XYTRA892WKP,2026-01-20T23:39:07.383007028Z
01KFEWY0XAXACVXK5G1EKS93YB,01KFEV38GJVYY8P8B7QXSW6BTE,2026-01-20T23:48:10.282409995Z,7,2026-01-20T23:48:13.042993094Z,D,2026-01-20T23:48:11.582495611Z,01KFEV38H0S2Y42XZDBCZ2KPGY,2026-01-20T23:48:10.282409995Z,01KFEWKWT6PWJAE8C8359J4DRM,2026-01-20T23:48:10.282409995Z,01KFEWVM8J6QS2ST8TXJA668EN,2026-01-20T23:48:10.282409995Z
01KFEW7SHSZ5ZCDCXNSSGB7T75,01KFEVMNF44NEM58ETFST7KTWM,2026-01-20T23:36:01.849521741Z,19,2026-01-20T23:36:16.0940796Z,C,2026-01-20T23:36:16.067986996Z,01KFEVMNH60E845G0BNN18WWCX,2026-01-20T23:36:01.849521741Z,01KFEVTBJ5QPGNSZPVYF1Q2TSQ,2026-01-20T23:36:01.849521741Z,01KFEW7PNRNRMQAX1ZJ3QAKXQC,2026-01-20T23:36:01.849521741Z
01KFEVDK3SK6HFZ0K8WMBQN85S,01KFEV2BZFDRZBG3Y0249RG1TW,2026-01-20T23:21:43.289619521Z,0,2026-01-20T23:21:53.904482691Z,A,2026-01-20T23:21:53.885589634Z,01KFEV2C0CP35QE41ZMH45J8TZ,2026-01-20T23:21:43.289619521Z,01KFEV4PQ8V0QGQVX4KK2FPFJR,2026-01-20T23:21:43.289619521Z,01KFEVB8FWDNBSEK2Q7T0WF7KM,2026-01-20T23:21:43.289619521Z
01KFEVE1M1390PHV76BGXFTW7K,01KFEV2BZFDRZBG3Y0249RG1TW,2026-01-20T23:21:58.145065171Z,10,2026-01-20T23:22:04.170306973Z,B,2026-01-20T23:22:01.368977749Z,01KFEV2C0CP35QE41ZMH45J8TZ,2026-01-20T23:21:58.145065171Z,01KFEV7TATT805MEJDGTCA5NFM,2026-01-20T23:21:58.145065171Z,01KFEVB8FTFFBQ8J4AEF64MQVW,2026-01-20T23:21:58.145065171Z
01KFEVHMA2E2DDP5STTTVENWGZ,01KFEV377XDCWB0CVW0E7ES8WB,2026-01-20T23:23:55.586494472Z,0,2026-01-20T23:23:58.152586085Z,B,2026-01-20T23:23:58.138825286Z,01KFEV378H0PY96RNMJFNCN7TE,2026-01-20T23:23:55.586494472Z,01KFEVA045MDV6WERMTEQ3VAYR,2026-01-20T23:23:55.586494472Z,01KFEVEHGWD05V25JN0JRD6NS4,2026-01-20T23:23:55.586494472Z
01KFEVKFQGXZ6GKFNJB2KD40GY,01KFEV377XDCWB0CVW0E7ES8WB,2026-01-20T23:24:56.432943378Z,17,2026-01-20T23:25:04.672952361Z,D,2026-01-20T23:25:04.655538672Z,01KFEV378H0PY96RNMJTMM0E4X,2026-01-20T23:24:56.432943378Z,01KFEV8TC8AZEPV3G36SCZ12C3,2026-01-20T23:24:56.432943378Z,01KFEVFBC4VT3BJNSHXYV9QVPD,2026-01-20T23:24:56.432943378Z
01KFEVN8RW6TM350AK63ZJ1PY6,01KFEV377XDCWB0CVW0E7ES8WB,2026-01-20T23:25:54.844818895Z,20,2026-01-20T23:25:57.40416381Z,A,2026-01-20T23:25:57.378023179Z,01KFEV378FNG971PBW7B2SPNC6,2026-01-20T23:25:54.844818895Z,01KFEVCRBGBMN5MZZVZA8FPX1Z,2026-01-20T23:25:54.844818895Z,01KFEVJNRJZH5GPQKMH4ZHTKNX,2026-01-20T23:25:54.844818895Z
01KFEW4FW2W2C2WA7B6ZGRG39G,01KFEV37PBC6DGWCX0HT0QWYJR,2026-01-20T23:34:13.634627405Z,0,2026-01-20T23:34:15.860232821Z,D,2026-01-20T23:34:15.428277619Z,01KFEV37Q0WSYAYKWHM2EXN0DN,2026-01-20T23:34:13.634627405Z,01KFEVWYACX0Z3X7HHHK5DSTDD,2026-01-20T23:34:13.634627405Z,01KFEW0GAZ5DP9RP3YRAEEZFCY,2026-01-20T23:34:13.634627405Z
01KFEVEBAHZD0VQK0CRPT0KPB5,01KFEV2BZFDRZBG3Y0249RG1TW,2026-01-20T23:22:08.081249969Z,0,2026-01-20T23:22:19.458462848Z,C,2026-01-20T23:22:13.676562926Z,01KFEV2C0CP35QE41ZMH45J8TZ,2026-01-20T23:22:08.081249969Z,01KFEV4PQ8V0QGQVX4KK2FPFJR,2026-01-20T23:22:08.081249969Z,01KFEVB8FXXCDX812QY32514FB,2026-01-20T23:22:08.081249969Z
01KFEVGKN2J58DCFD9DJ4MKKXM,01KFEV377XDCWB0CVW0E7ES8WB,2026-01-20T23:23:22.146070992Z,20,2026-01-20T23:23:25.173180019Z,B,2026-01-20T23:23:24.392034781Z,01KFEV378PDZP87HXSESW6BA01,2026-01-20T23:23:22.146070992Z,01KFEV6V20FH8Q8TGZN4SVCF5R,2026-01-20T23:23:22.146070992Z,01KFEVF1PSMKDKXGX0N31K7DMV,2026-01-20T23:23:22.146070992Z
01KFEVJ9B55WEDBXATWEVN52DR,01KFEV377XDCWB0CVW0E7ES8WB,2026-01-20T23:24:17.125593238Z,0,2026-01-20T23:24:19.099636117Z,C,2026-01-20T23:24:19.086925766Z,01KFEV378H0PY96RNMJFNCN7TE,2026-01-20T23:24:17.125593238Z,01KFEVA045MDV6WERMTEQ3VAYR,2026-01-20T23:24:17.125593238Z,01KFEVEHGT727FBD9HJ47T8RQS,2026-01-20T23:24:17.125593238Z
01KFEVKZFG25R2PTPGHJMDJWMA,01KFEV37CWX6SQYA0RPR0C01MW,2026-01-20T23:25:12.560763928Z,19,2026-01-20T23:25:18.901988078Z,C,2026-01-20T23:25:18.885268899Z,01KFEV37DE991T271V0BRDHRJW,2026-01-20T23:25:12.560763928Z,01KFEV8CTFEWEE7C0ZM9KMYRSE,2026-01-20T23:25:12.560763928Z,01KFEVGBCTGC7HJ089TPZS8PH5,2026-01-20T23:25:12.560763928Z
01KFEW5T44CBVPBPJ9YRZV4J84,01KFEVMN9Q125N5N16W4WNYJXF,2026-01-20T23:34:56.9000941Z,0,2026-01-20T23:35:04.527352413Z,D,2026-01-20T23:34:59.203554412Z,01KFEVMNBC23RB4D79KEQ4G0VS,2026-01-20T23:34:56.9000941Z,01KFEVXFAQE8X4YEWXW17GBY46,2026-01-20T23:34:56.9000941Z,01KFEW3VJN8ZKAM3Y64XBX8BFB,2026-01-20T23:34:56.9000941Z
01KFEVJ33F95PZEFN8SWW09J5G,01KFEV377XDCWB0CVW0E7ES8WB,2026-01-20T23:24:10.735968698Z,0,2026-01-20T23:24:15.682526594Z,C,2026-01-20T23:24:15.667138018Z,01KFEV378H0PY96RNMJFNCN7TE,2026-01-20T23:24:10.735968698Z,01KFEVA045MDV6WERMTEQ3VAYR,2026-01-20T23:24:10.735968698Z,01KFEVEHGVFGMMBCQD0VZCXWY0,2026-01-20T23:24:10.735968698Z
01KFEVKTMV72SKVCVYP5VEJJWV,01KFEV377XDCWB0CVW0E7ES8WB,2026-01-20T23:25:07.611594156Z,0,2026-01-20T23:25:11.240551052Z,C,2026-01-20T23:25:08.947152661Z,01KFEV378H0PY96RNMJFNCN7TE,2026-01-20T23:25:07.611594156Z,01KFEV86DXXGMH25YQ8QC6JEB7,2026-01-20T23:25:07.611594156Z,01KFEVEHGQDBJ2RJG3S3R11MY8,2026-01-20T23:25:07.611594156Z
01KFEVPFZK23TEPFHMBWFK4AW6,01KFEV384BJYC62Y0E6AQK09K8,2026-01-20T23:26:34.995145671Z,0,2026-01-20T23:26:39.326261386Z,A,2026-01-20T23:26:39.295075047Z,01KFEV384Y33BFECW27AH8GSGD,2026-01-20T23:26:34.995145671Z,01KFEVCQTYNZYE4TGA9WFYBM2V,2026-01-20T23:26:34.995145671Z,01KFEVHAPW1MNGRGTGSBYGR38E,2026-01-20T23:26:34.995145671Z
01KFEVRBQGFQPDTZ96YXJ85M2V,01KFEV37CWX6SQYA0RPR0C01MW,2026-01-20T23:27:36.176650927Z,0,2026-01-20T23:27:40.74217608Z,D,2026-01-20T23:27:38.856693224Z,01KFEV37DE991T271V0NJ5BY6K,2026-01-20T23:27:36.176650927Z,01KFEVD9ZATE7H5N364WWPAV31,2026-01-20T23:27:36.176650927Z,01KFEVJEKDM335WE8XZ2Y7WT1T,2026-01-20T23:27:36.176650927Z
01KFEVVTVVMN8ZJH9MM5DYKBVE,01KFEV37CWX6SQYA0RPR0C01MW,2026-01-20T23:29:29.979033379Z,0,2026-01-20T23:29:39.275727115Z,C,2026-01-20T23:29:39.166671815Z,01KFEV37DAAK9E08F076WKMM6J,2026-01-20T23:29:29.979033379Z,01KFEVGWWQWT7BAZNJDAAA325H,2026-01-20T23:29:29.979033379Z,01KFEVRWS6SQ4NE2BVQ7YM3A1B,2026-01-20T23:29:29.979033379Z
01KFEW2PSN3SBRF2YHV3QVGHCY,01KFEV384BJYC62Y0E6AQK09K8,2026-01-20T23:33:15.189774125Z,10,2026-01-20T23:33:17.826166453Z,B,2026-01-20T23:33:17.485215751Z,01KFEV385166A8JYCZ9G4DMHRQ,2026-01-20T23:33:15.189774125Z,01KFEVWH8M80FFRA88HYSK2ZSQ,2026-01-20T23:33:15.189774125Z,01KFEW1AHK7P065S468G6XKRHA,2026-01-20T23:33:15.189774125Z
01KFEWGMZRNMD2H0SQF7R16EHB,01KFEVMNF44NEM58ETFST7KTWM,2026-01-20T23:40:52.088202953Z,7,2026-01-20T23:40:58.615946172Z,D,2026-01-20T23:40:55.123671837Z,01KFEVMNHFNDCGHX9QBBFN387E,2026-01-20T23:40:52.088202953Z,01KFEW6A5E0ZVTNJ585Y831423,2026-01-20T23:40:52.088202953Z,01KFEWEZVSPMEYM5WRNH1GH02Y,2026-01-20T23:40:52.088202953Z
01KFEVF2V2P80DKHTVEHT01QCV,01KFEV377XDCWB0CVW0E7ES8WB,2026-01-20T23:22:32.162098791Z,0,2026-01-20T23:22:38.623230571Z,B,2026-01-20T23:22:36.886291758Z,01KFEV378PDZP87HXSESW6BA01,2026-01-20T23:22:32.162098791Z,01KFEV6V20FH8Q8TGZN4SVCF5R,2026-01-20T23:22:32.162098791Z,01KFEVF1PKXY17EAHC5V0EMKN7,2026-01-20T23:22:32.162098791Z
01KFEVP46J7CZWTZ56SYWPYP0P,01KFEV37PBC6DGWCX0HT0QWYJR,2026-01-20T23:26:22.930699383Z,29,2026-01-20T23:26:25.439851795Z,C,2026-01-20T23:26:25.42150071Z,01KFEV37PYV9HETXX2PC055NBT,2026-01-20T23:26:22.930699383Z,01KFEVBDY2YWN6DSFNFKRM8R9Z,2026-01-20T23:26:22.930699383Z,01KFEVH48MPK9TCKTT31EZXW1C,2026-01-20T23:26:22.930699383Z
01KFEVRYWN75CN1TQKY7PCMM40,01KFEV37CWX6SQYA0RPR0C01MW,2026-01-20T23:27:55.797588042Z,0,2026-01-20T23:28:03.324537638Z,B,2026-01-20T23:27:59.618012316Z,01KFEV37DAAK9E08F076WKMM6J,2026-01-20T23:27:55.797588042Z,01KFEVGWWQWT7BAZNJDAAA325H,2026-01-20T23:27:55.797588042Z,01KFEVRWQJGCGKK4BEF2VQ5XQC,2026-01-20T23:27:55.797588042Z
01KFEVRYWTTZYRDN33VBYKFH3T,01KFEV37CWX6SQYA0RPR0C01MW,2026-01-20T23:27:55.80248539Z,0,2026-01-20T23:28:03.324537638Z,B,2026-01-20T23:28:03.29505739Z,01KFEV37DAAK9E08F076WKMM6J,2026-01-20T23:27:55.80248539Z,01KFEVH10BYAXDVW828R4A2D8P,2026-01-20T23:27:55.80248539Z,01KFEVRWQJGCGKK4BEF2VQ5XQC,2026-01-20T23:27:55.80248539Z
01KFEVX96ATE15865BE0PDKKSB,01KFEV37PBC6DGWCX0HT0QWYJR,2026-01-20T23:30:17.418551308Z,,,A,2026-01-20T23:30:19.010508688Z,01KFEV37PV76WD06T50QFKE80T,2026-01-20T23:30:17.418551308Z,01KFEVH5DDXBKC32H7RGDZYG1X,2026-01-20T23:30:17.418551308Z,01KFEVS30HWX3TCPK54FFTBPR0,2026-01-20T23:30:17.418551308Z
01KFEWBCBX5WM6RN1JCE5KGFS4,01KFEV38GJVYY8P8B7QXSW6BTE,2026-01-20T23:37:59.421975084Z,7,2026-01-20T23:38:08.554729207Z,D,2026-01-20T23:38:08.515477086Z,01KFEV38H8T2V9428VC9T7MEBA,2026-01-20T23:37:59.421975084Z,01KFEW5BKPC6PA6AD6TVFX3GTH,2026-01-20T23:37:59.421975084Z,01KFEWB93MZQQNSF35K2S15HQV,2026-01-20T23:37:59.421975084Z
01KFEW6NNH5PX6QHXJGE93FR6N,01KFEVMN9Q125N5N16W4WNYJXF,2026-01-20T23:35:25.105548931Z,29,2026-01-20T23:35:27.11251511Z,C,2026-01-20T23:35:26.555143887Z,01KFEVMNBC23RB4D79KEQ4G0VS,2026-01-20T23:35:25.105548931Z,01KFEVX608THP5F5HX3GYF0X1K,2026-01-20T23:35:25.105548931Z,01KFEW3VKNJVBQR8K5WQHKN6CC,2026-01-20T23:35:25.105548931Z
01KFEW7ZT40XQ804HCRCVTR11T,01KFEV38GJVYY8P8B7QXSW6BTE,2026-01-20T23:36:08.260739275Z,0,2026-01-20T23:36:09.581722755Z,D,2026-01-20T23:36:09.542717729Z,01KFEV38H48T18ZRM15RETR33C,2026-01-20T23:36:08.260739275Z,01KFEVVPVMNR90RS0DGAX989B7,2026-01-20T23:36:08.260739275Z,01KFEW2K65H61S2VCF5K0K6SB6,2026-01-20T23:36:08.260739275Z
01KFEWEF6V21RZR0HXN1E3SQ8J,01KFEV38GJVYY8P8B7QXSW6BTE,2026-01-20T23:39:40.635341603Z,0,2026-01-20T23:39:44.656439487Z,C,2026-01-20T23:39:41.930941401Z,01KFEV38H8T2V9428VC9T7MEBA,2026-01-20T23:39:40.635341603Z,01KFEW5105FT4T963R9Z6AZ67Y,2026-01-20T23:39:40.635341603Z,01KFEWB95D8TYSSW9F9S79CQD8,2026-01-20T23:39:40.635341603Z
01KFEVJYJTNDKV59SE7ZRZEAJ8,01KFEV384BJYC62Y0E6AQK09K8,2026-01-20T23:24:38.874635873Z,10,2026-01-20T23:24:43.859331819Z,A,2026-01-20T23:24:43.831912452Z,01KFEV384Y33BFECW27AH8GSGD,2026-01-20T23:24:38.874635873Z,01KFEVCQTYNZYE4TGA9WFYBM2V,2026-01-20T23:24:38.874635873Z,01KFEVHAP1ZGR28S54Q15ESMWZ,2026-01-20T23:24:38.874635873Z
01KFEVNJX1QK3FHQNR8WCYV7Y5,01KFEV38A01XZ4DPRPFKRE96P8,2026-01-20T23:26:05.217079889Z,19,2026-01-20T23:26:27.638306326Z,C,2026-01-20T23:26:27.610336905Z,01KFEV38AJ2CFPYBQZ58NH0V5J,2026-01-20T23:26:05.217079889Z,01KFEVE55BQ40NXX8QW3R5RX0T,2026-01-20T23:26:05.217079889Z,01KFEVJWRBMK18VGXT9RA26R1D,2026-01-20T23:26:05.217079889Z
01KFEW4E26WTBZVH8E379608ZK,01KFEV384BJYC62Y0E6AQK09K8,2026-01-20T23:34:11.782380201Z,19,2026-01-20T23:34:12.919390706Z,C,2026-01-20T23:34:12.894983025Z,01KFEV385166A8JYCZ9G4DMHRQ,2026-01-20T23:34:11.782380201Z,01KFEVY502SJ2FK1Q7WFM0PHB4,2026-01-20T23:34:11.782380201Z,01KFEW1AHWQARTJECMFRG6TRPK,2026-01-20T23:34:11.782380201Z
01KFEW5ZM61G9MJVDTVPNM9316,01KFEV38A01XZ4DPRPFKRE96P8,2026-01-20T23:35:02.534137255Z,0,2026-01-20T23:35:07.653760305Z,C,2026-01-20T23:35:07.610961014Z,01KFEV38AHTHHCNTDGHAJN0GXG,2026-01-20T23:35:02.534137255Z,01KFEVW9PV7SJ42VT7GTTE4SGT,2026-01-20T23:35:02.534137255Z,01KFEW29Y7967CG3CKQRR67MXP,2026-01-20T23:35:02.534137255Z
01KFEVR0ERQZPNP9F2AT6RWBFW,01KFEV37CWX6SQYA0RPR0C01MW,2026-01-20T23:27:24.632542836Z,19,2026-01-20T23:27:30.853122998Z,C,2026-01-20T23:27:30.825253322Z,01KFEV37DE991T271V0NJ5BY6K,2026-01-20T23:27:24.632542836Z,01KFEVD9ZATE7H5N364WWPAV31,2026-01-20T23:27:24.632542836Z,01KFEVJEKCQH6K2QKDETC0SMC1,2026-01-20T23:27:24.632542836Z
01KFEW8AGBNPRPBSG4C43VKNSC,01KFEV38A01XZ4DPRPFKRE96P8,2026-01-20T23:36:19.21146674Z,19,2026-01-20T23:36:23.418922928Z,C,2026-01-20T23:36:23.383518959Z,01KFEV38AHTHHCNTDGHAJN0GXG,2026-01-20T23:36:19.21146674Z,01KFEVW5WA494MRXETJ2N5XX03,2026-01-20T23:36:19.21146674Z,01KFEW29ZCSX5849CNJP2CPD23,2026-01-20T23:36:19.21146674Z
01KFEWE6MCCAE6J7RQ58Z09C0Q,01KFEV38GJVYY8P8B7QXSW6BTE,2026-01-20T23:39:31.852493563Z,0,2026-01-20T23:39:37.417199086Z,C,2026-01-20T23:39:33.947013382Z,01KFEV38H8T2V9428VC9T7MEBA,2026-01-20T23:39:31.852493563Z,01KFEW5105FT4T963R9Z6AZ67Y,2026-01-20T23:39:31.852493563Z,01KFEWB954NE20KXS9TVTM9QWN,2026-01-20T23:39:31.852493563Z
01KFEWJ5MKV5D2YT3AXKC9DAZK,01KFEVMN9Q125N5N16W4WNYJXF,2026-01-20T23:41:41.907066982Z,20,2026-01-20T23:41:43.764711759Z,B,2026-01-20T23:41:43.719823598Z,01KFEVMNAWK7WRWM1AMQZKX6SA,2026-01-20T23:41:41.907066982Z,01KFEW3YJBR4HT7BADWRSVJQV5,2026-01-20T23:41:41.907066982Z,01KFEWE8W4Q7HBT12QMD8NKR4R,2026-01-20T23:41:41.907066982Z
01KFEVKWBYHDHSV5CDM4YAAZAY,01KFEV377XDCWB0CVW0E7ES8WB,2026-01-20T23:25:09.374445456Z,19,2026-01-20T23:25:12.382033903Z,C,2026-01-20T23:25:12.360724978Z,01KFEV378FNG971PBW7B2SPNC6,2026-01-20T23:25:09.374445456Z,01KFEVCRBGBMN5MZZVZA8FPX1Z,2026-01-20T23:25:09.374445456Z,01KFEVJNQSYYRC4AF8PKPM2915,2026-01-20T23:25:09.374445456Z
01KFEVMGARNS770ZYRQ3JHE3FY,01KFEV37CWX6SQYA0RPR0C01MW,2026-01-20T23:25:29.816302983Z,10,2026-01-20T23:25:35.88815479Z,B,2026-01-20T23:25:35.867779368Z,01KFEV37DE991T271V0NJ5BY6K,2026-01-20T23:25:29.816302983Z,01KFEVD9ZATE7H5N364WWPAV31,2026-01-20T23:25:29.816302983Z,01KFEVJEJJ6D7VBYCE9XWXMRKP,2026-01-20T23:25:29.816302983Z
01KFEVMWCN72VNXP6BH3RPNEYF,01KFEV377XDCWB0CVW0E7ES8WB,2026-01-20T23:25:42.166019192Z,20,2026-01-20T23:25:44.166976852Z,B,2026-01-20T23:25:43.388783962Z,01KFEV378FNG971PBW7B2SPNC6,2026-01-20T23:25:42.166019192Z,01KFEV82H962BNCCRXPB524628,2026-01-20T23:25:42.166019192Z,01KFEVJNR1J3B46T7W60KHKSQ0,2026-01-20T23:25:42.166019192Z
01KFEVNMZA17R9JP38B28XZ0XG,01KFEV37CWX6SQYA0RPR0C01MW,2026-01-20T23:26:07.33822201Z,29,2026-01-20T23:26:44.022544229Z,C,2026-01-20T23:26:22.656708069Z,01KFEV37DE991T271V0NJ5BY6K,2026-01-20T23:26:07.33822201Z,01KFEVD9ZATE7H5N364WWPAV31,2026-01-20T23:26:07.33822201Z,01KFEVJEK4F89CSCY0X9C1AJQJ,2026-01-20T23:26:07.33822201Z
01KFEWGMZF43H7J7WYX6T1WJ6G,01KFEVMNF44NEM58ETFST7KTWM,2026-01-20T23:40:52.079345064Z,10,2026-01-20T23:40:58.615946172Z,B,2026-01-20T23:40:58.546889774Z,01KFEVMNHFNDCGHX9QBBFN387E,2026-01-20T23:40:52.079345064Z,01KFEW78ZH0TY6JQ9J3GJMR3E3,2026-01-20T23:40:52.079345064Z,01KFEWEZVSPMEYM5WRNH1GH02Y,2026-01-20T23:40:52.079345064Z
01KFEVH0JCS4NQR3SE129SRKP2,01KFEV377XDCWB0CVW0E7ES8WB,2026-01-20T23:23:35.372894042Z,0,2026-01-20T23:23:40.843872314Z,C,2026-01-20T23:23:40.831676371Z,01KFEV378H0PY96RNMJTMM0E4X,2026-01-20T23:23:35.372894042Z,01KFEV8TC8AZEPV3G36SCZ12C3,2026-01-20T23:23:35.372894042Z,01KFEVFBBYTSBZ9CQKVR7RKAB2,2026-01-20T23:23:35.372894042Z
01KFEVM0V9NZKZEAA4M6M5NN98,01KFEV384BJYC62Y0E6AQK09K8,2026-01-20T23:25:13.961447338Z,7,2026-01-20T23:25:15.731801513Z,D,2026-01-20T23:25:15.534068224Z,01KFEV384Y33BFECW27AH8GSGD,2026-01-20T23:25:13.961447338Z,01KFEVF34Y0A3VWJYX9367Q9EA,2026-01-20T23:25:13.961447338Z,01KFEVHAPJCMYFRQP2F7WT72WK,2026-01-20T23:25:13.961447338Z
01KFEVW5S4QQMFYWQG1MVYCB2F,01KFEV37PBC6DGWCX0HT0QWYJR,2026-01-20T23:29:41.156123906Z,10,2026-01-20T23:29:44.719967412Z,A,2026-01-20T23:29:43.057836418Z,01KFEV37PV76WD06T50QFKE80T,2026-01-20T23:29:41.156123906Z,01KFEVH5DDXBKC32H7RGDZYG1X,2026-01-20T23:29:41.156123906Z,01KFEVS308RHJ1C53CQEQ6N1KN,2026-01-20T23:29:41.156123906Z
01KFEW3065W6X0886PZ0GYR674,01KFEV384BJYC62Y0E6AQK09K8,2026-01-20T23:33:24.805920899Z,0,2026-01-20T23:33:26.115717977Z,B,2026-01-20T23:33:26.092092237Z,01KFEV385166A8JYCZ9G4DMHRQ,2026-01-20T23:33:24.805920899Z,01KFEVWH8M80FFRA88HYSK2ZSQ,2026-01-20T23:33:24.805920899Z,01KFEW1AH3KYJV5QTKFEPKQZZX,2026-01-20T23:33:24.805920899Z
01KFEVFFPB6RBWE02RJ0JDMHYR,01KFEV2BZFDRZBG3Y0249RG1TW,2026-01-20T23:22:45.323925987Z,19,2026-01-20T23:22:50.872908173Z,C,2026-01-20T23:22:50.676888397Z,01KFEV2C0CP35QE41ZMH45J8TZ,2026-01-20T23:22:45.323925987Z,01KFEV4PQ8V0QGQVX4KK2FPFJR,2026-01-20T23:22:45.323925987Z,01KFEVB8G4409FE3WHQBZQY7S4,2026-01-20T23:22:45.323925987Z
01KFEVJG16VDYA375GK1T09RD3,01KFEV377XDCWB0CVW0E7ES8WB,2026-01-20T23:24:23.974975558Z,20,2026-01-20T23:24:26.79862391Z,B,2026-01-20T23:24:26.756624787Z,01KFEV378PDZP87HXSESW6BA01,2026-01-20T23:24:23.974975558Z,01KFEV6V20FH8Q8TGZN4SVCF5R,2026-01-20T23:24:23.974975558Z,01KFEVF1Q6ZK58W1T2EDJS8ZM0,2026-01-20T23:24:23.974975558Z
01KFEVTTB8R08J9M35MZRP6ZVP,01KFEV37PBC6DGWCX0HT0QWYJR,2026-01-20T23:28:56.680921233Z,0,2026-01-20T23:29:00.985282227Z,C,2026-01-20T23:29:00.962745333Z,01KFEV37PV76WD06T50QFKE80T,2026-01-20T23:28:56.680921233Z,01KFEVJMQNGBVWZMGKK0EQB935,2026-01-20T23:28:56.680921233Z,01KFEVS2Z9EQT2Y1JNWRXDGX7J,2026-01-20T23:28:56.680921233Z
01KFEWH95Q3SKFEHN6HAVWHW40,01KFEVMNF44NEM58ETFST7KTWM,2026-01-20T23:41:12.759502642Z,17,2026-01-20T23:41:17.420113812Z,D,2026-01-20T23:41:17.375585578Z,01KFEVMNHFNDCGHX9QBBFN387E,2026-01-20T23:41:12.759502642Z,01KFEW78ZH0TY6JQ9J3GJMR3E3,2026-01-20T23:41:12.759502642Z,01KFEWEZX1QCKQJZPSQCFEKWPP,2026-01-20T23:41:12.759502642Z
01KFEWF5GGNQGZQQET6NABSNZ3,01KFEV38GJVYY8P8B7QXSW6BTE,2026-01-20T23:40:03.472792471Z,17,2026-01-20T23:40:05.186089674Z,D,2026-01-20T23:40:04.49437865Z,01KFEV38H8T2V9428VC9T7MEBA,2026-01-20T23:40:03.472792471Z,01KFEW5BKPC6PA6AD6TVFX3GTH,2026-01-20T23:40:03.472792471Z,01KFEWB967BF5HCPTFD5ASW09Z,2026-01-20T23:40:03.472792471Z
01KFEWFA7GRWQCXXJG1Q2PPRTB,01KFEV38GJVYY8P8B7QXSW6BTE,2026-01-20T23:40:08.304078379Z,0,2026-01-20T23:40:11.259793551Z,C,2026-01-20T23:40:09.178692411Z,01KFEV38H8T2V9428VC9T7MEBA,2026-01-20T23:40:08.304078379Z,01KFEW5BKPC6PA6AD6TVFX3GTH,2026-01-20T23:40:08.304078379Z,01KFEWB96KRX4ZB7T2765CQSN7,2026-01-20T23:40:08.304078379Z
01KFEWXWA8KPM3J5V9X9M258F5,01KFEV38GJVYY8P8B7QXSW6BTE,2026-01-20T23:48:05.576963273Z,0,2026-01-20T23:48:07.836279126Z,C,2026-01-20T23:48:07.798415815Z,01KFEV38H0S2Y42XZDBCZ2KPGY,2026-01-20T23:48:05.576963273Z,01KFEWA3ZKFQRVCEG62F0BJCT3,2026-01-20T23:48:05.576963273Z,01KFEWVM889E015ABS9SG4J3H3,2026-01-20T23:48:05.576963273Z
01KFEWY0XKQCQWKWCAZ1WS9MNQ,01KFEV38GJVYY8P8B7QXSW6BTE,2026-01-20T23:48:10.291453205Z,10,2026-01-20T23:48:13.042993094Z,B,2026-01-20T23:48:13.00836515Z,01KFEV38H0S2Y42XZDBCZ2KPGY,2026-01-20T23:48:10.291453205Z,01KFEWA3ZKFQRVCEG62F0BJCT3,2026-01-20T23:48:10.291453205Z,01KFEWVM8J6QS2ST8TXJA668EN,2026-01-20T23:48:10.291453205Z
01KFEVHAZH5PPZ9SPZHMCYQG7A,01KFEV377XDCWB0CVW0E7ES8WB,2026-01-20T23:23:46.033536801Z,0,2026-01-20T23:23:52.964495014Z,C,2026-01-20T23:23:48.107622069Z,01KFEV378H0PY96RNMJFNCN7TE,2026-01-20T23:23:46.033536801Z,01KFEV86DXXGMH25YQ8QC6JEB7,2026-01-20T23:23:46.033536801Z,01KFEVEHGBCMP7V8TCE6N6N4MW,2026-01-20T23:23:46.033536801Z
01KFEW3G1MGXAJK1N63XE53MTM,01KFEV38A01XZ4DPRPFKRE96P8,2026-01-20T23:33:41.044804631Z,0,2026-01-20T23:34:25.3222483Z,C,2026-01-20T23:34:25.285988157Z,01KFEV38AHTHHCNTDGHAJN0GXG,2026-01-20T23:33:41.044804631Z,01KFEVW9PV7SJ42VT7GTTE4SGT,2026-01-20T23:33:41.044804631Z,01KFEW29XSADA32QXA2MHBZPNA,2026-01-20T23:33:41.044804631Z
01KFEW7584VKM9WNG28A25SACM,01KFEV38GJVYY8P8B7QXSW6BTE,2026-01-20T23:35:41.060837379Z,29,2026-01-20T23:35:42.249342053Z,C,2026-01-20T23:35:42.21154515Z,01KFEV38H48T18ZRM15RETR33C,2026-01-20T23:35:41.060837379Z,01KFEVVPVMNR90RS0DGAX989B7,2026-01-20T23:35:41.060837379Z,01KFEW2K6YFW0YHD45MRGH06TF,2026-01-20T23:35:41.060837379Z
01KFEWEN47R7QZPJZK1742BHG5,01KFEV38GJVYY8P8B7QXSW6BTE,2026-01-20T23:39:46.695511692Z,0,2026-01-20T23:39:49.794201654Z,C,2026-01-20T23:39:49.237946077Z,01KFEV38H8T2V9428VC9T7MEBA,2026-01-20T23:39:46.695511692Z,01KFEW5BKPC6PA6AD6TVFX3GTH,2026-01-20T23:39:46.695511692Z,01KFEWB95MVT152YDC7RERZG6G,2026-01-20T23:39:46.695511692Z
01KFEWY8BBH4C72VTHGFAYHX6A,01KFEV38GJVYY8P8B7QXSW6BTE,2026-01-20T23:48:17.899202991Z,0,2026-01-20T23:48:20.079150923Z,C,2026-01-20T23:48:20.041284716Z,01KFEV38H0S2Y42XZDBCZ2KPGY,2026-01-20T23:48:17.899202991Z,01KFEWKWT6PWJAE8C8359J4DRM,2026-01-20T23:48:17.899202991Z,01KFEWVM8TZBQMYHEAZT7F552E,2026-01-20T23:48:17.899202991Z
01KFEWWPS9P71HKY9THB8K1EXQ,01KFEV38GJVYY8P8B7QXSW6BTE,2026-01-20T23:47:27.14597386Z,0,2026-01-20T23:47:30.38410633Z,D,2026-01-20T23:47:28.728075049Z,01KFEV38H0S2Y42XZDBCZ2KPGY,2026-01-20T23:47:27.14597386Z,01KFEWA3ZKFQRVCEG62F0BJCT3,2026-01-20T23:47:27.14597386Z,01KFEWVM6P4FVA6Y7RWXQ75670,2026-01-20T23:47:27.14597386Z
01KFEVFSF0VYF6T01GXBWKB888,01KFEV377XDCWB0CVW0E7ES8WB,2026-01-20T23:22:55.328123943Z,19,2026-01-20T23:23:01.522615115Z,C,2026-01-20T23:23:01.509144785Z,01KFEV378PDZP87HXSESW6BA01,2026-01-20T23:22:55.328123943Z,01KFEV79YCQMQRJYZ004NV66QN,2026-01-20T23:22:55.328123943Z,01KFEVF1Q0DWKQS3BYN9S091RF,2026-01-20T23:22:55.328123943Z
01KFEVJTBKT2J511AZ0SW03HZ9,01KFEV377XDCWB0CVW0E7ES8WB,2026-01-20T23:24:34.547865214Z,29,2026-01-20T23:24:38.442241993Z,C,2026-01-20T23:24:35.79946722Z,01KFEV378H0PY96RNMJFNCN7TE,2026-01-20T23:24:34.547865214Z,01KFEV86DXXGMH25YQ8QC6JEB7,2026-01-20T23:24:34.547865214Z,01KFEVEHGR7ECW4X29T8Y4QFJQ,2026-01-20T23:24:34.547865214Z
01KFEVMN68YQVKN4KYFE5Y9747,01KFEV37PBC6DGWCX0HT0QWYJR,2026-01-20T23:25:34.792200855Z,29,2026-01-20T23:25:40.595874577Z,C,2026-01-20T23:25:40.578684264Z,01KFEV37PYV9HETXX2PC055NBT,2026-01-20T23:25:34.792200855Z,01KFEVBDY2YWN6DSFNFKRM8R9Z,2026-01-20T23:25:34.792200855Z,01KFEVH488H19CAYEAMXF8JTYZ,2026-01-20T23:25:34.792200855Z
01KFEWHHTRDE5ZJ28W9S4NMQKN,01KFEVMNF44NEM58ETFST7KTWM,2026-01-20T23:41:21.624780408Z,0,2026-01-20T23:41:25.668498444Z,C,2026-01-20T23:41:25.632805043Z,01KFEVMNHFNDCGHX9QBBFN387E,2026-01-20T23:41:21.624780408Z,01KFEW78ZH0TY6JQ9J3GJMR3E3,2026-01-20T23:41:21.624780408Z,01KFEWEZWCJ6XC69DY4G0F5CGG,2026-01-20T23:41:21.624780408Z
01KFEVM41R4FWV3YMGBWEPZ5N9,01KFEV37PBC6DGWCX0HT0QWYJR,2026-01-20T23:25:17.240348073Z,10,2026-01-20T23:25:21.303829937Z,B,2026-01-20T23:25:21.288808607Z,01KFEV37PYV9HETXX2PC055NBT,2026-01-20T23:25:17.240348073Z,01KFEVBDY2YWN6DSFNFKRM8R9Z,2026-01-20T23:25:17.240348073Z,01KFEVH486ZCFEH7MFXY01HJC3,2026-01-20T23:25:17.240348073Z
01KFEVN5HHDWRTB66ZRZ20YZPX,01KFEV37PBC6DGWCX0HT0QWYJR,2026-01-20T23:25:51.537631801Z,17,2026-01-20T23:25:54.072616822Z,D,2026-01-20T23:25:53.312925062Z,01KFEV37PYV9HETXX2PC055NBT,2026-01-20T23:25:51.537631801Z,01KFEV9QWYR4DNTS4QCCENEARJ,2026-01-20T23:25:51.537631801Z,01KFEVH47RBTC8Q50RVEZJ2J6Q,2026-01-20T23:25:51.537631801Z
01KFEW2G4SMKY2RKHCR7C7P56W,01KFEV37PBC6DGWCX0HT0QWYJR,2026-01-20T23:33:08.377765018Z,10,2026-01-20T23:33:13.974833434Z,B,2026-01-20T23:33:11.780867406Z,01KFEV37Q0WSYAYKWHM2EXN0DN,2026-01-20T23:33:08.377765018Z,01KFEVWXXVHBHP5S1AZQQ4JZFK,2026-01-20T23:33:08.377765018Z,01KFEW0G9JQ4V4CCAST3DCAZYQ,2026-01-20T23:33:08.377765018Z
01KFEWH2ZQNA87P2Q8AZ3EMB3J,01KFEVMN9Q125N5N16W4WNYJXF,2026-01-20T23:41:06.423070277Z,20,2026-01-20T23:41:07.837374049Z,B,2026-01-20T23:41:07.272482954Z,01KFEVMNAWK7WRWM1AMQZKX6SA,2026-01-20T23:41:06.423070277Z,01KFEW3YJBR4HT7BADWRSVJQV5,2026-01-20T23:41:06.423070277Z,01KFEWE8X78MX8FTH7TFT5G1TY,2026-01-20T23:41:06.423070277Z
01KFEWJNXDJMDYB1R2HZJYWB57,01KFEVMNF44NEM58ETFST7KTWM,2026-01-20T23:41:58.573712038Z,10,2026-01-20T23:42:02.791649411Z,B,2026-01-20T23:42:02.747517575Z,01KFEVMNHFNDCGHX9QBBFN387E,2026-01-20T23:41:58.573712038Z,01KFEW78ZH0TY6JQ9J3GJMR3E3,2026-01-20T23:41:58.573712038Z,01KFEWEZZBBNA6YGF5KBEE6WA6,2026-01-20T23:41:58.573712038Z
01KFEWMFB7NP375K2NPBJNK5JG,01KFEVMNF44NEM58ETFST7KTWM,2026-01-20T23:42:57.383509436Z,17,2026-01-20T23:43:00.917115988Z,D,2026-01-20T23:43:00.882014977Z,01KFEVMNHFNDCGHX9QBBFN387E,2026-01-20T23:42:57.383509436Z,01KFEW78ZH0TY6JQ9J3GJMR3E3,2026-01-20T23:42:57.383509436Z,01KFEWEZY0CVS9EZRWS47HB4GC,2026-01-20T23:42:57.383509436Z
01KFEVK226NJV28YHF0P2BGRYT,01KFEV37CWX6SQYA0RPR0C01MW,2026-01-20T23:24:42.438137662Z,7,2026-01-20T23:24:45.939655419Z,D,2026-01-20T23:24:45.920289948Z,01KFEV37DE991T271V0BRDHRJW,2026-01-20T23:24:42.438137662Z,01KFEV8CTFEWEE7C0ZM9KMYRSE,2026-01-20T23:24:42.438137662Z,01KFEVGBCR1VRA302JV9XDWJYD,2026-01-20T23:24:42.438137662Z
01KFEVMK89TWR6N7CP4NATJVDY,01KFEV37CWX6SQYA0RPR0C01MW,2026-01-20T23:25:32.809720726Z,10,2026-01-20T23:25:36.845245022Z,B,2026-01-20T23:25:36.77378753Z,01KFEV37DE991T271V0BRDHRJW,2026-01-20T23:25:32.809720726Z,01KFEVBZC2S6960QVT8J14HPMN,2026-01-20T23:25:32.809720726Z,01KFEVGBD8T8SFCQH95NHF15WG,2026-01-20T23:25:32.809720726Z
01KFEVNN6S82GFE2ZBTMES9NT1,01KFEV37CWX6SQYA0RPR0C01MW,2026-01-20T23:26:07.577348903Z,10,2026-01-20T23:26:11.560047394Z,B,2026-01-20T23:26:11.52721842Z,01KFEV37DE991T271V0BRDHRJW,2026-01-20T23:26:07.577348903Z,01KFEVBZC2S6960QVT8J14HPMN,2026-01-20T23:26:07.577348903Z,01KFEVGBDEFGKQZTMK8HZ24A1T,2026-01-20T23:26:07.577348903Z
01KFEVXHSK37AJQCVGFAN1SVX0,01KFEV37CWX6SQYA0RPR0C01MW,2026-01-20T23:30:26.227517314Z,10,2026-01-20T23:30:32.140295897Z,A,2026-01-20T23:30:32.105757397Z,01KFEV37DAAK9E08F076WKMM6J,2026-01-20T23:30:26.227517314Z,01KFEVGWWQWT7BAZNJDAAA325H,2026-01-20T23:30:26.227517314Z,01KFEVRWQYDTTG3TBRZX6QCZTF,2026-01-20T23:30:26.227517314Z
01KFEVHMA89J41XFYG3JD6MFE8,01KFEV377XDCWB0CVW0E7ES8WB,2026-01-20T23:23:55.592528018Z,0,2026-01-20T23:23:58.152586085Z,B,2026-01-20T23:23:56.691416175Z,01KFEV378H0PY96RNMJFNCN7TE,2026-01-20T23:23:55.592528018Z,01KFEV86DXXGMH25YQ8QC6JEB7,2026-01-20T23:23:55.592528018Z,01KFEVEHGWD05V25JN0JRD6NS4,2026-01-20T23:23:55.592528018Z
01KFEVK0QCYPXE22HVKG76YJCT,01KFEV377XDCWB0CVW0E7ES8WB,2026-01-20T23:24:41.068786992Z,19,2026-01-20T23:24:50.254631446Z,C,2026-01-20T23:24:43.348684567Z,01KFEV378H0PY96RNMJTMM0E4X,2026-01-20T23:24:41.068786992Z,01KFEV8K48Q5MVC88J4XCQXRFY,2026-01-20T23:24:41.068786992Z,01KFEVFBC3KKXJSC7MKW9KR59A,2026-01-20T23:24:41.068786992Z
01KFEWHVVSWC5KCSKDH2B4FSD4,01KFEVMN9Q125N5N16W4WNYJXF,2026-01-20T23:41:31.897810332Z,20,2026-01-20T23:41:32.718104034Z,B,2026-01-20T23:41:32.57418856Z,01KFEVMNAWK7WRWM1AMQZKX6SA,2026-01-20T23:41:31.897810332Z,01KFEW3YJBR4HT7BADWRSVJQV5,2026-01-20T23:41:31.897810332Z,01KFEWE8VTHQXWKT1AXEXQ666A,2026-01-20T23:41:31.897810332Z
01KFEWJ2B8QFCX9KHHDTQQVCBY,01KFEVMNF44NEM58ETFST7KTWM,2026-01-20T23:41:38.536148969Z,0,2026-01-20T23:41:42.074412776Z,D,2026-01-20T23:41:41.247450032Z,01KFEVMNHFNDCGHX9QBBFN387E,2026-01-20T23:41:38.536148969Z,01KFEW6A5E0ZVTNJ585Y831423,2026-01-20T23:41:38.536148969Z,01KFEWEZWPAV8RCSFBM22S3S8X,2026-01-20T23:41:38.536148969Z
01KFEWXNMR7WQP70JBV0R2B3N8,01KFEV38GJVYY8P8B7QXSW6BTE,2026-01-20T23:47:58.74490471Z,19,2026-01-20T23:48:01.811466866Z,C,2026-01-20T23:48:00.898247982Z,01KFEV38H0S2Y42XZDBCZ2KPGY,2026-01-20T23:47:58.74490471Z,01KFEWKWT6PWJAE8C8359J4DRM,2026-01-20T23:47:58.74490471Z,01KFEWVM7Z966CNQ4GRP5M96EG,2026-01-20T23:47:58.74490471Z
01KFEVGAZXM11G4DMPNJ4KRM9F,01KFEV377XDCWB0CVW0E7ES8WB,2026-01-20T23:23:13.277265127Z,10,2026-01-20T23:23:16.946970341Z,B,2026-01-20T23:23:16.931001212Z,01KFEV378PDZP87HXSESW6BA01,2026-01-20T23:23:13.277265127Z,01KFEV6V20FH8Q8TGZN4SVCF5R,2026-01-20T23:23:13.277265127Z,01KFEVF1PPGM18ZSKV97STAVV2,2026-01-20T23:23:13.277265127Z
01KFEVJXJTXAAJQ0042ZFHJNC6,01KFEV38A01XZ4DPRPFKRE96P8,2026-01-20T23:24:37.850930577Z,0,2026-01-20T23:25:08.06519022Z,C,2026-01-20T23:25:00.352846187Z,01KFEV38AJ2CFPYBQZ58NH0V5J,2026-01-20T23:24:37.850930577Z,01KFEVB815BQW2TQ29HHMDQ2FB,2026-01-20T23:24:37.850930577Z,01KFEVJWS4XRB4HTW161W2F47D,2026-01-20T23:24:37.850930577Z
01KFEVM1SQCAJSHB9BZXJ0MTP4,01KFEV377XDCWB0CVW0E7ES8WB,2026-01-20T23:25:14.935801595Z,17,2026-01-20T23:25:16.080131727Z,D,2026-01-20T23:25:16.036254237Z,01KFEV378H0PY96RNMJFNCN7TE,2026-01-20T23:25:14.935801595Z,01KFEVA045MDV6WERMTEQ3VAYR,2026-01-20T23:25:14.935801595Z,01KFEVEHGNZ7VVTDD9TTSV20M2,2026-01-20T23:25:14.935801595Z
01KFEVRJ7JBEB5Z6M5STGBVPPJ,01KFEV37PBC6DGWCX0HT0QWYJR,2026-01-20T23:27:42.834879165Z,19,2026-01-20T23:27:48.99381698Z,C,2026-01-20T23:27:47.069541008Z,01KFEV37PYV9HETXX2PSGE1RKD,2026-01-20T23:27:42.834879165Z,01KFEVDMPGK2KG6CGRXX80WQ5A,2026-01-20T23:27:42.834879165Z,01KFEVKCMHNFBMSFY09QX4TGHZ,2026-01-20T23:27:42.834879165Z
01KFEVYASHK3NB8MWG1479VRY7,01KFEV37CWX6SQYA0RPR0C01MW,2026-01-20T23:30:51.825124561Z,10,2026-01-20T23:30:55.890885011Z,A,2026-01-20T23:30:55.4739459Z,01KFEV37DAAK9E08F076WKMM6J,2026-01-20T23:30:51.825124561Z,01KFEVH10BYAXDVW828R4A2D8P,2026-01-20T23:30:51.825124561Z,01KFEVRWTFS6WZR3RJEQCQ8B5K,2026-01-20T23:30:51.825124561Z
01KFEW423K21HPM27541WSNGG7,01KFEV384BJYC62Y0E6AQK09K8,2026-01-20T23:33:59.539401094Z,19,2026-01-20T23:34:01.949060013Z,C,2026-01-20T23:34:01.920643016Z,01KFEV385166A8JYCZ9G4DMHRQ,2026-01-20T23:33:59.539401094Z,01KFEVY502SJ2FK1Q7WFM0PHB4,2026-01-20T23:33:59.539401094Z,01KFEW1AJQQTXG07GE8KNBNQJN,2026-01-20T23:33:59.539401094Z
01KFEWE2VSKYKQYC1PAX9917YN,01KFEV384BJYC62Y0E6AQK09K8,2026-01-20T23:39:27.993648289Z,,,C,2026-01-20T23:39:31.534851443Z,01KFEV384Z68A1Z7ZGWS1GDSZK,2026-01-20T23:39:27.993648289Z,01KFEW47TNE510SG18TR5ZERFB,2026-01-20T23:39:27.993648289Z,01KFEW9NG7HFK52KPRET7F9NBD,2026-01-20T23:39:27.993648289Z
01KFEWM89HPQDY1JCH78HH24T4,01KFEVMNF44NEM58ETFST7KTWM,2026-01-20T23:42:50.161214064Z,29,2026-01-20T23:42:54.166276474Z,C,2026-01-20T23:42:52.36525074Z,01KFEVMNHFNDCGHX9QBBFN387E,2026-01-20T23:42:50.161214064Z,01KFEW6A5E0ZVTNJ585Y831423,2026-01-20T23:42:50.161214064Z,01KFEWEZYB6ZVPPBFVTKXTZJ40,2026-01-20T23:42:50.161214064Z
01KFEVAZN94Z6TJAA12A56Q60A,01KFEV2BZFDRZBG3Y0249RG1TW,2026-01-20T23:20:17.834010203Z,20,2026-01-20T23:20:20.429673081Z,A,2026-01-20T23:20:18.927037576Z,01KFEV2C08ND9C9BYW8N2T146P,2026-01-20T23:20:17.834010203Z,01KFEV4APCG117QZ1ZVXNKCJFC,2026-01-20T23:20:17.834010203Z,01KFEV992EGQ6JEDWT7CNXP7AX,2026-01-20T23:20:17.834010203Z
01KFEVHBX0G4B79K693S5DZ345,01KFEV384BJYC62Y0E6AQK09K8,2026-01-20T23:23:46.976553762Z,0,2026-01-20T23:23:54.86020503Z,A,2026-01-20T23:23:54.705147905Z,01KFEV384Y33BFECW27AH8GSGD,2026-01-20T23:23:46.976553762Z,01KFEVCQTYNZYE4TGA9WFYBM2V,2026-01-20T23:23:46.976553762Z,01KFEVHAPAY4FNYD6E80QRSW86,2026-01-20T23:23:46.976553762Z
01KFEVPYN7M0VSJ93NRN3W36QY,01KFEV37CWX6SQYA0RPR0C01MW,2026-01-20T23:26:50.023701354Z,10,2026-01-20T23:26:54.487053709Z,A,2026-01-20T23:26:54.467216487Z,01KFEV37DE991T271V0NJ5BY6K,2026-01-20T23:26:50.023701354Z,01KFEV7RE3Q2MQ5NN8AGQ7Y4PK,2026-01-20T23:26:50.023701354Z,01KFEVJEK9E3M288QRNEA9824W,2026-01-20T23:26:50.023701354Z
01KFEVT719NDT1EC3H96GT22SH,01KFEV37CWX6SQYA0RPR0C01MW,2026-01-20T23:28:36.905881509Z,7,2026-01-20T23:28:41.459287765Z,D,2026-01-20T23:28:41.430877752Z,01KFEV37DAAK9E08F076WKMM6J,2026-01-20T23:28:36.905881509Z,01KFEVGWWQWT7BAZNJDAAA325H,2026-01-20T23:28:36.905881509Z,01KFEVRWRG1NX0K3PTAJAQYB2F,2026-01-20T23:28:36.905881509Z
01KFEVWAS406440WPC761TN89Q,01KFEV37CWX6SQYA0RPR0C01MW,2026-01-20T23:29:46.276431646Z,10,2026-01-20T23:29:51.669255124Z,B,2026-01-20T23:29:51.564807631Z,01KFEV37DAAK9E08F076WKMM6J,2026-01-20T23:29:46.276431646Z,01KFEVGWWQWT7BAZNJDAAA325H,2026-01-20T23:29:46.276431646Z,01KFEVRWSFA1JEJGM44RM12CEB,2026-01-20T23:29:46.276431646Z
01KFEV9A0Z50NTPHNA7H4CSMEA,01KFEV2BZFDRZBG3Y0249RG1TW,2026-01-20T23:19:22.911976706Z,20,2026-01-20T23:19:27.233000638Z,A,2026-01-20T23:19:25.714503087Z,01KFEV2C08ND9C9BYW8N2T146P,2026-01-20T23:19:22.911976706Z,01KFEV4APCG117QZ1ZVXNKCJFC,2026-01-20T23:19:22.911976706Z,01KFEV9921HAKCJZWRN603XZDD,2026-01-20T23:19:22.911976706Z
01KFEVH461ZH9HVS7CM2WH4R8C,01KFEV37CWX6SQYA0RPR0C01MW,2026-01-20T23:23:39.073427038Z,10,2026-01-20T23:24:15.889008877Z,A,2026-01-20T23:23:45.127883265Z,01KFEV37DE991T271V0BRDHRJW,2026-01-20T23:23:39.073427038Z,01KFEVBZC2S6960QVT8J14HPMN,2026-01-20T23:23:39.073427038Z,01KFEVGBCA555S4K04AG8F2T5D,2026-01-20T23:23:39.073427038Z
01KFEVKH4WQ1FYM4JKYF0B9NZG,01KFEV377XDCWB0CVW0E7ES8WB,2026-01-20T23:24:57.884681454Z,0,2026-01-20T23:25:01.605259983Z,C,2026-01-20T23:24:59.957309701Z,01KFEV378PDZP87HXSESW6BA01,2026-01-20T23:24:57.884681454Z,01KFEV79YCQMQRJYZ004NV66QN,2026-01-20T23:24:57.884681454Z,01KFEVF1R05NN8B18DGSYQ0EAN,2026-01-20T23:24:57.884681454Z
01KFEVSCPBG2V55EW29FFN899J,01KFEVMN9Q125N5N16W4WNYJXF,2026-01-20T23:28:09.931910141Z,17,2026-01-20T23:28:16.989206864Z,D,2026-01-20T23:28:16.963823253Z,01KFEVMNB841AFDZFM4WSW4FTD,2026-01-20T23:28:09.931910141Z,01KFEVC3J7JCZ73BZAKH9RH61D,2026-01-20T23:28:09.931910141Z,01KFEVPNG6JB6DZSQZ5HM4GVS7,2026-01-20T23:28:09.931910141Z
01KFEW3X2RNR3Z8XW67XW6EDPF,01KFEVMN9Q125N5N16W4WNYJXF,2026-01-20T23:33:54.392184351Z,7,2026-01-20T23:34:06.595588345Z,D,2026-01-20T23:33:56.560831658Z,01KFEVMNBC23RB4D79KEQ4G0VS,2026-01-20T23:33:54.392184351Z,01KFEVXFAQE8X4YEWXW17GBY46,2026-01-20T23:33:54.392184351Z,01KFEW3VP28YF1EKPX4Q9AW06S,2026-01-20T23:33:54.392184351Z
01KFEWBG3MBD61SJ8F1XK5842B,01KFEV384BJYC62Y0E6AQK09K8,2026-01-20T23:38:03.252294401Z,10,2026-01-20T23:38:11.535926769Z,B,2026-01-20T23:38:11.491706711Z,01KFEV384Z68A1Z7ZGWS1GDSZK,2026-01-20T23:38:03.252294401Z,01KFEW2C8HX8QQZV0FHE0EMNPN,2026-01-20T23:38:03.252294401Z,01KFEW9NEA3084E68Q79YRZ37E,2026-01-20T23:38:03.252294401Z
01KFEWF3W93FCDC4KKMCZAFE9A,01KFEVMNF44NEM58ETFST7KTWM,2026-01-20T23:40:01.801516512Z,0,2026-01-20T23:40:31.229229068Z,C,2026-01-20T23:40:31.186537133Z,01KFEVMNHFNDCGHX9QBBFN387E,2026-01-20T23:40:01.801516512Z,01KFEW6A5E0ZVTNJ585Y831423,2026-01-20T23:40:01.801516512Z,01KFEWEZVA5M4G0VV9SW3JMCQ3,2026-01-20T23:40:01.801516512Z
01KFEVGPRDC06KB5SER67JVHTG,01KFEV2BZFDRZBG3Y0249RG1TW,2026-01-20T23:23:25.325942256Z,0,2026-01-20T23:23:30.521424659Z,C,2026-01-20T23:23:30.50506406Z,01KFEV2C0CP35QE41ZMH45J8TZ,2026-01-20T23:23:25.325942256Z,01KFEV7TATT805MEJDGTCA5NFM,2026-01-20T23:23:25.325942256Z,01KFEVB8G8DNW1YDKX93Z4PCN5,2026-01-20T23:23:25.325942256Z
01KFEVH0EXZMKYPCMZV2TVYDKN,01KFEV377XDCWB0CVW0E7ES8WB,2026-01-20T23:23:35.262004962Z,0,2026-01-20T23:23:40.377805205Z,C,2026-01-20T23:23:36.739234173Z,01KFEV378H0PY96RNMJFNCN7TE,2026-01-20T23:23:35.262004962Z,01KFEV86DXXGMH25YQ8QC6JEB7,2026-01-20T23:23:35.262004962Z,01KFEVEHGCG7SCGVN0B81NQ5CF,2026-01-20T23:23:35.262004962Z
01KFEVNWEY6QDZEZSWSVXR6A1J,01KFEV37CWX6SQYA0RPR0C01MW,2026-01-20T23:26:15.006032389Z,10,2026-01-20T23:26:18.201385002Z,A,2026-01-20T23:26:18.182546516Z,01KFEV37DE991T271V0BRDHRJW,2026-01-20T23:26:15.006032389Z,01KFEVBZC2S6960QVT8J14HPMN,2026-01-20T23:26:15.006032389Z,01KFEVGBDGJG5AGHRSTRJ3T74K,2026-01-20T23:26:15.006032389Z
01KFEVPDV744RM8253BZMDJ5F9,01KFEV38A01XZ4DPRPFKRE96P8,2026-01-20T23:26:32.807485704Z,10,2026-01-20T23:27:28.457897798Z,B,2026-01-20T23:26:34.855307831Z,01KFEV38AJ2CFPYBQZ58NH0V5J,2026-01-20T23:26:32.807485704Z,01KFEVB815BQW2TQ29HHMDQ2FB,2026-01-20T23:26:32.807485704Z,01KFEVJWRSS59EY80VVB66B760,2026-01-20T23:26:32.807485704Z
01KFEVT6W26FDAHEB7TPZZN2PR,01KFEV37CWX6SQYA0RPR0C01MW,2026-01-20T23:28:36.738584601Z,17,2026-01-20T23:28:42.03055228Z,D,2026-01-20T23:28:41.425239071Z,01KFEV37DE991T271V0NJ5BY6K,2026-01-20T23:28:36.738584601Z,01KFEV7RE3Q2MQ5NN8AGQ7Y4PK,2026-01-20T23:28:36.738584601Z,01KFEVJEJTMNMZTCNAQZWM5VSK,2026-01-20T23:28:36.738584601Z
01KFEWMFBEAQJEJ4A0D13A624M,01KFEVMNF44NEM58ETFST7KTWM,2026-01-20T23:42:57.390492634Z,29,2026-01-20T23:43:00.917115988Z,C,2026-01-20T23:42:59.673651683Z,01KFEVMNHFNDCGHX9QBBFN387E,2026-01-20T23:42:57.390492634Z,01KFEW6A5E0ZVTNJ585Y831423,2026-01-20T23:42:57.390492634Z,01KFEWEZY0CVS9EZRWS47HB4GC,2026-01-20T23:42:57.390492634Z
01KFEVN8RQM8TD7521AZ6G7W96,01KFEV377XDCWB0CVW0E7ES8WB,2026-01-20T23:25:54.839837988Z,20,2026-01-20T23:25:57.40416381Z,B,2026-01-20T23:25:56.454465831Z,01KFEV378FNG971PBW7B2SPNC6,2026-01-20T23:25:54.839837988Z,01KFEV82H962BNCCRXPB524628,2026-01-20T23:25:54.839837988Z,01KFEVJNRJZH5GPQKMH4ZHTKNX,2026-01-20T23:25:54.839837988Z
01KFEVNSG8XTPCR8ZPTT6JSSRA,01KFEV37PBC6DGWCX0HT0QWYJR,2026-01-20T23:26:11.976156444Z,17,2026-01-20T23:26:14.363960662Z,D,2026-01-20T23:26:14.344109366Z,01KFEV37PYV9HETXX2PC055NBT,2026-01-20T23:26:11.976156444Z,01KFEV9QWYR4DNTS4QCCENEARJ,2026-01-20T23:26:11.976156444Z,01KFEVH47YHEBY0NMN1SDFTFF1,2026-01-20T23:26:11.976156444Z
01KFEVNWESDHR892PHXZTNQ5QD,01KFEV37CWX6SQYA0RPR0C01MW,2026-01-20T23:26:15.001147737Z,19,2026-01-20T23:26:18.201385002Z,C,2026-01-20T23:26:16.773263177Z,01KFEV37DE991T271V0BRDHRJW,2026-01-20T23:26:15.001147737Z,01KFEV8CTFEWEE7C0ZM9KMYRSE,2026-01-20T23:26:15.001147737Z,01KFEVGBDGJG5AGHRSTRJ3T74K,2026-01-20T23:26:15.001147737Z
01KFEVP1S1DNEGTXQBC1ME9BRR,01KFEV37PBC6DGWCX0HT0QWYJR,2026-01-20T23:26:20.44952197Z,17,2026-01-20T23:26:29.234721012Z,D,2026-01-20T23:26:29.215429503Z,01KFEV37PYV9HETXX2PSGE1RKD,2026-01-20T23:26:20.44952197Z,01KFEV8PSQBX7P1ARFP0SDDW57,2026-01-20T23:26:20.44952197Z,01KFEVKCN0QWK45TM5NYNV4WNH,2026-01-20T23:26:20.44952197Z
01KFEW4AK6K1HQEZMVED0Z67GD,01KFEV384BJYC62Y0E6AQK09K8,2026-01-20T23:34:08.230758241Z,19,2026-01-20T23:34:09.990852913Z,C,2026-01-20T23:34:09.963646816Z,01KFEV385166A8JYCZ9G4DMHRQ,2026-01-20T23:34:08.230758241Z,01KFEVY502SJ2FK1Q7WFM0PHB4,2026-01-20T23:34:08.230758241Z,01KFEW1AJ55D8GCPXGH2ZM6TDK,2026-01-20T23:34:08.230758241Z
01KFEWEC3HAX8KS2KK2VY9BHG5,01KFEVMN9Q125N5N16W4WNYJXF,2026-01-20T23:39:37.457379799Z,0,2026-01-20T23:40:13.378286002Z,B,2026-01-20T23:40:13.293802871Z,01KFEVMNAWK7WRWM1AMQZKX6SA,2026-01-20T23:39:37.457379799Z,01KFEW3YJBR4HT7BADWRSVJQV5,2026-01-20T23:39:37.457379799Z,01KFEWE8RX9DT254543TPC4B40,2026-01-20T23:39:37.457379799Z
01KFEVJG29XTK9SZWZ0K9Z85ST,01KFEV37CWX6SQYA0RPR0C01MW,2026-01-20T23:24:24.00953079Z,0,2026-01-20T23:24:31.270706533Z,C,2026-01-20T23:24:29.26122367Z,01KFEV37DE991T271V0BRDHRJW,2026-01-20T23:24:24.00953079Z,01KFEV8CTFEWEE7C0ZM9KMYRSE,2026-01-20T23:24:24.00953079Z,01KFEVGBC8432HRA3509G2MMDT,2026-01-20T23:24:24.00953079Z
01KFEVJS3RRQ7T0VAD9YSAY194,01KFEV384BJYC62Y0E6AQK09K8,2026-01-20T23:24:33.272480143Z,7,2026-01-20T23:24:35.587066716Z,D,2026-01-20T23:24:35.566826408Z,01KFEV384Y33BFECW27AH8GSGD,2026-01-20T23:24:33.272480143Z,01KFEVF34Y0A3VWJYX9367Q9EA,2026-01-20T23:24:33.272480143Z,01KFEVHAPCH18VPXAR0AA2NN3F,2026-01-20T23:24:33.272480143Z
01KFEVKSHBZ5J6Y5QBRH7DHNSV,01KFEV37CWX6SQYA0RPR0C01MW,2026-01-20T23:25:06.475937833Z,20,2026-01-20T23:25:25.100017746Z,A,2026-01-20T23:25:25.077591698Z,01KFEV37DE991T271V0NJ5BY6K,2026-01-20T23:25:06.475937833Z,01KFEV7RE3Q2MQ5NN8AGQ7Y4PK,2026-01-20T23:25:06.475937833Z,01KFEVJEJYXA23FJWXTM65DZ1R,2026-01-20T23:25:06.475937833Z
01KFEVNNJ2SWV6QT2ZQ62F0QEZ,01KFEV37PBC6DGWCX0HT0QWYJR,2026-01-20T23:26:07.938392087Z,29,2026-01-20T23:26:14.620452397Z,C,2026-01-20T23:26:14.602401993Z,01KFEV37PYV9HETXX2PSGE1RKD,2026-01-20T23:26:07.938392087Z,01KFEV8PSQBX7P1ARFP0SDDW57,2026-01-20T23:26:07.938392087Z,01KFEVKCMXV1V0WG8YMMXT3XTM,2026-01-20T23:26:07.938392087Z
01KFEWHJ80XZSFJXYYQ6JTVYF4,01KFEVMN9Q125N5N16W4WNYJXF,2026-01-20T23:41:22.048600919Z,20,2026-01-20T23:41:23.231199427Z,B,2026-01-20T23:41:23.005591249Z,01KFEVMNAWK7WRWM1AMQZKX6SA,2026-01-20T23:41:22.048600919Z,01KFEW3YJBR4HT7BADWRSVJQV5,2026-01-20T23:41:22.048600919Z,01KFEWE8TRPV1GKJA0331CAER2,2026-01-20T23:41:22.048600919Z
01KFEWJFVN896WJJBTNW26TMX9,01KFEVMNF44NEM58ETFST7KTWM,2026-01-20T23:41:52.373487465Z,10,2026-01-20T23:41:55.282594713Z,A,2026-01-20T23:41:55.236749048Z,01KFEVMNHFNDCGHX9QBBFN387E,2026-01-20T23:41:52.373487465Z,01KFEW78ZH0TY6JQ9J3GJMR3E3,2026-01-20T23:41:52.373487465Z,01KFEWEZXAJSB92MSCQSD9TW2R,2026-01-20T23:41:52.373487465Z
01KFEVFFPDMGV06RT6VZ9JXXY1,01KFEV2BZFDRZBG3Y0249RG1TW,2026-01-20T23:22:45.325536856Z,10,2026-01-20T23:22:50.872908173Z,B,2026-01-20T23:22:50.857737362Z,01KFEV2C0CP35QE41ZMH45J8TZ,2026-01-20T23:22:45.325536856Z,01KFEV7TATT805MEJDGTCA5NFM,2026-01-20T23:22:45.325536856Z,01KFEVB8G4409FE3WHQBZQY7S4,2026-01-20T23:22:45.325536856Z
01KFEVJG2CV1JYWS9EGJRWEQEN,01KFEV37CWX6SQYA0RPR0C01MW,2026-01-20T23:24:24.012360896Z,0,2026-01-20T23:24:31.270706533Z,C,2026-01-20T23:24:30.900898275Z,01KFEV37DE991T271V0BRDHRJW,2026-01-20T23:24:24.012360896Z,01KFEVBZC2S6960QVT8J14HPMN,2026-01-20T23:24:24.012360896Z,01KFEVGBC8432HRA3509G2MMDT,2026-01-20T23:24:24.012360896Z
01KFEVK1C6ZSGE0XSRSDC7WRP4,01KFEV377XDCWB0CVW0E7ES8WB,2026-01-20T23:24:41.734367524Z,10,2026-01-20T23:24:45.62207959Z,B,2026-01-20T23:24:45.492953052Z,01KFEV378PDZP87HXSESW6BA01,2026-01-20T23:24:41.734367524Z,01KFEV6V20FH8Q8TGZN4SVCF5R,2026-01-20T23:24:41.734367524Z,01KFEVF1QWVSRQZSBVJ2N2MCKF,2026-01-20T23:24:41.734367524Z
01KFEVWK13XZX11Q955PFJ86NH,01KFEV37PBC6DGWCX0HT0QWYJR,2026-01-20T23:29:54.723347299Z,10,2026-01-20T23:29:56.887375407Z,A,2026-01-20T23:29:56.079097841Z,01KFEV37PV76WD06T50QFKE80T,2026-01-20T23:29:54.723347299Z,01KFEVH5DDXBKC32H7RGDZYG1X,2026-01-20T23:29:54.723347299Z,01KFEVS2YSDC5M1CSQ45WYXFCB,2026-01-20T23:29:54.723347299Z
01KFEW6PVRM6F5RB2BS455J351,01KFEV38GJVYY8P8B7QXSW6BTE,2026-01-20T23:35:26.328473019Z,19,2026-01-20T23:35:32.335815178Z,C,2026-01-20T23:35:32.310119981Z,01KFEV38H48T18ZRM15RETR33C,2026-01-20T23:35:26.328473019Z,01KFEVYB6HS3VX2GA7D4G2GPMT,2026-01-20T23:35:26.328473019Z,01KFEW2K50274SV4EXHZVPC5W8,2026-01-20T23:35:26.328473019Z
01KFEVGGDBY7E4CJ2EDMS44P3J,01KFEV377XDCWB0CVW0E7ES8WB,2026-01-20T23:23:18.827120069Z,7,2026-01-20T23:23:29.263001234Z,D,2026-01-20T23:23:21.997769181Z,01KFEV378H0PY96RNMJTMM0E4X,2026-01-20T23:23:18.827120069Z,01KFEV8K48Q5MVC88J4XCQXRFY,2026-01-20T23:23:18.827120069Z,01KFEVFBBVXX7KP33DJ657NRX6,2026-01-20T23:23:18.827120069Z
01KFEVJQ6QXB4XXG1PV83S32VX,01KFEV377XDCWB0CVW0E7ES8WB,2026-01-20T23:24:31.319324614Z,19,2026-01-20T23:24:38.576121423Z,C,2026-01-20T23:24:38.550493325Z,01KFEV378PDZP87HXSESW6BA01,2026-01-20T23:24:31.319324614Z,01KFEV79YCQMQRJYZ004NV66QN,2026-01-20T23:24:31.319324614Z,01KFEVF1QBSXYJD0FP6FAXF31Z,2026-01-20T23:24:31.319324614Z
01KFEVNNJ5C99ADZF5TN5393V3,01KFEV37PBC6DGWCX0HT0QWYJR,2026-01-20T23:26:07.941820994Z,17,2026-01-20T23:26:14.620452397Z,D,2026-01-20T23:26:11.539217704Z,01KFEV37PYV9HETXX2PSGE1RKD,2026-01-20T23:26:07.941820994Z,01KFEVDMPGK2KG6CGRXX80WQ5A,2026-01-20T23:26:07.941820994Z,01KFEVKCMXV1V0WG8YMMXT3XTM,2026-01-20T23:26:07.941820994Z
01KFEVXY7721X99WZ5H342146M,01KFEV37CWX6SQYA0RPR0C01MW,2026-01-20T23:30:38.951321657Z,29,2026-01-20T23:30:47.434379448Z,C,2026-01-20T23:30:47.396744286Z,01KFEV37DAAK9E08F076WKMM6J,2026-01-20T23:30:38.951321657Z,01KFEVGWWQWT7BAZNJDAAA325H,2026-01-20T23:30:38.951321657Z,01KFEVRWT61HC9BSHHM7YRQS2Z,2026-01-20T23:30:38.951321657Z
01KFEW82H1AAMY9Y33PFJ1YTPA,01KFEV38GJVYY8P8B7QXSW6BTE,2026-01-20T23:36:11.041779796Z,0,2026-01-20T23:36:12.146384378Z,D,2026-01-20T23:36:12.086627236Z,01KFEV38H48T18ZRM15RETR33C,2026-01-20T23:36:11.041779796Z,01KFEVVPVMNR90RS0DGAX989B7,2026-01-20T23:36:11.041779796Z,01KFEW2K5YK8ZH9TZ42EQVRP4J,2026-01-20T23:36:11.041779796Z
01KFEW8AGZ2A2DZD3K3X32Q004,01KFEV38A01XZ4DPRPFKRE96P8,2026-01-20T23:36:19.231696964Z,10,2026-01-20T23:36:23.418922928Z,B,2026-01-20T23:36:21.594462335Z,01KFEV38AHTHHCNTDGHAJN0GXG,2026-01-20T23:36:19.231696964Z,01KFEVW9PV7SJ42VT7GTTE4SGT,2026-01-20T23:36:19.231696964Z,01KFEW29ZCSX5849CNJP2CPD23,2026-01-20T23:36:19.231696964Z
01KFEWJ8R32C5M3DDT8EEY9G2T,01KFEVMN9Q125N5N16W4WNYJXF,2026-01-20T23:41:45.091960211Z,20,2026-01-20T23:41:45.873073005Z,B,2026-01-20T23:41:45.69301413Z,01KFEVMNAWK7WRWM1AMQZKX6SA,2026-01-20T23:41:45.091960211Z,01KFEW3YJBR4HT7BADWRSVJQV5,2026-01-20T23:41:45.091960211Z,01KFEWE8WG5JEY2NYGNN25MKRQ,2026-01-20T23:41:45.091960211Z
01KFEVHXWH9SB6BMYJYH0A3YPE,01KFEV37PBC6DGWCX0HT0QWYJR,2026-01-20T23:24:05.393131689Z,10,2026-01-20T23:24:10.921094393Z,B,2026-01-20T23:24:10.037186349Z,01KFEV37PYV9HETXX2PC055NBT,2026-01-20T23:24:05.393131689Z,01KFEVBDY2YWN6DSFNFKRM8R9Z,2026-01-20T23:24:05.393131689Z,01KFEVH4832VJZB12Y0Z5J9ZVB,2026-01-20T23:24:05.393131689Z
01KFEVPQRNNPW6CN96HJNZ528K,01KFEV384BJYC62Y0E6AQK09K8,2026-01-20T23:26:42.965512105Z,0,2026-01-20T23:26:44.878978678Z,A,2026-01-20T23:26:44.741718264Z,01KFEV384Y33BFECW27AH8GSGD,2026-01-20T23:26:42.965512105Z,01KFEVCQTYNZYE4TGA9WFYBM2V,2026-01-20T23:26:42.965512105Z,01KFEVHAQ1PGV31TD9W36P3MQD,2026-01-20T23:26:42.965512105Z
01KFEVR2HPTM6XAG0DJ7Y2F2FS,01KFEV37PBC6DGWCX0HT0QWYJR,2026-01-20T23:27:26.774519036Z,7,2026-01-20T23:27:32.560099898Z,D,2026-01-20T23:27:32.536689486Z,01KFEV37PYV9HETXX2PSGE1RKD,2026-01-20T23:27:26.774519036Z,01KFEV8PSQBX7P1ARFP0SDDW57,2026-01-20T23:27:26.774519036Z,01KFEVKCMEF072A8GSMNZM7WH6,2026-01-20T23:27:26.774519036Z
01KFEVV2R4VFXW4N9FKGS3113M,01KFEV37PBC6DGWCX0HT0QWYJR,2026-01-20T23:29:05.284672988Z,7,2026-01-20T23:29:09.109798313Z,D,2026-01-20T23:29:09.088646741Z,01KFEV37PV76WD06T50QFKE80T,2026-01-20T23:29:05.284672988Z,01KFEVJMQNGBVWZMGKK0EQB935,2026-01-20T23:29:05.284672988Z,01KFEVS2ZY16AG7M0J8YVV8W86,2026-01-20T23:29:05.284672988Z
01KFEVP20W9HWRNJ8GM0Y5ZQGN,01KFEV37CWX6SQYA0RPR0C01MW,2026-01-20T23:26:20.700910455Z,20,2026-01-20T23:26:24.134580961Z,B,2026-01-20T23:26:24.117399398Z,01KFEV37DE991T271V0BRDHRJW,2026-01-20T23:26:20.700910455Z,01KFEV8CTFEWEE7C0ZM9KMYRSE,2026-01-20T23:26:20.700910455Z,01KFEVGBDHBKMP77667Y4F3PW3,2026-01-20T23:26:20.700910455Z
01KFEWESYY6SV9W1D28HB2AM18,01KFEV38GJVYY8P8B7QXSW6BTE,2026-01-20T23:39:51.646579636Z,0,2026-01-20T23:39:54.849874104Z,C,2026-01-20T23:39:54.323945001Z,01KFEV38H8T2V9428VC9T7MEBA,2026-01-20T23:39:51.646579636Z,01KFEW5105FT4T963R9Z6AZ67Y,2026-01-20T23:39:51.646579636Z,01KFEWB95XX5RBFNFE0SQ6DS8R,2026-01-20T23:39:51.646579636Z
01KFEVW5KXRN5SVRA26Z42BADK,01KFEVMN9Q125N5N16W4WNYJXF,2026-01-20T23:29:40.989498766Z,17,2026-01-20T23:29:43.135138817Z,D,2026-01-20T23:29:43.088268295Z,01KFEVMNB841AFDZFM4WSW4FTD,2026-01-20T23:29:40.989498766Z,01KFEVC3J7JCZ73BZAKH9RH61D,2026-01-20T23:29:40.989498766Z,01KFEVPNHPYT4D9Y89XXZCCCHS,2026-01-20T23:29:40.989498766Z
01KFEVWD84AB57HBM093YVFJ68,01KFEV38A01XZ4DPRPFKRE96P8,2026-01-20T23:29:48.804540454Z,0,2026-01-20T23:29:53.124983692Z,C,2026-01-20T23:29:53.093659417Z,01KFEV38AJ2CFPYBQZ58NH0V5J,2026-01-20T23:29:48.804540454Z,01KFEVB815BQW2TQ29HHMDQ2FB,2026-01-20T23:29:48.804540454Z,01KFEVJWSHXHZWD0VRVR4R2P45,2026-01-20T23:29:48.804540454Z
01KFEWJCRMM1B37D6T5AMKHWDC,01KFEVMN9Q125N5N16W4WNYJXF,2026-01-20T23:41:49.20450574Z,20,2026-01-20T23:41:49.939256611Z,A,2026-01-20T23:41:49.895294442Z,01KFEVMNAWK7WRWM1AMQZKX6SA,2026-01-20T23:41:49.20450574Z,01KFEW4NGJQK3SC6VDT657XA1V,2026-01-20T23:41:49.20450574Z,01KFEWE8SBE46A3537VBKT9R9F,2026-01-20T23:41:49.20450574Z
01KFEVG4VX1GE1Y1BTP7X74ZWV,01KFEV2BZFDRZBG3Y0249RG1TW,2026-01-20T23:23:07.005652345Z,0,2026-01-20T23:23:12.166443468Z,B,2026-01-20T23:23:12.147840183Z,01KFEV2C0CP35QE41ZMH45J8TZ,2026-01-20T23:23:07.005652345Z,01KFEV4PQ8V0QGQVX4KK2FPFJR,2026-01-20T23:23:07.005652345Z,01KFEVB8G65XGTDB93SRCK5ATZ,2026-01-20T23:23:07.005652345Z
01KFEVJBJZ7BERN9Y9F55FD6WR,01KFEV377XDCWB0CVW0E7ES8WB,2026-01-20T23:24:19.423943391Z,17,2026-01-20T23:24:31.785674475Z,D,2026-01-20T23:24:31.763500337Z,01KFEV378H0PY96RNMJTMM0E4X,2026-01-20T23:24:19.423943391Z,01KFEV8TC8AZEPV3G36SCZ12C3,2026-01-20T23:24:19.423943391Z,01KFEVFBC7KD30QSSEZXA6VZYZ,2026-01-20T23:24:19.423943391Z
01KFEVQN6WQJ4W8CDCK0EXNKGA,01KFEV37PBC6DGWCX0HT0QWYJR,2026-01-20T23:27:13.116511695Z,10,2026-01-20T23:27:19.462911194Z,B,2026-01-20T23:27:19.44032933Z,01KFEV37PYV9HETXX2PSGE1RKD,2026-01-20T23:27:13.116511695Z,01KFEV8PSQBX7P1ARFP0SDDW57,2026-01-20T23:27:13.116511695Z,01KFEVKCNE0XAMRN0N7CFCEXZ2,2026-01-20T23:27:13.116511695Z
01KFEVW196BCTRDMA7AXRBJCRT,01KFEV38A01XZ4DPRPFKRE96P8,2026-01-20T23:29:36.550805565Z,10,2026-01-20T23:29:39.174647097Z,A,2026-01-20T23:29:38.689156546Z,01KFEV38AJ2CFPYBQZ58NH0V5J,2026-01-20T23:29:36.550805565Z,01KFEVB815BQW2TQ29HHMDQ2FB,2026-01-20T23:29:36.550805565Z,01KFEVJWRJ3VMZ6TKNKERXD4E2,2026-01-20T23:29:36.550805565Z
01KFEVH5CPAYB392HE7GV0737R,01KFEV37PBC6DGWCX0HT0QWYJR,2026-01-20T23:23:40.31050841Z,29,2026-01-20T23:23:49.189333634Z,C,2026-01-20T23:23:49.17803333Z,01KFEV37PYV9HETXX2PC055NBT,2026-01-20T23:23:40.31050841Z,01KFEVBDY2YWN6DSFNFKRM8R9Z,2026-01-20T23:23:40.31050841Z,01KFEVH47JSXWXPCKZJ9NW3ZAE,2026-01-20T23:23:40.31050841Z
01KFEVM41M9KA72S9G46PKRKJ8,01KFEV37PBC6DGWCX0HT0QWYJR,2026-01-20T23:25:17.236171964Z,19,2026-01-20T23:25:21.303829937Z,C,2026-01-20T23:25:19.112261907Z,01KFEV37PYV9HETXX2PC055NBT,2026-01-20T23:25:17.236171964Z,01KFEV9QWYR4DNTS4QCCENEARJ,2026-01-20T23:25:17.236171964Z,01KFEVH486ZCFEH7MFXY01HJC3,2026-01-20T23:25:17.236171964Z
01KFEVM7WK0MDYFA589PVBBTV1,01KFEV377XDCWB0CVW0E7ES8WB,2026-01-20T23:25:21.17161048Z,20,2026-01-20T23:25:26.383366986Z,B,2026-01-20T23:25:23.053995428Z,01KFEV378FNG971PBW7B2SPNC6,2026-01-20T23:25:21.17161048Z,01KFEV82H962BNCCRXPB524628,2026-01-20T23:25:21.17161048Z,01KFEVJNQN2G8FJAT7HW3SRZEK,2026-01-20T23:25:21.17161048Z
01KFEWYQA8EBW8RAB72S9HPKDA,01KFEV38GJVYY8P8B7QXSW6BTE,2026-01-20T23:48:33.224608605Z,17,2026-01-20T23:48:35.302074907Z,D,2026-01-20T23:48:35.261861885Z,01KFEV38H0S2Y42XZDBCZ2KPGY,2026-01-20T23:48:33.224608605Z,01KFEWKWT6PWJAE8C8359J4DRM,2026-01-20T23:48:33.224608605Z,01KFEWVM9CP94P7WDKMNK8VHXX,2026-01-20T23:48:33.224608605Z
01KFEVABAF9JBH3EYETXRQ9G92,01KFEV2BZFDRZBG3Y0249RG1TW,2026-01-20T23:19:57.007984945Z,20,2026-01-20T23:19:58.644157877Z,B,2026-01-20T23:19:58.633659543Z,01KFEV2C08ND9C9BYW8N2T146P,2026-01-20T23:19:57.007984945Z,01KFEV46YBCF5X09FCFJF4VDEY,2026-01-20T23:19:57.007984945Z,01KFEV9924VF50RWW28YZTJVST,2026-01-20T23:19:57.007984945Z
01KFEVBM1M3SW95RFBZT2WJZJ2,01KFEV2BZFDRZBG3Y0249RG1TW,2026-01-20T23:20:38.708656063Z,20,2026-01-20T23:20:40.039786059Z,A,2026-01-20T23:20:40.030263706Z,01KFEV2C08ND9C9BYW8N2T146P,2026-01-20T23:20:38.708656063Z,01KFEV4APCG117QZ1ZVXNKCJFC,2026-01-20T23:20:38.708656063Z,01KFEV992NF1BFY2J085XZ7GRZ,2026-01-20T23:20:38.708656063Z
01KFEVKE0VAVVZ9342K0317EFM,01KFEV37PBC6DGWCX0HT0QWYJR,2026-01-20T23:24:54.68389474Z,10,2026-01-20T23:25:09.447134125Z,B,2026-01-20T23:25:09.313314717Z,01KFEV37PYV9HETXX2PSGE1RKD,2026-01-20T23:24:54.68389474Z,01KFEVDMPGK2KG6CGRXX80WQ5A,2026-01-20T23:24:54.68389474Z,01KFEVKCM3HZV4EBCX9XQX5ZQ4,2026-01-20T23:24:54.68389474Z
01KFEW7X3CA19YYF2YAQ93RCH2,01KFEVMN9Q125N5N16W4WNYJXF,2026-01-20T23:36:05.484058521Z,17,2026-01-20T23:36:07.213001783Z,D,2026-01-20T23:36:07.174294442Z,01KFEVMNBC23RB4D79KEQ4G0VS,2026-01-20T23:36:05.484058521Z,01KFEVXFAQE8X4YEWXW17GBY46,2026-01-20T23:36:05.484058521Z,01KFEW3VNM3T348MBV77A05Z67,2026-01-20T23:36:05.484058521Z
01KFEWHHV018PPCRFZNMGC5WG4,01KFEVMNF44NEM58ETFST7KTWM,2026-01-20T23:41:21.632232389Z,0,2026-01-20T23:41:25.668498444Z,C,2026-01-20T23:41:24.323097204Z,01KFEVMNHFNDCGHX9QBBFN387E,2026-01-20T23:41:21.632232389Z,01KFEW6A5E0ZVTNJ585Y831423,2026-01-20T23:41:21.632232389Z,01KFEWEZWCJ6XC69DY4G0F5CGG,2026-01-20T23:41:21.632232389Z
01KFEVM8T98D38G3VRZ3ADNQEC,01KFEV37CWX6SQYA0RPR0C01MW,2026-01-20T23:25:22.121167628Z,10,2026-01-20T23:25:29.981505098Z,A,2026-01-20T23:25:25.672441077Z,01KFEV37DE991T271V0BRDHRJW,2026-01-20T23:25:22.121167628Z,01KFEVBZC2S6960QVT8J14HPMN,2026-01-20T23:25:22.121167628Z,01KFEVGBCW7TNTPNJ175RV28X4,2026-01-20T23:25:22.121167628Z
01KFEVP55MAEWQ7826XB7SPSTD,01KFEV384BJYC62Y0E6AQK09K8,2026-01-20T23:26:23.924120653Z,19,2026-01-20T23:26:28.90326148Z,C,2026-01-20T23:26:28.877735099Z,01KFEV384Y33BFECW27AH8GSGD,2026-01-20T23:26:23.924120653Z,01KFEVCQTYNZYE4TGA9WFYBM2V,2026-01-20T23:26:23.924120653Z,01KFEVHAPS4X009VG0R6NVCP4C,2026-01-20T23:26:23.924120653Z
01KFEWC18CYQ60DJBE282K9Z1H,01KFEV384BJYC62Y0E6AQK09K8,2026-01-20T23:38:20.812600876Z,0,2026-01-20T23:38:26.362061249Z,C,2026-01-20T23:38:24.051641367Z,01KFEV384Z68A1Z7ZGWS1GDSZK,2026-01-20T23:38:20.812600876Z,01KFEW2C8HX8QQZV0FHE0EMNPN,2026-01-20T23:38:20.812600876Z,01KFEW9NEZF4BDJ4D8H6JC57E0,2026-01-20T23:38:20.812600876Z
01KFEWCBYRWDWRE4K6DB7XRT6X,01KFEV384BJYC62Y0E6AQK09K8,2026-01-20T23:38:31.768652901Z,10,2026-01-20T23:38:37.190716862Z,B,2026-01-20T23:38:37.001632066Z,01KFEV384Z68A1Z7ZGWS1GDSZK,2026-01-20T23:38:31.768652901Z,01KFEW47TNE510SG18TR5ZERFB,2026-01-20T23:38:31.768652901Z,01KFEW9NF9DWA4J0HBQTHH1DYZ,2026-01-20T23:38:31.768652901Z
01KFEWEC37VVWJ9484XR8TKX9Z,01KFEVMN9Q125N5N16W4WNYJXF,2026-01-20T23:39:37.448010829Z,0,2026-01-20T23:40:13.378286002Z,B,2026-01-20T23:39:49.73999961Z,01KFEVMNAWK7WRWM1AMQZKX6SA,2026-01-20T23:39:37.448010829Z,01KFEW4NGJQK3SC6VDT657XA1V,2026-01-20T23:39:37.448010829Z,01KFEWE8RX9DT254543TPC4B40,2026-01-20T23:39:37.448010829Z
01KFEWKQMH4T1EG66CD4V6S8F3,01KFEVMNF44NEM58ETFST7KTWM,2026-01-20T23:42:33.105976306Z,29,2026-01-20T23:42:38.914465015Z,C,2026-01-20T23:42:38.719988745Z,01KFEVMNHFNDCGHX9QBBFN387E,2026-01-20T23:42:33.105976306Z,01KFEW6A5E0ZVTNJ585Y831423,2026-01-20T23:42:33.105976306Z,01KFEWEZZ027F3GXZBY5D0NC1V,2026-01-20T23:42:33.105976306Z
01KFEVK221E9PRAWPAD34XP4MX,01KFEV37CWX6SQYA0RPR0C01MW,2026-01-20T23:24:42.433069944Z,10,2026-01-20T23:24:45.939655419Z,A,2026-01-20T23:24:45.457048218Z,01KFEV37DE991T271V0BRDHRJW,2026-01-20T23:24:42.433069944Z,01KFEVBZC2S6960QVT8J14HPMN,2026-01-20T23:24:42.433069944Z,01KFEVGBCR1VRA302JV9XDWJYD,2026-01-20T23:24:42.433069944Z
01KFEVRBQBXTARTJF7GCMBBFXJ,01KFEV37CWX6SQYA0RPR0C01MW,2026-01-20T23:27:36.171398983Z,0,2026-01-20T23:27:40.74217608Z,D,2026-01-20T23:27:40.714551341Z,01KFEV37DE991T271V0NJ5BY6K,2026-01-20T23:27:36.171398983Z,01KFEV7RE3Q2MQ5NN8AGQ7Y4PK,2026-01-20T23:27:36.171398983Z,01KFEVJEKDM335WE8XZ2Y7WT1T,2026-01-20T23:27:36.171398983Z
01KFEVW6WNEE6CG96NZRBEDZ5F,01KFEV38A01XZ4DPRPFKRE96P8,2026-01-20T23:29:42.293213826Z,10,2026-01-20T23:29:46.416176302Z,B,2026-01-20T23:29:46.385721235Z,01KFEV38AJ2CFPYBQZ58NH0V5J,2026-01-20T23:29:42.293213826Z,01KFEVB815BQW2TQ29HHMDQ2FB,2026-01-20T23:29:42.293213826Z,01KFEVJWSE5ANWJ9JRWVS6CTSK,2026-01-20T23:29:42.293213826Z
01KFEW6VS8C71GKR03T75AH2PC,01KFEV38A01XZ4DPRPFKRE96P8,2026-01-20T23:35:31.368827607Z,0,2026-01-20T23:35:33.919364716Z,C,2026-01-20T23:35:33.630426136Z,01KFEV38AHTHHCNTDGHAJN0GXG,2026-01-20T23:35:31.368827607Z,01KFEVW5WA494MRXETJ2N5XX03,2026-01-20T23:35:31.368827607Z,01KFEW29YK600XP5H2XZZBAHW4,2026-01-20T23:35:31.368827607Z
01KFEWFBRQEE6FJ81A3PCNRZWK,01KFEV38A01XZ4DPRPFKRE96P8,2026-01-20T23:40:09.879635732Z,0,2026-01-20T23:40:15.435259753Z,C,2026-01-20T23:40:13.349459881Z,01KFEV38AJ2CFPYBQZ5JKK7PV4,2026-01-20T23:40:09.879635732Z,01KFEW2CHJQZ9TDCN78BA2VKEM,2026-01-20T23:40:09.879635732Z,01KFEW9RQQNHQYFYBFG4W4KFW3,2026-01-20T23:40:09.879635732Z
01KFEVJQ6VEBQ58V59QJ23BEGB,01KFEV377XDCWB0CVW0E7ES8WB,2026-01-20T23:24:31.323501121Z,10,2026-01-20T23:24:38.576121423Z,B,2026-01-20T23:24:33.723300213Z,01KFEV378PDZP87HXSESW6BA01,2026-01-20T23:24:31.323501121Z,01KFEV6V20FH8Q8TGZN4SVCF5R,2026-01-20T23:24:31.323501121Z,01KFEVF1QBSXYJD0FP6FAXF31Z,2026-01-20T23:24:31.323501121Z
01KFEVNJX4H6RHFGW3Z1KMW837,01KFEV38A01XZ4DPRPFKRE96P8,2026-01-20T23:26:05.220440418Z,10,2026-01-20T23:26:27.638306326Z,A,2026-01-20T23:26:12.546806239Z,01KFEV38AJ2CFPYBQZ58NH0V5J,2026-01-20T23:26:05.220440418Z,01KFEVB815BQW2TQ29HHMDQ2FB,2026-01-20T23:26:05.220440418Z,01KFEVJWRBMK18VGXT9RA26R1D,2026-01-20T23:26:05.220440418Z
01KFEW2NFM393QTN5Z0K5MCF6J,01KFEV38GJVYY8P8B7QXSW6BTE,2026-01-20T23:33:13.844241279Z,0,2026-01-20T23:33:30.229577383Z,B,2026-01-20T23:33:30.12502986Z,01KFEV38H48T18ZRM15RETR33C,2026-01-20T23:33:13.844241279Z,01KFEVYB6HS3VX2GA7D4G2GPMT,2026-01-20T23:33:13.844241279Z,01KFEW2K3QVBFN32HV5ZCAC42T,2026-01-20T23:33:13.844241279Z
01KFEW7TZ483H9SXFC2MTE3BA9,01KFEV38GJVYY8P8B7QXSW6BTE,2026-01-20T23:36:03.300366863Z,0,2026-01-20T23:36:06.079869835Z,C,2026-01-20T23:36:06.052220632Z,01KFEV38H48T18ZRM15RETR33C,2026-01-20T23:36:03.300366863Z,01KFEVYB6HS3VX2GA7D4G2GPMT,2026-01-20T23:36:03.300366863Z,01KFEW2K6EXRH56RSZWHGJ4HT4,2026-01-20T23:36:03.300366863Z
01KFEVEBAKWRXD4SMP6D2221X5,01KFEV2BZFDRZBG3Y0249RG1TW,2026-01-20T23:22:08.08315236Z,0,2026-01-20T23:22:19.458462848Z,C,2026-01-20T23:22:19.444433743Z,01KFEV2C0CP35QE41ZMH45J8TZ,2026-01-20T23:22:08.08315236Z,01KFEV7TATT805MEJDGTCA5NFM,2026-01-20T23:22:08.08315236Z,01KFEVB8FXXCDX812QY32514FB,2026-01-20T23:22:08.08315236Z
01KFEVKN76CQ9A355XE1XNKPEM,01KFEV384BJYC62Y0E6AQK09K8,2026-01-20T23:25:02.054887864Z,10,2026-01-20T23:25:05.643799646Z,A,2026-01-20T23:25:05.555696723Z,01KFEV384Y33BFECW27AH8GSGD,2026-01-20T23:25:02.054887864Z,01KFEVF34Y0A3VWJYX9367Q9EA,2026-01-20T23:25:02.054887864Z,01KFEVHAPDQ8SED7WGPAM28VFT,2026-01-20T23:25:02.054887864Z
01KFEVWDPQMZP0DJKKYD6B326A,01KFEV37PBC6DGWCX0HT0QWYJR,2026-01-20T23:29:49.271207Z,20,2026-01-20T23:29:51.537628063Z,B,2026-01-20T23:29:51.174304242Z,01KFEV37PV76WD06T50QFKE80T,2026-01-20T23:29:49.271207Z,01KFEVJMQNGBVWZMGKK0EQB935,2026-01-20T23:29:49.271207Z,01KFEVS30DXP4PRYMZCEXQDZ77,2026-01-20T23:29:49.271207Z
01KFEW8QBY6MP38W9ZNSGZ9TQG,01KFEV38A01XZ4DPRPFKRE96P8,2026-01-20T23:36:32.382359153Z,29,2026-01-20T23:36:35.209098933Z,C,2026-01-20T23:36:34.052047208Z,01KFEV38AHTHHCNTDGHAJN0GXG,2026-01-20T23:36:32.382359153Z,01KFEVW9PV7SJ42VT7GTTE4SGT,2026-01-20T23:36:32.382359153Z,01KFEW2A07M1KE0DCW06NBRFTM,2026-01-20T23:36:32.382359153Z
01KFEVYNYE6BXZ3F1AQA9QJDPF,01KFEV37CWX6SQYA0RPR0C01MW,2026-01-20T23:31:03.246661008Z,10,2026-01-20T23:31:06.787870384Z,B,2026-01-20T23:31:06.752354497Z,01KFEV37DAAK9E08F076WKMM6J,2026-01-20T23:31:03.246661008Z,01KFEVH10BYAXDVW828R4A2D8P,2026-01-20T23:31:03.246661008Z,01KFEVRWTKHVAA5GAM8CPTYHJ5,2026-01-20T23:31:03.246661008Z
01KFEW7M27RWYF8W0MHWAZ9HME,01KFEVMN9Q125N5N16W4WNYJXF,2026-01-20T23:35:56.231757559Z,17,2026-01-20T23:35:57.723523028Z,D,2026-01-20T23:35:57.44119582Z,01KFEVMNBC23RB4D79KEQ4G0VS,2026-01-20T23:35:56.231757559Z,01KFEVXFAQE8X4YEWXW17GBY46,2026-01-20T23:35:56.231757559Z,01KFEW3VN02RCSZ9DCBE78BGPQ,2026-01-20T23:35:56.231757559Z
01KFEVJQ0PFBN6N6PSK4RC4TVP,01KFEV377XDCWB0CVW0E7ES8WB,2026-01-20T23:24:31.126762703Z,20,2026-01-20T23:24:38.960741645Z,A,2026-01-20T23:24:38.879947699Z,01KFEV378FNG971PBW7B2SPNC6,2026-01-20T23:24:31.126762703Z,01KFEVCRBGBMN5MZZVZA8FPX1Z,2026-01-20T23:24:31.126762703Z,01KFEVJNQJE7J4E2J63H5S7H5Q,2026-01-20T23:24:31.126762703Z
01KFEVM4WD6NR76S1YBSKRDHQ1,01KFEV384BJYC62Y0E6AQK09K8,2026-01-20T23:25:18.093994606Z,17,2026-01-20T23:25:22.301464995Z,D,2026-01-20T23:25:22.280510906Z,01KFEV384Y33BFECW27AH8GSGD,2026-01-20T23:25:18.093994606Z,01KFEVCQTYNZYE4TGA9WFYBM2V,2026-01-20T23:25:18.093994606Z,01KFEVHAPNHDSTG2VZVHXASK93,2026-01-20T23:25:18.093994606Z
01KFEW4Z0NB7YZVJCNGZRJ0VKR,01KFEV38A01XZ4DPRPFKRE96P8,2026-01-20T23:34:29.141792486Z,0,2026-01-20T23:34:32.382716063Z,C,2026-01-20T23:34:32.342904796Z,01KFEV38AHTHHCNTDGHAJN0GXG,2026-01-20T23:34:29.141792486Z,01KFEVW9PV7SJ42VT7GTTE4SGT,2026-01-20T23:34:29.141792486Z,01KFEW29XZMZF1P4K1A2ZTGRQ6,2026-01-20T23:34:29.141792486Z
01KFEVW6WV56ETREQSW9H41ZSD,01KFEV38A01XZ4DPRPFKRE96P8,2026-01-20T23:29:42.299308752Z,19,2026-01-20T23:29:46.416176302Z,C,2026-01-20T23:29:44.95251508Z,01KFEV38AJ2CFPYBQZ58NH0V5J,2026-01-20T23:29:42.299308752Z,01KFEVE55BQ40NXX8QW3R5RX0T,2026-01-20T23:29:42.299308752Z,01KFEVJWSE5ANWJ9JRWVS6CTSK,2026-01-20T23:29:42.299308752Z
01KFEV9WPMHHY3VAH082003G4S,01KFEV2BZFDRZBG3Y0249RG1TW,2026-01-20T23:19:42.036503176Z,20,2026-01-20T23:19:44.108997094Z,B,2026-01-20T23:19:43.345823937Z,01KFEV2C08ND9C9BYW8N2T146P,2026-01-20T23:19:42.036503176Z,01KFEV46YBCF5X09FCFJF4VDEY,2026-01-20T23:19:42.036503176Z,01KFEV9923DJ5VCDJPCWV8F272,2026-01-20T23:19:42.036503176Z
01KFEVJ9B7K1FR8A7BBM672XB4,01KFEV377XDCWB0CVW0E7ES8WB,2026-01-20T23:24:17.127789869Z,0,2026-01-20T23:24:19.099636117Z,C,2026-01-20T23:24:17.98244991Z,01KFEV378H0PY96RNMJFNCN7TE,2026-01-20T23:24:17.127789869Z,01KFEV86DXXGMH25YQ8QC6JEB7,2026-01-20T23:24:17.127789869Z,01KFEVEHGT727FBD9HJ47T8RQS,2026-01-20T23:24:17.127789869Z
01KFEVJ9F33953C8RCRPHTVT06,01KFEV37PBC6DGWCX0HT0QWYJR,2026-01-20T23:24:17.251197228Z,10,2026-01-20T23:24:59.763393212Z,A,2026-01-20T23:24:59.740564471Z,01KFEV37PYV9HETXX2PC055NBT,2026-01-20T23:24:17.251197228Z,01KFEV9QWYR4DNTS4QCCENEARJ,2026-01-20T23:24:17.251197228Z,01KFEVH47ZBAPR4G4APH55JXTA,2026-01-20T23:24:17.251197228Z
01KFEVRZ8TVBR6QK4SJGX2YPZT,01KFEVMN9Q125N5N16W4WNYJXF,2026-01-20T23:27:56.18688598Z,19,2026-01-20T23:28:04.697805243Z,C,2026-01-20T23:28:00.646951174Z,01KFEVMNB841AFDZFM4WSW4FTD,2026-01-20T23:27:56.18688598Z,01KFEVB2WK99SDZDFQAW6KYB9M,2026-01-20T23:27:56.18688598Z,01KFEVPNFPGQ4NA785Q8C05C2N,2026-01-20T23:27:56.18688598Z
01KFEVV3X5HHPEZCP406Y42XGF,01KFEVMN9Q125N5N16W4WNYJXF,2026-01-20T23:29:06.469625252Z,17,2026-01-20T23:29:11.64360162Z,D,2026-01-20T23:29:11.58087015Z,01KFEVMNB841AFDZFM4WSW4FTD,2026-01-20T23:29:06.469625252Z,01KFEVC3J7JCZ73BZAKH9RH61D,2026-01-20T23:29:06.469625252Z,01KFEVPNH13GY2X6WR8TVJ5EYS,2026-01-20T23:29:06.469625252Z
01KFEVW5M2RA8M1YGREWMHW5XG,01KFEVMN9Q125N5N16W4WNYJXF,2026-01-20T23:29:40.9943954Z,29,2026-01-20T23:29:43.135138817Z,C,2026-01-20T23:29:42.954688595Z,01KFEVMNB841AFDZFM4WSW4FTD,2026-01-20T23:29:40.9943954Z,01KFEVB2WK99SDZDFQAW6KYB9M,2026-01-20T23:29:40.9943954Z,01KFEVPNHPYT4D9Y89XXZCCCHS,2026-01-20T23:29:40.9943954Z
01KFEW46N445KN2BA4SVWCXHEW,01KFEV384BJYC62Y0E6AQK09K8,2026-01-20T23:34:04.196563413Z,19,2026-01-20T23:34:06.451460972Z,C,2026-01-20T23:34:06.421344036Z,01KFEV385166A8JYCZ9G4DMHRQ,2026-01-20T23:34:04.196563413Z,01KFEVY502SJ2FK1Q7WFM0PHB4,2026-01-20T23:34:04.196563413Z,01KFEW1AJFE0V8F0RV3DYC5PKP,2026-01-20T23:34:04.196563413Z
01KFEVBQ3QN2PFS7Z7SWJRZGPD,01KFEV2BZFDRZBG3Y0249RG1TW,2026-01-20T23:20:41.847302998Z,20,2026-01-20T23:20:43.142158384Z,A,2026-01-20T23:20:43.128831452Z,01KFEV2C08ND9C9BYW8N2T146P,2026-01-20T23:20:41.847302998Z,01KFEV4APCG117QZ1ZVXNKCJFC,2026-01-20T23:20:41.847302998Z,01KFEV992NF1BFY2J08HK8D9F8,2026-01-20T23:20:41.847302998Z
01KFEVKJ1J4HMCXM88EHXBVGBB,01KFEV377XDCWB0CVW0E7ES8WB,2026-01-20T23:24:58.802845183Z,20,2026-01-20T23:25:05.06538825Z,B,2026-01-20T23:25:00.434225898Z,01KFEV378FNG971PBW7B2SPNC6,2026-01-20T23:24:58.802845183Z,01KFEV82H962BNCCRXPB524628,2026-01-20T23:24:58.802845183Z,01KFEVJNQYDHT7QNFWKKE14CQS,2026-01-20T23:24:58.802845183Z
01KFEVN14TVPRZANNGZ94GWHKF,01KFEV377XDCWB0CVW0E7ES8WB,2026-01-20T23:25:47.034462969Z,20,2026-01-20T23:25:49.715548625Z,B,2026-01-20T23:25:49.665521533Z,01KFEV378FNG971PBW7B2SPNC6,2026-01-20T23:25:47.034462969Z,01KFEV82H962BNCCRXPB524628,2026-01-20T23:25:47.034462969Z,01KFEVJNRQBQFNH0BYKPE46VCR,2026-01-20T23:25:47.034462969Z
01KFEVT8862CG4K1TVQWAKK3NS,01KFEV38A01XZ4DPRPFKRE96P8,2026-01-20T23:28:38.150595873Z,10,2026-01-20T23:28:42.626538924Z,B,2026-01-20T23:28:42.594755317Z,01KFEV38AJ2CFPYBQZ58NH0V5J,2026-01-20T23:28:38.150595873Z,01KFEVB815BQW2TQ29HHMDQ2FB,2026-01-20T23:28:38.150595873Z,01KFEVJWS2MQKSD6RZJH2QJJMQ,2026-01-20T23:28:38.150595873Z
01KFEWFKY94DX7HHTZT3EMSAX2,01KFEV38A01XZ4DPRPFKRE96P8,2026-01-20T23:40:18.249127138Z,0,2026-01-20T23:40:20.497358785Z,C,2026-01-20T23:40:20.449427399Z,01KFEV38AJ2CFPYBQZ5JKK7PV4,2026-01-20T23:40:18.249127138Z,01KFEW2CHJQZ9TDCN78BA2VKEM,2026-01-20T23:40:18.249127138Z,01KFEW9RQDSYXSNPWSEQ27EKZR,2026-01-20T23:40:18.249127138Z
01KFEWHNB2KPW4MPCYC4GZ80KG,01KFEVMN9Q125N5N16W4WNYJXF,2026-01-20T23:41:25.21882336Z,20,2026-01-20T23:41:26.233566823Z,B,2026-01-20T23:41:26.198230042Z,01KFEVMNAWK7WRWM1AMQZKX6SA,2026-01-20T23:41:25.21882336Z,01KFEW3YJBR4HT7BADWRSVJQV5,2026-01-20T23:41:25.21882336Z,01KFEWE8V42B6QNHZQ0TH5CPD7,2026-01-20T23:41:25.21882336Z
01KFEVEJNM01THBRA0RD3BRVWS,01KFEV377XDCWB0CVW0E7ES8WB,2026-01-20T23:22:15.604819879Z,19,2026-01-20T23:22:42.68070791Z,C,2026-01-20T23:22:23.44635337Z,01KFEV378H0PY96RNMJFNCN7TE,2026-01-20T23:22:15.604819879Z,01KFEVA045MDV6WERMTEQ3VAYR,2026-01-20T23:22:15.604819879Z,01KFEVEHG7RRFZHJA7KNPE4YW3,2026-01-20T23:22:15.604819879Z
01KFEVNFD9ZKKAQ34007VSFWH0,01KFEV37CWX6SQYA0RPR0C01MW,2026-01-20T23:26:01.641948659Z,19,2026-01-20T23:26:04.814370383Z,C,2026-01-20T23:26:04.7883672Z,01KFEV37DE991T271V0BRDHRJW,2026-01-20T23:26:01.641948659Z,01KFEV8CTFEWEE7C0ZM9KMYRSE,2026-01-20T23:26:01.641948659Z,01KFEVGBDCBHSEAWFBWHYTDW7K,2026-01-20T23:26:01.641948659Z
01KFEVTGGCSXDX8TRN9ANMAG1D,01KFEVMN9Q125N5N16W4WNYJXF,2026-01-20T23:28:46.604856127Z,29,2026-01-20T23:28:52.465845233Z,C,2026-01-20T23:28:49.172153895Z,01KFEVMNB841AFDZFM4WSW4FTD,2026-01-20T23:28:46.604856127Z,01KFEVB2WK99SDZDFQAW6KYB9M,2026-01-20T23:28:46.604856127Z,01KFEVPNGNVYTTDG6P5ZY7AQK5,2026-01-20T23:28:46.604856127Z
01KFEVTPYE5XKNFFEYFDM5K8JS,01KFEV37CWX6SQYA0RPR0C01MW,2026-01-20T23:28:53.198514199Z,10,2026-01-20T23:28:56.833719054Z,A,2026-01-20T23:28:55.105479131Z,01KFEV37DE991T271V0NJ5BY6K,2026-01-20T23:28:53.198514199Z,01KFEV7RE3Q2MQ5NN8AGQ7Y4PK,2026-01-20T23:28:53.198514199Z,01KFEVJEKRTPZ9GBG5E2CFW5VH,2026-01-20T23:28:53.198514199Z
01KFEVFCEYB1X5BN2NN51ES9DM,01KFEV377XDCWB0CVW0E7ES8WB,2026-01-20T23:22:42.0148118Z,19,2026-01-20T23:22:48.749849706Z,C,2026-01-20T23:22:45.827409194Z,01KFEV378H0PY96RNMJTMM0E4X,2026-01-20T23:22:42.0148118Z,01KFEV8K48Q5MVC88J4XCQXRFY,2026-01-20T23:22:42.0148118Z,01KFEVFBBRK2GJ0MGS3FRA88XS,2026-01-20T23:22:42.0148118Z
01KFEVGPRBCHNK2VHQE3917K7J,01KFEV2BZFDRZBG3Y0249RG1TW,2026-01-20T23:23:25.323206509Z,0,2026-01-20T23:23:30.521424659Z,C,2026-01-20T23:23:29.708894683Z,01KFEV2C0CP35QE41ZMH45J8TZ,2026-01-20T23:23:25.323206509Z,01KFEV4PQ8V0QGQVX4KK2FPFJR,2026-01-20T23:23:25.323206509Z,01KFEVB8G8DNW1YDKX93Z4PCN5,2026-01-20T23:23:25.323206509Z
01KFEVJQ0SV8BE2JDJSVJKN5WV,01KFEV377XDCWB0CVW0E7ES8WB,2026-01-20T23:24:31.129685285Z,20,2026-01-20T23:24:38.960741645Z,B,2026-01-20T23:24:37.212299464Z,01KFEV378FNG971PBW7B2SPNC6,2026-01-20T23:24:31.129685285Z,01KFEV82H962BNCCRXPB524628,2026-01-20T23:24:31.129685285Z,01KFEVJNQJE7J4E2J63H5S7H5Q,2026-01-20T23:24:31.129685285Z
01KFEVM1SSRWGXTDRYAD90S8WG,01KFEV377XDCWB0CVW0E7ES8WB,2026-01-20T23:25:14.937917276Z,29,2026-01-20T23:25:16.080131727Z,C,2026-01-20T23:25:16.060587399Z,01KFEV378H0PY96RNMJFNCN7TE,2026-01-20T23:25:14.937917276Z,01KFEV86DXXGMH25YQ8QC6JEB7,2026-01-20T23:25:14.937917276Z,01KFEVEHGNZ7VVTDD9TTSV20M2,2026-01-20T23:25:14.937917276Z
01KFEW39TR92HR9BNX7AY2N398,01KFEV384BJYC62Y0E6AQK09K8,2026-01-20T23:33:34.680079768Z,20,2026-01-20T23:33:36.837997334Z,B,2026-01-20T23:33:36.016256125Z,01KFEV385166A8JYCZ9G4DMHRQ,2026-01-20T23:33:34.680079768Z,01KFEVWH8M80FFRA88HYSK2ZSQ,2026-01-20T23:33:34.680079768Z,01KFEW1AKQX1Q335E33JXH77RT,2026-01-20T23:33:34.680079768Z
01KFEWG5HQYKNFMMGD3GFZ514K,01KFEVMN9Q125N5N16W4WNYJXF,2026-01-20T23:40:36.279828625Z,0,2026-01-20T23:40:49.323835363Z,B,2026-01-20T23:40:48.597913795Z,01KFEVMNAWK7WRWM1AMQZKX6SA,2026-01-20T23:40:36.279828625Z,01KFEW3YJBR4HT7BADWRSVJQV5,2026-01-20T23:40:36.279828625Z,01KFEWE8T23BZMWKHQ571WBSHF,2026-01-20T23:40:36.279828625Z
01KFEWYKKR7AHSGSYPR2EXR63N,01KFEV38GJVYY8P8B7QXSW6BTE,2026-01-20T23:48:29.432191319Z,0,2026-01-20T23:48:31.093848714Z,C,2026-01-20T23:48:31.012192281Z,01KFEV38H0S2Y42XZDBCZ2KPGY,2026-01-20T23:48:29.432191319Z,01KFEWA3ZKFQRVCEG62F0BJCT3,2026-01-20T23:48:29.432191319Z,01KFEWVM93M1BAFYGWNY053C7Q,2026-01-20T23:48:29.432191319Z
01KFEVJF93VN9EM66XJY6MF3R9,01KFEV37CWX6SQYA0RPR0C01MW,2026-01-20T23:24:23.203684294Z,19,2026-01-20T23:24:43.001989951Z,C,2026-01-20T23:24:40.216735991Z,01KFEV37DE991T271V0NJ5BY6K,2026-01-20T23:24:23.203684294Z,01KFEV7RE3Q2MQ5NN8AGQ7Y4PK,2026-01-20T23:24:23.203684294Z,01KFEVJEK28P9JKPHKVPX8VP2T,2026-01-20T23:24:23.203684294Z
01KFEVNAT5FNV00G1SNYF10E3Q,01KFEV37PBC6DGWCX0HT0QWYJR,2026-01-20T23:25:56.933484018Z,17,2026-01-20T23:26:00.679896612Z,D,2026-01-20T23:26:00.662078565Z,01KFEV37PYV9HETXX2PC055NBT,2026-01-20T23:25:56.933484018Z,01KFEVBDY2YWN6DSFNFKRM8R9Z,2026-01-20T23:25:56.933484018Z,01KFEVH47TY8YTKZSSJDE27NRX,2026-01-20T23:25:56.933484018Z
01KFEW2CFYAK9428NBG0XS7722,01KFEV38A01XZ4DPRPFKRE96P8,2026-01-20T23:33:04.638722387Z,0,2026-01-20T23:33:14.903000536Z,C,2026-01-20T23:33:14.868940091Z,01KFEV38AHTHHCNTDGHAJN0GXG,2026-01-20T23:33:04.638722387Z,01KFEVW9PV7SJ42VT7GTTE4SGT,2026-01-20T23:33:04.638722387Z,01KFEW29X8W4JBYX6E342HRPZQ,2026-01-20T23:33:04.638722387Z
01KFEW2VZ0DSKNB95EEBPZ4JN5,01KFEV384BJYC62Y0E6AQK09K8,2026-01-20T23:33:20.480999327Z,0,2026-01-20T23:33:21.85063391Z,B,2026-01-20T23:33:21.775590679Z,01KFEV385166A8JYCZ9G4DMHRQ,2026-01-20T23:33:20.480999327Z,01KFEVWH8M80FFRA88HYSK2ZSQ,2026-01-20T23:33:20.480999327Z,01KFEW1AHB2FYXGT0X5PGAP03X,2026-01-20T23:33:20.480999327Z
01KFEVNMZ6QQERJX4PD1HX1VAV,01KFEV37CWX6SQYA0RPR0C01MW,2026-01-20T23:26:07.334956318Z,17,2026-01-20T23:26:44.022544229Z,D,2026-01-20T23:26:43.993174329Z,01KFEV37DE991T271V0NJ5BY6K,2026-01-20T23:26:07.334956318Z,01KFEV7RE3Q2MQ5NN8AGQ7Y4PK,2026-01-20T23:26:07.334956318Z,01KFEVJEK4F89CSCY0X9C1AJQJ,2026-01-20T23:26:07.334956318Z
01KFEVS5A9XD7HFEQN9N4NAQFC,01KFEV37CWX6SQYA0RPR0C01MW,2026-01-20T23:28:02.377193847Z,20,2026-01-20T23:28:04.897666115Z,B,2026-01-20T23:28:04.078752432Z,01KFEV37DE991T271V0NJ5BY6K,2026-01-20T23:28:02.377193847Z,01KFEVD9ZATE7H5N364WWPAV31,2026-01-20T23:28:02.377193847Z,01KFEVJEKNZ510AYKA5A7669HW,2026-01-20T23:28:02.377193847Z
01KFEW2CG3MKGQ097CYXQWZKH1,01KFEV38A01XZ4DPRPFKRE96P8,2026-01-20T23:33:04.643851005Z,0,2026-01-20T23:33:14.903000536Z,C,2026-01-20T23:33:13.483494247Z,01KFEV38AHTHHCNTDGHAJN0GXG,2026-01-20T23:33:04.643851005Z,01KFEVW5WA494MRXETJ2N5XX03,2026-01-20T23:33:04.643851005Z,01KFEW29X8W4JBYX6E342HRPZQ,2026-01-20T23:33:04.643851005Z
01KFEWBXFDGY3ENXVQQN3B0664,01KFEV38A01XZ4DPRPFKRE96P8,2026-01-20T23:38:16.941481421Z,19,2026-01-20T23:38:26.69646432Z,C,2026-01-20T23:38:20.277545324Z,01KFEV38AJ2CFPYBQZ5JKK7PV4,2026-01-20T23:38:16.941481421Z,01KFEW2CHJQZ9TDCN78BA2VKEM,2026-01-20T23:38:16.941481421Z,01KFEW9RSFEJJVTBV3T46PNXTC,2026-01-20T23:38:16.941481421Z
01KFEVA0ZWNK70M6V8AM0KGMT1,01KFEV2BZFDRZBG3Y0249RG1TW,2026-01-20T23:19:46.428161582Z,19,2026-01-20T23:19:52.631597639Z,C,2026-01-20T23:19:52.619107176Z,01KFEV2C08ND9C9BYW8N2T146P,2026-01-20T23:19:46.428161582Z,01KFEV46YBCF5X09FCFJF4VDEY,2026-01-20T23:19:46.428161582Z,01KFEV9922CCX65P8NS08ZA7AP,2026-01-20T23:19:46.428161582Z
01KFEVE1M45ZQXAWN6CDAS6CZY,01KFEV2BZFDRZBG3Y0249RG1TW,2026-01-20T23:21:58.148133741Z,19,2026-01-20T23:22:04.170306973Z,C,2026-01-20T23:22:04.149343223Z,01KFEV2C0CP35QE41ZMH45J8TZ,2026-01-20T23:21:58.148133741Z,01KFEV4PQ8V0QGQVX4KK2FPFJR,2026-01-20T23:21:58.148133741Z,01KFEVB8FTFFBQ8J4AEF64MQVW,2026-01-20T23:21:58.148133741Z
01KFEVKSHF5QCZN6BXY4GFQXXR,01KFEV37CWX6SQYA0RPR0C01MW,2026-01-20T23:25:06.479048715Z,20,2026-01-20T23:25:25.100017746Z,B,2026-01-20T23:25:15.060077521Z,01KFEV37DE991T271V0NJ5BY6K,2026-01-20T23:25:06.479048715Z,01KFEVD9ZATE7H5N364WWPAV31,2026-01-20T23:25:06.479048715Z,01KFEVJEJYXA23FJWXTM65DZ1R,2026-01-20T23:25:06.479048715Z
01KFEVMRCJRKNWA9SV2SYFK01V,01KFEV384BJYC62Y0E6AQK09K8,2026-01-20T23:25:38.066635859Z,0,2026-01-20T23:26:21.189154805Z,C,2026-01-20T23:25:39.75909173Z,01KFEV384Y33BFECW27AH8GSGD,2026-01-20T23:25:38.066635859Z,01KFEVCQTYNZYE4TGA9WFYBM2V,2026-01-20T23:25:38.066635859Z,01KFEVHAPQB1SQ5NQG6WGV0BMA,2026-01-20T23:25:38.066635859Z
01KFEWEN40RB4GT6WEJ0F4G743,01KFEV38GJVYY8P8B7QXSW6BTE,2026-01-20T23:39:46.6882749Z,0,2026-01-20T23:39:49.794201654Z,C,2026-01-20T23:39:49.755460307Z,01KFEV38H8T2V9428VC9T7MEBA,2026-01-20T23:39:46.6882749Z,01KFEW5105FT4T963R9Z6AZ67Y,2026-01-20T23:39:46.6882749Z,01KFEWB95MVT152YDC7RERZG6G,2026-01-20T23:39:46.6882749Z
01KFEVFR1Y1AJRZ743KARP6RX6,01KFEV2BZFDRZBG3Y0249RG1TW,2026-01-20T23:22:53.886499883Z,19,2026-01-20T23:22:58.789057817Z,C,2026-01-20T23:22:58.773181043Z,01KFEV2C0CP35QE41ZMH45J8TZ,2026-01-20T23:22:53.886499883Z,01KFEV4PQ8V0QGQVX4KK2FPFJR,2026-01-20T23:22:53.886499883Z,01KFEVB8G5PCQ91G35P9E460CY,2026-01-20T23:22:53.886499883Z
01KFEVGC0P2PGV0SNY4GWHPKQA,01KFEV37CWX6SQYA0RPR0C01MW,2026-01-20T23:23:14.326047149Z,0,2026-01-20T23:23:24.780632833Z,D,2026-01-20T23:23:24.767664219Z,01KFEV37DE991T271V0BRDHRJW,2026-01-20T23:23:14.326047149Z,01KFEV8CTFEWEE7C0ZM9KMYRSE,2026-01-20T23:23:14.326047149Z,01KFEVGBD2NH617BTMHE3APVY0,2026-01-20T23:23:14.326047149Z
01KFEW2VZ7590RGTETBWNJBZ9A,01KFEV384BJYC62Y0E6AQK09K8,2026-01-20T23:33:20.487163824Z,0,2026-01-20T23:33:21.85063391Z,B,2026-01-20T23:33:21.81797461Z,01KFEV385166A8JYCZ9G4DMHRQ,2026-01-20T23:33:20.487163824Z,01KFEVY502SJ2FK1Q7WFM0PHB4,2026-01-20T23:33:20.487163824Z,01KFEW1AHB2FYXGT0X5PGAP03X,2026-01-20T23:33:20.487163824Z
01KFEWCDHHFJPE8WWHGQGC6ZRK,01KFEV38A01XZ4DPRPFKRE96P8,2026-01-20T23:38:33.393225742Z,17,2026-01-20T23:39:01.130675678Z,D,2026-01-20T23:38:35.766647649Z,01KFEV38AJ2CFPYBQZ5JKK7PV4,2026-01-20T23:38:33.393225742Z,01KFEW61CSGZMFE4TZ96QA9A06,2026-01-20T23:38:33.393225742Z,01KFEW9RS4ARACABCS30DH1PYC,2026-01-20T23:38:33.393225742Z
01KFEWFBS3K5MJTS16TD7552K3,01KFEV38A01XZ4DPRPFKRE96P8,2026-01-20T23:40:09.891234177Z,0,2026-01-20T23:40:15.435259753Z,C,2026-01-20T23:40:15.394578541Z,01KFEV38AJ2CFPYBQZ5JKK7PV4,2026-01-20T23:40:09.891234177Z,01KFEW61CSGZMFE4TZ96QA9A06,2026-01-20T23:40:09.891234177Z,01KFEW9RQQNHQYFYBFG4W4KFW3,2026-01-20T23:40:09.891234177Z
01KFEWFT8H6SW0FYF7SCS2WGA5,01KFEV38GJVYY8P8B7QXSW6BTE,2026-01-20T23:40:24.721104873Z,20,2026-01-20T23:40:26.067720689Z,B,2026-01-20T23:40:26.037266683Z,01KFEV38H8T2V9428VC9T7MEBA,2026-01-20T23:40:24.721104873Z,01KFEW5105FT4T963R9Z6AZ67Y,2026-01-20T23:40:24.721104873Z,01KFEWB97B5TCHMM11XXK0C3WP,2026-01-20T23:40:24.721104873Z
01KFEWH06HYYGMVR33GTCMPRCC,01KFEVMNF44NEM58ETFST7KTWM,2026-01-20T23:41:03.569424811Z,10,2026-01-20T23:41:09.140384271Z,A,2026-01-20T23:41:09.093934625Z,01KFEVMNHFNDCGHX9QBBFN387E,2026-01-20T23:41:03.569424811Z,01KFEW78ZH0TY6JQ9J3GJMR3E3,2026-01-20T23:41:03.569424811Z,01KFEWEZW39PKTAP5FDZHRCHWA,2026-01-20T23:41:03.569424811Z
01KFEVK0QAZ6KREZ0AZVVA1YSN,01KFEV377XDCWB0CVW0E7ES8WB,2026-01-20T23:24:41.066200042Z,10,2026-01-20T23:24:50.254631446Z,B,2026-01-20T23:24:50.239484606Z,01KFEV378H0PY96RNMJTMM0E4X,2026-01-20T23:24:41.066200042Z,01KFEV8TC8AZEPV3G36SCZ12C3,2026-01-20T23:24:41.066200042Z,01KFEVFBC3KKXJSC7MKW9KR59A,2026-01-20T23:24:41.066200042Z
01KFEVVY079XCEFVT5TKYYVZNS,01KFEV37PBC6DGWCX0HT0QWYJR,2026-01-20T23:29:33.191032811Z,0,2026-01-20T23:29:36.310776181Z,A,2026-01-20T23:29:36.285767548Z,01KFEV37PV76WD06T50QFKE80T,2026-01-20T23:29:33.191032811Z,01KFEVJMQNGBVWZMGKK0EQB935,2026-01-20T23:29:33.191032811Z,01KFEVS303VVTZ8PMG4AKVY3SX,2026-01-20T23:29:33.191032811Z
01KFEVX0XNEBS52AS5WGQD7J2G,01KFEV37CWX6SQYA0RPR0C01MW,2026-01-20T23:30:08.949394555Z,0,2026-01-20T23:30:14.634548661Z,B,2026-01-20T23:30:12.193346822Z,01KFEV37DAAK9E08F076WKMM6J,2026-01-20T23:30:08.949394555Z,01KFEVH10BYAXDVW828R4A2D8P,2026-01-20T23:30:08.949394555Z,01KFEVRWSZ55NYP8B55399K8ZW,2026-01-20T23:30:08.949394555Z
01KFEW78GHAD6VR871S75VETX3,01KFEV38A01XZ4DPRPFKRE96P8,2026-01-20T23:35:44.401357961Z,17,2026-01-20T23:35:49.02533203Z,D,2026-01-20T23:35:48.99032779Z,01KFEV38AHTHHCNTDGHAJN0GXG,2026-01-20T23:35:44.401357961Z,01KFEVW5WA494MRXETJ2N5XX03,2026-01-20T23:35:44.401357961Z,01KFEW29Z465YRECJRGWFN7MQK,2026-01-20T23:35:44.401357961Z
01KFEVS52TG4BS58QQEAVFJQZD,01KFEV37PBC6DGWCX0HT0QWYJR,2026-01-20T23:28:02.138703489Z,10,2026-01-20T23:28:10.845003215Z,B,2026-01-20T23:28:10.818206136Z,01KFEV37PV76WD06T50QFKE80T,2026-01-20T23:28:02.138703489Z,01KFEVH5DDXBKC32H7RGDZYG1X,2026-01-20T23:28:02.138703489Z,01KFEVS2YJ0NN9TXX80TR4EBXB,2026-01-20T23:28:02.138703489Z
01KFEVF2V4X1HY4P0CDBSN2ZQG,01KFEV377XDCWB0CVW0E7ES8WB,2026-01-20T23:22:32.164321331Z,0,2026-01-20T23:22:38.623230571Z,B,2026-01-20T23:22:38.612121398Z,01KFEV378PDZP87HXSESW6BA01,2026-01-20T23:22:32.164321331Z,01KFEV79YCQMQRJYZ004NV66QN,2026-01-20T23:22:32.164321331Z,01KFEVF1PKXY17EAHC5V0EMKN7,2026-01-20T23:22:32.164321331Z
01KFEVH0JEA7VCYM4VF3SH2TY0,01KFEV377XDCWB0CVW0E7ES8WB,2026-01-20T23:23:35.374925514Z,0,2026-01-20T23:23:40.843872314Z,C,2026-01-20T23:23:39.827466101Z,01KFEV378H0PY96RNMJTMM0E4X,2026-01-20T23:23:35.374925514Z,01KFEV8K48Q5MVC88J4XCQXRFY,2026-01-20T23:23:35.374925514Z,01KFEVFBBYTSBZ9CQKVR7RKAB2,2026-01-20T23:23:35.374925514Z
01KFEVKZPJR19734A7CCXX3B7J,01KFEV377XDCWB0CVW0E7ES8WB,2026-01-20T23:25:12.786598682Z,7,2026-01-20T23:25:16.647945409Z,D,2026-01-20T23:25:16.625207779Z,01KFEV378PDZP87HXSESW6BA01,2026-01-20T23:25:12.786598682Z,01KFEV6V20FH8Q8TGZN4SVCF5R,2026-01-20T23:25:12.786598682Z,01KFEVF1R3DQ0JFK5FV6Y4TWRQ,2026-01-20T23:25:12.786598682Z
01KFEVMN6BJBA59A0Q0Q257K1M,01KFEV37PBC6DGWCX0HT0QWYJR,2026-01-20T23:25:34.795891108Z,17,2026-01-20T23:25:40.595874577Z,D,2026-01-20T23:25:37.20827767Z,01KFEV37PYV9HETXX2PC055NBT,2026-01-20T23:25:34.795891108Z,01KFEV9QWYR4DNTS4QCCENEARJ,2026-01-20T23:25:34.795891108Z,01KFEVH488H19CAYEAMXF8JTYZ,2026-01-20T23:25:34.795891108Z
01KFEVBH7J3M871TR93MNDD880,01KFEV2BZFDRZBG3Y0249RG1TW,2026-01-20T23:20:35.826223555Z,20,2026-01-20T23:20:37.197421634Z,A,2026-01-20T23:20:36.704590289Z,01KFEV2C08ND9C9BYW8N2T146P,2026-01-20T23:20:35.826223555Z,01KFEV4APCG117QZ1ZVXNKCJFC,2026-01-20T23:20:35.826223555Z,01KFEV992MES5YXGH6XNCQ5224,2026-01-20T23:20:35.826223555Z
01KFEVWDPJ0B8QXMYZFKQY0MRW,01KFEV37PBC6DGWCX0HT0QWYJR,2026-01-20T23:29:49.266484572Z,20,2026-01-20T23:29:51.537628063Z,A,2026-01-20T23:29:51.508248637Z,01KFEV37PV76WD06T50QFKE80T,2026-01-20T23:29:49.266484572Z,01KFEVH5DDXBKC32H7RGDZYG1X,2026-01-20T23:29:49.266484572Z,01KFEVS30DXP4PRYMZCEXQDZ77,2026-01-20T23:29:49.266484572Z
01KFEW6J0N48C5MRZ74984DF3Y,01KFEV38A01XZ4DPRPFKRE96P8,2026-01-20T23:35:21.365888373Z,19,2026-01-20T23:35:25.903340398Z,C,2026-01-20T23:35:25.383429622Z,01KFEV38AHTHHCNTDGHAJN0GXG,2026-01-20T23:35:21.365888373Z,01KFEVW5WA494MRXETJ2N5XX03,2026-01-20T23:35:21.365888373Z,01KFEW29YCZ8S174VM388XCKN4,2026-01-20T23:35:21.365888373Z
01KFEW4E1ZG2WMM8CG7JZDWYGK,01KFEV384BJYC62Y0E6AQK09K8,2026-01-20T23:34:11.775596358Z,10,2026-01-20T23:34:12.919390706Z,B,2026-01-20T23:34:12.700853917Z,01KFEV385166A8JYCZ9G4DMHRQ,2026-01-20T23:34:11.775596358Z,01KFEVWH8M80FFRA88HYSK2ZSQ,2026-01-20T23:34:11.775596358Z,01KFEW1AHWQARTJECMFRG6TRPK,2026-01-20T23:34:11.775596358Z
01KFEWDGZFNHE30F4KMDB7MGHY,01KFEV38GJVYY8P8B7QXSW6BTE,2026-01-20T23:39:09.679183575Z,17,2026-01-20T23:39:14.128829677Z,D,2026-01-20T23:39:14.093189384Z,01KFEV38H8T2V9428VC9T7MEBA,2026-01-20T23:39:09.679183575Z,01KFEW5BKPC6PA6AD6TVFX3GTH,2026-01-20T23:39:09.679183575Z,01KFEWB94VS3H1WGEG6MHSEQZ4,2026-01-20T23:39:09.679183575Z
01KFEWM89TXH049MV258CMQWM7,01KFEVMNF44NEM58ETFST7KTWM,2026-01-20T23:42:50.170201671Z,17,2026-01-20T23:42:54.166276474Z,D,2026-01-20T23:42:54.131917994Z,01KFEVMNHFNDCGHX9QBBFN387E,2026-01-20T23:42:50.170201671Z,01KFEW78ZH0TY6JQ9J3GJMR3E3,2026-01-20T23:42:50.170201671Z,01KFEWEZYB6ZVPPBFVTKXTZJ40,2026-01-20T23:42:50.170201671Z
01KFEVAFC9J3H7NKWXNGFNKWX7,01KFEV2BZFDRZBG3Y0249RG1TW,2026-01-20T23:20:01.161468273Z,20,2026-01-20T23:20:02.382376864Z,B,2026-01-20T23:20:02.341273644Z,01KFEV2C08ND9C9BYW8N2T146P,2026-01-20T23:20:01.161468273Z,01KFEV46YBCF5X09FCFJF4VDEY,2026-01-20T23:20:01.161468273Z,01KFEV992BY8ZQV1K5DH9Q0F8T,2026-01-20T23:20:01.161468273Z
01KFEVB59DJQB97DA56Z2516SM,01KFEV2BZFDRZBG3Y0249RG1TW,2026-01-20T23:20:23.597880611Z,20,2026-01-20T23:20:25.473191575Z,A,2026-01-20T23:20:25.459814773Z,01KFEV2C08ND9C9BYW8N2T146P,2026-01-20T23:20:23.597880611Z,01KFEV4APCG117QZ1ZVXNKCJFC,2026-01-20T23:20:23.597880611Z,01KFEV992F8HQ1GF4QAH0Z0678,2026-01-20T23:20:23.597880611Z
01KFEVTB0PRN9MK3RQ7TENPSP8,01KFEV37PBC6DGWCX0HT0QWYJR,2026-01-20T23:28:40.983021499Z,20,2026-01-20T23:28:49.004607953Z,A,2026-01-20T23:28:47.402279089Z,01KFEV37PV76WD06T50QFKE80T,2026-01-20T23:28:40.983021499Z,01KFEVH5DDXBKC32H7RGDZYG1X,2026-01-20T23:28:40.983021499Z,01KFEVS2ZJ94QWAPA619X1ZPB5,2026-01-20T23:28:40.983021499Z
01KFEVV2RAK8ZZAQ9BA5143SF9,01KFEV37PBC6DGWCX0HT0QWYJR,2026-01-20T23:29:05.290403879Z,10,2026-01-20T23:29:09.109798313Z,A,2026-01-20T23:29:08.75335504Z,01KFEV37PV76WD06T50QFKE80T,2026-01-20T23:29:05.290403879Z,01KFEVH5DDXBKC32H7RGDZYG1X,2026-01-20T23:29:05.290403879Z,01KFEVS2ZY16AG7M0J8YVV8W86,2026-01-20T23:29:05.290403879Z
01KFEVWK0W6RPJW8A7ENN4AEMY,01KFEV37PBC6DGWCX0HT0QWYJR,2026-01-20T23:29:54.716940556Z,19,2026-01-20T23:29:56.887375407Z,C,2026-01-20T23:29:56.851172938Z,01KFEV37PV76WD06T50QFKE80T,2026-01-20T23:29:54.716940556Z,01KFEVJMQNGBVWZMGKK0EQB935,2026-01-20T23:29:54.716940556Z,01KFEVS2YSDC5M1CSQ45WYXFCB,2026-01-20T23:29:54.716940556Z
01KFEWEF6JP65P0CNDTDCCEBTZ,01KFEV38GJVYY8P8B7QXSW6BTE,2026-01-20T23:39:40.626402451Z,0,2026-01-20T23:39:44.656439487Z,C,2026-01-20T23:39:44.616394401Z,01KFEV38H8T2V9428VC9T7MEBA,2026-01-20T23:39:40.626402451Z,01KFEW5BKPC6PA6AD6TVFX3GTH,2026-01-20T23:39:40.626402451Z,01KFEWB95D8TYSSW9F9S79CQD8,2026-01-20T23:39:40.626402451Z
01KFEVFR21XC7CCGRKK23WEJ0S,01KFEV2BZFDRZBG3Y0249RG1TW,2026-01-20T23:22:53.889118704Z,10,2026-01-20T23:22:58.789057817Z,A,2026-01-20T23:22:58.562673787Z,01KFEV2C0CP35QE41ZMH45J8TZ,2026-01-20T23:22:53.889118704Z,01KFEV7TATT805MEJDGTCA5NFM,2026-01-20T23:22:53.889118704Z,01KFEVB8G5PCQ91G35P9E460CY,2026-01-20T23:22:53.889118704Z
01KFEVM0V5SFD3Y86C9C5HX95T,01KFEV384BJYC62Y0E6AQK09K8,2026-01-20T23:25:13.95792816Z,10,2026-01-20T23:25:15.731801513Z,A,2026-01-20T23:25:15.707935831Z,01KFEV384Y33BFECW27AH8GSGD,2026-01-20T23:25:13.95792816Z,01KFEVCQTYNZYE4TGA9WFYBM2V,2026-01-20T23:25:13.95792816Z,01KFEVHAPJCMYFRQP2F7WT72WK,2026-01-20T23:25:13.95792816Z
01KFEVMRCEF1N4K89Z2F1BA6MJ,01KFEV384BJYC62Y0E6AQK09K8,2026-01-20T23:25:38.062092993Z,0,2026-01-20T23:26:21.189154805Z,C,2026-01-20T23:26:21.161026372Z,01KFEV384Y33BFECW27AH8GSGD,2026-01-20T23:25:38.062092993Z,01KFEVF34Y0A3VWJYX9367Q9EA,2026-01-20T23:25:38.062092993Z,01KFEVHAPQB1SQ5NQG6WGV0BMA,2026-01-20T23:25:38.062092993Z
01KFEVP4DCP2JWTWRZDF97HH3D,01KFEV377XDCWB0CVW0E7ES8WB,2026-01-20T23:26:23.148799725Z,29,2026-01-20T23:26:27.256178085Z,C,2026-01-20T23:26:25.390211331Z,01KFEV378H0PY96RNMJTMM0E4X,2026-01-20T23:26:23.148799725Z,01KFEV8K48Q5MVC88J4XCQXRFY,2026-01-20T23:26:23.148799725Z,01KFEVFBD0577W18ZY0ZD05TA0,2026-01-20T23:26:23.148799725Z
01KFEVAFCB45FP32KQCR40VBCK,01KFEV2BZFDRZBG3Y0249RG1TW,2026-01-20T23:20:01.16375915Z,20,2026-01-20T23:20:02.382376864Z,A,2026-01-20T23:20:02.222169333Z,01KFEV2C08ND9C9BYW8N2T146P,2026-01-20T23:20:01.16375915Z,01KFEV4APCG117QZ1ZVXNKCJFC,2026-01-20T23:20:01.16375915Z,01KFEV992BY8ZQV1K5DH9Q0F8T,2026-01-20T23:20:01.16375915Z
01KFEVNSG36RQF55FZT61ZXZYN,01KFEV37PBC6DGWCX0HT0QWYJR,2026-01-20T23:26:11.971404571Z,29,2026-01-20T23:26:14.363960662Z,C,2026-01-20T23:26:13.977074321Z,01KFEV37PYV9HETXX2PC055NBT,2026-01-20T23:26:11.971404571Z,01KFEVBDY2YWN6DSFNFKRM8R9Z,2026-01-20T23:26:11.971404571Z,01KFEVH47YHEBY0NMN1SDFTFF1,2026-01-20T23:26:11.971404571Z
01KFEVPQKQKQ01H84PV4KBWS1J,01KFEVMN9Q125N5N16W4WNYJXF,2026-01-20T23:26:42.807633648Z,0,2026-01-20T23:27:03.06717797Z,C,2026-01-20T23:27:03.043838113Z,01KFEVMNB841AFDZFM4WSW4FTD,2026-01-20T23:26:42.807633648Z,01KFEVB2WK99SDZDFQAW6KYB9M,2026-01-20T23:26:42.807633648Z,01KFEVPNF9X8183T19PW5K9TEJ,2026-01-20T23:26:42.807633648Z
01KFEWG09A6RT1XEGQPECYKS0E,01KFEV38A01XZ4DPRPFKRE96P8,2026-01-20T23:40:30.891024414Z,17,2026-01-20T23:40:37.616851339Z,D,2026-01-20T23:40:32.045589693Z,01KFEV38AJ2CFPYBQZ5JKK7PV4,2026-01-20T23:40:30.891024414Z,01KFEW61CSGZMFE4TZ96QA9A06,2026-01-20T23:40:30.891024414Z,01KFEW9RQ327JZV3KPAF5ZD6ZC,2026-01-20T23:40:30.891024414Z
01KFEVN589ND4XKVS4NDAJK7A5,01KFEV377XDCWB0CVW0E7ES8WB,2026-01-20T23:25:51.241705647Z,20,2026-01-20T23:25:53.000726411Z,A,2026-01-20T23:25:52.70881376Z,01KFEV378FNG971PBW7B2SPNC6,2026-01-20T23:25:51.241705647Z,01KFEVCRBGBMN5MZZVZA8FPX1Z,2026-01-20T23:25:51.241705647Z,01KFEVJNRMV8QKDD2GX9TGRBPY,2026-01-20T23:25:51.241705647Z
01KFEVTV8FSDGEE16RC4ND8X5N,01KFEV37CWX6SQYA0RPR0C01MW,2026-01-20T23:28:57.615093473Z,19,2026-01-20T23:29:04.046972717Z,C,2026-01-20T23:29:00.871444575Z,01KFEV37DAAK9E08F076WKMM6J,2026-01-20T23:28:57.615093473Z,01KFEVH10BYAXDVW828R4A2D8P,2026-01-20T23:28:57.615093473Z,01KFEVRWRV4PBTM59RGPB1MPCT,2026-01-20T23:28:57.615093473Z
01KFEW4Z0XCCH86FKM7XCB5SQG,01KFEV38A01XZ4DPRPFKRE96P8,2026-01-20T23:34:29.149670489Z,0,2026-01-20T23:34:32.382716063Z,C,2026-01-20T23:34:31.317600567Z,01KFEV38AHTHHCNTDGHAJN0GXG,2026-01-20T23:34:29.149670489Z,01KFEVW5WA494MRXETJ2N5XX03,2026-01-20T23:34:29.149670489Z,01KFEW29XZMZF1P4K1A2ZTGRQ6,2026-01-20T23:34:29.149670489Z
01KFEWC5RETKVJMQ48SJE5MEQM,01KFEV38GJVYY8P8B7QXSW6BTE,2026-01-20T23:38:25.422920941Z,10,2026-01-20T23:38:34.992906861Z,A,2026-01-20T23:38:34.961053058Z,01KFEV38H8T2V9428VC9T7MEBA,2026-01-20T23:38:25.422920941Z,01KFEW5105FT4T963R9Z6AZ67Y,2026-01-20T23:38:25.422920941Z,01KFEWB933XTP1JVD282ZB991C,2026-01-20T23:38:25.422920941Z
01KFEW72SXFZ28BR3SWHGBJWQ4,01KFEV38A01XZ4DPRPFKRE96P8,2026-01-20T23:35:38.557361603Z,0,2026-01-20T23:35:41.827191042Z,C,2026-01-20T23:35:40.39003961Z,01KFEV38AHTHHCNTDGHAJN0GXG,2026-01-20T23:35:38.557361603Z,01KFEVW9PV7SJ42VT7GTTE4SGT,2026-01-20T23:35:38.557361603Z,01KFEW29YWMS8SG0HY124EQM4K,2026-01-20T23:35:38.557361603Z
01KFEVABAGGWH1E0B6GD9CXPA2,01KFEV2BZFDRZBG3Y0249RG1TW,2026-01-20T23:19:57.008609951Z,20,2026-01-20T23:19:58.644157877Z,A,2026-01-20T23:19:58.100720946Z,01KFEV2C08ND9C9BYW8N2T146P,2026-01-20T23:19:57.008609951Z,01KFEV4APCG117QZ1ZVXNKCJFC,2026-01-20T23:19:57.008609951Z,01KFEV9924VF50RWW28YZTJVST,2026-01-20T23:19:57.008609951Z
01KFEVCK4XS52ZJSZ8E976YH75,01KFEV2BZFDRZBG3Y0249RG1TW,2026-01-20T23:21:10.557220887Z,10,2026-01-20T23:21:18.385592477Z,A,2026-01-20T23:21:14.175169761Z,01KFEV2C0EQZAQP8AFWFARX9S3,2026-01-20T23:21:10.557220887Z,01KFEV6PVNKNKPXT116BVCM3W4,2026-01-20T23:21:10.557220887Z,01KFEVCJJ5D5JFKFHHY6M7CQMN,2026-01-20T23:21:10.557220887Z
01KFEVV3WZWEB5K52TG7GX7P1P,01KFEVMN9Q125N5N16W4WNYJXF,2026-01-20T23:29:06.463786517Z,29,2026-01-20T23:29:11.64360162Z,C,2026-01-20T23:29:08.262666408Z,01KFEVMNB841AFDZFM4WSW4FTD,2026-01-20T23:29:06.463786517Z,01KFEVB2WK99SDZDFQAW6KYB9M,2026-01-20T23:29:06.463786517Z,01KFEVPNH13GY2X6WR8TVJ5EYS,2026-01-20T23:29:06.463786517Z
01KFEW3GN6V07X6FMEA4QZ048S,01KFEV38GJVYY8P8B7QXSW6BTE,2026-01-20T23:33:41.670466789Z,0,2026-01-20T23:33:52.625674179Z,B,2026-01-20T23:33:52.594956525Z,01KFEV38H48T18ZRM15RETR33C,2026-01-20T23:33:41.670466789Z,01KFEVYB6HS3VX2GA7D4G2GPMT,2026-01-20T23:33:41.670466789Z,01KFEW2K4DS1T10ZD4EFNDXX1X,2026-01-20T23:33:41.670466789Z
01KFEW7CMXA7XDAFEZZ4JTX09Y,01KFEVMN9Q125N5N16W4WNYJXF,2026-01-20T23:35:48.63754471Z,17,2026-01-20T23:35:53.563798595Z,D,2026-01-20T23:35:53.522435624Z,01KFEVMNBC23RB4D79KEQ4G0VS,2026-01-20T23:35:48.63754471Z,01KFEVXFAQE8X4YEWXW17GBY46,2026-01-20T23:35:48.63754471Z,01KFEW3VMQYCSWHG0ZVBJSS31E,2026-01-20T23:35:48.63754471Z
01KFEWD5E87NFZZWKV11G1VBJJ,01KFEV38GJVYY8P8B7QXSW6BTE,2026-01-20T23:38:57.864852439Z,19,2026-01-20T23:39:02.320143898Z,C,2026-01-20T23:39:00.002953623Z,01KFEV38H8T2V9428VC9T7MEBA,2026-01-20T23:38:57.864852439Z,01KFEW5105FT4T963R9Z6AZ67Y,2026-01-20T23:38:57.864852439Z,01KFEWB94KQ2XE0PFRQY8WXWM9,2026-01-20T23:38:57.864852439Z
01KFEWGRJWZKV4DYPJRTSBYM7X,01KFEVMNNQTH6Q6DMJG65NFGVF,2026-01-20T23:40:55.772888399Z,,,,,01KFEVMNQ7WSYMPADRKJJ7K0T0,2026-01-20T23:40:55.772888399Z,01KFEW5E2KG89VD0P0MDY55AEM,2026-01-20T23:40:55.772888399Z,01KFEWGN7DH9SB6YA0JME23FWK,2026-01-20T23:40:55.772888399Z
01KFEWXNMDTQ25YPJVZYQHC9Y2,01KFEV38GJVYY8P8B7QXSW6BTE,2026-01-20T23:47:58.733635723Z,10,2026-01-20T23:48:01.811466866Z,A,2026-01-20T23:48:01.7743718Z,01KFEV38H0S2Y42XZDBCZ2KPGY,2026-01-20T23:47:58.733635723Z,01KFEWA3ZKFQRVCEG62F0BJCT3,2026-01-20T23:47:58.733635723Z,01KFEWVM7Z966CNQ4GRP5M96EG,2026-01-20T23:47:58.733635723Z
01KFEVG4VZT18EZ5PCZMXFZ5YE,01KFEV2BZFDRZBG3Y0249RG1TW,2026-01-20T23:23:07.007377607Z,0,2026-01-20T23:23:12.166443468Z,B,2026-01-20T23:23:09.192606513Z,01KFEV2C0CP35QE41ZMH45J8TZ,2026-01-20T23:23:07.007377607Z,01KFEV7TATT805MEJDGTCA5NFM,2026-01-20T23:23:07.007377607Z,01KFEVB8G65XGTDB93SRCK5ATZ,2026-01-20T23:23:07.007377607Z
01KFEVJTBN55S5JN5C7AW27YA8,01KFEV377XDCWB0CVW0E7ES8WB,2026-01-20T23:24:34.549745786Z,17,2026-01-20T23:24:38.442241993Z,D,2026-01-20T23:24:37.849026109Z,01KFEV378H0PY96RNMJFNCN7TE,2026-01-20T23:24:34.549745786Z,01KFEVA045MDV6WERMTEQ3VAYR,2026-01-20T23:24:34.549745786Z,01KFEVEHGR7ECW4X29T8Y4QFJQ,2026-01-20T23:24:34.549745786Z
01KFEVMFPEFC7R9CD2GRYBJJ61,01KFEV377XDCWB0CVW0E7ES8WB,2026-01-20T23:25:29.166118111Z,20,2026-01-20T23:25:32.684674089Z,B,2026-01-20T23:25:30.612012731Z,01KFEV378FNG971PBW7B2SPNC6,2026-01-20T23:25:29.166118111Z,01KFEV82H962BNCCRXPB524628,2026-01-20T23:25:29.166118111Z,01KFEVJNR4936M3NZWK961C48N,2026-01-20T23:25:29.166118111Z
01KFEVSCP69023XKP6ZJHZDQDF,01KFEVMN9Q125N5N16W4WNYJXF,2026-01-20T23:28:09.926446993Z,29,2026-01-20T23:28:16.989206864Z,C,2026-01-20T23:28:14.650442763Z,01KFEVMNB841AFDZFM4WSW4FTD,2026-01-20T23:28:09.926446993Z,01KFEVB2WK99SDZDFQAW6KYB9M,2026-01-20T23:28:09.926446993Z,01KFEVPNG6JB6DZSQZ5HM4GVS7,2026-01-20T23:28:09.926446993Z
01KFEW7CMK4PTAQ01Z2KPZKQJN,01KFEVMN9Q125N5N16W4WNYJXF,2026-01-20T23:35:48.627503478Z,29,2026-01-20T23:35:53.563798595Z,C,2026-01-20T23:35:50.189606345Z,01KFEVMNBC23RB4D79KEQ4G0VS,2026-01-20T23:35:48.627503478Z,01KFEVX608THP5F5HX3GYF0X1K,2026-01-20T23:35:48.627503478Z,01KFEW3VMQYCSWHG0ZVBJSS31E,2026-01-20T23:35:48.627503478Z
01KFEW84KX93JVWK81DAEJW1GT,01KFEV38GJVYY8P8B7QXSW6BTE,2026-01-20T23:36:13.181941315Z,0,2026-01-20T23:36:14.251210168Z,C,2026-01-20T23:36:14.208337778Z,01KFEV38H48T18ZRM15RETR33C,2026-01-20T23:36:13.181941315Z,01KFEVVPVMNR90RS0DGAX989B7,2026-01-20T23:36:13.181941315Z,01KFEW2K5Q3YTG9F7JD6J5VSNS,2026-01-20T23:36:13.181941315Z
01KFEWJAT3W8XDVH1J2T7FS726,01KFEVMN9Q125N5N16W4WNYJXF,2026-01-20T23:41:47.203434444Z,20,2026-01-20T23:41:48.104167511Z,B,2026-01-20T23:41:47.854494625Z,01KFEVMNAWK7WRWM1AMQZKX6SA,2026-01-20T23:41:47.203434444Z,01KFEW3YJBR4HT7BADWRSVJQV5,2026-01-20T23:41:47.203434444Z,01KFEWE8WVX74TZ8PTSRYVZGQG,2026-01-20T23:41:47.203434444Z
01KFEVSR5W9S5RYWE24TST5V5E,01KFEVMN9Q125N5N16W4WNYJXF,2026-01-20T23:28:21.69270497Z,17,2026-01-20T23:28:25.681600003Z,D,2026-01-20T23:28:25.425395517Z,01KFEVMNB841AFDZFM4WSW4FTD,2026-01-20T23:28:21.69270497Z,01KFEVC3J7JCZ73BZAKH9RH61D,2026-01-20T23:28:21.69270497Z,01KFEVPNGCECZWPB3GP3PH5NGX,2026-01-20T23:28:21.69270497Z
01KFEVTSH15GNJNFET4STRQQ2H,01KFEV38A01XZ4DPRPFKRE96P8,2026-01-20T23:28:55.84185505Z,19,2026-01-20T23:28:58.473123232Z,C,2026-01-20T23:28:58.445553776Z,01KFEV38AJ2CFPYBQZ58NH0V5J,2026-01-20T23:28:55.84185505Z,01KFEVE55BQ40NXX8QW3R5RX0T,2026-01-20T23:28:55.84185505Z,01KFEVJWSA1G8BTA3YJK5GPKEP,2026-01-20T23:28:55.84185505Z
01KFEW70R5EZG4F3N1EY161YQ4,01KFEVMN9Q125N5N16W4WNYJXF,2026-01-20T23:35:36.453799378Z,29,2026-01-20T23:35:38.337046237Z,C,2026-01-20T23:35:38.290205149Z,01KFEVMNBC23RB4D79KEQ4G0VS,2026-01-20T23:35:36.453799378Z,01KFEVX608THP5F5HX3GYF0X1K,2026-01-20T23:35:36.453799378Z,01KFEW3VMGZD02ANKDCQP1JWVK,2026-01-20T23:35:36.453799378Z
01KFEW7SQE4823MR07FC40Q86W,01KFEVMN9Q125N5N16W4WNYJXF,2026-01-20T23:36:02.030997197Z,17,2026-01-20T23:36:03.74078573Z,D,2026-01-20T23:36:03.711125201Z,01KFEVMNBC23RB4D79KEQ4G0VS,2026-01-20T23:36:02.030997197Z,01KFEVXFAQE8X4YEWXW17GBY46,2026-01-20T23:36:02.030997197Z,01KFEW3VNBMV4SFK2GGYWGCNPK,2026-01-20T23:36:02.030997197Z
01KFEVJS3T0SH8H3ND879AN667,01KFEV384BJYC62Y0E6AQK09K8,2026-01-20T23:24:33.274540594Z,10,2026-01-20T23:24:35.587066716Z,B,2026-01-20T23:24:35.54360454Z,01KFEV384Y33BFECW27AH8GSGD,2026-01-20T23:24:33.274540594Z,01KFEVCQTYNZYE4TGA9WFYBM2V,2026-01-20T23:24:33.274540594Z,01KFEVHAPCH18VPXAR0AA2NN3F,2026-01-20T23:24:33.274540594Z
01KFEVM4WGCYMYGGY4825EPP5A,01KFEV384BJYC62Y0E6AQK09K8,2026-01-20T23:25:18.096901927Z,29,2026-01-20T23:25:22.301464995Z,C,2026-01-20T23:25:19.854170802Z,01KFEV384Y33BFECW27AH8GSGD,2026-01-20T23:25:18.096901927Z,01KFEVF34Y0A3VWJYX9367Q9EA,2026-01-20T23:25:18.096901927Z,01KFEVHAPNHDSTG2VZVHXASK93,2026-01-20T23:25:18.096901927Z
01KFEVNFD6B485C6KTFFJ7BCGR,01KFEV37CWX6SQYA0RPR0C01MW,2026-01-20T23:26:01.638752776Z,10,2026-01-20T23:26:04.814370383Z,A,2026-01-20T23:26:04.218658843Z,01KFEV37DE991T271V0BRDHRJW,2026-01-20T23:26:01.638752776Z,01KFEVBZC2S6960QVT8J14HPMN,2026-01-20T23:26:01.638752776Z,01KFEVGBDCBHSEAWFBWHYTDW7K,2026-01-20T23:26:01.638752776Z
01KFEVNZ2ZXGM0VRMCCJ1710H5,01KFEV37PBC6DGWCX0HT0QWYJR,2026-01-20T23:26:17.695710639Z,29,2026-01-20T23:26:20.042380867Z,C,2026-01-20T23:26:20.011332698Z,01KFEV37PYV9HETXX2PC055NBT,2026-01-20T23:26:17.695710639Z,01KFEV9QWYR4DNTS4QCCENEARJ,2026-01-20T23:26:17.695710639Z,01KFEVH48J31CNCNY6T435EDBD,2026-01-20T23:26:17.695710639Z
01KFEWDGZ7EKJWWMTS4EMP45KH,01KFEV38GJVYY8P8B7QXSW6BTE,2026-01-20T23:39:09.671257843Z,29,2026-01-20T23:39:14.128829677Z,C,2026-01-20T23:39:12.595047517Z,01KFEV38H8T2V9428VC9T7MEBA,2026-01-20T23:39:09.671257843Z,01KFEW5105FT4T963R9Z6AZ67Y,2026-01-20T23:39:09.671257843Z,01KFEWB94VS3H1WGEG6MHSEQZ4,2026-01-20T23:39:09.671257843Z
01KFEWGJG48620J1J18ZS1Z1WY,01KFEV38A01XZ4DPRPFKRE96P8,2026-01-20T23:40:49.540898642Z,29,2026-01-20T23:40:51.795684328Z,C,2026-01-20T23:40:51.717449175Z,01KFEV38AJ2CFPYBQZ5JKK7PV4,2026-01-20T23:40:49.540898642Z,01KFEW2CHJQZ9TDCN78BA2VKEM,2026-01-20T23:40:49.540898642Z,01KFEW9RP7W5QZSAE6HSN0A735,2026-01-20T23:40:49.540898642Z
01KFEW84M5RBAR5CGTNFTZZTR3,01KFEV38GJVYY8P8B7QXSW6BTE,2026-01-20T23:36:13.189309507Z,0,2026-01-20T23:36:14.251210168Z,C,2026-01-20T23:36:14.089953428Z,01KFEV38H48T18ZRM15RETR33C,2026-01-20T23:36:13.189309507Z,01KFEVYB6HS3VX2GA7D4G2GPMT,2026-01-20T23:36:13.189309507Z,01KFEW2K5Q3YTG9F7JD6J5VSNS,2026-01-20T23:36:13.189309507Z
01KFEWB4XSJH21RH16PP5CKADX,01KFEV38A01XZ4DPRPFKRE96P8,2026-01-20T23:37:51.801647302Z,19,2026-01-20T23:38:01.858369023Z,C,2026-01-20T23:37:58.526163413Z,01KFEV38AJ2CFPYBQZ5JKK7PV4,2026-01-20T23:37:51.801647302Z,01KFEW2CHJQZ9TDCN78BA2VKEM,2026-01-20T23:37:51.801647302Z,01KFEW9RN40QG3K2B84WKGV58C,2026-01-20T23:37:51.801647302Z
01KFEWX46RWN6P4W59KYXSZB0A,01KFEV38GJVYY8P8B7QXSW6BTE,2026-01-20T23:47:40.888734855Z,17,2026-01-20T23:47:43.08583216Z,D,2026-01-20T23:47:42.415289752Z,01KFEV38H0S2Y42XZDBCZ2KPGY,2026-01-20T23:47:40.888734855Z,01KFEWA3ZKFQRVCEG62F0BJCT3,2026-01-20T23:47:40.888734855Z,01KFEWVM7CQ9H0PTQTY7SKFW6P,2026-01-20T23:47:40.888734855Z
01KFEVDR5JPXS9BS4QJ8Y7CXVH,01KFEV2BZFDRZBG3Y0249RG1TW,2026-01-20T23:21:48.466040404Z,,,A,2026-01-20T23:21:52.401125542Z,01KFEV2C0EQZAQP8AFWFARX9S3,2026-01-20T23:21:48.466040404Z,01KFEV4F59CE4SZAQ7AMYA0Y6G,2026-01-20T23:21:48.466040404Z,01KFEVCJJSB7MDB0BVYJ0B76P2,2026-01-20T23:21:48.466040404Z
01KFEVPTEE9N6D3P18SBB4WNVY,01KFEV37PBC6DGWCX0HT0QWYJR,2026-01-20T23:26:45.711007774Z,0,2026-01-20T23:26:53.927703796Z,C,2026-01-20T23:26:52.269559696Z,01KFEV37PYV9HETXX2PSGE1RKD,2026-01-20T23:26:45.711007774Z,01KFEVDMPGK2KG6CGRXX80WQ5A,2026-01-20T23:26:45.711007774Z,01KFEVKCN4ZM7M5WXWCANY7678,2026-01-20T23:26:45.711007774Z
01KFEVVSFW86H86CDFXW4QVF2C,01KFEVMN9Q125N5N16W4WNYJXF,2026-01-20T23:29:28.572723182Z,29,2026-01-20T23:29:31.808881073Z,C,2026-01-20T23:29:31.430383373Z,01KFEVMNB841AFDZFM4WSW4FTD,2026-01-20T23:29:28.572723182Z,01KFEVB2WK99SDZDFQAW6KYB9M,2026-01-20T23:29:28.572723182Z,01KFEVPNH8ZPMZ16RW6XYTJZST,2026-01-20T23:29:28.572723182Z
01KFEW3AN4PEVQ43RF1VX19AR0,01KFEV37PBC6DGWCX0HT0QWYJR,2026-01-20T23:33:35.524487583Z,7,2026-01-20T23:33:39.487370229Z,D,2026-01-20T23:33:37.147834659Z,01KFEV37Q0WSYAYKWHM2EXN0DN,2026-01-20T23:33:35.524487583Z,01KFEVWYACX0Z3X7HHHK5DSTDD,2026-01-20T23:33:35.524487583Z,01KFEW0G9R2CR00EMTWN25XPQE,2026-01-20T23:33:35.524487583Z
01KFEW2NFTD62TZSSVNV0SK4PB,01KFEV38GJVYY8P8B7QXSW6BTE,2026-01-20T23:33:13.850611705Z,0,2026-01-20T23:33:30.229577383Z,B,2026-01-20T23:33:16.19140679Z,01KFEV38H48T18ZRM15RETR33C,2026-01-20T23:33:13.850611705Z,01KFEVVPVMNR90RS0DGAX989B7,2026-01-20T23:33:13.850611705Z,01KFEW2K3QVBFN32HV5ZCAC42T,2026-01-20T23:33:13.850611705Z
01KFEW35BBWZ8HCTN3K68HTFV2,01KFEV38A01XZ4DPRPFKRE96P8,2026-01-20T23:33:30.091971589Z,19,2026-01-20T23:33:37.314039803Z,C,2026-01-20T23:33:37.282618798Z,01KFEV38AHTHHCNTDGHAJN0GXG,2026-01-20T23:33:30.091971589Z,01KFEVW5WA494MRXETJ2N5XX03,2026-01-20T23:33:30.091971589Z,01KFEW29XHVV27TK4HQZQPZFPD,2026-01-20T23:33:30.091971589Z
01KFEW64VE11X698DV86KY1S1X,01KFEVMN9Q125N5N16W4WNYJXF,2026-01-20T23:35:07.886288061Z,0,2026-01-20T23:35:13.396325461Z,D,2026-01-20T23:35:09.262564722Z,01KFEVMNBC23RB4D79KEQ4G0VS,2026-01-20T23:35:07.886288061Z,01KFEVXFAQE8X4YEWXW17GBY46,2026-01-20T23:35:07.886288061Z,01KFEW3VK8TWZN9VVEZ77C4AM8,2026-01-20T23:35:07.886288061Z
01KFEW7X3K6ZZNW448Y7Y62QBT,01KFEVMN9Q125N5N16W4WNYJXF,2026-01-20T23:36:05.49188842Z,29,2026-01-20T23:36:07.213001783Z,C,2026-01-20T23:36:06.927456843Z,01KFEVMNBC23RB4D79KEQ4G0VS,2026-01-20T23:36:05.49188842Z,01KFEVX608THP5F5HX3GYF0X1K,2026-01-20T23:36:05.49188842Z,01KFEW3VNM3T348MBV77A05Z67,2026-01-20T23:36:05.49188842Z
01KFEVNZ349WR89GHTV55FY9HS,01KFEV37PBC6DGWCX0HT0QWYJR,2026-01-20T23:26:17.700939043Z,17,2026-01-20T23:26:20.042380867Z,D,2026-01-20T23:26:19.502365821Z,01KFEV37PYV9HETXX2PC055NBT,2026-01-20T23:26:17.700939043Z,01KFEVBDY2YWN6DSFNFKRM8R9Z,2026-01-20T23:26:17.700939043Z,01KFEVH48J31CNCNY6T435EDBD,2026-01-20T23:26:17.700939043Z
01KFEVP8XXYQHCYFR66HCGHYN4,01KFEV37PBC6DGWCX0HT0QWYJR,2026-01-20T23:26:27.774007107Z,17,2026-01-20T23:26:29.701553248Z,D,2026-01-20T23:26:29.677891181Z,01KFEV37PYV9HETXX2PC055NBT,2026-01-20T23:26:27.774007107Z,01KFEVBDY2YWN6DSFNFKRM8R9Z,2026-01-20T23:26:27.774007107Z,01KFEVH48PJZWE6P0HTZWV1EYQ,2026-01-20T23:26:27.774007107Z
01KFEVS7CJ8CMFJ84YWXMFJE33,01KFEV37PBC6DGWCX0HT0QWYJR,2026-01-20T23:28:04.4983221Z,10,2026-01-20T23:28:06.205690529Z,B,2026-01-20T23:28:06.181028658Z,01KFEV37PYV9HETXX2PSGE1RKD,2026-01-20T23:28:04.4983221Z,01KFEVDMPGK2KG6CGRXX80WQ5A,2026-01-20T23:28:04.4983221Z,01KFEVKCMQT7S1XG51JFN48N08,2026-01-20T23:28:04.4983221Z
01KFEVVKAD31PS38DCFQNN9ET8,01KFEVMN9Q125N5N16W4WNYJXF,2026-01-20T23:29:22.253063533Z,29,2026-01-20T23:29:25.673549308Z,C,2026-01-20T23:29:25.112001262Z,01KFEVMNB841AFDZFM4WSW4FTD,2026-01-20T23:29:22.253063533Z,01KFEVB2WK99SDZDFQAW6KYB9M,2026-01-20T23:29:22.253063533Z,01KFEVPNJ4WB4QFFFKRAV84BFG,2026-01-20T23:29:22.253063533Z
01KFEW7SHJ5VATPSRBS6XGH3VR,01KFEVMNF44NEM58ETFST7KTWM,2026-01-20T23:36:01.842667414Z,10,2026-01-20T23:36:16.0940796Z,B,2026-01-20T23:36:13.569880368Z,01KFEVMNH60E845G0BNN18WWCX,2026-01-20T23:36:01.842667414Z,01KFEVT25T940Z2TG7G91WJBKE,2026-01-20T23:36:01.842667414Z,01KFEW7PNRNRMQAX1ZJ3QAKXQC,2026-01-20T23:36:01.842667414Z
01KFEWHNBDPZ7SJHR48P7BDHHG,01KFEVMN9Q125N5N16W4WNYJXF,2026-01-20T23:41:25.229826833Z,20,2026-01-20T23:41:26.233566823Z,A,2026-01-20T23:41:26.169963487Z,01KFEVMNAWK7WRWM1AMQZKX6SA,2026-01-20T23:41:25.229826833Z,01KFEW4NGJQK3SC6VDT657XA1V,2026-01-20T23:41:25.229826833Z,01KFEWE8V42B6QNHZQ0TH5CPD7,2026-01-20T23:41:25.229826833Z
01KFEVGKN45RHVKDXM8N3ZFPQ9,01KFEV377XDCWB0CVW0E7ES8WB,2026-01-20T23:23:22.148891503Z,20,2026-01-20T23:23:25.173180019Z,A,2026-01-20T23:23:25.158367503Z,01KFEV378PDZP87HXSESW6BA01,2026-01-20T23:23:22.148891503Z,01KFEV79YCQMQRJYZ004NV66QN,2026-01-20T23:23:22.148891503Z,01KFEVF1PSMKDKXGX0N31K7DMV,2026-01-20T23:23:22.148891503Z
01KFEVRHVS0KVX51NNEK1HCBC9,01KFEV38A01XZ4DPRPFKRE96P8,2026-01-20T23:27:42.457721402Z,19,2026-01-20T23:27:55.909961569Z,C,2026-01-20T23:27:53.725217705Z,01KFEV38AJ2CFPYBQZ58NH0V5J,2026-01-20T23:27:42.457721402Z,01KFEVE55BQ40NXX8QW3R5RX0T,2026-01-20T23:27:42.457721402Z,01KFEVJWRXFH0A02EP0EXWZF8R,2026-01-20T23:27:42.457721402Z
01KFEVSV9W2432WHAQ498K0226,01KFEV37CWX6SQYA0RPR0C01MW,2026-01-20T23:28:24.892438139Z,19,2026-01-20T23:28:32.214355944Z,C,2026-01-20T23:28:32.184971234Z,01KFEV37DE991T271V0NJ5BY6K,2026-01-20T23:28:24.892438139Z,01KFEVD9ZATE7H5N364WWPAV31,2026-01-20T23:28:24.892438139Z,01KFEVJEKKVBG5WQ05EX00MQZN,2026-01-20T23:28:24.892438139Z
01KFEW3YSKD97DVQ0F5F0W22MC,01KFEV38GJVYY8P8B7QXSW6BTE,2026-01-20T23:33:56.14720778Z,10,2026-01-20T23:34:22.060063395Z,B,2026-01-20T23:34:22.00438976Z,01KFEV38H48T18ZRM15RETR33C,2026-01-20T23:33:56.14720778Z,01KFEVVPVMNR90RS0DGAX989B7,2026-01-20T23:33:56.14720778Z,01KFEW2K3YS06VARVY9G44T7TD,2026-01-20T23:33:56.14720778Z
01KFEVSMM1GZE7VXGK89J9JYT9,01KFEV37CWX6SQYA0RPR0C01MW,2026-01-20T23:28:18.049838421Z,0,2026-01-20T23:28:28.683705984Z,D,2026-01-20T23:28:23.645314926Z,01KFEV37DAAK9E08F076WKMM6J,2026-01-20T23:28:18.049838421Z,01KFEVGWWQWT7BAZNJDAAA325H,2026-01-20T23:28:18.049838421Z,01KFEVRWRP2V236VFYBAYSNQQS,2026-01-20T23:28:18.049838421Z
01KFEVGY3B75AR0VR9NS3W8XN5,01KFEV2BZFDRZBG3Y0249RG1TW,2026-01-20T23:23:32.84392571Z,20,2026-01-20T23:23:34.757263004Z,B,2026-01-20T23:23:34.741953403Z,01KFEV2C0CP35QE41ZMH45J8TZ,2026-01-20T23:23:32.84392571Z,01KFEV7TATT805MEJDGTCA5NFM,2026-01-20T23:23:32.84392571Z,01KFEVB8G9DDYT4Z9WGS4751MR,2026-01-20T23:23:32.84392571Z
01KFEVHNGK45WTNXCF19T7BY8V,01KFEV377XDCWB0CVW0E7ES8WB,2026-01-20T23:23:56.819169855Z,20,2026-01-20T23:24:05.851130112Z,B,2026-01-20T23:24:05.832537625Z,01KFEV378H0PY96RNMJTMM0E4X,2026-01-20T23:23:56.819169855Z,01KFEV8TC8AZEPV3G36SCZ12C3,2026-01-20T23:23:56.819169855Z,01KFEVFBC06RMYVW5HNEESW6V6,2026-01-20T23:23:56.819169855Z
01KFEVMWCJYRN8M139XPP6M63V,01KFEV377XDCWB0CVW0E7ES8WB,2026-01-20T23:25:42.16288835Z,20,2026-01-20T23:25:44.166976852Z,A,2026-01-20T23:25:44.143791041Z,01KFEV378FNG971PBW7B2SPNC6,2026-01-20T23:25:42.16288835Z,01KFEVCRBGBMN5MZZVZA8FPX1Z,2026-01-20T23:25:42.16288835Z,01KFEVJNR1J3B46T7W60KHKSQ0,2026-01-20T23:25:42.16288835Z
01KFEVPFZR4FXJ3RMF30XEEQAZ,01KFEV384BJYC62Y0E6AQK09K8,2026-01-20T23:26:35.000512339Z,0,2026-01-20T23:26:39.326261386Z,A,2026-01-20T23:26:37.016724587Z,01KFEV384Y33BFECW27AH8GSGD,2026-01-20T23:26:35.000512339Z,01KFEVF34Y0A3VWJYX9367Q9EA,2026-01-20T23:26:35.000512339Z,01KFEVHAPW1MNGRGTGSBYGR38E,2026-01-20T23:26:35.000512339Z
01KFEW9RD9RMMH150C98Z9HZ29,01KFEV384BJYC62Y0E6AQK09K8,2026-01-20T23:37:06.218020389Z,20,2026-01-20T23:37:14.416317017Z,B,2026-01-20T23:37:14.375271274Z,01KFEV384Z68A1Z7ZGWS1GDSZK,2026-01-20T23:37:06.218020389Z,01KFEW47TNE510SG18TR5ZERFB,2026-01-20T23:37:06.218020389Z,01KFEW9NDGS5E8KE4PQ1ESDNYF,2026-01-20T23:37:06.218020389Z
01KFEWGZPSW39Y8J0CNKE13D1G,01KFEVMN9Q125N5N16W4WNYJXF,2026-01-20T23:41:03.06552192Z,20,2026-01-20T23:41:04.739083237Z,A,2026-01-20T23:41:04.695208351Z,01KFEVMNAWK7WRWM1AMQZKX6SA,2026-01-20T23:41:03.06552192Z,01KFEW4NGJQK3SC6VDT657XA1V,2026-01-20T23:41:03.06552192Z,01KFEWE8TE0NG0P1M4CW86GTJZ,2026-01-20T23:41:03.06552192Z
01KFEVSVA1WYBGTR0Y52PY5PZP,01KFEV37CWX6SQYA0RPR0C01MW,2026-01-20T23:28:24.897588493Z,10,2026-01-20T23:28:32.214355944Z,B,2026-01-20T23:28:29.303501613Z,01KFEV37DE991T271V0NJ5BY6K,2026-01-20T23:28:24.897588493Z,01KFEV7RE3Q2MQ5NN8AGQ7Y4PK,2026-01-20T23:28:24.897588493Z,01KFEVJEKKVBG5WQ05EX00MQZN,2026-01-20T23:28:24.897588493Z
01KFEVTJQVTQSDPF5BKQBCSXHW,01KFEV38A01XZ4DPRPFKRE96P8,2026-01-20T23:28:48.891288941Z,19,2026-01-20T23:28:52.906322459Z,C,2026-01-20T23:28:51.948046563Z,01KFEV38AJ2CFPYBQZ58NH0V5J,2026-01-20T23:28:48.891288941Z,01KFEVE55BQ40NXX8QW3R5RX0T,2026-01-20T23:28:48.891288941Z,01KFEVJWRF48QGEMN6CSTN82AW,2026-01-20T23:28:48.891288941Z
01KFEW1M47FSZM8MEYBHM7V09R,01KFEV37PBC6DGWCX0HT0QWYJR,2026-01-20T23:32:39.687942754Z,0,2026-01-20T23:32:50.316596208Z,C,2026-01-20T23:32:42.136235027Z,01KFEV37Q0WSYAYKWHM2EXN0DN,2026-01-20T23:32:39.687942754Z,01KFEVWYACX0Z3X7HHHK5DSTDD,2026-01-20T23:32:39.687942754Z,01KFEW0G95HGEBJ66PJEE5BWT0,2026-01-20T23:32:39.687942754Z
01KFEW82GR61VWJEDG3AMYTHEN,01KFEV38GJVYY8P8B7QXSW6BTE,2026-01-20T23:36:11.032550016Z,0,2026-01-20T23:36:12.146384378Z,D,2026-01-20T23:36:12.120942575Z,01KFEV38H48T18ZRM15RETR33C,2026-01-20T23:36:11.032550016Z,01KFEVYB6HS3VX2GA7D4G2GPMT,2026-01-20T23:36:11.032550016Z,01KFEW2K5YK8ZH9TZ42EQVRP4J,2026-01-20T23:36:11.032550016Z
01KFEW5T3W4AJCT15F13QSNRHZ,01KFEVMN9Q125N5N16W4WNYJXF,2026-01-20T23:34:56.89263305Z,0,2026-01-20T23:35:04.527352413Z,D,2026-01-20T23:35:04.498068894Z,01KFEVMNBC23RB4D79KEQ4G0VS,2026-01-20T23:34:56.89263305Z,01KFEVX608THP5F5HX3GYF0X1K,2026-01-20T23:34:56.89263305Z,01KFEW3VJN8ZKAM3Y64XBX8BFB,2026-01-20T23:34:56.89263305Z
01KFEW6Z82ZEKQ93JBYEEHXY37,01KFEV38GJVYY8P8B7QXSW6BTE,2026-01-20T23:35:34.914068987Z,0,2026-01-20T23:35:36.278107192Z,C,2026-01-20T23:35:36.240343462Z,01KFEV38H48T18ZRM15RETR33C,2026-01-20T23:35:34.914068987Z,01KFEVVPVMNR90RS0DGAX989B7,2026-01-20T23:35:34.914068987Z,01KFEW2K4T9ZM0JTDKSTWX94KF,2026-01-20T23:35:34.914068987Z
01KFEVT82KV5GZJ0KERVR4MCK9,01KFEVMN9Q125N5N16W4WNYJXF,2026-01-20T23:28:37.971465342Z,17,2026-01-20T23:28:41.78963858Z,D,2026-01-20T23:28:41.313275349Z,01KFEVMNB841AFDZFM4WSW4FTD,2026-01-20T23:28:37.971465342Z,01KFEVC3J7JCZ73BZAKH9RH61D,2026-01-20T23:28:37.971465342Z,01KFEVPNGFQYEVQ3XPBR3QGGJZ,2026-01-20T23:28:37.971465342Z
01KFEW9VMTHSE8NXPE45VNP24N,01KFEV38A01XZ4DPRPFKRE96P8,2026-01-20T23:37:09.530333558Z,0,2026-01-20T23:37:21.606669099Z,B,2026-01-20T23:37:21.566623301Z,01KFEV38AJ2CFPYBQZ5JKK7PV4,2026-01-20T23:37:09.530333558Z,01KFEW61CSGZMFE4TZ96QA9A06,2026-01-20T23:37:09.530333558Z,01KFEW9RNHPCEBV7E7PA75FXT1,2026-01-20T23:37:09.530333558Z
01KFEWG8VYYSFFT03H6PVS29JE,01KFEV38A01XZ4DPRPFKRE96P8,2026-01-20T23:40:39.678817616Z,17,2026-01-20T23:40:42.493770324Z,D,2026-01-20T23:40:40.87674091Z,01KFEV38AJ2CFPYBQZ5JKK7PV4,2026-01-20T23:40:39.678817616Z,01KFEW61CSGZMFE4TZ96QA9A06,2026-01-20T23:40:39.678817616Z,01KFEW9RPTMR1X74362ZJ5HND1,2026-01-20T23:40:39.678817616Z
01KFEWKEED22C3G6KGKK418RHN,01KFEV38A01XZ4DPRPFKRE96P8,2026-01-20T23:42:23.694022399Z,,,C,2026-01-20T23:42:37.450784162Z,01KFEV38AGG0Y2K5R4FB90SKZX,2026-01-20T23:42:23.694022399Z,01KFEWAVJS7HWT66PSPCMXCC8X,2026-01-20T23:42:23.694022399Z,01KFEWKAKZA6T6FZQK6APKC6X7,2026-01-20T23:42:23.694022399Z
01KFEVAZN94Z6TJAA11XTRR2FV,01KFEV2BZFDRZBG3Y0249RG1TW,2026-01-20T23:20:17.833422267Z,20,2026-01-20T23:20:20.429673081Z,B,2026-01-20T23:20:20.420507537Z,01KFEV2C08ND9C9BYW8N2T146P,2026-01-20T23:20:17.833422267Z,01KFEV46YBCF5X09FCFJF4VDEY,2026-01-20T23:20:17.833422267Z,01KFEV992EGQ6JEDWT7CNXP7AX,2026-01-20T23:20:17.833422267Z
01KFEVHNGMK9FRWCAXTNPSVYF3,01KFEV377XDCWB0CVW0E7ES8WB,2026-01-20T23:23:56.820862078Z,20,2026-01-20T23:24:05.851130112Z,A,2026-01-20T23:24:00.16966765Z,01KFEV378H0PY96RNMJTMM0E4X,2026-01-20T23:23:56.820862078Z,01KFEV8K48Q5MVC88J4XCQXRFY,2026-01-20T23:23:56.820862078Z,01KFEVFBC06RMYVW5HNEESW6V6,2026-01-20T23:23:56.820862078Z
01KFEVJ9EZ15BG41510ZRGCR8J,01KFEV37PBC6DGWCX0HT0QWYJR,2026-01-20T23:24:17.247873594Z,7,2026-01-20T23:24:59.763393212Z,D,2026-01-20T23:24:22.608196092Z,01KFEV37PYV9HETXX2PC055NBT,2026-01-20T23:24:17.247873594Z,01KFEVBDY2YWN6DSFNFKRM8R9Z,2026-01-20T23:24:17.247873594Z,01KFEVH47ZBAPR4G4APH55JXTA,2026-01-20T23:24:17.247873594Z
01KFEVKWBVZSBYVF9DTYN4RJDA,01KFEV377XDCWB0CVW0E7ES8WB,2026-01-20T23:25:09.371996733Z,10,2026-01-20T23:25:12.382033903Z,B,2026-01-20T23:25:10.987391461Z,01KFEV378FNG971PBW7B2SPNC6,2026-01-20T23:25:09.371996733Z,01KFEV82H962BNCCRXPB524628,2026-01-20T23:25:09.371996733Z,01KFEVJNQSYYRC4AF8PKPM2915,2026-01-20T23:25:09.371996733Z
01KFEWCDHRXTSBPXKGH6FG068F,01KFEV38A01XZ4DPRPFKRE96P8,2026-01-20T23:38:33.400494038Z,29,2026-01-20T23:39:01.130675678Z,C,2026-01-20T23:39:01.088806666Z,01KFEV38AJ2CFPYBQZ5JKK7PV4,2026-01-20T23:38:33.400494038Z,01KFEW2CHJQZ9TDCN78BA2VKEM,2026-01-20T23:38:33.400494038Z,01KFEW9RS4ARACABCS30DH1PYC,2026-01-20T23:38:33.400494038Z
01KFEVN14Q2D0PX2T0SEDKRJ08,01KFEV377XDCWB0CVW0E7ES8WB,2026-01-20T23:25:47.031217734Z,20,2026-01-20T23:25:49.715548625Z,A,2026-01-20T23:25:49.691487876Z,01KFEV378FNG971PBW7B2SPNC6,2026-01-20T23:25:47.031217734Z,01KFEVCRBGBMN5MZZVZA8FPX1Z,2026-01-20T23:25:47.031217734Z,01KFEVJNRQBQFNH0BYKPE46VCR,2026-01-20T23:25:47.031217734Z
01KFEVP20SGKVYB9243W616CTK,01KFEV37CWX6SQYA0RPR0C01MW,2026-01-20T23:26:20.697469989Z,20,2026-01-20T23:26:24.134580961Z,A,2026-01-20T23:26:22.710457561Z,01KFEV37DE991T271V0BRDHRJW,2026-01-20T23:26:20.697469989Z,01KFEVBZC2S6960QVT8J14HPMN,2026-01-20T23:26:20.697469989Z,01KFEVGBDHBKMP77667Y4F3PW3,2026-01-20T23:26:20.697469989Z
01KFEVPW8AQP83VH3QRK1WCGPJ,01KFEV38GJVYY8P8B7QXSW6BTE,2026-01-20T23:26:47.562639269Z,,,C,2026-01-20T23:26:52.880058992Z,01KFEV38H72YHVC8PGTMFH64KV,2026-01-20T23:26:47.562639269Z,01KFEVE7DF79XD8SNTNNGKRM0M,2026-01-20T23:26:47.562639269Z,01KFEVNK1W6GYWEFB0Z31C0NYJ,2026-01-20T23:26:47.562639269Z
01KFEW6SY65G0MP4Q2BXWX5ESA,01KFEVMN9Q125N5N16W4WNYJXF,2026-01-20T23:35:29.478423701Z,29,2026-01-20T23:35:31.146477418Z,C,2026-01-20T23:35:30.849434259Z,01KFEVMNBC23RB4D79KEQ4G0VS,2026-01-20T23:35:29.478423701Z,01KFEVX608THP5F5HX3GYF0X1K,2026-01-20T23:35:29.478423701Z,01KFEW3VKZ39SY1X7NPK7PDBQW,2026-01-20T23:35:29.478423701Z
01KFEWM1BTSEXP7PSECNED4XH5,01KFEVMNF44NEM58ETFST7KTWM,2026-01-20T23:42:43.066848983Z,17,2026-01-20T23:42:46.348203333Z,D,2026-01-20T23:42:46.204659674Z,01KFEVMNHFNDCGHX9QBBFN387E,2026-01-20T23:42:43.066848983Z,01KFEW78ZH0TY6JQ9J3GJMR3E3,2026-01-20T23:42:43.066848983Z,01KFEWEZYP42AF5N6JACS5HZ97,2026-01-20T23:42:43.066848983Z
01KFEVBE2D8BBMKVJK3032X63T,01KFEV2BZFDRZBG3Y0249RG1TW,2026-01-20T23:20:32.589103532Z,20,2026-01-20T23:20:34.05732446Z,B,2026-01-20T23:20:34.043423148Z,01KFEV2C08ND9C9BYW8N2T146P,2026-01-20T23:20:32.589103532Z,01KFEV46YBCF5X09FCFJF4VDEY,2026-01-20T23:20:32.589103532Z,01KFEV992G0QHTRMA6CN52MSYK,2026-01-20T23:20:32.589103532Z
01KFEVN58C0FH450BW0YPDJX4S,01KFEV377XDCWB0CVW0E7ES8WB,2026-01-20T23:25:51.244901032Z,20,2026-01-20T23:25:53.000726411Z,B,2026-01-20T23:25:52.98218115Z,01KFEV378FNG971PBW7B2SPNC6,2026-01-20T23:25:51.244901032Z,01KFEV82H962BNCCRXPB524628,2026-01-20T23:25:51.244901032Z,01KFEVJNRMV8QKDD2GX9TGRBPY,2026-01-20T23:25:51.244901032Z
01KFEVT880BSJZ3TJ17HBXC7DS,01KFEV38A01XZ4DPRPFKRE96P8,2026-01-20T23:28:38.144038829Z,7,2026-01-20T23:28:42.626538924Z,D,2026-01-20T23:28:41.742633383Z,01KFEV38AJ2CFPYBQZ58NH0V5J,2026-01-20T23:28:38.144038829Z,01KFEVE55BQ40NXX8QW3R5RX0T,2026-01-20T23:28:38.144038829Z,01KFEVJWS2MQKSD6RZJH2QJJMQ,2026-01-20T23:28:38.144038829Z
01KFEWDPQHB2265JQA02FN4YCS,01KFEV38A01XZ4DPRPFKRE96P8,2026-01-20T23:39:15.569964507Z,29,2026-01-20T23:39:19.034404651Z,C,2026-01-20T23:39:18.990493286Z,01KFEV38AJ2CFPYBQZ5JKK7PV4,2026-01-20T23:39:15.569964507Z,01KFEW2CHJQZ9TDCN78BA2VKEM,2026-01-20T23:39:15.569964507Z,01KFEW9RRQZJ10JQ2H4R3MFBWJ,2026-01-20T23:39:15.569964507Z
01KFEVGB00307N86RS00NYBFCX,01KFEV377XDCWB0CVW0E7ES8WB,2026-01-20T23:23:13.280854434Z,7,2026-01-20T23:23:16.946970341Z,D,2026-01-20T23:23:16.829326873Z,01KFEV378PDZP87HXSESW6BA01,2026-01-20T23:23:13.280854434Z,01KFEV79YCQMQRJYZ004NV66QN,2026-01-20T23:23:13.280854434Z,01KFEVF1PPGM18ZSKV97STAVV2,2026-01-20T23:23:13.280854434Z
01KFEVMFPA8GZB8QPCV3WRGAEQ,01KFEV377XDCWB0CVW0E7ES8WB,2026-01-20T23:25:29.162152648Z,20,2026-01-20T23:25:32.684674089Z,A,2026-01-20T23:25:32.6592803Z,01KFEV378FNG971PBW7B2SPNC6,2026-01-20T23:25:29.162152648Z,01KFEVCRBGBMN5MZZVZA8FPX1Z,2026-01-20T23:25:29.162152648Z,01KFEVJNR4936M3NZWK961C48N,2026-01-20T23:25:29.162152648Z
01KFEVRHVZDTJBJ5TBM80DQKGE,01KFEV38A01XZ4DPRPFKRE96P8,2026-01-20T23:27:42.463478938Z,10,2026-01-20T23:27:55.909961569Z,B,2026-01-20T23:27:51.629084918Z,01KFEV38AJ2CFPYBQZ58NH0V5J,2026-01-20T23:27:42.463478938Z,01KFEVB815BQW2TQ29HHMDQ2FB,2026-01-20T23:27:42.463478938Z,01KFEVJWRXFH0A02EP0EXWZF8R,2026-01-20T23:27:42.463478938Z
01KFEVWD8C59401D03RYNPXKPF,01KFEV38A01XZ4DPRPFKRE96P8,2026-01-20T23:29:48.812734739Z,0,2026-01-20T23:29:53.124983692Z,C,2026-01-20T23:29:51.249941676Z,01KFEV38AJ2CFPYBQZ58NH0V5J,2026-01-20T23:29:48.812734739Z,01KFEVE55BQ40NXX8QW3R5RX0T,2026-01-20T23:29:48.812734739Z,01KFEVJWSHXHZWD0VRVR4R2P45,2026-01-20T23:29:48.812734739Z
01KFEW78S8GW5QBN36W2V67XFP,01KFEV38GJVYY8P8B7QXSW6BTE,2026-01-20T23:35:44.680679936Z,17,2026-01-20T23:35:50.390671988Z,D,2026-01-20T23:35:50.365078108Z,01KFEV38H48T18ZRM15RETR33C,2026-01-20T23:35:44.680679936Z,01KFEVYB6HS3VX2GA7D4G2GPMT,2026-01-20T23:35:44.680679936Z,01KFEW2K6PK2TX8PWJC4BQBRD3,2026-01-20T23:35:44.680679936Z
01KFEWE6M4XK299DQMNTX70NPH,01KFEV38GJVYY8P8B7QXSW6BTE,2026-01-20T23:39:31.844566259Z,0,2026-01-20T23:39:37.417199086Z,C,2026-01-20T23:39:32.805627252Z,01KFEV38H8T2V9428VC9T7MEBA,2026-01-20T23:39:31.844566259Z,01KFEW5BKPC6PA6AD6TVFX3GTH,2026-01-20T23:39:31.844566259Z,01KFEWB954NE20KXS9TVTM9QWN,2026-01-20T23:39:31.844566259Z
01KFEWWC3GYW6FTXMXY00N06N5,01KFEV38GJVYY8P8B7QXSW6BTE,2026-01-20T23:47:16.208135698Z,17,2026-01-20T23:47:21.970356089Z,D,2026-01-20T23:47:18.373114794Z,01KFEV38H0S2Y42XZDBCZ2KPGY,2026-01-20T23:47:16.208135698Z,01KFEWKWT6PWJAE8C8359J4DRM,2026-01-20T23:47:16.208135698Z,01KFEWVM69B5XT587JT9ZENQD3,2026-01-20T23:47:16.208135698Z
01KFEVHY6D3DTYPNQX60E3SD0N,01KFEV377XDCWB0CVW0E7ES8WB,2026-01-20T23:24:05.709109347Z,20,2026-01-20T23:24:11.208947071Z,A,2026-01-20T23:24:10.711228351Z,01KFEV378PDZP87HXSESW6BA01,2026-01-20T23:24:05.709109347Z,01KFEV79YCQMQRJYZ004NV66QN,2026-01-20T23:24:05.709109347Z,01KFEVF1PYG8S0P7M884KS249T,2026-01-20T23:24:05.709109347Z
01KFEVN7XS1A9792A0B9THDTDE,01KFEV37PBC6DGWCX0HT0QWYJR,2026-01-20T23:25:53.977271698Z,0,2026-01-20T23:26:02.964461283Z,B,2026-01-20T23:26:02.944475991Z,01KFEV37PYV9HETXX2PSGE1RKD,2026-01-20T23:25:53.977271698Z,01KFEV8PSQBX7P1ARFP0SDDW57,2026-01-20T23:25:53.977271698Z,01KFEVKCMMB045AMAJBPJ2G93R,2026-01-20T23:25:53.977271698Z
01KFEW3JZE5QF1S3H5BBCJ42T2,01KFEV37PBC6DGWCX0HT0QWYJR,2026-01-20T23:33:44.046265175Z,7,2026-01-20T23:33:48.394292918Z,D,2026-01-20T23:33:45.234023035Z,01KFEV37Q0WSYAYKWHM2EXN0DN,2026-01-20T23:33:44.046265175Z,01KFEVWYACX0Z3X7HHHK5DSTDD,2026-01-20T23:33:44.046265175Z,01KFEW0G9XAWS7DYHEE7AAN198,2026-01-20T23:33:44.046265175Z
01KFEW6NNA99MT7QR6RB4GRQ5M,01KFEVMN9Q125N5N16W4WNYJXF,2026-01-20T23:35:25.098439508Z,17,2026-01-20T23:35:27.11251511Z,D,2026-01-20T23:35:27.077777359Z,01KFEVMNBC23RB4D79KEQ4G0VS,2026-01-20T23:35:25.098439508Z,01KFEVXFAQE8X4YEWXW17GBY46,2026-01-20T23:35:25.098439508Z,01KFEW3VKNJVBQR8K5WQHKN6CC,2026-01-20T23:35:25.098439508Z
01KFEVW5RZ3D8GC1K6JG8NRX1Q,01KFEV37PBC6DGWCX0HT0QWYJR,2026-01-20T23:29:41.151255943Z,19,2026-01-20T23:29:44.719967412Z,C,2026-01-20T23:29:44.689727048Z,01KFEV37PV76WD06T50QFKE80T,2026-01-20T23:29:41.151255943Z,01KFEVJMQNGBVWZMGKK0EQB935,2026-01-20T23:29:41.151255943Z,01KFEVS308RHJ1C53CQEQ6N1KN,2026-01-20T23:29:41.151255943Z
01KFEWFF05FM1XJ6ZTC576ZNV4,01KFEV38GJVYY8P8B7QXSW6BTE,2026-01-20T23:40:13.189879131Z,19,2026-01-20T23:40:16.677245874Z,C,2026-01-20T23:40:16.645034072Z,01KFEV38H8T2V9428VC9T7MEBA,2026-01-20T23:40:13.189879131Z,01KFEW5105FT4T963R9Z6AZ67Y,2026-01-20T23:40:13.189879131Z,01KFEWB96ZWWCJ2HWAMXTQ08FM,2026-01-20T23:40:13.189879131Z
01KFEWGZQ30DVK5D81PQWS2F9B,01KFEVMN9Q125N5N16W4WNYJXF,2026-01-20T23:41:03.075122513Z,20,2026-01-20T23:41:04.739083237Z,B,2026-01-20T23:41:04.566549362Z,01KFEVMNAWK7WRWM1AMQZKX6SA,2026-01-20T23:41:03.075122513Z,01KFEW3YJBR4HT7BADWRSVJQV5,2026-01-20T23:41:03.075122513Z,01KFEWE8TE0NG0P1M4CW86GTJZ,2026-01-20T23:41:03.075122513Z
01KFEWVR49SVPV39NWX5KG4BGJ,01KFEV38GJVYY8P8B7QXSW6BTE,2026-01-20T23:46:55.753352904Z,0,2026-01-20T23:47:02.401214649Z,C,2026-01-20T23:47:01.515287069Z,01KFEV38H0S2Y42XZDBCZ2KPGY,2026-01-20T23:46:55.753352904Z,01KFEWA3ZKFQRVCEG62F0BJCT3,2026-01-20T23:46:55.753352904Z,01KFEWVM5D5SBJNDB59MH62QTJ,2026-01-20T23:46:55.753352904Z
01KFEVW19CGR5KTJAVATJD4VRP,01KFEV38A01XZ4DPRPFKRE96P8,2026-01-20T23:29:36.556978474Z,19,2026-01-20T23:29:39.174647097Z,C,2026-01-20T23:29:39.142134869Z,01KFEV38AJ2CFPYBQZ58NH0V5J,2026-01-20T23:29:36.556978474Z,01KFEVE55BQ40NXX8QW3R5RX0T,2026-01-20T23:29:36.556978474Z,01KFEVJWRJ3VMZ6TKNKERXD4E2,2026-01-20T23:29:36.556978474Z
01KFEVBB0CNZWSEH58CP3RB8EF,01KFEV2BZFDRZBG3Y0249RG1TW,2026-01-20T23:20:29.453026956Z,,,D,2026-01-20T23:20:33.078247772Z,01KFEV2C0BAXD2XBMY5020521J,2026-01-20T23:20:29.453026956Z,01KFEV7T5CC2HKQKXA63EQ11JC,2026-01-20T23:20:29.453026956Z,01KFEVB9TEW1H3D89RTJZC2XG3,2026-01-20T23:20:29.453026956Z
01KFEVBQ3PTBJTHRJ32QCM4X06,01KFEV2BZFDRZBG3Y0249RG1TW,2026-01-20T23:20:41.846356325Z,20,2026-01-20T23:20:43.142158384Z,B,2026-01-20T23:20:42.820026308Z,01KFEV2C08ND9C9BYW8N2T146P,2026-01-20T23:20:41.846356325Z,01KFEV46YBCF5X09FCFJF4VDEY,2026-01-20T23:20:41.846356325Z,01KFEV992NF1BFY2J08HK8D9F8,2026-01-20T23:20:41.846356325Z
01KFEVNRCCGG0Z6H7Z5HQN8YWJ,01KFEV377XDCWB0CVW0E7ES8WB,2026-01-20T23:26:10.828219953Z,20,2026-01-20T23:26:12.789648557Z,A,2026-01-20T23:26:12.24230546Z,01KFEV378FNG971PBW7B2SPNC6,2026-01-20T23:26:10.828219953Z,01KFEVCRBGBMN5MZZVZA8FPX1Z,2026-01-20T23:26:10.828219953Z,01KFEVJNRD1MY8S8B50S9C4WM2,2026-01-20T23:26:10.828219953Z
01KFEVSR5Q7Q8JWAM3M791TW73,01KFEVMN9Q125N5N16W4WNYJXF,2026-01-20T23:28:21.687139191Z,29,2026-01-20T23:28:25.681600003Z,C,2026-01-20T23:28:25.653692544Z,01KFEVMNB841AFDZFM4WSW4FTD,2026-01-20T23:28:21.687139191Z,01KFEVB2WK99SDZDFQAW6KYB9M,2026-01-20T23:28:21.687139191Z,01KFEVPNGCECZWPB3GP3PH5NGX,2026-01-20T23:28:21.687139191Z
01KFEVH45YR91YRSQ58GSRB858,01KFEV37CWX6SQYA0RPR0C01MW,2026-01-20T23:23:39.07093164Z,7,2026-01-20T23:24:15.889008877Z,D,2026-01-20T23:24:15.871402165Z,01KFEV37DE991T271V0BRDHRJW,2026-01-20T23:23:39.07093164Z,01KFEV8CTFEWEE7C0ZM9KMYRSE,2026-01-20T23:23:39.07093164Z,01KFEVGBCA555S4K04AG8F2T5D,2026-01-20T23:23:39.07093164Z
01KFEVKZFCXV2EW7PTVG1X6FVF,01KFEV37CWX6SQYA0RPR0C01MW,2026-01-20T23:25:12.556927869Z,10,2026-01-20T23:25:18.901988078Z,B,2026-01-20T23:25:16.688589454Z,01KFEV37DE991T271V0BRDHRJW,2026-01-20T23:25:12.556927869Z,01KFEVBZC2S6960QVT8J14HPMN,2026-01-20T23:25:12.556927869Z,01KFEVGBCTGC7HJ089TPZS8PH5,2026-01-20T23:25:12.556927869Z
01KFEVTHHMCM357NQC1JNRTCP7,01KFEV37CWX6SQYA0RPR0C01MW,2026-01-20T23:28:47.668364245Z,0,2026-01-20T23:28:52.376929131Z,B,2026-01-20T23:28:52.34573684Z,01KFEV37DAAK9E08F076WKMM6J,2026-01-20T23:28:47.668364245Z,01KFEVGWWQWT7BAZNJDAAA325H,2026-01-20T23:28:47.668364245Z,01KFEVRWS00RN61XYMYX27BZTF,2026-01-20T23:28:47.668364245Z
01KFEWF3X4H38T7PBBF72CAJA4,01KFEVMNF44NEM58ETFST7KTWM,2026-01-20T23:40:01.828104727Z,0,2026-01-20T23:40:31.229229068Z,C,2026-01-20T23:40:08.421414571Z,01KFEVMNHFNDCGHX9QBBFN387E,2026-01-20T23:40:01.828104727Z,01KFEW78ZH0TY6JQ9J3GJMR3E3,2026-01-20T23:40:01.828104727Z,01KFEWEZVA5M4G0VV9SW3JMCQ3,2026-01-20T23:40:01.828104727Z
01KFEVSFDTD7J934P959Z1YKTX,01KFEV37PBC6DGWCX0HT0QWYJR,2026-01-20T23:28:12.730134761Z,29,2026-01-20T23:28:15.426658287Z,C,2026-01-20T23:28:13.587978779Z,01KFEV37PYV9HETXX2PSGE1RKD,2026-01-20T23:28:12.730134761Z,01KFEV8PSQBX7P1ARFP0SDDW57,2026-01-20T23:28:12.730134761Z,01KFEVKCMC5SWQG5B0D7EEAX5H,2026-01-20T23:28:12.730134761Z
01KFEW3DZ77HEDCGG2S5XV2XPD,01KFEV384BJYC62Y0E6AQK09K8,2026-01-20T23:33:38.919064289Z,0,2026-01-20T23:33:41.193181638Z,B,2026-01-20T23:33:41.166900925Z,01KFEV385166A8JYCZ9G4DMHRQ,2026-01-20T23:33:38.919064289Z,01KFEVWH8M80FFRA88HYSK2ZSQ,2026-01-20T23:33:38.919064289Z,01KFEW1AKGQ270E4D2RH495YX3,2026-01-20T23:33:38.919064289Z
01KFEVFZQBTKB62CJYT3G5CTNH,01KFEV2BZFDRZBG3Y0249RG1TW,2026-01-20T23:23:01.73951029Z,10,2026-01-20T23:23:04.471707974Z,B,2026-01-20T23:23:04.454148638Z,01KFEV2C0CP35QE41ZMH45J8TZ,2026-01-20T23:23:01.73951029Z,01KFEV7TATT805MEJDGTCA5NFM,2026-01-20T23:23:01.73951029Z,01KFEVB8G65XGTDB93SACT6HAB,2026-01-20T23:23:01.73951029Z
01KFEVHY6E8FGRY8J80RA5FK2N,01KFEV377XDCWB0CVW0E7ES8WB,2026-01-20T23:24:05.710860386Z,20,2026-01-20T23:24:11.208947071Z,B,2026-01-20T23:24:11.192363637Z,01KFEV378PDZP87HXSESW6BA01,2026-01-20T23:24:05.710860386Z,01KFEV6V20FH8Q8TGZN4SVCF5R,2026-01-20T23:24:05.710860386Z,01KFEVF1PYG8S0P7M884KS249T,2026-01-20T23:24:05.710860386Z
01KFEVNHFCB11VGG2ZDDSEKSXP,01KFEV377XDCWB0CVW0E7ES8WB,2026-01-20T23:26:03.757022228Z,17,2026-01-20T23:26:11.129561937Z,D,2026-01-20T23:26:11.103795148Z,01KFEV378H0PY96RNMJTMM0E4X,2026-01-20T23:26:03.757022228Z,01KFEV8TC8AZEPV3G36SCZ12C3,2026-01-20T23:26:03.757022228Z,01KFEVFBCEAYV4KEWZF78ZTA1K,2026-01-20T23:26:03.757022228Z
01KFEVP1RXEDJ6XGDC2RSGH5JB,01KFEV37PBC6DGWCX0HT0QWYJR,2026-01-20T23:26:20.445995138Z,29,2026-01-20T23:26:29.234721012Z,C,2026-01-20T23:26:26.499997803Z,01KFEV37PYV9HETXX2PSGE1RKD,2026-01-20T23:26:20.445995138Z,01KFEVDMPGK2KG6CGRXX80WQ5A,2026-01-20T23:26:20.445995138Z,01KFEVKCN0QWK45TM5NYNV4WNH,2026-01-20T23:26:20.445995138Z
01KFEWCPNY09020PMF48DVPA8E,01KFEV38GJVYY8P8B7QXSW6BTE,2026-01-20T23:38:42.750779321Z,19,2026-01-20T23:38:49.805166627Z,C,2026-01-20T23:38:49.759668946Z,01KFEV38H8T2V9428VC9T7MEBA,2026-01-20T23:38:42.750779321Z,01KFEW5BKPC6PA6AD6TVFX3GTH,2026-01-20T23:38:42.750779321Z,01KFEWB949AP0NZWRSRC3KVSY9,2026-01-20T23:38:42.750779321Z
01KFEWGDYWRT890HVH0T1M5FWF,01KFEV38A01XZ4DPRPFKRE96P8,2026-01-20T23:40:44.892103035Z,17,2026-01-20T23:40:47.254341283Z,D,2026-01-20T23:40:46.059444532Z,01KFEV38AJ2CFPYBQZ5JKK7PV4,2026-01-20T23:40:44.892103035Z,01KFEW61CSGZMFE4TZ96QA9A06,2026-01-20T23:40:44.892103035Z,01KFEW9RPG7H4171T00NS0ETE6,2026-01-20T23:40:44.892103035Z
01KFEWHVW27FWWD48BDZSY6BH9,01KFEVMN9Q125N5N16W4WNYJXF,2026-01-20T23:41:31.906955566Z,20,2026-01-20T23:41:32.718104034Z,A,2026-01-20T23:41:32.68236581Z,01KFEVMNAWK7WRWM1AMQZKX6SA,2026-01-20T23:41:31.906955566Z,01KFEW4NGJQK3SC6VDT657XA1V,2026-01-20T23:41:31.906955566Z,01KFEWE8VTHQXWKT1AXEXQ666A,2026-01-20T23:41:31.906955566Z
01KFEVTGGJWW4ZKNGTP9X08NMW,01KFEVMN9Q125N5N16W4WNYJXF,2026-01-20T23:28:46.610686852Z,17,2026-01-20T23:28:52.465845233Z,D,2026-01-20T23:28:52.403511233Z,01KFEVMNB841AFDZFM4WSW4FTD,2026-01-20T23:28:46.610686852Z,01KFEVC3J7JCZ73BZAKH9RH61D,2026-01-20T23:28:46.610686852Z,01KFEVPNGNVYTTDG6P5ZY7AQK5,2026-01-20T23:28:46.610686852Z
01KFEW39THBQDEAQH7J4VYP3DK,01KFEV384BJYC62Y0E6AQK09K8,2026-01-20T23:33:34.673942163Z,20,2026-01-20T23:33:36.837997334Z,A,2026-01-20T23:33:36.81109121Z,01KFEV385166A8JYCZ9G4DMHRQ,2026-01-20T23:33:34.673942163Z,01KFEVY502SJ2FK1Q7WFM0PHB4,2026-01-20T23:33:34.673942163Z,01KFEW1AKQX1Q335E33JXH77RT,2026-01-20T23:33:34.673942163Z
01KFEW3AN9FY0WQD7KY1C1RW56,01KFEV37PBC6DGWCX0HT0QWYJR,2026-01-20T23:33:35.529700344Z,10,2026-01-20T23:33:39.487370229Z,A,2026-01-20T23:33:39.452751177Z,01KFEV37Q0WSYAYKWHM2EXN0DN,2026-01-20T23:33:35.529700344Z,01KFEVWXXVHBHP5S1AZQQ4JZFK,2026-01-20T23:33:35.529700344Z,01KFEW0G9R2CR00EMTWN25XPQE,2026-01-20T23:33:35.529700344Z
01KFEW3GNFSMYZ04ERJMM0VF8H,01KFEV38GJVYY8P8B7QXSW6BTE,2026-01-20T23:33:41.679229318Z,0,2026-01-20T23:33:52.625674179Z,B,2026-01-20T23:33:46.208627268Z,01KFEV38H48T18ZRM15RETR33C,2026-01-20T23:33:41.679229318Z,01KFEVVPVMNR90RS0DGAX989B7,2026-01-20T23:33:41.679229318Z,01KFEW2K4DS1T10ZD4EFNDXX1X,2026-01-20T23:33:41.679229318Z
01KFEWKQMASRHV0FFC89K4WD1C,01KFEVMNF44NEM58ETFST7KTWM,2026-01-20T23:42:33.098793056Z,17,2026-01-20T23:42:38.914465015Z,D,2026-01-20T23:42:38.872971363Z,01KFEVMNHFNDCGHX9QBBFN387E,2026-01-20T23:42:33.098793056Z,01KFEW78ZH0TY6JQ9J3GJMR3E3,2026-01-20T23:42:33.098793056Z,01KFEWEZZ027F3GXZBY5D0NC1V,2026-01-20T23:42:33.098793056Z
01KFEVGAFTG3FG14HYXNXSHZB2,01KFEV377XDCWB0CVW0E7ES8WB,2026-01-20T23:23:12.762250256Z,0,2026-01-20T23:23:31.418577375Z,C,2026-01-20T23:23:16.628960658Z,01KFEV378H0PY96RNMJFNCN7TE,2026-01-20T23:23:12.762250256Z,01KFEV86DXXGMH25YQ8QC6JEB7,2026-01-20T23:23:12.762250256Z,01KFEVEHGJP52P6AE23TDFFDSM,2026-01-20T23:23:12.762250256Z
01KFEVWPYZYQF7NM78TSXHGN7C,01KFEV37CWX6SQYA0RPR0C01MW,2026-01-20T23:29:58.751406638Z,10,2026-01-20T23:30:04.08747646Z,A,2026-01-20T23:30:02.34097731Z,01KFEV37DAAK9E08F076WKMM6J,2026-01-20T23:29:58.751406638Z,01KFEVH10BYAXDVW828R4A2D8P,2026-01-20T23:29:58.751406638Z,01KFEVRWSPA17ZS4W91D5DRVBE,2026-01-20T23:29:58.751406638Z
01KFEVX96GRE44A1NGKEEFQ9XY,01KFEV37PBC6DGWCX0HT0QWYJR,2026-01-20T23:30:17.424786829Z,,,B,2026-01-20T23:30:22.478762631Z,01KFEV37PV76WD06T50QFKE80T,2026-01-20T23:30:17.424786829Z,01KFEVJMQNGBVWZMGKK0EQB935,2026-01-20T23:30:17.424786829Z,01KFEVS30HWX3TCPK54FFTBPR0,2026-01-20T23:30:17.424786829Z
01KFEW7SQPWJ2VD9G56D468GWV,01KFEVMN9Q125N5N16W4WNYJXF,2026-01-20T23:36:02.03822924Z,29,2026-01-20T23:36:03.74078573Z,C,2026-01-20T23:36:03.673313804Z,01KFEVMNBC23RB4D79KEQ4G0VS,2026-01-20T23:36:02.03822924Z,01KFEVX608THP5F5HX3GYF0X1K,2026-01-20T23:36:02.03822924Z,01KFEW3VNBMV4SFK2GGYWGCNPK,2026-01-20T23:36:02.03822924Z
01KFEVN5HDA15GWBJ9F15PGXEH,01KFEV37PBC6DGWCX0HT0QWYJR,2026-01-20T23:25:51.533594807Z,29,2026-01-20T23:25:54.072616822Z,C,2026-01-20T23:25:54.044100344Z,01KFEV37PYV9HETXX2PC055NBT,2026-01-20T23:25:51.533594807Z,01KFEVBDY2YWN6DSFNFKRM8R9Z,2026-01-20T23:25:51.533594807Z,01KFEVH47RBTC8Q50RVEZJ2J6Q,2026-01-20T23:25:51.533594807Z
01KFEVP55R40T4NA8PHHCKQ169,01KFEV384BJYC62Y0E6AQK09K8,2026-01-20T23:26:23.928753647Z,10,2026-01-20T23:26:28.90326148Z,B,2026-01-20T23:26:26.037373699Z,01KFEV384Y33BFECW27AH8GSGD,2026-01-20T23:26:23.928753647Z,01KFEVF34Y0A3VWJYX9367Q9EA,2026-01-20T23:26:23.928753647Z,01KFEVHAPS4X009VG0R6NVCP4C,2026-01-20T23:26:23.928753647Z
01KFEW305Z5KE8W21GVBBA2FYD,01KFEV384BJYC62Y0E6AQK09K8,2026-01-20T23:33:24.799618819Z,0,2026-01-20T23:33:26.115717977Z,B,2026-01-20T23:33:25.892644355Z,01KFEV385166A8JYCZ9G4DMHRQ,2026-01-20T23:33:24.799618819Z,01KFEVY502SJ2FK1Q7WFM0PHB4,2026-01-20T23:33:24.799618819Z,01KFEW1AH3KYJV5QTKFEPKQZZX,2026-01-20T23:33:24.799618819Z
01KFEW2D21J1DQ0HPASTQT0TPN,01KFEV384BJYC62Y0E6AQK09K8,2026-01-20T23:33:05.217590085Z,7,2026-01-20T23:33:09.576230814Z,D,2026-01-20T23:33:09.549578579Z,01KFEV385166A8JYCZ9G4DMHRQ,2026-01-20T23:33:05.217590085Z,01KFEVY502SJ2FK1Q7WFM0PHB4,2026-01-20T23:33:05.217590085Z,01KFEW1AGWTEZX6BMYHVQ8HP0D,2026-01-20T23:33:05.217590085Z
01KFEWKEEQ0PXVK7Y66Y3TE60R,01KFEV38A01XZ4DPRPFKRE96P8,2026-01-20T23:42:23.703571613Z,,,,,01KFEV38AGG0Y2K5R4FB90SKZX,2026-01-20T23:42:23.703571613Z,01KFEWAGFM06B6QMJF19QXPE10,2026-01-20T23:42:23.703571613Z,01KFEWKAKZA6T6FZQK6APKC6X7,2026-01-20T23:42:23.703571613Z
01KFEWVR4KGJJYHHWFYWFYKERJ,01KFEV38GJVYY8P8B7QXSW6BTE,2026-01-20T23:46:55.763561249Z,0,2026-01-20T23:47:02.401214649Z,C,2026-01-20T23:47:02.363328188Z,01KFEV38H0S2Y42XZDBCZ2KPGY,2026-01-20T23:46:55.763561249Z,01KFEWKWT6PWJAE8C8359J4DRM,2026-01-20T23:46:55.763561249Z,01KFEWVM5D5SBJNDB59MH62QTJ,2026-01-20T23:46:55.763561249Z
01KFEVBH7K6YN0YT0ZMCJE9YPM,01KFEV2BZFDRZBG3Y0249RG1TW,2026-01-20T23:20:35.827281699Z,20,2026-01-20T23:20:37.197421634Z,B,2026-01-20T23:20:37.184950108Z,01KFEV2C08ND9C9BYW8N2T146P,2026-01-20T23:20:35.827281699Z,01KFEV46YBCF5X09FCFJF4VDEY,2026-01-20T23:20:35.827281699Z,01KFEV992MES5YXGH6XNCQ5224,2026-01-20T23:20:35.827281699Z
01KFEVQA0DDQM0AA0EB56S6NA9,01KFEV37PBC6DGWCX0HT0QWYJR,2026-01-20T23:27:01.64575423Z,10,2026-01-20T23:27:07.58210834Z,B,2026-01-20T23:27:07.556291835Z,01KFEV37PYV9HETXX2PSGE1RKD,2026-01-20T23:27:01.64575423Z,01KFEVDMPGK2KG6CGRXX80WQ5A,2026-01-20T23:27:01.64575423Z,01KFEVKCNB3JWRWP2DH501FGGW,2026-01-20T23:27:01.64575423Z
01KFEVRZ446FYQ1R49Y9Q9DKWP,01KFEV37PBC6DGWCX0HT0QWYJR,2026-01-20T23:27:56.036389336Z,0,2026-01-20T23:28:02.251911137Z,C,2026-01-20T23:27:59.518102066Z,01KFEV37PYV9HETXX2PSGE1RKD,2026-01-20T23:27:56.036389336Z,01KFEVDMPGK2KG6CGRXX80WQ5A,2026-01-20T23:27:56.036389336Z,01KFEVKCNNC4194XQX6PJZM5B6,2026-01-20T23:27:56.036389336Z
01KFEVV9EAKGQTK3E95F5TNAP0,01KFEV37PBC6DGWCX0HT0QWYJR,2026-01-20T23:29:12.138130297Z,0,2026-01-20T23:29:15.922656658Z,B,2026-01-20T23:29:13.945016151Z,01KFEV37PV76WD06T50QFKE80T,2026-01-20T23:29:12.138130297Z,01KFEVH5DDXBKC32H7RGDZYG1X,2026-01-20T23:29:12.138130297Z,01KFEVS2ZS0Q9JMWBXYXR9JRBV,2026-01-20T23:29:12.138130297Z
01KFEW3DZE3XE841Q1CQ6SDEQ7,01KFEV384BJYC62Y0E6AQK09K8,2026-01-20T23:33:38.926085897Z,0,2026-01-20T23:33:41.193181638Z,B,2026-01-20T23:33:40.257983693Z,01KFEV385166A8JYCZ9G4DMHRQ,2026-01-20T23:33:38.926085897Z,01KFEVY502SJ2FK1Q7WFM0PHB4,2026-01-20T23:33:38.926085897Z,01KFEW1AKGQ270E4D2RH495YX3,2026-01-20T23:33:38.926085897Z
01KFEW46MY9MHMS2ZC43SA8KQ3,01KFEV384BJYC62Y0E6AQK09K8,2026-01-20T23:34:04.190299649Z,10,2026-01-20T23:34:06.451460972Z,B,2026-01-20T23:34:05.28380178Z,01KFEV385166A8JYCZ9G4DMHRQ,2026-01-20T23:34:04.190299649Z,01KFEVWH8M80FFRA88HYSK2ZSQ,2026-01-20T23:34:04.190299649Z,01KFEW1AJFE0V8F0RV3DYC5PKP,2026-01-20T23:34:04.190299649Z
01KFEW4W5EJAW09895YZ4WYWTM,01KFEV37PBC6DGWCX0HT0QWYJR,2026-01-20T23:34:26.222442324Z,29,2026-01-20T23:34:27.481091908Z,C,2026-01-20T23:34:27.082543186Z,01KFEV37Q0WSYAYKWHM2EXN0DN,2026-01-20T23:34:26.222442324Z,01KFEVWYACX0Z3X7HHHK5DSTDD,2026-01-20T23:34:26.222442324Z,01KFEW0GAPYHHVEVF9RP1ERMKP,2026-01-20T23:34:26.222442324Z
01KFEVGAFV547NX4J3BKSXBQM9,01KFEV377XDCWB0CVW0E7ES8WB,2026-01-20T23:23:12.763909717Z,0,2026-01-20T23:23:31.418577375Z,C,2026-01-20T23:23:31.406700986Z,01KFEV378H0PY96RNMJFNCN7TE,2026-01-20T23:23:12.763909717Z,01KFEVA045MDV6WERMTEQ3VAYR,2026-01-20T23:23:12.763909717Z,01KFEVEHGJP52P6AE23TDFFDSM,2026-01-20T23:23:12.763909717Z
01KFEVKN797W6V44ZTYK3JSEY3,01KFEV384BJYC62Y0E6AQK09K8,2026-01-20T23:25:02.057068632Z,19,2026-01-20T23:25:05.643799646Z,C,2026-01-20T23:25:05.623147763Z,01KFEV384Y33BFECW27AH8GSGD,2026-01-20T23:25:02.057068632Z,01KFEVCQTYNZYE4TGA9WFYBM2V,2026-01-20T23:25:02.057068632Z,01KFEVHAPDQ8SED7WGPAM28VFT,2026-01-20T23:25:02.057068632Z
01KFEVT71GCZG21P58SH8Z4D41,01KFEV37CWX6SQYA0RPR0C01MW,2026-01-20T23:28:36.912712597Z,10,2026-01-20T23:28:41.459287765Z,A,2026-01-20T23:28:40.952155815Z,01KFEV37DAAK9E08F076WKMM6J,2026-01-20T23:28:36.912712597Z,01KFEVH10BYAXDVW828R4A2D8P,2026-01-20T23:28:36.912712597Z,01KFEVRWRG1NX0K3PTAJAQYB2F,2026-01-20T23:28:36.912712597Z
01KFEVVZVEXQPV02B73TNMRB7A,01KFEVMN9Q125N5N16W4WNYJXF,2026-01-20T23:29:35.086881935Z,29,2026-01-20T23:29:38.396285707Z,C,2026-01-20T23:29:38.365662148Z,01KFEVMNB841AFDZFM4WSW4FTD,2026-01-20T23:29:35.086881935Z,01KFEVB2WK99SDZDFQAW6KYB9M,2026-01-20T23:29:35.086881935Z,01KFEVPNHFVEA7FM8X5XBZD9R8,2026-01-20T23:29:35.086881935Z
01KFEVN60HWJBAXA4P4RVKB465,01KFEV377XDCWB0CVW0E7ES8WB,2026-01-20T23:25:52.017133503Z,29,2026-01-20T23:25:59.297663986Z,C,2026-01-20T23:25:53.414081726Z,01KFEV378H0PY96RNMJTMM0E4X,2026-01-20T23:25:52.017133503Z,01KFEV8K48Q5MVC88J4XCQXRFY,2026-01-20T23:25:52.017133503Z,01KFEVFBCAGNBZPQ8S80FVD5F6,2026-01-20T23:25:52.017133503Z
01KFEVNRCFAG7S2T3QBRV8J67F,01KFEV377XDCWB0CVW0E7ES8WB,2026-01-20T23:26:10.831601117Z,20,2026-01-20T23:26:12.789648557Z,B,2026-01-20T23:26:12.770035813Z,01KFEV378FNG971PBW7B2SPNC6,2026-01-20T23:26:10.831601117Z,01KFEV82H962BNCCRXPB524628,2026-01-20T23:26:10.831601117Z,01KFEVJNRD1MY8S8B50S9C4WM2,2026-01-20T23:26:10.831601117Z
01KFEVP8Y7JJR48BDXG957QV2S,01KFEV37PBC6DGWCX0HT0QWYJR,2026-01-20T23:26:27.783257181Z,29,2026-01-20T23:26:29.701553248Z,C,2026-01-20T23:26:29.383640455Z,01KFEV37PYV9HETXX2PC055NBT,2026-01-20T23:26:27.783257181Z,01KFEV9QWYR4DNTS4QCCENEARJ,2026-01-20T23:26:27.783257181Z,01KFEVH48PJZWE6P0HTZWV1EYQ,2026-01-20T23:26:27.783257181Z
01KFEW6Z7VATWGNJV315H3BY8A,01KFEV38GJVYY8P8B7QXSW6BTE,2026-01-20T23:35:34.90741626Z,0,2026-01-20T23:35:36.278107192Z,C,2026-01-20T23:35:36.219707921Z,01KFEV38H48T18ZRM15RETR33C,2026-01-20T23:35:34.90741626Z,01KFEVYB6HS3VX2GA7D4G2GPMT,2026-01-20T23:35:34.90741626Z,01KFEW2K4T9ZM0JTDKSTWX94KF,2026-01-20T23:35:34.90741626Z
01KFEW219S3KHHX5DW0068ZJKN,01KFEV37PBC6DGWCX0HT0QWYJR,2026-01-20T23:32:53.177979501Z,17,2026-01-20T23:32:55.316614193Z,D,2026-01-20T23:32:55.292400868Z,01KFEV37Q0WSYAYKWHM2EXN0DN,2026-01-20T23:32:53.177979501Z,01KFEVWXXVHBHP5S1AZQQ4JZFK,2026-01-20T23:32:53.177979501Z,01KFEW0G8ZZKDWGVVQH1FBRDRX,2026-01-20T23:32:53.177979501Z
01KFEW3JKJXGE24HXAAGY7HCBE,01KFEV384BJYC62Y0E6AQK09K8,2026-01-20T23:33:43.666090928Z,19,2026-01-20T23:33:44.939300663Z,C,2026-01-20T23:33:44.903027918Z,01KFEV385166A8JYCZ9G4DMHRQ,2026-01-20T23:33:43.666090928Z,01KFEVY502SJ2FK1Q7WFM0PHB4,2026-01-20T23:33:43.666090928Z,01KFEW1AK7NCGSKANQ48AN6V23,2026-01-20T23:33:43.666090928Z
01KFEW4KPXW9MVF01XM4N91KK2,01KFEV37PBC6DGWCX0HT0QWYJR,2026-01-20T23:34:17.565124564Z,17,2026-01-20T23:34:19.743322062Z,D,2026-01-20T23:34:19.71300012Z,01KFEV37Q0WSYAYKWHM2EXN0DN,2026-01-20T23:34:17.565124564Z,01KFEVWXXVHBHP5S1AZQQ4JZFK,2026-01-20T23:34:17.565124564Z,01KFEW0GBGGRN4S29QNK2SQ6YM,2026-01-20T23:34:17.565124564Z
01KFEW6VSG5K3Y8A01C4X2HMR8,01KFEV38A01XZ4DPRPFKRE96P8,2026-01-20T23:35:31.376469899Z,0,2026-01-20T23:35:33.919364716Z,C,2026-01-20T23:35:33.885574201Z,01KFEV38AHTHHCNTDGHAJN0GXG,2026-01-20T23:35:31.376469899Z,01KFEVW9PV7SJ42VT7GTTE4SGT,2026-01-20T23:35:31.376469899Z,01KFEW29YK600XP5H2XZZBAHW4,2026-01-20T23:35:31.376469899Z
01KFEVDK3RTN4NSZD2CM2CR24C,01KFEV2BZFDRZBG3Y0249RG1TW,2026-01-20T23:21:43.288477055Z,0,2026-01-20T23:21:53.904482691Z,A,2026-01-20T23:21:53.729774081Z,01KFEV2C0CP35QE41ZMH45J8TZ,2026-01-20T23:21:43.288477055Z,01KFEV7TATT805MEJDGTCA5NFM,2026-01-20T23:21:43.288477055Z,01KFEVB8FWDNBSEK2Q7T0WF7KM,2026-01-20T23:21:43.288477055Z
01KFEVKE0ZT12RY81B5E2RXATK,01KFEV37PBC6DGWCX0HT0QWYJR,2026-01-20T23:24:54.687678117Z,7,2026-01-20T23:25:09.447134125Z,D,2026-01-20T23:25:01.214930947Z,01KFEV37PYV9HETXX2PSGE1RKD,2026-01-20T23:24:54.687678117Z,01KFEV8PSQBX7P1ARFP0SDDW57,2026-01-20T23:24:54.687678117Z,01KFEVKCM3HZV4EBCX9XQX5ZQ4,2026-01-20T23:24:54.687678117Z
01KFEVKFQN64G54T34FZ1X7S7H,01KFEV377XDCWB0CVW0E7ES8WB,2026-01-20T23:24:56.437293309Z,29,2026-01-20T23:25:04.672952361Z,C,2026-01-20T23:24:58.19585109Z,01KFEV378H0PY96RNMJTMM0E4X,2026-01-20T23:24:56.437293309Z,01KFEV8K48Q5MVC88J4XCQXRFY,2026-01-20T23:24:56.437293309Z,01KFEVFBC4VT3BJNSHXYV9QVPD,2026-01-20T23:24:56.437293309Z
01KFEVP46DF6EZBYTHENXPH17X,01KFEV37PBC6DGWCX0HT0QWYJR,2026-01-20T23:26:22.925724226Z,17,2026-01-20T23:26:25.439851795Z,D,2026-01-20T23:26:24.804269606Z,01KFEV37PYV9HETXX2PC055NBT,2026-01-20T23:26:22.925724226Z,01KFEV9QWYR4DNTS4QCCENEARJ,2026-01-20T23:26:22.925724226Z,01KFEVH48MPK9TCKTT31EZXW1C,2026-01-20T23:26:22.925724226Z
01KFEW8J6NG41AVKC60X1R8KHK,01KFEV38A01XZ4DPRPFKRE96P8,2026-01-20T23:36:27.093062163Z,0,2026-01-20T23:36:29.69346673Z,C,2026-01-20T23:36:29.270057192Z,01KFEV38AHTHHCNTDGHAJN0GXG,2026-01-20T23:36:27.093062163Z,01KFEVW5WA494MRXETJ2N5XX03,2026-01-20T23:36:27.093062163Z,01KFEW2A0EJTQ1J903ZRJRFAD8,2026-01-20T23:36:27.093062163Z
01KFEWYQAHG1XKN2E30E0NEV6V,01KFEV38GJVYY8P8B7QXSW6BTE,2026-01-20T23:48:33.233620237Z,29,2026-01-20T23:48:35.302074907Z,C,2026-01-20T23:48:34.840310534Z,01KFEV38H0S2Y42XZDBCZ2KPGY,2026-01-20T23:48:33.233620237Z,01KFEWA3ZKFQRVCEG62F0BJCT3,2026-01-20T23:48:33.233620237Z,01KFEWVM9CP94P7WDKMNK8VHXX,2026-01-20T23:48:33.233620237Z
01KFEVR2HVETKB7YRX04DVD52W,01KFEV37PBC6DGWCX0HT0QWYJR,2026-01-20T23:27:26.779471054Z,10,2026-01-20T23:27:32.560099898Z,B,2026-01-20T23:27:28.900220672Z,01KFEV37PYV9HETXX2PSGE1RKD,2026-01-20T23:27:26.779471054Z,01KFEVDMPGK2KG6CGRXX80WQ5A,2026-01-20T23:27:26.779471054Z,01KFEVKCMEF072A8GSMNZM7WH6,2026-01-20T23:27:26.779471054Z
01KFEW1M4CCETZ5QY39E8K8D5C,01KFEV37PBC6DGWCX0HT0QWYJR,2026-01-20T23:32:39.692915222Z,0,2026-01-20T23:32:50.316596208Z,C,2026-01-20T23:32:50.28472587Z,01KFEV37Q0WSYAYKWHM2EXN0DN,2026-01-20T23:32:39.692915222Z,01KFEVWXXVHBHP5S1AZQQ4JZFK,2026-01-20T23:32:39.692915222Z,01KFEW0G95HGEBJ66PJEE5BWT0,2026-01-20T23:32:39.692915222Z
01KFEW3G1F41G6V62SD01FQ1AG,01KFEV38A01XZ4DPRPFKRE96P8,2026-01-20T23:33:41.039481753Z,0,2026-01-20T23:34:25.3222483Z,C,2026-01-20T23:33:44.227610276Z,01KFEV38AHTHHCNTDGHAJN0GXG,2026-01-20T23:33:41.039481753Z,01KFEVW5WA494MRXETJ2N5XX03,2026-01-20T23:33:41.039481753Z,01KFEW29XSADA32QXA2MHBZPNA,2026-01-20T23:33:41.039481753Z
01KFEWF5FQ1BXST4FPPNM816P7,01KFEV38GJVYY8P8B7QXSW6BTE,2026-01-20T23:40:03.448005415Z,29,2026-01-20T23:40:05.186089674Z,C,2026-01-20T23:40:05.043873705Z,01KFEV38H8T2V9428VC9T7MEBA,2026-01-20T23:40:03.448005415Z,01KFEW5105FT4T963R9Z6AZ67Y,2026-01-20T23:40:03.448005415Z,01KFEWB967BF5HCPTFD5ASW09Z,2026-01-20T23:40:03.448005415Z
01KFEVH1X8MB3RZWA2VBJE4HSW,01KFEV2BZFDRZBG3Y0249RG1TW,2026-01-20T23:23:36.744515558Z,20,2026-01-20T23:23:42.214600929Z,A,2026-01-20T23:23:42.195602314Z,01KFEV2C0CP35QE41ZMH45J8TZ,2026-01-20T23:23:36.744515558Z,01KFEV4PQ8V0QGQVX4KK2FPFJR,2026-01-20T23:23:36.744515558Z,01KFEVB8GASGJN0SSP4XXA8YGN,2026-01-20T23:23:36.744515558Z
01KFEVJG1423EXZ1JDHA1SDN91,01KFEV377XDCWB0CVW0E7ES8WB,2026-01-20T23:24:23.972338333Z,20,2026-01-20T23:24:26.79862391Z,A,2026-01-20T23:24:26.301924822Z,01KFEV378PDZP87HXSESW6BA01,2026-01-20T23:24:23.972338333Z,01KFEV79YCQMQRJYZ004NV66QN,2026-01-20T23:24:23.972338333Z,01KFEVF1Q6ZK58W1T2EDJS8ZM0,2026-01-20T23:24:23.972338333Z
01KFEVNXEQJ35TVSRVQA495424,01KFEV377XDCWB0CVW0E7ES8WB,2026-01-20T23:26:16.023208139Z,17,2026-01-20T23:26:20.312104839Z,D,2026-01-20T23:26:19.73791013Z,01KFEV378H0PY96RNMJTMM0E4X,2026-01-20T23:26:16.023208139Z,01KFEV8TC8AZEPV3G36SCZ12C3,2026-01-20T23:26:16.023208139Z,01KFEVFBC64AYPBZTJES2B20FR,2026-01-20T23:26:16.023208139Z
01KFEVP4DGXJWPBAJGZKBMC640,01KFEV377XDCWB0CVW0E7ES8WB,2026-01-20T23:26:23.152193534Z,17,2026-01-20T23:26:27.256178085Z,D,2026-01-20T23:26:27.224557969Z,01KFEV378H0PY96RNMJTMM0E4X,2026-01-20T23:26:23.152193534Z,01KFEV8TC8AZEPV3G36SCZ12C3,2026-01-20T23:26:23.152193534Z,01KFEVFBD0577W18ZY0ZD05TA0,2026-01-20T23:26:23.152193534Z
01KFEW6C4AZK12V4MZFEHHCG64,01KFEVMN9Q125N5N16W4WNYJXF,2026-01-20T23:35:15.338125655Z,0,2026-01-20T23:35:16.941048036Z,D,2026-01-20T23:35:16.798034159Z,01KFEVMNBC23RB4D79KEQ4G0VS,2026-01-20T23:35:15.338125655Z,01KFEVXFAQE8X4YEWXW17GBY46,2026-01-20T23:35:15.338125655Z,01KFEW3VKG0B17FHJX4NF0X699,2026-01-20T23:35:15.338125655Z
01KFEWG8VPM75JMV5GFFDM7X5Z,01KFEV38A01XZ4DPRPFKRE96P8,2026-01-20T23:40:39.670773474Z,29,2026-01-20T23:40:42.493770324Z,C,2026-01-20T23:40:42.450427705Z,01KFEV38AJ2CFPYBQZ5JKK7PV4,2026-01-20T23:40:39.670773474Z,01KFEW2CHJQZ9TDCN78BA2VKEM,2026-01-20T23:40:39.670773474Z,01KFEW9RPTMR1X74362ZJ5HND1,2026-01-20T23:40:39.670773474Z
01KFEVJCDQ6C37Z3DA3G2CJKYN,01KFEV377XDCWB0CVW0E7ES8WB,2026-01-20T23:24:20.279683383Z,29,2026-01-20T23:24:31.236525242Z,C,2026-01-20T23:24:21.093479727Z,01KFEV378H0PY96RNMJFNCN7TE,2026-01-20T23:24:20.279683383Z,01KFEV86DXXGMH25YQ8QC6JEB7,2026-01-20T23:24:20.279683383Z,01KFEVEHGS0JDSCPZNZH3BDF1M,2026-01-20T23:24:20.279683383Z
01KFEVRJ7C661YEDY5KZ1N3HWD,01KFEV37PBC6DGWCX0HT0QWYJR,2026-01-20T23:27:42.828571448Z,10,2026-01-20T23:27:48.99381698Z,A,2026-01-20T23:27:48.974536146Z,01KFEV37PYV9HETXX2PSGE1RKD,2026-01-20T23:27:42.828571448Z,01KFEV8PSQBX7P1ARFP0SDDW57,2026-01-20T23:27:42.828571448Z,01KFEVKCMHNFBMSFY09QX4TGHZ,2026-01-20T23:27:42.828571448Z
01KFEW4R837DCHCMH6MZVA67C0,01KFEV37PBC6DGWCX0HT0QWYJR,2026-01-20T23:34:22.21121725Z,17,2026-01-20T23:34:24.384142563Z,D,2026-01-20T23:34:23.331088496Z,01KFEV37Q0WSYAYKWHM2EXN0DN,2026-01-20T23:34:22.21121725Z,01KFEVWYACX0Z3X7HHHK5DSTDD,2026-01-20T23:34:22.21121725Z,01KFEW0GB864QKBAB0HBJ7K4K5,2026-01-20T23:34:22.21121725Z
01KFEW4ZH2M7D9V05RHW5HF0TS,01KFEV38GJVYY8P8B7QXSW6BTE,2026-01-20T23:34:29.666444129Z,19,2026-01-20T23:34:35.74267517Z,C,2026-01-20T23:34:31.160981127Z,01KFEV38H48T18ZRM15RETR33C,2026-01-20T23:34:29.666444129Z,01KFEVYB6HS3VX2GA7D4G2GPMT,2026-01-20T23:34:29.666444129Z,01KFEW2K4KGKP2JV842BC1YZ2S,2026-01-20T23:34:29.666444129Z
01KFEVR0EJQEK36G5N8RPE18HS,01KFEV37CWX6SQYA0RPR0C01MW,2026-01-20T23:27:24.626383117Z,10,2026-01-20T23:27:30.853122998Z,B,2026-01-20T23:27:30.190724124Z,01KFEV37DE991T271V0NJ5BY6K,2026-01-20T23:27:24.626383117Z,01KFEV7RE3Q2MQ5NN8AGQ7Y4PK,2026-01-20T23:27:24.626383117Z,01KFEVJEKCQH6K2QKDETC0SMC1,2026-01-20T23:27:24.626383117Z
01KFEWGRSV7M98ZET3YSKSTVE6,01KFEVMN9Q125N5N16W4WNYJXF,2026-01-20T23:40:55.995692498Z,20,2026-01-20T23:40:57.888176107Z,A,2026-01-20T23:40:57.842365269Z,01KFEVMNAWK7WRWM1AMQZKX6SA,2026-01-20T23:40:55.995692498Z,01KFEW4NGJQK3SC6VDT657XA1V,2026-01-20T23:40:55.995692498Z,01KFEWE8SPXSSWENNJV0BH3H3G,2026-01-20T23:40:55.995692498Z
01KFEVT6VXKA734RS5WYWK9K7G,01KFEV37CWX6SQYA0RPR0C01MW,2026-01-20T23:28:36.733356252Z,29,2026-01-20T23:28:42.03055228Z,C,2026-01-20T23:28:42.000253712Z,01KFEV37DE991T271V0NJ5BY6K,2026-01-20T23:28:36.733356252Z,01KFEVD9ZATE7H5N364WWPAV31,2026-01-20T23:28:36.733356252Z,01KFEVJEJTMNMZTCNAQZWM5VSK,2026-01-20T23:28:36.733356252Z
01KFEW423TB9TV59F9KTQ85RAZ,01KFEV384BJYC62Y0E6AQK09K8,2026-01-20T23:33:59.546204243Z,10,2026-01-20T23:34:01.949060013Z,B,2026-01-20T23:34:00.772825914Z,01KFEV385166A8JYCZ9G4DMHRQ,2026-01-20T23:33:59.546204243Z,01KFEVWH8M80FFRA88HYSK2ZSQ,2026-01-20T23:33:59.546204243Z,01KFEW1AJQQTXG07GE8KNBNQJN,2026-01-20T23:33:59.546204243Z
01KFEW5ZMCJ0NP54D3PYMGP0KS,01KFEV38A01XZ4DPRPFKRE96P8,2026-01-20T23:35:02.540533785Z,0,2026-01-20T23:35:07.653760305Z,C,2026-01-20T23:35:07.426707863Z,01KFEV38AHTHHCNTDGHAJN0GXG,2026-01-20T23:35:02.540533785Z,01KFEVW5WA494MRXETJ2N5XX03,2026-01-20T23:35:02.540533785Z,01KFEW29Y7967CG3CKQRR67MXP,2026-01-20T23:35:02.540533785Z
01KFEWDWG882WA69YEJHMDTEGS,01KFEV384BJYC62Y0E6AQK09K8,2026-01-20T23:39:21.480957305Z,10,2026-01-20T23:39:25.16253595Z,A,2026-01-20T23:39:25.119768581Z,01KFEV384Z68A1Z7ZGWS1GDSZK,2026-01-20T23:39:21.480957305Z,01KFEW2C8HX8QQZV0FHE0EMNPN,2026-01-20T23:39:21.480957305Z,01KFEW9NFWQNWAP0JCE1F1PYJG,2026-01-20T23:39:21.480957305Z
01KFEWG092247XBYVX8MTH6BKV,01KFEV38A01XZ4DPRPFKRE96P8,2026-01-20T23:40:30.882602939Z,29,2026-01-20T23:40:37.616851339Z,C,2026-01-20T23:40:37.569913469Z,01KFEV38AJ2CFPYBQZ5JKK7PV4,2026-01-20T23:40:30.882602939Z,01KFEW2CHJQZ9TDCN78BA2VKEM,2026-01-20T23:40:30.882602939Z,01KFEW9RQ327JZV3KPAF5ZD6ZC,2026-01-20T23:40:30.882602939Z
01KFEWJ90TXGQ18H26NG7XP253,01KFEVMNF44NEM58ETFST7KTWM,2026-01-20T23:41:45.370840367Z,19,2026-01-20T23:41:48.960236758Z,C,2026-01-20T23:41:47.180935967Z,01KFEVMNHFNDCGHX9QBBFN387E,2026-01-20T23:41:45.370840367Z,01KFEW6A5E0ZVTNJ585Y831423,2026-01-20T23:41:45.370840367Z,01KFEWEZXNEDY2H8JE28VJABXP,2026-01-20T23:41:45.370840367Z
01KFEWXWAH557VY34ATHRS7ZMY,01KFEV38GJVYY8P8B7QXSW6BTE,2026-01-20T23:48:05.585997058Z,0,2026-01-20T23:48:07.836279126Z,C,2026-01-20T23:48:07.228634132Z,01KFEV38H0S2Y42XZDBCZ2KPGY,2026-01-20T23:48:05.585997058Z,01KFEWKWT6PWJAE8C8359J4DRM,2026-01-20T23:48:05.585997058Z,01KFEWVM889E015ABS9SG4J3H3,2026-01-20T23:48:05.585997058Z
01KFEVJ33DRWKMJXZRVD3MDSBY,01KFEV377XDCWB0CVW0E7ES8WB,2026-01-20T23:24:10.733688978Z,0,2026-01-20T23:24:15.682526594Z,C,2026-01-20T23:24:12.024541964Z,01KFEV378H0PY96RNMJFNCN7TE,2026-01-20T23:24:10.733688978Z,01KFEV86DXXGMH25YQ8QC6JEB7,2026-01-20T23:24:10.733688978Z,01KFEVEHGVFGMMBCQD0VZCXWY0,2026-01-20T23:24:10.733688978Z
01KFEVJT256971NC392Z475HA8,01KFEV37CWX6SQYA0RPR0C01MW,2026-01-20T23:24:34.245855802Z,10,2026-01-20T23:24:38.978122239Z,B,2026-01-20T23:24:38.89415886Z,01KFEV37DE991T271V0BRDHRJW,2026-01-20T23:24:34.245855802Z,01KFEVBZC2S6960QVT8J14HPMN,2026-01-20T23:24:34.245855802Z,01KFEVGBCPPHTMKKS8W8BM1ZBN,2026-01-20T23:24:34.245855802Z
01KFEVNXEE1Z2QP35GP7RNEVVN,01KFEV377XDCWB0CVW0E7ES8WB,2026-01-20T23:26:16.01430908Z,29,2026-01-20T23:26:20.312104839Z,C,2026-01-20T23:26:20.288826446Z,01KFEV378H0PY96RNMJTMM0E4X,2026-01-20T23:26:16.01430908Z,01KFEV8K48Q5MVC88J4XCQXRFY,2026-01-20T23:26:16.01430908Z,01KFEVFBC64AYPBZTJES2B20FR,2026-01-20T23:26:16.01430908Z
01KFEVWPYSPNCE6NHHGNA672AG,01KFEV37CWX6SQYA0RPR0C01MW,2026-01-20T23:29:58.74534483Z,19,2026-01-20T23:30:04.08747646Z,C,2026-01-20T23:30:04.046393921Z,01KFEV37DAAK9E08F076WKMM6J,2026-01-20T23:29:58.74534483Z,01KFEVGWWQWT7BAZNJDAAA325H,2026-01-20T23:29:58.74534483Z,01KFEVRWSPA17ZS4W91D5DRVBE,2026-01-20T23:29:58.74534483Z
01KFEVM7WPD3JWRND37ZQY08QP,01KFEV377XDCWB0CVW0E7ES8WB,2026-01-20T23:25:21.174840841Z,20,2026-01-20T23:25:26.383366986Z,A,2026-01-20T23:25:26.359658301Z,01KFEV378FNG971PBW7B2SPNC6,2026-01-20T23:25:21.174840841Z,01KFEVCRBGBMN5MZZVZA8FPX1Z,2026-01-20T23:25:21.174840841Z,01KFEVJNQN2G8FJAT7HW3SRZEK,2026-01-20T23:25:21.174840841Z
01KFEW6XBDS4HZAR1JPEH9JM56,01KFEVMN9Q125N5N16W4WNYJXF,2026-01-20T23:35:32.973333948Z,17,2026-01-20T23:35:34.759463923Z,D,2026-01-20T23:35:34.073453748Z,01KFEVMNBC23RB4D79KEQ4G0VS,2026-01-20T23:35:32.973333948Z,01KFEVXFAQE8X4YEWXW17GBY46,2026-01-20T23:35:32.973333948Z,01KFEW3VMABX27Z99XP42SDS32,2026-01-20T23:35:32.973333948Z
01KFEWCPNNT8C9TXGWZ14YPK22,01KFEV38GJVYY8P8B7QXSW6BTE,2026-01-20T23:38:42.742000789Z,10,2026-01-20T23:38:49.805166627Z,B,2026-01-20T23:38:46.508090052Z,01KFEV38H8T2V9428VC9T7MEBA,2026-01-20T23:38:42.742000789Z,01KFEW5105FT4T963R9Z6AZ67Y,2026-01-20T23:38:42.742000789Z,01KFEWB949AP0NZWRSRC3KVSY9,2026-01-20T23:38:42.742000789Z
01KFEWJATEGEWXYXZKMPDMZDC8,01KFEVMN9Q125N5N16W4WNYJXF,2026-01-20T23:41:47.214294462Z,20,2026-01-20T23:41:48.104167511Z,A,2026-01-20T23:41:48.071036807Z,01KFEVMNAWK7WRWM1AMQZKX6SA,2026-01-20T23:41:47.214294462Z,01KFEW4NGJQK3SC6VDT657XA1V,2026-01-20T23:41:47.214294462Z,01KFEWE8WVX74TZ8PTSRYVZGQG,2026-01-20T23:41:47.214294462Z
01KFEW94YPGM8R57Z9GKTD88G2,01KFEVMNF44NEM58ETFST7KTWM,2026-01-20T23:36:46.294562758Z,,,C,2026-01-20T23:36:56.188894955Z,01KFEVMNH60E845G0BNN18WWCX,2026-01-20T23:36:46.294562758Z,01KFEVTBJ5QPGNSZPVYF1Q2TSQ,2026-01-20T23:36:46.294562758Z,01KFEW7PPS3WY56P8146ET606Q,2026-01-20T23:36:46.294562758Z
01KFEVM2PJ8JVP6S28900TYK9V,01KFEV377XDCWB0CVW0E7ES8WB,2026-01-20T23:25:15.858841746Z,29,2026-01-20T23:25:21.899629612Z,C,2026-01-20T23:25:17.497372434Z,01KFEV378H0PY96RNMJTMM0E4X,2026-01-20T23:25:15.858841746Z,01KFEV8K48Q5MVC88J4XCQXRFY,2026-01-20T23:25:15.858841746Z,01KFEVFBC54D00BJN5ANQ39TQ9,2026-01-20T23:25:15.858841746Z
01KFEVM2PPN4CZYMA1MCC648FA,01KFEV377XDCWB0CVW0E7ES8WB,2026-01-20T23:25:15.862523251Z,17,2026-01-20T23:25:21.899629612Z,D,2026-01-20T23:25:21.838457303Z,01KFEV378H0PY96RNMJTMM0E4X,2026-01-20T23:25:15.862523251Z,01KFEV8TC8AZEPV3G36SCZ12C3,2026-01-20T23:25:15.862523251Z,01KFEVFBC54D00BJN5ANQ39TQ9,2026-01-20T23:25:15.862523251Z
01KFEVMSTY3F6SD79Q338QZDGR,01KFEV37PBC6DGWCX0HT0QWYJR,2026-01-20T23:25:39.550249265Z,17,2026-01-20T23:25:47.693056698Z,D,2026-01-20T23:25:47.676950686Z,01KFEV37PYV9HETXX2PSGE1RKD,2026-01-20T23:25:39.550249265Z,01KFEV8PSQBX7P1ARFP0SDDW57,2026-01-20T23:25:39.550249265Z,01KFEVKCMTAFBEY86Z8E6DFH9P,2026-01-20T23:25:39.550249265Z
01KFEW4KPN4D190GD0HAET3ZYV,01KFEV37PBC6DGWCX0HT0QWYJR,2026-01-20T23:34:17.557788424Z,29,2026-01-20T23:34:19.743322062Z,C,2026-01-20T23:34:18.471990062Z,01KFEV37Q0WSYAYKWHM2EXN0DN,2026-01-20T23:34:17.557788424Z,01KFEVWYACX0Z3X7HHHK5DSTDD,2026-01-20T23:34:17.557788424Z,01KFEW0GBGGRN4S29QNK2SQ6YM,2026-01-20T23:34:17.557788424Z
01KFEWWXACSF6P21QNK44SC00T,01KFEV38GJVYY8P8B7QXSW6BTE,2026-01-20T23:47:33.837004832Z,19,2026-01-20T23:47:35.990588322Z,C,2026-01-20T23:47:35.623931469Z,01KFEV38H0S2Y42XZDBCZ2KPGY,2026-01-20T23:47:33.837004832Z,01KFEWKWT6PWJAE8C8359J4DRM,2026-01-20T23:47:33.837004832Z,01KFEWVM718JKJE90A057VRNN9,2026-01-20T23:47:33.837004832Z
01KFEVKZPNZT5B99P2F3YBHK7N,01KFEV377XDCWB0CVW0E7ES8WB,2026-01-20T23:25:12.789507677Z,10,2026-01-20T23:25:16.647945409Z,A,2026-01-20T23:25:14.822140867Z,01KFEV378PDZP87HXSESW6BA01,2026-01-20T23:25:12.789507677Z,01KFEV79YCQMQRJYZ004NV66QN,2026-01-20T23:25:12.789507677Z,01KFEVF1R3DQ0JFK5FV6Y4TWRQ,2026-01-20T23:25:12.789507677Z
01KFEW72SPJ36BB0TDPGYM0NSQ,01KFEV38A01XZ4DPRPFKRE96P8,2026-01-20T23:35:38.550605848Z,0,2026-01-20T23:35:41.827191042Z,C,2026-01-20T23:35:41.789837933Z,01KFEV38AHTHHCNTDGHAJN0GXG,2026-01-20T23:35:38.550605848Z,01KFEVW5WA494MRXETJ2N5XX03,2026-01-20T23:35:38.550605848Z,01KFEW29YWMS8SG0HY124EQM4K,2026-01-20T23:35:38.550605848Z
01KFEW8XQVZPEY7BWGY8AN73PW,01KFEV38A01XZ4DPRPFKRE96P8,2026-01-20T23:36:38.907157002Z,10,2026-01-20T23:36:40.852443439Z,B,2026-01-20T23:36:40.799973732Z,01KFEV38AHTHHCNTDGHAJN0GXG,2026-01-20T23:36:38.907157002Z,01KFEVW9PV7SJ42VT7GTTE4SGT,2026-01-20T23:36:38.907157002Z,01KFEW29ZYEEN9EXZHWPRR43NM,2026-01-20T23:36:38.907157002Z
01KFEWJNXQMHJ11ZCV3C7ZF83N,01KFEVMNF44NEM58ETFST7KTWM,2026-01-20T23:41:58.583222797Z,19,2026-01-20T23:42:02.791649411Z,C,2026-01-20T23:42:00.707438968Z,01KFEVMNHFNDCGHX9QBBFN387E,2026-01-20T23:41:58.583222797Z,01KFEW6A5E0ZVTNJ585Y831423,2026-01-20T23:41:58.583222797Z,01KFEWEZZBBNA6YGF5KBEE6WA6,2026-01-20T23:41:58.583222797Z
01KFEVH5CMS8D51NN4F3K2ZDSB,01KFEV37PBC6DGWCX0HT0QWYJR,2026-01-20T23:23:40.308525822Z,17,2026-01-20T23:23:49.189333634Z,D,2026-01-20T23:23:47.800647234Z,01KFEV37PYV9HETXX2PC055NBT,2026-01-20T23:23:40.308525822Z,01KFEV9QWYR4DNTS4QCCENEARJ,2026-01-20T23:23:40.308525822Z,01KFEVH47JSXWXPCKZJ9NW3ZAE,2026-01-20T23:23:40.308525822Z
01KFEVX0XT1XAPSRX7PGYFBFRP,01KFEV37CWX6SQYA0RPR0C01MW,2026-01-20T23:30:08.954403185Z,0,2026-01-20T23:30:14.634548661Z,B,2026-01-20T23:30:14.589677379Z,01KFEV37DAAK9E08F076WKMM6J,2026-01-20T23:30:08.954403185Z,01KFEVGWWQWT7BAZNJDAAA325H,2026-01-20T23:30:08.954403185Z,01KFEVRWSZ55NYP8B55399K8ZW,2026-01-20T23:30:08.954403185Z
01KFEW4YQ33QWFZPKA8CWEV7V9,01KFEVMN9Q125N5N16W4WNYJXF,2026-01-20T23:34:28.835118752Z,17,2026-01-20T23:34:53.515971612Z,D,2026-01-20T23:34:53.488129567Z,01KFEVMNBC23RB4D79KEQ4G0VS,2026-01-20T23:34:28.835118752Z,01KFEVXFAQE8X4YEWXW17GBY46,2026-01-20T23:34:28.835118752Z,01KFEW3VNVZC3K3MEZH39VDAQA,2026-01-20T23:34:28.835118752Z
01KFEWESZ6H5KPVJNK2D496NPK,01KFEV38GJVYY8P8B7QXSW6BTE,2026-01-20T23:39:51.654373333Z,0,2026-01-20T23:39:54.849874104Z,C,2026-01-20T23:39:54.821080036Z,01KFEV38H8T2V9428VC9T7MEBA,2026-01-20T23:39:51.654373333Z,01KFEW5BKPC6PA6AD6TVFX3GTH,2026-01-20T23:39:51.654373333Z,01KFEWB95XX5RBFNFE0SQ6DS8R,2026-01-20T23:39:51.654373333Z
01KFEW8J6F03ZJS28KCH5GD2EK,01KFEV38A01XZ4DPRPFKRE96P8,2026-01-20T23:36:27.087082005Z,0,2026-01-20T23:36:29.69346673Z,C,2026-01-20T23:36:29.654955376Z,01KFEV38AHTHHCNTDGHAJN0GXG,2026-01-20T23:36:27.087082005Z,01KFEVW9PV7SJ42VT7GTTE4SGT,2026-01-20T23:36:27.087082005Z,01KFEW2A0EJTQ1J903ZRJRFAD8,2026-01-20T23:36:27.087082005Z
01KFEWJ913FEPSPDQ64C05FT6W,01KFEVMNF44NEM58ETFST7KTWM,2026-01-20T23:41:45.379536937Z,10,2026-01-20T23:41:48.960236758Z,B,2026-01-20T23:41:48.915527944Z,01KFEVMNHFNDCGHX9QBBFN387E,2026-01-20T23:41:45.379536937Z,01KFEW78ZH0TY6JQ9J3GJMR3E3,2026-01-20T23:41:45.379536937Z,01KFEWEZXNEDY2H8JE28VJABXP,2026-01-20T23:41:45.379536937Z
01KFEWYKKERK56T62AWZ6FWC6N,01KFEV38GJVYY8P8B7QXSW6BTE,2026-01-20T23:48:29.422438077Z,0,2026-01-20T23:48:31.093848714Z,C,2026-01-20T23:48:31.057491963Z,01KFEV38H0S2Y42XZDBCZ2KPGY,2026-01-20T23:48:29.422438077Z,01KFEWKWT6PWJAE8C8359J4DRM,2026-01-20T23:48:29.422438077Z,01KFEWVM93M1BAFYGWNY053C7Q,2026-01-20T23:48:29.422438077Z
01KFEVGX036YGJ641654S55GKG,01KFEV377XDCWB0CVW0E7ES8WB,2026-01-20T23:23:31.715429372Z,19,2026-01-20T23:23:35.622686493Z,C,2026-01-20T23:23:35.607940279Z,01KFEV378PDZP87HXSESW6BA01,2026-01-20T23:23:31.715429372Z,01KFEV79YCQMQRJYZ004NV66QN,2026-01-20T23:23:31.715429372Z,01KFEVF1Q29ZX430FYZMCC884K,2026-01-20T23:23:31.715429372Z
01KFEVJYK36TXBHSZTXMK990RE,01KFEV384BJYC62Y0E6AQK09K8,2026-01-20T23:24:38.883606739Z,19,2026-01-20T23:24:43.859331819Z,C,2026-01-20T23:24:40.830399191Z,01KFEV384Y33BFECW27AH8GSGD,2026-01-20T23:24:38.883606739Z,01KFEVF34Y0A3VWJYX9367Q9EA,2026-01-20T23:24:38.883606739Z,01KFEVHAP1ZGR28S54Q15ESMWZ,2026-01-20T23:24:38.883606739Z
01KFEVR3377GA9GREX3DEF278P,01KFEVMN9Q125N5N16W4WNYJXF,2026-01-20T23:27:27.335117109Z,0,2026-01-20T23:27:41.418145878Z,C,2026-01-20T23:27:41.391727678Z,01KFEVMNB841AFDZFM4WSW4FTD,2026-01-20T23:27:27.335117109Z,01KFEVC3J7JCZ73BZAKH9RH61D,2026-01-20T23:27:27.335117109Z,01KFEVPNFZCX04WK3RJCDA9DSA,2026-01-20T23:27:27.335117109Z
01KFEW3JKQDYJWZ7KEHB401RVS,01KFEV384BJYC62Y0E6AQK09K8,2026-01-20T23:33:43.671282777Z,10,2026-01-20T23:33:44.939300663Z,B,2026-01-20T23:33:44.818490432Z,01KFEV385166A8JYCZ9G4DMHRQ,2026-01-20T23:33:43.671282777Z,01KFEVWH8M80FFRA88HYSK2ZSQ,2026-01-20T23:33:43.671282777Z,01KFEW1AK7NCGSKANQ48AN6V23,2026-01-20T23:33:43.671282777Z
01KFEVS5A2CEEKX45CBH111PES,01KFEV37CWX6SQYA0RPR0C01MW,2026-01-20T23:28:02.370774032Z,20,2026-01-20T23:28:04.897666115Z,A,2026-01-20T23:28:04.867807056Z,01KFEV37DE991T271V0NJ5BY6K,2026-01-20T23:28:02.370774032Z,01KFEV7RE3Q2MQ5NN8AGQ7Y4PK,2026-01-20T23:28:02.370774032Z,01KFEVJEKNZ510AYKA5A7669HW,2026-01-20T23:28:02.370774032Z
01KFEVSWEBD5QE93N652KC095W,01KFEV38A01XZ4DPRPFKRE96P8,2026-01-20T23:28:26.059199328Z,0,2026-01-20T23:28:33.323688367Z,C,2026-01-20T23:28:33.297537952Z,01KFEV38AJ2CFPYBQZ58NH0V5J,2026-01-20T23:28:26.059199328Z,01KFEVB815BQW2TQ29HHMDQ2FB,2026-01-20T23:28:26.059199328Z,01KFEVJWS0K3DC7EYBN1SH6BCA,2026-01-20T23:28:26.059199328Z
01KFEVV9EGESRY4SEE5R378MBX,01KFEV37PBC6DGWCX0HT0QWYJR,2026-01-20T23:29:12.144167694Z,0,2026-01-20T23:29:15.922656658Z,B,2026-01-20T23:29:15.893654912Z,01KFEV37PV76WD06T50QFKE80T,2026-01-20T23:29:12.144167694Z,01KFEVJMQNGBVWZMGKK0EQB935,2026-01-20T23:29:12.144167694Z,01KFEVS2ZS0Q9JMWBXYXR9JRBV,2026-01-20T23:29:12.144167694Z
01KFEWD5EG5V81J9CF5C59WA20,01KFEV38GJVYY8P8B7QXSW6BTE,2026-01-20T23:38:57.872099118Z,10,2026-01-20T23:39:02.320143898Z,B,2026-01-20T23:39:02.282394078Z,01KFEV38H8T2V9428VC9T7MEBA,2026-01-20T23:38:57.872099118Z,01KFEW5BKPC6PA6AD6TVFX3GTH,2026-01-20T23:38:57.872099118Z,01KFEWB94KQ2XE0PFRQY8WXWM9,2026-01-20T23:38:57.872099118Z
01KFEW78S1RMA2SJX49YZ0T03Z,01KFEV38GJVYY8P8B7QXSW6BTE,2026-01-20T23:35:44.673371992Z,29,2026-01-20T23:35:50.390671988Z,C,2026-01-20T23:35:45.634527682Z,01KFEV38H48T18ZRM15RETR33C,2026-01-20T23:35:44.673371992Z,01KFEVVPVMNR90RS0DGAX989B7,2026-01-20T23:35:44.673371992Z,01KFEW2K6PK2TX8PWJC4BQBRD3,2026-01-20T23:35:44.673371992Z
01KFEW7TZAVGHEFV4EP6GB07ZT,01KFEV38GJVYY8P8B7QXSW6BTE,2026-01-20T23:36:03.306269531Z,0,2026-01-20T23:36:06.079869835Z,C,2026-01-20T23:36:04.70610552Z,01KFEV38H48T18ZRM15RETR33C,2026-01-20T23:36:03.306269531Z,01KFEVVPVMNR90RS0DGAX989B7,2026-01-20T23:36:03.306269531Z,01KFEW2K6EXRH56RSZWHGJ4HT4,2026-01-20T23:36:03.306269531Z
01KFEWBXFR0WR0TNESD8660QWZ,01KFEV38A01XZ4DPRPFKRE96P8,2026-01-20T23:38:16.952280218Z,10,2026-01-20T23:38:26.69646432Z,B,2026-01-20T23:38:26.653612289Z,01KFEV38AJ2CFPYBQZ5JKK7PV4,2026-01-20T23:38:16.952280218Z,01KFEW61CSGZMFE4TZ96QA9A06,2026-01-20T23:38:16.952280218Z,01KFEW9RSFEJJVTBV3T46PNXTC,2026-01-20T23:38:16.952280218Z
01KFEVMYGPYH9PZBKX82VG17AJ,01KFEV37PBC6DGWCX0HT0QWYJR,2026-01-20T23:25:44.343024189Z,29,2026-01-20T23:25:47.796543284Z,C,2026-01-20T23:25:45.862401829Z,01KFEV37PYV9HETXX2PC055NBT,2026-01-20T23:25:44.343024189Z,01KFEV9QWYR4DNTS4QCCENEARJ,2026-01-20T23:25:44.343024189Z,01KFEVH48F86SXRFG4F77MN5NS,2026-01-20T23:25:44.343024189Z
01KFEVTSWR2CY2688B8JQPB0ZS,01KFEVMN9Q125N5N16W4WNYJXF,2026-01-20T23:28:56.216058545Z,17,2026-01-20T23:29:02.011900888Z,D,2026-01-20T23:29:01.794844079Z,01KFEVMNB841AFDZFM4WSW4FTD,2026-01-20T23:28:56.216058545Z,01KFEVC3J7JCZ73BZAKH9RH61D,2026-01-20T23:28:56.216058545Z,01KFEVPNGV8RZG6TW9YBSNA141,2026-01-20T23:28:56.216058545Z
01KFEW4AK0CM6T3GXXF953JKXJ,01KFEV384BJYC62Y0E6AQK09K8,2026-01-20T23:34:08.224806652Z,10,2026-01-20T23:34:09.990852913Z,B,2026-01-20T23:34:09.303364067Z,01KFEV385166A8JYCZ9G4DMHRQ,2026-01-20T23:34:08.224806652Z,01KFEVWH8M80FFRA88HYSK2ZSQ,2026-01-20T23:34:08.224806652Z,01KFEW1AJ55D8GCPXGH2ZM6TDK,2026-01-20T23:34:08.224806652Z
01KFEW6J0GW0Y337R14XZQW24M,01KFEV38A01XZ4DPRPFKRE96P8,2026-01-20T23:35:21.360233783Z,10,2026-01-20T23:35:25.903340398Z,B,2026-01-20T23:35:25.86700193Z,01KFEV38AHTHHCNTDGHAJN0GXG,2026-01-20T23:35:21.360233783Z,01KFEVW9PV7SJ42VT7GTTE4SGT,2026-01-20T23:35:21.360233783Z,01KFEW29YCZ8S174VM388XCKN4,2026-01-20T23:35:21.360233783Z
01KFEWDPQBX0ER4EW23ZHNBXSS,01KFEV38A01XZ4DPRPFKRE96P8,2026-01-20T23:39:15.563374906Z,17,2026-01-20T23:39:19.034404651Z,D,2026-01-20T23:39:17.886489254Z,01KFEV38AJ2CFPYBQZ5JKK7PV4,2026-01-20T23:39:15.563374906Z,01KFEW61CSGZMFE4TZ96QA9A06,2026-01-20T23:39:15.563374906Z,01KFEW9RRQZJ10JQ2H4R3MFBWJ,2026-01-20T23:39:15.563374906Z
01KFEWEJ39ABTG57B8K7PDEKJ9,01KFEV38A01XZ4DPRPFKRE96P8,2026-01-20T23:39:43.593410847Z,17,2026-01-20T23:39:53.886430866Z,D,2026-01-20T23:39:53.854797992Z,01KFEV38AJ2CFPYBQZ5JKK7PV4,2026-01-20T23:39:43.593410847Z,01KFEW61CSGZMFE4TZ96QA9A06,2026-01-20T23:39:43.593410847Z,01KFEW9RRB19NTDMQ39CJ149E9,2026-01-20T23:39:43.593410847Z
01KFEVETEQSSBR63TANC6HE7CP,01KFEV2BZFDRZBG3Y0249RG1TW,2026-01-20T23:22:23.575942731Z,20,2026-01-20T23:22:28.54349116Z,B,2026-01-20T23:22:28.52432974Z,01KFEV2C0CP35QE41ZMH45J8TZ,2026-01-20T23:22:23.575942731Z,01KFEV4PQ8V0QGQVX4KK2FPFJR,2026-01-20T23:22:23.575942731Z,01KFEVB8G0C42CFSXF2A2BHMKE,2026-01-20T23:22:23.575942731Z
01KFEVKTMQM04XVX40MQZBS4CW,01KFEV377XDCWB0CVW0E7ES8WB,2026-01-20T23:25:07.607417229Z,0,2026-01-20T23:25:11.240551052Z,C,2026-01-20T23:25:11.219941813Z,01KFEV378H0PY96RNMJFNCN7TE,2026-01-20T23:25:07.607417229Z,01KFEVA045MDV6WERMTEQ3VAYR,2026-01-20T23:25:07.607417229Z,01KFEVEHGQDBJ2RJG3S3R11MY8,2026-01-20T23:25:07.607417229Z
01KFEVNN2H6SQSWZDXBACKEKRX,01KFEV377XDCWB0CVW0E7ES8WB,2026-01-20T23:26:07.441357662Z,20,2026-01-20T23:26:08.79823057Z,B,2026-01-20T23:26:08.777202773Z,01KFEV378FNG971PBW7B2SPNC6,2026-01-20T23:26:07.441357662Z,01KFEV82H962BNCCRXPB524628,2026-01-20T23:26:07.441357662Z,01KFEVJNRF52FGSEND6NF55RT9,2026-01-20T23:26:07.441357662Z
01KFEW2G4KDCXPEZBW60ZRTNBB,01KFEV37PBC6DGWCX0HT0QWYJR,2026-01-20T23:33:08.371479713Z,19,2026-01-20T23:33:13.974833434Z,C,2026-01-20T23:33:09.136650062Z,01KFEV37Q0WSYAYKWHM2EXN0DN,2026-01-20T23:33:08.371479713Z,01KFEVWYACX0Z3X7HHHK5DSTDD,2026-01-20T23:33:08.371479713Z,01KFEW0G9JQ4V4CCAST3DCAZYQ,2026-01-20T23:33:08.371479713Z
01KFEW2D1SR3R3DFS42PG2ADD6,01KFEV384BJYC62Y0E6AQK09K8,2026-01-20T23:33:05.209628585Z,10,2026-01-20T23:33:09.576230814Z,B,2026-01-20T23:33:08.735498619Z,01KFEV385166A8JYCZ9G4DMHRQ,2026-01-20T23:33:05.209628585Z,01KFEVWH8M80FFRA88HYSK2ZSQ,2026-01-20T23:33:05.209628585Z,01KFEW1AGWTEZX6BMYHVQ8HP0D,2026-01-20T23:33:05.209628585Z
01KFEWHQT0JWKBTSWAH2ETKE23,01KFEVMN9Q125N5N16W4WNYJXF,2026-01-20T23:41:27.744941272Z,20,2026-01-20T23:41:30.504381997Z,B,2026-01-20T23:41:30.4611599Z,01KFEVMNAWK7WRWM1AMQZKX6SA,2026-01-20T23:41:27.744941272Z,01KFEW3YJBR4HT7BADWRSVJQV5,2026-01-20T23:41:27.744941272Z,01KFEWE8VFX5MKT559QS5XEW3G,2026-01-20T23:41:27.744941272Z
01KFEVB9HQ6PAVHGJ0NKXC95W1,01KFEV2BZFDRZBG3Y0249RG1TW,2026-01-20T23:20:27.959333561Z,19,2026-01-20T23:21:13.203608407Z,C,2026-01-20T23:21:13.190259286Z,01KFEV2C0CP35QE41ZMH45J8TZ,2026-01-20T23:20:27.959333561Z,01KFEV4PQ8V0QGQVX4KK2FPFJR,2026-01-20T23:20:27.959333561Z,01KFEVB8FPPEBGT93HPZRSG1EY,2026-01-20T23:20:27.959333561Z
01KFEVMK8E5YFE8CASW17CA144,01KFEV37CWX6SQYA0RPR0C01MW,2026-01-20T23:25:32.814041352Z,19,2026-01-20T23:25:36.845245022Z,C,2026-01-20T23:25:36.809386057Z,01KFEV37DE991T271V0BRDHRJW,2026-01-20T23:25:32.814041352Z,01KFEV8CTFEWEE7C0ZM9KMYRSE,2026-01-20T23:25:32.814041352Z,01KFEVGBD8T8SFCQH95NHF15WG,2026-01-20T23:25:32.814041352Z
01KFEVNHF8SWBVN9APDV95Q1YN,01KFEV377XDCWB0CVW0E7ES8WB,2026-01-20T23:26:03.752939063Z,29,2026-01-20T23:26:11.129561937Z,C,2026-01-20T23:26:10.098844652Z,01KFEV378H0PY96RNMJTMM0E4X,2026-01-20T23:26:03.752939063Z,01KFEV8K48Q5MVC88J4XCQXRFY,2026-01-20T23:26:03.752939063Z,01KFEVFBCEAYV4KEWZF78ZTA1K,2026-01-20T23:26:03.752939063Z
01KFEVT82EP1X2HXCFA3425HDY,01KFEVMN9Q125N5N16W4WNYJXF,2026-01-20T23:28:37.966487056Z,29,2026-01-20T23:28:41.78963858Z,C,2026-01-20T23:28:41.758887326Z,01KFEVMNB841AFDZFM4WSW4FTD,2026-01-20T23:28:37.966487056Z,01KFEVB2WK99SDZDFQAW6KYB9M,2026-01-20T23:28:37.966487056Z,01KFEVPNGFQYEVQ3XPBR3QGGJZ,2026-01-20T23:28:37.966487056Z
01KFEW4FWBYZGH69ZDHV4SP4Q2,01KFEV37PBC6DGWCX0HT0QWYJR,2026-01-20T23:34:13.64368682Z,0,2026-01-20T23:34:15.860232821Z,D,2026-01-20T23:34:15.828147959Z,01KFEV37Q0WSYAYKWHM2EXN0DN,2026-01-20T23:34:13.64368682Z,01KFEVWXXVHBHP5S1AZQQ4JZFK,2026-01-20T23:34:13.64368682Z,01KFEW0GAZ5DP9RP3YRAEEZFCY,2026-01-20T23:34:13.64368682Z
01KFEV9A0XG40PP2XY4ASR68MV,01KFEV2BZFDRZBG3Y0249RG1TW,2026-01-20T23:19:22.909834134Z,20,2026-01-20T23:19:27.233000638Z,B,2026-01-20T23:19:27.221132733Z,01KFEV2C08ND9C9BYW8N2T146P,2026-01-20T23:19:22.909834134Z,01KFEV46YBCF5X09FCFJF4VDEY,2026-01-20T23:19:22.909834134Z,01KFEV9921HAKCJZWRN603XZDD,2026-01-20T23:19:22.909834134Z
01KFEVHAZEPRVGFBHHNWGS161Z,01KFEV377XDCWB0CVW0E7ES8WB,2026-01-20T23:23:46.030436741Z,0,2026-01-20T23:23:52.964495014Z,C,2026-01-20T23:23:52.95097037Z,01KFEV378H0PY96RNMJFNCN7TE,2026-01-20T23:23:46.030436741Z,01KFEVA045MDV6WERMTEQ3VAYR,2026-01-20T23:23:46.030436741Z,01KFEVEHGBCMP7V8TCE6N6N4MW,2026-01-20T23:23:46.030436741Z
01KFEVKZGE4KQ874W51ST3NSXX,01KFEV377XDCWB0CVW0E7ES8WB,2026-01-20T23:25:12.590259122Z,0,2026-01-20T23:25:13.858080994Z,C,2026-01-20T23:25:13.500989064Z,01KFEV378H0PY96RNMJFNCN7TE,2026-01-20T23:25:12.590259122Z,01KFEV86DXXGMH25YQ8QC6JEB7,2026-01-20T23:25:12.590259122Z,01KFEVEHGP0J883B9NZZXAN747,2026-01-20T23:25:12.590259122Z
01KFEW418SZDQ53A4G94T8GKSM,01KFEV37PBC6DGWCX0HT0QWYJR,2026-01-20T23:33:58.681492049Z,17,2026-01-20T23:34:03.601795271Z,D,2026-01-20T23:34:01.547696605Z,01KFEV37Q0WSYAYKWHM2EXN0DN,2026-01-20T23:33:58.681492049Z,01KFEVWYACX0Z3X7HHHK5DSTDD,2026-01-20T23:33:58.681492049Z,01KFEW0GBS72KYHGYA38PRV8M7,2026-01-20T23:33:58.681492049Z
01KFEW94YY81NMJTKT8XTH199E,01KFEVMNF44NEM58ETFST7KTWM,2026-01-20T23:36:46.302150714Z,,,,,01KFEVMNH60E845G0BNN18WWCX,2026-01-20T23:36:46.302150714Z,01KFEVT25T940Z2TG7G91WJBKE,2026-01-20T23:36:46.302150714Z,01KFEW7PPS3WY56P8146ET606Q,2026-01-20T23:36:46.302150714Z
01KFEWCBYGH7304HG94J65BBQX,01KFEV384BJYC62Y0E6AQK09K8,2026-01-20T23:38:31.760473417Z,19,2026-01-20T23:38:37.190716862Z,C,2026-01-20T23:38:37.160031074Z,01KFEV384Z68A1Z7ZGWS1GDSZK,2026-01-20T23:38:31.760473417Z,01KFEW2C8HX8QQZV0FHE0EMNPN,2026-01-20T23:38:31.760473417Z,01KFEW9NF9DWA4J0HBQTHH1DYZ,2026-01-20T23:38:31.760473417Z
01KFEWH960T8GB5CYWH5AKFFD6,01KFEVMNF44NEM58ETFST7KTWM,2026-01-20T23:41:12.768426496Z,29,2026-01-20T23:41:17.420113812Z,C,2026-01-20T23:41:14.876585779Z,01KFEVMNHFNDCGHX9QBBFN387E,2026-01-20T23:41:12.768426496Z,01KFEW6A5E0ZVTNJ585Y831423,2026-01-20T23:41:12.768426496Z,01KFEWEZX1QCKQJZPSQCFEKWPP,2026-01-20T23:41:12.768426496Z
01KFEWX471SHTSAYEKG5SX2226,01KFEV38GJVYY8P8B7QXSW6BTE,2026-01-20T23:47:40.897717374Z,29,2026-01-20T23:47:43.08583216Z,C,2026-01-20T23:47:43.048400539Z,01KFEV38H0S2Y42XZDBCZ2KPGY,2026-01-20T23:47:40.897717374Z,01KFEWKWT6PWJAE8C8359J4DRM,2026-01-20T23:47:40.897717374Z,01KFEWVM7CQ9H0PTQTY7SKFW6P,2026-01-20T23:47:40.897717374Z
01KFEVHA2XE0K6CYYE981ZDJ7M,01KFEV377XDCWB0CVW0E7ES8WB,2026-01-20T23:23:45.117035697Z,0,2026-01-20T23:23:53.953716716Z,C,2026-01-20T23:23:53.937120186Z,01KFEV378H0PY96RNMJTMM0E4X,2026-01-20T23:23:45.117035697Z,01KFEV8TC8AZEPV3G36SCZ12C3,2026-01-20T23:23:45.117035697Z,01KFEVFBC119EVVS3DCZ8BFX5M,2026-01-20T23:23:45.117035697Z
01KFEVJCDMSA6T290WX1MNC02C,01KFEV377XDCWB0CVW0E7ES8WB,2026-01-20T23:24:20.276865623Z,17,2026-01-20T23:24:31.236525242Z,D,2026-01-20T23:24:30.273938343Z,01KFEV378H0PY96RNMJFNCN7TE,2026-01-20T23:24:20.276865623Z,01KFEVA045MDV6WERMTEQ3VAYR,2026-01-20T23:24:20.276865623Z,01KFEVEHGS0JDSCPZNZH3BDF1M,2026-01-20T23:24:20.276865623Z
01KFEVN60NEQ8W0YH89FAD5ZCN,01KFEV377XDCWB0CVW0E7ES8WB,2026-01-20T23:25:52.021530617Z,17,2026-01-20T23:25:59.297663986Z,D,2026-01-20T23:25:59.277840912Z,01KFEV378H0PY96RNMJTMM0E4X,2026-01-20T23:25:52.021530617Z,01KFEV8TC8AZEPV3G36SCZ12C3,2026-01-20T23:25:52.021530617Z,01KFEVFBCAGNBZPQ8S80FVD5F6,2026-01-20T23:25:52.021530617Z
01KFEW3YSSA8HKAG3362HHBDTQ,01KFEV38GJVYY8P8B7QXSW6BTE,2026-01-20T23:33:56.153877814Z,19,2026-01-20T23:34:22.060063395Z,C,2026-01-20T23:33:59.078955512Z,01KFEV38H48T18ZRM15RETR33C,2026-01-20T23:33:56.153877814Z,01KFEVYB6HS3VX2GA7D4G2GPMT,2026-01-20T23:33:56.153877814Z,01KFEW2K3YS06VARVY9G44T7TD,2026-01-20T23:33:56.153877814Z
01KFEVCK4R3F0E844WKD0F1C29,01KFEV2BZFDRZBG3Y0249RG1TW,2026-01-20T23:21:10.552348177Z,19,2026-01-20T23:21:18.385592477Z,C,2026-01-20T23:21:18.367391171Z,01KFEV2C0EQZAQP8AFWFARX9S3,2026-01-20T23:21:10.552348177Z,01KFEV4F59CE4SZAQ7AMYA0Y6G,2026-01-20T23:21:10.552348177Z,01KFEVCJJ5D5JFKFHHY6M7CQMN,2026-01-20T23:21:10.552348177Z
01KFEVMFJANT961E2BKPWVDQ73,01KFEV377XDCWB0CVW0E7ES8WB,2026-01-20T23:25:29.034652422Z,29,2026-01-20T23:25:32.319321864Z,C,2026-01-20T23:25:32.296180957Z,01KFEV378PDZP87HXSESW6BA01,2026-01-20T23:25:29.034652422Z,01KFEV79YCQMQRJYZ004NV66QN,2026-01-20T23:25:29.034652422Z,01KFEVF1QPFHJRQAHKCB8DRQ6Y,2026-01-20T23:25:29.034652422Z
01KFEVVTVPHSM4VAVRS7MP1X8A,01KFEV37CWX6SQYA0RPR0C01MW,2026-01-20T23:29:29.974901976Z,0,2026-01-20T23:29:39.275727115Z,C,2026-01-20T23:29:34.932265591Z,01KFEV37DAAK9E08F076WKMM6J,2026-01-20T23:29:29.974901976Z,01KFEVH10BYAXDVW828R4A2D8P,2026-01-20T23:29:29.974901976Z,01KFEVRWS6SQ4NE2BVQ7YM3A1B,2026-01-20T23:29:29.974901976Z
01KFEW78GA0846ZVBRVFM1P9NS,01KFEV38A01XZ4DPRPFKRE96P8,2026-01-20T23:35:44.394273791Z,29,2026-01-20T23:35:49.02533203Z,C,2026-01-20T23:35:46.482819141Z,01KFEV38AHTHHCNTDGHAJN0GXG,2026-01-20T23:35:44.394273791Z,01KFEVW9PV7SJ42VT7GTTE4SGT,2026-01-20T23:35:44.394273791Z,01KFEW29Z465YRECJRGWFN7MQK,2026-01-20T23:35:44.394273791Z
01KFEWM1BH5N3R92ACZE9Q7RVV,01KFEVMNF44NEM58ETFST7KTWM,2026-01-20T23:42:43.057440761Z,29,2026-01-20T23:42:46.348203333Z,C,2026-01-20T23:42:46.301964668Z,01KFEVMNHFNDCGHX9QBBFN387E,2026-01-20T23:42:43.057440761Z,01KFEW6A5E0ZVTNJ585Y831423,2026-01-20T23:42:43.057440761Z,01KFEWEZYP42AF5N6JACS5HZ97,2026-01-20T23:42:43.057440761Z
01KFEVJ7AA4ZGGC5HNRGW10K64,01KFEV384BJYC62Y0E6AQK09K8,2026-01-20T23:24:15.050352774Z,17,2026-01-20T23:24:20.087120688Z,D,2026-01-20T23:24:19.608577799Z,01KFEV384Y33BFECW27AH8GSGD,2026-01-20T23:24:15.050352774Z,01KFEVCQTYNZYE4TGA9WFYBM2V,2026-01-20T23:24:15.050352774Z,01KFEVHANZWYMMJ585A25SK7SB,2026-01-20T23:24:15.050352774Z
01KFEVRRX7TJ7KXY2W5C792TGN,01KFEV37CWX6SQYA0RPR0C01MW,2026-01-20T23:27:49.671251697Z,0,2026-01-20T23:27:58.940360968Z,C,2026-01-20T23:27:51.776761795Z,01KFEV37DE991T271V0NJ5BY6K,2026-01-20T23:27:49.671251697Z,01KFEV7RE3Q2MQ5NN8AGQ7Y4PK,2026-01-20T23:27:49.671251697Z,01KFEVJEKGMYFZA2VJEASABFYY,2026-01-20T23:27:49.671251697Z
01KFEVXY6WWD0NZ0JX3G8EYFP2,01KFEV37CWX6SQYA0RPR0C01MW,2026-01-20T23:30:38.9410318Z,17,2026-01-20T23:30:47.434379448Z,D,2026-01-20T23:30:42.220488591Z,01KFEV37DAAK9E08F076WKMM6J,2026-01-20T23:30:38.9410318Z,01KFEVH10BYAXDVW828R4A2D8P,2026-01-20T23:30:38.9410318Z,01KFEVRWT61HC9BSHHM7YRQS2Z,2026-01-20T23:30:38.9410318Z
01KFEW64V8KG09PMESWSP4A8EH,01KFEVMN9Q125N5N16W4WNYJXF,2026-01-20T23:35:07.880330887Z,0,2026-01-20T23:35:13.396325461Z,D,2026-01-20T23:35:13.35449815Z,01KFEVMNBC23RB4D79KEQ4G0VS,2026-01-20T23:35:07.880330887Z,01KFEVX608THP5F5HX3GYF0X1K,2026-01-20T23:35:07.880330887Z,01KFEW3VK8TWZN9VVEZ77C4AM8,2026-01-20T23:35:07.880330887Z
