id,batchID,batchIDLastChangedAt,costCorrect,costCorrectLastChangedAt,gameID,gameIDLastChangedAt,myGain,myGainLastChangedAt,playerID,playerIDLastChangedAt,roundID,roundIDLastChangedAt,stageID,stageIDLastChangedAt,submit,submitLastChangedAt
01KFEV9YQW545CGRVE81YTJ2DM,01KFEV2BZFDRZBG3Y0249RG1TW,2026-01-20T23:19:44.124848196Z,,,01KFEV2C08ND9C9BYW8N2T146P,2026-01-20T23:19:44.124848196Z,,,01KFEV46YBCF5X09FCFJF4VDEY,2026-01-20T23:19:44.124848196Z,01KFEV9923DJ5VCDJPCWV8F272,2026-01-20T23:19:44.124848196Z,01KFEV9944WW8FYX779HCGANJN,2026-01-20T23:19:44.124848196Z,true,2026-01-20T23:19:46.371126516Z
01KFEVH5E2TTSN865G728Z1RYP,01KFEV37PBC6DGWCX0HT0QWYJR,2026-01-20T23:23:40.354728442Z,,,01KFEV37PYV9HETXX2PC055NBT,2026-01-20T23:23:40.354728442Z,,,01KFEV9QWYR4DNTS4QCCENEARJ,2026-01-20T23:23:40.354728442Z,01KFEVH47JSXWXPCKZJ9NW3ZAE,2026-01-20T23:23:40.354728442Z,01KFEVH494FWTCC3KXKS15TP3F,2026-01-20T23:23:40.354728442Z,true,2026-01-20T23:23:47.802945111Z
01KFEVHY7A5J4ADNJA963HDSX9,01KFEV377XDCWB0CVW0E7ES8WB,2026-01-20T23:24:05.738419231Z,,,01KFEV378PDZP87HXSESW6BA01,2026-01-20T23:24:05.738419231Z,,,01KFEV6V20FH8Q8TGZN4SVCF5R,2026-01-20T23:24:05.738419231Z,01KFEVF1PYG8S0P7M884KS249T,2026-01-20T23:24:05.738419231Z,01KFEVF1WVS3HN3TMYER2GVT7B,2026-01-20T23:24:05.738419231Z,true,2026-01-20T23:24:11.194894598Z
01KFEVJG4CK1ZECTRKQB833YRV,01KFEV37CWX6SQYA0RPR0C01MW,2026-01-20T23:24:24.07650817Z,,,01KFEV37DE991T271V0BRDHRJW,2026-01-20T23:24:24.07650817Z,,,01KFEVBZC2S6960QVT8J14HPMN,2026-01-20T23:24:24.07650817Z,01KFEVGBC8432HRA3509G2MMDT,2026-01-20T23:24:24.07650817Z,01KFEVGBEXDAEYC0SFWBNDEJMJ,2026-01-20T23:24:24.07650817Z,true,2026-01-20T23:24:30.903173598Z
01KFEVND4VSVJZWAYDVVH08CZZ,01KFEV377XDCWB0CVW0E7ES8WB,2026-01-20T23:25:59.323359706Z,,,01KFEV378H0PY96RNMJTMM0E4X,2026-01-20T23:25:59.323359706Z,,,01KFEV8K48Q5MVC88J4XCQXRFY,2026-01-20T23:25:59.323359706Z,01KFEVFBCAGNBZPQ8S80FVD5F6,2026-01-20T23:25:59.323359706Z,01KFEVFBJM825RK5TAGDE0GGZX,2026-01-20T23:25:59.323359706Z,true,2026-01-20T23:26:03.668832154Z
01KFEW283ZJSJZ8C4K3D9JWKSD,01KFEV37PBC6DGWCX0HT0QWYJR,2026-01-20T23:33:00.159641707Z,,,01KFEV37Q0WSYAYKWHM2EXN0DN,2026-01-20T23:33:00.159641707Z,,,01KFEVWYACX0Z3X7HHHK5DSTDD,2026-01-20T23:33:00.159641707Z,01KFEW0G9D7HY4DT2F92JJP28V,2026-01-20T23:33:00.159641707Z,01KFEW0GFXV3D7Q3SSH69273Q1,2026-01-20T23:33:00.159641707Z,true,2026-01-20T23:33:01.311281913Z
01KFEVA10H04AHBB0DAPS9154B,01KFEV2BZFDRZBG3Y0249RG1TW,2026-01-20T23:19:46.449371942Z,,,01KFEV2C08ND9C9BYW8N2T146P,2026-01-20T23:19:46.449371942Z,,,01KFEV4APCG117QZ1ZVXNKCJFC,2026-01-20T23:19:46.449371942Z,01KFEV9922CCX65P8NS08ZA7AP,2026-01-20T23:19:46.449371942Z,01KFEV994VD7GN1HJTR3A7FKA5,2026-01-20T23:19:46.449371942Z,true,2026-01-20T23:19:47.478445839Z
01KFEVKV3NWNZ3ZKDE6E8BW46G,01KFEV38A01XZ4DPRPFKRE96P8,2026-01-20T23:25:08.085545264Z,true,2026-01-20T23:25:18.910788719Z,01KFEV38AJ2CFPYBQZ58NH0V5J,2026-01-20T23:25:08.085545264Z,0,2026-01-20T23:25:17.6020122Z,01KFEVB815BQW2TQ29HHMDQ2FB,2026-01-20T23:25:08.085545264Z,01KFEVJWS4XRB4HTW161W2F47D,2026-01-20T23:25:08.085545264Z,01KFEVJWT5KCMT0JG5Y7V40M1E,2026-01-20T23:25:08.085545264Z,true,2026-01-20T23:25:21.929888419Z
01KFEVNRPZF4YNJZSCH17AYX2Y,01KFEV377XDCWB0CVW0E7ES8WB,2026-01-20T23:26:11.167063008Z,,,01KFEV378H0PY96RNMJTMM0E4X,2026-01-20T23:26:11.167063008Z,,,01KFEV8K48Q5MVC88J4XCQXRFY,2026-01-20T23:26:11.167063008Z,01KFEVFBCEAYV4KEWZF78ZTA1K,2026-01-20T23:26:11.167063008Z,01KFEVFBK7MTNKC9MEC5EF6HC7,2026-01-20T23:26:11.167063008Z,true,2026-01-20T23:26:15.94136759Z
01KFEWKEHFFDPKDB92Z3RH4MT5,01KFEV38A01XZ4DPRPFKRE96P8,2026-01-20T23:42:23.791093547Z,,,01KFEV38AGG0Y2K5R4FB90SKZX,2026-01-20T23:42:23.791093547Z,,,01KFEWAGFM06B6QMJF19QXPE10,2026-01-20T23:42:23.791093547Z,01KFEWKAKZA6T6FZQK6APKC6X7,2026-01-20T23:42:23.791093547Z,01KFEWKAS44PVQ1N4AD7J5MFAJ,2026-01-20T23:42:23.791093547Z,,
01KFEVNWGECNPZ2KHCABTKN8EZ,01KFEV37CWX6SQYA0RPR0C01MW,2026-01-20T23:26:15.054102102Z,,,01KFEV37DE991T271V0BRDHRJW,2026-01-20T23:26:15.054102102Z,,,01KFEV8CTFEWEE7C0ZM9KMYRSE,2026-01-20T23:26:15.054102102Z,01KFEVGBDGJG5AGHRSTRJ3T74K,2026-01-20T23:26:15.054102102Z,01KFEVGBNAJP4247DGJT8JS0HC,2026-01-20T23:26:15.054102102Z,true,2026-01-20T23:26:16.778462002Z
01KFEVNXREMW93H74ZDAXQEF8V,01KFEV377XDCWB0CVW0E7ES8WB,2026-01-20T23:26:16.334775556Z,,,01KFEV378FNG971PBW7B2SPNC6,2026-01-20T23:26:16.334775556Z,,,01KFEVCRBGBMN5MZZVZA8FPX1Z,2026-01-20T23:26:16.334775556Z,01KFEVJNR9280S2KWAWZH5CR01,2026-01-20T23:26:16.334775556Z,01KFEVJP0CC5GDASGWGTPZZW1R,2026-01-20T23:26:16.334775556Z,true,2026-01-20T23:26:18.700193566Z
01KFEVS5BYX1VNSM6RRFZJR7GT,01KFEV37CWX6SQYA0RPR0C01MW,2026-01-20T23:28:02.430038985Z,,,01KFEV37DE991T271V0NJ5BY6K,2026-01-20T23:28:02.430038985Z,,,01KFEVD9ZATE7H5N364WWPAV31,2026-01-20T23:28:02.430038985Z,01KFEVJEKNZ510AYKA5A7669HW,2026-01-20T23:28:02.430038985Z,01KFEVJESCKPNZBNE5RKM5DVA0,2026-01-20T23:28:02.430038985Z,true,2026-01-20T23:28:04.073010785Z
01KFEVTTCR9DYEYY5XDFDDZWGZ,01KFEV37PBC6DGWCX0HT0QWYJR,2026-01-20T23:28:56.72812876Z,,,01KFEV37PV76WD06T50QFKE80T,2026-01-20T23:28:56.72812876Z,,,01KFEVJMQNGBVWZMGKK0EQB935,2026-01-20T23:28:56.72812876Z,01KFEVS2Z9EQT2Y1JNWRXDGX7J,2026-01-20T23:28:56.72812876Z,01KFEVS345QSDN728AM6R7ANVS,2026-01-20T23:28:56.72812876Z,true,2026-01-20T23:29:00.957434335Z
01KFEW75A1MV2GSWNRWVHMWJ7C,01KFEV38GJVYY8P8B7QXSW6BTE,2026-01-20T23:35:41.121767167Z,,,01KFEV38H48T18ZRM15RETR33C,2026-01-20T23:35:41.121767167Z,,,01KFEVYB6HS3VX2GA7D4G2GPMT,2026-01-20T23:35:41.121767167Z,01KFEW2K6YFW0YHD45MRGH06TF,2026-01-20T23:35:41.121767167Z,01KFEW2KFYBK8SXGPNRXHVNHA9,2026-01-20T23:35:41.121767167Z,true,2026-01-20T23:35:42.1309493Z
01KFEWF77KS298JNYGB6WRKFNJ,01KFEV38GJVYY8P8B7QXSW6BTE,2026-01-20T23:40:05.267848633Z,,,01KFEV38H8T2V9428VC9T7MEBA,2026-01-20T23:40:05.267848633Z,,,01KFEW5BKPC6PA6AD6TVFX3GTH,2026-01-20T23:40:05.267848633Z,01KFEWB967BF5HCPTFD5ASW09Z,2026-01-20T23:40:05.267848633Z,01KFEWB9NQ31D1T96Z56SCS8PY,2026-01-20T23:40:05.267848633Z,true,2026-01-20T23:40:06.983899566Z
01KFEWCF4R1DCF1Z0MYPSM04CY,01KFEV38GJVYY8P8B7QXSW6BTE,2026-01-20T23:38:35.032765617Z,,,01KFEV38H8T2V9428VC9T7MEBA,2026-01-20T23:38:35.032765617Z,,,01KFEW5105FT4T963R9Z6AZ67Y,2026-01-20T23:38:35.032765617Z,01KFEWB933XTP1JVD282ZB991C,2026-01-20T23:38:35.032765617Z,01KFEWB9A300WRN1N4KJBP9Z0Z,2026-01-20T23:38:35.032765617Z,true,2026-01-20T23:38:42.626970746Z
01KFEWD9V12WXHR87V40K0X5AD,01KFEV38GJVYY8P8B7QXSW6BTE,2026-01-20T23:39:02.369148612Z,,,01KFEV38H8T2V9428VC9T7MEBA,2026-01-20T23:39:02.369148612Z,,,01KFEW5BKPC6PA6AD6TVFX3GTH,2026-01-20T23:39:02.369148612Z,01KFEWB94KQ2XE0PFRQY8WXWM9,2026-01-20T23:39:02.369148612Z,01KFEWB9CZCFCFGMP4CVNQWGXC,2026-01-20T23:39:02.369148612Z,true,2026-01-20T23:39:09.559769876Z
01KFEVJYPR0PAJAH8KFZYAS96A,01KFEV377XDCWB0CVW0E7ES8WB,2026-01-20T23:24:39.000295832Z,true,2026-01-20T23:24:51.580023269Z,01KFEV378FNG971PBW7B2SPNC6,2026-01-20T23:24:39.000295832Z,20,2026-01-20T23:24:47.740906539Z,01KFEV82H962BNCCRXPB524628,2026-01-20T23:24:39.000295832Z,01KFEVJNQJE7J4E2J63H5S7H5Q,2026-01-20T23:24:39.000295832Z,01KFEVJNSEQEPSC5HXT8MW20GC,2026-01-20T23:24:39.000295832Z,true,2026-01-20T23:24:54.659337803Z
01KFEVKN8614SA5B77VVPKP0VN,01KFEV384BJYC62Y0E6AQK09K8,2026-01-20T23:25:02.086232696Z,,,01KFEV384Y33BFECW27AH8GSGD,2026-01-20T23:25:02.086232696Z,,,01KFEVCQTYNZYE4TGA9WFYBM2V,2026-01-20T23:25:02.086232696Z,01KFEVHAPDQ8SED7WGPAM28VFT,2026-01-20T23:25:02.086232696Z,01KFEVHATJXPN1CTQP5V92HW4M,2026-01-20T23:25:02.086232696Z,true,2026-01-20T23:25:05.626885698Z
01KFEVKYMY7DEZ7P862EGJX3BX,01KFEV384BJYC62Y0E6AQK09K8,2026-01-20T23:25:11.710516222Z,,,01KFEV384Y33BFECW27AH8GSGD,2026-01-20T23:25:11.710516222Z,,,01KFEVCQTYNZYE4TGA9WFYBM2V,2026-01-20T23:25:11.710516222Z,01KFEVHAPGWZJCVM4Z19V75XGE,2026-01-20T23:25:11.710516222Z,01KFEVHAV8YZYQF1D6XF3FXVY4,2026-01-20T23:25:11.710516222Z,true,2026-01-20T23:25:13.413207858Z
01KFEVM4XDYXH7GHW443B6CNBX,01KFEV384BJYC62Y0E6AQK09K8,2026-01-20T23:25:18.125225042Z,,,01KFEV384Y33BFECW27AH8GSGD,2026-01-20T23:25:18.125225042Z,,,01KFEVCQTYNZYE4TGA9WFYBM2V,2026-01-20T23:25:18.125225042Z,01KFEVHAPNHDSTG2VZVHXASK93,2026-01-20T23:25:18.125225042Z,01KFEVHAWAYP1J590Q9B24ATPH,2026-01-20T23:25:18.125225042Z,true,2026-01-20T23:25:22.284042706Z
01KFEVPTFTMEV5W8EQ15JBGSZD,01KFEV37PBC6DGWCX0HT0QWYJR,2026-01-20T23:26:45.754833125Z,,,01KFEV37PYV9HETXX2PSGE1RKD,2026-01-20T23:26:45.754833125Z,,,01KFEVDMPGK2KG6CGRXX80WQ5A,2026-01-20T23:26:45.754833125Z,01KFEVKCN4ZM7M5WXWCANY7678,2026-01-20T23:26:45.754833125Z,01KFEVKCST73KK8CVPG52VBNWN,2026-01-20T23:26:45.754833125Z,true,2026-01-20T23:26:52.263774206Z
01KFEW4918Z58VY8F9AFC8DB6D,01KFEVMN9Q125N5N16W4WNYJXF,2026-01-20T23:34:06.632371964Z,true,2026-01-20T23:34:25.714801422Z,01KFEVMNBC23RB4D79KEQ4G0VS,2026-01-20T23:34:06.632371964Z,10,2026-01-20T23:34:24.440486479Z,01KFEVX608THP5F5HX3GYF0X1K,2026-01-20T23:34:06.632371964Z,01KFEW3VP28YF1EKPX4Q9AW06S,2026-01-20T23:34:06.632371964Z,01KFEW3VPTZZNH40B7MWATR3PT,2026-01-20T23:34:06.632371964Z,true,2026-01-20T23:34:28.739447385Z
01KFEVB271A8VMC7V6AQTYDDFW,01KFEV2BZFDRZBG3Y0249RG1TW,2026-01-20T23:20:20.449075392Z,,,01KFEV2C08ND9C9BYW8N2T146P,2026-01-20T23:20:20.449075392Z,,,01KFEV4APCG117QZ1ZVXNKCJFC,2026-01-20T23:20:20.449075392Z,01KFEV992EGQ6JEDWT7CNXP7AX,2026-01-20T23:20:20.449075392Z,01KFEV998M6CZMY5M031ES74WD,2026-01-20T23:20:20.449075392Z,true,2026-01-20T23:20:21.737346366Z
01KFEVJQP13RZS3EG6TNVZRH3S,01KFEV377XDCWB0CVW0E7ES8WB,2026-01-20T23:24:31.809477886Z,,,01KFEV378H0PY96RNMJTMM0E4X,2026-01-20T23:24:31.809477886Z,,,01KFEV8K48Q5MVC88J4XCQXRFY,2026-01-20T23:24:31.809477886Z,01KFEVFBC7KD30QSSEZXA6VZYZ,2026-01-20T23:24:31.809477886Z,01KFEVFBGF6G4T15VT507M1SC6,2026-01-20T23:24:31.809477886Z,true,2026-01-20T23:24:34.810220846Z
01KFEVY6HJEQ7YC1DS4SA89STA,01KFEV37CWX6SQYA0RPR0C01MW,2026-01-20T23:30:47.474509212Z,,,01KFEV37DAAK9E08F076WKMM6J,2026-01-20T23:30:47.474509212Z,,,01KFEVGWWQWT7BAZNJDAAA325H,2026-01-20T23:30:47.474509212Z,01KFEVRWT61HC9BSHHM7YRQS2Z,2026-01-20T23:30:47.474509212Z,01KFEVRX64YETNH44H17MNYBNS,2026-01-20T23:30:47.474509212Z,true,2026-01-20T23:30:51.74466853Z
01KFEW3QS7A6J2ZQDZD02DD8P7,01KFEV384BJYC62Y0E6AQK09K8,2026-01-20T23:33:48.967798326Z,true,2026-01-20T23:33:56.43948102Z,01KFEV385166A8JYCZ9G4DMHRQ,2026-01-20T23:33:48.967798326Z,10,2026-01-20T23:33:55.773460174Z,01KFEVWH8M80FFRA88HYSK2ZSQ,2026-01-20T23:33:48.967798326Z,01KFEW1AJZPPPE7Z0G8BBR056M,2026-01-20T23:33:48.967798326Z,01KFEW1AY89RPCCQK9FRK79836,2026-01-20T23:33:48.967798326Z,true,2026-01-20T23:33:59.444464211Z
01KFEWWT000HMZGC9KHMDB4MB0,01KFEV38GJVYY8P8B7QXSW6BTE,2026-01-20T23:47:30.432119372Z,,,01KFEV38H0S2Y42XZDBCZ2KPGY,2026-01-20T23:47:30.432119372Z,,,01KFEWA3ZKFQRVCEG62F0BJCT3,2026-01-20T23:47:30.432119372Z,01KFEWVM6P4FVA6Y7RWXQ75670,2026-01-20T23:47:30.432119372Z,01KFEWVMEPHVWNJZ034G9R3W39,2026-01-20T23:47:30.432119372Z,true,2026-01-20T23:47:33.713388516Z
01KFEW48WQZ4B488ESYF5P1R78,01KFEV384BJYC62Y0E6AQK09K8,2026-01-20T23:34:06.487250938Z,,,01KFEV385166A8JYCZ9G4DMHRQ,2026-01-20T23:34:06.487250938Z,,,01KFEVY502SJ2FK1Q7WFM0PHB4,2026-01-20T23:34:06.487250938Z,01KFEW1AJFE0V8F0RV3DYC5PKP,2026-01-20T23:34:06.487250938Z,01KFEW1B0JBJNQAQQG78KTMA88,2026-01-20T23:34:06.487250938Z,true,2026-01-20T23:34:08.116742634Z
01KFEW48WWJB3KSNEPRVDG55CY,01KFEV384BJYC62Y0E6AQK09K8,2026-01-20T23:34:06.492816723Z,,,01KFEV385166A8JYCZ9G4DMHRQ,2026-01-20T23:34:06.492816723Z,,,01KFEVWH8M80FFRA88HYSK2ZSQ,2026-01-20T23:34:06.492816723Z,01KFEW1AJFE0V8F0RV3DYC5PKP,2026-01-20T23:34:06.492816723Z,01KFEW1B0JBJNQAQQG78KTMA88,2026-01-20T23:34:06.492816723Z,true,2026-01-20T23:34:07.709413426Z
01KFEWWC6KQDEB2TB8E6B58A3R,01KFEV38GJVYY8P8B7QXSW6BTE,2026-01-20T23:47:16.307164442Z,,,01KFEV38H0S2Y42XZDBCZ2KPGY,2026-01-20T23:47:16.307164442Z,,,01KFEWA3ZKFQRVCEG62F0BJCT3,2026-01-20T23:47:16.307164442Z,01KFEWVM69B5XT587JT9ZENQD3,2026-01-20T23:47:16.307164442Z,01KFEWVMCCTPMPPVRWAA8ATR81,2026-01-20T23:47:16.307164442Z,true,2026-01-20T23:47:21.924771715Z
01KFEVNFEG4MRV6MDGMMDSGFYP,01KFEV37CWX6SQYA0RPR0C01MW,2026-01-20T23:26:01.680440701Z,,,01KFEV37DE991T271V0BRDHRJW,2026-01-20T23:26:01.680440701Z,,,01KFEV8CTFEWEE7C0ZM9KMYRSE,2026-01-20T23:26:01.680440701Z,01KFEVGBDCBHSEAWFBWHYTDW7K,2026-01-20T23:26:01.680440701Z,01KFEVGBKT88T9YPH70MHSY5F7,2026-01-20T23:26:01.680440701Z,true,2026-01-20T23:26:04.793034096Z
01KFEVNRDR3FYT7NJBY3GVFH1E,01KFEV377XDCWB0CVW0E7ES8WB,2026-01-20T23:26:10.873025506Z,,,01KFEV378FNG971PBW7B2SPNC6,2026-01-20T23:26:10.873025506Z,,,01KFEVCRBGBMN5MZZVZA8FPX1Z,2026-01-20T23:26:10.873025506Z,01KFEVJNRD1MY8S8B50S9C4WM2,2026-01-20T23:26:10.873025506Z,01KFEVJNZTRDPZK5M1ZCFXFB63,2026-01-20T23:26:10.873025506Z,true,2026-01-20T23:26:12.247448536Z
01KFEVV2SS9NYJV0775XK2FA04,01KFEV37PBC6DGWCX0HT0QWYJR,2026-01-20T23:29:05.337996727Z,,,01KFEV37PV76WD06T50QFKE80T,2026-01-20T23:29:05.337996727Z,,,01KFEVJMQNGBVWZMGKK0EQB935,2026-01-20T23:29:05.337996727Z,01KFEVS2ZY16AG7M0J8YVV8W86,2026-01-20T23:29:05.337996727Z,01KFEVS360F36H3F8Z711062S0,2026-01-20T23:29:05.337996727Z,true,2026-01-20T23:29:09.082661055Z
01KFEWEW6B18ESKQ2N8AR7X9XS,01KFEV38A01XZ4DPRPFKRE96P8,2026-01-20T23:39:53.93125355Z,,,01KFEV38AJ2CFPYBQZ5JKK7PV4,2026-01-20T23:39:53.93125355Z,,,01KFEW2CHJQZ9TDCN78BA2VKEM,2026-01-20T23:39:53.93125355Z,01KFEW9RRB19NTDMQ39CJ149E9,2026-01-20T23:39:53.93125355Z,01KFEW9S281RCGXDCDZPTKRF9Z,2026-01-20T23:39:53.93125355Z,true,2026-01-20T23:40:01.06223205Z
01KFEWG0BZ0E4SAY09J22V7MZA,01KFEV38A01XZ4DPRPFKRE96P8,2026-01-20T23:40:30.976034375Z,,,01KFEV38AJ2CFPYBQZ5JKK7PV4,2026-01-20T23:40:30.976034375Z,,,01KFEW61CSGZMFE4TZ96QA9A06,2026-01-20T23:40:30.976034375Z,01KFEW9RQ327JZV3KPAF5ZD6ZC,2026-01-20T23:40:30.976034375Z,01KFEW9S7TKV98DDGRC0ARVZJ8,2026-01-20T23:40:30.976034375Z,true,2026-01-20T23:40:32.036703567Z
01KFEWJ7G13MWMXN4Y22X19K4E,01KFEVMN9Q125N5N16W4WNYJXF,2026-01-20T23:41:43.809238179Z,,,01KFEVMNAWK7WRWM1AMQZKX6SA,2026-01-20T23:41:43.809238179Z,,,01KFEW4NGJQK3SC6VDT657XA1V,2026-01-20T23:41:43.809238179Z,01KFEWE8W4Q7HBT12QMD8NKR4R,2026-01-20T23:41:43.809238179Z,01KFEWE9CB4C06WAEN7MTDV3PT,2026-01-20T23:41:43.809238179Z,true,2026-01-20T23:41:44.969808281Z
01KFEVFSG3J960DFEXZ710EDXJ,01KFEV377XDCWB0CVW0E7ES8WB,2026-01-20T23:22:55.363142194Z,,,01KFEV378PDZP87HXSESW6BA01,2026-01-20T23:22:55.363142194Z,,,01KFEV6V20FH8Q8TGZN4SVCF5R,2026-01-20T23:22:55.363142194Z,01KFEVF1Q0DWKQS3BYN9S091RF,2026-01-20T23:22:55.363142194Z,01KFEVF1S6JFZZHMVNFB1SP2P6,2026-01-20T23:22:55.363142194Z,true,2026-01-20T23:22:58.795001988Z
01KFEVHNHNBVEPEZEK3V3KF9SN,01KFEV377XDCWB0CVW0E7ES8WB,2026-01-20T23:23:56.853290903Z,,,01KFEV378H0PY96RNMJTMM0E4X,2026-01-20T23:23:56.853290903Z,,,01KFEV8K48Q5MVC88J4XCQXRFY,2026-01-20T23:23:56.853290903Z,01KFEVFBC06RMYVW5HNEESW6V6,2026-01-20T23:23:56.853290903Z,01KFEVFBFVN56DKXCHRCE891DP,2026-01-20T23:23:56.853290903Z,true,2026-01-20T23:24:00.172439472Z
01KFEVPWA75W9QZ3GSWX0QCPXZ,01KFEV38GJVYY8P8B7QXSW6BTE,2026-01-20T23:26:47.623222501Z,,,01KFEV38H72YHVC8PGTMFH64KV,2026-01-20T23:26:47.623222501Z,,,01KFEVES59D98C046XG860H43T,2026-01-20T23:26:47.623222501Z,01KFEVNK1W6GYWEFB0Z31C0NYJ,2026-01-20T23:26:47.623222501Z,01KFEVNK4RTJDQ97ZW0BSNAVVY,2026-01-20T23:26:47.623222501Z,,
01KFEVTQ00SAWC2RZDFXM0JZHS,01KFEV37CWX6SQYA0RPR0C01MW,2026-01-20T23:28:53.248607441Z,,,01KFEV37DE991T271V0NJ5BY6K,2026-01-20T23:28:53.248607441Z,,,01KFEV7RE3Q2MQ5NN8AGQ7Y4PK,2026-01-20T23:28:53.248607441Z,01KFEVJEKRTPZ9GBG5E2CFW5VH,2026-01-20T23:28:53.248607441Z,01KFEVJEVYJ3JD86JRR1DCD0PY,2026-01-20T23:28:53.248607441Z,true,2026-01-20T23:28:55.111954326Z
01KFEVV8ZWJRYSZZX0B6CYPVYQ,01KFEVMN9Q125N5N16W4WNYJXF,2026-01-20T23:29:11.676307702Z,true,2026-01-20T23:29:18.741781556Z,01KFEVMNB841AFDZFM4WSW4FTD,2026-01-20T23:29:11.676307702Z,17,2026-01-20T23:29:16.821001301Z,01KFEVC3J7JCZ73BZAKH9RH61D,2026-01-20T23:29:11.676307702Z,01KFEVPNH13GY2X6WR8TVJ5EYS,2026-01-20T23:29:11.676307702Z,01KFEVPNTQ2PC487PG1NNPN50B,2026-01-20T23:29:11.676307702Z,true,2026-01-20T23:29:21.767837427Z
01KFEW87GNNWA7PBXW58BHM068,01KFEVMNF44NEM58ETFST7KTWM,2026-01-20T23:36:16.149789855Z,false,2026-01-20T23:36:33.680890855Z,01KFEVMNH60E845G0BNN18WWCX,2026-01-20T23:36:16.149789855Z,20,2026-01-20T23:36:32.600835163Z,01KFEVTBJ5QPGNSZPVYF1Q2TSQ,2026-01-20T23:36:16.149789855Z,01KFEW7PNRNRMQAX1ZJ3QAKXQC,2026-01-20T23:36:16.149789855Z,01KFEW7PTHKDPY07GRRYQBRDD5,2026-01-20T23:36:16.149789855Z,true,2026-01-20T23:36:36.693012802Z
01KFEVNPDZ6B360Z7QVFJEKB59,01KFEV377XDCWB0CVW0E7ES8WB,2026-01-20T23:26:08.831745571Z,,,01KFEV378FNG971PBW7B2SPNC6,2026-01-20T23:26:08.831745571Z,,,01KFEVCRBGBMN5MZZVZA8FPX1Z,2026-01-20T23:26:08.831745571Z,01KFEVJNRF52FGSEND6NF55RT9,2026-01-20T23:26:08.831745571Z,01KFEVJNZ94923ZZNG1SNQK5J0,2026-01-20T23:26:08.831745571Z,true,2026-01-20T23:26:10.758241452Z
01KFEVVKBYDG68GS0SNM2QSNQE,01KFEVMN9Q125N5N16W4WNYJXF,2026-01-20T23:29:22.302799365Z,,,01KFEVMNB841AFDZFM4WSW4FTD,2026-01-20T23:29:22.302799365Z,,,01KFEVC3J7JCZ73BZAKH9RH61D,2026-01-20T23:29:22.302799365Z,01KFEVPNJ4WB4QFFFKRAV84BFG,2026-01-20T23:29:22.302799365Z,01KFEVPNVMS03NKT89Q2X4RS6N,2026-01-20T23:29:22.302799365Z,true,2026-01-20T23:29:25.651973043Z
01KFEW3YPKA6R96ZQAKXX67FW3,01KFEV37PBC6DGWCX0HT0QWYJR,2026-01-20T23:33:56.051155771Z,,,01KFEV37Q0WSYAYKWHM2EXN0DN,2026-01-20T23:33:56.051155771Z,,,01KFEVWYACX0Z3X7HHHK5DSTDD,2026-01-20T23:33:56.051155771Z,01KFEW0G8PBE5EFQ6P72KS21WH,2026-01-20T23:33:56.051155771Z,01KFEW0GMMQA5PDY7QSVW7PV49,2026-01-20T23:33:56.051155771Z,true,2026-01-20T23:33:57.471970343Z
01KFEWG8Z3VGYYNEMACRX7V557,01KFEV38A01XZ4DPRPFKRE96P8,2026-01-20T23:40:39.779314112Z,,,01KFEV38AJ2CFPYBQZ5JKK7PV4,2026-01-20T23:40:39.779314112Z,,,01KFEW61CSGZMFE4TZ96QA9A06,2026-01-20T23:40:39.779314112Z,01KFEW9RPTMR1X74362ZJ5HND1,2026-01-20T23:40:39.779314112Z,01KFEW9S9ADQ13VTXXA4YYJ4N7,2026-01-20T23:40:39.779314112Z,true,2026-01-20T23:40:40.885421691Z
01KFEWXYJGYZ3MW3WJGPXFPEYE,01KFEV38GJVYY8P8B7QXSW6BTE,2026-01-20T23:48:07.888908823Z,,,01KFEV38H0S2Y42XZDBCZ2KPGY,2026-01-20T23:48:07.888908823Z,,,01KFEWKWT6PWJAE8C8359J4DRM,2026-01-20T23:48:07.888908823Z,01KFEWVM889E015ABS9SG4J3H3,2026-01-20T23:48:07.888908823Z,01KFEWVMP8NNTWS1RXG85DCVSY,2026-01-20T23:48:07.888908823Z,true,2026-01-20T23:48:09.251559475Z
01KFEVNMWFFZ67FBX1AJDBAQSW,01KFEV38GJVYY8P8B7QXSW6BTE,2026-01-20T23:26:07.247722619Z,,,01KFEV38H72YHVC8PGTMFH64KV,2026-01-20T23:26:07.247722619Z,,,01KFEVE7DF79XD8SNTNNGKRM0M,2026-01-20T23:26:07.247722619Z,01KFEVNK1BDDD2SH2KKV7VEWMA,2026-01-20T23:26:07.247722619Z,01KFEVNK3VG52JYHJWHS70881X,2026-01-20T23:26:07.247722619Z,true,2026-01-20T23:26:12.80895845Z
01KFEVTCMZ31E49VGA4N16CD3D,01KFEV38A01XZ4DPRPFKRE96P8,2026-01-20T23:28:42.655371302Z,,,01KFEV38AJ2CFPYBQZ58NH0V5J,2026-01-20T23:28:42.655371302Z,,,01KFEVB815BQW2TQ29HHMDQ2FB,2026-01-20T23:28:42.655371302Z,01KFEVJWS2MQKSD6RZJH2QJJMQ,2026-01-20T23:28:42.655371302Z,01KFEVJWY0RZ6CHESENGTK1Z7J,2026-01-20T23:28:42.655371302Z,true,2026-01-20T23:28:45.83495588Z
01KFEVTSJGM9017Q70WH8RJE9D,01KFEV38A01XZ4DPRPFKRE96P8,2026-01-20T23:28:55.888421857Z,,,01KFEV38AJ2CFPYBQZ58NH0V5J,2026-01-20T23:28:55.888421857Z,,,01KFEVB815BQW2TQ29HHMDQ2FB,2026-01-20T23:28:55.888421857Z,01KFEVJWSA1G8BTA3YJK5GPKEP,2026-01-20T23:28:55.888421857Z,01KFEVJWZ9F8SV3HW2ARTWK4EX,2026-01-20T23:28:55.888421857Z,true,2026-01-20T23:28:57.975762798Z
01KFEW3G3KZSZYDK2ANZDA7GH9,01KFEV38A01XZ4DPRPFKRE96P8,2026-01-20T23:33:41.10714122Z,,,01KFEV38AHTHHCNTDGHAJN0GXG,2026-01-20T23:33:41.10714122Z,,,01KFEVW9PV7SJ42VT7GTTE4SGT,2026-01-20T23:33:41.10714122Z,01KFEW29XSADA32QXA2MHBZPNA,2026-01-20T23:33:41.10714122Z,01KFEW2A3PQ91QPPAJJJE4RWPT,2026-01-20T23:33:41.10714122Z,true,2026-01-20T23:34:25.293760923Z
01KFEWM8C7PCV6GVMXAZK8CFK7,01KFEVMNF44NEM58ETFST7KTWM,2026-01-20T23:42:50.247397063Z,,,01KFEVMNHFNDCGHX9QBBFN387E,2026-01-20T23:42:50.247397063Z,,,01KFEW6A5E0ZVTNJ585Y831423,2026-01-20T23:42:50.247397063Z,01KFEWEZYB6ZVPPBFVTKXTZJ40,2026-01-20T23:42:50.247397063Z,01KFEWF0GW0NJ7QQM8HVY7Q53X,2026-01-20T23:42:50.247397063Z,true,2026-01-20T23:42:52.38148066Z
01KFEVE1N0A8SBZZ3DA96QTS3V,01KFEV2BZFDRZBG3Y0249RG1TW,2026-01-20T23:21:58.176224221Z,,,01KFEV2C0CP35QE41ZMH45J8TZ,2026-01-20T23:21:58.176224221Z,,,01KFEV7TATT805MEJDGTCA5NFM,2026-01-20T23:21:58.176224221Z,01KFEVB8FTFFBQ8J4AEF64MQVW,2026-01-20T23:21:58.176224221Z,01KFEVB8J6XW003VFQ1FWKZV5R,2026-01-20T23:21:58.176224221Z,true,2026-01-20T23:22:01.370990934Z
01KFEVJYM9V66DFTSCSQ0GP6Q6,01KFEV384BJYC62Y0E6AQK09K8,2026-01-20T23:24:38.921332837Z,,,01KFEV384Y33BFECW27AH8GSGD,2026-01-20T23:24:38.921332837Z,,,01KFEVF34Y0A3VWJYX9367Q9EA,2026-01-20T23:24:38.921332837Z,01KFEVHAP1ZGR28S54Q15ESMWZ,2026-01-20T23:24:38.921332837Z,01KFEVHAT05AY1SZT6N5QC5EJR,2026-01-20T23:24:38.921332837Z,true,2026-01-20T23:24:40.83684424Z
01KFEVNWGH3HEQWZK6PD9559SE,01KFEV37CWX6SQYA0RPR0C01MW,2026-01-20T23:26:15.057421176Z,,,01KFEV37DE991T271V0BRDHRJW,2026-01-20T23:26:15.057421176Z,,,01KFEVBZC2S6960QVT8J14HPMN,2026-01-20T23:26:15.057421176Z,01KFEVGBDGJG5AGHRSTRJ3T74K,2026-01-20T23:26:15.057421176Z,01KFEVGBNAJP4247DGJT8JS0HC,2026-01-20T23:26:15.057421176Z,true,2026-01-20T23:26:18.177745023Z
01KFEVS7KWP39JY9HBQE01JWSK,01KFEVMN9Q125N5N16W4WNYJXF,2026-01-20T23:28:04.73294912Z,,,01KFEVMNB841AFDZFM4WSW4FTD,2026-01-20T23:28:04.73294912Z,,,01KFEVC3J7JCZ73BZAKH9RH61D,2026-01-20T23:28:04.73294912Z,01KFEVPNFPGQ4NA785Q8C05C2N,2026-01-20T23:28:04.73294912Z,01KFEVPNMV63JHKXVKH8Q2GK4D,2026-01-20T23:28:04.73294912Z,true,2026-01-20T23:28:09.853936Z
01KFEVVY1ND0AZEX5575V56W5R,01KFEV37PBC6DGWCX0HT0QWYJR,2026-01-20T23:29:33.237905711Z,,,01KFEV37PV76WD06T50QFKE80T,2026-01-20T23:29:33.237905711Z,,,01KFEVJMQNGBVWZMGKK0EQB935,2026-01-20T23:29:33.237905711Z,01KFEVS303VVTZ8PMG4AKVY3SX,2026-01-20T23:29:33.237905711Z,01KFEVS37YP90Q3JNE6CS1WE24,2026-01-20T23:29:33.237905711Z,true,2026-01-20T23:29:36.281076857Z
01KFEW78JHGE3F1TN2CX7AQQTG,01KFEV38A01XZ4DPRPFKRE96P8,2026-01-20T23:35:44.465966791Z,,,01KFEV38AHTHHCNTDGHAJN0GXG,2026-01-20T23:35:44.465966791Z,,,01KFEVW9PV7SJ42VT7GTTE4SGT,2026-01-20T23:35:44.465966791Z,01KFEW29Z465YRECJRGWFN7MQK,2026-01-20T23:35:44.465966791Z,01KFEW2ACR1FWZY3XRBMPB09WM,2026-01-20T23:35:44.465966791Z,true,2026-01-20T23:35:46.490409553Z
01KFEVHXXEPK0ZW9XMD0SJHS9M,01KFEV37PBC6DGWCX0HT0QWYJR,2026-01-20T23:24:05.422360874Z,,,01KFEV37PYV9HETXX2PC055NBT,2026-01-20T23:24:05.422360874Z,,,01KFEVBDY2YWN6DSFNFKRM8R9Z,2026-01-20T23:24:05.422360874Z,01KFEVH4832VJZB12Y0Z5J9ZVB,2026-01-20T23:24:05.422360874Z,01KFEVH49VWNJJ92V568SKMVWH,2026-01-20T23:24:05.422360874Z,true,2026-01-20T23:24:10.03300476Z
01KFEVP227RBE1YDG9F3HHF9T5,01KFEV37CWX6SQYA0RPR0C01MW,2026-01-20T23:26:20.743359686Z,,,01KFEV37DE991T271V0BRDHRJW,2026-01-20T23:26:20.743359686Z,,,01KFEVBZC2S6960QVT8J14HPMN,2026-01-20T23:26:20.743359686Z,01KFEVGBDHBKMP77667Y4F3PW3,2026-01-20T23:26:20.743359686Z,01KFEVGBNS923E472G64Y8VTC9,2026-01-20T23:26:20.743359686Z,true,2026-01-20T23:26:22.715647184Z
01KFEVPM7QMK16WFCYPAEWC6VS,01KFEV384BJYC62Y0E6AQK09K8,2026-01-20T23:26:39.351367954Z,,,01KFEV384Y33BFECW27AH8GSGD,2026-01-20T23:26:39.351367954Z,,,01KFEVCQTYNZYE4TGA9WFYBM2V,2026-01-20T23:26:39.351367954Z,01KFEVHAPW1MNGRGTGSBYGR38E,2026-01-20T23:26:39.351367954Z,01KFEVHAY85N6QXCDRR42NDP0D,2026-01-20T23:26:39.351367954Z,true,2026-01-20T23:26:41.371484597Z
01KFEVS54TPMWRNGPC26E4EV1H,01KFEV37PBC6DGWCX0HT0QWYJR,2026-01-20T23:28:02.202436383Z,,,01KFEV37PV76WD06T50QFKE80T,2026-01-20T23:28:02.202436383Z,,,01KFEVJMQNGBVWZMGKK0EQB935,2026-01-20T23:28:02.202436383Z,01KFEVS2YJ0NN9TXX80TR4EBXB,2026-01-20T23:28:02.202436383Z,01KFEVS31JAPFAT14HP2QCSGZD,2026-01-20T23:28:02.202436383Z,true,2026-01-20T23:28:10.748703215Z
01KFEVW7R31Y9E9Y5ZB87CHWH9,01KFEVMN9Q125N5N16W4WNYJXF,2026-01-20T23:29:43.171318901Z,true,2026-01-20T23:29:48.610379023Z,01KFEVMNB841AFDZFM4WSW4FTD,2026-01-20T23:29:43.171318901Z,17,2026-01-20T23:29:46.750475294Z,01KFEVC3J7JCZ73BZAKH9RH61D,2026-01-20T23:29:43.171318901Z,01KFEVPNHPYT4D9Y89XXZCCCHS,2026-01-20T23:29:43.171318901Z,01KFEVPNYWAKGVQRP7Z402ARMF,2026-01-20T23:29:43.171318901Z,true,2026-01-20T23:29:51.600101765Z
01KFEW2HBDA54Q630HBS0VHN2K,01KFEV384BJYC62Y0E6AQK09K8,2026-01-20T23:33:09.613776989Z,,,01KFEV385166A8JYCZ9G4DMHRQ,2026-01-20T23:33:09.613776989Z,,,01KFEVWH8M80FFRA88HYSK2ZSQ,2026-01-20T23:33:09.613776989Z,01KFEW1AGWTEZX6BMYHVQ8HP0D,2026-01-20T23:33:09.613776989Z,01KFEW1AP1VRMDQ8T503S2S52G,2026-01-20T23:33:09.613776989Z,true,2026-01-20T23:33:15.095498778Z
01KFEVHYBHQFKG3P3S4EQJTQZ4,01KFEV377XDCWB0CVW0E7ES8WB,2026-01-20T23:24:05.873273265Z,false,2026-01-20T23:24:16.3673749Z,01KFEV378H0PY96RNMJTMM0E4X,2026-01-20T23:24:05.873273265Z,10,2026-01-20T23:24:15.270036712Z,01KFEV8K48Q5MVC88J4XCQXRFY,2026-01-20T23:24:05.873273265Z,01KFEVFBC06RMYVW5HNEESW6V6,2026-01-20T23:24:05.873273265Z,01KFEVFBFWH0NQXBP2SVNZFF97,2026-01-20T23:24:05.873273265Z,true,2026-01-20T23:24:19.374414317Z
01KFEVKN8AJYT8YK617KK6STWB,01KFEV384BJYC62Y0E6AQK09K8,2026-01-20T23:25:02.09025521Z,,,01KFEV384Y33BFECW27AH8GSGD,2026-01-20T23:25:02.09025521Z,,,01KFEVF34Y0A3VWJYX9367Q9EA,2026-01-20T23:25:02.09025521Z,01KFEVHAPDQ8SED7WGPAM28VFT,2026-01-20T23:25:02.09025521Z,01KFEVHATJXPN1CTQP5V92HW4M,2026-01-20T23:25:02.09025521Z,true,2026-01-20T23:25:05.56692428Z
01KFEVKZKSDBQR7WDN0SG6MSAK,01KFEV377XDCWB0CVW0E7ES8WB,2026-01-20T23:25:12.697351799Z,,,01KFEV378H0PY96RNMJFNCN7TE,2026-01-20T23:25:12.697351799Z,,,01KFEVA045MDV6WERMTEQ3VAYR,2026-01-20T23:25:12.697351799Z,01KFEVEHGP0J883B9NZZXAN747,2026-01-20T23:25:12.697351799Z,01KFEVEHRQ28ABWR7T54VCE2HJ,2026-01-20T23:25:12.697351799Z,true,2026-01-20T23:25:13.836375216Z
01KFEVMASPN3Y8WT0KJDWW1WC2,01KFEV377XDCWB0CVW0E7ES8WB,2026-01-20T23:25:24.150563437Z,,,01KFEV378PDZP87HXSESW6BA01,2026-01-20T23:25:24.150563437Z,,,01KFEV6V20FH8Q8TGZN4SVCF5R,2026-01-20T23:25:24.150563437Z,01KFEVF1QJJ1AJY0K2X9A8CP10,2026-01-20T23:25:24.150563437Z,01KFEVF20NN85ST0RMCN2T1850,2026-01-20T23:25:24.150563437Z,true,2026-01-20T23:25:26.967482366Z
01KFEVTP5Q5FZH60E8QATCHEEF,01KFEV37CWX6SQYA0RPR0C01MW,2026-01-20T23:28:52.407872232Z,,,01KFEV37DAAK9E08F076WKMM6J,2026-01-20T23:28:52.407872232Z,,,01KFEVGWWQWT7BAZNJDAAA325H,2026-01-20T23:28:52.407872232Z,01KFEVRWS00RN61XYMYX27BZTF,2026-01-20T23:28:52.407872232Z,01KFEVRWZ3XA112S50TE140B17,2026-01-20T23:28:52.407872232Z,true,2026-01-20T23:28:57.537007719Z
01KFEVVSP6SZHAQ1ZY7JKSWPBT,01KFEV38A01XZ4DPRPFKRE96P8,2026-01-20T23:29:28.774201867Z,,,01KFEV38AJ2CFPYBQZ58NH0V5J,2026-01-20T23:29:28.774201867Z,,,01KFEVB815BQW2TQ29HHMDQ2FB,2026-01-20T23:29:28.774201867Z,01KFEVJWSCTHEQ0RQN66MYHJP0,2026-01-20T23:29:28.774201867Z,01KFEVJWZYV80Y1VMJG41WNWEA,2026-01-20T23:29:28.774201867Z,true,2026-01-20T23:29:33.527582388Z
01KFEW4XDZ539YD09YTAZV627W,01KFEV37PBC6DGWCX0HT0QWYJR,2026-01-20T23:34:27.51923185Z,true,2026-01-20T23:34:34.271000719Z,01KFEV37Q0WSYAYKWHM2EXN0DN,2026-01-20T23:34:27.51923185Z,17,2026-01-20T23:34:32.830922347Z,01KFEVWXXVHBHP5S1AZQQ4JZFK,2026-01-20T23:34:27.51923185Z,01KFEW0GAPYHHVEVF9RP1ERMKP,2026-01-20T23:34:27.51923185Z,01KFEW0GT6TYPFFFQW3QQSJAK0,2026-01-20T23:34:27.51923185Z,true,2026-01-20T23:34:37.275471085Z
01KFEWCDKYPRSQ09M5ZZSYNC2S,01KFEV38A01XZ4DPRPFKRE96P8,2026-01-20T23:38:33.470810725Z,,,01KFEV38AJ2CFPYBQZ5JKK7PV4,2026-01-20T23:38:33.470810725Z,,,01KFEW2CHJQZ9TDCN78BA2VKEM,2026-01-20T23:38:33.470810725Z,01KFEW9RS4ARACABCS30DH1PYC,2026-01-20T23:38:33.470810725Z,01KFEW9RYRCQWM6EY382PHABHT,2026-01-20T23:38:33.470810725Z,true,2026-01-20T23:39:01.097461468Z
01KFEVP3B3WE8V3T1JFQBFBJ3Z,01KFEV377XDCWB0CVW0E7ES8WB,2026-01-20T23:26:22.051291408Z,,,01KFEV378FNG971PBW7B2SPNC6,2026-01-20T23:26:22.051291408Z,,,01KFEV82H962BNCCRXPB524628,2026-01-20T23:26:22.051291408Z,01KFEVJNR6S4SX7KGTNEJ547G6,2026-01-20T23:26:22.051291408Z,01KFEVJP142RKY207MYHHXNPMH,2026-01-20T23:26:22.051291408Z,true,2026-01-20T23:26:23.109875441Z
01KFEVSWG2QKWK4C0T957KAQY9,01KFEV38A01XZ4DPRPFKRE96P8,2026-01-20T23:28:26.114889828Z,,,01KFEV38AJ2CFPYBQZ58NH0V5J,2026-01-20T23:28:26.114889828Z,,,01KFEVE55BQ40NXX8QW3R5RX0T,2026-01-20T23:28:26.114889828Z,01KFEVJWS0K3DC7EYBN1SH6BCA,2026-01-20T23:28:26.114889828Z,01KFEVJWX8BSQ33KEY0VJEPD6K,2026-01-20T23:28:26.114889828Z,true,2026-01-20T23:28:31.620138776Z
01KFEVWHGH6QKCMQQTCBHWPANP,01KFEV38A01XZ4DPRPFKRE96P8,2026-01-20T23:29:53.169118524Z,,,01KFEV38AJ2CFPYBQZ58NH0V5J,2026-01-20T23:29:53.169118524Z,,,01KFEVE55BQ40NXX8QW3R5RX0T,2026-01-20T23:29:53.169118524Z,01KFEVJWSHXHZWD0VRVR4R2P45,2026-01-20T23:29:53.169118524Z,01KFEVJX24VN11DBQBK7G790RX,2026-01-20T23:29:53.169118524Z,,
01KFEWJDH521B0Q3A1BHZHTV5S,01KFEVMN9Q125N5N16W4WNYJXF,2026-01-20T23:41:49.989137096Z,true,2026-01-20T23:41:52.925618897Z,01KFEVMNAWK7WRWM1AMQZKX6SA,2026-01-20T23:41:49.989137096Z,20,2026-01-20T23:41:52.073221015Z,01KFEW3YJBR4HT7BADWRSVJQV5,2026-01-20T23:41:49.989137096Z,01KFEWE8SBE46A3537VBKT9R9F,2026-01-20T23:41:49.989137096Z,01KFEWE9GJ0EEGNXTMWE29DC9B,2026-01-20T23:41:49.989137096Z,true,2026-01-20T23:41:55.935436411Z
01KFEVVSJ01BA5VGVSFSSH2XKM,01KFEVMN9Q125N5N16W4WNYJXF,2026-01-20T23:29:28.640172231Z,,,01KFEVMNB841AFDZFM4WSW4FTD,2026-01-20T23:29:28.640172231Z,,,01KFEVB2WK99SDZDFQAW6KYB9M,2026-01-20T23:29:28.640172231Z,01KFEVPNH8ZPMZ16RW6XYTJZST,2026-01-20T23:29:28.640172231Z,01KFEVPNWK629HTXF3V70YKAXH,2026-01-20T23:29:28.640172231Z,true,2026-01-20T23:29:31.437107876Z
01KFEVWK2RA58MXCF479TYQZA5,01KFEV37PBC6DGWCX0HT0QWYJR,2026-01-20T23:29:54.776740274Z,,,01KFEV37PV76WD06T50QFKE80T,2026-01-20T23:29:54.776740274Z,,,01KFEVH5DDXBKC32H7RGDZYG1X,2026-01-20T23:29:54.776740274Z,01KFEVS2YSDC5M1CSQ45WYXFCB,2026-01-20T23:29:54.776740274Z,01KFEVS3B2E213V3KEQD2DMGF3,2026-01-20T23:29:54.776740274Z,true,2026-01-20T23:29:56.073112197Z
01KFEW3CE1ZN6Z8DDS5J3DXZ9F,01KFEV38A01XZ4DPRPFKRE96P8,2026-01-20T23:33:37.345118226Z,,,01KFEV38AHTHHCNTDGHAJN0GXG,2026-01-20T23:33:37.345118226Z,,,01KFEVW5WA494MRXETJ2N5XX03,2026-01-20T23:33:37.345118226Z,01KFEW29XHVV27TK4HQZQPZFPD,2026-01-20T23:33:37.345118226Z,01KFEW2A2PDWTV41XQCETMTBS3,2026-01-20T23:33:37.345118226Z,true,2026-01-20T23:33:40.27309629Z
01KFEWA7FJDXYTJBCKB2BG7JKH,01KFEV38A01XZ4DPRPFKRE96P8,2026-01-20T23:37:21.65070318Z,,,01KFEV38AJ2CFPYBQZ5JKK7PV4,2026-01-20T23:37:21.65070318Z,,,01KFEW2CHJQZ9TDCN78BA2VKEM,2026-01-20T23:37:21.65070318Z,01KFEW9RNHPCEBV7E7PA75FXT1,2026-01-20T23:37:21.65070318Z,01KFEW9RTNA84KKSBTA8HQQ5AF,2026-01-20T23:37:21.65070318Z,,
01KFEVM81KGPG6VD6A7VQ8PWR0,01KFEV37PBC6DGWCX0HT0QWYJR,2026-01-20T23:25:21.331856199Z,true,2026-01-20T23:25:31.731091426Z,01KFEV37PYV9HETXX2PC055NBT,2026-01-20T23:25:21.331856199Z,19,2026-01-20T23:25:28.328776168Z,01KFEV9QWYR4DNTS4QCCENEARJ,2026-01-20T23:25:21.331856199Z,01KFEVH486ZCFEH7MFXY01HJC3,2026-01-20T23:25:21.331856199Z,01KFEVH4C740XBVBGRJXN4KTZ0,2026-01-20T23:25:21.331856199Z,true,2026-01-20T23:25:34.729330555Z
01KFEVN70820MDTK7J4WCJ9Z3K,01KFEV377XDCWB0CVW0E7ES8WB,2026-01-20T23:25:53.032927264Z,,,01KFEV378FNG971PBW7B2SPNC6,2026-01-20T23:25:53.032927264Z,,,01KFEV82H962BNCCRXPB524628,2026-01-20T23:25:53.032927264Z,01KFEVJNRMV8QKDD2GX9TGRBPY,2026-01-20T23:25:53.032927264Z,01KFEVJNXXKB844TJENG8GG9MA,2026-01-20T23:25:53.032927264Z,true,2026-01-20T23:25:54.683004402Z
01KFEVW3WBYWDT9WQTFH9YQMD9,01KFEV38A01XZ4DPRPFKRE96P8,2026-01-20T23:29:39.211955547Z,,,01KFEV38AJ2CFPYBQZ58NH0V5J,2026-01-20T23:29:39.211955547Z,,,01KFEVB815BQW2TQ29HHMDQ2FB,2026-01-20T23:29:39.211955547Z,01KFEVJWRJ3VMZ6TKNKERXD4E2,2026-01-20T23:29:39.211955547Z,01KFEVJX0S23K5XQFSRBC3V041,2026-01-20T23:29:39.211955547Z,true,2026-01-20T23:29:41.467626732Z
01KFEWXWGAAA28EEP06E7PEK75,01KFEV38GJVYY8P8B7QXSW6BTE,2026-01-20T23:48:05.770509918Z,,,01KFEV38H0S2Y42XZDBCZ2KPGY,2026-01-20T23:48:05.770509918Z,,,01KFEWKWT6PWJAE8C8359J4DRM,2026-01-20T23:48:05.770509918Z,01KFEWVM889E015ABS9SG4J3H3,2026-01-20T23:48:05.770509918Z,01KFEWVMNSTFZVXQA65Y0D4E0C,2026-01-20T23:48:05.770509918Z,true,2026-01-20T23:48:07.220822585Z
01KFEVKJ310THF3AFX18RVCWP8,01KFEV377XDCWB0CVW0E7ES8WB,2026-01-20T23:24:58.849269105Z,,,01KFEV378FNG971PBW7B2SPNC6,2026-01-20T23:24:58.849269105Z,,,01KFEV82H962BNCCRXPB524628,2026-01-20T23:24:58.849269105Z,01KFEVJNQYDHT7QNFWKKE14CQS,2026-01-20T23:24:58.849269105Z,01KFEVJNT0DRY321J8QSBAC9C0,2026-01-20T23:24:58.849269105Z,true,2026-01-20T23:25:00.430122872Z
01KFEVMN7ERAMBBV99QYY65GY8,01KFEV37PBC6DGWCX0HT0QWYJR,2026-01-20T23:25:34.83061592Z,,,01KFEV37PYV9HETXX2PC055NBT,2026-01-20T23:25:34.83061592Z,,,01KFEVBDY2YWN6DSFNFKRM8R9Z,2026-01-20T23:25:34.83061592Z,01KFEVH488H19CAYEAMXF8JTYZ,2026-01-20T23:25:34.83061592Z,01KFEVH4CXNE1SQBDHS5AB7SPT,2026-01-20T23:25:34.83061592Z,true,2026-01-20T23:25:40.573785797Z
01KFEVNZ4F9W411SK3E96FYHAZ,01KFEV37PBC6DGWCX0HT0QWYJR,2026-01-20T23:26:17.744024354Z,,,01KFEV37PYV9HETXX2PC055NBT,2026-01-20T23:26:17.744024354Z,,,01KFEVBDY2YWN6DSFNFKRM8R9Z,2026-01-20T23:26:17.744024354Z,01KFEVH48J31CNCNY6T435EDBD,2026-01-20T23:26:17.744024354Z,01KFEVH4G4J7M3NAXS7YHZASSY,2026-01-20T23:26:17.744024354Z,true,2026-01-20T23:26:19.497276943Z
01KFEW2CP6RPJCB9HYJMVXH4QA,01KFEV37PBC6DGWCX0HT0QWYJR,2026-01-20T23:33:04.838381045Z,,,01KFEV37Q0WSYAYKWHM2EXN0DN,2026-01-20T23:33:04.838381045Z,,,01KFEVWXXVHBHP5S1AZQQ4JZFK,2026-01-20T23:33:04.838381045Z,01KFEW0G9D7HY4DT2F92JJP28V,2026-01-20T23:33:04.838381045Z,01KFEW0GG4215KN6D8DBW0CWV5,2026-01-20T23:33:04.838381045Z,true,2026-01-20T23:33:08.284317531Z
01KFEW8T5QHJGHE9N7TZ07B9VT,01KFEV38A01XZ4DPRPFKRE96P8,2026-01-20T23:36:35.255461848Z,,,01KFEV38AHTHHCNTDGHAJN0GXG,2026-01-20T23:36:35.255461848Z,,,01KFEVW9PV7SJ42VT7GTTE4SGT,2026-01-20T23:36:35.255461848Z,01KFEW2A07M1KE0DCW06NBRFTM,2026-01-20T23:36:35.255461848Z,01KFEW2AGSW5FTYC9YX2ZT7BHY,2026-01-20T23:36:35.255461848Z,true,2026-01-20T23:36:38.794405335Z
01KFEWJCJWE0NYMPDBPWXRSHHQ,01KFEVMNF44NEM58ETFST7KTWM,2026-01-20T23:41:49.020310117Z,,,01KFEVMNHFNDCGHX9QBBFN387E,2026-01-20T23:41:49.020310117Z,,,01KFEW78ZH0TY6JQ9J3GJMR3E3,2026-01-20T23:41:49.020310117Z,01KFEWEZXNEDY2H8JE28VJABXP,2026-01-20T23:41:49.020310117Z,01KFEWF0A1MPP2Y3S94R73S3F7,2026-01-20T23:41:49.020310117Z,true,2026-01-20T23:41:51.380751944Z
01KFEVMRJ3XNT97D1EW7BH4RZ7,01KFEV38A01XZ4DPRPFKRE96P8,2026-01-20T23:25:38.243927452Z,,,01KFEV38AJ2CFPYBQZ58NH0V5J,2026-01-20T23:25:38.243927452Z,,,01KFEVB815BQW2TQ29HHMDQ2FB,2026-01-20T23:25:38.243927452Z,01KFEVJWRME93DECR96HK88Y43,2026-01-20T23:25:38.243927452Z,01KFEVJWTN7CNB69HWVPSR2N2P,2026-01-20T23:25:38.243927452Z,true,2026-01-20T23:25:44.841193207Z
01KFEVRJ93RJEVJVXVFYP2NEH2,01KFEV37PBC6DGWCX0HT0QWYJR,2026-01-20T23:27:42.883516328Z,,,01KFEV37PYV9HETXX2PSGE1RKD,2026-01-20T23:27:42.883516328Z,,,01KFEVDMPGK2KG6CGRXX80WQ5A,2026-01-20T23:27:42.883516328Z,01KFEVKCMHNFBMSFY09QX4TGHZ,2026-01-20T23:27:42.883516328Z,01KFEVKCXW4EV83R32EVVQTFPX,2026-01-20T23:27:42.883516328Z,true,2026-01-20T23:27:47.06338149Z
01KFEVTSJCMHB85G3P3EMZDMN3,01KFEV38A01XZ4DPRPFKRE96P8,2026-01-20T23:28:55.884357175Z,,,01KFEV38AJ2CFPYBQZ58NH0V5J,2026-01-20T23:28:55.884357175Z,,,01KFEVE55BQ40NXX8QW3R5RX0T,2026-01-20T23:28:55.884357175Z,01KFEVJWSA1G8BTA3YJK5GPKEP,2026-01-20T23:28:55.884357175Z,01KFEVJWZ9F8SV3HW2ARTWK4EX,2026-01-20T23:28:55.884357175Z,true,2026-01-20T23:28:58.450925052Z
01KFEW3YPA8CKBXBM2BJ1SQYV0,01KFEV37PBC6DGWCX0HT0QWYJR,2026-01-20T23:33:56.042599252Z,,,01KFEV37Q0WSYAYKWHM2EXN0DN,2026-01-20T23:33:56.042599252Z,,,01KFEVWXXVHBHP5S1AZQQ4JZFK,2026-01-20T23:33:56.042599252Z,01KFEW0G8PBE5EFQ6P72KS21WH,2026-01-20T23:33:56.042599252Z,01KFEW0GMMQA5PDY7QSVW7PV49,2026-01-20T23:33:56.042599252Z,true,2026-01-20T23:33:58.588346665Z
01KFEWH98HZCQYGDK5QEG4453T,01KFEVMNF44NEM58ETFST7KTWM,2026-01-20T23:41:12.849795349Z,,,01KFEVMNHFNDCGHX9QBBFN387E,2026-01-20T23:41:12.849795349Z,,,01KFEW6A5E0ZVTNJ585Y831423,2026-01-20T23:41:12.849795349Z,01KFEWEZX1QCKQJZPSQCFEKWPP,2026-01-20T23:41:12.849795349Z,01KFEWF056QZZ7TAQ2D4Z733J2,2026-01-20T23:41:12.849795349Z,true,2026-01-20T23:41:14.884787339Z
01KFEWJCTRWGWCJGZ0MX36XF58,01KFEVMN9Q125N5N16W4WNYJXF,2026-01-20T23:41:49.272436037Z,,,01KFEVMNAWK7WRWM1AMQZKX6SA,2026-01-20T23:41:49.272436037Z,,,01KFEW4NGJQK3SC6VDT657XA1V,2026-01-20T23:41:49.272436037Z,01KFEWE8SBE46A3537VBKT9R9F,2026-01-20T23:41:49.272436037Z,01KFEWE9G6E5C1CV0BXAPSX8CW,2026-01-20T23:41:49.272436037Z,true,2026-01-20T23:41:49.903609895Z
01KFEVACY9T86TF4V7AJXKWX8J,01KFEV2BZFDRZBG3Y0249RG1TW,2026-01-20T23:19:58.665733783Z,,,01KFEV2C08ND9C9BYW8N2T146P,2026-01-20T23:19:58.665733783Z,,,01KFEV4APCG117QZ1ZVXNKCJFC,2026-01-20T23:19:58.665733783Z,01KFEV9924VF50RWW28YZTJVST,2026-01-20T23:19:58.665733783Z,01KFEV995J9AA39KVM8ZGY8JMH,2026-01-20T23:19:58.665733783Z,true,2026-01-20T23:20:00.4000282Z
01KFEVW5TYKF9PGQ8SJWTBD58A,01KFEV37PBC6DGWCX0HT0QWYJR,2026-01-20T23:29:41.214394137Z,,,01KFEV37PV76WD06T50QFKE80T,2026-01-20T23:29:41.214394137Z,,,01KFEVJMQNGBVWZMGKK0EQB935,2026-01-20T23:29:41.214394137Z,01KFEVS308RHJ1C53CQEQ6N1KN,2026-01-20T23:29:41.214394137Z,01KFEVS396WG3VX1QADBM579J5,2026-01-20T23:29:41.214394137Z,true,2026-01-20T23:29:44.695623947Z
01KFEWC71GESPZWD5MDEG8C2SG,01KFEV38A01XZ4DPRPFKRE96P8,2026-01-20T23:38:26.736820523Z,,,01KFEV38AJ2CFPYBQZ5JKK7PV4,2026-01-20T23:38:26.736820523Z,,,01KFEW61CSGZMFE4TZ96QA9A06,2026-01-20T23:38:26.736820523Z,01KFEW9RSFEJJVTBV3T46PNXTC,2026-01-20T23:38:26.736820523Z,01KFEW9RXKJXCSDTNS43T7MHG2,2026-01-20T23:38:26.736820523Z,true,2026-01-20T23:38:29.876669344Z
01KFEVN16227SVFM1RAH5RW2NG,01KFEV377XDCWB0CVW0E7ES8WB,2026-01-20T23:25:47.074907105Z,,,01KFEV378FNG971PBW7B2SPNC6,2026-01-20T23:25:47.074907105Z,,,01KFEV82H962BNCCRXPB524628,2026-01-20T23:25:47.074907105Z,01KFEVJNRQBQFNH0BYKPE46VCR,2026-01-20T23:25:47.074907105Z,01KFEVJNX6EQCCJ4BZPG6G674T,2026-01-20T23:25:47.074907105Z,true,2026-01-20T23:25:49.661083631Z
01KFEW70TEQYH97JMVGZ98DQ8T,01KFEVMN9Q125N5N16W4WNYJXF,2026-01-20T23:35:36.526510586Z,,,01KFEVMNBC23RB4D79KEQ4G0VS,2026-01-20T23:35:36.526510586Z,,,01KFEVX608THP5F5HX3GYF0X1K,2026-01-20T23:35:36.526510586Z,01KFEW3VMGZD02ANKDCQP1JWVK,2026-01-20T23:35:36.526510586Z,01KFEW3W1X2SKERK3STCW94EZ6,2026-01-20T23:35:36.526510586Z,true,2026-01-20T23:35:38.297235979Z
01KFEW7SSX868XYXEDKHF7HB1P,01KFEVMN9Q125N5N16W4WNYJXF,2026-01-20T23:36:02.109871671Z,,,01KFEVMNBC23RB4D79KEQ4G0VS,2026-01-20T23:36:02.109871671Z,,,01KFEVX608THP5F5HX3GYF0X1K,2026-01-20T23:36:02.109871671Z,01KFEW3VNBMV4SFK2GGYWGCNPK,2026-01-20T23:36:02.109871671Z,01KFEW3W7RYZR6GJX1VC4N310J,2026-01-20T23:36:02.109871671Z,true,2026-01-20T23:36:03.680975712Z
01KFEWMJVA8S07EGQV2QE0HFAS,01KFEVMNF44NEM58ETFST7KTWM,2026-01-20T23:43:00.970105381Z,false,2026-01-20T23:43:16.616767416Z,01KFEVMNHFNDCGHX9QBBFN387E,2026-01-20T23:43:00.970105381Z,0,2026-01-20T23:43:14.244779169Z,01KFEW78ZH0TY6JQ9J3GJMR3E3,2026-01-20T23:43:00.970105381Z,01KFEWEZY0CVS9EZRWS47HB4GC,2026-01-20T23:43:00.970105381Z,01KFEWF0JQC9DNFV0Z5G7M7K18,2026-01-20T23:43:00.970105381Z,true,2026-01-20T23:43:19.628875812Z
01KFEVK0S0EPXPDWAB1BNFYQ21,01KFEV377XDCWB0CVW0E7ES8WB,2026-01-20T23:24:41.120715393Z,,,01KFEV378H0PY96RNMJTMM0E4X,2026-01-20T23:24:41.120715393Z,,,01KFEV8K48Q5MVC88J4XCQXRFY,2026-01-20T23:24:41.120715393Z,01KFEVFBC3KKXJSC7MKW9KR59A,2026-01-20T23:24:41.120715393Z,01KFEVFBH03ZAQZQH9CZ0080HR,2026-01-20T23:24:41.120715393Z,true,2026-01-20T23:24:43.351745277Z
01KFEVKE361880HJZP0ERQEMG0,01KFEV37PBC6DGWCX0HT0QWYJR,2026-01-20T23:24:54.75891484Z,,,01KFEV37PYV9HETXX2PSGE1RKD,2026-01-20T23:24:54.75891484Z,,,01KFEVDMPGK2KG6CGRXX80WQ5A,2026-01-20T23:24:54.75891484Z,01KFEVKCM3HZV4EBCX9XQX5ZQ4,2026-01-20T23:24:54.75891484Z,01KFEVKCP28JEXJC9QFZM81VTR,2026-01-20T23:24:54.75891484Z,true,2026-01-20T23:25:09.301150747Z
01KFEVMFQNWAF3K9YP4YVKK00T,01KFEV377XDCWB0CVW0E7ES8WB,2026-01-20T23:25:29.205744737Z,,,01KFEV378FNG971PBW7B2SPNC6,2026-01-20T23:25:29.205744737Z,,,01KFEVCRBGBMN5MZZVZA8FPX1Z,2026-01-20T23:25:29.205744737Z,01KFEVJNR4936M3NZWK961C48N,2026-01-20T23:25:29.205744737Z,01KFEVJNVZF3W2Y6P7CVH10T4T,2026-01-20T23:25:29.205744737Z,true,2026-01-20T23:25:32.663395791Z
01KFEVMQ7WV0P9XHCH096SMEBD,01KFEV37CWX6SQYA0RPR0C01MW,2026-01-20T23:25:36.892577676Z,,,01KFEV37DE991T271V0BRDHRJW,2026-01-20T23:25:36.892577676Z,,,01KFEV8CTFEWEE7C0ZM9KMYRSE,2026-01-20T23:25:36.892577676Z,01KFEVGBD8T8SFCQH95NHF15WG,2026-01-20T23:25:36.892577676Z,01KFEVGBJTJ5GBBN6623PFCGB9,2026-01-20T23:25:36.892577676Z,true,2026-01-20T23:25:40.349302958Z
01KFEVN59MGGY1Z8H3YNSVVKA3,01KFEV377XDCWB0CVW0E7ES8WB,2026-01-20T23:25:51.284911971Z,,,01KFEV378FNG971PBW7B2SPNC6,2026-01-20T23:25:51.284911971Z,,,01KFEV82H962BNCCRXPB524628,2026-01-20T23:25:51.284911971Z,01KFEVJNRMV8QKDD2GX9TGRBPY,2026-01-20T23:25:51.284911971Z,01KFEVJNXTSNQS0CPBSSW748RM,2026-01-20T23:25:51.284911971Z,true,2026-01-20T23:25:52.977077772Z
01KFEWX6D6CXAVZ6AQCGMQY0D2,01KFEV38GJVYY8P8B7QXSW6BTE,2026-01-20T23:47:43.142041189Z,true,2026-01-20T23:47:55.609886798Z,01KFEV38H0S2Y42XZDBCZ2KPGY,2026-01-20T23:47:43.142041189Z,17,2026-01-20T23:47:52.561453805Z,01KFEWA3ZKFQRVCEG62F0BJCT3,2026-01-20T23:47:43.142041189Z,01KFEWVM7CQ9H0PTQTY7SKFW6P,2026-01-20T23:47:43.142041189Z,01KFEWVMJEEH46A47Y61PHK6A6,2026-01-20T23:47:43.142041189Z,true,2026-01-20T23:47:58.608980999Z
01KFEVJCEPD238E9JX98WPRPAY,01KFEV377XDCWB0CVW0E7ES8WB,2026-01-20T23:24:20.310896223Z,,,01KFEV378H0PY96RNMJFNCN7TE,2026-01-20T23:24:20.310896223Z,,,01KFEVA045MDV6WERMTEQ3VAYR,2026-01-20T23:24:20.310896223Z,01KFEVEHGS0JDSCPZNZH3BDF1M,2026-01-20T23:24:20.310896223Z,01KFEVEHP7M6T3SASA7661H43W,2026-01-20T23:24:20.310896223Z,true,2026-01-20T23:24:30.268584817Z
01KFEVPYPQNASH2FJMRAFMC3KT,01KFEV37CWX6SQYA0RPR0C01MW,2026-01-20T23:26:50.071349934Z,,,01KFEV37DE991T271V0NJ5BY6K,2026-01-20T23:26:50.071349934Z,,,01KFEV7RE3Q2MQ5NN8AGQ7Y4PK,2026-01-20T23:26:50.071349934Z,01KFEVJEK9E3M288QRNEA9824W,2026-01-20T23:26:50.071349934Z,01KFEVJEPY5X4FZCVQQAG2D1VA,2026-01-20T23:26:50.071349934Z,true,2026-01-20T23:26:54.461968764Z
01KFEW6QNEYWXEFCFZPWX3V4VD,01KFEVMN9Q125N5N16W4WNYJXF,2026-01-20T23:35:27.150210883Z,,,01KFEVMNBC23RB4D79KEQ4G0VS,2026-01-20T23:35:27.150210883Z,,,01KFEVX608THP5F5HX3GYF0X1K,2026-01-20T23:35:27.150210883Z,01KFEW3VKNJVBQR8K5WQHKN6CC,2026-01-20T23:35:27.150210883Z,01KFEW3VY3F4JZZGXBBMTCH435,2026-01-20T23:35:27.150210883Z,true,2026-01-20T23:35:28.635364704Z
01KFEWDWJ7HZWXW6ZYHJCGGG2K,01KFEV384BJYC62Y0E6AQK09K8,2026-01-20T23:39:21.543622512Z,,,01KFEV384Z68A1Z7ZGWS1GDSZK,2026-01-20T23:39:21.543622512Z,,,01KFEW47TNE510SG18TR5ZERFB,2026-01-20T23:39:21.543622512Z,01KFEW9NFWQNWAP0JCE1F1PYJG,2026-01-20T23:39:21.543622512Z,01KFEW9NXXC93SKSCT3C1QKEY0,2026-01-20T23:39:21.543622512Z,true,2026-01-20T23:39:24.950095318Z
01KFEWEK5KCBPC4WJDGS02EZFB,01KFEV38GJVYY8P8B7QXSW6BTE,2026-01-20T23:39:44.691483514Z,,,01KFEV38H8T2V9428VC9T7MEBA,2026-01-20T23:39:44.691483514Z,,,01KFEW5BKPC6PA6AD6TVFX3GTH,2026-01-20T23:39:44.691483514Z,01KFEWB95D8TYSSW9F9S79CQD8,2026-01-20T23:39:44.691483514Z,01KFEWB9H9AGZX8FVSF7SM82WX,2026-01-20T23:39:44.691483514Z,true,2026-01-20T23:39:46.178446084Z
01KFEWFF2888GHMS9QX4W1121S,01KFEV38GJVYY8P8B7QXSW6BTE,2026-01-20T23:40:13.256618333Z,,,01KFEV38H8T2V9428VC9T7MEBA,2026-01-20T23:40:13.256618333Z,,,01KFEW5BKPC6PA6AD6TVFX3GTH,2026-01-20T23:40:13.256618333Z,01KFEWB96ZWWCJ2HWAMXTQ08FM,2026-01-20T23:40:13.256618333Z,01KFEWB9RC23DR1YB021M1SK8P,2026-01-20T23:40:13.256618333Z,true,2026-01-20T23:40:14.646978915Z
01KFEWJ5QDFGDDABA5KSH744PK,01KFEVMN9Q125N5N16W4WNYJXF,2026-01-20T23:41:41.997532551Z,,,01KFEVMNAWK7WRWM1AMQZKX6SA,2026-01-20T23:41:41.997532551Z,,,01KFEW3YJBR4HT7BADWRSVJQV5,2026-01-20T23:41:41.997532551Z,01KFEWE8W4Q7HBT12QMD8NKR4R,2026-01-20T23:41:41.997532551Z,01KFEWE9C30ZHCGCFJFZTFSKD8,2026-01-20T23:41:41.997532551Z,true,2026-01-20T23:41:43.728824341Z
01KFEWJP07173ZTJCZAX69FVS0,01KFEVMNF44NEM58ETFST7KTWM,2026-01-20T23:41:58.663342394Z,,,01KFEVMNHFNDCGHX9QBBFN387E,2026-01-20T23:41:58.663342394Z,,,01KFEW78ZH0TY6JQ9J3GJMR3E3,2026-01-20T23:41:58.663342394Z,01KFEWEZZBBNA6YGF5KBEE6WA6,2026-01-20T23:41:58.663342394Z,01KFEWF0CECH8W1DV3D79VJA8W,2026-01-20T23:41:58.663342394Z,true,2026-01-20T23:42:02.756765329Z
01KFEVH0FZ5257GCWAGANVXFK7,01KFEV377XDCWB0CVW0E7ES8WB,2026-01-20T23:23:35.295266849Z,,,01KFEV378H0PY96RNMJFNCN7TE,2026-01-20T23:23:35.295266849Z,,,01KFEV86DXXGMH25YQ8QC6JEB7,2026-01-20T23:23:35.295266849Z,01KFEVEHGCG7SCGVN0B81NQ5CF,2026-01-20T23:23:35.295266849Z,01KFEVEHK23Y7QHN71PHVQS0CN,2026-01-20T23:23:35.295266849Z,true,2026-01-20T23:23:36.736695653Z
01KFEVJ7B56ZCJZ29BGMFENFV3,01KFEV384BJYC62Y0E6AQK09K8,2026-01-20T23:24:15.07720014Z,,,01KFEV384Y33BFECW27AH8GSGD,2026-01-20T23:24:15.07720014Z,,,01KFEVCQTYNZYE4TGA9WFYBM2V,2026-01-20T23:24:15.07720014Z,01KFEVHANZWYMMJ585A25SK7SB,2026-01-20T23:24:15.07720014Z,01KFEVHAR0CTF7N7R7X3QZEWWS,2026-01-20T23:24:15.07720014Z,true,2026-01-20T23:24:19.611255766Z
01KFEVK5GEZAJ6GWGQC47XVCM9,01KFEV37CWX6SQYA0RPR0C01MW,2026-01-20T23:24:45.966394934Z,true,2026-01-20T23:25:09.383984932Z,01KFEV37DE991T271V0BRDHRJW,2026-01-20T23:24:45.966394934Z,10,2026-01-20T23:25:07.92011407Z,01KFEVBZC2S6960QVT8J14HPMN,2026-01-20T23:24:45.966394934Z,01KFEVGBCR1VRA302JV9XDWJYD,2026-01-20T23:24:45.966394934Z,01KFEVGBGF8RRTEG5EE93BMWPW,2026-01-20T23:24:45.966394934Z,true,2026-01-20T23:25:12.400218079Z
01KFEVQ2G19XNQ4KT86587X26B,01KFEV37PBC6DGWCX0HT0QWYJR,2026-01-20T23:26:53.95354234Z,,,01KFEV37PYV9HETXX2PSGE1RKD,2026-01-20T23:26:53.95354234Z,,,01KFEVDMPGK2KG6CGRXX80WQ5A,2026-01-20T23:26:53.95354234Z,01KFEVKCN4ZM7M5WXWCANY7678,2026-01-20T23:26:53.95354234Z,01KFEVKCSXW4YTDVYNXXMDKQKM,2026-01-20T23:26:53.95354234Z,true,2026-01-20T23:26:56.546624565Z
01KFEVTV9WJGHMHTMW8HR2Z7E5,01KFEV37CWX6SQYA0RPR0C01MW,2026-01-20T23:28:57.661014736Z,,,01KFEV37DAAK9E08F076WKMM6J,2026-01-20T23:28:57.661014736Z,,,01KFEVGWWQWT7BAZNJDAAA325H,2026-01-20T23:28:57.661014736Z,01KFEVRWRV4PBTM59RGPB1MPCT,2026-01-20T23:28:57.661014736Z,01KFEVRWZXG059ES616C24TM5W,2026-01-20T23:28:57.661014736Z,true,2026-01-20T23:29:04.020906869Z
01KFEW8MRWGXMPM16BDF9X86AD,01KFEV38A01XZ4DPRPFKRE96P8,2026-01-20T23:36:29.724973464Z,,,01KFEV38AHTHHCNTDGHAJN0GXG,2026-01-20T23:36:29.724973464Z,,,01KFEVW9PV7SJ42VT7GTTE4SGT,2026-01-20T23:36:29.724973464Z,01KFEW2A0EJTQ1J903ZRJRFAD8,2026-01-20T23:36:29.724973464Z,01KFEW2AFJ5H3Z4T7V2126EH6E,2026-01-20T23:36:29.724973464Z,true,2026-01-20T23:36:32.281965976Z
01KFEVJ9G6QGBFK6WVD5ZPD2NH,01KFEV37PBC6DGWCX0HT0QWYJR,2026-01-20T23:24:17.286275804Z,,,01KFEV37PYV9HETXX2PC055NBT,2026-01-20T23:24:17.286275804Z,,,01KFEV9QWYR4DNTS4QCCENEARJ,2026-01-20T23:24:17.286275804Z,01KFEVH47ZBAPR4G4APH55JXTA,2026-01-20T23:24:17.286275804Z,01KFEVH4ACHZJFV4ZSNPKN3K3C,2026-01-20T23:24:17.286275804Z,true,2026-01-20T23:24:59.747086017Z
01KFEVSCQWJ8WTED5CRR1Q44FR,01KFEVMN9Q125N5N16W4WNYJXF,2026-01-20T23:28:09.980781846Z,,,01KFEVMNB841AFDZFM4WSW4FTD,2026-01-20T23:28:09.980781846Z,,,01KFEVC3J7JCZ73BZAKH9RH61D,2026-01-20T23:28:09.980781846Z,01KFEVPNG6JB6DZSQZ5HM4GVS7,2026-01-20T23:28:09.980781846Z,01KFEVPNNPKEP7QDQDMFAJEGXG,2026-01-20T23:28:09.980781846Z,true,2026-01-20T23:28:16.969249125Z
01KFEVT8A1YNEP46CTAGP924K9,01KFEV38A01XZ4DPRPFKRE96P8,2026-01-20T23:28:38.209040826Z,,,01KFEV38AJ2CFPYBQZ58NH0V5J,2026-01-20T23:28:38.209040826Z,,,01KFEVE55BQ40NXX8QW3R5RX0T,2026-01-20T23:28:38.209040826Z,01KFEVJWS2MQKSD6RZJH2QJJMQ,2026-01-20T23:28:38.209040826Z,01KFEVJWXV5TMTNH14QE45B846,2026-01-20T23:28:38.209040826Z,true,2026-01-20T23:28:41.956438754Z
01KFEWDT5GDAH6JRREPPASM4BW,01KFEV38A01XZ4DPRPFKRE96P8,2026-01-20T23:39:19.088260368Z,true,2026-01-20T23:39:31.486673209Z,01KFEV38AJ2CFPYBQZ5JKK7PV4,2026-01-20T23:39:19.088260368Z,17,2026-01-20T23:39:30.816657476Z,01KFEW61CSGZMFE4TZ96QA9A06,2026-01-20T23:39:19.088260368Z,01KFEW9RRQZJ10JQ2H4R3MFBWJ,2026-01-20T23:39:19.088260368Z,01KFEW9S0RPCQ24RX8AGJ3PG3N,2026-01-20T23:39:19.088260368Z,true,2026-01-20T23:39:34.481372183Z
01KFEW7VE33AMHZMYR0WCJM99B,01KFEVMN9Q125N5N16W4WNYJXF,2026-01-20T23:36:03.779873998Z,,,01KFEVMNBC23RB4D79KEQ4G0VS,2026-01-20T23:36:03.779873998Z,,,01KFEVXFAQE8X4YEWXW17GBY46,2026-01-20T23:36:03.779873998Z,01KFEW3VNBMV4SFK2GGYWGCNPK,2026-01-20T23:36:03.779873998Z,01KFEW3W7YP6W4CSD70FWS3PZ3,2026-01-20T23:36:03.779873998Z,true,2026-01-20T23:36:05.388614367Z
01KFEVBNBSZR9Q65KNDQWH7CY7,01KFEV2BZFDRZBG3Y0249RG1TW,2026-01-20T23:20:40.057168288Z,,,01KFEV2C08ND9C9BYW8N2T146P,2026-01-20T23:20:40.057168288Z,,,01KFEV46YBCF5X09FCFJF4VDEY,2026-01-20T23:20:40.057168288Z,01KFEV992NF1BFY2J085XZ7GRZ,2026-01-20T23:20:40.057168288Z,01KFEV99AR9MS371XKPVZ0H4T2,2026-01-20T23:20:40.057168288Z,true,2026-01-20T23:20:41.798850107Z
01KFEVFWVVE1WV859HEJ4AV4J9,01KFEV2BZFDRZBG3Y0249RG1TW,2026-01-20T23:22:58.81133583Z,,,01KFEV2C0CP35QE41ZMH45J8TZ,2026-01-20T23:22:58.81133583Z,,,01KFEV4PQ8V0QGQVX4KK2FPFJR,2026-01-20T23:22:58.81133583Z,01KFEVB8G5PCQ91G35P9E460CY,2026-01-20T23:22:58.81133583Z,01KFEVB8NBEMJ8R5FYH98J8G8E,2026-01-20T23:22:58.81133583Z,true,2026-01-20T23:23:01.132272447Z
01KFEVH5XXZ1AK57XRSNQF8YY8,01KFEV377XDCWB0CVW0E7ES8WB,2026-01-20T23:23:40.861316528Z,,,01KFEV378H0PY96RNMJTMM0E4X,2026-01-20T23:23:40.861316528Z,,,01KFEV8TC8AZEPV3G36SCZ12C3,2026-01-20T23:23:40.861316528Z,01KFEVFBBYTSBZ9CQKVR7RKAB2,2026-01-20T23:23:40.861316528Z,01KFEVFBERV7RS1FPY125JEBK8,2026-01-20T23:23:40.861316528Z,true,2026-01-20T23:23:45.067307177Z
01KFEVNTAQ2523PQ8CA2KXAXK9,01KFEV377XDCWB0CVW0E7ES8WB,2026-01-20T23:26:12.823300687Z,,,01KFEV378FNG971PBW7B2SPNC6,2026-01-20T23:26:12.823300687Z,,,01KFEVCRBGBMN5MZZVZA8FPX1Z,2026-01-20T23:26:12.823300687Z,01KFEVJNRD1MY8S8B50S9C4WM2,2026-01-20T23:26:12.823300687Z,01KFEVJNZX3VPXZV2J2EXWT3WW,2026-01-20T23:26:12.823300687Z,true,2026-01-20T23:26:16.225153387Z
01KFEVTYJYW6267K6NZYN59KT1,01KFEV37PBC6DGWCX0HT0QWYJR,2026-01-20T23:29:01.022082086Z,,,01KFEV37PV76WD06T50QFKE80T,2026-01-20T23:29:01.022082086Z,,,01KFEVJMQNGBVWZMGKK0EQB935,2026-01-20T23:29:01.022082086Z,01KFEVS2Z9EQT2Y1JNWRXDGX7J,2026-01-20T23:29:01.022082086Z,01KFEVS34C6QR7N0G2N83XWCC1,2026-01-20T23:29:01.022082086Z,true,2026-01-20T23:29:05.206129946Z
01KFEW78TZ1Q3PWM69N642V0RN,01KFEV38GJVYY8P8B7QXSW6BTE,2026-01-20T23:35:44.735152156Z,,,01KFEV38H48T18ZRM15RETR33C,2026-01-20T23:35:44.735152156Z,,,01KFEVVPVMNR90RS0DGAX989B7,2026-01-20T23:35:44.735152156Z,01KFEW2K6PK2TX8PWJC4BQBRD3,2026-01-20T23:35:44.735152156Z,01KFEW2KGZQYDAXH482BC0TZS5,2026-01-20T23:35:44.735152156Z,true,2026-01-20T23:35:45.641607376Z
01KFEWJ5V0DGMT9VRM70H2FH0J,01KFEVMNF44NEM58ETFST7KTWM,2026-01-20T23:41:42.112755126Z,,,01KFEVMNHFNDCGHX9QBBFN387E,2026-01-20T23:41:42.112755126Z,,,01KFEW6A5E0ZVTNJ585Y831423,2026-01-20T23:41:42.112755126Z,01KFEWEZWPAV8RCSFBM22S3S8X,2026-01-20T23:41:42.112755126Z,01KFEWF08A7VMQDK1GSM2N37ZS,2026-01-20T23:41:42.112755126Z,true,2026-01-20T23:41:45.257302311Z
01KFEVM2KD1DX6FNN8HMPT0VG1,01KFEV384BJYC62Y0E6AQK09K8,2026-01-20T23:25:15.757776439Z,,,01KFEV384Y33BFECW27AH8GSGD,2026-01-20T23:25:15.757776439Z,,,01KFEVCQTYNZYE4TGA9WFYBM2V,2026-01-20T23:25:15.757776439Z,01KFEVHAPJCMYFRQP2F7WT72WK,2026-01-20T23:25:15.757776439Z,01KFEVHAVTXXBR4DCASYZ11AC8,2026-01-20T23:25:15.757776439Z,true,2026-01-20T23:25:18.044438235Z
01KFEVM8M7DP4TQKWWA64K44V1,01KFEV377XDCWB0CVW0E7ES8WB,2026-01-20T23:25:21.927042566Z,false,2026-01-20T23:25:50.520622256Z,01KFEV378H0PY96RNMJTMM0E4X,2026-01-20T23:25:21.927042566Z,19,2026-01-20T23:25:49.720674458Z,01KFEV8K48Q5MVC88J4XCQXRFY,2026-01-20T23:25:21.927042566Z,01KFEVFBC54D00BJN5ANQ39TQ9,2026-01-20T23:25:21.927042566Z,01KFEVFBJ2G666H6ADJ3WXKH0Y,2026-01-20T23:25:21.927042566Z,,
01KFEVNSHD1RHV9X1JM7QHF8PG,01KFEV37PBC6DGWCX0HT0QWYJR,2026-01-20T23:26:12.013799826Z,,,01KFEV37PYV9HETXX2PC055NBT,2026-01-20T23:26:12.013799826Z,,,01KFEVBDY2YWN6DSFNFKRM8R9Z,2026-01-20T23:26:12.013799826Z,01KFEVH47YHEBY0NMN1SDFTFF1,2026-01-20T23:26:12.013799826Z,01KFEVH4FKAY2RNTNZQP7G1JG6,2026-01-20T23:26:12.013799826Z,true,2026-01-20T23:26:13.972013859Z
01KFEVW7QZH2GWK18VS85EH5EJ,01KFEVMN9Q125N5N16W4WNYJXF,2026-01-20T23:29:43.167037365Z,true,2026-01-20T23:29:48.819998343Z,01KFEVMNB841AFDZFM4WSW4FTD,2026-01-20T23:29:43.167037365Z,29,2026-01-20T23:29:47.466097929Z,01KFEVB2WK99SDZDFQAW6KYB9M,2026-01-20T23:29:43.167037365Z,01KFEVPNHPYT4D9Y89XXZCCCHS,2026-01-20T23:29:43.167037365Z,01KFEVPNYWAKGVQRP7Z402ARMF,2026-01-20T23:29:43.167037365Z,true,2026-01-20T23:29:51.830306903Z
01KFEW7VEA72QY5YYE9JH1R7XJ,01KFEVMN9Q125N5N16W4WNYJXF,2026-01-20T23:36:03.786160566Z,,,01KFEVMNBC23RB4D79KEQ4G0VS,2026-01-20T23:36:03.786160566Z,,,01KFEVX608THP5F5HX3GYF0X1K,2026-01-20T23:36:03.786160566Z,01KFEW3VNBMV4SFK2GGYWGCNPK,2026-01-20T23:36:03.786160566Z,01KFEW3W7YP6W4CSD70FWS3PZ3,2026-01-20T23:36:03.786160566Z,true,2026-01-20T23:36:05.130512694Z
01KFEWG0N1X4GAH2F3CF6PQJXT,01KFEVMNF44NEM58ETFST7KTWM,2026-01-20T23:40:31.265099982Z,true,2026-01-20T23:40:46.545745171Z,01KFEVMNHFNDCGHX9QBBFN387E,2026-01-20T23:40:31.265099982Z,0,2026-01-20T23:40:44.304797861Z,01KFEW78ZH0TY6JQ9J3GJMR3E3,2026-01-20T23:40:31.265099982Z,01KFEWEZVA5M4G0VV9SW3JMCQ3,2026-01-20T23:40:31.265099982Z,01KFEWF00T71V0JHNJGDJZ5RCW,2026-01-20T23:40:31.265099982Z,true,2026-01-20T23:40:49.578253766Z
01KFEVJJT6Y1CDYNEFHWGTGYXQ,01KFEV377XDCWB0CVW0E7ES8WB,2026-01-20T23:24:26.822828225Z,,,01KFEV378PDZP87HXSESW6BA01,2026-01-20T23:24:26.822828225Z,,,01KFEV6V20FH8Q8TGZN4SVCF5R,2026-01-20T23:24:26.822828225Z,01KFEVF1Q6ZK58W1T2EDJS8ZM0,2026-01-20T23:24:26.822828225Z,01KFEVF1XCPNZC1ZTZ6VVR76Y4,2026-01-20T23:24:26.822828225Z,true,2026-01-20T23:24:29.619344797Z
01KFEVMTQAHBRAXQJ8CFHJADAS,01KFEV37CWX6SQYA0RPR0C01MW,2026-01-20T23:25:40.458452685Z,,,01KFEV37DE991T271V0BRDHRJW,2026-01-20T23:25:40.458452685Z,,,01KFEV8CTFEWEE7C0ZM9KMYRSE,2026-01-20T23:25:40.458452685Z,01KFEVGBDARE4SPS0QMKPAHCAT,2026-01-20T23:25:40.458452685Z,01KFEVGBK846PASE7YPNWQ8BDG,2026-01-20T23:25:40.458452685Z,true,2026-01-20T23:25:46.051303068Z
01KFEVS92YDYGWQTK0PND83766,01KFEV37PBC6DGWCX0HT0QWYJR,2026-01-20T23:28:06.23823109Z,,,01KFEV37PYV9HETXX2PSGE1RKD,2026-01-20T23:28:06.23823109Z,,,01KFEV8PSQBX7P1ARFP0SDDW57,2026-01-20T23:28:06.23823109Z,01KFEVKCMQT7S1XG51JFN48N08,2026-01-20T23:28:06.23823109Z,01KFEVKCZA3KZDZJGT9C939PHP,2026-01-20T23:28:06.23823109Z,true,2026-01-20T23:28:10.924482933Z
01KFEW7X5AY0YFYSHXEW8S6BJ7,01KFEVMN9Q125N5N16W4WNYJXF,2026-01-20T23:36:05.546564464Z,,,01KFEVMNBC23RB4D79KEQ4G0VS,2026-01-20T23:36:05.546564464Z,,,01KFEVX608THP5F5HX3GYF0X1K,2026-01-20T23:36:05.546564464Z,01KFEW3VNM3T348MBV77A05Z67,2026-01-20T23:36:05.546564464Z,01KFEW3W8VT5CW7Y92SKRP7YZ3,2026-01-20T23:36:05.546564464Z,true,2026-01-20T23:36:06.935120052Z
01KFEW7XQ205T8PXPKEZB8JATK,01KFEV38GJVYY8P8B7QXSW6BTE,2026-01-20T23:36:06.114649232Z,,,01KFEV38H48T18ZRM15RETR33C,2026-01-20T23:36:06.114649232Z,,,01KFEVYB6HS3VX2GA7D4G2GPMT,2026-01-20T23:36:06.114649232Z,01KFEW2K6EXRH56RSZWHGJ4HT4,2026-01-20T23:36:06.114649232Z,01KFEW2KJANC5BYYFQDW9Z8SH2,2026-01-20T23:36:06.114649232Z,true,2026-01-20T23:36:07.166555211Z
01KFEWGMVQCHK59WPKW6PGYY06,01KFEV38A01XZ4DPRPFKRE96P8,2026-01-20T23:40:51.959122221Z,true,2026-01-20T23:41:04.088884725Z,01KFEV38AJ2CFPYBQZ5JKK7PV4,2026-01-20T23:40:51.959122221Z,29,2026-01-20T23:41:02.269264564Z,01KFEW2CHJQZ9TDCN78BA2VKEM,2026-01-20T23:40:51.959122221Z,01KFEW9RP7W5QZSAE6HSN0A735,2026-01-20T23:40:51.959122221Z,01KFEW9SC92GGRP8135DDNP506,2026-01-20T23:40:51.959122221Z,true,2026-01-20T23:41:07.107101882Z
01KFEVYSE41D56V5FXWGJTHZRW,01KFEV37CWX6SQYA0RPR0C01MW,2026-01-20T23:31:06.8200766Z,true,2026-01-20T23:31:17.557969172Z,01KFEV37DAAK9E08F076WKMM6J,2026-01-20T23:31:06.8200766Z,10,2026-01-20T23:31:15.780343088Z,01KFEVH10BYAXDVW828R4A2D8P,2026-01-20T23:31:06.8200766Z,01KFEVRWTKHVAA5GAM8CPTYHJ5,2026-01-20T23:31:06.8200766Z,01KFEVRX85JKVNDKHKFSPSV72M,2026-01-20T23:31:06.8200766Z,true,2026-01-20T23:31:20.568355615Z
01KFEW5T5XNQMZRD5SEZHBPBKH,01KFEVMN9Q125N5N16W4WNYJXF,2026-01-20T23:34:56.957757696Z,,,01KFEVMNBC23RB4D79KEQ4G0VS,2026-01-20T23:34:56.957757696Z,,,01KFEVX608THP5F5HX3GYF0X1K,2026-01-20T23:34:56.957757696Z,01KFEW3VJN8ZKAM3Y64XBX8BFB,2026-01-20T23:34:56.957757696Z,01KFEW3VSD3W6VTBGCEXPR06YA,2026-01-20T23:34:56.957757696Z,true,2026-01-20T23:35:04.490800293Z
01KFEVAFDSMMX7D8MH25QPDX3Y,01KFEV2BZFDRZBG3Y0249RG1TW,2026-01-20T23:20:01.209525331Z,,,01KFEV2C08ND9C9BYW8N2T146P,2026-01-20T23:20:01.209525331Z,,,01KFEV4APCG117QZ1ZVXNKCJFC,2026-01-20T23:20:01.209525331Z,01KFEV992BY8ZQV1K5DH9Q0F8T,2026-01-20T23:20:01.209525331Z,01KFEV9960CJQVQSMSDWTAWZVQ,2026-01-20T23:20:01.209525331Z,true,2026-01-20T23:20:02.220432204Z
01KFEVGVVFK7CNGKTTHFDMN9MJ,01KFEV2BZFDRZBG3Y0249RG1TW,2026-01-20T23:23:30.543344643Z,,,01KFEV2C0CP35QE41ZMH45J8TZ,2026-01-20T23:23:30.543344643Z,,,01KFEV4PQ8V0QGQVX4KK2FPFJR,2026-01-20T23:23:30.543344643Z,01KFEVB8G8DNW1YDKX93Z4PCN5,2026-01-20T23:23:30.543344643Z,01KFEVB8QV0FGJV0RSXCM0HSRF,2026-01-20T23:23:30.543344643Z,true,2026-01-20T23:23:32.771340952Z
01KFEVK2MEPBKPR63K5788TR7S,01KFEV37CWX6SQYA0RPR0C01MW,2026-01-20T23:24:43.022863283Z,true,2026-01-20T23:24:54.920806451Z,01KFEV37DE991T271V0NJ5BY6K,2026-01-20T23:24:43.022863283Z,10,2026-01-20T23:24:52.649043029Z,01KFEVD9ZATE7H5N364WWPAV31,2026-01-20T23:24:43.022863283Z,01KFEVJEK28P9JKPHKVPX8VP2T,2026-01-20T23:24:43.022863283Z,01KFEVJEM832WNXEDPDPN7P29D,2026-01-20T23:24:43.022863283Z,true,2026-01-20T23:24:57.935786759Z
01KFEVKK0EBJV88ZBQMNYYPHH4,01KFEV37PBC6DGWCX0HT0QWYJR,2026-01-20T23:24:59.790051747Z,,,01KFEV37PYV9HETXX2PC055NBT,2026-01-20T23:24:59.790051747Z,,,01KFEV9QWYR4DNTS4QCCENEARJ,2026-01-20T23:24:59.790051747Z,01KFEVH47ZBAPR4G4APH55JXTA,2026-01-20T23:24:59.790051747Z,01KFEVH4AFZSX788YRCXKJBBQA,2026-01-20T23:24:59.790051747Z,true,2026-01-20T23:25:03.294671719Z
01KFEVMYD7NW5PNR4MAW0D8G2E,01KFEV377XDCWB0CVW0E7ES8WB,2026-01-20T23:25:44.231656992Z,,,01KFEV378FNG971PBW7B2SPNC6,2026-01-20T23:25:44.231656992Z,,,01KFEVCRBGBMN5MZZVZA8FPX1Z,2026-01-20T23:25:44.231656992Z,01KFEVJNR1J3B46T7W60KHKSQ0,2026-01-20T23:25:44.231656992Z,01KFEVJNWPCSPJ23SY9VKEP00H,2026-01-20T23:25:44.231656992Z,true,2026-01-20T23:25:46.959553583Z
01KFEVWQ0HJE67M396HX93DS61,01KFEV37CWX6SQYA0RPR0C01MW,2026-01-20T23:29:58.801357871Z,,,01KFEV37DAAK9E08F076WKMM6J,2026-01-20T23:29:58.801357871Z,,,01KFEVGWWQWT7BAZNJDAAA325H,2026-01-20T23:29:58.801357871Z,01KFEVRWSPA17ZS4W91D5DRVBE,2026-01-20T23:29:58.801357871Z,01KFEVRX2TX5N634K3FK93M6A2,2026-01-20T23:29:58.801357871Z,true,2026-01-20T23:30:04.059709136Z
01KFEW7HGCJJR5YDJV5TXDW4NW,01KFEVMN9Q125N5N16W4WNYJXF,2026-01-20T23:35:53.612365481Z,,,01KFEVMNBC23RB4D79KEQ4G0VS,2026-01-20T23:35:53.612365481Z,,,01KFEVXFAQE8X4YEWXW17GBY46,2026-01-20T23:35:53.612365481Z,01KFEW3VMQYCSWHG0ZVBJSS31E,2026-01-20T23:35:53.612365481Z,01KFEW3W3KHX2CJFRATHW62KJR,2026-01-20T23:35:53.612365481Z,true,2026-01-20T23:35:56.111207888Z
01KFEWBG6HBZY65X9BQ22Q0DGH,01KFEV384BJYC62Y0E6AQK09K8,2026-01-20T23:38:03.345522201Z,,,01KFEV384Z68A1Z7ZGWS1GDSZK,2026-01-20T23:38:03.345522201Z,,,01KFEW2C8HX8QQZV0FHE0EMNPN,2026-01-20T23:38:03.345522201Z,01KFEW9NEA3084E68Q79YRZ37E,2026-01-20T23:38:03.345522201Z,01KFEW9NNDHK2DWCRNYCJSRE0C,2026-01-20T23:38:03.345522201Z,true,2026-01-20T23:38:11.500686574Z
01KFEVH0K7R8TKXQ405ZSXN8ST,01KFEV377XDCWB0CVW0E7ES8WB,2026-01-20T23:23:35.399976095Z,,,01KFEV378H0PY96RNMJTMM0E4X,2026-01-20T23:23:35.399976095Z,,,01KFEV8TC8AZEPV3G36SCZ12C3,2026-01-20T23:23:35.399976095Z,01KFEVFBBYTSBZ9CQKVR7RKAB2,2026-01-20T23:23:35.399976095Z,01KFEVFBEP0VA4C6B2J82RWTXF,2026-01-20T23:23:35.399976095Z,true,2026-01-20T23:23:40.8292706Z
01KFEVW1B20PG6HSMJ3CH37T4Z,01KFEV38A01XZ4DPRPFKRE96P8,2026-01-20T23:29:36.61053555Z,,,01KFEV38AJ2CFPYBQZ58NH0V5J,2026-01-20T23:29:36.61053555Z,,,01KFEVE55BQ40NXX8QW3R5RX0T,2026-01-20T23:29:36.61053555Z,01KFEVJWRJ3VMZ6TKNKERXD4E2,2026-01-20T23:29:36.61053555Z,01KFEVJX0PTM14Z5A8KN9ECA1F,2026-01-20T23:29:36.61053555Z,true,2026-01-20T23:29:39.148221749Z
01KFEW4Z30G8ZQ9843PQM01T3F,01KFEV38A01XZ4DPRPFKRE96P8,2026-01-20T23:34:29.21698669Z,,,01KFEV38AHTHHCNTDGHAJN0GXG,2026-01-20T23:34:29.21698669Z,,,01KFEVW9PV7SJ42VT7GTTE4SGT,2026-01-20T23:34:29.21698669Z,01KFEW29XZMZF1P4K1A2ZTGRQ6,2026-01-20T23:34:29.21698669Z,01KFEW2A4W26S9C5CNQDDS3CPJ,2026-01-20T23:34:29.21698669Z,true,2026-01-20T23:34:32.352757006Z
01KFEVP6NT14SJ5RAE780JH3CX,01KFEV37PBC6DGWCX0HT0QWYJR,2026-01-20T23:26:25.46637904Z,,,01KFEV37PYV9HETXX2PC055NBT,2026-01-20T23:26:25.46637904Z,,,01KFEVBDY2YWN6DSFNFKRM8R9Z,2026-01-20T23:26:25.46637904Z,01KFEVH48MPK9TCKTT31EZXW1C,2026-01-20T23:26:25.46637904Z,01KFEVH4GPAGH92EJHTBZQF9R2,2026-01-20T23:26:25.46637904Z,true,2026-01-20T23:26:27.631068035Z
01KFEVP8TQQEC0JVEBC5E09C5F,01KFEV38A01XZ4DPRPFKRE96P8,2026-01-20T23:26:27.671112436Z,,,01KFEV38AJ2CFPYBQZ58NH0V5J,2026-01-20T23:26:27.671112436Z,,,01KFEVB815BQW2TQ29HHMDQ2FB,2026-01-20T23:26:27.671112436Z,01KFEVJWRBMK18VGXT9RA26R1D,2026-01-20T23:26:27.671112436Z,01KFEVJWVDD6V8A5ZZPD91ARXX,2026-01-20T23:26:27.671112436Z,true,2026-01-20T23:26:32.718733706Z
01KFEV9WQFSEKF70S7T56NWWRZ,01KFEV2BZFDRZBG3Y0249RG1TW,2026-01-20T23:19:42.063559111Z,,,01KFEV2C08ND9C9BYW8N2T146P,2026-01-20T23:19:42.063559111Z,,,01KFEV4APCG117QZ1ZVXNKCJFC,2026-01-20T23:19:42.063559111Z,01KFEV9923DJ5VCDJPCWV8F272,2026-01-20T23:19:42.063559111Z,01KFEV9944WW8FYX7790XC9K9Y,2026-01-20T23:19:42.063559111Z,true,2026-01-20T23:19:44.098470572Z
01KFEVF95H31QHBCZQMZCZPRFN,01KFEV377XDCWB0CVW0E7ES8WB,2026-01-20T23:22:38.641465381Z,true,2026-01-20T23:22:52.28143028Z,01KFEV378PDZP87HXSESW6BA01,2026-01-20T23:22:38.641465381Z,0,2026-01-20T23:22:50.083307681Z,01KFEV79YCQMQRJYZ004NV66QN,2026-01-20T23:22:38.641465381Z,01KFEVF1PKXY17EAHC5V0EMKN7,2026-01-20T23:22:38.641465381Z,01KFEVF1RJS758218KG1A2AWWR,2026-01-20T23:22:38.641465381Z,true,2026-01-20T23:22:55.286991501Z
01KFEVG9XRGMJX0YF1KJ0FKGBG,01KFEV2BZFDRZBG3Y0249RG1TW,2026-01-20T23:23:12.184322311Z,true,2026-01-20T23:23:16.447012753Z,01KFEV2C0CP35QE41ZMH45J8TZ,2026-01-20T23:23:12.184322311Z,0,2026-01-20T23:23:15.153912997Z,01KFEV4PQ8V0QGQVX4KK2FPFJR,2026-01-20T23:23:12.184322311Z,01KFEVB8G65XGTDB93SRCK5ATZ,2026-01-20T23:23:12.184322311Z,01KFEVB8PCEHCTD1JD90QNZ79K,2026-01-20T23:23:12.184322311Z,true,2026-01-20T23:23:19.512066Z
01KFEVJQ5TBMJJ6RB416GS39CJ,01KFEV377XDCWB0CVW0E7ES8WB,2026-01-20T23:24:31.290472763Z,,,01KFEV378H0PY96RNMJFNCN7TE,2026-01-20T23:24:31.290472763Z,,,01KFEV86DXXGMH25YQ8QC6JEB7,2026-01-20T23:24:31.290472763Z,01KFEVEHGS0JDSCPZNZH3BDF1M,2026-01-20T23:24:31.290472763Z,01KFEVEHP9SMNJJZ5AP3RW7VHS,2026-01-20T23:24:31.290472763Z,true,2026-01-20T23:24:33.545722196Z
01KFEVKZQNV85T3N4VRBVSD152,01KFEV377XDCWB0CVW0E7ES8WB,2026-01-20T23:25:12.821761408Z,,,01KFEV378PDZP87HXSESW6BA01,2026-01-20T23:25:12.821761408Z,,,01KFEV79YCQMQRJYZ004NV66QN,2026-01-20T23:25:12.821761408Z,01KFEVF1R3DQ0JFK5FV6Y4TWRQ,2026-01-20T23:25:12.821761408Z,01KFEVF203K7PNT3BGD2JRTEGP,2026-01-20T23:25:12.821761408Z,true,2026-01-20T23:25:14.818727288Z
01KFEVN620SVEZRKZS031JWKX6,01KFEV377XDCWB0CVW0E7ES8WB,2026-01-20T23:25:52.064909504Z,,,01KFEV378H0PY96RNMJTMM0E4X,2026-01-20T23:25:52.064909504Z,,,01KFEV8K48Q5MVC88J4XCQXRFY,2026-01-20T23:25:52.064909504Z,01KFEVFBCAGNBZPQ8S80FVD5F6,2026-01-20T23:25:52.064909504Z,01KFEVFBJJEPWPVD929FQVEJ5N,2026-01-20T23:25:52.064909504Z,true,2026-01-20T23:25:53.409367645Z
01KFEVSMNHP4WGGJ0YXDXEWJA1,01KFEV37CWX6SQYA0RPR0C01MW,2026-01-20T23:28:18.097099173Z,,,01KFEV37DAAK9E08F076WKMM6J,2026-01-20T23:28:18.097099173Z,,,01KFEVH10BYAXDVW828R4A2D8P,2026-01-20T23:28:18.097099173Z,01KFEVRWRP2V236VFYBAYSNQQS,2026-01-20T23:28:18.097099173Z,01KFEVRWWTXPZ8V1EHCS7XT02V,2026-01-20T23:28:18.097099173Z,true,2026-01-20T23:28:28.65812328Z
01KFEVT89SFZ1JPATH2Q4AQAA4,01KFEV38A01XZ4DPRPFKRE96P8,2026-01-20T23:28:38.201620249Z,,,01KFEV38AJ2CFPYBQZ58NH0V5J,2026-01-20T23:28:38.201620249Z,,,01KFEVB815BQW2TQ29HHMDQ2FB,2026-01-20T23:28:38.201620249Z,01KFEVJWS2MQKSD6RZJH2QJJMQ,2026-01-20T23:28:38.201620249Z,01KFEVJWXV5TMTNH14QE45B846,2026-01-20T23:28:38.201620249Z,true,2026-01-20T23:28:42.600692296Z
01KFEVX0ZJ1HS7VHAKDRNEGZX3,01KFEV37CWX6SQYA0RPR0C01MW,2026-01-20T23:30:09.011526004Z,,,01KFEV37DAAK9E08F076WKMM6J,2026-01-20T23:30:09.011526004Z,,,01KFEVGWWQWT7BAZNJDAAA325H,2026-01-20T23:30:09.011526004Z,01KFEVRWSZ55NYP8B55399K8ZW,2026-01-20T23:30:09.011526004Z,01KFEVRX3RKC48QSSW2Z48PD8S,2026-01-20T23:30:09.011526004Z,true,2026-01-20T23:30:14.607345883Z
01KFEW4F76QJDDA77CSQSKMAAZ,01KFEV384BJYC62Y0E6AQK09K8,2026-01-20T23:34:12.966779215Z,true,2026-01-20T23:34:18.866668364Z,01KFEV385166A8JYCZ9G4DMHRQ,2026-01-20T23:34:12.966779215Z,19,2026-01-20T23:34:17.243921584Z,01KFEVY502SJ2FK1Q7WFM0PHB4,2026-01-20T23:34:12.966779215Z,01KFEW1AHWQARTJECMFRG6TRPK,2026-01-20T23:34:12.966779215Z,01KFEW1B32DN8FA4XMJZZ9GDZY,2026-01-20T23:34:12.966779215Z,true,2026-01-20T23:34:21.870154352Z
01KFEW6NQBWJN3M6QHRG1D953E,01KFEVMN9Q125N5N16W4WNYJXF,2026-01-20T23:35:25.163929724Z,,,01KFEVMNBC23RB4D79KEQ4G0VS,2026-01-20T23:35:25.163929724Z,,,01KFEVX608THP5F5HX3GYF0X1K,2026-01-20T23:35:25.163929724Z,01KFEW3VKNJVBQR8K5WQHKN6CC,2026-01-20T23:35:25.163929724Z,01KFEW3VXQ33KR3NTMQVJ7GDG1,2026-01-20T23:35:25.163929724Z,true,2026-01-20T23:35:26.562158926Z
01KFEWFBV9AYAW7NH4CRYFJFTF,01KFEV38A01XZ4DPRPFKRE96P8,2026-01-20T23:40:09.961773633Z,,,01KFEV38AJ2CFPYBQZ5JKK7PV4,2026-01-20T23:40:09.961773633Z,,,01KFEW61CSGZMFE4TZ96QA9A06,2026-01-20T23:40:09.961773633Z,01KFEW9RQQNHQYFYBFG4W4KFW3,2026-01-20T23:40:09.961773633Z,01KFEW9S4WB4J4B806SQ1BGD01,2026-01-20T23:40:09.961773633Z,true,2026-01-20T23:40:15.386669076Z
01KFEVPACAAKF19VNCVYXDTP74,01KFEV37PBC6DGWCX0HT0QWYJR,2026-01-20T23:26:29.258751272Z,true,2026-01-20T23:26:37.079249025Z,01KFEV37PYV9HETXX2PSGE1RKD,2026-01-20T23:26:29.258751272Z,17,2026-01-20T23:26:36.152480173Z,01KFEV8PSQBX7P1ARFP0SDDW57,2026-01-20T23:26:29.258751272Z,01KFEVKCN0QWK45TM5NYNV4WNH,2026-01-20T23:26:29.258751272Z,01KFEVKCS7TMFGXA6444Z3KSBC,2026-01-20T23:26:29.258751272Z,true,2026-01-20T23:26:40.07975133Z
01KFEVW99MNRMEV616522F5QGP,01KFEV37PBC6DGWCX0HT0QWYJR,2026-01-20T23:29:44.756549897Z,,,01KFEV37PV76WD06T50QFKE80T,2026-01-20T23:29:44.756549897Z,,,01KFEVH5DDXBKC32H7RGDZYG1X,2026-01-20T23:29:44.756549897Z,01KFEVS308RHJ1C53CQEQ6N1KN,2026-01-20T23:29:44.756549897Z,01KFEVS39BSHYG98GP007VETGQ,2026-01-20T23:29:44.756549897Z,true,2026-01-20T23:29:49.188049885Z
01KFEWFBVJF2AMPR5S8GPFRK4D,01KFEV38A01XZ4DPRPFKRE96P8,2026-01-20T23:40:09.970925986Z,,,01KFEV38AJ2CFPYBQZ5JKK7PV4,2026-01-20T23:40:09.970925986Z,,,01KFEW2CHJQZ9TDCN78BA2VKEM,2026-01-20T23:40:09.970925986Z,01KFEW9RQQNHQYFYBFG4W4KFW3,2026-01-20T23:40:09.970925986Z,01KFEW9S4WB4J4B806SQ1BGD01,2026-01-20T23:40:09.970925986Z,true,2026-01-20T23:40:13.367542037Z
01KFEWJ9369HX8GJ2SG06AF7AA,01KFEVMNF44NEM58ETFST7KTWM,2026-01-20T23:41:45.446071244Z,,,01KFEVMNHFNDCGHX9QBBFN387E,2026-01-20T23:41:45.446071244Z,,,01KFEW6A5E0ZVTNJ585Y831423,2026-01-20T23:41:45.446071244Z,01KFEWEZXNEDY2H8JE28VJABXP,2026-01-20T23:41:45.446071244Z,01KFEWF09S6CXYAG3DP1R0WSXS,2026-01-20T23:41:45.446071244Z,true,2026-01-20T23:41:47.192665094Z
01KFEVKR60G237992JSYMY4JYN,01KFEV377XDCWB0CVW0E7ES8WB,2026-01-20T23:25:05.088359146Z,,,01KFEV378FNG971PBW7B2SPNC6,2026-01-20T23:25:05.088359146Z,,,01KFEVCRBGBMN5MZZVZA8FPX1Z,2026-01-20T23:25:05.088359146Z,01KFEVJNQYDHT7QNFWKKE14CQS,2026-01-20T23:25:05.088359146Z,01KFEVJNT4YSGX9M61ZZ8VSNDP,2026-01-20T23:25:05.088359146Z,true,2026-01-20T23:25:09.177729857Z
01KFEVTP5VP8TKTKWF0F7QWTAG,01KFEV37CWX6SQYA0RPR0C01MW,2026-01-20T23:28:52.411726276Z,,,01KFEV37DAAK9E08F076WKMM6J,2026-01-20T23:28:52.411726276Z,,,01KFEVH10BYAXDVW828R4A2D8P,2026-01-20T23:28:52.411726276Z,01KFEVRWS00RN61XYMYX27BZTF,2026-01-20T23:28:52.411726276Z,01KFEVRWZ3XA112S50TE140B17,2026-01-20T23:28:52.411726276Z,true,2026-01-20T23:28:56.11277367Z
01KFEW31G3K7CH0JDYJ0NRTNBK,01KFEV384BJYC62Y0E6AQK09K8,2026-01-20T23:33:26.14783118Z,true,2026-01-20T23:33:31.574418685Z,01KFEV385166A8JYCZ9G4DMHRQ,2026-01-20T23:33:26.14783118Z,0,2026-01-20T23:33:30.685477402Z,01KFEVWH8M80FFRA88HYSK2ZSQ,2026-01-20T23:33:26.14783118Z,01KFEW1AH3KYJV5QTKFEPKQZZX,2026-01-20T23:33:26.14783118Z,01KFEW1ASA81PX6B837A1SWYVF,2026-01-20T23:33:26.14783118Z,true,2026-01-20T23:33:34.58766758Z
01KFEW55G0P6R3DDWKXBK5BFNJ,01KFEV38GJVYY8P8B7QXSW6BTE,2026-01-20T23:34:35.776909147Z,,,01KFEV38H48T18ZRM15RETR33C,2026-01-20T23:34:35.776909147Z,,,01KFEVYB6HS3VX2GA7D4G2GPMT,2026-01-20T23:34:35.776909147Z,01KFEW2K4KGKP2JV842BC1YZ2S,2026-01-20T23:34:35.776909147Z,01KFEW2KBCMVZG4RQJJWB3W4EE,2026-01-20T23:34:35.776909147Z,true,2026-01-20T23:34:38.404034154Z
01KFEWFP670XWXZR6MF7CN8J52,01KFEV38A01XZ4DPRPFKRE96P8,2026-01-20T23:40:20.551738347Z,true,2026-01-20T23:40:27.828863671Z,01KFEV38AJ2CFPYBQZ5JKK7PV4,2026-01-20T23:40:20.551738347Z,0,2026-01-20T23:40:25.797252867Z,01KFEW2CHJQZ9TDCN78BA2VKEM,2026-01-20T23:40:20.551738347Z,01KFEW9RQDSYXSNPWSEQ27EKZR,2026-01-20T23:40:20.551738347Z,01KFEW9S6M5RTY31C8ZRMVVWZ1,2026-01-20T23:40:20.551738347Z,true,2026-01-20T23:40:30.749779578Z
01KFEVAY406PFHB4JKPN1JB781,01KFEV2BZFDRZBG3Y0249RG1TW,2026-01-20T23:20:16.256364271Z,,,01KFEV2C08ND9C9BYW8N2T146P,2026-01-20T23:20:16.256364271Z,,,01KFEV4APCG117QZ1ZVXNKCJFC,2026-01-20T23:20:16.256364271Z,01KFEV992DYNW9GKK2CP4DN9DZ,2026-01-20T23:20:16.256364271Z,01KFEV9983GV4BBP4A5CC4WWE4,2026-01-20T23:20:16.256364271Z,true,2026-01-20T23:20:17.370408428Z
01KFEVM0RQCVMCK1GMKFR37DAN,01KFEV377XDCWB0CVW0E7ES8WB,2026-01-20T23:25:13.879306454Z,,,01KFEV378H0PY96RNMJFNCN7TE,2026-01-20T23:25:13.879306454Z,,,01KFEVA045MDV6WERMTEQ3VAYR,2026-01-20T23:25:13.879306454Z,01KFEVEHGP0J883B9NZZXAN747,2026-01-20T23:25:13.879306454Z,01KFEVEHRS5B15AKRMB87B313S,2026-01-20T23:25:13.879306454Z,true,2026-01-20T23:25:14.885194695Z
01KFEVPQT7DP9KVGY27FJ1MKYY,01KFEV384BJYC62Y0E6AQK09K8,2026-01-20T23:26:43.015390818Z,,,01KFEV384Y33BFECW27AH8GSGD,2026-01-20T23:26:43.015390818Z,,,01KFEVCQTYNZYE4TGA9WFYBM2V,2026-01-20T23:26:43.015390818Z,01KFEVHAQ1PGV31TD9W36P3MQD,2026-01-20T23:26:43.015390818Z,01KFEVHAYTTDDWESKCFJTK2DXV,2026-01-20T23:26:43.015390818Z,true,2026-01-20T23:26:44.747442066Z
01KFEW70KT6VGZN88GV2HJAVD9,01KFEV38GJVYY8P8B7QXSW6BTE,2026-01-20T23:35:36.314616743Z,,,01KFEV38H48T18ZRM15RETR33C,2026-01-20T23:35:36.314616743Z,,,01KFEVYB6HS3VX2GA7D4G2GPMT,2026-01-20T23:35:36.314616743Z,01KFEW2K4T9ZM0JTDKSTWX94KF,2026-01-20T23:35:36.314616743Z,01KFEW2KERS4XNN4ERBF1E86V8,2026-01-20T23:35:36.314616743Z,true,2026-01-20T23:35:40.961483073Z
01KFEVFCGAXK3ZKQBMC2YKTY6J,01KFEV377XDCWB0CVW0E7ES8WB,2026-01-20T23:22:42.058962951Z,,,01KFEV378H0PY96RNMJTMM0E4X,2026-01-20T23:22:42.058962951Z,,,01KFEV8K48Q5MVC88J4XCQXRFY,2026-01-20T23:22:42.058962951Z,01KFEVFBBRK2GJ0MGS3FRA88XS,2026-01-20T23:22:42.058962951Z,01KFEVFBDPVK21Y9T65HSR402D,2026-01-20T23:22:42.058962951Z,true,2026-01-20T23:22:45.825621869Z
01KFEVFD4EWZV3RPFSST73XSAB,01KFEV377XDCWB0CVW0E7ES8WB,2026-01-20T23:22:42.702372324Z,,,01KFEV378H0PY96RNMJFNCN7TE,2026-01-20T23:22:42.702372324Z,10,2026-01-20T23:23:02.22124987Z,01KFEVA045MDV6WERMTEQ3VAYR,2026-01-20T23:22:42.702372324Z,01KFEVEHG7RRFZHJA7KNPE4YW3,2026-01-20T23:22:42.702372324Z,01KFEVEHHMXWZD26Q5ABCCK15P,2026-01-20T23:22:42.702372324Z,,
01KFEVMGGSECNSMPGEWPFJ1FZT,01KFEV37CWX6SQYA0RPR0C01MW,2026-01-20T23:25:30.00925384Z,,,01KFEV37DE991T271V0BRDHRJW,2026-01-20T23:25:30.00925384Z,,,01KFEVBZC2S6960QVT8J14HPMN,2026-01-20T23:25:30.00925384Z,01KFEVGBCW7TNTPNJ175RV28X4,2026-01-20T23:25:30.00925384Z,01KFEVGBJ96NKB51ZV2HGV6QVJ,2026-01-20T23:25:30.00925384Z,true,2026-01-20T23:25:32.667903606Z
01KFEW8EN0QJD52S1KE4NM8YN6,01KFEV38A01XZ4DPRPFKRE96P8,2026-01-20T23:36:23.456823125Z,,,01KFEV38AHTHHCNTDGHAJN0GXG,2026-01-20T23:36:23.456823125Z,,,01KFEVW9PV7SJ42VT7GTTE4SGT,2026-01-20T23:36:23.456823125Z,01KFEW29ZCSX5849CNJP2CPD23,2026-01-20T23:36:23.456823125Z,01KFEW2AEEBMMFDWH69RGZQH20,2026-01-20T23:36:23.456823125Z,true,2026-01-20T23:36:26.991938054Z
01KFEVJFF9M3VDDB9SKPVPB0NH,01KFEV37CWX6SQYA0RPR0C01MW,2026-01-20T23:24:23.401790586Z,,,01KFEV37DE991T271V0NJ5BY6K,2026-01-20T23:24:23.401790586Z,,,01KFEVD9ZATE7H5N364WWPAV31,2026-01-20T23:24:23.401790586Z,01KFEVJEK28P9JKPHKVPX8VP2T,2026-01-20T23:24:23.401790586Z,01KFEVJEM54N2BK59HESAQE11N,2026-01-20T23:24:23.401790586Z,true,2026-01-20T23:24:42.986994885Z
01KFEVKWD8K9CM6N817NAM2X6H,01KFEV377XDCWB0CVW0E7ES8WB,2026-01-20T23:25:09.416301887Z,,,01KFEV378FNG971PBW7B2SPNC6,2026-01-20T23:25:09.416301887Z,,,01KFEV82H962BNCCRXPB524628,2026-01-20T23:25:09.416301887Z,01KFEVJNQSYYRC4AF8PKPM2915,2026-01-20T23:25:09.416301887Z,01KFEVJNTNPVSEJXTD43Z5TP96,2026-01-20T23:25:09.416301887Z,true,2026-01-20T23:25:10.983991661Z
01KFEVVD5EAX63A9EYXAXVKWZF,01KFEV37PBC6DGWCX0HT0QWYJR,2026-01-20T23:29:15.950625428Z,true,2026-01-20T23:29:22.381331339Z,01KFEV37PV76WD06T50QFKE80T,2026-01-20T23:29:15.950625428Z,0,2026-01-20T23:29:21.043272571Z,01KFEVH5DDXBKC32H7RGDZYG1X,2026-01-20T23:29:15.950625428Z,01KFEVS2ZS0Q9JMWBXYXR9JRBV,2026-01-20T23:29:15.950625428Z,01KFEVS3783B3ECFE3A61GMF5Y,2026-01-20T23:29:15.950625428Z,true,2026-01-20T23:29:25.398358582Z
01KFEW425YAH2AFRP47NJKYYWX,01KFEV384BJYC62Y0E6AQK09K8,2026-01-20T23:33:59.614663804Z,,,01KFEV385166A8JYCZ9G4DMHRQ,2026-01-20T23:33:59.614663804Z,,,01KFEVWH8M80FFRA88HYSK2ZSQ,2026-01-20T23:33:59.614663804Z,01KFEW1AJQQTXG07GE8KNBNQJN,2026-01-20T23:33:59.614663804Z,01KFEW1AZ44SYY69NZ2J8345TF,2026-01-20T23:33:59.614663804Z,true,2026-01-20T23:34:00.765995634Z
01KFEW6VKF9B4P80Z1P73BEDPQ,01KFEVMN9Q125N5N16W4WNYJXF,2026-01-20T23:35:31.18324318Z,,,01KFEVMNBC23RB4D79KEQ4G0VS,2026-01-20T23:35:31.18324318Z,,,01KFEVX608THP5F5HX3GYF0X1K,2026-01-20T23:35:31.18324318Z,01KFEW3VKZ39SY1X7NPK7PDBQW,2026-01-20T23:35:31.18324318Z,01KFEW3VZHKPVD382NAGF0Q4V0,2026-01-20T23:35:31.18324318Z,true,2026-01-20T23:35:32.569578028Z
01KFEVB9JP9A5RZRC2WN4BJK83,01KFEV2BZFDRZBG3Y0249RG1TW,2026-01-20T23:20:27.990295064Z,,,01KFEV2C0CP35QE41ZMH45J8TZ,2026-01-20T23:20:27.990295064Z,,,01KFEV4PQ8V0QGQVX4KK2FPFJR,2026-01-20T23:20:27.990295064Z,01KFEVB8FPPEBGT93HPZRSG1EY,2026-01-20T23:20:27.990295064Z,01KFEVB8H69V4AYA6Z2V8S508B,2026-01-20T23:20:27.990295064Z,true,2026-01-20T23:21:13.193284935Z
01KFEVNW3WMN6FGP7ZC6BW6KC0,01KFEV37PBC6DGWCX0HT0QWYJR,2026-01-20T23:26:14.652943762Z,,,01KFEV37PYV9HETXX2PSGE1RKD,2026-01-20T23:26:14.652943762Z,,,01KFEV8PSQBX7P1ARFP0SDDW57,2026-01-20T23:26:14.652943762Z,01KFEVKCMXV1V0WG8YMMXT3XTM,2026-01-20T23:26:14.652943762Z,01KFEVKCRJR9BSPBHV99EFT0BF,2026-01-20T23:26:14.652943762Z,true,2026-01-20T23:26:20.317451103Z
01KFEVV2SZKZ944Q2GKVPEW7R2,01KFEV37PBC6DGWCX0HT0QWYJR,2026-01-20T23:29:05.343852438Z,,,01KFEV37PV76WD06T50QFKE80T,2026-01-20T23:29:05.343852438Z,,,01KFEVH5DDXBKC32H7RGDZYG1X,2026-01-20T23:29:05.343852438Z,01KFEVS2ZY16AG7M0J8YVV8W86,2026-01-20T23:29:05.343852438Z,01KFEVS360F36H3F8Z711062S0,2026-01-20T23:29:05.343852438Z,true,2026-01-20T23:29:08.759505914Z
01KFEW4ZK8N75WZT5CH1C4S56B,01KFEV38GJVYY8P8B7QXSW6BTE,2026-01-20T23:34:29.736422018Z,,,01KFEV38H48T18ZRM15RETR33C,2026-01-20T23:34:29.736422018Z,,,01KFEVVPVMNR90RS0DGAX989B7,2026-01-20T23:34:29.736422018Z,01KFEW2K4KGKP2JV842BC1YZ2S,2026-01-20T23:34:29.736422018Z,01KFEW2KB6FC08ZWX4CJKSZXQ1,2026-01-20T23:34:29.736422018Z,true,2026-01-20T23:34:35.713302717Z
01KFEWHQWK8MWNHRMAPQHZFE8A,01KFEVMN9Q125N5N16W4WNYJXF,2026-01-20T23:41:27.827066077Z,,,01KFEVMNAWK7WRWM1AMQZKX6SA,2026-01-20T23:41:27.827066077Z,,,01KFEW4NGJQK3SC6VDT657XA1V,2026-01-20T23:41:27.827066077Z,01KFEWE8VFX5MKT559QS5XEW3G,2026-01-20T23:41:27.827066077Z,01KFEWE9954NVX5QVQ0RJXK007,2026-01-20T23:41:27.827066077Z,true,2026-01-20T23:41:28.484129547Z
01KFEV9A208BNT91KF9RXHDXVP,01KFEV2BZFDRZBG3Y0249RG1TW,2026-01-20T23:19:22.944794017Z,,,01KFEV2C08ND9C9BYW8N2T146P,2026-01-20T23:19:22.944794017Z,,,01KFEV46YBCF5X09FCFJF4VDEY,2026-01-20T23:19:22.944794017Z,01KFEV9921HAKCJZWRN603XZDD,2026-01-20T23:19:22.944794017Z,01KFEV993QHWEYQB55QWK2JTP9,2026-01-20T23:19:22.944794017Z,true,2026-01-20T23:19:27.221678921Z
01KFEVR47AR2M9XSBCHPRTZ2K6,01KFEV38A01XZ4DPRPFKRE96P8,2026-01-20T23:27:28.490855311Z,,,01KFEV38AJ2CFPYBQZ58NH0V5J,2026-01-20T23:27:28.490855311Z,,,01KFEVE55BQ40NXX8QW3R5RX0T,2026-01-20T23:27:28.490855311Z,01KFEVJWRSS59EY80VVB66B760,2026-01-20T23:27:28.490855311Z,01KFEVJWW3STVJHRKA0E4B9B0C,2026-01-20T23:27:28.490855311Z,true,2026-01-20T23:27:31.947230405Z
01KFEVT3J31E1N50S6WMPKE6A3,01KFEV38A01XZ4DPRPFKRE96P8,2026-01-20T23:28:33.347755964Z,,,01KFEV38AJ2CFPYBQZ58NH0V5J,2026-01-20T23:28:33.347755964Z,,,01KFEVE55BQ40NXX8QW3R5RX0T,2026-01-20T23:28:33.347755964Z,01KFEVJWS0K3DC7EYBN1SH6BCA,2026-01-20T23:28:33.347755964Z,01KFEVJWXA2T5N5PGPHSZ0ACP7,2026-01-20T23:28:33.347755964Z,true,2026-01-20T23:28:38.062596549Z
01KFEW526YMCC9YT7KHKBV8WXF,01KFEV38A01XZ4DPRPFKRE96P8,2026-01-20T23:34:32.414486675Z,,,01KFEV38AHTHHCNTDGHAJN0GXG,2026-01-20T23:34:32.414486675Z,,,01KFEVW9PV7SJ42VT7GTTE4SGT,2026-01-20T23:34:32.414486675Z,01KFEW29XZMZF1P4K1A2ZTGRQ6,2026-01-20T23:34:32.414486675Z,01KFEW2A511YZVW8QW05GGCNRX,2026-01-20T23:34:32.414486675Z,,
01KFEW7CQFXF87NJHNMFVX6QWQ,01KFEVMN9Q125N5N16W4WNYJXF,2026-01-20T23:35:48.71978136Z,,,01KFEVMNBC23RB4D79KEQ4G0VS,2026-01-20T23:35:48.71978136Z,,,01KFEVXFAQE8X4YEWXW17GBY46,2026-01-20T23:35:48.71978136Z,01KFEW3VMQYCSWHG0ZVBJSS31E,2026-01-20T23:35:48.71978136Z,01KFEW3W373QB0MPKW08WCPX8W,2026-01-20T23:35:48.71978136Z,true,2026-01-20T23:35:53.530717792Z
01KFEVKRR4NA84R4Y6QSCAAA2D,01KFEV384BJYC62Y0E6AQK09K8,2026-01-20T23:25:05.668429393Z,,,01KFEV384Y33BFECW27AH8GSGD,2026-01-20T23:25:05.668429393Z,,,01KFEVCQTYNZYE4TGA9WFYBM2V,2026-01-20T23:25:05.668429393Z,01KFEVHAPDQ8SED7WGPAM28VFT,2026-01-20T23:25:05.668429393Z,01KFEVHATNNK0EA5FJKE6J9S8K,2026-01-20T23:25:05.668429393Z,true,2026-01-20T23:25:09.163601336Z
01KFEVM4SYKHHY47HX0P82PP15,01KFEV377XDCWB0CVW0E7ES8WB,2026-01-20T23:25:18.014267205Z,,,01KFEV378H0PY96RNMJFNCN7TE,2026-01-20T23:25:18.014267205Z,,,01KFEVA045MDV6WERMTEQ3VAYR,2026-01-20T23:25:18.014267205Z,01KFEVEHGG1SXX423P9GYCADRZ,2026-01-20T23:25:18.014267205Z,01KFEVEHSW7Q9P3R9WQTBP4KWB,2026-01-20T23:25:18.014267205Z,true,2026-01-20T23:25:25.956620881Z
01KFEVNRPR39500PV0YC44GH4C,01KFEV377XDCWB0CVW0E7ES8WB,2026-01-20T23:26:11.160961035Z,,,01KFEV378H0PY96RNMJTMM0E4X,2026-01-20T23:26:11.160961035Z,,,01KFEV8TC8AZEPV3G36SCZ12C3,2026-01-20T23:26:11.160961035Z,01KFEVFBCEAYV4KEWZF78ZTA1K,2026-01-20T23:26:11.160961035Z,01KFEVFBK7MTNKC9MEC5EF6HC7,2026-01-20T23:26:11.160961035Z,true,2026-01-20T23:26:15.907402342Z
01KFEW3G74RE2GYMSQEABCWC7V,01KFEV384BJYC62Y0E6AQK09K8,2026-01-20T23:33:41.22048669Z,,,01KFEV385166A8JYCZ9G4DMHRQ,2026-01-20T23:33:41.22048669Z,,,01KFEVY502SJ2FK1Q7WFM0PHB4,2026-01-20T23:33:41.22048669Z,01KFEW1AKGQ270E4D2RH495YX3,2026-01-20T23:33:41.22048669Z,01KFEW1AVSFKDVTVFK70YRMCXV,2026-01-20T23:33:41.22048669Z,true,2026-01-20T23:33:42.638681036Z
01KFEWCPQZMZ2SC15AC5EHPKBM,01KFEV38GJVYY8P8B7QXSW6BTE,2026-01-20T23:38:42.815604815Z,,,01KFEV38H8T2V9428VC9T7MEBA,2026-01-20T23:38:42.815604815Z,,,01KFEW5105FT4T963R9Z6AZ67Y,2026-01-20T23:38:42.815604815Z,01KFEWB949AP0NZWRSRC3KVSY9,2026-01-20T23:38:42.815604815Z,01KFEWB9B6TZBJZQ3NPRBVYAPV,2026-01-20T23:38:42.815604815Z,true,2026-01-20T23:38:46.516665586Z
01KFEVDXG7Q359DS7J9XX1ZT79,01KFEV2BZFDRZBG3Y0249RG1TW,2026-01-20T23:21:53.9277601Z,,,01KFEV2C0CP35QE41ZMH45J8TZ,2026-01-20T23:21:53.9277601Z,,,01KFEV4PQ8V0QGQVX4KK2FPFJR,2026-01-20T23:21:53.9277601Z,01KFEVB8FWDNBSEK2Q7T0WF7KM,2026-01-20T23:21:53.9277601Z,01KFEVB8HRFNXCE6NH0K0VF8CY,2026-01-20T23:21:53.9277601Z,true,2026-01-20T23:21:58.106228018Z
01KFEVP4F2WYW9C91DGC4KNVK1,01KFEV377XDCWB0CVW0E7ES8WB,2026-01-20T23:26:23.202380201Z,,,01KFEV378H0PY96RNMJTMM0E4X,2026-01-20T23:26:23.202380201Z,,,01KFEV8TC8AZEPV3G36SCZ12C3,2026-01-20T23:26:23.202380201Z,01KFEVFBD0577W18ZY0ZD05TA0,2026-01-20T23:26:23.202380201Z,01KFEVFBMDG7GJ32ZACQY5ARA0,2026-01-20T23:26:23.202380201Z,true,2026-01-20T23:26:27.229629725Z
01KFEVR6J7G5ZNY0PZEN2YY8FA,01KFEV37CWX6SQYA0RPR0C01MW,2026-01-20T23:27:30.887084077Z,,,01KFEV37DE991T271V0NJ5BY6K,2026-01-20T23:27:30.887084077Z,,,01KFEV7RE3Q2MQ5NN8AGQ7Y4PK,2026-01-20T23:27:30.887084077Z,01KFEVJEKCQH6K2QKDETC0SMC1,2026-01-20T23:27:30.887084077Z,01KFEVJEQMYPEQM5QTQMYYJVFW,2026-01-20T23:27:30.887084077Z,true,2026-01-20T23:27:33.60337648Z
01KFEVVWPAX8B2VVA2GWN3HXVA,01KFEVMN9Q125N5N16W4WNYJXF,2026-01-20T23:29:31.85061147Z,,,01KFEVMNB841AFDZFM4WSW4FTD,2026-01-20T23:29:31.85061147Z,,,01KFEVB2WK99SDZDFQAW6KYB9M,2026-01-20T23:29:31.85061147Z,01KFEVPNH8ZPMZ16RW6XYTJZST,2026-01-20T23:29:31.85061147Z,01KFEVPNWSYA24QCQ7BGF2M2CX,2026-01-20T23:29:31.85061147Z,true,2026-01-20T23:29:34.701681775Z
01KFEW4TD0GZT04QTYN25FVQ29,01KFEV37PBC6DGWCX0HT0QWYJR,2026-01-20T23:34:24.416264043Z,,,01KFEV37Q0WSYAYKWHM2EXN0DN,2026-01-20T23:34:24.416264043Z,,,01KFEVWYACX0Z3X7HHHK5DSTDD,2026-01-20T23:34:24.416264043Z,01KFEW0GB864QKBAB0HBJ7K4K5,2026-01-20T23:34:24.416264043Z,01KFEW0GS1DAV1DA8802P7WB52,2026-01-20T23:34:24.416264043Z,true,2026-01-20T23:34:25.878803711Z
01KFEWGRWAHX8DR0QQK2YG85EQ,01KFEVMN9Q125N5N16W4WNYJXF,2026-01-20T23:40:56.074940375Z,,,01KFEVMNAWK7WRWM1AMQZKX6SA,2026-01-20T23:40:56.074940375Z,,,01KFEW4NGJQK3SC6VDT657XA1V,2026-01-20T23:40:56.074940375Z,01KFEWE8SPXSSWENNJV0BH3H3G,2026-01-20T23:40:56.074940375Z,01KFEWE91KW6QADB5WD4VANWP9,2026-01-20T23:40:56.074940375Z,true,2026-01-20T23:40:57.850543228Z
01KFEWF73G89EW2FC1EQXAZ9C4,01KFEV38A01XZ4DPRPFKRE96P8,2026-01-20T23:40:05.104906035Z,,,01KFEV38AJ2CFPYBQZ5JKK7PV4,2026-01-20T23:40:05.104906035Z,,,01KFEW2CHJQZ9TDCN78BA2VKEM,2026-01-20T23:40:05.104906035Z,01KFEW9RR0JAHGRHAG16SCZ4HQ,2026-01-20T23:40:05.104906035Z,01KFEW9S3MMHBZGBJS30BYKWHB,2026-01-20T23:40:05.104906035Z,true,2026-01-20T23:40:09.768866546Z
01KFEWGJAJ69JJS94N17XKAK2A,01KFEVMN9Q125N5N16W4WNYJXF,2026-01-20T23:40:49.362928053Z,,,01KFEVMNAWK7WRWM1AMQZKX6SA,2026-01-20T23:40:49.362928053Z,,,01KFEW4NGJQK3SC6VDT657XA1V,2026-01-20T23:40:49.362928053Z,01KFEWE8T23BZMWKHQ571WBSHF,2026-01-20T23:40:49.362928053Z,01KFEWE90D1JXJZVPWXSH1NVJ4,2026-01-20T23:40:49.362928053Z,true,2026-01-20T23:40:53.090661356Z
01KFEVAVFBD40CWH3XFWDWARMJ,01KFEV2BZFDRZBG3Y0249RG1TW,2026-01-20T23:20:13.547609408Z,,,01KFEV2C08ND9C9BYW8N2T146P,2026-01-20T23:20:13.547609408Z,,,01KFEV46YBCF5X09FCFJF4VDEY,2026-01-20T23:20:13.547609408Z,01KFEV992C5DA5CC9EBC041N3A,2026-01-20T23:20:13.547609408Z,01KFEV996XNF1JCAH7G28MXDP1,2026-01-20T23:20:13.547609408Z,true,2026-01-20T23:20:14.967276379Z
01KFEVH0K61NBAQRYVH73CZ3FA,01KFEV377XDCWB0CVW0E7ES8WB,2026-01-20T23:23:35.398205935Z,,,01KFEV378H0PY96RNMJTMM0E4X,2026-01-20T23:23:35.398205935Z,,,01KFEV8K48Q5MVC88J4XCQXRFY,2026-01-20T23:23:35.398205935Z,01KFEVFBBYTSBZ9CQKVR7RKAB2,2026-01-20T23:23:35.398205935Z,01KFEVFBEP0VA4C6B2J82RWTXF,2026-01-20T23:23:35.398205935Z,true,2026-01-20T23:23:39.823415592Z
01KFEVSJ33BVRJRMP7TJNBMZF6,01KFEV37PBC6DGWCX0HT0QWYJR,2026-01-20T23:28:15.459755969Z,true,2026-01-20T23:28:20.758785431Z,01KFEV37PYV9HETXX2PSGE1RKD,2026-01-20T23:28:15.459755969Z,29,2026-01-20T23:28:19.970811433Z,01KFEV8PSQBX7P1ARFP0SDDW57,2026-01-20T23:28:15.459755969Z,01KFEVKCMC5SWQG5B0D7EEAX5H,2026-01-20T23:28:15.459755969Z,01KFEVKD05EKYP3KP2A1F6ZTRY,2026-01-20T23:28:15.459755969Z,true,2026-01-20T23:28:23.760790413Z
01KFEVW12GKMYBMZWG6AP9WMG1,01KFEV37PBC6DGWCX0HT0QWYJR,2026-01-20T23:29:36.336145277Z,,,01KFEV37PV76WD06T50QFKE80T,2026-01-20T23:29:36.336145277Z,,,01KFEVJMQNGBVWZMGKK0EQB935,2026-01-20T23:29:36.336145277Z,01KFEVS303VVTZ8PMG4AKVY3SX,2026-01-20T23:29:36.336145277Z,01KFEVS3870XFTNG76SVZ3KPQ6,2026-01-20T23:29:36.336145277Z,true,2026-01-20T23:29:40.965521229Z
01KFEW64N774XMSZMT8J8Q91TQ,01KFEV38A01XZ4DPRPFKRE96P8,2026-01-20T23:35:07.687890534Z,true,2026-01-20T23:35:18.276116506Z,01KFEV38AHTHHCNTDGHAJN0GXG,2026-01-20T23:35:07.687890534Z,0,2026-01-20T23:35:14.190296535Z,01KFEVW9PV7SJ42VT7GTTE4SGT,2026-01-20T23:35:07.687890534Z,01KFEW29Y7967CG3CKQRR67MXP,2026-01-20T23:35:07.687890534Z,01KFEW2A65N28PE3TWT63ZJ8X2,2026-01-20T23:35:07.687890534Z,true,2026-01-20T23:35:21.272139154Z
01KFEWCC136WNEHZWGV5HFKBJK,01KFEV384BJYC62Y0E6AQK09K8,2026-01-20T23:38:31.843777331Z,,,01KFEV384Z68A1Z7ZGWS1GDSZK,2026-01-20T23:38:31.843777331Z,,,01KFEW47TNE510SG18TR5ZERFB,2026-01-20T23:38:31.843777331Z,01KFEW9NF9DWA4J0HBQTHH1DYZ,2026-01-20T23:38:31.843777331Z,01KFEW9NTRNH1Y17NAADREG30M,2026-01-20T23:38:31.843777331Z,true,2026-01-20T23:38:37.010011971Z
01KFEW6C5YX86GCVGPMS0ZYCJ8,01KFEVMN9Q125N5N16W4WNYJXF,2026-01-20T23:35:15.390595188Z,,,01KFEVMNBC23RB4D79KEQ4G0VS,2026-01-20T23:35:15.390595188Z,,,01KFEVX608THP5F5HX3GYF0X1K,2026-01-20T23:35:15.390595188Z,01KFEW3VKG0B17FHJX4NF0X699,2026-01-20T23:35:15.390595188Z,01KFEW3VVZZNYGABMNNBM5H845,2026-01-20T23:35:15.390595188Z,true,2026-01-20T23:35:16.914916926Z
01KFEW70T62J9SF4ZJ5516C8R1,01KFEVMN9Q125N5N16W4WNYJXF,2026-01-20T23:35:36.518975167Z,,,01KFEVMNBC23RB4D79KEQ4G0VS,2026-01-20T23:35:36.518975167Z,,,01KFEVXFAQE8X4YEWXW17GBY46,2026-01-20T23:35:36.518975167Z,01KFEW3VMGZD02ANKDCQP1JWVK,2026-01-20T23:35:36.518975167Z,01KFEW3W1X2SKERK3STCW94EZ6,2026-01-20T23:35:36.518975167Z,true,2026-01-20T23:35:38.251615508Z
01KFEVAZPXEHR8SACJ0W438TZD,01KFEV2BZFDRZBG3Y0249RG1TW,2026-01-20T23:20:17.885710242Z,,,01KFEV2C08ND9C9BYW8N2T146P,2026-01-20T23:20:17.885710242Z,,,01KFEV4APCG117QZ1ZVXNKCJFC,2026-01-20T23:20:17.885710242Z,01KFEV992EGQ6JEDWT7CNXP7AX,2026-01-20T23:20:17.885710242Z,01KFEV998M6CZMY5M02N0ZA763,2026-01-20T23:20:17.885710242Z,true,2026-01-20T23:20:18.927697427Z
01KFEVB74K535WHG39VMMSQD4A,01KFEV2BZFDRZBG3Y0249RG1TW,2026-01-20T23:20:25.491731916Z,true,2026-01-20T23:20:28.655531359Z,01KFEV2C08ND9C9BYW8N2T146P,2026-01-20T23:20:25.491731916Z,20,2026-01-20T23:20:27.597293593Z,01KFEV4APCG117QZ1ZVXNKCJFC,2026-01-20T23:20:25.491731916Z,01KFEV992F8HQ1GF4QAH0Z0678,2026-01-20T23:20:25.491731916Z,01KFEV9995G24SN1G4HZCFS4XK,2026-01-20T23:20:25.491731916Z,true,2026-01-20T23:20:31.669049155Z
01KFEVFSG7M3TZ60J7YM36JKWJ,01KFEV377XDCWB0CVW0E7ES8WB,2026-01-20T23:22:55.36756806Z,,,01KFEV378PDZP87HXSESW6BA01,2026-01-20T23:22:55.36756806Z,,,01KFEV79YCQMQRJYZ004NV66QN,2026-01-20T23:22:55.36756806Z,01KFEVF1Q0DWKQS3BYN9S091RF,2026-01-20T23:22:55.36756806Z,01KFEVF1S6JFZZHMVNFB1SP2P6,2026-01-20T23:22:55.36756806Z,true,2026-01-20T23:23:01.510726658Z
01KFEVSFFEDZ33P6ZS58ST5AVG,01KFEV37PBC6DGWCX0HT0QWYJR,2026-01-20T23:28:12.782791811Z,,,01KFEV37PYV9HETXX2PSGE1RKD,2026-01-20T23:28:12.782791811Z,,,01KFEVDMPGK2KG6CGRXX80WQ5A,2026-01-20T23:28:12.782791811Z,01KFEVKCMC5SWQG5B0D7EEAX5H,2026-01-20T23:28:12.782791811Z,01KFEVKD01W57QCBGESJDFR6DD,2026-01-20T23:28:12.782791811Z,true,2026-01-20T23:28:15.399957136Z
01KFEVSVBJQC787Y719WZRRG14,01KFEV37CWX6SQYA0RPR0C01MW,2026-01-20T23:28:24.946850957Z,,,01KFEV37DE991T271V0NJ5BY6K,2026-01-20T23:28:24.946850957Z,,,01KFEVD9ZATE7H5N364WWPAV31,2026-01-20T23:28:24.946850957Z,01KFEVJEKKVBG5WQ05EX00MQZN,2026-01-20T23:28:24.946850957Z,01KFEVJET0X7GSGNKEK697018V,2026-01-20T23:28:24.946850957Z,true,2026-01-20T23:28:32.190479139Z
01KFEVWN60WS9255BCR806JJ6T,01KFEV37PBC6DGWCX0HT0QWYJR,2026-01-20T23:29:56.928829196Z,false,2026-01-20T23:30:04.723261208Z,01KFEV37PV76WD06T50QFKE80T,2026-01-20T23:29:56.928829196Z,0.10,2026-01-20T23:30:03.472271569Z,01KFEVH5DDXBKC32H7RGDZYG1X,2026-01-20T23:29:56.928829196Z,01KFEVS2YSDC5M1CSQ45WYXFCB,2026-01-20T23:29:56.928829196Z,01KFEVS3BABFE41R2X9RQV70AV,2026-01-20T23:29:56.928829196Z,true,2026-01-20T23:30:07.73916488Z
01KFEWEJ57T3MHK1PVTPCNCDZA,01KFEV38A01XZ4DPRPFKRE96P8,2026-01-20T23:39:43.655713419Z,,,01KFEV38AJ2CFPYBQZ5JKK7PV4,2026-01-20T23:39:43.655713419Z,,,01KFEW61CSGZMFE4TZ96QA9A06,2026-01-20T23:39:43.655713419Z,01KFEW9RRB19NTDMQ39CJ149E9,2026-01-20T23:39:43.655713419Z,01KFEW9S1VFE1YERZZCHKZTCT7,2026-01-20T23:39:43.655713419Z,true,2026-01-20T23:39:53.846645616Z
01KFEWKQPQARBBE5VVCN21KYYP,01KFEVMNF44NEM58ETFST7KTWM,2026-01-20T23:42:33.175981486Z,,,01KFEVMNHFNDCGHX9QBBFN387E,2026-01-20T23:42:33.175981486Z,,,01KFEW6A5E0ZVTNJ585Y831423,2026-01-20T23:42:33.175981486Z,01KFEWEZZ027F3GXZBY5D0NC1V,2026-01-20T23:42:33.175981486Z,01KFEWF0E1YXSN6T7NKPYX6SKD,2026-01-20T23:42:33.175981486Z,true,2026-01-20T23:42:38.728888186Z
01KFEW0JYEFV4FH9609T3BPJJS,01KFEV37PBC6DGWCX0HT0QWYJR,2026-01-20T23:32:05.710759724Z,,,01KFEV37Q0WSYAYKWHM2EXN0DN,2026-01-20T23:32:05.710759724Z,,,01KFEVWXXVHBHP5S1AZQQ4JZFK,2026-01-20T23:32:05.710759724Z,01KFEW0G8EM7FSNHE79C3F9KH6,2026-01-20T23:32:05.710759724Z,01KFEW0GCH4SYW5JM8CDGKKSNJ,2026-01-20T23:32:05.710759724Z,true,2026-01-20T23:32:11.58720931Z
01KFEW4E46QABFVVACYWFWZERV,01KFEV384BJYC62Y0E6AQK09K8,2026-01-20T23:34:11.846723437Z,,,01KFEV385166A8JYCZ9G4DMHRQ,2026-01-20T23:34:11.846723437Z,,,01KFEVY502SJ2FK1Q7WFM0PHB4,2026-01-20T23:34:11.846723437Z,01KFEW1AHWQARTJECMFRG6TRPK,2026-01-20T23:34:11.846723437Z,01KFEW1B2VEY429E2QTC7154TQ,2026-01-20T23:34:11.846723437Z,true,2026-01-20T23:34:12.888147404Z
01KFEW4YRV14AAG2AJSM236ZJP,01KFEVMN9Q125N5N16W4WNYJXF,2026-01-20T23:34:28.891877693Z,,,01KFEVMNBC23RB4D79KEQ4G0VS,2026-01-20T23:34:28.891877693Z,,,01KFEVX608THP5F5HX3GYF0X1K,2026-01-20T23:34:28.891877693Z,01KFEW3VNVZC3K3MEZH39VDAQA,2026-01-20T23:34:28.891877693Z,01KFEW3VQXF272QDVVMJE11RMV,2026-01-20T23:34:28.891877693Z,true,2026-01-20T23:34:34.757076217Z
01KFEWH5P0BJE7K4SVFCQ81PZ4,01KFEVMNF44NEM58ETFST7KTWM,2026-01-20T23:41:09.184770745Z,,,01KFEVMNHFNDCGHX9QBBFN387E,2026-01-20T23:41:09.184770745Z,,,01KFEW78ZH0TY6JQ9J3GJMR3E3,2026-01-20T23:41:09.184770745Z,01KFEWEZW39PKTAP5FDZHRCHWA,2026-01-20T23:41:09.184770745Z,01KFEWF03MX313N8CAA7A6VBXG,2026-01-20T23:41:09.184770745Z,true,2026-01-20T23:41:12.47533696Z
01KFEVNNKKZHFWH40F2HBNGHP6,01KFEV37PBC6DGWCX0HT0QWYJR,2026-01-20T23:26:07.987842389Z,,,01KFEV37PYV9HETXX2PSGE1RKD,2026-01-20T23:26:07.987842389Z,,,01KFEVDMPGK2KG6CGRXX80WQ5A,2026-01-20T23:26:07.987842389Z,01KFEVKCMXV1V0WG8YMMXT3XTM,2026-01-20T23:26:07.987842389Z,01KFEVKCRFZVQNR29N76S0B6AS,2026-01-20T23:26:07.987842389Z,true,2026-01-20T23:26:11.535031671Z
01KFEVX6G6BMSTYHJFCG6P494C,01KFEV37CWX6SQYA0RPR0C01MW,2026-01-20T23:30:14.662974105Z,true,2026-01-20T23:30:23.381450791Z,01KFEV37DAAK9E08F076WKMM6J,2026-01-20T23:30:14.662974105Z,0,2026-01-20T23:30:20.776338941Z,01KFEVGWWQWT7BAZNJDAAA325H,2026-01-20T23:30:14.662974105Z,01KFEVRWSZ55NYP8B55399K8ZW,2026-01-20T23:30:14.662974105Z,01KFEVRX3YJYRW3K7997FKV1GF,2026-01-20T23:30:14.662974105Z,true,2026-01-20T23:30:26.137587925Z
01KFEVYP08P16HSM2B1WJJ271Y,01KFEV37CWX6SQYA0RPR0C01MW,2026-01-20T23:31:03.30436091Z,,,01KFEV37DAAK9E08F076WKMM6J,2026-01-20T23:31:03.30436091Z,,,01KFEVH10BYAXDVW828R4A2D8P,2026-01-20T23:31:03.30436091Z,01KFEVRWTKHVAA5GAM8CPTYHJ5,2026-01-20T23:31:03.30436091Z,01KFEVRX7W0097WW9G2RDHWDYV,2026-01-20T23:31:03.30436091Z,true,2026-01-20T23:31:06.7588249Z
01KFEW7X5J2KQYMFH38WV1Q567,01KFEVMN9Q125N5N16W4WNYJXF,2026-01-20T23:36:05.554051181Z,,,01KFEVMNBC23RB4D79KEQ4G0VS,2026-01-20T23:36:05.554051181Z,,,01KFEVXFAQE8X4YEWXW17GBY46,2026-01-20T23:36:05.554051181Z,01KFEW3VNM3T348MBV77A05Z67,2026-01-20T23:36:05.554051181Z,01KFEW3W8VT5CW7Y92SKRP7YZ3,2026-01-20T23:36:05.554051181Z,true,2026-01-20T23:36:07.182822748Z
01KFEWEX438J8XCB77BRRA9A2D,01KFEV38GJVYY8P8B7QXSW6BTE,2026-01-20T23:39:54.883871968Z,true,2026-01-20T23:40:00.263624011Z,01KFEV38H8T2V9428VC9T7MEBA,2026-01-20T23:39:54.883871968Z,0,2026-01-20T23:39:59.115821484Z,01KFEW5105FT4T963R9Z6AZ67Y,2026-01-20T23:39:54.883871968Z,01KFEWB95XX5RBFNFE0SQ6DS8R,2026-01-20T23:39:54.883871968Z,01KFEWB9M3372XB42WNCED5Z2M,2026-01-20T23:39:54.883871968Z,true,2026-01-20T23:40:03.272250844Z
01KFEWFM0C0K82EEV5ZBV18YDQ,01KFEV38A01XZ4DPRPFKRE96P8,2026-01-20T23:40:18.316660423Z,,,01KFEV38AJ2CFPYBQZ5JKK7PV4,2026-01-20T23:40:18.316660423Z,,,01KFEW61CSGZMFE4TZ96QA9A06,2026-01-20T23:40:18.316660423Z,01KFEW9RQDSYXSNPWSEQ27EKZR,2026-01-20T23:40:18.316660423Z,01KFEW9S6C4XJWM8H7JJCST653,2026-01-20T23:40:18.316660423Z,true,2026-01-20T23:40:19.714747419Z
01KFEWJDGWYHMCGXC76QAYVPT4,01KFEVMN9Q125N5N16W4WNYJXF,2026-01-20T23:41:49.980717109Z,true,2026-01-20T23:41:53.553007255Z,01KFEVMNAWK7WRWM1AMQZKX6SA,2026-01-20T23:41:49.980717109Z,20,2026-01-20T23:41:52.357942552Z,01KFEW4NGJQK3SC6VDT657XA1V,2026-01-20T23:41:49.980717109Z,01KFEWE8SBE46A3537VBKT9R9F,2026-01-20T23:41:49.980717109Z,01KFEWE9GJ0EEGNXTMWE29DC9B,2026-01-20T23:41:49.980717109Z,true,2026-01-20T23:41:56.556788796Z
01KFEVBB1TTW7HFKMG9NYD9VV4,01KFEV2BZFDRZBG3Y0249RG1TW,2026-01-20T23:20:29.498589417Z,,,01KFEV2C0BAXD2XBMY5020521J,2026-01-20T23:20:29.498589417Z,,,01KFEV4C5JX0QAMF53H9XNQYXK,2026-01-20T23:20:29.498589417Z,01KFEVB9TEW1H3D89RTJZC2XG3,2026-01-20T23:20:29.498589417Z,01KFEVB9VVB763A9R8945TRE5N,2026-01-20T23:20:29.498589417Z,true,2026-01-20T23:20:39.722042417Z
01KFEVM8GAY34QWG7YMM5T8QQV,01KFEV377XDCWB0CVW0E7ES8WB,2026-01-20T23:25:21.802658449Z,,,01KFEV378PDZP87HXSESW6BA01,2026-01-20T23:25:21.802658449Z,,,01KFEV79YCQMQRJYZ004NV66QN,2026-01-20T23:25:21.802658449Z,01KFEVF1QJJ1AJY0K2X9A8CP10,2026-01-20T23:25:21.802658449Z,01KFEVF20KAPPR7TZNQDF3SWNR,2026-01-20T23:25:21.802658449Z,true,2026-01-20T23:25:23.533303002Z
01KFEVN70419AY3GYGDXBX30MW,01KFEV377XDCWB0CVW0E7ES8WB,2026-01-20T23:25:53.028372875Z,,,01KFEV378FNG971PBW7B2SPNC6,2026-01-20T23:25:53.028372875Z,,,01KFEVCRBGBMN5MZZVZA8FPX1Z,2026-01-20T23:25:53.028372875Z,01KFEVJNRMV8QKDD2GX9TGRBPY,2026-01-20T23:25:53.028372875Z,01KFEVJNXXKB844TJENG8GG9MA,2026-01-20T23:25:53.028372875Z,true,2026-01-20T23:25:54.774048296Z
01KFEVT72VWJBXG9NTA61W8PA1,01KFEV37CWX6SQYA0RPR0C01MW,2026-01-20T23:28:36.955298081Z,,,01KFEV37DAAK9E08F076WKMM6J,2026-01-20T23:28:36.955298081Z,,,01KFEVH10BYAXDVW828R4A2D8P,2026-01-20T23:28:36.955298081Z,01KFEVRWRG1NX0K3PTAJAQYB2F,2026-01-20T23:28:36.955298081Z,01KFEVRWXT0NGY24T48FKKPW5E,2026-01-20T23:28:36.955298081Z,true,2026-01-20T23:28:40.944270963Z
01KFEVWFYYXDXGPSRDYWKNKYDH,01KFEV37PBC6DGWCX0HT0QWYJR,2026-01-20T23:29:51.582199589Z,,,01KFEV37PV76WD06T50QFKE80T,2026-01-20T23:29:51.582199589Z,,,01KFEVH5DDXBKC32H7RGDZYG1X,2026-01-20T23:29:51.582199589Z,01KFEVS30DXP4PRYMZCEXQDZ77,2026-01-20T23:29:51.582199589Z,01KFEVS3AB86W4YZKETTKYXAQR,2026-01-20T23:29:51.582199589Z,true,2026-01-20T23:29:54.41025103Z
01KFEW3G3DNJRA2BMD2WCPP8CN,01KFEV38A01XZ4DPRPFKRE96P8,2026-01-20T23:33:41.101738835Z,,,01KFEV38AHTHHCNTDGHAJN0GXG,2026-01-20T23:33:41.101738835Z,,,01KFEVW5WA494MRXETJ2N5XX03,2026-01-20T23:33:41.101738835Z,01KFEW29XSADA32QXA2MHBZPNA,2026-01-20T23:33:41.101738835Z,01KFEW2A3PQ91QPPAJJJE4RWPT,2026-01-20T23:33:41.101738835Z,true,2026-01-20T23:33:44.23421542Z
01KFEVKWD50SGMMQG1YG71HGT3,01KFEV377XDCWB0CVW0E7ES8WB,2026-01-20T23:25:09.413703102Z,,,01KFEV378FNG971PBW7B2SPNC6,2026-01-20T23:25:09.413703102Z,,,01KFEVCRBGBMN5MZZVZA8FPX1Z,2026-01-20T23:25:09.413703102Z,01KFEVJNQSYYRC4AF8PKPM2915,2026-01-20T23:25:09.413703102Z,01KFEVJNTNPVSEJXTD43Z5TP96,2026-01-20T23:25:09.413703102Z,true,2026-01-20T23:25:12.364252259Z
01KFEVM2Y56JYHH4CSWM6Y6141,01KFEV377XDCWB0CVW0E7ES8WB,2026-01-20T23:25:16.101429019Z,,,01KFEV378H0PY96RNMJFNCN7TE,2026-01-20T23:25:16.101429019Z,,,01KFEVA045MDV6WERMTEQ3VAYR,2026-01-20T23:25:16.101429019Z,01KFEVEHGNZ7VVTDD9TTSV20M2,2026-01-20T23:25:16.101429019Z,01KFEVEHSFT19BXYBW1T5DM3Z2,2026-01-20T23:25:16.101429019Z,true,2026-01-20T23:25:17.925758537Z
01KFEVNZ49ZPYN04071J7X005D,01KFEV37PBC6DGWCX0HT0QWYJR,2026-01-20T23:26:17.737342447Z,,,01KFEV37PYV9HETXX2PC055NBT,2026-01-20T23:26:17.737342447Z,,,01KFEV9QWYR4DNTS4QCCENEARJ,2026-01-20T23:26:17.737342447Z,01KFEVH48J31CNCNY6T435EDBD,2026-01-20T23:26:17.737342447Z,01KFEVH4G4J7M3NAXS7YHZASSY,2026-01-20T23:26:17.737342447Z,true,2026-01-20T23:26:20.016929968Z
01KFEVVPPDXWP90TXWMXBZX1RK,01KFEVMN9Q125N5N16W4WNYJXF,2026-01-20T23:29:25.709809071Z,,,01KFEVMNB841AFDZFM4WSW4FTD,2026-01-20T23:29:25.709809071Z,,,01KFEVB2WK99SDZDFQAW6KYB9M,2026-01-20T23:29:25.709809071Z,01KFEVPNJ4WB4QFFFKRAV84BFG,2026-01-20T23:29:25.709809071Z,01KFEVPNVS9MWCA576YBVN63FX,2026-01-20T23:29:25.709809071Z,true,2026-01-20T23:29:27.707338133Z
01KFEVA10H04AHBB0DB58VZV55,01KFEV2BZFDRZBG3Y0249RG1TW,2026-01-20T23:19:46.449941799Z,,,01KFEV2C08ND9C9BYW8N2T146P,2026-01-20T23:19:46.449941799Z,,,01KFEV46YBCF5X09FCFJF4VDEY,2026-01-20T23:19:46.449941799Z,01KFEV9922CCX65P8NS08ZA7AP,2026-01-20T23:19:46.449941799Z,01KFEV994VD7GN1HJTR3A7FKA5,2026-01-20T23:19:46.449941799Z,true,2026-01-20T23:19:52.619679467Z
01KFEVM3FZETWX09J5EE9R5MXP,01KFEV377XDCWB0CVW0E7ES8WB,2026-01-20T23:25:16.671781776Z,,,01KFEV378PDZP87HXSESW6BA01,2026-01-20T23:25:16.671781776Z,,,01KFEV79YCQMQRJYZ004NV66QN,2026-01-20T23:25:16.671781776Z,01KFEVF1R3DQ0JFK5FV6Y4TWRQ,2026-01-20T23:25:16.671781776Z,01KFEVF205BTW1H17V7HC9MDRY,2026-01-20T23:25:16.671781776Z,true,2026-01-20T23:25:21.698396578Z
01KFEVMGBVW84AYHVTCH1WW62K,01KFEV37CWX6SQYA0RPR0C01MW,2026-01-20T23:25:29.851568348Z,,,01KFEV37DE991T271V0NJ5BY6K,2026-01-20T23:25:29.851568348Z,,,01KFEVD9ZATE7H5N364WWPAV31,2026-01-20T23:25:29.851568348Z,01KFEVJEJJ6D7VBYCE9XWXMRKP,2026-01-20T23:25:29.851568348Z,01KFEVJENH4WSDZTW3BXSJ400G,2026-01-20T23:25:29.851568348Z,true,2026-01-20T23:25:35.863759021Z
01KFEWBCEGGKA82NT0SV9VQ3T5,01KFEV38GJVYY8P8B7QXSW6BTE,2026-01-20T23:37:59.504586985Z,,,01KFEV38H8T2V9428VC9T7MEBA,2026-01-20T23:37:59.504586985Z,,,01KFEW5BKPC6PA6AD6TVFX3GTH,2026-01-20T23:37:59.504586985Z,01KFEWB93MZQQNSF35K2S15HQV,2026-01-20T23:37:59.504586985Z,01KFEWB985FRGHJFN4Y6HBFDQ5,2026-01-20T23:37:59.504586985Z,true,2026-01-20T23:38:08.523500345Z
01KFEVHE2XEQCANPNSFMGPZ59E,01KFEV37PBC6DGWCX0HT0QWYJR,2026-01-20T23:23:49.213559453Z,true,2026-01-20T23:23:58.413543157Z,01KFEV37PYV9HETXX2PC055NBT,2026-01-20T23:23:49.213559453Z,17,2026-01-20T23:23:54.951519688Z,01KFEV9QWYR4DNTS4QCCENEARJ,2026-01-20T23:23:49.213559453Z,01KFEVH47JSXWXPCKZJ9NW3ZAE,2026-01-20T23:23:49.213559453Z,01KFEVH497CGWXYEWQ84QQAKMW,2026-01-20T23:23:49.213559453Z,true,2026-01-20T23:24:01.434886831Z
01KFEWE6PP6RDWG4Z7114T4NQM,01KFEV38GJVYY8P8B7QXSW6BTE,2026-01-20T23:39:31.926135357Z,,,01KFEV38H8T2V9428VC9T7MEBA,2026-01-20T23:39:31.926135357Z,,,01KFEW5BKPC6PA6AD6TVFX3GTH,2026-01-20T23:39:31.926135357Z,01KFEWB954NE20KXS9TVTM9QWN,2026-01-20T23:39:31.926135357Z,01KFEWB9FJHJFW550QPKMNX84J,2026-01-20T23:39:31.926135357Z,true,2026-01-20T23:39:32.798079265Z
01KFEWF78W44238EGSJG6NDP7F,01KFEV38GJVYY8P8B7QXSW6BTE,2026-01-20T23:40:05.276894875Z,,,01KFEV38H8T2V9428VC9T7MEBA,2026-01-20T23:40:05.276894875Z,,,01KFEW5105FT4T963R9Z6AZ67Y,2026-01-20T23:40:05.276894875Z,01KFEWB967BF5HCPTFD5ASW09Z,2026-01-20T23:40:05.276894875Z,01KFEWB9NQ31D1T96Z56SCS8PY,2026-01-20T23:40:05.276894875Z,true,2026-01-20T23:40:08.178314612Z
01KFEVM4XG9CVFW84D8TFNVMXH,01KFEV384BJYC62Y0E6AQK09K8,2026-01-20T23:25:18.128455359Z,,,01KFEV384Y33BFECW27AH8GSGD,2026-01-20T23:25:18.128455359Z,,,01KFEVF34Y0A3VWJYX9367Q9EA,2026-01-20T23:25:18.128455359Z,01KFEVHAPNHDSTG2VZVHXASK93,2026-01-20T23:25:18.128455359Z,01KFEVHAWAYP1J590Q9B24ATPH,2026-01-20T23:25:18.128455359Z,true,2026-01-20T23:25:19.850756214Z
01KFEVTV9S8XQZDBW876AADEY4,01KFEV37CWX6SQYA0RPR0C01MW,2026-01-20T23:28:57.657402227Z,,,01KFEV37DAAK9E08F076WKMM6J,2026-01-20T23:28:57.657402227Z,,,01KFEVH10BYAXDVW828R4A2D8P,2026-01-20T23:28:57.657402227Z,01KFEVRWRV4PBTM59RGPB1MPCT,2026-01-20T23:28:57.657402227Z,01KFEVRWZXG059ES616C24TM5W,2026-01-20T23:28:57.657402227Z,true,2026-01-20T23:29:00.895735541Z
01KFEW2W10BT427Q85B7VE7S4N,01KFEV384BJYC62Y0E6AQK09K8,2026-01-20T23:33:20.544495778Z,,,01KFEV385166A8JYCZ9G4DMHRQ,2026-01-20T23:33:20.544495778Z,,,01KFEVWH8M80FFRA88HYSK2ZSQ,2026-01-20T23:33:20.544495778Z,01KFEW1AHB2FYXGT0X5PGAP03X,2026-01-20T23:33:20.544495778Z,01KFEW1AR33P3VK4YHHW1FE4NY,2026-01-20T23:33:20.544495778Z,true,2026-01-20T23:33:21.768062979Z
01KFEWGN2N65DP3QS7PP4N21CY,01KFEVMNF44NEM58ETFST7KTWM,2026-01-20T23:40:52.181719598Z,,,01KFEVMNHFNDCGHX9QBBFN387E,2026-01-20T23:40:52.181719598Z,,,01KFEW6A5E0ZVTNJ585Y831423,2026-01-20T23:40:52.181719598Z,01KFEWEZVSPMEYM5WRNH1GH02Y,2026-01-20T23:40:52.181719598Z,01KFEWF01ZN92XV17QSN1BV8CS,2026-01-20T23:40:52.181719598Z,true,2026-01-20T23:40:55.163442375Z
01KFEWHNDVVXZVQ4MHQJA2Y4WT,01KFEVMN9Q125N5N16W4WNYJXF,2026-01-20T23:41:25.307151076Z,,,01KFEVMNAWK7WRWM1AMQZKX6SA,2026-01-20T23:41:25.307151076Z,,,01KFEW4NGJQK3SC6VDT657XA1V,2026-01-20T23:41:25.307151076Z,01KFEWE8V42B6QNHZQ0TH5CPD7,2026-01-20T23:41:25.307151076Z,01KFEWE97RKCJTK78Y2GPBGCMQ,2026-01-20T23:41:25.307151076Z,true,2026-01-20T23:41:26.161062439Z
01KFEVM2KBBPPT998JJ6HXNS6T,01KFEV384BJYC62Y0E6AQK09K8,2026-01-20T23:25:15.755234023Z,,,01KFEV384Y33BFECW27AH8GSGD,2026-01-20T23:25:15.755234023Z,,,01KFEVF34Y0A3VWJYX9367Q9EA,2026-01-20T23:25:15.755234023Z,01KFEVHAPJCMYFRQP2F7WT72WK,2026-01-20T23:25:15.755234023Z,01KFEVHAVTXXBR4DCASYZ11AC8,2026-01-20T23:25:15.755234023Z,true,2026-01-20T23:25:17.912579634Z
01KFEW6NQ5WQF70N3WH8YBAGFC,01KFEVMN9Q125N5N16W4WNYJXF,2026-01-20T23:35:25.157240319Z,,,01KFEVMNBC23RB4D79KEQ4G0VS,2026-01-20T23:35:25.157240319Z,,,01KFEVXFAQE8X4YEWXW17GBY46,2026-01-20T23:35:25.157240319Z,01KFEW3VKNJVBQR8K5WQHKN6CC,2026-01-20T23:35:25.157240319Z,01KFEW3VXQ33KR3NTMQVJ7GDG1,2026-01-20T23:35:25.157240319Z,true,2026-01-20T23:35:27.084563998Z
01KFEW6PFSWGFKS3133Q3AZ2V6,01KFEV38A01XZ4DPRPFKRE96P8,2026-01-20T23:35:25.945270103Z,,,01KFEV38AHTHHCNTDGHAJN0GXG,2026-01-20T23:35:25.945270103Z,,,01KFEVW5WA494MRXETJ2N5XX03,2026-01-20T23:35:25.945270103Z,01KFEW29YCZ8S174VM388XCKN4,2026-01-20T23:35:25.945270103Z,01KFEW2A76EKY5M75Q5BS6R8P6,2026-01-20T23:35:25.945270103Z,true,2026-01-20T23:35:28.331265187Z
01KFEVGY49V1WA1JGNE3Q94Q1P,01KFEV2BZFDRZBG3Y0249RG1TW,2026-01-20T23:23:32.873803828Z,,,01KFEV2C0CP35QE41ZMH45J8TZ,2026-01-20T23:23:32.873803828Z,,,01KFEV7TATT805MEJDGTCA5NFM,2026-01-20T23:23:32.873803828Z,01KFEVB8G9DDYT4Z9WGS4751MR,2026-01-20T23:23:32.873803828Z,01KFEVB8RN38R1JX4F44CDG6E2,2026-01-20T23:23:32.873803828Z,true,2026-01-20T23:23:34.744140288Z
01KFEVJVCT31M35NCEPMRC57PA,01KFEV384BJYC62Y0E6AQK09K8,2026-01-20T23:24:35.610970476Z,,,01KFEV384Y33BFECW27AH8GSGD,2026-01-20T23:24:35.610970476Z,,,01KFEVCQTYNZYE4TGA9WFYBM2V,2026-01-20T23:24:35.610970476Z,01KFEVHAPCH18VPXAR0AA2NN3F,2026-01-20T23:24:35.610970476Z,01KFEVHASFB9TX5EG6YSRHT3K6,2026-01-20T23:24:35.610970476Z,true,2026-01-20T23:24:38.645225381Z
01KFEVK56EP5MQ986BBQCX21MJ,01KFEV377XDCWB0CVW0E7ES8WB,2026-01-20T23:24:45.646320632Z,true,2026-01-20T23:24:52.878295238Z,01KFEV378PDZP87HXSESW6BA01,2026-01-20T23:24:45.646320632Z,10,2026-01-20T23:24:49.610612015Z,01KFEV6V20FH8Q8TGZN4SVCF5R,2026-01-20T23:24:45.646320632Z,01KFEVF1QWVSRQZSBVJ2N2MCKF,2026-01-20T23:24:45.646320632Z,01KFEVF1YSWCV88YHDXT91JXGR,2026-01-20T23:24:45.646320632Z,true,2026-01-20T23:24:55.937007444Z
01KFEWH326X0362AX6HDG72B0R,01KFEVMN9Q125N5N16W4WNYJXF,2026-01-20T23:41:06.502130298Z,,,01KFEVMNAWK7WRWM1AMQZKX6SA,2026-01-20T23:41:06.502130298Z,,,01KFEW3YJBR4HT7BADWRSVJQV5,2026-01-20T23:41:06.502130298Z,01KFEWE8X78MX8FTH7TFT5G1TY,2026-01-20T23:41:06.502130298Z,01KFEWE94FY10CAGDF08826BGF,2026-01-20T23:41:06.502130298Z,true,2026-01-20T23:41:07.261139487Z
01KFEVNJHEPFXPACSTBK24N2KC,01KFEV37CWX6SQYA0RPR0C01MW,2026-01-20T23:26:04.846747289Z,,,01KFEV37DE991T271V0BRDHRJW,2026-01-20T23:26:04.846747289Z,,,01KFEVBZC2S6960QVT8J14HPMN,2026-01-20T23:26:04.846747289Z,01KFEVGBDCBHSEAWFBWHYTDW7K,2026-01-20T23:26:04.846747289Z,01KFEVGBKWGQVNQVF4SFDG2B0R,2026-01-20T23:26:04.846747289Z,true,2026-01-20T23:26:07.428363787Z
01KFEVYSEAN887W2766808G1H7,01KFEV37CWX6SQYA0RPR0C01MW,2026-01-20T23:31:06.826490963Z,,,01KFEV37DAAK9E08F076WKMM6J,2026-01-20T23:31:06.826490963Z,0,2026-01-20T23:31:32.996979953Z,01KFEVGWWQWT7BAZNJDAAA325H,2026-01-20T23:31:06.826490963Z,01KFEVRWTKHVAA5GAM8CPTYHJ5,2026-01-20T23:31:06.826490963Z,01KFEVRX85JKVNDKHKFSPSV72M,2026-01-20T23:31:06.826490963Z,,
01KFEWGRNEJDPYMQXQS4T6WA4M,01KFEVMNNQTH6Q6DMJG65NFGVF,2026-01-20T23:40:55.854864558Z,,,01KFEVMNQ7WSYMPADRKJJ7K0T0,2026-01-20T23:40:55.854864558Z,,,01KFEW6K9KXKK84272V15S7T1Z,2026-01-20T23:40:55.854864558Z,01KFEWGN7DH9SB6YA0JME23FWK,2026-01-20T23:40:55.854864558Z,01KFEWGNCBMSV2NYRE37VS6T4A,2026-01-20T23:40:55.854864558Z,true,2026-01-20T23:41:11.438783901Z
01KFEVEJPGNYX4V4KYVBASM7X2,01KFEV377XDCWB0CVW0E7ES8WB,2026-01-20T23:22:15.632920987Z,,,01KFEV378H0PY96RNMJFNCN7TE,2026-01-20T23:22:15.632920987Z,,,01KFEVA045MDV6WERMTEQ3VAYR,2026-01-20T23:22:15.632920987Z,01KFEVEHG7RRFZHJA7KNPE4YW3,2026-01-20T23:22:15.632920987Z,01KFEVEHHK073D0YCMDDQW86FD,2026-01-20T23:22:15.632920987Z,true,2026-01-20T23:22:23.44461083Z
01KFEVSCQRT0FN9WATPS8VBGKY,01KFEVMN9Q125N5N16W4WNYJXF,2026-01-20T23:28:09.977014725Z,,,01KFEVMNB841AFDZFM4WSW4FTD,2026-01-20T23:28:09.977014725Z,,,01KFEVB2WK99SDZDFQAW6KYB9M,2026-01-20T23:28:09.977014725Z,01KFEVPNG6JB6DZSQZ5HM4GVS7,2026-01-20T23:28:09.977014725Z,01KFEVPNNPKEP7QDQDMFAJEGXG,2026-01-20T23:28:09.977014725Z,true,2026-01-20T23:28:14.656233597Z
01KFEVSW3H01EM7GDBPZQW9MM2,01KFEVMN9Q125N5N16W4WNYJXF,2026-01-20T23:28:25.713476752Z,false,2026-01-20T23:28:35.021189568Z,01KFEVMNB841AFDZFM4WSW4FTD,2026-01-20T23:28:25.713476752Z,29,2026-01-20T23:28:33.013297389Z,01KFEVC3J7JCZ73BZAKH9RH61D,2026-01-20T23:28:25.713476752Z,01KFEVPNGCECZWPB3GP3PH5NGX,2026-01-20T23:28:25.713476752Z,01KFEVPNPQC29DRHJXZKHXWYV5,2026-01-20T23:28:25.713476752Z,true,2026-01-20T23:28:37.895134327Z
01KFEW8XSQNW108QP4S3P51GZ1,01KFEV38A01XZ4DPRPFKRE96P8,2026-01-20T23:36:38.967669542Z,,,01KFEV38AHTHHCNTDGHAJN0GXG,2026-01-20T23:36:38.967669542Z,,,01KFEVW9PV7SJ42VT7GTTE4SGT,2026-01-20T23:36:38.967669542Z,01KFEW29ZYEEN9EXZHWPRR43NM,2026-01-20T23:36:38.967669542Z,01KFEW2AHRQWM48C10CDXB4BZ5,2026-01-20T23:36:38.967669542Z,true,2026-01-20T23:36:40.816233878Z
01KFEWM1EKHHJMED446B985344,01KFEVMNF44NEM58ETFST7KTWM,2026-01-20T23:42:43.155856493Z,,,01KFEVMNHFNDCGHX9QBBFN387E,2026-01-20T23:42:43.155856493Z,,,01KFEW78ZH0TY6JQ9J3GJMR3E3,2026-01-20T23:42:43.155856493Z,01KFEWEZYP42AF5N6JACS5HZ97,2026-01-20T23:42:43.155856493Z,01KFEWF0FCSBNNMTKWT8V6R4G5,2026-01-20T23:42:43.155856493Z,true,2026-01-20T23:42:46.195619848Z
01KFEWMC8FVC4WKG9SDBYDJFDP,01KFEVMNF44NEM58ETFST7KTWM,2026-01-20T23:42:54.223605037Z,,,01KFEVMNHFNDCGHX9QBBFN387E,2026-01-20T23:42:54.223605037Z,,,01KFEW6A5E0ZVTNJ585Y831423,2026-01-20T23:42:54.223605037Z,01KFEWEZYB6ZVPPBFVTKXTZJ40,2026-01-20T23:42:54.223605037Z,01KFEWF0H44W8P0C7V3DHJ90H6,2026-01-20T23:42:54.223605037Z,true,2026-01-20T23:42:56.853968527Z
01KFEVJYQN1PGES5M6GWBX8V8M,01KFEV37CWX6SQYA0RPR0C01MW,2026-01-20T23:24:39.029795231Z,,,01KFEV37DE991T271V0BRDHRJW,2026-01-20T23:24:39.029795231Z,,,01KFEV8CTFEWEE7C0ZM9KMYRSE,2026-01-20T23:24:39.029795231Z,01KFEVGBCPPHTMKKS8W8BM1ZBN,2026-01-20T23:24:39.029795231Z,01KFEVGBFW8APHK7N7XMDVCVJE,2026-01-20T23:24:39.029795231Z,true,2026-01-20T23:24:41.124693079Z
01KFEVNBA4CF843F3ZW4JK6DQ2,01KFEV377XDCWB0CVW0E7ES8WB,2026-01-20T23:25:57.44462826Z,true,2026-01-20T23:26:03.882078491Z,01KFEV378FNG971PBW7B2SPNC6,2026-01-20T23:25:57.44462826Z,20,2026-01-20T23:26:02.422789019Z,01KFEVCRBGBMN5MZZVZA8FPX1Z,2026-01-20T23:25:57.44462826Z,01KFEVJNRJZH5GPQKMH4ZHTKNX,2026-01-20T23:25:57.44462826Z,01KFEVJNYMENXQFAESZ8ZDC3WJ,2026-01-20T23:25:57.44462826Z,true,2026-01-20T23:26:06.881256482Z
01KFEVRYYSSRZ46FDATKKNA8MR,01KFEV37CWX6SQYA0RPR0C01MW,2026-01-20T23:27:55.865998383Z,,,01KFEV37DAAK9E08F076WKMM6J,2026-01-20T23:27:55.865998383Z,,,01KFEVGWWQWT7BAZNJDAAA325H,2026-01-20T23:27:55.865998383Z,01KFEVRWQJGCGKK4BEF2VQ5XQC,2026-01-20T23:27:55.865998383Z,01KFEVRWVCPGY556DME2XR0K0G,2026-01-20T23:27:55.865998383Z,true,2026-01-20T23:27:59.622920074Z
01KFEVVSJ6TW0YC8BZZEBEQ23G,01KFEVMN9Q125N5N16W4WNYJXF,2026-01-20T23:29:28.646951926Z,,,01KFEVMNB841AFDZFM4WSW4FTD,2026-01-20T23:29:28.646951926Z,,,01KFEVC3J7JCZ73BZAKH9RH61D,2026-01-20T23:29:28.646951926Z,01KFEVPNH8ZPMZ16RW6XYTJZST,2026-01-20T23:29:28.646951926Z,01KFEVPNWK629HTXF3V70YKAXH,2026-01-20T23:29:28.646951926Z,true,2026-01-20T23:29:31.776021616Z
01KFEWET14X99N6T4M0G1AHYTH,01KFEV38GJVYY8P8B7QXSW6BTE,2026-01-20T23:39:51.716165524Z,,,01KFEV38H8T2V9428VC9T7MEBA,2026-01-20T23:39:51.716165524Z,,,01KFEW5BKPC6PA6AD6TVFX3GTH,2026-01-20T23:39:51.716165524Z,01KFEWB95XX5RBFNFE0SQ6DS8R,2026-01-20T23:39:51.716165524Z,01KFEWB9KRD47NTFHP6XYEJDVX,2026-01-20T23:39:51.716165524Z,true,2026-01-20T23:39:54.813085756Z
01KFEVNGQD9JMBS4RHS5RGMF7B,01KFEV37PBC6DGWCX0HT0QWYJR,2026-01-20T23:26:02.989985244Z,,,01KFEV37PYV9HETXX2PSGE1RKD,2026-01-20T23:26:02.989985244Z,,,01KFEV8PSQBX7P1ARFP0SDDW57,2026-01-20T23:26:02.989985244Z,01KFEVKCMMB045AMAJBPJ2G93R,2026-01-20T23:26:02.989985244Z,01KFEVKCQWKZG726P55K4SV233,2026-01-20T23:26:02.989985244Z,true,2026-01-20T23:26:07.869006976Z
01KFEVPQNN3YDE1BATF82KZ6FX,01KFEVMN9Q125N5N16W4WNYJXF,2026-01-20T23:26:42.869835654Z,,,01KFEVMNB841AFDZFM4WSW4FTD,2026-01-20T23:26:42.869835654Z,,,01KFEVB2WK99SDZDFQAW6KYB9M,2026-01-20T23:26:42.869835654Z,01KFEVPNF9X8183T19PW5K9TEJ,2026-01-20T23:26:42.869835654Z,01KFEVPNJV8Y998VRKJQSK3F27,2026-01-20T23:26:42.869835654Z,true,2026-01-20T23:27:03.038462393Z
01KFEW3VCP49B3E0PP4ZM9MA5Z,01KFEV38GJVYY8P8B7QXSW6BTE,2026-01-20T23:33:52.662519008Z,,,01KFEV38H48T18ZRM15RETR33C,2026-01-20T23:33:52.662519008Z,,,01KFEVVPVMNR90RS0DGAX989B7,2026-01-20T23:33:52.662519008Z,01KFEW2K4DS1T10ZD4EFNDXX1X,2026-01-20T23:33:52.662519008Z,01KFEW2K96P4HFCM888PYMWASX,2026-01-20T23:33:52.662519008Z,true,2026-01-20T23:33:54.531358848Z
01KFEW6PXPFVQ2MRPGQTS413CF,01KFEV38GJVYY8P8B7QXSW6BTE,2026-01-20T23:35:26.390514515Z,,,01KFEV38H48T18ZRM15RETR33C,2026-01-20T23:35:26.390514515Z,,,01KFEVVPVMNR90RS0DGAX989B7,2026-01-20T23:35:26.390514515Z,01KFEW2K50274SV4EXHZVPC5W8,2026-01-20T23:35:26.390514515Z,01KFEW2KDBBHNAXNDFGQG7FV6X,2026-01-20T23:35:26.390514515Z,true,2026-01-20T23:35:29.146276532Z
01KFEWHVYQADR596QQG4KFGJQ7,01KFEVMN9Q125N5N16W4WNYJXF,2026-01-20T23:41:31.99193264Z,,,01KFEVMNAWK7WRWM1AMQZKX6SA,2026-01-20T23:41:31.99193264Z,,,01KFEW3YJBR4HT7BADWRSVJQV5,2026-01-20T23:41:31.99193264Z,01KFEWE8VTHQXWKT1AXEXQ666A,2026-01-20T23:41:31.99193264Z,01KFEWE9ANMVVCB8R95797JTV8,2026-01-20T23:41:31.99193264Z,true,2026-01-20T23:41:32.565249864Z
01KFEVX6GBZ6FHQ445BQSAMRP3,01KFEV37CWX6SQYA0RPR0C01MW,2026-01-20T23:30:14.667651575Z,true,2026-01-20T23:30:19.920251281Z,01KFEV37DAAK9E08F076WKMM6J,2026-01-20T23:30:14.667651575Z,0,2026-01-20T23:30:18.22171945Z,01KFEVH10BYAXDVW828R4A2D8P,2026-01-20T23:30:14.667651575Z,01KFEVRWSZ55NYP8B55399K8ZW,2026-01-20T23:30:14.667651575Z,01KFEVRX3YJYRW3K7997FKV1GF,2026-01-20T23:30:14.667651575Z,true,2026-01-20T23:30:22.940859346Z
01KFEWH1CE4DFGM6EM85181P56,01KFEVMN9Q125N5N16W4WNYJXF,2026-01-20T23:41:04.782534024Z,,,01KFEVMNAWK7WRWM1AMQZKX6SA,2026-01-20T23:41:04.782534024Z,,,01KFEW4NGJQK3SC6VDT657XA1V,2026-01-20T23:41:04.782534024Z,01KFEWE8TE0NG0P1M4CW86GTJZ,2026-01-20T23:41:04.782534024Z,01KFEWE93EMVRK4YQ7QADJGB94,2026-01-20T23:41:04.782534024Z,true,2026-01-20T23:41:06.309247235Z
01KFEWHKEN0P2YH5KTHJVF5W73,01KFEVMN9Q125N5N16W4WNYJXF,2026-01-20T23:41:23.285100397Z,,,01KFEVMNAWK7WRWM1AMQZKX6SA,2026-01-20T23:41:23.285100397Z,,,01KFEW3YJBR4HT7BADWRSVJQV5,2026-01-20T23:41:23.285100397Z,01KFEWE8TRPV1GKJA0331CAER2,2026-01-20T23:41:23.285100397Z,01KFEWE9698TMXZZZS73V4WZ65,2026-01-20T23:41:23.285100397Z,true,2026-01-20T23:41:25.101230214Z
01KFEVBE373JPK9Q732RVHWYS8,01KFEV2BZFDRZBG3Y0249RG1TW,2026-01-20T23:20:32.615571076Z,,,01KFEV2C08ND9C9BYW8N2T146P,2026-01-20T23:20:32.615571076Z,,,01KFEV46YBCF5X09FCFJF4VDEY,2026-01-20T23:20:32.615571076Z,01KFEV992G0QHTRMA6CN52MSYK,2026-01-20T23:20:32.615571076Z,01KFEV999RXK2S5ND30A2E79T1,2026-01-20T23:20:32.615571076Z,true,2026-01-20T23:20:34.044442985Z
01KFEVGMKX20DN1QTGZJDWKCNG,01KFEV2BZFDRZBG3Y0249RG1TW,2026-01-20T23:23:23.133664001Z,,,01KFEV2C0CP35QE41ZMH45J8TZ,2026-01-20T23:23:23.133664001Z,,,01KFEV4PQ8V0QGQVX4KK2FPFJR,2026-01-20T23:23:23.133664001Z,01KFEVB8G7BAMBGNZ1NTK36656,2026-01-20T23:23:23.133664001Z,01KFEVB8Q4X6ET9T5HJBPQMK4G,2026-01-20T23:23:23.133664001Z,true,2026-01-20T23:23:25.27563243Z
01KFEVVD5A9X81YMERKH969JXZ,01KFEV37PBC6DGWCX0HT0QWYJR,2026-01-20T23:29:15.946626122Z,true,2026-01-20T23:29:30.092565994Z,01KFEV37PV76WD06T50QFKE80T,2026-01-20T23:29:15.946626122Z,0,2026-01-20T23:29:21.416880726Z,01KFEVJMQNGBVWZMGKK0EQB935,2026-01-20T23:29:15.946626122Z,01KFEVS2ZS0Q9JMWBXYXR9JRBV,2026-01-20T23:29:15.946626122Z,01KFEVS3783B3ECFE3A61GMF5Y,2026-01-20T23:29:15.946626122Z,true,2026-01-20T23:29:33.103141881Z
01KFEW35GKZPDTF1Z98VV9FQXH,01KFEV38GJVYY8P8B7QXSW6BTE,2026-01-20T23:33:30.259102427Z,true,2026-01-20T23:33:38.377952466Z,01KFEV38H48T18ZRM15RETR33C,2026-01-20T23:33:30.259102427Z,0,2026-01-20T23:33:36.132328931Z,01KFEVVPVMNR90RS0DGAX989B7,2026-01-20T23:33:30.259102427Z,01KFEW2K3QVBFN32HV5ZCAC42T,2026-01-20T23:33:30.259102427Z,01KFEW2K7WGPRHS89Q1ZMNJFVV,2026-01-20T23:33:30.259102427Z,true,2026-01-20T23:33:41.415220254Z
01KFEW6DQP5R2VQSK001KG7KEP,01KFEVMN9Q125N5N16W4WNYJXF,2026-01-20T23:35:16.982220404Z,true,2026-01-20T23:35:21.133268729Z,01KFEVMNBC23RB4D79KEQ4G0VS,2026-01-20T23:35:16.982220404Z,0,2026-01-20T23:35:20.494695753Z,01KFEVX608THP5F5HX3GYF0X1K,2026-01-20T23:35:16.982220404Z,01KFEW3VKG0B17FHJX4NF0X699,2026-01-20T23:35:16.982220404Z,01KFEW3VW8NMT89GJ6AK1H91Z4,2026-01-20T23:35:16.982220404Z,true,2026-01-20T23:35:24.182394036Z
01KFEWD5GKY1MT0JVBW1NHKF0M,01KFEV38GJVYY8P8B7QXSW6BTE,2026-01-20T23:38:57.939903751Z,,,01KFEV38H8T2V9428VC9T7MEBA,2026-01-20T23:38:57.939903751Z,,,01KFEW5105FT4T963R9Z6AZ67Y,2026-01-20T23:38:57.939903751Z,01KFEWB94KQ2XE0PFRQY8WXWM9,2026-01-20T23:38:57.939903751Z,01KFEWB9CN4KZXW3TNJXYHB9Y5,2026-01-20T23:38:57.939903751Z,true,2026-01-20T23:39:00.011104805Z
01KFEVKH5Z4DFQHJDKX51MKKBG,01KFEV377XDCWB0CVW0E7ES8WB,2026-01-20T23:24:57.919618272Z,,,01KFEV378PDZP87HXSESW6BA01,2026-01-20T23:24:57.919618272Z,,,01KFEV6V20FH8Q8TGZN4SVCF5R,2026-01-20T23:24:57.919618272Z,01KFEVF1R05NN8B18DGSYQ0EAN,2026-01-20T23:24:57.919618272Z,01KFEVF1ZCJ9M4XPV16KY4R9GG,2026-01-20T23:24:57.919618272Z,true,2026-01-20T23:25:01.585082581Z
01KFEVMSWAT0XCTMNHC899ZZYN,01KFEV37PBC6DGWCX0HT0QWYJR,2026-01-20T23:25:39.594464442Z,,,01KFEV37PYV9HETXX2PSGE1RKD,2026-01-20T23:25:39.594464442Z,,,01KFEV8PSQBX7P1ARFP0SDDW57,2026-01-20T23:25:39.594464442Z,01KFEVKCMTAFBEY86Z8E6DFH9P,2026-01-20T23:25:39.594464442Z,01KFEVKCPWX6ZB3334K1D98NP2,2026-01-20T23:25:39.594464442Z,true,2026-01-20T23:25:47.672356975Z
01KFEVS68XA2WEWNDF76WPBNX6,01KFEV37CWX6SQYA0RPR0C01MW,2026-01-20T23:28:03.357860313Z,true,2026-01-20T23:28:14.88233388Z,01KFEV37DAAK9E08F076WKMM6J,2026-01-20T23:28:03.357860313Z,0,2026-01-20T23:28:11.70733546Z,01KFEVGWWQWT7BAZNJDAAA325H,2026-01-20T23:28:03.357860313Z,01KFEVRWQJGCGKK4BEF2VQ5XQC,2026-01-20T23:28:03.357860313Z,01KFEVRWVKRS4HJPPD5RWRY1N4,2026-01-20T23:28:03.357860313Z,true,2026-01-20T23:28:17.590447444Z
01KFEW0JYNZY065J29QCPFMK2J,01KFEV37PBC6DGWCX0HT0QWYJR,2026-01-20T23:32:05.717944652Z,,,01KFEV37Q0WSYAYKWHM2EXN0DN,2026-01-20T23:32:05.717944652Z,,,01KFEVWYACX0Z3X7HHHK5DSTDD,2026-01-20T23:32:05.717944652Z,01KFEW0G8EM7FSNHE79C3F9KH6,2026-01-20T23:32:05.717944652Z,01KFEW0GCH4SYW5JM8CDGKKSNJ,2026-01-20T23:32:05.717944652Z,true,2026-01-20T23:32:09.958814892Z
01KFEWYN99KRATB47088G512EJ,01KFEV38GJVYY8P8B7QXSW6BTE,2026-01-20T23:48:31.145488189Z,,,01KFEV38H0S2Y42XZDBCZ2KPGY,2026-01-20T23:48:31.145488189Z,,,01KFEWA3ZKFQRVCEG62F0BJCT3,2026-01-20T23:48:31.145488189Z,01KFEWVM93M1BAFYGWNY053C7Q,2026-01-20T23:48:31.145488189Z,01KFEWVMW8ZFER1E8QQNE14SFK,2026-01-20T23:48:31.145488189Z,true,2026-01-20T23:48:33.093738205Z
01KFEVHE2TKGYHCV7S5E4QZ1FZ,01KFEV37PBC6DGWCX0HT0QWYJR,2026-01-20T23:23:49.210370731Z,true,2026-01-20T23:24:02.328328563Z,01KFEV37PYV9HETXX2PC055NBT,2026-01-20T23:23:49.210370731Z,29,2026-01-20T23:24:00.643547995Z,01KFEVBDY2YWN6DSFNFKRM8R9Z,2026-01-20T23:23:49.210370731Z,01KFEVH47JSXWXPCKZJ9NW3ZAE,2026-01-20T23:23:49.210370731Z,01KFEVH497CGWXYEWQ84QQAKMW,2026-01-20T23:23:49.210370731Z,true,2026-01-20T23:24:05.33786874Z
01KFEVMGBZ2YPVBTKP10K433V8,01KFEV37CWX6SQYA0RPR0C01MW,2026-01-20T23:25:29.855536775Z,,,01KFEV37DE991T271V0NJ5BY6K,2026-01-20T23:25:29.855536775Z,,,01KFEV7RE3Q2MQ5NN8AGQ7Y4PK,2026-01-20T23:25:29.855536775Z,01KFEVJEJJ6D7VBYCE9XWXMRKP,2026-01-20T23:25:29.855536775Z,01KFEVJENH4WSDZTW3BXSJ400G,2026-01-20T23:25:29.855536775Z,true,2026-01-20T23:25:33.246980218Z
01KFEVMTWA8KYGBJG8AVZFQ98E,01KFEV37PBC6DGWCX0HT0QWYJR,2026-01-20T23:25:40.620331528Z,,,01KFEV37PYV9HETXX2PC055NBT,2026-01-20T23:25:40.620331528Z,,,01KFEVBDY2YWN6DSFNFKRM8R9Z,2026-01-20T23:25:40.620331528Z,01KFEVH488H19CAYEAMXF8JTYZ,2026-01-20T23:25:40.620331528Z,01KFEVH4CZ58SHPTXV343GWH7Q,2026-01-20T23:25:40.620331528Z,true,2026-01-20T23:25:44.26016999Z
01KFEWHJAHSWSVQ6CCQGJ1P4F9,01KFEVMN9Q125N5N16W4WNYJXF,2026-01-20T23:41:22.129568627Z,,,01KFEVMNAWK7WRWM1AMQZKX6SA,2026-01-20T23:41:22.129568627Z,,,01KFEW3YJBR4HT7BADWRSVJQV5,2026-01-20T23:41:22.129568627Z,01KFEWE8TRPV1GKJA0331CAER2,2026-01-20T23:41:22.129568627Z,01KFEWE961W78R9QC3DVPP09HM,2026-01-20T23:41:22.129568627Z,true,2026-01-20T23:41:22.99708523Z
01KFEVRRYJEVQ1Y5YSHA56PX96,01KFEV37CWX6SQYA0RPR0C01MW,2026-01-20T23:27:49.714313096Z,,,01KFEV37DE991T271V0NJ5BY6K,2026-01-20T23:27:49.714313096Z,,,01KFEVD9ZATE7H5N364WWPAV31,2026-01-20T23:27:49.714313096Z,01KFEVJEKGMYFZA2VJEASABFYY,2026-01-20T23:27:49.714313096Z,01KFEVJERTCRCPHGQVTV124RGP,2026-01-20T23:27:49.714313096Z,true,2026-01-20T23:27:58.912176369Z
01KFEWYQD4QD9QWEB9BZ1Y4D0G,01KFEV38GJVYY8P8B7QXSW6BTE,2026-01-20T23:48:33.316741146Z,,,01KFEV38H0S2Y42XZDBCZ2KPGY,2026-01-20T23:48:33.316741146Z,,,01KFEWA3ZKFQRVCEG62F0BJCT3,2026-01-20T23:48:33.316741146Z,01KFEWVM9CP94P7WDKMNK8VHXX,2026-01-20T23:48:33.316741146Z,01KFEWVMXS28BEJS8K69Z2S3BP,2026-01-20T23:48:33.316741146Z,true,2026-01-20T23:48:34.831646061Z
01KFEWC6PZP4DK5A82GH0E6AQH,01KFEV384BJYC62Y0E6AQK09K8,2026-01-20T23:38:26.399649421Z,,,01KFEV384Z68A1Z7ZGWS1GDSZK,2026-01-20T23:38:26.399649421Z,,,01KFEW2C8HX8QQZV0FHE0EMNPN,2026-01-20T23:38:26.399649421Z,01KFEW9NEZF4BDJ4D8H6JC57E0,2026-01-20T23:38:26.399649421Z,01KFEW9NR4BF1ZXNKFCFPJFQAR,2026-01-20T23:38:26.399649421Z,true,2026-01-20T23:38:31.652026894Z
01KFEWJ2DGZPQPJ3WTJF75RFEA,01KFEVMNF44NEM58ETFST7KTWM,2026-01-20T23:41:38.608771813Z,,,01KFEVMNHFNDCGHX9QBBFN387E,2026-01-20T23:41:38.608771813Z,,,01KFEW78ZH0TY6JQ9J3GJMR3E3,2026-01-20T23:41:38.608771813Z,01KFEWEZWPAV8RCSFBM22S3S8X,2026-01-20T23:41:38.608771813Z,01KFEWF07YX68PY7XWY5RDYYJX,2026-01-20T23:41:38.608771813Z,true,2026-01-20T23:41:41.935847555Z
01KFEVKE337PXGS0YGV1JGNK4M,01KFEV37PBC6DGWCX0HT0QWYJR,2026-01-20T23:24:54.755747769Z,,,01KFEV37PYV9HETXX2PSGE1RKD,2026-01-20T23:24:54.755747769Z,,,01KFEV8PSQBX7P1ARFP0SDDW57,2026-01-20T23:24:54.755747769Z,01KFEVKCM3HZV4EBCX9XQX5ZQ4,2026-01-20T23:24:54.755747769Z,01KFEVKCP28JEXJC9QFZM81VTR,2026-01-20T23:24:54.755747769Z,true,2026-01-20T23:25:01.21113864Z
01KFEVKJ34XB1F4SCHT8ZSY14J,01KFEV377XDCWB0CVW0E7ES8WB,2026-01-20T23:24:58.852097167Z,,,01KFEV378FNG971PBW7B2SPNC6,2026-01-20T23:24:58.852097167Z,,,01KFEVCRBGBMN5MZZVZA8FPX1Z,2026-01-20T23:24:58.852097167Z,01KFEVJNQYDHT7QNFWKKE14CQS,2026-01-20T23:24:58.852097167Z,01KFEVJNT0DRY321J8QSBAC9C0,2026-01-20T23:24:58.852097167Z,true,2026-01-20T23:25:05.048551318Z
01KFEVKW9AJSC0MS8S7YPQ91GR,01KFEV384BJYC62Y0E6AQK09K8,2026-01-20T23:25:09.290326256Z,,,01KFEV384Y33BFECW27AH8GSGD,2026-01-20T23:25:09.290326256Z,,,01KFEVF34Y0A3VWJYX9367Q9EA,2026-01-20T23:25:09.290326256Z,01KFEVHAPGWZJCVM4Z19V75XGE,2026-01-20T23:25:09.290326256Z,01KFEVHAV6VGH9849QHYV1EA3X,2026-01-20T23:25:09.290326256Z,true,2026-01-20T23:25:11.50045268Z
01KFEVN1XHANJSNCKYTKS07QFJ,01KFEV37PBC6DGWCX0HT0QWYJR,2026-01-20T23:25:47.82558459Z,,,01KFEV37PYV9HETXX2PC055NBT,2026-01-20T23:25:47.82558459Z,,,01KFEV9QWYR4DNTS4QCCENEARJ,2026-01-20T23:25:47.82558459Z,01KFEVH48F86SXRFG4F77MN5NS,2026-01-20T23:25:47.82558459Z,01KFEVH4DTBYH2K6QVD5ED63FM,2026-01-20T23:25:47.82558459Z,true,2026-01-20T23:25:50.99329402Z
01KFEVR87J3QJSBBMMKZQF85KH,01KFEV37PBC6DGWCX0HT0QWYJR,2026-01-20T23:27:32.594343208Z,false,2026-01-20T23:27:39.757269756Z,01KFEV37PYV9HETXX2PSGE1RKD,2026-01-20T23:27:32.594343208Z,17,2026-01-20T23:27:38.51754036Z,01KFEVDMPGK2KG6CGRXX80WQ5A,2026-01-20T23:27:32.594343208Z,01KFEVKCMEF072A8GSMNZM7WH6,2026-01-20T23:27:32.594343208Z,01KFEVKCWVCGWTTJX1VYB6ZJJH,2026-01-20T23:27:32.594343208Z,true,2026-01-20T23:27:42.757641055Z
01KFEVSMNNVJ52WBCV4877ABQV,01KFEV37CWX6SQYA0RPR0C01MW,2026-01-20T23:28:18.101301249Z,,,01KFEV37DAAK9E08F076WKMM6J,2026-01-20T23:28:18.101301249Z,,,01KFEVGWWQWT7BAZNJDAAA325H,2026-01-20T23:28:18.101301249Z,01KFEVRWRP2V236VFYBAYSNQQS,2026-01-20T23:28:18.101301249Z,01KFEVRWWTXPZ8V1EHCS7XT02V,2026-01-20T23:28:18.101301249Z,true,2026-01-20T23:28:23.657174875Z
01KFEW8MS252Y1MB0CDPXGGAW3,01KFEV38A01XZ4DPRPFKRE96P8,2026-01-20T23:36:29.730771584Z,,,01KFEV38AHTHHCNTDGHAJN0GXG,2026-01-20T23:36:29.730771584Z,,,01KFEVW5WA494MRXETJ2N5XX03,2026-01-20T23:36:29.730771584Z,01KFEW2A0EJTQ1J903ZRJRFAD8,2026-01-20T23:36:29.730771584Z,01KFEW2AFJ5H3Z4T7V2126EH6E,2026-01-20T23:36:29.730771584Z,true,2026-01-20T23:36:31.525481334Z
01KFEWAXZD3M52PT70A5GG4YTT,01KFEV384BJYC62Y0E6AQK09K8,2026-01-20T23:37:44.685803573Z,,,01KFEV384Z68A1Z7ZGWS1GDSZK,2026-01-20T23:37:44.685803573Z,,,01KFEW2C8HX8QQZV0FHE0EMNPN,2026-01-20T23:37:44.685803573Z,01KFEW9NENJKDJEWHE1997FMH2,2026-01-20T23:37:44.685803573Z,01KFEW9NKS6PCCN222Z038QNEX,2026-01-20T23:37:44.685803573Z,true,2026-01-20T23:37:52.806984274Z
01KFEVABBBFDMTZZZVMAA9GJ2K,01KFEV2BZFDRZBG3Y0249RG1TW,2026-01-20T23:19:57.035139446Z,,,01KFEV2C08ND9C9BYW8N2T146P,2026-01-20T23:19:57.035139446Z,,,01KFEV46YBCF5X09FCFJF4VDEY,2026-01-20T23:19:57.035139446Z,01KFEV9924VF50RWW28YZTJVST,2026-01-20T23:19:57.035139446Z,01KFEV995HECABB2BGWT7DDPTY,2026-01-20T23:19:57.035139446Z,true,2026-01-20T23:19:58.633074582Z
01KFEVH4K86DHXFTGVTAZ2Z4CX,01KFEV37CWX6SQYA0RPR0C01MW,2026-01-20T23:23:39.496852408Z,,,01KFEV37DE991T271V0BRDHRJW,2026-01-20T23:23:39.496852408Z,,,01KFEV8CTFEWEE7C0ZM9KMYRSE,2026-01-20T23:23:39.496852408Z,01KFEVGBCA555S4K04AG8F2T5D,2026-01-20T23:23:39.496852408Z,01KFEVGBECPD228R1JC0A6B28F,2026-01-20T23:23:39.496852408Z,true,2026-01-20T23:24:15.873989147Z
01KFEVJG94TDV8XFKWSHSTXNSZ,01KFEV384BJYC62Y0E6AQK09K8,2026-01-20T23:24:24.228258937Z,,,01KFEV384Y33BFECW27AH8GSGD,2026-01-20T23:24:24.228258937Z,,,01KFEVCQTYNZYE4TGA9WFYBM2V,2026-01-20T23:24:24.228258937Z,01KFEVHANVAXDMRTQWSCF4AN6J,2026-01-20T23:24:24.228258937Z,01KFEVHARQ965Q8BH95T82VCT1,2026-01-20T23:24:24.228258937Z,true,2026-01-20T23:24:27.380033722Z
01KFEW814TX4GDQTHZG46HRZ4J,01KFEV38GJVYY8P8B7QXSW6BTE,2026-01-20T23:36:09.626113416Z,,,01KFEV38H48T18ZRM15RETR33C,2026-01-20T23:36:09.626113416Z,,,01KFEVVPVMNR90RS0DGAX989B7,2026-01-20T23:36:09.626113416Z,01KFEW2K65H61S2VCF5K0K6SB6,2026-01-20T23:36:09.626113416Z,01KFEW2KKCQZXSB8CF1YM0FVRM,2026-01-20T23:36:09.626113416Z,true,2026-01-20T23:36:10.920455065Z
01KFEVKZJK60DWCZMCD8NJ34HM,01KFEV37CWX6SQYA0RPR0C01MW,2026-01-20T23:25:12.659433559Z,,,01KFEV37DE991T271V0BRDHRJW,2026-01-20T23:25:12.659433559Z,,,01KFEVBZC2S6960QVT8J14HPMN,2026-01-20T23:25:12.659433559Z,01KFEVGBCTGC7HJ089TPZS8PH5,2026-01-20T23:25:12.659433559Z,01KFEVGBGXH8DGTZBQKXD7FGNT,2026-01-20T23:25:12.659433559Z,true,2026-01-20T23:25:16.691489033Z
01KFEWF737VR6R4KGVTXE9M4Y3,01KFEV38A01XZ4DPRPFKRE96P8,2026-01-20T23:40:05.09507015Z,,,01KFEV38AJ2CFPYBQZ5JKK7PV4,2026-01-20T23:40:05.09507015Z,,,01KFEW61CSGZMFE4TZ96QA9A06,2026-01-20T23:40:05.09507015Z,01KFEW9RR0JAHGRHAG16SCZ4HQ,2026-01-20T23:40:05.09507015Z,01KFEW9S3MMHBZGBJS30BYKWHB,2026-01-20T23:40:05.09507015Z,true,2026-01-20T23:40:08.104576373Z
01KFEWKQQ0NFPD5KJNXC80F55Z,01KFEVMNF44NEM58ETFST7KTWM,2026-01-20T23:42:33.184991821Z,,,01KFEVMNHFNDCGHX9QBBFN387E,2026-01-20T23:42:33.184991821Z,,,01KFEW78ZH0TY6JQ9J3GJMR3E3,2026-01-20T23:42:33.184991821Z,01KFEWEZZ027F3GXZBY5D0NC1V,2026-01-20T23:42:33.184991821Z,01KFEWF0E1YXSN6T7NKPYX6SKD,2026-01-20T23:42:33.184991821Z,true,2026-01-20T23:42:38.863609078Z
01KFEVKSJGG2PQN98Y62VP904B,01KFEV37CWX6SQYA0RPR0C01MW,2026-01-20T23:25:06.512333567Z,,,01KFEV37DE991T271V0NJ5BY6K,2026-01-20T23:25:06.512333567Z,,,01KFEVD9ZATE7H5N364WWPAV31,2026-01-20T23:25:06.512333567Z,01KFEVJEJYXA23FJWXTM65DZ1R,2026-01-20T23:25:06.512333567Z,01KFEVJEMX08D614BZBT9J3DQR,2026-01-20T23:25:06.512333567Z,true,2026-01-20T23:25:15.056191086Z
01KFEW5ZP3V6SDR9BPM225W4AK,01KFEV38A01XZ4DPRPFKRE96P8,2026-01-20T23:35:02.595716664Z,,,01KFEV38AHTHHCNTDGHAJN0GXG,2026-01-20T23:35:02.595716664Z,,,01KFEVW9PV7SJ42VT7GTTE4SGT,2026-01-20T23:35:02.595716664Z,01KFEW29Y7967CG3CKQRR67MXP,2026-01-20T23:35:02.595716664Z,01KFEW2A5ZXCV7JHRXS72X7CAR,2026-01-20T23:35:02.595716664Z,true,2026-01-20T23:35:07.624962508Z
01KFEWCH9Q97Q5X1QJC326C1CS,01KFEV384BJYC62Y0E6AQK09K8,2026-01-20T23:38:37.239403589Z,false,2026-01-20T23:39:05.701816005Z,01KFEV384Z68A1Z7ZGWS1GDSZK,2026-01-20T23:38:37.239403589Z,29,2026-01-20T23:39:03.518272038Z,01KFEW2C8HX8QQZV0FHE0EMNPN,2026-01-20T23:38:37.239403589Z,01KFEW9NF9DWA4J0HBQTHH1DYZ,2026-01-20T23:38:37.239403589Z,01KFEW9NTYQ33XCYXC9DDEE4DZ,2026-01-20T23:38:37.239403589Z,,
01KFEWET1DRDYN4WB9WNE88BW9,01KFEV38GJVYY8P8B7QXSW6BTE,2026-01-20T23:39:51.725114482Z,,,01KFEV38H8T2V9428VC9T7MEBA,2026-01-20T23:39:51.725114482Z,,,01KFEW5105FT4T963R9Z6AZ67Y,2026-01-20T23:39:51.725114482Z,01KFEWB95XX5RBFNFE0SQ6DS8R,2026-01-20T23:39:51.725114482Z,01KFEWB9KRD47NTFHP6XYEJDVX,2026-01-20T23:39:51.725114482Z,true,2026-01-20T23:39:54.332423512Z
01KFEVFD4CAJYNSWSZJTZ9FN0G,01KFEV377XDCWB0CVW0E7ES8WB,2026-01-20T23:22:42.700613149Z,true,2026-01-20T23:22:59.161731698Z,01KFEV378H0PY96RNMJFNCN7TE,2026-01-20T23:22:42.700613149Z,10,2026-01-20T23:22:57.420921186Z,01KFEV86DXXGMH25YQ8QC6JEB7,2026-01-20T23:22:42.700613149Z,01KFEVEHG7RRFZHJA7KNPE4YW3,2026-01-20T23:22:42.700613149Z,01KFEVEHHMXWZD26Q5ABCCK15P,2026-01-20T23:22:42.700613149Z,true,2026-01-20T23:23:02.16759403Z
01KFEVMCKF6PQYWZ2KWZHNREFP,01KFEV377XDCWB0CVW0E7ES8WB,2026-01-20T23:25:25.999369838Z,false,2026-01-20T23:25:30.094110578Z,01KFEV378H0PY96RNMJFNCN7TE,2026-01-20T23:25:25.999369838Z,19,2026-01-20T23:25:29.180477233Z,01KFEV86DXXGMH25YQ8QC6JEB7,2026-01-20T23:25:25.999369838Z,01KFEVEHGG1SXX423P9GYCADRZ,2026-01-20T23:25:25.999369838Z,01KFEVEHSYJSG59RZD5TWZZFQK,2026-01-20T23:25:25.999369838Z,true,2026-01-20T23:25:33.10706745Z
01KFEW4RA99E3JNQQ6JA8EYW0Q,01KFEV37PBC6DGWCX0HT0QWYJR,2026-01-20T23:34:22.281368703Z,,,01KFEV37Q0WSYAYKWHM2EXN0DN,2026-01-20T23:34:22.281368703Z,,,01KFEVWXXVHBHP5S1AZQQ4JZFK,2026-01-20T23:34:22.281368703Z,01KFEW0GB864QKBAB0HBJ7K4K5,2026-01-20T23:34:22.281368703Z,01KFEW0GRTFB3RX26HR5WNSMHS,2026-01-20T23:34:22.281368703Z,true,2026-01-20T23:34:24.356247229Z
01KFEWWT09BWG99145D02VEK10,01KFEV38GJVYY8P8B7QXSW6BTE,2026-01-20T23:47:30.441637221Z,,,01KFEV38H0S2Y42XZDBCZ2KPGY,2026-01-20T23:47:30.441637221Z,,,01KFEWKWT6PWJAE8C8359J4DRM,2026-01-20T23:47:30.441637221Z,01KFEWVM6P4FVA6Y7RWXQ75670,2026-01-20T23:47:30.441637221Z,01KFEWVMEPHVWNJZ034G9R3W39,2026-01-20T23:47:30.441637221Z,true,2026-01-20T23:47:32.141443728Z
01KFEWE2Y2G4P5CPYYCKJWEZ6F,01KFEV384BJYC62Y0E6AQK09K8,2026-01-20T23:39:28.066999384Z,,,01KFEV384Z68A1Z7ZGWS1GDSZK,2026-01-20T23:39:28.066999384Z,,,01KFEW47TNE510SG18TR5ZERFB,2026-01-20T23:39:28.066999384Z,01KFEW9NG7HFK52KPRET7F9NBD,2026-01-20T23:39:28.066999384Z,01KFEW9NZEEK05N0BXF0TSS5F9,2026-01-20T23:39:28.066999384Z,true,2026-01-20T23:39:31.543055239Z
01KFEWWXDEJ8XS4PHD0JHCK697,01KFEV38GJVYY8P8B7QXSW6BTE,2026-01-20T23:47:33.934755058Z,,,01KFEV38H0S2Y42XZDBCZ2KPGY,2026-01-20T23:47:33.934755058Z,,,01KFEWKWT6PWJAE8C8359J4DRM,2026-01-20T23:47:33.934755058Z,01KFEWVM718JKJE90A057VRNN9,2026-01-20T23:47:33.934755058Z,01KFEWVMFW79JJ206GVDQ30F0H,2026-01-20T23:47:33.934755058Z,true,2026-01-20T23:47:35.61492138Z
01KFEVP1NY7P1MD34FZDE2TR0M,01KFEV377XDCWB0CVW0E7ES8WB,2026-01-20T23:26:20.350847762Z,,,01KFEV378H0PY96RNMJTMM0E4X,2026-01-20T23:26:20.350847762Z,,,01KFEV8K48Q5MVC88J4XCQXRFY,2026-01-20T23:26:20.350847762Z,01KFEVFBC64AYPBZTJES2B20FR,2026-01-20T23:26:20.350847762Z,01KFEVFBKY3RV8G25DHX970QXC,2026-01-20T23:26:20.350847762Z,true,2026-01-20T23:26:22.741092717Z
01KFEVRYYK7R1W4DFK3QGY1DRB,01KFEV37CWX6SQYA0RPR0C01MW,2026-01-20T23:27:55.859990572Z,,,01KFEV37DAAK9E08F076WKMM6J,2026-01-20T23:27:55.859990572Z,,,01KFEVH10BYAXDVW828R4A2D8P,2026-01-20T23:27:55.859990572Z,01KFEVRWQJGCGKK4BEF2VQ5XQC,2026-01-20T23:27:55.859990572Z,01KFEVRWVCPGY556DME2XR0K0G,2026-01-20T23:27:55.859990572Z,true,2026-01-20T23:28:03.301417846Z
01KFEVTC2G400TTJB9792DH1SM,01KFEV37CWX6SQYA0RPR0C01MW,2026-01-20T23:28:42.064332601Z,,,01KFEV37DE991T271V0NJ5BY6K,2026-01-20T23:28:42.064332601Z,,,01KFEV7RE3Q2MQ5NN8AGQ7Y4PK,2026-01-20T23:28:42.064332601Z,01KFEVJEJTMNMZTCNAQZWM5VSK,2026-01-20T23:28:42.064332601Z,01KFEVJETPZP8FX60EPYF2H161,2026-01-20T23:28:42.064332601Z,true,2026-01-20T23:28:45.782884049Z
01KFEVTP8FG437HJB8Z4TJ3ZYT,01KFEVMN9Q125N5N16W4WNYJXF,2026-01-20T23:28:52.495909634Z,,,01KFEVMNB841AFDZFM4WSW4FTD,2026-01-20T23:28:52.495909634Z,,,01KFEVC3J7JCZ73BZAKH9RH61D,2026-01-20T23:28:52.495909634Z,01KFEVPNGNVYTTDG6P5ZY7AQK5,2026-01-20T23:28:52.495909634Z,01KFEVPNRNS8FFAZER4E4FXVVE,2026-01-20T23:28:52.495909634Z,true,2026-01-20T23:28:56.141293135Z
01KFEW2NHT2EM6R2PVARPEGXTN,01KFEV38GJVYY8P8B7QXSW6BTE,2026-01-20T23:33:13.914231413Z,,,01KFEV38H48T18ZRM15RETR33C,2026-01-20T23:33:13.914231413Z,,,01KFEVYB6HS3VX2GA7D4G2GPMT,2026-01-20T23:33:13.914231413Z,01KFEW2K3QVBFN32HV5ZCAC42T,2026-01-20T23:33:13.914231413Z,01KFEW2K7KK2N45SKYC6K5AA6J,2026-01-20T23:33:13.914231413Z,true,2026-01-20T23:33:30.131390809Z
01KFEW64XH2TSR5KT0NKMWEZV0,01KFEVMN9Q125N5N16W4WNYJXF,2026-01-20T23:35:07.953429311Z,,,01KFEVMNBC23RB4D79KEQ4G0VS,2026-01-20T23:35:07.953429311Z,,,01KFEVXFAQE8X4YEWXW17GBY46,2026-01-20T23:35:07.953429311Z,01KFEW3VK8TWZN9VVEZ77C4AM8,2026-01-20T23:35:07.953429311Z,01KFEW3VTMQF24AX7M20MSF2Y7,2026-01-20T23:35:07.953429311Z,true,2026-01-20T23:35:09.270446884Z
01KFEVN61XW9VH248B02R8ENCE,01KFEV377XDCWB0CVW0E7ES8WB,2026-01-20T23:25:52.061859091Z,,,01KFEV378H0PY96RNMJTMM0E4X,2026-01-20T23:25:52.061859091Z,,,01KFEV8TC8AZEPV3G36SCZ12C3,2026-01-20T23:25:52.061859091Z,01KFEVFBCAGNBZPQ8S80FVD5F6,2026-01-20T23:25:52.061859091Z,01KFEVFBJJEPWPVD929FQVEJ5N,2026-01-20T23:25:52.061859091Z,true,2026-01-20T23:25:59.273338923Z
01KFEVTKK26E2WZ808X37RYKKE,01KFEV37CWX6SQYA0RPR0C01MW,2026-01-20T23:28:49.762514445Z,,,01KFEV37DE991T271V0NJ5BY6K,2026-01-20T23:28:49.762514445Z,,,01KFEVD9ZATE7H5N364WWPAV31,2026-01-20T23:28:49.762514445Z,01KFEVJEJXVVFBH0FKDYNANHM0,2026-01-20T23:28:49.762514445Z,01KFEVJEVDXRS0ZAGWG586HMMN,2026-01-20T23:28:49.762514445Z,true,2026-01-20T23:28:53.120341886Z
01KFEW4E4ECHV4KAGKP8R2QSN2,01KFEV384BJYC62Y0E6AQK09K8,2026-01-20T23:34:11.854308649Z,,,01KFEV385166A8JYCZ9G4DMHRQ,2026-01-20T23:34:11.854308649Z,,,01KFEVWH8M80FFRA88HYSK2ZSQ,2026-01-20T23:34:11.854308649Z,01KFEW1AHWQARTJECMFRG6TRPK,2026-01-20T23:34:11.854308649Z,01KFEW1B2VEY429E2QTC7154TQ,2026-01-20T23:34:11.854308649Z,true,2026-01-20T23:34:12.694046725Z
01KFEW7NJ5EV1Z8TSKRX8GRGD5,01KFEVMN9Q125N5N16W4WNYJXF,2026-01-20T23:35:57.765507193Z,,,01KFEVMNBC23RB4D79KEQ4G0VS,2026-01-20T23:35:57.765507193Z,,,01KFEVX608THP5F5HX3GYF0X1K,2026-01-20T23:35:57.765507193Z,01KFEW3VN02RCSZ9DCBE78BGPQ,2026-01-20T23:35:57.765507193Z,01KFEW3W61KGFSTXE2EKFPZFM9,2026-01-20T23:35:57.765507193Z,true,2026-01-20T23:35:59.264483409Z
01KFEWWC6B50VH9G7ZEW8S9STM,01KFEV38GJVYY8P8B7QXSW6BTE,2026-01-20T23:47:16.299746422Z,,,01KFEV38H0S2Y42XZDBCZ2KPGY,2026-01-20T23:47:16.299746422Z,,,01KFEWKWT6PWJAE8C8359J4DRM,2026-01-20T23:47:16.299746422Z,01KFEWVM69B5XT587JT9ZENQD3,2026-01-20T23:47:16.299746422Z,01KFEWVMCCTPMPPVRWAA8ATR81,2026-01-20T23:47:16.299746422Z,true,2026-01-20T23:47:18.36427367Z
01KFEWYQDFFB61G15NJSDA9FCT,01KFEV38GJVYY8P8B7QXSW6BTE,2026-01-20T23:48:33.327094083Z,,,01KFEV38H0S2Y42XZDBCZ2KPGY,2026-01-20T23:48:33.327094083Z,,,01KFEWKWT6PWJAE8C8359J4DRM,2026-01-20T23:48:33.327094083Z,01KFEWVM9CP94P7WDKMNK8VHXX,2026-01-20T23:48:33.327094083Z,01KFEWVMXS28BEJS8K69Z2S3BP,2026-01-20T23:48:33.327094083Z,true,2026-01-20T23:48:35.252918572Z
01KFEVNAXZBP7SK1EV2S7A25S4,01KFEV38A01XZ4DPRPFKRE96P8,2026-01-20T23:25:57.055714935Z,,,01KFEV38AJ2CFPYBQZ58NH0V5J,2026-01-20T23:25:57.055714935Z,,,01KFEVB815BQW2TQ29HHMDQ2FB,2026-01-20T23:25:57.055714935Z,01KFEVJWRME93DECR96HK88Y43,2026-01-20T23:25:57.055714935Z,01KFEVJWTQ37992BHG0N025Q7Y,2026-01-20T23:25:57.055714935Z,true,2026-01-20T23:26:05.146218857Z
01KFEVS57MYM6H2BNF1KTQ0361,01KFEV37PBC6DGWCX0HT0QWYJR,2026-01-20T23:28:02.292813698Z,,,01KFEV37PYV9HETXX2PSGE1RKD,2026-01-20T23:28:02.292813698Z,,,01KFEVDMPGK2KG6CGRXX80WQ5A,2026-01-20T23:28:02.292813698Z,01KFEVKCNNC4194XQX6PJZM5B6,2026-01-20T23:28:02.292813698Z,01KFEVKCYMTD9ZNW68P13V3YQA,2026-01-20T23:28:02.292813698Z,true,2026-01-20T23:28:04.419467362Z
01KFEVWAYEQXC18DPZA16SRYHH,01KFEV38A01XZ4DPRPFKRE96P8,2026-01-20T23:29:46.44698149Z,,,01KFEV38AJ2CFPYBQZ58NH0V5J,2026-01-20T23:29:46.44698149Z,,,01KFEVE55BQ40NXX8QW3R5RX0T,2026-01-20T23:29:46.44698149Z,01KFEVJWSE5ANWJ9JRWVS6CTSK,2026-01-20T23:29:46.44698149Z,01KFEVJX1H7Q5H4FBE79TJQV7P,2026-01-20T23:29:46.44698149Z,true,2026-01-20T23:29:48.719751909Z
01KFEWEX4BQM9GXNE00S2HMGJE,01KFEV38GJVYY8P8B7QXSW6BTE,2026-01-20T23:39:54.891690603Z,true,2026-01-20T23:39:57.968056926Z,01KFEV38H8T2V9428VC9T7MEBA,2026-01-20T23:39:54.891690603Z,0,2026-01-20T23:39:57.345481607Z,01KFEW5BKPC6PA6AD6TVFX3GTH,2026-01-20T23:39:54.891690603Z,01KFEWB95XX5RBFNFE0SQ6DS8R,2026-01-20T23:39:54.891690603Z,01KFEWB9M3372XB42WNCED5Z2M,2026-01-20T23:39:54.891690603Z,true,2026-01-20T23:40:00.971517836Z
01KFEWHNTDXC595JPJ0Q5RN6SZ,01KFEVMNF44NEM58ETFST7KTWM,2026-01-20T23:41:25.709735999Z,true,2026-01-20T23:41:33.328760201Z,01KFEVMNHFNDCGHX9QBBFN387E,2026-01-20T23:41:25.709735999Z,0,2026-01-20T23:41:31.28887974Z,01KFEW78ZH0TY6JQ9J3GJMR3E3,2026-01-20T23:41:25.709735999Z,01KFEWEZWCJ6XC69DY4G0F5CGG,2026-01-20T23:41:25.709735999Z,01KFEWF06VDFD5P7Y49JXP32F5,2026-01-20T23:41:25.709735999Z,true,2026-01-20T23:41:36.336738512Z
01KFEWJJR2MY3Y0C86GN2STC50,01KFEVMNF44NEM58ETFST7KTWM,2026-01-20T23:41:55.330075079Z,,,01KFEVMNHFNDCGHX9QBBFN387E,2026-01-20T23:41:55.330075079Z,,,01KFEW78ZH0TY6JQ9J3GJMR3E3,2026-01-20T23:41:55.330075079Z,01KFEWEZXAJSB92MSCQSD9TW2R,2026-01-20T23:41:55.330075079Z,01KFEWF0BE8A5W1ZHB63F8F837,2026-01-20T23:41:55.330075079Z,true,2026-01-20T23:41:58.2035803Z
01KFEVKTNWHMSTTB78A3440HJK,01KFEV377XDCWB0CVW0E7ES8WB,2026-01-20T23:25:07.644554068Z,,,01KFEV378H0PY96RNMJFNCN7TE,2026-01-20T23:25:07.644554068Z,,,01KFEVA045MDV6WERMTEQ3VAYR,2026-01-20T23:25:07.644554068Z,01KFEVEHGQDBJ2RJG3S3R11MY8,2026-01-20T23:25:07.644554068Z,01KFEVEHR6VS1XAFDKBSGXT1HF,2026-01-20T23:25:07.644554068Z,true,2026-01-20T23:25:11.216515293Z
01KFEVMK55WQ2ZXQWPP0TQ1WY9,01KFEV377XDCWB0CVW0E7ES8WB,2026-01-20T23:25:32.709328358Z,true,2026-01-20T23:25:38.689950791Z,01KFEV378FNG971PBW7B2SPNC6,2026-01-20T23:25:32.709328358Z,20,2026-01-20T23:25:36.835969596Z,01KFEV82H962BNCCRXPB524628,2026-01-20T23:25:32.709328358Z,01KFEVJNR4936M3NZWK961C48N,2026-01-20T23:25:32.709328358Z,01KFEVJNW2GRWDJRJ5PP0AHAGY,2026-01-20T23:25:32.709328358Z,true,2026-01-20T23:25:41.735969592Z
01KFEWFD5ACNSM3G03HA316DA1,01KFEV38GJVYY8P8B7QXSW6BTE,2026-01-20T23:40:11.30702731Z,,,01KFEV38H8T2V9428VC9T7MEBA,2026-01-20T23:40:11.30702731Z,,,01KFEW5105FT4T963R9Z6AZ67Y,2026-01-20T23:40:11.30702731Z,01KFEWB96KRX4ZB7T2765CQSN7,2026-01-20T23:40:11.30702731Z,01KFEWB9Q9BZ8T7A6YRC7NDBAQ,2026-01-20T23:40:11.30702731Z,true,2026-01-20T23:40:13.066500877Z
01KFEWC1AECF99D5CWXJK5S5YF,01KFEV384BJYC62Y0E6AQK09K8,2026-01-20T23:38:20.878954134Z,,,01KFEV384Z68A1Z7ZGWS1GDSZK,2026-01-20T23:38:20.878954134Z,,,01KFEW47TNE510SG18TR5ZERFB,2026-01-20T23:38:20.878954134Z,01KFEW9NEZF4BDJ4D8H6JC57E0,2026-01-20T23:38:20.878954134Z,01KFEW9NQT7QSNS7B8P8QDSWT1,2026-01-20T23:38:20.878954134Z,true,2026-01-20T23:38:26.32529125Z
01KFEWEN64ACDQE7MN7PB5GTJ4,01KFEV38GJVYY8P8B7QXSW6BTE,2026-01-20T23:39:46.756586017Z,,,01KFEV38H8T2V9428VC9T7MEBA,2026-01-20T23:39:46.756586017Z,,,01KFEW5BKPC6PA6AD6TVFX3GTH,2026-01-20T23:39:46.756586017Z,01KFEWB95MVT152YDC7RERZG6G,2026-01-20T23:39:46.756586017Z,01KFEWB9J9ZV8A12P9H5FY9HEW,2026-01-20T23:39:46.756586017Z,true,2026-01-20T23:39:49.24580679Z
01KFEVGB1174PYN18C5575MC9Q,01KFEV377XDCWB0CVW0E7ES8WB,2026-01-20T23:23:13.313770531Z,,,01KFEV378PDZP87HXSESW6BA01,2026-01-20T23:23:13.313770531Z,,,01KFEV6V20FH8Q8TGZN4SVCF5R,2026-01-20T23:23:13.313770531Z,01KFEVF1PPGM18ZSKV97STAVV2,2026-01-20T23:23:13.313770531Z,01KFEVF1TFFZ4FCXP1QXSR7WX5,2026-01-20T23:23:13.313770531Z,true,2026-01-20T23:23:16.932990212Z
01KFEVJT337AYGRGSEB63MAD3N,01KFEV37CWX6SQYA0RPR0C01MW,2026-01-20T23:24:34.275857056Z,,,01KFEV37DE991T271V0BRDHRJW,2026-01-20T23:24:34.275857056Z,,,01KFEVBZC2S6960QVT8J14HPMN,2026-01-20T23:24:34.275857056Z,01KFEVGBCPPHTMKKS8W8BM1ZBN,2026-01-20T23:24:34.275857056Z,01KFEVGBFTGGWV9X2Y0C6E0KT7,2026-01-20T23:24:34.275857056Z,true,2026-01-20T23:24:38.89654936Z
01KFEVNAXTR5KNV8EQY11QZ14T,01KFEV38A01XZ4DPRPFKRE96P8,2026-01-20T23:25:57.050977308Z,,,01KFEV38AJ2CFPYBQZ58NH0V5J,2026-01-20T23:25:57.050977308Z,,,01KFEVE55BQ40NXX8QW3R5RX0T,2026-01-20T23:25:57.050977308Z,01KFEVJWRME93DECR96HK88Y43,2026-01-20T23:25:57.050977308Z,01KFEVJWTQ37992BHG0N025Q7Y,2026-01-20T23:25:57.050977308Z,true,2026-01-20T23:26:02.413964104Z
01KFEVS7T2WNDDN8YQ3JPF38JS,01KFEV37CWX6SQYA0RPR0C01MW,2026-01-20T23:28:04.930369615Z,true,2026-01-20T23:28:21.480964803Z,01KFEV37DE991T271V0NJ5BY6K,2026-01-20T23:28:04.930369615Z,20,2026-01-20T23:28:20.006054123Z,01KFEVD9ZATE7H5N364WWPAV31,2026-01-20T23:28:04.930369615Z,01KFEVJEKNZ510AYKA5A7669HW,2026-01-20T23:28:04.930369615Z,01KFEVJESF3R3AC650XPP77NN7,2026-01-20T23:28:04.930369615Z,true,2026-01-20T23:28:24.818848583Z
01KFEW21BT1PASG626F7YQ2HT9,01KFEV37PBC6DGWCX0HT0QWYJR,2026-01-20T23:32:53.242648653Z,,,01KFEV37Q0WSYAYKWHM2EXN0DN,2026-01-20T23:32:53.242648653Z,,,01KFEVWXXVHBHP5S1AZQQ4JZFK,2026-01-20T23:32:53.242648653Z,01KFEW0G8ZZKDWGVVQH1FBRDRX,2026-01-20T23:32:53.242648653Z,01KFEW0GETVGSK60X1BFFDYHCV,2026-01-20T23:32:53.242648653Z,true,2026-01-20T23:32:55.28582262Z
01KFEW4KS2Y7ZYT8Q0AD4MXS9M,01KFEV37PBC6DGWCX0HT0QWYJR,2026-01-20T23:34:17.634094383Z,,,01KFEV37Q0WSYAYKWHM2EXN0DN,2026-01-20T23:34:17.634094383Z,,,01KFEVWYACX0Z3X7HHHK5DSTDD,2026-01-20T23:34:17.634094383Z,01KFEW0GBGGRN4S29QNK2SQ6YM,2026-01-20T23:34:17.634094383Z,01KFEW0GQSHVA628ETCAJNR1G6,2026-01-20T23:34:17.634094383Z,true,2026-01-20T23:34:18.465278511Z
01KFEWJBQTX5RHXZ1ZGA9BDFWW,01KFEVMN9Q125N5N16W4WNYJXF,2026-01-20T23:41:48.154674351Z,,,01KFEVMNAWK7WRWM1AMQZKX6SA,2026-01-20T23:41:48.154674351Z,,,01KFEW4NGJQK3SC6VDT657XA1V,2026-01-20T23:41:48.154674351Z,01KFEWE8WVX74TZ8PTSRYVZGQG,2026-01-20T23:41:48.154674351Z,01KFEWE9F585JDVY0TN3VGX781,2026-01-20T23:41:48.154674351Z,true,2026-01-20T23:41:48.99674599Z
01KFEWXNQ77XJ7ZZXGV2ZWX1SG,01KFEV38GJVYY8P8B7QXSW6BTE,2026-01-20T23:47:58.823186666Z,,,01KFEV38H0S2Y42XZDBCZ2KPGY,2026-01-20T23:47:58.823186666Z,,,01KFEWA3ZKFQRVCEG62F0BJCT3,2026-01-20T23:47:58.823186666Z,01KFEWVM7Z966CNQ4GRP5M96EG,2026-01-20T23:47:58.823186666Z,01KFEWVMKTCZBP8BBDN0SGZM9D,2026-01-20T23:47:58.823186666Z,true,2026-01-20T23:48:01.764000595Z
01KFEVJVCRQRJT3TNHXAFJC4PX,01KFEV384BJYC62Y0E6AQK09K8,2026-01-20T23:24:35.608816087Z,,,01KFEV384Y33BFECW27AH8GSGD,2026-01-20T23:24:35.608816087Z,,,01KFEVF34Y0A3VWJYX9367Q9EA,2026-01-20T23:24:35.608816087Z,01KFEVHAPCH18VPXAR0AA2NN3F,2026-01-20T23:24:35.608816087Z,01KFEVHASFB9TX5EG6YSRHT3K6,2026-01-20T23:24:35.608816087Z,true,2026-01-20T23:24:38.825587805Z
01KFEVKMSXJ175EZ2JZ92ERFKB,01KFEV377XDCWB0CVW0E7ES8WB,2026-01-20T23:25:01.62969812Z,,,01KFEV378PDZP87HXSESW6BA01,2026-01-20T23:25:01.62969812Z,,,01KFEV6V20FH8Q8TGZN4SVCF5R,2026-01-20T23:25:01.62969812Z,01KFEVF1R05NN8B18DGSYQ0EAN,2026-01-20T23:25:01.62969812Z,01KFEVF1ZEVZTQHJD83AFE7D7P,2026-01-20T23:25:01.62969812Z,true,2026-01-20T23:25:03.411934057Z
01KFEVYAVADFXB1WGDX6DCFHXJ,01KFEV37CWX6SQYA0RPR0C01MW,2026-01-20T23:30:51.882921101Z,,,01KFEV37DAAK9E08F076WKMM6J,2026-01-20T23:30:51.882921101Z,,,01KFEVGWWQWT7BAZNJDAAA325H,2026-01-20T23:30:51.882921101Z,01KFEVRWTFS6WZR3RJEQCQ8B5K,2026-01-20T23:30:51.882921101Z,01KFEVRX6W35X1G854NGVF5A4F,2026-01-20T23:30:51.882921101Z,true,2026-01-20T23:30:55.862350366Z
01KFEWGBN8N6MGDEQ1KRKG2MH7,01KFEV38A01XZ4DPRPFKRE96P8,2026-01-20T23:40:42.536594146Z,,,01KFEV38AJ2CFPYBQZ5JKK7PV4,2026-01-20T23:40:42.536594146Z,,,01KFEW61CSGZMFE4TZ96QA9A06,2026-01-20T23:40:42.536594146Z,01KFEW9RPTMR1X74362ZJ5HND1,2026-01-20T23:40:42.536594146Z,01KFEW9S9JQSB4CWKD3HHXWBJW,2026-01-20T23:40:42.536594146Z,true,2026-01-20T23:40:44.046621394Z
01KFEWJ5V72W35QKBB47S1GMYG,01KFEVMNF44NEM58ETFST7KTWM,2026-01-20T23:41:42.119744051Z,,,01KFEVMNHFNDCGHX9QBBFN387E,2026-01-20T23:41:42.119744051Z,,,01KFEW78ZH0TY6JQ9J3GJMR3E3,2026-01-20T23:41:42.119744051Z,01KFEWEZWPAV8RCSFBM22S3S8X,2026-01-20T23:41:42.119744051Z,01KFEWF08A7VMQDK1GSM2N37ZS,2026-01-20T23:41:42.119744051Z,true,2026-01-20T23:41:45.005458849Z
01KFEVP8EXFNW6DC6ANB4VRWHJ,01KFEV377XDCWB0CVW0E7ES8WB,2026-01-20T23:26:27.293092081Z,true,2026-01-20T23:26:38.272572736Z,01KFEV378H0PY96RNMJTMM0E4X,2026-01-20T23:26:27.293092081Z,17,2026-01-20T23:26:36.462592437Z,01KFEV8TC8AZEPV3G36SCZ12C3,2026-01-20T23:26:27.293092081Z,01KFEVFBD0577W18ZY0ZD05TA0,2026-01-20T23:26:27.293092081Z,01KFEVFBMFKB98V9F15C2M887T,2026-01-20T23:26:27.293092081Z,true,2026-01-20T23:26:41.289454905Z
01KFEVQ31T3P8988MGJBD0FVXC,01KFEV37CWX6SQYA0RPR0C01MW,2026-01-20T23:26:54.522666883Z,false,2026-01-20T23:27:22.93671987Z,01KFEV37DE991T271V0NJ5BY6K,2026-01-20T23:26:54.522666883Z,29,2026-01-20T23:27:21.492617142Z,01KFEV7RE3Q2MQ5NN8AGQ7Y4PK,2026-01-20T23:26:54.522666883Z,01KFEVJEK9E3M288QRNEA9824W,2026-01-20T23:26:54.522666883Z,01KFEVJEQ22ZZQ8YWFC15EZRFR,2026-01-20T23:26:54.522666883Z,,
01KFEVRZAGG40T1Q5CVWR8F38J,01KFEVMN9Q125N5N16W4WNYJXF,2026-01-20T23:27:56.240521814Z,,,01KFEVMNB841AFDZFM4WSW4FTD,2026-01-20T23:27:56.240521814Z,,,01KFEVC3J7JCZ73BZAKH9RH61D,2026-01-20T23:27:56.240521814Z,01KFEVPNFPGQ4NA785Q8C05C2N,2026-01-20T23:27:56.240521814Z,01KFEVPNMPN931NT92S8YC4FG1,2026-01-20T23:27:56.240521814Z,true,2026-01-20T23:28:04.672104107Z
01KFEVT6XS3T9E3S51N7BY6FRV,01KFEV37CWX6SQYA0RPR0C01MW,2026-01-20T23:28:36.793268864Z,,,01KFEV37DE991T271V0NJ5BY6K,2026-01-20T23:28:36.793268864Z,,,01KFEV7RE3Q2MQ5NN8AGQ7Y4PK,2026-01-20T23:28:36.793268864Z,01KFEVJEJTMNMZTCNAQZWM5VSK,2026-01-20T23:28:36.793268864Z,01KFEVJETMZCH5JHW44ETVAE20,2026-01-20T23:28:36.793268864Z,true,2026-01-20T23:28:41.440195476Z
01KFEVTJWAWMYNJP0S29Q5WBK8,01KFEV37PBC6DGWCX0HT0QWYJR,2026-01-20T23:28:49.034252678Z,,,01KFEV37PV76WD06T50QFKE80T,2026-01-20T23:28:49.034252678Z,,,01KFEVJMQNGBVWZMGKK0EQB935,2026-01-20T23:28:49.034252678Z,01KFEVS2ZJ94QWAPA619X1ZPB5,2026-01-20T23:28:49.034252678Z,01KFEVS32TPCKY3QJTQBXFPB34,2026-01-20T23:28:49.034252678Z,true,2026-01-20T23:28:56.602906366Z
01KFEW8QE2TSBHGH0G97X0SQXW,01KFEV38A01XZ4DPRPFKRE96P8,2026-01-20T23:36:32.450714565Z,,,01KFEV38AHTHHCNTDGHAJN0GXG,2026-01-20T23:36:32.450714565Z,,,01KFEVW9PV7SJ42VT7GTTE4SGT,2026-01-20T23:36:32.450714565Z,01KFEW2A07M1KE0DCW06NBRFTM,2026-01-20T23:36:32.450714565Z,01KFEW2AGGMJ7V2C7KBT1E4H2A,2026-01-20T23:36:32.450714565Z,true,2026-01-20T23:36:34.05986156Z
01KFEW6ZA0B8YZF6ZHMX5KQA27,01KFEV38GJVYY8P8B7QXSW6BTE,2026-01-20T23:35:34.9765885Z,,,01KFEV38H48T18ZRM15RETR33C,2026-01-20T23:35:34.9765885Z,,,01KFEVYB6HS3VX2GA7D4G2GPMT,2026-01-20T23:35:34.9765885Z,01KFEW2K4T9ZM0JTDKSTWX94KF,2026-01-20T23:35:34.9765885Z,01KFEW2KEE9RM22NECTKNSVYXP,2026-01-20T23:35:34.9765885Z,true,2026-01-20T23:35:36.212197864Z
01KFEWD8NMPGHDA7P88RFFJ765,01KFEV38A01XZ4DPRPFKRE96P8,2026-01-20T23:39:01.172506054Z,,,01KFEV38AJ2CFPYBQZ5JKK7PV4,2026-01-20T23:39:01.172506054Z,,,01KFEW61CSGZMFE4TZ96QA9A06,2026-01-20T23:39:01.172506054Z,01KFEW9RS4ARACABCS30DH1PYC,2026-01-20T23:39:01.172506054Z,01KFEW9RZ3PKHEZ0XQVGVHC6A2,2026-01-20T23:39:01.172506054Z,true,2026-01-20T23:39:14.346728249Z
01KFEVKR62K7X4EKFDWJ52SPAS,01KFEV377XDCWB0CVW0E7ES8WB,2026-01-20T23:25:05.090809605Z,,,01KFEV378FNG971PBW7B2SPNC6,2026-01-20T23:25:05.090809605Z,,,01KFEV82H962BNCCRXPB524628,2026-01-20T23:25:05.090809605Z,01KFEVJNQYDHT7QNFWKKE14CQS,2026-01-20T23:25:05.090809605Z,01KFEVJNT4YSGX9M61ZZ8VSNDP,2026-01-20T23:25:05.090809605Z,true,2026-01-20T23:25:08.0608434Z
01KFEVKRX76CMS29PC4E4FJ177,01KFEV37PBC6DGWCX0HT0QWYJR,2026-01-20T23:25:05.831978278Z,,,01KFEV37PYV9HETXX2PC055NBT,2026-01-20T23:25:05.831978278Z,,,01KFEV9QWYR4DNTS4QCCENEARJ,2026-01-20T23:25:05.831978278Z,01KFEVH485B8R4J0M6DWQE7BKW,2026-01-20T23:25:05.831978278Z,01KFEVH4BATJB4WVYSWQ2THYHJ,2026-01-20T23:25:05.831978278Z,true,2026-01-20T23:25:12.447615227Z
01KFEVKZKXHN0B06F5F2G6FHTW,01KFEV377XDCWB0CVW0E7ES8WB,2026-01-20T23:25:12.701686318Z,,,01KFEV378H0PY96RNMJFNCN7TE,2026-01-20T23:25:12.701686318Z,,,01KFEV86DXXGMH25YQ8QC6JEB7,2026-01-20T23:25:12.701686318Z,01KFEVEHGP0J883B9NZZXAN747,2026-01-20T23:25:12.701686318Z,01KFEVEHRQ28ABWR7T54VCE2HJ,2026-01-20T23:25:12.701686318Z,true,2026-01-20T23:25:13.504585379Z
01KFEVM3G2PJ5ZRESBZSMBK9B2,01KFEV377XDCWB0CVW0E7ES8WB,2026-01-20T23:25:16.674467771Z,,,01KFEV378PDZP87HXSESW6BA01,2026-01-20T23:25:16.674467771Z,,,01KFEV6V20FH8Q8TGZN4SVCF5R,2026-01-20T23:25:16.674467771Z,01KFEVF1R3DQ0JFK5FV6Y4TWRQ,2026-01-20T23:25:16.674467771Z,01KFEVF205BTW1H17V7HC9MDRY,2026-01-20T23:25:16.674467771Z,true,2026-01-20T23:25:19.81742597Z
01KFEVSWFXZZDA3SCWPMK5RG0G,01KFEV38A01XZ4DPRPFKRE96P8,2026-01-20T23:28:26.109547768Z,,,01KFEV38AJ2CFPYBQZ58NH0V5J,2026-01-20T23:28:26.109547768Z,,,01KFEVB815BQW2TQ29HHMDQ2FB,2026-01-20T23:28:26.109547768Z,01KFEVJWS0K3DC7EYBN1SH6BCA,2026-01-20T23:28:26.109547768Z,01KFEVJWX8BSQ33KEY0VJEPD6K,2026-01-20T23:28:26.109547768Z,true,2026-01-20T23:28:33.302745075Z
01KFEW6C5S2KFC1EK2R2ZTXH82,01KFEVMN9Q125N5N16W4WNYJXF,2026-01-20T23:35:15.385495957Z,,,01KFEVMNBC23RB4D79KEQ4G0VS,2026-01-20T23:35:15.385495957Z,,,01KFEVXFAQE8X4YEWXW17GBY46,2026-01-20T23:35:15.385495957Z,01KFEW3VKG0B17FHJX4NF0X699,2026-01-20T23:35:15.385495957Z,01KFEW3VVZZNYGABMNNBM5H845,2026-01-20T23:35:15.385495957Z,true,2026-01-20T23:35:16.805014377Z
01KFEWY8FX29JEGK8Y88YCM1P8,01KFEV38GJVYY8P8B7QXSW6BTE,2026-01-20T23:48:18.045366302Z,,,01KFEV38H0S2Y42XZDBCZ2KPGY,2026-01-20T23:48:18.045366302Z,,,01KFEWA3ZKFQRVCEG62F0BJCT3,2026-01-20T23:48:18.045366302Z,01KFEWVM8TZBQMYHEAZT7F552E,2026-01-20T23:48:18.045366302Z,01KFEWVMSVMKTNGHC1HNZHYHAT,2026-01-20T23:48:18.045366302Z,true,2026-01-20T23:48:19.675823207Z
01KFEVGVVH5BN87W0BH828ACWD,01KFEV2BZFDRZBG3Y0249RG1TW,2026-01-20T23:23:30.545541752Z,,,01KFEV2C0CP35QE41ZMH45J8TZ,2026-01-20T23:23:30.545541752Z,,,01KFEV7TATT805MEJDGTCA5NFM,2026-01-20T23:23:30.545541752Z,01KFEVB8G8DNW1YDKX93Z4PCN5,2026-01-20T23:23:30.545541752Z,01KFEVB8QV0FGJV0RSXCM0HSRF,2026-01-20T23:23:30.545541752Z,true,2026-01-20T23:23:32.157481994Z
01KFEVTBTZXT5X82A37BCB5Q4F,01KFEVMN9Q125N5N16W4WNYJXF,2026-01-20T23:28:41.824018813Z,,,01KFEVMNB841AFDZFM4WSW4FTD,2026-01-20T23:28:41.824018813Z,,,01KFEVC3J7JCZ73BZAKH9RH61D,2026-01-20T23:28:41.824018813Z,01KFEVPNGFQYEVQ3XPBR3QGGJZ,2026-01-20T23:28:41.824018813Z,01KFEVPNQK8CGQ58HJX6RH5E4N,2026-01-20T23:28:41.824018813Z,true,2026-01-20T23:28:46.522526121Z
01KFEVXQM3Q6D95C9HQ4KW2C1Z,01KFEV37CWX6SQYA0RPR0C01MW,2026-01-20T23:30:32.195984883Z,,,01KFEV37DAAK9E08F076WKMM6J,2026-01-20T23:30:32.195984883Z,,,01KFEVH10BYAXDVW828R4A2D8P,2026-01-20T23:30:32.195984883Z,01KFEVRWQYDTTG3TBRZX6QCZTF,2026-01-20T23:30:32.195984883Z,01KFEVRX526115CFRDE51P6K96,2026-01-20T23:30:32.195984883Z,true,2026-01-20T23:30:36.148925297Z
01KFEW4ANB6G810MJQYDNJCKNT,01KFEV384BJYC62Y0E6AQK09K8,2026-01-20T23:34:08.29987282Z,,,01KFEV385166A8JYCZ9G4DMHRQ,2026-01-20T23:34:08.29987282Z,,,01KFEVWH8M80FFRA88HYSK2ZSQ,2026-01-20T23:34:08.29987282Z,01KFEW1AJ55D8GCPXGH2ZM6TDK,2026-01-20T23:34:08.29987282Z,01KFEW1B1QJCVA3D63662SJNGQ,2026-01-20T23:34:08.29987282Z,true,2026-01-20T23:34:09.296034115Z
01KFEW7D2E0MVVYDN3M3Z30Y7E,01KFEV38A01XZ4DPRPFKRE96P8,2026-01-20T23:35:49.070679206Z,,,01KFEV38AHTHHCNTDGHAJN0GXG,2026-01-20T23:35:49.070679206Z,17,2026-01-20T23:36:19.638236014Z,01KFEVW5WA494MRXETJ2N5XX03,2026-01-20T23:35:49.070679206Z,01KFEW29Z465YRECJRGWFN7MQK,2026-01-20T23:35:49.070679206Z,01KFEW2AD1CYQZDH2F0S909EVR,2026-01-20T23:35:49.070679206Z,,
01KFEVBB1XT4VEBDBWDMZ3QJ3V,01KFEV2BZFDRZBG3Y0249RG1TW,2026-01-20T23:20:29.501814519Z,,,01KFEV2C0BAXD2XBMY5020521J,2026-01-20T23:20:29.501814519Z,,,01KFEV7T5CC2HKQKXA63EQ11JC,2026-01-20T23:20:29.501814519Z,01KFEVB9TEW1H3D89RTJZC2XG3,2026-01-20T23:20:29.501814519Z,01KFEVB9VVB763A9R8945TRE5N,2026-01-20T23:20:29.501814519Z,true,2026-01-20T23:20:33.076745728Z
01KFEVHBVVMAP0WNTZQEM4GCTH,01KFEV377XDCWB0CVW0E7ES8WB,2026-01-20T23:23:46.939683396Z,,,01KFEV378H0PY96RNMJFNCN7TE,2026-01-20T23:23:46.939683396Z,,,01KFEV86DXXGMH25YQ8QC6JEB7,2026-01-20T23:23:46.939683396Z,01KFEVEHGBCMP7V8TCE6N6N4MW,2026-01-20T23:23:46.939683396Z,01KFEVEHKJTPR435GVXZTGXAHT,2026-01-20T23:23:46.939683396Z,true,2026-01-20T23:23:48.110432481Z
01KFEVKH5V4DSJ8VYPSJZ5502F,01KFEV377XDCWB0CVW0E7ES8WB,2026-01-20T23:24:57.915635803Z,,,01KFEV378PDZP87HXSESW6BA01,2026-01-20T23:24:57.915635803Z,,,01KFEV79YCQMQRJYZ004NV66QN,2026-01-20T23:24:57.915635803Z,01KFEVF1R05NN8B18DGSYQ0EAN,2026-01-20T23:24:57.915635803Z,01KFEVF1ZCJ9M4XPV16KY4R9GG,2026-01-20T23:24:57.915635803Z,true,2026-01-20T23:24:59.960846133Z
01KFEVW3ZKBMTHYCCMQZWXXDHK,01KFEV37CWX6SQYA0RPR0C01MW,2026-01-20T23:29:39.315458092Z,,,01KFEV37DAAK9E08F076WKMM6J,2026-01-20T23:29:39.315458092Z,,,01KFEVH10BYAXDVW828R4A2D8P,2026-01-20T23:29:39.315458092Z,01KFEVRWS6SQ4NE2BVQ7YM3A1B,2026-01-20T23:29:39.315458092Z,01KFEVRX10XFZ7ATGQ8QB0RVPK,2026-01-20T23:29:39.315458092Z,true,2026-01-20T23:29:42.778399142Z
01KFEWHVYEMCDZKYJMEKSV5K4P,01KFEVMN9Q125N5N16W4WNYJXF,2026-01-20T23:41:31.982619873Z,,,01KFEVMNAWK7WRWM1AMQZKX6SA,2026-01-20T23:41:31.982619873Z,,,01KFEW4NGJQK3SC6VDT657XA1V,2026-01-20T23:41:31.982619873Z,01KFEWE8VTHQXWKT1AXEXQ666A,2026-01-20T23:41:31.982619873Z,01KFEWE9ANMVVCB8R95797JTV8,2026-01-20T23:41:31.982619873Z,true,2026-01-20T23:41:32.674075535Z
01KFEWFTAKG5QHBA7G8R38P2V3,01KFEV38GJVYY8P8B7QXSW6BTE,2026-01-20T23:40:24.787997176Z,,,01KFEV38H8T2V9428VC9T7MEBA,2026-01-20T23:40:24.787997176Z,,,01KFEW5BKPC6PA6AD6TVFX3GTH,2026-01-20T23:40:24.787997176Z,01KFEWB97B5TCHMM11XXK0C3WP,2026-01-20T23:40:24.787997176Z,01KFEWB9WT6N2WNYP3GBNFCN4N,2026-01-20T23:40:24.787997176Z,true,2026-01-20T23:40:25.68613326Z
01KFEVM1TWVPWAG9VWSHG2H44V,01KFEV377XDCWB0CVW0E7ES8WB,2026-01-20T23:25:14.972730726Z,,,01KFEV378H0PY96RNMJFNCN7TE,2026-01-20T23:25:14.972730726Z,,,01KFEV86DXXGMH25YQ8QC6JEB7,2026-01-20T23:25:14.972730726Z,01KFEVEHGNZ7VVTDD9TTSV20M2,2026-01-20T23:25:14.972730726Z,01KFEVEHSEC0N0FB771FS0TZDE,2026-01-20T23:25:14.972730726Z,true,2026-01-20T23:25:16.063929762Z
01KFEVQA23N8H1HDPDY4DVFEX5,01KFEV37PBC6DGWCX0HT0QWYJR,2026-01-20T23:27:01.699852921Z,,,01KFEV37PYV9HETXX2PSGE1RKD,2026-01-20T23:27:01.699852921Z,,,01KFEVDMPGK2KG6CGRXX80WQ5A,2026-01-20T23:27:01.699852921Z,01KFEVKCNB3JWRWP2DH501FGGW,2026-01-20T23:27:01.699852921Z,01KFEVKCTHMSVDC19KEBSCHNFG,2026-01-20T23:27:01.699852921Z,true,2026-01-20T23:27:07.551027654Z
01KFEVTJSMSE12J9590Y6NQ3E4,01KFEV38A01XZ4DPRPFKRE96P8,2026-01-20T23:28:48.948820223Z,,,01KFEV38AJ2CFPYBQZ58NH0V5J,2026-01-20T23:28:48.948820223Z,,,01KFEVE55BQ40NXX8QW3R5RX0T,2026-01-20T23:28:48.948820223Z,01KFEVJWRF48QGEMN6CSTN82AW,2026-01-20T23:28:48.948820223Z,01KFEVJWYGG5MFCTZ9CY6814HB,2026-01-20T23:28:48.948820223Z,true,2026-01-20T23:28:52.095958341Z
01KFEVWAYKAA24CFJ96R4TBXDR,01KFEV38A01XZ4DPRPFKRE96P8,2026-01-20T23:29:46.45130932Z,,,01KFEV38AJ2CFPYBQZ58NH0V5J,2026-01-20T23:29:46.45130932Z,,,01KFEVB815BQW2TQ29HHMDQ2FB,2026-01-20T23:29:46.45130932Z,01KFEVJWSE5ANWJ9JRWVS6CTSK,2026-01-20T23:29:46.45130932Z,01KFEVJX1H7Q5H4FBE79TJQV7P,2026-01-20T23:29:46.45130932Z,true,2026-01-20T23:29:48.173582946Z
01KFEW3V1GR2500RDGHHR11VWT,01KFEV37PBC6DGWCX0HT0QWYJR,2026-01-20T23:33:52.304695262Z,,,01KFEV37Q0WSYAYKWHM2EXN0DN,2026-01-20T23:33:52.304695262Z,,,01KFEVWXXVHBHP5S1AZQQ4JZFK,2026-01-20T23:33:52.304695262Z,01KFEW0G8PBE5EFQ6P72KS21WH,2026-01-20T23:33:52.304695262Z,01KFEW0GMEJP63FQ1SYG9CT4HE,2026-01-20T23:33:52.304695262Z,true,2026-01-20T23:33:54.474194013Z
01KFEW85PKXR2QJXY57H2B0XVV,01KFEV38GJVYY8P8B7QXSW6BTE,2026-01-20T23:36:14.291413485Z,true,2026-01-20T23:36:17.912183617Z,01KFEV38H48T18ZRM15RETR33C,2026-01-20T23:36:14.291413485Z,0,2026-01-20T23:36:16.677728641Z,01KFEVVPVMNR90RS0DGAX989B7,2026-01-20T23:36:14.291413485Z,01KFEW2K5Q3YTG9F7JD6J5VSNS,2026-01-20T23:36:14.291413485Z,01KFEW2KNJ2C7D0SHT0RJT0QGC,2026-01-20T23:36:14.291413485Z,true,2026-01-20T23:36:20.937612174Z
01KFEW72VX24T60S1WQYD5KY3N,01KFEV38A01XZ4DPRPFKRE96P8,2026-01-20T23:35:38.621914571Z,,,01KFEV38AHTHHCNTDGHAJN0GXG,2026-01-20T23:35:38.621914571Z,,,01KFEVW9PV7SJ42VT7GTTE4SGT,2026-01-20T23:35:38.621914571Z,01KFEW29YWMS8SG0HY124EQM4K,2026-01-20T23:35:38.621914571Z,01KFEW2AANSKRX4C17SPCZD92R,2026-01-20T23:35:38.621914571Z,true,2026-01-20T23:35:40.404096993Z
01KFEVGAGN903VZ19V2A70ZKFZ,01KFEV377XDCWB0CVW0E7ES8WB,2026-01-20T23:23:12.789499199Z,,,01KFEV378H0PY96RNMJFNCN7TE,2026-01-20T23:23:12.789499199Z,,,01KFEV86DXXGMH25YQ8QC6JEB7,2026-01-20T23:23:12.789499199Z,01KFEVEHGJP52P6AE23TDFFDSM,2026-01-20T23:23:12.789499199Z,01KFEVEHJDP8G2W6MBE74E57HP,2026-01-20T23:23:12.789499199Z,true,2026-01-20T23:23:16.630893414Z
01KFEVGMKW9SB8BGAHF096VGEG,01KFEV2BZFDRZBG3Y0249RG1TW,2026-01-20T23:23:23.132206799Z,,,01KFEV2C0CP35QE41ZMH45J8TZ,2026-01-20T23:23:23.132206799Z,,,01KFEV7TATT805MEJDGTCA5NFM,2026-01-20T23:23:23.132206799Z,01KFEVB8G7BAMBGNZ1NTK36656,2026-01-20T23:23:23.132206799Z,01KFEVB8Q4X6ET9T5HJBPQMK4G,2026-01-20T23:23:23.132206799Z,true,2026-01-20T23:23:24.88360049Z
01KFEVM8VER3WMZZRXH9C249WW,01KFEV37CWX6SQYA0RPR0C01MW,2026-01-20T23:25:22.158908574Z,,,01KFEV37DE991T271V0BRDHRJW,2026-01-20T23:25:22.158908574Z,,,01KFEVBZC2S6960QVT8J14HPMN,2026-01-20T23:25:22.158908574Z,01KFEVGBCW7TNTPNJ175RV28X4,2026-01-20T23:25:22.158908574Z,01KFEVGBJ7K027K907MY5HM8BN,2026-01-20T23:25:22.158908574Z,true,2026-01-20T23:25:25.676207334Z
01KFEVNJH9Y5MMWD1GEBTXXN5T,01KFEV37CWX6SQYA0RPR0C01MW,2026-01-20T23:26:04.841589518Z,,,01KFEV37DE991T271V0BRDHRJW,2026-01-20T23:26:04.841589518Z,,,01KFEV8CTFEWEE7C0ZM9KMYRSE,2026-01-20T23:26:04.841589518Z,01KFEVGBDCBHSEAWFBWHYTDW7K,2026-01-20T23:26:04.841589518Z,01KFEVGBKWGQVNQVF4SFDG2B0R,2026-01-20T23:26:04.841589518Z,true,2026-01-20T23:26:07.270273139Z
01KFEVNN0WRGCYQVEV0DNGT4Z1,01KFEV37CWX6SQYA0RPR0C01MW,2026-01-20T23:26:07.388970151Z,,,01KFEV37DE991T271V0NJ5BY6K,2026-01-20T23:26:07.388970151Z,,,01KFEV7RE3Q2MQ5NN8AGQ7Y4PK,2026-01-20T23:26:07.388970151Z,01KFEVJEK4F89CSCY0X9C1AJQJ,2026-01-20T23:26:07.388970151Z,01KFEVJEPCQZ1NVDPR6WBJD5M8,2026-01-20T23:26:07.388970151Z,true,2026-01-20T23:26:43.998657508Z
01KFEW64NGSH81P568NRSEAAET,01KFEV38A01XZ4DPRPFKRE96P8,2026-01-20T23:35:07.696324253Z,true,2026-01-20T23:35:12.577865439Z,01KFEV38AHTHHCNTDGHAJN0GXG,2026-01-20T23:35:07.696324253Z,0,2026-01-20T23:35:10.672555999Z,01KFEVW5WA494MRXETJ2N5XX03,2026-01-20T23:35:07.696324253Z,01KFEW29Y7967CG3CKQRR67MXP,2026-01-20T23:35:07.696324253Z,01KFEW2A65N28PE3TWT63ZJ8X2,2026-01-20T23:35:07.696324253Z,true,2026-01-20T23:35:15.578288179Z
01KFEVJB9KZN9GZHE0ZYJG0M3J,01KFEV377XDCWB0CVW0E7ES8WB,2026-01-20T23:24:19.123727248Z,,,01KFEV378H0PY96RNMJFNCN7TE,2026-01-20T23:24:19.123727248Z,,,01KFEV86DXXGMH25YQ8QC6JEB7,2026-01-20T23:24:19.123727248Z,01KFEVEHGT727FBD9HJ47T8RQS,2026-01-20T23:24:19.123727248Z,01KFEVEHNFTY9KGRXCRJ6RTBFQ,2026-01-20T23:24:19.123727248Z,true,2026-01-20T23:24:20.22014211Z
01KFEVTFTNG642SER88CCWC3T3,01KFEV37CWX6SQYA0RPR0C01MW,2026-01-20T23:28:45.909672041Z,,,01KFEV37DE991T271V0NJ5BY6K,2026-01-20T23:28:45.909672041Z,,,01KFEV7RE3Q2MQ5NN8AGQ7Y4PK,2026-01-20T23:28:45.909672041Z,01KFEVJEJXVVFBH0FKDYNANHM0,2026-01-20T23:28:45.909672041Z,01KFEVJEVABK0ASZ3TXNT1RD7M,2026-01-20T23:28:45.909672041Z,true,2026-01-20T23:28:48.526590189Z
01KFEWY3NA5F20JVYNX8FXRKRK,01KFEV38GJVYY8P8B7QXSW6BTE,2026-01-20T23:48:13.099753104Z,,,01KFEV38H0S2Y42XZDBCZ2KPGY,2026-01-20T23:48:13.099753104Z,,,01KFEWA3ZKFQRVCEG62F0BJCT3,2026-01-20T23:48:13.099753104Z,01KFEWVM8J6QS2ST8TXJA668EN,2026-01-20T23:48:13.099753104Z,01KFEWVMRCAKAKBEHH9E167GGQ,2026-01-20T23:48:13.099753104Z,true,2026-01-20T23:48:17.763008442Z
01KFEVGPSHV9TJDEPQ6F2M1DE5,01KFEV2BZFDRZBG3Y0249RG1TW,2026-01-20T23:23:25.36111172Z,,,01KFEV2C0CP35QE41ZMH45J8TZ,2026-01-20T23:23:25.36111172Z,,,01KFEV4PQ8V0QGQVX4KK2FPFJR,2026-01-20T23:23:25.36111172Z,01KFEVB8G8DNW1YDKX93Z4PCN5,2026-01-20T23:23:25.36111172Z,01KFEVB8QTT7G7800C4VQ8DVS9,2026-01-20T23:23:25.36111172Z,true,2026-01-20T23:23:29.712169779Z
01KFEVJQ7V6WMD5S9BKR1XQ1FD,01KFEV37CWX6SQYA0RPR0C01MW,2026-01-20T23:24:31.355038461Z,,,01KFEV37DE991T271V0BRDHRJW,2026-01-20T23:24:31.355038461Z,,,01KFEV8CTFEWEE7C0ZM9KMYRSE,2026-01-20T23:24:31.355038461Z,01KFEVGBC8432HRA3509G2MMDT,2026-01-20T23:24:31.355038461Z,01KFEVGBEZBEK193Z7MD17V71D,2026-01-20T23:24:31.355038461Z,true,2026-01-20T23:24:33.542361827Z
01KFEVKY70JYMQ32ME6K55EPWN,01KFEV377XDCWB0CVW0E7ES8WB,2026-01-20T23:25:11.264260569Z,,,01KFEV378H0PY96RNMJFNCN7TE,2026-01-20T23:25:11.264260569Z,,,01KFEVA045MDV6WERMTEQ3VAYR,2026-01-20T23:25:11.264260569Z,01KFEVEHGQDBJ2RJG3S3R11MY8,2026-01-20T23:25:11.264260569Z,01KFEVEHR7S8XGXK4XJ2Q26K07,2026-01-20T23:25:11.264260569Z,true,2026-01-20T23:25:12.265077425Z
01KFEW3E12JAR9FJE9KPGCDZRG,01KFEV384BJYC62Y0E6AQK09K8,2026-01-20T23:33:38.978519576Z,,,01KFEV385166A8JYCZ9G4DMHRQ,2026-01-20T23:33:38.978519576Z,,,01KFEVY502SJ2FK1Q7WFM0PHB4,2026-01-20T23:33:38.978519576Z,01KFEW1AKGQ270E4D2RH495YX3,2026-01-20T23:33:38.978519576Z,01KFEW1AVKCCZ6P4RR394AZDRD,2026-01-20T23:33:38.978519576Z,true,2026-01-20T23:33:40.251160545Z
01KFEW4F71H93YEYFX3ZYSMDYE,01KFEV384BJYC62Y0E6AQK09K8,2026-01-20T23:34:12.961403569Z,true,2026-01-20T23:34:18.093658613Z,01KFEV385166A8JYCZ9G4DMHRQ,2026-01-20T23:34:12.961403569Z,10,2026-01-20T23:34:16.5905278Z,01KFEVWH8M80FFRA88HYSK2ZSQ,2026-01-20T23:34:12.961403569Z,01KFEW1AHWQARTJECMFRG6TRPK,2026-01-20T23:34:12.961403569Z,01KFEW1B32DN8FA4XMJZZ9GDZY,2026-01-20T23:34:12.961403569Z,true,2026-01-20T23:34:21.099459445Z
01KFEW72N2MRKN5BBG09J6DK5Q,01KFEVMN9Q125N5N16W4WNYJXF,2026-01-20T23:35:38.402773119Z,true,2026-01-20T23:35:45.455263025Z,01KFEVMNBC23RB4D79KEQ4G0VS,2026-01-20T23:35:38.402773119Z,17,2026-01-20T23:35:43.903658694Z,01KFEVXFAQE8X4YEWXW17GBY46,2026-01-20T23:35:38.402773119Z,01KFEW3VMGZD02ANKDCQP1JWVK,2026-01-20T23:35:38.402773119Z,01KFEW3W2321H8E9DNG9YY6QKT,2026-01-20T23:35:38.402773119Z,true,2026-01-20T23:35:48.458992988Z
01KFEVJ9C480JQ3X366M40TGHS,01KFEV377XDCWB0CVW0E7ES8WB,2026-01-20T23:24:17.156857136Z,,,01KFEV378H0PY96RNMJFNCN7TE,2026-01-20T23:24:17.156857136Z,,,01KFEV86DXXGMH25YQ8QC6JEB7,2026-01-20T23:24:17.156857136Z,01KFEVEHGT727FBD9HJ47T8RQS,2026-01-20T23:24:17.156857136Z,01KFEVEHNC5H30V9GJT613917V,2026-01-20T23:24:17.156857136Z,true,2026-01-20T23:24:17.985080042Z
01KFEVMBR650PW0C8Y9P88ZFGR,01KFEV37CWX6SQYA0RPR0C01MW,2026-01-20T23:25:25.126501504Z,,,01KFEV37DE991T271V0NJ5BY6K,2026-01-20T23:25:25.126501504Z,,,01KFEV7RE3Q2MQ5NN8AGQ7Y4PK,2026-01-20T23:25:25.126501504Z,01KFEVJEJYXA23FJWXTM65DZ1R,2026-01-20T23:25:25.126501504Z,01KFEVJEN099C79VHE8CJMGV26,2026-01-20T23:25:25.126501504Z,true,2026-01-20T23:25:28.395402912Z
01KFEW3AQ4MHYH1ZS2SQ176F5G,01KFEV37PBC6DGWCX0HT0QWYJR,2026-01-20T23:33:35.589025826Z,,,01KFEV37Q0WSYAYKWHM2EXN0DN,2026-01-20T23:33:35.589025826Z,,,01KFEVWXXVHBHP5S1AZQQ4JZFK,2026-01-20T23:33:35.589025826Z,01KFEW0G9R2CR00EMTWN25XPQE,2026-01-20T23:33:35.589025826Z,01KFEW0GJ4VTQ5TZ3H7AEEHQTX,2026-01-20T23:33:35.589025826Z,true,2026-01-20T23:33:39.459405208Z
01KFEW8J8QW91EQKPP7HRYANH9,01KFEV38A01XZ4DPRPFKRE96P8,2026-01-20T23:36:27.159230322Z,,,01KFEV38AHTHHCNTDGHAJN0GXG,2026-01-20T23:36:27.159230322Z,,,01KFEVW5WA494MRXETJ2N5XX03,2026-01-20T23:36:27.159230322Z,01KFEW2A0EJTQ1J903ZRJRFAD8,2026-01-20T23:36:27.159230322Z,01KFEW2AFA76NPFD83DJM4VWQB,2026-01-20T23:36:27.159230322Z,true,2026-01-20T23:36:29.277772932Z
01KFEWGVD1VSTBJH4CMZMAWN1X,01KFEVMNF44NEM58ETFST7KTWM,2026-01-20T23:40:58.657377174Z,,,01KFEVMNHFNDCGHX9QBBFN387E,2026-01-20T23:40:58.657377174Z,,,01KFEW78ZH0TY6JQ9J3GJMR3E3,2026-01-20T23:40:58.657377174Z,01KFEWEZVSPMEYM5WRNH1GH02Y,2026-01-20T23:40:58.657377174Z,01KFEWF026KFP0YGB8NFVYMTZX,2026-01-20T23:40:58.657377174Z,true,2026-01-20T23:41:02.53674248Z
01KFEWH093QDEM44Y9972CS454,01KFEVMNF44NEM58ETFST7KTWM,2026-01-20T23:41:03.651440725Z,,,01KFEVMNHFNDCGHX9QBBFN387E,2026-01-20T23:41:03.651440725Z,,,01KFEW6A5E0ZVTNJ585Y831423,2026-01-20T23:41:03.651440725Z,01KFEWEZW39PKTAP5FDZHRCHWA,2026-01-20T23:41:03.651440725Z,01KFEWF03BAMKZHQ9NYSC07FVK,2026-01-20T23:41:03.651440725Z,true,2026-01-20T23:41:06.100377802Z
01KFEVQA278XKVHF84APS6BW8D,01KFEV37PBC6DGWCX0HT0QWYJR,2026-01-20T23:27:01.703544633Z,,,01KFEV37PYV9HETXX2PSGE1RKD,2026-01-20T23:27:01.703544633Z,,,01KFEV8PSQBX7P1ARFP0SDDW57,2026-01-20T23:27:01.703544633Z,01KFEVKCNB3JWRWP2DH501FGGW,2026-01-20T23:27:01.703544633Z,01KFEVKCTHMSVDC19KEBSCHNFG,2026-01-20T23:27:01.703544633Z,true,2026-01-20T23:27:03.685210223Z
01KFEVTGJ3PS5FXNBPQCXE7WQH,01KFEVMN9Q125N5N16W4WNYJXF,2026-01-20T23:28:46.659873108Z,,,01KFEVMNB841AFDZFM4WSW4FTD,2026-01-20T23:28:46.659873108Z,,,01KFEVC3J7JCZ73BZAKH9RH61D,2026-01-20T23:28:46.659873108Z,01KFEVPNGNVYTTDG6P5ZY7AQK5,2026-01-20T23:28:46.659873108Z,01KFEVPNRC1DDPM8K9GA7VPMFH,2026-01-20T23:28:46.659873108Z,true,2026-01-20T23:28:52.396923122Z
01KFEVR34HA8QRS2RMXHA5KYWQ,01KFEVMN9Q125N5N16W4WNYJXF,2026-01-20T23:27:27.377694221Z,,,01KFEVMNB841AFDZFM4WSW4FTD,2026-01-20T23:27:27.377694221Z,,,01KFEVB2WK99SDZDFQAW6KYB9M,2026-01-20T23:27:27.377694221Z,01KFEVPNFZCX04WK3RJCDA9DSA,2026-01-20T23:27:27.377694221Z,01KFEVPNKR1H3FKWS04ENFA62F,2026-01-20T23:27:27.377694221Z,true,2026-01-20T23:27:32.89672407Z
01KFEW3GQ8ZW250TZ9X0T7XQQ9,01KFEV38GJVYY8P8B7QXSW6BTE,2026-01-20T23:33:41.736117299Z,,,01KFEV38H48T18ZRM15RETR33C,2026-01-20T23:33:41.736117299Z,,,01KFEVVPVMNR90RS0DGAX989B7,2026-01-20T23:33:41.736117299Z,01KFEW2K4DS1T10ZD4EFNDXX1X,2026-01-20T23:33:41.736117299Z,01KFEW2K90Z38CVEMEDBTXC7HT,2026-01-20T23:33:41.736117299Z,true,2026-01-20T23:33:46.215578388Z
01KFEW6J2MA07VTRKS7MWXHG5V,01KFEV38A01XZ4DPRPFKRE96P8,2026-01-20T23:35:21.428201315Z,,,01KFEV38AHTHHCNTDGHAJN0GXG,2026-01-20T23:35:21.428201315Z,,,01KFEVW9PV7SJ42VT7GTTE4SGT,2026-01-20T23:35:21.428201315Z,01KFEW29YCZ8S174VM388XCKN4,2026-01-20T23:35:21.428201315Z,01KFEW2A6Z7HD9BS3GDQ9VBP4G,2026-01-20T23:35:21.428201315Z,true,2026-01-20T23:35:25.874136765Z
01KFEW7SMD3EQV4841ZF7NNX6M,01KFEVMNF44NEM58ETFST7KTWM,2026-01-20T23:36:01.933548129Z,,,01KFEVMNH60E845G0BNN18WWCX,2026-01-20T23:36:01.933548129Z,,,01KFEVTBJ5QPGNSZPVYF1Q2TSQ,2026-01-20T23:36:01.933548129Z,01KFEW7PNRNRMQAX1ZJ3QAKXQC,2026-01-20T23:36:01.933548129Z,01KFEW7PT72VGHQ0KQMEGK23GA,2026-01-20T23:36:01.933548129Z,true,2026-01-20T23:36:16.060812432Z
01KFEW463K83JD637A4MFJGF05,01KFEV37PBC6DGWCX0HT0QWYJR,2026-01-20T23:34:03.635231324Z,true,2026-01-20T23:34:09.658340536Z,01KFEV37Q0WSYAYKWHM2EXN0DN,2026-01-20T23:34:03.635231324Z,17,2026-01-20T23:34:08.24063476Z,01KFEVWYACX0Z3X7HHHK5DSTDD,2026-01-20T23:34:03.635231324Z,01KFEW0GBS72KYHGYA38PRV8M7,2026-01-20T23:34:03.635231324Z,01KFEW0GNQ44KPXMYHYRRQV8M3,2026-01-20T23:34:03.635231324Z,true,2026-01-20T23:34:12.657736658Z
01KFEVDXG6RNKZ5BX86XC9FHR9,01KFEV2BZFDRZBG3Y0249RG1TW,2026-01-20T23:21:53.926653577Z,,,01KFEV2C0CP35QE41ZMH45J8TZ,2026-01-20T23:21:53.926653577Z,,,01KFEV7TATT805MEJDGTCA5NFM,2026-01-20T23:21:53.926653577Z,01KFEVB8FWDNBSEK2Q7T0WF7KM,2026-01-20T23:21:53.926653577Z,01KFEVB8HRFNXCE6NH0K0VF8CY,2026-01-20T23:21:53.926653577Z,true,2026-01-20T23:21:56.673071774Z
01KFEVN5JM1JYA1KZ7BSMM4VTA,01KFEV37PBC6DGWCX0HT0QWYJR,2026-01-20T23:25:51.572865725Z,,,01KFEV37PYV9HETXX2PC055NBT,2026-01-20T23:25:51.572865725Z,,,01KFEV9QWYR4DNTS4QCCENEARJ,2026-01-20T23:25:51.572865725Z,01KFEVH47RBTC8Q50RVEZJ2J6Q,2026-01-20T23:25:51.572865725Z,01KFEVH4EDQG7ZN13VB30BZSQH,2026-01-20T23:25:51.572865725Z,true,2026-01-20T23:25:53.31732723Z
01KFEVRG73WC1RK6XCV8T7MKHX,01KFEV37CWX6SQYA0RPR0C01MW,2026-01-20T23:27:40.771164324Z,,,01KFEV37DE991T271V0NJ5BY6K,2026-01-20T23:27:40.771164324Z,,,01KFEVD9ZATE7H5N364WWPAV31,2026-01-20T23:27:40.771164324Z,01KFEVJEKDM335WE8XZ2Y7WT1T,2026-01-20T23:27:40.771164324Z,01KFEVJER8F8WNKH8WFGKZW56A,2026-01-20T23:27:40.771164324Z,true,2026-01-20T23:27:49.599005639Z
01KFEVVPP7YSZ3W1JQ2R2JYXCJ,01KFEVMN9Q125N5N16W4WNYJXF,2026-01-20T23:29:25.703093366Z,,,01KFEVMNB841AFDZFM4WSW4FTD,2026-01-20T23:29:25.703093366Z,,,01KFEVC3J7JCZ73BZAKH9RH61D,2026-01-20T23:29:25.703093366Z,01KFEVPNJ4WB4QFFFKRAV84BFG,2026-01-20T23:29:25.703093366Z,01KFEVPNVS9MWCA576YBVN63FX,2026-01-20T23:29:25.703093366Z,true,2026-01-20T23:29:28.488938514Z
01KFEW2PHPNDD9M0E4AZGSE4S8,01KFEV38A01XZ4DPRPFKRE96P8,2026-01-20T23:33:14.934315643Z,true,2026-01-20T23:33:25.703363763Z,01KFEV38AHTHHCNTDGHAJN0GXG,2026-01-20T23:33:14.934315643Z,0,2026-01-20T23:33:23.612851827Z,01KFEVW5WA494MRXETJ2N5XX03,2026-01-20T23:33:14.934315643Z,01KFEW29X8W4JBYX6E342HRPZQ,2026-01-20T23:33:14.934315643Z,01KFEW2A190KDRHZR02Z6XJ5DB,2026-01-20T23:33:14.934315643Z,true,2026-01-20T23:33:28.703677212Z
01KFEW35DH72ZNQQ9WMNKYPAPW,01KFEV38A01XZ4DPRPFKRE96P8,2026-01-20T23:33:30.161390789Z,,,01KFEV38AHTHHCNTDGHAJN0GXG,2026-01-20T23:33:30.161390789Z,,,01KFEVW5WA494MRXETJ2N5XX03,2026-01-20T23:33:30.161390789Z,01KFEW29XHVV27TK4HQZQPZFPD,2026-01-20T23:33:30.161390789Z,01KFEW2A2C027P7GBJN6PE70QR,2026-01-20T23:33:30.161390789Z,true,2026-01-20T23:33:37.289189002Z
01KFEVCNR40YYN0XN8TYC3YYH8,01KFEV2BZFDRZBG3Y0249RG1TW,2026-01-20T23:21:13.220122599Z,,,01KFEV2C0CP35QE41ZMH45J8TZ,2026-01-20T23:21:13.220122599Z,,,01KFEV4PQ8V0QGQVX4KK2FPFJR,2026-01-20T23:21:13.220122599Z,01KFEVB8FPPEBGT93HPZRSG1EY,2026-01-20T23:21:13.220122599Z,01KFEVB8H7ZNRAVFT7DK6V1GBW,2026-01-20T23:21:13.220122599Z,,
01KFEVS68S3QPXH6SKRDGPY1YR,01KFEV37CWX6SQYA0RPR0C01MW,2026-01-20T23:28:03.353711421Z,true,2026-01-20T23:28:14.951152558Z,01KFEV37DAAK9E08F076WKMM6J,2026-01-20T23:28:03.353711421Z,0,2026-01-20T23:28:13.620802802Z,01KFEVH10BYAXDVW828R4A2D8P,2026-01-20T23:28:03.353711421Z,01KFEVRWQJGCGKK4BEF2VQ5XQC,2026-01-20T23:28:03.353711421Z,01KFEVRWVKRS4HJPPD5RWRY1N4,2026-01-20T23:28:03.353711421Z,true,2026-01-20T23:28:17.977288003Z
01KFEVWDA8TQJ13BS2VF85GF57,01KFEV38A01XZ4DPRPFKRE96P8,2026-01-20T23:29:48.872950652Z,,,01KFEV38AJ2CFPYBQZ58NH0V5J,2026-01-20T23:29:48.872950652Z,,,01KFEVE55BQ40NXX8QW3R5RX0T,2026-01-20T23:29:48.872950652Z,01KFEVJWSHXHZWD0VRVR4R2P45,2026-01-20T23:29:48.872950652Z,01KFEVJX21VZ7KJPQ8GN7NV2EE,2026-01-20T23:29:48.872950652Z,true,2026-01-20T23:29:51.386078651Z
01KFEWHQW9F7KDDHK4VWSHN5B1,01KFEVMN9Q125N5N16W4WNYJXF,2026-01-20T23:41:27.817354483Z,,,01KFEVMNAWK7WRWM1AMQZKX6SA,2026-01-20T23:41:27.817354483Z,,,01KFEW3YJBR4HT7BADWRSVJQV5,2026-01-20T23:41:27.817354483Z,01KFEWE8VFX5MKT559QS5XEW3G,2026-01-20T23:41:27.817354483Z,01KFEWE9954NVX5QVQ0RJXK007,2026-01-20T23:41:27.817354483Z,true,2026-01-20T23:41:30.452836988Z
01KFEWVR76QNH66AAZCQC7TE1D,01KFEV38GJVYY8P8B7QXSW6BTE,2026-01-20T23:46:55.846231029Z,,,01KFEV38H0S2Y42XZDBCZ2KPGY,2026-01-20T23:46:55.846231029Z,,,01KFEWKWT6PWJAE8C8359J4DRM,2026-01-20T23:46:55.846231029Z,01KFEWVM5D5SBJNDB59MH62QTJ,2026-01-20T23:46:55.846231029Z,01KFEWVMARTYMEQH0BQC521YXA,2026-01-20T23:46:55.846231029Z,true,2026-01-20T23:47:02.354434838Z
01KFEWYKPHBK6KAP76NN980JTS,01KFEV38GJVYY8P8B7QXSW6BTE,2026-01-20T23:48:29.522009479Z,,,01KFEV38H0S2Y42XZDBCZ2KPGY,2026-01-20T23:48:29.522009479Z,,,01KFEWKWT6PWJAE8C8359J4DRM,2026-01-20T23:48:29.522009479Z,01KFEWVM93M1BAFYGWNY053C7Q,2026-01-20T23:48:29.522009479Z,01KFEWVMVS3Y7Q8JTWHJRB6RGC,2026-01-20T23:48:29.522009479Z,true,2026-01-20T23:48:31.048567493Z
01KFEVGPSK22HE2KHZAVVX1D29,01KFEV2BZFDRZBG3Y0249RG1TW,2026-01-20T23:23:25.363079848Z,,,01KFEV2C0CP35QE41ZMH45J8TZ,2026-01-20T23:23:25.363079848Z,,,01KFEV7TATT805MEJDGTCA5NFM,2026-01-20T23:23:25.363079848Z,01KFEVB8G8DNW1YDKX93Z4PCN5,2026-01-20T23:23:25.363079848Z,01KFEVB8QTT7G7800C4VQ8DVS9,2026-01-20T23:23:25.363079848Z,true,2026-01-20T23:23:30.507261164Z
01KFEVX9805D03F0EH2D55P90Q,01KFEV37PBC6DGWCX0HT0QWYJR,2026-01-20T23:30:17.472839487Z,,,01KFEV37PV76WD06T50QFKE80T,2026-01-20T23:30:17.472839487Z,,,01KFEVH5DDXBKC32H7RGDZYG1X,2026-01-20T23:30:17.472839487Z,01KFEVS30HWX3TCPK54FFTBPR0,2026-01-20T23:30:17.472839487Z,01KFEVS3C33JQT66BQQVBYS814,2026-01-20T23:30:17.472839487Z,true,2026-01-20T23:30:19.004266741Z
01KFEW35GSDX1FR53BDRG6WRMT,01KFEV38GJVYY8P8B7QXSW6BTE,2026-01-20T23:33:30.26592212Z,true,2026-01-20T23:33:38.576546156Z,01KFEV38H48T18ZRM15RETR33C,2026-01-20T23:33:30.26592212Z,0,2026-01-20T23:33:36.469954496Z,01KFEVYB6HS3VX2GA7D4G2GPMT,2026-01-20T23:33:30.26592212Z,01KFEW2K3QVBFN32HV5ZCAC42T,2026-01-20T23:33:30.26592212Z,01KFEW2K7WGPRHS89Q1ZMNJFVV,2026-01-20T23:33:30.26592212Z,true,2026-01-20T23:33:41.582858115Z
01KFEW3X8TGA8C6CC2KQ5RMC59,01KFEVMN9Q125N5N16W4WNYJXF,2026-01-20T23:33:54.587019975Z,,,01KFEVMNBC23RB4D79KEQ4G0VS,2026-01-20T23:33:54.587019975Z,,,01KFEVXFAQE8X4YEWXW17GBY46,2026-01-20T23:33:54.587019975Z,01KFEW3VP28YF1EKPX4Q9AW06S,2026-01-20T23:33:54.587019975Z,01KFEW3VPJ4W3CPTWJ2CQZKA4T,2026-01-20T23:33:54.587019975Z,true,2026-01-20T23:33:56.553057293Z
01KFEWC71RK715T4EC8MXY8ZTV,01KFEV38A01XZ4DPRPFKRE96P8,2026-01-20T23:38:26.744373846Z,,,01KFEV38AJ2CFPYBQZ5JKK7PV4,2026-01-20T23:38:26.744373846Z,,,01KFEW2CHJQZ9TDCN78BA2VKEM,2026-01-20T23:38:26.744373846Z,01KFEW9RSFEJJVTBV3T46PNXTC,2026-01-20T23:38:26.744373846Z,01KFEW9RXKJXCSDTNS43T7MHG2,2026-01-20T23:38:26.744373846Z,true,2026-01-20T23:38:33.25032191Z
01KFEWCF50HXDTZJPVQKQZVY4G,01KFEV38GJVYY8P8B7QXSW6BTE,2026-01-20T23:38:35.040055354Z,,,01KFEV38H8T2V9428VC9T7MEBA,2026-01-20T23:38:35.040055354Z,,,01KFEW5BKPC6PA6AD6TVFX3GTH,2026-01-20T23:38:35.040055354Z,01KFEWB933XTP1JVD282ZB991C,2026-01-20T23:38:35.040055354Z,01KFEWB9A300WRN1N4KJBP9Z0Z,2026-01-20T23:38:35.040055354Z,true,2026-01-20T23:38:42.638835309Z
01KFEVEPEK71C3CP4Z8RVSZP44,01KFEV2BZFDRZBG3Y0249RG1TW,2026-01-20T23:22:19.475510144Z,,,01KFEV2C0CP35QE41ZMH45J8TZ,2026-01-20T23:22:19.475510144Z,,,01KFEV7TATT805MEJDGTCA5NFM,2026-01-20T23:22:19.475510144Z,01KFEVB8FXXCDX812QY32514FB,2026-01-20T23:22:19.475510144Z,01KFEVB8KF4KEJS9Y7SP22G2C5,2026-01-20T23:22:19.475510144Z,true,2026-01-20T23:22:21.48442398Z
01KFEVGEKHHZHG9W7N0BXRY71A,01KFEV377XDCWB0CVW0E7ES8WB,2026-01-20T23:23:16.977313767Z,,,01KFEV378PDZP87HXSESW6BA01,2026-01-20T23:23:16.977313767Z,,,01KFEV6V20FH8Q8TGZN4SVCF5R,2026-01-20T23:23:16.977313767Z,01KFEVF1PPGM18ZSKV97STAVV2,2026-01-20T23:23:16.977313767Z,01KFEVF1TGMC7R1C7BKFFNHDER,2026-01-20T23:23:16.977313767Z,true,2026-01-20T23:23:20.911324213Z
01KFEVP1V157WBNMH4AMTMB0F2,01KFEV37PBC6DGWCX0HT0QWYJR,2026-01-20T23:26:20.513576843Z,,,01KFEV37PYV9HETXX2PSGE1RKD,2026-01-20T23:26:20.513576843Z,,,01KFEVDMPGK2KG6CGRXX80WQ5A,2026-01-20T23:26:20.513576843Z,01KFEVKCN0QWK45TM5NYNV4WNH,2026-01-20T23:26:20.513576843Z,01KFEVKCS5YF45WJXBY33V1E4B,2026-01-20T23:26:20.513576843Z,true,2026-01-20T23:26:26.494814171Z
01KFEWEF985XW283PSQSQ1WM0X,01KFEV38GJVYY8P8B7QXSW6BTE,2026-01-20T23:39:40.712493871Z,,,01KFEV38H8T2V9428VC9T7MEBA,2026-01-20T23:39:40.712493871Z,,,01KFEW5BKPC6PA6AD6TVFX3GTH,2026-01-20T23:39:40.712493871Z,01KFEWB95D8TYSSW9F9S79CQD8,2026-01-20T23:39:40.712493871Z,01KFEWB9GZ8CM9P5ZMZFGVHXZ5,2026-01-20T23:39:40.712493871Z,true,2026-01-20T23:39:44.624388168Z
01KFEVHYBEHDT0ME0YN04TEWY2,01KFEV377XDCWB0CVW0E7ES8WB,2026-01-20T23:24:05.870976888Z,true,2026-01-20T23:24:15.321264294Z,01KFEV378H0PY96RNMJTMM0E4X,2026-01-20T23:24:05.870976888Z,20,2026-01-20T23:24:12.57869987Z,01KFEV8TC8AZEPV3G36SCZ12C3,2026-01-20T23:24:05.870976888Z,01KFEVFBC06RMYVW5HNEESW6V6,2026-01-20T23:24:05.870976888Z,01KFEVFBFWH0NQXBP2SVNZFF97,2026-01-20T23:24:05.870976888Z,true,2026-01-20T23:24:18.336392476Z
01KFEVNPDT6MHTZXTSEWE63EBB,01KFEV377XDCWB0CVW0E7ES8WB,2026-01-20T23:26:08.826991804Z,,,01KFEV378FNG971PBW7B2SPNC6,2026-01-20T23:26:08.826991804Z,,,01KFEV82H962BNCCRXPB524628,2026-01-20T23:26:08.826991804Z,01KFEVJNRF52FGSEND6NF55RT9,2026-01-20T23:26:08.826991804Z,01KFEVJNZ94923ZZNG1SNQK5J0,2026-01-20T23:26:08.826991804Z,true,2026-01-20T23:26:10.178938882Z
01KFEVT840800PRR0XQV19FETK,01KFEVMN9Q125N5N16W4WNYJXF,2026-01-20T23:28:38.016664289Z,,,01KFEVMNB841AFDZFM4WSW4FTD,2026-01-20T23:28:38.016664289Z,,,01KFEVB2WK99SDZDFQAW6KYB9M,2026-01-20T23:28:38.016664289Z,01KFEVPNGFQYEVQ3XPBR3QGGJZ,2026-01-20T23:28:38.016664289Z,01KFEVPNQCC3W97C9MJPF5HC88,2026-01-20T23:28:38.016664289Z,true,2026-01-20T23:28:41.765589404Z
01KFEW4CBC69HTXAZ90YA3N7MG,01KFEV384BJYC62Y0E6AQK09K8,2026-01-20T23:34:10.028194765Z,,,01KFEV385166A8JYCZ9G4DMHRQ,2026-01-20T23:34:10.028194765Z,,,01KFEVWH8M80FFRA88HYSK2ZSQ,2026-01-20T23:34:10.028194765Z,01KFEW1AJ55D8GCPXGH2ZM6TDK,2026-01-20T23:34:10.028194765Z,01KFEW1B1XH2W8AHGN0TJAQ3M9,2026-01-20T23:34:10.028194765Z,true,2026-01-20T23:34:11.266521447Z
01KFEWF4J6MTWGCCWQ782WY8ZY,01KFEV38A01XZ4DPRPFKRE96P8,2026-01-20T23:40:02.502536146Z,,,01KFEV38AJ2CFPYBQZ5JKK7PV4,2026-01-20T23:40:02.502536146Z,,,01KFEW61CSGZMFE4TZ96QA9A06,2026-01-20T23:40:02.502536146Z,01KFEW9RR0JAHGRHAG16SCZ4HQ,2026-01-20T23:40:02.502536146Z,01KFEW9S38PTN7PTSQG9YXT1YM,2026-01-20T23:40:02.502536146Z,true,2026-01-20T23:40:04.720710847Z
01KFEWM8CHWVTCMH8TQV3KES2Y,01KFEVMNF44NEM58ETFST7KTWM,2026-01-20T23:42:50.257427292Z,,,01KFEVMNHFNDCGHX9QBBFN387E,2026-01-20T23:42:50.257427292Z,,,01KFEW78ZH0TY6JQ9J3GJMR3E3,2026-01-20T23:42:50.257427292Z,01KFEWEZYB6ZVPPBFVTKXTZJ40,2026-01-20T23:42:50.257427292Z,01KFEWF0GW0NJ7QQM8HVY7Q53X,2026-01-20T23:42:50.257427292Z,true,2026-01-20T23:42:54.12365017Z
01KFEWDWJG5TEEVR4SGA2GFPV0,01KFEV384BJYC62Y0E6AQK09K8,2026-01-20T23:39:21.552626799Z,,,01KFEV384Z68A1Z7ZGWS1GDSZK,2026-01-20T23:39:21.552626799Z,,,01KFEW2C8HX8QQZV0FHE0EMNPN,2026-01-20T23:39:21.552626799Z,01KFEW9NFWQNWAP0JCE1F1PYJG,2026-01-20T23:39:21.552626799Z,01KFEW9NXXC93SKSCT3C1QKEY0,2026-01-20T23:39:21.552626799Z,true,2026-01-20T23:39:25.127671865Z
01KFEWFJEHB57EBC40TVPCBW8S,01KFEV38GJVYY8P8B7QXSW6BTE,2026-01-20T23:40:16.721936166Z,,,01KFEV38H8T2V9428VC9T7MEBA,2026-01-20T23:40:16.721936166Z,,,01KFEW5105FT4T963R9Z6AZ67Y,2026-01-20T23:40:16.721936166Z,01KFEWB96ZWWCJ2HWAMXTQ08FM,2026-01-20T23:40:16.721936166Z,01KFEWB9S64FVS70NP5DP2WZ1A,2026-01-20T23:40:16.721936166Z,true,2026-01-20T23:40:19.866556127Z
01KFEVNSHJSJV4T6ZD85TK6S6Q,01KFEV37PBC6DGWCX0HT0QWYJR,2026-01-20T23:26:12.018737213Z,,,01KFEV37PYV9HETXX2PC055NBT,2026-01-20T23:26:12.018737213Z,,,01KFEV9QWYR4DNTS4QCCENEARJ,2026-01-20T23:26:12.018737213Z,01KFEVH47YHEBY0NMN1SDFTFF1,2026-01-20T23:26:12.018737213Z,01KFEVH4FKAY2RNTNZQP7G1JG6,2026-01-20T23:26:12.018737213Z,true,2026-01-20T23:26:14.339143818Z
01KFEVNYVVNZCDSNFKPZ9Q2S0B,01KFEV38GJVYY8P8B7QXSW6BTE,2026-01-20T23:26:17.467210405Z,,,01KFEV38H72YHVC8PGTMFH64KV,2026-01-20T23:26:17.467210405Z,,,01KFEVES59D98C046XG860H43T,2026-01-20T23:26:17.467210405Z,01KFEVNK1BDDD2SH2KKV7VEWMA,2026-01-20T23:26:17.467210405Z,01KFEVNK41CXMTVHXW59W9KECF,2026-01-20T23:26:17.467210405Z,,
01KFEVPM7WKHS5159N1VGH4ZZH,01KFEV384BJYC62Y0E6AQK09K8,2026-01-20T23:26:39.356701669Z,,,01KFEV384Y33BFECW27AH8GSGD,2026-01-20T23:26:39.356701669Z,,,01KFEVF34Y0A3VWJYX9367Q9EA,2026-01-20T23:26:39.356701669Z,01KFEVHAPW1MNGRGTGSBYGR38E,2026-01-20T23:26:39.356701669Z,01KFEVHAY85N6QXCDRR42NDP0D,2026-01-20T23:26:39.356701669Z,true,2026-01-20T23:26:41.591811541Z
01KFEVTHKHGVJZ368Q76S2ST3R,01KFEV37CWX6SQYA0RPR0C01MW,2026-01-20T23:28:47.729516384Z,,,01KFEV37DAAK9E08F076WKMM6J,2026-01-20T23:28:47.729516384Z,,,01KFEVH10BYAXDVW828R4A2D8P,2026-01-20T23:28:47.729516384Z,01KFEVRWS00RN61XYMYX27BZTF,2026-01-20T23:28:47.729516384Z,01KFEVRWYWJ024CTS2NA7XBX4J,2026-01-20T23:28:47.729516384Z,true,2026-01-20T23:28:51.144274627Z
01KFEW6PXXSG751Q6A5R9068X5,01KFEV38GJVYY8P8B7QXSW6BTE,2026-01-20T23:35:26.397775223Z,,,01KFEV38H48T18ZRM15RETR33C,2026-01-20T23:35:26.397775223Z,,,01KFEVYB6HS3VX2GA7D4G2GPMT,2026-01-20T23:35:26.397775223Z,01KFEW2K50274SV4EXHZVPC5W8,2026-01-20T23:35:26.397775223Z,01KFEW2KDBBHNAXNDFGQG7FV6X,2026-01-20T23:35:26.397775223Z,true,2026-01-20T23:35:32.302745865Z
01KFEW7D26ZV99386T49CR7PJP,01KFEV38A01XZ4DPRPFKRE96P8,2026-01-20T23:35:49.062301726Z,true,2026-01-20T23:35:59.89373233Z,01KFEV38AHTHHCNTDGHAJN0GXG,2026-01-20T23:35:49.062301726Z,29,2026-01-20T23:35:57.56487008Z,01KFEVW9PV7SJ42VT7GTTE4SGT,2026-01-20T23:35:49.062301726Z,01KFEW29Z465YRECJRGWFN7MQK,2026-01-20T23:35:49.062301726Z,01KFEW2AD1CYQZDH2F0S909EVR,2026-01-20T23:35:49.062301726Z,true,2026-01-20T23:36:02.904115929Z
01KFEVEJPFNG9AB02RKXJ0G26W,01KFEV377XDCWB0CVW0E7ES8WB,2026-01-20T23:22:15.631450229Z,,,01KFEV378H0PY96RNMJFNCN7TE,2026-01-20T23:22:15.631450229Z,,,01KFEV86DXXGMH25YQ8QC6JEB7,2026-01-20T23:22:15.631450229Z,01KFEVEHG7RRFZHJA7KNPE4YW3,2026-01-20T23:22:15.631450229Z,01KFEVEHHK073D0YCMDDQW86FD,2026-01-20T23:22:15.631450229Z,true,2026-01-20T23:22:42.665413895Z
01KFEVRZ5HQ7PNG71M3ZAEWAW9,01KFEV37PBC6DGWCX0HT0QWYJR,2026-01-20T23:27:56.081292338Z,,,01KFEV37PYV9HETXX2PSGE1RKD,2026-01-20T23:27:56.081292338Z,,,01KFEV8PSQBX7P1ARFP0SDDW57,2026-01-20T23:27:56.081292338Z,01KFEVKCNNC4194XQX6PJZM5B6,2026-01-20T23:27:56.081292338Z,01KFEVKCYFY6EHN03X07HB89QG,2026-01-20T23:27:56.081292338Z,true,2026-01-20T23:28:00.927583355Z
01KFEVS7KRHR4QVCQWPVM15FH8,01KFEVMN9Q125N5N16W4WNYJXF,2026-01-20T23:28:04.729019752Z,,,01KFEVMNB841AFDZFM4WSW4FTD,2026-01-20T23:28:04.729019752Z,,,01KFEVB2WK99SDZDFQAW6KYB9M,2026-01-20T23:28:04.729019752Z,01KFEVPNFPGQ4NA785Q8C05C2N,2026-01-20T23:28:04.729019752Z,01KFEVPNMV63JHKXVKH8Q2GK4D,2026-01-20T23:28:04.729019752Z,true,2026-01-20T23:28:08.148606445Z
01KFEW2CJS739KRYSZ4Y80F8M5,01KFEV38A01XZ4DPRPFKRE96P8,2026-01-20T23:33:04.729316Z,,,01KFEV38AHTHHCNTDGHAJN0GXG,2026-01-20T23:33:04.729316Z,,,01KFEVW5WA494MRXETJ2N5XX03,2026-01-20T23:33:04.729316Z,01KFEW29X8W4JBYX6E342HRPZQ,2026-01-20T23:33:04.729316Z,01KFEW2A14A7HHQMJKK4N4V7W6,2026-01-20T23:33:04.729316Z,true,2026-01-20T23:33:13.489859735Z
01KFEWH98RRZ4QAESXHW8NXKJN,01KFEVMNF44NEM58ETFST7KTWM,2026-01-20T23:41:12.856713531Z,,,01KFEVMNHFNDCGHX9QBBFN387E,2026-01-20T23:41:12.856713531Z,,,01KFEW78ZH0TY6JQ9J3GJMR3E3,2026-01-20T23:41:12.856713531Z,01KFEWEZX1QCKQJZPSQCFEKWPP,2026-01-20T23:41:12.856713531Z,01KFEWF056QZZ7TAQ2D4Z733J2,2026-01-20T23:41:12.856713531Z,true,2026-01-20T23:41:17.384102802Z
01KFEVBJJZTP0C37N60EXKGMWY,01KFEV2BZFDRZBG3Y0249RG1TW,2026-01-20T23:20:37.215506371Z,,,01KFEV2C08ND9C9BYW8N2T146P,2026-01-20T23:20:37.215506371Z,,,01KFEV4APCG117QZ1ZVXNKCJFC,2026-01-20T23:20:37.215506371Z,01KFEV992MES5YXGH6XNCQ5224,2026-01-20T23:20:37.215506371Z,01KFEV99A8X2QW6WWZ3Y8E81EP,2026-01-20T23:20:37.215506371Z,true,2026-01-20T23:20:38.246203357Z
01KFEVJXQCHTYPXKEJ1D2BV81K,01KFEV38A01XZ4DPRPFKRE96P8,2026-01-20T23:24:37.996043904Z,,,01KFEV38AJ2CFPYBQZ58NH0V5J,2026-01-20T23:24:37.996043904Z,,,01KFEVE55BQ40NXX8QW3R5RX0T,2026-01-20T23:24:37.996043904Z,01KFEVJWS4XRB4HTW161W2F47D,2026-01-20T23:24:37.996043904Z,01KFEVJWT28X8KFZNVB869W26W,2026-01-20T23:24:37.996043904Z,true,2026-01-20T23:25:08.04525511Z
01KFEVM81HPNVADSMECFBSC1QA,01KFEV37PBC6DGWCX0HT0QWYJR,2026-01-20T23:25:21.329413663Z,true,2026-01-20T23:25:29.596517661Z,01KFEV37PYV9HETXX2PC055NBT,2026-01-20T23:25:21.329413663Z,10,2026-01-20T23:25:28.461920137Z,01KFEVBDY2YWN6DSFNFKRM8R9Z,2026-01-20T23:25:21.329413663Z,01KFEVH486ZCFEH7MFXY01HJC3,2026-01-20T23:25:21.329413663Z,01KFEVH4C740XBVBGRJXN4KTZ0,2026-01-20T23:25:21.329413663Z,true,2026-01-20T23:25:32.615699597Z
01KFEVP1NVM20ZD9TZYAM49BKQ,01KFEV377XDCWB0CVW0E7ES8WB,2026-01-20T23:26:20.347261627Z,,,01KFEV378H0PY96RNMJTMM0E4X,2026-01-20T23:26:20.347261627Z,,,01KFEV8TC8AZEPV3G36SCZ12C3,2026-01-20T23:26:20.347261627Z,01KFEVFBC64AYPBZTJES2B20FR,2026-01-20T23:26:20.347261627Z,01KFEVFBKY3RV8G25DHX970QXC,2026-01-20T23:26:20.347261627Z,true,2026-01-20T23:26:23.069021051Z
01KFEW4J31D9FXWT725D5V1QD5,01KFEV37PBC6DGWCX0HT0QWYJR,2026-01-20T23:34:15.90595711Z,,,01KFEV37Q0WSYAYKWHM2EXN0DN,2026-01-20T23:34:15.90595711Z,,,01KFEVWXXVHBHP5S1AZQQ4JZFK,2026-01-20T23:34:15.90595711Z,01KFEW0GAZ5DP9RP3YRAEEZFCY,2026-01-20T23:34:15.90595711Z,01KFEW0GQ1XJY9RX9GMGJQ9CPH,2026-01-20T23:34:15.90595711Z,true,2026-01-20T23:34:17.469070885Z
01KFEWX49AW1H0A8644W4BXDV1,01KFEV38GJVYY8P8B7QXSW6BTE,2026-01-20T23:47:40.970503863Z,,,01KFEV38H0S2Y42XZDBCZ2KPGY,2026-01-20T23:47:40.970503863Z,,,01KFEWA3ZKFQRVCEG62F0BJCT3,2026-01-20T23:47:40.970503863Z,01KFEWVM7CQ9H0PTQTY7SKFW6P,2026-01-20T23:47:40.970503863Z,01KFEWVMHZRVP8A8WTFF7R8X3Z,2026-01-20T23:47:40.970503863Z,true,2026-01-20T23:47:42.406677675Z
01KFEVH001XMQRQCEK66583TF2,01KFEV2BZFDRZBG3Y0249RG1TW,2026-01-20T23:23:34.78553345Z,,,01KFEV2C0CP35QE41ZMH45J8TZ,2026-01-20T23:23:34.78553345Z,,,01KFEV7TATT805MEJDGTCA5NFM,2026-01-20T23:23:34.78553345Z,01KFEVB8G9DDYT4Z9WGS4751MR,2026-01-20T23:23:34.78553345Z,01KFEVB8RN38R1JX4F4RYXS6TZ,2026-01-20T23:23:34.78553345Z,true,2026-01-20T23:23:36.692814312Z
01KFEVHA3X9SPZH987QKZH6S3G,01KFEV377XDCWB0CVW0E7ES8WB,2026-01-20T23:23:45.149240832Z,,,01KFEV378H0PY96RNMJTMM0E4X,2026-01-20T23:23:45.149240832Z,,,01KFEV8TC8AZEPV3G36SCZ12C3,2026-01-20T23:23:45.149240832Z,01KFEVFBC119EVVS3DCZ8BFX5M,2026-01-20T23:23:45.149240832Z,01KFEVFBF9FBTB65CVYGCPPMCT,2026-01-20T23:23:45.149240832Z,true,2026-01-20T23:23:53.93964016Z
01KFEVMK9JZQHGQVP6BEKE5MYV,01KFEV37CWX6SQYA0RPR0C01MW,2026-01-20T23:25:32.850812197Z,,,01KFEV37DE991T271V0BRDHRJW,2026-01-20T23:25:32.850812197Z,,,01KFEVBZC2S6960QVT8J14HPMN,2026-01-20T23:25:32.850812197Z,01KFEVGBD8T8SFCQH95NHF15WG,2026-01-20T23:25:32.850812197Z,01KFEVGBJRHHTNQJREANE206JZ,2026-01-20T23:25:32.850812197Z,true,2026-01-20T23:25:36.778042446Z
01KFEVTTGZ54W5MAFE8TPN452G,01KFEV37CWX6SQYA0RPR0C01MW,2026-01-20T23:28:56.863969985Z,true,2026-01-20T23:29:02.294959217Z,01KFEV37DE991T271V0NJ5BY6K,2026-01-20T23:28:56.863969985Z,10,2026-01-20T23:29:00.757615418Z,01KFEV7RE3Q2MQ5NN8AGQ7Y4PK,2026-01-20T23:28:56.863969985Z,01KFEVJEKRTPZ9GBG5E2CFW5VH,2026-01-20T23:28:56.863969985Z,01KFEVJEW1JX5XMSMKG0RQ6T8P,2026-01-20T23:28:56.863969985Z,true,2026-01-20T23:29:05.309444844Z
01KFEWJNZXFGZJK2G3CZACVD11,01KFEVMNF44NEM58ETFST7KTWM,2026-01-20T23:41:58.653675147Z,,,01KFEVMNHFNDCGHX9QBBFN387E,2026-01-20T23:41:58.653675147Z,,,01KFEW6A5E0ZVTNJ585Y831423,2026-01-20T23:41:58.653675147Z,01KFEWEZZBBNA6YGF5KBEE6WA6,2026-01-20T23:41:58.653675147Z,01KFEWF0CECH8W1DV3D79VJA8W,2026-01-20T23:41:58.653675147Z,true,2026-01-20T23:42:00.717443242Z
01KFEWMFDN589GBG84Z4WWESAB,01KFEVMNF44NEM58ETFST7KTWM,2026-01-20T23:42:57.461781776Z,,,01KFEVMNHFNDCGHX9QBBFN387E,2026-01-20T23:42:57.461781776Z,,,01KFEW78ZH0TY6JQ9J3GJMR3E3,2026-01-20T23:42:57.461781776Z,01KFEWEZY0CVS9EZRWS47HB4GC,2026-01-20T23:42:57.461781776Z,01KFEWF0J91E0CGWP8BM9KXJ7Q,2026-01-20T23:42:57.461781776Z,true,2026-01-20T23:43:00.872595384Z
01KFEVM2QTQ9NGZ36BVZW5S1AR,01KFEV377XDCWB0CVW0E7ES8WB,2026-01-20T23:25:15.898390516Z,,,01KFEV378H0PY96RNMJTMM0E4X,2026-01-20T23:25:15.898390516Z,,,01KFEV8TC8AZEPV3G36SCZ12C3,2026-01-20T23:25:15.898390516Z,01KFEVFBC54D00BJN5ANQ39TQ9,2026-01-20T23:25:15.898390516Z,01KFEVFBHYVF1KDWZVYA4SH8EE,2026-01-20T23:25:15.898390516Z,true,2026-01-20T23:25:21.843821316Z
01KFEVM42W5A9GE582V2RJ0YES,01KFEV37PBC6DGWCX0HT0QWYJR,2026-01-20T23:25:17.276665883Z,,,01KFEV37PYV9HETXX2PC055NBT,2026-01-20T23:25:17.276665883Z,,,01KFEV9QWYR4DNTS4QCCENEARJ,2026-01-20T23:25:17.276665883Z,01KFEVH486ZCFEH7MFXY01HJC3,2026-01-20T23:25:17.276665883Z,01KFEVH4C6QMQBGT9G7R31HS2N,2026-01-20T23:25:17.276665883Z,true,2026-01-20T23:25:19.116041232Z
01KFEW6WRK3Q52CEKCVPW7SFJQ,01KFEV38GJVYY8P8B7QXSW6BTE,2026-01-20T23:35:32.371316704Z,,,01KFEV38H48T18ZRM15RETR33C,2026-01-20T23:35:32.371316704Z,,,01KFEVYB6HS3VX2GA7D4G2GPMT,2026-01-20T23:35:32.371316704Z,01KFEW2K50274SV4EXHZVPC5W8,2026-01-20T23:35:32.371316704Z,01KFEW2KDHGW1VHKYGRVP02XRT,2026-01-20T23:35:32.371316704Z,true,2026-01-20T23:35:34.200731352Z
01KFEWE6PF55YDZE77QY9M6M89,01KFEV38GJVYY8P8B7QXSW6BTE,2026-01-20T23:39:31.91958936Z,,,01KFEV38H8T2V9428VC9T7MEBA,2026-01-20T23:39:31.91958936Z,,,01KFEW5105FT4T963R9Z6AZ67Y,2026-01-20T23:39:31.91958936Z,01KFEWB954NE20KXS9TVTM9QWN,2026-01-20T23:39:31.91958936Z,01KFEWB9FJHJFW550QPKMNX84J,2026-01-20T23:39:31.91958936Z,true,2026-01-20T23:39:33.939691036Z
01KFEVKRXBM7X9AXKA6F60V3G9,01KFEV37PBC6DGWCX0HT0QWYJR,2026-01-20T23:25:05.835790299Z,,,01KFEV37PYV9HETXX2PC055NBT,2026-01-20T23:25:05.835790299Z,,,01KFEVBDY2YWN6DSFNFKRM8R9Z,2026-01-20T23:25:05.835790299Z,01KFEVH485B8R4J0M6DWQE7BKW,2026-01-20T23:25:05.835790299Z,01KFEVH4BATJB4WVYSWQ2THYHJ,2026-01-20T23:25:05.835790299Z,true,2026-01-20T23:25:09.409616887Z
01KFEVM0WAK97TC41RN8V0ED4M,01KFEV384BJYC62Y0E6AQK09K8,2026-01-20T23:25:13.99434287Z,,,01KFEV384Y33BFECW27AH8GSGD,2026-01-20T23:25:13.99434287Z,,,01KFEVF34Y0A3VWJYX9367Q9EA,2026-01-20T23:25:13.99434287Z,01KFEVHAPJCMYFRQP2F7WT72WK,2026-01-20T23:25:13.99434287Z,01KFEVHAVQE1R4YNC069H9QSBW,2026-01-20T23:25:13.99434287Z,true,2026-01-20T23:25:15.530515253Z
01KFEVN81MT3NJ5JMJK2P8V2KD,01KFEV37PBC6DGWCX0HT0QWYJR,2026-01-20T23:25:54.100565256Z,,,01KFEV37PYV9HETXX2PC055NBT,2026-01-20T23:25:54.100565256Z,,,01KFEV9QWYR4DNTS4QCCENEARJ,2026-01-20T23:25:54.100565256Z,01KFEVH47RBTC8Q50RVEZJ2J6Q,2026-01-20T23:25:54.100565256Z,01KFEVH4EFN91TWRG7FZX10TPN,2026-01-20T23:25:54.100565256Z,true,2026-01-20T23:25:56.279067198Z
01KFEWG6X55VAWM60AHCMWBDC7,01KFEV38A01XZ4DPRPFKRE96P8,2026-01-20T23:40:37.669438094Z,,,01KFEV38AJ2CFPYBQZ5JKK7PV4,2026-01-20T23:40:37.669438094Z,,,01KFEW61CSGZMFE4TZ96QA9A06,2026-01-20T23:40:37.669438094Z,01KFEW9RQ327JZV3KPAF5ZD6ZC,2026-01-20T23:40:37.669438094Z,01KFEW9S87B94BVRRM6GB197X2,2026-01-20T23:40:37.669438094Z,true,2026-01-20T23:40:39.216632682Z
01KFEVRG785F10ER8ADB78A6TB,01KFEV37CWX6SQYA0RPR0C01MW,2026-01-20T23:27:40.776373676Z,,,01KFEV37DE991T271V0NJ5BY6K,2026-01-20T23:27:40.776373676Z,,,01KFEV7RE3Q2MQ5NN8AGQ7Y4PK,2026-01-20T23:27:40.776373676Z,01KFEVJEKDM335WE8XZ2Y7WT1T,2026-01-20T23:27:40.776373676Z,01KFEVJER8F8WNKH8WFGKZW56A,2026-01-20T23:27:40.776373676Z,true,2026-01-20T23:27:43.119274323Z
01KFEWWZFEWZEFTX8GS1WG66TQ,01KFEV38GJVYY8P8B7QXSW6BTE,2026-01-20T23:47:36.04661403Z,,,01KFEV38H0S2Y42XZDBCZ2KPGY,2026-01-20T23:47:36.04661403Z,,,01KFEWA3ZKFQRVCEG62F0BJCT3,2026-01-20T23:47:36.04661403Z,01KFEWVM718JKJE90A057VRNN9,2026-01-20T23:47:36.04661403Z,01KFEWVMGBT1QFKXCQ02JEFHMR,2026-01-20T23:47:36.04661403Z,true,2026-01-20T23:47:40.772704174Z
01KFEWE2YAR1MG1JKAAE5DHWNK,01KFEV384BJYC62Y0E6AQK09K8,2026-01-20T23:39:28.074675437Z,,,01KFEV384Z68A1Z7ZGWS1GDSZK,2026-01-20T23:39:28.074675437Z,,,01KFEW2C8HX8QQZV0FHE0EMNPN,2026-01-20T23:39:28.074675437Z,01KFEW9NG7HFK52KPRET7F9NBD,2026-01-20T23:39:28.074675437Z,01KFEW9NZEEK05N0BXF0TSS5F9,2026-01-20T23:39:28.074675437Z,,
01KFEWHNE2Q3AY40R1BJNNZP3P,01KFEVMN9Q125N5N16W4WNYJXF,2026-01-20T23:41:25.31438893Z,,,01KFEVMNAWK7WRWM1AMQZKX6SA,2026-01-20T23:41:25.31438893Z,,,01KFEW3YJBR4HT7BADWRSVJQV5,2026-01-20T23:41:25.31438893Z,01KFEWE8V42B6QNHZQ0TH5CPD7,2026-01-20T23:41:25.31438893Z,01KFEWE97RKCJTK78Y2GPBGCMQ,2026-01-20T23:41:25.31438893Z,true,2026-01-20T23:41:26.18944735Z
01KFEVBQ4E668GJXEF9SQRQW38,01KFEV2BZFDRZBG3Y0249RG1TW,2026-01-20T23:20:41.870787395Z,,,01KFEV2C08ND9C9BYW8N2T146P,2026-01-20T23:20:41.870787395Z,,,01KFEV4APCG117QZ1ZVXNKCJFC,2026-01-20T23:20:41.870787395Z,01KFEV992NF1BFY2J08HK8D9F8,2026-01-20T23:20:41.870787395Z,01KFEV99B5MNF28TGCZTKX1XSG,2026-01-20T23:20:41.870787395Z,true,2026-01-20T23:20:43.127499081Z
01KFEVHBVZG6SPMVTGDDGFCJJ7,01KFEV377XDCWB0CVW0E7ES8WB,2026-01-20T23:23:46.943881489Z,,,01KFEV378H0PY96RNMJFNCN7TE,2026-01-20T23:23:46.943881489Z,,,01KFEVA045MDV6WERMTEQ3VAYR,2026-01-20T23:23:46.943881489Z,01KFEVEHGBCMP7V8TCE6N6N4MW,2026-01-20T23:23:46.943881489Z,01KFEVEHKJTPR435GVXZTGXAHT,2026-01-20T23:23:46.943881489Z,true,2026-01-20T23:23:52.948635718Z
01KFEVMN7C1CC61SFSH5S7BX4P,01KFEV37PBC6DGWCX0HT0QWYJR,2026-01-20T23:25:34.828072032Z,,,01KFEV37PYV9HETXX2PC055NBT,2026-01-20T23:25:34.828072032Z,,,01KFEV9QWYR4DNTS4QCCENEARJ,2026-01-20T23:25:34.828072032Z,01KFEVH488H19CAYEAMXF8JTYZ,2026-01-20T23:25:34.828072032Z,01KFEVH4CXNE1SQBDHS5AB7SPT,2026-01-20T23:25:34.828072032Z,true,2026-01-20T23:25:37.212492069Z
01KFEVXHV9841XJYXNSQ38WZZ6,01KFEV37CWX6SQYA0RPR0C01MW,2026-01-20T23:30:26.281069298Z,,,01KFEV37DAAK9E08F076WKMM6J,2026-01-20T23:30:26.281069298Z,,,01KFEVGWWQWT7BAZNJDAAA325H,2026-01-20T23:30:26.281069298Z,01KFEVRWQYDTTG3TBRZX6QCZTF,2026-01-20T23:30:26.281069298Z,01KFEVRX4W9TM75DPH6DXSYZ7B,2026-01-20T23:30:26.281069298Z,true,2026-01-20T23:30:32.112481711Z
01KFEW41AJBFT1MNWB4Y470YT9,01KFEV37PBC6DGWCX0HT0QWYJR,2026-01-20T23:33:58.73819649Z,,,01KFEV37Q0WSYAYKWHM2EXN0DN,2026-01-20T23:33:58.73819649Z,,,01KFEVWYACX0Z3X7HHHK5DSTDD,2026-01-20T23:33:58.73819649Z,01KFEW0GBS72KYHGYA38PRV8M7,2026-01-20T23:33:58.73819649Z,01KFEW0GNGBY20V8EGCCNSPPJ5,2026-01-20T23:33:58.73819649Z,true,2026-01-20T23:34:01.540222642Z
01KFEW6VVK6BXBVK3PC5BFFBC0,01KFEV38A01XZ4DPRPFKRE96P8,2026-01-20T23:35:31.443312393Z,,,01KFEV38AHTHHCNTDGHAJN0GXG,2026-01-20T23:35:31.443312393Z,,,01KFEVW9PV7SJ42VT7GTTE4SGT,2026-01-20T23:35:31.443312393Z,01KFEW29YK600XP5H2XZZBAHW4,2026-01-20T23:35:31.443312393Z,01KFEW2A82CG52ZAAMRPQ6RNRM,2026-01-20T23:35:31.443312393Z,true,2026-01-20T23:35:33.892482026Z
01KFEVJBM4K3X2214GTDE09W31,01KFEV377XDCWB0CVW0E7ES8WB,2026-01-20T23:24:19.460036445Z,,,01KFEV378H0PY96RNMJTMM0E4X,2026-01-20T23:24:19.460036445Z,,,01KFEV8TC8AZEPV3G36SCZ12C3,2026-01-20T23:24:19.460036445Z,01KFEVFBC7KD30QSSEZXA6VZYZ,2026-01-20T23:24:19.460036445Z,01KFEVFBGD8S89T1S2A95TDDTW,2026-01-20T23:24:19.460036445Z,true,2026-01-20T23:24:31.766624925Z
01KFEVN3SEEYYMC1HDZ17ATDYH,01KFEV377XDCWB0CVW0E7ES8WB,2026-01-20T23:25:49.74217125Z,,,01KFEV378FNG971PBW7B2SPNC6,2026-01-20T23:25:49.74217125Z,,,01KFEVCRBGBMN5MZZVZA8FPX1Z,2026-01-20T23:25:49.74217125Z,01KFEVJNRQBQFNH0BYKPE46VCR,2026-01-20T23:25:49.74217125Z,01KFEVJNX90YD2E7W7R2800S46,2026-01-20T23:25:49.74217125Z,true,2026-01-20T23:25:51.158047961Z
01KFEV9A233KM5WCWYHK64NSBF,01KFEV2BZFDRZBG3Y0249RG1TW,2026-01-20T23:19:22.947481146Z,,,01KFEV2C08ND9C9BYW8N2T146P,2026-01-20T23:19:22.947481146Z,,,01KFEV4APCG117QZ1ZVXNKCJFC,2026-01-20T23:19:22.947481146Z,01KFEV9921HAKCJZWRN603XZDD,2026-01-20T23:19:22.947481146Z,01KFEV993QHWEYQB55QWK2JTP9,2026-01-20T23:19:22.947481146Z,true,2026-01-20T23:19:25.715025418Z
01KFEVDR6F79JT7ZC3YK0R6PW5,01KFEV2BZFDRZBG3Y0249RG1TW,2026-01-20T23:21:48.49565331Z,,,01KFEV2C0EQZAQP8AFWFARX9S3,2026-01-20T23:21:48.49565331Z,,,01KFEV6PVNKNKPXT116BVCM3W4,2026-01-20T23:21:48.49565331Z,01KFEVCJJSB7MDB0BVYJ0B76P2,2026-01-20T23:21:48.49565331Z,01KFEVCJMA1HAZBYQCHYVVA78F,2026-01-20T23:21:48.49565331Z,true,2026-01-20T23:21:53.789078044Z
01KFEVM2Y70SCMEWZGVV6V9QMQ,01KFEV377XDCWB0CVW0E7ES8WB,2026-01-20T23:25:16.103813347Z,,,01KFEV378H0PY96RNMJFNCN7TE,2026-01-20T23:25:16.103813347Z,,,01KFEV86DXXGMH25YQ8QC6JEB7,2026-01-20T23:25:16.103813347Z,01KFEVEHGNZ7VVTDD9TTSV20M2,2026-01-20T23:25:16.103813347Z,01KFEVEHSFT19BXYBW1T5DM3Z2,2026-01-20T23:25:16.103813347Z,true,2026-01-20T23:25:17.051988112Z
01KFEVPQNF89Y50PRVC0KGKQ5A,01KFEVMN9Q125N5N16W4WNYJXF,2026-01-20T23:26:42.863661842Z,,,01KFEVMNB841AFDZFM4WSW4FTD,2026-01-20T23:26:42.863661842Z,,,01KFEVC3J7JCZ73BZAKH9RH61D,2026-01-20T23:26:42.863661842Z,01KFEVPNF9X8183T19PW5K9TEJ,2026-01-20T23:26:42.863661842Z,01KFEVPNJV8Y998VRKJQSK3F27,2026-01-20T23:26:42.863661842Z,true,2026-01-20T23:26:55.826071461Z
01KFEVS5C1RPEZ6H2CJPEPTKCA,01KFEV37CWX6SQYA0RPR0C01MW,2026-01-20T23:28:02.433976209Z,,,01KFEV37DE991T271V0NJ5BY6K,2026-01-20T23:28:02.433976209Z,,,01KFEV7RE3Q2MQ5NN8AGQ7Y4PK,2026-01-20T23:28:02.433976209Z,01KFEVJEKNZ510AYKA5A7669HW,2026-01-20T23:28:02.433976209Z,01KFEVJESCKPNZBNE5RKM5DVA0,2026-01-20T23:28:02.433976209Z,true,2026-01-20T23:28:04.874922938Z
01KFEW3BZDSM5XCHHBS0XFR5PE,01KFEV384BJYC62Y0E6AQK09K8,2026-01-20T23:33:36.877773376Z,,,01KFEV385166A8JYCZ9G4DMHRQ,2026-01-20T23:33:36.877773376Z,,,01KFEVY502SJ2FK1Q7WFM0PHB4,2026-01-20T23:33:36.877773376Z,01KFEW1AKQX1Q335E33JXH77RT,2026-01-20T23:33:36.877773376Z,01KFEW1ATC2NBZK30CBYXV5C1H,2026-01-20T23:33:36.877773376Z,true,2026-01-20T23:33:38.683966521Z
01KFEVK2350MKTV8Z52W21YN58,01KFEV37CWX6SQYA0RPR0C01MW,2026-01-20T23:24:42.469202515Z,,,01KFEV37DE991T271V0BRDHRJW,2026-01-20T23:24:42.469202515Z,,,01KFEVBZC2S6960QVT8J14HPMN,2026-01-20T23:24:42.469202515Z,01KFEVGBCR1VRA302JV9XDWJYD,2026-01-20T23:24:42.469202515Z,01KFEVGBGEH3AD8NPA8T5EHBQ1,2026-01-20T23:24:42.469202515Z,true,2026-01-20T23:24:45.460568887Z
01KFEVNN8575S1F5G1XZ3MH5QW,01KFEV37CWX6SQYA0RPR0C01MW,2026-01-20T23:26:07.621925788Z,,,01KFEV37DE991T271V0BRDHRJW,2026-01-20T23:26:07.621925788Z,,,01KFEVBZC2S6960QVT8J14HPMN,2026-01-20T23:26:07.621925788Z,01KFEVGBDEFGKQZTMK8HZ24A1T,2026-01-20T23:26:07.621925788Z,01KFEVGBMAY00PHC6GRRMY95RZ,2026-01-20T23:26:07.621925788Z,true,2026-01-20T23:26:11.532060952Z
01KFEVPAV30SYXRA8GNT3987Y8,01KFEV37PBC6DGWCX0HT0QWYJR,2026-01-20T23:26:29.732003789Z,true,2026-01-20T23:26:37.136030318Z,01KFEV37PYV9HETXX2PC055NBT,2026-01-20T23:26:29.732003789Z,29,2026-01-20T23:26:35.373461417Z,01KFEV9QWYR4DNTS4QCCENEARJ,2026-01-20T23:26:29.732003789Z,01KFEVH48PJZWE6P0HTZWV1EYQ,2026-01-20T23:26:29.732003789Z,01KFEVH4HKTYC0MVRWZ827AKQ7,2026-01-20T23:26:29.732003789Z,true,2026-01-20T23:26:40.138458654Z
01KFEVTJWGM7A31JGJBVSW5PFW,01KFEV37PBC6DGWCX0HT0QWYJR,2026-01-20T23:28:49.040590737Z,,,01KFEV37PV76WD06T50QFKE80T,2026-01-20T23:28:49.040590737Z,,,01KFEVH5DDXBKC32H7RGDZYG1X,2026-01-20T23:28:49.040590737Z,01KFEVS2ZJ94QWAPA619X1ZPB5,2026-01-20T23:28:49.040590737Z,01KFEVS32TPCKY3QJTQBXFPB34,2026-01-20T23:28:49.040590737Z,true,2026-01-20T23:28:52.333295182Z
01KFEW5T98EGGYXTBW4N2PVQ3G,01KFEV38GJVYY8P8B7QXSW6BTE,2026-01-20T23:34:57.064936303Z,false,2026-01-20T23:35:23.229527787Z,01KFEV38H48T18ZRM15RETR33C,2026-01-20T23:34:57.064936303Z,28,2026-01-20T23:35:22.31710457Z,01KFEVYB6HS3VX2GA7D4G2GPMT,2026-01-20T23:34:57.064936303Z,01KFEW2K56P3AGBJZAEKF6M147,2026-01-20T23:34:57.064936303Z,01KFEW2KCDHCHW3JMS8JTGSP60,2026-01-20T23:34:57.064936303Z,true,2026-01-20T23:35:26.236823435Z
01KFEW82JYVCJDM7M0JT796RKJ,01KFEV38GJVYY8P8B7QXSW6BTE,2026-01-20T23:36:11.102367829Z,,,01KFEV38H48T18ZRM15RETR33C,2026-01-20T23:36:11.102367829Z,,,01KFEVYB6HS3VX2GA7D4G2GPMT,2026-01-20T23:36:11.102367829Z,01KFEW2K5YK8ZH9TZ42EQVRP4J,2026-01-20T23:36:11.102367829Z,01KFEW2KM6RAEAR8KRV25SM8EK,2026-01-20T23:36:11.102367829Z,true,2026-01-20T23:36:12.114763543Z
01KFEWFA9VZYG7QZ3CY5W7YFVE,01KFEV38GJVYY8P8B7QXSW6BTE,2026-01-20T23:40:08.379684955Z,,,01KFEV38H8T2V9428VC9T7MEBA,2026-01-20T23:40:08.379684955Z,,,01KFEW5105FT4T963R9Z6AZ67Y,2026-01-20T23:40:08.379684955Z,01KFEWB96KRX4ZB7T2765CQSN7,2026-01-20T23:40:08.379684955Z,01KFEWB9PXQKCH575PCSJNJ4Q5,2026-01-20T23:40:08.379684955Z,true,2026-01-20T23:40:11.219040555Z
01KFEVB74HWJCGCTV2ZA7JH2Z2,01KFEV2BZFDRZBG3Y0249RG1TW,2026-01-20T23:20:25.489548158Z,true,2026-01-20T23:20:29.525068594Z,01KFEV2C08ND9C9BYW8N2T146P,2026-01-20T23:20:25.489548158Z,20,2026-01-20T23:20:27.752905759Z,01KFEV46YBCF5X09FCFJF4VDEY,2026-01-20T23:20:25.489548158Z,01KFEV992F8HQ1GF4QAH0Z0678,2026-01-20T23:20:25.489548158Z,01KFEV9995G24SN1G4HZCFS4XK,2026-01-20T23:20:25.489548158Z,true,2026-01-20T23:20:32.541477979Z
01KFEVF2WW5C4XZFXB3544MCNR,01KFEV377XDCWB0CVW0E7ES8WB,2026-01-20T23:22:32.22069393Z,,,01KFEV378PDZP87HXSESW6BA01,2026-01-20T23:22:32.22069393Z,,,01KFEV6V20FH8Q8TGZN4SVCF5R,2026-01-20T23:22:32.22069393Z,01KFEVF1PKXY17EAHC5V0EMKN7,2026-01-20T23:22:32.22069393Z,01KFEVF1RFJZTZD0HH7F49462M,2026-01-20T23:22:32.22069393Z,true,2026-01-20T23:22:36.884843894Z
01KFEVGJ90VC0FS8AYFAGR2RHH,01KFEV2BZFDRZBG3Y0249RG1TW,2026-01-20T23:23:20.736283801Z,,,01KFEV2C0CP35QE41ZMH45J8TZ,2026-01-20T23:23:20.736283801Z,,,01KFEV7TATT805MEJDGTCA5NFM,2026-01-20T23:23:20.736283801Z,01KFEVB8G7BAMBGNZ1NTK36656,2026-01-20T23:23:20.736283801Z,01KFEVB8Q4X6ET9T5HHK3MQDHV,2026-01-20T23:23:20.736283801Z,true,2026-01-20T23:23:22.444369613Z
01KFEVK0RTF8PFCWSR5CWTDNPM,01KFEV377XDCWB0CVW0E7ES8WB,2026-01-20T23:24:41.114576142Z,,,01KFEV378H0PY96RNMJTMM0E4X,2026-01-20T23:24:41.114576142Z,,,01KFEV8TC8AZEPV3G36SCZ12C3,2026-01-20T23:24:41.114576142Z,01KFEVFBC3KKXJSC7MKW9KR59A,2026-01-20T23:24:41.114576142Z,01KFEVFBH03ZAQZQH9CZ0080HR,2026-01-20T23:24:41.114576142Z,true,2026-01-20T23:24:50.236318194Z
01KFEVM5PJGKZ0N0XX3J2VW3WC,01KFEV37CWX6SQYA0RPR0C01MW,2026-01-20T23:25:18.930756147Z,,,01KFEV37DE991T271V0BRDHRJW,2026-01-20T23:25:18.930756147Z,,,01KFEVBZC2S6960QVT8J14HPMN,2026-01-20T23:25:18.930756147Z,01KFEVGBCTGC7HJ089TPZS8PH5,2026-01-20T23:25:18.930756147Z,01KFEVGBGZ69536KQW44B7H6W3,2026-01-20T23:25:18.930756147Z,true,2026-01-20T23:25:21.387342051Z
01KFEVV8ZRZYK9BJNS11GM2F3F,01KFEVMN9Q125N5N16W4WNYJXF,2026-01-20T23:29:11.672430246Z,true,2026-01-20T23:29:19.159232002Z,01KFEVMNB841AFDZFM4WSW4FTD,2026-01-20T23:29:11.672430246Z,29,2026-01-20T23:29:17.971670983Z,01KFEVB2WK99SDZDFQAW6KYB9M,2026-01-20T23:29:11.672430246Z,01KFEVPNH13GY2X6WR8TVJ5EYS,2026-01-20T23:29:11.672430246Z,01KFEVPNTQ2PC487PG1NNPN50B,2026-01-20T23:29:11.672430246Z,true,2026-01-20T23:29:22.168690081Z
01KFEVGWQEW0K7EMQB2NYF2CNV,01KFEV377XDCWB0CVW0E7ES8WB,2026-01-20T23:23:31.438610746Z,,,01KFEV378H0PY96RNMJFNCN7TE,2026-01-20T23:23:31.438610746Z,,,01KFEV86DXXGMH25YQ8QC6JEB7,2026-01-20T23:23:31.438610746Z,01KFEVEHGJP52P6AE23TDFFDSM,2026-01-20T23:23:31.438610746Z,01KFEVEHJFPC4G0JJ33FHCGSZG,2026-01-20T23:23:31.438610746Z,true,2026-01-20T23:23:35.21559053Z
01KFEW2PHXAXGS9M5HE5TE98FP,01KFEV38A01XZ4DPRPFKRE96P8,2026-01-20T23:33:14.941065867Z,true,2026-01-20T23:33:26.977612621Z,01KFEV38AHTHHCNTDGHAJN0GXG,2026-01-20T23:33:14.941065867Z,0,2026-01-20T23:33:25.522463863Z,01KFEVW9PV7SJ42VT7GTTE4SGT,2026-01-20T23:33:14.941065867Z,01KFEW29X8W4JBYX6E342HRPZQ,2026-01-20T23:33:14.941065867Z,01KFEW2A190KDRHZR02Z6XJ5DB,2026-01-20T23:33:14.941065867Z,true,2026-01-20T23:33:29.996526101Z
01KFEWF5N3D52ESMEX7AC4WEG7,01KFEV38GJVYY8P8B7QXSW6BTE,2026-01-20T23:40:03.619882745Z,,,01KFEV38H8T2V9428VC9T7MEBA,2026-01-20T23:40:03.619882745Z,,,01KFEW5BKPC6PA6AD6TVFX3GTH,2026-01-20T23:40:03.619882745Z,01KFEWB967BF5HCPTFD5ASW09Z,2026-01-20T23:40:03.619882745Z,01KFEWB9NAKZRXDTDD0DAHQC9G,2026-01-20T23:40:03.619882745Z,true,2026-01-20T23:40:04.502734994Z
01KFEWH1CP5TD7M1PH3NKTHCWE,01KFEVMN9Q125N5N16W4WNYJXF,2026-01-20T23:41:04.791113211Z,,,01KFEVMNAWK7WRWM1AMQZKX6SA,2026-01-20T23:41:04.791113211Z,,,01KFEW3YJBR4HT7BADWRSVJQV5,2026-01-20T23:41:04.791113211Z,01KFEWE8TE0NG0P1M4CW86GTJZ,2026-01-20T23:41:04.791113211Z,01KFEWE93EMVRK4YQ7QADJGB94,2026-01-20T23:41:04.791113211Z,true,2026-01-20T23:41:06.053787925Z
01KFEWJ9HTKS2ZNKY3987JMNZQ,01KFEVMN9Q125N5N16W4WNYJXF,2026-01-20T23:41:45.914429648Z,,,01KFEVMNAWK7WRWM1AMQZKX6SA,2026-01-20T23:41:45.914429648Z,,,01KFEW4NGJQK3SC6VDT657XA1V,2026-01-20T23:41:45.914429648Z,01KFEWE8WG5JEY2NYGNN25MKRQ,2026-01-20T23:41:45.914429648Z,01KFEWE9DS7G16JE2NV6JKJSQA,2026-01-20T23:41:45.914429648Z,true,2026-01-20T23:41:47.07039322Z
01KFEVJTCXZP78E2E0HQJWHY5Y,01KFEV377XDCWB0CVW0E7ES8WB,2026-01-20T23:24:34.589276337Z,,,01KFEV378H0PY96RNMJFNCN7TE,2026-01-20T23:24:34.589276337Z,,,01KFEVA045MDV6WERMTEQ3VAYR,2026-01-20T23:24:34.589276337Z,01KFEVEHGR7ECW4X29T8Y4QFJQ,2026-01-20T23:24:34.589276337Z,01KFEVEHQPK1YHAJW7A0DE29MQ,2026-01-20T23:24:34.589276337Z,true,2026-01-20T23:24:37.844553505Z
01KFEVMTWFTAQ47R587YFAC4KQ,01KFEV37PBC6DGWCX0HT0QWYJR,2026-01-20T23:25:40.623471115Z,,,01KFEV37PYV9HETXX2PC055NBT,2026-01-20T23:25:40.623471115Z,,,01KFEV9QWYR4DNTS4QCCENEARJ,2026-01-20T23:25:40.623471115Z,01KFEVH488H19CAYEAMXF8JTYZ,2026-01-20T23:25:40.623471115Z,01KFEVH4CZ58SHPTXV343GWH7Q,2026-01-20T23:25:40.623471115Z,true,2026-01-20T23:25:43.423437682Z
01KFEWF5MNAH4F81ZEB8RV206J,01KFEV38GJVYY8P8B7QXSW6BTE,2026-01-20T23:40:03.605423974Z,,,01KFEV38H8T2V9428VC9T7MEBA,2026-01-20T23:40:03.605423974Z,,,01KFEW5105FT4T963R9Z6AZ67Y,2026-01-20T23:40:03.605423974Z,01KFEWB967BF5HCPTFD5ASW09Z,2026-01-20T23:40:03.605423974Z,01KFEWB9NAKZRXDTDD0DAHQC9G,2026-01-20T23:40:03.605423974Z,true,2026-01-20T23:40:05.054688693Z
01KFEWJAX34XQQH1QG7GJ1049Y,01KFEVMN9Q125N5N16W4WNYJXF,2026-01-20T23:41:47.299879388Z,,,01KFEVMNAWK7WRWM1AMQZKX6SA,2026-01-20T23:41:47.299879388Z,,,01KFEW3YJBR4HT7BADWRSVJQV5,2026-01-20T23:41:47.299879388Z,01KFEWE8WVX74TZ8PTSRYVZGQG,2026-01-20T23:41:47.299879388Z,01KFEWE9EVD1ERZ941BWQN4F7H,2026-01-20T23:41:47.299879388Z,true,2026-01-20T23:41:47.844844617Z
01KFEWMJV23T2QX4T5JTEG25KN,01KFEVMNF44NEM58ETFST7KTWM,2026-01-20T23:43:00.962129815Z,true,2026-01-20T23:43:21.111787488Z,01KFEVMNHFNDCGHX9QBBFN387E,2026-01-20T23:43:00.962129815Z,29,2026-01-20T23:43:19.543005317Z,01KFEW6A5E0ZVTNJ585Y831423,2026-01-20T23:43:00.962129815Z,01KFEWEZY0CVS9EZRWS47HB4GC,2026-01-20T23:43:00.962129815Z,01KFEWF0JQC9DNFV0Z5G7M7K18,2026-01-20T23:43:00.962129815Z,true,2026-01-20T23:43:24.123898341Z
01KFEVF2WZPJPANZCQJRZCZ3NJ,01KFEV377XDCWB0CVW0E7ES8WB,2026-01-20T23:22:32.223565881Z,,,01KFEV378PDZP87HXSESW6BA01,2026-01-20T23:22:32.223565881Z,,,01KFEV79YCQMQRJYZ004NV66QN,2026-01-20T23:22:32.223565881Z,01KFEVF1PKXY17EAHC5V0EMKN7,2026-01-20T23:22:32.223565881Z,01KFEVF1RFJZTZD0HH7F49462M,2026-01-20T23:22:32.223565881Z,true,2026-01-20T23:22:38.610656545Z
01KFEVP6NXBT9ZE259AF4WRCQY,01KFEV37PBC6DGWCX0HT0QWYJR,2026-01-20T23:26:25.469823166Z,,,01KFEV37PYV9HETXX2PC055NBT,2026-01-20T23:26:25.469823166Z,,,01KFEV9QWYR4DNTS4QCCENEARJ,2026-01-20T23:26:25.469823166Z,01KFEVH48MPK9TCKTT31EZXW1C,2026-01-20T23:26:25.469823166Z,01KFEVH4GPAGH92EJHTBZQF9R2,2026-01-20T23:26:25.469823166Z,true,2026-01-20T23:26:27.190624671Z
01KFEWGRWJV8HG19ACNSFCHSTE,01KFEVMN9Q125N5N16W4WNYJXF,2026-01-20T23:40:56.082064643Z,,,01KFEVMNAWK7WRWM1AMQZKX6SA,2026-01-20T23:40:56.082064643Z,,,01KFEW3YJBR4HT7BADWRSVJQV5,2026-01-20T23:40:56.082064643Z,01KFEWE8SPXSSWENNJV0BH3H3G,2026-01-20T23:40:56.082064643Z,01KFEWE91KW6QADB5WD4VANWP9,2026-01-20T23:40:56.082064643Z,true,2026-01-20T23:40:57.229712624Z
01KFEWFM0N7EEBMRA0DE0SYDBR,01KFEV38A01XZ4DPRPFKRE96P8,2026-01-20T23:40:18.32583532Z,,,01KFEV38AJ2CFPYBQZ5JKK7PV4,2026-01-20T23:40:18.32583532Z,,,01KFEW2CHJQZ9TDCN78BA2VKEM,2026-01-20T23:40:18.32583532Z,01KFEW9RQDSYXSNPWSEQ27EKZR,2026-01-20T23:40:18.32583532Z,01KFEW9S6C4XJWM8H7JJCST653,2026-01-20T23:40:18.32583532Z,true,2026-01-20T23:40:20.458492402Z
01KFEVGX1FXPSZWZ94RAYNN1AR,01KFEV377XDCWB0CVW0E7ES8WB,2026-01-20T23:23:31.759054399Z,,,01KFEV378PDZP87HXSESW6BA01,2026-01-20T23:23:31.759054399Z,,,01KFEV6V20FH8Q8TGZN4SVCF5R,2026-01-20T23:23:31.759054399Z,01KFEVF1Q29ZX430FYZMCC884K,2026-01-20T23:23:31.759054399Z,01KFEVF1W81XS0PX194BH9ZCFV,2026-01-20T23:23:31.759054399Z,true,2026-01-20T23:23:34.641580829Z
01KFEVJQ29THEQNEBRBFZECNEZ,01KFEV377XDCWB0CVW0E7ES8WB,2026-01-20T23:24:31.177285156Z,,,01KFEV378FNG971PBW7B2SPNC6,2026-01-20T23:24:31.177285156Z,,,01KFEV82H962BNCCRXPB524628,2026-01-20T23:24:31.177285156Z,01KFEVJNQJE7J4E2J63H5S7H5Q,2026-01-20T23:24:31.177285156Z,01KFEVJNSA2C4C2ECJHNAF8ZNG,2026-01-20T23:24:31.177285156Z,true,2026-01-20T23:24:37.215970012Z
01KFEVMASH4908RJ5RQS1CC656,01KFEV377XDCWB0CVW0E7ES8WB,2026-01-20T23:25:24.145606678Z,,,01KFEV378PDZP87HXSESW6BA01,2026-01-20T23:25:24.145606678Z,,,01KFEV79YCQMQRJYZ004NV66QN,2026-01-20T23:25:24.145606678Z,01KFEVF1QJJ1AJY0K2X9A8CP10,2026-01-20T23:25:24.145606678Z,01KFEVF20NN85ST0RMCN2T1850,2026-01-20T23:25:24.145606678Z,true,2026-01-20T23:25:28.966353683Z
01KFEVTP8MW0FCVSJ68CTCB7XY,01KFEVMN9Q125N5N16W4WNYJXF,2026-01-20T23:28:52.500142135Z,,,01KFEVMNB841AFDZFM4WSW4FTD,2026-01-20T23:28:52.500142135Z,,,01KFEVB2WK99SDZDFQAW6KYB9M,2026-01-20T23:28:52.500142135Z,01KFEVPNGNVYTTDG6P5ZY7AQK5,2026-01-20T23:28:52.500142135Z,01KFEVPNRNS8FFAZER4E4FXVVE,2026-01-20T23:28:52.500142135Z,true,2026-01-20T23:28:55.695262393Z
01KFEW6Z9TSAQKGECYA8T590WQ,01KFEV38GJVYY8P8B7QXSW6BTE,2026-01-20T23:35:34.970122458Z,,,01KFEV38H48T18ZRM15RETR33C,2026-01-20T23:35:34.970122458Z,,,01KFEVVPVMNR90RS0DGAX989B7,2026-01-20T23:35:34.970122458Z,01KFEW2K4T9ZM0JTDKSTWX94KF,2026-01-20T23:35:34.970122458Z,01KFEW2KEE9RM22NECTKNSVYXP,2026-01-20T23:35:34.970122458Z,true,2026-01-20T23:35:36.247894744Z
01KFEW950Z3M33ZN9TWJBHZ3E4,01KFEVMNF44NEM58ETFST7KTWM,2026-01-20T23:36:46.367982886Z,,,01KFEVMNH60E845G0BNN18WWCX,2026-01-20T23:36:46.367982886Z,,,01KFEVTBJ5QPGNSZPVYF1Q2TSQ,2026-01-20T23:36:46.367982886Z,01KFEW7PPS3WY56P8146ET606Q,2026-01-20T23:36:46.367982886Z,01KFEW7PVGGVWCZR9F8YWTV2J0,2026-01-20T23:36:46.367982886Z,true,2026-01-20T23:36:56.180809139Z
01KFEVJCES08MXC8K4ZVCHWQ34,01KFEV377XDCWB0CVW0E7ES8WB,2026-01-20T23:24:20.313907513Z,,,01KFEV378H0PY96RNMJFNCN7TE,2026-01-20T23:24:20.313907513Z,,,01KFEV86DXXGMH25YQ8QC6JEB7,2026-01-20T23:24:20.313907513Z,01KFEVEHGS0JDSCPZNZH3BDF1M,2026-01-20T23:24:20.313907513Z,01KFEVEHP7M6T3SASA7661H43W,2026-01-20T23:24:20.313907513Z,true,2026-01-20T23:24:21.091026839Z
01KFEW7ZW9JV64BM1DV7GREETS,01KFEV38GJVYY8P8B7QXSW6BTE,2026-01-20T23:36:08.32979238Z,,,01KFEV38H48T18ZRM15RETR33C,2026-01-20T23:36:08.32979238Z,,,01KFEVVPVMNR90RS0DGAX989B7,2026-01-20T23:36:08.32979238Z,01KFEW2K65H61S2VCF5K0K6SB6,2026-01-20T23:36:08.32979238Z,01KFEW2KK66BTJWRQH5GXP3C88,2026-01-20T23:36:08.32979238Z,true,2026-01-20T23:36:09.55066157Z
01KFEWBXJ2Q5V70GZERBY1B3MN,01KFEV38A01XZ4DPRPFKRE96P8,2026-01-20T23:38:17.026232857Z,,,01KFEV38AJ2CFPYBQZ5JKK7PV4,2026-01-20T23:38:17.026232857Z,,,01KFEW2CHJQZ9TDCN78BA2VKEM,2026-01-20T23:38:17.026232857Z,01KFEW9RSFEJJVTBV3T46PNXTC,2026-01-20T23:38:17.026232857Z,01KFEW9RX7W02WNR18C5BAQK9H,2026-01-20T23:38:17.026232857Z,true,2026-01-20T23:38:20.285829301Z
01KFEVKFRS11FQGAYNR7DZ3VM6,01KFEV377XDCWB0CVW0E7ES8WB,2026-01-20T23:24:56.473428723Z,,,01KFEV378H0PY96RNMJTMM0E4X,2026-01-20T23:24:56.473428723Z,,,01KFEV8K48Q5MVC88J4XCQXRFY,2026-01-20T23:24:56.473428723Z,01KFEVFBC4VT3BJNSHXYV9QVPD,2026-01-20T23:24:56.473428723Z,01KFEVFBHGJ4PWASYVFPKHFQZG,2026-01-20T23:24:56.473428723Z,true,2026-01-20T23:24:58.198992077Z
01KFEVMQ802G5WFN7BM6RAJWEN,01KFEV37CWX6SQYA0RPR0C01MW,2026-01-20T23:25:36.899859576Z,,,01KFEV37DE991T271V0BRDHRJW,2026-01-20T23:25:36.899859576Z,,,01KFEVBZC2S6960QVT8J14HPMN,2026-01-20T23:25:36.899859576Z,01KFEVGBD8T8SFCQH95NHF15WG,2026-01-20T23:25:36.899859576Z,01KFEVGBJTJ5GBBN6623PFCGB9,2026-01-20T23:25:36.899859576Z,true,2026-01-20T23:25:38.604644936Z
01KFEW31GAV8BTNCM99Y43RYSH,01KFEV384BJYC62Y0E6AQK09K8,2026-01-20T23:33:26.154181268Z,true,2026-01-20T23:33:31.323277156Z,01KFEV385166A8JYCZ9G4DMHRQ,2026-01-20T23:33:26.154181268Z,0,2026-01-20T23:33:28.975728957Z,01KFEVY502SJ2FK1Q7WFM0PHB4,2026-01-20T23:33:26.154181268Z,01KFEW1AH3KYJV5QTKFEPKQZZX,2026-01-20T23:33:26.154181268Z,01KFEW1ASA81PX6B837A1SWYVF,2026-01-20T23:33:26.154181268Z,true,2026-01-20T23:33:34.330201629Z
01KFEWDNC2DP90NM1JWRS01PWM,01KFEV38GJVYY8P8B7QXSW6BTE,2026-01-20T23:39:14.178799972Z,true,2026-01-20T23:39:26.869818311Z,01KFEV38H8T2V9428VC9T7MEBA,2026-01-20T23:39:14.178799972Z,29,2026-01-20T23:39:23.82773344Z,01KFEW5105FT4T963R9Z6AZ67Y,2026-01-20T23:39:14.178799972Z,01KFEWB94VS3H1WGEG6MHSEQZ4,2026-01-20T23:39:14.178799972Z,01KFEWB9EFX04N8VV9TBA9MAMH,2026-01-20T23:39:14.178799972Z,true,2026-01-20T23:39:29.879806413Z
01KFEWE04SZH1BAE7FSCCXWJN2,01KFEV384BJYC62Y0E6AQK09K8,2026-01-20T23:39:25.209210932Z,,,01KFEV384Z68A1Z7ZGWS1GDSZK,2026-01-20T23:39:25.209210932Z,,,01KFEW2C8HX8QQZV0FHE0EMNPN,2026-01-20T23:39:25.209210932Z,01KFEW9NFWQNWAP0JCE1F1PYJG,2026-01-20T23:39:25.209210932Z,01KFEW9NY6AEVPFEN7GKDPZDB1,2026-01-20T23:39:25.209210932Z,true,2026-01-20T23:39:27.591479089Z
01KFEWH4DE4RRRTPTXB4BXP5WF,01KFEVMN9Q125N5N16W4WNYJXF,2026-01-20T23:41:07.88685624Z,true,2026-01-20T23:41:18.926399241Z,01KFEVMNAWK7WRWM1AMQZKX6SA,2026-01-20T23:41:07.88685624Z,20,2026-01-20T23:41:12.68844605Z,01KFEW3YJBR4HT7BADWRSVJQV5,2026-01-20T23:41:07.88685624Z,01KFEWE8X78MX8FTH7TFT5G1TY,2026-01-20T23:41:07.88685624Z,01KFEWE94V028GVN39MNGR42GD,2026-01-20T23:41:07.88685624Z,true,2026-01-20T23:41:21.934873304Z
01KFEWHPC3R46SDH6A8N7YRZAF,01KFEVMN9Q125N5N16W4WNYJXF,2026-01-20T23:41:26.275419581Z,,,01KFEVMNAWK7WRWM1AMQZKX6SA,2026-01-20T23:41:26.275419581Z,,,01KFEW3YJBR4HT7BADWRSVJQV5,2026-01-20T23:41:26.275419581Z,01KFEWE8V42B6QNHZQ0TH5CPD7,2026-01-20T23:41:26.275419581Z,01KFEWE9815GVD2JD7MXAY4JE6,2026-01-20T23:41:26.275419581Z,true,2026-01-20T23:41:27.389163959Z
01KFEWWPWMTMS53R2KC70PGBJ3,01KFEV38GJVYY8P8B7QXSW6BTE,2026-01-20T23:47:27.252060237Z,,,01KFEV38H0S2Y42XZDBCZ2KPGY,2026-01-20T23:47:27.252060237Z,,,01KFEWKWT6PWJAE8C8359J4DRM,2026-01-20T23:47:27.252060237Z,01KFEWVM6P4FVA6Y7RWXQ75670,2026-01-20T23:47:27.252060237Z,01KFEWVME92QW2V9RZ9HM2KF63,2026-01-20T23:47:27.252060237Z,true,2026-01-20T23:47:30.337239905Z
01KFEVNMWMWQKVBGA11N3QAE8R,01KFEV38GJVYY8P8B7QXSW6BTE,2026-01-20T23:26:07.252190459Z,,,01KFEV38H72YHVC8PGTMFH64KV,2026-01-20T23:26:07.252190459Z,,,01KFEVES59D98C046XG860H43T,2026-01-20T23:26:07.252190459Z,01KFEVNK1BDDD2SH2KKV7VEWMA,2026-01-20T23:26:07.252190459Z,01KFEVNK3VG52JYHJWHS70881X,2026-01-20T23:26:07.252190459Z,true,2026-01-20T23:26:17.415074599Z
01KFEW1M63K67XAPY0TCEYPWTR,01KFEV37PBC6DGWCX0HT0QWYJR,2026-01-20T23:32:39.747971425Z,,,01KFEV37Q0WSYAYKWHM2EXN0DN,2026-01-20T23:32:39.747971425Z,,,01KFEVWYACX0Z3X7HHHK5DSTDD,2026-01-20T23:32:39.747971425Z,01KFEW0G95HGEBJ66PJEE5BWT0,2026-01-20T23:32:39.747971425Z,01KFEW0GDQDRSKWWXNDQWJ0BC1,2026-01-20T23:32:39.747971425Z,true,2026-01-20T23:32:42.130548508Z
01KFEW761CC7J9CWP1MG1VARCC,01KFEV38A01XZ4DPRPFKRE96P8,2026-01-20T23:35:41.868519888Z,,,01KFEV38AHTHHCNTDGHAJN0GXG,2026-01-20T23:35:41.868519888Z,,,01KFEVW5WA494MRXETJ2N5XX03,2026-01-20T23:35:41.868519888Z,01KFEW29YWMS8SG0HY124EQM4K,2026-01-20T23:35:41.868519888Z,01KFEW2AB6TWR5RZ9YZX1WQ10Y,2026-01-20T23:35:41.868519888Z,true,2026-01-20T23:35:43.658118792Z
01KFEWCH9FX5EM6VJNQKSRRCQN,01KFEV384BJYC62Y0E6AQK09K8,2026-01-20T23:38:37.231718201Z,true,2026-01-20T23:38:43.935622366Z,01KFEV384Z68A1Z7ZGWS1GDSZK,2026-01-20T23:38:37.231718201Z,10,2026-01-20T23:38:42.126938377Z,01KFEW47TNE510SG18TR5ZERFB,2026-01-20T23:38:37.231718201Z,01KFEW9NF9DWA4J0HBQTHH1DYZ,2026-01-20T23:38:37.231718201Z,01KFEW9NTYQ33XCYXC9DDEE4DZ,2026-01-20T23:38:37.231718201Z,true,2026-01-20T23:38:46.949216022Z
01KFEWH09AZ65BN4NRRKC5CD50,01KFEVMNF44NEM58ETFST7KTWM,2026-01-20T23:41:03.659024173Z,,,01KFEVMNHFNDCGHX9QBBFN387E,2026-01-20T23:41:03.659024173Z,,,01KFEW78ZH0TY6JQ9J3GJMR3E3,2026-01-20T23:41:03.659024173Z,01KFEWEZW39PKTAP5FDZHRCHWA,2026-01-20T23:41:03.659024173Z,01KFEWF03BAMKZHQ9NYSC07FVK,2026-01-20T23:41:03.659024173Z,true,2026-01-20T23:41:09.102316509Z
01KFEVKZHEAJXQ3RAFKGB6B8YK,01KFEV37PBC6DGWCX0HT0QWYJR,2026-01-20T23:25:12.622954482Z,,,01KFEV37PYV9HETXX2PC055NBT,2026-01-20T23:25:12.622954482Z,,,01KFEV9QWYR4DNTS4QCCENEARJ,2026-01-20T23:25:12.622954482Z,01KFEVH485B8R4J0M6DWQE7BKW,2026-01-20T23:25:12.622954482Z,01KFEVH4BG1YXGW4459BBCP4SX,2026-01-20T23:25:12.622954482Z,true,2026-01-20T23:25:15.818072244Z
01KFEVP03TF4XYAPP51N6YBPPM,01KFEV377XDCWB0CVW0E7ES8WB,2026-01-20T23:26:18.746035149Z,,,01KFEV378FNG971PBW7B2SPNC6,2026-01-20T23:26:18.746035149Z,,,01KFEVCRBGBMN5MZZVZA8FPX1Z,2026-01-20T23:26:18.746035149Z,01KFEVJNR9280S2KWAWZH5CR01,2026-01-20T23:26:18.746035149Z,01KFEVJP0GK13BHPZZM9KX3YZQ,2026-01-20T23:26:18.746035149Z,true,2026-01-20T23:26:21.92453449Z
01KFEVP909JRNQFW0VM9XBM5WT,01KFEV37PBC6DGWCX0HT0QWYJR,2026-01-20T23:26:27.849583355Z,,,01KFEV37PYV9HETXX2PC055NBT,2026-01-20T23:26:27.849583355Z,,,01KFEVBDY2YWN6DSFNFKRM8R9Z,2026-01-20T23:26:27.849583355Z,01KFEVH48PJZWE6P0HTZWV1EYQ,2026-01-20T23:26:27.849583355Z,01KFEVH4HH4EYPBBSASV4SEJZD,2026-01-20T23:26:27.849583355Z,true,2026-01-20T23:26:29.672341049Z
01KFEVS54NR6RQ4ATFSGZ5NVJM,01KFEV37PBC6DGWCX0HT0QWYJR,2026-01-20T23:28:02.197292753Z,,,01KFEV37PV76WD06T50QFKE80T,2026-01-20T23:28:02.197292753Z,,,01KFEVH5DDXBKC32H7RGDZYG1X,2026-01-20T23:28:02.197292753Z,01KFEVS2YJ0NN9TXX80TR4EBXB,2026-01-20T23:28:02.197292753Z,01KFEVS31JAPFAT14HP2QCSGZD,2026-01-20T23:28:02.197292753Z,true,2026-01-20T23:28:10.823594514Z
01KFEWFH7T933TSBP7JGEYXA82,01KFEV38A01XZ4DPRPFKRE96P8,2026-01-20T23:40:15.482059515Z,,,01KFEV38AJ2CFPYBQZ5JKK7PV4,2026-01-20T23:40:15.482059515Z,,,01KFEW2CHJQZ9TDCN78BA2VKEM,2026-01-20T23:40:15.482059515Z,01KFEW9RQQNHQYFYBFG4W4KFW3,2026-01-20T23:40:15.482059515Z,01KFEW9S540FBYVXVCPSPQEFNK,2026-01-20T23:40:15.482059515Z,true,2026-01-20T23:40:18.137749299Z
01KFEWVR7ETBEMJ7Y6FXXNQJ7P,01KFEV38GJVYY8P8B7QXSW6BTE,2026-01-20T23:46:55.85462906Z,,,01KFEV38H0S2Y42XZDBCZ2KPGY,2026-01-20T23:46:55.85462906Z,,,01KFEWA3ZKFQRVCEG62F0BJCT3,2026-01-20T23:46:55.85462906Z,01KFEWVM5D5SBJNDB59MH62QTJ,2026-01-20T23:46:55.85462906Z,01KFEWVMARTYMEQH0BQC521YXA,2026-01-20T23:46:55.85462906Z,true,2026-01-20T23:47:01.524928749Z
01KFEVAWXF2771HEFFGM2GN5M9,01KFEV2BZFDRZBG3Y0249RG1TW,2026-01-20T23:20:15.023652782Z,,,01KFEV2C08ND9C9BYW8N2T146P,2026-01-20T23:20:15.023652782Z,,,01KFEV46YBCF5X09FCFJF4VDEY,2026-01-20T23:20:15.023652782Z,01KFEV992DYNW9GKK2CP4DN9DZ,2026-01-20T23:20:15.023652782Z,01KFEV9983GV4BBP4A51Q13CWY,2026-01-20T23:20:15.023652782Z,true,2026-01-20T23:20:16.229711055Z
01KFEVH0FVBFCPJ67ZBX0JF2FN,01KFEV377XDCWB0CVW0E7ES8WB,2026-01-20T23:23:35.291816886Z,,,01KFEV378H0PY96RNMJFNCN7TE,2026-01-20T23:23:35.291816886Z,,,01KFEVA045MDV6WERMTEQ3VAYR,2026-01-20T23:23:35.291816886Z,01KFEVEHGCG7SCGVN0B81NQ5CF,2026-01-20T23:23:35.291816886Z,01KFEVEHK23Y7QHN71PHVQS0CN,2026-01-20T23:23:35.291816886Z,true,2026-01-20T23:23:39.401395204Z
01KFEW7ECQ0GWMNVNYZM91HJHD,01KFEV38GJVYY8P8B7QXSW6BTE,2026-01-20T23:35:50.423059239Z,true,2026-01-20T23:35:59.517134246Z,01KFEV38H48T18ZRM15RETR33C,2026-01-20T23:35:50.423059239Z,17,2026-01-20T23:35:57.992642889Z,01KFEVYB6HS3VX2GA7D4G2GPMT,2026-01-20T23:35:50.423059239Z,01KFEW2K6PK2TX8PWJC4BQBRD3,2026-01-20T23:35:50.423059239Z,01KFEW2KH5ACG25DE77CVJSVNG,2026-01-20T23:35:50.423059239Z,true,2026-01-20T23:36:02.515798845Z
01KFEVBNBT1F3DAMPP9Y2RJ8PY,01KFEV2BZFDRZBG3Y0249RG1TW,2026-01-20T23:20:40.058099211Z,,,01KFEV2C08ND9C9BYW8N2T146P,2026-01-20T23:20:40.058099211Z,,,01KFEV4APCG117QZ1ZVXNKCJFC,2026-01-20T23:20:40.058099211Z,01KFEV992NF1BFY2J085XZ7GRZ,2026-01-20T23:20:40.058099211Z,01KFEV99AR9MS371XKPVZ0H4T2,2026-01-20T23:20:40.058099211Z,true,2026-01-20T23:20:41.802286063Z
01KFEVFFQFYS0N78ZXC8MZKQYY,01KFEV2BZFDRZBG3Y0249RG1TW,2026-01-20T23:22:45.359554572Z,,,01KFEV2C0CP35QE41ZMH45J8TZ,2026-01-20T23:22:45.359554572Z,,,01KFEV4PQ8V0QGQVX4KK2FPFJR,2026-01-20T23:22:45.359554572Z,01KFEVB8G4409FE3WHQBZQY7S4,2026-01-20T23:22:45.359554572Z,01KFEVB8MVJ9SRDZ5NM0K13V9S,2026-01-20T23:22:45.359554572Z,true,2026-01-20T23:22:50.68005378Z
01KFEVN165610FDW40SG106CC1,01KFEV377XDCWB0CVW0E7ES8WB,2026-01-20T23:25:47.077958385Z,,,01KFEV378FNG971PBW7B2SPNC6,2026-01-20T23:25:47.077958385Z,,,01KFEVCRBGBMN5MZZVZA8FPX1Z,2026-01-20T23:25:47.077958385Z,01KFEVJNRQBQFNH0BYKPE46VCR,2026-01-20T23:25:47.077958385Z,01KFEVJNX6EQCCJ4BZPG6G674T,2026-01-20T23:25:47.077958385Z,true,2026-01-20T23:25:49.695938359Z
01KFEVNN3XRZ9CXRGVHM1EK5D4,01KFEV377XDCWB0CVW0E7ES8WB,2026-01-20T23:26:07.485521933Z,,,01KFEV378FNG971PBW7B2SPNC6,2026-01-20T23:26:07.485521933Z,,,01KFEV82H962BNCCRXPB524628,2026-01-20T23:26:07.485521933Z,01KFEVJNRF52FGSEND6NF55RT9,2026-01-20T23:26:07.485521933Z,01KFEVJNZ6STY10F4MM2MTT9PH,2026-01-20T23:26:07.485521933Z,true,2026-01-20T23:26:08.772197164Z
01KFEVTQ06WCCFS8Z2S9YXNY69,01KFEV37CWX6SQYA0RPR0C01MW,2026-01-20T23:28:53.254250599Z,,,01KFEV37DE991T271V0NJ5BY6K,2026-01-20T23:28:53.254250599Z,,,01KFEVD9ZATE7H5N364WWPAV31,2026-01-20T23:28:53.254250599Z,01KFEVJEKRTPZ9GBG5E2CFW5VH,2026-01-20T23:28:53.254250599Z,01KFEVJEVYJ3JD86JRR1DCD0PY,2026-01-20T23:28:53.254250599Z,true,2026-01-20T23:28:56.800548998Z
01KFEVWDSAVC7P6RMQD16AW4FP,01KFEV37PBC6DGWCX0HT0QWYJR,2026-01-20T23:29:49.354780954Z,,,01KFEV37PV76WD06T50QFKE80T,2026-01-20T23:29:49.354780954Z,,,01KFEVJMQNGBVWZMGKK0EQB935,2026-01-20T23:29:49.354780954Z,01KFEVS30DXP4PRYMZCEXQDZ77,2026-01-20T23:29:49.354780954Z,01KFEVS3A5MRX3K6MF48JJMMWW,2026-01-20T23:29:49.354780954Z,true,2026-01-20T23:29:51.167745467Z
01KFEW6J2CCNHN09ZNZ203B6Z5,01KFEV38A01XZ4DPRPFKRE96P8,2026-01-20T23:35:21.420720986Z,,,01KFEV38AHTHHCNTDGHAJN0GXG,2026-01-20T23:35:21.420720986Z,,,01KFEVW5WA494MRXETJ2N5XX03,2026-01-20T23:35:21.420720986Z,01KFEW29YCZ8S174VM388XCKN4,2026-01-20T23:35:21.420720986Z,01KFEW2A6Z7HD9BS3GDQ9VBP4G,2026-01-20T23:35:21.420720986Z,true,2026-01-20T23:35:25.3904665Z
01KFEWA0EQAEM4JYSG3XCY3ZSG,01KFEV384BJYC62Y0E6AQK09K8,2026-01-20T23:37:14.455226694Z,,,01KFEV384Z68A1Z7ZGWS1GDSZK,2026-01-20T23:37:14.455226694Z,1,2026-01-20T23:37:40.391071398Z,01KFEW2C8HX8QQZV0FHE0EMNPN,2026-01-20T23:37:14.455226694Z,01KFEW9NDGS5E8KE4PQ1ESDNYF,2026-01-20T23:37:14.455226694Z,01KFEW9NJMEXZZCB7QET39ZQJZ,2026-01-20T23:37:14.455226694Z,,
01KFEVJG3A9GR44Y8SV5ATDG93,01KFEV377XDCWB0CVW0E7ES8WB,2026-01-20T23:24:24.042103347Z,,,01KFEV378PDZP87HXSESW6BA01,2026-01-20T23:24:24.042103347Z,,,01KFEV6V20FH8Q8TGZN4SVCF5R,2026-01-20T23:24:24.042103347Z,01KFEVF1Q6ZK58W1T2EDJS8ZM0,2026-01-20T23:24:24.042103347Z,01KFEVF1XAC8A5CX9GNFVTB4YZ,2026-01-20T23:24:24.042103347Z,true,2026-01-20T23:24:26.783234811Z
01KFEVN8T5FQ1X3ZEV0Y9MGD9P,01KFEV377XDCWB0CVW0E7ES8WB,2026-01-20T23:25:54.885840358Z,,,01KFEV378FNG971PBW7B2SPNC6,2026-01-20T23:25:54.885840358Z,,,01KFEV82H962BNCCRXPB524628,2026-01-20T23:25:54.885840358Z,01KFEVJNRJZH5GPQKMH4ZHTKNX,2026-01-20T23:25:54.885840358Z,01KFEVJNYGN53QBWR5M6THB8AX,2026-01-20T23:25:54.885840358Z,true,2026-01-20T23:25:56.449984955Z
01KFEVNN11513V0BCA81FYE1CW,01KFEV37CWX6SQYA0RPR0C01MW,2026-01-20T23:26:07.393323584Z,,,01KFEV37DE991T271V0NJ5BY6K,2026-01-20T23:26:07.393323584Z,,,01KFEVD9ZATE7H5N364WWPAV31,2026-01-20T23:26:07.393323584Z,01KFEVJEK4F89CSCY0X9C1AJQJ,2026-01-20T23:26:07.393323584Z,01KFEVJEPCQZ1NVDPR6WBJD5M8,2026-01-20T23:26:07.393323584Z,true,2026-01-20T23:26:22.661455967Z
01KFEVV3YJE9GCY08JYYN1WK72,01KFEVMN9Q125N5N16W4WNYJXF,2026-01-20T23:29:06.514315689Z,,,01KFEVMNB841AFDZFM4WSW4FTD,2026-01-20T23:29:06.514315689Z,,,01KFEVC3J7JCZ73BZAKH9RH61D,2026-01-20T23:29:06.514315689Z,01KFEVPNH13GY2X6WR8TVJ5EYS,2026-01-20T23:29:06.514315689Z,01KFEVPNTFR6X4VNRFD3WW0182,2026-01-20T23:29:06.514315689Z,true,2026-01-20T23:29:11.571813605Z
01KFEW2CJZDVSD9PWPAV1V2H1G,01KFEV38A01XZ4DPRPFKRE96P8,2026-01-20T23:33:04.735597541Z,,,01KFEV38AHTHHCNTDGHAJN0GXG,2026-01-20T23:33:04.735597541Z,,,01KFEVW9PV7SJ42VT7GTTE4SGT,2026-01-20T23:33:04.735597541Z,01KFEW29X8W4JBYX6E342HRPZQ,2026-01-20T23:33:04.735597541Z,01KFEW2A14A7HHQMJKK4N4V7W6,2026-01-20T23:33:04.735597541Z,true,2026-01-20T23:33:14.875424367Z
01KFEW307RZ57JNHR8CR8MGJTD,01KFEV384BJYC62Y0E6AQK09K8,2026-01-20T23:33:24.856969951Z,,,01KFEV385166A8JYCZ9G4DMHRQ,2026-01-20T23:33:24.856969951Z,,,01KFEVY502SJ2FK1Q7WFM0PHB4,2026-01-20T23:33:24.856969951Z,01KFEW1AH3KYJV5QTKFEPKQZZX,2026-01-20T23:33:24.856969951Z,01KFEW1AS2NJAQFENAD837SE9V,2026-01-20T23:33:24.856969951Z,true,2026-01-20T23:33:25.898824651Z
01KFEWBNAN6FWT3VEZYCRDNF4D,01KFEV38GJVYY8P8B7QXSW6BTE,2026-01-20T23:38:08.597461975Z,true,2026-01-20T23:38:21.333472496Z,01KFEV38H8T2V9428VC9T7MEBA,2026-01-20T23:38:08.597461975Z,10,2026-01-20T23:38:20.036098159Z,01KFEW5105FT4T963R9Z6AZ67Y,2026-01-20T23:38:08.597461975Z,01KFEWB93MZQQNSF35K2S15HQV,2026-01-20T23:38:08.597461975Z,01KFEWB98F24D6GFJ7N22V1HEG,2026-01-20T23:38:08.597461975Z,true,2026-01-20T23:38:25.32245858Z
01KFEVJY67PGBRPRV07M474FFS,01KFEV377XDCWB0CVW0E7ES8WB,2026-01-20T23:24:38.471683036Z,false,2026-01-20T23:25:04.501456982Z,01KFEV378H0PY96RNMJFNCN7TE,2026-01-20T23:24:38.471683036Z,7,2026-01-20T23:24:57.017268761Z,01KFEVA045MDV6WERMTEQ3VAYR,2026-01-20T23:24:38.471683036Z,01KFEVEHGR7ECW4X29T8Y4QFJQ,2026-01-20T23:24:38.471683036Z,01KFEVEHQQBSA7P4EWB48HQ72S,2026-01-20T23:24:38.471683036Z,true,2026-01-20T23:25:07.545554627Z
01KFEVPAV8BN3D5F5RNM0J3QA0,01KFEV37PBC6DGWCX0HT0QWYJR,2026-01-20T23:26:29.736986353Z,true,2026-01-20T23:26:36.166882202Z,01KFEV37PYV9HETXX2PC055NBT,2026-01-20T23:26:29.736986353Z,17,2026-01-20T23:26:34.751832786Z,01KFEVBDY2YWN6DSFNFKRM8R9Z,2026-01-20T23:26:29.736986353Z,01KFEVH48PJZWE6P0HTZWV1EYQ,2026-01-20T23:26:29.736986353Z,01KFEVH4HKTYC0MVRWZ827AKQ7,2026-01-20T23:26:29.736986353Z,true,2026-01-20T23:26:39.176812596Z
01KFEWD5GVZ2MZAR0W767P5FC8,01KFEV38GJVYY8P8B7QXSW6BTE,2026-01-20T23:38:57.947748895Z,,,01KFEV38H8T2V9428VC9T7MEBA,2026-01-20T23:38:57.947748895Z,,,01KFEW5BKPC6PA6AD6TVFX3GTH,2026-01-20T23:38:57.947748895Z,01KFEWB94KQ2XE0PFRQY8WXWM9,2026-01-20T23:38:57.947748895Z,01KFEWB9CN4KZXW3TNJXYHB9Y5,2026-01-20T23:38:57.947748895Z,true,2026-01-20T23:39:02.2900746Z
01KFEWYSCYVKKKA898T5KG9ZP2,01KFEV38GJVYY8P8B7QXSW6BTE,2026-01-20T23:48:35.358762259Z,,,01KFEV38H0S2Y42XZDBCZ2KPGY,2026-01-20T23:48:35.358762259Z,,,01KFEWA3ZKFQRVCEG62F0BJCT3,2026-01-20T23:48:35.358762259Z,01KFEWVM9CP94P7WDKMNK8VHXX,2026-01-20T23:48:35.358762259Z,01KFEWVMY9944V21Y2J6RXW4VF,2026-01-20T23:48:35.358762259Z,true,2026-01-20T23:48:37.660115049Z
01KFEVM2QNT331TMKCFTXH7NCG,01KFEV377XDCWB0CVW0E7ES8WB,2026-01-20T23:25:15.893184032Z,,,01KFEV378H0PY96RNMJTMM0E4X,2026-01-20T23:25:15.893184032Z,,,01KFEV8K48Q5MVC88J4XCQXRFY,2026-01-20T23:25:15.893184032Z,01KFEVFBC54D00BJN5ANQ39TQ9,2026-01-20T23:25:15.893184032Z,01KFEVFBHYVF1KDWZVYA4SH8EE,2026-01-20T23:25:15.893184032Z,true,2026-01-20T23:25:17.493855803Z
01KFEVNAVMVNNPTB1DM45FZ2JY,01KFEV37PBC6DGWCX0HT0QWYJR,2026-01-20T23:25:56.980847961Z,,,01KFEV37PYV9HETXX2PC055NBT,2026-01-20T23:25:56.980847961Z,,,01KFEV9QWYR4DNTS4QCCENEARJ,2026-01-20T23:25:56.980847961Z,01KFEVH47TY8YTKZSSJDE27NRX,2026-01-20T23:25:56.980847961Z,01KFEVH4F0D962CV5WY3Q9TBGR,2026-01-20T23:25:56.980847961Z,true,2026-01-20T23:25:58.821550366Z
01KFEW5ZP90BH2545T300VGT97,01KFEV38A01XZ4DPRPFKRE96P8,2026-01-20T23:35:02.601731173Z,,,01KFEV38AHTHHCNTDGHAJN0GXG,2026-01-20T23:35:02.601731173Z,,,01KFEVW5WA494MRXETJ2N5XX03,2026-01-20T23:35:02.601731173Z,01KFEW29Y7967CG3CKQRR67MXP,2026-01-20T23:35:02.601731173Z,01KFEW2A5ZXCV7JHRXS72X7CAR,2026-01-20T23:35:02.601731173Z,true,2026-01-20T23:35:07.43401891Z
01KFEWEN6D0BCVGNW7WKB55HBB,01KFEV38GJVYY8P8B7QXSW6BTE,2026-01-20T23:39:46.765238146Z,,,01KFEV38H8T2V9428VC9T7MEBA,2026-01-20T23:39:46.765238146Z,,,01KFEW5105FT4T963R9Z6AZ67Y,2026-01-20T23:39:46.765238146Z,01KFEWB95MVT152YDC7RERZG6G,2026-01-20T23:39:46.765238146Z,01KFEWB9J9ZV8A12P9H5FY9HEW,2026-01-20T23:39:46.765238146Z,true,2026-01-20T23:39:49.762372337Z
01KFEVAVFD279QAR3XMKYH13DT,01KFEV2BZFDRZBG3Y0249RG1TW,2026-01-20T23:20:13.549706664Z,,,01KFEV2C08ND9C9BYW8N2T146P,2026-01-20T23:20:13.549706664Z,,,01KFEV4APCG117QZ1ZVXNKCJFC,2026-01-20T23:20:13.549706664Z,01KFEV992C5DA5CC9EBC041N3A,2026-01-20T23:20:13.549706664Z,01KFEV996XNF1JCAH7G28MXDP1,2026-01-20T23:20:13.549706664Z,true,2026-01-20T23:20:14.92267353Z
01KFEVJYPMWFCKZBAYSGJ7TAKS,01KFEV377XDCWB0CVW0E7ES8WB,2026-01-20T23:24:38.996889031Z,true,2026-01-20T23:24:55.716762655Z,01KFEV378FNG971PBW7B2SPNC6,2026-01-20T23:24:38.996889031Z,20,2026-01-20T23:24:52.160160764Z,01KFEVCRBGBMN5MZZVZA8FPX1Z,2026-01-20T23:24:38.996889031Z,01KFEVJNQJE7J4E2J63H5S7H5Q,2026-01-20T23:24:38.996889031Z,01KFEVJNSEQEPSC5HXT8MW20GC,2026-01-20T23:24:38.996889031Z,true,2026-01-20T23:24:58.71469368Z
01KFEVK5GAYQG2BMR8DN5THCSF,01KFEV37CWX6SQYA0RPR0C01MW,2026-01-20T23:24:45.962753158Z,false,2026-01-20T23:25:01.721235018Z,01KFEV37DE991T271V0BRDHRJW,2026-01-20T23:24:45.962753158Z,10,2026-01-20T23:25:00.501343648Z,01KFEV8CTFEWEE7C0ZM9KMYRSE,2026-01-20T23:24:45.962753158Z,01KFEVGBCR1VRA302JV9XDWJYD,2026-01-20T23:24:45.962753158Z,01KFEVGBGF8RRTEG5EE93BMWPW,2026-01-20T23:24:45.962753158Z,true,2026-01-20T23:25:04.737167841Z
01KFEVPQTDZJBNPZ26QYWP9AZ4,01KFEV384BJYC62Y0E6AQK09K8,2026-01-20T23:26:43.021358938Z,,,01KFEV384Y33BFECW27AH8GSGD,2026-01-20T23:26:43.021358938Z,,,01KFEVF34Y0A3VWJYX9367Q9EA,2026-01-20T23:26:43.021358938Z,01KFEVHAQ1PGV31TD9W36P3MQD,2026-01-20T23:26:43.021358938Z,01KFEVHAYTTDDWESKCFJTK2DXV,2026-01-20T23:26:43.021358938Z,true,2026-01-20T23:26:44.857617209Z
01KFEW5PVP6MEFQHDASPFFVYZY,01KFEVMN9Q125N5N16W4WNYJXF,2026-01-20T23:34:53.55861513Z,,,01KFEVMNBC23RB4D79KEQ4G0VS,2026-01-20T23:34:53.55861513Z,,,01KFEVX608THP5F5HX3GYF0X1K,2026-01-20T23:34:53.55861513Z,01KFEW3VNVZC3K3MEZH39VDAQA,2026-01-20T23:34:53.55861513Z,01KFEW3VRDHAHCNQQS2MK3JEY3,2026-01-20T23:34:53.55861513Z,true,2026-01-20T23:34:56.789800842Z
01KFEWEC7MFRBWGH0Y83D86DAA,01KFEVMN9Q125N5N16W4WNYJXF,2026-01-20T23:39:37.588054103Z,,,01KFEVMNAWK7WRWM1AMQZKX6SA,2026-01-20T23:39:37.588054103Z,,,01KFEW3YJBR4HT7BADWRSVJQV5,2026-01-20T23:39:37.588054103Z,01KFEWE8RX9DT254543TPC4B40,2026-01-20T23:39:37.588054103Z,01KFEWE8YBQQKCSAQPB4KSD4W3,2026-01-20T23:39:37.588054103Z,true,2026-01-20T23:40:13.306979592Z
01KFEVMFKJJDX5X169GD5NWRXD,01KFEV377XDCWB0CVW0E7ES8WB,2026-01-20T23:25:29.074253088Z,,,01KFEV378PDZP87HXSESW6BA01,2026-01-20T23:25:29.074253088Z,,,01KFEV6V20FH8Q8TGZN4SVCF5R,2026-01-20T23:25:29.074253088Z,01KFEVF1QPFHJRQAHKCB8DRQ6Y,2026-01-20T23:25:29.074253088Z,01KFEVF215DPDQP3RVA0BB4D2G,2026-01-20T23:25:29.074253088Z,true,2026-01-20T23:25:31.191327028Z
01KFEVN1T6XQFHE09VT7PNF2ZA,01KFEV37PBC6DGWCX0HT0QWYJR,2026-01-20T23:25:47.718513958Z,,,01KFEV37PYV9HETXX2PSGE1RKD,2026-01-20T23:25:47.718513958Z,,,01KFEV8PSQBX7P1ARFP0SDDW57,2026-01-20T23:25:47.718513958Z,01KFEVKCMTAFBEY86Z8E6DFH9P,2026-01-20T23:25:47.718513958Z,01KFEVKCQ0PVWGD56KC9DNHZJE,2026-01-20T23:25:47.718513958Z,true,2026-01-20T23:25:53.905781375Z
01KFEVT2FQSGXW2X25E45SSY46,01KFEV37CWX6SQYA0RPR0C01MW,2026-01-20T23:28:32.247611972Z,,,01KFEV37DE991T271V0NJ5BY6K,2026-01-20T23:28:32.247611972Z,,,01KFEVD9ZATE7H5N364WWPAV31,2026-01-20T23:28:32.247611972Z,01KFEVJEKKVBG5WQ05EX00MQZN,2026-01-20T23:28:32.247611972Z,01KFEVJET2YXJAHWFH260WP606,2026-01-20T23:28:32.247611972Z,true,2026-01-20T23:28:36.646925638Z
01KFEVY6HDSW6K4VFKJV49EHSE,01KFEV37CWX6SQYA0RPR0C01MW,2026-01-20T23:30:47.469669536Z,,,01KFEV37DAAK9E08F076WKMM6J,2026-01-20T23:30:47.469669536Z,,,01KFEVH10BYAXDVW828R4A2D8P,2026-01-20T23:30:47.469669536Z,01KFEVRWT61HC9BSHHM7YRQS2Z,2026-01-20T23:30:47.469669536Z,01KFEVRX64YETNH44H17MNYBNS,2026-01-20T23:30:47.469669536Z,true,2026-01-20T23:30:51.161097405Z
01KFEW4VAB6FTHHT6VZN3G60AS,01KFEV38A01XZ4DPRPFKRE96P8,2026-01-20T23:34:25.355286895Z,,,01KFEV38AHTHHCNTDGHAJN0GXG,2026-01-20T23:34:25.355286895Z,,,01KFEVW9PV7SJ42VT7GTTE4SGT,2026-01-20T23:34:25.355286895Z,01KFEW29XSADA32QXA2MHBZPNA,2026-01-20T23:34:25.355286895Z,01KFEW2A3XWBSBFK73MME97XJM,2026-01-20T23:34:25.355286895Z,true,2026-01-20T23:34:28.762145937Z
01KFEWJ8V1HV6PEC225RV0JQZP,01KFEVMN9Q125N5N16W4WNYJXF,2026-01-20T23:41:45.185278902Z,,,01KFEVMNAWK7WRWM1AMQZKX6SA,2026-01-20T23:41:45.185278902Z,,,01KFEW4NGJQK3SC6VDT657XA1V,2026-01-20T23:41:45.185278902Z,01KFEWE8WG5JEY2NYGNN25MKRQ,2026-01-20T23:41:45.185278902Z,01KFEWE9DD9P9RBS5M3PN73WZN,2026-01-20T23:41:45.185278902Z,true,2026-01-20T23:41:45.830217964Z
01KFEVN7YXFHQEAPV31BHJPC5Q,01KFEV37PBC6DGWCX0HT0QWYJR,2026-01-20T23:25:54.013984649Z,,,01KFEV37PYV9HETXX2PSGE1RKD,2026-01-20T23:25:54.013984649Z,,,01KFEVDMPGK2KG6CGRXX80WQ5A,2026-01-20T23:25:54.013984649Z,01KFEVKCMMB045AMAJBPJ2G93R,2026-01-20T23:25:54.013984649Z,01KFEVKCQPP3VQABKM8VGVTDRX,2026-01-20T23:25:54.013984649Z,true,2026-01-20T23:25:59.997856823Z
01KFEVSW3DFNY48Y5D6QY7RWQT,01KFEVMN9Q125N5N16W4WNYJXF,2026-01-20T23:28:25.709778723Z,true,2026-01-20T23:28:34.85872411Z,01KFEVMNB841AFDZFM4WSW4FTD,2026-01-20T23:28:25.709778723Z,29,2026-01-20T23:28:33.088932844Z,01KFEVB2WK99SDZDFQAW6KYB9M,2026-01-20T23:28:25.709778723Z,01KFEVPNGCECZWPB3GP3PH5NGX,2026-01-20T23:28:25.709778723Z,01KFEVPNPQC29DRHJXZKHXWYV5,2026-01-20T23:28:25.709778723Z,true,2026-01-20T23:28:37.862719963Z
01KFEVV1JQZS8ENXTMXD915E6M,01KFEV37CWX6SQYA0RPR0C01MW,2026-01-20T23:29:04.087489821Z,true,2026-01-20T23:29:21.229541102Z,01KFEV37DAAK9E08F076WKMM6J,2026-01-20T23:29:04.087489821Z,19,2026-01-20T23:29:19.287329637Z,01KFEVH10BYAXDVW828R4A2D8P,2026-01-20T23:29:04.087489821Z,01KFEVRWRV4PBTM59RGPB1MPCT,2026-01-20T23:29:04.087489821Z,01KFEVRX01M5P0C2TP3ZXKJJ1Z,2026-01-20T23:29:04.087489821Z,true,2026-01-20T23:29:24.244096905Z
01KFEWGTPBVKJMVVW52YVH8DF8,01KFEVMN9Q125N5N16W4WNYJXF,2026-01-20T23:40:57.931378401Z,,,01KFEVMNAWK7WRWM1AMQZKX6SA,2026-01-20T23:40:57.931378401Z,,,01KFEW4NGJQK3SC6VDT657XA1V,2026-01-20T23:40:57.931378401Z,01KFEWE8SPXSSWENNJV0BH3H3G,2026-01-20T23:40:57.931378401Z,01KFEWE9203KDPK5ZC2R3R8KME,2026-01-20T23:40:57.931378401Z,true,2026-01-20T23:41:00.101523601Z
01KFEV9YQZ9VY62V5F33J32QS2,01KFEV2BZFDRZBG3Y0249RG1TW,2026-01-20T23:19:44.127047662Z,,,01KFEV2C08ND9C9BYW8N2T146P,2026-01-20T23:19:44.127047662Z,,,01KFEV4APCG117QZ1ZVXNKCJFC,2026-01-20T23:19:44.127047662Z,01KFEV9923DJ5VCDJPCWV8F272,2026-01-20T23:19:44.127047662Z,01KFEV9944WW8FYX779HCGANJN,2026-01-20T23:19:44.127047662Z,true,2026-01-20T23:19:46.059023566Z
01KFEVFZR58GTRS0HPDYJQARWQ,01KFEV2BZFDRZBG3Y0249RG1TW,2026-01-20T23:23:01.765402979Z,,,01KFEV2C0CP35QE41ZMH45J8TZ,2026-01-20T23:23:01.765402979Z,,,01KFEV7TATT805MEJDGTCA5NFM,2026-01-20T23:23:01.765402979Z,01KFEVB8G65XGTDB93SACT6HAB,2026-01-20T23:23:01.765402979Z,01KFEVB8NW9J6J7AN1Q0GD91CZ,2026-01-20T23:23:01.765402979Z,true,2026-01-20T23:23:04.452395411Z
01KFEVMRDWQAS7N2YJ3CZQ6X7A,01KFEV384BJYC62Y0E6AQK09K8,2026-01-20T23:25:38.108531025Z,,,01KFEV384Y33BFECW27AH8GSGD,2026-01-20T23:25:38.108531025Z,,,01KFEVCQTYNZYE4TGA9WFYBM2V,2026-01-20T23:25:38.108531025Z,01KFEVHAPQB1SQ5NQG6WGV0BMA,2026-01-20T23:25:38.108531025Z,01KFEVHAWVVM3TGC0EVSFPXW0Y,2026-01-20T23:25:38.108531025Z,true,2026-01-20T23:25:39.764709387Z
01KFEW7ECW7CBJV11GRPAH3C62,01KFEV38GJVYY8P8B7QXSW6BTE,2026-01-20T23:35:50.428901716Z,true,2026-01-20T23:36:00.105495507Z,01KFEV38H48T18ZRM15RETR33C,2026-01-20T23:35:50.428901716Z,29,2026-01-20T23:35:58.742552492Z,01KFEVVPVMNR90RS0DGAX989B7,2026-01-20T23:35:50.428901716Z,01KFEW2K6PK2TX8PWJC4BQBRD3,2026-01-20T23:35:50.428901716Z,01KFEW2KH5ACG25DE77CVJSVNG,2026-01-20T23:35:50.428901716Z,true,2026-01-20T23:36:03.202821712Z
01KFEW7ZW3YS9C2N04CJGABZAT,01KFEV38GJVYY8P8B7QXSW6BTE,2026-01-20T23:36:08.323602316Z,,,01KFEV38H48T18ZRM15RETR33C,2026-01-20T23:36:08.323602316Z,,,01KFEVYB6HS3VX2GA7D4G2GPMT,2026-01-20T23:36:08.323602316Z,01KFEW2K65H61S2VCF5K0K6SB6,2026-01-20T23:36:08.323602316Z,01KFEW2KK66BTJWRQH5GXP3C88,2026-01-20T23:36:08.323602316Z,true,2026-01-20T23:36:09.268016656Z
01KFEVTYJQNSE7TE3PNWCY83XR,01KFEV37PBC6DGWCX0HT0QWYJR,2026-01-20T23:29:01.015753272Z,,,01KFEV37PV76WD06T50QFKE80T,2026-01-20T23:29:01.015753272Z,,,01KFEVH5DDXBKC32H7RGDZYG1X,2026-01-20T23:29:01.015753272Z,01KFEVS2Z9EQT2Y1JNWRXDGX7J,2026-01-20T23:29:01.015753272Z,01KFEVS34C6QR7N0G2N83XWCC1,2026-01-20T23:29:01.015753272Z,true,2026-01-20T23:29:03.55047602Z
01KFEVVZWST9TNHDRE73Q93WZ9,01KFEVMN9Q125N5N16W4WNYJXF,2026-01-20T23:29:35.129750454Z,,,01KFEVMNB841AFDZFM4WSW4FTD,2026-01-20T23:29:35.129750454Z,,,01KFEVB2WK99SDZDFQAW6KYB9M,2026-01-20T23:29:35.129750454Z,01KFEVPNHFVEA7FM8X5XBZD9R8,2026-01-20T23:29:35.129750454Z,01KFEVPNXKV5Q02KNC4SKFNV7T,2026-01-20T23:29:35.129750454Z,true,2026-01-20T23:29:38.372745599Z
01KFEW7SMNTX984ZCGQEPZMFZF,01KFEVMNF44NEM58ETFST7KTWM,2026-01-20T23:36:01.941389958Z,,,01KFEVMNH60E845G0BNN18WWCX,2026-01-20T23:36:01.941389958Z,,,01KFEVT25T940Z2TG7G91WJBKE,2026-01-20T23:36:01.941389958Z,01KFEW7PNRNRMQAX1ZJ3QAKXQC,2026-01-20T23:36:01.941389958Z,01KFEW7PT72VGHQ0KQMEGK23GA,2026-01-20T23:36:01.941389958Z,true,2026-01-20T23:36:13.562113536Z
01KFEWBR7QWNY6HE4RDWH9A6TX,01KFEV384BJYC62Y0E6AQK09K8,2026-01-20T23:38:11.575720671Z,,,01KFEV384Z68A1Z7ZGWS1GDSZK,2026-01-20T23:38:11.575720671Z,,,01KFEW47TNE510SG18TR5ZERFB,2026-01-20T23:38:11.575720671Z,01KFEW9NEA3084E68Q79YRZ37E,2026-01-20T23:38:11.575720671Z,01KFEW9NNR6DT802WW9Y8ZHDT9,2026-01-20T23:38:11.575720671Z,true,2026-01-20T23:38:20.692877865Z
01KFEWBR7ZFBSG5JGTDCC83PTQ,01KFEV384BJYC62Y0E6AQK09K8,2026-01-20T23:38:11.583738083Z,,,01KFEV384Z68A1Z7ZGWS1GDSZK,2026-01-20T23:38:11.583738083Z,,,01KFEW2C8HX8QQZV0FHE0EMNPN,2026-01-20T23:38:11.583738083Z,01KFEW9NEA3084E68Q79YRZ37E,2026-01-20T23:38:11.583738083Z,01KFEW9NNR6DT802WW9Y8ZHDT9,2026-01-20T23:38:11.583738083Z,true,2026-01-20T23:38:18.531177463Z
01KFEVM8GERSMZ7VP7NP1TNF98,01KFEV377XDCWB0CVW0E7ES8WB,2026-01-20T23:25:21.806291788Z,,,01KFEV378PDZP87HXSESW6BA01,2026-01-20T23:25:21.806291788Z,,,01KFEV6V20FH8Q8TGZN4SVCF5R,2026-01-20T23:25:21.806291788Z,01KFEVF1QJJ1AJY0K2X9A8CP10,2026-01-20T23:25:21.806291788Z,01KFEVF20KAPPR7TZNQDF3SWNR,2026-01-20T23:25:21.806291788Z,true,2026-01-20T23:25:24.10235741Z
01KFEVVWP6PQ3ZJK1SXE5DPMX3,01KFEVMN9Q125N5N16W4WNYJXF,2026-01-20T23:29:31.846232868Z,,,01KFEVMNB841AFDZFM4WSW4FTD,2026-01-20T23:29:31.846232868Z,,,01KFEVC3J7JCZ73BZAKH9RH61D,2026-01-20T23:29:31.846232868Z,01KFEVPNH8ZPMZ16RW6XYTJZST,2026-01-20T23:29:31.846232868Z,01KFEVPNWSYA24QCQ7BGF2M2CX,2026-01-20T23:29:31.846232868Z,true,2026-01-20T23:29:35.00344185Z
01KFEVWK2XFRW8QG7ZS4N25PMS,01KFEV37PBC6DGWCX0HT0QWYJR,2026-01-20T23:29:54.781948717Z,,,01KFEV37PV76WD06T50QFKE80T,2026-01-20T23:29:54.781948717Z,,,01KFEVJMQNGBVWZMGKK0EQB935,2026-01-20T23:29:54.781948717Z,01KFEVS2YSDC5M1CSQ45WYXFCB,2026-01-20T23:29:54.781948717Z,01KFEVS3B2E213V3KEQD2DMGF3,2026-01-20T23:29:54.781948717Z,true,2026-01-20T23:29:56.858066288Z
01KFEW44G8MY8EZ9QTDXRS3EM9,01KFEV384BJYC62Y0E6AQK09K8,2026-01-20T23:34:01.992455468Z,,,01KFEV385166A8JYCZ9G4DMHRQ,2026-01-20T23:34:01.992455468Z,,,01KFEVWH8M80FFRA88HYSK2ZSQ,2026-01-20T23:34:01.992455468Z,01KFEW1AJQQTXG07GE8KNBNQJN,2026-01-20T23:34:01.992455468Z,01KFEW1AZC54ZNTD0T8WN958DK,2026-01-20T23:34:01.992455468Z,true,2026-01-20T23:34:03.533564Z
01KFEWC5TZ6GF973CET7D7HR6H,01KFEV38GJVYY8P8B7QXSW6BTE,2026-01-20T23:38:25.50397139Z,,,01KFEV38H8T2V9428VC9T7MEBA,2026-01-20T23:38:25.50397139Z,,,01KFEW5BKPC6PA6AD6TVFX3GTH,2026-01-20T23:38:25.50397139Z,01KFEWB933XTP1JVD282ZB991C,2026-01-20T23:38:25.50397139Z,01KFEWB99S54JRK70KHYBHCN7C,2026-01-20T23:38:25.50397139Z,true,2026-01-20T23:38:28.511868453Z
01KFEWXRP8C0ZS9TTS94BR2SBR,01KFEV38GJVYY8P8B7QXSW6BTE,2026-01-20T23:48:01.864681564Z,,,01KFEV38H0S2Y42XZDBCZ2KPGY,2026-01-20T23:48:01.864681564Z,,,01KFEWKWT6PWJAE8C8359J4DRM,2026-01-20T23:48:01.864681564Z,01KFEWVM7Z966CNQ4GRP5M96EG,2026-01-20T23:48:01.864681564Z,01KFEWVMMBQXDBY3KBPT8Q2PBJ,2026-01-20T23:48:01.864681564Z,true,2026-01-20T23:48:05.401948159Z
01KFEWGRNR5V9HGWRWRE8X06ZK,01KFEVMNNQTH6Q6DMJG65NFGVF,2026-01-20T23:40:55.864056062Z,,,01KFEVMNQ7WSYMPADRKJJ7K0T0,2026-01-20T23:40:55.864056062Z,,,01KFEW5E2KG89VD0P0MDY55AEM,2026-01-20T23:40:55.864056062Z,01KFEWGN7DH9SB6YA0JME23FWK,2026-01-20T23:40:55.864056062Z,01KFEWGNCBMSV2NYRE37VS6T4A,2026-01-20T23:40:55.864056062Z,,
01KFEVEZAQY3P29JQD0R399HJ0,01KFEV2BZFDRZBG3Y0249RG1TW,2026-01-20T23:22:28.567180499Z,false,2026-01-20T23:22:37.11863525Z,01KFEV2C0CP35QE41ZMH45J8TZ,2026-01-20T23:22:28.567180499Z,10,2026-01-20T23:22:35.588439196Z,01KFEV4PQ8V0QGQVX4KK2FPFJR,2026-01-20T23:22:28.567180499Z,01KFEVB8G0C42CFSXF2A2BHMKE,2026-01-20T23:22:28.567180499Z,01KFEVB8M7M9T709AJEA2M1VC3,2026-01-20T23:22:28.567180499Z,true,2026-01-20T23:22:40.140104129Z
01KFEVHPTXD8DE7M5ADRAM1H52,01KFEV377XDCWB0CVW0E7ES8WB,2026-01-20T23:23:58.173831989Z,true,2026-01-20T23:24:07.68210588Z,01KFEV378H0PY96RNMJFNCN7TE,2026-01-20T23:23:58.173831989Z,0,2026-01-20T23:24:03.329084889Z,01KFEVA045MDV6WERMTEQ3VAYR,2026-01-20T23:23:58.173831989Z,01KFEVEHGWD05V25JN0JRD6NS4,2026-01-20T23:23:58.173831989Z,01KFEVEHMA6F4A389KMKCY7HYJ,2026-01-20T23:23:58.173831989Z,true,2026-01-20T23:24:10.681966629Z
01KFEVHXXC5CT9QGSPFPTBKZJE,01KFEV37PBC6DGWCX0HT0QWYJR,2026-01-20T23:24:05.420245345Z,,,01KFEV37PYV9HETXX2PC055NBT,2026-01-20T23:24:05.420245345Z,,,01KFEV9QWYR4DNTS4QCCENEARJ,2026-01-20T23:24:05.420245345Z,01KFEVH4832VJZB12Y0Z5J9ZVB,2026-01-20T23:24:05.420245345Z,01KFEVH49VWNJJ92V568SKMVWH,2026-01-20T23:24:05.420245345Z,true,2026-01-20T23:24:10.908577538Z
01KFEVMGGMB7GVQEMM1K9C8T9N,01KFEV37CWX6SQYA0RPR0C01MW,2026-01-20T23:25:30.004575132Z,,,01KFEV37DE991T271V0BRDHRJW,2026-01-20T23:25:30.004575132Z,,,01KFEV8CTFEWEE7C0ZM9KMYRSE,2026-01-20T23:25:30.004575132Z,01KFEVGBCW7TNTPNJ175RV28X4,2026-01-20T23:25:30.004575132Z,01KFEVGBJ96NKB51ZV2HGV6QVJ,2026-01-20T23:25:30.004575132Z,true,2026-01-20T23:25:32.723070934Z
01KFEVQN8CG5489F28RKBWA6QB,01KFEV37PBC6DGWCX0HT0QWYJR,2026-01-20T23:27:13.1645918Z,,,01KFEV37PYV9HETXX2PSGE1RKD,2026-01-20T23:27:13.1645918Z,,,01KFEVDMPGK2KG6CGRXX80WQ5A,2026-01-20T23:27:13.1645918Z,01KFEVKCNE0XAMRN0N7CFCEXZ2,2026-01-20T23:27:13.1645918Z,01KFEVKCVA6RACV3K9116YJ2NH,2026-01-20T23:27:13.1645918Z,true,2026-01-20T23:27:15.759887065Z
01KFEVR0G53SEMP5992VC32EQW,01KFEV37CWX6SQYA0RPR0C01MW,2026-01-20T23:27:24.677440424Z,,,01KFEV37DE991T271V0NJ5BY6K,2026-01-20T23:27:24.677440424Z,,,01KFEV7RE3Q2MQ5NN8AGQ7Y4PK,2026-01-20T23:27:24.677440424Z,01KFEVJEKCQH6K2QKDETC0SMC1,2026-01-20T23:27:24.677440424Z,01KFEVJEQJZM6QTH7ZMSEZPXSH,2026-01-20T23:27:24.677440424Z,true,2026-01-20T23:27:30.199118387Z
01KFEVFK240T8SVWVCZ32WNWR1,01KFEV377XDCWB0CVW0E7ES8WB,2026-01-20T23:22:48.772044169Z,,,01KFEV378H0PY96RNMJTMM0E4X,2026-01-20T23:22:48.772044169Z,10,2026-01-20T23:23:17.597319263Z,01KFEV8TC8AZEPV3G36SCZ12C3,2026-01-20T23:22:48.772044169Z,01KFEVFBBRK2GJ0MGS3FRA88XS,2026-01-20T23:22:48.772044169Z,01KFEVFBDQ75GJ5ZJRHNNWPW5A,2026-01-20T23:22:48.772044169Z,,
01KFEVK237H0JVZ1V5H4634CYF,01KFEV37CWX6SQYA0RPR0C01MW,2026-01-20T23:24:42.471290502Z,,,01KFEV37DE991T271V0BRDHRJW,2026-01-20T23:24:42.471290502Z,,,01KFEV8CTFEWEE7C0ZM9KMYRSE,2026-01-20T23:24:42.471290502Z,01KFEVGBCR1VRA302JV9XDWJYD,2026-01-20T23:24:42.471290502Z,01KFEVGBGEH3AD8NPA8T5EHBQ1,2026-01-20T23:24:42.471290502Z,true,2026-01-20T23:24:45.924050164Z
01KFEVKY6XS9HVEVJ5AHJQGB5G,01KFEV377XDCWB0CVW0E7ES8WB,2026-01-20T23:25:11.261867579Z,,,01KFEV378H0PY96RNMJFNCN7TE,2026-01-20T23:25:11.261867579Z,,,01KFEV86DXXGMH25YQ8QC6JEB7,2026-01-20T23:25:11.261867579Z,01KFEVEHGQDBJ2RJG3S3R11MY8,2026-01-20T23:25:11.261867579Z,01KFEVEHR7S8XGXK4XJ2Q26K07,2026-01-20T23:25:11.261867579Z,true,2026-01-20T23:25:12.404401126Z
01KFEVRR8YG992ZGJ4FWDGJCWS,01KFEV37PBC6DGWCX0HT0QWYJR,2026-01-20T23:27:49.02261459Z,,,01KFEV37PYV9HETXX2PSGE1RKD,2026-01-20T23:27:49.02261459Z,,,01KFEV8PSQBX7P1ARFP0SDDW57,2026-01-20T23:27:49.02261459Z,01KFEVKCMHNFBMSFY09QX4TGHZ,2026-01-20T23:27:49.02261459Z,01KFEVKCXY73GJ5NCZ7TY32H3F,2026-01-20T23:27:49.02261459Z,true,2026-01-20T23:27:54.237707195Z
01KFEVWQ0Q23BVHPQBFBDT325P,01KFEV37CWX6SQYA0RPR0C01MW,2026-01-20T23:29:58.807112189Z,,,01KFEV37DAAK9E08F076WKMM6J,2026-01-20T23:29:58.807112189Z,,,01KFEVH10BYAXDVW828R4A2D8P,2026-01-20T23:29:58.807112189Z,01KFEVRWSPA17ZS4W91D5DRVBE,2026-01-20T23:29:58.807112189Z,01KFEVRX2TX5N634K3FK93M6A2,2026-01-20T23:29:58.807112189Z,true,2026-01-20T23:30:02.379131114Z
01KFEWER6AC4WWG69XAT2XB3K1,01KFEV38GJVYY8P8B7QXSW6BTE,2026-01-20T23:39:49.83460645Z,,,01KFEV38H8T2V9428VC9T7MEBA,2026-01-20T23:39:49.83460645Z,,,01KFEW5105FT4T963R9Z6AZ67Y,2026-01-20T23:39:49.83460645Z,01KFEWB95MVT152YDC7RERZG6G,2026-01-20T23:39:49.83460645Z,01KFEWB9JN8BP19T24SMWXHSV5,2026-01-20T23:39:49.83460645Z,true,2026-01-20T23:39:51.53816469Z
01KFEVBRCXNXGZ1VYJW36MZPH1,01KFEV2BZFDRZBG3Y0249RG1TW,2026-01-20T23:20:43.165789213Z,true,2026-01-20T23:20:48.978416684Z,01KFEV2C08ND9C9BYW8N2T146P,2026-01-20T23:20:43.165789213Z,20,2026-01-20T23:20:47.922455443Z,01KFEV4APCG117QZ1ZVXNKCJFC,2026-01-20T23:20:43.165789213Z,01KFEV992NF1BFY2J08HK8D9F8,2026-01-20T23:20:43.165789213Z,01KFEV99B639A31BWYGE6EE5BM,2026-01-20T23:20:43.165789213Z,true,2026-01-20T23:20:51.980522268Z
01KFEVMK9NMDB2S0X6T4W0VG97,01KFEV37CWX6SQYA0RPR0C01MW,2026-01-20T23:25:32.853469444Z,,,01KFEV37DE991T271V0BRDHRJW,2026-01-20T23:25:32.853469444Z,,,01KFEV8CTFEWEE7C0ZM9KMYRSE,2026-01-20T23:25:32.853469444Z,01KFEVGBD8T8SFCQH95NHF15WG,2026-01-20T23:25:32.853469444Z,01KFEVGBJRHHTNQJREANE206JZ,2026-01-20T23:25:32.853469444Z,true,2026-01-20T23:25:36.800494056Z
01KFEVS7SX07SW3CA3SYGNSA7F,01KFEV37CWX6SQYA0RPR0C01MW,2026-01-20T23:28:04.925271215Z,true,2026-01-20T23:28:13.865878774Z,01KFEV37DE991T271V0NJ5BY6K,2026-01-20T23:28:04.925271215Z,20,2026-01-20T23:28:12.280384126Z,01KFEV7RE3Q2MQ5NN8AGQ7Y4PK,2026-01-20T23:28:04.925271215Z,01KFEVJEKNZ510AYKA5A7669HW,2026-01-20T23:28:04.925271215Z,01KFEVJESF3R3AC650XPP77NN7,2026-01-20T23:28:04.925271215Z,true,2026-01-20T23:28:16.841578236Z
01KFEW55G7HDMCPMR3J0KTBYMC,01KFEV38GJVYY8P8B7QXSW6BTE,2026-01-20T23:34:35.783652762Z,,,01KFEV38H48T18ZRM15RETR33C,2026-01-20T23:34:35.783652762Z,,,01KFEVVPVMNR90RS0DGAX989B7,2026-01-20T23:34:35.783652762Z,01KFEW2K4KGKP2JV842BC1YZ2S,2026-01-20T23:34:35.783652762Z,01KFEW2KBCMVZG4RQJJWB3W4EE,2026-01-20T23:34:35.783652762Z,true,2026-01-20T23:34:38.043400806Z
01KFEWVYNC4WDCY27JKSTPPTF8,01KFEV38GJVYY8P8B7QXSW6BTE,2026-01-20T23:47:02.444837774Z,true,2026-01-20T23:47:09.967936381Z,01KFEV38H0S2Y42XZDBCZ2KPGY,2026-01-20T23:47:02.444837774Z,0,2026-01-20T23:47:09.071914074Z,01KFEWKWT6PWJAE8C8359J4DRM,2026-01-20T23:47:02.444837774Z,01KFEWVM5D5SBJNDB59MH62QTJ,2026-01-20T23:47:02.444837774Z,01KFEWVMB54ESHH9BYYDC2CP2C,2026-01-20T23:47:02.444837774Z,true,2026-01-20T23:47:12.980871906Z
01KFEWXNQFT5E0S346GXB0YZ5W,01KFEV38GJVYY8P8B7QXSW6BTE,2026-01-20T23:47:58.831951787Z,,,01KFEV38H0S2Y42XZDBCZ2KPGY,2026-01-20T23:47:58.831951787Z,,,01KFEWKWT6PWJAE8C8359J4DRM,2026-01-20T23:47:58.831951787Z,01KFEWVM7Z966CNQ4GRP5M96EG,2026-01-20T23:47:58.831951787Z,01KFEWVMKTCZBP8BBDN0SGZM9D,2026-01-20T23:47:58.831951787Z,true,2026-01-20T23:48:00.889750284Z
01KFEVKZQSA7XVNY3QMC2AJEGJ,01KFEV377XDCWB0CVW0E7ES8WB,2026-01-20T23:25:12.825888185Z,,,01KFEV378PDZP87HXSESW6BA01,2026-01-20T23:25:12.825888185Z,,,01KFEV6V20FH8Q8TGZN4SVCF5R,2026-01-20T23:25:12.825888185Z,01KFEVF1R3DQ0JFK5FV6Y4TWRQ,2026-01-20T23:25:12.825888185Z,01KFEVF203K7PNT3BGD2JRTEGP,2026-01-20T23:25:12.825888185Z,true,2026-01-20T23:25:16.628878624Z
01KFEVP4EW4TPZ51NHVZ5VZB22,01KFEV377XDCWB0CVW0E7ES8WB,2026-01-20T23:26:23.196614292Z,,,01KFEV378H0PY96RNMJTMM0E4X,2026-01-20T23:26:23.196614292Z,,,01KFEV8K48Q5MVC88J4XCQXRFY,2026-01-20T23:26:23.196614292Z,01KFEVFBD0577W18ZY0ZD05TA0,2026-01-20T23:26:23.196614292Z,01KFEVFBMDG7GJ32ZACQY5ARA0,2026-01-20T23:26:23.196614292Z,true,2026-01-20T23:26:25.385208752Z
01KFEVW70HDCKY21NA2M9KPTX2,01KFEV38A01XZ4DPRPFKRE96P8,2026-01-20T23:29:42.417063357Z,,,01KFEV38AJ2CFPYBQZ58NH0V5J,2026-01-20T23:29:42.417063357Z,,,01KFEVE55BQ40NXX8QW3R5RX0T,2026-01-20T23:29:42.417063357Z,01KFEVJWSE5ANWJ9JRWVS6CTSK,2026-01-20T23:29:42.417063357Z,01KFEVJX1E1ZFZ28SB2Y4KEB1Z,2026-01-20T23:29:42.417063357Z,true,2026-01-20T23:29:44.959123256Z
01KFEVX98662AS61SB2D51RYQ8,01KFEV37PBC6DGWCX0HT0QWYJR,2026-01-20T23:30:17.478760312Z,,,01KFEV37PV76WD06T50QFKE80T,2026-01-20T23:30:17.478760312Z,,,01KFEVJMQNGBVWZMGKK0EQB935,2026-01-20T23:30:17.478760312Z,01KFEVS30HWX3TCPK54FFTBPR0,2026-01-20T23:30:17.478760312Z,01KFEVS3C33JQT66BQQVBYS814,2026-01-20T23:30:17.478760312Z,true,2026-01-20T23:30:21.866635095Z
01KFEVXY8MZ595BTFHARRGFFSC,01KFEV37CWX6SQYA0RPR0C01MW,2026-01-20T23:30:38.996141216Z,,,01KFEV37DAAK9E08F076WKMM6J,2026-01-20T23:30:38.996141216Z,,,01KFEVH10BYAXDVW828R4A2D8P,2026-01-20T23:30:38.996141216Z,01KFEVRWT61HC9BSHHM7YRQS2Z,2026-01-20T23:30:38.996141216Z,01KFEVRX5ZVGG8HW10QENCVW1Y,2026-01-20T23:30:38.996141216Z,true,2026-01-20T23:30:42.226828418Z
01KFEWCPQSF2S1E5GG5P7ME5XS,01KFEV38GJVYY8P8B7QXSW6BTE,2026-01-20T23:38:42.809130662Z,,,01KFEV38H8T2V9428VC9T7MEBA,2026-01-20T23:38:42.809130662Z,,,01KFEW5BKPC6PA6AD6TVFX3GTH,2026-01-20T23:38:42.809130662Z,01KFEWB949AP0NZWRSRC3KVSY9,2026-01-20T23:38:42.809130662Z,01KFEWB9B6TZBJZQ3NPRBVYAPV,2026-01-20T23:38:42.809130662Z,true,2026-01-20T23:38:49.768648011Z
01KFEVNS42AVDHG5XGZQSN5H48,01KFEV37CWX6SQYA0RPR0C01MW,2026-01-20T23:26:11.586705559Z,,,01KFEV37DE991T271V0BRDHRJW,2026-01-20T23:26:11.586705559Z,,,01KFEVBZC2S6960QVT8J14HPMN,2026-01-20T23:26:11.586705559Z,01KFEVGBDEFGKQZTMK8HZ24A1T,2026-01-20T23:26:11.586705559Z,01KFEVGBMCD56YFFXGFQQ60PGY,2026-01-20T23:26:11.586705559Z,true,2026-01-20T23:26:14.14972755Z
01KFEVQBDK1Q3G3RS657G77ZVF,01KFEVMN9Q125N5N16W4WNYJXF,2026-01-20T23:27:03.091613231Z,true,2026-01-20T23:27:24.506529923Z,01KFEVMNB841AFDZFM4WSW4FTD,2026-01-20T23:27:03.091613231Z,0,2026-01-20T23:27:21.730886691Z,01KFEVC3J7JCZ73BZAKH9RH61D,2026-01-20T23:27:03.091613231Z,01KFEVPNF9X8183T19PW5K9TEJ,2026-01-20T23:27:03.091613231Z,01KFEVPNK1VCM12GMJT5M76SE7,2026-01-20T23:27:03.091613231Z,true,2026-01-20T23:27:27.262652656Z
01KFEW6XDAERDGZPBYCVMKKC47,01KFEVMN9Q125N5N16W4WNYJXF,2026-01-20T23:35:33.03461895Z,,,01KFEVMNBC23RB4D79KEQ4G0VS,2026-01-20T23:35:33.03461895Z,,,01KFEVX608THP5F5HX3GYF0X1K,2026-01-20T23:35:33.03461895Z,01KFEW3VMABX27Z99XP42SDS32,2026-01-20T23:35:33.03461895Z,01KFEW3W0RJNYY7XBVYWW19K96,2026-01-20T23:35:33.03461895Z,true,2026-01-20T23:35:34.717349475Z
01KFEWB5ZVTV9W3JSDPGK2FXDJ,01KFEV384BJYC62Y0E6AQK09K8,2026-01-20T23:37:52.89200256Z,,,01KFEV384Z68A1Z7ZGWS1GDSZK,2026-01-20T23:37:52.89200256Z,,,01KFEW47TNE510SG18TR5ZERFB,2026-01-20T23:37:52.89200256Z,01KFEW9NENJKDJEWHE1997FMH2,2026-01-20T23:37:52.89200256Z,01KFEW9NM4X7W2CZ2PB10F7HFZ,2026-01-20T23:37:52.89200256Z,true,2026-01-20T23:38:03.144730834Z
01KFEWJBQJ1ZFGRGB8GBRW5F8Y,01KFEVMN9Q125N5N16W4WNYJXF,2026-01-20T23:41:48.146769059Z,,,01KFEVMNAWK7WRWM1AMQZKX6SA,2026-01-20T23:41:48.146769059Z,,,01KFEW3YJBR4HT7BADWRSVJQV5,2026-01-20T23:41:48.146769059Z,01KFEWE8WVX74TZ8PTSRYVZGQG,2026-01-20T23:41:48.146769059Z,01KFEWE9F585JDVY0TN3VGX781,2026-01-20T23:41:48.146769059Z,true,2026-01-20T23:41:48.822285097Z
01KFEVAY406PFHB4JKPX62F6QR,01KFEV2BZFDRZBG3Y0249RG1TW,2026-01-20T23:20:16.257020722Z,,,01KFEV2C08ND9C9BYW8N2T146P,2026-01-20T23:20:16.257020722Z,,,01KFEV46YBCF5X09FCFJF4VDEY,2026-01-20T23:20:16.257020722Z,01KFEV992DYNW9GKK2CP4DN9DZ,2026-01-20T23:20:16.257020722Z,01KFEV9983GV4BBP4A5CC4WWE4,2026-01-20T23:20:16.257020722Z,true,2026-01-20T23:20:17.797915432Z
01KFEVQBDRJ8PZREQTAMHEZ1CX,01KFEVMN9Q125N5N16W4WNYJXF,2026-01-20T23:27:03.096867949Z,true,2026-01-20T23:27:19.565284885Z,01KFEVMNB841AFDZFM4WSW4FTD,2026-01-20T23:27:03.096867949Z,0,2026-01-20T23:27:17.403477384Z,01KFEVB2WK99SDZDFQAW6KYB9M,2026-01-20T23:27:03.096867949Z,01KFEVPNF9X8183T19PW5K9TEJ,2026-01-20T23:27:03.096867949Z,01KFEVPNK1VCM12GMJT5M76SE7,2026-01-20T23:27:03.096867949Z,true,2026-01-20T23:27:22.573872935Z
01KFEW8EN8JTA0SJR1VEDR1FWX,01KFEV38A01XZ4DPRPFKRE96P8,2026-01-20T23:36:23.464612797Z,,,01KFEV38AHTHHCNTDGHAJN0GXG,2026-01-20T23:36:23.464612797Z,,,01KFEVW5WA494MRXETJ2N5XX03,2026-01-20T23:36:23.464612797Z,01KFEW29ZCSX5849CNJP2CPD23,2026-01-20T23:36:23.464612797Z,01KFEW2AEEBMMFDWH69RGZQH20,2026-01-20T23:36:23.464612797Z,true,2026-01-20T23:36:26.427189648Z
01KFEVBQ4DPACJFJ0Y5KS0RCJK,01KFEV2BZFDRZBG3Y0249RG1TW,2026-01-20T23:20:41.869840345Z,,,01KFEV2C08ND9C9BYW8N2T146P,2026-01-20T23:20:41.869840345Z,,,01KFEV46YBCF5X09FCFJF4VDEY,2026-01-20T23:20:41.869840345Z,01KFEV992NF1BFY2J08HK8D9F8,2026-01-20T23:20:41.869840345Z,01KFEV99B5MNF28TGCZTKX1XSG,2026-01-20T23:20:41.869840345Z,true,2026-01-20T23:20:42.821040544Z
01KFEVGKP2184JA3WHYRNRQ00E,01KFEV377XDCWB0CVW0E7ES8WB,2026-01-20T23:23:22.17844091Z,,,01KFEV378PDZP87HXSESW6BA01,2026-01-20T23:23:22.17844091Z,,,01KFEV79YCQMQRJYZ004NV66QN,2026-01-20T23:23:22.17844091Z,01KFEVF1PSMKDKXGX0N31K7DMV,2026-01-20T23:23:22.17844091Z,01KFEVF1VPFKB32YV784R2WVY8,2026-01-20T23:23:22.17844091Z,true,2026-01-20T23:23:25.16050711Z
01KFEWGE1BBN26E481ZZS81Q0Q,01KFEV38A01XZ4DPRPFKRE96P8,2026-01-20T23:40:44.971444563Z,,,01KFEV38AJ2CFPYBQZ5JKK7PV4,2026-01-20T23:40:44.971444563Z,,,01KFEW61CSGZMFE4TZ96QA9A06,2026-01-20T23:40:44.971444563Z,01KFEW9RPG7H4171T00NS0ETE6,2026-01-20T23:40:44.971444563Z,01KFEW9SAJQT0S6MZRE6X3AGHW,2026-01-20T23:40:44.971444563Z,true,2026-01-20T23:40:46.050674958Z
01KFEVFR2ZTH9V48WTGCTQAKMS,01KFEV2BZFDRZBG3Y0249RG1TW,2026-01-20T23:22:53.919675073Z,,,01KFEV2C0CP35QE41ZMH45J8TZ,2026-01-20T23:22:53.919675073Z,,,01KFEV7TATT805MEJDGTCA5NFM,2026-01-20T23:22:53.919675073Z,01KFEVB8G5PCQ91G35P9E460CY,2026-01-20T23:22:53.919675073Z,01KFEVB8N90ZDW7AVZV3Z5XFB1,2026-01-20T23:22:53.919675073Z,true,2026-01-20T23:22:58.567600417Z
01KFEVFWVW2HAZVWNQH285RD82,01KFEV2BZFDRZBG3Y0249RG1TW,2026-01-20T23:22:58.81294248Z,,,01KFEV2C0CP35QE41ZMH45J8TZ,2026-01-20T23:22:58.81294248Z,,,01KFEV7TATT805MEJDGTCA5NFM,2026-01-20T23:22:58.81294248Z,01KFEVB8G5PCQ91G35P9E460CY,2026-01-20T23:22:58.81294248Z,01KFEVB8NBEMJ8R5FYH98J8G8E,2026-01-20T23:22:58.81294248Z,true,2026-01-20T23:23:01.693806634Z
01KFEVGP84CKKC22TVKG578V37,01KFEV37CWX6SQYA0RPR0C01MW,2026-01-20T23:23:24.804875829Z,true,2026-01-20T23:23:35.959218811Z,01KFEV37DE991T271V0BRDHRJW,2026-01-20T23:23:24.804875829Z,0,2026-01-20T23:23:34.109404288Z,01KFEV8CTFEWEE7C0ZM9KMYRSE,2026-01-20T23:23:24.804875829Z,01KFEVGBD2NH617BTMHE3APVY0,2026-01-20T23:23:24.804875829Z,01KFEVGBDZTBANPSARA306DZ07,2026-01-20T23:23:24.804875829Z,true,2026-01-20T23:23:38.958048526Z
01KFEVGTM2KKBF859WM3C4K90Z,01KFEV377XDCWB0CVW0E7ES8WB,2026-01-20T23:23:29.282750634Z,,,01KFEV378H0PY96RNMJTMM0E4X,2026-01-20T23:23:29.282750634Z,,,01KFEV8TC8AZEPV3G36SCZ12C3,2026-01-20T23:23:29.282750634Z,01KFEVFBBVXX7KP33DJ657NRX6,2026-01-20T23:23:29.282750634Z,01KFEVFBE9V1FPV33T7YF70B32,2026-01-20T23:23:29.282750634Z,true,2026-01-20T23:23:35.284558947Z
01KFEVQ31NS46A7S3Z5A38T4EY,01KFEV37CWX6SQYA0RPR0C01MW,2026-01-20T23:26:54.517292999Z,true,2026-01-20T23:27:16.145801766Z,01KFEV37DE991T271V0NJ5BY6K,2026-01-20T23:26:54.517292999Z,19,2026-01-20T23:27:13.702827365Z,01KFEVD9ZATE7H5N364WWPAV31,2026-01-20T23:26:54.517292999Z,01KFEVJEK9E3M288QRNEA9824W,2026-01-20T23:26:54.517292999Z,01KFEVJEQ22ZZQ8YWFC15EZRFR,2026-01-20T23:26:54.517292999Z,true,2026-01-20T23:27:19.158467979Z
01KFEW2NMZ6HCTVZ9R0EBRM59S,01KFEV37PBC6DGWCX0HT0QWYJR,2026-01-20T23:33:14.01590567Z,true,2026-01-20T23:33:22.443979521Z,01KFEV37Q0WSYAYKWHM2EXN0DN,2026-01-20T23:33:14.01590567Z,19,2026-01-20T23:33:20.908560092Z,01KFEVWYACX0Z3X7HHHK5DSTDD,2026-01-20T23:33:14.01590567Z,01KFEW0G9JQ4V4CCAST3DCAZYQ,2026-01-20T23:33:14.01590567Z,01KFEW0GHA0FQ4GJRM7GH88HJE,2026-01-20T23:33:14.01590567Z,true,2026-01-20T23:33:25.440626243Z
01KFEWHKEDKH4AJJ58G7ZQQYA8,01KFEVMN9Q125N5N16W4WNYJXF,2026-01-20T23:41:23.277338814Z,,,01KFEVMNAWK7WRWM1AMQZKX6SA,2026-01-20T23:41:23.277338814Z,,,01KFEW4NGJQK3SC6VDT657XA1V,2026-01-20T23:41:23.277338814Z,01KFEWE8TRPV1GKJA0331CAER2,2026-01-20T23:41:23.277338814Z,01KFEWE9698TMXZZZS73V4WZ65,2026-01-20T23:41:23.277338814Z,true,2026-01-20T23:41:24.933444406Z
01KFEWH32EEQ18R27RN3KMW2SB,01KFEVMN9Q125N5N16W4WNYJXF,2026-01-20T23:41:06.510657061Z,,,01KFEVMNAWK7WRWM1AMQZKX6SA,2026-01-20T23:41:06.510657061Z,,,01KFEW4NGJQK3SC6VDT657XA1V,2026-01-20T23:41:06.510657061Z,01KFEWE8X78MX8FTH7TFT5G1TY,2026-01-20T23:41:06.510657061Z,01KFEWE94FY10CAGDF08826BGF,2026-01-20T23:41:06.510657061Z,true,2026-01-20T23:41:07.79238179Z
01KFEVWW73ZFCENC2NAVDHZJGG,01KFEV37CWX6SQYA0RPR0C01MW,2026-01-20T23:30:04.131092436Z,,,01KFEV37DAAK9E08F076WKMM6J,2026-01-20T23:30:04.131092436Z,,,01KFEVH10BYAXDVW828R4A2D8P,2026-01-20T23:30:04.131092436Z,01KFEVRWSPA17ZS4W91D5DRVBE,2026-01-20T23:30:04.131092436Z,01KFEVRX2YVTPET7P1SGWGT9CN,2026-01-20T23:30:04.131092436Z,true,2026-01-20T23:30:08.308193468Z
01KFEW39WH0KHJN8976DPCBQ68,01KFEV384BJYC62Y0E6AQK09K8,2026-01-20T23:33:34.73757673Z,,,01KFEV385166A8JYCZ9G4DMHRQ,2026-01-20T23:33:34.73757673Z,,,01KFEVY502SJ2FK1Q7WFM0PHB4,2026-01-20T23:33:34.73757673Z,01KFEW1AKQX1Q335E33JXH77RT,2026-01-20T23:33:34.73757673Z,01KFEW1AT6J8HWX97RAXB9V0FZ,2026-01-20T23:33:34.73757673Z,true,2026-01-20T23:33:36.804106605Z
01KFEWEC5AVHRGMH27H8JCXB3W,01KFEV38GJVYY8P8B7QXSW6BTE,2026-01-20T23:39:37.514567359Z,,,01KFEV38H8T2V9428VC9T7MEBA,2026-01-20T23:39:37.514567359Z,,,01KFEW5BKPC6PA6AD6TVFX3GTH,2026-01-20T23:39:37.514567359Z,01KFEWB954NE20KXS9TVTM9QWN,2026-01-20T23:39:37.514567359Z,01KFEWB9FWD9HZHJJD2BEQ0W5S,2026-01-20T23:39:37.514567359Z,true,2026-01-20T23:39:40.517827438Z
01KFEWEW6KRRHGHKM831YD4NT8,01KFEV38A01XZ4DPRPFKRE96P8,2026-01-20T23:39:53.939295685Z,,,01KFEV38AJ2CFPYBQZ5JKK7PV4,2026-01-20T23:39:53.939295685Z,,,01KFEW61CSGZMFE4TZ96QA9A06,2026-01-20T23:39:53.939295685Z,01KFEW9RRB19NTDMQ39CJ149E9,2026-01-20T23:39:53.939295685Z,01KFEW9S281RCGXDCDZPTKRF9Z,2026-01-20T23:39:53.939295685Z,true,2026-01-20T23:39:59.283575004Z
01KFEWG5M48QC4DVFP9PTWZN09,01KFEVMN9Q125N5N16W4WNYJXF,2026-01-20T23:40:36.356205242Z,,,01KFEVMNAWK7WRWM1AMQZKX6SA,2026-01-20T23:40:36.356205242Z,,,01KFEW3YJBR4HT7BADWRSVJQV5,2026-01-20T23:40:36.356205242Z,01KFEWE8T23BZMWKHQ571WBSHF,2026-01-20T23:40:36.356205242Z,01KFEWE9001GQYH4PMYKX36AE0,2026-01-20T23:40:36.356205242Z,true,2026-01-20T23:40:48.589542684Z
01KFEWGTPJYH7V65M3MX90X0DV,01KFEVMN9Q125N5N16W4WNYJXF,2026-01-20T23:40:57.938370003Z,,,01KFEVMNAWK7WRWM1AMQZKX6SA,2026-01-20T23:40:57.938370003Z,,,01KFEW3YJBR4HT7BADWRSVJQV5,2026-01-20T23:40:57.938370003Z,01KFEWE8SPXSSWENNJV0BH3H3G,2026-01-20T23:40:57.938370003Z,01KFEWE9203KDPK5ZC2R3R8KME,2026-01-20T23:40:57.938370003Z,true,2026-01-20T23:41:02.949384326Z
01KFEW6Z59MR2RHWG0P6YZVC14,01KFEVMN9Q125N5N16W4WNYJXF,2026-01-20T23:35:34.825303249Z,,,01KFEVMNBC23RB4D79KEQ4G0VS,2026-01-20T23:35:34.825303249Z,,,01KFEVXFAQE8X4YEWXW17GBY46,2026-01-20T23:35:34.825303249Z,01KFEW3VMABX27Z99XP42SDS32,2026-01-20T23:35:34.825303249Z,01KFEW3W0Y0ZHXA3D1GR5PBRC0,2026-01-20T23:35:34.825303249Z,true,2026-01-20T23:35:36.303566708Z
01KFEWMFDX5P1N73F4387R7542,01KFEVMNF44NEM58ETFST7KTWM,2026-01-20T23:42:57.469043298Z,,,01KFEVMNHFNDCGHX9QBBFN387E,2026-01-20T23:42:57.469043298Z,,,01KFEW6A5E0ZVTNJ585Y831423,2026-01-20T23:42:57.469043298Z,01KFEWEZY0CVS9EZRWS47HB4GC,2026-01-20T23:42:57.469043298Z,01KFEWF0J91E0CGWP8BM9KXJ7Q,2026-01-20T23:42:57.469043298Z,true,2026-01-20T23:42:59.682177108Z
01KFEVHHRYR03XYTRNN206KFYB,01KFEV377XDCWB0CVW0E7ES8WB,2026-01-20T23:23:52.990357357Z,,,01KFEV378H0PY96RNMJFNCN7TE,2026-01-20T23:23:52.990357357Z,,,01KFEV86DXXGMH25YQ8QC6JEB7,2026-01-20T23:23:52.990357357Z,01KFEVEHGBCMP7V8TCE6N6N4MW,2026-01-20T23:23:52.990357357Z,01KFEVEHKMB9KVR5V8M28C0CBM,2026-01-20T23:23:52.990357357Z,true,2026-01-20T23:23:55.5151586Z
01KFEVHJQM6ZTRQ8FDZBD4VZWZ,01KFEV377XDCWB0CVW0E7ES8WB,2026-01-20T23:23:53.972548697Z,,,01KFEV378H0PY96RNMJTMM0E4X,2026-01-20T23:23:53.972548697Z,,,01KFEV8TC8AZEPV3G36SCZ12C3,2026-01-20T23:23:53.972548697Z,01KFEVFBC119EVVS3DCZ8BFX5M,2026-01-20T23:23:53.972548697Z,01KFEVFBFBD8GAFDCCKYTPDK4W,2026-01-20T23:23:53.972548697Z,true,2026-01-20T23:23:55.698408879Z
01KFEVHY78E99P2266T3V52S11,01KFEV377XDCWB0CVW0E7ES8WB,2026-01-20T23:24:05.736854064Z,,,01KFEV378PDZP87HXSESW6BA01,2026-01-20T23:24:05.736854064Z,,,01KFEV79YCQMQRJYZ004NV66QN,2026-01-20T23:24:05.736854064Z,01KFEVF1PYG8S0P7M884KS249T,2026-01-20T23:24:05.736854064Z,01KFEVF1WVS3HN3TMYER2GVT7B,2026-01-20T23:24:05.736854064Z,true,2026-01-20T23:24:10.7090624Z
01KFEVMP9G0X2VWDADJR0EFBXT,01KFEV37CWX6SQYA0RPR0C01MW,2026-01-20T23:25:35.920051502Z,,,01KFEV37DE991T271V0NJ5BY6K,2026-01-20T23:25:35.920051502Z,,,01KFEV7RE3Q2MQ5NN8AGQ7Y4PK,2026-01-20T23:25:35.920051502Z,01KFEVJEJJ6D7VBYCE9XWXMRKP,2026-01-20T23:25:35.920051502Z,01KFEVJENNVF0M0R5F7MQ894R6,2026-01-20T23:25:35.920051502Z,,
01KFEVP5NG23RBBRJF3BN8RQPA,01KFEV377XDCWB0CVW0E7ES8WB,2026-01-20T23:26:24.432835712Z,true,2026-01-20T23:26:28.443642068Z,01KFEV378FNG971PBW7B2SPNC6,2026-01-20T23:26:24.432835712Z,20,2026-01-20T23:26:27.333738251Z,01KFEVCRBGBMN5MZZVZA8FPX1Z,2026-01-20T23:26:24.432835712Z,01KFEVJNR6S4SX7KGTNEJ547G6,2026-01-20T23:26:24.432835712Z,01KFEVJP18STHVKWVWA64SYQHG,2026-01-20T23:26:24.432835712Z,true,2026-01-20T23:26:31.445650055Z
01KFEW4VAGZQSXMQ8TK383D4C2,01KFEV38A01XZ4DPRPFKRE96P8,2026-01-20T23:34:25.36092542Z,,,01KFEV38AHTHHCNTDGHAJN0GXG,2026-01-20T23:34:25.36092542Z,,,01KFEVW5WA494MRXETJ2N5XX03,2026-01-20T23:34:25.36092542Z,01KFEW29XSADA32QXA2MHBZPNA,2026-01-20T23:34:25.36092542Z,01KFEW2A3XWBSBFK73MME97XJM,2026-01-20T23:34:25.36092542Z,true,2026-01-20T23:34:29.049125673Z
01KFEVW5NSGWK1902ET8TJW8SW,01KFEVMN9Q125N5N16W4WNYJXF,2026-01-20T23:29:41.049835333Z,,,01KFEVMNB841AFDZFM4WSW4FTD,2026-01-20T23:29:41.049835333Z,,,01KFEVC3J7JCZ73BZAKH9RH61D,2026-01-20T23:29:41.049835333Z,01KFEVPNHPYT4D9Y89XXZCCCHS,2026-01-20T23:29:41.049835333Z,01KFEVPNYQX5PN7QM9319KJQFG,2026-01-20T23:29:41.049835333Z,true,2026-01-20T23:29:43.07585329Z
01KFEVXQKJJ2X50FF3H5FNSK65,01KFEV37CWX6SQYA0RPR0C01MW,2026-01-20T23:30:32.178734277Z,,,01KFEV37DAAK9E08F076WKMM6J,2026-01-20T23:30:32.178734277Z,,,01KFEVGWWQWT7BAZNJDAAA325H,2026-01-20T23:30:32.178734277Z,01KFEVRWQYDTTG3TBRZX6QCZTF,2026-01-20T23:30:32.178734277Z,01KFEVRX526115CFRDE51P6K96,2026-01-20T23:30:32.178734277Z,true,2026-01-20T23:30:38.785663562Z
01KFEWHDRMEKPE8VS86MJ9DG6G,01KFEVMNF44NEM58ETFST7KTWM,2026-01-20T23:41:17.460982208Z,,,01KFEVMNHFNDCGHX9QBBFN387E,2026-01-20T23:41:17.460982208Z,,,01KFEW78ZH0TY6JQ9J3GJMR3E3,2026-01-20T23:41:17.460982208Z,01KFEWEZX1QCKQJZPSQCFEKWPP,2026-01-20T23:41:17.460982208Z,01KFEWF05EVFMXZJ0Q0NG72NYF,2026-01-20T23:41:17.460982208Z,true,2026-01-20T23:41:20.761785608Z
01KFEVH0TSMN5TKPTQRTYY3H81,01KFEV377XDCWB0CVW0E7ES8WB,2026-01-20T23:23:35.641800856Z,,,01KFEV378PDZP87HXSESW6BA01,2026-01-20T23:23:35.641800856Z,19,2026-01-20T23:24:05.207411109Z,01KFEV79YCQMQRJYZ004NV66QN,2026-01-20T23:23:35.641800856Z,01KFEVF1Q29ZX430FYZMCC884K,2026-01-20T23:23:35.641800856Z,01KFEVF1W9STJGRNY93RG1QJ48,2026-01-20T23:23:35.641800856Z,,
01KFEVNJZ41SKN7NWD335JRNP1,01KFEV38A01XZ4DPRPFKRE96P8,2026-01-20T23:26:05.284615907Z,,,01KFEV38AJ2CFPYBQZ58NH0V5J,2026-01-20T23:26:05.284615907Z,,,01KFEVE55BQ40NXX8QW3R5RX0T,2026-01-20T23:26:05.284615907Z,01KFEVJWRBMK18VGXT9RA26R1D,2026-01-20T23:26:05.284615907Z,01KFEVJWV9MSS2EJT7WP65ZXW2,2026-01-20T23:26:05.284615907Z,true,2026-01-20T23:26:27.615423524Z
01KFEVPSN9XASZGT1QYNA5NW7T,01KFEV384BJYC62Y0E6AQK09K8,2026-01-20T23:26:44.905475553Z,true,2026-01-20T23:26:51.250923925Z,01KFEV384Y33BFECW27AH8GSGD,2026-01-20T23:26:44.905475553Z,0,2026-01-20T23:26:49.826061056Z,01KFEVF34Y0A3VWJYX9367Q9EA,2026-01-20T23:26:44.905475553Z,01KFEVHAQ1PGV31TD9W36P3MQD,2026-01-20T23:26:44.905475553Z,01KFEVHAYVBAAYJXMRK6DAN2AY,2026-01-20T23:26:44.905475553Z,true,2026-01-20T23:26:54.220874453Z
01KFEVYP0C6J2C124APM6NF9G1,01KFEV37CWX6SQYA0RPR0C01MW,2026-01-20T23:31:03.308843127Z,,,01KFEV37DAAK9E08F076WKMM6J,2026-01-20T23:31:03.308843127Z,,,01KFEVGWWQWT7BAZNJDAAA325H,2026-01-20T23:31:03.308843127Z,01KFEVRWTKHVAA5GAM8CPTYHJ5,2026-01-20T23:31:03.308843127Z,01KFEVRX7W0097WW9G2RDHWDYV,2026-01-20T23:31:03.308843127Z,true,2026-01-20T23:31:05.769964808Z
01KFEW4R5AH79R54E02HQGENE3,01KFEV38GJVYY8P8B7QXSW6BTE,2026-01-20T23:34:22.122140677Z,,,01KFEV38H48T18ZRM15RETR33C,2026-01-20T23:34:22.122140677Z,,,01KFEVVPVMNR90RS0DGAX989B7,2026-01-20T23:34:22.122140677Z,01KFEW2K3YS06VARVY9G44T7TD,2026-01-20T23:34:22.122140677Z,01KFEW2KABXT4KEECMXB2KWEXS,2026-01-20T23:34:22.122140677Z,true,2026-01-20T23:34:24.494219413Z
01KFEVJC8D9RSP92P83G5WRJQR,01KFEV384BJYC62Y0E6AQK09K8,2026-01-20T23:24:20.109900234Z,,,01KFEV384Y33BFECW27AH8GSGD,2026-01-20T23:24:20.109900234Z,,,01KFEVF34Y0A3VWJYX9367Q9EA,2026-01-20T23:24:20.109900234Z,01KFEVHANZWYMMJ585A25SK7SB,2026-01-20T23:24:20.109900234Z,01KFEVHAR4W3KDDVMKV2FPHNHH,2026-01-20T23:24:20.109900234Z,true,2026-01-20T23:24:24.104314245Z
01KFEVNNKEBYDAQDR2HJ46EHH2,01KFEV37PBC6DGWCX0HT0QWYJR,2026-01-20T23:26:07.982398387Z,,,01KFEV37PYV9HETXX2PSGE1RKD,2026-01-20T23:26:07.982398387Z,,,01KFEV8PSQBX7P1ARFP0SDDW57,2026-01-20T23:26:07.982398387Z,01KFEVKCMXV1V0WG8YMMXT3XTM,2026-01-20T23:26:07.982398387Z,01KFEVKCRFZVQNR29N76S0B6AS,2026-01-20T23:26:07.982398387Z,true,2026-01-20T23:26:14.597385141Z
01KFEVP90FXK0VP2RDRH36D014,01KFEV37PBC6DGWCX0HT0QWYJR,2026-01-20T23:26:27.855349603Z,,,01KFEV37PYV9HETXX2PC055NBT,2026-01-20T23:26:27.855349603Z,,,01KFEV9QWYR4DNTS4QCCENEARJ,2026-01-20T23:26:27.855349603Z,01KFEVH48PJZWE6P0HTZWV1EYQ,2026-01-20T23:26:27.855349603Z,01KFEVH4HH4EYPBBSASV4SEJZD,2026-01-20T23:26:27.855349603Z,true,2026-01-20T23:26:29.388914267Z
01KFEVPA2066R582CDED1A7RCR,01KFEV384BJYC62Y0E6AQK09K8,2026-01-20T23:26:28.928866623Z,,,01KFEV384Y33BFECW27AH8GSGD,2026-01-20T23:26:28.928866623Z,,,01KFEVF34Y0A3VWJYX9367Q9EA,2026-01-20T23:26:28.928866623Z,01KFEVHAPS4X009VG0R6NVCP4C,2026-01-20T23:26:28.928866623Z,01KFEVHAXP371FN0F1X7TAZ940,2026-01-20T23:26:28.928866623Z,true,2026-01-20T23:26:34.915939517Z
01KFEWGGA9K016AE4A6C0YZCTB,01KFEV38A01XZ4DPRPFKRE96P8,2026-01-20T23:40:47.305738629Z,,,01KFEV38AJ2CFPYBQZ5JKK7PV4,2026-01-20T23:40:47.305738629Z,,,01KFEW2CHJQZ9TDCN78BA2VKEM,2026-01-20T23:40:47.305738629Z,01KFEW9RPG7H4171T00NS0ETE6,2026-01-20T23:40:47.305738629Z,01KFEW9SAX7Q46QSGK91Y8GRDE,2026-01-20T23:40:47.305738629Z,true,2026-01-20T23:40:49.21027392Z
01KFEVGTM69XZ1NWDQ49WYQVGS,01KFEV377XDCWB0CVW0E7ES8WB,2026-01-20T23:23:29.286179359Z,,,01KFEV378H0PY96RNMJTMM0E4X,2026-01-20T23:23:29.286179359Z,,,01KFEV8K48Q5MVC88J4XCQXRFY,2026-01-20T23:23:29.286179359Z,01KFEVFBBVXX7KP33DJ657NRX6,2026-01-20T23:23:29.286179359Z,01KFEVFBE9V1FPV33T7YF70B32,2026-01-20T23:23:29.286179359Z,true,2026-01-20T23:23:34.526897163Z
01KFEVPG10M2YKWVAC94MR1P0V,01KFEV384BJYC62Y0E6AQK09K8,2026-01-20T23:26:35.040556782Z,,,01KFEV384Y33BFECW27AH8GSGD,2026-01-20T23:26:35.040556782Z,,,01KFEVCQTYNZYE4TGA9WFYBM2V,2026-01-20T23:26:35.040556782Z,01KFEVHAPW1MNGRGTGSBYGR38E,2026-01-20T23:26:35.040556782Z,01KFEVHAY5057QSB83XPKDH4N8,2026-01-20T23:26:35.040556782Z,true,2026-01-20T23:26:39.303089957Z
01KFEW85PDC2H68GGGB6MKFTPC,01KFEV38GJVYY8P8B7QXSW6BTE,2026-01-20T23:36:14.285300488Z,true,2026-01-20T23:36:22.187957132Z,01KFEV38H48T18ZRM15RETR33C,2026-01-20T23:36:14.285300488Z,0,2026-01-20T23:36:20.690112096Z,01KFEVYB6HS3VX2GA7D4G2GPMT,2026-01-20T23:36:14.285300488Z,01KFEW2K5Q3YTG9F7JD6J5VSNS,2026-01-20T23:36:14.285300488Z,01KFEW2KNJ2C7D0SHT0RJT0QGC,2026-01-20T23:36:14.285300488Z,true,2026-01-20T23:36:25.182928677Z
01KFEVGP83KB9W65TXWV4TQ61D,01KFEV37CWX6SQYA0RPR0C01MW,2026-01-20T23:23:24.803422812Z,true,2026-01-20T23:23:34.772243112Z,01KFEV37DE991T271V0BRDHRJW,2026-01-20T23:23:24.803422812Z,0,2026-01-20T23:23:32.139648799Z,01KFEVBZC2S6960QVT8J14HPMN,2026-01-20T23:23:24.803422812Z,01KFEVGBD2NH617BTMHE3APVY0,2026-01-20T23:23:24.803422812Z,01KFEVGBDZTBANPSARA306DZ07,2026-01-20T23:23:24.803422812Z,true,2026-01-20T23:23:37.770830948Z
01KFEW3EJ396P3CMGCT6KH06CZ,01KFEV37PBC6DGWCX0HT0QWYJR,2026-01-20T23:33:39.523700083Z,,,01KFEV37Q0WSYAYKWHM2EXN0DN,2026-01-20T23:33:39.523700083Z,,,01KFEVWYACX0Z3X7HHHK5DSTDD,2026-01-20T23:33:39.523700083Z,01KFEW0G9R2CR00EMTWN25XPQE,2026-01-20T23:33:39.523700083Z,01KFEW0GJCN60XT4N60XBB296X,2026-01-20T23:33:39.523700083Z,true,2026-01-20T23:33:43.950558189Z
01KFEW3EJ8W95WHEWCGCM63A15,01KFEV37PBC6DGWCX0HT0QWYJR,2026-01-20T23:33:39.528804048Z,,,01KFEV37Q0WSYAYKWHM2EXN0DN,2026-01-20T23:33:39.528804048Z,,,01KFEVWXXVHBHP5S1AZQQ4JZFK,2026-01-20T23:33:39.528804048Z,01KFEW0G9R2CR00EMTWN25XPQE,2026-01-20T23:33:39.528804048Z,01KFEW0GJCN60XT4N60XBB296X,2026-01-20T23:33:39.528804048Z,true,2026-01-20T23:33:42.532439287Z
01KFEVJBM0Z736J1V4SM4ACPTM,01KFEV377XDCWB0CVW0E7ES8WB,2026-01-20T23:24:19.456969412Z,,,01KFEV378H0PY96RNMJTMM0E4X,2026-01-20T23:24:19.456969412Z,,,01KFEV8K48Q5MVC88J4XCQXRFY,2026-01-20T23:24:19.456969412Z,01KFEVFBC7KD30QSSEZXA6VZYZ,2026-01-20T23:24:19.456969412Z,01KFEVFBGD8S89T1S2A95TDDTW,2026-01-20T23:24:19.456969412Z,true,2026-01-20T23:24:23.311752946Z
01KFEVK1D87EKTY654GTHDEDVA,01KFEV377XDCWB0CVW0E7ES8WB,2026-01-20T23:24:41.768369352Z,,,01KFEV378PDZP87HXSESW6BA01,2026-01-20T23:24:41.768369352Z,,,01KFEV79YCQMQRJYZ004NV66QN,2026-01-20T23:24:41.768369352Z,01KFEVF1QWVSRQZSBVJ2N2MCKF,2026-01-20T23:24:41.768369352Z,01KFEVF1YPSJWQV7PE6WXMQPM4,2026-01-20T23:24:41.768369352Z,true,2026-01-20T23:24:44.351342896Z
01KFEVMSW5VV2GK8YX908P7VDD,01KFEV37PBC6DGWCX0HT0QWYJR,2026-01-20T23:25:39.58990043Z,,,01KFEV37PYV9HETXX2PSGE1RKD,2026-01-20T23:25:39.58990043Z,,,01KFEVDMPGK2KG6CGRXX80WQ5A,2026-01-20T23:25:39.58990043Z,01KFEVKCMTAFBEY86Z8E6DFH9P,2026-01-20T23:25:39.58990043Z,01KFEVKCPWX6ZB3334K1D98NP2,2026-01-20T23:25:39.58990043Z,true,2026-01-20T23:25:44.686652451Z
01KFEW3Q8JMWQ6N0N299C0CABV,01KFEV37PBC6DGWCX0HT0QWYJR,2026-01-20T23:33:48.434534852Z,,,01KFEV37Q0WSYAYKWHM2EXN0DN,2026-01-20T23:33:48.434534852Z,,,01KFEVWXXVHBHP5S1AZQQ4JZFK,2026-01-20T23:33:48.434534852Z,01KFEW0G9XAWS7DYHEE7AAN198,2026-01-20T23:33:48.434534852Z,01KFEW0GKGFCBHKDM8BBBEVW49,2026-01-20T23:33:48.434534852Z,true,2026-01-20T23:33:51.260487361Z
01KFEW5PVGKF6HZFHSGRQSZZEY,01KFEVMN9Q125N5N16W4WNYJXF,2026-01-20T23:34:53.552829448Z,,,01KFEVMNBC23RB4D79KEQ4G0VS,2026-01-20T23:34:53.552829448Z,,,01KFEVXFAQE8X4YEWXW17GBY46,2026-01-20T23:34:53.552829448Z,01KFEW3VNVZC3K3MEZH39VDAQA,2026-01-20T23:34:53.552829448Z,01KFEW3VRDHAHCNQQS2MK3JEY3,2026-01-20T23:34:53.552829448Z,true,2026-01-20T23:34:55.887482103Z
01KFEWFA9K10EH6H23EMHKJCN4,01KFEV38GJVYY8P8B7QXSW6BTE,2026-01-20T23:40:08.371410751Z,,,01KFEV38H8T2V9428VC9T7MEBA,2026-01-20T23:40:08.371410751Z,,,01KFEW5BKPC6PA6AD6TVFX3GTH,2026-01-20T23:40:08.371410751Z,01KFEWB96KRX4ZB7T2765CQSN7,2026-01-20T23:40:08.371410751Z,01KFEWB9PXQKCH575PCSJNJ4Q5,2026-01-20T23:40:08.371410751Z,true,2026-01-20T23:40:09.170714811Z
01KFEVAGKNWTY43JM8GM7CX7ZD,01KFEV2BZFDRZBG3Y0249RG1TW,2026-01-20T23:20:02.421366412Z,true,2026-01-20T23:20:09.107433116Z,01KFEV2C08ND9C9BYW8N2T146P,2026-01-20T23:20:02.421366412Z,20,2026-01-20T23:20:07.667125376Z,01KFEV46YBCF5X09FCFJF4VDEY,2026-01-20T23:20:02.421366412Z,01KFEV992BY8ZQV1K5DH9Q0F8T,2026-01-20T23:20:02.421366412Z,01KFEV9961QZR5RK2WEPE4PKJG,2026-01-20T23:20:02.421366412Z,true,2026-01-20T23:20:12.11893189Z
01KFEVGC5CP2JE5QMX6BJ2A1WG,01KFEV37CWX6SQYA0RPR0C01MW,2026-01-20T23:23:14.476452558Z,,,01KFEV37DE991T271V0BRDHRJW,2026-01-20T23:23:14.476452558Z,,,01KFEV8CTFEWEE7C0ZM9KMYRSE,2026-01-20T23:23:14.476452558Z,01KFEVGBD2NH617BTMHE3APVY0,2026-01-20T23:23:14.476452558Z,01KFEVGBDX6JSF318JYZM3WSNJ,2026-01-20T23:23:14.476452558Z,true,2026-01-20T23:23:24.765536591Z
01KFEVKZJEFZXH06Z39ZR42YJG,01KFEV37CWX6SQYA0RPR0C01MW,2026-01-20T23:25:12.654256665Z,,,01KFEV37DE991T271V0BRDHRJW,2026-01-20T23:25:12.654256665Z,,,01KFEV8CTFEWEE7C0ZM9KMYRSE,2026-01-20T23:25:12.654256665Z,01KFEVGBCTGC7HJ089TPZS8PH5,2026-01-20T23:25:12.654256665Z,01KFEVGBGXH8DGTZBQKXD7FGNT,2026-01-20T23:25:12.654256665Z,true,2026-01-20T23:25:18.881350089Z
01KFEVPRTSEKYQXDKRS1GJAZZ2,01KFEV37CWX6SQYA0RPR0C01MW,2026-01-20T23:26:44.057570854Z,,,01KFEV37DE991T271V0NJ5BY6K,2026-01-20T23:26:44.057570854Z,,,01KFEVD9ZATE7H5N364WWPAV31,2026-01-20T23:26:44.057570854Z,01KFEVJEK4F89CSCY0X9C1AJQJ,2026-01-20T23:26:44.057570854Z,01KFEVJEPEFC77YJSDC5C49G1S,2026-01-20T23:26:44.057570854Z,true,2026-01-20T23:26:49.943589258Z
01KFEW4RA2R825Z84F7Z25S1BX,01KFEV37PBC6DGWCX0HT0QWYJR,2026-01-20T23:34:22.274534413Z,,,01KFEV37Q0WSYAYKWHM2EXN0DN,2026-01-20T23:34:22.274534413Z,,,01KFEVWYACX0Z3X7HHHK5DSTDD,2026-01-20T23:34:22.274534413Z,01KFEW0GB864QKBAB0HBJ7K4K5,2026-01-20T23:34:22.274534413Z,01KFEW0GRTFB3RX26HR5WNSMHS,2026-01-20T23:34:22.274534413Z,true,2026-01-20T23:34:23.324547648Z
01KFEWDESWG0D3XVAZR9S5M0XN,01KFEV384BJYC62Y0E6AQK09K8,2026-01-20T23:39:07.452132506Z,,,01KFEV384Z68A1Z7ZGWS1GDSZK,2026-01-20T23:39:07.452132506Z,,,01KFEW47TNE510SG18TR5ZERFB,2026-01-20T23:39:07.452132506Z,01KFEW9NFJC2J34XYTRA892WKP,2026-01-20T23:39:07.452132506Z,01KFEW9NW41493FV00J453CM7S,2026-01-20T23:39:07.452132506Z,true,2026-01-20T23:39:10.851302106Z
01KFEVJC8FE9285552NTTHZXN9,01KFEV384BJYC62Y0E6AQK09K8,2026-01-20T23:24:20.111636355Z,,,01KFEV384Y33BFECW27AH8GSGD,2026-01-20T23:24:20.111636355Z,,,01KFEVCQTYNZYE4TGA9WFYBM2V,2026-01-20T23:24:20.111636355Z,01KFEVHANZWYMMJ585A25SK7SB,2026-01-20T23:24:20.111636355Z,01KFEVHAR4W3KDDVMKV2FPHNHH,2026-01-20T23:24:20.111636355Z,true,2026-01-20T23:24:23.418748714Z
01KFEVWATTXJBZJGJSSSWJKTJH,01KFEV37CWX6SQYA0RPR0C01MW,2026-01-20T23:29:46.330721634Z,,,01KFEV37DAAK9E08F076WKMM6J,2026-01-20T23:29:46.330721634Z,,,01KFEVGWWQWT7BAZNJDAAA325H,2026-01-20T23:29:46.330721634Z,01KFEVRWSFA1JEJGM44RM12CEB,2026-01-20T23:29:46.330721634Z,01KFEVRX1R5BX88KBVJ2QT0677,2026-01-20T23:29:46.330721634Z,true,2026-01-20T23:29:51.571984437Z
01KFEW0RR6XV57WRD9ZR1106RH,01KFEV37PBC6DGWCX0HT0QWYJR,2026-01-20T23:32:11.654258757Z,false,2026-01-20T23:32:36.58948014Z,01KFEV37Q0WSYAYKWHM2EXN0DN,2026-01-20T23:32:11.654258757Z,19,2026-01-20T23:32:35.741761379Z,01KFEVWXXVHBHP5S1AZQQ4JZFK,2026-01-20T23:32:11.654258757Z,01KFEW0G8EM7FSNHE79C3F9KH6,2026-01-20T23:32:11.654258757Z,01KFEW0GCV1RPJ5BV5EAKQRCS2,2026-01-20T23:32:11.654258757Z,true,2026-01-20T23:32:39.606232156Z
01KFEW2PVHDD8G7QP68FPKE6A0,01KFEV384BJYC62Y0E6AQK09K8,2026-01-20T23:33:15.24973982Z,,,01KFEV385166A8JYCZ9G4DMHRQ,2026-01-20T23:33:15.24973982Z,,,01KFEVWH8M80FFRA88HYSK2ZSQ,2026-01-20T23:33:15.24973982Z,01KFEW1AHK7P065S468G6XKRHA,2026-01-20T23:33:15.24973982Z,01KFEW1APZG521D8Y44RHCM4F9,2026-01-20T23:33:15.24973982Z,true,2026-01-20T23:33:17.477118901Z
01KFEW3G7A68GXTZ0AAM7EWAC6,01KFEV384BJYC62Y0E6AQK09K8,2026-01-20T23:33:41.226311778Z,,,01KFEV385166A8JYCZ9G4DMHRQ,2026-01-20T23:33:41.226311778Z,,,01KFEVWH8M80FFRA88HYSK2ZSQ,2026-01-20T23:33:41.226311778Z,01KFEW1AKGQ270E4D2RH495YX3,2026-01-20T23:33:41.226311778Z,01KFEW1AVSFKDVTVFK70YRMCXV,2026-01-20T23:33:41.226311778Z,true,2026-01-20T23:33:43.570418768Z
01KFEWD8NWB20MN2TSSJRCFX81,01KFEV38A01XZ4DPRPFKRE96P8,2026-01-20T23:39:01.18076099Z,,,01KFEV38AJ2CFPYBQZ5JKK7PV4,2026-01-20T23:39:01.18076099Z,,,01KFEW2CHJQZ9TDCN78BA2VKEM,2026-01-20T23:39:01.18076099Z,01KFEW9RS4ARACABCS30DH1PYC,2026-01-20T23:39:01.18076099Z,01KFEW9RZ3PKHEZ0XQVGVHC6A2,2026-01-20T23:39:01.18076099Z,true,2026-01-20T23:39:15.457459327Z
01KFEVM90QPK3ZHCJ6WTSHWPEQ,01KFEV384BJYC62Y0E6AQK09K8,2026-01-20T23:25:22.327381946Z,true,2026-01-20T23:25:34.145710694Z,01KFEV384Y33BFECW27AH8GSGD,2026-01-20T23:25:22.327381946Z,29,2026-01-20T23:25:32.702773445Z,01KFEVF34Y0A3VWJYX9367Q9EA,2026-01-20T23:25:22.327381946Z,01KFEVHAPNHDSTG2VZVHXASK93,2026-01-20T23:25:22.327381946Z,01KFEVHAWC6CN69W0DMKDXV6RB,2026-01-20T23:25:22.327381946Z,true,2026-01-20T23:25:37.10608194Z
01KFEVMK57SC93K400RTE2WBF4,01KFEV377XDCWB0CVW0E7ES8WB,2026-01-20T23:25:32.711418135Z,true,2026-01-20T23:25:39.095779275Z,01KFEV378FNG971PBW7B2SPNC6,2026-01-20T23:25:32.711418135Z,20,2026-01-20T23:25:37.651912627Z,01KFEVCRBGBMN5MZZVZA8FPX1Z,2026-01-20T23:25:32.711418135Z,01KFEVJNR4936M3NZWK961C48N,2026-01-20T23:25:32.711418135Z,01KFEVJNW2GRWDJRJ5PP0AHAGY,2026-01-20T23:25:32.711418135Z,true,2026-01-20T23:25:42.097990895Z
01KFEVYESR4TWNGNVGG96XDXCQ,01KFEV37CWX6SQYA0RPR0C01MW,2026-01-20T23:30:55.928247682Z,,,01KFEV37DAAK9E08F076WKMM6J,2026-01-20T23:30:55.928247682Z,,,01KFEVGWWQWT7BAZNJDAAA325H,2026-01-20T23:30:55.928247682Z,01KFEVRWTFS6WZR3RJEQCQ8B5K,2026-01-20T23:30:55.928247682Z,01KFEVRX72X0KXNF2Q1SX8QNGB,2026-01-20T23:30:55.928247682Z,true,2026-01-20T23:31:00.2191439Z
01KFEW3NV2FWVR8WBDRV8NCAZQ,01KFEV384BJYC62Y0E6AQK09K8,2026-01-20T23:33:46.978465264Z,,,01KFEV385166A8JYCZ9G4DMHRQ,2026-01-20T23:33:46.978465264Z,,,01KFEVY502SJ2FK1Q7WFM0PHB4,2026-01-20T23:33:46.978465264Z,01KFEW1AJZPPPE7Z0G8BBR056M,2026-01-20T23:33:46.978465264Z,01KFEW1AY1KN7T636PS6PH4FH0,2026-01-20T23:33:46.978465264Z,true,2026-01-20T23:33:48.892193725Z
01KFEW58AHX2B4PFYHD7NT1QKC,01KFEV38GJVYY8P8B7QXSW6BTE,2026-01-20T23:34:38.673203733Z,,,01KFEV38H48T18ZRM15RETR33C,2026-01-20T23:34:38.673203733Z,,,01KFEVVPVMNR90RS0DGAX989B7,2026-01-20T23:34:38.673203733Z,01KFEW2K56P3AGBJZAEKF6M147,2026-01-20T23:34:38.673203733Z,01KFEW2KC8DCN4MT7Y7143DMB5,2026-01-20T23:34:38.673203733Z,true,2026-01-20T23:34:56.851478298Z
01KFEWD9TS040VV2SGSK07AWP5,01KFEV38GJVYY8P8B7QXSW6BTE,2026-01-20T23:39:02.361128204Z,,,01KFEV38H8T2V9428VC9T7MEBA,2026-01-20T23:39:02.361128204Z,,,01KFEW5105FT4T963R9Z6AZ67Y,2026-01-20T23:39:02.361128204Z,01KFEWB94KQ2XE0PFRQY8WXWM9,2026-01-20T23:39:02.361128204Z,01KFEWB9CZCFCFGMP4CVNQWGXC,2026-01-20T23:39:02.361128204Z,true,2026-01-20T23:39:07.40942023Z
01KFEVG9XVW4SNEERHQDVGCGY4,01KFEV2BZFDRZBG3Y0249RG1TW,2026-01-20T23:23:12.187514077Z,true,2026-01-20T23:23:17.624304165Z,01KFEV2C0CP35QE41ZMH45J8TZ,2026-01-20T23:23:12.187514077Z,0,2026-01-20T23:23:16.585791113Z,01KFEV7TATT805MEJDGTCA5NFM,2026-01-20T23:23:12.187514077Z,01KFEVB8G65XGTDB93SRCK5ATZ,2026-01-20T23:23:12.187514077Z,01KFEVB8PCEHCTD1JD90QNZ79K,2026-01-20T23:23:12.187514077Z,true,2026-01-20T23:23:20.637637714Z
01KFEVHPTZVVXM811GMNGCPP0A,01KFEV377XDCWB0CVW0E7ES8WB,2026-01-20T23:23:58.175609188Z,true,2026-01-20T23:24:03.682085981Z,01KFEV378H0PY96RNMJFNCN7TE,2026-01-20T23:23:58.175609188Z,0,2026-01-20T23:24:01.871506398Z,01KFEV86DXXGMH25YQ8QC6JEB7,2026-01-20T23:23:58.175609188Z,01KFEVEHGWD05V25JN0JRD6NS4,2026-01-20T23:23:58.175609188Z,01KFEVEHMA6F4A389KMKCY7HYJ,2026-01-20T23:23:58.175609188Z,true,2026-01-20T23:24:06.683973228Z
01KFEW23DJ7X55YQD413NKE96M,01KFEV37PBC6DGWCX0HT0QWYJR,2026-01-20T23:32:55.346919239Z,,,01KFEV37Q0WSYAYKWHM2EXN0DN,2026-01-20T23:32:55.346919239Z,,,01KFEVWYACX0Z3X7HHHK5DSTDD,2026-01-20T23:32:55.346919239Z,01KFEW0G8ZZKDWGVVQH1FBRDRX,2026-01-20T23:32:55.346919239Z,01KFEW0GF0HJMK8HNT1VCWDWHW,2026-01-20T23:32:55.346919239Z,true,2026-01-20T23:33:00.011901843Z
01KFEW8ZP6KW026MAQY68X5SVN,01KFEV38A01XZ4DPRPFKRE96P8,2026-01-20T23:36:40.902079548Z,false,2026-01-20T23:36:48.513870148Z,01KFEV38AHTHHCNTDGHAJN0GXG,2026-01-20T23:36:40.902079548Z,29,2026-01-20T23:36:45.709914528Z,01KFEVW5WA494MRXETJ2N5XX03,2026-01-20T23:36:40.902079548Z,01KFEW29ZYEEN9EXZHWPRR43NM,2026-01-20T23:36:40.902079548Z,01KFEW2AHYRBBYE7FBZ4QFNBD7,2026-01-20T23:36:40.902079548Z,true,2026-01-20T23:36:51.518222473Z
01KFEWCXM8MKHHYX4SD0VSQ8RV,01KFEV38GJVYY8P8B7QXSW6BTE,2026-01-20T23:38:49.864394294Z,,,01KFEV38H8T2V9428VC9T7MEBA,2026-01-20T23:38:49.864394294Z,,,01KFEW5BKPC6PA6AD6TVFX3GTH,2026-01-20T23:38:49.864394294Z,01KFEWB949AP0NZWRSRC3KVSY9,2026-01-20T23:38:49.864394294Z,01KFEWB9BJCSDKQ198F7TGZAVK,2026-01-20T23:38:49.864394294Z,true,2026-01-20T23:38:52.192048108Z
01KFEW6XDK6WNW2NE6ZN9N1DFJ,01KFEVMN9Q125N5N16W4WNYJXF,2026-01-20T23:35:33.043880166Z,,,01KFEVMNBC23RB4D79KEQ4G0VS,2026-01-20T23:35:33.043880166Z,,,01KFEVXFAQE8X4YEWXW17GBY46,2026-01-20T23:35:33.043880166Z,01KFEW3VMABX27Z99XP42SDS32,2026-01-20T23:35:33.043880166Z,01KFEW3W0RJNYY7XBVYWW19K96,2026-01-20T23:35:33.043880166Z,true,2026-01-20T23:35:34.066212392Z
01KFEW83MNCQK1YC866G8H38XN,01KFEV38GJVYY8P8B7QXSW6BTE,2026-01-20T23:36:12.181941185Z,,,01KFEV38H48T18ZRM15RETR33C,2026-01-20T23:36:12.181941185Z,,,01KFEVYB6HS3VX2GA7D4G2GPMT,2026-01-20T23:36:12.181941185Z,01KFEW2K5YK8ZH9TZ42EQVRP4J,2026-01-20T23:36:12.181941185Z,01KFEW2KMGYFDVSKENZM1V7YSW,2026-01-20T23:36:12.181941185Z,true,2026-01-20T23:36:13.076770602Z
01KFEVFZR3SKFWFZM58A3SHCA7,01KFEV2BZFDRZBG3Y0249RG1TW,2026-01-20T23:23:01.763827577Z,,,01KFEV2C0CP35QE41ZMH45J8TZ,2026-01-20T23:23:01.763827577Z,,,01KFEV4PQ8V0QGQVX4KK2FPFJR,2026-01-20T23:23:01.763827577Z,01KFEVB8G65XGTDB93SACT6HAB,2026-01-20T23:23:01.763827577Z,01KFEVB8NW9J6J7AN1Q0GD91CZ,2026-01-20T23:23:01.763827577Z,true,2026-01-20T23:23:04.208896153Z
01KFEVNTAZGHCC8NV6T8P20ZJX,01KFEV377XDCWB0CVW0E7ES8WB,2026-01-20T23:26:12.831723654Z,,,01KFEV378FNG971PBW7B2SPNC6,2026-01-20T23:26:12.831723654Z,,,01KFEV82H962BNCCRXPB524628,2026-01-20T23:26:12.831723654Z,01KFEVJNRD1MY8S8B50S9C4WM2,2026-01-20T23:26:12.831723654Z,01KFEVJNZX3VPXZV2J2EXWT3WW,2026-01-20T23:26:12.831723654Z,true,2026-01-20T23:26:14.66910199Z
01KFEVRRYN3WH5K68DE3WMGP91,01KFEV37CWX6SQYA0RPR0C01MW,2026-01-20T23:27:49.717731861Z,,,01KFEV37DE991T271V0NJ5BY6K,2026-01-20T23:27:49.717731861Z,,,01KFEV7RE3Q2MQ5NN8AGQ7Y4PK,2026-01-20T23:27:49.717731861Z,01KFEVJEKGMYFZA2VJEASABFYY,2026-01-20T23:27:49.717731861Z,01KFEVJERTCRCPHGQVTV124RGP,2026-01-20T23:27:49.717731861Z,true,2026-01-20T23:27:51.78197315Z
01KFEVTW4E6H0VKEWRGT09CYA3,01KFEV38A01XZ4DPRPFKRE96P8,2026-01-20T23:28:58.510954081Z,,,01KFEV38AJ2CFPYBQZ58NH0V5J,2026-01-20T23:28:58.510954081Z,,,01KFEVE55BQ40NXX8QW3R5RX0T,2026-01-20T23:28:58.510954081Z,01KFEVJWSA1G8BTA3YJK5GPKEP,2026-01-20T23:28:58.510954081Z,01KFEVJWZEZTTQ2YG9R4S34MES,2026-01-20T23:28:58.510954081Z,,
01KFEVXY8RPKP5DPF5E1ZM44EB,01KFEV37CWX6SQYA0RPR0C01MW,2026-01-20T23:30:39.000469306Z,,,01KFEV37DAAK9E08F076WKMM6J,2026-01-20T23:30:39.000469306Z,,,01KFEVGWWQWT7BAZNJDAAA325H,2026-01-20T23:30:39.000469306Z,01KFEVRWT61HC9BSHHM7YRQS2Z,2026-01-20T23:30:39.000469306Z,01KFEVRX5ZVGG8HW10QENCVW1Y,2026-01-20T23:30:39.000469306Z,true,2026-01-20T23:30:47.409486371Z
01KFEW3YVYDSTF2GC9FE4TNH1G,01KFEV38GJVYY8P8B7QXSW6BTE,2026-01-20T23:33:56.222067252Z,,,01KFEV38H48T18ZRM15RETR33C,2026-01-20T23:33:56.222067252Z,,,01KFEVYB6HS3VX2GA7D4G2GPMT,2026-01-20T23:33:56.222067252Z,01KFEW2K3YS06VARVY9G44T7TD,2026-01-20T23:33:56.222067252Z,01KFEW2KA2M93G98TDF7TPE4NV,2026-01-20T23:33:56.222067252Z,true,2026-01-20T23:33:59.072284838Z
01KFEVJB9EBCFC4SPMYHCV6MGP,01KFEV377XDCWB0CVW0E7ES8WB,2026-01-20T23:24:19.118383142Z,,,01KFEV378H0PY96RNMJFNCN7TE,2026-01-20T23:24:19.118383142Z,,,01KFEVA045MDV6WERMTEQ3VAYR,2026-01-20T23:24:19.118383142Z,01KFEVEHGT727FBD9HJ47T8RQS,2026-01-20T23:24:19.118383142Z,01KFEVEHNFTY9KGRXCRJ6RTBFQ,2026-01-20T23:24:19.118383142Z,true,2026-01-20T23:24:20.05312843Z
01KFEVQVE6B6D9YH7ZBTHND4JW,01KFEV37PBC6DGWCX0HT0QWYJR,2026-01-20T23:27:19.494066021Z,,,01KFEV37PYV9HETXX2PSGE1RKD,2026-01-20T23:27:19.494066021Z,,,01KFEVDMPGK2KG6CGRXX80WQ5A,2026-01-20T23:27:19.494066021Z,01KFEVKCNE0XAMRN0N7CFCEXZ2,2026-01-20T23:27:19.494066021Z,01KFEVKCVFSV8YPR1THCXPHQYS,2026-01-20T23:27:19.494066021Z,true,2026-01-20T23:27:22.778356254Z
01KFEVXHV3DSNG8KVMK33AEF82,01KFEV37CWX6SQYA0RPR0C01MW,2026-01-20T23:30:26.27588257Z,,,01KFEV37DAAK9E08F076WKMM6J,2026-01-20T23:30:26.27588257Z,,,01KFEVH10BYAXDVW828R4A2D8P,2026-01-20T23:30:26.27588257Z,01KFEVRWQYDTTG3TBRZX6QCZTF,2026-01-20T23:30:26.27588257Z,01KFEVRX4W9TM75DPH6DXSYZ7B,2026-01-20T23:30:26.27588257Z,true,2026-01-20T23:30:29.746294406Z
01KFEW307ZTNNTK1QVFY64C5MJ,01KFEV384BJYC62Y0E6AQK09K8,2026-01-20T23:33:24.86392893Z,,,01KFEV385166A8JYCZ9G4DMHRQ,2026-01-20T23:33:24.86392893Z,,,01KFEVWH8M80FFRA88HYSK2ZSQ,2026-01-20T23:33:24.86392893Z,01KFEW1AH3KYJV5QTKFEPKQZZX,2026-01-20T23:33:24.86392893Z,01KFEW1AS2NJAQFENAD837SE9V,2026-01-20T23:33:24.86392893Z,true,2026-01-20T23:33:26.086011186Z
01KFEWF42J888HVYKV865DX8R2,01KFEVMNF44NEM58ETFST7KTWM,2026-01-20T23:40:02.002068727Z,,,01KFEVMNHFNDCGHX9QBBFN387E,2026-01-20T23:40:02.002068727Z,,,01KFEW6A5E0ZVTNJ585Y831423,2026-01-20T23:40:02.002068727Z,01KFEWEZVA5M4G0VV9SW3JMCQ3,2026-01-20T23:40:02.002068727Z,01KFEWF00DEXT3QHEWBTHV225P,2026-01-20T23:40:02.002068727Z,true,2026-01-20T23:40:31.194557611Z
01KFEWFF2H26FQK1NPWCH7YRBS,01KFEV38GJVYY8P8B7QXSW6BTE,2026-01-20T23:40:13.26507044Z,,,01KFEV38H8T2V9428VC9T7MEBA,2026-01-20T23:40:13.26507044Z,,,01KFEW5105FT4T963R9Z6AZ67Y,2026-01-20T23:40:13.26507044Z,01KFEWB96ZWWCJ2HWAMXTQ08FM,2026-01-20T23:40:13.26507044Z,01KFEWB9RC23DR1YB021M1SK8P,2026-01-20T23:40:13.26507044Z,true,2026-01-20T23:40:16.636797876Z
01KFEVHBY11ZTKSWS7H9AJHEVE,01KFEV384BJYC62Y0E6AQK09K8,2026-01-20T23:23:47.009242883Z,,,01KFEV384Y33BFECW27AH8GSGD,2026-01-20T23:23:47.009242883Z,,,01KFEVCQTYNZYE4TGA9WFYBM2V,2026-01-20T23:23:47.009242883Z,01KFEVHAPAY4FNYD6E80QRSW86,2026-01-20T23:23:47.009242883Z,01KFEVHAQEKP16HBBAGW5FF6ZD,2026-01-20T23:23:47.009242883Z,true,2026-01-20T23:23:54.845654974Z
01KFEVHKM2AY1E93YHV03B2G13,01KFEV384BJYC62Y0E6AQK09K8,2026-01-20T23:23:54.88293449Z,true,2026-01-20T23:24:01.581888571Z,01KFEV384Y33BFECW27AH8GSGD,2026-01-20T23:23:54.88293449Z,0,2026-01-20T23:23:59.654996883Z,01KFEVCQTYNZYE4TGA9WFYBM2V,2026-01-20T23:23:54.88293449Z,01KFEVHAPAY4FNYD6E80QRSW86,2026-01-20T23:23:54.88293449Z,01KFEVHAQHKB7XEX7R1W5GCP0N,2026-01-20T23:23:54.88293449Z,true,2026-01-20T23:24:04.611934721Z
01KFEVJ7B9BXGCN9NDQ6AFBC0J,01KFEV384BJYC62Y0E6AQK09K8,2026-01-20T23:24:15.081111482Z,,,01KFEV384Y33BFECW27AH8GSGD,2026-01-20T23:24:15.081111482Z,,,01KFEVF34Y0A3VWJYX9367Q9EA,2026-01-20T23:24:15.081111482Z,01KFEVHANZWYMMJ585A25SK7SB,2026-01-20T23:24:15.081111482Z,01KFEVHAR0CTF7N7R7X3QZEWWS,2026-01-20T23:24:15.081111482Z,true,2026-01-20T23:24:20.070554472Z
01KFEVMP9N43FRBGPG9MHPGF1N,01KFEV37CWX6SQYA0RPR0C01MW,2026-01-20T23:25:35.925406479Z,,,01KFEV37DE991T271V0NJ5BY6K,2026-01-20T23:25:35.925406479Z,,,01KFEVD9ZATE7H5N364WWPAV31,2026-01-20T23:25:35.925406479Z,01KFEVJEJJ6D7VBYCE9XWXMRKP,2026-01-20T23:25:35.925406479Z,01KFEVJENNVF0M0R5F7MQ894R6,2026-01-20T23:25:35.925406479Z,true,2026-01-20T23:25:42.496231184Z
01KFEW7CQ88SSVB6EH62PHFNJT,01KFEVMN9Q125N5N16W4WNYJXF,2026-01-20T23:35:48.712939691Z,,,01KFEVMNBC23RB4D79KEQ4G0VS,2026-01-20T23:35:48.712939691Z,,,01KFEVX608THP5F5HX3GYF0X1K,2026-01-20T23:35:48.712939691Z,01KFEW3VMQYCSWHG0ZVBJSS31E,2026-01-20T23:35:48.712939691Z,01KFEW3W373QB0MPKW08WCPX8W,2026-01-20T23:35:48.712939691Z,true,2026-01-20T23:35:50.197140467Z
01KFEWCXM0RJ4D2VSZF67BZWXK,01KFEV38GJVYY8P8B7QXSW6BTE,2026-01-20T23:38:49.856970978Z,,,01KFEV38H8T2V9428VC9T7MEBA,2026-01-20T23:38:49.856970978Z,,,01KFEW5105FT4T963R9Z6AZ67Y,2026-01-20T23:38:49.856970978Z,01KFEWB949AP0NZWRSRC3KVSY9,2026-01-20T23:38:49.856970978Z,01KFEWB9BJCSDKQ198F7TGZAVK,2026-01-20T23:38:49.856970978Z,true,2026-01-20T23:38:57.762524Z
01KFEW8AM35SF6SRKF8R2YK06V,01KFEV38A01XZ4DPRPFKRE96P8,2026-01-20T23:36:19.33182514Z,,,01KFEV38AHTHHCNTDGHAJN0GXG,2026-01-20T23:36:19.33182514Z,,,01KFEVW9PV7SJ42VT7GTTE4SGT,2026-01-20T23:36:19.33182514Z,01KFEW29ZCSX5849CNJP2CPD23,2026-01-20T23:36:19.33182514Z,01KFEW2AE848RG0ES144FM2NJB,2026-01-20T23:36:19.33182514Z,true,2026-01-20T23:36:21.60210073Z
01KFEW8AMBT8G1KKBSKXRNBNQN,01KFEV38A01XZ4DPRPFKRE96P8,2026-01-20T23:36:19.339213953Z,,,01KFEV38AHTHHCNTDGHAJN0GXG,2026-01-20T23:36:19.339213953Z,,,01KFEVW5WA494MRXETJ2N5XX03,2026-01-20T23:36:19.339213953Z,01KFEW29ZCSX5849CNJP2CPD23,2026-01-20T23:36:19.339213953Z,01KFEW2AE848RG0ES144FM2NJB,2026-01-20T23:36:19.339213953Z,true,2026-01-20T23:36:23.391124848Z
01KFEVE7H1YDEWE08SPTRQRCVR,01KFEV2BZFDRZBG3Y0249RG1TW,2026-01-20T23:22:04.193517117Z,,,01KFEV2C0CP35QE41ZMH45J8TZ,2026-01-20T23:22:04.193517117Z,,,01KFEV4PQ8V0QGQVX4KK2FPFJR,2026-01-20T23:22:04.193517117Z,01KFEVB8FTFFBQ8J4AEF64MQVW,2026-01-20T23:22:04.193517117Z,01KFEVB8J6XW003VFQ263DFGN6,2026-01-20T23:22:04.193517117Z,true,2026-01-20T23:22:08.03650147Z
01KFEVK3F9X132QJDTK4B67GQX,01KFEV384BJYC62Y0E6AQK09K8,2026-01-20T23:24:43.881163735Z,true,2026-01-20T23:24:58.92564736Z,01KFEV384Y33BFECW27AH8GSGD,2026-01-20T23:24:43.881163735Z,19,2026-01-20T23:24:57.485393224Z,01KFEVF34Y0A3VWJYX9367Q9EA,2026-01-20T23:24:43.881163735Z,01KFEVHAP1ZGR28S54Q15ESMWZ,2026-01-20T23:24:43.881163735Z,01KFEVHAT2BEW3PKHD7EZ3FY0T,2026-01-20T23:24:43.881163735Z,true,2026-01-20T23:25:02.000468392Z
01KFEVP2GWHJ3GYQRJA4K29ECW,01KFEV384BJYC62Y0E6AQK09K8,2026-01-20T23:26:21.212799389Z,,,01KFEV384Y33BFECW27AH8GSGD,2026-01-20T23:26:21.212799389Z,,,01KFEVF34Y0A3VWJYX9367Q9EA,2026-01-20T23:26:21.212799389Z,01KFEVHAPQB1SQ5NQG6WGV0BMA,2026-01-20T23:26:21.212799389Z,01KFEVHAWY4DWJWQKYAQGVRJ2G,2026-01-20T23:26:21.212799389Z,true,2026-01-20T23:26:23.417494448Z
01KFEVPYPJJG29E8VKEP7C2719,01KFEV37CWX6SQYA0RPR0C01MW,2026-01-20T23:26:50.06635533Z,,,01KFEV37DE991T271V0NJ5BY6K,2026-01-20T23:26:50.06635533Z,,,01KFEVD9ZATE7H5N364WWPAV31,2026-01-20T23:26:50.06635533Z,01KFEVJEK9E3M288QRNEA9824W,2026-01-20T23:26:50.06635533Z,01KFEVJEPY5X4FZCVQQAG2D1VA,2026-01-20T23:26:50.06635533Z,true,2026-01-20T23:26:54.087806853Z
01KFEVTPP99MCTRWJKWCKR7502,01KFEV38A01XZ4DPRPFKRE96P8,2026-01-20T23:28:52.937467322Z,,,01KFEV38AJ2CFPYBQZ58NH0V5J,2026-01-20T23:28:52.937467322Z,,,01KFEVE55BQ40NXX8QW3R5RX0T,2026-01-20T23:28:52.937467322Z,01KFEVJWRF48QGEMN6CSTN82AW,2026-01-20T23:28:52.937467322Z,01KFEVJWYJPKJ10Z9D0PFQDVVJ,2026-01-20T23:28:52.937467322Z,true,2026-01-20T23:28:55.765024563Z
01KFEW76EKDZ4MYQZ42VAG0HNY,01KFEV38GJVYY8P8B7QXSW6BTE,2026-01-20T23:35:42.291623317Z,,,01KFEV38H48T18ZRM15RETR33C,2026-01-20T23:35:42.291623317Z,,,01KFEVVPVMNR90RS0DGAX989B7,2026-01-20T23:35:42.291623317Z,01KFEW2K6YFW0YHD45MRGH06TF,2026-01-20T23:35:42.291623317Z,01KFEW2KG527P53BPAEBBAEMCZ,2026-01-20T23:35:42.291623317Z,true,2026-01-20T23:35:44.092143169Z
01KFEW9VPT5GK7V23GAY86HZ30,01KFEV38A01XZ4DPRPFKRE96P8,2026-01-20T23:37:09.594464692Z,,,01KFEV38AJ2CFPYBQZ5JKK7PV4,2026-01-20T23:37:09.594464692Z,,,01KFEW2CHJQZ9TDCN78BA2VKEM,2026-01-20T23:37:09.594464692Z,01KFEW9RNHPCEBV7E7PA75FXT1,2026-01-20T23:37:09.594464692Z,01KFEW9RTB6ZPR264S66YKAN1Z,2026-01-20T23:37:09.594464692Z,true,2026-01-20T23:37:17.579249267Z
01KFEVW1AWDHBABTF0ZTA72Z1H,01KFEV38A01XZ4DPRPFKRE96P8,2026-01-20T23:29:36.604613288Z,,,01KFEV38AJ2CFPYBQZ58NH0V5J,2026-01-20T23:29:36.604613288Z,,,01KFEVB815BQW2TQ29HHMDQ2FB,2026-01-20T23:29:36.604613288Z,01KFEVJWRJ3VMZ6TKNKERXD4E2,2026-01-20T23:29:36.604613288Z,01KFEVJX0PTM14Z5A8KN9ECA1F,2026-01-20T23:29:36.604613288Z,true,2026-01-20T23:29:38.695905618Z
01KFEW3JNC4KHFSW9YQVYJ4CZ2,01KFEV384BJYC62Y0E6AQK09K8,2026-01-20T23:33:43.724621184Z,,,01KFEV385166A8JYCZ9G4DMHRQ,2026-01-20T23:33:43.724621184Z,,,01KFEVWH8M80FFRA88HYSK2ZSQ,2026-01-20T23:33:43.724621184Z,01KFEW1AK7NCGSKANQ48AN6V23,2026-01-20T23:33:43.724621184Z,01KFEW1AWTBRF77CHJK40FM4RY,2026-01-20T23:33:43.724621184Z,true,2026-01-20T23:33:44.812021134Z
01KFEW9RH69K5Q296EM2BR5H8H,01KFEV384BJYC62Y0E6AQK09K8,2026-01-20T23:37:06.34224512Z,,,01KFEV384Z68A1Z7ZGWS1GDSZK,2026-01-20T23:37:06.34224512Z,,,01KFEW2C8HX8QQZV0FHE0EMNPN,2026-01-20T23:37:06.34224512Z,01KFEW9NDGS5E8KE4PQ1ESDNYF,2026-01-20T23:37:06.34224512Z,01KFEW9NJAZZGBFJ2DQCE3WB7A,2026-01-20T23:37:06.34224512Z,true,2026-01-20T23:37:13.628813038Z
01KFEVJ34HX3VA8MHV4H8EY5XP,01KFEV377XDCWB0CVW0E7ES8WB,2026-01-20T23:24:10.769852757Z,,,01KFEV378H0PY96RNMJFNCN7TE,2026-01-20T23:24:10.769852757Z,,,01KFEV86DXXGMH25YQ8QC6JEB7,2026-01-20T23:24:10.769852757Z,01KFEVEHGVFGMMBCQD0VZCXWY0,2026-01-20T23:24:10.769852757Z,01KFEVEHMRENNE4GV4BA2Y9FX8,2026-01-20T23:24:10.769852757Z,true,2026-01-20T23:24:12.022037398Z
01KFEVJFF57SKZ188DKB7ZC1NH,01KFEV37CWX6SQYA0RPR0C01MW,2026-01-20T23:24:23.397106861Z,,,01KFEV37DE991T271V0NJ5BY6K,2026-01-20T23:24:23.397106861Z,,,01KFEV7RE3Q2MQ5NN8AGQ7Y4PK,2026-01-20T23:24:23.397106861Z,01KFEVJEK28P9JKPHKVPX8VP2T,2026-01-20T23:24:23.397106861Z,01KFEVJEM54N2BK59HESAQE11N,2026-01-20T23:24:23.397106861Z,true,2026-01-20T23:24:40.219721114Z
01KFEVSZ1C0S0NK115YTK79YPY,01KFEV37CWX6SQYA0RPR0C01MW,2026-01-20T23:28:28.716915997Z,,,01KFEV37DAAK9E08F076WKMM6J,2026-01-20T23:28:28.716915997Z,,,01KFEVGWWQWT7BAZNJDAAA325H,2026-01-20T23:28:28.716915997Z,01KFEVRWRP2V236VFYBAYSNQQS,2026-01-20T23:28:28.716915997Z,01KFEVRWWZHC8A30C9236F3VB0,2026-01-20T23:28:28.716915997Z,true,2026-01-20T23:28:36.828053923Z
01KFEVTKJXDS7Y4PDP19FNKG5E,01KFEV37CWX6SQYA0RPR0C01MW,2026-01-20T23:28:49.757721685Z,,,01KFEV37DE991T271V0NJ5BY6K,2026-01-20T23:28:49.757721685Z,,,01KFEV7RE3Q2MQ5NN8AGQ7Y4PK,2026-01-20T23:28:49.757721685Z,01KFEVJEJXVVFBH0FKDYNANHM0,2026-01-20T23:28:49.757721685Z,01KFEVJEVDXRS0ZAGWG586HMMN,2026-01-20T23:28:49.757721685Z,true,2026-01-20T23:28:51.42456419Z
01KFEWBXJCHK7RZNJR3ZP97N52,01KFEV38A01XZ4DPRPFKRE96P8,2026-01-20T23:38:17.036059749Z,,,01KFEV38AJ2CFPYBQZ5JKK7PV4,2026-01-20T23:38:17.036059749Z,,,01KFEW61CSGZMFE4TZ96QA9A06,2026-01-20T23:38:17.036059749Z,01KFEW9RSFEJJVTBV3T46PNXTC,2026-01-20T23:38:17.036059749Z,01KFEW9RX7W02WNR18C5BAQK9H,2026-01-20T23:38:17.036059749Z,true,2026-01-20T23:38:26.66124861Z
01KFEWHJARTG8CX618QNVXPJZ1,01KFEVMN9Q125N5N16W4WNYJXF,2026-01-20T23:41:22.136544509Z,,,01KFEVMNAWK7WRWM1AMQZKX6SA,2026-01-20T23:41:22.136544509Z,,,01KFEW4NGJQK3SC6VDT657XA1V,2026-01-20T23:41:22.136544509Z,01KFEWE8TRPV1GKJA0331CAER2,2026-01-20T23:41:22.136544509Z,01KFEWE961W78R9QC3DVPP09HM,2026-01-20T23:41:22.136544509Z,true,2026-01-20T23:41:23.194806554Z
01KFEVJT313J9KYK4RD9SHJA51,01KFEV37CWX6SQYA0RPR0C01MW,2026-01-20T23:24:34.27395702Z,,,01KFEV37DE991T271V0BRDHRJW,2026-01-20T23:24:34.27395702Z,,,01KFEV8CTFEWEE7C0ZM9KMYRSE,2026-01-20T23:24:34.27395702Z,01KFEVGBCPPHTMKKS8W8BM1ZBN,2026-01-20T23:24:34.27395702Z,01KFEVGBFTGGWV9X2Y0C6E0KT7,2026-01-20T23:24:34.27395702Z,true,2026-01-20T23:24:36.644066373Z
01KFEVK9Q5ZTYCMCDZ9NZR6FB5,01KFEV377XDCWB0CVW0E7ES8WB,2026-01-20T23:24:50.277116402Z,,,01KFEV378H0PY96RNMJTMM0E4X,2026-01-20T23:24:50.277116402Z,,,01KFEV8TC8AZEPV3G36SCZ12C3,2026-01-20T23:24:50.277116402Z,01KFEVFBC3KKXJSC7MKW9KR59A,2026-01-20T23:24:50.277116402Z,01KFEVFBH1V5T2786SV16C3KCT,2026-01-20T23:24:50.277116402Z,true,2026-01-20T23:24:56.374623847Z
01KFEVKZAXT1AS3PNBQNKSAC07,01KFEV377XDCWB0CVW0E7ES8WB,2026-01-20T23:25:12.413131057Z,,,01KFEV378FNG971PBW7B2SPNC6,2026-01-20T23:25:12.413131057Z,,,01KFEVCRBGBMN5MZZVZA8FPX1Z,2026-01-20T23:25:12.413131057Z,01KFEVJNQSYYRC4AF8PKPM2915,2026-01-20T23:25:12.413131057Z,01KFEVJNTSA3W5VF9P6EBPCFNR,2026-01-20T23:25:12.413131057Z,true,2026-01-20T23:25:16.446888168Z
01KFEVQFTXTH6Y1GMCJ3KBDFWT,01KFEV37PBC6DGWCX0HT0QWYJR,2026-01-20T23:27:07.61314075Z,,,01KFEV37PYV9HETXX2PSGE1RKD,2026-01-20T23:27:07.61314075Z,,,01KFEV8PSQBX7P1ARFP0SDDW57,2026-01-20T23:27:07.61314075Z,01KFEVKCNB3JWRWP2DH501FGGW,2026-01-20T23:27:07.61314075Z,01KFEVKCTN1DAYB4XNTS9T9MPC,2026-01-20T23:27:07.61314075Z,true,2026-01-20T23:27:13.002562755Z
01KFEVVY1SFXP9904DVBGJC2Y6,01KFEV37PBC6DGWCX0HT0QWYJR,2026-01-20T23:29:33.241799698Z,,,01KFEV37PV76WD06T50QFKE80T,2026-01-20T23:29:33.241799698Z,,,01KFEVH5DDXBKC32H7RGDZYG1X,2026-01-20T23:29:33.241799698Z,01KFEVS303VVTZ8PMG4AKVY3SX,2026-01-20T23:29:33.241799698Z,01KFEVS37YP90Q3JNE6CS1WE24,2026-01-20T23:29:33.241799698Z,true,2026-01-20T23:29:34.811127799Z
01KFEW4W7M9BF9FMVR6VGWJ8R7,01KFEV37PBC6DGWCX0HT0QWYJR,2026-01-20T23:34:26.292804281Z,,,01KFEV37Q0WSYAYKWHM2EXN0DN,2026-01-20T23:34:26.292804281Z,,,01KFEVWXXVHBHP5S1AZQQ4JZFK,2026-01-20T23:34:26.292804281Z,01KFEW0GAPYHHVEVF9RP1ERMKP,2026-01-20T23:34:26.292804281Z,01KFEW0GT0PB339HB2FBMXT5EX,2026-01-20T23:34:26.292804281Z,true,2026-01-20T23:34:27.452965164Z
01KFEW3JNJCH035AD4852KVBQS,01KFEV384BJYC62Y0E6AQK09K8,2026-01-20T23:33:43.731007659Z,,,01KFEV385166A8JYCZ9G4DMHRQ,2026-01-20T23:33:43.731007659Z,,,01KFEVY502SJ2FK1Q7WFM0PHB4,2026-01-20T23:33:43.731007659Z,01KFEW1AK7NCGSKANQ48AN6V23,2026-01-20T23:33:43.731007659Z,01KFEW1AWTBRF77CHJK40FM4RY,2026-01-20T23:33:43.731007659Z,true,2026-01-20T23:33:44.910222517Z
01KFEWCDM64ZF05NJHWE4E0W1B,01KFEV38A01XZ4DPRPFKRE96P8,2026-01-20T23:38:33.478382606Z,,,01KFEV38AJ2CFPYBQZ5JKK7PV4,2026-01-20T23:38:33.478382606Z,,,01KFEW61CSGZMFE4TZ96QA9A06,2026-01-20T23:38:33.478382606Z,01KFEW9RS4ARACABCS30DH1PYC,2026-01-20T23:38:33.478382606Z,01KFEW9RYRCQWM6EY382PHABHT,2026-01-20T23:38:33.478382606Z,true,2026-01-20T23:38:35.774395897Z
01KFEVABBDY8KN4T9V0CY3682M,01KFEV2BZFDRZBG3Y0249RG1TW,2026-01-20T23:19:57.037049728Z,,,01KFEV2C08ND9C9BYW8N2T146P,2026-01-20T23:19:57.037049728Z,,,01KFEV4APCG117QZ1ZVXNKCJFC,2026-01-20T23:19:57.037049728Z,01KFEV9924VF50RWW28YZTJVST,2026-01-20T23:19:57.037049728Z,01KFEV995HECABB2BGWT7DDPTY,2026-01-20T23:19:57.037049728Z,true,2026-01-20T23:19:58.101337422Z
01KFEVJ8564K5SSTHQSYP0EF5N,01KFEV37CWX6SQYA0RPR0C01MW,2026-01-20T23:24:15.910374807Z,,,01KFEV37DE991T271V0BRDHRJW,2026-01-20T23:24:15.910374807Z,,,01KFEV8CTFEWEE7C0ZM9KMYRSE,2026-01-20T23:24:15.910374807Z,01KFEVGBCA555S4K04AG8F2T5D,2026-01-20T23:24:15.910374807Z,01KFEVGBEDZQNXR9X6ZZH4AJED,2026-01-20T23:24:15.910374807Z,true,2026-01-20T23:24:21.75104092Z
01KFEVJG3C8PWWJBCS3A2RHE84,01KFEV377XDCWB0CVW0E7ES8WB,2026-01-20T23:24:24.044205518Z,,,01KFEV378PDZP87HXSESW6BA01,2026-01-20T23:24:24.044205518Z,,,01KFEV79YCQMQRJYZ004NV66QN,2026-01-20T23:24:24.044205518Z,01KFEVF1Q6ZK58W1T2EDJS8ZM0,2026-01-20T23:24:24.044205518Z,01KFEVF1XAC8A5CX9GNFVTB4YZ,2026-01-20T23:24:24.044205518Z,true,2026-01-20T23:24:26.299375828Z
01KFEVKZAZFJ9P5K44EQ89W5FN,01KFEV377XDCWB0CVW0E7ES8WB,2026-01-20T23:25:12.415633553Z,,,01KFEV378FNG971PBW7B2SPNC6,2026-01-20T23:25:12.415633553Z,,,01KFEV82H962BNCCRXPB524628,2026-01-20T23:25:12.415633553Z,01KFEVJNQSYYRC4AF8PKPM2915,2026-01-20T23:25:12.415633553Z,01KFEVJNTSA3W5VF9P6EBPCFNR,2026-01-20T23:25:12.415633553Z,true,2026-01-20T23:25:21.110977104Z
01KFEVMYHP1N6PERCSRQSCZEQR,01KFEV37PBC6DGWCX0HT0QWYJR,2026-01-20T23:25:44.374973518Z,,,01KFEV37PYV9HETXX2PC055NBT,2026-01-20T23:25:44.374973518Z,,,01KFEV9QWYR4DNTS4QCCENEARJ,2026-01-20T23:25:44.374973518Z,01KFEVH48F86SXRFG4F77MN5NS,2026-01-20T23:25:44.374973518Z,01KFEVH4DQEZJFBDZ9NZQX1AG4,2026-01-20T23:25:44.374973518Z,true,2026-01-20T23:25:45.867905864Z
01KFEVRZ5NVGWTJGRTBB7ACDJ9,01KFEV37PBC6DGWCX0HT0QWYJR,2026-01-20T23:27:56.08558404Z,,,01KFEV37PYV9HETXX2PSGE1RKD,2026-01-20T23:27:56.08558404Z,,,01KFEVDMPGK2KG6CGRXX80WQ5A,2026-01-20T23:27:56.08558404Z,01KFEVKCNNC4194XQX6PJZM5B6,2026-01-20T23:27:56.08558404Z,01KFEVKCYFY6EHN03X07HB89QG,2026-01-20T23:27:56.08558404Z,true,2026-01-20T23:27:59.512389714Z
01KFEWGZSGPP2V2PWMRSY7JQ58,01KFEVMN9Q125N5N16W4WNYJXF,2026-01-20T23:41:03.152188807Z,,,01KFEVMNAWK7WRWM1AMQZKX6SA,2026-01-20T23:41:03.152188807Z,,,01KFEW4NGJQK3SC6VDT657XA1V,2026-01-20T23:41:03.152188807Z,01KFEWE8TE0NG0P1M4CW86GTJZ,2026-01-20T23:41:03.152188807Z,01KFEWE936G8W16QHTGAJWN9Q5,2026-01-20T23:41:03.152188807Z,true,2026-01-20T23:41:04.704185505Z
01KFEVWG2K0DAX9HYM1DFEB6H5,01KFEV37CWX6SQYA0RPR0C01MW,2026-01-20T23:29:51.699940618Z,,,01KFEV37DAAK9E08F076WKMM6J,2026-01-20T23:29:51.699940618Z,,,01KFEVGWWQWT7BAZNJDAAA325H,2026-01-20T23:29:51.699940618Z,01KFEVRWSFA1JEJGM44RM12CEB,2026-01-20T23:29:51.699940618Z,01KFEVRX1YWEFN69BCG4MYHJC2,2026-01-20T23:29:51.699940618Z,true,2026-01-20T23:29:58.670871201Z
01KFEV9E961Z7WBFT9CAAN7946,01KFEV2BZFDRZBG3Y0249RG1TW,2026-01-20T23:19:27.270884228Z,true,2026-01-20T23:19:38.978723688Z,01KFEV2C08ND9C9BYW8N2T146P,2026-01-20T23:19:27.270884228Z,20,2026-01-20T23:19:37.689011368Z,01KFEV4APCG117QZ1ZVXNKCJFC,2026-01-20T23:19:27.270884228Z,01KFEV9921HAKCJZWRN603XZDD,2026-01-20T23:19:27.270884228Z,01KFEV993QHWEYQB55RKP924HG,2026-01-20T23:19:27.270884228Z,true,2026-01-20T23:19:41.994606759Z
01KFEVKTNTQH9BG64R9PTF8DR8,01KFEV377XDCWB0CVW0E7ES8WB,2026-01-20T23:25:07.642254933Z,,,01KFEV378H0PY96RNMJFNCN7TE,2026-01-20T23:25:07.642254933Z,,,01KFEV86DXXGMH25YQ8QC6JEB7,2026-01-20T23:25:07.642254933Z,01KFEVEHGQDBJ2RJG3S3R11MY8,2026-01-20T23:25:07.642254933Z,01KFEVEHR6VS1XAFDKBSGXT1HF,2026-01-20T23:25:07.642254933Z,true,2026-01-20T23:25:08.950401141Z
01KFEVMD06S7TC9RXT13JQGSC6,01KFEV377XDCWB0CVW0E7ES8WB,2026-01-20T23:25:26.406515634Z,,,01KFEV378FNG971PBW7B2SPNC6,2026-01-20T23:25:26.406515634Z,,,01KFEV82H962BNCCRXPB524628,2026-01-20T23:25:26.406515634Z,01KFEVJNQN2G8FJAT7HW3SRZEK,2026-01-20T23:25:26.406515634Z,01KFEVJNVEAV7MWKF43WVZ2CQ4,2026-01-20T23:25:26.406515634Z,true,2026-01-20T23:25:29.094951324Z
01KFEVMRDQA2MH479QCX4DSQDA,01KFEV384BJYC62Y0E6AQK09K8,2026-01-20T23:25:38.10372569Z,,,01KFEV384Y33BFECW27AH8GSGD,2026-01-20T23:25:38.10372569Z,,,01KFEVF34Y0A3VWJYX9367Q9EA,2026-01-20T23:25:38.10372569Z,01KFEVHAPQB1SQ5NQG6WGV0BMA,2026-01-20T23:25:38.10372569Z,01KFEVHAWVVM3TGC0EVSFPXW0Y,2026-01-20T23:25:38.10372569Z,true,2026-01-20T23:26:21.167622244Z
01KFEVRJ8Z40RHWMR6ABYK8EG8,01KFEV37PBC6DGWCX0HT0QWYJR,2026-01-20T23:27:42.879805059Z,,,01KFEV37PYV9HETXX2PSGE1RKD,2026-01-20T23:27:42.879805059Z,,,01KFEV8PSQBX7P1ARFP0SDDW57,2026-01-20T23:27:42.879805059Z,01KFEVKCMHNFBMSFY09QX4TGHZ,2026-01-20T23:27:42.879805059Z,01KFEVKCXW4EV83R32EVVQTFPX,2026-01-20T23:27:42.879805059Z,true,2026-01-20T23:27:48.968804915Z
01KFEVW700Z17ZT2GDG4G72B33,01KFEV38A01XZ4DPRPFKRE96P8,2026-01-20T23:29:42.400788701Z,,,01KFEV38AJ2CFPYBQZ58NH0V5J,2026-01-20T23:29:42.400788701Z,,,01KFEVB815BQW2TQ29HHMDQ2FB,2026-01-20T23:29:42.400788701Z,01KFEVJWSE5ANWJ9JRWVS6CTSK,2026-01-20T23:29:42.400788701Z,01KFEVJX1E1ZFZ28SB2Y4KEB1Z,2026-01-20T23:29:42.400788701Z,true,2026-01-20T23:29:46.390962911Z
01KFEW72MVTFFB460NVHNSS5D2,01KFEVMN9Q125N5N16W4WNYJXF,2026-01-20T23:35:38.395695991Z,true,2026-01-20T23:35:44.919286193Z,01KFEVMNBC23RB4D79KEQ4G0VS,2026-01-20T23:35:38.395695991Z,29,2026-01-20T23:35:44.198610318Z,01KFEVX608THP5F5HX3GYF0X1K,2026-01-20T23:35:38.395695991Z,01KFEW3VMGZD02ANKDCQP1JWVK,2026-01-20T23:35:38.395695991Z,01KFEW3W2321H8E9DNG9YY6QKT,2026-01-20T23:35:38.395695991Z,true,2026-01-20T23:35:48.140395054Z
01KFEWKXBNG69FQ005RKHY66TN,01KFEVMNF44NEM58ETFST7KTWM,2026-01-20T23:42:38.965344345Z,,,01KFEVMNHFNDCGHX9QBBFN387E,2026-01-20T23:42:38.965344345Z,,,01KFEW6A5E0ZVTNJ585Y831423,2026-01-20T23:42:38.965344345Z,01KFEWEZZ027F3GXZBY5D0NC1V,2026-01-20T23:42:38.965344345Z,01KFEWF0EAEXTDWKBS9B4P66PV,2026-01-20T23:42:38.965344345Z,true,2026-01-20T23:42:41.791423636Z
01KFEVBH8BK7JNZ820P4T0A3EC,01KFEV2BZFDRZBG3Y0249RG1TW,2026-01-20T23:20:35.851412534Z,,,01KFEV2C08ND9C9BYW8N2T146P,2026-01-20T23:20:35.851412534Z,,,01KFEV46YBCF5X09FCFJF4VDEY,2026-01-20T23:20:35.851412534Z,01KFEV992MES5YXGH6XNCQ5224,2026-01-20T23:20:35.851412534Z,01KFEV99A8X2QW6WWZ37BA6GDW,2026-01-20T23:20:35.851412534Z,true,2026-01-20T23:20:37.186141087Z
01KFEVHA3YC1B0M2XXCHY2YE2W,01KFEV377XDCWB0CVW0E7ES8WB,2026-01-20T23:23:45.15078759Z,,,01KFEV378H0PY96RNMJTMM0E4X,2026-01-20T23:23:45.15078759Z,,,01KFEV8K48Q5MVC88J4XCQXRFY,2026-01-20T23:23:45.15078759Z,01KFEVFBC119EVVS3DCZ8BFX5M,2026-01-20T23:23:45.15078759Z,01KFEVFBF9FBTB65CVYGCPPMCT,2026-01-20T23:23:45.15078759Z,true,2026-01-20T23:23:47.449553935Z
01KFEVTB2BM9KGGTPJ0MS3EH5H,01KFEV37PBC6DGWCX0HT0QWYJR,2026-01-20T23:28:41.03596797Z,,,01KFEV37PV76WD06T50QFKE80T,2026-01-20T23:28:41.03596797Z,,,01KFEVH5DDXBKC32H7RGDZYG1X,2026-01-20T23:28:41.03596797Z,01KFEVS2ZJ94QWAPA619X1ZPB5,2026-01-20T23:28:41.03596797Z,01KFEVS32KHXKAV4FHKG4KADJV,2026-01-20T23:28:41.03596797Z,true,2026-01-20T23:28:47.407616525Z
01KFEVTBGNDAMBAZDDA6Q0E3Q1,01KFEV37CWX6SQYA0RPR0C01MW,2026-01-20T23:28:41.494040918Z,,,01KFEV37DAAK9E08F076WKMM6J,2026-01-20T23:28:41.494040918Z,,,01KFEVGWWQWT7BAZNJDAAA325H,2026-01-20T23:28:41.494040918Z,01KFEVRWRG1NX0K3PTAJAQYB2F,2026-01-20T23:28:41.494040918Z,01KFEVRWY1JD2GAW399103RZ51,2026-01-20T23:28:41.494040918Z,true,2026-01-20T23:28:47.587143085Z
01KFEW39WRDR59J3A3J6623QMC,01KFEV384BJYC62Y0E6AQK09K8,2026-01-20T23:33:34.74409472Z,,,01KFEV385166A8JYCZ9G4DMHRQ,2026-01-20T23:33:34.74409472Z,,,01KFEVWH8M80FFRA88HYSK2ZSQ,2026-01-20T23:33:34.74409472Z,01KFEW1AKQX1Q335E33JXH77RT,2026-01-20T23:33:34.74409472Z,01KFEW1AT6J8HWX97RAXB9V0FZ,2026-01-20T23:33:34.74409472Z,true,2026-01-20T23:33:36.009108108Z
01KFEW3BZRES6VMMC2TRNF6G30,01KFEV384BJYC62Y0E6AQK09K8,2026-01-20T23:33:36.888895515Z,,,01KFEV385166A8JYCZ9G4DMHRQ,2026-01-20T23:33:36.888895515Z,,,01KFEVWH8M80FFRA88HYSK2ZSQ,2026-01-20T23:33:36.888895515Z,01KFEW1AKQX1Q335E33JXH77RT,2026-01-20T23:33:36.888895515Z,01KFEW1ATC2NBZK30CBYXV5C1H,2026-01-20T23:33:36.888895515Z,true,2026-01-20T23:33:38.773424176Z
01KFEWWXD5KHRZ3SMZ7D51N4VF,01KFEV38GJVYY8P8B7QXSW6BTE,2026-01-20T23:47:33.925146444Z,,,01KFEV38H0S2Y42XZDBCZ2KPGY,2026-01-20T23:47:33.925146444Z,,,01KFEWA3ZKFQRVCEG62F0BJCT3,2026-01-20T23:47:33.925146444Z,01KFEWVM718JKJE90A057VRNN9,2026-01-20T23:47:33.925146444Z,01KFEWVMFW79JJ206GVDQ30F0H,2026-01-20T23:47:33.925146444Z,true,2026-01-20T23:47:35.951027768Z
01KFEVMYHTW2M26PZV97M85525,01KFEV37PBC6DGWCX0HT0QWYJR,2026-01-20T23:25:44.378060275Z,,,01KFEV37PYV9HETXX2PC055NBT,2026-01-20T23:25:44.378060275Z,,,01KFEVBDY2YWN6DSFNFKRM8R9Z,2026-01-20T23:25:44.378060275Z,01KFEVH48F86SXRFG4F77MN5NS,2026-01-20T23:25:44.378060275Z,01KFEVH4DQEZJFBDZ9NZQX1AG4,2026-01-20T23:25:44.378060275Z,true,2026-01-20T23:25:47.774469834Z
01KFEVW33VQ34JW4K1FHNHK5PR,01KFEVMN9Q125N5N16W4WNYJXF,2026-01-20T23:29:38.42740109Z,,,01KFEVMNB841AFDZFM4WSW4FTD,2026-01-20T23:29:38.42740109Z,,,01KFEVC3J7JCZ73BZAKH9RH61D,2026-01-20T23:29:38.42740109Z,01KFEVPNHFVEA7FM8X5XBZD9R8,2026-01-20T23:29:38.42740109Z,01KFEVPNXWKAFQQB4N5733KSGB,2026-01-20T23:29:38.42740109Z,true,2026-01-20T23:29:40.912331226Z
01KFEVX0ZB6CDR4XZDREN40VJC,01KFEV37CWX6SQYA0RPR0C01MW,2026-01-20T23:30:09.003290601Z,,,01KFEV37DAAK9E08F076WKMM6J,2026-01-20T23:30:09.003290601Z,,,01KFEVH10BYAXDVW828R4A2D8P,2026-01-20T23:30:09.003290601Z,01KFEVRWSZ55NYP8B55399K8ZW,2026-01-20T23:30:09.003290601Z,01KFEVRX3RKC48QSSW2Z48PD8S,2026-01-20T23:30:09.003290601Z,true,2026-01-20T23:30:12.203825348Z
01KFEW2NJ0BVRP91BHZJF2FZQ9,01KFEV38GJVYY8P8B7QXSW6BTE,2026-01-20T23:33:13.920045137Z,,,01KFEV38H48T18ZRM15RETR33C,2026-01-20T23:33:13.920045137Z,,,01KFEVVPVMNR90RS0DGAX989B7,2026-01-20T23:33:13.920045137Z,01KFEW2K3QVBFN32HV5ZCAC42T,2026-01-20T23:33:13.920045137Z,01KFEW2K7KK2N45SKYC6K5AA6J,2026-01-20T23:33:13.920045137Z,true,2026-01-20T23:33:16.198500874Z
01KFEW491G4TQ69XWMMNEWKQJD,01KFEVMN9Q125N5N16W4WNYJXF,2026-01-20T23:34:06.64053678Z,true,2026-01-20T23:34:17.307474585Z,01KFEVMNBC23RB4D79KEQ4G0VS,2026-01-20T23:34:06.64053678Z,7,2026-01-20T23:34:14.852580339Z,01KFEVXFAQE8X4YEWXW17GBY46,2026-01-20T23:34:06.64053678Z,01KFEW3VP28YF1EKPX4Q9AW06S,2026-01-20T23:34:06.64053678Z,01KFEW3VPTZZNH40B7MWATR3PT,2026-01-20T23:34:06.64053678Z,true,2026-01-20T23:34:20.324401102Z
01KFEWF4331V0YY7D86E1V21DP,01KFEVMNF44NEM58ETFST7KTWM,2026-01-20T23:40:02.01979737Z,,,01KFEVMNHFNDCGHX9QBBFN387E,2026-01-20T23:40:02.01979737Z,,,01KFEW78ZH0TY6JQ9J3GJMR3E3,2026-01-20T23:40:02.01979737Z,01KFEWEZVA5M4G0VV9SW3JMCQ3,2026-01-20T23:40:02.01979737Z,01KFEWF00DEXT3QHEWBTHV225P,2026-01-20T23:40:02.01979737Z,true,2026-01-20T23:40:08.410070649Z
01KFEVMCKKDX4G0QZBB3SJPVBG,01KFEV377XDCWB0CVW0E7ES8WB,2026-01-20T23:25:26.003930581Z,true,2026-01-20T23:25:31.67713406Z,01KFEV378H0PY96RNMJFNCN7TE,2026-01-20T23:25:26.003930581Z,17,2026-01-20T23:25:30.445239128Z,01KFEVA045MDV6WERMTEQ3VAYR,2026-01-20T23:25:26.003930581Z,01KFEVEHGG1SXX423P9GYCADRZ,2026-01-20T23:25:26.003930581Z,01KFEVEHSYJSG59RZD5TWZZFQK,2026-01-20T23:25:26.003930581Z,true,2026-01-20T23:25:34.848200745Z
01KFEVN3SHR59XFSZGR94DSMSM,01KFEV377XDCWB0CVW0E7ES8WB,2026-01-20T23:25:49.745383125Z,,,01KFEV378FNG971PBW7B2SPNC6,2026-01-20T23:25:49.745383125Z,,,01KFEV82H962BNCCRXPB524628,2026-01-20T23:25:49.745383125Z,01KFEVJNRQBQFNH0BYKPE46VCR,2026-01-20T23:25:49.745383125Z,01KFEVJNX90YD2E7W7R2800S46,2026-01-20T23:25:49.745383125Z,true,2026-01-20T23:25:51.17699137Z
01KFEVRR93QT4G5Q9NRCYZ4NDS,01KFEV37PBC6DGWCX0HT0QWYJR,2026-01-20T23:27:49.027454369Z,,,01KFEV37PYV9HETXX2PSGE1RKD,2026-01-20T23:27:49.027454369Z,,,01KFEVDMPGK2KG6CGRXX80WQ5A,2026-01-20T23:27:49.027454369Z,01KFEVKCMHNFBMSFY09QX4TGHZ,2026-01-20T23:27:49.027454369Z,01KFEVKCXY73GJ5NCZ7TY32H3F,2026-01-20T23:27:49.027454369Z,true,2026-01-20T23:27:53.593789383Z
01KFEVSJ2YGXZHFN7GD92ZTASB,01KFEV37PBC6DGWCX0HT0QWYJR,2026-01-20T23:28:15.454598489Z,true,2026-01-20T23:28:26.350321077Z,01KFEV37PYV9HETXX2PSGE1RKD,2026-01-20T23:28:15.454598489Z,17,2026-01-20T23:28:25.309494685Z,01KFEVDMPGK2KG6CGRXX80WQ5A,2026-01-20T23:28:15.454598489Z,01KFEVKCMC5SWQG5B0D7EEAX5H,2026-01-20T23:28:15.454598489Z,01KFEVKD05EKYP3KP2A1F6ZTRY,2026-01-20T23:28:15.454598489Z,true,2026-01-20T23:28:29.355358732Z
01KFEW82JRW8VYGDMHC488F162,01KFEV38GJVYY8P8B7QXSW6BTE,2026-01-20T23:36:11.09649433Z,,,01KFEV38H48T18ZRM15RETR33C,2026-01-20T23:36:11.09649433Z,,,01KFEVVPVMNR90RS0DGAX989B7,2026-01-20T23:36:11.09649433Z,01KFEW2K5YK8ZH9TZ42EQVRP4J,2026-01-20T23:36:11.09649433Z,01KFEW2KM6RAEAR8KRV25SM8EK,2026-01-20T23:36:11.09649433Z,true,2026-01-20T23:36:12.094611499Z
01KFEWG6WXSEPGX6WVXAEMXA15,01KFEV38A01XZ4DPRPFKRE96P8,2026-01-20T23:40:37.661429731Z,,,01KFEV38AJ2CFPYBQZ5JKK7PV4,2026-01-20T23:40:37.661429731Z,,,01KFEW2CHJQZ9TDCN78BA2VKEM,2026-01-20T23:40:37.661429731Z,01KFEW9RQ327JZV3KPAF5ZD6ZC,2026-01-20T23:40:37.661429731Z,01KFEW9S87B94BVRRM6GB197X2,2026-01-20T23:40:37.661429731Z,true,2026-01-20T23:40:39.559823623Z
01KFEVNN81XMH98SR2GZZTBAZK,01KFEV37CWX6SQYA0RPR0C01MW,2026-01-20T23:26:07.617492632Z,,,01KFEV37DE991T271V0BRDHRJW,2026-01-20T23:26:07.617492632Z,,,01KFEV8CTFEWEE7C0ZM9KMYRSE,2026-01-20T23:26:07.617492632Z,01KFEVGBDEFGKQZTMK8HZ24A1T,2026-01-20T23:26:07.617492632Z,01KFEVGBMAY00PHC6GRRMY95RZ,2026-01-20T23:26:07.617492632Z,true,2026-01-20T23:26:11.189013587Z
01KFEVNYVQ1EB3N53P34BRF2XW,01KFEV38GJVYY8P8B7QXSW6BTE,2026-01-20T23:26:17.464001395Z,true,2026-01-20T23:26:34.345692042Z,01KFEV38H72YHVC8PGTMFH64KV,2026-01-20T23:26:17.464001395Z,29,2026-01-20T23:26:29.923755349Z,01KFEVE7DF79XD8SNTNNGKRM0M,2026-01-20T23:26:17.464001395Z,01KFEVNK1BDDD2SH2KKV7VEWMA,2026-01-20T23:26:17.464001395Z,01KFEVNK41CXMTVHXW59W9KECF,2026-01-20T23:26:17.464001395Z,true,2026-01-20T23:26:37.33185445Z
01KFEWJCJKZ7Q7NM18S117W7QK,01KFEVMNF44NEM58ETFST7KTWM,2026-01-20T23:41:49.011116723Z,,,01KFEVMNHFNDCGHX9QBBFN387E,2026-01-20T23:41:49.011116723Z,,,01KFEW6A5E0ZVTNJ585Y831423,2026-01-20T23:41:49.011116723Z,01KFEWEZXNEDY2H8JE28VJABXP,2026-01-20T23:41:49.011116723Z,01KFEWF0A1MPP2Y3S94R73S3F7,2026-01-20T23:41:49.011116723Z,true,2026-01-20T23:41:52.257076964Z
01KFEVTSYMYPGYAZYAK9BZRYBV,01KFEVMN9Q125N5N16W4WNYJXF,2026-01-20T23:28:56.27643337Z,,,01KFEVMNB841AFDZFM4WSW4FTD,2026-01-20T23:28:56.27643337Z,,,01KFEVC3J7JCZ73BZAKH9RH61D,2026-01-20T23:28:56.27643337Z,01KFEVPNGV8RZG6TW9YBSNA141,2026-01-20T23:28:56.27643337Z,01KFEVPNSHFKGRRCP69NCPNF1Q,2026-01-20T23:28:56.27643337Z,true,2026-01-20T23:29:01.986990833Z
01KFEW61KS1WVYGXFVVE4B7T0J,01KFEVMN9Q125N5N16W4WNYJXF,2026-01-20T23:35:04.569061921Z,,,01KFEVMNBC23RB4D79KEQ4G0VS,2026-01-20T23:35:04.569061921Z,,,01KFEVX608THP5F5HX3GYF0X1K,2026-01-20T23:35:04.569061921Z,01KFEW3VJN8ZKAM3Y64XBX8BFB,2026-01-20T23:35:04.569061921Z,01KFEW3VSQRB720ECCBZ7KHSF4,2026-01-20T23:35:04.569061921Z,true,2026-01-20T23:35:07.085675344Z
01KFEW814KWYGE2BV8HTBY4YFS,01KFEV38GJVYY8P8B7QXSW6BTE,2026-01-20T23:36:09.619579096Z,,,01KFEV38H48T18ZRM15RETR33C,2026-01-20T23:36:09.619579096Z,,,01KFEVYB6HS3VX2GA7D4G2GPMT,2026-01-20T23:36:09.619579096Z,01KFEW2K65H61S2VCF5K0K6SB6,2026-01-20T23:36:09.619579096Z,01KFEW2KKCQZXSB8CF1YM0FVRM,2026-01-20T23:36:09.619579096Z,true,2026-01-20T23:36:10.822422405Z
01KFEWYKPVG2MSFAQSQE1TPNY4,01KFEV38GJVYY8P8B7QXSW6BTE,2026-01-20T23:48:29.531285614Z,,,01KFEV38H0S2Y42XZDBCZ2KPGY,2026-01-20T23:48:29.531285614Z,,,01KFEWA3ZKFQRVCEG62F0BJCT3,2026-01-20T23:48:29.531285614Z,01KFEWVM93M1BAFYGWNY053C7Q,2026-01-20T23:48:29.531285614Z,01KFEWVMVS3Y7Q8JTWHJRB6RGC,2026-01-20T23:48:29.531285614Z,true,2026-01-20T23:48:31.02141801Z
01KFEVHKM0717HEZDM6K914SWR,01KFEV384BJYC62Y0E6AQK09K8,2026-01-20T23:23:54.88066298Z,true,2026-01-20T23:24:11.976608278Z,01KFEV384Y33BFECW27AH8GSGD,2026-01-20T23:23:54.88066298Z,0,2026-01-20T23:24:10.506608558Z,01KFEVF34Y0A3VWJYX9367Q9EA,2026-01-20T23:23:54.88066298Z,01KFEVHAPAY4FNYD6E80QRSW86,2026-01-20T23:23:54.88066298Z,01KFEVHAQHKB7XEX7R1W5GCP0N,2026-01-20T23:23:54.88066298Z,true,2026-01-20T23:24:15.001435432Z
01KFEW284484QV8727B7KFH2AK,01KFEV37PBC6DGWCX0HT0QWYJR,2026-01-20T23:33:00.164612027Z,,,01KFEV37Q0WSYAYKWHM2EXN0DN,2026-01-20T23:33:00.164612027Z,,,01KFEVWXXVHBHP5S1AZQQ4JZFK,2026-01-20T23:33:00.164612027Z,01KFEW0G9D7HY4DT2F92JJP28V,2026-01-20T23:33:00.164612027Z,01KFEW0GFXV3D7Q3SSH69273Q1,2026-01-20T23:33:00.164612027Z,true,2026-01-20T23:33:02.935374481Z
01KFEWGMW1RYQCQ7VZ3RBSJ0DD,01KFEV38A01XZ4DPRPFKRE96P8,2026-01-20T23:40:51.969633488Z,true,2026-01-20T23:40:57.796680885Z,01KFEV38AJ2CFPYBQZ5JKK7PV4,2026-01-20T23:40:51.969633488Z,17,2026-01-20T23:40:57.286587829Z,01KFEW61CSGZMFE4TZ96QA9A06,2026-01-20T23:40:51.969633488Z,01KFEW9RP7W5QZSAE6HSN0A735,2026-01-20T23:40:51.969633488Z,01KFEW9SC92GGRP8135DDNP506,2026-01-20T23:40:51.969633488Z,true,2026-01-20T23:41:00.796741193Z
01KFEWHWPYNPRWXFYWZACVYBPW,01KFEVMN9Q125N5N16W4WNYJXF,2026-01-20T23:41:32.766198482Z,true,2026-01-20T23:41:35.84647557Z,01KFEVMNAWK7WRWM1AMQZKX6SA,2026-01-20T23:41:32.766198482Z,20,2026-01-20T23:41:35.065646776Z,01KFEW3YJBR4HT7BADWRSVJQV5,2026-01-20T23:41:32.766198482Z,01KFEWE8VTHQXWKT1AXEXQ666A,2026-01-20T23:41:32.766198482Z,01KFEWE9AYVM4G7HE3EAHEA38J,2026-01-20T23:41:32.766198482Z,true,2026-01-20T23:41:38.847000791Z
01KFEWYAH0MNRHVR07GPM78KAQ,01KFEV38GJVYY8P8B7QXSW6BTE,2026-01-20T23:48:20.128078122Z,true,2026-01-20T23:48:24.355599231Z,01KFEV38H0S2Y42XZDBCZ2KPGY,2026-01-20T23:48:20.128078122Z,0,2026-01-20T23:48:23.469468866Z,01KFEWKWT6PWJAE8C8359J4DRM,2026-01-20T23:48:20.128078122Z,01KFEWVM8TZBQMYHEAZT7F552E,2026-01-20T23:48:20.128078122Z,01KFEWVMT9H0T9XR5DTVVNRN37,2026-01-20T23:48:20.128078122Z,true,2026-01-20T23:48:27.358854913Z
01KFEVHMBJQQJ9JHFQHT20QWPQ,01KFEV377XDCWB0CVW0E7ES8WB,2026-01-20T23:23:55.634870612Z,,,01KFEV378H0PY96RNMJFNCN7TE,2026-01-20T23:23:55.634870612Z,,,01KFEV86DXXGMH25YQ8QC6JEB7,2026-01-20T23:23:55.634870612Z,01KFEVEHGWD05V25JN0JRD6NS4,2026-01-20T23:23:55.634870612Z,01KFEVEHM8BESJRBJGYZVWM2DB,2026-01-20T23:23:55.634870612Z,true,2026-01-20T23:23:56.693920725Z
01KFEVJQ8QTCJMKP7KTTVVQRQ5,01KFEV377XDCWB0CVW0E7ES8WB,2026-01-20T23:24:31.383310694Z,,,01KFEV378PDZP87HXSESW6BA01,2026-01-20T23:24:31.383310694Z,,,01KFEV79YCQMQRJYZ004NV66QN,2026-01-20T23:24:31.383310694Z,01KFEVF1QBSXYJD0FP6FAXF31Z,2026-01-20T23:24:31.383310694Z,01KFEVF1Y0NKFHCSMG39M5TCZP,2026-01-20T23:24:31.383310694Z,true,2026-01-20T23:24:38.555044223Z
01KFEVKWEZSHTWV1DJQJNV2X9R,01KFEV37PBC6DGWCX0HT0QWYJR,2026-01-20T23:25:09.471151495Z,true,2026-01-20T23:25:24.265067219Z,01KFEV37PYV9HETXX2PSGE1RKD,2026-01-20T23:25:09.471151495Z,7,2026-01-20T23:25:21.544516071Z,01KFEV8PSQBX7P1ARFP0SDDW57,2026-01-20T23:25:09.471151495Z,01KFEVKCM3HZV4EBCX9XQX5ZQ4,2026-01-20T23:25:09.471151495Z,01KFEVKCP6FWS33AMEVP1YCKSR,2026-01-20T23:25:09.471151495Z,true,2026-01-20T23:25:27.264315463Z
01KFEW7V1GCJC1J87G2BRNPQVR,01KFEV38GJVYY8P8B7QXSW6BTE,2026-01-20T23:36:03.376855093Z,,,01KFEV38H48T18ZRM15RETR33C,2026-01-20T23:36:03.376855093Z,,,01KFEVVPVMNR90RS0DGAX989B7,2026-01-20T23:36:03.376855093Z,01KFEW2K6EXRH56RSZWHGJ4HT4,2026-01-20T23:36:03.376855093Z,01KFEW2KJ0AA62B105PPG3TF79,2026-01-20T23:36:03.376855093Z,true,2026-01-20T23:36:04.713620494Z
01KFEVDR6G4DFXHS768613CG7C,01KFEV2BZFDRZBG3Y0249RG1TW,2026-01-20T23:21:48.496782185Z,,,01KFEV2C0EQZAQP8AFWFARX9S3,2026-01-20T23:21:48.496782185Z,,,01KFEV4F59CE4SZAQ7AMYA0Y6G,2026-01-20T23:21:48.496782185Z,01KFEVCJJSB7MDB0BVYJ0B76P2,2026-01-20T23:21:48.496782185Z,01KFEVCJMA1HAZBYQCHYVVA78F,2026-01-20T23:21:48.496782185Z,true,2026-01-20T23:21:52.405155216Z
01KFEVJY62T7240BHGDS2W1V43,01KFEV377XDCWB0CVW0E7ES8WB,2026-01-20T23:24:38.46668876Z,false,2026-01-20T23:24:43.44056036Z,01KFEV378H0PY96RNMJFNCN7TE,2026-01-20T23:24:38.46668876Z,19,2026-01-20T23:24:42.424733065Z,01KFEV86DXXGMH25YQ8QC6JEB7,2026-01-20T23:24:38.46668876Z,01KFEVEHGR7ECW4X29T8Y4QFJQ,2026-01-20T23:24:38.46668876Z,01KFEVEHQQBSA7P4EWB48HQ72S,2026-01-20T23:24:38.46668876Z,true,2026-01-20T23:24:46.464953235Z
01KFEVPSNES7BS0AGWYS6Z1DY8,01KFEV384BJYC62Y0E6AQK09K8,2026-01-20T23:26:44.910934128Z,true,2026-01-20T23:26:48.669836438Z,01KFEV384Y33BFECW27AH8GSGD,2026-01-20T23:26:44.910934128Z,0,2026-01-20T23:26:47.424925753Z,01KFEVCQTYNZYE4TGA9WFYBM2V,2026-01-20T23:26:44.910934128Z,01KFEVHAQ1PGV31TD9W36P3MQD,2026-01-20T23:26:44.910934128Z,01KFEVHAYVBAAYJXMRK6DAN2AY,2026-01-20T23:26:44.910934128Z,true,2026-01-20T23:26:51.693409068Z
01KFEW2G6F0BQCMD15JSCFB0FR,01KFEV37PBC6DGWCX0HT0QWYJR,2026-01-20T23:33:08.431871771Z,,,01KFEV37Q0WSYAYKWHM2EXN0DN,2026-01-20T23:33:08.431871771Z,,,01KFEVWYACX0Z3X7HHHK5DSTDD,2026-01-20T23:33:08.431871771Z,01KFEW0G9JQ4V4CCAST3DCAZYQ,2026-01-20T23:33:08.431871771Z,01KFEW0GH2QVKYVVCRNSF5MQ79,2026-01-20T23:33:08.431871771Z,true,2026-01-20T23:33:09.143004133Z
01KFEWGZS7CTS6MRHK4RDACPCW,01KFEVMN9Q125N5N16W4WNYJXF,2026-01-20T23:41:03.143567272Z,,,01KFEVMNAWK7WRWM1AMQZKX6SA,2026-01-20T23:41:03.143567272Z,,,01KFEW3YJBR4HT7BADWRSVJQV5,2026-01-20T23:41:03.143567272Z,01KFEWE8TE0NG0P1M4CW86GTJZ,2026-01-20T23:41:03.143567272Z,01KFEWE936G8W16QHTGAJWN9Q5,2026-01-20T23:41:03.143567272Z,true,2026-01-20T23:41:04.557547937Z
01KFEWX6CW49D8XX004N43HCQ1,01KFEV38GJVYY8P8B7QXSW6BTE,2026-01-20T23:47:43.132885661Z,true,2026-01-20T23:47:50.386474416Z,01KFEV38H0S2Y42XZDBCZ2KPGY,2026-01-20T23:47:43.132885661Z,29,2026-01-20T23:47:49.352562619Z,01KFEWKWT6PWJAE8C8359J4DRM,2026-01-20T23:47:43.132885661Z,01KFEWVM7CQ9H0PTQTY7SKFW6P,2026-01-20T23:47:43.132885661Z,01KFEWVMJEEH46A47Y61PHK6A6,2026-01-20T23:47:43.132885661Z,true,2026-01-20T23:47:53.37965272Z
01KFEVNAVRQTY1V0Y2PAQA0RX2,01KFEV37PBC6DGWCX0HT0QWYJR,2026-01-20T23:25:56.984637628Z,,,01KFEV37PYV9HETXX2PC055NBT,2026-01-20T23:25:56.984637628Z,,,01KFEVBDY2YWN6DSFNFKRM8R9Z,2026-01-20T23:25:56.984637628Z,01KFEVH47TY8YTKZSSJDE27NRX,2026-01-20T23:25:56.984637628Z,01KFEVH4F0D962CV5WY3Q9TBGR,2026-01-20T23:25:56.984637628Z,true,2026-01-20T23:26:00.657229532Z
01KFEVNN3S5GQX04Y899VE8AAC,01KFEV377XDCWB0CVW0E7ES8WB,2026-01-20T23:26:07.481442617Z,,,01KFEV378FNG971PBW7B2SPNC6,2026-01-20T23:26:07.481442617Z,,,01KFEVCRBGBMN5MZZVZA8FPX1Z,2026-01-20T23:26:07.481442617Z,01KFEVJNRF52FGSEND6NF55RT9,2026-01-20T23:26:07.481442617Z,01KFEVJNZ6STY10F4MM2MTT9PH,2026-01-20T23:26:07.481442617Z,true,2026-01-20T23:26:08.647459246Z
01KFEW4NWCB590VP4H7CF0MAMF,01KFEV37PBC6DGWCX0HT0QWYJR,2026-01-20T23:34:19.788570754Z,,,01KFEV37Q0WSYAYKWHM2EXN0DN,2026-01-20T23:34:19.788570754Z,,,01KFEVWXXVHBHP5S1AZQQ4JZFK,2026-01-20T23:34:19.788570754Z,01KFEW0GBGGRN4S29QNK2SQ6YM,2026-01-20T23:34:19.788570754Z,01KFEW0GR0R0TT4TBHGHYQS5ZY,2026-01-20T23:34:19.788570754Z,true,2026-01-20T23:34:22.02096308Z
01KFEW6YA25ZJ7CDDQS1ZHCY8K,01KFEV38A01XZ4DPRPFKRE96P8,2026-01-20T23:35:33.954563609Z,,,01KFEV38AHTHHCNTDGHAJN0GXG,2026-01-20T23:35:33.954563609Z,,,01KFEVW5WA494MRXETJ2N5XX03,2026-01-20T23:35:33.954563609Z,01KFEW29YK600XP5H2XZZBAHW4,2026-01-20T23:35:33.954563609Z,01KFEW2A8CRVV49A51P5SRN1WG,2026-01-20T23:35:33.954563609Z,true,2026-01-20T23:35:36.96264671Z
01KFEW3X8JMJESCJWEZJRAW4NR,01KFEVMN9Q125N5N16W4WNYJXF,2026-01-20T23:33:54.578524191Z,,,01KFEVMNBC23RB4D79KEQ4G0VS,2026-01-20T23:33:54.578524191Z,,,01KFEVX608THP5F5HX3GYF0X1K,2026-01-20T23:33:54.578524191Z,01KFEW3VP28YF1EKPX4Q9AW06S,2026-01-20T23:33:54.578524191Z,01KFEW3VPJ4W3CPTWJ2CQZKA4T,2026-01-20T23:33:54.578524191Z,true,2026-01-20T23:34:06.541769595Z
01KFEWHTHWX6WP5ZHXK6PKXHTJ,01KFEVMN9Q125N5N16W4WNYJXF,2026-01-20T23:41:30.556571918Z,,,01KFEVMNAWK7WRWM1AMQZKX6SA,2026-01-20T23:41:30.556571918Z,,,01KFEW3YJBR4HT7BADWRSVJQV5,2026-01-20T23:41:30.556571918Z,01KFEWE8VFX5MKT559QS5XEW3G,2026-01-20T23:41:30.556571918Z,01KFEWE99DP67XM0G1QG9T5ZTM,2026-01-20T23:41:30.556571918Z,true,2026-01-20T23:41:31.540598642Z
01KFEWY8FHQ2KYECM32AD8PF8G,01KFEV38GJVYY8P8B7QXSW6BTE,2026-01-20T23:48:18.033311979Z,,,01KFEV38H0S2Y42XZDBCZ2KPGY,2026-01-20T23:48:18.033311979Z,,,01KFEWKWT6PWJAE8C8359J4DRM,2026-01-20T23:48:18.033311979Z,01KFEWVM8TZBQMYHEAZT7F552E,2026-01-20T23:48:18.033311979Z,01KFEWVMSVMKTNGHC1HNZHYHAT,2026-01-20T23:48:18.033311979Z,true,2026-01-20T23:48:20.030834102Z
01KFEVBH8E7JW9CVAG19CPWC3G,01KFEV2BZFDRZBG3Y0249RG1TW,2026-01-20T23:20:35.854475838Z,,,01KFEV2C08ND9C9BYW8N2T146P,2026-01-20T23:20:35.854475838Z,,,01KFEV4APCG117QZ1ZVXNKCJFC,2026-01-20T23:20:35.854475838Z,01KFEV992MES5YXGH6XNCQ5224,2026-01-20T23:20:35.854475838Z,01KFEV99A8X2QW6WWZ37BA6GDW,2026-01-20T23:20:35.854475838Z,true,2026-01-20T23:20:36.703586682Z
01KFEVBRCWF8TARTM421HGP66W,01KFEV2BZFDRZBG3Y0249RG1TW,2026-01-20T23:20:43.164708563Z,true,2026-01-20T23:20:49.058156276Z,01KFEV2C08ND9C9BYW8N2T146P,2026-01-20T23:20:43.164708563Z,20,2026-01-20T23:20:47.888346862Z,01KFEV46YBCF5X09FCFJF4VDEY,2026-01-20T23:20:43.164708563Z,01KFEV992NF1BFY2J08HK8D9F8,2026-01-20T23:20:43.164708563Z,01KFEV99B639A31BWYGE6EE5BM,2026-01-20T23:20:43.164708563Z,true,2026-01-20T23:20:52.062272607Z
01KFEVJ7YQXD0TTG08DXCFK48J,01KFEV377XDCWB0CVW0E7ES8WB,2026-01-20T23:24:15.703878132Z,,,01KFEV378H0PY96RNMJFNCN7TE,2026-01-20T23:24:15.703878132Z,,,01KFEV86DXXGMH25YQ8QC6JEB7,2026-01-20T23:24:15.703878132Z,01KFEVEHGVFGMMBCQD0VZCXWY0,2026-01-20T23:24:15.703878132Z,01KFEVEHMSCT1FSWKSCS4YTNFX,2026-01-20T23:24:15.703878132Z,true,2026-01-20T23:24:17.077546681Z
01KFEVQVECFRFBVSYANW6FCMH4,01KFEV37PBC6DGWCX0HT0QWYJR,2026-01-20T23:27:19.500132815Z,,,01KFEV37PYV9HETXX2PSGE1RKD,2026-01-20T23:27:19.500132815Z,,,01KFEV8PSQBX7P1ARFP0SDDW57,2026-01-20T23:27:19.500132815Z,01KFEVKCNE0XAMRN0N7CFCEXZ2,2026-01-20T23:27:19.500132815Z,01KFEVKCVFSV8YPR1THCXPHQYS,2026-01-20T23:27:19.500132815Z,true,2026-01-20T23:27:26.706476765Z
01KFEVTBTW0BRGAQ5AKNQYY5FD,01KFEVMN9Q125N5N16W4WNYJXF,2026-01-20T23:28:41.820047956Z,,,01KFEVMNB841AFDZFM4WSW4FTD,2026-01-20T23:28:41.820047956Z,,,01KFEVB2WK99SDZDFQAW6KYB9M,2026-01-20T23:28:41.820047956Z,01KFEVPNGFQYEVQ3XPBR3QGGJZ,2026-01-20T23:28:41.820047956Z,01KFEVPNQK8CGQ58HJX6RH5E4N,2026-01-20T23:28:41.820047956Z,true,2026-01-20T23:28:44.977963316Z
01KFEW1D4D0VJKMRYS8EFMHWQ4,01KFEV384BJYC62Y0E6AQK09K8,2026-01-20T23:32:32.525823831Z,,,01KFEV385166A8JYCZ9G4DMHRQ,2026-01-20T23:32:32.525823831Z,,,01KFEVWH8M80FFRA88HYSK2ZSQ,2026-01-20T23:32:32.525823831Z,01KFEW1AGDXB9F3CBJZD9ZH5QQ,2026-01-20T23:32:32.525823831Z,01KFEW1AMG6S1N8T839MVNA6YJ,2026-01-20T23:32:32.525823831Z,true,2026-01-20T23:32:35.005004219Z
01KFEVH1YDHKATXP6PGDHPKVFN,01KFEV2BZFDRZBG3Y0249RG1TW,2026-01-20T23:23:36.781882058Z,,,01KFEV2C0CP35QE41ZMH45J8TZ,2026-01-20T23:23:36.781882058Z,,,01KFEV7TATT805MEJDGTCA5NFM,2026-01-20T23:23:36.781882058Z,01KFEVB8GASGJN0SSP4XXA8YGN,2026-01-20T23:23:36.781882058Z,01KFEVB8S2FANC11ZY303JQZQZ,2026-01-20T23:23:36.781882058Z,true,2026-01-20T23:23:39.473703249Z
01KFEW7615BDGVGYC77VHVHMEQ,01KFEV38A01XZ4DPRPFKRE96P8,2026-01-20T23:35:41.861685621Z,,,01KFEV38AHTHHCNTDGHAJN0GXG,2026-01-20T23:35:41.861685621Z,,,01KFEVW9PV7SJ42VT7GTTE4SGT,2026-01-20T23:35:41.861685621Z,01KFEW29YWMS8SG0HY124EQM4K,2026-01-20T23:35:41.861685621Z,01KFEW2AB6TWR5RZ9YZX1WQ10Y,2026-01-20T23:35:41.861685621Z,true,2026-01-20T23:35:44.299968862Z
01KFEW8T5FQK8XVKSQKN4BVXVF,01KFEV38A01XZ4DPRPFKRE96P8,2026-01-20T23:36:35.24774167Z,,,01KFEV38AHTHHCNTDGHAJN0GXG,2026-01-20T23:36:35.24774167Z,,,01KFEVW5WA494MRXETJ2N5XX03,2026-01-20T23:36:35.24774167Z,01KFEW2A07M1KE0DCW06NBRFTM,2026-01-20T23:36:35.24774167Z,01KFEW2AGSW5FTYC9YX2ZT7BHY,2026-01-20T23:36:35.24774167Z,true,2026-01-20T23:36:38.565484663Z
01KFEWC6Q7BQCJ298ZXCCWA1T2,01KFEV384BJYC62Y0E6AQK09K8,2026-01-20T23:38:26.407190127Z,,,01KFEV384Z68A1Z7ZGWS1GDSZK,2026-01-20T23:38:26.407190127Z,,,01KFEW47TNE510SG18TR5ZERFB,2026-01-20T23:38:26.407190127Z,01KFEW9NEZF4BDJ4D8H6JC57E0,2026-01-20T23:38:26.407190127Z,01KFEW9NR4BF1ZXNKFCFPJFQAR,2026-01-20T23:38:26.407190127Z,true,2026-01-20T23:38:29.148075179Z
01KFEWJ7G94DKWM48FW13XJ8GP,01KFEVMN9Q125N5N16W4WNYJXF,2026-01-20T23:41:43.817926224Z,,,01KFEVMNAWK7WRWM1AMQZKX6SA,2026-01-20T23:41:43.817926224Z,,,01KFEW3YJBR4HT7BADWRSVJQV5,2026-01-20T23:41:43.817926224Z,01KFEWE8W4Q7HBT12QMD8NKR4R,2026-01-20T23:41:43.817926224Z,01KFEWE9CB4C06WAEN7MTDV3PT,2026-01-20T23:41:43.817926224Z,true,2026-01-20T23:41:44.948114083Z
01KFEVH5FHJPKNVY0XDG29C6WD,01KFEV377XDCWB0CVW0E7ES8WB,2026-01-20T23:23:40.401215834Z,,,01KFEV378H0PY96RNMJFNCN7TE,2026-01-20T23:23:40.401215834Z,,,01KFEV86DXXGMH25YQ8QC6JEB7,2026-01-20T23:23:40.401215834Z,01KFEVEHGCG7SCGVN0B81NQ5CF,2026-01-20T23:23:40.401215834Z,01KFEVEHK3G9263F8HFAPF6V02,2026-01-20T23:23:40.401215834Z,true,2026-01-20T23:23:45.593031662Z
01KFEVNEG3MKG9AFTXMBSXXPDG,01KFEV37PBC6DGWCX0HT0QWYJR,2026-01-20T23:26:00.707470057Z,true,2026-01-20T23:26:08.138609586Z,01KFEV37PYV9HETXX2PC055NBT,2026-01-20T23:26:00.707470057Z,17,2026-01-20T23:26:06.861185524Z,01KFEVBDY2YWN6DSFNFKRM8R9Z,2026-01-20T23:26:00.707470057Z,01KFEVH47TY8YTKZSSJDE27NRX,2026-01-20T23:26:00.707470057Z,01KFEVH4F2X0WGP1MN9KX0Q4Z3,2026-01-20T23:26:00.707470057Z,true,2026-01-20T23:26:11.150861423Z
01KFEVSDKXG0MC590QSE17GTK0,01KFEV37PBC6DGWCX0HT0QWYJR,2026-01-20T23:28:10.877664428Z,false,2026-01-20T23:28:25.122294182Z,01KFEV37PV76WD06T50QFKE80T,2026-01-20T23:28:10.877664428Z,0.20,2026-01-20T23:28:23.662324819Z,01KFEVH5DDXBKC32H7RGDZYG1X,2026-01-20T23:28:10.877664428Z,01KFEVS2YJ0NN9TXX80TR4EBXB,2026-01-20T23:28:10.877664428Z,01KFEVS31VSME3P469BX9BSQTY,2026-01-20T23:28:10.877664428Z,true,2026-01-20T23:28:28.136494087Z
01KFEW64XATGZVRA38ZG154V40,01KFEVMN9Q125N5N16W4WNYJXF,2026-01-20T23:35:07.94652204Z,,,01KFEVMNBC23RB4D79KEQ4G0VS,2026-01-20T23:35:07.94652204Z,,,01KFEVX608THP5F5HX3GYF0X1K,2026-01-20T23:35:07.94652204Z,01KFEW3VK8TWZN9VVEZ77C4AM8,2026-01-20T23:35:07.94652204Z,01KFEW3VTMQF24AX7M20MSF2Y7,2026-01-20T23:35:07.94652204Z,true,2026-01-20T23:35:13.362479771Z
01KFEWFTATHPQP1DCN9MXTZS6S,01KFEV38GJVYY8P8B7QXSW6BTE,2026-01-20T23:40:24.794840461Z,,,01KFEV38H8T2V9428VC9T7MEBA,2026-01-20T23:40:24.794840461Z,,,01KFEW5105FT4T963R9Z6AZ67Y,2026-01-20T23:40:24.794840461Z,01KFEWB97B5TCHMM11XXK0C3WP,2026-01-20T23:40:24.794840461Z,01KFEWB9WT6N2WNYP3GBNFCN4N,2026-01-20T23:40:24.794840461Z,true,2026-01-20T23:40:26.028457104Z
01KFEWXYJ80CYWFMCBBD7NY64N,01KFEV38GJVYY8P8B7QXSW6BTE,2026-01-20T23:48:07.880177807Z,,,01KFEV38H0S2Y42XZDBCZ2KPGY,2026-01-20T23:48:07.880177807Z,,,01KFEWA3ZKFQRVCEG62F0BJCT3,2026-01-20T23:48:07.880177807Z,01KFEWVM889E015ABS9SG4J3H3,2026-01-20T23:48:07.880177807Z,01KFEWVMP8NNTWS1RXG85DCVSY,2026-01-20T23:48:07.880177807Z,true,2026-01-20T23:48:10.150992131Z
01KFEWY3N1FRJ5KJXEXHN4S53V,01KFEV38GJVYY8P8B7QXSW6BTE,2026-01-20T23:48:13.089053546Z,,,01KFEV38H0S2Y42XZDBCZ2KPGY,2026-01-20T23:48:13.089053546Z,,,01KFEWKWT6PWJAE8C8359J4DRM,2026-01-20T23:48:13.089053546Z,01KFEWVM8J6QS2ST8TXJA668EN,2026-01-20T23:48:13.089053546Z,01KFEWVMRCAKAKBEHH9E167GGQ,2026-01-20T23:48:13.089053546Z,true,2026-01-20T23:48:15.36611655Z
01KFEVE7H4QRE0TK1J8D5DN05P,01KFEV2BZFDRZBG3Y0249RG1TW,2026-01-20T23:22:04.196739412Z,,,01KFEV2C0CP35QE41ZMH45J8TZ,2026-01-20T23:22:04.196739412Z,,,01KFEV7TATT805MEJDGTCA5NFM,2026-01-20T23:22:04.196739412Z,01KFEVB8FTFFBQ8J4AEF64MQVW,2026-01-20T23:22:04.196739412Z,01KFEVB8J6XW003VFQ263DFGN6,2026-01-20T23:22:04.196739412Z,true,2026-01-20T23:22:06.975431195Z
01KFEVR2K7791HTD9CTJTD0HKB,01KFEV37PBC6DGWCX0HT0QWYJR,2026-01-20T23:27:26.823494218Z,,,01KFEV37PYV9HETXX2PSGE1RKD,2026-01-20T23:27:26.823494218Z,,,01KFEV8PSQBX7P1ARFP0SDDW57,2026-01-20T23:27:26.823494218Z,01KFEVKCMEF072A8GSMNZM7WH6,2026-01-20T23:27:26.823494218Z,01KFEVKCWRHS25E69CNNSC75BB,2026-01-20T23:27:26.823494218Z,true,2026-01-20T23:27:32.530451276Z
01KFEVR6J3R8362DBSAMFW9ZM5,01KFEV37CWX6SQYA0RPR0C01MW,2026-01-20T23:27:30.883258576Z,,,01KFEV37DE991T271V0NJ5BY6K,2026-01-20T23:27:30.883258576Z,,,01KFEVD9ZATE7H5N364WWPAV31,2026-01-20T23:27:30.883258576Z,01KFEVJEKCQH6K2QKDETC0SMC1,2026-01-20T23:27:30.883258576Z,01KFEVJEQMYPEQM5QTQMYYJVFW,2026-01-20T23:27:30.883258576Z,true,2026-01-20T23:27:36.096642363Z
01KFEVS1ZVYHD2KBT4KEP91F0T,01KFEV37CWX6SQYA0RPR0C01MW,2026-01-20T23:27:58.971652427Z,,,01KFEV37DE991T271V0NJ5BY6K,2026-01-20T23:27:58.971652427Z,,,01KFEVD9ZATE7H5N364WWPAV31,2026-01-20T23:27:58.971652427Z,01KFEVJEKGMYFZA2VJEASABFYY,2026-01-20T23:27:58.971652427Z,01KFEVJERWS4KMCGPST6KJ8QQ4,2026-01-20T23:27:58.971652427Z,true,2026-01-20T23:28:01.083234572Z
01KFEWFH7GWJSS2J4X7NJ875YC,01KFEV38A01XZ4DPRPFKRE96P8,2026-01-20T23:40:15.472773494Z,,,01KFEV38AJ2CFPYBQZ5JKK7PV4,2026-01-20T23:40:15.472773494Z,,,01KFEW61CSGZMFE4TZ96QA9A06,2026-01-20T23:40:15.472773494Z,01KFEW9RQQNHQYFYBFG4W4KFW3,2026-01-20T23:40:15.472773494Z,01KFEW9S540FBYVXVCPSPQEFNK,2026-01-20T23:40:15.472773494Z,true,2026-01-20T23:40:17.446703227Z
01KFEWJFY7S9R3A3PHKM8PAK20,01KFEVMNF44NEM58ETFST7KTWM,2026-01-20T23:41:52.455670529Z,,,01KFEVMNHFNDCGHX9QBBFN387E,2026-01-20T23:41:52.455670529Z,,,01KFEW6A5E0ZVTNJ585Y831423,2026-01-20T23:41:52.455670529Z,01KFEWEZXAJSB92MSCQSD9TW2R,2026-01-20T23:41:52.455670529Z,01KFEWF0B3A9HCZNRC65D0RZPE,2026-01-20T23:41:52.455670529Z,true,2026-01-20T23:41:54.37123952Z
01KFEVAGKQ45S5FAP9VNVAQHQE,01KFEV2BZFDRZBG3Y0249RG1TW,2026-01-20T23:20:02.423730247Z,true,2026-01-20T23:20:08.746459008Z,01KFEV2C08ND9C9BYW8N2T146P,2026-01-20T23:20:02.423730247Z,20,2026-01-20T23:20:07.644475941Z,01KFEV4APCG117QZ1ZVXNKCJFC,2026-01-20T23:20:02.423730247Z,01KFEV992BY8ZQV1K5DH9Q0F8T,2026-01-20T23:20:02.423730247Z,01KFEV9961QZR5RK2WEPE4PKJG,2026-01-20T23:20:02.423730247Z,true,2026-01-20T23:20:11.748581969Z
01KFEW23DRWGZM734P32DBJHQE,01KFEV37PBC6DGWCX0HT0QWYJR,2026-01-20T23:32:55.352867859Z,,,01KFEV37Q0WSYAYKWHM2EXN0DN,2026-01-20T23:32:55.352867859Z,,,01KFEVWXXVHBHP5S1AZQQ4JZFK,2026-01-20T23:32:55.352867859Z,01KFEW0G8ZZKDWGVVQH1FBRDRX,2026-01-20T23:32:55.352867859Z,01KFEW0GF0HJMK8HNT1VCWDWHW,2026-01-20T23:32:55.352867859Z,true,2026-01-20T23:32:58.195463693Z
01KFEVBM2KRANXT2VR4YJETY2W,01KFEV2BZFDRZBG3Y0249RG1TW,2026-01-20T23:20:38.73907514Z,,,01KFEV2C08ND9C9BYW8N2T146P,2026-01-20T23:20:38.73907514Z,,,01KFEV46YBCF5X09FCFJF4VDEY,2026-01-20T23:20:38.73907514Z,01KFEV992NF1BFY2J085XZ7GRZ,2026-01-20T23:20:38.73907514Z,01KFEV99AQCR8JFDBJ49YYK94C,2026-01-20T23:20:38.73907514Z,true,2026-01-20T23:20:39.77022623Z
01KFEVNXRJ5ZG3Z2T3N3NQ57GC,01KFEV377XDCWB0CVW0E7ES8WB,2026-01-20T23:26:16.338442185Z,,,01KFEV378FNG971PBW7B2SPNC6,2026-01-20T23:26:16.338442185Z,,,01KFEV82H962BNCCRXPB524628,2026-01-20T23:26:16.338442185Z,01KFEVJNR9280S2KWAWZH5CR01,2026-01-20T23:26:16.338442185Z,01KFEVJP0CC5GDASGWGTPZZW1R,2026-01-20T23:26:16.338442185Z,true,2026-01-20T23:26:17.799953309Z
01KFEWBESG1QK5PWTDNP5NN60C,01KFEV38A01XZ4DPRPFKRE96P8,2026-01-20T23:38:01.904238566Z,,,01KFEV38AJ2CFPYBQZ5JKK7PV4,2026-01-20T23:38:01.904238566Z,,,01KFEW2CHJQZ9TDCN78BA2VKEM,2026-01-20T23:38:01.904238566Z,01KFEW9RN40QG3K2B84WKGV58C,2026-01-20T23:38:01.904238566Z,01KFEW9RW6QKWJPZ2JKNH9939Z,2026-01-20T23:38:01.904238566Z,true,2026-01-20T23:38:16.830625487Z
01KFEWGBNJ1NF66RW852SK8E62,01KFEV38A01XZ4DPRPFKRE96P8,2026-01-20T23:40:42.546564075Z,,,01KFEV38AJ2CFPYBQZ5JKK7PV4,2026-01-20T23:40:42.546564075Z,,,01KFEW2CHJQZ9TDCN78BA2VKEM,2026-01-20T23:40:42.546564075Z,01KFEW9RPTMR1X74362ZJ5HND1,2026-01-20T23:40:42.546564075Z,01KFEW9S9JQSB4CWKD3HHXWBJW,2026-01-20T23:40:42.546564075Z,true,2026-01-20T23:40:44.77777603Z
01KFEWM4KSNT60HZYF7KR5N8F5,01KFEVMNF44NEM58ETFST7KTWM,2026-01-20T23:42:46.393126482Z,,,01KFEVMNHFNDCGHX9QBBFN387E,2026-01-20T23:42:46.393126482Z,,,01KFEW78ZH0TY6JQ9J3GJMR3E3,2026-01-20T23:42:46.393126482Z,01KFEWEZYP42AF5N6JACS5HZ97,2026-01-20T23:42:46.393126482Z,01KFEWF0FP9F4W4AKS1MGJTD4B,2026-01-20T23:42:46.393126482Z,true,2026-01-20T23:42:50.046785524Z
01KFEWG0N9PMSN708TT562X3Q5,01KFEVMNF44NEM58ETFST7KTWM,2026-01-20T23:40:31.273381146Z,true,2026-01-20T23:40:48.717993603Z,01KFEVMNHFNDCGHX9QBBFN387E,2026-01-20T23:40:31.273381146Z,0,2026-01-20T23:40:46.44788471Z,01KFEW6A5E0ZVTNJ585Y831423,2026-01-20T23:40:31.273381146Z,01KFEWEZVA5M4G0VV9SW3JMCQ3,2026-01-20T23:40:31.273381146Z,01KFEWF00T71V0JHNJGDJZ5RCW,2026-01-20T23:40:31.273381146Z,true,2026-01-20T23:40:51.724879728Z
01KFEVKMSSTS9A50Z7JMVMK35J,01KFEV377XDCWB0CVW0E7ES8WB,2026-01-20T23:25:01.625395725Z,,,01KFEV378PDZP87HXSESW6BA01,2026-01-20T23:25:01.625395725Z,,,01KFEV79YCQMQRJYZ004NV66QN,2026-01-20T23:25:01.625395725Z,01KFEVF1R05NN8B18DGSYQ0EAN,2026-01-20T23:25:01.625395725Z,01KFEVF1ZEVZTQHJD83AFE7D7P,2026-01-20T23:25:01.625395725Z,true,2026-01-20T23:25:12.662782216Z
01KFEVMJSPWWQ5M081JP93WWZ7,01KFEV377XDCWB0CVW0E7ES8WB,2026-01-20T23:25:32.342645895Z,true,2026-01-20T23:25:38.32993511Z,01KFEV378PDZP87HXSESW6BA01,2026-01-20T23:25:32.342645895Z,17,2026-01-20T23:25:36.840696627Z,01KFEV6V20FH8Q8TGZN4SVCF5R,2026-01-20T23:25:32.342645895Z,01KFEVF1QPFHJRQAHKCB8DRQ6Y,2026-01-20T23:25:32.342645895Z,01KFEVF217JQ10506E2PMQHJV1,2026-01-20T23:25:32.342645895Z,true,2026-01-20T23:25:41.328715275Z
01KFEVNS476WD09KK7V1QCMEBJ,01KFEV37CWX6SQYA0RPR0C01MW,2026-01-20T23:26:11.592012013Z,,,01KFEV37DE991T271V0BRDHRJW,2026-01-20T23:26:11.592012013Z,,,01KFEV8CTFEWEE7C0ZM9KMYRSE,2026-01-20T23:26:11.592012013Z,01KFEVGBDEFGKQZTMK8HZ24A1T,2026-01-20T23:26:11.592012013Z,01KFEVGBMCD56YFFXGFQQ60PGY,2026-01-20T23:26:11.592012013Z,true,2026-01-20T23:26:14.934193928Z
01KFEVW99GH8CN9PNK6B897DTA,01KFEV37PBC6DGWCX0HT0QWYJR,2026-01-20T23:29:44.752078668Z,,,01KFEV37PV76WD06T50QFKE80T,2026-01-20T23:29:44.752078668Z,,,01KFEVJMQNGBVWZMGKK0EQB935,2026-01-20T23:29:44.752078668Z,01KFEVS308RHJ1C53CQEQ6N1KN,2026-01-20T23:29:44.752078668Z,01KFEVS39BSHYG98GP007VETGQ,2026-01-20T23:29:44.752078668Z,true,2026-01-20T23:29:48.111767947Z
01KFEW2NMSM6W7C09QNP4N7GNM,01KFEV37PBC6DGWCX0HT0QWYJR,2026-01-20T23:33:14.009650651Z,true,2026-01-20T23:33:32.413701963Z,01KFEV37Q0WSYAYKWHM2EXN0DN,2026-01-20T23:33:14.009650651Z,10,2026-01-20T23:33:31.446721778Z,01KFEVWXXVHBHP5S1AZQQ4JZFK,2026-01-20T23:33:14.009650651Z,01KFEW0G9JQ4V4CCAST3DCAZYQ,2026-01-20T23:33:14.009650651Z,01KFEW0GHA0FQ4GJRM7GH88HJE,2026-01-20T23:33:14.009650651Z,true,2026-01-20T23:33:35.416716953Z
01KFEWA7FA83208HWAC43Y9TQE,01KFEV38A01XZ4DPRPFKRE96P8,2026-01-20T23:37:21.642830546Z,true,2026-01-20T23:37:27.776615218Z,01KFEV38AJ2CFPYBQZ5JKK7PV4,2026-01-20T23:37:21.642830546Z,0,2026-01-20T23:37:27.036636749Z,01KFEW61CSGZMFE4TZ96QA9A06,2026-01-20T23:37:21.642830546Z,01KFEW9RNHPCEBV7E7PA75FXT1,2026-01-20T23:37:21.642830546Z,01KFEW9RTNA84KKSBTA8HQQ5AF,2026-01-20T23:37:21.642830546Z,true,2026-01-20T23:37:30.796642378Z
01KFEVTZJYZP8FZ8R055FN185F,01KFEVMN9Q125N5N16W4WNYJXF,2026-01-20T23:29:02.046773654Z,,,01KFEVMNB841AFDZFM4WSW4FTD,2026-01-20T23:29:02.046773654Z,,,01KFEVB2WK99SDZDFQAW6KYB9M,2026-01-20T23:29:02.046773654Z,01KFEVPNGV8RZG6TW9YBSNA141,2026-01-20T23:29:02.046773654Z,01KFEVPNSPGDGEHYG86HSYAFWE,2026-01-20T23:29:02.046773654Z,true,2026-01-20T23:29:04.053228078Z
01KFEW3E182JBRTB7NWXY5QB4D,01KFEV384BJYC62Y0E6AQK09K8,2026-01-20T23:33:38.984053424Z,,,01KFEV385166A8JYCZ9G4DMHRQ,2026-01-20T23:33:38.984053424Z,,,01KFEVWH8M80FFRA88HYSK2ZSQ,2026-01-20T23:33:38.984053424Z,01KFEW1AKGQ270E4D2RH495YX3,2026-01-20T23:33:38.984053424Z,01KFEW1AVKCCZ6P4RR394AZDRD,2026-01-20T23:33:38.984053424Z,true,2026-01-20T23:33:41.160044104Z
01KFEWDH1JAV4NWSJHEEY960XH,01KFEV38GJVYY8P8B7QXSW6BTE,2026-01-20T23:39:09.746262453Z,,,01KFEV38H8T2V9428VC9T7MEBA,2026-01-20T23:39:09.746262453Z,,,01KFEW5105FT4T963R9Z6AZ67Y,2026-01-20T23:39:09.746262453Z,01KFEWB94VS3H1WGEG6MHSEQZ4,2026-01-20T23:39:09.746262453Z,01KFEWB9E5CE75ZHPFMTYHFHQ2,2026-01-20T23:39:09.746262453Z,true,2026-01-20T23:39:12.587460925Z
01KFEVJ9C8J3Z0TCV656NQ9XBX,01KFEV377XDCWB0CVW0E7ES8WB,2026-01-20T23:24:17.160379798Z,,,01KFEV378H0PY96RNMJFNCN7TE,2026-01-20T23:24:17.160379798Z,,,01KFEVA045MDV6WERMTEQ3VAYR,2026-01-20T23:24:17.160379798Z,01KFEVEHGT727FBD9HJ47T8RQS,2026-01-20T23:24:17.160379798Z,01KFEVEHNC5H30V9GJT613917V,2026-01-20T23:24:17.160379798Z,true,2026-01-20T23:24:19.084450105Z
01KFEVP2H12AA853QQ810TF8ZQ,01KFEV384BJYC62Y0E6AQK09K8,2026-01-20T23:26:21.217597774Z,,,01KFEV384Y33BFECW27AH8GSGD,2026-01-20T23:26:21.217597774Z,,,01KFEVCQTYNZYE4TGA9WFYBM2V,2026-01-20T23:26:21.217597774Z,01KFEVHAPQB1SQ5NQG6WGV0BMA,2026-01-20T23:26:21.217597774Z,01KFEVHAWY4DWJWQKYAQGVRJ2G,2026-01-20T23:26:21.217597774Z,true,2026-01-20T23:26:23.854800107Z
01KFEVTCN68604X45FJMBJZ3Q8,01KFEV38A01XZ4DPRPFKRE96P8,2026-01-20T23:28:42.662294536Z,,,01KFEV38AJ2CFPYBQZ58NH0V5J,2026-01-20T23:28:42.662294536Z,,,01KFEVE55BQ40NXX8QW3R5RX0T,2026-01-20T23:28:42.662294536Z,01KFEVJWS2MQKSD6RZJH2QJJMQ,2026-01-20T23:28:42.662294536Z,01KFEVJWY0RZ6CHESENGTK1Z7J,2026-01-20T23:28:42.662294536Z,true,2026-01-20T23:28:48.816230084Z
01KFEW7YTV4FWBWYCHAQ3G7584,01KFEVMN9Q125N5N16W4WNYJXF,2026-01-20T23:36:07.259944917Z,true,2026-01-20T23:36:11.216891153Z,01KFEVMNBC23RB4D79KEQ4G0VS,2026-01-20T23:36:07.259944917Z,17,2026-01-20T23:36:09.83038898Z,01KFEVXFAQE8X4YEWXW17GBY46,2026-01-20T23:36:07.259944917Z,01KFEW3VNM3T348MBV77A05Z67,2026-01-20T23:36:07.259944917Z,01KFEW3W94EXE99NNH9HGAG1SS,2026-01-20T23:36:07.259944917Z,true,2026-01-20T23:36:14.223581578Z
01KFEWFF7JPX4YCYW078FFCWWH,01KFEVMN9Q125N5N16W4WNYJXF,2026-01-20T23:40:13.42628333Z,true,2026-01-20T23:40:27.671242655Z,01KFEVMNAWK7WRWM1AMQZKX6SA,2026-01-20T23:40:13.42628333Z,0,2026-01-20T23:40:25.717195573Z,01KFEW3YJBR4HT7BADWRSVJQV5,2026-01-20T23:40:13.42628333Z,01KFEWE8RX9DT254543TPC4B40,2026-01-20T23:40:13.42628333Z,01KFEWE8YQN7X40BSXA1GT90TB,2026-01-20T23:40:13.42628333Z,true,2026-01-20T23:40:30.67687193Z
01KFEVMJSTFW80BP2D0QVSDNNA,01KFEV377XDCWB0CVW0E7ES8WB,2026-01-20T23:25:32.347019717Z,true,2026-01-20T23:25:45.356881566Z,01KFEV378PDZP87HXSESW6BA01,2026-01-20T23:25:32.347019717Z,29,2026-01-20T23:25:43.057988776Z,01KFEV79YCQMQRJYZ004NV66QN,2026-01-20T23:25:32.347019717Z,01KFEVF1QPFHJRQAHKCB8DRQ6Y,2026-01-20T23:25:32.347019717Z,01KFEVF217JQ10506E2PMQHJV1,2026-01-20T23:25:32.347019717Z,true,2026-01-20T23:25:48.373337993Z
01KFEVQN88KQSND5F9Z18G79CE,01KFEV37PBC6DGWCX0HT0QWYJR,2026-01-20T23:27:13.160949008Z,,,01KFEV37PYV9HETXX2PSGE1RKD,2026-01-20T23:27:13.160949008Z,,,01KFEV8PSQBX7P1ARFP0SDDW57,2026-01-20T23:27:13.160949008Z,01KFEVKCNE0XAMRN0N7CFCEXZ2,2026-01-20T23:27:13.160949008Z,01KFEVKCVA6RACV3K9116YJ2NH,2026-01-20T23:27:13.160949008Z,true,2026-01-20T23:27:19.434721233Z
01KFEVWFZ6F3RWJT68H3KCQPKR,01KFEV37PBC6DGWCX0HT0QWYJR,2026-01-20T23:29:51.5908348Z,,,01KFEV37PV76WD06T50QFKE80T,2026-01-20T23:29:51.5908348Z,,,01KFEVJMQNGBVWZMGKK0EQB935,2026-01-20T23:29:51.5908348Z,01KFEVS30DXP4PRYMZCEXQDZ77,2026-01-20T23:29:51.5908348Z,01KFEVS3AB86W4YZKETTKYXAQR,2026-01-20T23:29:51.5908348Z,true,2026-01-20T23:29:54.622911648Z
01KFEW35DBHJ1XDBWK3SDQYYZS,01KFEV38A01XZ4DPRPFKRE96P8,2026-01-20T23:33:30.155690054Z,,,01KFEV38AHTHHCNTDGHAJN0GXG,2026-01-20T23:33:30.155690054Z,,,01KFEVW9PV7SJ42VT7GTTE4SGT,2026-01-20T23:33:30.155690054Z,01KFEW29XHVV27TK4HQZQPZFPD,2026-01-20T23:33:30.155690054Z,01KFEW2A2C027P7GBJN6PE70QR,2026-01-20T23:33:30.155690054Z,true,2026-01-20T23:33:36.988121241Z
01KFEW6T21P8JE3QW8C1S8DB5A,01KFEVMN9Q125N5N16W4WNYJXF,2026-01-20T23:35:29.601311725Z,,,01KFEVMNBC23RB4D79KEQ4G0VS,2026-01-20T23:35:29.601311725Z,,,01KFEVXFAQE8X4YEWXW17GBY46,2026-01-20T23:35:29.601311725Z,01KFEW3VKZ39SY1X7NPK7PDBQW,2026-01-20T23:35:29.601311725Z,01KFEW3VZ7PD9A59TACY2850R6,2026-01-20T23:35:29.601311725Z,true,2026-01-20T23:35:31.118465598Z
01KFEWFJERY4B9SBRF2WVY9DWK,01KFEV38GJVYY8P8B7QXSW6BTE,2026-01-20T23:40:16.728878469Z,,,01KFEV38H8T2V9428VC9T7MEBA,2026-01-20T23:40:16.728878469Z,,,01KFEW5BKPC6PA6AD6TVFX3GTH,2026-01-20T23:40:16.728878469Z,01KFEWB96ZWWCJ2HWAMXTQ08FM,2026-01-20T23:40:16.728878469Z,01KFEWB9S64FVS70NP5DP2WZ1A,2026-01-20T23:40:16.728878469Z,true,2026-01-20T23:40:24.59941126Z
01KFEWJ8TRV4CRHG4AZG018BPZ,01KFEVMN9Q125N5N16W4WNYJXF,2026-01-20T23:41:45.176684595Z,,,01KFEVMNAWK7WRWM1AMQZKX6SA,2026-01-20T23:41:45.176684595Z,,,01KFEW3YJBR4HT7BADWRSVJQV5,2026-01-20T23:41:45.176684595Z,01KFEWE8WG5JEY2NYGNN25MKRQ,2026-01-20T23:41:45.176684595Z,01KFEWE9DD9P9RBS5M3PN73WZN,2026-01-20T23:41:45.176684595Z,true,2026-01-20T23:41:45.701465677Z
01KFEWJJR9B0PT18QKKASSP880,01KFEVMNF44NEM58ETFST7KTWM,2026-01-20T23:41:55.337494022Z,,,01KFEVMNHFNDCGHX9QBBFN387E,2026-01-20T23:41:55.337494022Z,,,01KFEW6A5E0ZVTNJ585Y831423,2026-01-20T23:41:55.337494022Z,01KFEWEZXAJSB92MSCQSD9TW2R,2026-01-20T23:41:55.337494022Z,01KFEWF0BE8A5W1ZHB63F8F837,2026-01-20T23:41:55.337494022Z,true,2026-01-20T23:41:58.460955346Z
01KFEVMRJ7A6XFXG1JYWK0QP4E,01KFEV38A01XZ4DPRPFKRE96P8,2026-01-20T23:25:38.247998923Z,,,01KFEV38AJ2CFPYBQZ58NH0V5J,2026-01-20T23:25:38.247998923Z,,,01KFEVE55BQ40NXX8QW3R5RX0T,2026-01-20T23:25:38.247998923Z,01KFEVJWRME93DECR96HK88Y43,2026-01-20T23:25:38.247998923Z,01KFEVJWTN7CNB69HWVPSR2N2P,2026-01-20T23:25:38.247998923Z,true,2026-01-20T23:25:56.955691504Z
01KFEVV9FXAQ98KRHCKP9H86Y8,01KFEV37PBC6DGWCX0HT0QWYJR,2026-01-20T23:29:12.189646044Z,,,01KFEV37PV76WD06T50QFKE80T,2026-01-20T23:29:12.189646044Z,,,01KFEVH5DDXBKC32H7RGDZYG1X,2026-01-20T23:29:12.189646044Z,01KFEVS2ZS0Q9JMWBXYXR9JRBV,2026-01-20T23:29:12.189646044Z,01KFEVS36Y6SRK7DP7W4NPRPVW,2026-01-20T23:29:12.189646044Z,true,2026-01-20T23:29:13.950687989Z
01KFEW1MZEBVHMARJ9KHBS4FWW,01KFEV384BJYC62Y0E6AQK09K8,2026-01-20T23:32:40.558166152Z,true,2026-01-20T23:32:49.184686035Z,01KFEV385166A8JYCZ9G4DMHRQ,2026-01-20T23:32:40.558166152Z,19,2026-01-20T23:32:47.862402839Z,01KFEVY502SJ2FK1Q7WFM0PHB4,2026-01-20T23:32:40.558166152Z,01KFEW1AGDXB9F3CBJZD9ZH5QQ,2026-01-20T23:32:40.558166152Z,01KFEW1AMTEGT7MFYAG1TZNWVX,2026-01-20T23:32:40.558166152Z,true,2026-01-20T23:32:52.195498912Z
01KFEW6VKQD014A2HYJ787010Q,01KFEVMN9Q125N5N16W4WNYJXF,2026-01-20T23:35:31.191188837Z,,,01KFEVMNBC23RB4D79KEQ4G0VS,2026-01-20T23:35:31.191188837Z,,,01KFEVXFAQE8X4YEWXW17GBY46,2026-01-20T23:35:31.191188837Z,01KFEW3VKZ39SY1X7NPK7PDBQW,2026-01-20T23:35:31.191188837Z,01KFEW3VZHKPVD382NAGF0Q4V0,2026-01-20T23:35:31.191188837Z,true,2026-01-20T23:35:32.88156604Z
01KFEW7SSNQ6Z8D4WSQ4Q9HRAQ,01KFEVMN9Q125N5N16W4WNYJXF,2026-01-20T23:36:02.101985776Z,,,01KFEVMNBC23RB4D79KEQ4G0VS,2026-01-20T23:36:02.101985776Z,,,01KFEVXFAQE8X4YEWXW17GBY46,2026-01-20T23:36:02.101985776Z,01KFEW3VNBMV4SFK2GGYWGCNPK,2026-01-20T23:36:02.101985776Z,01KFEW3W7RYZR6GJX1VC4N310J,2026-01-20T23:36:02.101985776Z,true,2026-01-20T23:36:03.702875924Z
01KFEWDJBN36Z161AY7PRTMXXS,01KFEV384BJYC62Y0E6AQK09K8,2026-01-20T23:39:11.093792935Z,,,01KFEV384Z68A1Z7ZGWS1GDSZK,2026-01-20T23:39:11.093792935Z,,,01KFEW2C8HX8QQZV0FHE0EMNPN,2026-01-20T23:39:11.093792935Z,01KFEW9NFJC2J34XYTRA892WKP,2026-01-20T23:39:11.093792935Z,01KFEW9NWCGM8JDNQNNBFW3Q3K,2026-01-20T23:39:11.093792935Z,true,2026-01-20T23:39:21.360070033Z
01KFEVPG14M6SKXWBY4T65PAC1,01KFEV384BJYC62Y0E6AQK09K8,2026-01-20T23:26:35.04456674Z,,,01KFEV384Y33BFECW27AH8GSGD,2026-01-20T23:26:35.04456674Z,,,01KFEVF34Y0A3VWJYX9367Q9EA,2026-01-20T23:26:35.04456674Z,01KFEVHAPW1MNGRGTGSBYGR38E,2026-01-20T23:26:35.04456674Z,01KFEVHAY5057QSB83XPKDH4N8,2026-01-20T23:26:35.04456674Z,true,2026-01-20T23:26:37.023587109Z
01KFEVV1JJ44MNDQ0XM7DHGQ7S,01KFEV37CWX6SQYA0RPR0C01MW,2026-01-20T23:29:04.082835475Z,false,2026-01-20T23:29:26.897771612Z,01KFEV37DAAK9E08F076WKMM6J,2026-01-20T23:29:04.082835475Z,0.05,2026-01-20T23:29:23.209135104Z,01KFEVGWWQWT7BAZNJDAAA325H,2026-01-20T23:29:04.082835475Z,01KFEVRWRV4PBTM59RGPB1MPCT,2026-01-20T23:29:04.082835475Z,01KFEVRX01M5P0C2TP3ZXKJJ1Z,2026-01-20T23:29:04.082835475Z,true,2026-01-20T23:29:29.891152194Z
01KFEW46Q2NN1VXJME8HZPS2E0,01KFEV384BJYC62Y0E6AQK09K8,2026-01-20T23:34:04.25848379Z,,,01KFEV385166A8JYCZ9G4DMHRQ,2026-01-20T23:34:04.25848379Z,,,01KFEVY502SJ2FK1Q7WFM0PHB4,2026-01-20T23:34:04.25848379Z,01KFEW1AJFE0V8F0RV3DYC5PKP,2026-01-20T23:34:04.25848379Z,01KFEW1B0AKEW0GPRVJB5RDN7K,2026-01-20T23:34:04.25848379Z,true,2026-01-20T23:34:06.414387491Z
01KFEWC1AP5R7122S2BH5Z767B,01KFEV384BJYC62Y0E6AQK09K8,2026-01-20T23:38:20.886501559Z,,,01KFEV384Z68A1Z7ZGWS1GDSZK,2026-01-20T23:38:20.886501559Z,,,01KFEW2C8HX8QQZV0FHE0EMNPN,2026-01-20T23:38:20.886501559Z,01KFEW9NEZF4BDJ4D8H6JC57E0,2026-01-20T23:38:20.886501559Z,01KFEW9NQT7QSNS7B8P8QDSWT1,2026-01-20T23:38:20.886501559Z,true,2026-01-20T23:38:24.060147103Z
01KFEWFVKV33VXAPNZHETYNGXV,01KFEV38GJVYY8P8B7QXSW6BTE,2026-01-20T23:40:26.107154523Z,true,2026-01-20T23:40:30.864550129Z,01KFEV38H8T2V9428VC9T7MEBA,2026-01-20T23:40:26.107154523Z,20,2026-01-20T23:40:30.489214059Z,01KFEW5BKPC6PA6AD6TVFX3GTH,2026-01-20T23:40:26.107154523Z,01KFEWB97B5TCHMM11XXK0C3WP,2026-01-20T23:40:26.107154523Z,01KFEWB9X5JDNCWAJ2KC8FMY1G,2026-01-20T23:40:26.107154523Z,true,2026-01-20T23:40:33.879639879Z
01KFEVGAGRPY9NEVNKHY6907ET,01KFEV377XDCWB0CVW0E7ES8WB,2026-01-20T23:23:12.792904898Z,,,01KFEV378H0PY96RNMJFNCN7TE,2026-01-20T23:23:12.792904898Z,,,01KFEVA045MDV6WERMTEQ3VAYR,2026-01-20T23:23:12.792904898Z,01KFEVEHGJP52P6AE23TDFFDSM,2026-01-20T23:23:12.792904898Z,01KFEVEHJDP8G2W6MBE74E57HP,2026-01-20T23:23:12.792904898Z,true,2026-01-20T23:23:31.404718177Z
01KFEVGKP58GEBPSCD2212CY6X,01KFEV377XDCWB0CVW0E7ES8WB,2026-01-20T23:23:22.181715953Z,,,01KFEV378PDZP87HXSESW6BA01,2026-01-20T23:23:22.181715953Z,,,01KFEV6V20FH8Q8TGZN4SVCF5R,2026-01-20T23:23:22.181715953Z,01KFEVF1PSMKDKXGX0N31K7DMV,2026-01-20T23:23:22.181715953Z,01KFEVF1VPFKB32YV784R2WVY8,2026-01-20T23:23:22.181715953Z,true,2026-01-20T23:23:24.390164001Z
01KFEVPDX8MFY7ZJYPYHDRMYX7,01KFEV38A01XZ4DPRPFKRE96P8,2026-01-20T23:26:32.872395203Z,,,01KFEV38AJ2CFPYBQZ58NH0V5J,2026-01-20T23:26:32.872395203Z,,,01KFEVE55BQ40NXX8QW3R5RX0T,2026-01-20T23:26:32.872395203Z,01KFEVJWRSS59EY80VVB66B760,2026-01-20T23:26:32.872395203Z,01KFEVJWW06FD2H07VSBMYE9H1,2026-01-20T23:26:32.872395203Z,true,2026-01-20T23:27:28.43661953Z
01KFEVWDA2GYX3F35ZGYMC1PY6,01KFEV38A01XZ4DPRPFKRE96P8,2026-01-20T23:29:48.866757624Z,,,01KFEV38AJ2CFPYBQZ58NH0V5J,2026-01-20T23:29:48.866757624Z,,,01KFEVB815BQW2TQ29HHMDQ2FB,2026-01-20T23:29:48.866757624Z,01KFEVJWSHXHZWD0VRVR4R2P45,2026-01-20T23:29:48.866757624Z,01KFEVJX21VZ7KJPQ8GN7NV2EE,2026-01-20T23:29:48.866757624Z,true,2026-01-20T23:29:53.099495137Z
01KFEW83MWFWHEYE608WKD1P6C,01KFEV38GJVYY8P8B7QXSW6BTE,2026-01-20T23:36:12.188222919Z,,,01KFEV38H48T18ZRM15RETR33C,2026-01-20T23:36:12.188222919Z,,,01KFEVVPVMNR90RS0DGAX989B7,2026-01-20T23:36:12.188222919Z,01KFEW2K5YK8ZH9TZ42EQVRP4J,2026-01-20T23:36:12.188222919Z,01KFEW2KMGYFDVSKENZM1V7YSW,2026-01-20T23:36:12.188222919Z,true,2026-01-20T23:36:13.084756114Z
01KFEVFK21B3PP0KB7JG1CHENE,01KFEV377XDCWB0CVW0E7ES8WB,2026-01-20T23:22:48.769182717Z,true,2026-01-20T23:23:18.978515769Z,01KFEV378H0PY96RNMJTMM0E4X,2026-01-20T23:22:48.769182717Z,19,2026-01-20T23:23:17.249732981Z,01KFEV8K48Q5MVC88J4XCQXRFY,2026-01-20T23:22:48.769182717Z,01KFEVFBBRK2GJ0MGS3FRA88XS,2026-01-20T23:22:48.769182717Z,01KFEVFBDQ75GJ5ZJRHNNWPW5A,2026-01-20T23:22:48.769182717Z,,
01KFEVH5Y159XC9FVEEY08TFG0,01KFEV377XDCWB0CVW0E7ES8WB,2026-01-20T23:23:40.865356184Z,,,01KFEV378H0PY96RNMJTMM0E4X,2026-01-20T23:23:40.865356184Z,,,01KFEV8K48Q5MVC88J4XCQXRFY,2026-01-20T23:23:40.865356184Z,01KFEVFBBYTSBZ9CQKVR7RKAB2,2026-01-20T23:23:40.865356184Z,01KFEVFBERV7RS1FPY125JEBK8,2026-01-20T23:23:40.865356184Z,true,2026-01-20T23:23:43.543166474Z
01KFEVKZHH5SYS47095RA50MRR,01KFEV37PBC6DGWCX0HT0QWYJR,2026-01-20T23:25:12.625680553Z,,,01KFEV37PYV9HETXX2PC055NBT,2026-01-20T23:25:12.625680553Z,,,01KFEVBDY2YWN6DSFNFKRM8R9Z,2026-01-20T23:25:12.625680553Z,01KFEVH485B8R4J0M6DWQE7BKW,2026-01-20T23:25:12.625680553Z,01KFEVH4BG1YXGW4459BBCP4SX,2026-01-20T23:25:12.625680553Z,true,2026-01-20T23:25:17.179763387Z
01KFEW3AQCD5FJXXW06A6A2S5S,01KFEV37PBC6DGWCX0HT0QWYJR,2026-01-20T23:33:35.596522955Z,,,01KFEV37Q0WSYAYKWHM2EXN0DN,2026-01-20T23:33:35.596522955Z,,,01KFEVWYACX0Z3X7HHHK5DSTDD,2026-01-20T23:33:35.596522955Z,01KFEW0G9R2CR00EMTWN25XPQE,2026-01-20T23:33:35.596522955Z,01KFEW0GJ4VTQ5TZ3H7AEEHQTX,2026-01-20T23:33:35.596522955Z,true,2026-01-20T23:33:37.141408692Z
01KFEWDJBCMMPE6BAVFQM9HDAW,01KFEV384BJYC62Y0E6AQK09K8,2026-01-20T23:39:11.084233852Z,,,01KFEV384Z68A1Z7ZGWS1GDSZK,2026-01-20T23:39:11.084233852Z,,,01KFEW47TNE510SG18TR5ZERFB,2026-01-20T23:39:11.084233852Z,01KFEW9NFJC2J34XYTRA892WKP,2026-01-20T23:39:11.084233852Z,01KFEW9NWCGM8JDNQNNBFW3Q3K,2026-01-20T23:39:11.084233852Z,true,2026-01-20T23:39:14.12034738Z
01KFEWDNBVAYTH23WXJVA1DP7X,01KFEV38GJVYY8P8B7QXSW6BTE,2026-01-20T23:39:14.171163892Z,true,2026-01-20T23:39:28.718977512Z,01KFEV38H8T2V9428VC9T7MEBA,2026-01-20T23:39:14.171163892Z,17,2026-01-20T23:39:26.043004344Z,01KFEW5BKPC6PA6AD6TVFX3GTH,2026-01-20T23:39:14.171163892Z,01KFEWB94VS3H1WGEG6MHSEQZ4,2026-01-20T23:39:14.171163892Z,01KFEWB9EFX04N8VV9TBA9MAMH,2026-01-20T23:39:14.171163892Z,true,2026-01-20T23:39:31.731920637Z
01KFEVETFQSFTEGWFGYP7AMSFS,01KFEV2BZFDRZBG3Y0249RG1TW,2026-01-20T23:22:23.607732482Z,,,01KFEV2C0CP35QE41ZMH45J8TZ,2026-01-20T23:22:23.607732482Z,,,01KFEV7TATT805MEJDGTCA5NFM,2026-01-20T23:22:23.607732482Z,01KFEVB8G0C42CFSXF2A2BHMKE,2026-01-20T23:22:23.607732482Z,01KFEVB8M6EF02WFVRGXP755B0,2026-01-20T23:22:23.607732482Z,true,2026-01-20T23:22:28.319786306Z
01KFEVGB136F1NG1PQ558J5QHE,01KFEV377XDCWB0CVW0E7ES8WB,2026-01-20T23:23:13.315120476Z,,,01KFEV378PDZP87HXSESW6BA01,2026-01-20T23:23:13.315120476Z,,,01KFEV79YCQMQRJYZ004NV66QN,2026-01-20T23:23:13.315120476Z,01KFEVF1PPGM18ZSKV97STAVV2,2026-01-20T23:23:13.315120476Z,01KFEVF1TFFZ4FCXP1QXSR7WX5,2026-01-20T23:23:13.315120476Z,true,2026-01-20T23:23:16.83124824Z
01KFEVJS51MQZQFX8F546F7HP9,01KFEV384BJYC62Y0E6AQK09K8,2026-01-20T23:24:33.313479716Z,,,01KFEV384Y33BFECW27AH8GSGD,2026-01-20T23:24:33.313479716Z,,,01KFEVCQTYNZYE4TGA9WFYBM2V,2026-01-20T23:24:33.313479716Z,01KFEVHAPCH18VPXAR0AA2NN3F,2026-01-20T23:24:33.313479716Z,01KFEVHASC8D3AYA8SVTKXG300,2026-01-20T23:24:33.313479716Z,true,2026-01-20T23:24:35.546440107Z
01KFEVJYA6REHT1J7T9NH2TVHC,01KFEV377XDCWB0CVW0E7ES8WB,2026-01-20T23:24:38.59829894Z,,,01KFEV378PDZP87HXSESW6BA01,2026-01-20T23:24:38.59829894Z,,,01KFEV6V20FH8Q8TGZN4SVCF5R,2026-01-20T23:24:38.59829894Z,01KFEVF1QBSXYJD0FP6FAXF31Z,2026-01-20T23:24:38.59829894Z,01KFEVF1Y2X51Y7HA1943SYDRW,2026-01-20T23:24:38.59829894Z,true,2026-01-20T23:24:41.613374243Z
01KFEVKW9DREMHK5ZH4E7VG55Z,01KFEV384BJYC62Y0E6AQK09K8,2026-01-20T23:25:09.293899706Z,,,01KFEV384Y33BFECW27AH8GSGD,2026-01-20T23:25:09.293899706Z,,,01KFEVCQTYNZYE4TGA9WFYBM2V,2026-01-20T23:25:09.293899706Z,01KFEVHAPGWZJCVM4Z19V75XGE,2026-01-20T23:25:09.293899706Z,01KFEVHAV6VGH9849QHYV1EA3X,2026-01-20T23:25:09.293899706Z,true,2026-01-20T23:25:11.670788319Z
01KFEVPRTNXDV2B74P527X691C,01KFEV37CWX6SQYA0RPR0C01MW,2026-01-20T23:26:44.053621834Z,,,01KFEV37DE991T271V0NJ5BY6K,2026-01-20T23:26:44.053621834Z,,,01KFEV7RE3Q2MQ5NN8AGQ7Y4PK,2026-01-20T23:26:44.053621834Z,01KFEVJEK4F89CSCY0X9C1AJQJ,2026-01-20T23:26:44.053621834Z,01KFEVJEPEFC77YJSDC5C49G1S,2026-01-20T23:26:44.053621834Z,true,2026-01-20T23:26:47.132796005Z
01KFEVVTXG3Z7NTYQ4G7VGNPS4,01KFEV37CWX6SQYA0RPR0C01MW,2026-01-20T23:29:30.032954579Z,,,01KFEV37DAAK9E08F076WKMM6J,2026-01-20T23:29:30.032954579Z,,,01KFEVH10BYAXDVW828R4A2D8P,2026-01-20T23:29:30.032954579Z,01KFEVRWS6SQ4NE2BVQ7YM3A1B,2026-01-20T23:29:30.032954579Z,01KFEVRX0TD7137W24NQ31CDYC,2026-01-20T23:29:30.032954579Z,true,2026-01-20T23:29:34.944362289Z
01KFEVB5AKJHCK2BMKD6BJRA3D,01KFEV2BZFDRZBG3Y0249RG1TW,2026-01-20T23:20:23.635049957Z,,,01KFEV2C08ND9C9BYW8N2T146P,2026-01-20T23:20:23.635049957Z,,,01KFEV46YBCF5X09FCFJF4VDEY,2026-01-20T23:20:23.635049957Z,01KFEV992F8HQ1GF4QAH0Z0678,2026-01-20T23:20:23.635049957Z,01KFEV9994HZYD828PDC2ZC32J,2026-01-20T23:20:23.635049957Z,true,2026-01-20T23:20:25.36180133Z
01KFEVM0W7799BMXEEFBJMV572,01KFEV384BJYC62Y0E6AQK09K8,2026-01-20T23:25:13.991719528Z,,,01KFEV384Y33BFECW27AH8GSGD,2026-01-20T23:25:13.991719528Z,,,01KFEVCQTYNZYE4TGA9WFYBM2V,2026-01-20T23:25:13.991719528Z,01KFEVHAPJCMYFRQP2F7WT72WK,2026-01-20T23:25:13.991719528Z,01KFEVHAVQE1R4YNC069H9QSBW,2026-01-20T23:25:13.991719528Z,true,2026-01-20T23:25:15.715787981Z
01KFEWGE1JHVRPERRYS5KCVPRD,01KFEV38A01XZ4DPRPFKRE96P8,2026-01-20T23:40:44.978690444Z,,,01KFEV38AJ2CFPYBQZ5JKK7PV4,2026-01-20T23:40:44.978690444Z,,,01KFEW2CHJQZ9TDCN78BA2VKEM,2026-01-20T23:40:44.978690444Z,01KFEW9RPG7H4171T00NS0ETE6,2026-01-20T23:40:44.978690444Z,01KFEW9SAJQT0S6MZRE6X3AGHW,2026-01-20T23:40:44.978690444Z,true,2026-01-20T23:40:47.220070508Z
01KFEVMFQKECHZ33Q32J00KCZW,01KFEV377XDCWB0CVW0E7ES8WB,2026-01-20T23:25:29.203410765Z,,,01KFEV378FNG971PBW7B2SPNC6,2026-01-20T23:25:29.203410765Z,,,01KFEV82H962BNCCRXPB524628,2026-01-20T23:25:29.203410765Z,01KFEVJNR4936M3NZWK961C48N,2026-01-20T23:25:29.203410765Z,01KFEVJNVZF3W2Y6P7CVH10T4T,2026-01-20T23:25:29.203410765Z,true,2026-01-20T23:25:30.616004368Z
01KFEVP56W0FTZD0M6PG8N3FDR,01KFEV384BJYC62Y0E6AQK09K8,2026-01-20T23:26:23.964846187Z,,,01KFEV384Y33BFECW27AH8GSGD,2026-01-20T23:26:23.964846187Z,,,01KFEVCQTYNZYE4TGA9WFYBM2V,2026-01-20T23:26:23.964846187Z,01KFEVHAPS4X009VG0R6NVCP4C,2026-01-20T23:26:23.964846187Z,01KFEVHAXMFXKNK5YR2SK9B913,2026-01-20T23:26:23.964846187Z,true,2026-01-20T23:26:28.8828896Z
01KFEVW5TR6REWAZV2DHZHY5E0,01KFEV37PBC6DGWCX0HT0QWYJR,2026-01-20T23:29:41.208838873Z,,,01KFEV37PV76WD06T50QFKE80T,2026-01-20T23:29:41.208838873Z,,,01KFEVH5DDXBKC32H7RGDZYG1X,2026-01-20T23:29:41.208838873Z,01KFEVS308RHJ1C53CQEQ6N1KN,2026-01-20T23:29:41.208838873Z,01KFEVS396WG3VX1QADBM579J5,2026-01-20T23:29:41.208838873Z,true,2026-01-20T23:29:43.067689651Z
01KFEW6Z514CMR861X74QTTBCM,01KFEVMN9Q125N5N16W4WNYJXF,2026-01-20T23:35:34.817800852Z,,,01KFEVMNBC23RB4D79KEQ4G0VS,2026-01-20T23:35:34.817800852Z,,,01KFEVX608THP5F5HX3GYF0X1K,2026-01-20T23:35:34.817800852Z,01KFEW3VMABX27Z99XP42SDS32,2026-01-20T23:35:34.817800852Z,01KFEW3W0Y0ZHXA3D1GR5PBRC0,2026-01-20T23:35:34.817800852Z,true,2026-01-20T23:35:36.368845028Z
01KFEWBG69CDWHS0B3CAC2R9N4,01KFEV384BJYC62Y0E6AQK09K8,2026-01-20T23:38:03.337274486Z,,,01KFEV384Z68A1Z7ZGWS1GDSZK,2026-01-20T23:38:03.337274486Z,,,01KFEW47TNE510SG18TR5ZERFB,2026-01-20T23:38:03.337274486Z,01KFEW9NEA3084E68Q79YRZ37E,2026-01-20T23:38:03.337274486Z,01KFEW9NNDHK2DWCRNYCJSRE0C,2026-01-20T23:38:03.337274486Z,true,2026-01-20T23:38:10.621913394Z
01KFEVSVBD5SYBWM5HAN2EV8Z8,01KFEV37CWX6SQYA0RPR0C01MW,2026-01-20T23:28:24.941659969Z,,,01KFEV37DE991T271V0NJ5BY6K,2026-01-20T23:28:24.941659969Z,,,01KFEV7RE3Q2MQ5NN8AGQ7Y4PK,2026-01-20T23:28:24.941659969Z,01KFEVJEKKVBG5WQ05EX00MQZN,2026-01-20T23:28:24.941659969Z,01KFEVJET0X7GSGNKEK697018V,2026-01-20T23:28:24.941659969Z,true,2026-01-20T23:28:29.311451422Z
01KFEVTJST2B154AXRQJPBAP30,01KFEV38A01XZ4DPRPFKRE96P8,2026-01-20T23:28:48.954446373Z,,,01KFEV38AJ2CFPYBQZ58NH0V5J,2026-01-20T23:28:48.954446373Z,,,01KFEVB815BQW2TQ29HHMDQ2FB,2026-01-20T23:28:48.954446373Z,01KFEVJWRF48QGEMN6CSTN82AW,2026-01-20T23:28:48.954446373Z,01KFEVJWYGG5MFCTZ9CY6814HB,2026-01-20T23:28:48.954446373Z,true,2026-01-20T23:28:52.87969059Z
01KFEVW3WGNVAKAME4EV5C8S3Z,01KFEV38A01XZ4DPRPFKRE96P8,2026-01-20T23:29:39.216939327Z,,,01KFEV38AJ2CFPYBQZ58NH0V5J,2026-01-20T23:29:39.216939327Z,,,01KFEVE55BQ40NXX8QW3R5RX0T,2026-01-20T23:29:39.216939327Z,01KFEVJWRJ3VMZ6TKNKERXD4E2,2026-01-20T23:29:39.216939327Z,01KFEVJX0S23K5XQFSRBC3V041,2026-01-20T23:29:39.216939327Z,true,2026-01-20T23:29:42.21197375Z
01KFEVYAV6XZV39YPZJRRMV3FG,01KFEV37CWX6SQYA0RPR0C01MW,2026-01-20T23:30:51.878211427Z,,,01KFEV37DAAK9E08F076WKMM6J,2026-01-20T23:30:51.878211427Z,,,01KFEVH10BYAXDVW828R4A2D8P,2026-01-20T23:30:51.878211427Z,01KFEVRWTFS6WZR3RJEQCQ8B5K,2026-01-20T23:30:51.878211427Z,01KFEVRX6W35X1G854NGVF5A4F,2026-01-20T23:30:51.878211427Z,true,2026-01-20T23:30:55.481086213Z
01KFEW4ZKFCGQ92H0K2ZKH0QWW,01KFEV38GJVYY8P8B7QXSW6BTE,2026-01-20T23:34:29.743940937Z,,,01KFEV38H48T18ZRM15RETR33C,2026-01-20T23:34:29.743940937Z,,,01KFEVYB6HS3VX2GA7D4G2GPMT,2026-01-20T23:34:29.743940937Z,01KFEW2K4KGKP2JV842BC1YZ2S,2026-01-20T23:34:29.743940937Z,01KFEW2KB6FC08ZWX4CJKSZXQ1,2026-01-20T23:34:29.743940937Z,true,2026-01-20T23:34:31.15341498Z
01KFEW8XSXCBKWNJR2KCJKK3CZ,01KFEV38A01XZ4DPRPFKRE96P8,2026-01-20T23:36:38.973600081Z,,,01KFEV38AHTHHCNTDGHAJN0GXG,2026-01-20T23:36:38.973600081Z,,,01KFEVW5WA494MRXETJ2N5XX03,2026-01-20T23:36:38.973600081Z,01KFEW29ZYEEN9EXZHWPRR43NM,2026-01-20T23:36:38.973600081Z,01KFEW2AHRQWM48C10CDXB4BZ5,2026-01-20T23:36:38.973600081Z,true,2026-01-20T23:36:40.823557021Z
01KFEVSDKRM07YN8BMTKQ3VFK1,01KFEV37PBC6DGWCX0HT0QWYJR,2026-01-20T23:28:10.872114026Z,,,01KFEV37PV76WD06T50QFKE80T,2026-01-20T23:28:10.872114026Z,,,01KFEVJMQNGBVWZMGKK0EQB935,2026-01-20T23:28:10.872114026Z,01KFEVS2YJ0NN9TXX80TR4EBXB,2026-01-20T23:28:10.872114026Z,01KFEVS31VSME3P469BX9BSQTY,2026-01-20T23:28:10.872114026Z,,
01KFEW4XE41X0KTXCNRRZ1SWP7,01KFEV37PBC6DGWCX0HT0QWYJR,2026-01-20T23:34:27.52462817Z,true,2026-01-20T23:34:34.763024028Z,01KFEV37Q0WSYAYKWHM2EXN0DN,2026-01-20T23:34:27.52462817Z,29,2026-01-20T23:34:33.215553662Z,01KFEVWYACX0Z3X7HHHK5DSTDD,2026-01-20T23:34:27.52462817Z,01KFEW0GAPYHHVEVF9RP1ERMKP,2026-01-20T23:34:27.52462817Z,01KFEW0GT6TYPFFFQW3QQSJAK0,2026-01-20T23:34:27.52462817Z,true,2026-01-20T23:34:37.868392567Z
01KFEWYW3QENCQ2AKGT3TFTX27,01KFEV38GJVYY8P8B7QXSW6BTE,2026-01-20T23:48:38.135117905Z,,,01KFEV38H0S2Y42XZDBCZ2KPGY,2026-01-20T23:48:38.135117905Z,,,01KFEWA3ZKFQRVCEG62F0BJCT3,2026-01-20T23:48:38.135117905Z,01KFEWVM9PT51YW4VST0CM6RSJ,2026-01-20T23:48:38.135117905Z,01KFEWVMZQHTZS5FR7BZZ4G0BG,2026-01-20T23:48:38.135117905Z,,
01KFEVNJZ0SNKBF2NPGQQRSDEM,01KFEV38A01XZ4DPRPFKRE96P8,2026-01-20T23:26:05.280933605Z,,,01KFEV38AJ2CFPYBQZ58NH0V5J,2026-01-20T23:26:05.280933605Z,,,01KFEVB815BQW2TQ29HHMDQ2FB,2026-01-20T23:26:05.280933605Z,01KFEVJWRBMK18VGXT9RA26R1D,2026-01-20T23:26:05.280933605Z,01KFEVJWV9MSS2EJT7WP65ZXW2,2026-01-20T23:26:05.280933605Z,true,2026-01-20T23:26:12.541820804Z
01KFEWAXZ70H1VXH9HDSQ0GPJF,01KFEV384BJYC62Y0E6AQK09K8,2026-01-20T23:37:44.67950663Z,,,01KFEV384Z68A1Z7ZGWS1GDSZK,2026-01-20T23:37:44.67950663Z,,,01KFEW47TNE510SG18TR5ZERFB,2026-01-20T23:37:44.67950663Z,01KFEW9NENJKDJEWHE1997FMH2,2026-01-20T23:37:44.67950663Z,01KFEW9NKS6PCCN222Z038QNEX,2026-01-20T23:37:44.67950663Z,true,2026-01-20T23:37:50.285047755Z
01KFEWER6H69B3W954VVAJDS6G,01KFEV38GJVYY8P8B7QXSW6BTE,2026-01-20T23:39:49.841703684Z,,,01KFEV38H8T2V9428VC9T7MEBA,2026-01-20T23:39:49.841703684Z,,,01KFEW5BKPC6PA6AD6TVFX3GTH,2026-01-20T23:39:49.841703684Z,01KFEWB95MVT152YDC7RERZG6G,2026-01-20T23:39:49.841703684Z,01KFEWB9JN8BP19T24SMWXHSV5,2026-01-20T23:39:49.841703684Z,true,2026-01-20T23:39:51.095719659Z
01KFEVJYAB1NBBS7NBA8VSC4CD,01KFEV377XDCWB0CVW0E7ES8WB,2026-01-20T23:24:38.603090598Z,,,01KFEV378PDZP87HXSESW6BA01,2026-01-20T23:24:38.603090598Z,,,01KFEV79YCQMQRJYZ004NV66QN,2026-01-20T23:24:38.603090598Z,01KFEVF1QBSXYJD0FP6FAXF31Z,2026-01-20T23:24:38.603090598Z,01KFEVF1Y2X51Y7HA1943SYDRW,2026-01-20T23:24:38.603090598Z,true,2026-01-20T23:24:41.678781061Z
01KFEW4G1MJ8CZQP8M8ZVG3HWH,01KFEV37PBC6DGWCX0HT0QWYJR,2026-01-20T23:34:13.812556553Z,,,01KFEV37Q0WSYAYKWHM2EXN0DN,2026-01-20T23:34:13.812556553Z,,,01KFEVWYACX0Z3X7HHHK5DSTDD,2026-01-20T23:34:13.812556553Z,01KFEW0GAZ5DP9RP3YRAEEZFCY,2026-01-20T23:34:13.812556553Z,01KFEW0GPRY12053YW4581QGAJ,2026-01-20T23:34:13.812556553Z,true,2026-01-20T23:34:15.421230042Z
01KFEW58AB4NH1ZDYE77R72T5X,01KFEV38GJVYY8P8B7QXSW6BTE,2026-01-20T23:34:38.667544062Z,,,01KFEV38H48T18ZRM15RETR33C,2026-01-20T23:34:38.667544062Z,,,01KFEVYB6HS3VX2GA7D4G2GPMT,2026-01-20T23:34:38.667544062Z,01KFEW2K56P3AGBJZAEKF6M147,2026-01-20T23:34:38.667544062Z,01KFEW2KC8DCN4MT7Y7143DMB5,2026-01-20T23:34:38.667544062Z,true,2026-01-20T23:34:39.812758703Z
01KFEW6T27XF7H2PQN4D6R40FM,01KFEVMN9Q125N5N16W4WNYJXF,2026-01-20T23:35:29.60715026Z,,,01KFEVMNBC23RB4D79KEQ4G0VS,2026-01-20T23:35:29.60715026Z,,,01KFEVX608THP5F5HX3GYF0X1K,2026-01-20T23:35:29.60715026Z,01KFEW3VKZ39SY1X7NPK7PDBQW,2026-01-20T23:35:29.60715026Z,01KFEW3VZ7PD9A59TACY2850R6,2026-01-20T23:35:29.60715026Z,true,2026-01-20T23:35:30.842145432Z
01KFEWYSCMS7PJH5R024WAJJCF,01KFEV38GJVYY8P8B7QXSW6BTE,2026-01-20T23:48:35.3489551Z,,,01KFEV38H0S2Y42XZDBCZ2KPGY,2026-01-20T23:48:35.3489551Z,,,01KFEWKWT6PWJAE8C8359J4DRM,2026-01-20T23:48:35.3489551Z,01KFEWVM9CP94P7WDKMNK8VHXX,2026-01-20T23:48:35.3489551Z,01KFEWVMY9944V21Y2J6RXW4VF,2026-01-20T23:48:35.3489551Z,true,2026-01-20T23:48:37.923680999Z
01KFEVP8EQPR8YM1QVS89QHEXX,01KFEV377XDCWB0CVW0E7ES8WB,2026-01-20T23:26:27.28794283Z,true,2026-01-20T23:26:43.476671575Z,01KFEV378H0PY96RNMJTMM0E4X,2026-01-20T23:26:27.28794283Z,29,2026-01-20T23:26:42.171622017Z,01KFEV8K48Q5MVC88J4XCQXRFY,2026-01-20T23:26:27.28794283Z,01KFEVFBD0577W18ZY0ZD05TA0,2026-01-20T23:26:27.28794283Z,01KFEVFBMFKB98V9F15C2M887T,2026-01-20T23:26:27.28794283Z,true,2026-01-20T23:26:46.482586037Z
01KFEW8QE83BAXKAADPT0XX8TJ,01KFEV38A01XZ4DPRPFKRE96P8,2026-01-20T23:36:32.456638606Z,,,01KFEV38AHTHHCNTDGHAJN0GXG,2026-01-20T23:36:32.456638606Z,,,01KFEVW5WA494MRXETJ2N5XX03,2026-01-20T23:36:32.456638606Z,01KFEW2A07M1KE0DCW06NBRFTM,2026-01-20T23:36:32.456638606Z,01KFEW2AGGMJ7V2C7KBT1E4H2A,2026-01-20T23:36:32.456638606Z,true,2026-01-20T23:36:35.179884422Z
01KFEWDH1SHHKE3JYSAKY06HQN,01KFEV38GJVYY8P8B7QXSW6BTE,2026-01-20T23:39:09.754009599Z,,,01KFEV38H8T2V9428VC9T7MEBA,2026-01-20T23:39:09.754009599Z,,,01KFEW5BKPC6PA6AD6TVFX3GTH,2026-01-20T23:39:09.754009599Z,01KFEWB94VS3H1WGEG6MHSEQZ4,2026-01-20T23:39:09.754009599Z,01KFEWB9E5CE75ZHPFMTYHFHQ2,2026-01-20T23:39:09.754009599Z,true,2026-01-20T23:39:14.084630958Z
01KFEWM4M0DC3A5P12C1QK3ZBG,01KFEVMNF44NEM58ETFST7KTWM,2026-01-20T23:42:46.400282414Z,,,01KFEVMNHFNDCGHX9QBBFN387E,2026-01-20T23:42:46.400282414Z,,,01KFEW6A5E0ZVTNJ585Y831423,2026-01-20T23:42:46.400282414Z,01KFEWEZYP42AF5N6JACS5HZ97,2026-01-20T23:42:46.400282414Z,01KFEWF0FP9F4W4AKS1MGJTD4B,2026-01-20T23:42:46.400282414Z,true,2026-01-20T23:42:48.690467629Z
01KFEW6A9VRXT6CAJ3EKFVDZ6F,01KFEVMN9Q125N5N16W4WNYJXF,2026-01-20T23:35:13.467517476Z,,,01KFEVMNBC23RB4D79KEQ4G0VS,2026-01-20T23:35:13.467517476Z,,,01KFEVXFAQE8X4YEWXW17GBY46,2026-01-20T23:35:13.467517476Z,01KFEW3VK8TWZN9VVEZ77C4AM8,2026-01-20T23:35:13.467517476Z,01KFEW3VTZ6S5V7PP2FZNCAGC8,2026-01-20T23:35:13.467517476Z,true,2026-01-20T23:35:15.235724735Z
01KFEW84P8XH1WEFA297MAMJXQ,01KFEV38GJVYY8P8B7QXSW6BTE,2026-01-20T23:36:13.256859564Z,,,01KFEV38H48T18ZRM15RETR33C,2026-01-20T23:36:13.256859564Z,,,01KFEVVPVMNR90RS0DGAX989B7,2026-01-20T23:36:13.256859564Z,01KFEW2K5Q3YTG9F7JD6J5VSNS,2026-01-20T23:36:13.256859564Z,01KFEW2KNDKV3B0JBGEB4FEVJ5,2026-01-20T23:36:13.256859564Z,true,2026-01-20T23:36:14.21653478Z
01KFEVJJT3BY1H9QB9M7MEJGQ3,01KFEV377XDCWB0CVW0E7ES8WB,2026-01-20T23:24:26.81998867Z,,,01KFEV378PDZP87HXSESW6BA01,2026-01-20T23:24:26.81998867Z,,,01KFEV79YCQMQRJYZ004NV66QN,2026-01-20T23:24:26.81998867Z,01KFEVF1Q6ZK58W1T2EDJS8ZM0,2026-01-20T23:24:26.81998867Z,01KFEVF1XCPNZC1ZTZ6VVR76Y4,2026-01-20T23:24:26.81998867Z,true,2026-01-20T23:24:29.856122042Z
01KFEVNHHM0J2F808EMJSK2WF3,01KFEV377XDCWB0CVW0E7ES8WB,2026-01-20T23:26:03.82863501Z,,,01KFEV378H0PY96RNMJTMM0E4X,2026-01-20T23:26:03.82863501Z,,,01KFEV8TC8AZEPV3G36SCZ12C3,2026-01-20T23:26:03.82863501Z,01KFEVFBCEAYV4KEWZF78ZTA1K,2026-01-20T23:26:03.82863501Z,01KFEVFBK5JPVQT2EDR0EDVK48,2026-01-20T23:26:03.82863501Z,true,2026-01-20T23:26:11.10730676Z
01KFEW2W0T5BQ6A4JG6F6E8A84,01KFEV384BJYC62Y0E6AQK09K8,2026-01-20T23:33:20.538175149Z,,,01KFEV385166A8JYCZ9G4DMHRQ,2026-01-20T23:33:20.538175149Z,,,01KFEVY502SJ2FK1Q7WFM0PHB4,2026-01-20T23:33:20.538175149Z,01KFEW1AHB2FYXGT0X5PGAP03X,2026-01-20T23:33:20.538175149Z,01KFEW1AR33P3VK4YHHW1FE4NY,2026-01-20T23:33:20.538175149Z,true,2026-01-20T23:33:21.824186412Z
01KFEW3CE83BH5RHW6EDZ68V6K,01KFEV38A01XZ4DPRPFKRE96P8,2026-01-20T23:33:37.352825414Z,,,01KFEV38AHTHHCNTDGHAJN0GXG,2026-01-20T23:33:37.352825414Z,,,01KFEVW9PV7SJ42VT7GTTE4SGT,2026-01-20T23:33:37.352825414Z,01KFEW29XHVV27TK4HQZQPZFPD,2026-01-20T23:33:37.352825414Z,01KFEW2A2PDWTV41XQCETMTBS3,2026-01-20T23:33:37.352825414Z,true,2026-01-20T23:33:40.941892297Z
01KFEW3K1QEFZ71EWSV7EKYBJ3,01KFEV37PBC6DGWCX0HT0QWYJR,2026-01-20T23:33:44.119086403Z,,,01KFEV37Q0WSYAYKWHM2EXN0DN,2026-01-20T23:33:44.119086403Z,,,01KFEVWXXVHBHP5S1AZQQ4JZFK,2026-01-20T23:33:44.119086403Z,01KFEW0G9XAWS7DYHEE7AAN198,2026-01-20T23:33:44.119086403Z,01KFEW0GK8WD4F5J3ZNG1MBTZQ,2026-01-20T23:33:44.119086403Z,true,2026-01-20T23:33:48.356721135Z
01KFEW4G1D5QS4V99ZDQNWMNXZ,01KFEV37PBC6DGWCX0HT0QWYJR,2026-01-20T23:34:13.80542203Z,,,01KFEV37Q0WSYAYKWHM2EXN0DN,2026-01-20T23:34:13.80542203Z,,,01KFEVWXXVHBHP5S1AZQQ4JZFK,2026-01-20T23:34:13.80542203Z,01KFEW0GAZ5DP9RP3YRAEEZFCY,2026-01-20T23:34:13.80542203Z,01KFEW0GPRY12053YW4581QGAJ,2026-01-20T23:34:13.80542203Z,true,2026-01-20T23:34:15.820779756Z
01KFEVRHX41T5RJA5R6SMZJ6SH,01KFEV38A01XZ4DPRPFKRE96P8,2026-01-20T23:27:42.500203548Z,,,01KFEV38AJ2CFPYBQZ58NH0V5J,2026-01-20T23:27:42.500203548Z,,,01KFEVE55BQ40NXX8QW3R5RX0T,2026-01-20T23:27:42.500203548Z,01KFEVJWRXFH0A02EP0EXWZF8R,2026-01-20T23:27:42.500203548Z,01KFEVJWWJ5970HNVJHPD9FVQ0,2026-01-20T23:27:42.500203548Z,true,2026-01-20T23:27:53.73102577Z
01KFEW2CPCTR75TTNJGGH9BVE0,01KFEV37PBC6DGWCX0HT0QWYJR,2026-01-20T23:33:04.844486626Z,,,01KFEV37Q0WSYAYKWHM2EXN0DN,2026-01-20T23:33:04.844486626Z,,,01KFEVWYACX0Z3X7HHHK5DSTDD,2026-01-20T23:33:04.844486626Z,01KFEW0G9D7HY4DT2F92JJP28V,2026-01-20T23:33:04.844486626Z,01KFEW0GG4215KN6D8DBW0CWV5,2026-01-20T23:33:04.844486626Z,true,2026-01-20T23:33:05.946865594Z
01KFEVFR338PGMNP1HBAAGTBRK,01KFEV2BZFDRZBG3Y0249RG1TW,2026-01-20T23:22:53.923559451Z,,,01KFEV2C0CP35QE41ZMH45J8TZ,2026-01-20T23:22:53.923559451Z,,,01KFEV4PQ8V0QGQVX4KK2FPFJR,2026-01-20T23:22:53.923559451Z,01KFEVB8G5PCQ91G35P9E460CY,2026-01-20T23:22:53.923559451Z,01KFEVB8N90ZDW7AVZV3Z5XFB1,2026-01-20T23:22:53.923559451Z,true,2026-01-20T23:22:58.776291541Z
01KFEVG4WVH4YAVCBMNHC55G50,01KFEV2BZFDRZBG3Y0249RG1TW,2026-01-20T23:23:07.035239412Z,,,01KFEV2C0CP35QE41ZMH45J8TZ,2026-01-20T23:23:07.035239412Z,,,01KFEV7TATT805MEJDGTCA5NFM,2026-01-20T23:23:07.035239412Z,01KFEVB8G65XGTDB93SRCK5ATZ,2026-01-20T23:23:07.035239412Z,01KFEVB8PB7T5F0NK1SCF28WJZ,2026-01-20T23:23:07.035239412Z,true,2026-01-20T23:23:09.196803539Z
01KFEVJXQEF1BF48NVBBXH9MJE,01KFEV38A01XZ4DPRPFKRE96P8,2026-01-20T23:24:37.998799122Z,,,01KFEV38AJ2CFPYBQZ58NH0V5J,2026-01-20T23:24:37.998799122Z,,,01KFEVB815BQW2TQ29HHMDQ2FB,2026-01-20T23:24:37.998799122Z,01KFEVJWS4XRB4HTW161W2F47D,2026-01-20T23:24:37.998799122Z,01KFEVJWT28X8KFZNVB869W26W,2026-01-20T23:24:37.998799122Z,true,2026-01-20T23:25:00.357266087Z
01KFEVN07FGYCXDT21W617B0SW,01KFEV37CWX6SQYA0RPR0C01MW,2026-01-20T23:25:46.095155965Z,true,2026-01-20T23:25:58.545624563Z,01KFEV37DE991T271V0BRDHRJW,2026-01-20T23:25:46.095155965Z,7,2026-01-20T23:25:57.704338803Z,01KFEVBZC2S6960QVT8J14HPMN,2026-01-20T23:25:46.095155965Z,01KFEVGBDARE4SPS0QMKPAHCAT,2026-01-20T23:25:46.095155965Z,01KFEVGBKASV6C215QNZW4J2B2,2026-01-20T23:25:46.095155965Z,true,2026-01-20T23:26:01.564373879Z
01KFEVP1D6EABA4T9JQNYM5YS6,01KFEV37PBC6DGWCX0HT0QWYJR,2026-01-20T23:26:20.070233847Z,,,01KFEV37PYV9HETXX2PC055NBT,2026-01-20T23:26:20.070233847Z,,,01KFEV9QWYR4DNTS4QCCENEARJ,2026-01-20T23:26:20.070233847Z,01KFEVH48J31CNCNY6T435EDBD,2026-01-20T23:26:20.070233847Z,01KFEVH4G5GQGPXR0S03YXV2K4,2026-01-20T23:26:20.070233847Z,true,2026-01-20T23:26:22.854013971Z
01KFEVP1DAJ3MDMCNJ41WT0X2R,01KFEV37PBC6DGWCX0HT0QWYJR,2026-01-20T23:26:20.074611821Z,,,01KFEV37PYV9HETXX2PC055NBT,2026-01-20T23:26:20.074611821Z,,,01KFEVBDY2YWN6DSFNFKRM8R9Z,2026-01-20T23:26:20.074611821Z,01KFEVH48J31CNCNY6T435EDBD,2026-01-20T23:26:20.074611821Z,01KFEVH4G5GQGPXR0S03YXV2K4,2026-01-20T23:26:20.074611821Z,true,2026-01-20T23:26:22.511592098Z
01KFEW2D6FRFJR3HDEBDFCEP6T,01KFEV384BJYC62Y0E6AQK09K8,2026-01-20T23:33:05.35974236Z,,,01KFEV385166A8JYCZ9G4DMHRQ,2026-01-20T23:33:05.35974236Z,,,01KFEVY502SJ2FK1Q7WFM0PHB4,2026-01-20T23:33:05.35974236Z,01KFEW1AGWTEZX6BMYHVQ8HP0D,2026-01-20T23:33:05.35974236Z,01KFEW1ANR7G1PJ5VB2PNKQNZE,2026-01-20T23:33:05.35974236Z,true,2026-01-20T23:33:09.543165192Z
01KFEWEF8YN0VDYWWHPMXG1MSF,01KFEV38GJVYY8P8B7QXSW6BTE,2026-01-20T23:39:40.702291712Z,,,01KFEV38H8T2V9428VC9T7MEBA,2026-01-20T23:39:40.702291712Z,,,01KFEW5105FT4T963R9Z6AZ67Y,2026-01-20T23:39:40.702291712Z,01KFEWB95D8TYSSW9F9S79CQD8,2026-01-20T23:39:40.702291712Z,01KFEWB9GZ8CM9P5ZMZFGVHXZ5,2026-01-20T23:39:40.702291712Z,true,2026-01-20T23:39:41.938838679Z
01KFEWKEH6YRTJ23RX6RJYKBGX,01KFEV38A01XZ4DPRPFKRE96P8,2026-01-20T23:42:23.782154957Z,,,01KFEV38AGG0Y2K5R4FB90SKZX,2026-01-20T23:42:23.782154957Z,,,01KFEWAVJS7HWT66PSPCMXCC8X,2026-01-20T23:42:23.782154957Z,01KFEWKAKZA6T6FZQK6APKC6X7,2026-01-20T23:42:23.782154957Z,01KFEWKAS44PVQ1N4AD7J5MFAJ,2026-01-20T23:42:23.782154957Z,true,2026-01-20T23:42:37.442093316Z
01KFEWX49KZWNRKWGBSAB2GKW6,01KFEV38GJVYY8P8B7QXSW6BTE,2026-01-20T23:47:40.979960635Z,,,01KFEV38H0S2Y42XZDBCZ2KPGY,2026-01-20T23:47:40.979960635Z,,,01KFEWKWT6PWJAE8C8359J4DRM,2026-01-20T23:47:40.979960635Z,01KFEWVM7CQ9H0PTQTY7SKFW6P,2026-01-20T23:47:40.979960635Z,01KFEWVMHZRVP8A8WTFF7R8X3Z,2026-01-20T23:47:40.979960635Z,true,2026-01-20T23:47:43.038779335Z
01KFEW4KRTWQGH3DGMB5NVM8GS,01KFEV37PBC6DGWCX0HT0QWYJR,2026-01-20T23:34:17.626883683Z,,,01KFEV37Q0WSYAYKWHM2EXN0DN,2026-01-20T23:34:17.626883683Z,,,01KFEVWXXVHBHP5S1AZQQ4JZFK,2026-01-20T23:34:17.626883683Z,01KFEW0GBGGRN4S29QNK2SQ6YM,2026-01-20T23:34:17.626883683Z,01KFEW0GQSHVA628ETCAJNR1G6,2026-01-20T23:34:17.626883683Z,true,2026-01-20T23:34:19.704328535Z
01KFEW7NHYCZA4D71A9XTXTCES,01KFEVMN9Q125N5N16W4WNYJXF,2026-01-20T23:35:57.758529155Z,,,01KFEVMNBC23RB4D79KEQ4G0VS,2026-01-20T23:35:57.758529155Z,,,01KFEVXFAQE8X4YEWXW17GBY46,2026-01-20T23:35:57.758529155Z,01KFEW3VN02RCSZ9DCBE78BGPQ,2026-01-20T23:35:57.758529155Z,01KFEW3W61KGFSTXE2EKFPZFM9,2026-01-20T23:35:57.758529155Z,true,2026-01-20T23:35:58.886985957Z
01KFEVBJK0DHCWBS9ANPN0SA9V,01KFEV2BZFDRZBG3Y0249RG1TW,2026-01-20T23:20:37.216918777Z,,,01KFEV2C08ND9C9BYW8N2T146P,2026-01-20T23:20:37.216918777Z,,,01KFEV46YBCF5X09FCFJF4VDEY,2026-01-20T23:20:37.216918777Z,01KFEV992MES5YXGH6XNCQ5224,2026-01-20T23:20:37.216918777Z,01KFEV99A8X2QW6WWZ3Y8E81EP,2026-01-20T23:20:37.216918777Z,true,2026-01-20T23:20:38.660719051Z
01KFEVJQ7X7J1S5J52BBP4H532,01KFEV37CWX6SQYA0RPR0C01MW,2026-01-20T23:24:31.357855255Z,,,01KFEV37DE991T271V0BRDHRJW,2026-01-20T23:24:31.357855255Z,,,01KFEVBZC2S6960QVT8J14HPMN,2026-01-20T23:24:31.357855255Z,01KFEVGBC8432HRA3509G2MMDT,2026-01-20T23:24:31.357855255Z,01KFEVGBEZBEK193Z7MD17V71D,2026-01-20T23:24:31.357855255Z,true,2026-01-20T23:24:34.190885711Z
01KFEVM5PGMAWJYGTR6HDTJA1E,01KFEV37CWX6SQYA0RPR0C01MW,2026-01-20T23:25:18.928352095Z,,,01KFEV37DE991T271V0BRDHRJW,2026-01-20T23:25:18.928352095Z,,,01KFEV8CTFEWEE7C0ZM9KMYRSE,2026-01-20T23:25:18.928352095Z,01KFEVGBCTGC7HJ089TPZS8PH5,2026-01-20T23:25:18.928352095Z,01KFEVGBGZ69536KQW44B7H6W3,2026-01-20T23:25:18.928352095Z,true,2026-01-20T23:25:22.06127702Z
01KFEVPACE4ZH8RWD5FBM1EWYS,01KFEV37PBC6DGWCX0HT0QWYJR,2026-01-20T23:26:29.262366996Z,false,2026-01-20T23:26:42.61214567Z,01KFEV37PYV9HETXX2PSGE1RKD,2026-01-20T23:26:29.262366996Z,10,2026-01-20T23:26:41.624631607Z,01KFEVDMPGK2KG6CGRXX80WQ5A,2026-01-20T23:26:29.262366996Z,01KFEVKCN0QWK45TM5NYNV4WNH,2026-01-20T23:26:29.262366996Z,01KFEVKCS7TMFGXA6444Z3KSBC,2026-01-20T23:26:29.262366996Z,true,2026-01-20T23:26:45.621202705Z
01KFEVT844PYG3M063BCKPJVGM,01KFEVMN9Q125N5N16W4WNYJXF,2026-01-20T23:28:38.020319638Z,,,01KFEVMNB841AFDZFM4WSW4FTD,2026-01-20T23:28:38.020319638Z,,,01KFEVC3J7JCZ73BZAKH9RH61D,2026-01-20T23:28:38.020319638Z,01KFEVPNGFQYEVQ3XPBR3QGGJZ,2026-01-20T23:28:38.020319638Z,01KFEVPNQCC3W97C9MJPF5HC88,2026-01-20T23:28:38.020319638Z,true,2026-01-20T23:28:41.511663191Z
01KFEW1D48ENKQKQ3CBFMT54A7,01KFEV384BJYC62Y0E6AQK09K8,2026-01-20T23:32:32.520060145Z,,,01KFEV385166A8JYCZ9G4DMHRQ,2026-01-20T23:32:32.520060145Z,,,01KFEVY502SJ2FK1Q7WFM0PHB4,2026-01-20T23:32:32.520060145Z,01KFEW1AGDXB9F3CBJZD9ZH5QQ,2026-01-20T23:32:32.520060145Z,01KFEW1AMG6S1N8T839MVNA6YJ,2026-01-20T23:32:32.520060145Z,true,2026-01-20T23:32:40.496175506Z
01KFEVJ34D8KK4VQMAFHPZ6GDD,01KFEV377XDCWB0CVW0E7ES8WB,2026-01-20T23:24:10.765363108Z,,,01KFEV378H0PY96RNMJFNCN7TE,2026-01-20T23:24:10.765363108Z,,,01KFEVA045MDV6WERMTEQ3VAYR,2026-01-20T23:24:10.765363108Z,01KFEVEHGVFGMMBCQD0VZCXWY0,2026-01-20T23:24:10.765363108Z,01KFEVEHMRENNE4GV4BA2Y9FX8,2026-01-20T23:24:10.765363108Z,true,2026-01-20T23:24:15.664541849Z
01KFEVN5JHZ64B5G6KAFGMFKMD,01KFEV37PBC6DGWCX0HT0QWYJR,2026-01-20T23:25:51.569478991Z,,,01KFEV37PYV9HETXX2PC055NBT,2026-01-20T23:25:51.569478991Z,,,01KFEVBDY2YWN6DSFNFKRM8R9Z,2026-01-20T23:25:51.569478991Z,01KFEVH47RBTC8Q50RVEZJ2J6Q,2026-01-20T23:25:51.569478991Z,01KFEVH4EDQG7ZN13VB30BZSQH,2026-01-20T23:25:51.569478991Z,true,2026-01-20T23:25:54.034306604Z
01KFEVPTFPZDP6JT34NWNRKJBN,01KFEV37PBC6DGWCX0HT0QWYJR,2026-01-20T23:26:45.750247831Z,,,01KFEV37PYV9HETXX2PSGE1RKD,2026-01-20T23:26:45.750247831Z,,,01KFEV8PSQBX7P1ARFP0SDDW57,2026-01-20T23:26:45.750247831Z,01KFEVKCN4ZM7M5WXWCANY7678,2026-01-20T23:26:45.750247831Z,01KFEVKCST73KK8CVPG52VBNWN,2026-01-20T23:26:45.750247831Z,true,2026-01-20T23:26:53.898871505Z
01KFEVR87DY46FP9KBF3328EGN,01KFEV37PBC6DGWCX0HT0QWYJR,2026-01-20T23:27:32.589220822Z,true,2026-01-20T23:27:37.071364185Z,01KFEV37PYV9HETXX2PSGE1RKD,2026-01-20T23:27:32.589220822Z,7,2026-01-20T23:27:36.47408301Z,01KFEV8PSQBX7P1ARFP0SDDW57,2026-01-20T23:27:32.589220822Z,01KFEVKCMEF072A8GSMNZM7WH6,2026-01-20T23:27:32.589220822Z,01KFEVKCWVCGWTTJX1VYB6ZJJH,2026-01-20T23:27:32.589220822Z,true,2026-01-20T23:27:40.073824525Z
01KFEVWAV0HT4G20558DME985K,01KFEV37CWX6SQYA0RPR0C01MW,2026-01-20T23:29:46.336542966Z,,,01KFEV37DAAK9E08F076WKMM6J,2026-01-20T23:29:46.336542966Z,,,01KFEVH10BYAXDVW828R4A2D8P,2026-01-20T23:29:46.336542966Z,01KFEVRWSFA1JEJGM44RM12CEB,2026-01-20T23:29:46.336542966Z,01KFEVRX1R5BX88KBVJ2QT0677,2026-01-20T23:29:46.336542966Z,true,2026-01-20T23:29:50.060095023Z
01KFEW2HBKRCBDS7QHY1136Y9R,01KFEV384BJYC62Y0E6AQK09K8,2026-01-20T23:33:09.619879739Z,,,01KFEV385166A8JYCZ9G4DMHRQ,2026-01-20T23:33:09.619879739Z,,,01KFEVY502SJ2FK1Q7WFM0PHB4,2026-01-20T23:33:09.619879739Z,01KFEW1AGWTEZX6BMYHVQ8HP0D,2026-01-20T23:33:09.619879739Z,01KFEW1AP1VRMDQ8T503S2S52G,2026-01-20T23:33:09.619879739Z,true,2026-01-20T23:33:13.621470058Z
01KFEVGEKF46WRPG26ZBZP5Z9Q,01KFEV377XDCWB0CVW0E7ES8WB,2026-01-20T23:23:16.975597391Z,,,01KFEV378PDZP87HXSESW6BA01,2026-01-20T23:23:16.975597391Z,,,01KFEV79YCQMQRJYZ004NV66QN,2026-01-20T23:23:16.975597391Z,01KFEVF1PPGM18ZSKV97STAVV2,2026-01-20T23:23:16.975597391Z,01KFEVF1TGMC7R1C7BKFFNHDER,2026-01-20T23:23:16.975597391Z,true,2026-01-20T23:23:22.090175021Z
01KFEVHHS07G96WG6J8YSQW8GG,01KFEV377XDCWB0CVW0E7ES8WB,2026-01-20T23:23:52.992138368Z,,,01KFEV378H0PY96RNMJFNCN7TE,2026-01-20T23:23:52.992138368Z,,,01KFEVA045MDV6WERMTEQ3VAYR,2026-01-20T23:23:52.992138368Z,01KFEVEHGBCMP7V8TCE6N6N4MW,2026-01-20T23:23:52.992138368Z,01KFEVEHKMB9KVR5V8M28C0CBM,2026-01-20T23:23:52.992138368Z,true,2026-01-20T23:23:54.298278207Z
01KFEVJN1TVJBX1RD9VGFBTYVG,01KFEV384BJYC62Y0E6AQK09K8,2026-01-20T23:24:29.114401045Z,,,01KFEV384Y33BFECW27AH8GSGD,2026-01-20T23:24:29.114401045Z,,,01KFEVF34Y0A3VWJYX9367Q9EA,2026-01-20T23:24:29.114401045Z,01KFEVHANVAXDMRTQWSCF4AN6J,2026-01-20T23:24:29.114401045Z,01KFEVHARSG2TB0NC8PTJ0V1ST,2026-01-20T23:24:29.114401045Z,true,2026-01-20T23:24:33.221991621Z
01KFEVNRDK2RDVJR3CR9TD42VV,01KFEV377XDCWB0CVW0E7ES8WB,2026-01-20T23:26:10.867724288Z,,,01KFEV378FNG971PBW7B2SPNC6,2026-01-20T23:26:10.867724288Z,,,01KFEV82H962BNCCRXPB524628,2026-01-20T23:26:10.867724288Z,01KFEVJNRD1MY8S8B50S9C4WM2,2026-01-20T23:26:10.867724288Z,01KFEVJNZTRDPZK5M1ZCFXFB63,2026-01-20T23:26:10.867724288Z,true,2026-01-20T23:26:12.764955971Z
01KFEVRGW1160NCQM8H7MCQK07,01KFEVMN9Q125N5N16W4WNYJXF,2026-01-20T23:27:41.441763752Z,,,01KFEVMNB841AFDZFM4WSW4FTD,2026-01-20T23:27:41.441763752Z,,,01KFEVC3J7JCZ73BZAKH9RH61D,2026-01-20T23:27:41.441763752Z,01KFEVPNFZCX04WK3RJCDA9DSA,2026-01-20T23:27:41.441763752Z,01KFEVPNKWPKWNQWV2Q0916KSQ,2026-01-20T23:27:41.441763752Z,true,2026-01-20T23:27:56.053534551Z
01KFEVVSPA5DK1AS77YRFD5W26,01KFEV38A01XZ4DPRPFKRE96P8,2026-01-20T23:29:28.77847818Z,,,01KFEV38AJ2CFPYBQZ58NH0V5J,2026-01-20T23:29:28.77847818Z,,,01KFEVE55BQ40NXX8QW3R5RX0T,2026-01-20T23:29:28.77847818Z,01KFEVJWSCTHEQ0RQN66MYHJP0,2026-01-20T23:29:28.77847818Z,01KFEVJWZYV80Y1VMJG41WNWEA,2026-01-20T23:29:28.77847818Z,true,2026-01-20T23:29:31.52385684Z
01KFEW3NTSDNDYQYNFHDGZYYQG,01KFEV384BJYC62Y0E6AQK09K8,2026-01-20T23:33:46.970034801Z,,,01KFEV385166A8JYCZ9G4DMHRQ,2026-01-20T23:33:46.970034801Z,,,01KFEVWH8M80FFRA88HYSK2ZSQ,2026-01-20T23:33:46.970034801Z,01KFEW1AJZPPPE7Z0G8BBR056M,2026-01-20T23:33:46.970034801Z,01KFEW1AY1KN7T636PS6PH4FH0,2026-01-20T23:33:46.970034801Z,true,2026-01-20T23:33:48.067000943Z
01KFEW44G1CF2QD4K2VXE9HP04,01KFEV384BJYC62Y0E6AQK09K8,2026-01-20T23:34:01.985751331Z,,,01KFEV385166A8JYCZ9G4DMHRQ,2026-01-20T23:34:01.985751331Z,,,01KFEVY502SJ2FK1Q7WFM0PHB4,2026-01-20T23:34:01.985751331Z,01KFEW1AJQQTXG07GE8KNBNQJN,2026-01-20T23:34:01.985751331Z,01KFEW1AZC54ZNTD0T8WN958DK,2026-01-20T23:34:01.985751331Z,true,2026-01-20T23:34:04.090762706Z
01KFEWHPCBS7QXSEXPJPKV4WAB,01KFEVMN9Q125N5N16W4WNYJXF,2026-01-20T23:41:26.283118907Z,,,01KFEVMNAWK7WRWM1AMQZKX6SA,2026-01-20T23:41:26.283118907Z,,,01KFEW4NGJQK3SC6VDT657XA1V,2026-01-20T23:41:26.283118907Z,01KFEWE8V42B6QNHZQ0TH5CPD7,2026-01-20T23:41:26.283118907Z,01KFEWE9815GVD2JD7MXAY4JE6,2026-01-20T23:41:26.283118907Z,true,2026-01-20T23:41:27.627251718Z
01KFEWJ5Q43TE4PPJMBYB48B4N,01KFEVMN9Q125N5N16W4WNYJXF,2026-01-20T23:41:41.988638627Z,,,01KFEVMNAWK7WRWM1AMQZKX6SA,2026-01-20T23:41:41.988638627Z,,,01KFEW4NGJQK3SC6VDT657XA1V,2026-01-20T23:41:41.988638627Z,01KFEWE8W4Q7HBT12QMD8NKR4R,2026-01-20T23:41:41.988638627Z,01KFEWE9C30ZHCGCFJFZTFSKD8,2026-01-20T23:41:41.988638627Z,true,2026-01-20T23:41:42.875504931Z
01KFEV9WQEFZ4MHS9EZHNKW90E,01KFEV2BZFDRZBG3Y0249RG1TW,2026-01-20T23:19:42.062863425Z,,,01KFEV2C08ND9C9BYW8N2T146P,2026-01-20T23:19:42.062863425Z,,,01KFEV46YBCF5X09FCFJF4VDEY,2026-01-20T23:19:42.062863425Z,01KFEV9923DJ5VCDJPCWV8F272,2026-01-20T23:19:42.062863425Z,01KFEV9944WW8FYX7790XC9K9Y,2026-01-20T23:19:42.062863425Z,true,2026-01-20T23:19:43.345274291Z
01KFEVNEG0P99DJAXS1Z4RZFE7,01KFEV37PBC6DGWCX0HT0QWYJR,2026-01-20T23:26:00.704485035Z,true,2026-01-20T23:26:08.869182386Z,01KFEV37PYV9HETXX2PC055NBT,2026-01-20T23:26:00.704485035Z,29,2026-01-20T23:26:06.821474704Z,01KFEV9QWYR4DNTS4QCCENEARJ,2026-01-20T23:26:00.704485035Z,01KFEVH47TY8YTKZSSJDE27NRX,2026-01-20T23:26:00.704485035Z,01KFEVH4F2X0WGP1MN9KX0Q4Z3,2026-01-20T23:26:00.704485035Z,true,2026-01-20T23:26:11.902035688Z
01KFEVRGW6XX0JNYSAMES554H8,01KFEVMN9Q125N5N16W4WNYJXF,2026-01-20T23:27:41.446824318Z,,,01KFEVMNB841AFDZFM4WSW4FTD,2026-01-20T23:27:41.446824318Z,,,01KFEVB2WK99SDZDFQAW6KYB9M,2026-01-20T23:27:41.446824318Z,01KFEVPNFZCX04WK3RJCDA9DSA,2026-01-20T23:27:41.446824318Z,01KFEVPNKWPKWNQWV2Q0916KSQ,2026-01-20T23:27:41.446824318Z,true,2026-01-20T23:27:45.001053749Z
01KFEW3Q8RFCM5GS0NG74MTXCE,01KFEV37PBC6DGWCX0HT0QWYJR,2026-01-20T23:33:48.440847281Z,,,01KFEV37Q0WSYAYKWHM2EXN0DN,2026-01-20T23:33:48.440847281Z,,,01KFEVWYACX0Z3X7HHHK5DSTDD,2026-01-20T23:33:48.440847281Z,01KFEW0G9XAWS7DYHEE7AAN198,2026-01-20T23:33:48.440847281Z,01KFEW0GKGFCBHKDM8BBBEVW49,2026-01-20T23:33:48.440847281Z,true,2026-01-20T23:33:52.122977434Z
01KFEWWZF5VF3TBEWCD8VKCNFS,01KFEV38GJVYY8P8B7QXSW6BTE,2026-01-20T23:47:36.037771288Z,,,01KFEV38H0S2Y42XZDBCZ2KPGY,2026-01-20T23:47:36.037771288Z,,,01KFEWKWT6PWJAE8C8359J4DRM,2026-01-20T23:47:36.037771288Z,01KFEWVM718JKJE90A057VRNN9,2026-01-20T23:47:36.037771288Z,01KFEWVMGBT1QFKXCQ02JEFHMR,2026-01-20T23:47:36.037771288Z,true,2026-01-20T23:47:39.417941955Z
01KFEWWPWBQSP6XSAZS2CXKMTF,01KFEV38GJVYY8P8B7QXSW6BTE,2026-01-20T23:47:27.243258627Z,,,01KFEV38H0S2Y42XZDBCZ2KPGY,2026-01-20T23:47:27.243258627Z,,,01KFEWA3ZKFQRVCEG62F0BJCT3,2026-01-20T23:47:27.243258627Z,01KFEWVM6P4FVA6Y7RWXQ75670,2026-01-20T23:47:27.243258627Z,01KFEWVME92QW2V9RZ9HM2KF63,2026-01-20T23:47:27.243258627Z,true,2026-01-20T23:47:28.737691784Z
01KFEVCKJBPN8V687BT7DPG1MN,01KFEV2BZFDRZBG3Y0249RG1TW,2026-01-20T23:21:10.988005947Z,,,01KFEV2C0EQZAQP8AFWFARX9S3,2026-01-20T23:21:10.988005947Z,,,01KFEV6PVNKNKPXT116BVCM3W4,2026-01-20T23:21:10.988005947Z,01KFEVCJJ5D5JFKFHHY6M7CQMN,2026-01-20T23:21:10.988005947Z,01KFEVCJKR63155ZJJGXQC45S2,2026-01-20T23:21:10.988005947Z,true,2026-01-20T23:21:14.178991904Z
01KFEVF95GZK09M73QE8AN2YB3,01KFEV377XDCWB0CVW0E7ES8WB,2026-01-20T23:22:38.640137192Z,true,2026-01-20T23:22:48.560564186Z,01KFEV378PDZP87HXSESW6BA01,2026-01-20T23:22:38.640137192Z,0,2026-01-20T23:22:41.812735807Z,01KFEV6V20FH8Q8TGZN4SVCF5R,2026-01-20T23:22:38.640137192Z,01KFEVF1PKXY17EAHC5V0EMKN7,2026-01-20T23:22:38.640137192Z,01KFEVF1RJS758218KG1A2AWWR,2026-01-20T23:22:38.640137192Z,true,2026-01-20T23:22:51.447593059Z
01KFEVH5E08A5K60A8PSNYQ3JW,01KFEV37PBC6DGWCX0HT0QWYJR,2026-01-20T23:23:40.352600889Z,,,01KFEV37PYV9HETXX2PC055NBT,2026-01-20T23:23:40.352600889Z,,,01KFEVBDY2YWN6DSFNFKRM8R9Z,2026-01-20T23:23:40.352600889Z,01KFEVH47JSXWXPCKZJ9NW3ZAE,2026-01-20T23:23:40.352600889Z,01KFEVH494FWTCC3KXKS15TP3F,2026-01-20T23:23:40.352600889Z,true,2026-01-20T23:23:49.173755098Z
01KFEVN81QFKECT3SCKF7XR6T3,01KFEV37PBC6DGWCX0HT0QWYJR,2026-01-20T23:25:54.103603647Z,,,01KFEV37PYV9HETXX2PC055NBT,2026-01-20T23:25:54.103603647Z,,,01KFEVBDY2YWN6DSFNFKRM8R9Z,2026-01-20T23:25:54.103603647Z,01KFEVH47RBTC8Q50RVEZJ2J6Q,2026-01-20T23:25:54.103603647Z,01KFEVH4EFN91TWRG7FZX10TPN,2026-01-20T23:25:54.103603647Z,true,2026-01-20T23:25:56.869940112Z
01KFEW87GDBF858PWBGARSFGHF,01KFEVMNF44NEM58ETFST7KTWM,2026-01-20T23:36:16.141815204Z,,,01KFEVMNH60E845G0BNN18WWCX,2026-01-20T23:36:16.141815204Z,,,01KFEVT25T940Z2TG7G91WJBKE,2026-01-20T23:36:16.141815204Z,01KFEW7PNRNRMQAX1ZJ3QAKXQC,2026-01-20T23:36:16.141815204Z,01KFEW7PTHKDPY07GRRYQBRDD5,2026-01-20T23:36:16.141815204Z,,
01KFEWWHS2E0V81EB910E8706S,01KFEV38GJVYY8P8B7QXSW6BTE,2026-01-20T23:47:22.018161258Z,,,01KFEV38H0S2Y42XZDBCZ2KPGY,2026-01-20T23:47:22.018161258Z,,,01KFEWA3ZKFQRVCEG62F0BJCT3,2026-01-20T23:47:22.018161258Z,01KFEWVM69B5XT587JT9ZENQD3,2026-01-20T23:47:22.018161258Z,01KFEWVMCYSNCGHGTRWVWDDJQG,2026-01-20T23:47:22.018161258Z,true,2026-01-20T23:47:27.019050441Z
01KFEW6VVCMNN8X7HHNB2ZSH7R,01KFEV38A01XZ4DPRPFKRE96P8,2026-01-20T23:35:31.436268508Z,,,01KFEV38AHTHHCNTDGHAJN0GXG,2026-01-20T23:35:31.436268508Z,,,01KFEVW5WA494MRXETJ2N5XX03,2026-01-20T23:35:31.436268508Z,01KFEW29YK600XP5H2XZZBAHW4,2026-01-20T23:35:31.436268508Z,01KFEW2A82CG52ZAAMRPQ6RNRM,2026-01-20T23:35:31.436268508Z,true,2026-01-20T23:35:33.637761679Z
01KFEWGJAV0HCPKX9WT2CG37QZ,01KFEVMN9Q125N5N16W4WNYJXF,2026-01-20T23:40:49.371742053Z,,,01KFEVMNAWK7WRWM1AMQZKX6SA,2026-01-20T23:40:49.371742053Z,,,01KFEW3YJBR4HT7BADWRSVJQV5,2026-01-20T23:40:49.371742053Z,01KFEWE8T23BZMWKHQ571WBSHF,2026-01-20T23:40:49.371742053Z,01KFEWE90D1JXJZVPWXSH1NVJ4,2026-01-20T23:40:49.371742053Z,true,2026-01-20T23:40:54.506628417Z
01KFEVAT4YP0Z2ANKSCW4QMWG2,01KFEV2BZFDRZBG3Y0249RG1TW,2026-01-20T23:20:12.190969485Z,,,01KFEV2C08ND9C9BYW8N2T146P,2026-01-20T23:20:12.190969485Z,,,01KFEV4APCG117QZ1ZVXNKCJFC,2026-01-20T23:20:12.190969485Z,01KFEV992C5DA5CC9EBC041N3A,2026-01-20T23:20:12.190969485Z,01KFEV996W2GT7KCSMS15KN5KK,2026-01-20T23:20:12.190969485Z,true,2026-01-20T23:20:13.5212347Z
01KFEVGWQCPJS2YHGEVN030EB3,01KFEV377XDCWB0CVW0E7ES8WB,2026-01-20T23:23:31.436714385Z,,,01KFEV378H0PY96RNMJFNCN7TE,2026-01-20T23:23:31.436714385Z,,,01KFEVA045MDV6WERMTEQ3VAYR,2026-01-20T23:23:31.436714385Z,01KFEVEHGJP52P6AE23TDFFDSM,2026-01-20T23:23:31.436714385Z,01KFEVEHJFPC4G0JJ33FHCGSZG,2026-01-20T23:23:31.436714385Z,true,2026-01-20T23:23:34.73324264Z
01KFEVJTCTADEH8N28BZT3T0MA,01KFEV377XDCWB0CVW0E7ES8WB,2026-01-20T23:24:34.586931548Z,,,01KFEV378H0PY96RNMJFNCN7TE,2026-01-20T23:24:34.586931548Z,,,01KFEV86DXXGMH25YQ8QC6JEB7,2026-01-20T23:24:34.586931548Z,01KFEVEHGR7ECW4X29T8Y4QFJQ,2026-01-20T23:24:34.586931548Z,01KFEVEHQPK1YHAJW7A0DE29MQ,2026-01-20T23:24:34.586931548Z,true,2026-01-20T23:24:35.802468106Z
01KFEVP5D43HRRHE4DB39FABAT,01KFEV37CWX6SQYA0RPR0C01MW,2026-01-20T23:26:24.164721213Z,true,2026-01-20T23:26:33.913598234Z,01KFEV37DE991T271V0BRDHRJW,2026-01-20T23:26:24.164721213Z,20,2026-01-20T23:26:32.502592884Z,01KFEVBZC2S6960QVT8J14HPMN,2026-01-20T23:26:24.164721213Z,01KFEVGBDHBKMP77667Y4F3PW3,2026-01-20T23:26:24.164721213Z,01KFEVGBNVJ4B7GBYK8P1PK20S,2026-01-20T23:26:24.164721213Z,true,2026-01-20T23:26:36.941069173Z
01KFEVRZ1K8R7FTVNJ7ENV59H2,01KFEV38A01XZ4DPRPFKRE96P8,2026-01-20T23:27:55.9551802Z,,,01KFEV38AJ2CFPYBQZ58NH0V5J,2026-01-20T23:27:55.9551802Z,20,2026-01-20T23:28:25.229217696Z,01KFEVB815BQW2TQ29HHMDQ2FB,2026-01-20T23:27:55.9551802Z,01KFEVJWRXFH0A02EP0EXWZF8R,2026-01-20T23:27:55.9551802Z,01KFEVJWWNADW80F8DGY5T4RPW,2026-01-20T23:27:55.9551802Z,,
01KFEW4TD5W5T27C8VZGYB88HQ,01KFEV37PBC6DGWCX0HT0QWYJR,2026-01-20T23:34:24.421651436Z,,,01KFEV37Q0WSYAYKWHM2EXN0DN,2026-01-20T23:34:24.421651436Z,,,01KFEVWXXVHBHP5S1AZQQ4JZFK,2026-01-20T23:34:24.421651436Z,01KFEW0GB864QKBAB0HBJ7K4K5,2026-01-20T23:34:24.421651436Z,01KFEW0GS1DAV1DA8802P7WB52,2026-01-20T23:34:24.421651436Z,true,2026-01-20T23:34:26.125189127Z
01KFEWY10MHQEEZT809CMNM5BN,01KFEV38GJVYY8P8B7QXSW6BTE,2026-01-20T23:48:10.388656843Z,,,01KFEV38H0S2Y42XZDBCZ2KPGY,2026-01-20T23:48:10.388656843Z,,,01KFEWKWT6PWJAE8C8359J4DRM,2026-01-20T23:48:10.388656843Z,01KFEWVM8J6QS2ST8TXJA668EN,2026-01-20T23:48:10.388656843Z,01KFEWVMQXA2N7054ZJS1MA6VP,2026-01-20T23:48:10.388656843Z,true,2026-01-20T23:48:11.573021707Z
01KFEVPWA2QE9N59J5BXVS1B34,01KFEV38GJVYY8P8B7QXSW6BTE,2026-01-20T23:26:47.61817986Z,,,01KFEV38H72YHVC8PGTMFH64KV,2026-01-20T23:26:47.61817986Z,,,01KFEVE7DF79XD8SNTNNGKRM0M,2026-01-20T23:26:47.61817986Z,01KFEVNK1W6GYWEFB0Z31C0NYJ,2026-01-20T23:26:47.61817986Z,01KFEVNK4RTJDQ97ZW0BSNAVVY,2026-01-20T23:26:47.61817986Z,true,2026-01-20T23:26:52.885402502Z
01KFEW2XASQXQWS6Z1SSESDZB4,01KFEV384BJYC62Y0E6AQK09K8,2026-01-20T23:33:21.881619346Z,,,01KFEV385166A8JYCZ9G4DMHRQ,2026-01-20T23:33:21.881619346Z,,,01KFEVY502SJ2FK1Q7WFM0PHB4,2026-01-20T23:33:21.881619346Z,01KFEW1AHB2FYXGT0X5PGAP03X,2026-01-20T23:33:21.881619346Z,01KFEW1AR8T9V5YFM656EBAJKJ,2026-01-20T23:33:21.881619346Z,true,2026-01-20T23:33:24.024709169Z
01KFEW4CBKXXWMYT58D1SPCAXB,01KFEV384BJYC62Y0E6AQK09K8,2026-01-20T23:34:10.035184629Z,,,01KFEV385166A8JYCZ9G4DMHRQ,2026-01-20T23:34:10.035184629Z,,,01KFEVY502SJ2FK1Q7WFM0PHB4,2026-01-20T23:34:10.035184629Z,01KFEW1AJ55D8GCPXGH2ZM6TDK,2026-01-20T23:34:10.035184629Z,01KFEW1B1XH2W8AHGN0TJAQ3M9,2026-01-20T23:34:10.035184629Z,true,2026-01-20T23:34:11.683738882Z
01KFEVJQ8SNACF106AXYVHY6FE,01KFEV377XDCWB0CVW0E7ES8WB,2026-01-20T23:24:31.385713885Z,,,01KFEV378PDZP87HXSESW6BA01,2026-01-20T23:24:31.385713885Z,,,01KFEV6V20FH8Q8TGZN4SVCF5R,2026-01-20T23:24:31.385713885Z,01KFEVF1QBSXYJD0FP6FAXF31Z,2026-01-20T23:24:31.385713885Z,01KFEVF1Y0NKFHCSMG39M5TCZP,2026-01-20T23:24:31.385713885Z,true,2026-01-20T23:24:33.726834885Z
01KFEVQFV329TZ0BPVHC7GDR56,01KFEV37PBC6DGWCX0HT0QWYJR,2026-01-20T23:27:07.619851983Z,,,01KFEV37PYV9HETXX2PSGE1RKD,2026-01-20T23:27:07.619851983Z,,,01KFEVDMPGK2KG6CGRXX80WQ5A,2026-01-20T23:27:07.619851983Z,01KFEVKCNB3JWRWP2DH501FGGW,2026-01-20T23:27:07.619851983Z,01KFEVKCTN1DAYB4XNTS9T9MPC,2026-01-20T23:27:07.619851983Z,true,2026-01-20T23:27:12.252231123Z
01KFEVSR74Y5S1DEAQQ7DVT6KX,01KFEVMN9Q125N5N16W4WNYJXF,2026-01-20T23:28:21.732964605Z,,,01KFEVMNB841AFDZFM4WSW4FTD,2026-01-20T23:28:21.732964605Z,,,01KFEVC3J7JCZ73BZAKH9RH61D,2026-01-20T23:28:21.732964605Z,01KFEVPNGCECZWPB3GP3PH5NGX,2026-01-20T23:28:21.732964605Z,01KFEVPNPH96H4K7P7B26CHHMD,2026-01-20T23:28:21.732964605Z,true,2026-01-20T23:28:25.430738113Z
01KFEVT3J9M5KHCXA280TA8TSM,01KFEV38A01XZ4DPRPFKRE96P8,2026-01-20T23:28:33.353116163Z,,,01KFEV38AJ2CFPYBQZ58NH0V5J,2026-01-20T23:28:33.353116163Z,,,01KFEVB815BQW2TQ29HHMDQ2FB,2026-01-20T23:28:33.353116163Z,01KFEVJWS0K3DC7EYBN1SH6BCA,2026-01-20T23:28:33.353116163Z,01KFEVJWXA2T5N5PGPHSZ0ACP7,2026-01-20T23:28:33.353116163Z,true,2026-01-20T23:28:37.481366678Z
01KFEW3KWR8QPKPV1B49NJS3Z6,01KFEV384BJYC62Y0E6AQK09K8,2026-01-20T23:33:44.984833576Z,,,01KFEV385166A8JYCZ9G4DMHRQ,2026-01-20T23:33:44.984833576Z,,,01KFEVY502SJ2FK1Q7WFM0PHB4,2026-01-20T23:33:44.984833576Z,01KFEW1AK7NCGSKANQ48AN6V23,2026-01-20T23:33:44.984833576Z,01KFEW1AX0B1KBN211X9ZE8BX0,2026-01-20T23:33:44.984833576Z,true,2026-01-20T23:33:46.815336239Z
01KFEWMC8771YGX0FEVCT8WSWW,01KFEVMNF44NEM58ETFST7KTWM,2026-01-20T23:42:54.215128907Z,,,01KFEVMNHFNDCGHX9QBBFN387E,2026-01-20T23:42:54.215128907Z,,,01KFEW78ZH0TY6JQ9J3GJMR3E3,2026-01-20T23:42:54.215128907Z,01KFEWEZYB6ZVPPBFVTKXTZJ40,2026-01-20T23:42:54.215128907Z,01KFEWF0H44W8P0C7V3DHJ90H6,2026-01-20T23:42:54.215128907Z,true,2026-01-20T23:42:57.26893193Z
01KFEWJFYFAAWZ5YP9BYE9X3XX,01KFEVMNF44NEM58ETFST7KTWM,2026-01-20T23:41:52.464001295Z,,,01KFEVMNHFNDCGHX9QBBFN387E,2026-01-20T23:41:52.464001295Z,,,01KFEW78ZH0TY6JQ9J3GJMR3E3,2026-01-20T23:41:52.464001295Z,01KFEWEZXAJSB92MSCQSD9TW2R,2026-01-20T23:41:52.464001295Z,01KFEWF0B3A9HCZNRC65D0RZPE,2026-01-20T23:41:52.464001295Z,true,2026-01-20T23:41:55.245267561Z
01KFEVEPEPEC86WYA7AQ6RJXPD,01KFEV2BZFDRZBG3Y0249RG1TW,2026-01-20T23:22:19.478308026Z,,,01KFEV2C0CP35QE41ZMH45J8TZ,2026-01-20T23:22:19.478308026Z,,,01KFEV4PQ8V0QGQVX4KK2FPFJR,2026-01-20T23:22:19.478308026Z,01KFEVB8FXXCDX812QY32514FB,2026-01-20T23:22:19.478308026Z,01KFEVB8KF4KEJS9Y7SP22G2C5,2026-01-20T23:22:19.478308026Z,true,2026-01-20T23:22:23.531833843Z
01KFEVMWE41KA5SHN7XD2QXDV3,01KFEV377XDCWB0CVW0E7ES8WB,2026-01-20T23:25:42.212279305Z,,,01KFEV378FNG971PBW7B2SPNC6,2026-01-20T23:25:42.212279305Z,,,01KFEVCRBGBMN5MZZVZA8FPX1Z,2026-01-20T23:25:42.212279305Z,01KFEVJNR1J3B46T7W60KHKSQ0,2026-01-20T23:25:42.212279305Z,01KFEVJNWK7WR99GYCG87DTHZT,2026-01-20T23:25:42.212279305Z,true,2026-01-20T23:25:44.148299305Z
01KFEVTGJ8PEZJHEFH3T92QKXD,01KFEVMN9Q125N5N16W4WNYJXF,2026-01-20T23:28:46.664152739Z,,,01KFEVMNB841AFDZFM4WSW4FTD,2026-01-20T23:28:46.664152739Z,,,01KFEVB2WK99SDZDFQAW6KYB9M,2026-01-20T23:28:46.664152739Z,01KFEVPNGNVYTTDG6P5ZY7AQK5,2026-01-20T23:28:46.664152739Z,01KFEVPNRC1DDPM8K9GA7VPMFH,2026-01-20T23:28:46.664152739Z,true,2026-01-20T23:28:49.178115756Z
01KFEW3VCFKMMD671JACT1Q4WQ,01KFEV38GJVYY8P8B7QXSW6BTE,2026-01-20T23:33:52.655926048Z,,,01KFEV38H48T18ZRM15RETR33C,2026-01-20T23:33:52.655926048Z,,,01KFEVYB6HS3VX2GA7D4G2GPMT,2026-01-20T23:33:52.655926048Z,01KFEW2K4DS1T10ZD4EFNDXX1X,2026-01-20T23:33:52.655926048Z,01KFEW2K96P4HFCM888PYMWASX,2026-01-20T23:33:52.655926048Z,true,2026-01-20T23:33:54.626799511Z
01KFEWFD54F0QJRZHHYMJH0NXD,01KFEV38GJVYY8P8B7QXSW6BTE,2026-01-20T23:40:11.300519081Z,,,01KFEV38H8T2V9428VC9T7MEBA,2026-01-20T23:40:11.300519081Z,,,01KFEW5BKPC6PA6AD6TVFX3GTH,2026-01-20T23:40:11.300519081Z,01KFEWB96KRX4ZB7T2765CQSN7,2026-01-20T23:40:11.300519081Z,01KFEWB9Q9BZ8T7A6YRC7NDBAQ,2026-01-20T23:40:11.300519081Z,true,2026-01-20T23:40:12.44839888Z
01KFEWGJJTAQZ83GCQ364888MA,01KFEV38A01XZ4DPRPFKRE96P8,2026-01-20T23:40:49.626460418Z,,,01KFEV38AJ2CFPYBQZ5JKK7PV4,2026-01-20T23:40:49.626460418Z,,,01KFEW2CHJQZ9TDCN78BA2VKEM,2026-01-20T23:40:49.626460418Z,01KFEW9RP7W5QZSAE6HSN0A735,2026-01-20T23:40:49.626460418Z,01KFEW9SC1F54RM90W05G753GR,2026-01-20T23:40:49.626460418Z,true,2026-01-20T23:40:51.709627146Z
01KFEW0RRCXAMX9TWKB82ZWJS2,01KFEV37PBC6DGWCX0HT0QWYJR,2026-01-20T23:32:11.660386435Z,true,2026-01-20T23:32:24.485918629Z,01KFEV37Q0WSYAYKWHM2EXN0DN,2026-01-20T23:32:11.660386435Z,19,2026-01-20T23:32:23.218172278Z,01KFEVWYACX0Z3X7HHHK5DSTDD,2026-01-20T23:32:11.660386435Z,01KFEW0G8EM7FSNHE79C3F9KH6,2026-01-20T23:32:11.660386435Z,01KFEW0GCV1RPJ5BV5EAKQRCS2,2026-01-20T23:32:11.660386435Z,true,2026-01-20T23:32:27.492899527Z
01KFEWHTHMMEQYNZPJ6J8EQMSA,01KFEVMN9Q125N5N16W4WNYJXF,2026-01-20T23:41:30.549019015Z,,,01KFEVMNAWK7WRWM1AMQZKX6SA,2026-01-20T23:41:30.549019015Z,,,01KFEW4NGJQK3SC6VDT657XA1V,2026-01-20T23:41:30.549019015Z,01KFEWE8VFX5MKT559QS5XEW3G,2026-01-20T23:41:30.549019015Z,01KFEWE99DP67XM0G1QG9T5ZTM,2026-01-20T23:41:30.549019015Z,true,2026-01-20T23:41:31.780514028Z
01KFEVB273BB1BZAQJ6FBZQ7NY,01KFEV2BZFDRZBG3Y0249RG1TW,2026-01-20T23:20:20.451955419Z,,,01KFEV2C08ND9C9BYW8N2T146P,2026-01-20T23:20:20.451955419Z,,,01KFEV46YBCF5X09FCFJF4VDEY,2026-01-20T23:20:20.451955419Z,01KFEV992EGQ6JEDWT7CNXP7AX,2026-01-20T23:20:20.451955419Z,01KFEV998M6CZMY5M031ES74WD,2026-01-20T23:20:20.451955419Z,true,2026-01-20T23:20:23.559196141Z
01KFEVJ9G4W8CJR8J42971FY1R,01KFEV37PBC6DGWCX0HT0QWYJR,2026-01-20T23:24:17.284608166Z,,,01KFEV37PYV9HETXX2PC055NBT,2026-01-20T23:24:17.284608166Z,,,01KFEVBDY2YWN6DSFNFKRM8R9Z,2026-01-20T23:24:17.284608166Z,01KFEVH47ZBAPR4G4APH55JXTA,2026-01-20T23:24:17.284608166Z,01KFEVH4ACHZJFV4ZSNPKN3K3C,2026-01-20T23:24:17.284608166Z,true,2026-01-20T23:24:22.600678623Z
01KFEVJS4RFBAZF9ZETZWRT7WY,01KFEV384BJYC62Y0E6AQK09K8,2026-01-20T23:24:33.304663Z,,,01KFEV384Y33BFECW27AH8GSGD,2026-01-20T23:24:33.304663Z,,,01KFEVF34Y0A3VWJYX9367Q9EA,2026-01-20T23:24:33.304663Z,01KFEVHAPCH18VPXAR0AA2NN3F,2026-01-20T23:24:33.304663Z,01KFEVHASC8D3AYA8SVTKXG300,2026-01-20T23:24:33.304663Z,true,2026-01-20T23:24:35.57039439Z
01KFEVSFF9GZ21VJC41NPXV530,01KFEV37PBC6DGWCX0HT0QWYJR,2026-01-20T23:28:12.777537612Z,,,01KFEV37PYV9HETXX2PSGE1RKD,2026-01-20T23:28:12.777537612Z,,,01KFEV8PSQBX7P1ARFP0SDDW57,2026-01-20T23:28:12.777537612Z,01KFEVKCMC5SWQG5B0D7EEAX5H,2026-01-20T23:28:12.777537612Z,01KFEVKD01W57QCBGESJDFR6DD,2026-01-20T23:28:12.777537612Z,true,2026-01-20T23:28:13.58166854Z
01KFEVTFTG7V12JN2T9E6MNA90,01KFEV37CWX6SQYA0RPR0C01MW,2026-01-20T23:28:45.904188415Z,,,01KFEV37DE991T271V0NJ5BY6K,2026-01-20T23:28:45.904188415Z,,,01KFEVD9ZATE7H5N364WWPAV31,2026-01-20T23:28:45.904188415Z,01KFEVJEJXVVFBH0FKDYNANHM0,2026-01-20T23:28:45.904188415Z,01KFEVJEVABK0ASZ3TXNT1RD7M,2026-01-20T23:28:45.904188415Z,true,2026-01-20T23:28:49.695809705Z
01KFEVTTH5XK97PWR2WJBRAFYB,01KFEV37CWX6SQYA0RPR0C01MW,2026-01-20T23:28:56.86941201Z,true,2026-01-20T23:29:08.346591468Z,01KFEV37DE991T271V0NJ5BY6K,2026-01-20T23:28:56.86941201Z,19,2026-01-20T23:29:04.578183515Z,01KFEVD9ZATE7H5N364WWPAV31,2026-01-20T23:28:56.86941201Z,01KFEVJEKRTPZ9GBG5E2CFW5VH,2026-01-20T23:28:56.86941201Z,01KFEVJEW1JX5XMSMKG0RQ6T8P,2026-01-20T23:28:56.86941201Z,true,2026-01-20T23:29:11.361452555Z
01KFEW21BKDX22C412B7EYNX9Y,01KFEV37PBC6DGWCX0HT0QWYJR,2026-01-20T23:32:53.235770076Z,,,01KFEV37Q0WSYAYKWHM2EXN0DN,2026-01-20T23:32:53.235770076Z,,,01KFEVWYACX0Z3X7HHHK5DSTDD,2026-01-20T23:32:53.235770076Z,01KFEW0G8ZZKDWGVVQH1FBRDRX,2026-01-20T23:32:53.235770076Z,01KFEW0GETVGSK60X1BFFDYHCV,2026-01-20T23:32:53.235770076Z,true,2026-01-20T23:32:55.13412877Z
01KFEWG5KXX81J054W464WJGDE,01KFEVMN9Q125N5N16W4WNYJXF,2026-01-20T23:40:36.349112846Z,,,01KFEVMNAWK7WRWM1AMQZKX6SA,2026-01-20T23:40:36.349112846Z,,,01KFEW4NGJQK3SC6VDT657XA1V,2026-01-20T23:40:36.349112846Z,01KFEWE8T23BZMWKHQ571WBSHF,2026-01-20T23:40:36.349112846Z,01KFEWE9001GQYH4PMYKX36AE0,2026-01-20T23:40:36.349112846Z,true,2026-01-20T23:40:49.285797754Z
01KFEVK56CV9V1JS549WV2NNNS,01KFEV377XDCWB0CVW0E7ES8WB,2026-01-20T23:24:45.644187521Z,true,2026-01-20T23:24:54.820511526Z,01KFEV378PDZP87HXSESW6BA01,2026-01-20T23:24:45.644187521Z,19,2026-01-20T23:24:53.059611791Z,01KFEV79YCQMQRJYZ004NV66QN,2026-01-20T23:24:45.644187521Z,01KFEVF1QWVSRQZSBVJ2N2MCKF,2026-01-20T23:24:45.644187521Z,01KFEVF1YSWCV88YHDXT91JXGR,2026-01-20T23:24:45.644187521Z,true,2026-01-20T23:24:57.824484465Z
01KFEVM8VB34AVFTSQHWK5B619,01KFEV37CWX6SQYA0RPR0C01MW,2026-01-20T23:25:22.155252829Z,,,01KFEV37DE991T271V0BRDHRJW,2026-01-20T23:25:22.155252829Z,,,01KFEV8CTFEWEE7C0ZM9KMYRSE,2026-01-20T23:25:22.155252829Z,01KFEVGBCW7TNTPNJ175RV28X4,2026-01-20T23:25:22.155252829Z,01KFEVGBJ7K027K907MY5HM8BN,2026-01-20T23:25:22.155252829Z,true,2026-01-20T23:25:29.960444843Z
01KFEVP3AWAG3YVMJHC8NEH2P2,01KFEV377XDCWB0CVW0E7ES8WB,2026-01-20T23:26:22.044872198Z,,,01KFEV378FNG971PBW7B2SPNC6,2026-01-20T23:26:22.044872198Z,,,01KFEVCRBGBMN5MZZVZA8FPX1Z,2026-01-20T23:26:22.044872198Z,01KFEVJNR6S4SX7KGTNEJ547G6,2026-01-20T23:26:22.044872198Z,01KFEVJP142RKY207MYHHXNPMH,2026-01-20T23:26:22.044872198Z,true,2026-01-20T23:26:24.380028733Z
01KFEVSKKRQ76KZWTMMVY8QYYM,01KFEVMN9Q125N5N16W4WNYJXF,2026-01-20T23:28:17.016562137Z,,,01KFEVMNB841AFDZFM4WSW4FTD,2026-01-20T23:28:17.016562137Z,,,01KFEVC3J7JCZ73BZAKH9RH61D,2026-01-20T23:28:17.016562137Z,01KFEVPNG6JB6DZSQZ5HM4GVS7,2026-01-20T23:28:17.016562137Z,01KFEVPNNV1X8518KEC9FER46C,2026-01-20T23:28:17.016562137Z,true,2026-01-20T23:28:21.61318378Z
01KFEW1M5WFBFPDCT22VG92Z50,01KFEV37PBC6DGWCX0HT0QWYJR,2026-01-20T23:32:39.740976866Z,,,01KFEV37Q0WSYAYKWHM2EXN0DN,2026-01-20T23:32:39.740976866Z,,,01KFEVWXXVHBHP5S1AZQQ4JZFK,2026-01-20T23:32:39.740976866Z,01KFEW0G95HGEBJ66PJEE5BWT0,2026-01-20T23:32:39.740976866Z,01KFEW0GDQDRSKWWXNDQWJ0BC1,2026-01-20T23:32:39.740976866Z,true,2026-01-20T23:32:50.29089332Z
01KFEW1YHFTM6ZZJNQYFHT72RW,01KFEV37PBC6DGWCX0HT0QWYJR,2026-01-20T23:32:50.351172162Z,,,01KFEV37Q0WSYAYKWHM2EXN0DN,2026-01-20T23:32:50.351172162Z,,,01KFEVWXXVHBHP5S1AZQQ4JZFK,2026-01-20T23:32:50.351172162Z,01KFEW0G95HGEBJ66PJEE5BWT0,2026-01-20T23:32:50.351172162Z,01KFEW0GDY8ADY90DYMF0V5TWM,2026-01-20T23:32:50.351172162Z,true,2026-01-20T23:32:53.083416966Z
01KFEWG8YWY8R9RKWQHP6VZC3R,01KFEV38A01XZ4DPRPFKRE96P8,2026-01-20T23:40:39.772268653Z,,,01KFEV38AJ2CFPYBQZ5JKK7PV4,2026-01-20T23:40:39.772268653Z,,,01KFEW2CHJQZ9TDCN78BA2VKEM,2026-01-20T23:40:39.772268653Z,01KFEW9RPTMR1X74362ZJ5HND1,2026-01-20T23:40:39.772268653Z,01KFEW9S9ADQ13VTXXA4YYJ4N7,2026-01-20T23:40:39.772268653Z,true,2026-01-20T23:40:42.458913548Z
01KFEVT72QEK33390AFRDN2KXX,01KFEV37CWX6SQYA0RPR0C01MW,2026-01-20T23:28:36.951351508Z,,,01KFEV37DAAK9E08F076WKMM6J,2026-01-20T23:28:36.951351508Z,,,01KFEVGWWQWT7BAZNJDAAA325H,2026-01-20T23:28:36.951351508Z,01KFEVRWRG1NX0K3PTAJAQYB2F,2026-01-20T23:28:36.951351508Z,01KFEVRWXT0NGY24T48FKKPW5E,2026-01-20T23:28:36.951351508Z,true,2026-01-20T23:28:41.4359449Z
01KFEWHNTPH7PMH1RVPDJH5MGR,01KFEVMNF44NEM58ETFST7KTWM,2026-01-20T23:41:25.718565469Z,true,2026-01-20T23:41:35.412503066Z,01KFEVMNHFNDCGHX9QBBFN387E,2026-01-20T23:41:25.718565469Z,0,2026-01-20T23:41:33.361899777Z,01KFEW6A5E0ZVTNJ585Y831423,2026-01-20T23:41:25.718565469Z,01KFEWEZWCJ6XC69DY4G0F5CGG,2026-01-20T23:41:25.718565469Z,01KFEWF06VDFD5P7Y49JXP32F5,2026-01-20T23:41:25.718565469Z,true,2026-01-20T23:41:38.414920287Z
01KFEVKRR6SPB8XFY58871FE9B,01KFEV384BJYC62Y0E6AQK09K8,2026-01-20T23:25:05.670785633Z,,,01KFEV384Y33BFECW27AH8GSGD,2026-01-20T23:25:05.670785633Z,,,01KFEVF34Y0A3VWJYX9367Q9EA,2026-01-20T23:25:05.670785633Z,01KFEVHAPDQ8SED7WGPAM28VFT,2026-01-20T23:25:05.670785633Z,01KFEVHATNNK0EA5FJKE6J9S8K,2026-01-20T23:25:05.670785633Z,true,2026-01-20T23:25:07.951913428Z
01KFEVRBSWZ0E08PV3R70BSRAP,01KFEV37CWX6SQYA0RPR0C01MW,2026-01-20T23:27:36.252528056Z,,,01KFEV37DE991T271V0NJ5BY6K,2026-01-20T23:27:36.252528056Z,,,01KFEV7RE3Q2MQ5NN8AGQ7Y4PK,2026-01-20T23:27:36.252528056Z,01KFEVJEKDM335WE8XZ2Y7WT1T,2026-01-20T23:27:36.252528056Z,01KFEVJER5TPTJJDYMVJGSPV6N,2026-01-20T23:27:36.252528056Z,true,2026-01-20T23:27:40.720133553Z
01KFEVS57V6GTT6R68PF6QB0FG,01KFEV37PBC6DGWCX0HT0QWYJR,2026-01-20T23:28:02.299187444Z,,,01KFEV37PYV9HETXX2PSGE1RKD,2026-01-20T23:28:02.299187444Z,,,01KFEV8PSQBX7P1ARFP0SDDW57,2026-01-20T23:28:02.299187444Z,01KFEVKCNNC4194XQX6PJZM5B6,2026-01-20T23:28:02.299187444Z,01KFEVKCYMTD9ZNW68P13V3YQA,2026-01-20T23:28:02.299187444Z,true,2026-01-20T23:28:04.305636694Z
01KFEVSKKWE81T8W0PGFBBN6PX,01KFEVMN9Q125N5N16W4WNYJXF,2026-01-20T23:28:17.020605592Z,,,01KFEVMNB841AFDZFM4WSW4FTD,2026-01-20T23:28:17.020605592Z,,,01KFEVB2WK99SDZDFQAW6KYB9M,2026-01-20T23:28:17.020605592Z,01KFEVPNG6JB6DZSQZ5HM4GVS7,2026-01-20T23:28:17.020605592Z,01KFEVPNNV1X8518KEC9FER46C,2026-01-20T23:28:17.020605592Z,true,2026-01-20T23:28:21.549314096Z
01KFEWBNAX6QPJGVPRY1GN7ZW1,01KFEV38GJVYY8P8B7QXSW6BTE,2026-01-20T23:38:08.605477515Z,true,2026-01-20T23:38:20.578816859Z,01KFEV38H8T2V9428VC9T7MEBA,2026-01-20T23:38:08.605477515Z,7,2026-01-20T23:38:16.090900493Z,01KFEW5BKPC6PA6AD6TVFX3GTH,2026-01-20T23:38:08.605477515Z,01KFEWB93MZQQNSF35K2S15HQV,2026-01-20T23:38:08.605477515Z,01KFEWB98F24D6GFJ7N22V1HEG,2026-01-20T23:38:08.605477515Z,true,2026-01-20T23:38:23.580143969Z
01KFEW3KWGW3GS7YH1PDR5HV1T,01KFEV384BJYC62Y0E6AQK09K8,2026-01-20T23:33:44.976594854Z,,,01KFEV385166A8JYCZ9G4DMHRQ,2026-01-20T23:33:44.976594854Z,,,01KFEVWH8M80FFRA88HYSK2ZSQ,2026-01-20T23:33:44.976594854Z,01KFEW1AK7NCGSKANQ48AN6V23,2026-01-20T23:33:44.976594854Z,01KFEW1AX0B1KBN211X9ZE8BX0,2026-01-20T23:33:44.976594854Z,true,2026-01-20T23:33:46.779316682Z
01KFEVCNR5CQE95ENRGNVE2VM4,01KFEV2BZFDRZBG3Y0249RG1TW,2026-01-20T23:21:13.221573563Z,,,01KFEV2C0CP35QE41ZMH45J8TZ,2026-01-20T23:21:13.221573563Z,,2026-01-20T23:21:43.036997832Z,01KFEV7TATT805MEJDGTCA5NFM,2026-01-20T23:21:13.221573563Z,01KFEVB8FPPEBGT93HPZRSG1EY,2026-01-20T23:21:13.221573563Z,01KFEVB8H7ZNRAVFT7DK6V1GBW,2026-01-20T23:21:13.221573563Z,,
01KFEVH78W497ZRPN3XFMTYQ35,01KFEV2BZFDRZBG3Y0249RG1TW,2026-01-20T23:23:42.236799245Z,true,2026-01-20T23:23:51.245373092Z,01KFEV2C0CP35QE41ZMH45J8TZ,2026-01-20T23:23:42.236799245Z,20,2026-01-20T23:23:50.02302639Z,01KFEV7TATT805MEJDGTCA5NFM,2026-01-20T23:23:42.236799245Z,01KFEVB8GASGJN0SSP4XXA8YGN,2026-01-20T23:23:42.236799245Z,01KFEVB8S3DSPTSG8ECCVZ54F7,2026-01-20T23:23:42.236799245Z,true,2026-01-20T23:23:54.256928812Z
01KFEW4NW7C53SFJVPZ4FZNPV6,01KFEV37PBC6DGWCX0HT0QWYJR,2026-01-20T23:34:19.7830875Z,,,01KFEV37Q0WSYAYKWHM2EXN0DN,2026-01-20T23:34:19.7830875Z,,,01KFEVWYACX0Z3X7HHHK5DSTDD,2026-01-20T23:34:19.7830875Z,01KFEW0GBGGRN4S29QNK2SQ6YM,2026-01-20T23:34:19.7830875Z,01KFEW0GR0R0TT4TBHGHYQS5ZY,2026-01-20T23:34:19.7830875Z,true,2026-01-20T23:34:21.000512318Z
01KFEW7HG3TGG21VCDSAEM1K9Y,01KFEVMN9Q125N5N16W4WNYJXF,2026-01-20T23:35:53.604002784Z,,,01KFEVMNBC23RB4D79KEQ4G0VS,2026-01-20T23:35:53.604002784Z,,,01KFEVX608THP5F5HX3GYF0X1K,2026-01-20T23:35:53.604002784Z,01KFEW3VMQYCSWHG0ZVBJSS31E,2026-01-20T23:35:53.604002784Z,01KFEW3W3KHX2CJFRATHW62KJR,2026-01-20T23:35:53.604002784Z,true,2026-01-20T23:35:55.042455296Z
01KFEVJN1ZYGZPJDFM31R1G9S8,01KFEV384BJYC62Y0E6AQK09K8,2026-01-20T23:24:29.11929143Z,,,01KFEV384Y33BFECW27AH8GSGD,2026-01-20T23:24:29.11929143Z,,,01KFEVCQTYNZYE4TGA9WFYBM2V,2026-01-20T23:24:29.11929143Z,01KFEVHANVAXDMRTQWSCF4AN6J,2026-01-20T23:24:29.11929143Z,01KFEVHARSG2TB0NC8PTJ0V1ST,2026-01-20T23:24:29.11929143Z,true,2026-01-20T23:24:32.568372633Z
01KFEVND506320MV6DNVQ0B5AK,01KFEV377XDCWB0CVW0E7ES8WB,2026-01-20T23:25:59.328328126Z,,,01KFEV378H0PY96RNMJTMM0E4X,2026-01-20T23:25:59.328328126Z,,,01KFEV8TC8AZEPV3G36SCZ12C3,2026-01-20T23:25:59.328328126Z,01KFEVFBCAGNBZPQ8S80FVD5F6,2026-01-20T23:25:59.328328126Z,01KFEVFBJM825RK5TAGDE0GGZX,2026-01-20T23:25:59.328328126Z,true,2026-01-20T23:26:01.588996782Z
01KFEVS1ZQ6900Q6HZJNMTF5X2,01KFEV37CWX6SQYA0RPR0C01MW,2026-01-20T23:27:58.967951915Z,,,01KFEV37DE991T271V0NJ5BY6K,2026-01-20T23:27:58.967951915Z,,,01KFEV7RE3Q2MQ5NN8AGQ7Y4PK,2026-01-20T23:27:58.967951915Z,01KFEVJEKGMYFZA2VJEASABFYY,2026-01-20T23:27:58.967951915Z,01KFEVJERWS4KMCGPST6KJ8QQ4,2026-01-20T23:27:58.967951915Z,true,2026-01-20T23:28:01.70726033Z
01KFEVTTCYMAM520NF2F1ZEVEZ,01KFEV37PBC6DGWCX0HT0QWYJR,2026-01-20T23:28:56.734559891Z,,,01KFEV37PV76WD06T50QFKE80T,2026-01-20T23:28:56.734559891Z,,,01KFEVH5DDXBKC32H7RGDZYG1X,2026-01-20T23:28:56.734559891Z,01KFEVS2Z9EQT2Y1JNWRXDGX7J,2026-01-20T23:28:56.734559891Z,01KFEVS345QSDN728AM6R7ANVS,2026-01-20T23:28:56.734559891Z,true,2026-01-20T23:28:59.634105114Z
01KFEVVKC2FW8HA3ZXQHVE8YJ3,01KFEVMN9Q125N5N16W4WNYJXF,2026-01-20T23:29:22.306563141Z,,,01KFEVMNB841AFDZFM4WSW4FTD,2026-01-20T23:29:22.306563141Z,,,01KFEVB2WK99SDZDFQAW6KYB9M,2026-01-20T23:29:22.306563141Z,01KFEVPNJ4WB4QFFFKRAV84BFG,2026-01-20T23:29:22.306563141Z,01KFEVPNVMS03NKT89Q2X4RS6N,2026-01-20T23:29:22.306563141Z,true,2026-01-20T23:29:25.104819002Z
01KFEWJAXBWTRQX8A99F8HGBY1,01KFEVMN9Q125N5N16W4WNYJXF,2026-01-20T23:41:47.307144425Z,,,01KFEVMNAWK7WRWM1AMQZKX6SA,2026-01-20T23:41:47.307144425Z,,,01KFEW4NGJQK3SC6VDT657XA1V,2026-01-20T23:41:47.307144425Z,01KFEWE8WVX74TZ8PTSRYVZGQG,2026-01-20T23:41:47.307144425Z,01KFEWE9EVD1ERZ941BWQN4F7H,2026-01-20T23:41:47.307144425Z,true,2026-01-20T23:41:48.062637826Z
01KFEVVYCAR2XJ3ERAF0BEA7ZS,01KFEV38A01XZ4DPRPFKRE96P8,2026-01-20T23:29:33.578201589Z,,,01KFEV38AJ2CFPYBQZ58NH0V5J,2026-01-20T23:29:33.578201589Z,,,01KFEVE55BQ40NXX8QW3R5RX0T,2026-01-20T23:29:33.578201589Z,01KFEVJWSCTHEQ0RQN66MYHJP0,2026-01-20T23:29:33.578201589Z,01KFEVJX03YHF6NBFSDCK0DV26,2026-01-20T23:29:33.578201589Z,true,2026-01-20T23:29:36.468326297Z
01KFEW9516T0ZNV2KSWEE8JB4G,01KFEVMNF44NEM58ETFST7KTWM,2026-01-20T23:36:46.374131876Z,,,01KFEVMNH60E845G0BNN18WWCX,2026-01-20T23:36:46.374131876Z,,,01KFEVT25T940Z2TG7G91WJBKE,2026-01-20T23:36:46.374131876Z,01KFEW7PPS3WY56P8146ET606Q,2026-01-20T23:36:46.374131876Z,01KFEW7PVGGVWCZR9F8YWTV2J0,2026-01-20T23:36:46.374131876Z,,
01KFEVH0TR1FQ77X91N0T1EH6J,01KFEV377XDCWB0CVW0E7ES8WB,2026-01-20T23:23:35.640099109Z,true,2026-01-20T23:23:44.877399312Z,01KFEV378PDZP87HXSESW6BA01,2026-01-20T23:23:35.640099109Z,10,2026-01-20T23:23:42.209806254Z,01KFEV6V20FH8Q8TGZN4SVCF5R,2026-01-20T23:23:35.640099109Z,01KFEVF1Q29ZX430FYZMCC884K,2026-01-20T23:23:35.640099109Z,01KFEVF1W9STJGRNY93RG1QJ48,2026-01-20T23:23:35.640099109Z,true,2026-01-20T23:23:48.051965046Z
01KFEVN1T3KCR6GNSBTG3T7SJ3,01KFEV37PBC6DGWCX0HT0QWYJR,2026-01-20T23:25:47.715618922Z,,,01KFEV37PYV9HETXX2PSGE1RKD,2026-01-20T23:25:47.715618922Z,,,01KFEVDMPGK2KG6CGRXX80WQ5A,2026-01-20T23:25:47.715618922Z,01KFEVKCMTAFBEY86Z8E6DFH9P,2026-01-20T23:25:47.715618922Z,01KFEVKCQ0PVWGD56KC9DNHZJE,2026-01-20T23:25:47.715618922Z,true,2026-01-20T23:25:53.163094822Z
01KFEVNGQHAXDWSN5JB3W0WEJX,01KFEV37PBC6DGWCX0HT0QWYJR,2026-01-20T23:26:02.993055061Z,,,01KFEV37PYV9HETXX2PSGE1RKD,2026-01-20T23:26:02.993055061Z,,,01KFEVDMPGK2KG6CGRXX80WQ5A,2026-01-20T23:26:02.993055061Z,01KFEVKCMMB045AMAJBPJ2G93R,2026-01-20T23:26:02.993055061Z,01KFEVKCQWKZG726P55K4SV233,2026-01-20T23:26:02.993055061Z,true,2026-01-20T23:26:05.523041279Z
01KFEW5T918PMHV0DKHME6WXPW,01KFEV38GJVYY8P8B7QXSW6BTE,2026-01-20T23:34:57.057921932Z,true,2026-01-20T23:35:08.494695924Z,01KFEV38H48T18ZRM15RETR33C,2026-01-20T23:34:57.057921932Z,17,2026-01-20T23:35:06.684267353Z,01KFEVVPVMNR90RS0DGAX989B7,2026-01-20T23:34:57.057921932Z,01KFEW2K56P3AGBJZAEKF6M147,2026-01-20T23:34:57.057921932Z,01KFEW2KCDHCHW3JMS8JTGSP60,2026-01-20T23:34:57.057921932Z,true,2026-01-20T23:35:11.511137661Z
01KFEW6WRSHHDBF96M46A4DSDD,01KFEV38GJVYY8P8B7QXSW6BTE,2026-01-20T23:35:32.37715588Z,,,01KFEV38H48T18ZRM15RETR33C,2026-01-20T23:35:32.37715588Z,,,01KFEVVPVMNR90RS0DGAX989B7,2026-01-20T23:35:32.37715588Z,01KFEW2K50274SV4EXHZVPC5W8,2026-01-20T23:35:32.37715588Z,01KFEW2KDHGW1VHKYGRVP02XRT,2026-01-20T23:35:32.37715588Z,true,2026-01-20T23:35:34.723762634Z
01KFEWY10D1WN1DD3XD2TC5WA0,01KFEV38GJVYY8P8B7QXSW6BTE,2026-01-20T23:48:10.381086296Z,,,01KFEV38H0S2Y42XZDBCZ2KPGY,2026-01-20T23:48:10.381086296Z,,,01KFEWA3ZKFQRVCEG62F0BJCT3,2026-01-20T23:48:10.381086296Z,01KFEWVM8J6QS2ST8TXJA668EN,2026-01-20T23:48:10.381086296Z,01KFEWVMQXA2N7054ZJS1MA6VP,2026-01-20T23:48:10.381086296Z,true,2026-01-20T23:48:12.998894195Z
01KFEVJYQSEJYBT106CT8KT4NX,01KFEV37CWX6SQYA0RPR0C01MW,2026-01-20T23:24:39.033094555Z,,,01KFEV37DE991T271V0BRDHRJW,2026-01-20T23:24:39.033094555Z,,,01KFEVBZC2S6960QVT8J14HPMN,2026-01-20T23:24:39.033094555Z,01KFEVGBCPPHTMKKS8W8BM1ZBN,2026-01-20T23:24:39.033094555Z,01KFEVGBFW8APHK7N7XMDVCVJE,2026-01-20T23:24:39.033094555Z,true,2026-01-20T23:24:42.378996438Z
01KFEVM4T0SB599CP5G67MEP09,01KFEV377XDCWB0CVW0E7ES8WB,2026-01-20T23:25:18.016386473Z,,,01KFEV378H0PY96RNMJFNCN7TE,2026-01-20T23:25:18.016386473Z,,,01KFEV86DXXGMH25YQ8QC6JEB7,2026-01-20T23:25:18.016386473Z,01KFEVEHGG1SXX423P9GYCADRZ,2026-01-20T23:25:18.016386473Z,01KFEVEHSW7Q9P3R9WQTBP4KWB,2026-01-20T23:25:18.016386473Z,true,2026-01-20T23:25:19.078428632Z
01KFEVPDXC4486452F2RG1P21J,01KFEV38A01XZ4DPRPFKRE96P8,2026-01-20T23:26:32.876791238Z,,,01KFEV38AJ2CFPYBQZ58NH0V5J,2026-01-20T23:26:32.876791238Z,,,01KFEVB815BQW2TQ29HHMDQ2FB,2026-01-20T23:26:32.876791238Z,01KFEVJWRSS59EY80VVB66B760,2026-01-20T23:26:32.876791238Z,01KFEVJWW06FD2H07VSBMYE9H1,2026-01-20T23:26:32.876791238Z,true,2026-01-20T23:26:34.986268414Z
01KFEW3QS08YMRB6XWQF1FPKZG,01KFEV384BJYC62Y0E6AQK09K8,2026-01-20T23:33:48.960140392Z,true,2026-01-20T23:33:54.173900843Z,01KFEV385166A8JYCZ9G4DMHRQ,2026-01-20T23:33:48.960140392Z,19,2026-01-20T23:33:52.317574528Z,01KFEVY502SJ2FK1Q7WFM0PHB4,2026-01-20T23:33:48.960140392Z,01KFEW1AJZPPPE7Z0G8BBR056M,2026-01-20T23:33:48.960140392Z,01KFEW1AY89RPCCQK9FRK79836,2026-01-20T23:33:48.960140392Z,true,2026-01-20T23:33:57.18129751Z
01KFEWGJK2GQKRNR222K1N32EB,01KFEV38A01XZ4DPRPFKRE96P8,2026-01-20T23:40:49.634540332Z,,,01KFEV38AJ2CFPYBQZ5JKK7PV4,2026-01-20T23:40:49.634540332Z,,,01KFEW61CSGZMFE4TZ96QA9A06,2026-01-20T23:40:49.634540332Z,01KFEW9RP7W5QZSAE6HSN0A735,2026-01-20T23:40:49.634540332Z,01KFEW9SC1F54RM90W05G753GR,2026-01-20T23:40:49.634540332Z,true,2026-01-20T23:40:50.726831773Z
01KFEWJCV10N2HZN6CFZ90Q1JY,01KFEVMN9Q125N5N16W4WNYJXF,2026-01-20T23:41:49.281184684Z,,,01KFEVMNAWK7WRWM1AMQZKX6SA,2026-01-20T23:41:49.281184684Z,,,01KFEW3YJBR4HT7BADWRSVJQV5,2026-01-20T23:41:49.281184684Z,01KFEWE8SBE46A3537VBKT9R9F,2026-01-20T23:41:49.281184684Z,01KFEWE9G6E5C1CV0BXAPSX8CW,2026-01-20T23:41:49.281184684Z,true,2026-01-20T23:41:49.756813336Z
01KFEWXWF58BTD3E7BG5Q9MGMW,01KFEV38GJVYY8P8B7QXSW6BTE,2026-01-20T23:48:05.733672617Z,,,01KFEV38H0S2Y42XZDBCZ2KPGY,2026-01-20T23:48:05.733672617Z,,,01KFEWA3ZKFQRVCEG62F0BJCT3,2026-01-20T23:48:05.733672617Z,01KFEWVM889E015ABS9SG4J3H3,2026-01-20T23:48:05.733672617Z,01KFEWVMNSTFZVXQA65Y0D4E0C,2026-01-20T23:48:05.733672617Z,true,2026-01-20T23:48:07.788966088Z
01KFEVCTT402DYKMVKR8M06VGG,01KFEV2BZFDRZBG3Y0249RG1TW,2026-01-20T23:21:18.404811792Z,,,01KFEV2C0EQZAQP8AFWFARX9S3,2026-01-20T23:21:18.404811792Z,,,01KFEV6PVNKNKPXT116BVCM3W4,2026-01-20T23:21:18.404811792Z,01KFEVCJJ5D5JFKFHHY6M7CQMN,2026-01-20T23:21:18.404811792Z,01KFEVCJKS3R8S4MYF441ECPWN,2026-01-20T23:21:18.404811792Z,,
01KFEVN8T0PPEFS4J1KRP59C18,01KFEV377XDCWB0CVW0E7ES8WB,2026-01-20T23:25:54.881120517Z,,,01KFEV378FNG971PBW7B2SPNC6,2026-01-20T23:25:54.881120517Z,,,01KFEVCRBGBMN5MZZVZA8FPX1Z,2026-01-20T23:25:54.881120517Z,01KFEVJNRJZH5GPQKMH4ZHTKNX,2026-01-20T23:25:54.881120517Z,01KFEVJNYGN53QBWR5M6THB8AX,2026-01-20T23:25:54.881120517Z,true,2026-01-20T23:25:57.382518819Z
01KFEVVYCEY63HQ0GQQ73WFXNT,01KFEV38A01XZ4DPRPFKRE96P8,2026-01-20T23:29:33.582566409Z,,,01KFEV38AJ2CFPYBQZ58NH0V5J,2026-01-20T23:29:33.582566409Z,,,01KFEVB815BQW2TQ29HHMDQ2FB,2026-01-20T23:29:33.582566409Z,01KFEVJWSCTHEQ0RQN66MYHJP0,2026-01-20T23:29:33.582566409Z,01KFEVJX03YHF6NBFSDCK0DV26,2026-01-20T23:29:33.582566409Z,true,2026-01-20T23:29:36.419957968Z
01KFEW1YHA3MV8KRPT91BBKP5H,01KFEV37PBC6DGWCX0HT0QWYJR,2026-01-20T23:32:50.346094322Z,,,01KFEV37Q0WSYAYKWHM2EXN0DN,2026-01-20T23:32:50.346094322Z,,,01KFEVWYACX0Z3X7HHHK5DSTDD,2026-01-20T23:32:50.346094322Z,01KFEW0G95HGEBJ66PJEE5BWT0,2026-01-20T23:32:50.346094322Z,01KFEW0GDY8ADY90DYMF0V5TWM,2026-01-20T23:32:50.346094322Z,true,2026-01-20T23:32:52.362920555Z
01KFEWDET27MQGKJW2238HTJQ1,01KFEV384BJYC62Y0E6AQK09K8,2026-01-20T23:39:07.458468319Z,,,01KFEV384Z68A1Z7ZGWS1GDSZK,2026-01-20T23:39:07.458468319Z,,,01KFEW2C8HX8QQZV0FHE0EMNPN,2026-01-20T23:39:07.458468319Z,01KFEW9NFJC2J34XYTRA892WKP,2026-01-20T23:39:07.458468319Z,01KFEW9NW41493FV00J453CM7S,2026-01-20T23:39:07.458468319Z,true,2026-01-20T23:39:11.00331248Z
01KFEWJ93D3BEQ4VSX4SNVZ8W7,01KFEVMNF44NEM58ETFST7KTWM,2026-01-20T23:41:45.454030527Z,,,01KFEVMNHFNDCGHX9QBBFN387E,2026-01-20T23:41:45.454030527Z,,,01KFEW78ZH0TY6JQ9J3GJMR3E3,2026-01-20T23:41:45.454030527Z,01KFEWEZXNEDY2H8JE28VJABXP,2026-01-20T23:41:45.454030527Z,01KFEWF09S6CXYAG3DP1R0WSXS,2026-01-20T23:41:45.454030527Z,true,2026-01-20T23:41:48.924322752Z
01KFEVV3YRDD5KT0GJWKFQ26CW,01KFEVMN9Q125N5N16W4WNYJXF,2026-01-20T23:29:06.52091997Z,,,01KFEVMNB841AFDZFM4WSW4FTD,2026-01-20T23:29:06.52091997Z,,,01KFEVB2WK99SDZDFQAW6KYB9M,2026-01-20T23:29:06.52091997Z,01KFEVPNH13GY2X6WR8TVJ5EYS,2026-01-20T23:29:06.52091997Z,01KFEVPNTFR6X4VNRFD3WW0182,2026-01-20T23:29:06.52091997Z,true,2026-01-20T23:29:08.257188727Z
01KFEW70M22X2Y2BKXE4ZEG8WP,01KFEV38GJVYY8P8B7QXSW6BTE,2026-01-20T23:35:36.322959323Z,,,01KFEV38H48T18ZRM15RETR33C,2026-01-20T23:35:36.322959323Z,,,01KFEVVPVMNR90RS0DGAX989B7,2026-01-20T23:35:36.322959323Z,01KFEW2K4T9ZM0JTDKSTWX94KF,2026-01-20T23:35:36.322959323Z,01KFEW2KERS4XNN4ERBF1E86V8,2026-01-20T23:35:36.322959323Z,true,2026-01-20T23:35:38.090877999Z
01KFEWEK5VG5XRQVBP3DCVYDBR,01KFEV38GJVYY8P8B7QXSW6BTE,2026-01-20T23:39:44.699744378Z,,,01KFEV38H8T2V9428VC9T7MEBA,2026-01-20T23:39:44.699744378Z,,,01KFEW5105FT4T963R9Z6AZ67Y,2026-01-20T23:39:44.699744378Z,01KFEWB95D8TYSSW9F9S79CQD8,2026-01-20T23:39:44.699744378Z,01KFEWB9H9AGZX8FVSF7SM82WX,2026-01-20T23:39:44.699744378Z,true,2026-01-20T23:39:46.577568723Z
01KFEVWG2V8MNPAWV3FGZYM9QY,01KFEV37CWX6SQYA0RPR0C01MW,2026-01-20T23:29:51.707215091Z,,,01KFEV37DAAK9E08F076WKMM6J,2026-01-20T23:29:51.707215091Z,,,01KFEVH10BYAXDVW828R4A2D8P,2026-01-20T23:29:51.707215091Z,01KFEVRWSFA1JEJGM44RM12CEB,2026-01-20T23:29:51.707215091Z,01KFEVRX1YWEFN69BCG4MYHJC2,2026-01-20T23:29:51.707215091Z,true,2026-01-20T23:29:57.114189171Z
01KFEW72VMANBNGGSC7SJ9S0FE,01KFEV38A01XZ4DPRPFKRE96P8,2026-01-20T23:35:38.612980709Z,,,01KFEV38AHTHHCNTDGHAJN0GXG,2026-01-20T23:35:38.612980709Z,,,01KFEVW5WA494MRXETJ2N5XX03,2026-01-20T23:35:38.612980709Z,01KFEW29YWMS8SG0HY124EQM4K,2026-01-20T23:35:38.612980709Z,01KFEW2AANSKRX4C17SPCZD92R,2026-01-20T23:35:38.612980709Z,true,2026-01-20T23:35:41.79737319Z
01KFEVEBBP2G1JNPJS57SWHYWF,01KFEV2BZFDRZBG3Y0249RG1TW,2026-01-20T23:22:08.118372466Z,,,01KFEV2C0CP35QE41ZMH45J8TZ,2026-01-20T23:22:08.118372466Z,,,01KFEV7TATT805MEJDGTCA5NFM,2026-01-20T23:22:08.118372466Z,01KFEVB8FXXCDX812QY32514FB,2026-01-20T23:22:08.118372466Z,01KFEVB8KF4KEJS9Y7S0MBCPY6,2026-01-20T23:22:08.118372466Z,true,2026-01-20T23:22:19.445871692Z
01KFEVHBY4PA49CVS2HRJYDT7W,01KFEV384BJYC62Y0E6AQK09K8,2026-01-20T23:23:47.012182926Z,,,01KFEV384Y33BFECW27AH8GSGD,2026-01-20T23:23:47.012182926Z,,,01KFEVF34Y0A3VWJYX9367Q9EA,2026-01-20T23:23:47.012182926Z,01KFEVHAPAY4FNYD6E80QRSW86,2026-01-20T23:23:47.012182926Z,01KFEVHAQEKP16HBBAGW5FF6ZD,2026-01-20T23:23:47.012182926Z,true,2026-01-20T23:23:50.92295359Z
01KFEVP0405W1CWTTS3XZ1DRRC,01KFEV377XDCWB0CVW0E7ES8WB,2026-01-20T23:26:18.752548891Z,,,01KFEV378FNG971PBW7B2SPNC6,2026-01-20T23:26:18.752548891Z,,,01KFEV82H962BNCCRXPB524628,2026-01-20T23:26:18.752548891Z,01KFEVJNR9280S2KWAWZH5CR01,2026-01-20T23:26:18.752548891Z,01KFEVJP0GK13BHPZZM9KX3YZQ,2026-01-20T23:26:18.752548891Z,true,2026-01-20T23:26:20.034160813Z
01KFEVR34ED35EEA2S58VBBRSA,01KFEVMN9Q125N5N16W4WNYJXF,2026-01-20T23:27:27.374139759Z,,,01KFEVMNB841AFDZFM4WSW4FTD,2026-01-20T23:27:27.374139759Z,,,01KFEVC3J7JCZ73BZAKH9RH61D,2026-01-20T23:27:27.374139759Z,01KFEVPNFZCX04WK3RJCDA9DSA,2026-01-20T23:27:27.374139759Z,01KFEVPNKR1H3FKWS04ENFA62F,2026-01-20T23:27:27.374139759Z,true,2026-01-20T23:27:41.397015507Z
01KFEVSR7BW2VYY6DVPZ53ZJ87,01KFEVMN9Q125N5N16W4WNYJXF,2026-01-20T23:28:21.739858798Z,,,01KFEVMNB841AFDZFM4WSW4FTD,2026-01-20T23:28:21.739858798Z,,,01KFEVB2WK99SDZDFQAW6KYB9M,2026-01-20T23:28:21.739858798Z,01KFEVPNGCECZWPB3GP3PH5NGX,2026-01-20T23:28:21.739858798Z,01KFEVPNPH96H4K7P7B26CHHMD,2026-01-20T23:28:21.739858798Z,true,2026-01-20T23:28:25.659887704Z
01KFEVV9G3ME036DG2NQ8PTN6E,01KFEV37PBC6DGWCX0HT0QWYJR,2026-01-20T23:29:12.19560157Z,,,01KFEV37PV76WD06T50QFKE80T,2026-01-20T23:29:12.19560157Z,,,01KFEVJMQNGBVWZMGKK0EQB935,2026-01-20T23:29:12.19560157Z,01KFEVS2ZS0Q9JMWBXYXR9JRBV,2026-01-20T23:29:12.19560157Z,01KFEVS36Y6SRK7DP7W4NPRPVW,2026-01-20T23:29:12.19560157Z,true,2026-01-20T23:29:15.899724497Z
01KFEWDPSZ69FYBZ14QAPV9WGS,01KFEV38A01XZ4DPRPFKRE96P8,2026-01-20T23:39:15.647251236Z,,,01KFEV38AJ2CFPYBQZ5JKK7PV4,2026-01-20T23:39:15.647251236Z,,,01KFEW2CHJQZ9TDCN78BA2VKEM,2026-01-20T23:39:15.647251236Z,01KFEW9RRQZJ10JQ2H4R3MFBWJ,2026-01-20T23:39:15.647251236Z,01KFEW9S0C88NVSKJGVHYJHK5A,2026-01-20T23:39:15.647251236Z,true,2026-01-20T23:39:18.999310134Z
01KFEWYAGRJ8WRCDFN5TQK6WWS,01KFEV38GJVYY8P8B7QXSW6BTE,2026-01-20T23:48:20.120683583Z,true,2026-01-20T23:48:26.282599474Z,01KFEV38H0S2Y42XZDBCZ2KPGY,2026-01-20T23:48:20.120683583Z,0,2026-01-20T23:48:24.499157177Z,01KFEWA3ZKFQRVCEG62F0BJCT3,2026-01-20T23:48:20.120683583Z,01KFEWVM8TZBQMYHEAZT7F552E,2026-01-20T23:48:20.120683583Z,01KFEWVMT9H0T9XR5DTVVNRN37,2026-01-20T23:48:20.120683583Z,true,2026-01-20T23:48:29.290184221Z
01KFEVGZZZP8C5BVSSF2S78BR8,01KFEV2BZFDRZBG3Y0249RG1TW,2026-01-20T23:23:34.783703982Z,,,01KFEV2C0CP35QE41ZMH45J8TZ,2026-01-20T23:23:34.783703982Z,,,01KFEV4PQ8V0QGQVX4KK2FPFJR,2026-01-20T23:23:34.783703982Z,01KFEVB8G9DDYT4Z9WGS4751MR,2026-01-20T23:23:34.783703982Z,01KFEVB8RN38R1JX4F4RYXS6TZ,2026-01-20T23:23:34.783703982Z,true,2026-01-20T23:23:36.65941466Z
01KFEVJ3K3Q0AGR3XM4081E2GG,01KFEV377XDCWB0CVW0E7ES8WB,2026-01-20T23:24:11.235099649Z,,,01KFEV378PDZP87HXSESW6BA01,2026-01-20T23:24:11.235099649Z,,,01KFEV6V20FH8Q8TGZN4SVCF5R,2026-01-20T23:24:11.235099649Z,01KFEVF1PYG8S0P7M884KS249T,2026-01-20T23:24:11.235099649Z,01KFEVF1WWFVRXTTJ6VSPJ0A63,2026-01-20T23:24:11.235099649Z,true,2026-01-20T23:24:14.090110606Z
01KFEVS7FJ7J3XD6W73FDWXHZ6,01KFEV37PBC6DGWCX0HT0QWYJR,2026-01-20T23:28:04.594540442Z,,,01KFEV37PYV9HETXX2PSGE1RKD,2026-01-20T23:28:04.594540442Z,,,01KFEVDMPGK2KG6CGRXX80WQ5A,2026-01-20T23:28:04.594540442Z,01KFEVKCMQT7S1XG51JFN48N08,2026-01-20T23:28:04.594540442Z,01KFEVKCZ686SAR29T6QZTRJEK,2026-01-20T23:28:04.594540442Z,true,2026-01-20T23:28:06.175151156Z
01KFEW2G6M8T3KC8DGWC2YNA6Y,01KFEV37PBC6DGWCX0HT0QWYJR,2026-01-20T23:33:08.436958542Z,,,01KFEV37Q0WSYAYKWHM2EXN0DN,2026-01-20T23:33:08.436958542Z,,,01KFEVWXXVHBHP5S1AZQQ4JZFK,2026-01-20T23:33:08.436958542Z,01KFEW0G9JQ4V4CCAST3DCAZYQ,2026-01-20T23:33:08.436958542Z,01KFEW0GH2QVKYVVCRNSF5MQ79,2026-01-20T23:33:08.436958542Z,true,2026-01-20T23:33:11.774542648Z
01KFEW463RDGARA3E61E77N1YC,01KFEV37PBC6DGWCX0HT0QWYJR,2026-01-20T23:34:03.640621828Z,true,2026-01-20T23:34:10.537419927Z,01KFEV37Q0WSYAYKWHM2EXN0DN,2026-01-20T23:34:03.640621828Z,29,2026-01-20T23:34:09.221962972Z,01KFEVWXXVHBHP5S1AZQQ4JZFK,2026-01-20T23:34:03.640621828Z,01KFEW0GBS72KYHGYA38PRV8M7,2026-01-20T23:34:03.640621828Z,01KFEW0GNQ44KPXMYHYRRQV8M3,2026-01-20T23:34:03.640621828Z,true,2026-01-20T23:34:13.542219598Z
01KFEWM1EBFXFW1N1PACDX3021,01KFEVMNF44NEM58ETFST7KTWM,2026-01-20T23:42:43.147434584Z,,,01KFEVMNHFNDCGHX9QBBFN387E,2026-01-20T23:42:43.147434584Z,,,01KFEW6A5E0ZVTNJ585Y831423,2026-01-20T23:42:43.147434584Z,01KFEWEZYP42AF5N6JACS5HZ97,2026-01-20T23:42:43.147434584Z,01KFEWF0FCSBNNMTKWT8V6R4G5,2026-01-20T23:42:43.147434584Z,true,2026-01-20T23:42:46.310548475Z
01KFEVBFGY1TQK9C4E3TKRC0X2,01KFEV2BZFDRZBG3Y0249RG1TW,2026-01-20T23:20:34.078171936Z,,,01KFEV2C08ND9C9BYW8N2T146P,2026-01-20T23:20:34.078171936Z,,,01KFEV4APCG117QZ1ZVXNKCJFC,2026-01-20T23:20:34.078171936Z,01KFEV992G0QHTRMA6CN52MSYK,2026-01-20T23:20:34.078171936Z,01KFEV999SAMGZ2WSCGD342J5B,2026-01-20T23:20:34.078171936Z,true,2026-01-20T23:20:35.782402041Z
01KFEVNHJ1WVZ552QR8A3R041G,01KFEV377XDCWB0CVW0E7ES8WB,2026-01-20T23:26:03.842026622Z,,,01KFEV378H0PY96RNMJTMM0E4X,2026-01-20T23:26:03.842026622Z,,,01KFEV8K48Q5MVC88J4XCQXRFY,2026-01-20T23:26:03.842026622Z,01KFEVFBCEAYV4KEWZF78ZTA1K,2026-01-20T23:26:03.842026622Z,01KFEVFBK5JPVQT2EDR0EDVK48,2026-01-20T23:26:03.842026622Z,true,2026-01-20T23:26:10.0938738Z
01KFEVP485E2MY1YNSMKMDDFJP,01KFEV37PBC6DGWCX0HT0QWYJR,2026-01-20T23:26:22.981951866Z,,,01KFEV37PYV9HETXX2PC055NBT,2026-01-20T23:26:22.981951866Z,,,01KFEV9QWYR4DNTS4QCCENEARJ,2026-01-20T23:26:22.981951866Z,01KFEVH48MPK9TCKTT31EZXW1C,2026-01-20T23:26:22.981951866Z,01KFEVH4GMAWAN9WWEV425MQ8M,2026-01-20T23:26:22.981951866Z,true,2026-01-20T23:26:24.809050828Z
01KFEVP5NBBDAF9A9WJ7ZR9EK0,01KFEV377XDCWB0CVW0E7ES8WB,2026-01-20T23:26:24.427774303Z,true,2026-01-20T23:26:29.694594223Z,01KFEV378FNG971PBW7B2SPNC6,2026-01-20T23:26:24.427774303Z,20,2026-01-20T23:26:27.816344257Z,01KFEV82H962BNCCRXPB524628,2026-01-20T23:26:24.427774303Z,01KFEVJNR6S4SX7KGTNEJ547G6,2026-01-20T23:26:24.427774303Z,01KFEVJP18STHVKWVWA64SYQHG,2026-01-20T23:26:24.427774303Z,true,2026-01-20T23:26:32.744934554Z
01KFEW4ANH6S47G2DKNHPF3B0Z,01KFEV384BJYC62Y0E6AQK09K8,2026-01-20T23:34:08.305966494Z,,,01KFEV385166A8JYCZ9G4DMHRQ,2026-01-20T23:34:08.305966494Z,,,01KFEVY502SJ2FK1Q7WFM0PHB4,2026-01-20T23:34:08.305966494Z,01KFEW1AJ55D8GCPXGH2ZM6TDK,2026-01-20T23:34:08.305966494Z,01KFEW1B1QJCVA3D63662SJNGQ,2026-01-20T23:34:08.305966494Z,true,2026-01-20T23:34:09.956789614Z
01KFEWDPSN0A6BDV0A6ZBQC9WS,01KFEV38A01XZ4DPRPFKRE96P8,2026-01-20T23:39:15.637669413Z,,,01KFEV38AJ2CFPYBQZ5JKK7PV4,2026-01-20T23:39:15.637669413Z,,,01KFEW61CSGZMFE4TZ96QA9A06,2026-01-20T23:39:15.637669413Z,01KFEW9RRQZJ10JQ2H4R3MFBWJ,2026-01-20T23:39:15.637669413Z,01KFEW9S0C88NVSKJGVHYJHK5A,2026-01-20T23:39:15.637669413Z,true,2026-01-20T23:39:17.878716652Z
01KFEVAT4YP0Z2ANKSCD7ZF9FY,01KFEV2BZFDRZBG3Y0249RG1TW,2026-01-20T23:20:12.19011319Z,,,01KFEV2C08ND9C9BYW8N2T146P,2026-01-20T23:20:12.19011319Z,,,01KFEV46YBCF5X09FCFJF4VDEY,2026-01-20T23:20:12.19011319Z,01KFEV992C5DA5CC9EBC041N3A,2026-01-20T23:20:12.19011319Z,01KFEV996W2GT7KCSMS15KN5KK,2026-01-20T23:20:12.19011319Z,true,2026-01-20T23:20:13.47796266Z
01KFEVG4WS4C01G3MRZ557PKPV,01KFEV2BZFDRZBG3Y0249RG1TW,2026-01-20T23:23:07.033722885Z,,,01KFEV2C0CP35QE41ZMH45J8TZ,2026-01-20T23:23:07.033722885Z,,,01KFEV4PQ8V0QGQVX4KK2FPFJR,2026-01-20T23:23:07.033722885Z,01KFEVB8G65XGTDB93SRCK5ATZ,2026-01-20T23:23:07.033722885Z,01KFEVB8PB7T5F0NK1SCF28WJZ,2026-01-20T23:23:07.033722885Z,true,2026-01-20T23:23:12.152076789Z
01KFEVKFRPVKAVKKYA54N32W6X,01KFEV377XDCWB0CVW0E7ES8WB,2026-01-20T23:24:56.470944135Z,,,01KFEV378H0PY96RNMJTMM0E4X,2026-01-20T23:24:56.470944135Z,,,01KFEV8TC8AZEPV3G36SCZ12C3,2026-01-20T23:24:56.470944135Z,01KFEVFBC4VT3BJNSHXYV9QVPD,2026-01-20T23:24:56.470944135Z,01KFEVFBHGJ4PWASYVFPKHFQZG,2026-01-20T23:24:56.470944135Z,true,2026-01-20T23:25:04.652149014Z
01KFEVKK0BS6VNZFETVFKNM35Q,01KFEV37PBC6DGWCX0HT0QWYJR,2026-01-20T23:24:59.787431441Z,,,01KFEV37PYV9HETXX2PC055NBT,2026-01-20T23:24:59.787431441Z,,,01KFEVBDY2YWN6DSFNFKRM8R9Z,2026-01-20T23:24:59.787431441Z,01KFEVH47ZBAPR4G4APH55JXTA,2026-01-20T23:24:59.787431441Z,01KFEVH4AFZSX788YRCXKJBBQA,2026-01-20T23:24:59.787431441Z,true,2026-01-20T23:25:05.739837292Z
01KFEVM90K2S9DWM86G213E0P5,01KFEV384BJYC62Y0E6AQK09K8,2026-01-20T23:25:22.323984884Z,true,2026-01-20T23:25:34.988338822Z,01KFEV384Y33BFECW27AH8GSGD,2026-01-20T23:25:22.323984884Z,17,2026-01-20T23:25:33.169095736Z,01KFEVCQTYNZYE4TGA9WFYBM2V,2026-01-20T23:25:22.323984884Z,01KFEVHAPNHDSTG2VZVHXASK93,2026-01-20T23:25:22.323984884Z,01KFEVHAWC6CN69W0DMKDXV6RB,2026-01-20T23:25:22.323984884Z,true,2026-01-20T23:25:37.996462591Z
01KFEVBFGTASWEJ96H2EXAQ4KE,01KFEV2BZFDRZBG3Y0249RG1TW,2026-01-20T23:20:34.074432203Z,,,01KFEV2C08ND9C9BYW8N2T146P,2026-01-20T23:20:34.074432203Z,,,01KFEV46YBCF5X09FCFJF4VDEY,2026-01-20T23:20:34.074432203Z,01KFEV992G0QHTRMA6CN52MSYK,2026-01-20T23:20:34.074432203Z,01KFEV999SAMGZ2WSCGD342J5B,2026-01-20T23:20:34.074432203Z,true,2026-01-20T23:20:35.678793155Z
01KFEVFN4K6W1V9NT2MXG1E4J0,01KFEV2BZFDRZBG3Y0249RG1TW,2026-01-20T23:22:50.899108739Z,,,01KFEV2C0CP35QE41ZMH45J8TZ,2026-01-20T23:22:50.899108739Z,,,01KFEV4PQ8V0QGQVX4KK2FPFJR,2026-01-20T23:22:50.899108739Z,01KFEVB8G4409FE3WHQBZQY7S4,2026-01-20T23:22:50.899108739Z,01KFEVB8MWVVZYCHY5NX771YGS,2026-01-20T23:22:50.899108739Z,true,2026-01-20T23:22:52.74063494Z
01KFEVGY4CAZY797VQNJTGSAMD,01KFEV2BZFDRZBG3Y0249RG1TW,2026-01-20T23:23:32.876258114Z,,,01KFEV2C0CP35QE41ZMH45J8TZ,2026-01-20T23:23:32.876258114Z,,,01KFEV4PQ8V0QGQVX4KK2FPFJR,2026-01-20T23:23:32.876258114Z,01KFEVB8G9DDYT4Z9WGS4751MR,2026-01-20T23:23:32.876258114Z,01KFEVB8RN38R1JX4F44CDG6E2,2026-01-20T23:23:32.876258114Z,true,2026-01-20T23:23:34.719580142Z
01KFEVT2FHEVEXR7CSVKGFM1MS,01KFEV37CWX6SQYA0RPR0C01MW,2026-01-20T23:28:32.241831487Z,,,01KFEV37DE991T271V0NJ5BY6K,2026-01-20T23:28:32.241831487Z,,,01KFEV7RE3Q2MQ5NN8AGQ7Y4PK,2026-01-20T23:28:32.241831487Z,01KFEVJEKKVBG5WQ05EX00MQZN,2026-01-20T23:28:32.241831487Z,01KFEVJET2YXJAHWFH260WP606,2026-01-20T23:28:32.241831487Z,true,2026-01-20T23:28:34.982008796Z
01KFEVT6XMF7WKB3KBFGQVW1JQ,01KFEV37CWX6SQYA0RPR0C01MW,2026-01-20T23:28:36.788795918Z,,,01KFEV37DE991T271V0NJ5BY6K,2026-01-20T23:28:36.788795918Z,,,01KFEVD9ZATE7H5N364WWPAV31,2026-01-20T23:28:36.788795918Z,01KFEVJEJTMNMZTCNAQZWM5VSK,2026-01-20T23:28:36.788795918Z,01KFEVJETMZCH5JHW44ETVAE20,2026-01-20T23:28:36.788795918Z,true,2026-01-20T23:28:42.005647588Z
01KFEW6A9E70HXZ314EY3JTMKT,01KFEVMN9Q125N5N16W4WNYJXF,2026-01-20T23:35:13.454102836Z,,,01KFEVMNBC23RB4D79KEQ4G0VS,2026-01-20T23:35:13.454102836Z,,,01KFEVX608THP5F5HX3GYF0X1K,2026-01-20T23:35:13.454102836Z,01KFEW3VK8TWZN9VVEZ77C4AM8,2026-01-20T23:35:13.454102836Z,01KFEW3VTZ6S5V7PP2FZNCAGC8,2026-01-20T23:35:13.454102836Z,true,2026-01-20T23:35:15.213558614Z
01KFEW2PVQ91E33ZC0CQ0AHSBJ,01KFEV384BJYC62Y0E6AQK09K8,2026-01-20T23:33:15.255994243Z,,,01KFEV385166A8JYCZ9G4DMHRQ,2026-01-20T23:33:15.255994243Z,,,01KFEVY502SJ2FK1Q7WFM0PHB4,2026-01-20T23:33:15.255994243Z,01KFEW1AHK7P065S468G6XKRHA,2026-01-20T23:33:15.255994243Z,01KFEW1APZG521D8Y44RHCM4F9,2026-01-20T23:33:15.255994243Z,true,2026-01-20T23:33:17.791139294Z
01KFEWBCE8CAEPQNCPN9Z1CSPR,01KFEV38GJVYY8P8B7QXSW6BTE,2026-01-20T23:37:59.496558907Z,,,01KFEV38H8T2V9428VC9T7MEBA,2026-01-20T23:37:59.496558907Z,,,01KFEW5105FT4T963R9Z6AZ67Y,2026-01-20T23:37:59.496558907Z,01KFEWB93MZQQNSF35K2S15HQV,2026-01-20T23:37:59.496558907Z,01KFEWB985FRGHJFN4Y6HBFDQ5,2026-01-20T23:37:59.496558907Z,true,2026-01-20T23:38:04.643729956Z
01KFEVFZHH46JZHKW6K8HEQTSE,01KFEV377XDCWB0CVW0E7ES8WB,2026-01-20T23:23:01.553387158Z,,,01KFEV378PDZP87HXSESW6BA01,2026-01-20T23:23:01.553387158Z,,,01KFEV79YCQMQRJYZ004NV66QN,2026-01-20T23:23:01.553387158Z,01KFEVF1Q0DWKQS3BYN9S091RF,2026-01-20T23:23:01.553387158Z,01KFEVF1S82FT53CXDAEK2KJZ0,2026-01-20T23:23:01.553387158Z,true,2026-01-20T23:23:13.227947358Z
01KFEVJQ2CTN3EFNVT98ZGZFH8,01KFEV377XDCWB0CVW0E7ES8WB,2026-01-20T23:24:31.180751914Z,,,01KFEV378FNG971PBW7B2SPNC6,2026-01-20T23:24:31.180751914Z,,,01KFEVCRBGBMN5MZZVZA8FPX1Z,2026-01-20T23:24:31.180751914Z,01KFEVJNQJE7J4E2J63H5S7H5Q,2026-01-20T23:24:31.180751914Z,01KFEVJNSA2C4C2ECJHNAF8ZNG,2026-01-20T23:24:31.180751914Z,true,2026-01-20T23:24:38.878032727Z
01KFEVMBR3WF95BZWCA6C1C173,01KFEV37CWX6SQYA0RPR0C01MW,2026-01-20T23:25:25.123827678Z,,,01KFEV37DE991T271V0NJ5BY6K,2026-01-20T23:25:25.123827678Z,,,01KFEVD9ZATE7H5N364WWPAV31,2026-01-20T23:25:25.123827678Z,01KFEVJEJYXA23FJWXTM65DZ1R,2026-01-20T23:25:25.123827678Z,01KFEVJEN099C79VHE8CJMGV26,2026-01-20T23:25:25.123827678Z,true,2026-01-20T23:25:29.752300104Z
01KFEVMYCZPJP1Z6ZET2Z6G6B6,01KFEV377XDCWB0CVW0E7ES8WB,2026-01-20T23:25:44.223259281Z,,,01KFEV378FNG971PBW7B2SPNC6,2026-01-20T23:25:44.223259281Z,,,01KFEV82H962BNCCRXPB524628,2026-01-20T23:25:44.223259281Z,01KFEVJNR1J3B46T7W60KHKSQ0,2026-01-20T23:25:44.223259281Z,01KFEVJNWPCSPJ23SY9VKEP00H,2026-01-20T23:25:44.223259281Z,true,2026-01-20T23:25:46.047512039Z
01KFEVQ2G7A97HYQ8TXPXQBH3Y,01KFEV37PBC6DGWCX0HT0QWYJR,2026-01-20T23:26:53.959258978Z,,,01KFEV37PYV9HETXX2PSGE1RKD,2026-01-20T23:26:53.959258978Z,,,01KFEV8PSQBX7P1ARFP0SDDW57,2026-01-20T23:26:53.959258978Z,01KFEVKCN4ZM7M5WXWCANY7678,2026-01-20T23:26:53.959258978Z,01KFEVKCSXW4YTDVYNXXMDKQKM,2026-01-20T23:26:53.959258978Z,true,2026-01-20T23:27:01.560209373Z
01KFEVTHKBQEE3MJJSFVFYMMQR,01KFEV37CWX6SQYA0RPR0C01MW,2026-01-20T23:28:47.723726689Z,,,01KFEV37DAAK9E08F076WKMM6J,2026-01-20T23:28:47.723726689Z,,,01KFEVGWWQWT7BAZNJDAAA325H,2026-01-20T23:28:47.723726689Z,01KFEVRWS00RN61XYMYX27BZTF,2026-01-20T23:28:47.723726689Z,01KFEVRWYWJ024CTS2NA7XBX4J,2026-01-20T23:28:47.723726689Z,true,2026-01-20T23:28:52.351662088Z
01KFEVRZ1TDV7E554Z4PSK6YVT,01KFEV38A01XZ4DPRPFKRE96P8,2026-01-20T23:27:55.962454189Z,,,01KFEV38AJ2CFPYBQZ58NH0V5J,2026-01-20T23:27:55.962454189Z,,,01KFEVE55BQ40NXX8QW3R5RX0T,2026-01-20T23:27:55.962454189Z,01KFEVJWRXFH0A02EP0EXWZF8R,2026-01-20T23:27:55.962454189Z,01KFEVJWWNADW80F8DGY5T4RPW,2026-01-20T23:27:55.962454189Z,,
01KFEWYN90C2DSST996DS3QMBP,01KFEV38GJVYY8P8B7QXSW6BTE,2026-01-20T23:48:31.136795424Z,,,01KFEV38H0S2Y42XZDBCZ2KPGY,2026-01-20T23:48:31.136795424Z,,,01KFEWKWT6PWJAE8C8359J4DRM,2026-01-20T23:48:31.136795424Z,01KFEWVM93M1BAFYGWNY053C7Q,2026-01-20T23:48:31.136795424Z,01KFEWVMW8ZFER1E8QQNE14SFK,2026-01-20T23:48:31.136795424Z,true,2026-01-20T23:48:32.370588427Z
01KFEVFFQH9HEKDCWAFHNZYYYX,01KFEV2BZFDRZBG3Y0249RG1TW,2026-01-20T23:22:45.361843185Z,,,01KFEV2C0CP35QE41ZMH45J8TZ,2026-01-20T23:22:45.361843185Z,,,01KFEV7TATT805MEJDGTCA5NFM,2026-01-20T23:22:45.361843185Z,01KFEVB8G4409FE3WHQBZQY7S4,2026-01-20T23:22:45.361843185Z,01KFEVB8MVJ9SRDZ5NM0K13V9S,2026-01-20T23:22:45.361843185Z,true,2026-01-20T23:22:50.859594614Z
01KFEVRBSEW4HB6VYCH1V9KMKH,01KFEV37CWX6SQYA0RPR0C01MW,2026-01-20T23:27:36.238677072Z,,,01KFEV37DE991T271V0NJ5BY6K,2026-01-20T23:27:36.238677072Z,,,01KFEVD9ZATE7H5N364WWPAV31,2026-01-20T23:27:36.238677072Z,01KFEVJEKDM335WE8XZ2Y7WT1T,2026-01-20T23:27:36.238677072Z,01KFEVJER5TPTJJDYMVJGSPV6N,2026-01-20T23:27:36.238677072Z,true,2026-01-20T23:27:38.86171703Z
01KFEVTBGFPFXKTV90D0XB2EPA,01KFEV37CWX6SQYA0RPR0C01MW,2026-01-20T23:28:41.487389738Z,,,01KFEV37DAAK9E08F076WKMM6J,2026-01-20T23:28:41.487389738Z,,,01KFEVH10BYAXDVW828R4A2D8P,2026-01-20T23:28:41.487389738Z,01KFEVRWRG1NX0K3PTAJAQYB2F,2026-01-20T23:28:41.487389738Z,01KFEVRWY1JD2GAW399103RZ51,2026-01-20T23:28:41.487389738Z,true,2026-01-20T23:28:47.300533645Z
01KFEVV6GNR148Y09PG1N3Q30X,01KFEV37PBC6DGWCX0HT0QWYJR,2026-01-20T23:29:09.14113113Z,,,01KFEV37PV76WD06T50QFKE80T,2026-01-20T23:29:09.14113113Z,,,01KFEVJMQNGBVWZMGKK0EQB935,2026-01-20T23:29:09.14113113Z,01KFEVS2ZY16AG7M0J8YVV8W86,2026-01-20T23:29:09.14113113Z,01KFEVS3674XJNHR2JTADNHV5Y,2026-01-20T23:29:09.14113113Z,true,2026-01-20T23:29:12.070443576Z
01KFEVVTX9K4FTQG9T66KYTYVG,01KFEV37CWX6SQYA0RPR0C01MW,2026-01-20T23:29:30.025305953Z,,,01KFEV37DAAK9E08F076WKMM6J,2026-01-20T23:29:30.025305953Z,,,01KFEVGWWQWT7BAZNJDAAA325H,2026-01-20T23:29:30.025305953Z,01KFEVRWS6SQ4NE2BVQ7YM3A1B,2026-01-20T23:29:30.025305953Z,01KFEVRX0TD7137W24NQ31CDYC,2026-01-20T23:29:30.025305953Z,true,2026-01-20T23:29:39.180742772Z
01KFEWG0CFS3294X3J1KE6PT9S,01KFEV38A01XZ4DPRPFKRE96P8,2026-01-20T23:40:30.991800011Z,,,01KFEV38AJ2CFPYBQZ5JKK7PV4,2026-01-20T23:40:30.991800011Z,,,01KFEW2CHJQZ9TDCN78BA2VKEM,2026-01-20T23:40:30.991800011Z,01KFEW9RQ327JZV3KPAF5ZD6ZC,2026-01-20T23:40:30.991800011Z,01KFEW9S7TKV98DDGRC0ARVZJ8,2026-01-20T23:40:30.991800011Z,true,2026-01-20T23:40:37.578595425Z
01KFEVH5FKQMY8DR3TA2E0FFR5,01KFEV377XDCWB0CVW0E7ES8WB,2026-01-20T23:23:40.403827128Z,,,01KFEV378H0PY96RNMJFNCN7TE,2026-01-20T23:23:40.403827128Z,,,01KFEVA045MDV6WERMTEQ3VAYR,2026-01-20T23:23:40.403827128Z,01KFEVEHGCG7SCGVN0B81NQ5CF,2026-01-20T23:23:40.403827128Z,01KFEVEHK3G9263F8HFAPF6V02,2026-01-20T23:23:40.403827128Z,true,2026-01-20T23:23:41.929254161Z
01KFEWA0EZJZVMWVKMMEGC50ET,01KFEV384BJYC62Y0E6AQK09K8,2026-01-20T23:37:14.463243469Z,true,2026-01-20T23:37:33.197603832Z,01KFEV384Z68A1Z7ZGWS1GDSZK,2026-01-20T23:37:14.463243469Z,20,2026-01-20T23:37:30.092908865Z,01KFEW47TNE510SG18TR5ZERFB,2026-01-20T23:37:14.463243469Z,01KFEW9NDGS5E8KE4PQ1ESDNYF,2026-01-20T23:37:14.463243469Z,01KFEW9NJMEXZZCB7QET39ZQJZ,2026-01-20T23:37:14.463243469Z,true,2026-01-20T23:37:36.217815513Z
01KFEWE04J4T3VJGV7DMVQZY8H,01KFEV384BJYC62Y0E6AQK09K8,2026-01-20T23:39:25.202429097Z,,,01KFEV384Z68A1Z7ZGWS1GDSZK,2026-01-20T23:39:25.202429097Z,,,01KFEW47TNE510SG18TR5ZERFB,2026-01-20T23:39:25.202429097Z,01KFEW9NFWQNWAP0JCE1F1PYJG,2026-01-20T23:39:25.202429097Z,01KFEW9NY6AEVPFEN7GKDPZDB1,2026-01-20T23:39:25.202429097Z,true,2026-01-20T23:39:27.890802115Z
01KFEVB5AJ95R4F8VMPV2A0MKB,01KFEV2BZFDRZBG3Y0249RG1TW,2026-01-20T23:20:23.634419868Z,,,01KFEV2C08ND9C9BYW8N2T146P,2026-01-20T23:20:23.634419868Z,,,01KFEV4APCG117QZ1ZVXNKCJFC,2026-01-20T23:20:23.634419868Z,01KFEV992F8HQ1GF4QAH0Z0678,2026-01-20T23:20:23.634419868Z,01KFEV9994HZYD828PDC2ZC32J,2026-01-20T23:20:23.634419868Z,true,2026-01-20T23:20:25.459170046Z
01KFEVM0RSDH7J0VZ5P3AETV7B,01KFEV377XDCWB0CVW0E7ES8WB,2026-01-20T23:25:13.881808211Z,,,01KFEV378H0PY96RNMJFNCN7TE,2026-01-20T23:25:13.881808211Z,,,01KFEV86DXXGMH25YQ8QC6JEB7,2026-01-20T23:25:13.881808211Z,01KFEVEHGP0J883B9NZZXAN747,2026-01-20T23:25:13.881808211Z,01KFEVEHRS5B15AKRMB87B313S,2026-01-20T23:25:13.881808211Z,true,2026-01-20T23:25:14.87707326Z
01KFEVW12PCQJH4F9646PMMM8B,01KFEV37PBC6DGWCX0HT0QWYJR,2026-01-20T23:29:36.342194161Z,,,01KFEV37PV76WD06T50QFKE80T,2026-01-20T23:29:36.342194161Z,,,01KFEVH5DDXBKC32H7RGDZYG1X,2026-01-20T23:29:36.342194161Z,01KFEVS303VVTZ8PMG4AKVY3SX,2026-01-20T23:29:36.342194161Z,01KFEVS3870XFTNG76SVZ3KPQ6,2026-01-20T23:29:36.342194161Z,true,2026-01-20T23:29:38.174215454Z
01KFEVW5NZDY6BNM7W3W1CGEKH,01KFEVMN9Q125N5N16W4WNYJXF,2026-01-20T23:29:41.055373084Z,,,01KFEVMNB841AFDZFM4WSW4FTD,2026-01-20T23:29:41.055373084Z,,,01KFEVB2WK99SDZDFQAW6KYB9M,2026-01-20T23:29:41.055373084Z,01KFEVPNHPYT4D9Y89XXZCCCHS,2026-01-20T23:29:41.055373084Z,01KFEVPNYQX5PN7QM9319KJQFG,2026-01-20T23:29:41.055373084Z,true,2026-01-20T23:29:42.96227695Z
01KFEVWW6TZT97S9K8YKC0ER6B,01KFEV37CWX6SQYA0RPR0C01MW,2026-01-20T23:30:04.123035688Z,,,01KFEV37DAAK9E08F076WKMM6J,2026-01-20T23:30:04.123035688Z,,,01KFEVGWWQWT7BAZNJDAAA325H,2026-01-20T23:30:04.123035688Z,01KFEVRWSPA17ZS4W91D5DRVBE,2026-01-20T23:30:04.123035688Z,01KFEVRX2YVTPET7P1SGWGT9CN,2026-01-20T23:30:04.123035688Z,true,2026-01-20T23:30:08.85785198Z
01KFEW46PX78DDH0KQXK2G6Y4V,01KFEV384BJYC62Y0E6AQK09K8,2026-01-20T23:34:04.25332632Z,,,01KFEV385166A8JYCZ9G4DMHRQ,2026-01-20T23:34:04.25332632Z,,,01KFEVWH8M80FFRA88HYSK2ZSQ,2026-01-20T23:34:04.25332632Z,01KFEW1AJFE0V8F0RV3DYC5PKP,2026-01-20T23:34:04.25332632Z,01KFEW1B0AKEW0GPRVJB5RDN7K,2026-01-20T23:34:04.25332632Z,true,2026-01-20T23:34:05.277132941Z
01KFEW78V68PC6Y4ETYBAT3ASR,01KFEV38GJVYY8P8B7QXSW6BTE,2026-01-20T23:35:44.742908885Z,,,01KFEV38H48T18ZRM15RETR33C,2026-01-20T23:35:44.742908885Z,,,01KFEVYB6HS3VX2GA7D4G2GPMT,2026-01-20T23:35:44.742908885Z,01KFEW2K6PK2TX8PWJC4BQBRD3,2026-01-20T23:35:44.742908885Z,01KFEW2KGZQYDAXH482BC0TZS5,2026-01-20T23:35:44.742908885Z,true,2026-01-20T23:35:50.358203613Z
01KFEVA72FKJ13ZZQMPK1666HF,01KFEV2BZFDRZBG3Y0249RG1TW,2026-01-20T23:19:52.655258771Z,,,01KFEV2C08ND9C9BYW8N2T146P,2026-01-20T23:19:52.655258771Z,,,01KFEV46YBCF5X09FCFJF4VDEY,2026-01-20T23:19:52.655258771Z,01KFEV9922CCX65P8NS08ZA7AP,2026-01-20T23:19:52.655258771Z,01KFEV994WPR1ZRJB0DH2BY57H,2026-01-20T23:19:52.655258771Z,true,2026-01-20T23:19:56.965321947Z
01KFEVAWXG7PYPNVNGKAA0J73V,01KFEV2BZFDRZBG3Y0249RG1TW,2026-01-20T23:20:15.024929131Z,,,01KFEV2C08ND9C9BYW8N2T146P,2026-01-20T23:20:15.024929131Z,,,01KFEV4APCG117QZ1ZVXNKCJFC,2026-01-20T23:20:15.024929131Z,01KFEV992DYNW9GKK2CP4DN9DZ,2026-01-20T23:20:15.024929131Z,01KFEV9983GV4BBP4A51Q13CWY,2026-01-20T23:20:15.024929131Z,true,2026-01-20T23:20:16.029275592Z
01KFEVHNHJDHV4JF9SHHZY7PS9,01KFEV377XDCWB0CVW0E7ES8WB,2026-01-20T23:23:56.850362804Z,,,01KFEV378H0PY96RNMJTMM0E4X,2026-01-20T23:23:56.850362804Z,,,01KFEV8TC8AZEPV3G36SCZ12C3,2026-01-20T23:23:56.850362804Z,01KFEVFBC06RMYVW5HNEESW6V6,2026-01-20T23:23:56.850362804Z,01KFEVFBFVN56DKXCHRCE891DP,2026-01-20T23:23:56.850362804Z,true,2026-01-20T23:24:05.835037203Z
01KFEVN1XDT0KRVRH1XP05QB3R,01KFEV37PBC6DGWCX0HT0QWYJR,2026-01-20T23:25:47.821260948Z,,,01KFEV37PYV9HETXX2PC055NBT,2026-01-20T23:25:47.821260948Z,,,01KFEVBDY2YWN6DSFNFKRM8R9Z,2026-01-20T23:25:47.821260948Z,01KFEVH48F86SXRFG4F77MN5NS,2026-01-20T23:25:47.821260948Z,01KFEVH4DTBYH2K6QVD5ED63FM,2026-01-20T23:25:47.821260948Z,true,2026-01-20T23:25:51.464988196Z
01KFEW3YVPSE3Y4EBWQMVG7MTZ,01KFEV38GJVYY8P8B7QXSW6BTE,2026-01-20T23:33:56.215011394Z,,,01KFEV38H48T18ZRM15RETR33C,2026-01-20T23:33:56.215011394Z,,,01KFEVVPVMNR90RS0DGAX989B7,2026-01-20T23:33:56.215011394Z,01KFEW2K3YS06VARVY9G44T7TD,2026-01-20T23:33:56.215011394Z,01KFEW2KA2M93G98TDF7TPE4NV,2026-01-20T23:33:56.215011394Z,true,2026-01-20T23:34:22.010601871Z
01KFEW4J2TWR38CVYP5FEXRMS0,01KFEV37PBC6DGWCX0HT0QWYJR,2026-01-20T23:34:15.898944914Z,,,01KFEV37Q0WSYAYKWHM2EXN0DN,2026-01-20T23:34:15.898944914Z,,,01KFEVWYACX0Z3X7HHHK5DSTDD,2026-01-20T23:34:15.898944914Z,01KFEW0GAZ5DP9RP3YRAEEZFCY,2026-01-20T23:34:15.898944914Z,01KFEW0GQ1XJY9RX9GMGJQ9CPH,2026-01-20T23:34:15.898944914Z,true,2026-01-20T23:34:17.294242362Z
01KFEVFZH41Y8HDV0DQEZXVRXA,01KFEV377XDCWB0CVW0E7ES8WB,2026-01-20T23:23:01.540665932Z,,,01KFEV378PDZP87HXSESW6BA01,2026-01-20T23:23:01.540665932Z,,,01KFEV6V20FH8Q8TGZN4SVCF5R,2026-01-20T23:23:01.540665932Z,01KFEVF1Q0DWKQS3BYN9S091RF,2026-01-20T23:23:01.540665932Z,01KFEVF1S82FT53CXDAEK2KJZ0,2026-01-20T23:23:01.540665932Z,true,2026-01-20T23:23:06.682314245Z
01KFEVGX1A0H4V3JXVWDB7JFSD,01KFEV377XDCWB0CVW0E7ES8WB,2026-01-20T23:23:31.75493578Z,,,01KFEV378PDZP87HXSESW6BA01,2026-01-20T23:23:31.75493578Z,,,01KFEV79YCQMQRJYZ004NV66QN,2026-01-20T23:23:31.75493578Z,01KFEVF1Q29ZX430FYZMCC884K,2026-01-20T23:23:31.75493578Z,01KFEVF1W81XS0PX194BH9ZCFV,2026-01-20T23:23:31.75493578Z,true,2026-01-20T23:23:35.610349862Z
01KFEVJYMC16NG458EXEZ25JDN,01KFEV384BJYC62Y0E6AQK09K8,2026-01-20T23:24:38.924853668Z,,,01KFEV384Y33BFECW27AH8GSGD,2026-01-20T23:24:38.924853668Z,,,01KFEVCQTYNZYE4TGA9WFYBM2V,2026-01-20T23:24:38.924853668Z,01KFEVHAP1ZGR28S54Q15ESMWZ,2026-01-20T23:24:38.924853668Z,01KFEVHAT05AY1SZT6N5QC5EJR,2026-01-20T23:24:38.924853668Z,true,2026-01-20T23:24:43.839253016Z
01KFEW4YS2W9GGSVJM914TR7X9,01KFEVMN9Q125N5N16W4WNYJXF,2026-01-20T23:34:28.898311492Z,,,01KFEVMNBC23RB4D79KEQ4G0VS,2026-01-20T23:34:28.898311492Z,,,01KFEVXFAQE8X4YEWXW17GBY46,2026-01-20T23:34:28.898311492Z,01KFEW3VNVZC3K3MEZH39VDAQA,2026-01-20T23:34:28.898311492Z,01KFEW3VQXF272QDVVMJE11RMV,2026-01-20T23:34:28.898311492Z,true,2026-01-20T23:34:53.480970567Z
01KFEVACY696E9VMFXFCEF2T9J,01KFEV2BZFDRZBG3Y0249RG1TW,2026-01-20T23:19:58.663032018Z,,,01KFEV2C08ND9C9BYW8N2T146P,2026-01-20T23:19:58.663032018Z,,,01KFEV46YBCF5X09FCFJF4VDEY,2026-01-20T23:19:58.663032018Z,01KFEV9924VF50RWW28YZTJVST,2026-01-20T23:19:58.663032018Z,01KFEV995J9AA39KVM8ZGY8JMH,2026-01-20T23:19:58.663032018Z,true,2026-01-20T23:20:01.096794027Z
01KFEVE1MX05RPRBCCPXTRBR6H,01KFEV2BZFDRZBG3Y0249RG1TW,2026-01-20T23:21:58.173654374Z,,,01KFEV2C0CP35QE41ZMH45J8TZ,2026-01-20T23:21:58.173654374Z,,,01KFEV4PQ8V0QGQVX4KK2FPFJR,2026-01-20T23:21:58.173654374Z,01KFEVB8FTFFBQ8J4AEF64MQVW,2026-01-20T23:21:58.173654374Z,01KFEVB8J6XW003VFQ1FWKZV5R,2026-01-20T23:21:58.173654374Z,true,2026-01-20T23:22:04.152948222Z
01KFEVGC5A5FYQWVKJS6E3VKQS,01KFEV37CWX6SQYA0RPR0C01MW,2026-01-20T23:23:14.474794992Z,,,01KFEV37DE991T271V0BRDHRJW,2026-01-20T23:23:14.474794992Z,,,01KFEVBZC2S6960QVT8J14HPMN,2026-01-20T23:23:14.474794992Z,01KFEVGBD2NH617BTMHE3APVY0,2026-01-20T23:23:14.474794992Z,01KFEVGBDX6JSF318JYZM3WSNJ,2026-01-20T23:23:14.474794992Z,true,2026-01-20T23:23:23.45686255Z
01KFEW41AQ9AWJP2PTQ0ACBHRZ,01KFEV37PBC6DGWCX0HT0QWYJR,2026-01-20T23:33:58.743268749Z,,,01KFEV37Q0WSYAYKWHM2EXN0DN,2026-01-20T23:33:58.743268749Z,,,01KFEVWXXVHBHP5S1AZQQ4JZFK,2026-01-20T23:33:58.743268749Z,01KFEW0GBS72KYHGYA38PRV8M7,2026-01-20T23:33:58.743268749Z,01KFEW0GNGBY20V8EGCCNSPPJ5,2026-01-20T23:33:58.743268749Z,true,2026-01-20T23:34:03.572118769Z
01KFEWFP5Z799X3B9PR6ZQ4GAN,01KFEV38A01XZ4DPRPFKRE96P8,2026-01-20T23:40:20.54317779Z,true,2026-01-20T23:40:25.4866372Z,01KFEV38AJ2CFPYBQZ5JKK7PV4,2026-01-20T23:40:20.54317779Z,0,2026-01-20T23:40:24.271678555Z,01KFEW61CSGZMFE4TZ96QA9A06,2026-01-20T23:40:20.54317779Z,01KFEW9RQDSYXSNPWSEQ27EKZR,2026-01-20T23:40:20.54317779Z,01KFEW9S6M5RTY31C8ZRMVVWZ1,2026-01-20T23:40:20.54317779Z,true,2026-01-20T23:40:28.486751786Z
01KFEWJT466XE0WVCYZX6A6T1T,01KFEVMNF44NEM58ETFST7KTWM,2026-01-20T23:42:02.88640821Z,,,01KFEVMNHFNDCGHX9QBBFN387E,2026-01-20T23:42:02.88640821Z,19,2026-01-20T23:42:29.43495048Z,01KFEW6A5E0ZVTNJ585Y831423,2026-01-20T23:42:02.88640821Z,01KFEWEZZBBNA6YGF5KBEE6WA6,2026-01-20T23:42:02.88640821Z,01KFEWF0CS5V0JF5NSVFJY44KA,2026-01-20T23:42:02.88640821Z,,
01KFEVBM2M9X1RMC99FG365YH9,01KFEV2BZFDRZBG3Y0249RG1TW,2026-01-20T23:20:38.740069581Z,,,01KFEV2C08ND9C9BYW8N2T146P,2026-01-20T23:20:38.740069581Z,,,01KFEV4APCG117QZ1ZVXNKCJFC,2026-01-20T23:20:38.740069581Z,01KFEV992NF1BFY2J085XZ7GRZ,2026-01-20T23:20:38.740069581Z,01KFEV99AQCR8JFDBJ49YYK94C,2026-01-20T23:20:38.740069581Z,true,2026-01-20T23:20:40.029336053Z
01KFEVH1Y9J8KEAHTMXMXEK8TB,01KFEV2BZFDRZBG3Y0249RG1TW,2026-01-20T23:23:36.777205189Z,,,01KFEV2C0CP35QE41ZMH45J8TZ,2026-01-20T23:23:36.777205189Z,,,01KFEV4PQ8V0QGQVX4KK2FPFJR,2026-01-20T23:23:36.777205189Z,01KFEVB8GASGJN0SSP4XXA8YGN,2026-01-20T23:23:36.777205189Z,01KFEVB8S2FANC11ZY303JQZQZ,2026-01-20T23:23:36.777205189Z,true,2026-01-20T23:23:42.199768882Z
01KFEVP5CZTVCHPE11GN2JAH5W,01KFEV37CWX6SQYA0RPR0C01MW,2026-01-20T23:26:24.159906964Z,false,2026-01-20T23:26:31.467265437Z,01KFEV37DE991T271V0BRDHRJW,2026-01-20T23:26:24.159906964Z,10,2026-01-20T23:26:29.742392559Z,01KFEV8CTFEWEE7C0ZM9KMYRSE,2026-01-20T23:26:24.159906964Z,01KFEVGBDHBKMP77667Y4F3PW3,2026-01-20T23:26:24.159906964Z,01KFEVGBNVJ4B7GBYK8P1PK20S,2026-01-20T23:26:24.159906964Z,true,2026-01-20T23:26:34.470115688Z
01KFEVTPPKYM90PF1WSAW4F5DH,01KFEV38A01XZ4DPRPFKRE96P8,2026-01-20T23:28:52.94741886Z,,,01KFEV38AJ2CFPYBQZ58NH0V5J,2026-01-20T23:28:52.94741886Z,,,01KFEVB815BQW2TQ29HHMDQ2FB,2026-01-20T23:28:52.94741886Z,01KFEVJWRF48QGEMN6CSTN82AW,2026-01-20T23:28:52.94741886Z,01KFEVJWYJPKJ10Z9D0PFQDVVJ,2026-01-20T23:28:52.94741886Z,true,2026-01-20T23:28:54.66035712Z
01KFEVTW49260XSSKTPGRP197Q,01KFEV38A01XZ4DPRPFKRE96P8,2026-01-20T23:28:58.505075139Z,false,2026-01-20T23:29:10.063433216Z,01KFEV38AJ2CFPYBQZ58NH0V5J,2026-01-20T23:28:58.505075139Z,30,2026-01-20T23:29:08.439737785Z,01KFEVB815BQW2TQ29HHMDQ2FB,2026-01-20T23:28:58.505075139Z,01KFEVJWSA1G8BTA3YJK5GPKEP,2026-01-20T23:28:58.505075139Z,01KFEVJWZEZTTQ2YG9R4S34MES,2026-01-20T23:28:58.505075139Z,true,2026-01-20T23:29:13.064215786Z
01KFEWC5TQXN0930REN1K7ZBMQ,01KFEV38GJVYY8P8B7QXSW6BTE,2026-01-20T23:38:25.495975493Z,,,01KFEV38H8T2V9428VC9T7MEBA,2026-01-20T23:38:25.495975493Z,,,01KFEW5105FT4T963R9Z6AZ67Y,2026-01-20T23:38:25.495975493Z,01KFEWB933XTP1JVD282ZB991C,2026-01-20T23:38:25.495975493Z,01KFEWB99S54JRK70KHYBHCN7C,2026-01-20T23:38:25.495975493Z,true,2026-01-20T23:38:34.953425895Z
01KFEW84P1SSV4QZBY5ECD4PGH,01KFEV38GJVYY8P8B7QXSW6BTE,2026-01-20T23:36:13.249243062Z,,,01KFEV38H48T18ZRM15RETR33C,2026-01-20T23:36:13.249243062Z,,,01KFEVYB6HS3VX2GA7D4G2GPMT,2026-01-20T23:36:13.249243062Z,01KFEW2K5Q3YTG9F7JD6J5VSNS,2026-01-20T23:36:13.249243062Z,01KFEW2KNDKV3B0JBGEB4FEVJ5,2026-01-20T23:36:13.249243062Z,true,2026-01-20T23:36:14.082426344Z
01KFEVJG4FMRPVWH94NV1KZCS3,01KFEV37CWX6SQYA0RPR0C01MW,2026-01-20T23:24:24.079526876Z,,,01KFEV37DE991T271V0BRDHRJW,2026-01-20T23:24:24.079526876Z,,,01KFEV8CTFEWEE7C0ZM9KMYRSE,2026-01-20T23:24:24.079526876Z,01KFEVGBC8432HRA3509G2MMDT,2026-01-20T23:24:24.079526876Z,01KFEVGBEXDAEYC0SFWBNDEJMJ,2026-01-20T23:24:24.079526876Z,true,2026-01-20T23:24:29.263885674Z
01KFEVJQNZTXYD2CYVMG5Y3EB2,01KFEV377XDCWB0CVW0E7ES8WB,2026-01-20T23:24:31.807302578Z,,,01KFEV378H0PY96RNMJTMM0E4X,2026-01-20T23:24:31.807302578Z,,,01KFEV8TC8AZEPV3G36SCZ12C3,2026-01-20T23:24:31.807302578Z,01KFEVFBC7KD30QSSEZXA6VZYZ,2026-01-20T23:24:31.807302578Z,01KFEVFBGF6G4T15VT507M1SC6,2026-01-20T23:24:31.807302578Z,true,2026-01-20T23:24:41.015405532Z
01KFEVKQSTF01XJFHAGJC10NGG,01KFEV377XDCWB0CVW0E7ES8WB,2026-01-20T23:25:04.698977591Z,,,01KFEV378H0PY96RNMJTMM0E4X,2026-01-20T23:25:04.698977591Z,,,01KFEV8K48Q5MVC88J4XCQXRFY,2026-01-20T23:25:04.698977591Z,01KFEVFBC4VT3BJNSHXYV9QVPD,2026-01-20T23:25:04.698977591Z,01KFEVFBHHN2PZ9950WDETFGZF,2026-01-20T23:25:04.698977591Z,true,2026-01-20T23:25:06.665591518Z
01KFEVM1TZ7FKHDQ99RCC2NN5S,01KFEV377XDCWB0CVW0E7ES8WB,2026-01-20T23:25:14.975112158Z,,,01KFEV378H0PY96RNMJFNCN7TE,2026-01-20T23:25:14.975112158Z,,,01KFEVA045MDV6WERMTEQ3VAYR,2026-01-20T23:25:14.975112158Z,01KFEVEHGNZ7VVTDD9TTSV20M2,2026-01-20T23:25:14.975112158Z,01KFEVEHSEC0N0FB771FS0TZDE,2026-01-20T23:25:14.975112158Z,true,2026-01-20T23:25:16.032528832Z
01KFEVMWDZ6D0CH30HQZRMEKMP,01KFEV377XDCWB0CVW0E7ES8WB,2026-01-20T23:25:42.207930553Z,,,01KFEV378FNG971PBW7B2SPNC6,2026-01-20T23:25:42.207930553Z,,,01KFEV82H962BNCCRXPB524628,2026-01-20T23:25:42.207930553Z,01KFEVJNR1J3B46T7W60KHKSQ0,2026-01-20T23:25:42.207930553Z,01KFEVJNWK7WR99GYCG87DTHZT,2026-01-20T23:25:42.207930553Z,true,2026-01-20T23:25:43.384048635Z
01KFEVNZKQJGVR2YWY711T2AGK,01KFEV37CWX6SQYA0RPR0C01MW,2026-01-20T23:26:18.231633412Z,,,01KFEV37DE991T271V0BRDHRJW,2026-01-20T23:26:18.231633412Z,,,01KFEV8CTFEWEE7C0ZM9KMYRSE,2026-01-20T23:26:18.231633412Z,01KFEVGBDGJG5AGHRSTRJ3T74K,2026-01-20T23:26:18.231633412Z,01KFEVGBNCGS5SFXW9FJXR5ZK2,2026-01-20T23:26:18.231633412Z,true,2026-01-20T23:26:20.416991736Z
01KFEVJ3A4K49HPEZC13E5RWYY,01KFEV37PBC6DGWCX0HT0QWYJR,2026-01-20T23:24:10.948799649Z,,,01KFEV37PYV9HETXX2PC055NBT,2026-01-20T23:24:10.948799649Z,,,01KFEVBDY2YWN6DSFNFKRM8R9Z,2026-01-20T23:24:10.948799649Z,01KFEVH4832VJZB12Y0Z5J9ZVB,2026-01-20T23:24:10.948799649Z,01KFEVH49XYN32K7VQYTMN9MTB,2026-01-20T23:24:10.948799649Z,true,2026-01-20T23:24:17.136966158Z
01KFEVJ854GNXAW99CQT5M8GE3,01KFEV37CWX6SQYA0RPR0C01MW,2026-01-20T23:24:15.908690954Z,,,01KFEV37DE991T271V0BRDHRJW,2026-01-20T23:24:15.908690954Z,,,01KFEVBZC2S6960QVT8J14HPMN,2026-01-20T23:24:15.908690954Z,01KFEVGBCA555S4K04AG8F2T5D,2026-01-20T23:24:15.908690954Z,01KFEVGBEDZQNXR9X6ZZH4AJED,2026-01-20T23:24:15.908690954Z,true,2026-01-20T23:24:22.52276936Z
01KFEVK1DA6XPFHSRCAJZSEYQJ,01KFEV377XDCWB0CVW0E7ES8WB,2026-01-20T23:24:41.770536128Z,,,01KFEV378PDZP87HXSESW6BA01,2026-01-20T23:24:41.770536128Z,,,01KFEV6V20FH8Q8TGZN4SVCF5R,2026-01-20T23:24:41.770536128Z,01KFEVF1QWVSRQZSBVJ2N2MCKF,2026-01-20T23:24:41.770536128Z,01KFEVF1YPSJWQV7PE6WXMQPM4,2026-01-20T23:24:41.770536128Z,true,2026-01-20T23:24:45.604028033Z
01KFEVCTT3WCZE909F3N7B5TS1,01KFEV2BZFDRZBG3Y0249RG1TW,2026-01-20T23:21:18.403856344Z,true,2026-01-20T23:21:33.433013097Z,01KFEV2C0EQZAQP8AFWFARX9S3,2026-01-20T23:21:18.403856344Z,19,2026-01-20T23:21:31.120588127Z,01KFEV4F59CE4SZAQ7AMYA0Y6G,2026-01-20T23:21:18.403856344Z,01KFEVCJJ5D5JFKFHHY6M7CQMN,2026-01-20T23:21:18.403856344Z,01KFEVCJKS3R8S4MYF441ECPWN,2026-01-20T23:21:18.403856344Z,true,2026-01-20T23:21:36.472893153Z
01KFEVN7Z10FHMW4HMB2EC1A23,01KFEV37PBC6DGWCX0HT0QWYJR,2026-01-20T23:25:54.01731227Z,,,01KFEV37PYV9HETXX2PSGE1RKD,2026-01-20T23:25:54.01731227Z,,,01KFEV8PSQBX7P1ARFP0SDDW57,2026-01-20T23:25:54.01731227Z,01KFEVKCMMB045AMAJBPJ2G93R,2026-01-20T23:25:54.01731227Z,01KFEVKCQPP3VQABKM8VGVTDRX,2026-01-20T23:25:54.01731227Z,true,2026-01-20T23:26:02.93963384Z
01KFEVNVVSC37Y0ZRR6V691XAP,01KFEV37PBC6DGWCX0HT0QWYJR,2026-01-20T23:26:14.393947484Z,,,01KFEV37PYV9HETXX2PC055NBT,2026-01-20T23:26:14.393947484Z,,,01KFEVBDY2YWN6DSFNFKRM8R9Z,2026-01-20T23:26:14.393947484Z,01KFEVH47YHEBY0NMN1SDFTFF1,2026-01-20T23:26:14.393947484Z,01KFEVH4FPYAF3FN3Y88C7W62Q,2026-01-20T23:26:14.393947484Z,true,2026-01-20T23:26:17.181772263Z
01KFEVSZ175QDGNBRCS994J261,01KFEV37CWX6SQYA0RPR0C01MW,2026-01-20T23:28:28.711461713Z,,,01KFEV37DAAK9E08F076WKMM6J,2026-01-20T23:28:28.711461713Z,,,01KFEVH10BYAXDVW828R4A2D8P,2026-01-20T23:28:28.711461713Z,01KFEVRWRP2V236VFYBAYSNQQS,2026-01-20T23:28:28.711461713Z,01KFEVRWWZHC8A30C9236F3VB0,2026-01-20T23:28:28.711461713Z,true,2026-01-20T23:28:32.276833925Z
01KFEVYESG6CR6V67GSJGE6BQS,01KFEV37CWX6SQYA0RPR0C01MW,2026-01-20T23:30:55.92051218Z,,,01KFEV37DAAK9E08F076WKMM6J,2026-01-20T23:30:55.92051218Z,,,01KFEVH10BYAXDVW828R4A2D8P,2026-01-20T23:30:55.92051218Z,01KFEVRWTFS6WZR3RJEQCQ8B5K,2026-01-20T23:30:55.92051218Z,01KFEVRX72X0KXNF2Q1SX8QNGB,2026-01-20T23:30:55.92051218Z,true,2026-01-20T23:31:03.165932096Z
01KFEW4Z2T3SRKT7TAPH6PGDPQ,01KFEV38A01XZ4DPRPFKRE96P8,2026-01-20T23:34:29.210323545Z,,,01KFEV38AHTHHCNTDGHAJN0GXG,2026-01-20T23:34:29.210323545Z,,,01KFEVW5WA494MRXETJ2N5XX03,2026-01-20T23:34:29.210323545Z,01KFEW29XZMZF1P4K1A2ZTGRQ6,2026-01-20T23:34:29.210323545Z,01KFEW2A4W26S9C5CNQDDS3CPJ,2026-01-20T23:34:29.210323545Z,true,2026-01-20T23:34:31.324305394Z
01KFEVAZPR735XPBJERA3DY1AG,01KFEV2BZFDRZBG3Y0249RG1TW,2026-01-20T23:20:17.880699876Z,,,01KFEV2C08ND9C9BYW8N2T146P,2026-01-20T23:20:17.880699876Z,,,01KFEV46YBCF5X09FCFJF4VDEY,2026-01-20T23:20:17.880699876Z,01KFEV992EGQ6JEDWT7CNXP7AX,2026-01-20T23:20:17.880699876Z,01KFEV998M6CZMY5M02N0ZA763,2026-01-20T23:20:17.880699876Z,true,2026-01-20T23:20:20.419789Z
01KFEVR0G1W077327ZZZ2BB2EM,01KFEV37CWX6SQYA0RPR0C01MW,2026-01-20T23:27:24.673419398Z,,,01KFEV37DE991T271V0NJ5BY6K,2026-01-20T23:27:24.673419398Z,,,01KFEVD9ZATE7H5N364WWPAV31,2026-01-20T23:27:24.673419398Z,01KFEVJEKCQH6K2QKDETC0SMC1,2026-01-20T23:27:24.673419398Z,01KFEVJEQJZM6QTH7ZMSEZPXSH,2026-01-20T23:27:24.673419398Z,true,2026-01-20T23:27:30.830843934Z
01KFEW2SD3BJJWQEFDJRSXVA4H,01KFEV384BJYC62Y0E6AQK09K8,2026-01-20T23:33:17.859606893Z,,,01KFEV385166A8JYCZ9G4DMHRQ,2026-01-20T23:33:17.859606893Z,,,01KFEVY502SJ2FK1Q7WFM0PHB4,2026-01-20T23:33:17.859606893Z,01KFEW1AHK7P065S468G6XKRHA,2026-01-20T23:33:17.859606893Z,01KFEW1AQ552Y10E3W42M70JVS,2026-01-20T23:33:17.859606893Z,true,2026-01-20T23:33:19.781200233Z
01KFEW2SDA93HMT27TC1EY1EEE,01KFEV384BJYC62Y0E6AQK09K8,2026-01-20T23:33:17.866987053Z,,,01KFEV385166A8JYCZ9G4DMHRQ,2026-01-20T23:33:17.866987053Z,,,01KFEVWH8M80FFRA88HYSK2ZSQ,2026-01-20T23:33:17.866987053Z,01KFEW1AHK7P065S468G6XKRHA,2026-01-20T23:33:17.866987053Z,01KFEW1AQ552Y10E3W42M70JVS,2026-01-20T23:33:17.866987053Z,true,2026-01-20T23:33:20.396489079Z
01KFEVMD09DMMXREP0YMM2SDSZ,01KFEV377XDCWB0CVW0E7ES8WB,2026-01-20T23:25:26.409600786Z,,,01KFEV378FNG971PBW7B2SPNC6,2026-01-20T23:25:26.409600786Z,,,01KFEVCRBGBMN5MZZVZA8FPX1Z,2026-01-20T23:25:26.409600786Z,01KFEVJNQN2G8FJAT7HW3SRZEK,2026-01-20T23:25:26.409600786Z,01KFEVJNVEAV7MWKF43WVZ2CQ4,2026-01-20T23:25:26.409600786Z,true,2026-01-20T23:25:28.677160302Z
01KFEVV6GTN5QDXECK4SDBN626,01KFEV37PBC6DGWCX0HT0QWYJR,2026-01-20T23:29:09.146783887Z,,,01KFEV37PV76WD06T50QFKE80T,2026-01-20T23:29:09.146783887Z,,,01KFEVH5DDXBKC32H7RGDZYG1X,2026-01-20T23:29:09.146783887Z,01KFEVS2ZY16AG7M0J8YVV8W86,2026-01-20T23:29:09.146783887Z,01KFEVS3674XJNHR2JTADNHV5Y,2026-01-20T23:29:09.146783887Z,true,2026-01-20T23:29:11.816087603Z
01KFEW2D6AYD107V82J44T8PX3,01KFEV384BJYC62Y0E6AQK09K8,2026-01-20T23:33:05.354094346Z,,,01KFEV385166A8JYCZ9G4DMHRQ,2026-01-20T23:33:05.354094346Z,,,01KFEVWH8M80FFRA88HYSK2ZSQ,2026-01-20T23:33:05.354094346Z,01KFEW1AGWTEZX6BMYHVQ8HP0D,2026-01-20T23:33:05.354094346Z,01KFEW1ANR7G1PJ5VB2PNKQNZE,2026-01-20T23:33:05.354094346Z,true,2026-01-20T23:33:08.729077198Z
01KFEWEC5MBT4744DMQPB2C74Y,01KFEV38GJVYY8P8B7QXSW6BTE,2026-01-20T23:39:37.524372863Z,,,01KFEV38H8T2V9428VC9T7MEBA,2026-01-20T23:39:37.524372863Z,,,01KFEW5105FT4T963R9Z6AZ67Y,2026-01-20T23:39:37.524372863Z,01KFEWB954NE20KXS9TVTM9QWN,2026-01-20T23:39:37.524372863Z,01KFEWB9FWD9HZHJJD2BEQ0W5S,2026-01-20T23:39:37.524372863Z,true,2026-01-20T23:39:39.578653794Z
01KFEVH4K7SRWTTBFDTM0Z7ZTV,01KFEV37CWX6SQYA0RPR0C01MW,2026-01-20T23:23:39.495129946Z,,,01KFEV37DE991T271V0BRDHRJW,2026-01-20T23:23:39.495129946Z,,,01KFEVBZC2S6960QVT8J14HPMN,2026-01-20T23:23:39.495129946Z,01KFEVGBCA555S4K04AG8F2T5D,2026-01-20T23:23:39.495129946Z,01KFEVGBECPD228R1JC0A6B28F,2026-01-20T23:23:39.495129946Z,true,2026-01-20T23:23:45.129714538Z
01KFEVHMBGBXPY34C3VXGC0FWS,01KFEV377XDCWB0CVW0E7ES8WB,2026-01-20T23:23:55.632833209Z,,,01KFEV378H0PY96RNMJFNCN7TE,2026-01-20T23:23:55.632833209Z,,,01KFEVA045MDV6WERMTEQ3VAYR,2026-01-20T23:23:55.632833209Z,01KFEVEHGWD05V25JN0JRD6NS4,2026-01-20T23:23:55.632833209Z,01KFEVEHM8BESJRBJGYZVWM2DB,2026-01-20T23:23:55.632833209Z,true,2026-01-20T23:23:58.136442838Z
01KFEVJ3A262TBHKTKQFCWN1DW,01KFEV37PBC6DGWCX0HT0QWYJR,2026-01-20T23:24:10.946985285Z,,,01KFEV37PYV9HETXX2PC055NBT,2026-01-20T23:24:10.946985285Z,,,01KFEV9QWYR4DNTS4QCCENEARJ,2026-01-20T23:24:10.946985285Z,01KFEVH4832VJZB12Y0Z5J9ZVB,2026-01-20T23:24:10.946985285Z,01KFEVH49XYN32K7VQYTMN9MTB,2026-01-20T23:24:10.946985285Z,true,2026-01-20T23:24:16.683400222Z
01KFEVTC2C2JWF325827T86E1G,01KFEV37CWX6SQYA0RPR0C01MW,2026-01-20T23:28:42.06033357Z,,,01KFEV37DE991T271V0NJ5BY6K,2026-01-20T23:28:42.06033357Z,,,01KFEVD9ZATE7H5N364WWPAV31,2026-01-20T23:28:42.06033357Z,01KFEVJEJTMNMZTCNAQZWM5VSK,2026-01-20T23:28:42.06033357Z,01KFEVJETPZP8FX60EPYF2H161,2026-01-20T23:28:42.06033357Z,true,2026-01-20T23:28:45.608116867Z
01KFEVTB270074XA4H0K3HQN52,01KFEV37PBC6DGWCX0HT0QWYJR,2026-01-20T23:28:41.031835912Z,,,01KFEV37PV76WD06T50QFKE80T,2026-01-20T23:28:41.031835912Z,,,01KFEVJMQNGBVWZMGKK0EQB935,2026-01-20T23:28:41.031835912Z,01KFEVS2ZJ94QWAPA619X1ZPB5,2026-01-20T23:28:41.031835912Z,01KFEVS32KHXKAV4FHKG4KADJV,2026-01-20T23:28:41.031835912Z,true,2026-01-20T23:28:48.913286102Z
01KFEW9VPKRJJP4XACRQAZVTFF,01KFEV38A01XZ4DPRPFKRE96P8,2026-01-20T23:37:09.587423355Z,,,01KFEV38AJ2CFPYBQZ5JKK7PV4,2026-01-20T23:37:09.587423355Z,,,01KFEW61CSGZMFE4TZ96QA9A06,2026-01-20T23:37:09.587423355Z,01KFEW9RNHPCEBV7E7PA75FXT1,2026-01-20T23:37:09.587423355Z,01KFEW9RTB6ZPR264S66YKAN1Z,2026-01-20T23:37:09.587423355Z,true,2026-01-20T23:37:21.575195875Z
01KFEVETFPZ2DKY1M7DHSKA9YB,01KFEV2BZFDRZBG3Y0249RG1TW,2026-01-20T23:22:23.606411403Z,,,01KFEV2C0CP35QE41ZMH45J8TZ,2026-01-20T23:22:23.606411403Z,,,01KFEV4PQ8V0QGQVX4KK2FPFJR,2026-01-20T23:22:23.606411403Z,01KFEVB8G0C42CFSXF2A2BHMKE,2026-01-20T23:22:23.606411403Z,01KFEVB8M6EF02WFVRGXP755B0,2026-01-20T23:22:23.606411403Z,true,2026-01-20T23:22:28.52847159Z
01KFEVJQ5QEY1DW7J4RPK4218A,01KFEV377XDCWB0CVW0E7ES8WB,2026-01-20T23:24:31.287459372Z,,,01KFEV378H0PY96RNMJFNCN7TE,2026-01-20T23:24:31.287459372Z,,,01KFEVA045MDV6WERMTEQ3VAYR,2026-01-20T23:24:31.287459372Z,01KFEVEHGS0JDSCPZNZH3BDF1M,2026-01-20T23:24:31.287459372Z,01KFEVEHP9SMNJJZ5AP3RW7VHS,2026-01-20T23:24:31.287459372Z,true,2026-01-20T23:24:34.497346529Z
01KFEVNVVY1EZ0STSHJQ3D800X,01KFEV37PBC6DGWCX0HT0QWYJR,2026-01-20T23:26:14.398728384Z,,,01KFEV37PYV9HETXX2PC055NBT,2026-01-20T23:26:14.398728384Z,,,01KFEV9QWYR4DNTS4QCCENEARJ,2026-01-20T23:26:14.398728384Z,01KFEVH47YHEBY0NMN1SDFTFF1,2026-01-20T23:26:14.398728384Z,01KFEVH4FPYAF3FN3Y88C7W62Q,2026-01-20T23:26:14.398728384Z,true,2026-01-20T23:26:17.628766537Z
01KFEVP22BEE29Q3T9MS3KZ8EP,01KFEV37CWX6SQYA0RPR0C01MW,2026-01-20T23:26:20.74771171Z,,,01KFEV37DE991T271V0BRDHRJW,2026-01-20T23:26:20.74771171Z,,,01KFEV8CTFEWEE7C0ZM9KMYRSE,2026-01-20T23:26:20.74771171Z,01KFEVGBDHBKMP77667Y4F3PW3,2026-01-20T23:26:20.74771171Z,01KFEVGBNS923E472G64Y8VTC9,2026-01-20T23:26:20.74771171Z,true,2026-01-20T23:26:24.112465928Z
01KFEVR2K318FE0N8B8T3NCMPQ,01KFEV37PBC6DGWCX0HT0QWYJR,2026-01-20T23:27:26.819883025Z,,,01KFEV37PYV9HETXX2PSGE1RKD,2026-01-20T23:27:26.819883025Z,,,01KFEVDMPGK2KG6CGRXX80WQ5A,2026-01-20T23:27:26.819883025Z,01KFEVKCMEF072A8GSMNZM7WH6,2026-01-20T23:27:26.819883025Z,01KFEVKCWRHS25E69CNNSC75BB,2026-01-20T23:27:26.819883025Z,true,2026-01-20T23:27:28.894941933Z
01KFEVS7FSSG2V3NXP2MY5J5Z0,01KFEV37PBC6DGWCX0HT0QWYJR,2026-01-20T23:28:04.601769594Z,,,01KFEV37PYV9HETXX2PSGE1RKD,2026-01-20T23:28:04.601769594Z,,,01KFEV8PSQBX7P1ARFP0SDDW57,2026-01-20T23:28:04.601769594Z,01KFEVKCMQT7S1XG51JFN48N08,2026-01-20T23:28:04.601769594Z,01KFEVKCZ686SAR29T6QZTRJEK,2026-01-20T23:28:04.601769594Z,true,2026-01-20T23:28:05.75100882Z
01KFEWWHSBHE1MW4VMEHM4NN64,01KFEV38GJVYY8P8B7QXSW6BTE,2026-01-20T23:47:22.027556395Z,,,01KFEV38H0S2Y42XZDBCZ2KPGY,2026-01-20T23:47:22.027556395Z,,,01KFEWKWT6PWJAE8C8359J4DRM,2026-01-20T23:47:22.027556395Z,01KFEWVM69B5XT587JT9ZENQD3,2026-01-20T23:47:22.027556395Z,01KFEWVMCYSNCGHGTRWVWDDJQG,2026-01-20T23:47:22.027556395Z,true,2026-01-20T23:47:25.081958264Z
01KFEVK9Q79T28TWFQEWQ1HHVY,01KFEV377XDCWB0CVW0E7ES8WB,2026-01-20T23:24:50.279219113Z,,,01KFEV378H0PY96RNMJTMM0E4X,2026-01-20T23:24:50.279219113Z,,,01KFEV8K48Q5MVC88J4XCQXRFY,2026-01-20T23:24:50.279219113Z,01KFEVFBC3KKXJSC7MKW9KR59A,2026-01-20T23:24:50.279219113Z,01KFEVFBH1V5T2786SV16C3KCT,2026-01-20T23:24:50.279219113Z,true,2026-01-20T23:24:53.840348818Z
01KFEVPA27WPJW0A75F58NTW6Z,01KFEV384BJYC62Y0E6AQK09K8,2026-01-20T23:26:28.935076069Z,,,01KFEV384Y33BFECW27AH8GSGD,2026-01-20T23:26:28.935076069Z,,,01KFEVCQTYNZYE4TGA9WFYBM2V,2026-01-20T23:26:28.935076069Z,01KFEVHAPS4X009VG0R6NVCP4C,2026-01-20T23:26:28.935076069Z,01KFEVHAXP371FN0F1X7TAZ940,2026-01-20T23:26:28.935076069Z,true,2026-01-20T23:26:31.237795183Z
01KFEW4W7EABYJQ3M35RJTCK2Y,01KFEV37PBC6DGWCX0HT0QWYJR,2026-01-20T23:34:26.28629532Z,,,01KFEV37Q0WSYAYKWHM2EXN0DN,2026-01-20T23:34:26.28629532Z,,,01KFEVWYACX0Z3X7HHHK5DSTDD,2026-01-20T23:34:26.28629532Z,01KFEW0GAPYHHVEVF9RP1ERMKP,2026-01-20T23:34:26.28629532Z,01KFEW0GT0PB339HB2FBMXT5EX,2026-01-20T23:34:26.28629532Z,true,2026-01-20T23:34:27.075531887Z
01KFEW7XQ9KCF74FNMV66BVZJX,01KFEV38GJVYY8P8B7QXSW6BTE,2026-01-20T23:36:06.121199809Z,,,01KFEV38H48T18ZRM15RETR33C,2026-01-20T23:36:06.121199809Z,,,01KFEVVPVMNR90RS0DGAX989B7,2026-01-20T23:36:06.121199809Z,01KFEW2K6EXRH56RSZWHGJ4HT4,2026-01-20T23:36:06.121199809Z,01KFEW2KJANC5BYYFQDW9Z8SH2,2026-01-20T23:36:06.121199809Z,true,2026-01-20T23:36:08.148501689Z
01KFEVDK4VM4WNRNREGNRY9E4W,01KFEV2BZFDRZBG3Y0249RG1TW,2026-01-20T23:21:43.323341582Z,,,01KFEV2C0CP35QE41ZMH45J8TZ,2026-01-20T23:21:43.323341582Z,,,01KFEV4PQ8V0QGQVX4KK2FPFJR,2026-01-20T23:21:43.323341582Z,01KFEVB8FWDNBSEK2Q7T0WF7KM,2026-01-20T23:21:43.323341582Z,01KFEVB8HQ343GXPGBQFAMG2VR,2026-01-20T23:21:43.323341582Z,true,2026-01-20T23:21:53.888832996Z
01KFEVH78TBQE3489X248NWSDH,01KFEV2BZFDRZBG3Y0249RG1TW,2026-01-20T23:23:42.234615498Z,true,2026-01-20T23:23:45.358612337Z,01KFEV2C0CP35QE41ZMH45J8TZ,2026-01-20T23:23:42.234615498Z,20,2026-01-20T23:23:44.414682911Z,01KFEV4PQ8V0QGQVX4KK2FPFJR,2026-01-20T23:23:42.234615498Z,01KFEVB8GASGJN0SSP4XXA8YGN,2026-01-20T23:23:42.234615498Z,01KFEVB8S3DSPTSG8ECCVZ54F7,2026-01-20T23:23:42.234615498Z,true,2026-01-20T23:23:48.39233919Z
01KFEW2XAYGNPP9Y2294NB9B1P,01KFEV384BJYC62Y0E6AQK09K8,2026-01-20T23:33:21.886473231Z,,,01KFEV385166A8JYCZ9G4DMHRQ,2026-01-20T23:33:21.886473231Z,,,01KFEVWH8M80FFRA88HYSK2ZSQ,2026-01-20T23:33:21.886473231Z,01KFEW1AHB2FYXGT0X5PGAP03X,2026-01-20T23:33:21.886473231Z,01KFEW1AR8T9V5YFM656EBAJKJ,2026-01-20T23:33:21.886473231Z,true,2026-01-20T23:33:24.713550276Z
01KFEW6PFJQ2N4R2R2F06DZWR6,01KFEV38A01XZ4DPRPFKRE96P8,2026-01-20T23:35:25.938632612Z,,,01KFEV38AHTHHCNTDGHAJN0GXG,2026-01-20T23:35:25.938632612Z,,,01KFEVW9PV7SJ42VT7GTTE4SGT,2026-01-20T23:35:25.938632612Z,01KFEW29YCZ8S174VM388XCKN4,2026-01-20T23:35:25.938632612Z,01KFEW2A76EKY5M75Q5BS6R8P6,2026-01-20T23:35:25.938632612Z,true,2026-01-20T23:35:31.280879718Z
01KFEWHHXFN2J9JC66698DYH58,01KFEVMNF44NEM58ETFST7KTWM,2026-01-20T23:41:21.711928086Z,,,01KFEVMNHFNDCGHX9QBBFN387E,2026-01-20T23:41:21.711928086Z,,,01KFEW6A5E0ZVTNJ585Y831423,2026-01-20T23:41:21.711928086Z,01KFEWEZWCJ6XC69DY4G0F5CGG,2026-01-20T23:41:21.711928086Z,01KFEWF06KBB4TN1X5QCCR0RGZ,2026-01-20T23:41:21.711928086Z,true,2026-01-20T23:41:24.332044751Z
01KFEV9E982J3GRWBHR7WSJZKH,01KFEV2BZFDRZBG3Y0249RG1TW,2026-01-20T23:19:27.272782594Z,true,2026-01-20T23:19:37.685736135Z,01KFEV2C08ND9C9BYW8N2T146P,2026-01-20T23:19:27.272782594Z,20,2026-01-20T23:19:36.087047986Z,01KFEV46YBCF5X09FCFJF4VDEY,2026-01-20T23:19:27.272782594Z,01KFEV9921HAKCJZWRN603XZDD,2026-01-20T23:19:27.272782594Z,01KFEV993QHWEYQB55RKP924HG,2026-01-20T23:19:27.272782594Z,true,2026-01-20T23:19:40.717235097Z
01KFEW78J94SACWQ6XVK0TTBZ2,01KFEV38A01XZ4DPRPFKRE96P8,2026-01-20T23:35:44.457457666Z,,,01KFEV38AHTHHCNTDGHAJN0GXG,2026-01-20T23:35:44.457457666Z,,,01KFEVW5WA494MRXETJ2N5XX03,2026-01-20T23:35:44.457457666Z,01KFEW29Z465YRECJRGWFN7MQK,2026-01-20T23:35:44.457457666Z,01KFEW2ACR1FWZY3XRBMPB09WM,2026-01-20T23:35:44.457457666Z,true,2026-01-20T23:35:48.997406484Z
01KFEVFN4RPM3CHVC9DEKQ9A6S,01KFEV2BZFDRZBG3Y0249RG1TW,2026-01-20T23:22:50.904701624Z,,,01KFEV2C0CP35QE41ZMH45J8TZ,2026-01-20T23:22:50.904701624Z,,,01KFEV7TATT805MEJDGTCA5NFM,2026-01-20T23:22:50.904701624Z,01KFEVB8G4409FE3WHQBZQY7S4,2026-01-20T23:22:50.904701624Z,01KFEVB8MWVVZYCHY5NX771YGS,2026-01-20T23:22:50.904701624Z,true,2026-01-20T23:22:53.839273726Z
01KFEVM7XY0WKNM68ZRF8XF7D3,01KFEV377XDCWB0CVW0E7ES8WB,2026-01-20T23:25:21.214364414Z,,,01KFEV378FNG971PBW7B2SPNC6,2026-01-20T23:25:21.214364414Z,,,01KFEV82H962BNCCRXPB524628,2026-01-20T23:25:21.214364414Z,01KFEVJNQN2G8FJAT7HW3SRZEK,2026-01-20T23:25:21.214364414Z,01KFEVJNVCGFBZ60JTBWPD5JCH,2026-01-20T23:25:21.214364414Z,true,2026-01-20T23:25:23.050030123Z
01KFEVNZKMBGVHMEP1S4XAP60Z,01KFEV37CWX6SQYA0RPR0C01MW,2026-01-20T23:26:18.228257261Z,,,01KFEV37DE991T271V0BRDHRJW,2026-01-20T23:26:18.228257261Z,,,01KFEVBZC2S6960QVT8J14HPMN,2026-01-20T23:26:18.228257261Z,01KFEVGBDGJG5AGHRSTRJ3T74K,2026-01-20T23:26:18.228257261Z,01KFEVGBNCGS5SFXW9FJXR5ZK2,2026-01-20T23:26:18.228257261Z,true,2026-01-20T23:26:20.627330793Z
01KFEWGVD7RRMNEYAECYKT19HA,01KFEVMNF44NEM58ETFST7KTWM,2026-01-20T23:40:58.663754384Z,,,01KFEVMNHFNDCGHX9QBBFN387E,2026-01-20T23:40:58.663754384Z,,,01KFEW6A5E0ZVTNJ585Y831423,2026-01-20T23:40:58.663754384Z,01KFEWEZVSPMEYM5WRNH1GH02Y,2026-01-20T23:40:58.663754384Z,01KFEWF026KFP0YGB8NFVYMTZX,2026-01-20T23:40:58.663754384Z,true,2026-01-20T23:41:03.454884212Z
01KFEWXRP14C3YNJ7JXBGFZDK0,01KFEV38GJVYY8P8B7QXSW6BTE,2026-01-20T23:48:01.85717052Z,,,01KFEV38H0S2Y42XZDBCZ2KPGY,2026-01-20T23:48:01.85717052Z,,,01KFEWA3ZKFQRVCEG62F0BJCT3,2026-01-20T23:48:01.85717052Z,01KFEWVM7Z966CNQ4GRP5M96EG,2026-01-20T23:48:01.85717052Z,01KFEWVMMBQXDBY3KBPT8Q2PBJ,2026-01-20T23:48:01.85717052Z,true,2026-01-20T23:48:05.453542001Z
01KFEVG2DPZD8P77CB3JFKAH5M,01KFEV2BZFDRZBG3Y0249RG1TW,2026-01-20T23:23:04.502473366Z,,,01KFEV2C0CP35QE41ZMH45J8TZ,2026-01-20T23:23:04.502473366Z,,,01KFEV4PQ8V0QGQVX4KK2FPFJR,2026-01-20T23:23:04.502473366Z,01KFEVB8G65XGTDB93SACT6HAB,2026-01-20T23:23:04.502473366Z,01KFEVB8NW9J6J7AN1QGD0GY9T,2026-01-20T23:23:04.502473366Z,true,2026-01-20T23:23:06.95650138Z
01KFEVN07J8Q22YFJ92YV7PM21,01KFEV37CWX6SQYA0RPR0C01MW,2026-01-20T23:25:46.098421487Z,false,2026-01-20T23:25:54.380377909Z,01KFEV37DE991T271V0BRDHRJW,2026-01-20T23:25:46.098421487Z,7,2026-01-20T23:25:53.261420682Z,01KFEV8CTFEWEE7C0ZM9KMYRSE,2026-01-20T23:25:46.098421487Z,01KFEVGBDARE4SPS0QMKPAHCAT,2026-01-20T23:25:46.098421487Z,01KFEVGBKASV6C215QNZW4J2B2,2026-01-20T23:25:46.098421487Z,true,2026-01-20T23:25:57.369415014Z
01KFEVNW3Q2T2VZP0QCC1EFVKC,01KFEV37PBC6DGWCX0HT0QWYJR,2026-01-20T23:26:14.647620328Z,,,01KFEV37PYV9HETXX2PSGE1RKD,2026-01-20T23:26:14.647620328Z,,,01KFEVDMPGK2KG6CGRXX80WQ5A,2026-01-20T23:26:14.647620328Z,01KFEVKCMXV1V0WG8YMMXT3XTM,2026-01-20T23:26:14.647620328Z,01KFEVKCRJR9BSPBHV99EFT0BF,2026-01-20T23:26:14.647620328Z,true,2026-01-20T23:26:20.154205033Z
01KFEVR47GJT7S9TW63MHHFFYD,01KFEV38A01XZ4DPRPFKRE96P8,2026-01-20T23:27:28.496175988Z,,,01KFEV38AJ2CFPYBQZ58NH0V5J,2026-01-20T23:27:28.496175988Z,,,01KFEVB815BQW2TQ29HHMDQ2FB,2026-01-20T23:27:28.496175988Z,01KFEVJWRSS59EY80VVB66B760,2026-01-20T23:27:28.496175988Z,01KFEVJWW3STVJHRKA0E4B9B0C,2026-01-20T23:27:28.496175988Z,true,2026-01-20T23:27:42.384095021Z
01KFEVS92TZKHA3MC3PQ3HW0F7,01KFEV37PBC6DGWCX0HT0QWYJR,2026-01-20T23:28:06.234310469Z,,,01KFEV37PYV9HETXX2PSGE1RKD,2026-01-20T23:28:06.234310469Z,,,01KFEVDMPGK2KG6CGRXX80WQ5A,2026-01-20T23:28:06.234310469Z,01KFEVKCMQT7S1XG51JFN48N08,2026-01-20T23:28:06.234310469Z,01KFEVKCZA3KZDZJGT9C939PHP,2026-01-20T23:28:06.234310469Z,true,2026-01-20T23:28:12.659497518Z
01KFEW8J8H2XP87W3QFJY72HTC,01KFEV38A01XZ4DPRPFKRE96P8,2026-01-20T23:36:27.153142134Z,,,01KFEV38AHTHHCNTDGHAJN0GXG,2026-01-20T23:36:27.153142134Z,,,01KFEVW9PV7SJ42VT7GTTE4SGT,2026-01-20T23:36:27.153142134Z,01KFEW2A0EJTQ1J903ZRJRFAD8,2026-01-20T23:36:27.153142134Z,01KFEW2AFA76NPFD83DJM4VWQB,2026-01-20T23:36:27.153142134Z,true,2026-01-20T23:36:29.662590558Z
01KFEVAFDP9GRJEY2PENDJ2WJ8,01KFEV2BZFDRZBG3Y0249RG1TW,2026-01-20T23:20:01.20701379Z,,,01KFEV2C08ND9C9BYW8N2T146P,2026-01-20T23:20:01.20701379Z,,,01KFEV46YBCF5X09FCFJF4VDEY,2026-01-20T23:20:01.20701379Z,01KFEV992BY8ZQV1K5DH9Q0F8T,2026-01-20T23:20:01.20701379Z,01KFEV9960CJQVQSMSDWTAWZVQ,2026-01-20T23:20:01.20701379Z,true,2026-01-20T23:20:02.351770898Z
01KFEVP1VE36FZ23SMBNDWGM7T,01KFEV37PBC6DGWCX0HT0QWYJR,2026-01-20T23:26:20.526403449Z,,,01KFEV37PYV9HETXX2PSGE1RKD,2026-01-20T23:26:20.526403449Z,,,01KFEV8PSQBX7P1ARFP0SDDW57,2026-01-20T23:26:20.526403449Z,01KFEVKCN0QWK45TM5NYNV4WNH,2026-01-20T23:26:20.526403449Z,01KFEVKCS5YF45WJXBY33V1E4B,2026-01-20T23:26:20.526403449Z,true,2026-01-20T23:26:29.210087808Z
01KFEVHJQP3YNYT58X40P2XK17,01KFEV377XDCWB0CVW0E7ES8WB,2026-01-20T23:23:53.974280144Z,,,01KFEV378H0PY96RNMJTMM0E4X,2026-01-20T23:23:53.974280144Z,,,01KFEV8K48Q5MVC88J4XCQXRFY,2026-01-20T23:23:53.974280144Z,01KFEVFBC119EVVS3DCZ8BFX5M,2026-01-20T23:23:53.974280144Z,01KFEVFBFBD8GAFDCCKYTPDK4W,2026-01-20T23:23:53.974280144Z,true,2026-01-20T23:23:56.772928106Z
01KFEVNB9Y94PCM1QDSTG6CN09,01KFEV377XDCWB0CVW0E7ES8WB,2026-01-20T23:25:57.438344582Z,true,2026-01-20T23:26:02.465930783Z,01KFEV378FNG971PBW7B2SPNC6,2026-01-20T23:25:57.438344582Z,20,2026-01-20T23:26:00.905997413Z,01KFEV82H962BNCCRXPB524628,2026-01-20T23:25:57.438344582Z,01KFEVJNRJZH5GPQKMH4ZHTKNX,2026-01-20T23:25:57.438344582Z,01KFEVJNYMENXQFAESZ8ZDC3WJ,2026-01-20T23:25:57.438344582Z,true,2026-01-20T23:26:05.504361104Z
01KFEW7M42R7FYQ857GYHT3QBV,01KFEVMN9Q125N5N16W4WNYJXF,2026-01-20T23:35:56.290158632Z,,,01KFEVMNBC23RB4D79KEQ4G0VS,2026-01-20T23:35:56.290158632Z,,,01KFEVX608THP5F5HX3GYF0X1K,2026-01-20T23:35:56.290158632Z,01KFEW3VN02RCSZ9DCBE78BGPQ,2026-01-20T23:35:56.290158632Z,01KFEW3W4N7M11MH9143EW27RK,2026-01-20T23:35:56.290158632Z,true,2026-01-20T23:35:57.695261259Z
01KFEWEJ5DM0HM6CT6M1P0TMK4,01KFEV38A01XZ4DPRPFKRE96P8,2026-01-20T23:39:43.661995384Z,,,01KFEV38AJ2CFPYBQZ5JKK7PV4,2026-01-20T23:39:43.661995384Z,,,01KFEW2CHJQZ9TDCN78BA2VKEM,2026-01-20T23:39:43.661995384Z,01KFEW9RRB19NTDMQ39CJ149E9,2026-01-20T23:39:43.661995384Z,01KFEW9S1VFE1YERZZCHKZTCT7,2026-01-20T23:39:43.661995384Z,true,2026-01-20T23:39:52.181412849Z
01KFEWYW3E8T5RQW9V6GGSMZV3,01KFEV38GJVYY8P8B7QXSW6BTE,2026-01-20T23:48:38.126039563Z,,,01KFEV38H0S2Y42XZDBCZ2KPGY,2026-01-20T23:48:38.126039563Z,,,01KFEWKWT6PWJAE8C8359J4DRM,2026-01-20T23:48:38.126039563Z,01KFEWVM9PT51YW4VST0CM6RSJ,2026-01-20T23:48:38.126039563Z,01KFEWVMZQHTZS5FR7BZZ4G0BG,2026-01-20T23:48:38.126039563Z,true,2026-01-20T23:48:39.506440357Z
01KFEVNXFT09J2TYGZ9673DSED,01KFEV377XDCWB0CVW0E7ES8WB,2026-01-20T23:26:16.058982875Z,,,01KFEV378H0PY96RNMJTMM0E4X,2026-01-20T23:26:16.058982875Z,,,01KFEV8K48Q5MVC88J4XCQXRFY,2026-01-20T23:26:16.058982875Z,01KFEVFBC64AYPBZTJES2B20FR,2026-01-20T23:26:16.058982875Z,01KFEVFBKXK5VPEJ465Z7HN7PM,2026-01-20T23:26:16.058982875Z,true,2026-01-20T23:26:20.283872561Z
01KFEW3GQ1T4PGNEXDS256A0HG,01KFEV38GJVYY8P8B7QXSW6BTE,2026-01-20T23:33:41.729729814Z,,,01KFEV38H48T18ZRM15RETR33C,2026-01-20T23:33:41.729729814Z,,,01KFEVYB6HS3VX2GA7D4G2GPMT,2026-01-20T23:33:41.729729814Z,01KFEW2K4DS1T10ZD4EFNDXX1X,2026-01-20T23:33:41.729729814Z,01KFEW2K90Z38CVEMEDBTXC7HT,2026-01-20T23:33:41.729729814Z,true,2026-01-20T23:33:52.588240305Z
01KFEWKXBYX724ETVVMMCR2TD4,01KFEVMNF44NEM58ETFST7KTWM,2026-01-20T23:42:38.974375451Z,,,01KFEVMNHFNDCGHX9QBBFN387E,2026-01-20T23:42:38.974375451Z,,,01KFEW78ZH0TY6JQ9J3GJMR3E3,2026-01-20T23:42:38.974375451Z,01KFEWEZZ027F3GXZBY5D0NC1V,2026-01-20T23:42:38.974375451Z,01KFEWF0EAEXTDWKBS9B4P66PV,2026-01-20T23:42:38.974375451Z,true,2026-01-20T23:42:42.938064298Z
01KFEVMFKFN8FQ2JJFKFZQAW9C,01KFEV377XDCWB0CVW0E7ES8WB,2026-01-20T23:25:29.071581505Z,,,01KFEV378PDZP87HXSESW6BA01,2026-01-20T23:25:29.071581505Z,,,01KFEV79YCQMQRJYZ004NV66QN,2026-01-20T23:25:29.071581505Z,01KFEVF1QPFHJRQAHKCB8DRQ6Y,2026-01-20T23:25:29.071581505Z,01KFEVF215DPDQP3RVA0BB4D2G,2026-01-20T23:25:29.071581505Z,true,2026-01-20T23:25:32.299855749Z
01KFEVP8TJQM0B8E5ZZ7PA7VQR,01KFEV38A01XZ4DPRPFKRE96P8,2026-01-20T23:26:27.666337723Z,,,01KFEV38AJ2CFPYBQZ58NH0V5J,2026-01-20T23:26:27.666337723Z,,,01KFEVE55BQ40NXX8QW3R5RX0T,2026-01-20T23:26:27.666337723Z,01KFEVJWRBMK18VGXT9RA26R1D,2026-01-20T23:26:27.666337723Z,01KFEVJWVDD6V8A5ZZPD91ARXX,2026-01-20T23:26:27.666337723Z,true,2026-01-20T23:26:31.242894304Z
01KFEWHWQ64P7GB9ATG1CA6329,01KFEVMN9Q125N5N16W4WNYJXF,2026-01-20T23:41:32.774984743Z,true,2026-01-20T23:41:38.781292688Z,01KFEVMNAWK7WRWM1AMQZKX6SA,2026-01-20T23:41:32.774984743Z,20,2026-01-20T23:41:37.655641592Z,01KFEW4NGJQK3SC6VDT657XA1V,2026-01-20T23:41:32.774984743Z,01KFEWE8VTHQXWKT1AXEXQ666A,2026-01-20T23:41:32.774984743Z,01KFEWE9AYVM4G7HE3EAHEA38J,2026-01-20T23:41:32.774984743Z,true,2026-01-20T23:41:41.78332726Z
01KFEWVYNPZK859SZTS5YTPD6V,01KFEV38GJVYY8P8B7QXSW6BTE,2026-01-20T23:47:02.454366356Z,true,2026-01-20T23:47:13.037905127Z,01KFEV38H0S2Y42XZDBCZ2KPGY,2026-01-20T23:47:02.454366356Z,0,2026-01-20T23:47:11.243263427Z,01KFEWA3ZKFQRVCEG62F0BJCT3,2026-01-20T23:47:02.454366356Z,01KFEWVM5D5SBJNDB59MH62QTJ,2026-01-20T23:47:02.454366356Z,01KFEWVMB54ESHH9BYYDC2CP2C,2026-01-20T23:47:02.454366356Z,true,2026-01-20T23:47:16.047344815Z
01KFEVJG904A688EWQZ8A8057Z,01KFEV384BJYC62Y0E6AQK09K8,2026-01-20T23:24:24.224260444Z,,,01KFEV384Y33BFECW27AH8GSGD,2026-01-20T23:24:24.224260444Z,,,01KFEVF34Y0A3VWJYX9367Q9EA,2026-01-20T23:24:24.224260444Z,01KFEVHANVAXDMRTQWSCF4AN6J,2026-01-20T23:24:24.224260444Z,01KFEVHARQ965Q8BH95T82VCT1,2026-01-20T23:24:24.224260444Z,true,2026-01-20T23:24:29.075325618Z
01KFEW4R52CDT01575T0Z7ZZPH,01KFEV38GJVYY8P8B7QXSW6BTE,2026-01-20T23:34:22.114957196Z,,,01KFEV38H48T18ZRM15RETR33C,2026-01-20T23:34:22.114957196Z,,,01KFEVYB6HS3VX2GA7D4G2GPMT,2026-01-20T23:34:22.114957196Z,01KFEW2K3YS06VARVY9G44T7TD,2026-01-20T23:34:22.114957196Z,01KFEW2KABXT4KEECMXB2KWEXS,2026-01-20T23:34:22.114957196Z,true,2026-01-20T23:34:29.570950892Z
01KFEWB5ZJCZDKYSG2QM4HJQ4H,01KFEV384BJYC62Y0E6AQK09K8,2026-01-20T23:37:52.883018251Z,,,01KFEV384Z68A1Z7ZGWS1GDSZK,2026-01-20T23:37:52.883018251Z,,,01KFEW2C8HX8QQZV0FHE0EMNPN,2026-01-20T23:37:52.883018251Z,01KFEW9NENJKDJEWHE1997FMH2,2026-01-20T23:37:52.883018251Z,01KFEW9NM4X7W2CZ2PB10F7HFZ,2026-01-20T23:37:52.883018251Z,true,2026-01-20T23:37:56.792885161Z
01KFEWCC0TWQS6417DTGY6EJWP,01KFEV384BJYC62Y0E6AQK09K8,2026-01-20T23:38:31.83480631Z,,,01KFEV384Z68A1Z7ZGWS1GDSZK,2026-01-20T23:38:31.83480631Z,,,01KFEW2C8HX8QQZV0FHE0EMNPN,2026-01-20T23:38:31.83480631Z,01KFEW9NF9DWA4J0HBQTHH1DYZ,2026-01-20T23:38:31.83480631Z,01KFEW9NTRNH1Y17NAADREG30M,2026-01-20T23:38:31.83480631Z,true,2026-01-20T23:38:37.152110854Z
01KFEVGPMCNSJNGHR3MKV3ED6A,01KFEV377XDCWB0CVW0E7ES8WB,2026-01-20T23:23:25.196611223Z,,,01KFEV378PDZP87HXSESW6BA01,2026-01-20T23:23:25.196611223Z,,,01KFEV6V20FH8Q8TGZN4SVCF5R,2026-01-20T23:23:25.196611223Z,01KFEVF1PSMKDKXGX0N31K7DMV,2026-01-20T23:23:25.196611223Z,01KFEVF1VQY9GZMV002BQP9XBC,2026-01-20T23:23:25.196611223Z,true,2026-01-20T23:23:31.667360491Z
01KFEVRHX75CVC82X1WCWRC047,01KFEV38A01XZ4DPRPFKRE96P8,2026-01-20T23:27:42.503757397Z,,,01KFEV38AJ2CFPYBQZ58NH0V5J,2026-01-20T23:27:42.503757397Z,,,01KFEVB815BQW2TQ29HHMDQ2FB,2026-01-20T23:27:42.503757397Z,01KFEVJWRXFH0A02EP0EXWZF8R,2026-01-20T23:27:42.503757397Z,01KFEVJWWJ5970HNVJHPD9FVQ0,2026-01-20T23:27:42.503757397Z,true,2026-01-20T23:27:51.634381056Z
01KFEVW3ZD7W96QTAN30TW409E,01KFEV37CWX6SQYA0RPR0C01MW,2026-01-20T23:29:39.309178246Z,,,01KFEV37DAAK9E08F076WKMM6J,2026-01-20T23:29:39.309178246Z,,,01KFEVGWWQWT7BAZNJDAAA325H,2026-01-20T23:29:39.309178246Z,01KFEVRWS6SQ4NE2BVQ7YM3A1B,2026-01-20T23:29:39.309178246Z,01KFEVRX10XFZ7ATGQ8QB0RVPK,2026-01-20T23:29:39.309178246Z,true,2026-01-20T23:29:46.195715971Z
01KFEW6Y9XF5F77XR5W9FT2KCW,01KFEV38A01XZ4DPRPFKRE96P8,2026-01-20T23:35:33.949379005Z,,,01KFEV38AHTHHCNTDGHAJN0GXG,2026-01-20T23:35:33.949379005Z,,,01KFEVW9PV7SJ42VT7GTTE4SGT,2026-01-20T23:35:33.949379005Z,01KFEW29YK600XP5H2XZZBAHW4,2026-01-20T23:35:33.949379005Z,01KFEW2A8CRVV49A51P5SRN1WG,2026-01-20T23:35:33.949379005Z,true,2026-01-20T23:35:38.302819064Z
01KFEVGGEAXF9WQHJJ2MZZQYBA,01KFEV377XDCWB0CVW0E7ES8WB,2026-01-20T23:23:18.858699294Z,,,01KFEV378H0PY96RNMJTMM0E4X,2026-01-20T23:23:18.858699294Z,,,01KFEV8K48Q5MVC88J4XCQXRFY,2026-01-20T23:23:18.858699294Z,01KFEVFBBVXX7KP33DJ657NRX6,2026-01-20T23:23:18.858699294Z,01KFEVFBE8MNKT28ADQTGGC100,2026-01-20T23:23:18.858699294Z,true,2026-01-20T23:23:21.99968044Z
01KFEVK2MHNMJWZJ1P61Q9DS6K,01KFEV37CWX6SQYA0RPR0C01MW,2026-01-20T23:24:43.025340493Z,true,2026-01-20T23:25:03.421676208Z,01KFEV37DE991T271V0NJ5BY6K,2026-01-20T23:24:43.025340493Z,19,2026-01-20T23:25:02.032137484Z,01KFEV7RE3Q2MQ5NN8AGQ7Y4PK,2026-01-20T23:24:43.025340493Z,01KFEVJEK28P9JKPHKVPX8VP2T,2026-01-20T23:24:43.025340493Z,01KFEVJEM832WNXEDPDPN7P29D,2026-01-20T23:24:43.025340493Z,true,2026-01-20T23:25:06.425177578Z
01KFEW7YTMSVMZBBA10ZRRF43Q,01KFEVMN9Q125N5N16W4WNYJXF,2026-01-20T23:36:07.252778251Z,true,2026-01-20T23:36:12.6402447Z,01KFEVMNBC23RB4D79KEQ4G0VS,2026-01-20T23:36:07.252778251Z,29,2026-01-20T23:36:11.72340284Z,01KFEVX608THP5F5HX3GYF0X1K,2026-01-20T23:36:07.252778251Z,01KFEW3VNM3T348MBV77A05Z67,2026-01-20T23:36:07.252778251Z,01KFEW3W94EXE99NNH9HGAG1SS,2026-01-20T23:36:07.252778251Z,true,2026-01-20T23:36:15.718503999Z
01KFEWB503JRPKQXG0F541ZYNE,01KFEV38A01XZ4DPRPFKRE96P8,2026-01-20T23:37:51.875382296Z,,,01KFEV38AJ2CFPYBQZ5JKK7PV4,2026-01-20T23:37:51.875382296Z,,,01KFEW2CHJQZ9TDCN78BA2VKEM,2026-01-20T23:37:51.875382296Z,01KFEW9RN40QG3K2B84WKGV58C,2026-01-20T23:37:51.875382296Z,01KFEW9RVSTE58BT8B9BT1ZE0A,2026-01-20T23:37:51.875382296Z,true,2026-01-20T23:37:58.534756986Z
01KFEWHHX8GP4DNQ21KRCKC31M,01KFEVMNF44NEM58ETFST7KTWM,2026-01-20T23:41:21.704648238Z,,,01KFEVMNHFNDCGHX9QBBFN387E,2026-01-20T23:41:21.704648238Z,,,01KFEW78ZH0TY6JQ9J3GJMR3E3,2026-01-20T23:41:21.704648238Z,01KFEWEZWCJ6XC69DY4G0F5CGG,2026-01-20T23:41:21.704648238Z,01KFEWF06KBB4TN1X5QCCR0RGZ,2026-01-20T23:41:21.704648238Z,true,2026-01-20T23:41:25.623591525Z
01KFEWJT3NSY563138ABQZ95W5,01KFEVMNF44NEM58ETFST7KTWM,2026-01-20T23:42:02.869586734Z,,,01KFEVMNHFNDCGHX9QBBFN387E,2026-01-20T23:42:02.869586734Z,,,01KFEW78ZH0TY6JQ9J3GJMR3E3,2026-01-20T23:42:02.869586734Z,01KFEWEZZBBNA6YGF5KBEE6WA6,2026-01-20T23:42:02.869586734Z,01KFEWF0CS5V0JF5NSVFJY44KA,2026-01-20T23:42:02.869586734Z,,
01KFEVA72E3W77ZBVVAEN8VTYT,01KFEV2BZFDRZBG3Y0249RG1TW,2026-01-20T23:19:52.654731899Z,,,01KFEV2C08ND9C9BYW8N2T146P,2026-01-20T23:19:52.654731899Z,,,01KFEV4APCG117QZ1ZVXNKCJFC,2026-01-20T23:19:52.654731899Z,01KFEV9922CCX65P8NS08ZA7AP,2026-01-20T23:19:52.654731899Z,01KFEV994WPR1ZRJB0DH2BY57H,2026-01-20T23:19:52.654731899Z,true,2026-01-20T23:19:55.284298726Z
01KFEVJ7YSEHCK5NQASYAJQXNR,01KFEV377XDCWB0CVW0E7ES8WB,2026-01-20T23:24:15.705813779Z,,,01KFEV378H0PY96RNMJFNCN7TE,2026-01-20T23:24:15.705813779Z,,,01KFEVA045MDV6WERMTEQ3VAYR,2026-01-20T23:24:15.705813779Z,01KFEVEHGVFGMMBCQD0VZCXWY0,2026-01-20T23:24:15.705813779Z,01KFEVEHMSCT1FSWKSCS4YTNFX,2026-01-20T23:24:15.705813779Z,true,2026-01-20T23:24:16.845318244Z
01KFEVN59T873HF69YWCRQATRQ,01KFEV377XDCWB0CVW0E7ES8WB,2026-01-20T23:25:51.290129573Z,,,01KFEV378FNG971PBW7B2SPNC6,2026-01-20T23:25:51.290129573Z,,,01KFEVCRBGBMN5MZZVZA8FPX1Z,2026-01-20T23:25:51.290129573Z,01KFEVJNRMV8QKDD2GX9TGRBPY,2026-01-20T23:25:51.290129573Z,01KFEVJNXTSNQS0CPBSSW748RM,2026-01-20T23:25:51.290129573Z,true,2026-01-20T23:25:52.713458389Z
01KFEW5273JAYFG72JCH3HPQ5H,01KFEV38A01XZ4DPRPFKRE96P8,2026-01-20T23:34:32.419917215Z,,,01KFEV38AHTHHCNTDGHAJN0GXG,2026-01-20T23:34:32.419917215Z,,,01KFEVW5WA494MRXETJ2N5XX03,2026-01-20T23:34:32.419917215Z,01KFEW29XZMZF1P4K1A2ZTGRQ6,2026-01-20T23:34:32.419917215Z,01KFEW2A511YZVW8QW05GGCNRX,2026-01-20T23:34:32.419917215Z,true,2026-01-20T23:34:35.820837536Z
01KFEW8ZNYA2GC19A871YN7PFX,01KFEV38A01XZ4DPRPFKRE96P8,2026-01-20T23:36:40.894149137Z,true,2026-01-20T23:36:52.16000959Z,01KFEV38AHTHHCNTDGHAJN0GXG,2026-01-20T23:36:40.894149137Z,10,2026-01-20T23:36:49.484900042Z,01KFEVW9PV7SJ42VT7GTTE4SGT,2026-01-20T23:36:40.894149137Z,01KFEW29ZYEEN9EXZHWPRR43NM,2026-01-20T23:36:40.894149137Z,01KFEW2AHYRBBYE7FBZ4QFNBD7,2026-01-20T23:36:40.894149137Z,true,2026-01-20T23:36:55.059199522Z
01KFEWB50EC3R4VEER9R48A5CS,01KFEV38A01XZ4DPRPFKRE96P8,2026-01-20T23:37:51.886689453Z,,,01KFEV38AJ2CFPYBQZ5JKK7PV4,2026-01-20T23:37:51.886689453Z,,,01KFEW61CSGZMFE4TZ96QA9A06,2026-01-20T23:37:51.886689453Z,01KFEW9RN40QG3K2B84WKGV58C,2026-01-20T23:37:51.886689453Z,01KFEW9RVSTE58BT8B9BT1ZE0A,2026-01-20T23:37:51.886689453Z,true,2026-01-20T23:38:01.825277574Z
01KFEWH4D75DWYMD0KQP7EMN06,01KFEVMN9Q125N5N16W4WNYJXF,2026-01-20T23:41:07.879975471Z,true,2026-01-20T23:41:16.172799524Z,01KFEVMNAWK7WRWM1AMQZKX6SA,2026-01-20T23:41:07.879975471Z,20,2026-01-20T23:41:14.041542354Z,01KFEW4NGJQK3SC6VDT657XA1V,2026-01-20T23:41:07.879975471Z,01KFEWE8X78MX8FTH7TFT5G1TY,2026-01-20T23:41:07.879975471Z,01KFEWE94V028GVN39MNGR42GD,2026-01-20T23:41:07.879975471Z,true,2026-01-20T23:41:19.18758823Z
01KFEVKQSYY6GW8YV6V563QW7E,01KFEV377XDCWB0CVW0E7ES8WB,2026-01-20T23:25:04.702288115Z,,,01KFEV378H0PY96RNMJTMM0E4X,2026-01-20T23:25:04.702288115Z,,,01KFEV8TC8AZEPV3G36SCZ12C3,2026-01-20T23:25:04.702288115Z,01KFEVFBC4VT3BJNSHXYV9QVPD,2026-01-20T23:25:04.702288115Z,01KFEVFBHHN2PZ9950WDETFGZF,2026-01-20T23:25:04.702288115Z,true,2026-01-20T23:25:15.796094494Z
01KFEVWN5SF043D2R8MGVAG2PD,01KFEV37PBC6DGWCX0HT0QWYJR,2026-01-20T23:29:56.921989844Z,true,2026-01-20T23:30:14.321049366Z,01KFEV37PV76WD06T50QFKE80T,2026-01-20T23:29:56.921989844Z,19,2026-01-20T23:30:12.959811824Z,01KFEVJMQNGBVWZMGKK0EQB935,2026-01-20T23:29:56.921989844Z,01KFEVS2YSDC5M1CSQ45WYXFCB,2026-01-20T23:29:56.921989844Z,01KFEVS3BABFE41R2X9RQV70AV,2026-01-20T23:29:56.921989844Z,true,2026-01-20T23:30:17.337463993Z
01KFEW1MZNSCT4R3430E9S7TMH,01KFEV384BJYC62Y0E6AQK09K8,2026-01-20T23:32:40.565612129Z,true,2026-01-20T23:33:02.127554435Z,01KFEV385166A8JYCZ9G4DMHRQ,2026-01-20T23:32:40.565612129Z,10,2026-01-20T23:32:57.978603179Z,01KFEVWH8M80FFRA88HYSK2ZSQ,2026-01-20T23:32:40.565612129Z,01KFEW1AGDXB9F3CBJZD9ZH5QQ,2026-01-20T23:32:40.565612129Z,01KFEW1AMTEGT7MFYAG1TZNWVX,2026-01-20T23:32:40.565612129Z,true,2026-01-20T23:33:05.125519961Z
01KFEW75A8MHZJGDFDN4N63DQ0,01KFEV38GJVYY8P8B7QXSW6BTE,2026-01-20T23:35:41.128834475Z,,,01KFEV38H48T18ZRM15RETR33C,2026-01-20T23:35:41.128834475Z,,,01KFEVVPVMNR90RS0DGAX989B7,2026-01-20T23:35:41.128834475Z,01KFEW2K6YFW0YHD45MRGH06TF,2026-01-20T23:35:41.128834475Z,01KFEW2KFYBK8SXGPNRXHVNHA9,2026-01-20T23:35:41.128834475Z,true,2026-01-20T23:35:42.218772237Z
01KFEW7V17FHN846V6FFTZX2B4,01KFEV38GJVYY8P8B7QXSW6BTE,2026-01-20T23:36:03.368007036Z,,,01KFEV38H48T18ZRM15RETR33C,2026-01-20T23:36:03.368007036Z,,,01KFEVYB6HS3VX2GA7D4G2GPMT,2026-01-20T23:36:03.368007036Z,01KFEW2K6EXRH56RSZWHGJ4HT4,2026-01-20T23:36:03.368007036Z,01KFEW2KJ0AA62B105PPG3TF79,2026-01-20T23:36:03.368007036Z,true,2026-01-20T23:36:06.0444287Z
01KFEWGN2ER6EFXH8D2AMGRW5X,01KFEVMNF44NEM58ETFST7KTWM,2026-01-20T23:40:52.174984907Z,,,01KFEVMNHFNDCGHX9QBBFN387E,2026-01-20T23:40:52.174984907Z,,,01KFEW78ZH0TY6JQ9J3GJMR3E3,2026-01-20T23:40:52.174984907Z,01KFEWEZVSPMEYM5WRNH1GH02Y,2026-01-20T23:40:52.174984907Z,01KFEWF01ZN92XV17QSN1BV8CS,2026-01-20T23:40:52.174984907Z,true,2026-01-20T23:40:58.571539414Z
01KFEVCKJ8ENC9VFDTXBE0FRM1,01KFEV2BZFDRZBG3Y0249RG1TW,2026-01-20T23:21:10.984707908Z,,,01KFEV2C0EQZAQP8AFWFARX9S3,2026-01-20T23:21:10.984707908Z,,,01KFEV4F59CE4SZAQ7AMYA0Y6G,2026-01-20T23:21:10.984707908Z,01KFEVCJJ5D5JFKFHHY6M7CQMN,2026-01-20T23:21:10.984707908Z,01KFEVCJKR63155ZJJGXQC45S2,2026-01-20T23:21:10.984707908Z,true,2026-01-20T23:21:18.36140581Z
01KFEVFCGE7QS5Q4NRT2EKF12C,01KFEV377XDCWB0CVW0E7ES8WB,2026-01-20T23:22:42.062859477Z,,,01KFEV378H0PY96RNMJTMM0E4X,2026-01-20T23:22:42.062859477Z,,,01KFEV8TC8AZEPV3G36SCZ12C3,2026-01-20T23:22:42.062859477Z,01KFEVFBBRK2GJ0MGS3FRA88XS,2026-01-20T23:22:42.062859477Z,01KFEVFBDPVK21Y9T65HSR402D,2026-01-20T23:22:42.062859477Z,true,2026-01-20T23:22:48.735929542Z
01KFEVP570XBA2KKB39EJ8CBMH,01KFEV384BJYC62Y0E6AQK09K8,2026-01-20T23:26:23.968185386Z,,,01KFEV384Y33BFECW27AH8GSGD,2026-01-20T23:26:23.968185386Z,,,01KFEVF34Y0A3VWJYX9367Q9EA,2026-01-20T23:26:23.968185386Z,01KFEVHAPS4X009VG0R6NVCP4C,2026-01-20T23:26:23.968185386Z,01KFEVHAXMFXKNK5YR2SK9B913,2026-01-20T23:26:23.968185386Z,true,2026-01-20T23:26:26.042309328Z
01KFEWH5P94JM1DTV5T0QH6B6X,01KFEVMNF44NEM58ETFST7KTWM,2026-01-20T23:41:09.19378657Z,,,01KFEVMNHFNDCGHX9QBBFN387E,2026-01-20T23:41:09.19378657Z,,,01KFEW6A5E0ZVTNJ585Y831423,2026-01-20T23:41:09.19378657Z,01KFEWEZW39PKTAP5FDZHRCHWA,2026-01-20T23:41:09.19378657Z,01KFEWF03MX313N8CAA7A6VBXG,2026-01-20T23:41:09.19378657Z,true,2026-01-20T23:41:12.643874814Z
01KFEW61M06S75EB8JJ4KQEQGX,01KFEVMN9Q125N5N16W4WNYJXF,2026-01-20T23:35:04.576077225Z,,,01KFEVMNBC23RB4D79KEQ4G0VS,2026-01-20T23:35:04.576077225Z,,,01KFEVXFAQE8X4YEWXW17GBY46,2026-01-20T23:35:04.576077225Z,01KFEW3VJN8ZKAM3Y64XBX8BFB,2026-01-20T23:35:04.576077225Z,01KFEW3VSQRB720ECCBZ7KHSF4,2026-01-20T23:35:04.576077225Z,true,2026-01-20T23:35:07.790509971Z
01KFEW7M4AMZYMXX8M2PPN5FWK,01KFEVMN9Q125N5N16W4WNYJXF,2026-01-20T23:35:56.298174351Z,,,01KFEVMNBC23RB4D79KEQ4G0VS,2026-01-20T23:35:56.298174351Z,,,01KFEVXFAQE8X4YEWXW17GBY46,2026-01-20T23:35:56.298174351Z,01KFEW3VN02RCSZ9DCBE78BGPQ,2026-01-20T23:35:56.298174351Z,01KFEW3W4N7M11MH9143EW27RK,2026-01-20T23:35:56.298174351Z,true,2026-01-20T23:35:57.448666195Z
01KFEVBE36TPJBSZMP1WQXT6Z3,01KFEV2BZFDRZBG3Y0249RG1TW,2026-01-20T23:20:32.614735532Z,,,01KFEV2C08ND9C9BYW8N2T146P,2026-01-20T23:20:32.614735532Z,,,01KFEV4APCG117QZ1ZVXNKCJFC,2026-01-20T23:20:32.614735532Z,01KFEV992G0QHTRMA6CN52MSYK,2026-01-20T23:20:32.614735532Z,01KFEV999RXK2S5ND30A2E79T1,2026-01-20T23:20:32.614735532Z,true,2026-01-20T23:20:33.898729287Z
01KFEVK3FBZZQJTBNTAAMTX6ZB,01KFEV384BJYC62Y0E6AQK09K8,2026-01-20T23:24:43.883413517Z,true,2026-01-20T23:24:56.699907289Z,01KFEV384Y33BFECW27AH8GSGD,2026-01-20T23:24:43.883413517Z,10,2026-01-20T23:24:55.253323469Z,01KFEVCQTYNZYE4TGA9WFYBM2V,2026-01-20T23:24:43.883413517Z,01KFEVHAP1ZGR28S54Q15ESMWZ,2026-01-20T23:24:43.883413517Z,01KFEVHAT2BEW3PKHD7EZ3FY0T,2026-01-20T23:24:43.883413517Z,true,2026-01-20T23:24:59.74436492Z
01KFEVWHGRK304BTREFVT4M5WA,01KFEV38A01XZ4DPRPFKRE96P8,2026-01-20T23:29:53.176535582Z,true,2026-01-20T23:30:02.303967054Z,01KFEV38AJ2CFPYBQZ58NH0V5J,2026-01-20T23:29:53.176535582Z,0,2026-01-20T23:30:01.023590821Z,01KFEVB815BQW2TQ29HHMDQ2FB,2026-01-20T23:29:53.176535582Z,01KFEVJWSHXHZWD0VRVR4R2P45,2026-01-20T23:29:53.176535582Z,01KFEVJX24VN11DBQBK7G790RX,2026-01-20T23:29:53.176535582Z,true,2026-01-20T23:30:05.326169755Z
01KFEW3K1HJXJ0AFHB7D8EP31D,01KFEV37PBC6DGWCX0HT0QWYJR,2026-01-20T23:33:44.113675007Z,,,01KFEV37Q0WSYAYKWHM2EXN0DN,2026-01-20T23:33:44.113675007Z,,,01KFEVWYACX0Z3X7HHHK5DSTDD,2026-01-20T23:33:44.113675007Z,01KFEW0G9XAWS7DYHEE7AAN198,2026-01-20T23:33:44.113675007Z,01KFEW0GK8WD4F5J3ZNG1MBTZQ,2026-01-20T23:33:44.113675007Z,true,2026-01-20T23:33:45.242295572Z
01KFEW425S73GFWBHJ91S8W9E1,01KFEV384BJYC62Y0E6AQK09K8,2026-01-20T23:33:59.609218259Z,,,01KFEV385166A8JYCZ9G4DMHRQ,2026-01-20T23:33:59.609218259Z,,,01KFEVY502SJ2FK1Q7WFM0PHB4,2026-01-20T23:33:59.609218259Z,01KFEW1AJQQTXG07GE8KNBNQJN,2026-01-20T23:33:59.609218259Z,01KFEW1AZ44SYY69NZ2J8345TF,2026-01-20T23:33:59.609218259Z,true,2026-01-20T23:34:01.913388265Z
01KFEW5T64Q4SHG7J7GAREPVRR,01KFEVMN9Q125N5N16W4WNYJXF,2026-01-20T23:34:56.964361012Z,,,01KFEVMNBC23RB4D79KEQ4G0VS,2026-01-20T23:34:56.964361012Z,,,01KFEVXFAQE8X4YEWXW17GBY46,2026-01-20T23:34:56.964361012Z,01KFEW3VJN8ZKAM3Y64XBX8BFB,2026-01-20T23:34:56.964361012Z,01KFEW3VSD3W6VTBGCEXPR06YA,2026-01-20T23:34:56.964361012Z,true,2026-01-20T23:34:59.210503988Z
01KFEWJ2DSE6H999JVHDE6HEGE,01KFEVMNF44NEM58ETFST7KTWM,2026-01-20T23:41:38.617611121Z,,,01KFEVMNHFNDCGHX9QBBFN387E,2026-01-20T23:41:38.617611121Z,,,01KFEW6A5E0ZVTNJ585Y831423,2026-01-20T23:41:38.617611121Z,01KFEWEZWPAV8RCSFBM22S3S8X,2026-01-20T23:41:38.617611121Z,01KFEWF07YX68PY7XWY5RDYYJX,2026-01-20T23:41:38.617611121Z,true,2026-01-20T23:41:41.256170607Z
01KFEWF4HJ1PJEZF421TYX7NHR,01KFEV38A01XZ4DPRPFKRE96P8,2026-01-20T23:40:02.482655639Z,,,01KFEV38AJ2CFPYBQZ5JKK7PV4,2026-01-20T23:40:02.482655639Z,,,01KFEW2CHJQZ9TDCN78BA2VKEM,2026-01-20T23:40:02.482655639Z,01KFEW9RR0JAHGRHAG16SCZ4HQ,2026-01-20T23:40:02.482655639Z,01KFEW9S38PTN7PTSQG9YXT1YM,2026-01-20T23:40:02.482655639Z,true,2026-01-20T23:40:04.999482348Z
01KFEVEBBK27WRV7ASE7CPSYK6,01KFEV2BZFDRZBG3Y0249RG1TW,2026-01-20T23:22:08.115542036Z,,,01KFEV2C0CP35QE41ZMH45J8TZ,2026-01-20T23:22:08.115542036Z,,,01KFEV4PQ8V0QGQVX4KK2FPFJR,2026-01-20T23:22:08.115542036Z,01KFEVB8FXXCDX812QY32514FB,2026-01-20T23:22:08.115542036Z,01KFEVB8KF4KEJS9Y7S0MBCPY6,2026-01-20T23:22:08.115542036Z,true,2026-01-20T23:22:13.6801479Z
01KFEVGJ94QYC7EP2C0WMBNN78,01KFEV2BZFDRZBG3Y0249RG1TW,2026-01-20T23:23:20.741015814Z,,,01KFEV2C0CP35QE41ZMH45J8TZ,2026-01-20T23:23:20.741015814Z,,,01KFEV4PQ8V0QGQVX4KK2FPFJR,2026-01-20T23:23:20.741015814Z,01KFEVB8G7BAMBGNZ1NTK36656,2026-01-20T23:23:20.741015814Z,01KFEVB8Q4X6ET9T5HHK3MQDHV,2026-01-20T23:23:20.741015814Z,true,2026-01-20T23:23:23.09593284Z
01KFEVKSJJJFHARZQN7RBCRB25,01KFEV37CWX6SQYA0RPR0C01MW,2026-01-20T23:25:06.514616733Z,,,01KFEV37DE991T271V0NJ5BY6K,2026-01-20T23:25:06.514616733Z,,,01KFEV7RE3Q2MQ5NN8AGQ7Y4PK,2026-01-20T23:25:06.514616733Z,01KFEVJEJYXA23FJWXTM65DZ1R,2026-01-20T23:25:06.514616733Z,01KFEVJEMX08D614BZBT9J3DQR,2026-01-20T23:25:06.514616733Z,true,2026-01-20T23:25:25.081708358Z
01KFEVKV3S9S7JKH5EK4965XKY,01KFEV38A01XZ4DPRPFKRE96P8,2026-01-20T23:25:08.089405395Z,false,2026-01-20T23:25:38.140450402Z,01KFEV38AJ2CFPYBQZ58NH0V5J,2026-01-20T23:25:08.089405395Z,19,2026-01-20T23:25:35.820703858Z,01KFEVE55BQ40NXX8QW3R5RX0T,2026-01-20T23:25:08.089405395Z,01KFEVJWS4XRB4HTW161W2F47D,2026-01-20T23:25:08.089405395Z,01KFEVJWT5KCMT0JG5Y7V40M1E,2026-01-20T23:25:08.089405395Z,,
01KFEVRZABHKT7KKPKCQXWW1HX,01KFEVMN9Q125N5N16W4WNYJXF,2026-01-20T23:27:56.235373488Z,,,01KFEVMNB841AFDZFM4WSW4FTD,2026-01-20T23:27:56.235373488Z,,,01KFEVB2WK99SDZDFQAW6KYB9M,2026-01-20T23:27:56.235373488Z,01KFEVPNFPGQ4NA785Q8C05C2N,2026-01-20T23:27:56.235373488Z,01KFEVPNMPN931NT92S8YC4FG1,2026-01-20T23:27:56.235373488Z,true,2026-01-20T23:28:00.656761149Z
01KFEWEC7YE27MECAGCNGVAKAJ,01KFEVMN9Q125N5N16W4WNYJXF,2026-01-20T23:39:37.598956133Z,,,01KFEVMNAWK7WRWM1AMQZKX6SA,2026-01-20T23:39:37.598956133Z,,,01KFEW4NGJQK3SC6VDT657XA1V,2026-01-20T23:39:37.598956133Z,01KFEWE8RX9DT254543TPC4B40,2026-01-20T23:39:37.598956133Z,01KFEWE8YBQQKCSAQPB4KSD4W3,2026-01-20T23:39:37.598956133Z,true,2026-01-20T23:39:49.74807373Z
01KFEVDK4X17FHECH9QEKSZAPQ,01KFEV2BZFDRZBG3Y0249RG1TW,2026-01-20T23:21:43.325984687Z,,,01KFEV2C0CP35QE41ZMH45J8TZ,2026-01-20T23:21:43.325984687Z,,,01KFEV7TATT805MEJDGTCA5NFM,2026-01-20T23:21:43.325984687Z,01KFEVB8FWDNBSEK2Q7T0WF7KM,2026-01-20T23:21:43.325984687Z,01KFEVB8HQ343GXPGBQFAMG2VR,2026-01-20T23:21:43.325984687Z,true,2026-01-20T23:21:53.728501833Z
01KFEVEZARFX7MPGHHCQW7MKS4,01KFEV2BZFDRZBG3Y0249RG1TW,2026-01-20T23:22:28.568483827Z,true,2026-01-20T23:22:42.277388762Z,01KFEV2C0CP35QE41ZMH45J8TZ,2026-01-20T23:22:28.568483827Z,20,2026-01-20T23:22:37.951621808Z,01KFEV7TATT805MEJDGTCA5NFM,2026-01-20T23:22:28.568483827Z,01KFEVB8G0C42CFSXF2A2BHMKE,2026-01-20T23:22:28.568483827Z,01KFEVB8M7M9T709AJEA2M1VC3,2026-01-20T23:22:28.568483827Z,true,2026-01-20T23:22:45.274184722Z
01KFEVG2DMBB0458TCHQYT63QW,01KFEV2BZFDRZBG3Y0249RG1TW,2026-01-20T23:23:04.50083112Z,,,01KFEV2C0CP35QE41ZMH45J8TZ,2026-01-20T23:23:04.50083112Z,,,01KFEV7TATT805MEJDGTCA5NFM,2026-01-20T23:23:04.50083112Z,01KFEVB8G65XGTDB93SACT6HAB,2026-01-20T23:23:04.50083112Z,01KFEVB8NW9J6J7AN1QGD0GY9T,2026-01-20T23:23:04.50083112Z,true,2026-01-20T23:23:06.435015522Z
01KFEVMTQ551F0V34EKM366PX3,01KFEV37CWX6SQYA0RPR0C01MW,2026-01-20T23:25:40.453608873Z,,,01KFEV37DE991T271V0BRDHRJW,2026-01-20T23:25:40.453608873Z,,,01KFEVBZC2S6960QVT8J14HPMN,2026-01-20T23:25:40.453608873Z,01KFEVGBDARE4SPS0QMKPAHCAT,2026-01-20T23:25:40.453608873Z,01KFEVGBK846PASE7YPNWQ8BDG,2026-01-20T23:25:40.453608873Z,true,2026-01-20T23:25:44.666850243Z
01KFEVTZJS15C8NH9YH0M6XTVX,01KFEVMN9Q125N5N16W4WNYJXF,2026-01-20T23:29:02.041718532Z,,,01KFEVMNB841AFDZFM4WSW4FTD,2026-01-20T23:29:02.041718532Z,,,01KFEVC3J7JCZ73BZAKH9RH61D,2026-01-20T23:29:02.041718532Z,01KFEVPNGV8RZG6TW9YBSNA141,2026-01-20T23:29:02.041718532Z,01KFEVPNSPGDGEHYG86HSYAFWE,2026-01-20T23:29:02.041718532Z,true,2026-01-20T23:29:06.388082121Z
01KFEWGGA2BWSYXCGJY9BBKGQP,01KFEV38A01XZ4DPRPFKRE96P8,2026-01-20T23:40:47.298800786Z,,,01KFEV38AJ2CFPYBQZ5JKK7PV4,2026-01-20T23:40:47.298800786Z,,,01KFEW61CSGZMFE4TZ96QA9A06,2026-01-20T23:40:47.298800786Z,01KFEW9RPG7H4171T00NS0ETE6,2026-01-20T23:40:47.298800786Z,01KFEW9SAX7Q46QSGK91Y8GRDE,2026-01-20T23:40:47.298800786Z,true,2026-01-20T23:40:49.416658009Z
01KFEVKYN0SDCESSP1H9WWCCH3,01KFEV384BJYC62Y0E6AQK09K8,2026-01-20T23:25:11.712778599Z,,,01KFEV384Y33BFECW27AH8GSGD,2026-01-20T23:25:11.712778599Z,,,01KFEVF34Y0A3VWJYX9367Q9EA,2026-01-20T23:25:11.712778599Z,01KFEVHAPGWZJCVM4Z19V75XGE,2026-01-20T23:25:11.712778599Z,01KFEVHAV8YZYQF1D6XF3FXVY4,2026-01-20T23:25:11.712778599Z,true,2026-01-20T23:25:13.912096003Z
01KFEWDT58MZTF3GNC6ARZ4M7Y,01KFEV38A01XZ4DPRPFKRE96P8,2026-01-20T23:39:19.080161959Z,false,2026-01-20T23:39:40.470419226Z,01KFEV38AJ2CFPYBQZ5JKK7PV4,2026-01-20T23:39:19.080161959Z,19,2026-01-20T23:39:38.92600793Z,01KFEW2CHJQZ9TDCN78BA2VKEM,2026-01-20T23:39:19.080161959Z,01KFEW9RRQZJ10JQ2H4R3MFBWJ,2026-01-20T23:39:19.080161959Z,01KFEW9S0RPCQ24RX8AGJ3PG3N,2026-01-20T23:39:19.080161959Z,true,2026-01-20T23:39:43.470323558Z
01KFEVTSYDCG5X6T3XVNDA8EGM,01KFEVMN9Q125N5N16W4WNYJXF,2026-01-20T23:28:56.269933466Z,,,01KFEVMNB841AFDZFM4WSW4FTD,2026-01-20T23:28:56.269933466Z,,,01KFEVB2WK99SDZDFQAW6KYB9M,2026-01-20T23:28:56.269933466Z,01KFEVPNGV8RZG6TW9YBSNA141,2026-01-20T23:28:56.269933466Z,01KFEVPNSHFKGRRCP69NCPNF1Q,2026-01-20T23:28:56.269933466Z,true,2026-01-20T23:28:57.955912271Z
01KFEVWDS2MS933TAQKC6AZA05,01KFEV37PBC6DGWCX0HT0QWYJR,2026-01-20T23:29:49.346512706Z,,,01KFEV37PV76WD06T50QFKE80T,2026-01-20T23:29:49.346512706Z,,,01KFEVH5DDXBKC32H7RGDZYG1X,2026-01-20T23:29:49.346512706Z,01KFEVS30DXP4PRYMZCEXQDZ77,2026-01-20T23:29:49.346512706Z,01KFEVS3A5MRX3K6MF48JJMMWW,2026-01-20T23:29:49.346512706Z,true,2026-01-20T23:29:51.514181269Z
01KFEWFF7AEVBEHHMWS24TNAAM,01KFEVMN9Q125N5N16W4WNYJXF,2026-01-20T23:40:13.418092945Z,true,2026-01-20T23:40:33.158736903Z,01KFEVMNAWK7WRWM1AMQZKX6SA,2026-01-20T23:40:13.418092945Z,0,2026-01-20T23:40:31.382379744Z,01KFEW4NGJQK3SC6VDT657XA1V,2026-01-20T23:40:13.418092945Z,01KFEWE8RX9DT254543TPC4B40,2026-01-20T23:40:13.418092945Z,01KFEWE8YQN7X40BSXA1GT90TB,2026-01-20T23:40:13.418092945Z,true,2026-01-20T23:40:36.15895145Z
01KFEWJ9J1K6DN3VCPJSY2ST8Y,01KFEVMN9Q125N5N16W4WNYJXF,2026-01-20T23:41:45.921770248Z,,,01KFEVMNAWK7WRWM1AMQZKX6SA,2026-01-20T23:41:45.921770248Z,,,01KFEW3YJBR4HT7BADWRSVJQV5,2026-01-20T23:41:45.921770248Z,01KFEWE8WG5JEY2NYGNN25MKRQ,2026-01-20T23:41:45.921770248Z,01KFEWE9DS7G16JE2NV6JKJSQA,2026-01-20T23:41:45.921770248Z,true,2026-01-20T23:41:46.916390378Z
01KFEVB9JMH46AMSNWCPDE1ECC,01KFEV2BZFDRZBG3Y0249RG1TW,2026-01-20T23:20:27.98898579Z,,,01KFEV2C0CP35QE41ZMH45J8TZ,2026-01-20T23:20:27.98898579Z,,,01KFEV7TATT805MEJDGTCA5NFM,2026-01-20T23:20:27.98898579Z,01KFEVB8FPPEBGT93HPZRSG1EY,2026-01-20T23:20:27.98898579Z,01KFEVB8H69V4AYA6Z2V8S508B,2026-01-20T23:20:27.98898579Z,true,2026-01-20T23:21:05.451119998Z
01KFEW3V1934J1CZDD8B9K2RFC,01KFEV37PBC6DGWCX0HT0QWYJR,2026-01-20T23:33:52.29720505Z,,,01KFEV37Q0WSYAYKWHM2EXN0DN,2026-01-20T23:33:52.29720505Z,,,01KFEVWYACX0Z3X7HHHK5DSTDD,2026-01-20T23:33:52.29720505Z,01KFEW0G8PBE5EFQ6P72KS21WH,2026-01-20T23:33:52.29720505Z,01KFEW0GMEJP63FQ1SYG9CT4HE,2026-01-20T23:33:52.29720505Z,true,2026-01-20T23:33:53.732489349Z
01KFEW6DQDR5KKFNR17H91GAXJ,01KFEVMN9Q125N5N16W4WNYJXF,2026-01-20T23:35:16.973229382Z,true,2026-01-20T23:35:21.995810324Z,01KFEVMNBC23RB4D79KEQ4G0VS,2026-01-20T23:35:16.973229382Z,0,2026-01-20T23:35:20.660000404Z,01KFEVXFAQE8X4YEWXW17GBY46,2026-01-20T23:35:16.973229382Z,01KFEW3VKG0B17FHJX4NF0X699,2026-01-20T23:35:16.973229382Z,01KFEW3VW8NMT89GJ6AK1H91Z4,2026-01-20T23:35:16.973229382Z,true,2026-01-20T23:35:25.009918559Z
01KFEW76ED6YMACYR3Y12BNJ9A,01KFEV38GJVYY8P8B7QXSW6BTE,2026-01-20T23:35:42.285502658Z,,,01KFEV38H48T18ZRM15RETR33C,2026-01-20T23:35:42.285502658Z,,,01KFEVYB6HS3VX2GA7D4G2GPMT,2026-01-20T23:35:42.285502658Z,01KFEW2K6YFW0YHD45MRGH06TF,2026-01-20T23:35:42.285502658Z,01KFEW2KG527P53BPAEBBAEMCZ,2026-01-20T23:35:42.285502658Z,true,2026-01-20T23:35:44.575771335Z
01KFEVW341H9DBJC31JGRGEMVG,01KFEVMN9Q125N5N16W4WNYJXF,2026-01-20T23:29:38.433419482Z,,,01KFEVMNB841AFDZFM4WSW4FTD,2026-01-20T23:29:38.433419482Z,,,01KFEVB2WK99SDZDFQAW6KYB9M,2026-01-20T23:29:38.433419482Z,01KFEVPNHFVEA7FM8X5XBZD9R8,2026-01-20T23:29:38.433419482Z,01KFEVPNXWKAFQQB4N5733KSGB,2026-01-20T23:29:38.433419482Z,true,2026-01-20T23:29:40.827560773Z
01KFEWFVM3WC4CNA570NDS9J9T,01KFEV38GJVYY8P8B7QXSW6BTE,2026-01-20T23:40:26.115075057Z,true,2026-01-20T23:40:35.611959237Z,01KFEV38H8T2V9428VC9T7MEBA,2026-01-20T23:40:26.115075057Z,20,2026-01-20T23:40:34.805801202Z,01KFEW5105FT4T963R9Z6AZ67Y,2026-01-20T23:40:26.115075057Z,01KFEWB97B5TCHMM11XXK0C3WP,2026-01-20T23:40:26.115075057Z,01KFEWB9X5JDNCWAJ2KC8FMY1G,2026-01-20T23:40:26.115075057Z,true,2026-01-20T23:40:39.329333778Z
01KFEVGPMEQNH9FXT2E5PBC9PH,01KFEV377XDCWB0CVW0E7ES8WB,2026-01-20T23:23:25.198749667Z,,,01KFEV378PDZP87HXSESW6BA01,2026-01-20T23:23:25.198749667Z,,,01KFEV79YCQMQRJYZ004NV66QN,2026-01-20T23:23:25.198749667Z,01KFEVF1PSMKDKXGX0N31K7DMV,2026-01-20T23:23:25.198749667Z,01KFEVF1VQY9GZMV002BQP9XBC,2026-01-20T23:23:25.198749667Z,true,2026-01-20T23:23:30.578024981Z
01KFEVM42T9HQJM7W4JF47E367,01KFEV37PBC6DGWCX0HT0QWYJR,2026-01-20T23:25:17.274362881Z,,,01KFEV37PYV9HETXX2PC055NBT,2026-01-20T23:25:17.274362881Z,,,01KFEVBDY2YWN6DSFNFKRM8R9Z,2026-01-20T23:25:17.274362881Z,01KFEVH486ZCFEH7MFXY01HJC3,2026-01-20T23:25:17.274362881Z,01KFEVH4C6QMQBGT9G7R31HS2N,2026-01-20T23:25:17.274362881Z,true,2026-01-20T23:25:21.284629565Z
01KFEVM7XTEMHM62J8RVC97P1P,01KFEV377XDCWB0CVW0E7ES8WB,2026-01-20T23:25:21.210041903Z,,,01KFEV378FNG971PBW7B2SPNC6,2026-01-20T23:25:21.210041903Z,,,01KFEVCRBGBMN5MZZVZA8FPX1Z,2026-01-20T23:25:21.210041903Z,01KFEVJNQN2G8FJAT7HW3SRZEK,2026-01-20T23:25:21.210041903Z,01KFEVJNVCGFBZ60JTBWPD5JCH,2026-01-20T23:25:21.210041903Z,true,2026-01-20T23:25:26.363129619Z
01KFEVNXFZ618TMP2H1ZP6AEX8,01KFEV377XDCWB0CVW0E7ES8WB,2026-01-20T23:26:16.063558969Z,,,01KFEV378H0PY96RNMJTMM0E4X,2026-01-20T23:26:16.063558969Z,,,01KFEV8TC8AZEPV3G36SCZ12C3,2026-01-20T23:26:16.063558969Z,01KFEVFBC64AYPBZTJES2B20FR,2026-01-20T23:26:16.063558969Z,01KFEVFBKXK5VPEJ465Z7HN7PM,2026-01-20T23:26:16.063558969Z,true,2026-01-20T23:26:19.743177072Z
01KFEVP480MX04VW53J7GKPCHE,01KFEV37PBC6DGWCX0HT0QWYJR,2026-01-20T23:26:22.976321705Z,,,01KFEV37PYV9HETXX2PC055NBT,2026-01-20T23:26:22.976321705Z,,,01KFEVBDY2YWN6DSFNFKRM8R9Z,2026-01-20T23:26:22.976321705Z,01KFEVH48MPK9TCKTT31EZXW1C,2026-01-20T23:26:22.976321705Z,01KFEVH4GMAWAN9WWEV425MQ8M,2026-01-20T23:26:22.976321705Z,true,2026-01-20T23:26:25.415941241Z
01KFEVVZX36VEEJK4H8VWSZFM8,01KFEVMN9Q125N5N16W4WNYJXF,2026-01-20T23:29:35.139381049Z,,,01KFEVMNB841AFDZFM4WSW4FTD,2026-01-20T23:29:35.139381049Z,,,01KFEVC3J7JCZ73BZAKH9RH61D,2026-01-20T23:29:35.139381049Z,01KFEVPNHFVEA7FM8X5XBZD9R8,2026-01-20T23:29:35.139381049Z,01KFEVPNXKV5Q02KNC4SKFNV7T,2026-01-20T23:29:35.139381049Z,true,2026-01-20T23:29:37.628063216Z
01KFEWHDRX9392KJMEWEEQG0JZ,01KFEVMNF44NEM58ETFST7KTWM,2026-01-20T23:41:17.469810458Z,,,01KFEVMNHFNDCGHX9QBBFN387E,2026-01-20T23:41:17.469810458Z,,,01KFEW6A5E0ZVTNJ585Y831423,2026-01-20T23:41:17.469810458Z,01KFEWEZX1QCKQJZPSQCFEKWPP,2026-01-20T23:41:17.469810458Z,01KFEWF05EVFMXZJ0Q0NG72NYF,2026-01-20T23:41:17.469810458Z,true,2026-01-20T23:41:21.511084373Z
01KFEW9RHK6ZBCGHGGA4A9N14Y,01KFEV384BJYC62Y0E6AQK09K8,2026-01-20T23:37:06.355063602Z,,,01KFEV384Z68A1Z7ZGWS1GDSZK,2026-01-20T23:37:06.355063602Z,,,01KFEW47TNE510SG18TR5ZERFB,2026-01-20T23:37:06.355063602Z,01KFEW9NDGS5E8KE4PQ1ESDNYF,2026-01-20T23:37:06.355063602Z,01KFEW9NJAZZGBFJ2DQCE3WB7A,2026-01-20T23:37:06.355063602Z,true,2026-01-20T23:37:14.383050558Z
01KFEWBES8HFWNECYP3RNJHFTF,01KFEV38A01XZ4DPRPFKRE96P8,2026-01-20T23:38:01.896776374Z,,,01KFEV38AJ2CFPYBQZ5JKK7PV4,2026-01-20T23:38:01.896776374Z,,,01KFEW61CSGZMFE4TZ96QA9A06,2026-01-20T23:38:01.896776374Z,01KFEW9RN40QG3K2B84WKGV58C,2026-01-20T23:38:01.896776374Z,01KFEW9RW6QKWJPZ2JKNH9939Z,2026-01-20T23:38:01.896776374Z,true,2026-01-20T23:38:06.086621486Z
01KFEVGGE80GFFF1H95JYHB1ZN,01KFEV377XDCWB0CVW0E7ES8WB,2026-01-20T23:23:18.856325066Z,,,01KFEV378H0PY96RNMJTMM0E4X,2026-01-20T23:23:18.856325066Z,,,01KFEV8TC8AZEPV3G36SCZ12C3,2026-01-20T23:23:18.856325066Z,01KFEVFBBVXX7KP33DJ657NRX6,2026-01-20T23:23:18.856325066Z,01KFEVFBE8MNKT28ADQTGGC100,2026-01-20T23:23:18.856325066Z,true,2026-01-20T23:23:29.247185381Z
01KFEVJ3K0AX4MXJ4RC58GSMEC,01KFEV377XDCWB0CVW0E7ES8WB,2026-01-20T23:24:11.232711027Z,,,01KFEV378PDZP87HXSESW6BA01,2026-01-20T23:24:11.232711027Z,,,01KFEV79YCQMQRJYZ004NV66QN,2026-01-20T23:24:11.232711027Z,01KFEVF1PYG8S0P7M884KS249T,2026-01-20T23:24:11.232711027Z,01KFEVF1WWFVRXTTJ6VSPJ0A63,2026-01-20T23:24:11.232711027Z,true,2026-01-20T23:24:22.466768593Z
01KFEVKWF370HP3P30KPGMTVRR,01KFEV37PBC6DGWCX0HT0QWYJR,2026-01-20T23:25:09.475980051Z,,,01KFEV37PYV9HETXX2PSGE1RKD,2026-01-20T23:25:09.475980051Z,17,2026-01-20T23:25:23.629015846Z,01KFEVDMPGK2KG6CGRXX80WQ5A,2026-01-20T23:25:09.475980051Z,01KFEVKCM3HZV4EBCX9XQX5ZQ4,2026-01-20T23:25:09.475980051Z,01KFEVKCP6FWS33AMEVP1YCKSR,2026-01-20T23:25:09.475980051Z,,
01KFEVM8M4A9H395VH4HT5AFB1,01KFEV377XDCWB0CVW0E7ES8WB,2026-01-20T23:25:21.924383325Z,true,2026-01-20T23:25:38.590489174Z,01KFEV378H0PY96RNMJTMM0E4X,2026-01-20T23:25:21.924383325Z,17,2026-01-20T23:25:36.083217516Z,01KFEV8TC8AZEPV3G36SCZ12C3,2026-01-20T23:25:21.924383325Z,01KFEVFBC54D00BJN5ANQ39TQ9,2026-01-20T23:25:21.924383325Z,01KFEVFBJ2G666H6ADJ3WXKH0Y,2026-01-20T23:25:21.924383325Z,true,2026-01-20T23:25:41.594226399Z
01KFEVNFENZW80N24X0CS3HF23,01KFEV37CWX6SQYA0RPR0C01MW,2026-01-20T23:26:01.685534221Z,,,01KFEV37DE991T271V0BRDHRJW,2026-01-20T23:26:01.685534221Z,,,01KFEVBZC2S6960QVT8J14HPMN,2026-01-20T23:26:01.685534221Z,01KFEVGBDCBHSEAWFBWHYTDW7K,2026-01-20T23:26:01.685534221Z,01KFEVGBKT88T9YPH70MHSY5F7,2026-01-20T23:26:01.685534221Z,true,2026-01-20T23:26:04.223545418Z
01KFEW6QN8SFEXB4H7P0D5ZNTV,01KFEVMN9Q125N5N16W4WNYJXF,2026-01-20T23:35:27.144392597Z,,,01KFEVMNBC23RB4D79KEQ4G0VS,2026-01-20T23:35:27.144392597Z,,,01KFEVXFAQE8X4YEWXW17GBY46,2026-01-20T23:35:27.144392597Z,01KFEW3VKNJVBQR8K5WQHKN6CC,2026-01-20T23:35:27.144392597Z,01KFEW3VY3F4JZZGXBBMTCH435,2026-01-20T23:35:27.144392597Z,true,2026-01-20T23:35:29.352854662Z
