id,batchID,batchIDLastChangedAt,duration,durationLastChangedAt,ended,endedLastChangedAt,gameID,gameIDLastChangedAt,index,indexLastChangedAt,initialized,initializedLastChangedAt,name,nameLastChangedAt,roundID,roundIDLastChangedAt,start,startLastChangedAt,started,startedLastChangedAt,timerID,timerIDLastChangedAt
01KFEWGNR3TDDXD1EVYSZ9PRZ4,01KFEVMNNQTH6Q6DMJG65NFGVF,2026-01-20T23:40:52.867328451Z,30,2026-01-20T23:40:52.867328451Z,false,2026-01-20T23:40:52.867328451Z,01KFEVMNQ7WSYMPADRKJJ7K0T0,2026-01-20T23:40:52.867328451Z,1,2026-01-20T23:40:52.867328451Z,,,result,2026-01-20T23:40:52.867328451Z,01KFEWGNAQ4TMWRAWG8C2WGEQ5,2026-01-20T23:40:52.867328451Z,false,2026-01-20T23:40:52.867328451Z,,,01KFEWGNQKMESEYR6HMF9082CJ,2026-01-20T23:40:52.867328451Z
01KFEW2AHYRBBYE7FBZ4QFNBD7,01KFEV38A01XZ4DPRPFKRE96P8,2026-01-20T23:33:02.65417579Z,30,2026-01-20T23:33:02.65417579Z,true,2026-01-20T23:36:55.076764636Z,01KFEV38AHTHHCNTDGHAJN0GXG,2026-01-20T23:33:02.65417579Z,1,2026-01-20T23:33:02.65417579Z,true,2026-01-20T23:36:40.9194062Z,result,2026-01-20T23:33:02.65417579Z,01KFEW29ZYEEN9EXZHWPRR43NM,2026-01-20T23:33:02.65417579Z,true,2026-01-20T23:36:40.867540469Z,true,2026-01-20T23:36:40.94847259Z,01KFEW2AHMRH1NQT4YMTQXVX1S,2026-01-20T23:33:02.65417579Z
01KFEWF056QZZ7TAQ2D4Z733J2,01KFEVMNF44NEM58ETFST7KTWM,2026-01-20T23:39:57.990129095Z,90,2026-01-20T23:39:57.990129095Z,true,2026-01-20T23:41:17.405223135Z,01KFEVMNHFNDCGHX9QBBFN387E,2026-01-20T23:39:57.990129095Z,0,2026-01-20T23:39:57.990129095Z,true,2026-01-20T23:41:12.875120781Z,choice,2026-01-20T23:39:57.990129095Z,01KFEWEZX1QCKQJZPSQCFEKWPP,2026-01-20T23:39:57.990129095Z,true,2026-01-20T23:41:12.828355695Z,true,2026-01-20T23:41:12.911763488Z,01KFEWF04VAJCR763EDG5XCNZ5,2026-01-20T23:39:57.990129095Z
01KFEWVN052TD4Y0H4YSKX8SCG,01KFEV38GJVYY8P8B7QXSW6BTE,2026-01-20T23:46:52.549565722Z,30,2026-01-20T23:46:52.549565722Z,false,2026-01-20T23:46:52.549565722Z,01KFEV38H0S2Y42XZDBCZ2KPGY,2026-01-20T23:46:52.549565722Z,1,2026-01-20T23:46:52.549565722Z,,,result,2026-01-20T23:46:52.549565722Z,01KFEWVM9PT51YW4VST0CM6RSJ,2026-01-20T23:46:52.549565722Z,false,2026-01-20T23:46:52.549565722Z,,,01KFEWVMZHYWTT9FRQWQ0ZWQBQ,2026-01-20T23:46:52.549565722Z
01KFEVFBH03ZAQZQH9CZ0080HR,01KFEV377XDCWB0CVW0E7ES8WB,2026-01-20T23:22:41.056630738Z,90,2026-01-20T23:22:41.056630738Z,true,2026-01-20T23:24:50.248100834Z,01KFEV378H0PY96RNMJTMM0E4X,2026-01-20T23:22:41.056630738Z,0,2026-01-20T23:22:41.056630738Z,true,2026-01-20T23:24:41.131488566Z,choice,2026-01-20T23:22:41.056630738Z,01KFEVFBC3KKXJSC7MKW9KR59A,2026-01-20T23:22:41.056630738Z,true,2026-01-20T23:24:41.08662995Z,true,2026-01-20T23:24:41.157231586Z,01KFEVFBGWJQ2PMWWVPJWSGZND,2026-01-20T23:22:41.056630738Z
01KFEVHAQEKP16HBBAGW5FF6ZD,01KFEV384BJYC62Y0E6AQK09K8,2026-01-20T23:23:45.77432875Z,90,2026-01-20T23:23:45.77432875Z,true,2026-01-20T23:23:54.854299687Z,01KFEV384Y33BFECW27AH8GSGD,2026-01-20T23:23:45.77432875Z,0,2026-01-20T23:23:45.77432875Z,true,2026-01-20T23:23:47.018087432Z,choice,2026-01-20T23:23:45.77432875Z,01KFEVHAPAY4FNYD6E80QRSW86,2026-01-20T23:23:45.77432875Z,true,2026-01-20T23:23:46.997589511Z,true,2026-01-20T23:23:47.031846609Z,01KFEVHAQ99344J2HP5F7P95D1,2026-01-20T23:23:45.77432875Z
01KFEVKCST73KK8CVPG52VBNWN,01KFEV37PBC6DGWCX0HT0QWYJR,2026-01-20T23:24:53.434203774Z,90,2026-01-20T23:24:53.434203774Z,true,2026-01-20T23:26:53.91581778Z,01KFEV37PYV9HETXX2PSGE1RKD,2026-01-20T23:24:53.434203774Z,0,2026-01-20T23:24:53.434203774Z,true,2026-01-20T23:26:45.76554899Z,choice,2026-01-20T23:24:53.434203774Z,01KFEVKCN4ZM7M5WXWCANY7678,2026-01-20T23:24:53.434203774Z,true,2026-01-20T23:26:45.739720311Z,true,2026-01-20T23:26:45.789169006Z,01KFEVKCSNAD0QBTGF6D2XRWP6,2026-01-20T23:24:53.434203774Z
01KFEVPNTFR6X4VNRFD3WW0182,01KFEVMN9Q125N5N16W4WNYJXF,2026-01-20T23:26:40.975469243Z,90,2026-01-20T23:26:40.975469243Z,true,2026-01-20T23:29:11.615579851Z,01KFEVMNB841AFDZFM4WSW4FTD,2026-01-20T23:26:40.975469243Z,0,2026-01-20T23:26:40.975469243Z,true,2026-01-20T23:29:06.531115173Z,choice,2026-01-20T23:26:40.975469243Z,01KFEVPNH13GY2X6WR8TVJ5EYS,2026-01-20T23:26:40.975469243Z,true,2026-01-20T23:29:06.502856018Z,true,2026-01-20T23:29:06.556214368Z,01KFEVPNT8WJH7D8Y1CG7JWW7D,2026-01-20T23:26:40.975469243Z
01KFEVS3C9FB98ZMT71Z559YYZ,01KFEV37PBC6DGWCX0HT0QWYJR,2026-01-20T23:28:00.393827434Z,30,2026-01-20T23:28:00.393827434Z,false,2026-01-20T23:28:00.393827434Z,01KFEV37PV76WD06T50QFKE80T,2026-01-20T23:28:00.393827434Z,1,2026-01-20T23:28:00.393827434Z,,,result,2026-01-20T23:28:00.393827434Z,01KFEVS30HWX3TCPK54FFTBPR0,2026-01-20T23:28:00.393827434Z,false,2026-01-20T23:28:00.393827434Z,,,01KFEVS3C1SAX7XR829KR1T3BB,2026-01-20T23:28:00.393827434Z
01KFEVS3DAESW4HMTY8TEDSXWZ,01KFEV37PBC6DGWCX0HT0QWYJR,2026-01-20T23:28:00.427008914Z,30,2026-01-20T23:28:00.427008914Z,false,2026-01-20T23:28:00.427008914Z,01KFEV37PV76WD06T50QFKE80T,2026-01-20T23:28:00.427008914Z,1,2026-01-20T23:28:00.427008914Z,,,result,2026-01-20T23:28:00.427008914Z,01KFEVS30PRA606QWJF19RYJ80,2026-01-20T23:28:00.427008914Z,false,2026-01-20T23:28:00.427008914Z,,,01KFEVS3D2A6SYY0FQSFXMG6MJ,2026-01-20T23:28:00.427008914Z
01KFEVS3FBFSPQ2DY149AJ8E0J,01KFEV37PBC6DGWCX0HT0QWYJR,2026-01-20T23:28:00.491057496Z,30,2026-01-20T23:28:00.491057496Z,false,2026-01-20T23:28:00.491057496Z,01KFEV37PV76WD06T50QFKE80T,2026-01-20T23:28:00.491057496Z,1,2026-01-20T23:28:00.491057496Z,,,result,2026-01-20T23:28:00.491057496Z,01KFEVS3111C9Y60KWECV1FBKK,2026-01-20T23:28:00.491057496Z,false,2026-01-20T23:28:00.491057496Z,,,01KFEVS3F3KNYCQ7PWAYZYTJ81,2026-01-20T23:28:00.491057496Z
01KFEW9RVSTE58BT8B9BT1ZE0A,01KFEV38A01XZ4DPRPFKRE96P8,2026-01-20T23:37:06.681777847Z,90,2026-01-20T23:37:06.681777847Z,true,2026-01-20T23:38:01.842654307Z,01KFEV38AJ2CFPYBQZ5JKK7PV4,2026-01-20T23:37:06.681777847Z,0,2026-01-20T23:37:06.681777847Z,true,2026-01-20T23:37:51.90028645Z,choice,2026-01-20T23:37:06.681777847Z,01KFEW9RN40QG3K2B84WKGV58C,2026-01-20T23:37:06.681777847Z,true,2026-01-20T23:37:51.849803043Z,true,2026-01-20T23:37:51.941490867Z,01KFEW9RVMHN281PJQV73GSSG8,2026-01-20T23:37:06.681777847Z
01KFEVH494FWTCC3KXKS15TP3F,01KFEV37PBC6DGWCX0HT0QWYJR,2026-01-20T23:23:39.172382503Z,90,2026-01-20T23:23:39.172382503Z,true,2026-01-20T23:23:49.183776601Z,01KFEV37PYV9HETXX2PC055NBT,2026-01-20T23:23:39.172382503Z,0,2026-01-20T23:23:39.172382503Z,true,2026-01-20T23:23:40.359506358Z,choice,2026-01-20T23:23:39.172382503Z,01KFEVH47JSXWXPCKZJ9NW3ZAE,2026-01-20T23:23:39.172382503Z,true,2026-01-20T23:23:40.326792684Z,true,2026-01-20T23:23:40.370477518Z,01KFEVH48W0VRS76KCX8S8GH4Q,2026-01-20T23:23:39.172382503Z
01KFEVHAT2BEW3PKHD7EZ3FY0T,01KFEV384BJYC62Y0E6AQK09K8,2026-01-20T23:23:45.85874186Z,30,2026-01-20T23:23:45.85874186Z,true,2026-01-20T23:25:02.01069852Z,01KFEV384Y33BFECW27AH8GSGD,2026-01-20T23:23:45.85874186Z,1,2026-01-20T23:23:45.85874186Z,true,2026-01-20T23:24:43.890527713Z,result,2026-01-20T23:23:45.85874186Z,01KFEVHAP1ZGR28S54Q15ESMWZ,2026-01-20T23:23:45.85874186Z,true,2026-01-20T23:24:43.870604747Z,true,2026-01-20T23:24:43.908797273Z,01KFEVHASY6ZKWT06K6NP385XQ,2026-01-20T23:23:45.85874186Z
01KFEVJNZX3VPXZV2J2EXWT3WW,01KFEV377XDCWB0CVW0E7ES8WB,2026-01-20T23:24:30.077331965Z,30,2026-01-20T23:24:30.077331965Z,true,2026-01-20T23:26:16.237512199Z,01KFEV378FNG971PBW7B2SPNC6,2026-01-20T23:24:30.077331965Z,1,2026-01-20T23:24:30.077331965Z,true,2026-01-20T23:26:12.850711153Z,result,2026-01-20T23:24:30.077331965Z,01KFEVJNRD1MY8S8B50S9C4WM2,2026-01-20T23:24:30.077331965Z,true,2026-01-20T23:26:12.803539547Z,true,2026-01-20T23:26:12.885038426Z,01KFEVJNZR1XB8FSYJP3N9HDN5,2026-01-20T23:24:30.077331965Z
01KFEWB98F24D6GFJ7N22V1HEG,01KFEV38GJVYY8P8B7QXSW6BTE,2026-01-20T23:37:56.239732656Z,30,2026-01-20T23:37:56.239732656Z,true,2026-01-20T23:38:25.340395984Z,01KFEV38H8T2V9428VC9T7MEBA,2026-01-20T23:37:56.239732656Z,1,2026-01-20T23:37:56.239732656Z,true,2026-01-20T23:38:08.620436524Z,result,2026-01-20T23:37:56.239732656Z,01KFEWB93MZQQNSF35K2S15HQV,2026-01-20T23:37:56.239732656Z,true,2026-01-20T23:38:08.570338671Z,true,2026-01-20T23:38:08.652757318Z,01KFEWB982CT1CVWGHFVF5CK1X,2026-01-20T23:37:56.239732656Z
01KFEWVMGBT1QFKXCQ02JEFHMR,01KFEV38GJVYY8P8B7QXSW6BTE,2026-01-20T23:46:52.043081202Z,30,2026-01-20T23:46:52.043081202Z,true,2026-01-20T23:47:40.794390822Z,01KFEV38H0S2Y42XZDBCZ2KPGY,2026-01-20T23:46:52.043081202Z,1,2026-01-20T23:46:52.043081202Z,true,2026-01-20T23:47:36.063954966Z,result,2026-01-20T23:46:52.043081202Z,01KFEWVM718JKJE90A057VRNN9,2026-01-20T23:46:52.043081202Z,true,2026-01-20T23:47:36.014605958Z,true,2026-01-20T23:47:36.099460037Z,01KFEWVMFSNR5EPFN21AH4DJ1F,2026-01-20T23:46:52.043081202Z
01KFEVFBHGJ4PWASYVFPKHFQZG,01KFEV377XDCWB0CVW0E7ES8WB,2026-01-20T23:22:41.072483612Z,90,2026-01-20T23:22:41.072483612Z,true,2026-01-20T23:25:04.66459134Z,01KFEV378H0PY96RNMJTMM0E4X,2026-01-20T23:22:41.072483612Z,0,2026-01-20T23:22:41.072483612Z,true,2026-01-20T23:24:56.479079704Z,choice,2026-01-20T23:22:41.072483612Z,01KFEVFBC4VT3BJNSHXYV9QVPD,2026-01-20T23:22:41.072483612Z,true,2026-01-20T23:24:56.45875658Z,true,2026-01-20T23:24:56.49423584Z,01KFEVFBHBDB8VBC68T1DDV3PG,2026-01-20T23:22:41.072483612Z
01KFEW3W0RJNYY7XBVYWW19K96,01KFEVMN9Q125N5N16W4WNYJXF,2026-01-20T23:33:53.304070805Z,90,2026-01-20T23:33:53.304070805Z,true,2026-01-20T23:35:34.739572055Z,01KFEVMNBC23RB4D79KEQ4G0VS,2026-01-20T23:33:53.304070805Z,0,2026-01-20T23:33:53.304070805Z,true,2026-01-20T23:35:33.056895407Z,choice,2026-01-20T23:33:53.304070805Z,01KFEW3VMABX27Z99XP42SDS32,2026-01-20T23:33:53.304070805Z,true,2026-01-20T23:35:33.016878333Z,true,2026-01-20T23:35:33.083051364Z,01KFEW3W0E316GD1AX7BCDXRYB,2026-01-20T23:33:53.304070805Z
01KFEW9NY6AEVPFEN7GKDPZDB1,01KFEV384BJYC62Y0E6AQK09K8,2026-01-20T23:37:03.686921858Z,30,2026-01-20T23:37:03.686921858Z,true,2026-01-20T23:39:27.909120164Z,01KFEV384Z68A1Z7ZGWS1GDSZK,2026-01-20T23:37:03.686921858Z,1,2026-01-20T23:37:03.686921858Z,true,2026-01-20T23:39:25.223290351Z,result,2026-01-20T23:37:03.686921858Z,01KFEW9NFWQNWAP0JCE1F1PYJG,2026-01-20T23:37:03.686921858Z,true,2026-01-20T23:39:25.177645898Z,true,2026-01-20T23:39:25.25266117Z,01KFEW9NXTWXBQ7BGW584BWZPA,2026-01-20T23:37:03.686921858Z
01KFEVGBEXDAEYC0SFWBNDEJMJ,01KFEV37CWX6SQYA0RPR0C01MW,2026-01-20T23:23:13.758015795Z,90,2026-01-20T23:23:13.758015795Z,true,2026-01-20T23:24:31.231465358Z,01KFEV37DE991T271V0BRDHRJW,2026-01-20T23:23:13.758015795Z,0,2026-01-20T23:23:13.758015795Z,true,2026-01-20T23:24:24.086090862Z,choice,2026-01-20T23:23:13.758015795Z,01KFEVGBC8432HRA3509G2MMDT,2026-01-20T23:23:13.758015795Z,true,2026-01-20T23:24:24.031300693Z,true,2026-01-20T23:24:24.101079423Z,01KFEVGBEQTT853C63TEPCHZSB,2026-01-20T23:23:13.758015795Z
01KFEVJEM54N2BK59HESAQE11N,01KFEV37CWX6SQYA0RPR0C01MW,2026-01-20T23:24:22.533770813Z,90,2026-01-20T23:24:22.533770813Z,true,2026-01-20T23:24:42.995689683Z,01KFEV37DE991T271V0NJ5BY6K,2026-01-20T23:24:22.533770813Z,0,2026-01-20T23:24:22.533770813Z,true,2026-01-20T23:24:23.408126572Z,choice,2026-01-20T23:24:22.533770813Z,01KFEVJEK28P9JKPHKVPX8VP2T,2026-01-20T23:24:22.533770813Z,true,2026-01-20T23:24:23.226485056Z,true,2026-01-20T23:24:23.421615534Z,01KFEVJEM06ZKECPCZVRYGAZH8,2026-01-20T23:24:22.533770813Z
01KFEVF205BTW1H17V7HC9MDRY,01KFEV377XDCWB0CVW0E7ES8WB,2026-01-20T23:22:31.302903171Z,30,2026-01-20T23:22:31.302903171Z,true,2026-01-20T23:25:21.70985615Z,01KFEV378PDZP87HXSESW6BA01,2026-01-20T23:22:31.302903171Z,1,2026-01-20T23:22:31.302903171Z,true,2026-01-20T23:25:16.68295209Z,result,2026-01-20T23:22:31.302903171Z,01KFEVF1R3DQ0JFK5FV6Y4TWRQ,2026-01-20T23:22:31.302903171Z,true,2026-01-20T23:25:16.659636356Z,true,2026-01-20T23:25:16.70134316Z,01KFEVF1ZZ30AQHX46YHKFSPEJ,2026-01-20T23:22:31.302903171Z
01KFEVRX6W35X1G854NGVF5A4F,01KFEV37CWX6SQYA0RPR0C01MW,2026-01-20T23:27:54.076874597Z,90,2026-01-20T23:27:54.076874597Z,true,2026-01-20T23:30:55.877739651Z,01KFEV37DAAK9E08F076WKMM6J,2026-01-20T23:27:54.076874597Z,0,2026-01-20T23:27:54.076874597Z,true,2026-01-20T23:30:51.894137494Z,choice,2026-01-20T23:27:54.076874597Z,01KFEVRWTFS6WZR3RJEQCQ8B5K,2026-01-20T23:27:54.076874597Z,true,2026-01-20T23:30:51.858522712Z,true,2026-01-20T23:30:51.916808918Z,01KFEVRX6QY9T0X1MW1E2HDW21,2026-01-20T23:27:54.076874597Z
01KFEW2KABXT4KEECMXB2KWEXS,01KFEV38GJVYY8P8B7QXSW6BTE,2026-01-20T23:33:11.627138349Z,30,2026-01-20T23:33:11.627138349Z,true,2026-01-20T23:34:29.587609517Z,01KFEV38H48T18ZRM15RETR33C,2026-01-20T23:33:11.627138349Z,1,2026-01-20T23:33:11.627138349Z,true,2026-01-20T23:34:22.132657356Z,result,2026-01-20T23:33:11.627138349Z,01KFEW2K3YS06VARVY9G44T7TD,2026-01-20T23:33:11.627138349Z,true,2026-01-20T23:34:22.076614993Z,true,2026-01-20T23:34:22.160100661Z,01KFEW2K9ZGN6TD25PMB7DXZ60,2026-01-20T23:33:11.627138349Z
01KFEW2KDHGW1VHKYGRVP02XRT,01KFEV38GJVYY8P8B7QXSW6BTE,2026-01-20T23:33:11.729805682Z,30,2026-01-20T23:33:11.729805682Z,true,2026-01-20T23:35:34.749285633Z,01KFEV38H48T18ZRM15RETR33C,2026-01-20T23:33:11.729805682Z,1,2026-01-20T23:33:11.729805682Z,true,2026-01-20T23:35:32.390024459Z,result,2026-01-20T23:33:11.729805682Z,01KFEW2K50274SV4EXHZVPC5W8,2026-01-20T23:33:11.729805682Z,true,2026-01-20T23:35:32.352827031Z,true,2026-01-20T23:35:32.416058946Z,01KFEW2KD7N2VTZPE0M64PY53J,2026-01-20T23:33:11.729805682Z
01KFEVB8MVJ9SRDZ5NM0K13V9S,01KFEV2BZFDRZBG3Y0249RG1TW,2026-01-20T23:20:27.035775972Z,90,2026-01-20T23:20:27.035775972Z,true,2026-01-20T23:22:50.868006466Z,01KFEV2C0CP35QE41ZMH45J8TZ,2026-01-20T23:20:27.035775972Z,0,2026-01-20T23:20:27.035775972Z,true,2026-01-20T23:22:45.367477237Z,choice,2026-01-20T23:20:27.035775972Z,01KFEVB8G4409FE3WHQBZQY7S4,2026-01-20T23:20:27.035775972Z,true,2026-01-20T23:22:45.348171181Z,true,2026-01-20T23:22:45.389013856Z,01KFEVB8MN28AGF8F7BM4FB5Y8,2026-01-20T23:20:27.035775972Z
01KFEW7Q3GKN75XX5F148TWFNF,01KFEVMNF44NEM58ETFST7KTWM,2026-01-20T23:35:59.344193616Z,30,2026-01-20T23:35:59.344193616Z,false,2026-01-20T23:35:59.344193616Z,01KFEVMNH60E845G0BNN18WWCX,2026-01-20T23:35:59.344193616Z,1,2026-01-20T23:35:59.344193616Z,,,result,2026-01-20T23:35:59.344193616Z,01KFEW7PR67947SQFAPKQSRQMQ,2026-01-20T23:35:59.344193616Z,false,2026-01-20T23:35:59.344193616Z,,,01KFEW7Q35SY2YJSJ66J89WFWF,2026-01-20T23:35:59.344193616Z
01KFEW7Q8J9C4C2GVVXRPEJN66,01KFEVMNF44NEM58ETFST7KTWM,2026-01-20T23:35:59.507021982Z,30,2026-01-20T23:35:59.507021982Z,false,2026-01-20T23:35:59.507021982Z,01KFEVMNH60E845G0BNN18WWCX,2026-01-20T23:35:59.507021982Z,1,2026-01-20T23:35:59.507021982Z,,,result,2026-01-20T23:35:59.507021982Z,01KFEW7PSBKHZ5MGCRYDYNH3PP,2026-01-20T23:35:59.507021982Z,false,2026-01-20T23:35:59.507021982Z,,,01KFEW7Q88RXSRBTNMR7JEX798,2026-01-20T23:35:59.507021982Z
01KFEVJP18STHVKWVWA64SYQHG,01KFEV377XDCWB0CVW0E7ES8WB,2026-01-20T23:24:30.122695001Z,30,2026-01-20T23:24:30.122695001Z,true,2026-01-20T23:26:32.794485244Z,01KFEV378FNG971PBW7B2SPNC6,2026-01-20T23:24:30.122695001Z,1,2026-01-20T23:24:30.122695001Z,true,2026-01-20T23:26:24.442784695Z,result,2026-01-20T23:24:30.122695001Z,01KFEVJNR6S4SX7KGTNEJ547G6,2026-01-20T23:24:30.122695001Z,true,2026-01-20T23:26:24.416470156Z,true,2026-01-20T23:26:24.466997047Z,01KFEVJP12ZDX714ESGPPYYTYG,2026-01-20T23:24:30.122695001Z
01KFEVJWX8BSQ33KEY0VJEPD6K,01KFEV38A01XZ4DPRPFKRE96P8,2026-01-20T23:24:37.160351254Z,90,2026-01-20T23:24:37.160351254Z,true,2026-01-20T23:28:33.31411789Z,01KFEV38AJ2CFPYBQZ58NH0V5J,2026-01-20T23:24:37.160351254Z,0,2026-01-20T23:24:37.160351254Z,true,2026-01-20T23:28:26.124635243Z,choice,2026-01-20T23:24:37.160351254Z,01KFEVJWS0K3DC7EYBN1SH6BCA,2026-01-20T23:24:37.160351254Z,true,2026-01-20T23:28:26.09481526Z,true,2026-01-20T23:28:26.144712711Z,01KFEVJWX41Z1MHEWH0KAQDEBN,2026-01-20T23:24:37.160351254Z
01KFEVRX0TD7137W24NQ31CDYC,01KFEV37CWX6SQYA0RPR0C01MW,2026-01-20T23:27:53.882335926Z,90,2026-01-20T23:27:53.882335926Z,true,2026-01-20T23:29:39.262322602Z,01KFEV37DAAK9E08F076WKMM6J,2026-01-20T23:27:53.882335926Z,0,2026-01-20T23:27:53.882335926Z,true,2026-01-20T23:29:30.043909152Z,choice,2026-01-20T23:27:53.882335926Z,01KFEVRWS6SQ4NE2BVQ7YM3A1B,2026-01-20T23:27:53.882335926Z,true,2026-01-20T23:29:30.008012061Z,true,2026-01-20T23:29:30.074252375Z,01KFEVRX0M08279HS3GDMAVT9A,2026-01-20T23:27:53.882335926Z
01KFEVEHR7S8XGXK4XJ2Q26K07,01KFEV377XDCWB0CVW0E7ES8WB,2026-01-20T23:22:14.663587486Z,30,2026-01-20T23:22:14.663587486Z,true,2026-01-20T23:25:12.459334478Z,01KFEV378H0PY96RNMJFNCN7TE,2026-01-20T23:22:14.663587486Z,1,2026-01-20T23:22:14.663587486Z,true,2026-01-20T23:25:11.271756914Z,result,2026-01-20T23:22:14.663587486Z,01KFEVEHGQDBJ2RJG3S3R11MY8,2026-01-20T23:22:14.663587486Z,true,2026-01-20T23:25:11.251014513Z,true,2026-01-20T23:25:11.288446082Z,01KFEVEHR3AFR1ZG255T9N85VN,2026-01-20T23:22:14.663587486Z
01KFEVEHRQ28ABWR7T54VCE2HJ,01KFEV377XDCWB0CVW0E7ES8WB,2026-01-20T23:22:14.679434753Z,90,2026-01-20T23:22:14.679434753Z,true,2026-01-20T23:25:13.849580901Z,01KFEV378H0PY96RNMJFNCN7TE,2026-01-20T23:22:14.679434753Z,0,2026-01-20T23:22:14.679434753Z,true,2026-01-20T23:25:12.708626203Z,choice,2026-01-20T23:22:14.679434753Z,01KFEVEHGP0J883B9NZZXAN747,2026-01-20T23:22:14.679434753Z,true,2026-01-20T23:25:12.616824557Z,true,2026-01-20T23:25:12.723546142Z,01KFEVEHRJNVMY1K19V6V844PB,2026-01-20T23:22:14.679434753Z
01KFEWKBDCXVP1G5KHC35MEVRQ,01KFEV38A01XZ4DPRPFKRE96P8,2026-01-20T23:42:20.588826285Z,30,2026-01-20T23:42:20.588826285Z,false,2026-01-20T23:42:20.588826285Z,01KFEV38AGG0Y2K5R4FB90SKZX,2026-01-20T23:42:20.588826285Z,1,2026-01-20T23:42:20.588826285Z,,,result,2026-01-20T23:42:20.588826285Z,01KFEWKAQPR609FXX0GWAGNMAF,2026-01-20T23:42:20.588826285Z,false,2026-01-20T23:42:20.588826285Z,,,01KFEWKBCTBENT7A34E046JCTM,2026-01-20T23:42:20.588826285Z
01KFEVF1W9STJGRNY93RG1QJ48,01KFEV377XDCWB0CVW0E7ES8WB,2026-01-20T23:22:31.17761632Z,30,2026-01-20T23:22:31.17761632Z,true,2026-01-20T23:24:05.670334016Z,01KFEV378PDZP87HXSESW6BA01,2026-01-20T23:22:31.17761632Z,1,2026-01-20T23:22:31.17761632Z,true,2026-01-20T23:23:35.64696493Z,result,2026-01-20T23:22:31.17761632Z,01KFEVF1Q29ZX430FYZMCC884K,2026-01-20T23:22:31.17761632Z,true,2026-01-20T23:23:35.63214538Z,true,2026-01-20T23:23:35.66193143Z,01KFEVF1W5ZQQ7BVZEN82SDRHZ,2026-01-20T23:22:31.17761632Z
01KFEW0GMMQA5PDY7QSVW7PV49,01KFEV37PBC6DGWCX0HT0QWYJR,2026-01-20T23:32:03.348267301Z,30,2026-01-20T23:32:03.348267301Z,true,2026-01-20T23:33:58.604278139Z,01KFEV37Q0WSYAYKWHM2EXN0DN,2026-01-20T23:32:03.348267301Z,1,2026-01-20T23:32:03.348267301Z,true,2026-01-20T23:33:56.065124513Z,result,2026-01-20T23:32:03.348267301Z,01KFEW0G8PBE5EFQ6P72KS21WH,2026-01-20T23:32:03.348267301Z,true,2026-01-20T23:33:55.987725326Z,true,2026-01-20T23:33:56.096119638Z,01KFEW0GM962SC6CKNYKZTXBFM,2026-01-20T23:32:03.348267301Z
01KFEWB9KRD47NTFHP6XYEJDVX,01KFEV38GJVYY8P8B7QXSW6BTE,2026-01-20T23:37:56.60062642Z,90,2026-01-20T23:37:56.60062642Z,true,2026-01-20T23:39:54.836139934Z,01KFEV38H8T2V9428VC9T7MEBA,2026-01-20T23:37:56.60062642Z,0,2026-01-20T23:37:56.60062642Z,true,2026-01-20T23:39:51.743972898Z,choice,2026-01-20T23:37:56.60062642Z,01KFEWB95XX5RBFNFE0SQ6DS8R,2026-01-20T23:37:56.60062642Z,true,2026-01-20T23:39:51.696237024Z,true,2026-01-20T23:39:51.782794031Z,01KFEWB9KJ8AD9PRDC1YN87PB2,2026-01-20T23:37:56.60062642Z
01KFEW9P12XS8DW4B9Z99518P7,01KFEV384BJYC62Y0E6AQK09K8,2026-01-20T23:37:03.778778267Z,30,2026-01-20T23:37:03.778778267Z,false,2026-01-20T23:37:03.778778267Z,01KFEV384Z68A1Z7ZGWS1GDSZK,2026-01-20T23:37:03.778778267Z,1,2026-01-20T23:37:03.778778267Z,,,result,2026-01-20T23:37:03.778778267Z,01KFEW9NGE05CY2735VPR9EF30,2026-01-20T23:37:03.778778267Z,false,2026-01-20T23:37:03.778778267Z,,,01KFEW9P0PRP48EPE4B0EMTRZZ,2026-01-20T23:37:03.778778267Z
01KFEWGNS80G59XD7FGR4AH0Q8,01KFEVMNNQTH6Q6DMJG65NFGVF,2026-01-20T23:40:52.904634387Z,90,2026-01-20T23:40:52.904634387Z,false,2026-01-20T23:40:52.904634387Z,01KFEVMNQ7WSYMPADRKJJ7K0T0,2026-01-20T23:40:52.904634387Z,0,2026-01-20T23:40:52.904634387Z,,,choice,2026-01-20T23:40:52.904634387Z,01KFEWGNAFJP50NBHV2X3QRYWT,2026-01-20T23:40:52.904634387Z,false,2026-01-20T23:40:52.904634387Z,,,01KFEWGNS15A6F3GGJZEJKBB0M,2026-01-20T23:40:52.904634387Z
01KFEVPNMPN931NT92S8YC4FG1,01KFEVMN9Q125N5N16W4WNYJXF,2026-01-20T23:26:40.790339107Z,90,2026-01-20T23:26:40.790339107Z,true,2026-01-20T23:28:04.685746165Z,01KFEVMNB841AFDZFM4WSW4FTD,2026-01-20T23:26:40.790339107Z,0,2026-01-20T23:26:40.790339107Z,true,2026-01-20T23:27:56.249229801Z,choice,2026-01-20T23:26:40.790339107Z,01KFEVPNFPGQ4NA785Q8C05C2N,2026-01-20T23:26:40.790339107Z,true,2026-01-20T23:27:56.222319838Z,true,2026-01-20T23:27:56.272267497Z,01KFEVPNMFKJMXGBPX6HNHFBCS,2026-01-20T23:26:40.790339107Z
01KFEW1AT6J8HWX97RAXB9V0FZ,01KFEV384BJYC62Y0E6AQK09K8,2026-01-20T23:32:30.150452124Z,90,2026-01-20T23:32:30.150452124Z,true,2026-01-20T23:33:36.824690354Z,01KFEV385166A8JYCZ9G4DMHRQ,2026-01-20T23:32:30.150452124Z,0,2026-01-20T23:32:30.150452124Z,true,2026-01-20T23:33:34.755521274Z,choice,2026-01-20T23:32:30.150452124Z,01KFEW1AKQX1Q335E33JXH77RT,2026-01-20T23:32:30.150452124Z,true,2026-01-20T23:33:34.719548282Z,true,2026-01-20T23:33:34.792810341Z,01KFEW1AT0B119HBEEE2B8H2RX,2026-01-20T23:32:30.150452124Z
01KFEW3W4N7M11MH9143EW27RK,01KFEVMN9Q125N5N16W4WNYJXF,2026-01-20T23:33:53.429188151Z,90,2026-01-20T23:33:53.429188151Z,true,2026-01-20T23:35:57.70933251Z,01KFEVMNBC23RB4D79KEQ4G0VS,2026-01-20T23:33:53.429188151Z,0,2026-01-20T23:33:53.429188151Z,true,2026-01-20T23:35:56.311974604Z,choice,2026-01-20T23:33:53.429188151Z,01KFEW3VN02RCSZ9DCBE78BGPQ,2026-01-20T23:33:53.429188151Z,true,2026-01-20T23:35:56.275601972Z,true,2026-01-20T23:35:56.342534126Z,01KFEW3W4EF2M2TAM68MH9NX9N,2026-01-20T23:33:53.429188151Z
01KFEVJNVEAV7MWKF43WVZ2CQ4,01KFEV377XDCWB0CVW0E7ES8WB,2026-01-20T23:24:29.934188547Z,30,2026-01-20T23:24:29.934188547Z,true,2026-01-20T23:25:29.115460994Z,01KFEV378FNG971PBW7B2SPNC6,2026-01-20T23:24:29.934188547Z,1,2026-01-20T23:24:29.934188547Z,true,2026-01-20T23:25:26.416606819Z,result,2026-01-20T23:24:29.934188547Z,01KFEVJNQN2G8FJAT7HW3SRZEK,2026-01-20T23:24:29.934188547Z,true,2026-01-20T23:25:26.397114186Z,true,2026-01-20T23:25:26.432900436Z,01KFEVJNV95ADZCG5DZWYNHQNV,2026-01-20T23:24:29.934188547Z
01KFEWF0E1YXSN6T7NKPYX6SKD,01KFEVMNF44NEM58ETFST7KTWM,2026-01-20T23:39:58.273411924Z,90,2026-01-20T23:39:58.273411924Z,true,2026-01-20T23:42:38.894542949Z,01KFEVMNHFNDCGHX9QBBFN387E,2026-01-20T23:39:58.273411924Z,0,2026-01-20T23:39:58.273411924Z,true,2026-01-20T23:42:33.201257407Z,choice,2026-01-20T23:39:58.273411924Z,01KFEWEZZ027F3GXZBY5D0NC1V,2026-01-20T23:39:58.273411924Z,true,2026-01-20T23:42:33.154740641Z,true,2026-01-20T23:42:33.233979544Z,01KFEWF0DQFG9FWQXWE6WXMFCE,2026-01-20T23:39:58.273411924Z
01KFEWKAYXTSVE88240WAVCBE1,01KFEV38A01XZ4DPRPFKRE96P8,2026-01-20T23:42:20.125423193Z,90,2026-01-20T23:42:20.125423193Z,false,2026-01-20T23:42:20.125423193Z,01KFEV38AGG0Y2K5R4FB90SKZX,2026-01-20T23:42:20.125423193Z,0,2026-01-20T23:42:20.125423193Z,,,choice,2026-01-20T23:42:20.125423193Z,01KFEWKANGCE7XERA46G8WNP6W,2026-01-20T23:42:20.125423193Z,false,2026-01-20T23:42:20.125423193Z,,,01KFEWKAYN8Y6T9ADTCZY5XMKD,2026-01-20T23:42:20.125423193Z
01KFEVB8MWVVZYCHY5NX771YGS,01KFEV2BZFDRZBG3Y0249RG1TW,2026-01-20T23:20:27.036452045Z,30,2026-01-20T23:20:27.036452045Z,true,2026-01-20T23:22:53.851067624Z,01KFEV2C0CP35QE41ZMH45J8TZ,2026-01-20T23:20:27.036452045Z,1,2026-01-20T23:20:27.036452045Z,true,2026-01-20T23:22:50.910902726Z,result,2026-01-20T23:20:27.036452045Z,01KFEVB8G4409FE3WHQBZQY7S4,2026-01-20T23:20:27.036452045Z,true,2026-01-20T23:22:50.881063044Z,true,2026-01-20T23:22:50.925737818Z,01KFEVB8MQEGWD56AWBBYTJ3Z5,2026-01-20T23:20:27.036452045Z
01KFEVFBFBD8GAFDCCKYTPDK4W,01KFEV377XDCWB0CVW0E7ES8WB,2026-01-20T23:22:41.003246717Z,30,2026-01-20T23:22:41.003246717Z,true,2026-01-20T23:23:56.781447649Z,01KFEV378H0PY96RNMJTMM0E4X,2026-01-20T23:22:41.003246717Z,1,2026-01-20T23:22:41.003246717Z,true,2026-01-20T23:23:53.981176283Z,result,2026-01-20T23:22:41.003246717Z,01KFEVFBC119EVVS3DCZ8BFX5M,2026-01-20T23:22:41.003246717Z,true,2026-01-20T23:23:53.959234023Z,true,2026-01-20T23:23:53.993981395Z,01KFEVFBF67G5NX3NQQSJNJA72,2026-01-20T23:22:41.003246717Z
01KFEVPNSHFKGRRCP69NCPNF1Q,01KFEVMN9Q125N5N16W4WNYJXF,2026-01-20T23:26:40.945793856Z,90,2026-01-20T23:26:40.945793856Z,true,2026-01-20T23:29:02.00056522Z,01KFEVMNB841AFDZFM4WSW4FTD,2026-01-20T23:26:40.945793856Z,0,2026-01-20T23:26:40.945793856Z,true,2026-01-20T23:28:56.287635513Z,choice,2026-01-20T23:26:40.945793856Z,01KFEVPNGV8RZG6TW9YBSNA141,2026-01-20T23:26:40.945793856Z,true,2026-01-20T23:28:56.251952475Z,true,2026-01-20T23:28:56.313379673Z,01KFEVPNSCNREFAFF5R1208GT2,2026-01-20T23:26:40.945793856Z
01KFEWF0JQC9DNFV0Z5G7M7K18,01KFEVMNF44NEM58ETFST7KTWM,2026-01-20T23:39:58.423428907Z,30,2026-01-20T23:39:58.423428907Z,true,2026-01-20T23:43:24.144440823Z,01KFEVMNHFNDCGHX9QBBFN387E,2026-01-20T23:39:58.423428907Z,1,2026-01-20T23:39:58.423428907Z,true,2026-01-20T23:43:00.992475713Z,result,2026-01-20T23:39:58.423428907Z,01KFEWEZY0CVS9EZRWS47HB4GC,2026-01-20T23:39:58.423428907Z,true,2026-01-20T23:43:00.937268063Z,true,2026-01-20T23:43:01.030513684Z,01KFEWF0J620CBA82K2GECGCB4,2026-01-20T23:39:58.423428907Z
01KFEWVMY9944V21Y2J6RXW4VF,01KFEV38GJVYY8P8B7QXSW6BTE,2026-01-20T23:46:52.489180248Z,30,2026-01-20T23:46:52.489180248Z,true,2026-01-20T23:48:37.944313901Z,01KFEV38H0S2Y42XZDBCZ2KPGY,2026-01-20T23:46:52.489180248Z,1,2026-01-20T23:46:52.489180248Z,true,2026-01-20T23:48:35.382699845Z,result,2026-01-20T23:46:52.489180248Z,01KFEWVM9CP94P7WDKMNK8VHXX,2026-01-20T23:46:52.489180248Z,true,2026-01-20T23:48:35.323130348Z,true,2026-01-20T23:48:35.421455874Z,01KFEWVMXNWCH8G6B5704FA4WH,2026-01-20T23:46:52.489180248Z
01KFEVNK93VGQPFE6QXA9WP4AK,01KFEV38GJVYY8P8B7QXSW6BTE,2026-01-20T23:26:05.60304823Z,90,2026-01-20T23:26:05.60304823Z,false,2026-01-20T23:26:05.60304823Z,01KFEV38H72YHVC8PGTMFH64KV,2026-01-20T23:26:05.60304823Z,0,2026-01-20T23:26:05.60304823Z,,,choice,2026-01-20T23:26:05.60304823Z,01KFEVNK2AET43BG9ZBFF8DTJK,2026-01-20T23:26:05.60304823Z,false,2026-01-20T23:26:05.60304823Z,,,01KFEVNK8YF3Q1533YXWCY0D10,2026-01-20T23:26:05.60304823Z
01KFEW1AQ552Y10E3W42M70JVS,01KFEV384BJYC62Y0E6AQK09K8,2026-01-20T23:32:30.053934904Z,30,2026-01-20T23:32:30.053934904Z,true,2026-01-20T23:33:20.410949824Z,01KFEV385166A8JYCZ9G4DMHRQ,2026-01-20T23:32:30.053934904Z,1,2026-01-20T23:32:30.053934904Z,true,2026-01-20T23:33:17.878079817Z,result,2026-01-20T23:32:30.053934904Z,01KFEW1AHK7P065S468G6XKRHA,2026-01-20T23:32:30.053934904Z,true,2026-01-20T23:33:17.842558973Z,true,2026-01-20T23:33:17.904712529Z,01KFEW1APW62WR0D1QQWA2GTWG,2026-01-20T23:32:30.053934904Z
01KFEW9P0VXRDG39C9TAWPPEAG,01KFEV384BJYC62Y0E6AQK09K8,2026-01-20T23:37:03.771399903Z,90,2026-01-20T23:37:03.771399903Z,false,2026-01-20T23:37:03.771399903Z,01KFEV384Z68A1Z7ZGWS1GDSZK,2026-01-20T23:37:03.771399903Z,0,2026-01-20T23:37:03.771399903Z,,,choice,2026-01-20T23:37:03.771399903Z,01KFEW9NGE05CY2735VPR9EF30,2026-01-20T23:37:03.771399903Z,false,2026-01-20T23:37:03.771399903Z,,,01KFEW9P0HHC88KDS9MQWQGD6H,2026-01-20T23:37:03.771399903Z
01KFEW9S1VFE1YERZZCHKZTCT7,01KFEV38A01XZ4DPRPFKRE96P8,2026-01-20T23:37:06.875823402Z,90,2026-01-20T23:37:06.875823402Z,true,2026-01-20T23:39:53.870826387Z,01KFEV38AJ2CFPYBQZ5JKK7PV4,2026-01-20T23:37:06.875823402Z,0,2026-01-20T23:37:06.875823402Z,true,2026-01-20T23:39:43.676219032Z,choice,2026-01-20T23:37:06.875823402Z,01KFEW9RRB19NTDMQ39CJ149E9,2026-01-20T23:37:06.875823402Z,true,2026-01-20T23:39:43.638767993Z,true,2026-01-20T23:39:43.709308738Z,01KFEW9S1P6HXQYJCB1M7KS80Z,2026-01-20T23:37:06.875823402Z
01KFEVS31JAPFAT14HP2QCSGZD,01KFEV37PBC6DGWCX0HT0QWYJR,2026-01-20T23:28:00.050940176Z,90,2026-01-20T23:28:00.050940176Z,true,2026-01-20T23:28:10.834981753Z,01KFEV37PV76WD06T50QFKE80T,2026-01-20T23:28:00.050940176Z,0,2026-01-20T23:28:00.050940176Z,true,2026-01-20T23:28:02.214109907Z,choice,2026-01-20T23:28:00.050940176Z,01KFEVS2YJ0NN9TXX80TR4EBXB,2026-01-20T23:28:00.050940176Z,true,2026-01-20T23:28:02.169417951Z,true,2026-01-20T23:28:02.23281959Z,01KFEVS31DREQJX4EJWXSJ5YAN,2026-01-20T23:28:00.050940176Z
01KFEW3VW8NMT89GJ6AK1H91Z4,01KFEVMN9Q125N5N16W4WNYJXF,2026-01-20T23:33:53.160734577Z,30,2026-01-20T23:33:53.160734577Z,true,2026-01-20T23:35:25.026742395Z,01KFEVMNBC23RB4D79KEQ4G0VS,2026-01-20T23:33:53.160734577Z,1,2026-01-20T23:33:53.160734577Z,true,2026-01-20T23:35:16.994113948Z,result,2026-01-20T23:33:53.160734577Z,01KFEW3VKG0B17FHJX4NF0X699,2026-01-20T23:33:53.160734577Z,true,2026-01-20T23:35:16.957262697Z,true,2026-01-20T23:35:17.020868816Z,01KFEW3VVWRR9RVV9CR4N7T9C1,2026-01-20T23:33:53.160734577Z
01KFEWKATTG0671MMGK5HNQ0TY,01KFEV38A01XZ4DPRPFKRE96P8,2026-01-20T23:42:19.994775695Z,90,2026-01-20T23:42:19.994775695Z,false,2026-01-20T23:42:19.994775695Z,01KFEV38AGG0Y2K5R4FB90SKZX,2026-01-20T23:42:19.994775695Z,0,2026-01-20T23:42:19.994775695Z,,,choice,2026-01-20T23:42:19.994775695Z,01KFEWKAMV4YHCDTDYTRHRK6RM,2026-01-20T23:42:19.994775695Z,false,2026-01-20T23:42:19.994775695Z,,,01KFEWKATMW916XM8NADJ6HCVS,2026-01-20T23:42:19.994775695Z
01KFEW9S3MMHBZGBJS30BYKWHB,01KFEV38A01XZ4DPRPFKRE96P8,2026-01-20T23:37:06.933025279Z,30,2026-01-20T23:37:06.933025279Z,true,2026-01-20T23:40:09.787690731Z,01KFEV38AJ2CFPYBQZ5JKK7PV4,2026-01-20T23:37:06.933025279Z,1,2026-01-20T23:37:06.933025279Z,true,2026-01-20T23:40:05.121128179Z,result,2026-01-20T23:37:06.933025279Z,01KFEW9RR0JAHGRHAG16SCZ4HQ,2026-01-20T23:37:06.933025279Z,true,2026-01-20T23:40:05.069103979Z,true,2026-01-20T23:40:05.156786899Z,01KFEW9S35CQ745VA1R3JNN2H5,2026-01-20T23:37:06.933025279Z
01KFEVJENH4WSDZTW3BXSJ400G,01KFEV37CWX6SQYA0RPR0C01MW,2026-01-20T23:24:22.577805945Z,90,2026-01-20T23:24:22.577805945Z,true,2026-01-20T23:25:35.880923116Z,01KFEV37DE991T271V0NJ5BY6K,2026-01-20T23:24:22.577805945Z,0,2026-01-20T23:24:22.577805945Z,true,2026-01-20T23:25:29.862597905Z,choice,2026-01-20T23:24:22.577805945Z,01KFEVJEJJ6D7VBYCE9XWXMRKP,2026-01-20T23:24:22.577805945Z,true,2026-01-20T23:25:29.840585864Z,true,2026-01-20T23:25:29.881227855Z,01KFEVJEND2H09F4M4QQQY3FVR,2026-01-20T23:24:22.577805945Z
01KFEVB8Q4X6ET9T5HHK3MQDHV,01KFEV2BZFDRZBG3Y0249RG1TW,2026-01-20T23:20:27.10817644Z,90,2026-01-20T23:20:27.10817644Z,true,2026-01-20T23:23:23.104124108Z,01KFEV2C0CP35QE41ZMH45J8TZ,2026-01-20T23:20:27.10817644Z,0,2026-01-20T23:20:27.10817644Z,true,2026-01-20T23:23:20.757083677Z,choice,2026-01-20T23:20:27.10817644Z,01KFEVB8G7BAMBGNZ1NTK36656,2026-01-20T23:20:27.10817644Z,true,2026-01-20T23:23:20.717990085Z,true,2026-01-20T23:23:20.790511977Z,01KFEVB8PST8H865WT0BHK0YKX,2026-01-20T23:20:27.10817644Z
01KFEVH497CGWXYEWQ84QQAKMW,01KFEV37PBC6DGWCX0HT0QWYJR,2026-01-20T23:23:39.175095983Z,30,2026-01-20T23:23:39.175095983Z,true,2026-01-20T23:24:05.347338134Z,01KFEV37PYV9HETXX2PC055NBT,2026-01-20T23:23:39.175095983Z,1,2026-01-20T23:23:39.175095983Z,true,2026-01-20T23:23:49.218718766Z,result,2026-01-20T23:23:39.175095983Z,01KFEVH47JSXWXPCKZJ9NW3ZAE,2026-01-20T23:23:39.175095983Z,true,2026-01-20T23:23:49.197105057Z,true,2026-01-20T23:23:49.233703571Z,01KFEVH48YBVHQ8G8PZJTJRC9H,2026-01-20T23:23:39.175095983Z
01KFEVH4C740XBVBGRJXN4KTZ0,01KFEV37PBC6DGWCX0HT0QWYJR,2026-01-20T23:23:39.271603743Z,30,2026-01-20T23:23:39.271603743Z,true,2026-01-20T23:25:34.740551793Z,01KFEV37PYV9HETXX2PC055NBT,2026-01-20T23:23:39.271603743Z,1,2026-01-20T23:23:39.271603743Z,true,2026-01-20T23:25:21.338842121Z,result,2026-01-20T23:23:39.271603743Z,01KFEVH486ZCFEH7MFXY01HJC3,2026-01-20T23:23:39.271603743Z,true,2026-01-20T23:25:21.312439891Z,true,2026-01-20T23:25:21.355412653Z,01KFEVH4C25RETWGCJV1EN8PJJ,2026-01-20T23:23:39.271603743Z
01KFEVJWYJPKJ10Z9D0PFQDVVJ,01KFEV38A01XZ4DPRPFKRE96P8,2026-01-20T23:24:37.202459565Z,30,2026-01-20T23:24:37.202459565Z,true,2026-01-20T23:28:55.778464594Z,01KFEV38AJ2CFPYBQZ58NH0V5J,2026-01-20T23:24:37.202459565Z,1,2026-01-20T23:24:37.202459565Z,true,2026-01-20T23:28:52.999258152Z,result,2026-01-20T23:24:37.202459565Z,01KFEVJWRF48QGEMN6CSTN82AW,2026-01-20T23:24:37.202459565Z,true,2026-01-20T23:28:52.918727754Z,true,2026-01-20T23:28:53.051745217Z,01KFEVJWYESFA0BPN0FTWNV82D,2026-01-20T23:24:37.202459565Z
01KFEVPNMV63JHKXVKH8Q2GK4D,01KFEVMN9Q125N5N16W4WNYJXF,2026-01-20T23:26:40.795197232Z,30,2026-01-20T23:26:40.795197232Z,true,2026-01-20T23:28:09.86642575Z,01KFEVMNB841AFDZFM4WSW4FTD,2026-01-20T23:26:40.795197232Z,1,2026-01-20T23:26:40.795197232Z,true,2026-01-20T23:28:04.742371813Z,result,2026-01-20T23:26:40.795197232Z,01KFEVPNFPGQ4NA785Q8C05C2N,2026-01-20T23:26:40.795197232Z,true,2026-01-20T23:28:04.711760608Z,true,2026-01-20T23:28:04.764780229Z,01KFEVPNMJTPJ43ZRJY0VKM4H5,2026-01-20T23:26:40.795197232Z
01KFEVB8PCEHCTD1JD90QNZ79K,01KFEV2BZFDRZBG3Y0249RG1TW,2026-01-20T23:20:27.084148936Z,30,2026-01-20T23:20:27.084148936Z,true,2026-01-20T23:23:20.645727181Z,01KFEV2C0CP35QE41ZMH45J8TZ,2026-01-20T23:20:27.084148936Z,1,2026-01-20T23:20:27.084148936Z,true,2026-01-20T23:23:12.192096173Z,result,2026-01-20T23:20:27.084148936Z,01KFEVB8G65XGTDB93SRCK5ATZ,2026-01-20T23:20:27.084148936Z,true,2026-01-20T23:23:12.176488034Z,true,2026-01-20T23:23:12.206239287Z,01KFEVB8P738ABG1RVXWZB2Q8H,2026-01-20T23:20:27.084148936Z
01KFEVCJQZ8C4YE0TVC3GN6MHM,01KFEV2BZFDRZBG3Y0249RG1TW,2026-01-20T23:21:10.143817381Z,90,2026-01-20T23:21:10.143817381Z,false,2026-01-20T23:21:10.143817381Z,01KFEV2C0EQZAQP8AFWFARX9S3,2026-01-20T23:21:10.143817381Z,0,2026-01-20T23:21:10.143817381Z,,,choice,2026-01-20T23:21:10.143817381Z,01KFEVCJJZCC8YT9EYQ89MW7GC,2026-01-20T23:21:10.143817381Z,false,2026-01-20T23:21:10.143817381Z,,,01KFEVCJQP4KEWRVHFDRM28MTP,2026-01-20T23:21:10.143817381Z
01KFEWKB7SYJF9DD3NWFAX0X3S,01KFEV38A01XZ4DPRPFKRE96P8,2026-01-20T23:42:20.409700066Z,30,2026-01-20T23:42:20.409700066Z,false,2026-01-20T23:42:20.409700066Z,01KFEV38AGG0Y2K5R4FB90SKZX,2026-01-20T23:42:20.409700066Z,1,2026-01-20T23:42:20.409700066Z,,,result,2026-01-20T23:42:20.409700066Z,01KFEWKAPTFNTC4GXHMRJ6N0TA,2026-01-20T23:42:20.409700066Z,false,2026-01-20T23:42:20.409700066Z,,,01KFEWKB6QPNPTWM46WS9DWMSX,2026-01-20T23:42:20.409700066Z
01KFEW7Q8BRKDCQGSBWFXN9DXJ,01KFEVMNF44NEM58ETFST7KTWM,2026-01-20T23:35:59.499780123Z,90,2026-01-20T23:35:59.499780123Z,false,2026-01-20T23:35:59.499780123Z,01KFEVMNH60E845G0BNN18WWCX,2026-01-20T23:35:59.499780123Z,0,2026-01-20T23:35:59.499780123Z,,,choice,2026-01-20T23:35:59.499780123Z,01KFEW7PSBKHZ5MGCRYDYNH3PP,2026-01-20T23:35:59.499780123Z,false,2026-01-20T23:35:59.499780123Z,,,01KFEW7Q844624WGQP0K7BVASS,2026-01-20T23:35:59.499780123Z
01KFEWF0J91E0CGWP8BM9KXJ7Q,01KFEVMNF44NEM58ETFST7KTWM,2026-01-20T23:39:58.409338874Z,90,2026-01-20T23:39:58.409338874Z,true,2026-01-20T23:43:00.900661038Z,01KFEVMNHFNDCGHX9QBBFN387E,2026-01-20T23:39:58.409338874Z,0,2026-01-20T23:39:58.409338874Z,true,2026-01-20T23:42:57.4859541Z,choice,2026-01-20T23:39:58.409338874Z,01KFEWEZY0CVS9EZRWS47HB4GC,2026-01-20T23:39:58.409338874Z,true,2026-01-20T23:42:57.438691378Z,true,2026-01-20T23:42:57.526580847Z,01KFEWF0J3DGVTRW2SYPS1KVEH,2026-01-20T23:39:58.409338874Z
01KFEWGNWPHW9KX66YSXDZX4GC,01KFEVMNNQTH6Q6DMJG65NFGVF,2026-01-20T23:40:53.014063676Z,30,2026-01-20T23:40:53.014063676Z,false,2026-01-20T23:40:53.014063676Z,01KFEVMNQ7WSYMPADRKJJ7K0T0,2026-01-20T23:40:53.014063676Z,1,2026-01-20T23:40:53.014063676Z,,,result,2026-01-20T23:40:53.014063676Z,01KFEWGN9X41GWNG782E2A0G6P,2026-01-20T23:40:53.014063676Z,false,2026-01-20T23:40:53.014063676Z,,,01KFEWGNW999323QAB69ES638M,2026-01-20T23:40:53.014063676Z
01KFEW1B32DN8FA4XMJZZ9GDZY,01KFEV384BJYC62Y0E6AQK09K8,2026-01-20T23:32:30.434478801Z,30,2026-01-20T23:32:30.434478801Z,true,2026-01-20T23:34:21.885842535Z,01KFEV385166A8JYCZ9G4DMHRQ,2026-01-20T23:32:30.434478801Z,1,2026-01-20T23:32:30.434478801Z,true,2026-01-20T23:34:12.980813733Z,result,2026-01-20T23:32:30.434478801Z,01KFEW1AHWQARTJECMFRG6TRPK,2026-01-20T23:32:30.434478801Z,true,2026-01-20T23:34:12.943194798Z,true,2026-01-20T23:34:13.007699145Z,01KFEW1B2R186KEBWS7ZX6THWG,2026-01-20T23:32:30.434478801Z
01KFEW3VSQRB720ECCBZ7KHSF4,01KFEVMN9Q125N5N16W4WNYJXF,2026-01-20T23:33:53.079162065Z,30,2026-01-20T23:33:53.079162065Z,true,2026-01-20T23:35:07.806397147Z,01KFEVMNBC23RB4D79KEQ4G0VS,2026-01-20T23:33:53.079162065Z,1,2026-01-20T23:33:53.079162065Z,true,2026-01-20T23:35:04.588965176Z,result,2026-01-20T23:33:53.079162065Z,01KFEW3VJN8ZKAM3Y64XBX8BFB,2026-01-20T23:33:53.079162065Z,true,2026-01-20T23:35:04.551673946Z,true,2026-01-20T23:35:04.616049904Z,01KFEW3VSAE34NSJD1TETK5ZBP,2026-01-20T23:33:53.079162065Z
01KFEWF01ZN92XV17QSN1BV8CS,01KFEVMNF44NEM58ETFST7KTWM,2026-01-20T23:39:57.887403401Z,90,2026-01-20T23:39:57.887403401Z,true,2026-01-20T23:40:58.599323403Z,01KFEVMNHFNDCGHX9QBBFN387E,2026-01-20T23:39:57.887403401Z,0,2026-01-20T23:39:57.887403401Z,true,2026-01-20T23:40:52.195589585Z,choice,2026-01-20T23:39:57.887403401Z,01KFEWEZVSPMEYM5WRNH1GH02Y,2026-01-20T23:39:57.887403401Z,true,2026-01-20T23:40:52.152461959Z,true,2026-01-20T23:40:52.22702666Z,01KFEWF01SGNAH3XWXVDRYG0WR,2026-01-20T23:39:57.887403401Z
01KFEVNK6SY2AS3GA2JWSTZCFX,01KFEV38GJVYY8P8B7QXSW6BTE,2026-01-20T23:26:05.529761421Z,30,2026-01-20T23:26:05.529761421Z,false,2026-01-20T23:26:05.529761421Z,01KFEV38H72YHVC8PGTMFH64KV,2026-01-20T23:26:05.529761421Z,1,2026-01-20T23:26:05.529761421Z,,,result,2026-01-20T23:26:05.529761421Z,01KFEVNK1ZJZ5E2EJYET3G4FPY,2026-01-20T23:26:05.529761421Z,false,2026-01-20T23:26:05.529761421Z,,,01KFEVNK6HJCJZ2XHS7ZS0V5AE,2026-01-20T23:26:05.529761421Z
01KFEVPNNV1X8518KEC9FER46C,01KFEVMN9Q125N5N16W4WNYJXF,2026-01-20T23:26:40.827228841Z,30,2026-01-20T23:26:40.827228841Z,true,2026-01-20T23:28:21.626451227Z,01KFEVMNB841AFDZFM4WSW4FTD,2026-01-20T23:26:40.827228841Z,1,2026-01-20T23:26:40.827228841Z,true,2026-01-20T23:28:17.029715972Z,result,2026-01-20T23:26:40.827228841Z,01KFEVPNG6JB6DZSQZ5HM4GVS7,2026-01-20T23:26:40.827228841Z,true,2026-01-20T23:28:16.99833203Z,true,2026-01-20T23:28:17.054891195Z,01KFEVPNNHF81SF3ZKD5T6YWTB,2026-01-20T23:26:40.827228841Z
01KFEW2KNDKV3B0JBGEB4FEVJ5,01KFEV38GJVYY8P8B7QXSW6BTE,2026-01-20T23:33:11.981071564Z,90,2026-01-20T23:33:11.981071564Z,true,2026-01-20T23:36:14.237463383Z,01KFEV38H48T18ZRM15RETR33C,2026-01-20T23:33:11.981071564Z,0,2026-01-20T23:33:11.981071564Z,true,2026-01-20T23:36:13.270667001Z,choice,2026-01-20T23:33:11.981071564Z,01KFEW2K5Q3YTG9F7JD6J5VSNS,2026-01-20T23:33:11.981071564Z,true,2026-01-20T23:36:13.231066181Z,true,2026-01-20T23:36:13.305403335Z,01KFEW2KN6W84ZR1GJ6PQMHJPK,2026-01-20T23:33:11.981071564Z
01KFEVJET2YXJAHWFH260WP606,01KFEV37CWX6SQYA0RPR0C01MW,2026-01-20T23:24:22.72253734Z,30,2026-01-20T23:24:22.72253734Z,true,2026-01-20T23:28:36.660512712Z,01KFEV37DE991T271V0NJ5BY6K,2026-01-20T23:24:22.72253734Z,1,2026-01-20T23:24:22.72253734Z,true,2026-01-20T23:28:32.258496741Z,result,2026-01-20T23:24:22.72253734Z,01KFEVJEKKVBG5WQ05EX00MQZN,2026-01-20T23:24:22.72253734Z,true,2026-01-20T23:28:32.225009642Z,true,2026-01-20T23:28:32.284904867Z,01KFEVJESY7JMNNKQ1F3DFJ1FA,2026-01-20T23:24:22.72253734Z
01KFEVKCQPP3VQABKM8VGVTDRX,01KFEV37PBC6DGWCX0HT0QWYJR,2026-01-20T23:24:53.366523437Z,90,2026-01-20T23:24:53.366523437Z,true,2026-01-20T23:26:02.954430107Z,01KFEV37PYV9HETXX2PSGE1RKD,2026-01-20T23:24:53.366523437Z,0,2026-01-20T23:24:53.366523437Z,true,2026-01-20T23:25:54.025480416Z,choice,2026-01-20T23:24:53.366523437Z,01KFEVKCMMB045AMAJBPJ2G93R,2026-01-20T23:24:53.366523437Z,true,2026-01-20T23:25:54.004069529Z,true,2026-01-20T23:25:54.048852361Z,01KFEVKCQH8QJ6SJSFX8MCTQ02,2026-01-20T23:24:53.366523437Z
01KFEW0GJ4VTQ5TZ3H7AEEHQTX,01KFEV37PBC6DGWCX0HT0QWYJR,2026-01-20T23:32:03.268939905Z,90,2026-01-20T23:32:03.268939905Z,true,2026-01-20T23:33:39.475528163Z,01KFEV37Q0WSYAYKWHM2EXN0DN,2026-01-20T23:32:03.268939905Z,0,2026-01-20T23:32:03.268939905Z,true,2026-01-20T23:33:35.611914078Z,choice,2026-01-20T23:32:03.268939905Z,01KFEW0G9R2CR00EMTWN25XPQE,2026-01-20T23:32:03.268939905Z,true,2026-01-20T23:33:35.567980103Z,true,2026-01-20T23:33:35.63989283Z,01KFEW0GHZE6CYPHYHTMPB9G1Z,2026-01-20T23:32:03.268939905Z
01KFEVKCZ686SAR29T6QZTRJEK,01KFEV37PBC6DGWCX0HT0QWYJR,2026-01-20T23:24:53.607000609Z,90,2026-01-20T23:24:53.607000609Z,true,2026-01-20T23:28:06.19401712Z,01KFEV37PYV9HETXX2PSGE1RKD,2026-01-20T23:24:53.607000609Z,0,2026-01-20T23:24:53.607000609Z,true,2026-01-20T23:28:04.613921433Z,choice,2026-01-20T23:24:53.607000609Z,01KFEVKCMQT7S1XG51JFN48N08,2026-01-20T23:24:53.607000609Z,true,2026-01-20T23:28:04.560093257Z,true,2026-01-20T23:28:04.638598234Z,01KFEVKCZ26HZ31H5VW408FHXF,2026-01-20T23:24:53.607000609Z
01KFEV994VD7GN1HJTR3A7FKA5,01KFEV2BZFDRZBG3Y0249RG1TW,2026-01-20T23:19:22.0118909Z,90,2026-01-20T23:19:22.0118909Z,true,2026-01-20T23:19:52.627638026Z,01KFEV2C08ND9C9BYW8N2T146P,2026-01-20T23:19:22.0118909Z,0,2026-01-20T23:19:22.0118909Z,true,2026-01-20T23:19:46.454768649Z,choice,2026-01-20T23:19:22.0118909Z,01KFEV9922CCX65P8NS08ZA7AP,2026-01-20T23:19:22.0118909Z,true,2026-01-20T23:19:46.441717751Z,true,2026-01-20T23:19:46.470357992Z,01KFEV994PK0WSAP1SRGZK6CPD,2026-01-20T23:19:22.0118909Z
01KFEVKCPWX6ZB3334K1D98NP2,01KFEV37PBC6DGWCX0HT0QWYJR,2026-01-20T23:24:53.340427739Z,90,2026-01-20T23:24:53.340427739Z,true,2026-01-20T23:25:47.686129082Z,01KFEV37PYV9HETXX2PSGE1RKD,2026-01-20T23:24:53.340427739Z,0,2026-01-20T23:24:53.340427739Z,true,2026-01-20T23:25:39.602324115Z,choice,2026-01-20T23:24:53.340427739Z,01KFEVKCMTAFBEY86Z8E6DFH9P,2026-01-20T23:24:53.340427739Z,true,2026-01-20T23:25:39.577262736Z,true,2026-01-20T23:25:39.61864202Z,01KFEVKCPNWESQ85TRHGP6775P,2026-01-20T23:24:53.340427739Z
01KFEW2A4W26S9C5CNQDDS3CPJ,01KFEV38A01XZ4DPRPFKRE96P8,2026-01-20T23:33:02.236069111Z,90,2026-01-20T23:33:02.236069111Z,true,2026-01-20T23:34:32.368603127Z,01KFEV38AHTHHCNTDGHAJN0GXG,2026-01-20T23:33:02.236069111Z,0,2026-01-20T23:33:02.236069111Z,true,2026-01-20T23:34:29.232883986Z,choice,2026-01-20T23:33:02.236069111Z,01KFEW29XZMZF1P4K1A2ZTGRQ6,2026-01-20T23:33:02.236069111Z,true,2026-01-20T23:34:29.192040024Z,true,2026-01-20T23:34:29.256204781Z,01KFEW2A4N0V04JMHC5T5AF0SW,2026-01-20T23:33:02.236069111Z
01KFEVB8S3DSPTSG8ECCVZ54F7,01KFEV2BZFDRZBG3Y0249RG1TW,2026-01-20T23:20:27.171700555Z,30,2026-01-20T23:20:27.171700555Z,true,2026-01-20T23:23:54.26597441Z,01KFEV2C0CP35QE41ZMH45J8TZ,2026-01-20T23:20:27.171700555Z,1,2026-01-20T23:20:27.171700555Z,true,2026-01-20T23:23:42.242226092Z,result,2026-01-20T23:20:27.171700555Z,01KFEVB8GASGJN0SSP4XXA8YGN,2026-01-20T23:20:27.171700555Z,true,2026-01-20T23:23:42.221811188Z,true,2026-01-20T23:23:42.255560119Z,01KFEVB8S0XJTBNTF52TB9809H,2026-01-20T23:20:27.171700555Z
01KFEW1ANR7G1PJ5VB2PNKQNZE,01KFEV384BJYC62Y0E6AQK09K8,2026-01-20T23:32:30.008290322Z,90,2026-01-20T23:32:30.008290322Z,true,2026-01-20T23:33:09.562589057Z,01KFEV385166A8JYCZ9G4DMHRQ,2026-01-20T23:32:30.008290322Z,0,2026-01-20T23:32:30.008290322Z,true,2026-01-20T23:33:05.370341769Z,choice,2026-01-20T23:32:30.008290322Z,01KFEW1AGWTEZX6BMYHVQ8HP0D,2026-01-20T23:32:30.008290322Z,true,2026-01-20T23:33:05.312465454Z,true,2026-01-20T23:33:05.393939306Z,01KFEW1ANJC4JXD81EB22EH192,2026-01-20T23:32:30.008290322Z
01KFEWGNSN7G485R6B48BSVTMN,01KFEVMNNQTH6Q6DMJG65NFGVF,2026-01-20T23:40:52.917536402Z,30,2026-01-20T23:40:52.917536402Z,false,2026-01-20T23:40:52.917536402Z,01KFEVMNQ7WSYMPADRKJJ7K0T0,2026-01-20T23:40:52.917536402Z,1,2026-01-20T23:40:52.917536402Z,,,result,2026-01-20T23:40:52.917536402Z,01KFEWGNAFJP50NBHV2X3QRYWT,2026-01-20T23:40:52.917536402Z,false,2026-01-20T23:40:52.917536402Z,,,01KFEWGNS51X8EPCRKME8QBKE3,2026-01-20T23:40:52.917536402Z
01KFEVJNXTSNQS0CPBSSW748RM,01KFEV377XDCWB0CVW0E7ES8WB,2026-01-20T23:24:30.010886429Z,90,2026-01-20T23:24:30.010886429Z,true,2026-01-20T23:25:52.99322654Z,01KFEV378FNG971PBW7B2SPNC6,2026-01-20T23:24:30.010886429Z,0,2026-01-20T23:24:30.010886429Z,true,2026-01-20T23:25:51.298079068Z,choice,2026-01-20T23:24:30.010886429Z,01KFEVJNRMV8QKDD2GX9TGRBPY,2026-01-20T23:24:30.010886429Z,true,2026-01-20T23:25:51.273007575Z,true,2026-01-20T23:25:51.316927305Z,01KFEVJNXNK22FG0S32WWT1H1B,2026-01-20T23:24:30.010886429Z
01KFEVJNZ6STY10F4MM2MTT9PH,01KFEV377XDCWB0CVW0E7ES8WB,2026-01-20T23:24:30.054365752Z,90,2026-01-20T23:24:30.054365752Z,true,2026-01-20T23:26:08.787765134Z,01KFEV378FNG971PBW7B2SPNC6,2026-01-20T23:24:30.054365752Z,0,2026-01-20T23:24:30.054365752Z,true,2026-01-20T23:26:07.493219059Z,choice,2026-01-20T23:24:30.054365752Z,01KFEVJNRF52FGSEND6NF55RT9,2026-01-20T23:24:30.054365752Z,true,2026-01-20T23:26:07.467389695Z,true,2026-01-20T23:26:07.512005748Z,01KFEVJNZ1MSW1DK4Y3WDVNF5J,2026-01-20T23:24:30.054365752Z
01KFEWVMZQHTZS5FR7BZZ4G0BG,01KFEV38GJVYY8P8B7QXSW6BTE,2026-01-20T23:46:52.535586434Z,90,2026-01-20T23:46:52.535586434Z,true,2026-01-20T23:50:08.215542082Z,01KFEV38H0S2Y42XZDBCZ2KPGY,2026-01-20T23:46:52.535586434Z,0,2026-01-20T23:46:52.535586434Z,true,2026-01-20T23:48:38.159083809Z,choice,2026-01-20T23:46:52.535586434Z,01KFEWVM9PT51YW4VST0CM6RSJ,2026-01-20T23:46:52.535586434Z,true,2026-01-20T23:48:38.10435067Z,true,2026-01-20T23:48:38.195391962Z,01KFEWVMZEMA726TPW920Y2Z9T,2026-01-20T23:46:52.535586434Z
01KFEVF1S82FT53CXDAEK2KJZ0,01KFEV377XDCWB0CVW0E7ES8WB,2026-01-20T23:22:31.080076919Z,30,2026-01-20T23:22:31.080076919Z,true,2026-01-20T23:23:13.238695647Z,01KFEV378PDZP87HXSESW6BA01,2026-01-20T23:22:31.080076919Z,1,2026-01-20T23:22:31.080076919Z,true,2026-01-20T23:23:01.565024446Z,result,2026-01-20T23:22:31.080076919Z,01KFEVF1Q0DWKQS3BYN9S091RF,2026-01-20T23:22:31.080076919Z,true,2026-01-20T23:23:01.529842686Z,true,2026-01-20T23:23:01.590986661Z,01KFEVF1S3SV9RHDZ17GMZRXRN,2026-01-20T23:22:31.080076919Z
01KFEVGBJ7K027K907MY5HM8BN,01KFEV37CWX6SQYA0RPR0C01MW,2026-01-20T23:23:13.863791865Z,90,2026-01-20T23:23:13.863791865Z,true,2026-01-20T23:25:29.974412137Z,01KFEV37DE991T271V0BRDHRJW,2026-01-20T23:23:13.863791865Z,0,2026-01-20T23:23:13.863791865Z,true,2026-01-20T23:25:22.166220739Z,choice,2026-01-20T23:23:13.863791865Z,01KFEVGBCW7TNTPNJ175RV28X4,2026-01-20T23:23:13.863791865Z,true,2026-01-20T23:25:22.145692479Z,true,2026-01-20T23:25:22.18403392Z,01KFEVGBHS3C4CPV99XDF586R6,2026-01-20T23:23:13.863791865Z
01KFEW3W2321H8E9DNG9YY6QKT,01KFEVMN9Q125N5N16W4WNYJXF,2026-01-20T23:33:53.347635227Z,30,2026-01-20T23:33:53.347635227Z,true,2026-01-20T23:35:48.475952809Z,01KFEVMNBC23RB4D79KEQ4G0VS,2026-01-20T23:33:53.347635227Z,1,2026-01-20T23:33:53.347635227Z,true,2026-01-20T23:35:38.435208731Z,result,2026-01-20T23:33:53.347635227Z,01KFEW3VMGZD02ANKDCQP1JWVK,2026-01-20T23:33:53.347635227Z,true,2026-01-20T23:35:38.350375334Z,true,2026-01-20T23:35:38.478318753Z,01KFEW3W1TW6DBZXV2GSHH0ZZJ,2026-01-20T23:33:53.347635227Z
01KFEWVMRCAKAKBEHH9E167GGQ,01KFEV38GJVYY8P8B7QXSW6BTE,2026-01-20T23:46:52.30043845Z,30,2026-01-20T23:46:52.30043845Z,true,2026-01-20T23:48:17.784612923Z,01KFEV38H0S2Y42XZDBCZ2KPGY,2026-01-20T23:46:52.30043845Z,1,2026-01-20T23:46:52.30043845Z,true,2026-01-20T23:48:13.115387976Z,result,2026-01-20T23:46:52.30043845Z,01KFEWVM8J6QS2ST8TXJA668EN,2026-01-20T23:46:52.30043845Z,true,2026-01-20T23:48:13.064521226Z,true,2026-01-20T23:48:13.154609425Z,01KFEWVMQS11V2FZZ2XP7Q43ME,2026-01-20T23:46:52.30043845Z
01KFEVCJKR63155ZJJGXQC45S2,01KFEV2BZFDRZBG3Y0249RG1TW,2026-01-20T23:21:10.008224977Z,90,2026-01-20T23:21:10.008224977Z,true,2026-01-20T23:21:18.373459763Z,01KFEV2C0EQZAQP8AFWFARX9S3,2026-01-20T23:21:10.008224977Z,0,2026-01-20T23:21:10.008224977Z,true,2026-01-20T23:21:10.995717991Z,choice,2026-01-20T23:21:10.008224977Z,01KFEVCJJ5D5JFKFHHY6M7CQMN,2026-01-20T23:21:10.008224977Z,true,2026-01-20T23:21:10.571720397Z,true,2026-01-20T23:21:11.009225459Z,01KFEVCJKGQJWZZ9YG61GD9TJX,2026-01-20T23:21:10.008224977Z
01KFEVCJNY2WPXXG1WQM5RET3J,01KFEV2BZFDRZBG3Y0249RG1TW,2026-01-20T23:21:10.078248257Z,30,2026-01-20T23:21:10.078248257Z,false,2026-01-20T23:21:10.078248257Z,01KFEV2C0EQZAQP8AFWFARX9S3,2026-01-20T23:21:10.078248257Z,1,2026-01-20T23:21:10.078248257Z,,,result,2026-01-20T23:21:10.078248257Z,01KFEVCJK3YKQXD5ZJWKCD87VG,2026-01-20T23:21:10.078248257Z,false,2026-01-20T23:21:10.078248257Z,,,01KFEVCJNT95AXWDX8YQHNQA7K,2026-01-20T23:21:10.078248257Z
01KFEVEHP7M6T3SASA7661H43W,01KFEV377XDCWB0CVW0E7ES8WB,2026-01-20T23:22:14.600028817Z,90,2026-01-20T23:22:14.600028817Z,true,2026-01-20T23:24:31.171843111Z,01KFEV378H0PY96RNMJFNCN7TE,2026-01-20T23:22:14.600028817Z,0,2026-01-20T23:22:14.600028817Z,true,2026-01-20T23:24:20.321168763Z,choice,2026-01-20T23:22:14.600028817Z,01KFEVEHGS0JDSCPZNZH3BDF1M,2026-01-20T23:22:14.600028817Z,true,2026-01-20T23:24:20.299044077Z,true,2026-01-20T23:24:20.337593228Z,01KFEVEHNX9NEW8G0WBHXYSZ28,2026-01-20T23:22:14.600028817Z
01KFEW7PT72VGHQ0KQMEGK23GA,01KFEVMNF44NEM58ETFST7KTWM,2026-01-20T23:35:59.047213115Z,90,2026-01-20T23:35:59.047213115Z,true,2026-01-20T23:36:16.081275816Z,01KFEVMNH60E845G0BNN18WWCX,2026-01-20T23:35:59.047213115Z,0,2026-01-20T23:35:59.047213115Z,true,2026-01-20T23:36:01.95292107Z,choice,2026-01-20T23:35:59.047213115Z,01KFEW7PNRNRMQAX1ZJ3QAKXQC,2026-01-20T23:35:59.047213115Z,true,2026-01-20T23:36:01.895382628Z,true,2026-01-20T23:36:01.982952152Z,01KFEW7PT1QNX9QV09W888G700,2026-01-20T23:35:59.047213115Z
01KFEVH4EFN91TWRG7FZX10TPN,01KFEV37PBC6DGWCX0HT0QWYJR,2026-01-20T23:23:39.34399273Z,30,2026-01-20T23:23:39.34399273Z,true,2026-01-20T23:25:56.8813135Z,01KFEV37PYV9HETXX2PC055NBT,2026-01-20T23:23:39.34399273Z,1,2026-01-20T23:23:39.34399273Z,true,2026-01-20T23:25:54.111436977Z,result,2026-01-20T23:23:39.34399273Z,01KFEVH47RBTC8Q50RVEZJ2J6Q,2026-01-20T23:23:39.34399273Z,true,2026-01-20T23:25:54.0863745Z,true,2026-01-20T23:25:54.13087298Z,01KFEVH4E81MXGC190F1V0AH4A,2026-01-20T23:23:39.34399273Z
01KFEVRWXT0NGY24T48FKKPW5E,01KFEV37CWX6SQYA0RPR0C01MW,2026-01-20T23:27:53.786443972Z,90,2026-01-20T23:27:53.786443972Z,true,2026-01-20T23:28:41.450172003Z,01KFEV37DAAK9E08F076WKMM6J,2026-01-20T23:27:53.786443972Z,0,2026-01-20T23:27:53.786443972Z,true,2026-01-20T23:28:36.965841889Z,choice,2026-01-20T23:27:53.786443972Z,01KFEVRWRG1NX0K3PTAJAQYB2F,2026-01-20T23:27:53.786443972Z,true,2026-01-20T23:28:36.940185392Z,true,2026-01-20T23:28:36.98974904Z,01KFEVRWXK4RAR5YYM6T6F9CMM,2026-01-20T23:27:53.786443972Z
01KFEW3W1X2SKERK3STCW94EZ6,01KFEVMN9Q125N5N16W4WNYJXF,2026-01-20T23:33:53.341122754Z,90,2026-01-20T23:33:53.341122754Z,true,2026-01-20T23:35:38.31761243Z,01KFEVMNBC23RB4D79KEQ4G0VS,2026-01-20T23:33:53.341122754Z,0,2026-01-20T23:33:53.341122754Z,true,2026-01-20T23:35:36.538820886Z,choice,2026-01-20T23:33:53.341122754Z,01KFEW3VMGZD02ANKDCQP1JWVK,2026-01-20T23:33:53.341122754Z,true,2026-01-20T23:35:36.503557681Z,true,2026-01-20T23:35:36.56680431Z,01KFEW3W1Q1453MRNRH5B82GFS,2026-01-20T23:33:53.341122754Z
01KFEW0GFXV3D7Q3SSH69273Q1,01KFEV37PBC6DGWCX0HT0QWYJR,2026-01-20T23:32:03.197406382Z,90,2026-01-20T23:32:03.197406382Z,true,2026-01-20T23:33:04.718669163Z,01KFEV37Q0WSYAYKWHM2EXN0DN,2026-01-20T23:32:03.197406382Z,0,2026-01-20T23:32:03.197406382Z,true,2026-01-20T23:33:00.175921185Z,choice,2026-01-20T23:32:03.197406382Z,01KFEW0G9D7HY4DT2F92JJP28V,2026-01-20T23:32:03.197406382Z,true,2026-01-20T23:33:00.140691719Z,true,2026-01-20T23:33:00.203407506Z,01KFEW0GFR7HXBAFSEH91X36GC,2026-01-20T23:32:03.197406382Z
01KFEW1AMTEGT7MFYAG1TZNWVX,01KFEV384BJYC62Y0E6AQK09K8,2026-01-20T23:32:29.978363859Z,30,2026-01-20T23:32:29.978363859Z,true,2026-01-20T23:33:05.140180081Z,01KFEV385166A8JYCZ9G4DMHRQ,2026-01-20T23:32:29.978363859Z,1,2026-01-20T23:32:29.978363859Z,true,2026-01-20T23:32:40.577407518Z,result,2026-01-20T23:32:29.978363859Z,01KFEW1AGDXB9F3CBJZD9ZH5QQ,2026-01-20T23:32:29.978363859Z,true,2026-01-20T23:32:40.541354884Z,true,2026-01-20T23:32:40.600101112Z,01KFEW1AMCRRHKW2E8D40GXXZ5,2026-01-20T23:32:29.978363859Z
01KFEVBA1EW3HVMR48JKEWHMZW,01KFEV2BZFDRZBG3Y0249RG1TW,2026-01-20T23:20:28.462442984Z,30,2026-01-20T23:20:28.462442984Z,false,2026-01-20T23:20:28.462442984Z,01KFEV2C0BAXD2XBMY5020521J,2026-01-20T23:20:28.462442984Z,1,2026-01-20T23:20:28.462442984Z,,,result,2026-01-20T23:20:28.462442984Z,01KFEVB9TS9YDQGB97D8D9PSKC,2026-01-20T23:20:28.462442984Z,false,2026-01-20T23:20:28.462442984Z,,,01KFEVBA1AMCDCH2E7D6G10HRS,2026-01-20T23:20:28.462442984Z
01KFEVHAVTXXBR4DCASYZ11AC8,01KFEV384BJYC62Y0E6AQK09K8,2026-01-20T23:23:45.91436078Z,30,2026-01-20T23:23:45.91436078Z,true,2026-01-20T23:25:18.05335554Z,01KFEV384Y33BFECW27AH8GSGD,2026-01-20T23:23:45.91436078Z,1,2026-01-20T23:23:45.91436078Z,true,2026-01-20T23:25:15.764128122Z,result,2026-01-20T23:23:45.91436078Z,01KFEVHAPJCMYFRQP2F7WT72WK,2026-01-20T23:23:45.91436078Z,true,2026-01-20T23:25:15.741394227Z,true,2026-01-20T23:25:15.781389641Z,01KFEVHAVM0G4TACKZVFNPB0DH,2026-01-20T23:23:45.91436078Z
01KFEVPNJV8Y998VRKJQSK3F27,01KFEVMN9Q125N5N16W4WNYJXF,2026-01-20T23:26:40.731653118Z,90,2026-01-20T23:26:40.731653118Z,true,2026-01-20T23:27:03.055325526Z,01KFEVMNB841AFDZFM4WSW4FTD,2026-01-20T23:26:40.731653118Z,0,2026-01-20T23:26:40.731653118Z,true,2026-01-20T23:26:42.880634564Z,choice,2026-01-20T23:26:40.731653118Z,01KFEVPNF9X8183T19PW5K9TEJ,2026-01-20T23:26:40.731653118Z,true,2026-01-20T23:26:42.836048874Z,true,2026-01-20T23:26:42.901273324Z,01KFEVPNJPSGCYENBPYB2YF60S,2026-01-20T23:26:40.731653118Z
01KFEWB9EFX04N8VV9TBA9MAMH,01KFEV38GJVYY8P8B7QXSW6BTE,2026-01-20T23:37:56.431359471Z,30,2026-01-20T23:37:56.431359471Z,true,2026-01-20T23:39:31.751144931Z,01KFEV38H8T2V9428VC9T7MEBA,2026-01-20T23:37:56.431359471Z,1,2026-01-20T23:37:56.431359471Z,true,2026-01-20T23:39:14.192581437Z,result,2026-01-20T23:37:56.431359471Z,01KFEWB94VS3H1WGEG6MHSEQZ4,2026-01-20T23:37:56.431359471Z,true,2026-01-20T23:39:14.145885803Z,true,2026-01-20T23:39:14.225318174Z,01KFEWB9E0ANA2W2J8WRC9XC25,2026-01-20T23:37:56.431359471Z
01KFEV993QHWEYQB55RKP924HG,01KFEV2BZFDRZBG3Y0249RG1TW,2026-01-20T23:19:21.97554886Z,30,2026-01-20T23:19:21.97554886Z,true,2026-01-20T23:19:42.001294815Z,01KFEV2C08ND9C9BYW8N2T146P,2026-01-20T23:19:21.97554886Z,1,2026-01-20T23:19:21.97554886Z,true,2026-01-20T23:19:27.27725483Z,result,2026-01-20T23:19:21.97554886Z,01KFEV9921HAKCJZWRN603XZDD,2026-01-20T23:19:21.97554886Z,true,2026-01-20T23:19:27.239931996Z,true,2026-01-20T23:19:27.28931481Z,01KFEV993M46TB0QT8MM6CMWZY,2026-01-20T23:19:21.97554886Z
01KFEVB8HQ343GXPGBQFAMG2VR,01KFEV2BZFDRZBG3Y0249RG1TW,2026-01-20T23:20:26.935372457Z,90,2026-01-20T23:20:26.935372457Z,true,2026-01-20T23:21:53.899131831Z,01KFEV2C0CP35QE41ZMH45J8TZ,2026-01-20T23:20:26.935372457Z,0,2026-01-20T23:20:26.935372457Z,true,2026-01-20T23:21:43.330670116Z,choice,2026-01-20T23:20:26.935372457Z,01KFEVB8FWDNBSEK2Q7T0WF7KM,2026-01-20T23:20:26.935372457Z,true,2026-01-20T23:21:43.311036487Z,true,2026-01-20T23:21:43.34311552Z,01KFEVB8HGHCRMY2QSKA1HJ6TN,2026-01-20T23:20:26.935372457Z
01KFEVGBJ96NKB51ZV2HGV6QVJ,01KFEV37CWX6SQYA0RPR0C01MW,2026-01-20T23:23:13.865035164Z,30,2026-01-20T23:23:13.865035164Z,true,2026-01-20T23:25:32.753009748Z,01KFEV37DE991T271V0BRDHRJW,2026-01-20T23:23:13.865035164Z,1,2026-01-20T23:23:13.865035164Z,true,2026-01-20T23:25:30.016627566Z,result,2026-01-20T23:23:13.865035164Z,01KFEVGBCW7TNTPNJ175RV28X4,2026-01-20T23:23:13.865035164Z,true,2026-01-20T23:25:29.992769719Z,true,2026-01-20T23:25:30.035033885Z,01KFEVGBJ0N4WT8Y933KQFHTCP,2026-01-20T23:23:13.865035164Z
01KFEW7Q0FSARMW9XERAF08EQZ,01KFEVMNF44NEM58ETFST7KTWM,2026-01-20T23:35:59.247716592Z,90,2026-01-20T23:35:59.247716592Z,false,2026-01-20T23:35:59.247716592Z,01KFEVMNH60E845G0BNN18WWCX,2026-01-20T23:35:59.247716592Z,0,2026-01-20T23:35:59.247716592Z,,,choice,2026-01-20T23:35:59.247716592Z,01KFEW7PQMVA8DCPJF8F4YD1WC,2026-01-20T23:35:59.247716592Z,false,2026-01-20T23:35:59.247716592Z,,,01KFEW7Q087TCASTD4F644JQ33,2026-01-20T23:35:59.247716592Z
01KFEVCJNXE6VHT1BQAFB59G64,01KFEV2BZFDRZBG3Y0249RG1TW,2026-01-20T23:21:10.077202857Z,90,2026-01-20T23:21:10.077202857Z,false,2026-01-20T23:21:10.077202857Z,01KFEV2C0EQZAQP8AFWFARX9S3,2026-01-20T23:21:10.077202857Z,0,2026-01-20T23:21:10.077202857Z,,,choice,2026-01-20T23:21:10.077202857Z,01KFEVCJK3YKQXD5ZJWKCD87VG,2026-01-20T23:21:10.077202857Z,false,2026-01-20T23:21:10.077202857Z,,,01KFEVCJNQ515Q76KNDBPTHRHJ,2026-01-20T23:21:10.077202857Z
01KFEVJWYGG5MFCTZ9CY6814HB,01KFEV38A01XZ4DPRPFKRE96P8,2026-01-20T23:24:37.200537945Z,90,2026-01-20T23:24:37.200537945Z,true,2026-01-20T23:28:52.897292532Z,01KFEV38AJ2CFPYBQZ58NH0V5J,2026-01-20T23:24:37.200537945Z,0,2026-01-20T23:24:37.200537945Z,true,2026-01-20T23:28:48.96406855Z,choice,2026-01-20T23:24:37.200537945Z,01KFEVJWRF48QGEMN6CSTN82AW,2026-01-20T23:24:37.200537945Z,true,2026-01-20T23:28:48.929536834Z,true,2026-01-20T23:28:48.988695166Z,01KFEVJWYCJPB0C6EEPGWNG1B2,2026-01-20T23:24:37.200537945Z
01KFEW0GMEJP63FQ1SYG9CT4HE,01KFEV37PBC6DGWCX0HT0QWYJR,2026-01-20T23:32:03.342265611Z,90,2026-01-20T23:32:03.342265611Z,true,2026-01-20T23:33:55.930008459Z,01KFEV37Q0WSYAYKWHM2EXN0DN,2026-01-20T23:32:03.342265611Z,0,2026-01-20T23:32:03.342265611Z,true,2026-01-20T23:33:52.328043028Z,choice,2026-01-20T23:32:03.342265611Z,01KFEW0G8PBE5EFQ6P72KS21WH,2026-01-20T23:32:03.342265611Z,true,2026-01-20T23:33:52.277775365Z,true,2026-01-20T23:33:52.35333686Z,01KFEW0GM62X87MNSGAXSQ34NW,2026-01-20T23:32:03.342265611Z
01KFEVKCQWKZG726P55K4SV233,01KFEV37PBC6DGWCX0HT0QWYJR,2026-01-20T23:24:53.372144338Z,30,2026-01-20T23:24:53.372144338Z,true,2026-01-20T23:26:07.881492545Z,01KFEV37PYV9HETXX2PSGE1RKD,2026-01-20T23:24:53.372144338Z,1,2026-01-20T23:24:53.372144338Z,true,2026-01-20T23:26:03.002585464Z,result,2026-01-20T23:24:53.372144338Z,01KFEVKCMMB045AMAJBPJ2G93R,2026-01-20T23:24:53.372144338Z,true,2026-01-20T23:26:02.979670593Z,true,2026-01-20T23:26:03.025310764Z,01KFEVKCQKPAKQ1C1BZ4172RC2,2026-01-20T23:24:53.372144338Z
01KFEW2AGGMJ7V2C7KBT1E4H2A,01KFEV38A01XZ4DPRPFKRE96P8,2026-01-20T23:33:02.608438263Z,90,2026-01-20T23:33:02.608438263Z,true,2026-01-20T23:36:35.196199542Z,01KFEV38AHTHHCNTDGHAJN0GXG,2026-01-20T23:33:02.608438263Z,0,2026-01-20T23:33:02.608438263Z,true,2026-01-20T23:36:32.470975192Z,choice,2026-01-20T23:33:02.608438263Z,01KFEW2A07M1KE0DCW06NBRFTM,2026-01-20T23:33:02.608438263Z,true,2026-01-20T23:36:32.436286798Z,true,2026-01-20T23:36:32.501847495Z,01KFEW2AG944VPM8BPAHG0X1RT,2026-01-20T23:33:02.608438263Z
01KFEVB8NW9J6J7AN1QGD0GY9T,01KFEV2BZFDRZBG3Y0249RG1TW,2026-01-20T23:20:27.069512977Z,30,2026-01-20T23:20:27.069512977Z,true,2026-01-20T23:23:06.964547388Z,01KFEV2C0CP35QE41ZMH45J8TZ,2026-01-20T23:20:27.069512977Z,1,2026-01-20T23:20:27.069512977Z,true,2026-01-20T23:23:04.508320651Z,result,2026-01-20T23:20:27.069512977Z,01KFEVB8G65XGTDB93SACT6HAB,2026-01-20T23:20:27.069512977Z,true,2026-01-20T23:23:04.484808099Z,true,2026-01-20T23:23:04.520092536Z,01KFEVB8NST4JXPC1EM4PCN6N2,2026-01-20T23:20:27.069512977Z
01KFEVRX2YVTPET7P1SGWGT9CN,01KFEV37CWX6SQYA0RPR0C01MW,2026-01-20T23:27:53.950872074Z,30,2026-01-20T23:27:53.950872074Z,true,2026-01-20T23:30:08.874422029Z,01KFEV37DAAK9E08F076WKMM6J,2026-01-20T23:27:53.950872074Z,1,2026-01-20T23:27:53.950872074Z,true,2026-01-20T23:30:04.14165048Z,result,2026-01-20T23:27:53.950872074Z,01KFEVRWSPA17ZS4W91D5DRVBE,2026-01-20T23:27:53.950872074Z,true,2026-01-20T23:30:04.102890225Z,true,2026-01-20T23:30:04.161932207Z,01KFEVRX2RHS58FQWN7M4KNMKS,2026-01-20T23:27:53.950872074Z
01KFEW0GDQDRSKWWXNDQWJ0BC1,01KFEV37PBC6DGWCX0HT0QWYJR,2026-01-20T23:32:03.127829024Z,90,2026-01-20T23:32:03.127829024Z,true,2026-01-20T23:32:50.304706867Z,01KFEV37Q0WSYAYKWHM2EXN0DN,2026-01-20T23:32:03.127829024Z,0,2026-01-20T23:32:03.127829024Z,true,2026-01-20T23:32:39.760845983Z,choice,2026-01-20T23:32:03.127829024Z,01KFEW0G95HGEBJ66PJEE5BWT0,2026-01-20T23:32:03.127829024Z,true,2026-01-20T23:32:39.728447253Z,true,2026-01-20T23:32:39.78344825Z,01KFEW0GDHZTW8FVPQ26PSKZE7,2026-01-20T23:32:03.127829024Z
01KFEV9944WW8FYX7790XC9K9Y,01KFEV2BZFDRZBG3Y0249RG1TW,2026-01-20T23:19:21.988146162Z,90,2026-01-20T23:19:21.988146162Z,true,2026-01-20T23:19:44.104951333Z,01KFEV2C08ND9C9BYW8N2T146P,2026-01-20T23:19:21.988146162Z,0,2026-01-20T23:19:21.988146162Z,true,2026-01-20T23:19:42.067761559Z,choice,2026-01-20T23:19:21.988146162Z,01KFEV9923DJ5VCDJPCWV8F272,2026-01-20T23:19:21.988146162Z,true,2026-01-20T23:19:42.053148438Z,true,2026-01-20T23:19:42.07969033Z,01KFEV993Z8TJVG55TTWP71Z7D,2026-01-20T23:19:21.988146162Z
01KFEVJWZEZTTQ2YG9R4S34MES,01KFEV38A01XZ4DPRPFKRE96P8,2026-01-20T23:24:37.230043038Z,30,2026-01-20T23:24:37.230043038Z,true,2026-01-20T23:29:28.564132522Z,01KFEV38AJ2CFPYBQZ58NH0V5J,2026-01-20T23:24:37.230043038Z,1,2026-01-20T23:24:37.230043038Z,true,2026-01-20T23:28:58.521244873Z,result,2026-01-20T23:24:37.230043038Z,01KFEVJWSA1G8BTA3YJK5GPKEP,2026-01-20T23:24:37.230043038Z,true,2026-01-20T23:28:58.488098173Z,true,2026-01-20T23:28:58.541196795Z,01KFEVJWZ762T1ST0JBH0K0T5R,2026-01-20T23:24:37.230043038Z
01KFEWGNY8RHXM3R3VYTYCPC1V,01KFEVMNNQTH6Q6DMJG65NFGVF,2026-01-20T23:40:53.064789072Z,30,2026-01-20T23:40:53.064789072Z,false,2026-01-20T23:40:53.064789072Z,01KFEVMNQ7WSYMPADRKJJ7K0T0,2026-01-20T23:40:53.064789072Z,1,2026-01-20T23:40:53.064789072Z,,,result,2026-01-20T23:40:53.064789072Z,01KFEWGN9MQMAHD7315C429A4M,2026-01-20T23:40:53.064789072Z,false,2026-01-20T23:40:53.064789072Z,,,01KFEWGNXQEZVQZN1V4TEPGCY8,2026-01-20T23:40:53.064789072Z
01KFEVJEPCQZ1NVDPR6WBJD5M8,01KFEV37CWX6SQYA0RPR0C01MW,2026-01-20T23:24:22.604816271Z,90,2026-01-20T23:24:22.604816271Z,true,2026-01-20T23:26:44.011089078Z,01KFEV37DE991T271V0NJ5BY6K,2026-01-20T23:24:22.604816271Z,0,2026-01-20T23:24:22.604816271Z,true,2026-01-20T23:26:07.401650397Z,choice,2026-01-20T23:24:22.604816271Z,01KFEVJEK4F89CSCY0X9C1AJQJ,2026-01-20T23:24:22.604816271Z,true,2026-01-20T23:26:07.364491139Z,true,2026-01-20T23:26:07.423485412Z,01KFEVJEP4FEE9X60NPVNZ7AYT,2026-01-20T23:24:22.604816271Z
01KFEVRWWTXPZ8V1EHCS7XT02V,01KFEV37CWX6SQYA0RPR0C01MW,2026-01-20T23:27:53.754913085Z,90,2026-01-20T23:27:53.754913085Z,true,2026-01-20T23:28:28.673626178Z,01KFEV37DAAK9E08F076WKMM6J,2026-01-20T23:27:53.754913085Z,0,2026-01-20T23:27:53.754913085Z,true,2026-01-20T23:28:18.111763181Z,choice,2026-01-20T23:27:53.754913085Z,01KFEVRWRP2V236VFYBAYSNQQS,2026-01-20T23:27:53.754913085Z,true,2026-01-20T23:28:18.085471367Z,true,2026-01-20T23:28:18.130688788Z,01KFEVRWWMAJ4ZGD7YSCT42DQ0,2026-01-20T23:27:53.754913085Z
01KFEWKASJDNDM46R0CDMCFRRT,01KFEV38A01XZ4DPRPFKRE96P8,2026-01-20T23:42:19.954897671Z,30,2026-01-20T23:42:19.954897671Z,false,2026-01-20T23:42:19.954897671Z,01KFEV38AGG0Y2K5R4FB90SKZX,2026-01-20T23:42:19.954897671Z,1,2026-01-20T23:42:19.954897671Z,,,result,2026-01-20T23:42:19.954897671Z,01KFEWKAKZA6T6FZQK6APKC6X7,2026-01-20T23:42:19.954897671Z,false,2026-01-20T23:42:19.954897671Z,,,01KFEWKAS0WH25WGZPGGZMZVS8,2026-01-20T23:42:19.954897671Z
01KFEVH4BATJB4WVYSWQ2THYHJ,01KFEV37PBC6DGWCX0HT0QWYJR,2026-01-20T23:23:39.24226114Z,90,2026-01-20T23:23:39.24226114Z,true,2026-01-20T23:25:12.495144003Z,01KFEV37PYV9HETXX2PC055NBT,2026-01-20T23:23:39.24226114Z,0,2026-01-20T23:23:39.24226114Z,true,2026-01-20T23:25:05.843880439Z,choice,2026-01-20T23:23:39.24226114Z,01KFEVH485B8R4J0M6DWQE7BKW,2026-01-20T23:23:39.24226114Z,true,2026-01-20T23:25:05.822992178Z,true,2026-01-20T23:25:05.859336549Z,01KFEVH4AV8AQ10GAHTF8W4J5W,2026-01-20T23:23:39.24226114Z
01KFEVHASFB9TX5EG6YSRHT3K6,01KFEV384BJYC62Y0E6AQK09K8,2026-01-20T23:23:45.839698454Z,30,2026-01-20T23:23:45.839698454Z,true,2026-01-20T23:24:38.834888249Z,01KFEV384Y33BFECW27AH8GSGD,2026-01-20T23:23:45.839698454Z,1,2026-01-20T23:23:45.839698454Z,true,2026-01-20T23:24:35.616963572Z,result,2026-01-20T23:23:45.839698454Z,01KFEVHAPCH18VPXAR0AA2NN3F,2026-01-20T23:23:45.839698454Z,true,2026-01-20T23:24:35.599105994Z,true,2026-01-20T23:24:35.630452343Z,01KFEVHAS9T79JVV3FG8ZHN3QJ,2026-01-20T23:23:45.839698454Z
01KFEVB8Q4X6ET9T5HJBPQMK4G,01KFEV2BZFDRZBG3Y0249RG1TW,2026-01-20T23:20:27.108903038Z,30,2026-01-20T23:20:27.108903038Z,true,2026-01-20T23:23:25.284643124Z,01KFEV2C0CP35QE41ZMH45J8TZ,2026-01-20T23:20:27.108903038Z,1,2026-01-20T23:20:27.108903038Z,true,2026-01-20T23:23:23.138711359Z,result,2026-01-20T23:20:27.108903038Z,01KFEVB8G7BAMBGNZ1NTK36656,2026-01-20T23:20:27.108903038Z,true,2026-01-20T23:23:23.123097235Z,true,2026-01-20T23:23:23.154184451Z,01KFEVB8PZ1MPER80WD4DH1FBC,2026-01-20T23:20:27.108903038Z
01KFEVEHHMXWZD26Q5ABCCK15P,01KFEV377XDCWB0CVW0E7ES8WB,2026-01-20T23:22:14.452700306Z,30,2026-01-20T23:22:14.452700306Z,true,2026-01-20T23:23:12.722200453Z,01KFEV378H0PY96RNMJFNCN7TE,2026-01-20T23:22:14.452700306Z,1,2026-01-20T23:22:14.452700306Z,true,2026-01-20T23:22:42.710214907Z,result,2026-01-20T23:22:14.452700306Z,01KFEVEHG7RRFZHJA7KNPE4YW3,2026-01-20T23:22:14.452700306Z,true,2026-01-20T23:22:42.691712394Z,true,2026-01-20T23:22:42.720718867Z,01KFEVEHHFSQJ5N8MH40KM39T1,2026-01-20T23:22:14.452700306Z
01KFEWE9815GVD2JD7MXAY4JE6,01KFEVMN9Q125N5N16W4WNYJXF,2026-01-20T23:39:34.529798497Z,30,2026-01-20T23:39:34.529798497Z,true,2026-01-20T23:41:27.646063657Z,01KFEVMNAWK7WRWM1AMQZKX6SA,2026-01-20T23:39:34.529798497Z,1,2026-01-20T23:39:34.529798497Z,true,2026-01-20T23:41:26.300149342Z,result,2026-01-20T23:39:34.529798497Z,01KFEWE8V42B6QNHZQ0TH5CPD7,2026-01-20T23:39:34.529798497Z,true,2026-01-20T23:41:26.250098439Z,true,2026-01-20T23:41:26.351574826Z,01KFEWE97J612KASVHH994CWDQ,2026-01-20T23:39:34.529798497Z
01KFEVGBMCD56YFFXGFQQ60PGY,01KFEV37CWX6SQYA0RPR0C01MW,2026-01-20T23:23:13.932940469Z,30,2026-01-20T23:23:13.932940469Z,true,2026-01-20T23:26:14.946729869Z,01KFEV37DE991T271V0BRDHRJW,2026-01-20T23:23:13.932940469Z,1,2026-01-20T23:23:13.932940469Z,true,2026-01-20T23:26:11.599497576Z,result,2026-01-20T23:23:13.932940469Z,01KFEVGBDEFGKQZTMK8HZ24A1T,2026-01-20T23:23:13.932940469Z,true,2026-01-20T23:26:11.568747196Z,true,2026-01-20T23:26:11.620592666Z,01KFEVGBM8CV9EW6TFNWYNXYGY,2026-01-20T23:23:13.932940469Z
01KFEW3W8VT5CW7Y92SKRP7YZ3,01KFEVMN9Q125N5N16W4WNYJXF,2026-01-20T23:33:53.563671577Z,90,2026-01-20T23:33:53.563671577Z,true,2026-01-20T23:36:07.198461047Z,01KFEVMNBC23RB4D79KEQ4G0VS,2026-01-20T23:33:53.563671577Z,0,2026-01-20T23:33:53.563671577Z,true,2026-01-20T23:36:05.567501487Z,choice,2026-01-20T23:33:53.563671577Z,01KFEW3VNM3T348MBV77A05Z67,2026-01-20T23:33:53.563671577Z,true,2026-01-20T23:36:05.529456838Z,true,2026-01-20T23:36:05.597179404Z,01KFEW3W8N7E88W8S2FXBTREP9,2026-01-20T23:33:53.563671577Z
01KFEWF0H44W8P0C7V3DHJ90H6,01KFEVMNF44NEM58ETFST7KTWM,2026-01-20T23:39:58.372532074Z,30,2026-01-20T23:39:58.372532074Z,true,2026-01-20T23:42:57.289178512Z,01KFEVMNHFNDCGHX9QBBFN387E,2026-01-20T23:39:58.372532074Z,1,2026-01-20T23:39:58.372532074Z,true,2026-01-20T23:42:54.246245059Z,result,2026-01-20T23:39:58.372532074Z,01KFEWEZYB6ZVPPBFVTKXTZJ40,2026-01-20T23:39:58.372532074Z,true,2026-01-20T23:42:54.190159714Z,true,2026-01-20T23:42:54.278734707Z,01KFEWF0GSRYTYWXA49S13CXCB,2026-01-20T23:39:58.372532074Z
01KFEWB9CN4KZXW3TNJXYHB9Y5,01KFEV38GJVYY8P8B7QXSW6BTE,2026-01-20T23:37:56.373041695Z,90,2026-01-20T23:37:56.373041695Z,true,2026-01-20T23:39:02.306759932Z,01KFEV38H8T2V9428VC9T7MEBA,2026-01-20T23:37:56.373041695Z,0,2026-01-20T23:37:56.373041695Z,true,2026-01-20T23:38:57.961910923Z,choice,2026-01-20T23:37:56.373041695Z,01KFEWB94KQ2XE0PFRQY8WXWM9,2026-01-20T23:37:56.373041695Z,true,2026-01-20T23:38:57.913932777Z,true,2026-01-20T23:38:57.999410511Z,01KFEWB9CE3NBXT7SB51Y0PQGN,2026-01-20T23:37:56.373041695Z
01KFEWE8YQN7X40BSXA1GT90TB,01KFEVMN9Q125N5N16W4WNYJXF,2026-01-20T23:39:34.231679049Z,30,2026-01-20T23:39:34.231679049Z,true,2026-01-20T23:40:36.178561555Z,01KFEVMNAWK7WRWM1AMQZKX6SA,2026-01-20T23:39:34.231679049Z,1,2026-01-20T23:39:34.231679049Z,true,2026-01-20T23:40:13.443243011Z,result,2026-01-20T23:39:34.231679049Z,01KFEWE8RX9DT254543TPC4B40,2026-01-20T23:39:34.231679049Z,true,2026-01-20T23:40:13.398531706Z,true,2026-01-20T23:40:13.474438863Z,01KFEWE8Y853QV3H8HEZDQPB27,2026-01-20T23:39:34.231679049Z
01KFEWE9001GQYH4PMYKX36AE0,01KFEVMN9Q125N5N16W4WNYJXF,2026-01-20T23:39:34.272963539Z,90,2026-01-20T23:39:34.272963539Z,true,2026-01-20T23:40:49.309092142Z,01KFEVMNAWK7WRWM1AMQZKX6SA,2026-01-20T23:39:34.272963539Z,0,2026-01-20T23:39:34.272963539Z,true,2026-01-20T23:40:36.373318661Z,choice,2026-01-20T23:39:34.272963539Z,01KFEWE8T23BZMWKHQ571WBSHF,2026-01-20T23:39:34.272963539Z,true,2026-01-20T23:40:36.332430151Z,true,2026-01-20T23:40:36.409210901Z,01KFEWE8ZQRJ5AEC02SX0SBSK0,2026-01-20T23:39:34.272963539Z
01KFEWGNE89FAK927XR45HTYYB,01KFEVMNNQTH6Q6DMJG65NFGVF,2026-01-20T23:40:52.552840446Z,30,2026-01-20T23:40:52.552840446Z,false,2026-01-20T23:40:52.552840446Z,01KFEVMNQ7WSYMPADRKJJ7K0T0,2026-01-20T23:40:52.552840446Z,1,2026-01-20T23:40:52.552840446Z,,,result,2026-01-20T23:40:52.552840446Z,01KFEWGN8871KBZRF5H5AJ2KH2,2026-01-20T23:40:52.552840446Z,false,2026-01-20T23:40:52.552840446Z,,,01KFEWGNDSXF0M87BY2SEQFTBF,2026-01-20T23:40:52.552840446Z
01KFEWVMARTYMEQH0BQC521YXA,01KFEV38GJVYY8P8B7QXSW6BTE,2026-01-20T23:46:51.864869974Z,90,2026-01-20T23:46:51.864869974Z,true,2026-01-20T23:47:02.383399587Z,01KFEV38H0S2Y42XZDBCZ2KPGY,2026-01-20T23:46:51.864869974Z,0,2026-01-20T23:46:51.864869974Z,true,2026-01-20T23:46:55.873955191Z,choice,2026-01-20T23:46:51.864869974Z,01KFEWVM5D5SBJNDB59MH62QTJ,2026-01-20T23:46:51.864869974Z,true,2026-01-20T23:46:55.82398557Z,true,2026-01-20T23:46:55.915229299Z,01KFEWVMAG77GRSEN5EJRR2TGQ,2026-01-20T23:46:51.864869974Z
01KFEWVMMBQXDBY3KBPT8Q2PBJ,01KFEV38GJVYY8P8B7QXSW6BTE,2026-01-20T23:46:52.171843407Z,30,2026-01-20T23:46:52.171843407Z,true,2026-01-20T23:48:05.474567192Z,01KFEV38H0S2Y42XZDBCZ2KPGY,2026-01-20T23:46:52.171843407Z,1,2026-01-20T23:46:52.171843407Z,true,2026-01-20T23:48:01.891824791Z,result,2026-01-20T23:46:52.171843407Z,01KFEWVM7Z966CNQ4GRP5M96EG,2026-01-20T23:46:52.171843407Z,true,2026-01-20T23:48:01.830038044Z,true,2026-01-20T23:48:01.929570871Z,01KFEWVMKPE18B9C823QQ72Z63,2026-01-20T23:46:52.171843407Z
01KFEVFBFWH0NQXBP2SVNZFF97,01KFEV377XDCWB0CVW0E7ES8WB,2026-01-20T23:22:41.020903174Z,30,2026-01-20T23:22:41.020903174Z,true,2026-01-20T23:24:19.384473999Z,01KFEV378H0PY96RNMJTMM0E4X,2026-01-20T23:22:41.020903174Z,1,2026-01-20T23:22:41.020903174Z,true,2026-01-20T23:24:05.878680175Z,result,2026-01-20T23:22:41.020903174Z,01KFEVFBC06RMYVW5HNEESW6V6,2026-01-20T23:22:41.020903174Z,true,2026-01-20T23:24:05.860782825Z,true,2026-01-20T23:24:05.901999256Z,01KFEVFBFR4APS7DKDERDJZYWT,2026-01-20T23:22:41.020903174Z
01KFEVJP0GK13BHPZZM9KX3YZQ,01KFEV377XDCWB0CVW0E7ES8WB,2026-01-20T23:24:30.098270129Z,30,2026-01-20T23:24:30.098270129Z,true,2026-01-20T23:26:21.938374211Z,01KFEV378FNG971PBW7B2SPNC6,2026-01-20T23:24:30.098270129Z,1,2026-01-20T23:24:30.098270129Z,true,2026-01-20T23:26:18.762753832Z,result,2026-01-20T23:24:30.098270129Z,01KFEVJNR9280S2KWAWZH5CR01,2026-01-20T23:24:30.098270129Z,true,2026-01-20T23:26:18.729607072Z,true,2026-01-20T23:26:18.782033601Z,01KFEVJP0ARSV1FV02YC5CTZN4,2026-01-20T23:24:30.098270129Z
01KFEWB9B6TZBJZQ3NPRBVYAPV,01KFEV38GJVYY8P8B7QXSW6BTE,2026-01-20T23:37:56.326570466Z,90,2026-01-20T23:37:56.326570466Z,true,2026-01-20T23:38:49.788603977Z,01KFEV38H8T2V9428VC9T7MEBA,2026-01-20T23:37:56.326570466Z,0,2026-01-20T23:37:56.326570466Z,true,2026-01-20T23:38:42.83159493Z,choice,2026-01-20T23:37:56.326570466Z,01KFEWB949AP0NZWRSRC3KVSY9,2026-01-20T23:37:56.326570466Z,true,2026-01-20T23:38:42.794188368Z,true,2026-01-20T23:38:42.865336175Z,01KFEWB9B03N284DE9ZBW55E3W,2026-01-20T23:37:56.326570466Z
01KFEWVMCCTPMPPVRWAA8ATR81,01KFEV38GJVYY8P8B7QXSW6BTE,2026-01-20T23:46:51.916345465Z,90,2026-01-20T23:46:51.916345465Z,true,2026-01-20T23:47:21.95176725Z,01KFEV38H0S2Y42XZDBCZ2KPGY,2026-01-20T23:46:51.916345465Z,0,2026-01-20T23:46:51.916345465Z,true,2026-01-20T23:47:16.322364679Z,choice,2026-01-20T23:46:51.916345465Z,01KFEWVM69B5XT587JT9ZENQD3,2026-01-20T23:46:51.916345465Z,true,2026-01-20T23:47:16.279741805Z,true,2026-01-20T23:47:16.367125535Z,01KFEWVMC5HE1MFJDGMWSQVBYX,2026-01-20T23:46:51.916345465Z
01KFEVCJPD0QSW0C80Y8GH1XAA,01KFEV2BZFDRZBG3Y0249RG1TW,2026-01-20T23:21:10.093370349Z,90,2026-01-20T23:21:10.093370349Z,false,2026-01-20T23:21:10.093370349Z,01KFEV2C0EQZAQP8AFWFARX9S3,2026-01-20T23:21:10.093370349Z,0,2026-01-20T23:21:10.093370349Z,,,choice,2026-01-20T23:21:10.093370349Z,01KFEVCJK21FAA4VTTCQMHT1R0,2026-01-20T23:21:10.093370349Z,false,2026-01-20T23:21:10.093370349Z,,,01KFEVCJP87SRBB4YTYEN9RJEN,2026-01-20T23:21:10.093370349Z
01KFEVPNXKV5Q02KNC4SKFNV7T,01KFEVMN9Q125N5N16W4WNYJXF,2026-01-20T23:26:41.075391754Z,90,2026-01-20T23:26:41.075391754Z,true,2026-01-20T23:29:38.385225369Z,01KFEVMNB841AFDZFM4WSW4FTD,2026-01-20T23:26:41.075391754Z,0,2026-01-20T23:26:41.075391754Z,true,2026-01-20T23:29:35.151872945Z,choice,2026-01-20T23:26:41.075391754Z,01KFEVPNHFVEA7FM8X5XBZD9R8,2026-01-20T23:26:41.075391754Z,true,2026-01-20T23:29:35.113863867Z,true,2026-01-20T23:29:35.176759738Z,01KFEVPNXBVRPS0VZA8M2JJ4PV,2026-01-20T23:26:41.075391754Z
01KFEWB9FWD9HZHJJD2BEQ0W5S,01KFEV38GJVYY8P8B7QXSW6BTE,2026-01-20T23:37:56.476144982Z,30,2026-01-20T23:37:56.476144982Z,true,2026-01-20T23:39:40.537021392Z,01KFEV38H8T2V9428VC9T7MEBA,2026-01-20T23:37:56.476144982Z,1,2026-01-20T23:37:56.476144982Z,true,2026-01-20T23:39:37.537752853Z,result,2026-01-20T23:37:56.476144982Z,01KFEWB954NE20KXS9TVTM9QWN,2026-01-20T23:37:56.476144982Z,true,2026-01-20T23:39:37.433439339Z,true,2026-01-20T23:39:37.569283746Z,01KFEWB9FESGVH3AY7E7JGCNJJ,2026-01-20T23:37:56.476144982Z
01KFEVBA4E8JJDAJTQ00QJDWRR,01KFEV2BZFDRZBG3Y0249RG1TW,2026-01-20T23:20:28.561723558Z,30,2026-01-20T23:20:28.561723558Z,false,2026-01-20T23:20:28.561723558Z,01KFEV2C0BAXD2XBMY5020521J,2026-01-20T23:20:28.561723558Z,1,2026-01-20T23:20:28.561723558Z,,,result,2026-01-20T23:20:28.561723558Z,01KFEVB9TQQTD68PY5FQ33HF68,2026-01-20T23:20:28.561723558Z,false,2026-01-20T23:20:28.561723558Z,,,01KFEVBA4BMBENFTJ9BXJGNRX3,2026-01-20T23:20:28.561723558Z
01KFEVEHSFT19BXYBW1T5DM3Z2,01KFEV377XDCWB0CVW0E7ES8WB,2026-01-20T23:22:14.703027792Z,30,2026-01-20T23:22:14.703027792Z,true,2026-01-20T23:25:17.935684075Z,01KFEV378H0PY96RNMJFNCN7TE,2026-01-20T23:22:14.703027792Z,1,2026-01-20T23:22:14.703027792Z,true,2026-01-20T23:25:16.112024967Z,result,2026-01-20T23:22:14.703027792Z,01KFEVEHGNZ7VVTDD9TTSV20M2,2026-01-20T23:22:14.703027792Z,true,2026-01-20T23:25:16.091130264Z,true,2026-01-20T23:25:16.13231316Z,01KFEVEHSBCDDXRDJJYMJAQJA3,2026-01-20T23:22:14.703027792Z
01KFEWE9GJ0EEGNXTMWE29DC9B,01KFEVMN9Q125N5N16W4WNYJXF,2026-01-20T23:39:34.802621027Z,30,2026-01-20T23:39:34.802621027Z,true,2026-01-20T23:41:56.578203149Z,01KFEVMNAWK7WRWM1AMQZKX6SA,2026-01-20T23:39:34.802621027Z,1,2026-01-20T23:39:34.802621027Z,true,2026-01-20T23:41:50.00598581Z,result,2026-01-20T23:39:34.802621027Z,01KFEWE8SBE46A3537VBKT9R9F,2026-01-20T23:39:34.802621027Z,true,2026-01-20T23:41:49.95959263Z,true,2026-01-20T23:41:50.038902073Z,01KFEWE9G49DD48PB7389R8K35,2026-01-20T23:39:34.802621027Z
01KFEVJEMX08D614BZBT9J3DQR,01KFEV37CWX6SQYA0RPR0C01MW,2026-01-20T23:24:22.557201409Z,90,2026-01-20T23:24:22.557201409Z,true,2026-01-20T23:25:25.092518004Z,01KFEV37DE991T271V0NJ5BY6K,2026-01-20T23:24:22.557201409Z,0,2026-01-20T23:24:22.557201409Z,true,2026-01-20T23:25:06.522331307Z,choice,2026-01-20T23:24:22.557201409Z,01KFEVJEJYXA23FJWXTM65DZ1R,2026-01-20T23:24:22.557201409Z,true,2026-01-20T23:25:06.503958446Z,true,2026-01-20T23:25:06.541441041Z,01KFEVJEMN9FFX5WPP6GWFV7YC,2026-01-20T23:24:22.557201409Z
01KFEWGNCQ8Y9WYRHH5053Z65P,01KFEVMNNQTH6Q6DMJG65NFGVF,2026-01-20T23:40:52.503561429Z,30,2026-01-20T23:40:52.503561429Z,false,2026-01-20T23:40:52.503561429Z,01KFEVMNQ7WSYMPADRKJJ7K0T0,2026-01-20T23:40:52.503561429Z,1,2026-01-20T23:40:52.503561429Z,,,result,2026-01-20T23:40:52.503561429Z,01KFEWGN7DH9SB6YA0JME23FWK,2026-01-20T23:40:52.503561429Z,false,2026-01-20T23:40:52.503561429Z,,,01KFEWGNC6FQ69VH7JWD43N5M7,2026-01-20T23:40:52.503561429Z
01KFEWVMEPHVWNJZ034G9R3W39,01KFEV38GJVYY8P8B7QXSW6BTE,2026-01-20T23:46:51.990867452Z,30,2026-01-20T23:46:51.990867452Z,true,2026-01-20T23:47:33.734393591Z,01KFEV38H0S2Y42XZDBCZ2KPGY,2026-01-20T23:46:51.990867452Z,1,2026-01-20T23:46:51.990867452Z,true,2026-01-20T23:47:30.460616688Z,result,2026-01-20T23:46:51.990867452Z,01KFEWVM6P4FVA6Y7RWXQ75670,2026-01-20T23:46:51.990867452Z,true,2026-01-20T23:47:30.401174566Z,true,2026-01-20T23:47:30.495439582Z,01KFEWVME62QR3EVTCDM8JS0W3,2026-01-20T23:46:51.990867452Z
01KFEVGBK846PASE7YPNWQ8BDG,01KFEV37CWX6SQYA0RPR0C01MW,2026-01-20T23:23:13.896714666Z,90,2026-01-20T23:23:13.896714666Z,true,2026-01-20T23:25:46.062656185Z,01KFEV37DE991T271V0BRDHRJW,2026-01-20T23:23:13.896714666Z,0,2026-01-20T23:23:13.896714666Z,true,2026-01-20T23:25:40.467301902Z,choice,2026-01-20T23:23:13.896714666Z,01KFEVGBDARE4SPS0QMKPAHCAT,2026-01-20T23:23:13.896714666Z,true,2026-01-20T23:25:40.438800704Z,true,2026-01-20T23:25:40.493530065Z,01KFEVGBK4SD1M4ZPCZH1ENFYY,2026-01-20T23:23:13.896714666Z
01KFEVRWZ3XA112S50TE140B17,01KFEV37CWX6SQYA0RPR0C01MW,2026-01-20T23:27:53.827390424Z,30,2026-01-20T23:27:53.827390424Z,true,2026-01-20T23:28:57.550849317Z,01KFEV37DAAK9E08F076WKMM6J,2026-01-20T23:27:53.827390424Z,1,2026-01-20T23:27:53.827390424Z,true,2026-01-20T23:28:52.422925005Z,result,2026-01-20T23:27:53.827390424Z,01KFEVRWS00RN61XYMYX27BZTF,2026-01-20T23:27:53.827390424Z,true,2026-01-20T23:28:52.385231698Z,true,2026-01-20T23:28:52.44220084Z,01KFEVRWYS6YKZDRKR75MJB0AR,2026-01-20T23:27:53.827390424Z
01KFEWB9Q9BZ8T7A6YRC7NDBAQ,01KFEV38GJVYY8P8B7QXSW6BTE,2026-01-20T23:37:56.713848364Z,30,2026-01-20T23:37:56.713848364Z,true,2026-01-20T23:40:13.085375205Z,01KFEV38H8T2V9428VC9T7MEBA,2026-01-20T23:37:56.713848364Z,1,2026-01-20T23:37:56.713848364Z,true,2026-01-20T23:40:11.320853399Z,result,2026-01-20T23:37:56.713848364Z,01KFEWB96KRX4ZB7T2765CQSN7,2026-01-20T23:37:56.713848364Z,true,2026-01-20T23:40:11.273571071Z,true,2026-01-20T23:40:11.352133323Z,01KFEWB9PQEJ3ZHAF2KCA0845A,2026-01-20T23:37:56.713848364Z
01KFEVJEVABK0ASZ3TXNT1RD7M,01KFEV37CWX6SQYA0RPR0C01MW,2026-01-20T23:24:22.762540361Z,90,2026-01-20T23:24:22.762540361Z,true,2026-01-20T23:28:49.716802767Z,01KFEV37DE991T271V0NJ5BY6K,2026-01-20T23:24:22.762540361Z,0,2026-01-20T23:24:22.762540361Z,true,2026-01-20T23:28:45.919878119Z,choice,2026-01-20T23:24:22.762540361Z,01KFEVJEJXVVFBH0FKDYNANHM0,2026-01-20T23:24:22.762540361Z,true,2026-01-20T23:28:45.89365003Z,true,2026-01-20T23:28:45.94961077Z,01KFEVJEV5XWNQQSMZ85Q9EGW8,2026-01-20T23:24:22.762540361Z
01KFEW2AFA76NPFD83DJM4VWQB,01KFEV38A01XZ4DPRPFKRE96P8,2026-01-20T23:33:02.570447464Z,90,2026-01-20T23:33:02.570447464Z,true,2026-01-20T23:36:29.680538106Z,01KFEV38AHTHHCNTDGHAJN0GXG,2026-01-20T23:33:02.570447464Z,0,2026-01-20T23:33:02.570447464Z,true,2026-01-20T23:36:27.172667024Z,choice,2026-01-20T23:33:02.570447464Z,01KFEW2A0EJTQ1J903ZRJRFAD8,2026-01-20T23:33:02.570447464Z,true,2026-01-20T23:36:27.133140324Z,true,2026-01-20T23:36:27.204507369Z,01KFEW2AF3WTGKJ8B63SZYEJ18,2026-01-20T23:33:02.570447464Z
01KFEWE99DP67XM0G1QG9T5ZTM,01KFEVMN9Q125N5N16W4WNYJXF,2026-01-20T23:39:34.57311935Z,30,2026-01-20T23:39:34.57311935Z,true,2026-01-20T23:41:31.803399633Z,01KFEVMNAWK7WRWM1AMQZKX6SA,2026-01-20T23:39:34.57311935Z,1,2026-01-20T23:39:34.57311935Z,true,2026-01-20T23:41:30.57573637Z,result,2026-01-20T23:39:34.57311935Z,01KFEWE8VFX5MKT559QS5XEW3G,2026-01-20T23:39:34.57311935Z,true,2026-01-20T23:41:30.525766333Z,true,2026-01-20T23:41:30.619847049Z,01KFEWE992AT4C5YT8VYBEG9JF,2026-01-20T23:39:34.57311935Z
01KFEWKB9VS2F1KAZ5XGBZWR7A,01KFEV38A01XZ4DPRPFKRE96P8,2026-01-20T23:42:20.475104226Z,30,2026-01-20T23:42:20.475104226Z,false,2026-01-20T23:42:20.475104226Z,01KFEV38AGG0Y2K5R4FB90SKZX,2026-01-20T23:42:20.475104226Z,1,2026-01-20T23:42:20.475104226Z,,,result,2026-01-20T23:42:20.475104226Z,01KFEWKAQ3QV4JM000PFCE2Z6K,2026-01-20T23:42:20.475104226Z,false,2026-01-20T23:42:20.475104226Z,,,01KFEWKB9AXVHCD0YPSDRNC1RN,2026-01-20T23:42:20.475104226Z
01KFEV99AQCR8JFDBJ49YYK94C,01KFEV2BZFDRZBG3Y0249RG1TW,2026-01-20T23:19:22.199473615Z,90,2026-01-20T23:19:22.199473615Z,true,2026-01-20T23:20:40.036112488Z,01KFEV2C08ND9C9BYW8N2T146P,2026-01-20T23:19:22.199473615Z,0,2026-01-20T23:19:22.199473615Z,true,2026-01-20T23:20:38.744557471Z,choice,2026-01-20T23:19:22.199473615Z,01KFEV992NF1BFY2J085XZ7GRZ,2026-01-20T23:19:22.199473615Z,true,2026-01-20T23:20:38.728774437Z,true,2026-01-20T23:20:38.756751574Z,01KFEV99AHDCEK0SS6HQSYYWDG,2026-01-20T23:19:22.199473615Z
01KFEW2KERS4XNN4ERBF1E86V8,01KFEV38GJVYY8P8B7QXSW6BTE,2026-01-20T23:33:11.768615791Z,30,2026-01-20T23:33:11.768615791Z,true,2026-01-20T23:35:40.978300243Z,01KFEV38H48T18ZRM15RETR33C,2026-01-20T23:33:11.768615791Z,1,2026-01-20T23:33:11.768615791Z,true,2026-01-20T23:35:36.334834364Z,result,2026-01-20T23:33:11.768615791Z,01KFEW2K4T9ZM0JTDKSTWX94KF,2026-01-20T23:33:11.768615791Z,true,2026-01-20T23:35:36.292159338Z,true,2026-01-20T23:35:36.360925604Z,01KFEW2KEAVK5NZSM1RMVSH90Y,2026-01-20T23:33:11.768615791Z
01KFEW9S9JQSB4CWKD3HHXWBJW,01KFEV38A01XZ4DPRPFKRE96P8,2026-01-20T23:37:07.122371719Z,30,2026-01-20T23:37:07.122371719Z,true,2026-01-20T23:40:44.797109194Z,01KFEV38AJ2CFPYBQZ5JKK7PV4,2026-01-20T23:37:07.122371719Z,1,2026-01-20T23:37:07.122371719Z,true,2026-01-20T23:40:42.56156649Z,result,2026-01-20T23:37:07.122371719Z,01KFEW9RPTMR1X74362ZJ5HND1,2026-01-20T23:37:07.122371719Z,true,2026-01-20T23:40:42.510737563Z,true,2026-01-20T23:40:42.600806859Z,01KFEW9S98H4KARJC6RVQTMWB1,2026-01-20T23:37:07.122371719Z
01KFEW7Q5PSN82FY59Q0DWPBCY,01KFEVMNF44NEM58ETFST7KTWM,2026-01-20T23:35:59.414968638Z,90,2026-01-20T23:35:59.414968638Z,false,2026-01-20T23:35:59.414968638Z,01KFEVMNH60E845G0BNN18WWCX,2026-01-20T23:35:59.414968638Z,0,2026-01-20T23:35:59.414968638Z,,,choice,2026-01-20T23:35:59.414968638Z,01KFEW7PRRA7T7ZE77Q1HMD8XY,2026-01-20T23:35:59.414968638Z,false,2026-01-20T23:35:59.414968638Z,,,01KFEW7Q5G7FB0XW0WDP832VMK,2026-01-20T23:35:59.414968638Z
01KFEWE90D1JXJZVPWXSH1NVJ4,01KFEVMN9Q125N5N16W4WNYJXF,2026-01-20T23:39:34.285412709Z,30,2026-01-20T23:39:34.285412709Z,true,2026-01-20T23:40:55.840525586Z,01KFEVMNAWK7WRWM1AMQZKX6SA,2026-01-20T23:39:34.285412709Z,1,2026-01-20T23:39:34.285412709Z,true,2026-01-20T23:40:49.385491624Z,result,2026-01-20T23:39:34.285412709Z,01KFEWE8T23BZMWKHQ571WBSHF,2026-01-20T23:39:34.285412709Z,true,2026-01-20T23:40:49.338145023Z,true,2026-01-20T23:40:49.427235237Z,01KFEWE8ZTP5RZ5XYQ5TTTHG0Q,2026-01-20T23:39:34.285412709Z
01KFEW2AHRQWM48C10CDXB4BZ5,01KFEV38A01XZ4DPRPFKRE96P8,2026-01-20T23:33:02.648145568Z,90,2026-01-20T23:33:02.648145568Z,true,2026-01-20T23:36:40.839638467Z,01KFEV38AHTHHCNTDGHAJN0GXG,2026-01-20T23:33:02.648145568Z,0,2026-01-20T23:33:02.648145568Z,true,2026-01-20T23:36:38.986999247Z,choice,2026-01-20T23:33:02.648145568Z,01KFEW29ZYEEN9EXZHWPRR43NM,2026-01-20T23:33:02.648145568Z,true,2026-01-20T23:36:38.947461509Z,true,2026-01-20T23:36:39.015862606Z,01KFEW2AHGNWB0A8D7J9ZEJ83P,2026-01-20T23:33:02.648145568Z
01KFEVF1Y2X51Y7HA1943SYDRW,01KFEV377XDCWB0CVW0E7ES8WB,2026-01-20T23:22:31.23440154Z,30,2026-01-20T23:22:31.23440154Z,true,2026-01-20T23:24:41.691331587Z,01KFEV378PDZP87HXSESW6BA01,2026-01-20T23:22:31.23440154Z,1,2026-01-20T23:22:31.23440154Z,true,2026-01-20T23:24:38.609660156Z,result,2026-01-20T23:22:31.23440154Z,01KFEVF1QBSXYJD0FP6FAXF31Z,2026-01-20T23:22:31.23440154Z,true,2026-01-20T23:24:38.583566181Z,true,2026-01-20T23:24:38.623997015Z,01KFEVF1XWVNMQD9860KBMEG5W,2026-01-20T23:22:31.23440154Z
01KFEVNK8DZGN16RD410JFENEV,01KFEV38GJVYY8P8B7QXSW6BTE,2026-01-20T23:26:05.581764884Z,30,2026-01-20T23:26:05.581764884Z,false,2026-01-20T23:26:05.581764884Z,01KFEV38H72YHVC8PGTMFH64KV,2026-01-20T23:26:05.581764884Z,1,2026-01-20T23:26:05.581764884Z,,,result,2026-01-20T23:26:05.581764884Z,01KFEVNK251SN7YKJSMSHH5S6J,2026-01-20T23:26:05.581764884Z,false,2026-01-20T23:26:05.581764884Z,,,01KFEVNK86066FFGDREW5NV2Z2,2026-01-20T23:26:05.581764884Z
01KFEW0GCH4SYW5JM8CDGKKSNJ,01KFEV37PBC6DGWCX0HT0QWYJR,2026-01-20T23:32:03.089505062Z,90,2026-01-20T23:32:03.089505062Z,true,2026-01-20T23:32:11.603456258Z,01KFEV37Q0WSYAYKWHM2EXN0DN,2026-01-20T23:32:03.089505062Z,0,2026-01-20T23:32:03.089505062Z,true,2026-01-20T23:32:05.733722477Z,choice,2026-01-20T23:32:03.089505062Z,01KFEW0G8EM7FSNHE79C3F9KH6,2026-01-20T23:32:03.089505062Z,true,2026-01-20T23:32:05.679342681Z,true,2026-01-20T23:32:05.757818302Z,01KFEW0GCA1AYS15ZDCKMRBXVF,2026-01-20T23:32:03.089505062Z
01KFEVFBMFKB98V9F15C2M887T,01KFEV377XDCWB0CVW0E7ES8WB,2026-01-20T23:22:41.167679421Z,30,2026-01-20T23:22:41.167679421Z,true,2026-01-20T23:26:46.496361923Z,01KFEV378H0PY96RNMJTMM0E4X,2026-01-20T23:22:41.167679421Z,1,2026-01-20T23:22:41.167679421Z,true,2026-01-20T23:26:27.30244678Z,result,2026-01-20T23:22:41.167679421Z,01KFEVFBD0577W18ZY0ZD05TA0,2026-01-20T23:22:41.167679421Z,true,2026-01-20T23:26:27.27008042Z,true,2026-01-20T23:26:27.326194602Z,01KFEVFBMBW1YF1BD503630D0P,2026-01-20T23:22:41.167679421Z
01KFEVJWWJ5970HNVJHPD9FVQ0,01KFEV38A01XZ4DPRPFKRE96P8,2026-01-20T23:24:37.138327021Z,90,2026-01-20T23:24:37.138327021Z,true,2026-01-20T23:27:55.842633209Z,01KFEV38AJ2CFPYBQZ58NH0V5J,2026-01-20T23:24:37.138327021Z,0,2026-01-20T23:24:37.138327021Z,true,2026-01-20T23:27:42.511829809Z,choice,2026-01-20T23:24:37.138327021Z,01KFEVJWRXFH0A02EP0EXWZF8R,2026-01-20T23:24:37.138327021Z,true,2026-01-20T23:27:42.491172216Z,true,2026-01-20T23:27:42.532940528Z,01KFEVJWWDVWP8XKA0H3BT1FC7,2026-01-20T23:24:37.138327021Z
01KFEVB9XTJPW1QF7WB4JR0DNW,01KFEV2BZFDRZBG3Y0249RG1TW,2026-01-20T23:20:28.346885414Z,30,2026-01-20T23:20:28.346885414Z,false,2026-01-20T23:20:28.346885414Z,01KFEV2C0BAXD2XBMY5020521J,2026-01-20T23:20:28.346885414Z,1,2026-01-20T23:20:28.346885414Z,,,result,2026-01-20T23:20:28.346885414Z,01KFEVB9TZ7EGFWG06SWT6YJR7,2026-01-20T23:20:28.346885414Z,false,2026-01-20T23:20:28.346885414Z,,,01KFEVB9XQR6SSDMDZZAVYD1TJ,2026-01-20T23:20:28.346885414Z
01KFEVCJMSPYS1QWTEPD3VFC7X,01KFEV2BZFDRZBG3Y0249RG1TW,2026-01-20T23:21:10.041375322Z,90,2026-01-20T23:21:10.041375322Z,false,2026-01-20T23:21:10.041375322Z,01KFEV2C0EQZAQP8AFWFARX9S3,2026-01-20T23:21:10.041375322Z,0,2026-01-20T23:21:10.041375322Z,,,choice,2026-01-20T23:21:10.041375322Z,01KFEVCJJA5XJDG82WXNBD0PMP,2026-01-20T23:21:10.041375322Z,false,2026-01-20T23:21:10.041375322Z,,,01KFEVCJMMQF47Y8WYM2E9TE04,2026-01-20T23:21:10.041375322Z
01KFEVF203K7PNT3BGD2JRTEGP,01KFEV377XDCWB0CVW0E7ES8WB,2026-01-20T23:22:31.299330279Z,90,2026-01-20T23:22:31.299330279Z,true,2026-01-20T23:25:16.639779913Z,01KFEV378PDZP87HXSESW6BA01,2026-01-20T23:22:31.299330279Z,0,2026-01-20T23:22:31.299330279Z,true,2026-01-20T23:25:12.832433088Z,choice,2026-01-20T23:22:31.299330279Z,01KFEVF1R3DQ0JFK5FV6Y4TWRQ,2026-01-20T23:22:31.299330279Z,true,2026-01-20T23:25:12.810931015Z,true,2026-01-20T23:25:12.848846907Z,01KFEVF1ZSP62RH8SAG6A4P0GQ,2026-01-20T23:22:31.299330279Z
01KFEVKD01W57QCBGESJDFR6DD,01KFEV37PBC6DGWCX0HT0QWYJR,2026-01-20T23:24:53.63332763Z,90,2026-01-20T23:24:53.63332763Z,true,2026-01-20T23:28:15.416432488Z,01KFEV37PYV9HETXX2PSGE1RKD,2026-01-20T23:24:53.63332763Z,0,2026-01-20T23:24:53.63332763Z,true,2026-01-20T23:28:12.792868865Z,choice,2026-01-20T23:24:53.63332763Z,01KFEVKCMC5SWQG5B0D7EEAX5H,2026-01-20T23:24:53.63332763Z,true,2026-01-20T23:28:12.767026561Z,true,2026-01-20T23:28:12.815105054Z,01KFEVKCZSNGC1HG5KF9EPZRWC,2026-01-20T23:24:53.63332763Z
01KFEW9S38PTN7PTSQG9YXT1YM,01KFEV38A01XZ4DPRPFKRE96P8,2026-01-20T23:37:06.920896972Z,90,2026-01-20T23:37:06.920896972Z,true,2026-01-20T23:40:05.017191537Z,01KFEV38AJ2CFPYBQZ5JKK7PV4,2026-01-20T23:37:06.920896972Z,0,2026-01-20T23:37:06.920896972Z,true,2026-01-20T23:40:02.536574431Z,choice,2026-01-20T23:37:06.920896972Z,01KFEW9RR0JAHGRHAG16SCZ4HQ,2026-01-20T23:37:06.920896972Z,true,2026-01-20T23:40:02.444485032Z,true,2026-01-20T23:40:02.609180557Z,01KFEW9S32C0Q769RRBEWFVJMW,2026-01-20T23:37:06.920896972Z
01KFEWE9G6E5C1CV0BXAPSX8CW,01KFEVMN9Q125N5N16W4WNYJXF,2026-01-20T23:39:34.790919016Z,90,2026-01-20T23:39:34.790919016Z,true,2026-01-20T23:41:49.922853735Z,01KFEVMNAWK7WRWM1AMQZKX6SA,2026-01-20T23:39:34.790919016Z,0,2026-01-20T23:39:34.790919016Z,true,2026-01-20T23:41:49.297116824Z,choice,2026-01-20T23:39:34.790919016Z,01KFEWE8SBE46A3537VBKT9R9F,2026-01-20T23:39:34.790919016Z,true,2026-01-20T23:41:49.253548602Z,true,2026-01-20T23:41:49.336359189Z,01KFEWE9G1NC404VE02DCADMRH,2026-01-20T23:39:34.790919016Z
01KFEVKCP28JEXJC9QFZM81VTR,01KFEV37PBC6DGWCX0HT0QWYJR,2026-01-20T23:24:53.314801894Z,90,2026-01-20T23:24:53.314801894Z,true,2026-01-20T23:25:09.401040231Z,01KFEV37PYV9HETXX2PSGE1RKD,2026-01-20T23:24:53.314801894Z,0,2026-01-20T23:24:53.314801894Z,true,2026-01-20T23:24:54.765646218Z,choice,2026-01-20T23:24:53.314801894Z,01KFEVKCM3HZV4EBCX9XQX5ZQ4,2026-01-20T23:24:53.314801894Z,true,2026-01-20T23:24:54.740472414Z,true,2026-01-20T23:24:54.784723344Z,01KFEVKCNX7THJCW9B644ZBY3Q,2026-01-20T23:24:53.314801894Z
01KFEWF0B3A9HCZNRC65D0RZPE,01KFEVMNF44NEM58ETFST7KTWM,2026-01-20T23:39:58.179533472Z,90,2026-01-20T23:39:58.179533472Z,true,2026-01-20T23:41:55.265173038Z,01KFEVMNHFNDCGHX9QBBFN387E,2026-01-20T23:39:58.179533472Z,0,2026-01-20T23:39:58.179533472Z,true,2026-01-20T23:41:52.48596674Z,choice,2026-01-20T23:39:58.179533472Z,01KFEWEZXAJSB92MSCQSD9TW2R,2026-01-20T23:39:58.179533472Z,true,2026-01-20T23:41:52.431367317Z,true,2026-01-20T23:41:52.523531854Z,01KFEWF0AXK2MZCAP1R0WVYEG3,2026-01-20T23:39:58.179533472Z
01KFEWKBF6P3JJA563JYTH63RY,01KFEV38A01XZ4DPRPFKRE96P8,2026-01-20T23:42:20.646271543Z,30,2026-01-20T23:42:20.646271543Z,false,2026-01-20T23:42:20.646271543Z,01KFEV38AGG0Y2K5R4FB90SKZX,2026-01-20T23:42:20.646271543Z,1,2026-01-20T23:42:20.646271543Z,,,result,2026-01-20T23:42:20.646271543Z,01KFEWKAQZ4K79ES1CW28DT6T8,2026-01-20T23:42:20.646271543Z,false,2026-01-20T23:42:20.646271543Z,,,01KFEWKBESHB6A4M2XH7P58CJF,2026-01-20T23:42:20.646271543Z
01KFEVJNWPCSPJ23SY9VKEP00H,01KFEV377XDCWB0CVW0E7ES8WB,2026-01-20T23:24:29.97421866Z,30,2026-01-20T23:24:29.97421866Z,true,2026-01-20T23:25:46.972058367Z,01KFEV378FNG971PBW7B2SPNC6,2026-01-20T23:24:29.97421866Z,1,2026-01-20T23:24:29.97421866Z,true,2026-01-20T23:25:44.246540602Z,result,2026-01-20T23:24:29.97421866Z,01KFEVJNR1J3B46T7W60KHKSQ0,2026-01-20T23:24:29.97421866Z,true,2026-01-20T23:25:44.189736518Z,true,2026-01-20T23:25:44.26687626Z,01KFEVJNWH0X9GYCFC6ZDN7DS5,2026-01-20T23:24:29.97421866Z
01KFEVKCSXW4YTDVYNXXMDKQKM,01KFEV37PBC6DGWCX0HT0QWYJR,2026-01-20T23:24:53.437836823Z,30,2026-01-20T23:24:53.437836823Z,true,2026-01-20T23:27:01.577949915Z,01KFEV37PYV9HETXX2PSGE1RKD,2026-01-20T23:24:53.437836823Z,1,2026-01-20T23:24:53.437836823Z,true,2026-01-20T23:26:53.968968098Z,result,2026-01-20T23:24:53.437836823Z,01KFEVKCN4ZM7M5WXWCANY7678,2026-01-20T23:24:53.437836823Z,true,2026-01-20T23:26:53.940809247Z,true,2026-01-20T23:26:53.994203725Z,01KFEVKCSQSFP5MC8YMRMG8RQQ,2026-01-20T23:24:53.437836823Z
01KFEW9SAX7Q46QSGK91Y8GRDE,01KFEV38A01XZ4DPRPFKRE96P8,2026-01-20T23:37:07.165306189Z,30,2026-01-20T23:37:07.165306189Z,true,2026-01-20T23:40:49.450766447Z,01KFEV38AJ2CFPYBQZ5JKK7PV4,2026-01-20T23:37:07.165306189Z,1,2026-01-20T23:37:07.165306189Z,true,2026-01-20T23:40:47.325942676Z,result,2026-01-20T23:37:07.165306189Z,01KFEW9RPG7H4171T00NS0ETE6,2026-01-20T23:37:07.165306189Z,true,2026-01-20T23:40:47.271033231Z,true,2026-01-20T23:40:47.363043552Z,01KFEW9SAFCM8VPPCZ0JG8N5C9,2026-01-20T23:37:07.165306189Z
01KFEWE9ANMVVCB8R95797JTV8,01KFEVMN9Q125N5N16W4WNYJXF,2026-01-20T23:39:34.613816244Z,90,2026-01-20T23:39:34.613816244Z,true,2026-01-20T23:41:32.699520739Z,01KFEVMNAWK7WRWM1AMQZKX6SA,2026-01-20T23:39:34.613816244Z,0,2026-01-20T23:39:34.613816244Z,true,2026-01-20T23:41:32.012625717Z,choice,2026-01-20T23:39:34.613816244Z,01KFEWE8VTHQXWKT1AXEXQ666A,2026-01-20T23:39:34.613816244Z,true,2026-01-20T23:41:31.962705924Z,true,2026-01-20T23:41:32.044007924Z,01KFEWE9AFX5WEJCN8GK3D6RKX,2026-01-20T23:39:34.613816244Z
01KFEV996XNF1JCAH7G28MXDP1,01KFEV2BZFDRZBG3Y0249RG1TW,2026-01-20T23:19:22.077074226Z,30,2026-01-20T23:19:22.077074226Z,true,2026-01-20T23:20:14.97307442Z,01KFEV2C08ND9C9BYW8N2T146P,2026-01-20T23:19:22.077074226Z,1,2026-01-20T23:19:22.077074226Z,true,2026-01-20T23:20:13.553657646Z,result,2026-01-20T23:19:22.077074226Z,01KFEV992C5DA5CC9EBC041N3A,2026-01-20T23:19:22.077074226Z,true,2026-01-20T23:20:13.540047321Z,true,2026-01-20T23:20:13.566328045Z,01KFEV996GDYHGNFQDF3PPC6DR,2026-01-20T23:19:22.077074226Z
01KFEVH4F2X0WGP1MN9KX0Q4Z3,01KFEV37PBC6DGWCX0HT0QWYJR,2026-01-20T23:23:39.362602993Z,30,2026-01-20T23:23:39.362602993Z,true,2026-01-20T23:26:11.914731167Z,01KFEV37PYV9HETXX2PC055NBT,2026-01-20T23:23:39.362602993Z,1,2026-01-20T23:23:39.362602993Z,true,2026-01-20T23:26:00.716088787Z,result,2026-01-20T23:23:39.362602993Z,01KFEVH47TY8YTKZSSJDE27NRX,2026-01-20T23:23:39.362602993Z,true,2026-01-20T23:26:00.688479417Z,true,2026-01-20T23:26:00.739228763Z,01KFEVH4EYK57HWJ7YHCNPCKH3,2026-01-20T23:23:39.362602993Z
01KFEVRX01M5P0C2TP3ZXKJJ1Z,01KFEV37CWX6SQYA0RPR0C01MW,2026-01-20T23:27:53.857339359Z,30,2026-01-20T23:27:53.857339359Z,true,2026-01-20T23:29:29.904967732Z,01KFEV37DAAK9E08F076WKMM6J,2026-01-20T23:27:53.857339359Z,1,2026-01-20T23:27:53.857339359Z,true,2026-01-20T23:29:04.101036467Z,result,2026-01-20T23:27:53.857339359Z,01KFEVRWRV4PBTM59RGPB1MPCT,2026-01-20T23:27:53.857339359Z,true,2026-01-20T23:29:04.06475008Z,true,2026-01-20T23:29:04.124908064Z,01KFEVRWZVJKD5V6F3BP1FMKMH,2026-01-20T23:27:53.857339359Z
01KFEW9RX7W02WNR18C5BAQK9H,01KFEV38A01XZ4DPRPFKRE96P8,2026-01-20T23:37:06.727849571Z,90,2026-01-20T23:37:06.727849571Z,true,2026-01-20T23:38:26.681094526Z,01KFEV38AJ2CFPYBQZ5JKK7PV4,2026-01-20T23:37:06.727849571Z,0,2026-01-20T23:37:06.727849571Z,true,2026-01-20T23:38:17.054458473Z,choice,2026-01-20T23:37:06.727849571Z,01KFEW9RSFEJJVTBV3T46PNXTC,2026-01-20T23:37:06.727849571Z,true,2026-01-20T23:38:17.004113879Z,true,2026-01-20T23:38:17.087813418Z,01KFEW9RX1EXM0JVY3FHBQW76T,2026-01-20T23:37:06.727849571Z
01KFEVH4BG1YXGW4459BBCP4SX,01KFEV37PBC6DGWCX0HT0QWYJR,2026-01-20T23:23:39.248675434Z,30,2026-01-20T23:23:39.248675434Z,true,2026-01-20T23:25:17.190103577Z,01KFEV37PYV9HETXX2PC055NBT,2026-01-20T23:23:39.248675434Z,1,2026-01-20T23:23:39.248675434Z,true,2026-01-20T23:25:12.631097801Z,result,2026-01-20T23:23:39.248675434Z,01KFEVH485B8R4J0M6DWQE7BKW,2026-01-20T23:23:39.248675434Z,true,2026-01-20T23:25:12.54958045Z,true,2026-01-20T23:25:12.647567136Z,01KFEVH4B00WHXGP6H6M6YGMKY,2026-01-20T23:23:39.248675434Z
01KFEVJNSEQEPSC5HXT8MW20GC,01KFEV377XDCWB0CVW0E7ES8WB,2026-01-20T23:24:29.871737651Z,30,2026-01-20T23:24:29.871737651Z,true,2026-01-20T23:24:58.725292534Z,01KFEV378FNG971PBW7B2SPNC6,2026-01-20T23:24:29.871737651Z,1,2026-01-20T23:24:29.871737651Z,true,2026-01-20T23:24:39.006520877Z,result,2026-01-20T23:24:29.871737651Z,01KFEVJNQJE7J4E2J63H5S7H5Q,2026-01-20T23:24:29.871737651Z,true,2026-01-20T23:24:38.971369958Z,true,2026-01-20T23:24:39.023461645Z,01KFEVJNS81E32B7T5G44EPHGK,2026-01-20T23:24:29.871737651Z
01KFEW2KKCQZXSB8CF1YM0FVRM,01KFEV38GJVYY8P8B7QXSW6BTE,2026-01-20T23:33:11.916570677Z,30,2026-01-20T23:33:11.916570677Z,true,2026-01-20T23:36:10.937412197Z,01KFEV38H48T18ZRM15RETR33C,2026-01-20T23:33:11.916570677Z,1,2026-01-20T23:33:11.916570677Z,true,2026-01-20T23:36:09.644015029Z,result,2026-01-20T23:33:11.916570677Z,01KFEW2K65H61S2VCF5K0K6SB6,2026-01-20T23:33:11.916570677Z,true,2026-01-20T23:36:09.596091007Z,true,2026-01-20T23:36:09.667987918Z,01KFEW2KK22PDK9XX4KSY2HZ7S,2026-01-20T23:33:11.916570677Z
01KFEW2AANSKRX4C17SPCZD92R,01KFEV38A01XZ4DPRPFKRE96P8,2026-01-20T23:33:02.421531215Z,90,2026-01-20T23:33:02.421531215Z,true,2026-01-20T23:35:41.813325047Z,01KFEV38AHTHHCNTDGHAJN0GXG,2026-01-20T23:33:02.421531215Z,0,2026-01-20T23:33:02.421531215Z,true,2026-01-20T23:35:38.63635737Z,choice,2026-01-20T23:33:02.421531215Z,01KFEW29YWMS8SG0HY124EQM4K,2026-01-20T23:33:02.421531215Z,true,2026-01-20T23:35:38.59965284Z,true,2026-01-20T23:35:38.659092389Z,01KFEW2AA5PCWPXNC72D3MZQPT,2026-01-20T23:33:02.421531215Z
01KFEVB8H69V4AYA6Z2V8S508B,01KFEV2BZFDRZBG3Y0249RG1TW,2026-01-20T23:20:26.918961492Z,90,2026-01-20T23:20:26.918961492Z,true,2026-01-20T23:21:13.19922031Z,01KFEV2C0CP35QE41ZMH45J8TZ,2026-01-20T23:20:26.918961492Z,0,2026-01-20T23:20:26.918961492Z,true,2026-01-20T23:20:27.996765352Z,choice,2026-01-20T23:20:26.918961492Z,01KFEVB8FPPEBGT93HPZRSG1EY,2026-01-20T23:20:26.918961492Z,true,2026-01-20T23:20:27.976268742Z,true,2026-01-20T23:20:28.008920079Z,01KFEVB8H143MWMVM68AGM47KE,2026-01-20T23:20:26.918961492Z
01KFEVB9XAQYASDT5W3MY3BKZS,01KFEV2BZFDRZBG3Y0249RG1TW,2026-01-20T23:20:28.330240539Z,90,2026-01-20T23:20:28.330240539Z,false,2026-01-20T23:20:28.330240539Z,01KFEV2C0BAXD2XBMY5020521J,2026-01-20T23:20:28.330240539Z,0,2026-01-20T23:20:28.330240539Z,,,choice,2026-01-20T23:20:28.330240539Z,01KFEVB9V0EKNPT9R65H688C9S,2026-01-20T23:20:28.330240539Z,false,2026-01-20T23:20:28.330240539Z,,,01KFEVB9X38ZRHEHGX6CDPTME9,2026-01-20T23:20:28.330240539Z
01KFEVS3870XFTNG76SVZ3KPQ6,01KFEV37PBC6DGWCX0HT0QWYJR,2026-01-20T23:28:00.2634318Z,30,2026-01-20T23:28:00.2634318Z,true,2026-01-20T23:29:41.040224523Z,01KFEV37PV76WD06T50QFKE80T,2026-01-20T23:28:00.2634318Z,1,2026-01-20T23:28:00.2634318Z,true,2026-01-20T23:29:36.353174289Z,result,2026-01-20T23:28:00.2634318Z,01KFEVS303VVTZ8PMG4AKVY3SX,2026-01-20T23:28:00.2634318Z,true,2026-01-20T23:29:36.324779327Z,true,2026-01-20T23:29:36.376159743Z,01KFEVS37WV7MFTNSCB1SQE4HC,2026-01-20T23:28:00.2634318Z
01KFEVBA2QZ1F3T2YZDA7S9EZX,01KFEV2BZFDRZBG3Y0249RG1TW,2026-01-20T23:20:28.503976092Z,30,2026-01-20T23:20:28.503976092Z,false,2026-01-20T23:20:28.503976092Z,01KFEV2C0BAXD2XBMY5020521J,2026-01-20T23:20:28.503976092Z,1,2026-01-20T23:20:28.503976092Z,,,result,2026-01-20T23:20:28.503976092Z,01KFEVB9TS9YDQGB97CRWNF1V9,2026-01-20T23:20:28.503976092Z,false,2026-01-20T23:20:28.503976092Z,,,01KFEVBA2K79Q7D9YP8BAH0NZE,2026-01-20T23:20:28.503976092Z
01KFEVPNQK8CGQ58HJX6RH5E4N,01KFEVMN9Q125N5N16W4WNYJXF,2026-01-20T23:26:40.88376667Z,30,2026-01-20T23:26:40.88376667Z,true,2026-01-20T23:28:46.535824021Z,01KFEVMNB841AFDZFM4WSW4FTD,2026-01-20T23:26:40.88376667Z,1,2026-01-20T23:26:40.88376667Z,true,2026-01-20T23:28:41.83450155Z,result,2026-01-20T23:26:40.88376667Z,01KFEVPNGFQYEVQ3XPBR3QGGJZ,2026-01-20T23:26:40.88376667Z,true,2026-01-20T23:28:41.801809542Z,true,2026-01-20T23:28:41.856919045Z,01KFEVPNQABZG820X2A7PV4YRM,2026-01-20T23:26:40.88376667Z
01KFEW1AZC54ZNTD0T8WN958DK,01KFEV384BJYC62Y0E6AQK09K8,2026-01-20T23:32:30.316231145Z,30,2026-01-20T23:32:30.316231145Z,true,2026-01-20T23:34:04.110861194Z,01KFEV385166A8JYCZ9G4DMHRQ,2026-01-20T23:32:30.316231145Z,1,2026-01-20T23:32:30.316231145Z,true,2026-01-20T23:34:02.004649681Z,result,2026-01-20T23:32:30.316231145Z,01KFEW1AJQQTXG07GE8KNBNQJN,2026-01-20T23:32:30.316231145Z,true,2026-01-20T23:34:01.964350242Z,true,2026-01-20T23:34:02.030161747Z,01KFEW1AZ195W8PG0ZQKPX8QZ5,2026-01-20T23:32:30.316231145Z
01KFEW7PVQE6AB9KTYN939AGVQ,01KFEVMNF44NEM58ETFST7KTWM,2026-01-20T23:35:59.095537117Z,30,2026-01-20T23:35:59.095537117Z,false,2026-01-20T23:35:59.095537117Z,01KFEVMNH60E845G0BNN18WWCX,2026-01-20T23:35:59.095537117Z,1,2026-01-20T23:35:59.095537117Z,,,result,2026-01-20T23:35:59.095537117Z,01KFEW7PPS3WY56P8146ET606Q,2026-01-20T23:35:59.095537117Z,false,2026-01-20T23:35:59.095537117Z,,,01KFEW7PVESPX9BWFCCS32GRCA,2026-01-20T23:35:59.095537117Z
01KFEWKAS44PVQ1N4AD7J5MFAJ,01KFEV38A01XZ4DPRPFKRE96P8,2026-01-20T23:42:19.940281812Z,90,2026-01-20T23:42:19.940281812Z,true,2026-01-20T23:42:37.469793055Z,01KFEV38AGG0Y2K5R4FB90SKZX,2026-01-20T23:42:19.940281812Z,0,2026-01-20T23:42:19.940281812Z,true,2026-01-20T23:42:23.807493385Z,choice,2026-01-20T23:42:19.940281812Z,01KFEWKAKZA6T6FZQK6APKC6X7,2026-01-20T23:42:19.940281812Z,true,2026-01-20T23:42:23.761352951Z,true,2026-01-20T23:42:23.843972668Z,01KFEWKARWJ04BA84RZY37M69F,2026-01-20T23:42:19.940281812Z
01KFEVJNW2GRWDJRJ5PP0AHAGY,01KFEV377XDCWB0CVW0E7ES8WB,2026-01-20T23:24:29.956120237Z,30,2026-01-20T23:24:29.956120237Z,true,2026-01-20T23:25:42.109342046Z,01KFEV378FNG971PBW7B2SPNC6,2026-01-20T23:24:29.956120237Z,1,2026-01-20T23:24:29.956120237Z,true,2026-01-20T23:25:32.717544743Z,result,2026-01-20T23:24:29.956120237Z,01KFEVJNR4936M3NZWK961C48N,2026-01-20T23:24:29.956120237Z,true,2026-01-20T23:25:32.696830777Z,true,2026-01-20T23:25:32.739350725Z,01KFEVJNVWG1ZFJ4CC70SSXEWC,2026-01-20T23:24:29.956120237Z
01KFEW0GK8WD4F5J3ZNG1MBTZQ,01KFEV37PBC6DGWCX0HT0QWYJR,2026-01-20T23:32:03.304881148Z,90,2026-01-20T23:32:03.304881148Z,true,2026-01-20T23:33:48.382087857Z,01KFEV37Q0WSYAYKWHM2EXN0DN,2026-01-20T23:32:03.304881148Z,0,2026-01-20T23:32:03.304881148Z,true,2026-01-20T23:33:44.129518726Z,choice,2026-01-20T23:32:03.304881148Z,01KFEW0G9XAWS7DYHEE7AAN198,2026-01-20T23:32:03.304881148Z,true,2026-01-20T23:33:44.092991631Z,true,2026-01-20T23:33:44.159492402Z,01KFEW0GK2JPVPS9Q7BRYA6T9E,2026-01-20T23:32:03.304881148Z
01KFEW2A3XWBSBFK73MME97XJM,01KFEV38A01XZ4DPRPFKRE96P8,2026-01-20T23:33:02.206030473Z,30,2026-01-20T23:33:02.206030473Z,true,2026-01-20T23:34:29.067076589Z,01KFEV38AHTHHCNTDGHAJN0GXG,2026-01-20T23:33:02.206030473Z,1,2026-01-20T23:33:02.206030473Z,true,2026-01-20T23:34:25.373831244Z,result,2026-01-20T23:33:02.206030473Z,01KFEW29XSADA32QXA2MHBZPNA,2026-01-20T23:33:02.206030473Z,true,2026-01-20T23:34:25.333758466Z,true,2026-01-20T23:34:25.405404735Z,01KFEW2A3KEHJDF1T9WDRZPRH3,2026-01-20T23:33:02.206030473Z
01KFEVJWW06FD2H07VSBMYE9H1,01KFEV38A01XZ4DPRPFKRE96P8,2026-01-20T23:24:37.120095491Z,90,2026-01-20T23:24:37.120095491Z,true,2026-01-20T23:27:28.447733476Z,01KFEV38AJ2CFPYBQZ58NH0V5J,2026-01-20T23:24:37.120095491Z,0,2026-01-20T23:24:37.120095491Z,true,2026-01-20T23:26:32.885874957Z,choice,2026-01-20T23:24:37.120095491Z,01KFEVJWRSS59EY80VVB66B760,2026-01-20T23:24:37.120095491Z,true,2026-01-20T23:26:32.838130724Z,true,2026-01-20T23:26:32.902964395Z,01KFEVJWVVKAM3CPTN9V7QWZW0,2026-01-20T23:24:37.120095491Z
01KFEW1ATC2NBZK30CBYXV5C1H,01KFEV384BJYC62Y0E6AQK09K8,2026-01-20T23:32:30.156234067Z,30,2026-01-20T23:32:30.156234067Z,true,2026-01-20T23:33:38.804141391Z,01KFEV385166A8JYCZ9G4DMHRQ,2026-01-20T23:32:30.156234067Z,1,2026-01-20T23:32:30.156234067Z,true,2026-01-20T23:33:36.903965289Z,result,2026-01-20T23:32:30.156234067Z,01KFEW1AKQX1Q335E33JXH77RT,2026-01-20T23:32:30.156234067Z,true,2026-01-20T23:33:36.856802182Z,true,2026-01-20T23:33:36.930301968Z,01KFEW1AT35DZBV2KE9CW31FZ7,2026-01-20T23:32:30.156234067Z
01KFEWE91KW6QADB5WD4VANWP9,01KFEVMN9Q125N5N16W4WNYJXF,2026-01-20T23:39:34.323825871Z,90,2026-01-20T23:39:34.323825871Z,true,2026-01-20T23:40:57.872566734Z,01KFEVMNAWK7WRWM1AMQZKX6SA,2026-01-20T23:39:34.323825871Z,0,2026-01-20T23:39:34.323825871Z,true,2026-01-20T23:40:56.097626659Z,choice,2026-01-20T23:39:34.323825871Z,01KFEWE8SPXSSWENNJV0BH3H3G,2026-01-20T23:39:34.323825871Z,true,2026-01-20T23:40:56.055259724Z,true,2026-01-20T23:40:56.135427803Z,01KFEWE91D8BN1RTVQ7PAGPWV9,2026-01-20T23:39:34.323825871Z
01KFEVFBEP0VA4C6B2J82RWTXF,01KFEV377XDCWB0CVW0E7ES8WB,2026-01-20T23:22:40.982989187Z,90,2026-01-20T23:22:40.982989187Z,true,2026-01-20T23:23:40.838673843Z,01KFEV378H0PY96RNMJTMM0E4X,2026-01-20T23:22:40.982989187Z,0,2026-01-20T23:22:40.982989187Z,true,2026-01-20T23:23:35.404806164Z,choice,2026-01-20T23:22:40.982989187Z,01KFEVFBBYTSBZ9CQKVR7RKAB2,2026-01-20T23:22:40.982989187Z,true,2026-01-20T23:23:35.389863282Z,true,2026-01-20T23:23:35.414677996Z,01KFEVFBEJYRXK9SXDM4EXWJPG,2026-01-20T23:22:40.982989187Z
01KFEVFBERV7RS1FPY125JEBK8,01KFEV377XDCWB0CVW0E7ES8WB,2026-01-20T23:22:40.986041025Z,30,2026-01-20T23:22:40.986041025Z,true,2026-01-20T23:23:45.075902448Z,01KFEV378H0PY96RNMJTMM0E4X,2026-01-20T23:22:40.986041025Z,1,2026-01-20T23:22:40.986041025Z,true,2026-01-20T23:23:40.870603783Z,result,2026-01-20T23:22:40.986041025Z,01KFEVFBBYTSBZ9CQKVR7RKAB2,2026-01-20T23:22:40.986041025Z,true,2026-01-20T23:23:40.849317343Z,true,2026-01-20T23:23:40.885089546Z,01KFEVFBEMA5Q09R8TR3XW52TD,2026-01-20T23:22:40.986041025Z
01KFEVGBGZ69536KQW44B7H6W3,01KFEV37CWX6SQYA0RPR0C01MW,2026-01-20T23:23:13.823076189Z,30,2026-01-20T23:23:13.823076189Z,true,2026-01-20T23:25:22.072246561Z,01KFEV37DE991T271V0BRDHRJW,2026-01-20T23:23:13.823076189Z,1,2026-01-20T23:23:13.823076189Z,true,2026-01-20T23:25:18.93763771Z,result,2026-01-20T23:23:13.823076189Z,01KFEVGBCTGC7HJ089TPZS8PH5,2026-01-20T23:23:13.823076189Z,true,2026-01-20T23:25:18.915426176Z,true,2026-01-20T23:25:18.956062282Z,01KFEVGBGTRPAVWNWAR3TVB8D1,2026-01-20T23:23:13.823076189Z
01KFEVS396WG3VX1QADBM579J5,01KFEV37PBC6DGWCX0HT0QWYJR,2026-01-20T23:28:00.294871268Z,90,2026-01-20T23:28:00.294871268Z,true,2026-01-20T23:29:44.708465471Z,01KFEV37PV76WD06T50QFKE80T,2026-01-20T23:28:00.294871268Z,0,2026-01-20T23:28:00.294871268Z,true,2026-01-20T23:29:41.224856566Z,choice,2026-01-20T23:28:00.294871268Z,01KFEVS308RHJ1C53CQEQ6N1KN,2026-01-20T23:28:00.294871268Z,true,2026-01-20T23:29:41.18781872Z,true,2026-01-20T23:29:41.250421927Z,01KFEVS38VAG2M7XXR358A39NK,2026-01-20T23:28:00.294871268Z
01KFEWVME92QW2V9RZ9HM2KF63,01KFEV38GJVYY8P8B7QXSW6BTE,2026-01-20T23:46:51.977819248Z,90,2026-01-20T23:46:51.977819248Z,true,2026-01-20T23:47:30.364259976Z,01KFEV38H0S2Y42XZDBCZ2KPGY,2026-01-20T23:46:51.977819248Z,0,2026-01-20T23:46:51.977819248Z,true,2026-01-20T23:47:27.268720898Z,choice,2026-01-20T23:46:51.977819248Z,01KFEWVM6P4FVA6Y7RWXQ75670,2026-01-20T23:46:51.977819248Z,true,2026-01-20T23:47:27.218367883Z,true,2026-01-20T23:47:27.319213117Z,01KFEWVME3CYVX5WBSKH9NQ038,2026-01-20T23:46:51.977819248Z
01KFEVNK7GAWTM2449W4FJYQMB,01KFEV38GJVYY8P8B7QXSW6BTE,2026-01-20T23:26:05.552859377Z,90,2026-01-20T23:26:05.552859377Z,false,2026-01-20T23:26:05.552859377Z,01KFEV38H72YHVC8PGTMFH64KV,2026-01-20T23:26:05.552859377Z,0,2026-01-20T23:26:05.552859377Z,,,choice,2026-01-20T23:26:05.552859377Z,01KFEVNK22QHPEAXG14E6R68Y7,2026-01-20T23:26:05.552859377Z,false,2026-01-20T23:26:05.552859377Z,,,01KFEVNK78QBMPXB0HQSVTVRYS,2026-01-20T23:26:05.552859377Z
01KFEWF0CECH8W1DV3D79VJA8W,01KFEVMNF44NEM58ETFST7KTWM,2026-01-20T23:39:58.22280254Z,90,2026-01-20T23:39:58.22280254Z,true,2026-01-20T23:42:02.775406699Z,01KFEVMNHFNDCGHX9QBBFN387E,2026-01-20T23:39:58.22280254Z,0,2026-01-20T23:39:58.22280254Z,true,2026-01-20T23:41:58.678402275Z,choice,2026-01-20T23:39:58.22280254Z,01KFEWEZZBBNA6YGF5KBEE6WA6,2026-01-20T23:39:58.22280254Z,true,2026-01-20T23:41:58.634590465Z,true,2026-01-20T23:41:58.713814248Z,01KFEWF0C96E5P9Z07BAT5A92H,2026-01-20T23:39:58.22280254Z
01KFEVH4C6QMQBGT9G7R31HS2N,01KFEV37PBC6DGWCX0HT0QWYJR,2026-01-20T23:23:39.270224347Z,90,2026-01-20T23:23:39.270224347Z,true,2026-01-20T23:25:21.296888965Z,01KFEV37PYV9HETXX2PC055NBT,2026-01-20T23:23:39.270224347Z,0,2026-01-20T23:23:39.270224347Z,true,2026-01-20T23:25:17.283322111Z,choice,2026-01-20T23:23:39.270224347Z,01KFEVH486ZCFEH7MFXY01HJC3,2026-01-20T23:23:39.270224347Z,true,2026-01-20T23:25:17.263029508Z,true,2026-01-20T23:25:17.297884149Z,01KFEVH4BZY4FJK13PV785JMGJ,2026-01-20T23:23:39.270224347Z
01KFEVJERWS4KMCGPST6KJ8QQ4,01KFEV37CWX6SQYA0RPR0C01MW,2026-01-20T23:24:22.684504705Z,30,2026-01-20T23:24:22.684504705Z,true,2026-01-20T23:28:02.242661901Z,01KFEV37DE991T271V0NJ5BY6K,2026-01-20T23:24:22.684504705Z,1,2026-01-20T23:24:22.684504705Z,true,2026-01-20T23:27:58.981027975Z,result,2026-01-20T23:24:22.684504705Z,01KFEVJEKGMYFZA2VJEASABFYY,2026-01-20T23:24:22.684504705Z,true,2026-01-20T23:27:58.956108335Z,true,2026-01-20T23:27:59.002259637Z,01KFEVJERRW33YZ9Y75JMSQ7S2,2026-01-20T23:24:22.684504705Z
01KFEW7PVGGVWCZR9F8YWTV2J0,01KFEVMNF44NEM58ETFST7KTWM,2026-01-20T23:35:59.088874502Z,90,2026-01-20T23:35:59.088874502Z,true,2026-01-20T23:38:16.435046334Z,01KFEVMNH60E845G0BNN18WWCX,2026-01-20T23:35:59.088874502Z,0,2026-01-20T23:35:59.088874502Z,true,2026-01-20T23:36:46.387893361Z,choice,2026-01-20T23:35:59.088874502Z,01KFEW7PPS3WY56P8146ET606Q,2026-01-20T23:35:59.088874502Z,true,2026-01-20T23:36:46.350898535Z,true,2026-01-20T23:36:46.419556464Z,01KFEW7PVAS01CBBBJC4D9Q21N,2026-01-20T23:35:59.088874502Z
01KFEVFBKXK5VPEJ465Z7HN7PM,01KFEV377XDCWB0CVW0E7ES8WB,2026-01-20T23:22:41.149061385Z,90,2026-01-20T23:22:41.149061385Z,true,2026-01-20T23:26:20.300878982Z,01KFEV378H0PY96RNMJTMM0E4X,2026-01-20T23:22:41.149061385Z,0,2026-01-20T23:22:41.149061385Z,true,2026-01-20T23:26:16.074571262Z,choice,2026-01-20T23:22:41.149061385Z,01KFEVFBC64AYPBZTJES2B20FR,2026-01-20T23:22:41.149061385Z,true,2026-01-20T23:26:16.047589009Z,true,2026-01-20T23:26:16.090034839Z,01KFEVFBKRH64V513ZF3TRTQ4K,2026-01-20T23:22:41.149061385Z
01KFEVGBNVJ4B7GBYK8P1PK20S,01KFEV37CWX6SQYA0RPR0C01MW,2026-01-20T23:23:13.979192823Z,30,2026-01-20T23:23:13.979192823Z,true,2026-01-20T23:26:36.953730197Z,01KFEV37DE991T271V0BRDHRJW,2026-01-20T23:23:13.979192823Z,1,2026-01-20T23:23:13.979192823Z,true,2026-01-20T23:26:24.173620919Z,result,2026-01-20T23:23:13.979192823Z,01KFEVGBDHBKMP77667Y4F3PW3,2026-01-20T23:23:13.979192823Z,true,2026-01-20T23:26:24.143622214Z,true,2026-01-20T23:26:24.190812622Z,01KFEVGBNPFNYVY433RM4V5NGD,2026-01-20T23:23:13.979192823Z
01KFEVH4ACHZJFV4ZSNPKN3K3C,01KFEV37PBC6DGWCX0HT0QWYJR,2026-01-20T23:23:39.212791474Z,90,2026-01-20T23:23:39.212791474Z,true,2026-01-20T23:24:59.755969113Z,01KFEV37PYV9HETXX2PC055NBT,2026-01-20T23:23:39.212791474Z,0,2026-01-20T23:23:39.212791474Z,true,2026-01-20T23:24:17.291570451Z,choice,2026-01-20T23:23:39.212791474Z,01KFEVH47ZBAPR4G4APH55JXTA,2026-01-20T23:23:39.212791474Z,true,2026-01-20T23:24:17.276112672Z,true,2026-01-20T23:24:17.30476153Z,01KFEVH4A8H1M27F0WF4VHSQEF,2026-01-20T23:23:39.212791474Z
01KFEW7Q382WXQTPXDYGN6MGSG,01KFEVMNF44NEM58ETFST7KTWM,2026-01-20T23:35:59.336127851Z,90,2026-01-20T23:35:59.336127851Z,false,2026-01-20T23:35:59.336127851Z,01KFEVMNH60E845G0BNN18WWCX,2026-01-20T23:35:59.336127851Z,0,2026-01-20T23:35:59.336127851Z,,,choice,2026-01-20T23:35:59.336127851Z,01KFEW7PR67947SQFAPKQSRQMQ,2026-01-20T23:35:59.336127851Z,false,2026-01-20T23:35:59.336127851Z,,,01KFEW7Q32QPKN6B26EYS7BV7Z,2026-01-20T23:35:59.336127851Z
01KFEVJX21VZ7KJPQ8GN7NV2EE,01KFEV38A01XZ4DPRPFKRE96P8,2026-01-20T23:24:37.313650894Z,90,2026-01-20T23:24:37.313650894Z,true,2026-01-20T23:29:53.113471354Z,01KFEV38AJ2CFPYBQZ58NH0V5J,2026-01-20T23:24:37.313650894Z,0,2026-01-20T23:24:37.313650894Z,true,2026-01-20T23:29:48.883130481Z,choice,2026-01-20T23:24:37.313650894Z,01KFEVJWSHXHZWD0VRVR4R2P45,2026-01-20T23:24:37.313650894Z,true,2026-01-20T23:29:48.851656521Z,true,2026-01-20T23:29:48.907620676Z,01KFEVJX1VD9A6WMY7M5J98SC3,2026-01-20T23:24:37.313650894Z
01KFEW0GR0R0TT4TBHGHYQS5ZY,01KFEV37PBC6DGWCX0HT0QWYJR,2026-01-20T23:32:03.456339027Z,30,2026-01-20T23:32:03.456339027Z,true,2026-01-20T23:34:22.049727555Z,01KFEV37Q0WSYAYKWHM2EXN0DN,2026-01-20T23:32:03.456339027Z,1,2026-01-20T23:32:03.456339027Z,true,2026-01-20T23:34:19.799781745Z,result,2026-01-20T23:32:03.456339027Z,01KFEW0GBGGRN4S29QNK2SQ6YM,2026-01-20T23:32:03.456339027Z,true,2026-01-20T23:34:19.763917019Z,true,2026-01-20T23:34:19.826848713Z,01KFEW0GQQ9C1TJ6Q8GD7BNQ52,2026-01-20T23:32:03.456339027Z
01KFEW2A190KDRHZR02Z6XJ5DB,01KFEV38A01XZ4DPRPFKRE96P8,2026-01-20T23:33:02.121824945Z,30,2026-01-20T23:33:02.121824945Z,true,2026-01-20T23:33:30.012173131Z,01KFEV38AHTHHCNTDGHAJN0GXG,2026-01-20T23:33:02.121824945Z,1,2026-01-20T23:33:02.121824945Z,true,2026-01-20T23:33:14.955458638Z,result,2026-01-20T23:33:02.121824945Z,01KFEW29X8W4JBYX6E342HRPZQ,2026-01-20T23:33:02.121824945Z,true,2026-01-20T23:33:14.918329435Z,true,2026-01-20T23:33:14.982885254Z,01KFEW2A0ZSE1HBZNWC6ANBHBD,2026-01-20T23:33:02.121824945Z
01KFEW3W373QB0MPKW08WCPX8W,01KFEVMN9Q125N5N16W4WNYJXF,2026-01-20T23:33:53.383723998Z,90,2026-01-20T23:33:53.383723998Z,true,2026-01-20T23:35:53.548520848Z,01KFEVMNBC23RB4D79KEQ4G0VS,2026-01-20T23:33:53.383723998Z,0,2026-01-20T23:33:53.383723998Z,true,2026-01-20T23:35:48.732682479Z,choice,2026-01-20T23:33:53.383723998Z,01KFEW3VMQYCSWHG0ZVBJSS31E,2026-01-20T23:33:53.383723998Z,true,2026-01-20T23:35:48.697672417Z,true,2026-01-20T23:35:48.760705232Z,01KFEW3W31AD03CCBYQ928RKP4,2026-01-20T23:33:53.383723998Z
01KFEWF00DEXT3QHEWBTHV225P,01KFEVMNF44NEM58ETFST7KTWM,2026-01-20T23:39:57.837877876Z,90,2026-01-20T23:39:57.837877876Z,true,2026-01-20T23:40:31.214256976Z,01KFEVMNHFNDCGHX9QBBFN387E,2026-01-20T23:39:57.837877876Z,0,2026-01-20T23:39:57.837877876Z,true,2026-01-20T23:40:02.043934085Z,choice,2026-01-20T23:39:57.837877876Z,01KFEWEZVA5M4G0VV9SW3JMCQ3,2026-01-20T23:39:57.837877876Z,true,2026-01-20T23:40:01.929450877Z,true,2026-01-20T23:40:02.103819491Z,01KFEWF008QS3SGCM2A6831JDA,2026-01-20T23:39:57.837877876Z
01KFEVJESCKPNZBNE5RKM5DVA0,01KFEV37CWX6SQYA0RPR0C01MW,2026-01-20T23:24:22.700055414Z,90,2026-01-20T23:24:22.700055414Z,true,2026-01-20T23:28:04.887154905Z,01KFEV37DE991T271V0NJ5BY6K,2026-01-20T23:24:22.700055414Z,0,2026-01-20T23:24:22.700055414Z,true,2026-01-20T23:28:02.445110891Z,choice,2026-01-20T23:24:22.700055414Z,01KFEVJEKNZ510AYKA5A7669HW,2026-01-20T23:24:22.700055414Z,true,2026-01-20T23:28:02.415359984Z,true,2026-01-20T23:28:02.464228865Z,01KFEVJES7ET0F446EFHPMZZE8,2026-01-20T23:24:22.700055414Z
01KFEVNK4ZB51YW5KX99QTSTT9,01KFEV38GJVYY8P8B7QXSW6BTE,2026-01-20T23:26:05.47144039Z,30,2026-01-20T23:26:05.47144039Z,false,2026-01-20T23:26:05.47144039Z,01KFEV38H72YHVC8PGTMFH64KV,2026-01-20T23:26:05.47144039Z,1,2026-01-20T23:26:05.47144039Z,,,result,2026-01-20T23:26:05.47144039Z,01KFEVNK1W6GYWEFB0Z31C0NYJ,2026-01-20T23:26:05.47144039Z,false,2026-01-20T23:26:05.47144039Z,,,01KFEVNK4NRYP5HV6GFGKK1X4F,2026-01-20T23:26:05.47144039Z
01KFEW2KJ0AA62B105PPG3TF79,01KFEV38GJVYY8P8B7QXSW6BTE,2026-01-20T23:33:11.872819937Z,90,2026-01-20T23:33:11.872819937Z,true,2026-01-20T23:36:06.066385413Z,01KFEV38H48T18ZRM15RETR33C,2026-01-20T23:33:11.872819937Z,0,2026-01-20T23:33:11.872819937Z,true,2026-01-20T23:36:03.391852035Z,choice,2026-01-20T23:33:11.872819937Z,01KFEW2K6EXRH56RSZWHGJ4HT4,2026-01-20T23:33:11.872819937Z,true,2026-01-20T23:36:03.351032638Z,true,2026-01-20T23:36:03.420785913Z,01KFEW2KHSA76FCM66P996H26P,2026-01-20T23:33:11.872819937Z
01KFEW2ACR1FWZY3XRBMPB09WM,01KFEV38A01XZ4DPRPFKRE96P8,2026-01-20T23:33:02.488154949Z,90,2026-01-20T23:33:02.488154949Z,true,2026-01-20T23:35:49.011628371Z,01KFEV38AHTHHCNTDGHAJN0GXG,2026-01-20T23:33:02.488154949Z,0,2026-01-20T23:33:02.488154949Z,true,2026-01-20T23:35:44.478738861Z,choice,2026-01-20T23:33:02.488154949Z,01KFEW29Z465YRECJRGWFN7MQK,2026-01-20T23:33:02.488154949Z,true,2026-01-20T23:35:44.443077276Z,true,2026-01-20T23:35:44.509565329Z,01KFEW2ACJVW322RSKPPRY9E6K,2026-01-20T23:33:02.488154949Z
01KFEVJNX6EQCCJ4BZPG6G674T,01KFEV377XDCWB0CVW0E7ES8WB,2026-01-20T23:24:29.990740034Z,90,2026-01-20T23:24:29.990740034Z,true,2026-01-20T23:25:49.706466361Z,01KFEV378FNG971PBW7B2SPNC6,2026-01-20T23:24:29.990740034Z,0,2026-01-20T23:24:29.990740034Z,true,2026-01-20T23:25:47.086691288Z,choice,2026-01-20T23:24:29.990740034Z,01KFEVJNRQBQFNH0BYKPE46VCR,2026-01-20T23:24:29.990740034Z,true,2026-01-20T23:25:47.059540882Z,true,2026-01-20T23:25:47.105590939Z,01KFEVJNX2BWVP9A1H7XGYDMSN,2026-01-20T23:24:29.990740034Z
01KFEVNKCE6ZB77RM96TWGA8RJ,01KFEV38GJVYY8P8B7QXSW6BTE,2026-01-20T23:26:05.710501209Z,30,2026-01-20T23:26:05.710501209Z,false,2026-01-20T23:26:05.710501209Z,01KFEV38H72YHVC8PGTMFH64KV,2026-01-20T23:26:05.710501209Z,1,2026-01-20T23:26:05.710501209Z,,,result,2026-01-20T23:26:05.710501209Z,01KFEVNK30BGQSB40QW4KHDZJZ,2026-01-20T23:26:05.710501209Z,false,2026-01-20T23:26:05.710501209Z,,,01KFEVNKC7F8A3DKFDX19FHDAM,2026-01-20T23:26:05.710501209Z
01KFEWF0A1MPP2Y3S94R73S3F7,01KFEVMNF44NEM58ETFST7KTWM,2026-01-20T23:39:58.145756596Z,30,2026-01-20T23:39:58.145756596Z,true,2026-01-20T23:41:52.276071002Z,01KFEVMNHFNDCGHX9QBBFN387E,2026-01-20T23:39:58.145756596Z,1,2026-01-20T23:39:58.145756596Z,true,2026-01-20T23:41:49.03830298Z,result,2026-01-20T23:39:58.145756596Z,01KFEWEZXNEDY2H8JE28VJABXP,2026-01-20T23:39:58.145756596Z,true,2026-01-20T23:41:48.981034977Z,true,2026-01-20T23:41:49.075720602Z,01KFEWF09MM6SY1WJY4Y5MFZN7,2026-01-20T23:39:58.145756596Z
01KFEW2KM6RAEAR8KRV25SM8EK,01KFEV38GJVYY8P8B7QXSW6BTE,2026-01-20T23:33:11.942049405Z,90,2026-01-20T23:33:11.942049405Z,true,2026-01-20T23:36:12.134314785Z,01KFEV38H48T18ZRM15RETR33C,2026-01-20T23:33:11.942049405Z,0,2026-01-20T23:33:11.942049405Z,true,2026-01-20T23:36:11.117513378Z,choice,2026-01-20T23:33:11.942049405Z,01KFEW2K5YK8ZH9TZ42EQVRP4J,2026-01-20T23:33:11.942049405Z,true,2026-01-20T23:36:11.081757808Z,true,2026-01-20T23:36:11.149125322Z,01KFEW2KM0QB540RKWKPSTJFB2,2026-01-20T23:33:11.942049405Z
01KFEWVMXS28BEJS8K69Z2S3BP,01KFEV38GJVYY8P8B7QXSW6BTE,2026-01-20T23:46:52.473475755Z,90,2026-01-20T23:46:52.473475755Z,true,2026-01-20T23:48:35.283191789Z,01KFEV38H0S2Y42XZDBCZ2KPGY,2026-01-20T23:46:52.473475755Z,0,2026-01-20T23:46:52.473475755Z,true,2026-01-20T23:48:33.344426802Z,choice,2026-01-20T23:46:52.473475755Z,01KFEWVM9CP94P7WDKMNK8VHXX,2026-01-20T23:46:52.473475755Z,true,2026-01-20T23:48:33.290702726Z,true,2026-01-20T23:48:33.386409797Z,01KFEWVMXEKZ004KBQ35NNJYZ4,2026-01-20T23:46:52.473475755Z
01KFEVBA1DS6JNCXK0GKRGKTY4,01KFEV2BZFDRZBG3Y0249RG1TW,2026-01-20T23:20:28.461366803Z,90,2026-01-20T23:20:28.461366803Z,false,2026-01-20T23:20:28.461366803Z,01KFEV2C0BAXD2XBMY5020521J,2026-01-20T23:20:28.461366803Z,0,2026-01-20T23:20:28.461366803Z,,,choice,2026-01-20T23:20:28.461366803Z,01KFEVB9TS9YDQGB97D8D9PSKC,2026-01-20T23:20:28.461366803Z,false,2026-01-20T23:20:28.461366803Z,,,01KFEVBA17TTVMRDZPN5X1XGRM,2026-01-20T23:20:28.461366803Z
01KFEVPNYWAKGVQRP7Z402ARMF,01KFEVMN9Q125N5N16W4WNYJXF,2026-01-20T23:26:41.116347226Z,30,2026-01-20T23:26:41.116347226Z,true,2026-01-20T23:29:51.843943432Z,01KFEVMNB841AFDZFM4WSW4FTD,2026-01-20T23:26:41.116347226Z,1,2026-01-20T23:26:41.116347226Z,true,2026-01-20T23:29:43.181002028Z,result,2026-01-20T23:26:41.116347226Z,01KFEVPNHPYT4D9Y89XXZCCCHS,2026-01-20T23:26:41.116347226Z,true,2026-01-20T23:29:43.151408242Z,true,2026-01-20T23:29:43.201173844Z,01KFEVPNYNSGFRYWJS32GP1QEQ,2026-01-20T23:26:41.116347226Z
01KFEVRX4W9TM75DPH6DXSYZ7B,01KFEV37CWX6SQYA0RPR0C01MW,2026-01-20T23:27:54.012482008Z,90,2026-01-20T23:27:54.012482008Z,true,2026-01-20T23:30:32.127049443Z,01KFEV37DAAK9E08F076WKMM6J,2026-01-20T23:27:54.012482008Z,0,2026-01-20T23:27:54.012482008Z,true,2026-01-20T23:30:26.292523211Z,choice,2026-01-20T23:27:54.012482008Z,01KFEVRWQYDTTG3TBRZX6QCZTF,2026-01-20T23:27:54.012482008Z,true,2026-01-20T23:30:26.260704231Z,true,2026-01-20T23:30:26.314323602Z,01KFEVRX4M2ZRH9CEW2QXHS87Y,2026-01-20T23:27:54.012482008Z
01KFEVJEQMYPEQM5QTQMYYJVFW,01KFEV37CWX6SQYA0RPR0C01MW,2026-01-20T23:24:22.644817637Z,30,2026-01-20T23:24:22.644817637Z,true,2026-01-20T23:27:36.109869626Z,01KFEV37DE991T271V0NJ5BY6K,2026-01-20T23:24:22.644817637Z,1,2026-01-20T23:24:22.644817637Z,true,2026-01-20T23:27:30.895684337Z,result,2026-01-20T23:24:22.644817637Z,01KFEVJEKCQH6K2QKDETC0SMC1,2026-01-20T23:24:22.644817637Z,true,2026-01-20T23:27:30.866236008Z,true,2026-01-20T23:27:30.917274483Z,01KFEVJEQGWTH91GQCNG40MGR5,2026-01-20T23:24:22.644817637Z
01KFEWF00T71V0JHNJGDJZ5RCW,01KFEVMNF44NEM58ETFST7KTWM,2026-01-20T23:39:57.850494578Z,30,2026-01-20T23:39:57.850494578Z,true,2026-01-20T23:40:51.755450083Z,01KFEVMNHFNDCGHX9QBBFN387E,2026-01-20T23:39:57.850494578Z,1,2026-01-20T23:39:57.850494578Z,true,2026-01-20T23:40:31.296228243Z,result,2026-01-20T23:39:57.850494578Z,01KFEWEZVA5M4G0VV9SW3JMCQ3,2026-01-20T23:39:57.850494578Z,true,2026-01-20T23:40:31.246934593Z,true,2026-01-20T23:40:31.3248376Z,01KFEWF00A1RRAJNG49EASQRXE,2026-01-20T23:39:57.850494578Z
01KFEWB9PXQKCH575PCSJNJ4Q5,01KFEV38GJVYY8P8B7QXSW6BTE,2026-01-20T23:37:56.701156454Z,90,2026-01-20T23:37:56.701156454Z,true,2026-01-20T23:40:11.243610562Z,01KFEV38H8T2V9428VC9T7MEBA,2026-01-20T23:37:56.701156454Z,0,2026-01-20T23:37:56.701156454Z,true,2026-01-20T23:40:08.397084714Z,choice,2026-01-20T23:37:56.701156454Z,01KFEWB96KRX4ZB7T2765CQSN7,2026-01-20T23:37:56.701156454Z,true,2026-01-20T23:40:08.349880283Z,true,2026-01-20T23:40:08.451943152Z,01KFEWB9PKTCDQFZJ0S485YEVM,2026-01-20T23:37:56.701156454Z
01KFEVJNYMENXQFAESZ8ZDC3WJ,01KFEV377XDCWB0CVW0E7ES8WB,2026-01-20T23:24:30.037680778Z,30,2026-01-20T23:24:30.037680778Z,true,2026-01-20T23:26:07.292296539Z,01KFEV378FNG971PBW7B2SPNC6,2026-01-20T23:24:30.037680778Z,1,2026-01-20T23:24:30.037680778Z,true,2026-01-20T23:25:57.453112824Z,result,2026-01-20T23:24:30.037680778Z,01KFEVJNRJZH5GPQKMH4ZHTKNX,2026-01-20T23:24:30.037680778Z,true,2026-01-20T23:25:57.421100676Z,true,2026-01-20T23:25:57.473984699Z,01KFEVJNYEK2V7RGSJVABQV1GG,2026-01-20T23:24:30.037680778Z
01KFEW2A3PQ91QPPAJJJE4RWPT,01KFEV38A01XZ4DPRPFKRE96P8,2026-01-20T23:33:02.19858614Z,90,2026-01-20T23:33:02.19858614Z,true,2026-01-20T23:34:25.310390421Z,01KFEV38AHTHHCNTDGHAJN0GXG,2026-01-20T23:33:02.19858614Z,0,2026-01-20T23:33:02.19858614Z,true,2026-01-20T23:33:41.117316537Z,choice,2026-01-20T23:33:02.19858614Z,01KFEW29XSADA32QXA2MHBZPNA,2026-01-20T23:33:02.19858614Z,true,2026-01-20T23:33:41.086497259Z,true,2026-01-20T23:33:41.141178562Z,01KFEW2A3DFVKXAMF11XEKEVQF,2026-01-20T23:33:02.19858614Z
01KFEWB9BJCSDKQ198F7TGZAVK,01KFEV38GJVYY8P8B7QXSW6BTE,2026-01-20T23:37:56.338550224Z,30,2026-01-20T23:37:56.338550224Z,true,2026-01-20T23:38:57.781852592Z,01KFEV38H8T2V9428VC9T7MEBA,2026-01-20T23:37:56.338550224Z,1,2026-01-20T23:37:56.338550224Z,true,2026-01-20T23:38:49.879784741Z,result,2026-01-20T23:37:56.338550224Z,01KFEWB949AP0NZWRSRC3KVSY9,2026-01-20T23:37:56.338550224Z,true,2026-01-20T23:38:49.832664409Z,true,2026-01-20T23:38:49.914810115Z,01KFEWB9B35YTY3A5K555BZH51,2026-01-20T23:37:56.338550224Z
01KFEVBA0R1JS6HBGTYPYMM2FP,01KFEV2BZFDRZBG3Y0249RG1TW,2026-01-20T23:20:28.440691567Z,90,2026-01-20T23:20:28.440691567Z,false,2026-01-20T23:20:28.440691567Z,01KFEV2C0BAXD2XBMY5020521J,2026-01-20T23:20:28.440691567Z,0,2026-01-20T23:20:28.440691567Z,,,choice,2026-01-20T23:20:28.440691567Z,01KFEVB9TVJER4T9328J66NZ4Z,2026-01-20T23:20:28.440691567Z,false,2026-01-20T23:20:28.440691567Z,,,01KFEVBA0KJ13ZEBBDRWTFXPAV,2026-01-20T23:20:28.440691567Z
01KFEWE9954NVX5QVQ0RJXK007,01KFEVMN9Q125N5N16W4WNYJXF,2026-01-20T23:39:34.565235969Z,90,2026-01-20T23:39:34.565235969Z,true,2026-01-20T23:41:30.485621983Z,01KFEVMNAWK7WRWM1AMQZKX6SA,2026-01-20T23:39:34.565235969Z,0,2026-01-20T23:39:34.565235969Z,true,2026-01-20T23:41:27.844291512Z,choice,2026-01-20T23:39:34.565235969Z,01KFEWE8VFX5MKT559QS5XEW3G,2026-01-20T23:39:34.565235969Z,true,2026-01-20T23:41:27.794107016Z,true,2026-01-20T23:41:27.879881686Z,01KFEWE98XX04EFSJC7H89DNH8,2026-01-20T23:39:34.565235969Z
01KFEVRX5ZVGG8HW10QENCVW1Y,01KFEV37CWX6SQYA0RPR0C01MW,2026-01-20T23:27:54.04779601Z,90,2026-01-20T23:27:54.04779601Z,true,2026-01-20T23:30:47.423972171Z,01KFEV37DAAK9E08F076WKMM6J,2026-01-20T23:27:54.04779601Z,0,2026-01-20T23:27:54.04779601Z,true,2026-01-20T23:30:39.012776052Z,choice,2026-01-20T23:27:54.04779601Z,01KFEVRWT61HC9BSHHM7YRQS2Z,2026-01-20T23:27:54.04779601Z,true,2026-01-20T23:30:38.983780087Z,true,2026-01-20T23:30:39.035890199Z,01KFEVRX5S2EXGMYWV63A2VXH2,2026-01-20T23:27:54.04779601Z
01KFEVS32KHXKAV4FHKG4KADJV,01KFEV37PBC6DGWCX0HT0QWYJR,2026-01-20T23:28:00.083310631Z,90,2026-01-20T23:28:00.083310631Z,true,2026-01-20T23:28:48.9955008Z,01KFEV37PV76WD06T50QFKE80T,2026-01-20T23:28:00.083310631Z,0,2026-01-20T23:28:00.083310631Z,true,2026-01-20T23:28:41.046658299Z,choice,2026-01-20T23:28:00.083310631Z,01KFEVS2ZJ94QWAPA619X1ZPB5,2026-01-20T23:28:00.083310631Z,true,2026-01-20T23:28:41.011060445Z,true,2026-01-20T23:28:41.069767719Z,01KFEVS32EKT7FJKBDPZD012V9,2026-01-20T23:28:00.083310631Z
01KFEW1ASA81PX6B837A1SWYVF,01KFEV384BJYC62Y0E6AQK09K8,2026-01-20T23:32:30.122078915Z,30,2026-01-20T23:32:30.122078915Z,true,2026-01-20T23:33:34.603305356Z,01KFEV385166A8JYCZ9G4DMHRQ,2026-01-20T23:32:30.122078915Z,1,2026-01-20T23:32:30.122078915Z,true,2026-01-20T23:33:26.165638788Z,result,2026-01-20T23:32:30.122078915Z,01KFEW1AH3KYJV5QTKFEPKQZZX,2026-01-20T23:32:30.122078915Z,true,2026-01-20T23:33:26.128826969Z,true,2026-01-20T23:33:26.189426445Z,01KFEW1ARZSTSYGFV94Q32CGAC,2026-01-20T23:32:30.122078915Z
01KFEW2AFJ5H3Z4T7V2126EH6E,01KFEV38A01XZ4DPRPFKRE96P8,2026-01-20T23:33:02.578724682Z,30,2026-01-20T23:33:02.578724682Z,true,2026-01-20T23:36:32.300519923Z,01KFEV38AHTHHCNTDGHAJN0GXG,2026-01-20T23:33:02.578724682Z,1,2026-01-20T23:33:02.578724682Z,true,2026-01-20T23:36:29.743711992Z,result,2026-01-20T23:33:02.578724682Z,01KFEW2A0EJTQ1J903ZRJRFAD8,2026-01-20T23:33:02.578724682Z,true,2026-01-20T23:36:29.707226069Z,true,2026-01-20T23:36:29.779171582Z,01KFEW2AF6Q3QC3A791ZXWG1B4,2026-01-20T23:33:02.578724682Z
01KFEVB8S2FANC11ZY303JQZQZ,01KFEV2BZFDRZBG3Y0249RG1TW,2026-01-20T23:20:27.170900128Z,90,2026-01-20T23:20:27.170900128Z,true,2026-01-20T23:23:42.207646804Z,01KFEV2C0CP35QE41ZMH45J8TZ,2026-01-20T23:20:27.170900128Z,0,2026-01-20T23:20:27.170900128Z,true,2026-01-20T23:23:36.790185211Z,choice,2026-01-20T23:20:27.170900128Z,01KFEVB8GASGJN0SSP4XXA8YGN,2026-01-20T23:20:27.170900128Z,true,2026-01-20T23:23:36.765495681Z,true,2026-01-20T23:23:36.805366055Z,01KFEVB8RYH90WRFEK70QP5374,2026-01-20T23:20:27.170900128Z
01KFEVFBE9V1FPV33T7YF70B32,01KFEV377XDCWB0CVW0E7ES8WB,2026-01-20T23:22:40.969787987Z,30,2026-01-20T23:22:40.969787987Z,true,2026-01-20T23:23:35.32853668Z,01KFEV378H0PY96RNMJTMM0E4X,2026-01-20T23:22:40.969787987Z,1,2026-01-20T23:22:40.969787987Z,true,2026-01-20T23:23:29.294745194Z,result,2026-01-20T23:22:40.969787987Z,01KFEVFBBVXX7KP33DJ657NRX6,2026-01-20T23:22:40.969787987Z,true,2026-01-20T23:23:29.272496773Z,true,2026-01-20T23:23:29.306314809Z,01KFEVFBE5FXV58MA7CYWVPTDW,2026-01-20T23:22:40.969787987Z
01KFEVHASC8D3AYA8SVTKXG300,01KFEV384BJYC62Y0E6AQK09K8,2026-01-20T23:23:45.836734349Z,90,2026-01-20T23:23:45.836734349Z,true,2026-01-20T23:24:35.579713981Z,01KFEV384Y33BFECW27AH8GSGD,2026-01-20T23:23:45.836734349Z,0,2026-01-20T23:23:45.836734349Z,true,2026-01-20T23:24:33.332783772Z,choice,2026-01-20T23:23:45.836734349Z,01KFEVHAPCH18VPXAR0AA2NN3F,2026-01-20T23:23:45.836734349Z,true,2026-01-20T23:24:33.294859211Z,true,2026-01-20T23:24:33.362778003Z,01KFEVHAS7B4HGNFEMJWSGS2RD,2026-01-20T23:23:45.836734349Z
01KFEW3VXQ33KR3NTMQVJ7GDG1,01KFEVMN9Q125N5N16W4WNYJXF,2026-01-20T23:33:53.207807315Z,90,2026-01-20T23:33:53.207807315Z,true,2026-01-20T23:35:27.101479678Z,01KFEVMNBC23RB4D79KEQ4G0VS,2026-01-20T23:33:53.207807315Z,0,2026-01-20T23:33:53.207807315Z,true,2026-01-20T23:35:25.176169162Z,choice,2026-01-20T23:33:53.207807315Z,01KFEW3VKNJVBQR8K5WQHKN6CC,2026-01-20T23:33:53.207807315Z,true,2026-01-20T23:35:25.14271216Z,true,2026-01-20T23:35:25.205105172Z,01KFEW3VX13GQ670NPVBSH76WM,2026-01-20T23:33:53.207807315Z
01KFEWF03BAMKZHQ9NYSC07FVK,01KFEVMNF44NEM58ETFST7KTWM,2026-01-20T23:39:57.931652521Z,90,2026-01-20T23:39:57.931652521Z,true,2026-01-20T23:41:09.123462006Z,01KFEVMNHFNDCGHX9QBBFN387E,2026-01-20T23:39:57.931652521Z,0,2026-01-20T23:39:57.931652521Z,true,2026-01-20T23:41:03.673454119Z,choice,2026-01-20T23:39:57.931652521Z,01KFEWEZW39PKTAP5FDZHRCHWA,2026-01-20T23:39:57.931652521Z,true,2026-01-20T23:41:03.62871388Z,true,2026-01-20T23:41:03.71243739Z,01KFEWF033FQAJ2CPAK8QWVAMN,2026-01-20T23:39:57.931652521Z
01KFEWGNHG1HA37DYR9D8SXH2P,01KFEVMNNQTH6Q6DMJG65NFGVF,2026-01-20T23:40:52.656432969Z,30,2026-01-20T23:40:52.656432969Z,false,2026-01-20T23:40:52.656432969Z,01KFEVMNQ7WSYMPADRKJJ7K0T0,2026-01-20T23:40:52.656432969Z,1,2026-01-20T23:40:52.656432969Z,,,result,2026-01-20T23:40:52.656432969Z,01KFEWGNBJGQT5SKTN1VE3DZ24,2026-01-20T23:40:52.656432969Z,false,2026-01-20T23:40:52.656432969Z,,,01KFEWGNH1PEDNR6W51404BJV3,2026-01-20T23:40:52.656432969Z
01KFEV99A8X2QW6WWZ3Y8E81EP,01KFEV2BZFDRZBG3Y0249RG1TW,2026-01-20T23:19:22.184894758Z,30,2026-01-20T23:19:22.184894758Z,true,2026-01-20T23:20:38.66694165Z,01KFEV2C08ND9C9BYW8N2T146P,2026-01-20T23:19:22.184894758Z,1,2026-01-20T23:19:22.184894758Z,true,2026-01-20T23:20:37.222089664Z,result,2026-01-20T23:19:22.184894758Z,01KFEV992MES5YXGH6XNCQ5224,2026-01-20T23:19:22.184894758Z,true,2026-01-20T23:20:37.204431371Z,true,2026-01-20T23:20:37.233622921Z,01KFEV99A5G1G3AP5KQSBRXKA4,2026-01-20T23:19:22.184894758Z
01KFEVB8QV0FGJV0RSXCM0HSRF,01KFEV2BZFDRZBG3Y0249RG1TW,2026-01-20T23:20:27.131592985Z,30,2026-01-20T23:20:27.131592985Z,true,2026-01-20T23:23:32.779596839Z,01KFEV2C0CP35QE41ZMH45J8TZ,2026-01-20T23:20:27.131592985Z,1,2026-01-20T23:20:27.131592985Z,true,2026-01-20T23:23:30.553269096Z,result,2026-01-20T23:20:27.131592985Z,01KFEVB8G8DNW1YDKX93Z4PCN5,2026-01-20T23:20:27.131592985Z,true,2026-01-20T23:23:30.53276671Z,true,2026-01-20T23:23:30.56585626Z,01KFEVB8QPPVAM69WNSQ78BDYY,2026-01-20T23:20:27.131592985Z
01KFEVEHNFTY9KGRXCRJ6RTBFQ,01KFEV377XDCWB0CVW0E7ES8WB,2026-01-20T23:22:14.575506335Z,30,2026-01-20T23:22:14.575506335Z,true,2026-01-20T23:24:20.228499694Z,01KFEV378H0PY96RNMJFNCN7TE,2026-01-20T23:22:14.575506335Z,1,2026-01-20T23:22:14.575506335Z,true,2026-01-20T23:24:19.130452976Z,result,2026-01-20T23:22:14.575506335Z,01KFEVEHGT727FBD9HJ47T8RQS,2026-01-20T23:22:14.575506335Z,true,2026-01-20T23:24:19.108627765Z,true,2026-01-20T23:24:19.144810661Z,01KFEVEHN9QSFY07K9FKT80PC5,2026-01-20T23:22:14.575506335Z
01KFEW9P3MZ1ZAAQSVA4C2A3DE,01KFEV384BJYC62Y0E6AQK09K8,2026-01-20T23:37:03.860886787Z,90,2026-01-20T23:37:03.860886787Z,false,2026-01-20T23:37:03.860886787Z,01KFEV384Z68A1Z7ZGWS1GDSZK,2026-01-20T23:37:03.860886787Z,0,2026-01-20T23:37:03.860886787Z,,,choice,2026-01-20T23:37:03.860886787Z,01KFEW9NH0V4Q22H6QD7HNEEX4,2026-01-20T23:37:03.860886787Z,false,2026-01-20T23:37:03.860886787Z,,,01KFEW9P3EVXDW1NQPB6D8EYXY,2026-01-20T23:37:03.860886787Z
01KFEWVMNSTFZVXQA65Y0D4E0C,01KFEV38GJVYY8P8B7QXSW6BTE,2026-01-20T23:46:52.217959357Z,90,2026-01-20T23:46:52.217959357Z,true,2026-01-20T23:48:07.81843504Z,01KFEV38H0S2Y42XZDBCZ2KPGY,2026-01-20T23:46:52.217959357Z,0,2026-01-20T23:46:52.217959357Z,true,2026-01-20T23:48:05.809472313Z,choice,2026-01-20T23:46:52.217959357Z,01KFEWVM889E015ABS9SG4J3H3,2026-01-20T23:46:52.217959357Z,true,2026-01-20T23:48:05.645250354Z,true,2026-01-20T23:48:05.84545365Z,01KFEWVMNHA02P5WG6RTSQKGTY,2026-01-20T23:46:52.217959357Z
01KFEVGBECPD228R1JC0A6B28F,01KFEV37CWX6SQYA0RPR0C01MW,2026-01-20T23:23:13.740034095Z,90,2026-01-20T23:23:13.740034095Z,true,2026-01-20T23:24:15.882831873Z,01KFEV37DE991T271V0BRDHRJW,2026-01-20T23:23:13.740034095Z,0,2026-01-20T23:23:13.740034095Z,true,2026-01-20T23:23:39.503541692Z,choice,2026-01-20T23:23:13.740034095Z,01KFEVGBCA555S4K04AG8F2T5D,2026-01-20T23:23:13.740034095Z,true,2026-01-20T23:23:39.092686272Z,true,2026-01-20T23:23:39.517500365Z,01KFEVGBE7XHPNMRHE5KZPBH56,2026-01-20T23:23:13.740034095Z
01KFEVH4DQEZJFBDZ9NZQX1AG4,01KFEV37PBC6DGWCX0HT0QWYJR,2026-01-20T23:23:39.319651106Z,90,2026-01-20T23:23:39.319651106Z,true,2026-01-20T23:25:47.788895742Z,01KFEV37PYV9HETXX2PC055NBT,2026-01-20T23:23:39.319651106Z,0,2026-01-20T23:23:39.319651106Z,true,2026-01-20T23:25:44.386256704Z,choice,2026-01-20T23:23:39.319651106Z,01KFEVH48F86SXRFG4F77MN5NS,2026-01-20T23:23:39.319651106Z,true,2026-01-20T23:25:44.365225551Z,true,2026-01-20T23:25:44.405989409Z,01KFEVH4DJJH7D7WGR6J2MSNR3,2026-01-20T23:23:39.319651106Z
01KFEVH4EDQG7ZN13VB30BZSQH,01KFEV37PBC6DGWCX0HT0QWYJR,2026-01-20T23:23:39.341670643Z,90,2026-01-20T23:23:39.341670643Z,true,2026-01-20T23:25:54.064455149Z,01KFEV37PYV9HETXX2PC055NBT,2026-01-20T23:23:39.341670643Z,0,2026-01-20T23:23:39.341670643Z,true,2026-01-20T23:25:51.58077639Z,choice,2026-01-20T23:23:39.341670643Z,01KFEVH47RBTC8Q50RVEZJ2J6Q,2026-01-20T23:23:39.341670643Z,true,2026-01-20T23:25:51.560634602Z,true,2026-01-20T23:25:51.599476501Z,01KFEVH4E6V3SY8ZHABSWAY1SW,2026-01-20T23:23:39.341670643Z
01KFEW3VVZZNYGABMNNBM5H845,01KFEVMN9Q125N5N16W4WNYJXF,2026-01-20T23:33:53.151197898Z,90,2026-01-20T23:33:53.151197898Z,true,2026-01-20T23:35:16.929076458Z,01KFEVMNBC23RB4D79KEQ4G0VS,2026-01-20T23:33:53.151197898Z,0,2026-01-20T23:33:53.151197898Z,true,2026-01-20T23:35:15.402142268Z,choice,2026-01-20T23:33:53.151197898Z,01KFEW3VKG0B17FHJX4NF0X699,2026-01-20T23:33:53.151197898Z,true,2026-01-20T23:35:15.372237362Z,true,2026-01-20T23:35:15.427252634Z,01KFEW3VVR48H17X9Z4X505Q3M,2026-01-20T23:33:53.151197898Z
01KFEWKBGFJ111P67QJGKKAAKD,01KFEV38A01XZ4DPRPFKRE96P8,2026-01-20T23:42:20.687420264Z,90,2026-01-20T23:42:20.687420264Z,false,2026-01-20T23:42:20.687420264Z,01KFEV38AGG0Y2K5R4FB90SKZX,2026-01-20T23:42:20.687420264Z,0,2026-01-20T23:42:20.687420264Z,,,choice,2026-01-20T23:42:20.687420264Z,01KFEWKAR8P75A9CYPGS9PCHX0,2026-01-20T23:42:20.687420264Z,false,2026-01-20T23:42:20.687420264Z,,,01KFEWKBG7VJN0TTDDTRMBNEET,2026-01-20T23:42:20.687420264Z
01KFEVCJPEM56XWJH24R10ZAR5,01KFEV2BZFDRZBG3Y0249RG1TW,2026-01-20T23:21:10.094371113Z,30,2026-01-20T23:21:10.094371113Z,false,2026-01-20T23:21:10.094371113Z,01KFEV2C0EQZAQP8AFWFARX9S3,2026-01-20T23:21:10.094371113Z,1,2026-01-20T23:21:10.094371113Z,,,result,2026-01-20T23:21:10.094371113Z,01KFEVCJK21FAA4VTTCQMHT1R0,2026-01-20T23:21:10.094371113Z,false,2026-01-20T23:21:10.094371113Z,,,01KFEVCJPAV12MTK5WJXDB82SE,2026-01-20T23:21:10.094371113Z
01KFEVEHNC5H30V9GJT613917V,01KFEV377XDCWB0CVW0E7ES8WB,2026-01-20T23:22:14.572295698Z,90,2026-01-20T23:22:14.572295698Z,true,2026-01-20T23:24:19.09438088Z,01KFEV378H0PY96RNMJFNCN7TE,2026-01-20T23:22:14.572295698Z,0,2026-01-20T23:22:14.572295698Z,true,2026-01-20T23:24:17.169383778Z,choice,2026-01-20T23:22:14.572295698Z,01KFEVEHGT727FBD9HJ47T8RQS,2026-01-20T23:22:14.572295698Z,true,2026-01-20T23:24:17.147070331Z,true,2026-01-20T23:24:17.182303776Z,01KFEVEHN7QCSP8423JK4QEXHD,2026-01-20T23:22:14.572295698Z
01KFEVJETMZCH5JHW44ETVAE20,01KFEV37CWX6SQYA0RPR0C01MW,2026-01-20T23:24:22.740373823Z,90,2026-01-20T23:24:22.740373823Z,true,2026-01-20T23:28:42.019521935Z,01KFEV37DE991T271V0NJ5BY6K,2026-01-20T23:24:22.740373823Z,0,2026-01-20T23:24:22.740373823Z,true,2026-01-20T23:28:36.803716993Z,choice,2026-01-20T23:24:22.740373823Z,01KFEVJEJTMNMZTCNAQZWM5VSK,2026-01-20T23:24:22.740373823Z,true,2026-01-20T23:28:36.771120034Z,true,2026-01-20T23:28:36.833111529Z,01KFEVJETEQ21J5FKW2KHZ6HJW,2026-01-20T23:24:22.740373823Z
01KFEW3W7RYZR6GJX1VC4N310J,01KFEVMN9Q125N5N16W4WNYJXF,2026-01-20T23:33:53.529026985Z,90,2026-01-20T23:33:53.529026985Z,true,2026-01-20T23:36:03.727056461Z,01KFEVMNBC23RB4D79KEQ4G0VS,2026-01-20T23:33:53.529026985Z,0,2026-01-20T23:33:53.529026985Z,true,2026-01-20T23:36:02.123503696Z,choice,2026-01-20T23:33:53.529026985Z,01KFEW3VNBMV4SFK2GGYWGCNPK,2026-01-20T23:33:53.529026985Z,true,2026-01-20T23:36:02.08115681Z,true,2026-01-20T23:36:02.158423052Z,01KFEW3W7F3TBW63047WAAN6N5,2026-01-20T23:33:53.529026985Z
01KFEWGNCBMSV2NYRE37VS6T4A,01KFEVMNNQTH6Q6DMJG65NFGVF,2026-01-20T23:40:52.491847851Z,90,2026-01-20T23:40:52.491847851Z,true,2026-01-20T23:41:11.458910615Z,01KFEVMNQ7WSYMPADRKJJ7K0T0,2026-01-20T23:40:52.491847851Z,0,2026-01-20T23:40:52.491847851Z,true,2026-01-20T23:40:55.877811617Z,choice,2026-01-20T23:40:52.491847851Z,01KFEWGN7DH9SB6YA0JME23FWK,2026-01-20T23:40:52.491847851Z,true,2026-01-20T23:40:55.826513789Z,true,2026-01-20T23:40:55.909107731Z,01KFEWGNC29QGZC0SSFD4CFVVQ,2026-01-20T23:40:52.491847851Z
01KFEWGNK5NTZJQCSDD292VWY7,01KFEVMNNQTH6Q6DMJG65NFGVF,2026-01-20T23:40:52.709599371Z,30,2026-01-20T23:40:52.709599371Z,false,2026-01-20T23:40:52.709599371Z,01KFEVMNQ7WSYMPADRKJJ7K0T0,2026-01-20T23:40:52.709599371Z,1,2026-01-20T23:40:52.709599371Z,,,result,2026-01-20T23:40:52.709599371Z,01KFEWGNB9VPQD4J2C0Y856GVS,2026-01-20T23:40:52.709599371Z,false,2026-01-20T23:40:52.709599371Z,,,01KFEWGNJMA8RSH98TWV4Y0JN4,2026-01-20T23:40:52.709599371Z
01KFEWGNQQF5YG07H79DEFCQRE,01KFEVMNNQTH6Q6DMJG65NFGVF,2026-01-20T23:40:52.855097201Z,90,2026-01-20T23:40:52.855097201Z,false,2026-01-20T23:40:52.855097201Z,01KFEVMNQ7WSYMPADRKJJ7K0T0,2026-01-20T23:40:52.855097201Z,0,2026-01-20T23:40:52.855097201Z,,,choice,2026-01-20T23:40:52.855097201Z,01KFEWGNAQ4TMWRAWG8C2WGEQ5,2026-01-20T23:40:52.855097201Z,false,2026-01-20T23:40:52.855097201Z,,,01KFEWGNQGXXN61WJW1PT8YC04,2026-01-20T23:40:52.855097201Z
01KFEVB8NW9J6J7AN1Q0GD91CZ,01KFEV2BZFDRZBG3Y0249RG1TW,2026-01-20T23:20:27.068027999Z,90,2026-01-20T23:20:27.068027999Z,true,2026-01-20T23:23:04.46629313Z,01KFEV2C0CP35QE41ZMH45J8TZ,2026-01-20T23:20:27.068027999Z,0,2026-01-20T23:20:27.068027999Z,true,2026-01-20T23:23:01.770830828Z,choice,2026-01-20T23:20:27.068027999Z,01KFEVB8G65XGTDB93SACT6HAB,2026-01-20T23:20:27.068027999Z,true,2026-01-20T23:23:01.755989617Z,true,2026-01-20T23:23:01.784886474Z,01KFEVB8NQS3MJDNB6ZN9AH9QZ,2026-01-20T23:20:27.068027999Z
01KFEVGBGF8RRTEG5EE93BMWPW,01KFEV37CWX6SQYA0RPR0C01MW,2026-01-20T23:23:13.807444734Z,30,2026-01-20T23:23:13.807444734Z,true,2026-01-20T23:25:12.4543661Z,01KFEV37DE991T271V0BRDHRJW,2026-01-20T23:23:13.807444734Z,1,2026-01-20T23:23:13.807444734Z,true,2026-01-20T23:24:45.972299853Z,result,2026-01-20T23:23:13.807444734Z,01KFEVGBCR1VRA302JV9XDWJYD,2026-01-20T23:23:13.807444734Z,true,2026-01-20T23:24:45.94632741Z,true,2026-01-20T23:24:45.984784302Z,01KFEVGBGCGAFK757SKYMTDS94,2026-01-20T23:23:13.807444734Z
01KFEVJX1H7Q5H4FBE79TJQV7P,01KFEV38A01XZ4DPRPFKRE96P8,2026-01-20T23:24:37.297264804Z,30,2026-01-20T23:24:37.297264804Z,true,2026-01-20T23:29:48.734982551Z,01KFEV38AJ2CFPYBQZ58NH0V5J,2026-01-20T23:24:37.297264804Z,1,2026-01-20T23:24:37.297264804Z,true,2026-01-20T23:29:46.462169801Z,result,2026-01-20T23:24:37.297264804Z,01KFEVJWSE5ANWJ9JRWVS6CTSK,2026-01-20T23:24:37.297264804Z,true,2026-01-20T23:29:46.429091596Z,true,2026-01-20T23:29:46.489775076Z,01KFEVJX1B0SZ66DFJFA50CAKF,2026-01-20T23:24:37.297264804Z
01KFEVBA02CGBGNWF9YW68G2P0,01KFEV2BZFDRZBG3Y0249RG1TW,2026-01-20T23:20:28.42031968Z,30,2026-01-20T23:20:28.42031968Z,false,2026-01-20T23:20:28.42031968Z,01KFEV2C0BAXD2XBMY5020521J,2026-01-20T23:20:28.42031968Z,1,2026-01-20T23:20:28.42031968Z,,,result,2026-01-20T23:20:28.42031968Z,01KFEVB9TVJER4T93291QEBTYT,2026-01-20T23:20:28.42031968Z,false,2026-01-20T23:20:28.42031968Z,,,01KFEVB9ZYR393M91GQPF0QVGF,2026-01-20T23:20:28.42031968Z
01KFEW0GPRY12053YW4581QGAJ,01KFEV37PBC6DGWCX0HT0QWYJR,2026-01-20T23:32:03.41673311Z,90,2026-01-20T23:32:03.41673311Z,true,2026-01-20T23:34:15.847953613Z,01KFEV37Q0WSYAYKWHM2EXN0DN,2026-01-20T23:32:03.41673311Z,0,2026-01-20T23:32:03.41673311Z,true,2026-01-20T23:34:13.824982491Z,choice,2026-01-20T23:32:03.41673311Z,01KFEW0GAZ5DP9RP3YRAEEZFCY,2026-01-20T23:32:03.41673311Z,true,2026-01-20T23:34:13.727170437Z,true,2026-01-20T23:34:13.856293445Z,01KFEW0GPHQHRGKMKY9SHTSV05,2026-01-20T23:32:03.41673311Z
01KFEW7Q4HSA2X91GBG1VQSX38,01KFEVMNF44NEM58ETFST7KTWM,2026-01-20T23:35:59.377641431Z,90,2026-01-20T23:35:59.377641431Z,false,2026-01-20T23:35:59.377641431Z,01KFEVMNH60E845G0BNN18WWCX,2026-01-20T23:35:59.377641431Z,0,2026-01-20T23:35:59.377641431Z,,,choice,2026-01-20T23:35:59.377641431Z,01KFEW7PRGH9QRFY28576TXY8Z,2026-01-20T23:35:59.377641431Z,false,2026-01-20T23:35:59.377641431Z,,,01KFEW7Q4AN0Y7DM9KG2XR2HHP,2026-01-20T23:35:59.377641431Z
01KFEVF1VPFKB32YV784R2WVY8,01KFEV377XDCWB0CVW0E7ES8WB,2026-01-20T23:22:31.158240001Z,90,2026-01-20T23:22:31.158240001Z,true,2026-01-20T23:23:25.167795006Z,01KFEV378PDZP87HXSESW6BA01,2026-01-20T23:22:31.158240001Z,0,2026-01-20T23:22:31.158240001Z,true,2026-01-20T23:23:22.187199022Z,choice,2026-01-20T23:22:31.158240001Z,01KFEVF1PSMKDKXGX0N31K7DMV,2026-01-20T23:22:31.158240001Z,true,2026-01-20T23:23:22.165348862Z,true,2026-01-20T23:23:22.202378903Z,01KFEVF1VAJ14KGR0PKNJVY9MB,2026-01-20T23:22:31.158240001Z
01KFEVH4GPAGH92EJHTBZQF9R2,01KFEV37PBC6DGWCX0HT0QWYJR,2026-01-20T23:23:39.414326889Z,30,2026-01-20T23:23:39.414326889Z,true,2026-01-20T23:26:27.706246935Z,01KFEV37PYV9HETXX2PC055NBT,2026-01-20T23:23:39.414326889Z,1,2026-01-20T23:23:39.414326889Z,true,2026-01-20T23:26:25.479330759Z,result,2026-01-20T23:23:39.414326889Z,01KFEVH48MPK9TCKTT31EZXW1C,2026-01-20T23:23:39.414326889Z,true,2026-01-20T23:26:25.452785676Z,true,2026-01-20T23:26:25.502855039Z,01KFEVH4GJ8K71DR7EZ2APBBWV,2026-01-20T23:23:39.414326889Z
01KFEW2AEEBMMFDWH69RGZQH20,01KFEV38A01XZ4DPRPFKRE96P8,2026-01-20T23:33:02.542373957Z,30,2026-01-20T23:33:02.542373957Z,true,2026-01-20T23:36:27.00859117Z,01KFEV38AHTHHCNTDGHAJN0GXG,2026-01-20T23:33:02.542373957Z,1,2026-01-20T23:33:02.542373957Z,true,2026-01-20T23:36:23.478018859Z,result,2026-01-20T23:33:02.542373957Z,01KFEW29ZCSX5849CNJP2CPD23,2026-01-20T23:33:02.542373957Z,true,2026-01-20T23:36:23.432492204Z,true,2026-01-20T23:36:23.509531143Z,01KFEW2AE5CNDPM69EV53N1VCP,2026-01-20T23:33:02.542373957Z
01KFEVKCTN1DAYB4XNTS9T9MPC,01KFEV37PBC6DGWCX0HT0QWYJR,2026-01-20T23:24:53.461969437Z,30,2026-01-20T23:24:53.461969437Z,true,2026-01-20T23:27:13.016181804Z,01KFEV37PYV9HETXX2PSGE1RKD,2026-01-20T23:24:53.461969437Z,1,2026-01-20T23:24:53.461969437Z,true,2026-01-20T23:27:07.629261572Z,result,2026-01-20T23:24:53.461969437Z,01KFEVKCNB3JWRWP2DH501FGGW,2026-01-20T23:24:53.461969437Z,true,2026-01-20T23:27:07.59971229Z,true,2026-01-20T23:27:07.65287096Z,01KFEVKCTE99FT73F9Q2TJMBMG,2026-01-20T23:24:53.461969437Z
01KFEVKCZA3KZDZJGT9C939PHP,01KFEV37PBC6DGWCX0HT0QWYJR,2026-01-20T23:24:53.611009874Z,30,2026-01-20T23:24:53.611009874Z,true,2026-01-20T23:28:12.673573766Z,01KFEV37PYV9HETXX2PSGE1RKD,2026-01-20T23:24:53.611009874Z,1,2026-01-20T23:24:53.611009874Z,true,2026-01-20T23:28:06.247654647Z,result,2026-01-20T23:24:53.611009874Z,01KFEVKCMQT7S1XG51JFN48N08,2026-01-20T23:24:53.611009874Z,true,2026-01-20T23:28:06.218283314Z,true,2026-01-20T23:28:06.268360044Z,01KFEVKCZ41V8VSZAM8EXM56TV,2026-01-20T23:24:53.611009874Z
01KFEW1B0AKEW0GPRVJB5RDN7K,01KFEV384BJYC62Y0E6AQK09K8,2026-01-20T23:32:30.346706186Z,90,2026-01-20T23:32:30.346706186Z,true,2026-01-20T23:34:06.435797402Z,01KFEV385166A8JYCZ9G4DMHRQ,2026-01-20T23:32:30.346706186Z,0,2026-01-20T23:32:30.346706186Z,true,2026-01-20T23:34:04.270575099Z,choice,2026-01-20T23:32:30.346706186Z,01KFEW1AJFE0V8F0RV3DYC5PKP,2026-01-20T23:32:30.346706186Z,true,2026-01-20T23:34:04.239210383Z,true,2026-01-20T23:34:04.300694172Z,01KFEW1B035R1T2W7YM8T0806P,2026-01-20T23:32:30.346706186Z
01KFEVCJRQRSRX04K0AZ7XA6BG,01KFEV2BZFDRZBG3Y0249RG1TW,2026-01-20T23:21:10.167307785Z,30,2026-01-20T23:21:10.167307785Z,false,2026-01-20T23:21:10.167307785Z,01KFEV2C0EQZAQP8AFWFARX9S3,2026-01-20T23:21:10.167307785Z,1,2026-01-20T23:21:10.167307785Z,,,result,2026-01-20T23:21:10.167307785Z,01KFEVCJJWE4ZW4EQT71JH4S5E,2026-01-20T23:21:10.167307785Z,false,2026-01-20T23:21:10.167307785Z,,,01KFEVCJRKXDRJQ1JC488GVC8T,2026-01-20T23:21:10.167307785Z
01KFEW7PXZCRF8RKQEBQZ40716,01KFEVMNF44NEM58ETFST7KTWM,2026-01-20T23:35:59.167376485Z,90,2026-01-20T23:35:59.167376485Z,false,2026-01-20T23:35:59.167376485Z,01KFEVMNH60E845G0BNN18WWCX,2026-01-20T23:35:59.167376485Z,0,2026-01-20T23:35:59.167376485Z,,,choice,2026-01-20T23:35:59.167376485Z,01KFEW7PQ13DV8WKVQBB84WEWH,2026-01-20T23:35:59.167376485Z,false,2026-01-20T23:35:59.167376485Z,,,01KFEW7PXSMBPW8RCND3M8VSPG,2026-01-20T23:35:59.167376485Z
01KFEVNKAVZD90XJKJ4H5N89EQ,01KFEV38GJVYY8P8B7QXSW6BTE,2026-01-20T23:26:05.659741988Z,30,2026-01-20T23:26:05.659741988Z,false,2026-01-20T23:26:05.659741988Z,01KFEV38H72YHVC8PGTMFH64KV,2026-01-20T23:26:05.659741988Z,1,2026-01-20T23:26:05.659741988Z,,,result,2026-01-20T23:26:05.659741988Z,01KFEVNK2MA2SDS3S0QQQ1EMJZ,2026-01-20T23:26:05.659741988Z,false,2026-01-20T23:26:05.659741988Z,,,01KFEVNKAM6KJSN03G9EFHSQFN,2026-01-20T23:26:05.659741988Z
01KFEW1AMG6S1N8T839MVNA6YJ,01KFEV384BJYC62Y0E6AQK09K8,2026-01-20T23:32:29.968388634Z,90,2026-01-20T23:32:29.968388634Z,true,2026-01-20T23:32:40.514699861Z,01KFEV385166A8JYCZ9G4DMHRQ,2026-01-20T23:32:29.968388634Z,0,2026-01-20T23:32:29.968388634Z,true,2026-01-20T23:32:32.535031228Z,choice,2026-01-20T23:32:29.968388634Z,01KFEW1AGDXB9F3CBJZD9ZH5QQ,2026-01-20T23:32:29.968388634Z,true,2026-01-20T23:32:32.505540044Z,true,2026-01-20T23:32:32.562371878Z,01KFEW1AM916CPKVP8XMVG82RS,2026-01-20T23:32:29.968388634Z
01KFEWB9GZ8CM9P5ZMZFGVHXZ5,01KFEV38GJVYY8P8B7QXSW6BTE,2026-01-20T23:37:56.511636801Z,90,2026-01-20T23:37:56.511636801Z,true,2026-01-20T23:39:44.641756657Z,01KFEV38H8T2V9428VC9T7MEBA,2026-01-20T23:37:56.511636801Z,0,2026-01-20T23:37:56.511636801Z,true,2026-01-20T23:39:40.729845125Z,choice,2026-01-20T23:37:56.511636801Z,01KFEWB95D8TYSSW9F9S79CQD8,2026-01-20T23:37:56.511636801Z,true,2026-01-20T23:39:40.68060744Z,true,2026-01-20T23:39:40.760710954Z,01KFEWB9GPPNEHR0SFCKKB3YBJ,2026-01-20T23:37:56.511636801Z
01KFEWE9CB4C06WAEN7MTDV3PT,01KFEVMN9Q125N5N16W4WNYJXF,2026-01-20T23:39:34.667062385Z,30,2026-01-20T23:39:34.667062385Z,true,2026-01-20T23:41:44.989397957Z,01KFEVMNAWK7WRWM1AMQZKX6SA,2026-01-20T23:39:34.667062385Z,1,2026-01-20T23:39:34.667062385Z,true,2026-01-20T23:41:43.838359338Z,result,2026-01-20T23:39:34.667062385Z,01KFEWE8W4Q7HBT12QMD8NKR4R,2026-01-20T23:39:34.667062385Z,true,2026-01-20T23:41:43.78055418Z,true,2026-01-20T23:41:43.876451994Z,01KFEWE9BY7Z0TGMYWWAYK0M9Z,2026-01-20T23:39:34.667062385Z
01KFEVEHMA6F4A389KMKCY7HYJ,01KFEV377XDCWB0CVW0E7ES8WB,2026-01-20T23:22:14.538894879Z,30,2026-01-20T23:22:14.538894879Z,true,2026-01-20T23:24:10.691553373Z,01KFEV378H0PY96RNMJFNCN7TE,2026-01-20T23:22:14.538894879Z,1,2026-01-20T23:22:14.538894879Z,true,2026-01-20T23:23:58.181038683Z,result,2026-01-20T23:22:14.538894879Z,01KFEVEHGWD05V25JN0JRD6NS4,2026-01-20T23:22:14.538894879Z,true,2026-01-20T23:23:58.159404841Z,true,2026-01-20T23:23:58.193876623Z,01KFEVEHM66NFAFCS9CEDBA97J,2026-01-20T23:22:14.538894879Z
01KFEVH4HKTYC0MVRWZ827AKQ7,01KFEV37PBC6DGWCX0HT0QWYJR,2026-01-20T23:23:39.443546633Z,30,2026-01-20T23:23:39.443546633Z,true,2026-01-20T23:26:40.150964388Z,01KFEV37PYV9HETXX2PC055NBT,2026-01-20T23:23:39.443546633Z,1,2026-01-20T23:23:39.443546633Z,true,2026-01-20T23:26:29.748969197Z,result,2026-01-20T23:23:39.443546633Z,01KFEVH48PJZWE6P0HTZWV1EYQ,2026-01-20T23:23:39.443546633Z,true,2026-01-20T23:26:29.712291742Z,true,2026-01-20T23:26:29.77586431Z,01KFEVH4HEDEF4S38TTMPJQBZM,2026-01-20T23:23:39.443546633Z
01KFEVHAWAYP1J590Q9B24ATPH,01KFEV384BJYC62Y0E6AQK09K8,2026-01-20T23:23:45.930743598Z,90,2026-01-20T23:23:45.930743598Z,true,2026-01-20T23:25:22.293992406Z,01KFEV384Y33BFECW27AH8GSGD,2026-01-20T23:23:45.930743598Z,0,2026-01-20T23:23:45.930743598Z,true,2026-01-20T23:25:18.134750876Z,choice,2026-01-20T23:23:45.930743598Z,01KFEVHAPNHDSTG2VZVHXASK93,2026-01-20T23:23:45.930743598Z,true,2026-01-20T23:25:18.115836056Z,true,2026-01-20T23:25:18.148810114Z,01KFEVHAW66XPSMVRCN0XDDZXX,2026-01-20T23:23:45.930743598Z
01KFEVGBKWGQVNQVF4SFDG2B0R,01KFEV37CWX6SQYA0RPR0C01MW,2026-01-20T23:23:13.916790016Z,30,2026-01-20T23:23:13.916790016Z,true,2026-01-20T23:26:07.518985893Z,01KFEV37DE991T271V0BRDHRJW,2026-01-20T23:23:13.916790016Z,1,2026-01-20T23:23:13.916790016Z,true,2026-01-20T23:26:04.855199057Z,result,2026-01-20T23:23:13.916790016Z,01KFEVGBDCBHSEAWFBWHYTDW7K,2026-01-20T23:23:13.916790016Z,true,2026-01-20T23:26:04.831444476Z,true,2026-01-20T23:26:04.869988545Z,01KFEVGBKR0QWKHZ3935289KNT,2026-01-20T23:23:13.916790016Z
01KFEVHAYVBAAYJXMRK6DAN2AY,01KFEV384BJYC62Y0E6AQK09K8,2026-01-20T23:23:46.011909914Z,30,2026-01-20T23:23:46.011909914Z,true,2026-01-20T23:26:54.23328975Z,01KFEV384Y33BFECW27AH8GSGD,2026-01-20T23:23:46.011909914Z,1,2026-01-20T23:23:46.011909914Z,true,2026-01-20T23:26:44.919585395Z,result,2026-01-20T23:23:46.011909914Z,01KFEVHAQ1PGV31TD9W36P3MQD,2026-01-20T23:23:46.011909914Z,true,2026-01-20T23:26:44.888594613Z,true,2026-01-20T23:26:44.938210483Z,01KFEVHAYRKNA0FKME3J0QRQ80,2026-01-20T23:23:46.011909914Z
01KFEVGBDX6JSF318JYZM3WSNJ,01KFEV37CWX6SQYA0RPR0C01MW,2026-01-20T23:23:13.725129295Z,90,2026-01-20T23:23:13.725129295Z,true,2026-01-20T23:23:24.775428084Z,01KFEV37DE991T271V0BRDHRJW,2026-01-20T23:23:13.725129295Z,0,2026-01-20T23:23:13.725129295Z,true,2026-01-20T23:23:14.481836195Z,choice,2026-01-20T23:23:13.725129295Z,01KFEVGBD2NH617BTMHE3APVY0,2026-01-20T23:23:13.725129295Z,true,2026-01-20T23:23:14.341676009Z,true,2026-01-20T23:23:14.495483496Z,01KFEVGBDRGHXRH6JYB9PTA7X8,2026-01-20T23:23:13.725129295Z
01KFEW2KMGYFDVSKENZM1V7YSW,01KFEV38GJVYY8P8B7QXSW6BTE,2026-01-20T23:33:11.952142948Z,30,2026-01-20T23:33:11.952142948Z,true,2026-01-20T23:36:13.102196184Z,01KFEV38H48T18ZRM15RETR33C,2026-01-20T23:33:11.952142948Z,1,2026-01-20T23:33:11.952142948Z,true,2026-01-20T23:36:12.201350928Z,result,2026-01-20T23:33:11.952142948Z,01KFEW2K5YK8ZH9TZ42EQVRP4J,2026-01-20T23:33:11.952142948Z,true,2026-01-20T23:36:12.158238758Z,true,2026-01-20T23:36:12.230847544Z,01KFEW2KM344HYF0RT9FAEZ77T,2026-01-20T23:33:11.952142948Z
01KFEWKBCXP5HZ1G6PQRHWSHRK,01KFEV38A01XZ4DPRPFKRE96P8,2026-01-20T23:42:20.573584853Z,90,2026-01-20T23:42:20.573584853Z,false,2026-01-20T23:42:20.573584853Z,01KFEV38AGG0Y2K5R4FB90SKZX,2026-01-20T23:42:20.573584853Z,0,2026-01-20T23:42:20.573584853Z,,,choice,2026-01-20T23:42:20.573584853Z,01KFEWKAQPR609FXX0GWAGNMAF,2026-01-20T23:42:20.573584853Z,false,2026-01-20T23:42:20.573584853Z,,,01KFEWKBCPHG5YQ9JT5BBVF336,2026-01-20T23:42:20.573584853Z
01KFEVEHJFPC4G0JJ33FHCGSZG,01KFEV377XDCWB0CVW0E7ES8WB,2026-01-20T23:22:14.481265544Z,30,2026-01-20T23:22:14.481265544Z,true,2026-01-20T23:23:35.223527968Z,01KFEV378H0PY96RNMJFNCN7TE,2026-01-20T23:22:14.481265544Z,1,2026-01-20T23:22:14.481265544Z,true,2026-01-20T23:23:31.446211348Z,result,2026-01-20T23:22:14.481265544Z,01KFEVEHGJP52P6AE23TDFFDSM,2026-01-20T23:22:14.481265544Z,true,2026-01-20T23:23:31.423169705Z,true,2026-01-20T23:23:31.462351865Z,01KFEVEHJB173W02P0TWJZFBV1,2026-01-20T23:22:14.481265544Z
01KFEVS32TPCKY3QJTQBXFPB34,01KFEV37PBC6DGWCX0HT0QWYJR,2026-01-20T23:28:00.090586658Z,30,2026-01-20T23:28:00.090586658Z,true,2026-01-20T23:28:56.617257941Z,01KFEV37PV76WD06T50QFKE80T,2026-01-20T23:28:00.090586658Z,1,2026-01-20T23:28:00.090586658Z,true,2026-01-20T23:28:49.050687609Z,result,2026-01-20T23:28:00.090586658Z,01KFEVS2ZJ94QWAPA619X1ZPB5,2026-01-20T23:28:00.090586658Z,true,2026-01-20T23:28:49.019871067Z,true,2026-01-20T23:28:49.07143836Z,01KFEVS32GVR8Q0RNPPY9WD4YD,2026-01-20T23:28:00.090586658Z
01KFEW3W3KHX2CJFRATHW62KJR,01KFEVMN9Q125N5N16W4WNYJXF,2026-01-20T23:33:53.395042964Z,30,2026-01-20T23:33:53.395042964Z,true,2026-01-20T23:35:56.1285493Z,01KFEVMNBC23RB4D79KEQ4G0VS,2026-01-20T23:33:53.395042964Z,1,2026-01-20T23:33:53.395042964Z,true,2026-01-20T23:35:53.625784462Z,result,2026-01-20T23:33:53.395042964Z,01KFEW3VMQYCSWHG0ZVBJSS31E,2026-01-20T23:33:53.395042964Z,true,2026-01-20T23:35:53.578650581Z,true,2026-01-20T23:35:53.659551865Z,01KFEW3W34JB3CFZVS0HDF8018,2026-01-20T23:33:53.395042964Z
01KFEWKB4VEQJ43PD891AK8EQ7,01KFEV38A01XZ4DPRPFKRE96P8,2026-01-20T23:42:20.315238136Z,90,2026-01-20T23:42:20.315238136Z,false,2026-01-20T23:42:20.315238136Z,01KFEV38AGG0Y2K5R4FB90SKZX,2026-01-20T23:42:20.315238136Z,0,2026-01-20T23:42:20.315238136Z,,,choice,2026-01-20T23:42:20.315238136Z,01KFEWKAPHPS6GG6Z279DRZ3KT,2026-01-20T23:42:20.315238136Z,false,2026-01-20T23:42:20.315238136Z,,,01KFEWKB4H20PTC45SPA9EVNH2,2026-01-20T23:42:20.315238136Z
01KFEVH4CXNE1SQBDHS5AB7SPT,01KFEV37PBC6DGWCX0HT0QWYJR,2026-01-20T23:23:39.293597972Z,90,2026-01-20T23:23:39.293597972Z,true,2026-01-20T23:25:40.588462579Z,01KFEV37PYV9HETXX2PC055NBT,2026-01-20T23:23:39.293597972Z,0,2026-01-20T23:23:39.293597972Z,true,2026-01-20T23:25:34.837652644Z,choice,2026-01-20T23:23:39.293597972Z,01KFEVH488H19CAYEAMXF8JTYZ,2026-01-20T23:23:39.293597972Z,true,2026-01-20T23:25:34.818509452Z,true,2026-01-20T23:25:34.856459362Z,01KFEVH4CQG53G4CDG2YWYW3Z5,2026-01-20T23:23:39.293597972Z
01KFEW1AP1VRMDQ8T503S2S52G,01KFEV384BJYC62Y0E6AQK09K8,2026-01-20T23:32:30.017875669Z,30,2026-01-20T23:32:30.017875669Z,true,2026-01-20T23:33:15.111746749Z,01KFEV385166A8JYCZ9G4DMHRQ,2026-01-20T23:32:30.017875669Z,1,2026-01-20T23:32:30.017875669Z,true,2026-01-20T23:33:09.635133079Z,result,2026-01-20T23:32:30.017875669Z,01KFEW1AGWTEZX6BMYHVQ8HP0D,2026-01-20T23:32:30.017875669Z,true,2026-01-20T23:33:09.589860715Z,true,2026-01-20T23:33:09.65380577Z,01KFEW1ANNBQTQF5150K6DM4G7,2026-01-20T23:32:30.017875669Z
01KFEW2AGSW5FTYC9YX2ZT7BHY,01KFEV38A01XZ4DPRPFKRE96P8,2026-01-20T23:33:02.617757126Z,30,2026-01-20T23:33:02.617757126Z,true,2026-01-20T23:36:38.811765991Z,01KFEV38AHTHHCNTDGHAJN0GXG,2026-01-20T23:33:02.617757126Z,1,2026-01-20T23:33:02.617757126Z,true,2026-01-20T23:36:35.277498451Z,result,2026-01-20T23:33:02.617757126Z,01KFEW2A07M1KE0DCW06NBRFTM,2026-01-20T23:33:02.617757126Z,true,2026-01-20T23:36:35.223089878Z,true,2026-01-20T23:36:35.304492655Z,01KFEW2AGDBKJ42CVFTCCVCB5A,2026-01-20T23:33:02.617757126Z
01KFEWGNH4FG9PQ3VP4BXRXFQ8,01KFEVMNNQTH6Q6DMJG65NFGVF,2026-01-20T23:40:52.644257996Z,90,2026-01-20T23:40:52.644257996Z,false,2026-01-20T23:40:52.644257996Z,01KFEVMNQ7WSYMPADRKJJ7K0T0,2026-01-20T23:40:52.644257996Z,0,2026-01-20T23:40:52.644257996Z,,,choice,2026-01-20T23:40:52.644257996Z,01KFEWGNBJGQT5SKTN1VE3DZ24,2026-01-20T23:40:52.644257996Z,false,2026-01-20T23:40:52.644257996Z,,,01KFEWGNGYXX52N55JMP3Q7AGX,2026-01-20T23:40:52.644257996Z
01KFEVEHMRENNE4GV4BA2Y9FX8,01KFEV377XDCWB0CVW0E7ES8WB,2026-01-20T23:22:14.552663422Z,90,2026-01-20T23:22:14.552663422Z,true,2026-01-20T23:24:15.675755641Z,01KFEV378H0PY96RNMJFNCN7TE,2026-01-20T23:22:14.552663422Z,0,2026-01-20T23:22:14.552663422Z,true,2026-01-20T23:24:10.77620414Z,choice,2026-01-20T23:22:14.552663422Z,01KFEVEHGVFGMMBCQD0VZCXWY0,2026-01-20T23:22:14.552663422Z,true,2026-01-20T23:24:10.754708479Z,true,2026-01-20T23:24:10.793969508Z,01KFEVEHMKKPQ14T2Z2N471D17,2026-01-20T23:22:14.552663422Z
01KFEVRWZXG059ES616C24TM5W,01KFEV37CWX6SQYA0RPR0C01MW,2026-01-20T23:27:53.85369911Z,90,2026-01-20T23:27:53.85369911Z,true,2026-01-20T23:29:04.034852511Z,01KFEV37DAAK9E08F076WKMM6J,2026-01-20T23:27:53.85369911Z,0,2026-01-20T23:27:53.85369911Z,true,2026-01-20T23:28:57.670816827Z,choice,2026-01-20T23:27:53.85369911Z,01KFEVRWRV4PBTM59RGPB1MPCT,2026-01-20T23:27:53.85369911Z,true,2026-01-20T23:28:57.644888629Z,true,2026-01-20T23:28:57.691372884Z,01KFEVRWZQNDKRBMESTFTZQFZ4,2026-01-20T23:27:53.85369911Z
01KFEW9NNDHK2DWCRNYCJSRE0C,01KFEV384BJYC62Y0E6AQK09K8,2026-01-20T23:37:03.405793281Z,90,2026-01-20T23:37:03.405793281Z,true,2026-01-20T23:38:11.51840654Z,01KFEV384Z68A1Z7ZGWS1GDSZK,2026-01-20T23:37:03.405793281Z,0,2026-01-20T23:37:03.405793281Z,true,2026-01-20T23:38:03.363616986Z,choice,2026-01-20T23:37:03.405793281Z,01KFEW9NEA3084E68Q79YRZ37E,2026-01-20T23:37:03.405793281Z,true,2026-01-20T23:38:03.308855971Z,true,2026-01-20T23:38:03.396397042Z,01KFEW9NN598YG1NJZAFXB87DR,2026-01-20T23:37:03.405793281Z
01KFEW2A511YZVW8QW05GGCNRX,01KFEV38A01XZ4DPRPFKRE96P8,2026-01-20T23:33:02.241895455Z,30,2026-01-20T23:33:02.241895455Z,true,2026-01-20T23:35:02.459479894Z,01KFEV38AHTHHCNTDGHAJN0GXG,2026-01-20T23:33:02.241895455Z,1,2026-01-20T23:33:02.241895455Z,true,2026-01-20T23:34:32.432359934Z,result,2026-01-20T23:33:02.241895455Z,01KFEW29XZMZF1P4K1A2ZTGRQ6,2026-01-20T23:33:02.241895455Z,true,2026-01-20T23:34:32.396739399Z,true,2026-01-20T23:34:32.456912671Z,01KFEW2A4S194SWS4THY6JC1RV,2026-01-20T23:33:02.241895455Z
01KFEW2A65N28PE3TWT63ZJ8X2,01KFEV38A01XZ4DPRPFKRE96P8,2026-01-20T23:33:02.277591295Z,30,2026-01-20T23:33:02.277591295Z,true,2026-01-20T23:35:21.288341143Z,01KFEV38AHTHHCNTDGHAJN0GXG,2026-01-20T23:33:02.277591295Z,1,2026-01-20T23:33:02.277591295Z,true,2026-01-20T23:35:07.708258881Z,result,2026-01-20T23:33:02.277591295Z,01KFEW29Y7967CG3CKQRR67MXP,2026-01-20T23:33:02.277591295Z,true,2026-01-20T23:35:07.667298427Z,true,2026-01-20T23:35:07.734224201Z,01KFEW2A5T0AW6NPJGZQKWSP51,2026-01-20T23:33:02.277591295Z
01KFEWB9M3372XB42WNCED5Z2M,01KFEV38GJVYY8P8B7QXSW6BTE,2026-01-20T23:37:56.611493292Z,30,2026-01-20T23:37:56.611493292Z,true,2026-01-20T23:40:03.300390418Z,01KFEV38H8T2V9428VC9T7MEBA,2026-01-20T23:37:56.611493292Z,1,2026-01-20T23:37:56.611493292Z,true,2026-01-20T23:39:54.906021338Z,result,2026-01-20T23:37:56.611493292Z,01KFEWB95XX5RBFNFE0SQ6DS8R,2026-01-20T23:37:56.611493292Z,true,2026-01-20T23:39:54.863019518Z,true,2026-01-20T23:39:54.941566773Z,01KFEWB9KN0RACB4JF4B5GH07Q,2026-01-20T23:37:56.611493292Z
01KFEVB9ZHTVXDD3N7P8T7A3CH,01KFEV2BZFDRZBG3Y0249RG1TW,2026-01-20T23:20:28.401683072Z,30,2026-01-20T23:20:28.401683072Z,false,2026-01-20T23:20:28.401683072Z,01KFEV2C0BAXD2XBMY5020521J,2026-01-20T23:20:28.401683072Z,1,2026-01-20T23:20:28.401683072Z,,,result,2026-01-20T23:20:28.401683072Z,01KFEVB9TW3HTWQXXRATF1QFV4,2026-01-20T23:20:28.401683072Z,false,2026-01-20T23:20:28.401683072Z,,,01KFEVB9ZEFYT500WQD88RGENC,2026-01-20T23:20:28.401683072Z
01KFEVBA0TCN461MY71JPP0SD5,01KFEV2BZFDRZBG3Y0249RG1TW,2026-01-20T23:20:28.44269029Z,30,2026-01-20T23:20:28.44269029Z,false,2026-01-20T23:20:28.44269029Z,01KFEV2C0BAXD2XBMY5020521J,2026-01-20T23:20:28.44269029Z,1,2026-01-20T23:20:28.44269029Z,,,result,2026-01-20T23:20:28.44269029Z,01KFEVB9TVJER4T9328J66NZ4Z,2026-01-20T23:20:28.44269029Z,false,2026-01-20T23:20:28.44269029Z,,,01KFEVBA0NPFY3XQ1WB7DFTE4Q,2026-01-20T23:20:28.44269029Z
01KFEVF1ZEVZTQHJD83AFE7D7P,01KFEV377XDCWB0CVW0E7ES8WB,2026-01-20T23:22:31.278706844Z,30,2026-01-20T23:22:31.278706844Z,true,2026-01-20T23:25:12.737806808Z,01KFEV378PDZP87HXSESW6BA01,2026-01-20T23:22:31.278706844Z,1,2026-01-20T23:22:31.278706844Z,true,2026-01-20T23:25:01.636514743Z,result,2026-01-20T23:22:31.278706844Z,01KFEVF1R05NN8B18DGSYQ0EAN,2026-01-20T23:22:31.278706844Z,true,2026-01-20T23:25:01.616656196Z,true,2026-01-20T23:25:01.652515443Z,01KFEVF1Z91TH31TEYHFKEF5AH,2026-01-20T23:22:31.278706844Z
01KFEVCJVNTX01SF65Z15SMCRZ,01KFEV2BZFDRZBG3Y0249RG1TW,2026-01-20T23:21:10.261972758Z,90,2026-01-20T23:21:10.261972758Z,false,2026-01-20T23:21:10.261972758Z,01KFEV2C0EQZAQP8AFWFARX9S3,2026-01-20T23:21:10.261972758Z,0,2026-01-20T23:21:10.261972758Z,,,choice,2026-01-20T23:21:10.261972758Z,01KFEVCJJER2V81W8CFQ0Y05V3,2026-01-20T23:21:10.261972758Z,false,2026-01-20T23:21:10.261972758Z,,,01KFEVCJV978QC67KAYF8VM0CV,2026-01-20T23:21:10.261972758Z
01KFEVEHK3G9263F8HFAPF6V02,01KFEV377XDCWB0CVW0E7ES8WB,2026-01-20T23:22:14.499954272Z,30,2026-01-20T23:22:14.499954272Z,true,2026-01-20T23:23:45.603998097Z,01KFEV378H0PY96RNMJFNCN7TE,2026-01-20T23:22:14.499954272Z,1,2026-01-20T23:22:14.499954272Z,true,2026-01-20T23:23:40.409791259Z,result,2026-01-20T23:22:14.499954272Z,01KFEVEHGCG7SCGVN0B81NQ5CF,2026-01-20T23:22:14.499954272Z,true,2026-01-20T23:23:40.383788048Z,true,2026-01-20T23:23:40.426673165Z,01KFEVEHJZ742H4BWGHW25HW8R,2026-01-20T23:22:14.499954272Z
01KFEVCJTWQ1D5W10BM67NK4V0,01KFEV2BZFDRZBG3Y0249RG1TW,2026-01-20T23:21:10.236605887Z,30,2026-01-20T23:21:10.236605887Z,false,2026-01-20T23:21:10.236605887Z,01KFEV2C0EQZAQP8AFWFARX9S3,2026-01-20T23:21:10.236605887Z,1,2026-01-20T23:21:10.236605887Z,,,result,2026-01-20T23:21:10.236605887Z,01KFEVCJJFMJ8HDKCSRWSXRPN2,2026-01-20T23:21:10.236605887Z,false,2026-01-20T23:21:10.236605887Z,,,01KFEVCJTRYKVXDV1D1QS2SXEV,2026-01-20T23:21:10.236605887Z
01KFEVHAY5057QSB83XPKDH4N8,01KFEV384BJYC62Y0E6AQK09K8,2026-01-20T23:23:45.990020344Z,90,2026-01-20T23:23:45.990020344Z,true,2026-01-20T23:26:39.315501765Z,01KFEV384Y33BFECW27AH8GSGD,2026-01-20T23:23:45.990020344Z,0,2026-01-20T23:23:45.990020344Z,true,2026-01-20T23:26:35.053993917Z,choice,2026-01-20T23:23:45.990020344Z,01KFEVHAPW1MNGRGTGSBYGR38E,2026-01-20T23:23:45.990020344Z,true,2026-01-20T23:26:35.029182988Z,true,2026-01-20T23:26:35.076795652Z,01KFEVHAY1E463G0PWG5K5N9WB,2026-01-20T23:23:45.990020344Z
01KFEVRWVKRS4HJPPD5RWRY1N4,01KFEV37CWX6SQYA0RPR0C01MW,2026-01-20T23:27:53.715225192Z,30,2026-01-20T23:27:53.715225192Z,true,2026-01-20T23:28:17.992478265Z,01KFEV37DAAK9E08F076WKMM6J,2026-01-20T23:27:53.715225192Z,1,2026-01-20T23:27:53.715225192Z,true,2026-01-20T23:28:03.367926776Z,result,2026-01-20T23:27:53.715225192Z,01KFEVRWQJGCGKK4BEF2VQ5XQC,2026-01-20T23:27:53.715225192Z,true,2026-01-20T23:28:03.336364527Z,true,2026-01-20T23:28:03.393464035Z,01KFEVRWVAB6062EBQ1S8219CS,2026-01-20T23:27:53.715225192Z
01KFEVB9XTJPW1QF7WANK0EXPF,01KFEV2BZFDRZBG3Y0249RG1TW,2026-01-20T23:20:28.34608006Z,90,2026-01-20T23:20:28.34608006Z,false,2026-01-20T23:20:28.34608006Z,01KFEV2C0BAXD2XBMY5020521J,2026-01-20T23:20:28.34608006Z,0,2026-01-20T23:20:28.34608006Z,,,choice,2026-01-20T23:20:28.34608006Z,01KFEVB9TZ7EGFWG06SWT6YJR7,2026-01-20T23:20:28.34608006Z,false,2026-01-20T23:20:28.34608006Z,,,01KFEVB9XMQM74X8H5SBGEBMBS,2026-01-20T23:20:28.34608006Z
01KFEVH4GMAWAN9WWEV425MQ8M,01KFEV37PBC6DGWCX0HT0QWYJR,2026-01-20T23:23:39.412750905Z,90,2026-01-20T23:23:39.412750905Z,true,2026-01-20T23:26:25.431237329Z,01KFEV37PYV9HETXX2PC055NBT,2026-01-20T23:23:39.412750905Z,0,2026-01-20T23:23:39.412750905Z,true,2026-01-20T23:26:22.9959002Z,choice,2026-01-20T23:23:39.412750905Z,01KFEVH48MPK9TCKTT31EZXW1C,2026-01-20T23:23:39.412750905Z,true,2026-01-20T23:26:22.958089247Z,true,2026-01-20T23:26:23.024589286Z,01KFEVH4GH3BFM5DZBQERSHTQM,2026-01-20T23:23:39.412750905Z
01KFEVKCP6FWS33AMEVP1YCKSR,01KFEV37PBC6DGWCX0HT0QWYJR,2026-01-20T23:24:53.318593816Z,30,2026-01-20T23:24:53.318593816Z,true,2026-01-20T23:25:39.498184326Z,01KFEV37PYV9HETXX2PSGE1RKD,2026-01-20T23:24:53.318593816Z,1,2026-01-20T23:24:53.318593816Z,true,2026-01-20T23:25:09.48352987Z,result,2026-01-20T23:24:53.318593816Z,01KFEVKCM3HZV4EBCX9XQX5ZQ4,2026-01-20T23:24:53.318593816Z,true,2026-01-20T23:25:09.453717405Z,true,2026-01-20T23:25:09.498012602Z,01KFEVKCP0W026355CZS0WSS6N,2026-01-20T23:24:53.318593816Z
01KFEWE936G8W16QHTGAJWN9Q5,01KFEVMN9Q125N5N16W4WNYJXF,2026-01-20T23:39:34.374477456Z,90,2026-01-20T23:39:34.374477456Z,true,2026-01-20T23:41:04.721910422Z,01KFEVMNAWK7WRWM1AMQZKX6SA,2026-01-20T23:39:34.374477456Z,0,2026-01-20T23:39:34.374477456Z,true,2026-01-20T23:41:03.168879183Z,choice,2026-01-20T23:39:34.374477456Z,01KFEWE8TE0NG0P1M4CW86GTJZ,2026-01-20T23:39:34.374477456Z,true,2026-01-20T23:41:03.12343531Z,true,2026-01-20T23:41:03.201440278Z,01KFEWE92YZFGQSGH3AF9BW7Q9,2026-01-20T23:39:34.374477456Z
01KFEWF0FP9F4W4AKS1MGJTD4B,01KFEVMNF44NEM58ETFST7KTWM,2026-01-20T23:39:58.326321129Z,30,2026-01-20T23:39:58.326321129Z,true,2026-01-20T23:42:50.067395676Z,01KFEVMNHFNDCGHX9QBBFN387E,2026-01-20T23:39:58.326321129Z,1,2026-01-20T23:39:58.326321129Z,true,2026-01-20T23:42:46.41527322Z,result,2026-01-20T23:39:58.326321129Z,01KFEWEZYP42AF5N6JACS5HZ97,2026-01-20T23:39:58.326321129Z,true,2026-01-20T23:42:46.369620406Z,true,2026-01-20T23:42:46.449289351Z,01KFEWF0F8Q99GH6CGDEVV6WNW,2026-01-20T23:39:58.326321129Z
01KFEVH4FKAY2RNTNZQP7G1JG6,01KFEV37PBC6DGWCX0HT0QWYJR,2026-01-20T23:23:39.380002815Z,90,2026-01-20T23:23:39.380002815Z,true,2026-01-20T23:26:14.354341732Z,01KFEV37PYV9HETXX2PC055NBT,2026-01-20T23:23:39.380002815Z,0,2026-01-20T23:23:39.380002815Z,true,2026-01-20T23:26:12.027192582Z,choice,2026-01-20T23:23:39.380002815Z,01KFEVH47YHEBY0NMN1SDFTFF1,2026-01-20T23:23:39.380002815Z,true,2026-01-20T23:26:12.004283236Z,true,2026-01-20T23:26:12.04652933Z,01KFEVH4FFFBACD505XKBD0PXY,2026-01-20T23:23:39.380002815Z
01KFEVNK7N8C36EHTYJZ8VBCEP,01KFEV38GJVYY8P8B7QXSW6BTE,2026-01-20T23:26:05.55716872Z,30,2026-01-20T23:26:05.55716872Z,false,2026-01-20T23:26:05.55716872Z,01KFEV38H72YHVC8PGTMFH64KV,2026-01-20T23:26:05.55716872Z,1,2026-01-20T23:26:05.55716872Z,,,result,2026-01-20T23:26:05.55716872Z,01KFEVNK22QHPEAXG14E6R68Y7,2026-01-20T23:26:05.55716872Z,false,2026-01-20T23:26:05.55716872Z,,,01KFEVNK7BHEV3NM31Y02E865W,2026-01-20T23:26:05.55716872Z
01KFEVS3D5YVT85ZQMRM7P2J4N,01KFEV37PBC6DGWCX0HT0QWYJR,2026-01-20T23:28:00.421573836Z,90,2026-01-20T23:28:00.421573836Z,false,2026-01-20T23:28:00.421573836Z,01KFEV37PV76WD06T50QFKE80T,2026-01-20T23:28:00.421573836Z,0,2026-01-20T23:28:00.421573836Z,,,choice,2026-01-20T23:28:00.421573836Z,01KFEVS30PRA606QWJF19RYJ80,2026-01-20T23:28:00.421573836Z,false,2026-01-20T23:28:00.421573836Z,,,01KFEVS3CZ844MV6VQSJ82NF6T,2026-01-20T23:28:00.421573836Z
01KFEW2KH5ACG25DE77CVJSVNG,01KFEV38GJVYY8P8B7QXSW6BTE,2026-01-20T23:33:11.845287699Z,30,2026-01-20T23:33:11.845287699Z,true,2026-01-20T23:36:03.219984306Z,01KFEV38H48T18ZRM15RETR33C,2026-01-20T23:33:11.845287699Z,1,2026-01-20T23:33:11.845287699Z,true,2026-01-20T23:35:50.441156808Z,result,2026-01-20T23:33:11.845287699Z,01KFEW2K6PK2TX8PWJC4BQBRD3,2026-01-20T23:33:11.845287699Z,true,2026-01-20T23:35:50.403538537Z,true,2026-01-20T23:35:50.470339062Z,01KFEW2KGW5HWBJMKEZ87FRHAP,2026-01-20T23:33:11.845287699Z
01KFEW7Q5YFG84DVE6JGRXSZA7,01KFEVMNF44NEM58ETFST7KTWM,2026-01-20T23:35:59.422120896Z,30,2026-01-20T23:35:59.422120896Z,false,2026-01-20T23:35:59.422120896Z,01KFEVMNH60E845G0BNN18WWCX,2026-01-20T23:35:59.422120896Z,1,2026-01-20T23:35:59.422120896Z,,,result,2026-01-20T23:35:59.422120896Z,01KFEW7PRRA7T7ZE77Q1HMD8XY,2026-01-20T23:35:59.422120896Z,false,2026-01-20T23:35:59.422120896Z,,,01KFEW7Q5MHADP8R0WHCVKP55V,2026-01-20T23:35:59.422120896Z
01KFEV999RXK2S5ND30A2E79T1,01KFEV2BZFDRZBG3Y0249RG1TW,2026-01-20T23:19:22.168944295Z,90,2026-01-20T23:19:22.168944295Z,true,2026-01-20T23:20:34.05166003Z,01KFEV2C08ND9C9BYW8N2T146P,2026-01-20T23:19:22.168944295Z,0,2026-01-20T23:19:22.168944295Z,true,2026-01-20T23:20:32.620255149Z,choice,2026-01-20T23:19:22.168944295Z,01KFEV992G0QHTRMA6CN52MSYK,2026-01-20T23:19:22.168944295Z,true,2026-01-20T23:20:32.608452329Z,true,2026-01-20T23:20:32.639808643Z,01KFEV999HDPNMSD9A0BZKVD7T,2026-01-20T23:19:22.168944295Z
01KFEVEHSYJSG59RZD5TWZZFQK,01KFEV377XDCWB0CVW0E7ES8WB,2026-01-20T23:22:14.718989392Z,30,2026-01-20T23:22:14.718989392Z,true,2026-01-20T23:25:34.870957663Z,01KFEV378H0PY96RNMJFNCN7TE,2026-01-20T23:22:14.718989392Z,1,2026-01-20T23:22:14.718989392Z,true,2026-01-20T23:25:26.01134098Z,result,2026-01-20T23:22:14.718989392Z,01KFEVEHGG1SXX423P9GYCADRZ,2026-01-20T23:22:14.718989392Z,true,2026-01-20T23:25:25.984240683Z,true,2026-01-20T23:25:26.028756535Z,01KFEVEHST06PQV1JP2H6W822C,2026-01-20T23:22:14.718989392Z
01KFEVF20NN85ST0RMCN2T1850,01KFEV377XDCWB0CVW0E7ES8WB,2026-01-20T23:22:31.318605286Z,30,2026-01-20T23:22:31.318605286Z,true,2026-01-20T23:25:28.977011077Z,01KFEV378PDZP87HXSESW6BA01,2026-01-20T23:22:31.318605286Z,1,2026-01-20T23:22:31.318605286Z,true,2026-01-20T23:25:24.1595631Z,result,2026-01-20T23:22:31.318605286Z,01KFEVF1QJJ1AJY0K2X9A8CP10,2026-01-20T23:22:31.318605286Z,true,2026-01-20T23:25:24.129185423Z,true,2026-01-20T23:25:24.175089224Z,01KFEVF20H71DNS892N236ZS8Q,2026-01-20T23:22:31.318605286Z
01KFEVNK889HQF5JM61950XW0Z,01KFEV38GJVYY8P8B7QXSW6BTE,2026-01-20T23:26:05.576704258Z,90,2026-01-20T23:26:05.576704258Z,false,2026-01-20T23:26:05.576704258Z,01KFEV38H72YHVC8PGTMFH64KV,2026-01-20T23:26:05.576704258Z,0,2026-01-20T23:26:05.576704258Z,,,choice,2026-01-20T23:26:05.576704258Z,01KFEVNK251SN7YKJSMSHH5S6J,2026-01-20T23:26:05.576704258Z,false,2026-01-20T23:26:05.576704258Z,,,01KFEVNK84GFPN7V0WBR1BKRP3,2026-01-20T23:26:05.576704258Z
01KFEVJWT28X8KFZNVB869W26W,01KFEV38A01XZ4DPRPFKRE96P8,2026-01-20T23:24:37.05808103Z,90,2026-01-20T23:24:37.05808103Z,true,2026-01-20T23:25:08.056268837Z,01KFEV38AJ2CFPYBQZ58NH0V5J,2026-01-20T23:24:37.05808103Z,0,2026-01-20T23:24:37.05808103Z,true,2026-01-20T23:24:38.008295415Z,choice,2026-01-20T23:24:37.05808103Z,01KFEVJWS4XRB4HTW161W2F47D,2026-01-20T23:24:37.05808103Z,true,2026-01-20T23:24:37.871924177Z,true,2026-01-20T23:24:38.024704608Z,01KFEVJWSXH2H4H1YVXRWRWD4H,2026-01-20T23:24:37.05808103Z
01KFEVJNT0DRY321J8QSBAC9C0,01KFEV377XDCWB0CVW0E7ES8WB,2026-01-20T23:24:29.888549421Z,90,2026-01-20T23:24:29.888549421Z,true,2026-01-20T23:25:05.058036961Z,01KFEV378FNG971PBW7B2SPNC6,2026-01-20T23:24:29.888549421Z,0,2026-01-20T23:24:29.888549421Z,true,2026-01-20T23:24:58.859004267Z,choice,2026-01-20T23:24:29.888549421Z,01KFEVJNQYDHT7QNFWKKE14CQS,2026-01-20T23:24:29.888549421Z,true,2026-01-20T23:24:58.83975833Z,true,2026-01-20T23:24:58.879708525Z,01KFEVJNSVZ4GV95PXRYCF7WTX,2026-01-20T23:24:29.888549421Z
01KFEVJWVDD6V8A5ZZPD91ARXX,01KFEV38A01XZ4DPRPFKRE96P8,2026-01-20T23:24:37.103108789Z,30,2026-01-20T23:24:37.103108789Z,true,2026-01-20T23:26:32.730336238Z,01KFEV38AJ2CFPYBQZ58NH0V5J,2026-01-20T23:24:37.103108789Z,1,2026-01-20T23:24:37.103108789Z,true,2026-01-20T23:26:27.679695139Z,result,2026-01-20T23:24:37.103108789Z,01KFEVJWRBMK18VGXT9RA26R1D,2026-01-20T23:24:37.103108789Z,true,2026-01-20T23:26:27.648325294Z,true,2026-01-20T23:26:27.696278405Z,01KFEVJWV63XNFRDD5G6DAZ33H,2026-01-20T23:24:37.103108789Z
01KFEVS39BSHYG98GP007VETGQ,01KFEV37PBC6DGWCX0HT0QWYJR,2026-01-20T23:28:00.29945966Z,30,2026-01-20T23:28:00.29945966Z,true,2026-01-20T23:29:49.202845156Z,01KFEV37PV76WD06T50QFKE80T,2026-01-20T23:28:00.29945966Z,1,2026-01-20T23:28:00.29945966Z,true,2026-01-20T23:29:44.768252289Z,result,2026-01-20T23:28:00.29945966Z,01KFEVS308RHJ1C53CQEQ6N1KN,2026-01-20T23:28:00.29945966Z,true,2026-01-20T23:29:44.731293151Z,true,2026-01-20T23:29:44.79416512Z,01KFEVS38YFJXWXHYNK66C5J89,2026-01-20T23:28:00.29945966Z
01KFEW9NTYQ33XCYXC9DDEE4DZ,01KFEV384BJYC62Y0E6AQK09K8,2026-01-20T23:37:03.582936299Z,30,2026-01-20T23:37:03.582936299Z,true,2026-01-20T23:39:07.288381144Z,01KFEV384Z68A1Z7ZGWS1GDSZK,2026-01-20T23:37:03.582936299Z,1,2026-01-20T23:37:03.582936299Z,true,2026-01-20T23:38:37.253647617Z,result,2026-01-20T23:37:03.582936299Z,01KFEW9NF9DWA4J0HBQTHH1DYZ,2026-01-20T23:37:03.582936299Z,true,2026-01-20T23:38:37.20743336Z,true,2026-01-20T23:38:37.285808213Z,01KFEW9NTCDWAKG1NGWGT53Y13,2026-01-20T23:37:03.582936299Z
01KFEW9NW41493FV00J453CM7S,01KFEV384BJYC62Y0E6AQK09K8,2026-01-20T23:37:03.620660193Z,90,2026-01-20T23:37:03.620660193Z,true,2026-01-20T23:39:11.02376731Z,01KFEV384Z68A1Z7ZGWS1GDSZK,2026-01-20T23:37:03.620660193Z,0,2026-01-20T23:37:03.620660193Z,true,2026-01-20T23:39:07.473078906Z,choice,2026-01-20T23:37:03.620660193Z,01KFEW9NFJC2J34XYTRA892WKP,2026-01-20T23:37:03.620660193Z,true,2026-01-20T23:39:07.431369677Z,true,2026-01-20T23:39:07.502984815Z,01KFEW9NVTGZJ51NW7BTZBGGHP,2026-01-20T23:37:03.620660193Z
01KFEV998M6CZMY5M031ES74WD,01KFEV2BZFDRZBG3Y0249RG1TW,2026-01-20T23:19:22.132776082Z,30,2026-01-20T23:19:22.132776082Z,true,2026-01-20T23:20:23.565263044Z,01KFEV2C08ND9C9BYW8N2T146P,2026-01-20T23:19:22.132776082Z,1,2026-01-20T23:19:22.132776082Z,true,2026-01-20T23:20:20.458072049Z,result,2026-01-20T23:19:22.132776082Z,01KFEV992EGQ6JEDWT7CNXP7AX,2026-01-20T23:19:22.132776082Z,true,2026-01-20T23:20:20.438359213Z,true,2026-01-20T23:20:20.467885424Z,01KFEV998HFTT91CAPW9W9YF41,2026-01-20T23:19:22.132776082Z
01KFEVB9YE7GNEBZ8YKQBH0KYF,01KFEV2BZFDRZBG3Y0249RG1TW,2026-01-20T23:20:28.367673858Z,30,2026-01-20T23:20:28.367673858Z,false,2026-01-20T23:20:28.367673858Z,01KFEV2C0BAXD2XBMY5020521J,2026-01-20T23:20:28.367673858Z,1,2026-01-20T23:20:28.367673858Z,,,result,2026-01-20T23:20:28.367673858Z,01KFEVB9TYBSXBEEYX10DN3RBE,2026-01-20T23:20:28.367673858Z,false,2026-01-20T23:20:28.367673858Z,,,01KFEVB9Y9AAGGKM2D8T507T87,2026-01-20T23:20:28.367673858Z
01KFEVH4G5GQGPXR0S03YXV2K4,01KFEV37PBC6DGWCX0HT0QWYJR,2026-01-20T23:23:39.39800687Z,30,2026-01-20T23:23:39.39800687Z,true,2026-01-20T23:26:22.866385366Z,01KFEV37PYV9HETXX2PC055NBT,2026-01-20T23:23:39.39800687Z,1,2026-01-20T23:23:39.39800687Z,true,2026-01-20T23:26:20.084216215Z,result,2026-01-20T23:23:39.39800687Z,01KFEVH48J31CNCNY6T435EDBD,2026-01-20T23:23:39.39800687Z,true,2026-01-20T23:26:20.05640094Z,true,2026-01-20T23:26:20.106086259Z,01KFEVH4G2HP2XGQBBWWMFGG0T,2026-01-20T23:23:39.39800687Z
01KFEWKAZBFREKM9A69CVA685Y,01KFEV38A01XZ4DPRPFKRE96P8,2026-01-20T23:42:20.139908663Z,30,2026-01-20T23:42:20.139908663Z,false,2026-01-20T23:42:20.139908663Z,01KFEV38AGG0Y2K5R4FB90SKZX,2026-01-20T23:42:20.139908663Z,1,2026-01-20T23:42:20.139908663Z,,,result,2026-01-20T23:42:20.139908663Z,01KFEWKANGCE7XERA46G8WNP6W,2026-01-20T23:42:20.139908663Z,false,2026-01-20T23:42:20.139908663Z,,,01KFEWKAYS54SQ1ZJ3EF1DX7HX,2026-01-20T23:42:20.139908663Z
01KFEVB9ZGPYWXXGER9VY8PEKQ,01KFEV2BZFDRZBG3Y0249RG1TW,2026-01-20T23:20:28.401010891Z,90,2026-01-20T23:20:28.401010891Z,false,2026-01-20T23:20:28.401010891Z,01KFEV2C0BAXD2XBMY5020521J,2026-01-20T23:20:28.401010891Z,0,2026-01-20T23:20:28.401010891Z,,,choice,2026-01-20T23:20:28.401010891Z,01KFEVB9TW3HTWQXXRATF1QFV4,2026-01-20T23:20:28.401010891Z,false,2026-01-20T23:20:28.401010891Z,,,01KFEVB9ZCKCR6PA4SXN3JA329,2026-01-20T23:20:28.401010891Z
01KFEVEHR6VS1XAFDKBSGXT1HF,01KFEV377XDCWB0CVW0E7ES8WB,2026-01-20T23:22:14.662334147Z,90,2026-01-20T23:22:14.662334147Z,true,2026-01-20T23:25:11.233096973Z,01KFEV378H0PY96RNMJFNCN7TE,2026-01-20T23:22:14.662334147Z,0,2026-01-20T23:22:14.662334147Z,true,2026-01-20T23:25:07.651341206Z,choice,2026-01-20T23:22:14.662334147Z,01KFEVEHGQDBJ2RJG3S3R11MY8,2026-01-20T23:22:14.662334147Z,true,2026-01-20T23:25:07.634432247Z,true,2026-01-20T23:25:07.667920696Z,01KFEVEHR198RPD0X9HCWRWGPH,2026-01-20T23:22:14.662334147Z
01KFEWGNTVXM68EH2M45MGYCV5,01KFEVMNNQTH6Q6DMJG65NFGVF,2026-01-20T23:40:52.955419899Z,90,2026-01-20T23:40:52.955419899Z,false,2026-01-20T23:40:52.955419899Z,01KFEVMNQ7WSYMPADRKJJ7K0T0,2026-01-20T23:40:52.955419899Z,0,2026-01-20T23:40:52.955419899Z,,,choice,2026-01-20T23:40:52.955419899Z,01KFEWGNA7SDGRY1XS3R6KRMY0,2026-01-20T23:40:52.955419899Z,false,2026-01-20T23:40:52.955419899Z,,,01KFEWGNTNY5N3QDHM74QJ8F6Y,2026-01-20T23:40:52.955419899Z
01KFEWB9NQ31D1T96Z56SCS8PY,01KFEV38GJVYY8P8B7QXSW6BTE,2026-01-20T23:37:56.663455679Z,30,2026-01-20T23:37:56.663455679Z,true,2026-01-20T23:40:08.197485252Z,01KFEV38H8T2V9428VC9T7MEBA,2026-01-20T23:37:56.663455679Z,1,2026-01-20T23:37:56.663455679Z,true,2026-01-20T23:40:05.30208309Z,result,2026-01-20T23:37:56.663455679Z,01KFEWB967BF5HCPTFD5ASW09Z,2026-01-20T23:37:56.663455679Z,true,2026-01-20T23:40:05.204375531Z,true,2026-01-20T23:40:05.34092172Z,01KFEWB9N6GJPR31NC2C85VD7C,2026-01-20T23:37:56.663455679Z
01KFEWE9DD9P9RBS5M3PN73WZN,01KFEVMN9Q125N5N16W4WNYJXF,2026-01-20T23:39:34.701679144Z,90,2026-01-20T23:39:34.701679144Z,true,2026-01-20T23:41:45.856421647Z,01KFEVMNAWK7WRWM1AMQZKX6SA,2026-01-20T23:39:34.701679144Z,0,2026-01-20T23:39:34.701679144Z,true,2026-01-20T23:41:45.200637478Z,choice,2026-01-20T23:39:34.701679144Z,01KFEWE8WG5JEY2NYGNN25MKRQ,2026-01-20T23:39:34.701679144Z,true,2026-01-20T23:41:45.156798641Z,true,2026-01-20T23:41:45.23002252Z,01KFEWE9D50W95MQ8P1JFZN4GP,2026-01-20T23:39:34.701679144Z
01KFEV9960CJQVQSMSDWTAWZVQ,01KFEV2BZFDRZBG3Y0249RG1TW,2026-01-20T23:19:22.048796376Z,90,2026-01-20T23:19:22.048796376Z,true,2026-01-20T23:20:02.369421672Z,01KFEV2C08ND9C9BYW8N2T146P,2026-01-20T23:19:22.048796376Z,0,2026-01-20T23:19:22.048796376Z,true,2026-01-20T23:20:01.21598358Z,choice,2026-01-20T23:19:22.048796376Z,01KFEV992BY8ZQV1K5DH9Q0F8T,2026-01-20T23:19:22.048796376Z,true,2026-01-20T23:20:01.184908557Z,true,2026-01-20T23:20:01.247296794Z,01KFEV995VP99HFHFWJH6F1M70,2026-01-20T23:19:22.048796376Z
01KFEVF1WVS3HN3TMYER2GVT7B,01KFEV377XDCWB0CVW0E7ES8WB,2026-01-20T23:22:31.195591578Z,90,2026-01-20T23:22:31.195591578Z,true,2026-01-20T23:24:11.203119738Z,01KFEV378PDZP87HXSESW6BA01,2026-01-20T23:22:31.195591578Z,0,2026-01-20T23:22:31.195591578Z,true,2026-01-20T23:24:05.743927136Z,choice,2026-01-20T23:22:31.195591578Z,01KFEVF1PYG8S0P7M884KS249T,2026-01-20T23:22:31.195591578Z,true,2026-01-20T23:24:05.7311282Z,true,2026-01-20T23:24:05.758883955Z,01KFEVF1WMEMN7CXZ0V4R50ZZ4,2026-01-20T23:22:31.195591578Z
01KFEVGBKASV6C215QNZW4J2B2,01KFEV37CWX6SQYA0RPR0C01MW,2026-01-20T23:23:13.898870125Z,30,2026-01-20T23:23:13.898870125Z,true,2026-01-20T23:26:01.580086868Z,01KFEV37DE991T271V0BRDHRJW,2026-01-20T23:23:13.898870125Z,1,2026-01-20T23:23:13.898870125Z,true,2026-01-20T23:25:46.106295655Z,result,2026-01-20T23:23:13.898870125Z,01KFEVGBDARE4SPS0QMKPAHCAT,2026-01-20T23:23:13.898870125Z,true,2026-01-20T23:25:46.078335227Z,true,2026-01-20T23:25:46.127083694Z,01KFEVGBK628RNKBXR9JRP7WYH,2026-01-20T23:23:13.898870125Z
01KFEW2A8CRVV49A51P5SRN1WG,01KFEV38A01XZ4DPRPFKRE96P8,2026-01-20T23:33:02.348500588Z,30,2026-01-20T23:33:02.348500588Z,true,2026-01-20T23:35:38.326544516Z,01KFEV38AHTHHCNTDGHAJN0GXG,2026-01-20T23:33:02.348500588Z,1,2026-01-20T23:33:02.348500588Z,true,2026-01-20T23:35:33.96751599Z,result,2026-01-20T23:33:02.348500588Z,01KFEW29YK600XP5H2XZZBAHW4,2026-01-20T23:33:02.348500588Z,true,2026-01-20T23:35:33.932719603Z,true,2026-01-20T23:35:33.995836943Z,01KFEW2A80QBBNR5E0YNR6RE8W,2026-01-20T23:33:02.348500588Z
01KFEV995HECABB2BGWT7DDPTY,01KFEV2BZFDRZBG3Y0249RG1TW,2026-01-20T23:19:22.033840219Z,90,2026-01-20T23:19:22.033840219Z,true,2026-01-20T23:19:58.639942436Z,01KFEV2C08ND9C9BYW8N2T146P,2026-01-20T23:19:22.033840219Z,0,2026-01-20T23:19:22.033840219Z,true,2026-01-20T23:19:57.042277794Z,choice,2026-01-20T23:19:22.033840219Z,01KFEV9924VF50RWW28YZTJVST,2026-01-20T23:19:22.033840219Z,true,2026-01-20T23:19:57.028785744Z,true,2026-01-20T23:19:57.057880476Z,01KFEV995657V656V3SGFXDCW2,2026-01-20T23:19:22.033840219Z
01KFEVFBMDG7GJ32ZACQY5ARA0,01KFEV377XDCWB0CVW0E7ES8WB,2026-01-20T23:22:41.165988565Z,90,2026-01-20T23:22:41.165988565Z,true,2026-01-20T23:26:27.242478342Z,01KFEV378H0PY96RNMJTMM0E4X,2026-01-20T23:22:41.165988565Z,0,2026-01-20T23:22:41.165988565Z,true,2026-01-20T23:26:23.212391647Z,choice,2026-01-20T23:22:41.165988565Z,01KFEVFBD0577W18ZY0ZD05TA0,2026-01-20T23:22:41.165988565Z,true,2026-01-20T23:26:23.185585293Z,true,2026-01-20T23:26:23.232092085Z,01KFEVFBM8194G96ZQ0GWNRQM5,2026-01-20T23:22:41.165988565Z
01KFEW3VPTZZNH40B7MWATR3PT,01KFEVMN9Q125N5N16W4WNYJXF,2026-01-20T23:33:52.987030293Z,30,2026-01-20T23:33:52.987030293Z,true,2026-01-20T23:34:28.75506345Z,01KFEVMNBC23RB4D79KEQ4G0VS,2026-01-20T23:33:52.987030293Z,1,2026-01-20T23:33:52.987030293Z,true,2026-01-20T23:34:06.656089023Z,result,2026-01-20T23:33:52.987030293Z,01KFEW3VP28YF1EKPX4Q9AW06S,2026-01-20T23:33:52.987030293Z,true,2026-01-20T23:34:06.609810667Z,true,2026-01-20T23:34:06.681263051Z,01KFEW3VPFHKS5YF2J1CNJWG2M,2026-01-20T23:33:52.987030293Z
01KFEWKAX7XZG939KFS98VST4H,01KFEV38A01XZ4DPRPFKRE96P8,2026-01-20T23:42:20.071761725Z,90,2026-01-20T23:42:20.071761725Z,false,2026-01-20T23:42:20.071761725Z,01KFEV38AGG0Y2K5R4FB90SKZX,2026-01-20T23:42:20.071761725Z,0,2026-01-20T23:42:20.071761725Z,,,choice,2026-01-20T23:42:20.071761725Z,01KFEWKAN6G89ERQ3M0EB8ZYD3,2026-01-20T23:42:20.071761725Z,false,2026-01-20T23:42:20.071761725Z,,,01KFEWKAX1DNZ0ABTVC8SYYQPF,2026-01-20T23:42:20.071761725Z
01KFEVHAXMFXKNK5YR2SK9B913,01KFEV384BJYC62Y0E6AQK09K8,2026-01-20T23:23:45.972698126Z,90,2026-01-20T23:23:45.972698126Z,true,2026-01-20T23:26:28.893851118Z,01KFEV384Y33BFECW27AH8GSGD,2026-01-20T23:23:45.972698126Z,0,2026-01-20T23:23:45.972698126Z,true,2026-01-20T23:26:23.97677021Z,choice,2026-01-20T23:23:45.972698126Z,01KFEVHAPS4X009VG0R6NVCP4C,2026-01-20T23:23:45.972698126Z,true,2026-01-20T23:26:23.951498785Z,true,2026-01-20T23:26:24.0007846Z,01KFEVHAXCEFVZQC2E5Y926VNR,2026-01-20T23:23:45.972698126Z
01KFEW9P6QRSF2ZATRXYVSRFEW,01KFEV384BJYC62Y0E6AQK09K8,2026-01-20T23:37:03.959613213Z,30,2026-01-20T23:37:03.959613213Z,false,2026-01-20T23:37:03.959613213Z,01KFEV384Z68A1Z7ZGWS1GDSZK,2026-01-20T23:37:03.959613213Z,1,2026-01-20T23:37:03.959613213Z,,,result,2026-01-20T23:37:03.959613213Z,01KFEW9NHJFPA5RCB76F549V11,2026-01-20T23:37:03.959613213Z,false,2026-01-20T23:37:03.959613213Z,,,01KFEW9P6BR3HK61PD2EG6F92X,2026-01-20T23:37:03.959613213Z
01KFEWKAVBJE37E26NR4M19CY6,01KFEV38A01XZ4DPRPFKRE96P8,2026-01-20T23:42:20.011171793Z,30,2026-01-20T23:42:20.011171793Z,false,2026-01-20T23:42:20.011171793Z,01KFEV38AGG0Y2K5R4FB90SKZX,2026-01-20T23:42:20.011171793Z,1,2026-01-20T23:42:20.011171793Z,,,result,2026-01-20T23:42:20.011171793Z,01KFEWKAMV4YHCDTDYTRHRK6RM,2026-01-20T23:42:20.011171793Z,false,2026-01-20T23:42:20.011171793Z,,,01KFEWKATQBZ6T69NAJ5VRPBQE,2026-01-20T23:42:20.011171793Z
01KFEWGNP4V9HT3M4VPEM8BEDQ,01KFEVMNNQTH6Q6DMJG65NFGVF,2026-01-20T23:40:52.804969821Z,90,2026-01-20T23:40:52.804969821Z,false,2026-01-20T23:40:52.804969821Z,01KFEVMNQ7WSYMPADRKJJ7K0T0,2026-01-20T23:40:52.804969821Z,0,2026-01-20T23:40:52.804969821Z,,,choice,2026-01-20T23:40:52.804969821Z,01KFEWGNAZ8DFZXAHBGH9HGYA0,2026-01-20T23:40:52.804969821Z,false,2026-01-20T23:40:52.804969821Z,,,01KFEWGNNVA9SKZDT1A742BC6Q,2026-01-20T23:40:52.804969821Z
01KFEWGP00SMSEZDVG6NQ2GVQE,01KFEVMNNQTH6Q6DMJG65NFGVF,2026-01-20T23:40:53.120622605Z,30,2026-01-20T23:40:53.120622605Z,false,2026-01-20T23:40:53.120622605Z,01KFEVMNQ7WSYMPADRKJJ7K0T0,2026-01-20T23:40:53.120622605Z,1,2026-01-20T23:40:53.120622605Z,,,result,2026-01-20T23:40:53.120622605Z,01KFEWGN9AJ8SNRK2E4CMKWTTX,2026-01-20T23:40:53.120622605Z,false,2026-01-20T23:40:53.120622605Z,,,01KFEWGNZJXV7JPTHQXW8948KA,2026-01-20T23:40:53.120622605Z
01KFEWVMQXA2N7054ZJS1MA6VP,01KFEV38GJVYY8P8B7QXSW6BTE,2026-01-20T23:46:52.285910597Z,90,2026-01-20T23:46:52.285910597Z,true,2026-01-20T23:48:13.026166246Z,01KFEV38H0S2Y42XZDBCZ2KPGY,2026-01-20T23:46:52.285910597Z,0,2026-01-20T23:46:52.285910597Z,true,2026-01-20T23:48:10.404093238Z,choice,2026-01-20T23:46:52.285910597Z,01KFEWVM8J6QS2ST8TXJA668EN,2026-01-20T23:46:52.285910597Z,true,2026-01-20T23:48:10.359899058Z,true,2026-01-20T23:48:10.441694267Z,01KFEWVMQHPF2MPW3MMPZYKJ29,2026-01-20T23:46:52.285910597Z
01KFEVFBDPVK21Y9T65HSR402D,01KFEV377XDCWB0CVW0E7ES8WB,2026-01-20T23:22:40.950451977Z,90,2026-01-20T23:22:40.950451977Z,true,2026-01-20T23:22:48.744555565Z,01KFEV378H0PY96RNMJTMM0E4X,2026-01-20T23:22:40.950451977Z,0,2026-01-20T23:22:40.950451977Z,true,2026-01-20T23:22:42.073011998Z,choice,2026-01-20T23:22:40.950451977Z,01KFEVFBBRK2GJ0MGS3FRA88XS,2026-01-20T23:22:40.950451977Z,true,2026-01-20T23:22:42.042140064Z,true,2026-01-20T23:22:42.085137629Z,01KFEVFBD9ZGHCKJVDSKEF2F1E,2026-01-20T23:22:40.950451977Z
01KFEVJEQJZM6QTH7ZMSEZPXSH,01KFEV37CWX6SQYA0RPR0C01MW,2026-01-20T23:24:22.642358188Z,90,2026-01-20T23:24:22.642358188Z,true,2026-01-20T23:27:30.842030908Z,01KFEV37DE991T271V0NJ5BY6K,2026-01-20T23:24:22.642358188Z,0,2026-01-20T23:24:22.642358188Z,true,2026-01-20T23:27:24.688553365Z,choice,2026-01-20T23:24:22.642358188Z,01KFEVJEKCQH6K2QKDETC0SMC1,2026-01-20T23:24:22.642358188Z,true,2026-01-20T23:27:24.660295544Z,true,2026-01-20T23:27:24.707840752Z,01KFEVJEQDH5320Z476YNE9K6Y,2026-01-20T23:24:22.642358188Z
01KFEVS3EE3ZDDT6W5GFM4676X,01KFEV37PBC6DGWCX0HT0QWYJR,2026-01-20T23:28:00.462138572Z,30,2026-01-20T23:28:00.462138572Z,false,2026-01-20T23:28:00.462138572Z,01KFEV37PV76WD06T50QFKE80T,2026-01-20T23:28:00.462138572Z,1,2026-01-20T23:28:00.462138572Z,,,result,2026-01-20T23:28:00.462138572Z,01KFEVS30W17VAYB1MRA8GG6XK,2026-01-20T23:28:00.462138572Z,false,2026-01-20T23:28:00.462138572Z,,,01KFEVS3E1CZBHJ1FG2CQ1M866,2026-01-20T23:28:00.462138572Z
01KFEVEHSEC0N0FB771FS0TZDE,01KFEV377XDCWB0CVW0E7ES8WB,2026-01-20T23:22:14.702258133Z,90,2026-01-20T23:22:14.702258133Z,true,2026-01-20T23:25:16.074051336Z,01KFEV378H0PY96RNMJFNCN7TE,2026-01-20T23:22:14.702258133Z,0,2026-01-20T23:22:14.702258133Z,true,2026-01-20T23:25:14.981349315Z,choice,2026-01-20T23:22:14.702258133Z,01KFEVEHGNZ7VVTDD9TTSV20M2,2026-01-20T23:22:14.702258133Z,true,2026-01-20T23:25:14.96056692Z,true,2026-01-20T23:25:14.996822288Z,01KFEVEHS14XAPJ3FJG7KWD73H,2026-01-20T23:22:14.702258133Z
01KFEW9NM4X7W2CZ2PB10F7HFZ,01KFEV384BJYC62Y0E6AQK09K8,2026-01-20T23:37:03.364959239Z,30,2026-01-20T23:37:03.364959239Z,true,2026-01-20T23:38:03.162998471Z,01KFEV384Z68A1Z7ZGWS1GDSZK,2026-01-20T23:37:03.364959239Z,1,2026-01-20T23:37:03.364959239Z,true,2026-01-20T23:37:52.906385347Z,result,2026-01-20T23:37:03.364959239Z,01KFEW9NENJKDJEWHE1997FMH2,2026-01-20T23:37:03.364959239Z,true,2026-01-20T23:37:52.86249334Z,true,2026-01-20T23:37:52.943097318Z,01KFEW9NKMJDJV7Z72CWY6GX2T,2026-01-20T23:37:03.364959239Z
01KFEWVMP8NNTWS1RXG85DCVSY,01KFEV38GJVYY8P8B7QXSW6BTE,2026-01-20T23:46:52.232134407Z,30,2026-01-20T23:46:52.232134407Z,true,2026-01-20T23:48:10.172806161Z,01KFEV38H0S2Y42XZDBCZ2KPGY,2026-01-20T23:46:52.232134407Z,1,2026-01-20T23:46:52.232134407Z,true,2026-01-20T23:48:07.905910392Z,result,2026-01-20T23:46:52.232134407Z,01KFEWVM889E015ABS9SG4J3H3,2026-01-20T23:46:52.232134407Z,true,2026-01-20T23:48:07.853433014Z,true,2026-01-20T23:48:07.95013533Z,01KFEWVMNNF8CG8EW6WVRQBCYT,2026-01-20T23:46:52.232134407Z
01KFEVKCRFZVQNR29N76S0B6AS,01KFEV37PBC6DGWCX0HT0QWYJR,2026-01-20T23:24:53.391182411Z,90,2026-01-20T23:24:53.391182411Z,true,2026-01-20T23:26:14.612188746Z,01KFEV37PYV9HETXX2PSGE1RKD,2026-01-20T23:24:53.391182411Z,0,2026-01-20T23:24:53.391182411Z,true,2026-01-20T23:26:07.996690557Z,choice,2026-01-20T23:24:53.391182411Z,01KFEVKCMXV1V0WG8YMMXT3XTM,2026-01-20T23:24:53.391182411Z,true,2026-01-20T23:26:07.971804753Z,true,2026-01-20T23:26:08.016907284Z,01KFEVKCRA2V1J5HB6DARY3VET,2026-01-20T23:24:53.391182411Z
01KFEWE9698TMXZZZS73V4WZ65,01KFEVMN9Q125N5N16W4WNYJXF,2026-01-20T23:39:34.473096782Z,30,2026-01-20T23:39:34.473096782Z,true,2026-01-20T23:41:25.121941873Z,01KFEVMNAWK7WRWM1AMQZKX6SA,2026-01-20T23:39:34.473096782Z,1,2026-01-20T23:39:34.473096782Z,true,2026-01-20T23:41:23.303877947Z,result,2026-01-20T23:39:34.473096782Z,01KFEWE8TRPV1GKJA0331CAER2,2026-01-20T23:39:34.473096782Z,true,2026-01-20T23:41:23.253050814Z,true,2026-01-20T23:41:23.348485996Z,01KFEWE95W9WDR8YSRKTSSVCNS,2026-01-20T23:39:34.473096782Z
01KFEVFBGF6G4T15VT507M1SC6,01KFEV377XDCWB0CVW0E7ES8WB,2026-01-20T23:22:41.039703636Z,30,2026-01-20T23:22:41.039703636Z,true,2026-01-20T23:24:41.025417512Z,01KFEV378H0PY96RNMJTMM0E4X,2026-01-20T23:22:41.039703636Z,1,2026-01-20T23:22:41.039703636Z,true,2026-01-20T23:24:31.81563296Z,result,2026-01-20T23:22:41.039703636Z,01KFEVFBC7KD30QSSEZXA6VZYZ,2026-01-20T23:22:41.039703636Z,true,2026-01-20T23:24:31.796227241Z,true,2026-01-20T23:24:31.832189233Z,01KFEVFBGAM9T0RC8ZZWRS25MW,2026-01-20T23:22:41.039703636Z
01KFEVJNSA2C4C2ECJHNAF8ZNG,01KFEV377XDCWB0CVW0E7ES8WB,2026-01-20T23:24:29.866826423Z,90,2026-01-20T23:24:29.866826423Z,true,2026-01-20T23:24:38.95198799Z,01KFEV378FNG971PBW7B2SPNC6,2026-01-20T23:24:29.866826423Z,0,2026-01-20T23:24:29.866826423Z,true,2026-01-20T23:24:31.188425188Z,choice,2026-01-20T23:24:29.866826423Z,01KFEVJNQJE7J4E2J63H5S7H5Q,2026-01-20T23:24:29.866826423Z,true,2026-01-20T23:24:31.149751977Z,true,2026-01-20T23:24:31.20523239Z,01KFEVJNS6HGXZ1VZJD0ZF3EN1,2026-01-20T23:24:29.866826423Z
01KFEVJX0S23K5XQFSRBC3V041,01KFEV38A01XZ4DPRPFKRE96P8,2026-01-20T23:24:37.273958456Z,30,2026-01-20T23:24:37.273958456Z,true,2026-01-20T23:29:42.225651666Z,01KFEV38AJ2CFPYBQZ58NH0V5J,2026-01-20T23:24:37.273958456Z,1,2026-01-20T23:24:37.273958456Z,true,2026-01-20T23:29:39.22721216Z,result,2026-01-20T23:24:37.273958456Z,01KFEVJWRJ3VMZ6TKNKERXD4E2,2026-01-20T23:24:37.273958456Z,true,2026-01-20T23:29:39.192339761Z,true,2026-01-20T23:29:39.253310194Z,01KFEVJX0M6MXYEKM0BDNN8AP6,2026-01-20T23:24:37.273958456Z
01KFEW1AR33P3VK4YHHW1FE4NY,01KFEV384BJYC62Y0E6AQK09K8,2026-01-20T23:32:30.083432482Z,90,2026-01-20T23:32:30.083432482Z,true,2026-01-20T23:33:21.83737236Z,01KFEV385166A8JYCZ9G4DMHRQ,2026-01-20T23:32:30.083432482Z,0,2026-01-20T23:32:30.083432482Z,true,2026-01-20T23:33:20.555675143Z,choice,2026-01-20T23:32:30.083432482Z,01KFEW1AHB2FYXGT0X5PGAP03X,2026-01-20T23:32:30.083432482Z,true,2026-01-20T23:33:20.520670791Z,true,2026-01-20T23:33:20.577627948Z,01KFEW1AQW03PE3M6VTEFPZ9EH,2026-01-20T23:32:30.083432482Z
01KFEW9NZEEK05N0BXF0TSS5F9,01KFEV384BJYC62Y0E6AQK09K8,2026-01-20T23:37:03.726105778Z,90,2026-01-20T23:37:03.726105778Z,true,2026-01-20T23:40:58.137869728Z,01KFEV384Z68A1Z7ZGWS1GDSZK,2026-01-20T23:37:03.726105778Z,0,2026-01-20T23:37:03.726105778Z,true,2026-01-20T23:39:28.092489913Z,choice,2026-01-20T23:37:03.726105778Z,01KFEW9NG7HFK52KPRET7F9NBD,2026-01-20T23:37:03.726105778Z,true,2026-01-20T23:39:28.046614831Z,true,2026-01-20T23:39:28.124816266Z,01KFEW9NZ6B3EP3KQ2ZX8NJY8Y,2026-01-20T23:37:03.726105778Z
01KFEVJEM832WNXEDPDPN7P29D,01KFEV37CWX6SQYA0RPR0C01MW,2026-01-20T23:24:22.537814397Z,30,2026-01-20T23:24:22.537814397Z,true,2026-01-20T23:25:06.434814748Z,01KFEV37DE991T271V0NJ5BY6K,2026-01-20T23:24:22.537814397Z,1,2026-01-20T23:24:22.537814397Z,true,2026-01-20T23:24:43.032054081Z,result,2026-01-20T23:24:22.537814397Z,01KFEVJEK28P9JKPHKVPX8VP2T,2026-01-20T23:24:22.537814397Z,true,2026-01-20T23:24:43.012671119Z,true,2026-01-20T23:24:43.049589506Z,01KFEVJEM3448FHR40SHS1M6JB,2026-01-20T23:24:22.537814397Z
01KFEW1AX0B1KBN211X9ZE8BX0,01KFEV384BJYC62Y0E6AQK09K8,2026-01-20T23:32:30.24091046Z,30,2026-01-20T23:32:30.24091046Z,true,2026-01-20T23:33:46.832941193Z,01KFEV385166A8JYCZ9G4DMHRQ,2026-01-20T23:32:30.24091046Z,1,2026-01-20T23:32:30.24091046Z,true,2026-01-20T23:33:44.996806949Z,result,2026-01-20T23:32:30.24091046Z,01KFEW1AK7NCGSKANQ48AN6V23,2026-01-20T23:32:30.24091046Z,true,2026-01-20T23:33:44.951252972Z,true,2026-01-20T23:33:45.023024392Z,01KFEW1AWNNV4X5SNS5KRBKQ8C,2026-01-20T23:32:30.24091046Z
01KFEW9S0RPCQ24RX8AGJ3PG3N,01KFEV38A01XZ4DPRPFKRE96P8,2026-01-20T23:37:06.840226088Z,30,2026-01-20T23:37:06.840226088Z,true,2026-01-20T23:39:43.490560125Z,01KFEV38AJ2CFPYBQZ5JKK7PV4,2026-01-20T23:37:06.840226088Z,1,2026-01-20T23:37:06.840226088Z,true,2026-01-20T23:39:19.107458328Z,result,2026-01-20T23:37:06.840226088Z,01KFEW9RRQZJ10JQ2H4R3MFBWJ,2026-01-20T23:37:06.840226088Z,true,2026-01-20T23:39:19.056047534Z,true,2026-01-20T23:39:19.141400255Z,01KFEW9S096B4NV2RHE57G1QE5,2026-01-20T23:37:06.840226088Z
01KFEVEHRS5B15AKRMB87B313S,01KFEV377XDCWB0CVW0E7ES8WB,2026-01-20T23:22:14.681153111Z,30,2026-01-20T23:22:14.681153111Z,true,2026-01-20T23:25:14.89506446Z,01KFEV378H0PY96RNMJFNCN7TE,2026-01-20T23:22:14.681153111Z,1,2026-01-20T23:22:14.681153111Z,true,2026-01-20T23:25:13.888418453Z,result,2026-01-20T23:22:14.681153111Z,01KFEVEHGP0J883B9NZZXAN747,2026-01-20T23:22:14.681153111Z,true,2026-01-20T23:25:13.871011067Z,true,2026-01-20T23:25:13.903236479Z,01KFEVEHRM0X7VXBS0XNDV0F49,2026-01-20T23:22:14.681153111Z
01KFEVF1TGMC7R1C7BKFFNHDER,01KFEV377XDCWB0CVW0E7ES8WB,2026-01-20T23:22:31.120876565Z,30,2026-01-20T23:22:31.120876565Z,true,2026-01-20T23:23:22.098694146Z,01KFEV378PDZP87HXSESW6BA01,2026-01-20T23:22:31.120876565Z,1,2026-01-20T23:22:31.120876565Z,true,2026-01-20T23:23:16.984516132Z,result,2026-01-20T23:22:31.120876565Z,01KFEVF1PPGM18ZSKV97STAVV2,2026-01-20T23:22:31.120876565Z,true,2026-01-20T23:23:16.960690171Z,true,2026-01-20T23:23:17.00518026Z,01KFEVF1TBVVDHM4X7MEFV51AW,2026-01-20T23:22:31.120876565Z
01KFEVJWV9MSS2EJT7WP65ZXW2,01KFEV38A01XZ4DPRPFKRE96P8,2026-01-20T23:24:37.097226101Z,90,2026-01-20T23:24:37.097226101Z,true,2026-01-20T23:26:27.626278468Z,01KFEV38AJ2CFPYBQZ58NH0V5J,2026-01-20T23:24:37.097226101Z,0,2026-01-20T23:24:37.097226101Z,true,2026-01-20T23:26:05.293597913Z,choice,2026-01-20T23:24:37.097226101Z,01KFEVJWRBMK18VGXT9RA26R1D,2026-01-20T23:24:37.097226101Z,true,2026-01-20T23:26:05.251140432Z,true,2026-01-20T23:26:05.313035598Z,01KFEVJWV42BFDP0FG2K2XHEW0,2026-01-20T23:24:37.097226101Z
01KFEW0GRTFB3RX26HR5WNSMHS,01KFEV37PBC6DGWCX0HT0QWYJR,2026-01-20T23:32:03.482477374Z,90,2026-01-20T23:32:03.482477374Z,true,2026-01-20T23:34:24.371047726Z,01KFEV37Q0WSYAYKWHM2EXN0DN,2026-01-20T23:32:03.482477374Z,0,2026-01-20T23:32:03.482477374Z,true,2026-01-20T23:34:22.295019483Z,choice,2026-01-20T23:32:03.482477374Z,01KFEW0GB864QKBAB0HBJ7K4K5,2026-01-20T23:32:03.482477374Z,true,2026-01-20T23:34:22.259210288Z,true,2026-01-20T23:34:22.33186259Z,01KFEW0GRM00Z0PWZ6X9FK6FCE,2026-01-20T23:32:03.482477374Z
01KFEWB9A300WRN1N4KJBP9Z0Z,01KFEV38GJVYY8P8B7QXSW6BTE,2026-01-20T23:37:56.29193245Z,30,2026-01-20T23:37:56.29193245Z,true,2026-01-20T23:38:42.656267483Z,01KFEV38H8T2V9428VC9T7MEBA,2026-01-20T23:37:56.29193245Z,1,2026-01-20T23:37:56.29193245Z,true,2026-01-20T23:38:35.056061443Z,result,2026-01-20T23:37:56.29193245Z,01KFEWB933XTP1JVD282ZB991C,2026-01-20T23:37:56.29193245Z,true,2026-01-20T23:38:35.008590548Z,true,2026-01-20T23:38:35.092111925Z,01KFEWB99PEJKRZVFGSFF0EM09,2026-01-20T23:37:56.29193245Z
01KFEVF1ZCJ9M4XPV16KY4R9GG,01KFEV377XDCWB0CVW0E7ES8WB,2026-01-20T23:22:31.276770946Z,90,2026-01-20T23:22:31.276770946Z,true,2026-01-20T23:25:01.597649884Z,01KFEV378PDZP87HXSESW6BA01,2026-01-20T23:22:31.276770946Z,0,2026-01-20T23:22:31.276770946Z,true,2026-01-20T23:24:57.925898979Z,choice,2026-01-20T23:22:31.276770946Z,01KFEVF1R05NN8B18DGSYQ0EAN,2026-01-20T23:22:31.276770946Z,true,2026-01-20T23:24:57.90421258Z,true,2026-01-20T23:24:57.939134941Z,01KFEVF1Z6Y93JVP5G38NXRE2W,2026-01-20T23:22:31.276770946Z
01KFEVHATJXPN1CTQP5V92HW4M,01KFEV384BJYC62Y0E6AQK09K8,2026-01-20T23:23:45.874964778Z,90,2026-01-20T23:23:45.874964778Z,true,2026-01-20T23:25:05.636105242Z,01KFEV384Y33BFECW27AH8GSGD,2026-01-20T23:23:45.874964778Z,0,2026-01-20T23:23:45.874964778Z,true,2026-01-20T23:25:02.096917781Z,choice,2026-01-20T23:23:45.874964778Z,01KFEVHAPDQ8SED7WGPAM28VFT,2026-01-20T23:23:45.874964778Z,true,2026-01-20T23:25:02.073814053Z,true,2026-01-20T23:25:02.111291399Z,01KFEVHATDBKN80M0AVZWXWRPQ,2026-01-20T23:23:45.874964778Z
01KFEVJWY0RZ6CHESENGTK1Z7J,01KFEV38A01XZ4DPRPFKRE96P8,2026-01-20T23:24:37.185070733Z,30,2026-01-20T23:24:37.185070733Z,true,2026-01-20T23:28:48.830510851Z,01KFEV38AJ2CFPYBQZ58NH0V5J,2026-01-20T23:24:37.185070733Z,1,2026-01-20T23:24:37.185070733Z,true,2026-01-20T23:28:42.67570934Z,result,2026-01-20T23:24:37.185070733Z,01KFEVJWS2MQKSD6RZJH2QJJMQ,2026-01-20T23:24:37.185070733Z,true,2026-01-20T23:28:42.638098878Z,true,2026-01-20T23:28:42.701161467Z,01KFEVJWXSV7SWEP7CV2V8XMY3,2026-01-20T23:24:37.185070733Z
01KFEW1B1QJCVA3D63662SJNGQ,01KFEV384BJYC62Y0E6AQK09K8,2026-01-20T23:32:30.391575478Z,90,2026-01-20T23:32:30.391575478Z,true,2026-01-20T23:34:09.977147123Z,01KFEV385166A8JYCZ9G4DMHRQ,2026-01-20T23:32:30.391575478Z,0,2026-01-20T23:32:30.391575478Z,true,2026-01-20T23:34:08.319274498Z,choice,2026-01-20T23:32:30.391575478Z,01KFEW1AJ55D8GCPXGH2ZM6TDK,2026-01-20T23:32:30.391575478Z,true,2026-01-20T23:34:08.276273436Z,true,2026-01-20T23:34:08.353117511Z,01KFEW1B1HCPKWEG43BC8QS5CM,2026-01-20T23:32:30.391575478Z
01KFEW7PTHKDPY07GRRYQBRDD5,01KFEVMNF44NEM58ETFST7KTWM,2026-01-20T23:35:59.057215859Z,30,2026-01-20T23:35:59.057215859Z,true,2026-01-20T23:36:46.204336104Z,01KFEVMNH60E845G0BNN18WWCX,2026-01-20T23:35:59.057215859Z,1,2026-01-20T23:35:59.057215859Z,true,2026-01-20T23:36:16.163620275Z,result,2026-01-20T23:35:59.057215859Z,01KFEW7PNRNRMQAX1ZJ3QAKXQC,2026-01-20T23:35:59.057215859Z,true,2026-01-20T23:36:16.112806223Z,true,2026-01-20T23:36:16.199698469Z,01KFEW7PT4GBEYFFM9ADJ2ESF9,2026-01-20T23:35:59.057215859Z
01KFEVB8HRFNXCE6NH0K0VF8CY,01KFEV2BZFDRZBG3Y0249RG1TW,2026-01-20T23:20:26.936223065Z,30,2026-01-20T23:20:26.936223065Z,true,2026-01-20T23:21:58.113988642Z,01KFEV2C0CP35QE41ZMH45J8TZ,2026-01-20T23:20:26.936223065Z,1,2026-01-20T23:20:26.936223065Z,true,2026-01-20T23:21:53.933909888Z,result,2026-01-20T23:20:26.936223065Z,01KFEVB8FWDNBSEK2Q7T0WF7KM,2026-01-20T23:20:26.936223065Z,true,2026-01-20T23:21:53.914247714Z,true,2026-01-20T23:21:53.949939817Z,01KFEVB8HKE1FDWNS3139W4Z6X,2026-01-20T23:20:26.936223065Z
01KFEVCJRP4HVVZ9QAX44CK7JT,01KFEV2BZFDRZBG3Y0249RG1TW,2026-01-20T23:21:10.166617464Z,90,2026-01-20T23:21:10.166617464Z,false,2026-01-20T23:21:10.166617464Z,01KFEV2C0EQZAQP8AFWFARX9S3,2026-01-20T23:21:10.166617464Z,0,2026-01-20T23:21:10.166617464Z,,,choice,2026-01-20T23:21:10.166617464Z,01KFEVCJJWE4ZW4EQT71JH4S5E,2026-01-20T23:21:10.166617464Z,false,2026-01-20T23:21:10.166617464Z,,,01KFEVCJRHVYD5G0E6SM83J9XE,2026-01-20T23:21:10.166617464Z
01KFEW9NR4BF1ZXNKFCFPJFQAR,01KFEV384BJYC62Y0E6AQK09K8,2026-01-20T23:37:03.492746274Z,30,2026-01-20T23:37:03.492746274Z,true,2026-01-20T23:38:31.670419835Z,01KFEV384Z68A1Z7ZGWS1GDSZK,2026-01-20T23:37:03.492746274Z,1,2026-01-20T23:37:03.492746274Z,true,2026-01-20T23:38:26.421255076Z,result,2026-01-20T23:37:03.492746274Z,01KFEW9NEZF4BDJ4D8H6JC57E0,2026-01-20T23:37:03.492746274Z,true,2026-01-20T23:38:26.380477655Z,true,2026-01-20T23:38:26.450551288Z,01KFEW9NQGBN86ZYNDCHRXWZFD,2026-01-20T23:37:03.492746274Z
01KFEW2K7KK2N45SKYC6K5AA6J,01KFEV38GJVYY8P8B7QXSW6BTE,2026-01-20T23:33:11.539440264Z,90,2026-01-20T23:33:11.539440264Z,true,2026-01-20T23:33:30.215949218Z,01KFEV38H48T18ZRM15RETR33C,2026-01-20T23:33:11.539440264Z,0,2026-01-20T23:33:11.539440264Z,true,2026-01-20T23:33:13.932779187Z,choice,2026-01-20T23:33:11.539440264Z,01KFEW2K3QVBFN32HV5ZCAC42T,2026-01-20T23:33:11.539440264Z,true,2026-01-20T23:33:13.891030883Z,true,2026-01-20T23:33:13.961484152Z,01KFEW2K7C7S26TF2KEAR5CE86,2026-01-20T23:33:11.539440264Z
01KFEVNKD2Q29ZCCM98YG8Z0Q2,01KFEV38GJVYY8P8B7QXSW6BTE,2026-01-20T23:26:05.730596022Z,90,2026-01-20T23:26:05.730596022Z,false,2026-01-20T23:26:05.730596022Z,01KFEV38H72YHVC8PGTMFH64KV,2026-01-20T23:26:05.730596022Z,0,2026-01-20T23:26:05.730596022Z,,,choice,2026-01-20T23:26:05.730596022Z,01KFEVNK36VZ7DED6KXXTSVA2M,2026-01-20T23:26:05.730596022Z,false,2026-01-20T23:26:05.730596022Z,,,01KFEVNKCYYHWR25KCE5AT1FHH,2026-01-20T23:26:05.730596022Z
01KFEVEHKMB9KVR5V8M28C0CBM,01KFEV377XDCWB0CVW0E7ES8WB,2026-01-20T23:22:14.517682863Z,30,2026-01-20T23:22:14.517682863Z,true,2026-01-20T23:23:55.529096688Z,01KFEV378H0PY96RNMJFNCN7TE,2026-01-20T23:22:14.517682863Z,1,2026-01-20T23:22:14.517682863Z,true,2026-01-20T23:23:52.998119647Z,result,2026-01-20T23:22:14.517682863Z,01KFEVEHGBCMP7V8TCE6N6N4MW,2026-01-20T23:22:14.517682863Z,true,2026-01-20T23:23:52.970556411Z,true,2026-01-20T23:23:53.013347692Z,01KFEVEHKFT77W2Y0BE9MD82Y4,2026-01-20T23:22:14.517682863Z
01KFEVF1S6JFZZHMVNFB1SP2P6,01KFEV377XDCWB0CVW0E7ES8WB,2026-01-20T23:22:31.078427322Z,90,2026-01-20T23:22:31.078427322Z,true,2026-01-20T23:23:01.517722891Z,01KFEV378PDZP87HXSESW6BA01,2026-01-20T23:22:31.078427322Z,0,2026-01-20T23:22:31.078427322Z,true,2026-01-20T23:22:55.373408731Z,choice,2026-01-20T23:22:31.078427322Z,01KFEVF1Q0DWKQS3BYN9S091RF,2026-01-20T23:22:31.078427322Z,true,2026-01-20T23:22:55.34882769Z,true,2026-01-20T23:22:55.385050414Z,01KFEVF1S0T3FQNTKQPXHZ9XEF,2026-01-20T23:22:31.078427322Z
01KFEVF1YSWCV88YHDXT91JXGR,01KFEV377XDCWB0CVW0E7ES8WB,2026-01-20T23:22:31.259024138Z,30,2026-01-20T23:22:31.259024138Z,true,2026-01-20T23:24:57.8350199Z,01KFEV378PDZP87HXSESW6BA01,2026-01-20T23:22:31.259024138Z,1,2026-01-20T23:22:31.259024138Z,true,2026-01-20T23:24:45.652705648Z,result,2026-01-20T23:22:31.259024138Z,01KFEVF1QWVSRQZSBVJ2N2MCKF,2026-01-20T23:22:31.259024138Z,true,2026-01-20T23:24:45.63535723Z,true,2026-01-20T23:24:45.668485478Z,01KFEVF1YKAVKSV6AG6ZE1A0Y1,2026-01-20T23:22:31.259024138Z
01KFEVJWTN7CNB69HWVPSR2N2P,01KFEV38A01XZ4DPRPFKRE96P8,2026-01-20T23:24:37.077705944Z,90,2026-01-20T23:24:37.077705944Z,true,2026-01-20T23:25:57.018833009Z,01KFEV38AJ2CFPYBQZ58NH0V5J,2026-01-20T23:24:37.077705944Z,0,2026-01-20T23:24:37.077705944Z,true,2026-01-20T23:25:38.256009635Z,choice,2026-01-20T23:24:37.077705944Z,01KFEVJWRME93DECR96HK88Y43,2026-01-20T23:24:37.077705944Z,true,2026-01-20T23:25:38.23526697Z,true,2026-01-20T23:25:38.274934698Z,01KFEVJWTH5CA8BSGRNEZZBXBN,2026-01-20T23:24:37.077705944Z
01KFEVCJQC07KFB830YCW0EESC,01KFEV2BZFDRZBG3Y0249RG1TW,2026-01-20T23:21:10.124872286Z,30,2026-01-20T23:21:10.124872286Z,false,2026-01-20T23:21:10.124872286Z,01KFEV2C0EQZAQP8AFWFARX9S3,2026-01-20T23:21:10.124872286Z,1,2026-01-20T23:21:10.124872286Z,,,result,2026-01-20T23:21:10.124872286Z,01KFEVCJK0HRPEQ3GCM2WJDEWX,2026-01-20T23:21:10.124872286Z,false,2026-01-20T23:21:10.124872286Z,,,01KFEVCJQAS6J7AJ5077T5PPWX,2026-01-20T23:21:10.124872286Z
01KFEW2KJANC5BYYFQDW9Z8SH2,01KFEV38GJVYY8P8B7QXSW6BTE,2026-01-20T23:33:11.882093584Z,30,2026-01-20T23:33:11.882093584Z,true,2026-01-20T23:36:08.166539976Z,01KFEV38H48T18ZRM15RETR33C,2026-01-20T23:33:11.882093584Z,1,2026-01-20T23:33:11.882093584Z,true,2026-01-20T23:36:06.137145816Z,result,2026-01-20T23:33:11.882093584Z,01KFEW2K6EXRH56RSZWHGJ4HT4,2026-01-20T23:33:11.882093584Z,true,2026-01-20T23:36:06.092638263Z,true,2026-01-20T23:36:06.163701055Z,01KFEW2KHW3QEZHMZ02F22CPRF,2026-01-20T23:33:11.882093584Z
01KFEWB9NAKZRXDTDD0DAHQC9G,01KFEV38GJVYY8P8B7QXSW6BTE,2026-01-20T23:37:56.65025502Z,90,2026-01-20T23:37:56.65025502Z,true,2026-01-20T23:40:05.169405346Z,01KFEV38H8T2V9428VC9T7MEBA,2026-01-20T23:37:56.65025502Z,0,2026-01-20T23:37:56.65025502Z,true,2026-01-20T23:40:03.640764066Z,choice,2026-01-20T23:37:56.65025502Z,01KFEWB967BF5HCPTFD5ASW09Z,2026-01-20T23:37:56.65025502Z,true,2026-01-20T23:40:03.556164661Z,true,2026-01-20T23:40:03.676790078Z,01KFEWB9N3HPRNGYB3BN7R1SWD,2026-01-20T23:37:56.65025502Z
01KFEW1AZ44SYY69NZ2J8345TF,01KFEV384BJYC62Y0E6AQK09K8,2026-01-20T23:32:30.308514858Z,90,2026-01-20T23:32:30.308514858Z,true,2026-01-20T23:34:01.934771944Z,01KFEV385166A8JYCZ9G4DMHRQ,2026-01-20T23:32:30.308514858Z,0,2026-01-20T23:32:30.308514858Z,true,2026-01-20T23:33:59.628247411Z,choice,2026-01-20T23:32:30.308514858Z,01KFEW1AJQQTXG07GE8KNBNQJN,2026-01-20T23:32:30.308514858Z,true,2026-01-20T23:33:59.584592047Z,true,2026-01-20T23:33:59.666665889Z,01KFEW1AYYDMQWAXT0G20WZE7Z,2026-01-20T23:32:30.308514858Z
01KFEWE8YBQQKCSAQPB4KSD4W3,01KFEVMN9Q125N5N16W4WNYJXF,2026-01-20T23:39:34.2195527Z,90,2026-01-20T23:39:34.2195527Z,true,2026-01-20T23:40:13.359581031Z,01KFEVMNAWK7WRWM1AMQZKX6SA,2026-01-20T23:39:34.2195527Z,0,2026-01-20T23:39:34.2195527Z,true,2026-01-20T23:39:37.614048717Z,choice,2026-01-20T23:39:34.2195527Z,01KFEWE8RX9DT254543TPC4B40,2026-01-20T23:39:34.2195527Z,true,2026-01-20T23:39:37.503047599Z,true,2026-01-20T23:39:37.646456072Z,01KFEWE8Y4YB45WVM1XBS6VQ47,2026-01-20T23:39:34.2195527Z
01KFEWVMW8ZFER1E8QQNE14SFK,01KFEV38GJVYY8P8B7QXSW6BTE,2026-01-20T23:46:52.424142269Z,30,2026-01-20T23:46:52.424142269Z,true,2026-01-20T23:48:33.115722129Z,01KFEV38H0S2Y42XZDBCZ2KPGY,2026-01-20T23:46:52.424142269Z,1,2026-01-20T23:46:52.424142269Z,true,2026-01-20T23:48:31.167034079Z,result,2026-01-20T23:46:52.424142269Z,01KFEWVM93M1BAFYGWNY053C7Q,2026-01-20T23:46:52.424142269Z,true,2026-01-20T23:48:31.108816623Z,true,2026-01-20T23:48:31.203582342Z,01KFEWVMVNY9JNFJH55EBX35V7,2026-01-20T23:46:52.424142269Z
01KFEVEHHK073D0YCMDDQW86FD,01KFEV377XDCWB0CVW0E7ES8WB,2026-01-20T23:22:14.451212002Z,90,2026-01-20T23:22:14.451212002Z,true,2026-01-20T23:22:42.671976057Z,01KFEV378H0PY96RNMJFNCN7TE,2026-01-20T23:22:14.451212002Z,0,2026-01-20T23:22:14.451212002Z,true,2026-01-20T23:22:15.637829593Z,choice,2026-01-20T23:22:14.451212002Z,01KFEVEHG7RRFZHJA7KNPE4YW3,2026-01-20T23:22:14.451212002Z,true,2026-01-20T23:22:15.620366419Z,true,2026-01-20T23:22:15.649767236Z,01KFEVEHHCBSDE0YRKRCCJPBZ4,2026-01-20T23:22:14.451212002Z
01KFEVH4G4J7M3NAXS7YHZASSY,01KFEV37PBC6DGWCX0HT0QWYJR,2026-01-20T23:23:39.396591186Z,90,2026-01-20T23:23:39.396591186Z,true,2026-01-20T23:26:20.026916243Z,01KFEV37PYV9HETXX2PC055NBT,2026-01-20T23:23:39.396591186Z,0,2026-01-20T23:23:39.396591186Z,true,2026-01-20T23:26:17.753102565Z,choice,2026-01-20T23:23:39.396591186Z,01KFEVH48J31CNCNY6T435EDBD,2026-01-20T23:23:39.396591186Z,true,2026-01-20T23:26:17.725016949Z,true,2026-01-20T23:26:17.775751783Z,01KFEVH4FZQEHYJAJ01NAWBYGS,2026-01-20T23:23:39.396591186Z
01KFEW0GNQ44KPXMYHYRRQV8M3,01KFEV37PBC6DGWCX0HT0QWYJR,2026-01-20T23:32:03.383418494Z,30,2026-01-20T23:32:03.383418494Z,true,2026-01-20T23:34:13.55928198Z,01KFEV37Q0WSYAYKWHM2EXN0DN,2026-01-20T23:32:03.383418494Z,1,2026-01-20T23:32:03.383418494Z,true,2026-01-20T23:34:03.65180761Z,result,2026-01-20T23:32:03.383418494Z,01KFEW0GBS72KYHGYA38PRV8M7,2026-01-20T23:32:03.383418494Z,true,2026-01-20T23:34:03.619708485Z,true,2026-01-20T23:34:03.679634007Z,01KFEW0GNCZGMN13EFV4SV27WE,2026-01-20T23:32:03.383418494Z
01KFEVNK4RTJDQ97ZW0BSNAVVY,01KFEV38GJVYY8P8B7QXSW6BTE,2026-01-20T23:26:05.464158431Z,90,2026-01-20T23:26:05.464158431Z,true,2026-01-20T23:28:17.670881337Z,01KFEV38H72YHVC8PGTMFH64KV,2026-01-20T23:26:05.464158431Z,0,2026-01-20T23:26:05.464158431Z,true,2026-01-20T23:26:47.635217401Z,choice,2026-01-20T23:26:05.464158431Z,01KFEVNK1W6GYWEFB0Z31C0NYJ,2026-01-20T23:26:05.464158431Z,true,2026-01-20T23:26:47.607402493Z,true,2026-01-20T23:26:47.662610793Z,01KFEVNK4KFV6D1RY6JGX1197D,2026-01-20T23:26:05.464158431Z
01KFEW2KCDHCHW3JMS8JTGSP60,01KFEV38GJVYY8P8B7QXSW6BTE,2026-01-20T23:33:11.693470104Z,30,2026-01-20T23:33:11.693470104Z,true,2026-01-20T23:35:26.253212198Z,01KFEV38H48T18ZRM15RETR33C,2026-01-20T23:33:11.693470104Z,1,2026-01-20T23:33:11.693470104Z,true,2026-01-20T23:34:57.077220041Z,result,2026-01-20T23:33:11.693470104Z,01KFEW2K56P3AGBJZAEKF6M147,2026-01-20T23:33:11.693470104Z,true,2026-01-20T23:34:57.037898753Z,true,2026-01-20T23:34:57.102669956Z,01KFEW2KC60KA1HHQJRWMA2EWM,2026-01-20T23:33:11.693470104Z
01KFEW9NJMEXZZCB7QET39ZQJZ,01KFEV384BJYC62Y0E6AQK09K8,2026-01-20T23:37:03.316472237Z,30,2026-01-20T23:37:03.316472237Z,true,2026-01-20T23:37:44.512607039Z,01KFEV384Z68A1Z7ZGWS1GDSZK,2026-01-20T23:37:03.316472237Z,1,2026-01-20T23:37:03.316472237Z,true,2026-01-20T23:37:14.476262843Z,result,2026-01-20T23:37:03.316472237Z,01KFEW9NDGS5E8KE4PQ1ESDNYF,2026-01-20T23:37:03.316472237Z,true,2026-01-20T23:37:14.436062043Z,true,2026-01-20T23:37:14.509325296Z,01KFEW9NJ50VN9E1X62DBS4K8H,2026-01-20T23:37:03.316472237Z
01KFEWGNXW19FTFY3SN4DV3BAK,01KFEVMNNQTH6Q6DMJG65NFGVF,2026-01-20T23:40:53.052773692Z,90,2026-01-20T23:40:53.052773692Z,false,2026-01-20T23:40:53.052773692Z,01KFEVMNQ7WSYMPADRKJJ7K0T0,2026-01-20T23:40:53.052773692Z,0,2026-01-20T23:40:53.052773692Z,,,choice,2026-01-20T23:40:53.052773692Z,01KFEWGN9MQMAHD7315C429A4M,2026-01-20T23:40:53.052773692Z,false,2026-01-20T23:40:53.052773692Z,,,01KFEWGNXKWT7XYEQJYFXD0X0R,2026-01-20T23:40:53.052773692Z
01KFEV9994HZYD828PDC2ZC32J,01KFEV2BZFDRZBG3Y0249RG1TW,2026-01-20T23:19:22.148616744Z,90,2026-01-20T23:19:22.148616744Z,true,2026-01-20T23:20:25.466928957Z,01KFEV2C08ND9C9BYW8N2T146P,2026-01-20T23:19:22.148616744Z,0,2026-01-20T23:19:22.148616744Z,true,2026-01-20T23:20:23.63928336Z,choice,2026-01-20T23:19:22.148616744Z,01KFEV992F8HQ1GF4QAH0Z0678,2026-01-20T23:19:22.148616744Z,true,2026-01-20T23:20:23.616518746Z,true,2026-01-20T23:20:23.656363587Z,01KFEV998Y39XS6ZEDM9DFFMEF,2026-01-20T23:19:22.148616744Z
01KFEVEHK23Y7QHN71PHVQS0CN,01KFEV377XDCWB0CVW0E7ES8WB,2026-01-20T23:22:14.498264176Z,90,2026-01-20T23:22:14.498264176Z,true,2026-01-20T23:23:40.340246246Z,01KFEV378H0PY96RNMJFNCN7TE,2026-01-20T23:22:14.498264176Z,0,2026-01-20T23:22:14.498264176Z,true,2026-01-20T23:23:35.300002163Z,choice,2026-01-20T23:22:14.498264176Z,01KFEVEHGCG7SCGVN0B81NQ5CF,2026-01-20T23:22:14.498264176Z,true,2026-01-20T23:23:35.280357509Z,true,2026-01-20T23:23:35.321498185Z,01KFEVEHJW1MEX0YZPP7Y5ACW9,2026-01-20T23:22:14.498264176Z
01KFEVJWTQ37992BHG0N025Q7Y,01KFEV38A01XZ4DPRPFKRE96P8,2026-01-20T23:24:37.079393915Z,30,2026-01-20T23:24:37.079393915Z,true,2026-01-20T23:26:05.157906985Z,01KFEV38AJ2CFPYBQZ58NH0V5J,2026-01-20T23:24:37.079393915Z,1,2026-01-20T23:24:37.079393915Z,true,2026-01-20T23:25:57.063856094Z,result,2026-01-20T23:24:37.079393915Z,01KFEVJWRME93DECR96HK88Y43,2026-01-20T23:24:37.079393915Z,true,2026-01-20T23:25:57.036572691Z,true,2026-01-20T23:25:57.081210085Z,01KFEVJWTKARAA3RG7AWTMDAKD,2026-01-20T23:24:37.079393915Z
01KFEVF1Y0NKFHCSMG39M5TCZP,01KFEV377XDCWB0CVW0E7ES8WB,2026-01-20T23:22:31.232267467Z,90,2026-01-20T23:22:31.232267467Z,true,2026-01-20T23:24:38.568461852Z,01KFEV378PDZP87HXSESW6BA01,2026-01-20T23:22:31.232267467Z,0,2026-01-20T23:22:31.232267467Z,true,2026-01-20T23:24:31.390750388Z,choice,2026-01-20T23:22:31.232267467Z,01KFEVF1QBSXYJD0FP6FAXF31Z,2026-01-20T23:22:31.232267467Z,true,2026-01-20T23:24:31.347901617Z,true,2026-01-20T23:24:31.404115647Z,01KFEVF1XS3QSA6ESE96RHWJYV,2026-01-20T23:22:31.232267467Z
01KFEWE9AYVM4G7HE3EAHEA38J,01KFEVMN9Q125N5N16W4WNYJXF,2026-01-20T23:39:34.622215931Z,30,2026-01-20T23:39:34.622215931Z,true,2026-01-20T23:41:41.803439504Z,01KFEVMNAWK7WRWM1AMQZKX6SA,2026-01-20T23:39:34.622215931Z,1,2026-01-20T23:39:34.622215931Z,true,2026-01-20T23:41:32.795569083Z,result,2026-01-20T23:39:34.622215931Z,01KFEWE8VTHQXWKT1AXEXQ666A,2026-01-20T23:39:34.622215931Z,true,2026-01-20T23:41:32.734690015Z,true,2026-01-20T23:41:32.826217617Z,01KFEWE9AJNF0T1RPNP4WBH4ME,2026-01-20T23:39:34.622215931Z
01KFEWF09S6CXYAG3DP1R0WSXS,01KFEVMNF44NEM58ETFST7KTWM,2026-01-20T23:39:58.137803075Z,90,2026-01-20T23:39:58.137803075Z,true,2026-01-20T23:41:48.942859721Z,01KFEVMNHFNDCGHX9QBBFN387E,2026-01-20T23:39:58.137803075Z,0,2026-01-20T23:39:58.137803075Z,true,2026-01-20T23:41:45.468380926Z,choice,2026-01-20T23:39:58.137803075Z,01KFEWEZXNEDY2H8JE28VJABXP,2026-01-20T23:39:58.137803075Z,true,2026-01-20T23:41:45.424759478Z,true,2026-01-20T23:41:45.502394684Z,01KFEWF09EAK1KBCG776MHAH8W,2026-01-20T23:39:58.137803075Z
01KFEWKB3BEYG8S6FYPB4N0SPR,01KFEV38A01XZ4DPRPFKRE96P8,2026-01-20T23:42:20.267632063Z,30,2026-01-20T23:42:20.267632063Z,false,2026-01-20T23:42:20.267632063Z,01KFEV38AGG0Y2K5R4FB90SKZX,2026-01-20T23:42:20.267632063Z,1,2026-01-20T23:42:20.267632063Z,,,result,2026-01-20T23:42:20.267632063Z,01KFEWKAP9NM5KSTJ2SMHS8940,2026-01-20T23:42:20.267632063Z,false,2026-01-20T23:42:20.267632063Z,,,01KFEWKB2RWN2QB9E0P74VR5VD,2026-01-20T23:42:20.267632063Z
01KFEWVMSVMKTNGHC1HNZHYHAT,01KFEV38GJVYY8P8B7QXSW6BTE,2026-01-20T23:46:52.347628644Z,90,2026-01-20T23:46:52.347628644Z,true,2026-01-20T23:48:20.061313481Z,01KFEV38H0S2Y42XZDBCZ2KPGY,2026-01-20T23:46:52.347628644Z,0,2026-01-20T23:46:52.347628644Z,true,2026-01-20T23:48:18.068658087Z,choice,2026-01-20T23:46:52.347628644Z,01KFEWVM8TZBQMYHEAZT7F552E,2026-01-20T23:46:52.347628644Z,true,2026-01-20T23:48:18.006282955Z,true,2026-01-20T23:48:18.103514166Z,01KFEWVMSJ829Y1825G2S7JJ6P,2026-01-20T23:46:52.347628644Z
01KFEVH4F0D962CV5WY3Q9TBGR,01KFEV37PBC6DGWCX0HT0QWYJR,2026-01-20T23:23:39.360429446Z,90,2026-01-20T23:23:39.360429446Z,true,2026-01-20T23:26:00.671818365Z,01KFEV37PYV9HETXX2PC055NBT,2026-01-20T23:23:39.360429446Z,0,2026-01-20T23:23:39.360429446Z,true,2026-01-20T23:25:56.993007714Z,choice,2026-01-20T23:23:39.360429446Z,01KFEVH47TY8YTKZSSJDE27NRX,2026-01-20T23:23:39.360429446Z,true,2026-01-20T23:25:56.970182761Z,true,2026-01-20T23:25:57.012771071Z,01KFEVH4EWCBYTBD0D2RHCA672,2026-01-20T23:23:39.360429446Z
01KFEVS31VSME3P469BX9BSQTY,01KFEV37PBC6DGWCX0HT0QWYJR,2026-01-20T23:28:00.059787234Z,30,2026-01-20T23:28:00.059787234Z,true,2026-01-20T23:28:40.911627108Z,01KFEV37PV76WD06T50QFKE80T,2026-01-20T23:28:00.059787234Z,1,2026-01-20T23:28:00.059787234Z,true,2026-01-20T23:28:10.887827138Z,result,2026-01-20T23:28:00.059787234Z,01KFEVS2YJ0NN9TXX80TR4EBXB,2026-01-20T23:28:00.059787234Z,true,2026-01-20T23:28:10.856400772Z,true,2026-01-20T23:28:10.912076695Z,01KFEVS31F4S0YSXK9Y4Z2CT83,2026-01-20T23:28:00.059787234Z
01KFEW9S87B94BVRRM6GB197X2,01KFEV38A01XZ4DPRPFKRE96P8,2026-01-20T23:37:07.079365222Z,30,2026-01-20T23:37:07.079365222Z,true,2026-01-20T23:40:39.579844306Z,01KFEV38AJ2CFPYBQZ5JKK7PV4,2026-01-20T23:37:07.079365222Z,1,2026-01-20T23:37:07.079365222Z,true,2026-01-20T23:40:37.6835014Z,result,2026-01-20T23:37:07.079365222Z,01KFEW9RQ327JZV3KPAF5ZD6ZC,2026-01-20T23:37:07.079365222Z,true,2026-01-20T23:40:37.632555158Z,true,2026-01-20T23:40:37.720355055Z,01KFEW9S7PB9VP2KNA6HN6EXAB,2026-01-20T23:37:07.079365222Z
01KFEVKCQ0PVWGD56KC9DNHZJE,01KFEV37PBC6DGWCX0HT0QWYJR,2026-01-20T23:24:53.344633915Z,30,2026-01-20T23:24:53.344633915Z,true,2026-01-20T23:25:53.917523467Z,01KFEV37PYV9HETXX2PSGE1RKD,2026-01-20T23:24:53.344633915Z,1,2026-01-20T23:24:53.344633915Z,true,2026-01-20T23:25:47.726564203Z,result,2026-01-20T23:24:53.344633915Z,01KFEVKCMTAFBEY86Z8E6DFH9P,2026-01-20T23:24:53.344633915Z,true,2026-01-20T23:25:47.704202606Z,true,2026-01-20T23:25:47.744710889Z,01KFEVKCPS9GRTKS01PDEYPZT6,2026-01-20T23:24:53.344633915Z
01KFEW2KB6FC08ZWX4CJKSZXQ1,01KFEV38GJVYY8P8B7QXSW6BTE,2026-01-20T23:33:11.654734337Z,90,2026-01-20T23:33:11.654734337Z,true,2026-01-20T23:34:35.728214856Z,01KFEV38H48T18ZRM15RETR33C,2026-01-20T23:33:11.654734337Z,0,2026-01-20T23:33:11.654734337Z,true,2026-01-20T23:34:29.75675537Z,choice,2026-01-20T23:33:11.654734337Z,01KFEW2K4KGKP2JV842BC1YZ2S,2026-01-20T23:33:11.654734337Z,true,2026-01-20T23:34:29.719700443Z,true,2026-01-20T23:34:29.784752015Z,01KFEW2KB0YCFVEB85W9CCYCY8,2026-01-20T23:33:11.654734337Z
01KFEVKD05EKYP3KP2A1F6ZTRY,01KFEV37PBC6DGWCX0HT0QWYJR,2026-01-20T23:24:53.637541488Z,30,2026-01-20T23:24:53.637541488Z,true,2026-01-20T23:28:29.369592766Z,01KFEV37PYV9HETXX2PSGE1RKD,2026-01-20T23:24:53.637541488Z,1,2026-01-20T23:24:53.637541488Z,true,2026-01-20T23:28:15.471277242Z,result,2026-01-20T23:24:53.637541488Z,01KFEVKCMC5SWQG5B0D7EEAX5H,2026-01-20T23:24:53.637541488Z,true,2026-01-20T23:28:15.443589927Z,true,2026-01-20T23:28:15.492225716Z,01KFEVKCZX05PPF72BXGQTHAR4,2026-01-20T23:24:53.637541488Z
01KFEW0GS1DAV1DA8802P7WB52,01KFEV37PBC6DGWCX0HT0QWYJR,2026-01-20T23:32:03.489827519Z,30,2026-01-20T23:32:03.489827519Z,true,2026-01-20T23:34:26.14238564Z,01KFEV37Q0WSYAYKWHM2EXN0DN,2026-01-20T23:32:03.489827519Z,1,2026-01-20T23:32:03.489827519Z,true,2026-01-20T23:34:24.433237532Z,result,2026-01-20T23:32:03.489827519Z,01KFEW0GB864QKBAB0HBJ7K4K5,2026-01-20T23:32:03.489827519Z,true,2026-01-20T23:34:24.398117967Z,true,2026-01-20T23:34:24.462589127Z,01KFEW0GRQK6N44S5H2HR7E2QW,2026-01-20T23:32:03.489827519Z
01KFEWKB6VDW6VM8SZXN7BH20Y,01KFEV38A01XZ4DPRPFKRE96P8,2026-01-20T23:42:20.379852815Z,90,2026-01-20T23:42:20.379852815Z,false,2026-01-20T23:42:20.379852815Z,01KFEV38AGG0Y2K5R4FB90SKZX,2026-01-20T23:42:20.379852815Z,0,2026-01-20T23:42:20.379852815Z,,,choice,2026-01-20T23:42:20.379852815Z,01KFEWKAPTFNTC4GXHMRJ6N0TA,2026-01-20T23:42:20.379852815Z,false,2026-01-20T23:42:20.379852815Z,,,01KFEWKB6KSHP0ZM3WNMKS9ZNQ,2026-01-20T23:42:20.379852815Z
01KFEWVMJEEH46A47Y61PHK6A6,01KFEV38GJVYY8P8B7QXSW6BTE,2026-01-20T23:46:52.110494212Z,30,2026-01-20T23:46:52.110494212Z,true,2026-01-20T23:47:58.630570232Z,01KFEV38H0S2Y42XZDBCZ2KPGY,2026-01-20T23:46:52.110494212Z,1,2026-01-20T23:46:52.110494212Z,true,2026-01-20T23:47:43.159362774Z,result,2026-01-20T23:46:52.110494212Z,01KFEWVM7CQ9H0PTQTY7SKFW6P,2026-01-20T23:46:52.110494212Z,true,2026-01-20T23:47:43.106679814Z,true,2026-01-20T23:47:43.192958452Z,01KFEWVMHVBR9RHFC2NJ6D8TNT,2026-01-20T23:46:52.110494212Z
01KFEVJEN099C79VHE8CJMGV26,01KFEV37CWX6SQYA0RPR0C01MW,2026-01-20T23:24:22.562029003Z,30,2026-01-20T23:24:22.562029003Z,true,2026-01-20T23:25:29.763200974Z,01KFEV37DE991T271V0NJ5BY6K,2026-01-20T23:24:22.562029003Z,1,2026-01-20T23:24:22.562029003Z,true,2026-01-20T23:25:25.133743506Z,result,2026-01-20T23:24:22.562029003Z,01KFEVJEJYXA23FJWXTM65DZ1R,2026-01-20T23:24:22.562029003Z,true,2026-01-20T23:25:25.109572548Z,true,2026-01-20T23:25:25.148707389Z,01KFEVJEMQK1RE8ZRJ8FK0BFH0,2026-01-20T23:24:22.562029003Z
01KFEW1APZG521D8Y44RHCM4F9,01KFEV384BJYC62Y0E6AQK09K8,2026-01-20T23:32:30.047771448Z,90,2026-01-20T23:32:30.047771448Z,true,2026-01-20T23:33:17.81157607Z,01KFEV385166A8JYCZ9G4DMHRQ,2026-01-20T23:32:30.047771448Z,0,2026-01-20T23:32:30.047771448Z,true,2026-01-20T23:33:15.268745261Z,choice,2026-01-20T23:32:30.047771448Z,01KFEW1AHK7P065S468G6XKRHA,2026-01-20T23:32:30.047771448Z,true,2026-01-20T23:33:15.23010881Z,true,2026-01-20T23:33:15.290841574Z,01KFEW1APRX8MSFZ95RS2RYTXG,2026-01-20T23:32:30.047771448Z
01KFEV9944WW8FYX779HCGANJN,01KFEV2BZFDRZBG3Y0249RG1TW,2026-01-20T23:19:21.98883949Z,30,2026-01-20T23:19:21.98883949Z,true,2026-01-20T23:19:46.377233495Z,01KFEV2C08ND9C9BYW8N2T146P,2026-01-20T23:19:21.98883949Z,1,2026-01-20T23:19:21.98883949Z,true,2026-01-20T23:19:44.132630867Z,result,2026-01-20T23:19:21.98883949Z,01KFEV9923DJ5VCDJPCWV8F272,2026-01-20T23:19:21.98883949Z,true,2026-01-20T23:19:44.116772582Z,true,2026-01-20T23:19:44.143996936Z,01KFEV9941F87FTKY8SXM4K0KA,2026-01-20T23:19:21.98883949Z
01KFEVPNWK629HTXF3V70YKAXH,01KFEVMN9Q125N5N16W4WNYJXF,2026-01-20T23:26:41.043607999Z,90,2026-01-20T23:26:41.043607999Z,true,2026-01-20T23:29:31.796010512Z,01KFEVMNB841AFDZFM4WSW4FTD,2026-01-20T23:26:41.043607999Z,0,2026-01-20T23:26:41.043607999Z,true,2026-01-20T23:29:28.658100999Z,choice,2026-01-20T23:26:41.043607999Z,01KFEVPNH8ZPMZ16RW6XYTJZST,2026-01-20T23:26:41.043607999Z,true,2026-01-20T23:29:28.607105088Z,true,2026-01-20T23:29:28.683001264Z,01KFEVPNWCJW46WJ61P3893B41,2026-01-20T23:26:41.043607999Z
01KFEVFBJM825RK5TAGDE0GGZX,01KFEV377XDCWB0CVW0E7ES8WB,2026-01-20T23:22:41.108902807Z,30,2026-01-20T23:22:41.108902807Z,true,2026-01-20T23:26:03.681391933Z,01KFEV378H0PY96RNMJTMM0E4X,2026-01-20T23:22:41.108902807Z,1,2026-01-20T23:22:41.108902807Z,true,2026-01-20T23:25:59.335190903Z,result,2026-01-20T23:22:41.108902807Z,01KFEVFBCAGNBZPQ8S80FVD5F6,2026-01-20T23:22:41.108902807Z,true,2026-01-20T23:25:59.307970155Z,true,2026-01-20T23:25:59.353122272Z,01KFEVFBJFSR0MF3DWT7BHPFXX,2026-01-20T23:22:41.108902807Z
01KFEWB9CZCFCFGMP4CVNQWGXC,01KFEV38GJVYY8P8B7QXSW6BTE,2026-01-20T23:37:56.383423503Z,30,2026-01-20T23:37:56.383423503Z,true,2026-01-20T23:39:09.578695829Z,01KFEV38H8T2V9428VC9T7MEBA,2026-01-20T23:37:56.383423503Z,1,2026-01-20T23:37:56.383423503Z,true,2026-01-20T23:39:02.38534735Z,result,2026-01-20T23:37:56.383423503Z,01KFEWB94KQ2XE0PFRQY8WXWM9,2026-01-20T23:37:56.383423503Z,true,2026-01-20T23:39:02.336811593Z,true,2026-01-20T23:39:02.420538094Z,01KFEWB9CHGJ59TX6AMFTXFFVR,2026-01-20T23:37:56.383423503Z
01KFEW2KNJ2C7D0SHT0RJT0QGC,01KFEV38GJVYY8P8B7QXSW6BTE,2026-01-20T23:33:11.986525618Z,30,2026-01-20T23:33:11.986525618Z,true,2026-01-20T23:36:25.199511681Z,01KFEV38H48T18ZRM15RETR33C,2026-01-20T23:33:11.986525618Z,1,2026-01-20T23:33:11.986525618Z,true,2026-01-20T23:36:14.303786206Z,result,2026-01-20T23:33:11.986525618Z,01KFEW2K5Q3YTG9F7JD6J5VSNS,2026-01-20T23:33:11.986525618Z,true,2026-01-20T23:36:14.262306737Z,true,2026-01-20T23:36:14.333880369Z,01KFEW2KNAFV0J9PQ67GZFNTBD,2026-01-20T23:33:11.986525618Z
01KFEW7Q73EXKGKF5NHXNCEY9S,01KFEVMNF44NEM58ETFST7KTWM,2026-01-20T23:35:59.459403002Z,30,2026-01-20T23:35:59.459403002Z,false,2026-01-20T23:35:59.459403002Z,01KFEVMNH60E845G0BNN18WWCX,2026-01-20T23:35:59.459403002Z,1,2026-01-20T23:35:59.459403002Z,,,result,2026-01-20T23:35:59.459403002Z,01KFEW7PS0MHSB7HY9XCEKW0GX,2026-01-20T23:35:59.459403002Z,false,2026-01-20T23:35:59.459403002Z,,,01KFEW7Q6SH1JQGNS05PV07ETA,2026-01-20T23:35:59.459403002Z
01KFEVCJPVSFA1TR0TAYVP05P0,01KFEV2BZFDRZBG3Y0249RG1TW,2026-01-20T23:21:10.107475606Z,30,2026-01-20T23:21:10.107475606Z,false,2026-01-20T23:21:10.107475606Z,01KFEV2C0EQZAQP8AFWFARX9S3,2026-01-20T23:21:10.107475606Z,1,2026-01-20T23:21:10.107475606Z,,,result,2026-01-20T23:21:10.107475606Z,01KFEVCJK1KC7482607TFTQRX1,2026-01-20T23:21:10.107475606Z,false,2026-01-20T23:21:10.107475606Z,,,01KFEVCJPRY5KDAM24KAAG7RH6,2026-01-20T23:21:10.107475606Z
01KFEVH49VWNJJ92V568SKMVWH,01KFEV37PBC6DGWCX0HT0QWYJR,2026-01-20T23:23:39.195436713Z,90,2026-01-20T23:23:39.195436713Z,true,2026-01-20T23:24:10.916017227Z,01KFEV37PYV9HETXX2PC055NBT,2026-01-20T23:23:39.195436713Z,0,2026-01-20T23:23:39.195436713Z,true,2026-01-20T23:24:05.428385608Z,choice,2026-01-20T23:23:39.195436713Z,01KFEVH4832VJZB12Y0Z5J9ZVB,2026-01-20T23:23:39.195436713Z,true,2026-01-20T23:24:05.413267134Z,true,2026-01-20T23:24:05.447683845Z,01KFEVH49K9F38NTQAR04XRMX2,2026-01-20T23:23:39.195436713Z
01KFEVJWXA2T5N5PGPHSZ0ACP7,01KFEV38A01XZ4DPRPFKRE96P8,2026-01-20T23:24:37.162213638Z,30,2026-01-20T23:24:37.162213638Z,true,2026-01-20T23:28:38.078886472Z,01KFEV38AJ2CFPYBQZ58NH0V5J,2026-01-20T23:24:37.162213638Z,1,2026-01-20T23:24:37.162213638Z,true,2026-01-20T23:28:33.363067374Z,result,2026-01-20T23:24:37.162213638Z,01KFEVJWS0K3DC7EYBN1SH6BCA,2026-01-20T23:24:37.162213638Z,true,2026-01-20T23:28:33.331834705Z,true,2026-01-20T23:28:33.383762439Z,01KFEVJWX68ZRRMQPGF4VP217H,2026-01-20T23:24:37.162213638Z
01KFEW0GDY8ADY90DYMF0V5TWM,01KFEV37PBC6DGWCX0HT0QWYJR,2026-01-20T23:32:03.134392932Z,30,2026-01-20T23:32:03.134392932Z,true,2026-01-20T23:32:53.098608394Z,01KFEV37Q0WSYAYKWHM2EXN0DN,2026-01-20T23:32:03.134392932Z,1,2026-01-20T23:32:03.134392932Z,true,2026-01-20T23:32:50.365304609Z,result,2026-01-20T23:32:03.134392932Z,01KFEW0G95HGEBJ66PJEE5BWT0,2026-01-20T23:32:03.134392932Z,true,2026-01-20T23:32:50.329454827Z,true,2026-01-20T23:32:50.398561489Z,01KFEW0GDM7T4XBT9WDX56XT69,2026-01-20T23:32:03.134392932Z
01KFEW9P5E097M0S691RDYJVSV,01KFEV384BJYC62Y0E6AQK09K8,2026-01-20T23:37:03.918593996Z,30,2026-01-20T23:37:03.918593996Z,false,2026-01-20T23:37:03.918593996Z,01KFEV384Z68A1Z7ZGWS1GDSZK,2026-01-20T23:37:03.918593996Z,1,2026-01-20T23:37:03.918593996Z,,,result,2026-01-20T23:37:03.918593996Z,01KFEW9NH9MA47TV6CW0R83E8A,2026-01-20T23:37:03.918593996Z,false,2026-01-20T23:37:03.918593996Z,,,01KFEW9P50HMS57VC73191SBAF,2026-01-20T23:37:03.918593996Z
01KFEVCJS7561WD24XFF8Q6PYH,01KFEV2BZFDRZBG3Y0249RG1TW,2026-01-20T23:21:10.183456593Z,30,2026-01-20T23:21:10.183456593Z,false,2026-01-20T23:21:10.183456593Z,01KFEV2C0EQZAQP8AFWFARX9S3,2026-01-20T23:21:10.183456593Z,1,2026-01-20T23:21:10.183456593Z,,,result,2026-01-20T23:21:10.183456593Z,01KFEVCJJXA2KP5H77M4XMQD3H,2026-01-20T23:21:10.183456593Z,false,2026-01-20T23:21:10.183456593Z,,,01KFEVCJS4ST6KQASAWPFE5HMS,2026-01-20T23:21:10.183456593Z
01KFEVKCWRHS25E69CNNSC75BB,01KFEV37PBC6DGWCX0HT0QWYJR,2026-01-20T23:24:53.5280898Z,90,2026-01-20T23:24:53.5280898Z,true,2026-01-20T23:27:32.548982794Z,01KFEV37PYV9HETXX2PSGE1RKD,2026-01-20T23:24:53.5280898Z,0,2026-01-20T23:24:53.5280898Z,true,2026-01-20T23:27:26.833187592Z,choice,2026-01-20T23:24:53.5280898Z,01KFEVKCMEF072A8GSMNZM7WH6,2026-01-20T23:24:53.5280898Z,true,2026-01-20T23:27:26.808770405Z,true,2026-01-20T23:27:26.855227799Z,01KFEVKCWEP0YZYBYE01ZKWEHG,2026-01-20T23:24:53.5280898Z
01KFEVPNKWPKWNQWV2Q0916KSQ,01KFEVMN9Q125N5N16W4WNYJXF,2026-01-20T23:26:40.764488817Z,30,2026-01-20T23:26:40.764488817Z,true,2026-01-20T23:27:56.132494379Z,01KFEVMNB841AFDZFM4WSW4FTD,2026-01-20T23:26:40.764488817Z,1,2026-01-20T23:26:40.764488817Z,true,2026-01-20T23:27:41.456296252Z,result,2026-01-20T23:26:40.764488817Z,01KFEVPNFZCX04WK3RJCDA9DSA,2026-01-20T23:26:40.764488817Z,true,2026-01-20T23:27:41.43044418Z,true,2026-01-20T23:27:41.475670837Z,01KFEVPNKPQKHSHWTV2Y6J4RQV,2026-01-20T23:26:40.764488817Z
01KFEWGNZQMCWQ6MA4QQP17D1X,01KFEVMNNQTH6Q6DMJG65NFGVF,2026-01-20T23:40:53.111885126Z,90,2026-01-20T23:40:53.111885126Z,false,2026-01-20T23:40:53.111885126Z,01KFEVMNQ7WSYMPADRKJJ7K0T0,2026-01-20T23:40:53.111885126Z,0,2026-01-20T23:40:53.111885126Z,,,choice,2026-01-20T23:40:53.111885126Z,01KFEWGN9AJ8SNRK2E4CMKWTTX,2026-01-20T23:40:53.111885126Z,false,2026-01-20T23:40:53.111885126Z,,,01KFEWGNZD4DACFYN55G2YDYSA,2026-01-20T23:40:53.111885126Z
01KFEVS3783B3ECFE3A61GMF5Y,01KFEV37PBC6DGWCX0HT0QWYJR,2026-01-20T23:28:00.232478235Z,30,2026-01-20T23:28:00.232478235Z,true,2026-01-20T23:29:33.117625004Z,01KFEV37PV76WD06T50QFKE80T,2026-01-20T23:28:00.232478235Z,1,2026-01-20T23:28:00.232478235Z,true,2026-01-20T23:29:15.95959053Z,result,2026-01-20T23:28:00.232478235Z,01KFEVS2ZS0Q9JMWBXYXR9JRBV,2026-01-20T23:28:00.232478235Z,true,2026-01-20T23:29:15.932198773Z,true,2026-01-20T23:29:15.993742268Z,01KFEVS36W45Q5HAEYYD1VC8PS,2026-01-20T23:28:00.232478235Z
01KFEW0GG4215KN6D8DBW0CWV5,01KFEV37PBC6DGWCX0HT0QWYJR,2026-01-20T23:32:03.204689991Z,30,2026-01-20T23:32:03.204689991Z,true,2026-01-20T23:33:08.300635788Z,01KFEV37Q0WSYAYKWHM2EXN0DN,2026-01-20T23:32:03.204689991Z,1,2026-01-20T23:32:03.204689991Z,true,2026-01-20T23:33:04.855080884Z,result,2026-01-20T23:32:03.204689991Z,01KFEW0G9D7HY4DT2F92JJP28V,2026-01-20T23:32:03.204689991Z,true,2026-01-20T23:33:04.820486274Z,true,2026-01-20T23:33:04.886025996Z,01KFEW0GFTSEESBSG9PXXMQSX2,2026-01-20T23:32:03.204689991Z
01KFEWE94V028GVN39MNGR42GD,01KFEVMN9Q125N5N16W4WNYJXF,2026-01-20T23:39:34.427498085Z,30,2026-01-20T23:39:34.427498085Z,true,2026-01-20T23:41:21.953791164Z,01KFEVMNAWK7WRWM1AMQZKX6SA,2026-01-20T23:39:34.427498085Z,1,2026-01-20T23:39:34.427498085Z,true,2026-01-20T23:41:07.903332324Z,result,2026-01-20T23:39:34.427498085Z,01KFEWE8X78MX8FTH7TFT5G1TY,2026-01-20T23:39:34.427498085Z,true,2026-01-20T23:41:07.853236751Z,true,2026-01-20T23:41:07.941862539Z,01KFEWE94CAEZD35J3J2D868C6,2026-01-20T23:39:34.427498085Z
01KFEW2K90Z38CVEMEDBTXC7HT,01KFEV38GJVYY8P8B7QXSW6BTE,2026-01-20T23:33:11.584728981Z,90,2026-01-20T23:33:11.584728981Z,true,2026-01-20T23:33:52.611573526Z,01KFEV38H48T18ZRM15RETR33C,2026-01-20T23:33:11.584728981Z,0,2026-01-20T23:33:11.584728981Z,true,2026-01-20T23:33:41.7491017Z,choice,2026-01-20T23:33:11.584728981Z,01KFEW2K4DS1T10ZD4EFNDXX1X,2026-01-20T23:33:11.584728981Z,true,2026-01-20T23:33:41.716771598Z,true,2026-01-20T23:33:41.782353333Z,01KFEW2K8SAZ09SQ4RVMYV7CX4,2026-01-20T23:33:11.584728981Z
01KFEW2A2C027P7GBJN6PE70QR,01KFEV38A01XZ4DPRPFKRE96P8,2026-01-20T23:33:02.156996537Z,90,2026-01-20T23:33:02.156996537Z,true,2026-01-20T23:33:37.303004592Z,01KFEV38AHTHHCNTDGHAJN0GXG,2026-01-20T23:33:02.156996537Z,0,2026-01-20T23:33:02.156996537Z,true,2026-01-20T23:33:30.173985298Z,choice,2026-01-20T23:33:02.156996537Z,01KFEW29XHVV27TK4HQZQPZFPD,2026-01-20T23:33:02.156996537Z,true,2026-01-20T23:33:30.137909808Z,true,2026-01-20T23:33:30.203895662Z,01KFEW2A27C2SJBD8C5JEG6RKX,2026-01-20T23:33:02.156996537Z
01KFEVNKAPBT42094FPXQRY373,01KFEV38GJVYY8P8B7QXSW6BTE,2026-01-20T23:26:05.654603776Z,90,2026-01-20T23:26:05.654603776Z,false,2026-01-20T23:26:05.654603776Z,01KFEV38H72YHVC8PGTMFH64KV,2026-01-20T23:26:05.654603776Z,0,2026-01-20T23:26:05.654603776Z,,,choice,2026-01-20T23:26:05.654603776Z,01KFEVNK2MA2SDS3S0QQQ1EMJZ,2026-01-20T23:26:05.654603776Z,false,2026-01-20T23:26:05.654603776Z,,,01KFEVNKAHPCKW0X152XRRNTYZ,2026-01-20T23:26:05.654603776Z
01KFEV993QHWEYQB55QWK2JTP9,01KFEV2BZFDRZBG3Y0249RG1TW,2026-01-20T23:19:21.975238986Z,90,2026-01-20T23:19:21.975238986Z,true,2026-01-20T23:19:27.228167874Z,01KFEV2C08ND9C9BYW8N2T146P,2026-01-20T23:19:21.975238986Z,0,2026-01-20T23:19:21.975238986Z,true,2026-01-20T23:19:22.954388045Z,choice,2026-01-20T23:19:21.975238986Z,01KFEV9921HAKCJZWRN603XZDD,2026-01-20T23:19:21.975238986Z,true,2026-01-20T23:19:22.93289622Z,true,2026-01-20T23:19:22.965128954Z,01KFEV993JTS5F3QQ6HVTMD0QZ,2026-01-20T23:19:21.975238986Z
01KFEV996W2GT7KCSMS15KN5KK,01KFEV2BZFDRZBG3Y0249RG1TW,2026-01-20T23:19:22.076595413Z,90,2026-01-20T23:19:22.076595413Z,true,2026-01-20T23:20:13.527575363Z,01KFEV2C08ND9C9BYW8N2T146P,2026-01-20T23:19:22.076595413Z,0,2026-01-20T23:19:22.076595413Z,true,2026-01-20T23:20:12.196982368Z,choice,2026-01-20T23:19:22.076595413Z,01KFEV992C5DA5CC9EBC041N3A,2026-01-20T23:19:22.076595413Z,true,2026-01-20T23:20:12.180792855Z,true,2026-01-20T23:20:12.21894479Z,01KFEV996B5T5YMPDSYERXQDPW,2026-01-20T23:19:22.076595413Z
01KFEW9SC92GGRP8135DDNP506,01KFEV38A01XZ4DPRPFKRE96P8,2026-01-20T23:37:07.209623192Z,30,2026-01-20T23:37:07.209623192Z,true,2026-01-20T23:41:07.126181144Z,01KFEV38AJ2CFPYBQZ5JKK7PV4,2026-01-20T23:37:07.209623192Z,1,2026-01-20T23:37:07.209623192Z,true,2026-01-20T23:40:51.985887383Z,result,2026-01-20T23:37:07.209623192Z,01KFEW9RP7W5QZSAE6HSN0A735,2026-01-20T23:37:07.209623192Z,true,2026-01-20T23:40:51.875794239Z,true,2026-01-20T23:40:52.022743047Z,01KFEW9SBY9Y0V7F5Y27Y353RG,2026-01-20T23:37:07.209623192Z
01KFEW9RTB6ZPR264S66YKAN1Z,01KFEV38A01XZ4DPRPFKRE96P8,2026-01-20T23:37:06.635255084Z,90,2026-01-20T23:37:06.635255084Z,true,2026-01-20T23:37:21.592179192Z,01KFEV38AJ2CFPYBQZ5JKK7PV4,2026-01-20T23:37:06.635255084Z,0,2026-01-20T23:37:06.635255084Z,true,2026-01-20T23:37:09.613188664Z,choice,2026-01-20T23:37:06.635255084Z,01KFEW9RNHPCEBV7E7PA75FXT1,2026-01-20T23:37:06.635255084Z,true,2026-01-20T23:37:09.570847417Z,true,2026-01-20T23:37:09.646718095Z,01KFEW9RT42W79T17GGCDF42KT,2026-01-20T23:37:06.635255084Z
01KFEW1AY89RPCCQK9FRK79836,01KFEV384BJYC62Y0E6AQK09K8,2026-01-20T23:32:30.280612893Z,30,2026-01-20T23:32:30.280612893Z,true,2026-01-20T23:33:59.460813639Z,01KFEV385166A8JYCZ9G4DMHRQ,2026-01-20T23:32:30.280612893Z,1,2026-01-20T23:32:30.280612893Z,true,2026-01-20T23:33:48.982454329Z,result,2026-01-20T23:32:30.280612893Z,01KFEW1AJZPPPE7Z0G8BBR056M,2026-01-20T23:32:30.280612893Z,true,2026-01-20T23:33:48.939402022Z,true,2026-01-20T23:33:49.010449129Z,01KFEW1AXX2G2BMH41RH238YX2,2026-01-20T23:32:30.280612893Z
01KFEW2KG527P53BPAEBBAEMCZ,01KFEV38GJVYY8P8B7QXSW6BTE,2026-01-20T23:33:11.813263848Z,30,2026-01-20T23:33:11.813263848Z,true,2026-01-20T23:35:44.595690796Z,01KFEV38H48T18ZRM15RETR33C,2026-01-20T23:33:11.813263848Z,1,2026-01-20T23:33:11.813263848Z,true,2026-01-20T23:35:42.304463476Z,result,2026-01-20T23:33:11.813263848Z,01KFEW2K6YFW0YHD45MRGH06TF,2026-01-20T23:33:11.813263848Z,true,2026-01-20T23:35:42.263361981Z,true,2026-01-20T23:35:42.329973812Z,01KFEW2KFTQPGXR99KZH5QAEYA,2026-01-20T23:33:11.813263848Z
01KFEVFBDQ75GJ5ZJRHNNWPW5A,01KFEV377XDCWB0CVW0E7ES8WB,2026-01-20T23:22:40.951849118Z,30,2026-01-20T23:22:40.951849118Z,true,2026-01-20T23:23:18.791950441Z,01KFEV378H0PY96RNMJTMM0E4X,2026-01-20T23:22:40.951849118Z,1,2026-01-20T23:22:40.951849118Z,true,2026-01-20T23:22:48.776776525Z,result,2026-01-20T23:22:40.951849118Z,01KFEVFBBRK2GJ0MGS3FRA88XS,2026-01-20T23:22:40.951849118Z,true,2026-01-20T23:22:48.759941433Z,true,2026-01-20T23:22:48.787288733Z,01KFEVFBDKVC8CFT4YR6QYE964,2026-01-20T23:22:40.951849118Z
01KFEVHAWC6CN69W0DMKDXV6RB,01KFEV384BJYC62Y0E6AQK09K8,2026-01-20T23:23:45.932916853Z,30,2026-01-20T23:23:45.932916853Z,true,2026-01-20T23:25:38.007600237Z,01KFEV384Y33BFECW27AH8GSGD,2026-01-20T23:23:45.932916853Z,1,2026-01-20T23:23:45.932916853Z,true,2026-01-20T23:25:22.333976263Z,result,2026-01-20T23:23:45.932916853Z,01KFEVHAPNHDSTG2VZVHXASK93,2026-01-20T23:23:45.932916853Z,true,2026-01-20T23:25:22.312203956Z,true,2026-01-20T23:25:22.345022312Z,01KFEVHAW88N4PCQ68PG8PTTTG,2026-01-20T23:23:45.932916853Z
01KFEW9S9ADQ13VTXXA4YYJ4N7,01KFEV38A01XZ4DPRPFKRE96P8,2026-01-20T23:37:07.114956152Z,90,2026-01-20T23:37:07.114956152Z,true,2026-01-20T23:40:42.477635265Z,01KFEV38AJ2CFPYBQZ5JKK7PV4,2026-01-20T23:37:07.114956152Z,0,2026-01-20T23:37:07.114956152Z,true,2026-01-20T23:40:39.795087229Z,choice,2026-01-20T23:37:07.114956152Z,01KFEW9RPTMR1X74362ZJ5HND1,2026-01-20T23:37:07.114956152Z,true,2026-01-20T23:40:39.73437971Z,true,2026-01-20T23:40:39.831001525Z,01KFEW9S93MRZWZXDCDXJFA4F6,2026-01-20T23:37:07.114956152Z
01KFEVB9Z203Y6BN1YKEAJPS48,01KFEV2BZFDRZBG3Y0249RG1TW,2026-01-20T23:20:28.386758178Z,30,2026-01-20T23:20:28.386758178Z,false,2026-01-20T23:20:28.386758178Z,01KFEV2C0BAXD2XBMY5020521J,2026-01-20T23:20:28.386758178Z,1,2026-01-20T23:20:28.386758178Z,,,result,2026-01-20T23:20:28.386758178Z,01KFEVB9TXHB6S8865ZM5WQS2P,2026-01-20T23:20:28.386758178Z,false,2026-01-20T23:20:28.386758178Z,,,01KFEVB9YW9Z8Q7X3BMB16XAW2,2026-01-20T23:20:28.386758178Z
01KFEVCJTVYTR4M1X6CVCW0N7Y,01KFEV2BZFDRZBG3Y0249RG1TW,2026-01-20T23:21:10.235558125Z,90,2026-01-20T23:21:10.235558125Z,false,2026-01-20T23:21:10.235558125Z,01KFEV2C0EQZAQP8AFWFARX9S3,2026-01-20T23:21:10.235558125Z,0,2026-01-20T23:21:10.235558125Z,,,choice,2026-01-20T23:21:10.235558125Z,01KFEVCJJFMJ8HDKCSRWSXRPN2,2026-01-20T23:21:10.235558125Z,false,2026-01-20T23:21:10.235558125Z,,,01KFEVCJTNA1G40WT7SFNKAKP2,2026-01-20T23:21:10.235558125Z
01KFEWKB2V5QJYXHPNBDX5ZBCB,01KFEV38A01XZ4DPRPFKRE96P8,2026-01-20T23:42:20.251589157Z,90,2026-01-20T23:42:20.251589157Z,false,2026-01-20T23:42:20.251589157Z,01KFEV38AGG0Y2K5R4FB90SKZX,2026-01-20T23:42:20.251589157Z,0,2026-01-20T23:42:20.251589157Z,,,choice,2026-01-20T23:42:20.251589157Z,01KFEWKAP9NM5KSTJ2SMHS8940,2026-01-20T23:42:20.251589157Z,false,2026-01-20T23:42:20.251589157Z,,,01KFEWKB2NQKXG1PRVHDYEDJ33,2026-01-20T23:42:20.251589157Z
01KFEW9RYRCQWM6EY382PHABHT,01KFEV38A01XZ4DPRPFKRE96P8,2026-01-20T23:37:06.776787859Z,90,2026-01-20T23:37:06.776787859Z,true,2026-01-20T23:39:01.115306536Z,01KFEV38AJ2CFPYBQZ5JKK7PV4,2026-01-20T23:37:06.776787859Z,0,2026-01-20T23:37:06.776787859Z,true,2026-01-20T23:38:33.492192915Z,choice,2026-01-20T23:37:06.776787859Z,01KFEW9RS4ARACABCS30DH1PYC,2026-01-20T23:37:06.776787859Z,true,2026-01-20T23:38:33.451400643Z,true,2026-01-20T23:38:33.528402539Z,01KFEW9RYK4NQ2KGPTYQR9NHH7,2026-01-20T23:37:06.776787859Z
01KFEWF0FCSBNNMTKWT8V6R4G5,01KFEVMNF44NEM58ETFST7KTWM,2026-01-20T23:39:58.316092261Z,90,2026-01-20T23:39:58.316092261Z,true,2026-01-20T23:42:46.329034064Z,01KFEVMNHFNDCGHX9QBBFN387E,2026-01-20T23:39:58.316092261Z,0,2026-01-20T23:39:58.316092261Z,true,2026-01-20T23:42:43.172564247Z,choice,2026-01-20T23:39:58.316092261Z,01KFEWEZYP42AF5N6JACS5HZ97,2026-01-20T23:39:58.316092261Z,true,2026-01-20T23:42:43.126872983Z,true,2026-01-20T23:42:43.203279672Z,01KFEWF0F6AQR6PGGTNXMYM78G,2026-01-20T23:39:58.316092261Z
01KFEWVMVS3Y7Q8JTWHJRB6RGC,01KFEV38GJVYY8P8B7QXSW6BTE,2026-01-20T23:46:52.409830771Z,90,2026-01-20T23:46:52.409830771Z,true,2026-01-20T23:48:31.075844305Z,01KFEV38H0S2Y42XZDBCZ2KPGY,2026-01-20T23:46:52.409830771Z,0,2026-01-20T23:46:52.409830771Z,true,2026-01-20T23:48:29.549207794Z,choice,2026-01-20T23:46:52.409830771Z,01KFEWVM93M1BAFYGWNY053C7Q,2026-01-20T23:46:52.409830771Z,true,2026-01-20T23:48:29.489508518Z,true,2026-01-20T23:48:29.588815183Z,01KFEWVMVJ7ZZ6RCZDYN7E5H8W,2026-01-20T23:46:52.409830771Z
01KFEVBA4D4G3JWZAA5C2Y6HNQ,01KFEV2BZFDRZBG3Y0249RG1TW,2026-01-20T23:20:28.557454963Z,90,2026-01-20T23:20:28.557454963Z,false,2026-01-20T23:20:28.557454963Z,01KFEV2C0BAXD2XBMY5020521J,2026-01-20T23:20:28.557454963Z,0,2026-01-20T23:20:28.557454963Z,,,choice,2026-01-20T23:20:28.557454963Z,01KFEVB9TQQTD68PY5FQ33HF68,2026-01-20T23:20:28.557454963Z,false,2026-01-20T23:20:28.557454963Z,,,01KFEVBA4796XRC4KYYS2KDDHP,2026-01-20T23:20:28.557454963Z
01KFEVF20KAPPR7TZNQDF3SWNR,01KFEV377XDCWB0CVW0E7ES8WB,2026-01-20T23:22:31.315684614Z,90,2026-01-20T23:22:31.315684614Z,true,2026-01-20T23:25:24.112363256Z,01KFEV378PDZP87HXSESW6BA01,2026-01-20T23:22:31.315684614Z,0,2026-01-20T23:22:31.315684614Z,true,2026-01-20T23:25:21.830202527Z,choice,2026-01-20T23:22:31.315684614Z,01KFEVF1QJJ1AJY0K2X9A8CP10,2026-01-20T23:22:31.315684614Z,true,2026-01-20T23:25:21.785586721Z,true,2026-01-20T23:25:21.867259277Z,01KFEVF20FYNBQXN5RQA5S9X9W,2026-01-20T23:22:31.315684614Z
01KFEW3VZHKPVD382NAGF0Q4V0,01KFEVMN9Q125N5N16W4WNYJXF,2026-01-20T23:33:53.265952064Z,30,2026-01-20T23:33:53.265952064Z,true,2026-01-20T23:35:32.897184078Z,01KFEVMNBC23RB4D79KEQ4G0VS,2026-01-20T23:33:53.265952064Z,1,2026-01-20T23:33:53.265952064Z,true,2026-01-20T23:35:31.204766205Z,result,2026-01-20T23:33:53.265952064Z,01KFEW3VKZ39SY1X7NPK7PDBQW,2026-01-20T23:33:53.265952064Z,true,2026-01-20T23:35:31.166340141Z,true,2026-01-20T23:35:31.234021584Z,01KFEW3VZ4F6E222GNG3JP43WY,2026-01-20T23:33:53.265952064Z
01KFEVJNX90YD2E7W7R2800S46,01KFEV377XDCWB0CVW0E7ES8WB,2026-01-20T23:24:29.993785303Z,30,2026-01-20T23:24:29.993785303Z,true,2026-01-20T23:25:51.189047035Z,01KFEV378FNG971PBW7B2SPNC6,2026-01-20T23:24:29.993785303Z,1,2026-01-20T23:24:29.993785303Z,true,2026-01-20T23:25:49.753817632Z,result,2026-01-20T23:24:29.993785303Z,01KFEVJNRQBQFNH0BYKPE46VCR,2026-01-20T23:24:29.993785303Z,true,2026-01-20T23:25:49.725248721Z,true,2026-01-20T23:25:49.773598618Z,01KFEVJNX4JKXB24VW2N1WR9BW,2026-01-20T23:24:29.993785303Z
01KFEVPNVMS03NKT89Q2X4RS6N,01KFEVMN9Q125N5N16W4WNYJXF,2026-01-20T23:26:41.01245874Z,90,2026-01-20T23:26:41.01245874Z,true,2026-01-20T23:29:25.663807642Z,01KFEVMNB841AFDZFM4WSW4FTD,2026-01-20T23:26:41.01245874Z,0,2026-01-20T23:26:41.01245874Z,true,2026-01-20T23:29:22.316148788Z,choice,2026-01-20T23:26:41.01245874Z,01KFEVPNJ4WB4QFFFKRAV84BFG,2026-01-20T23:26:41.01245874Z,true,2026-01-20T23:29:22.291951818Z,true,2026-01-20T23:29:22.354168055Z,01KFEVPNV9VQ3GSH184GGRK1ZM,2026-01-20T23:26:41.01245874Z
01KFEW9P3ZQ72QVNJKT2W4QG5Q,01KFEV384BJYC62Y0E6AQK09K8,2026-01-20T23:37:03.871679385Z,30,2026-01-20T23:37:03.871679385Z,false,2026-01-20T23:37:03.871679385Z,01KFEV384Z68A1Z7ZGWS1GDSZK,2026-01-20T23:37:03.871679385Z,1,2026-01-20T23:37:03.871679385Z,,,result,2026-01-20T23:37:03.871679385Z,01KFEW9NH0V4Q22H6QD7HNEEX4,2026-01-20T23:37:03.871679385Z,false,2026-01-20T23:37:03.871679385Z,,,01KFEW9P3H92FH2MHA74A2Y6K1,2026-01-20T23:37:03.871679385Z
01KFEWB9E5CE75ZHPFMTYHFHQ2,01KFEV38GJVYY8P8B7QXSW6BTE,2026-01-20T23:37:56.421583184Z,90,2026-01-20T23:37:56.421583184Z,true,2026-01-20T23:39:14.109650223Z,01KFEV38H8T2V9428VC9T7MEBA,2026-01-20T23:37:56.421583184Z,0,2026-01-20T23:37:56.421583184Z,true,2026-01-20T23:39:09.77118024Z,choice,2026-01-20T23:37:56.421583184Z,01KFEWB94VS3H1WGEG6MHSEQZ4,2026-01-20T23:37:56.421583184Z,true,2026-01-20T23:39:09.72809398Z,true,2026-01-20T23:39:09.802716572Z,01KFEWB9DWQMZ7P0VZK93EKYDW,2026-01-20T23:37:56.421583184Z
01KFEV998M6CZMY5M02N0ZA763,01KFEV2BZFDRZBG3Y0249RG1TW,2026-01-20T23:19:22.132218992Z,90,2026-01-20T23:19:22.132218992Z,true,2026-01-20T23:20:20.425966967Z,01KFEV2C08ND9C9BYW8N2T146P,2026-01-20T23:19:22.132218992Z,0,2026-01-20T23:19:22.132218992Z,true,2026-01-20T23:20:17.896798689Z,choice,2026-01-20T23:19:22.132218992Z,01KFEV992EGQ6JEDWT7CNXP7AX,2026-01-20T23:19:22.132218992Z,true,2026-01-20T23:20:17.863977301Z,true,2026-01-20T23:20:17.910000776Z,01KFEV998FT34PVN2DNQT52FPH,2026-01-20T23:19:22.132218992Z
01KFEVJEVYJ3JD86JRR1DCD0PY,01KFEV37CWX6SQYA0RPR0C01MW,2026-01-20T23:24:22.782915709Z,90,2026-01-20T23:24:22.782915709Z,true,2026-01-20T23:28:56.821583911Z,01KFEV37DE991T271V0NJ5BY6K,2026-01-20T23:24:22.782915709Z,0,2026-01-20T23:24:22.782915709Z,true,2026-01-20T23:28:53.26583378Z,choice,2026-01-20T23:24:22.782915709Z,01KFEVJEKRTPZ9GBG5E2CFW5VH,2026-01-20T23:24:22.782915709Z,true,2026-01-20T23:28:53.231873966Z,true,2026-01-20T23:28:53.298296617Z,01KFEVJEVSJ1WHYJ76SHSWADF0,2026-01-20T23:24:22.782915709Z
01KFEVCJQB27EGBKBDNAK0TRAX,01KFEV2BZFDRZBG3Y0249RG1TW,2026-01-20T23:21:10.123998729Z,90,2026-01-20T23:21:10.123998729Z,false,2026-01-20T23:21:10.123998729Z,01KFEV2C0EQZAQP8AFWFARX9S3,2026-01-20T23:21:10.123998729Z,0,2026-01-20T23:21:10.123998729Z,,,choice,2026-01-20T23:21:10.123998729Z,01KFEVCJK0HRPEQ3GCM2WJDEWX,2026-01-20T23:21:10.123998729Z,false,2026-01-20T23:21:10.123998729Z,,,01KFEVCJQ6XPRKRQBHZT183GZX,2026-01-20T23:21:10.123998729Z
01KFEWVN2AFBPNF4C81PMKR9KM,01KFEV38GJVYY8P8B7QXSW6BTE,2026-01-20T23:46:52.619026337Z,90,2026-01-20T23:46:52.619026337Z,false,2026-01-20T23:46:52.619026337Z,01KFEV38H0S2Y42XZDBCZ2KPGY,2026-01-20T23:46:52.619026337Z,0,2026-01-20T23:46:52.619026337Z,,,choice,2026-01-20T23:46:52.619026337Z,01KFEWVMA05PV4KJNH9NDZBXA1,2026-01-20T23:46:52.619026337Z,false,2026-01-20T23:46:52.619026337Z,,,01KFEWVN1J8C8QVH79Y553Z4JE,2026-01-20T23:46:52.619026337Z
01KFEVB9VXD6M3EMYAZHXN8VVJ,01KFEV2BZFDRZBG3Y0249RG1TW,2026-01-20T23:20:28.286452237Z,30,2026-01-20T23:20:28.286452237Z,false,2026-01-20T23:20:28.286452237Z,01KFEV2C0BAXD2XBMY5020521J,2026-01-20T23:20:28.286452237Z,1,2026-01-20T23:20:28.286452237Z,,,result,2026-01-20T23:20:28.286452237Z,01KFEVB9TEW1H3D89RTJZC2XG3,2026-01-20T23:20:28.286452237Z,false,2026-01-20T23:20:28.286452237Z,,,01KFEVB9VRWX6GM44DXGQ0XCV1,2026-01-20T23:20:28.286452237Z
01KFEVKCXW4EV83R32EVVQTFPX,01KFEV37PBC6DGWCX0HT0QWYJR,2026-01-20T23:24:53.564291267Z,90,2026-01-20T23:24:53.564291267Z,true,2026-01-20T23:27:48.984584786Z,01KFEV37PYV9HETXX2PSGE1RKD,2026-01-20T23:24:53.564291267Z,0,2026-01-20T23:24:53.564291267Z,true,2026-01-20T23:27:42.892516759Z,choice,2026-01-20T23:24:53.564291267Z,01KFEVKCMHNFBMSFY09QX4TGHZ,2026-01-20T23:24:53.564291267Z,true,2026-01-20T23:27:42.865582509Z,true,2026-01-20T23:27:42.910586371Z,01KFEVKCXQ02VSAMSB23H98C3F,2026-01-20T23:24:53.564291267Z
01KFEWB9RC23DR1YB021M1SK8P,01KFEV38GJVYY8P8B7QXSW6BTE,2026-01-20T23:37:56.748264096Z,90,2026-01-20T23:37:56.748264096Z,true,2026-01-20T23:40:16.66197569Z,01KFEV38H8T2V9428VC9T7MEBA,2026-01-20T23:37:56.748264096Z,0,2026-01-20T23:37:56.748264096Z,true,2026-01-20T23:40:13.280488442Z,choice,2026-01-20T23:37:56.748264096Z,01KFEWB96ZWWCJ2HWAMXTQ08FM,2026-01-20T23:37:56.748264096Z,true,2026-01-20T23:40:13.239622785Z,true,2026-01-20T23:40:13.336036655Z,01KFEWB9R6W7DTH3FQH57QQ0T2,2026-01-20T23:37:56.748264096Z
01KFEVJEPEFC77YJSDC5C49G1S,01KFEV37CWX6SQYA0RPR0C01MW,2026-01-20T23:24:22.60639926Z,30,2026-01-20T23:24:22.60639926Z,true,2026-01-20T23:26:49.957495829Z,01KFEV37DE991T271V0NJ5BY6K,2026-01-20T23:24:22.60639926Z,1,2026-01-20T23:24:22.60639926Z,true,2026-01-20T23:26:44.065797984Z,result,2026-01-20T23:24:22.60639926Z,01KFEVJEK4F89CSCY0X9C1AJQJ,2026-01-20T23:24:22.60639926Z,true,2026-01-20T23:26:44.039629172Z,true,2026-01-20T23:26:44.084912345Z,01KFEVJEP70S3P1WPD149V64ZF,2026-01-20T23:24:22.60639926Z
01KFEVJNT4YSGX9M61ZZ8VSNDP,01KFEV377XDCWB0CVW0E7ES8WB,2026-01-20T23:24:29.892152138Z,30,2026-01-20T23:24:29.892152138Z,true,2026-01-20T23:25:09.218776641Z,01KFEV378FNG971PBW7B2SPNC6,2026-01-20T23:24:29.892152138Z,1,2026-01-20T23:24:29.892152138Z,true,2026-01-20T23:25:05.097306934Z,result,2026-01-20T23:24:29.892152138Z,01KFEVJNQYDHT7QNFWKKE14CQS,2026-01-20T23:24:29.892152138Z,true,2026-01-20T23:25:05.075488455Z,true,2026-01-20T23:25:05.113329022Z,01KFEVJNSYKV94N7T4TGJDG42F,2026-01-20T23:24:29.892152138Z
01KFEVHAV6VGH9849QHYV1EA3X,01KFEV384BJYC62Y0E6AQK09K8,2026-01-20T23:23:45.894213444Z,90,2026-01-20T23:23:45.894213444Z,true,2026-01-20T23:25:11.680680807Z,01KFEV384Y33BFECW27AH8GSGD,2026-01-20T23:23:45.894213444Z,0,2026-01-20T23:23:45.894213444Z,true,2026-01-20T23:25:09.316500714Z,choice,2026-01-20T23:23:45.894213444Z,01KFEVHAPGWZJCVM4Z19V75XGE,2026-01-20T23:23:45.894213444Z,true,2026-01-20T23:25:09.248639074Z,true,2026-01-20T23:25:09.337389996Z,01KFEVHAV1DYM7HF5DDWYGK0JH,2026-01-20T23:23:45.894213444Z
01KFEVKCS7TMFGXA6444Z3KSBC,01KFEV37PBC6DGWCX0HT0QWYJR,2026-01-20T23:24:53.415147857Z,30,2026-01-20T23:24:53.415147857Z,true,2026-01-20T23:26:45.635138677Z,01KFEV37PYV9HETXX2PSGE1RKD,2026-01-20T23:24:53.415147857Z,1,2026-01-20T23:24:53.415147857Z,true,2026-01-20T23:26:29.272297638Z,result,2026-01-20T23:24:53.415147857Z,01KFEVKCN0QWK45TM5NYNV4WNH,2026-01-20T23:24:53.415147857Z,true,2026-01-20T23:26:29.244585618Z,true,2026-01-20T23:26:29.291659782Z,01KFEVKCS29JH6857AD5FFV5KV,2026-01-20T23:24:53.415147857Z
01KFEWVMCYSNCGHGTRWVWDDJQG,01KFEV38GJVYY8P8B7QXSW6BTE,2026-01-20T23:46:51.934075024Z,30,2026-01-20T23:46:51.934075024Z,true,2026-01-20T23:47:27.042922425Z,01KFEV38H0S2Y42XZDBCZ2KPGY,2026-01-20T23:46:51.934075024Z,1,2026-01-20T23:46:51.934075024Z,true,2026-01-20T23:47:22.044639972Z,result,2026-01-20T23:46:51.934075024Z,01KFEWVM69B5XT587JT9ZENQD3,2026-01-20T23:46:51.934075024Z,true,2026-01-20T23:47:21.990535367Z,true,2026-01-20T23:47:22.08654461Z,01KFEWVMC8H5AKH4WBY4CCYQHA,2026-01-20T23:46:51.934075024Z
01KFEVB8M6EF02WFVRGXP755B0,01KFEV2BZFDRZBG3Y0249RG1TW,2026-01-20T23:20:27.014513754Z,90,2026-01-20T23:20:27.014513754Z,true,2026-01-20T23:22:28.536192994Z,01KFEV2C0CP35QE41ZMH45J8TZ,2026-01-20T23:20:27.014513754Z,0,2026-01-20T23:20:27.014513754Z,true,2026-01-20T23:22:23.615689851Z,choice,2026-01-20T23:20:27.014513754Z,01KFEVB8G0C42CFSXF2A2BHMKE,2026-01-20T23:20:27.014513754Z,true,2026-01-20T23:22:23.59631104Z,true,2026-01-20T23:22:23.628768253Z,01KFEVB8KZQJ7JS0590SS9W2HF,2026-01-20T23:20:27.014513754Z
01KFEVPNKR1H3FKWS04ENFA62F,01KFEVMN9Q125N5N16W4WNYJXF,2026-01-20T23:26:40.760983796Z,90,2026-01-20T23:26:40.760983796Z,true,2026-01-20T23:27:41.408373303Z,01KFEVMNB841AFDZFM4WSW4FTD,2026-01-20T23:26:40.760983796Z,0,2026-01-20T23:26:40.760983796Z,true,2026-01-20T23:27:27.390747609Z,choice,2026-01-20T23:26:40.760983796Z,01KFEVPNFZCX04WK3RJCDA9DSA,2026-01-20T23:26:40.760983796Z,true,2026-01-20T23:27:27.362308315Z,true,2026-01-20T23:27:27.411798293Z,01KFEVPNKK55FX335Q8HB89CV0,2026-01-20T23:26:40.760983796Z
01KFEVPNRNS8FFAZER4E4FXVVE,01KFEVMN9Q125N5N16W4WNYJXF,2026-01-20T23:26:40.917218145Z,30,2026-01-20T23:26:40.917218145Z,true,2026-01-20T23:28:56.154840298Z,01KFEVMNB841AFDZFM4WSW4FTD,2026-01-20T23:26:40.917218145Z,1,2026-01-20T23:26:40.917218145Z,true,2026-01-20T23:28:52.512070752Z,result,2026-01-20T23:26:40.917218145Z,01KFEVPNGNVYTTDG6P5ZY7AQK5,2026-01-20T23:26:40.917218145Z,true,2026-01-20T23:28:52.479941475Z,true,2026-01-20T23:28:52.53756293Z,01KFEVPNR9PCBH3KWESXY4FWTJ,2026-01-20T23:26:40.917218145Z
01KFEW7PZ846G5S9VRZCP7FKBH,01KFEVMNF44NEM58ETFST7KTWM,2026-01-20T23:35:59.208090892Z,90,2026-01-20T23:35:59.208090892Z,false,2026-01-20T23:35:59.208090892Z,01KFEVMNH60E845G0BNN18WWCX,2026-01-20T23:35:59.208090892Z,0,2026-01-20T23:35:59.208090892Z,,,choice,2026-01-20T23:35:59.208090892Z,01KFEW7PQA1P2R08MZ1MY0WCWN,2026-01-20T23:35:59.208090892Z,false,2026-01-20T23:35:59.208090892Z,,,01KFEW7PZ1AJNQT7ADHBCGY6EK,2026-01-20T23:35:59.208090892Z
01KFEVB8KF4KEJS9Y7SP22G2C5,01KFEV2BZFDRZBG3Y0249RG1TW,2026-01-20T23:20:26.991786129Z,30,2026-01-20T23:20:26.991786129Z,true,2026-01-20T23:22:23.539917426Z,01KFEV2C0CP35QE41ZMH45J8TZ,2026-01-20T23:20:26.991786129Z,1,2026-01-20T23:20:26.991786129Z,true,2026-01-20T23:22:19.484316489Z,result,2026-01-20T23:20:26.991786129Z,01KFEVB8FXXCDX812QY32514FB,2026-01-20T23:20:26.991786129Z,true,2026-01-20T23:22:19.463515392Z,true,2026-01-20T23:22:19.492696641Z,01KFEVB8KC1HCHQ7NPFTDTGHDR,2026-01-20T23:20:26.991786129Z
01KFEVNK3VG52JYHJWHS70881X,01KFEV38GJVYY8P8B7QXSW6BTE,2026-01-20T23:26:05.435657045Z,90,2026-01-20T23:26:05.435657045Z,true,2026-01-20T23:26:17.430432263Z,01KFEV38H72YHVC8PGTMFH64KV,2026-01-20T23:26:05.435657045Z,0,2026-01-20T23:26:05.435657045Z,true,2026-01-20T23:26:07.260432729Z,choice,2026-01-20T23:26:05.435657045Z,01KFEVNK1BDDD2SH2KKV7VEWMA,2026-01-20T23:26:05.435657045Z,true,2026-01-20T23:26:07.219888771Z,true,2026-01-20T23:26:07.285780838Z,01KFEVNK3PAKDRXXR5JQ19KX97,2026-01-20T23:26:05.435657045Z
01KFEVPNTQ2PC487PG1NNPN50B,01KFEVMN9Q125N5N16W4WNYJXF,2026-01-20T23:26:40.983954579Z,30,2026-01-20T23:26:40.983954579Z,true,2026-01-20T23:29:22.183871182Z,01KFEVMNB841AFDZFM4WSW4FTD,2026-01-20T23:26:40.983954579Z,1,2026-01-20T23:26:40.983954579Z,true,2026-01-20T23:29:11.685849575Z,result,2026-01-20T23:26:40.983954579Z,01KFEVPNH13GY2X6WR8TVJ5EYS,2026-01-20T23:26:40.983954579Z,true,2026-01-20T23:29:11.658868057Z,true,2026-01-20T23:29:11.704968716Z,01KFEVPNTC1F548Y922KQ3WRTF,2026-01-20T23:26:40.983954579Z
01KFEW9RTNA84KKSBTA8HQQ5AF,01KFEV38A01XZ4DPRPFKRE96P8,2026-01-20T23:37:06.645748456Z,30,2026-01-20T23:37:06.645748456Z,true,2026-01-20T23:37:51.699216611Z,01KFEV38AJ2CFPYBQZ5JKK7PV4,2026-01-20T23:37:06.645748456Z,1,2026-01-20T23:37:06.645748456Z,true,2026-01-20T23:37:21.664726565Z,result,2026-01-20T23:37:06.645748456Z,01KFEW9RNHPCEBV7E7PA75FXT1,2026-01-20T23:37:06.645748456Z,true,2026-01-20T23:37:21.624708288Z,true,2026-01-20T23:37:21.695591132Z,01KFEW9RT8M3F64ZH3D1HQ6HWW,2026-01-20T23:37:06.645748456Z
01KFEW9S6C4XJWM8H7JJCST653,01KFEV38A01XZ4DPRPFKRE96P8,2026-01-20T23:37:07.020977431Z,90,2026-01-20T23:37:07.020977431Z,true,2026-01-20T23:40:20.479694773Z,01KFEV38AJ2CFPYBQZ5JKK7PV4,2026-01-20T23:37:07.020977431Z,0,2026-01-20T23:37:07.020977431Z,true,2026-01-20T23:40:18.34080553Z,choice,2026-01-20T23:37:07.020977431Z,01KFEW9RQDSYXSNPWSEQ27EKZR,2026-01-20T23:37:07.020977431Z,true,2026-01-20T23:40:18.295506889Z,true,2026-01-20T23:40:18.370726627Z,01KFEW9S64RKY3PGEPKY6M7RK5,2026-01-20T23:37:07.020977431Z
01KFEVCJMCGDBACVSB4J2PJZ50,01KFEV2BZFDRZBG3Y0249RG1TW,2026-01-20T23:21:10.028327983Z,30,2026-01-20T23:21:10.028327983Z,false,2026-01-20T23:21:10.028327983Z,01KFEV2C0EQZAQP8AFWFARX9S3,2026-01-20T23:21:10.028327983Z,1,2026-01-20T23:21:10.028327983Z,,,result,2026-01-20T23:21:10.028327983Z,01KFEVCJJSB7MDB0BVYJ0B76P2,2026-01-20T23:21:10.028327983Z,false,2026-01-20T23:21:10.028327983Z,,,01KFEVCJM72CKMBYX7NKP6VH17,2026-01-20T23:21:10.028327983Z
01KFEVEHSW7Q9P3R9WQTBP4KWB,01KFEV377XDCWB0CVW0E7ES8WB,2026-01-20T23:22:14.717301985Z,90,2026-01-20T23:22:14.717301985Z,true,2026-01-20T23:25:25.969904736Z,01KFEV378H0PY96RNMJFNCN7TE,2026-01-20T23:22:14.717301985Z,0,2026-01-20T23:22:14.717301985Z,true,2026-01-20T23:25:18.024375728Z,choice,2026-01-20T23:22:14.717301985Z,01KFEVEHGG1SXX423P9GYCADRZ,2026-01-20T23:22:14.717301985Z,true,2026-01-20T23:25:18.001786795Z,true,2026-01-20T23:25:18.03764816Z,01KFEVEHSR9QXA29DPEQ30T3CS,2026-01-20T23:22:14.717301985Z
01KFEVFBF9FBTB65CVYGCPPMCT,01KFEV377XDCWB0CVW0E7ES8WB,2026-01-20T23:22:41.001170214Z,90,2026-01-20T23:22:41.001170214Z,true,2026-01-20T23:23:53.94746283Z,01KFEV378H0PY96RNMJTMM0E4X,2026-01-20T23:22:41.001170214Z,0,2026-01-20T23:22:41.001170214Z,true,2026-01-20T23:23:45.156016535Z,choice,2026-01-20T23:22:41.001170214Z,01KFEVFBC119EVVS3DCZ8BFX5M,2026-01-20T23:22:41.001170214Z,true,2026-01-20T23:23:45.139130673Z,true,2026-01-20T23:23:45.170354546Z,01KFEVFBF4KRFARJJBRRNFS7Z8,2026-01-20T23:22:41.001170214Z
01KFEW9NTRNH1Y17NAADREG30M,01KFEV384BJYC62Y0E6AQK09K8,2026-01-20T23:37:03.576111149Z,90,2026-01-20T23:37:03.576111149Z,true,2026-01-20T23:38:37.175652938Z,01KFEV384Z68A1Z7ZGWS1GDSZK,2026-01-20T23:37:03.576111149Z,0,2026-01-20T23:37:03.576111149Z,true,2026-01-20T23:38:31.858301668Z,choice,2026-01-20T23:37:03.576111149Z,01KFEW9NF9DWA4J0HBQTHH1DYZ,2026-01-20T23:37:03.576111149Z,true,2026-01-20T23:38:31.816934842Z,true,2026-01-20T23:38:31.88761161Z,01KFEW9NT7HCE5VNT32H3AKSZS,2026-01-20T23:37:03.576111149Z
01KFEVNKDX83HJ9BQM8BK363QT,01KFEV38GJVYY8P8B7QXSW6BTE,2026-01-20T23:26:05.757906794Z,30,2026-01-20T23:26:05.757906794Z,false,2026-01-20T23:26:05.757906794Z,01KFEV38H72YHVC8PGTMFH64KV,2026-01-20T23:26:05.757906794Z,1,2026-01-20T23:26:05.757906794Z,,,result,2026-01-20T23:26:05.757906794Z,01KFEVNK3CBV37WF5JSN76QJHG,2026-01-20T23:26:05.757906794Z,false,2026-01-20T23:26:05.757906794Z,,,01KFEVNKDPX1SB1J0H4NBMGPXE,2026-01-20T23:26:05.757906794Z
01KFEVNKC9FVMANQ7TD53N8ZB2,01KFEV38GJVYY8P8B7QXSW6BTE,2026-01-20T23:26:05.705696496Z,90,2026-01-20T23:26:05.705696496Z,false,2026-01-20T23:26:05.705696496Z,01KFEV38H72YHVC8PGTMFH64KV,2026-01-20T23:26:05.705696496Z,0,2026-01-20T23:26:05.705696496Z,,,choice,2026-01-20T23:26:05.705696496Z,01KFEVNK30BGQSB40QW4KHDZJZ,2026-01-20T23:26:05.705696496Z,false,2026-01-20T23:26:05.705696496Z,,,01KFEVNKC5H92PN77J5X233JWP,2026-01-20T23:26:05.705696496Z
01KFEW1AY1KN7T636PS6PH4FH0,01KFEV384BJYC62Y0E6AQK09K8,2026-01-20T23:32:30.273281152Z,90,2026-01-20T23:32:30.273281152Z,true,2026-01-20T23:33:48.908360265Z,01KFEV385166A8JYCZ9G4DMHRQ,2026-01-20T23:32:30.273281152Z,0,2026-01-20T23:32:30.273281152Z,true,2026-01-20T23:33:46.989981132Z,choice,2026-01-20T23:32:30.273281152Z,01KFEW1AJZPPPE7Z0G8BBR056M,2026-01-20T23:32:30.273281152Z,true,2026-01-20T23:33:46.952606852Z,true,2026-01-20T23:33:47.016755076Z,01KFEW1AXSZPZPPPVR6VMZ9YW7,2026-01-20T23:32:30.273281152Z
01KFEVGBEZBEK193Z7MD17V71D,01KFEV37CWX6SQYA0RPR0C01MW,2026-01-20T23:23:13.759857168Z,30,2026-01-20T23:23:13.759857168Z,true,2026-01-20T23:24:34.201182077Z,01KFEV37DE991T271V0BRDHRJW,2026-01-20T23:23:13.759857168Z,1,2026-01-20T23:23:13.759857168Z,true,2026-01-20T23:24:31.362958424Z,result,2026-01-20T23:23:13.759857168Z,01KFEVGBC8432HRA3509G2MMDT,2026-01-20T23:23:13.759857168Z,true,2026-01-20T23:24:31.277573671Z,true,2026-01-20T23:24:31.376906196Z,01KFEVGBESZ8ZN2XPPYSM2PEX1,2026-01-20T23:23:13.759857168Z
01KFEW7PZFWE86BPM7Z4D1H2A0,01KFEVMNF44NEM58ETFST7KTWM,2026-01-20T23:35:59.215513819Z,30,2026-01-20T23:35:59.215513819Z,false,2026-01-20T23:35:59.215513819Z,01KFEVMNH60E845G0BNN18WWCX,2026-01-20T23:35:59.215513819Z,1,2026-01-20T23:35:59.215513819Z,,,result,2026-01-20T23:35:59.215513819Z,01KFEW7PQA1P2R08MZ1MY0WCWN,2026-01-20T23:35:59.215513819Z,false,2026-01-20T23:35:59.215513819Z,,,01KFEW7PZ508851K4V3J6X5DPY,2026-01-20T23:35:59.215513819Z
01KFEWKB9H4TE2Y63Y7Y201S7J,01KFEV38A01XZ4DPRPFKRE96P8,2026-01-20T23:42:20.465257502Z,90,2026-01-20T23:42:20.465257502Z,false,2026-01-20T23:42:20.465257502Z,01KFEV38AGG0Y2K5R4FB90SKZX,2026-01-20T23:42:20.465257502Z,0,2026-01-20T23:42:20.465257502Z,,,choice,2026-01-20T23:42:20.465257502Z,01KFEWKAQ3QV4JM000PFCE2Z6K,2026-01-20T23:42:20.465257502Z,false,2026-01-20T23:42:20.465257502Z,,,01KFEWKB97WF95F144Y3QBFNB8,2026-01-20T23:42:20.465257502Z
01KFEVS36Y6SRK7DP7W4NPRPVW,01KFEV37PBC6DGWCX0HT0QWYJR,2026-01-20T23:28:00.223048845Z,90,2026-01-20T23:28:00.223048845Z,true,2026-01-20T23:29:15.911581455Z,01KFEV37PV76WD06T50QFKE80T,2026-01-20T23:28:00.223048845Z,0,2026-01-20T23:28:00.223048845Z,true,2026-01-20T23:29:12.205368313Z,choice,2026-01-20T23:28:00.223048845Z,01KFEVS2ZS0Q9JMWBXYXR9JRBV,2026-01-20T23:28:00.223048845Z,true,2026-01-20T23:29:12.178328956Z,true,2026-01-20T23:29:12.23158138Z,01KFEVS36SK99S9E6JH81ATK9F,2026-01-20T23:28:00.223048845Z
01KFEWF05EVFMXZJ0Q0NG72NYF,01KFEVMNF44NEM58ETFST7KTWM,2026-01-20T23:39:57.998168555Z,30,2026-01-20T23:39:57.998168555Z,true,2026-01-20T23:41:21.53044312Z,01KFEVMNHFNDCGHX9QBBFN387E,2026-01-20T23:39:57.998168555Z,1,2026-01-20T23:39:57.998168555Z,true,2026-01-20T23:41:17.490683174Z,result,2026-01-20T23:39:57.998168555Z,01KFEWEZX1QCKQJZPSQCFEKWPP,2026-01-20T23:39:57.998168555Z,true,2026-01-20T23:41:17.440629609Z,true,2026-01-20T23:41:17.528119032Z,01KFEWF04ZSNBAFPB6TN598470,2026-01-20T23:39:57.998168555Z
01KFEWKB0VXPB9G1NG1HQW7M84,01KFEV38A01XZ4DPRPFKRE96P8,2026-01-20T23:42:20.187689568Z,90,2026-01-20T23:42:20.187689568Z,false,2026-01-20T23:42:20.187689568Z,01KFEV38AGG0Y2K5R4FB90SKZX,2026-01-20T23:42:20.187689568Z,0,2026-01-20T23:42:20.187689568Z,,,choice,2026-01-20T23:42:20.187689568Z,01KFEWKANVGRTHCXE4FSMY5K2K,2026-01-20T23:42:20.187689568Z,false,2026-01-20T23:42:20.187689568Z,,,01KFEWKB0KG656K447SMPZ615J,2026-01-20T23:42:20.187689568Z
01KFEVCJR0RAKPDH8NNC1Z2WDJ,01KFEV2BZFDRZBG3Y0249RG1TW,2026-01-20T23:21:10.14451422Z,30,2026-01-20T23:21:10.14451422Z,false,2026-01-20T23:21:10.14451422Z,01KFEV2C0EQZAQP8AFWFARX9S3,2026-01-20T23:21:10.14451422Z,1,2026-01-20T23:21:10.14451422Z,,,result,2026-01-20T23:21:10.14451422Z,01KFEVCJJZCC8YT9EYQ89MW7GC,2026-01-20T23:21:10.14451422Z,false,2026-01-20T23:21:10.14451422Z,,,01KFEVCJQWPWD1CFM6PTCJ6ARY,2026-01-20T23:21:10.14451422Z
01KFEVHAYTTDDWESKCFJTK2DXV,01KFEV384BJYC62Y0E6AQK09K8,2026-01-20T23:23:46.010360037Z,90,2026-01-20T23:23:46.010360037Z,true,2026-01-20T23:26:44.869080131Z,01KFEV384Y33BFECW27AH8GSGD,2026-01-20T23:23:46.010360037Z,0,2026-01-20T23:23:46.010360037Z,true,2026-01-20T23:26:43.030870865Z,choice,2026-01-20T23:23:46.010360037Z,01KFEVHAQ1PGV31TD9W36P3MQD,2026-01-20T23:23:46.010360037Z,true,2026-01-20T23:26:43.003702465Z,true,2026-01-20T23:26:43.050786247Z,01KFEVHAYNMPYAAWKRMSHTVTP5,2026-01-20T23:23:46.010360037Z
01KFEVPNNPKEP7QDQDMFAJEGXG,01KFEVMN9Q125N5N16W4WNYJXF,2026-01-20T23:26:40.822452311Z,90,2026-01-20T23:26:40.822452311Z,true,2026-01-20T23:28:16.980851604Z,01KFEVMNB841AFDZFM4WSW4FTD,2026-01-20T23:26:40.822452311Z,0,2026-01-20T23:26:40.822452311Z,true,2026-01-20T23:28:09.992375761Z,choice,2026-01-20T23:26:40.822452311Z,01KFEVPNG6JB6DZSQZ5HM4GVS7,2026-01-20T23:26:40.822452311Z,true,2026-01-20T23:28:09.963120918Z,true,2026-01-20T23:28:10.014388195Z,01KFEVPNNE4TXVR66D2754ASQ8,2026-01-20T23:26:40.822452311Z
01KFEWF06KBB4TN1X5QCCR0RGZ,01KFEVMNF44NEM58ETFST7KTWM,2026-01-20T23:39:58.035379821Z,90,2026-01-20T23:39:58.035379821Z,true,2026-01-20T23:41:25.650326311Z,01KFEVMNHFNDCGHX9QBBFN387E,2026-01-20T23:39:58.035379821Z,0,2026-01-20T23:39:58.035379821Z,true,2026-01-20T23:41:21.728936535Z,choice,2026-01-20T23:39:58.035379821Z,01KFEWEZWCJ6XC69DY4G0F5CGG,2026-01-20T23:39:58.035379821Z,true,2026-01-20T23:41:21.681004428Z,true,2026-01-20T23:41:21.765230958Z,01KFEWF06BQVRF4SMTFBXKQRXR,2026-01-20T23:39:58.035379821Z
01KFEVNKDRG3GFHAYKVB3QKY8T,01KFEV38GJVYY8P8B7QXSW6BTE,2026-01-20T23:26:05.752981476Z,90,2026-01-20T23:26:05.752981476Z,false,2026-01-20T23:26:05.752981476Z,01KFEV38H72YHVC8PGTMFH64KV,2026-01-20T23:26:05.752981476Z,0,2026-01-20T23:26:05.752981476Z,,,choice,2026-01-20T23:26:05.752981476Z,01KFEVNK3CBV37WF5JSN76QJHG,2026-01-20T23:26:05.752981476Z,false,2026-01-20T23:26:05.752981476Z,,,01KFEVNKDMKNN8KZGXB2577PAN,2026-01-20T23:26:05.752981476Z
01KFEVPNRC1DDPM8K9GA7VPMFH,01KFEVMN9Q125N5N16W4WNYJXF,2026-01-20T23:26:40.908631027Z,90,2026-01-20T23:26:40.908631027Z,true,2026-01-20T23:28:52.455629567Z,01KFEVMNB841AFDZFM4WSW4FTD,2026-01-20T23:26:40.908631027Z,0,2026-01-20T23:26:40.908631027Z,true,2026-01-20T23:28:46.674747895Z,choice,2026-01-20T23:26:40.908631027Z,01KFEVPNGNVYTTDG6P5ZY7AQK5,2026-01-20T23:26:40.908631027Z,true,2026-01-20T23:28:46.647534703Z,true,2026-01-20T23:28:46.69888596Z,01KFEVPNR75BVGHYJ1J8TTQ57C,2026-01-20T23:26:40.908631027Z
01KFEW0GCV1RPJ5BV5EAKQRCS2,01KFEV37PBC6DGWCX0HT0QWYJR,2026-01-20T23:32:03.099768116Z,30,2026-01-20T23:32:03.099768116Z,true,2026-01-20T23:32:39.621882198Z,01KFEV37Q0WSYAYKWHM2EXN0DN,2026-01-20T23:32:03.099768116Z,1,2026-01-20T23:32:03.099768116Z,true,2026-01-20T23:32:11.675256894Z,result,2026-01-20T23:32:03.099768116Z,01KFEW0G8EM7FSNHE79C3F9KH6,2026-01-20T23:32:03.099768116Z,true,2026-01-20T23:32:11.62955332Z,true,2026-01-20T23:32:11.705684281Z,01KFEW0GCDWH5XF75SE7K7GGKA,2026-01-20T23:32:03.099768116Z
01KFEVNK41CXMTVHXW59W9KECF,01KFEV38GJVYY8P8B7QXSW6BTE,2026-01-20T23:26:05.441341429Z,30,2026-01-20T23:26:05.441341429Z,true,2026-01-20T23:26:47.507812254Z,01KFEV38H72YHVC8PGTMFH64KV,2026-01-20T23:26:05.441341429Z,1,2026-01-20T23:26:05.441341429Z,true,2026-01-20T23:26:17.476493081Z,result,2026-01-20T23:26:05.441341429Z,01KFEVNK1BDDD2SH2KKV7VEWMA,2026-01-20T23:26:05.441341429Z,true,2026-01-20T23:26:17.450837454Z,true,2026-01-20T23:26:17.495378153Z,01KFEVNK3SSCGNWM0VGRD8JBZ8,2026-01-20T23:26:05.441341429Z
01KFEVB8N90ZDW7AVZV3Z5XFB1,01KFEV2BZFDRZBG3Y0249RG1TW,2026-01-20T23:20:27.050026386Z,90,2026-01-20T23:20:27.050026386Z,true,2026-01-20T23:22:58.783928293Z,01KFEV2C0CP35QE41ZMH45J8TZ,2026-01-20T23:20:27.050026386Z,0,2026-01-20T23:20:27.050026386Z,true,2026-01-20T23:22:53.928712467Z,choice,2026-01-20T23:20:27.050026386Z,01KFEVB8G5PCQ91G35P9E460CY,2026-01-20T23:20:27.050026386Z,true,2026-01-20T23:22:53.912447874Z,true,2026-01-20T23:22:53.94360807Z,01KFEVB8N449EWNDWPMEKT3XKR,2026-01-20T23:20:27.050026386Z
01KFEVFBE8MNKT28ADQTGGC100,01KFEV377XDCWB0CVW0E7ES8WB,2026-01-20T23:22:40.968341974Z,90,2026-01-20T23:22:40.968341974Z,true,2026-01-20T23:23:29.254588782Z,01KFEV378H0PY96RNMJTMM0E4X,2026-01-20T23:22:40.968341974Z,0,2026-01-20T23:22:40.968341974Z,true,2026-01-20T23:23:18.863644346Z,choice,2026-01-20T23:22:40.968341974Z,01KFEVFBBVXX7KP33DJ657NRX6,2026-01-20T23:22:40.968341974Z,true,2026-01-20T23:23:18.847017483Z,true,2026-01-20T23:23:18.873957682Z,01KFEVFBE3GQC34Z8XEPVFNJRD,2026-01-20T23:22:40.968341974Z
01KFEW7Q0QB6KMWDYS80WXJJ7W,01KFEVMNF44NEM58ETFST7KTWM,2026-01-20T23:35:59.255235842Z,30,2026-01-20T23:35:59.255235842Z,false,2026-01-20T23:35:59.255235842Z,01KFEVMNH60E845G0BNN18WWCX,2026-01-20T23:35:59.255235842Z,1,2026-01-20T23:35:59.255235842Z,,,result,2026-01-20T23:35:59.255235842Z,01KFEW7PQMVA8DCPJF8F4YD1WC,2026-01-20T23:35:59.255235842Z,false,2026-01-20T23:35:59.255235842Z,,,01KFEW7Q0D4CGT4QV11PNH6BRA,2026-01-20T23:35:59.255235842Z
01KFEVJNTSA3W5VF9P6EBPCFNR,01KFEV377XDCWB0CVW0E7ES8WB,2026-01-20T23:24:29.913606434Z,30,2026-01-20T23:24:29.913606434Z,true,2026-01-20T23:25:21.122651233Z,01KFEV378FNG971PBW7B2SPNC6,2026-01-20T23:24:29.913606434Z,1,2026-01-20T23:24:29.913606434Z,true,2026-01-20T23:25:12.422393272Z,result,2026-01-20T23:24:29.913606434Z,01KFEVJNQSYYRC4AF8PKPM2915,2026-01-20T23:24:29.913606434Z,true,2026-01-20T23:25:12.389899781Z,true,2026-01-20T23:25:12.43798729Z,01KFEVJNTJJ7E4E6GSP2V5B3BT,2026-01-20T23:24:29.913606434Z
01KFEW7PY7GZVM2M2JX5KWNRG3,01KFEVMNF44NEM58ETFST7KTWM,2026-01-20T23:35:59.17587578Z,30,2026-01-20T23:35:59.17587578Z,false,2026-01-20T23:35:59.17587578Z,01KFEVMNH60E845G0BNN18WWCX,2026-01-20T23:35:59.17587578Z,1,2026-01-20T23:35:59.17587578Z,,,result,2026-01-20T23:35:59.17587578Z,01KFEW7PQ13DV8WKVQBB84WEWH,2026-01-20T23:35:59.17587578Z,false,2026-01-20T23:35:59.17587578Z,,,01KFEW7PXW0FRYHW17RB0YR8P0,2026-01-20T23:35:59.17587578Z
01KFEWGNPHHAP18GC38KFQF7B6,01KFEVMNNQTH6Q6DMJG65NFGVF,2026-01-20T23:40:52.817796172Z,30,2026-01-20T23:40:52.817796172Z,false,2026-01-20T23:40:52.817796172Z,01KFEVMNQ7WSYMPADRKJJ7K0T0,2026-01-20T23:40:52.817796172Z,1,2026-01-20T23:40:52.817796172Z,,,result,2026-01-20T23:40:52.817796172Z,01KFEWGNAZ8DFZXAHBGH9HGYA0,2026-01-20T23:40:52.817796172Z,false,2026-01-20T23:40:52.817796172Z,,,01KFEWGNP14NVWSH98ZVCX1N0K,2026-01-20T23:40:52.817796172Z
01KFEW9S6M5RTY31C8ZRMVVWZ1,01KFEV38A01XZ4DPRPFKRE96P8,2026-01-20T23:37:07.028674572Z,30,2026-01-20T23:37:07.028674572Z,true,2026-01-20T23:40:30.769687588Z,01KFEV38AJ2CFPYBQZ5JKK7PV4,2026-01-20T23:37:07.028674572Z,1,2026-01-20T23:37:07.028674572Z,true,2026-01-20T23:40:20.573433198Z,result,2026-01-20T23:37:07.028674572Z,01KFEW9RQDSYXSNPWSEQ27EKZR,2026-01-20T23:37:07.028674572Z,true,2026-01-20T23:40:20.520791605Z,true,2026-01-20T23:40:20.606043384Z,01KFEW9S69256GQVKPM229PW19,2026-01-20T23:37:07.028674572Z
01KFEWGNMH9AEEEJ37CYR4VZKG,01KFEVMNNQTH6Q6DMJG65NFGVF,2026-01-20T23:40:52.753875361Z,90,2026-01-20T23:40:52.753875361Z,false,2026-01-20T23:40:52.753875361Z,01KFEVMNQ7WSYMPADRKJJ7K0T0,2026-01-20T23:40:52.753875361Z,0,2026-01-20T23:40:52.753875361Z,,,choice,2026-01-20T23:40:52.753875361Z,01KFEWGN8KD4N6JER7VBAPKZ9S,2026-01-20T23:40:52.753875361Z,false,2026-01-20T23:40:52.753875361Z,,,01KFEWGNMA9ND55KKMEMMVFJ68,2026-01-20T23:40:52.753875361Z
01KFEWKBGYX8AE54KZHAWHX96C,01KFEV38A01XZ4DPRPFKRE96P8,2026-01-20T23:42:20.702436928Z,30,2026-01-20T23:42:20.702436928Z,false,2026-01-20T23:42:20.702436928Z,01KFEV38AGG0Y2K5R4FB90SKZX,2026-01-20T23:42:20.702436928Z,1,2026-01-20T23:42:20.702436928Z,,,result,2026-01-20T23:42:20.702436928Z,01KFEWKAR8P75A9CYPGS9PCHX0,2026-01-20T23:42:20.702436928Z,false,2026-01-20T23:42:20.702436928Z,,,01KFEWKBGB16AH2GJ8P3RVHNZH,2026-01-20T23:42:20.702436928Z
01KFEVGBGXH8DGTZBQKXD7FGNT,01KFEV37CWX6SQYA0RPR0C01MW,2026-01-20T23:23:13.821243607Z,90,2026-01-20T23:23:13.821243607Z,true,2026-01-20T23:25:18.894408006Z,01KFEV37DE991T271V0BRDHRJW,2026-01-20T23:23:13.821243607Z,0,2026-01-20T23:23:13.821243607Z,true,2026-01-20T23:25:12.667450691Z,choice,2026-01-20T23:23:13.821243607Z,01KFEVGBCTGC7HJ089TPZS8PH5,2026-01-20T23:23:13.821243607Z,true,2026-01-20T23:25:12.581574832Z,true,2026-01-20T23:25:12.689532558Z,01KFEVGBGRW56GN3JY2SPC7TAZ,2026-01-20T23:23:13.821243607Z
01KFEVGBJTJ5GBBN6623PFCGB9,01KFEV37CWX6SQYA0RPR0C01MW,2026-01-20T23:23:13.882362396Z,30,2026-01-20T23:23:13.882362396Z,true,2026-01-20T23:25:40.362319691Z,01KFEV37DE991T271V0BRDHRJW,2026-01-20T23:23:13.882362396Z,1,2026-01-20T23:23:13.882362396Z,true,2026-01-20T23:25:36.906554203Z,result,2026-01-20T23:23:13.882362396Z,01KFEVGBD8T8SFCQH95NHF15WG,2026-01-20T23:23:13.882362396Z,true,2026-01-20T23:25:36.862463052Z,true,2026-01-20T23:25:36.920559779Z,01KFEVGBJNWTFFZHA5DTQTWHF3,2026-01-20T23:23:13.882362396Z
01KFEW2A82CG52ZAAMRPQ6RNRM,01KFEV38A01XZ4DPRPFKRE96P8,2026-01-20T23:33:02.338642879Z,90,2026-01-20T23:33:02.338642879Z,true,2026-01-20T23:35:33.905698092Z,01KFEV38AHTHHCNTDGHAJN0GXG,2026-01-20T23:33:02.338642879Z,0,2026-01-20T23:33:02.338642879Z,true,2026-01-20T23:35:31.455849596Z,choice,2026-01-20T23:33:02.338642879Z,01KFEW29YK600XP5H2XZZBAHW4,2026-01-20T23:33:02.338642879Z,true,2026-01-20T23:35:31.420745905Z,true,2026-01-20T23:35:31.478851056Z,01KFEW2A7X5PETAP1Z1QNH00XZ,2026-01-20T23:33:02.338642879Z
01KFEVGBFW8APHK7N7XMDVCVJE,01KFEV37CWX6SQYA0RPR0C01MW,2026-01-20T23:23:13.788398565Z,30,2026-01-20T23:23:13.788398565Z,true,2026-01-20T23:24:42.388561862Z,01KFEV37DE991T271V0BRDHRJW,2026-01-20T23:23:13.788398565Z,1,2026-01-20T23:23:13.788398565Z,true,2026-01-20T23:24:39.038841553Z,result,2026-01-20T23:23:13.788398565Z,01KFEVGBCPPHTMKKS8W8BM1ZBN,2026-01-20T23:23:13.788398565Z,true,2026-01-20T23:24:38.986322406Z,true,2026-01-20T23:24:39.053613141Z,01KFEVGBFQ952PYC7ZN8BHSVC2,2026-01-20T23:23:13.788398565Z
01KFEWB9WT6N2WNYP3GBNFCN4N,01KFEV38GJVYY8P8B7QXSW6BTE,2026-01-20T23:37:56.890071494Z,90,2026-01-20T23:37:56.890071494Z,true,2026-01-20T23:40:26.053408691Z,01KFEV38H8T2V9428VC9T7MEBA,2026-01-20T23:37:56.890071494Z,0,2026-01-20T23:37:56.890071494Z,true,2026-01-20T23:40:24.809800953Z,choice,2026-01-20T23:37:56.890071494Z,01KFEWB97B5TCHMM11XXK0C3WP,2026-01-20T23:37:56.890071494Z,true,2026-01-20T23:40:24.767991872Z,true,2026-01-20T23:40:24.847108429Z,01KFEWB9VT5N104J144CP96NBD,2026-01-20T23:37:56.890071494Z
01KFEWF0GW0NJ7QQM8HVY7Q53X,01KFEVMNF44NEM58ETFST7KTWM,2026-01-20T23:39:58.364265251Z,90,2026-01-20T23:39:58.364265251Z,true,2026-01-20T23:42:54.14909032Z,01KFEVMNHFNDCGHX9QBBFN387E,2026-01-20T23:39:58.364265251Z,0,2026-01-20T23:39:58.364265251Z,true,2026-01-20T23:42:50.274009443Z,choice,2026-01-20T23:39:58.364265251Z,01KFEWEZYB6ZVPPBFVTKXTZJ40,2026-01-20T23:39:58.364265251Z,true,2026-01-20T23:42:50.218144126Z,true,2026-01-20T23:42:50.310331452Z,01KFEWF0GMD407ZS4377DMGTB5,2026-01-20T23:39:58.364265251Z
01KFEVH4FPYAF3FN3Y88C7W62Q,01KFEV37PBC6DGWCX0HT0QWYJR,2026-01-20T23:23:39.382911299Z,30,2026-01-20T23:23:39.382911299Z,true,2026-01-20T23:26:17.640820824Z,01KFEV37PYV9HETXX2PC055NBT,2026-01-20T23:23:39.382911299Z,1,2026-01-20T23:23:39.382911299Z,true,2026-01-20T23:26:14.407128579Z,result,2026-01-20T23:23:39.382911299Z,01KFEVH47YHEBY0NMN1SDFTFF1,2026-01-20T23:23:39.382911299Z,true,2026-01-20T23:26:14.375978732Z,true,2026-01-20T23:26:14.426731688Z,01KFEVH4FHEHKP4BQ7N005GK84,2026-01-20T23:23:39.382911299Z
01KFEVJET0X7GSGNKEK697018V,01KFEV37CWX6SQYA0RPR0C01MW,2026-01-20T23:24:22.720226056Z,90,2026-01-20T23:24:22.720226056Z,true,2026-01-20T23:28:32.203212844Z,01KFEV37DE991T271V0NJ5BY6K,2026-01-20T23:24:22.720226056Z,0,2026-01-20T23:24:22.720226056Z,true,2026-01-20T23:28:24.957008133Z,choice,2026-01-20T23:24:22.720226056Z,01KFEVJEKKVBG5WQ05EX00MQZN,2026-01-20T23:24:22.720226056Z,true,2026-01-20T23:28:24.92748614Z,true,2026-01-20T23:28:24.980219554Z,01KFEVJESV7Z4EEMQK24JTB0J1,2026-01-20T23:24:22.720226056Z
01KFEVS3F6F6GBPBJ1HGRJFQAX,01KFEV37PBC6DGWCX0HT0QWYJR,2026-01-20T23:28:00.486196623Z,90,2026-01-20T23:28:00.486196623Z,false,2026-01-20T23:28:00.486196623Z,01KFEV37PV76WD06T50QFKE80T,2026-01-20T23:28:00.486196623Z,0,2026-01-20T23:28:00.486196623Z,,,choice,2026-01-20T23:28:00.486196623Z,01KFEVS3111C9Y60KWECV1FBKK,2026-01-20T23:28:00.486196623Z,false,2026-01-20T23:28:00.486196623Z,,,01KFEVS3F11VAT9NTK1T8B4Z7S,2026-01-20T23:28:00.486196623Z
01KFEWVMKTCZBP8BBDN0SGZM9D,01KFEV38GJVYY8P8B7QXSW6BTE,2026-01-20T23:46:52.15490659Z,90,2026-01-20T23:46:52.15490659Z,true,2026-01-20T23:48:01.793438714Z,01KFEV38H0S2Y42XZDBCZ2KPGY,2026-01-20T23:46:52.15490659Z,0,2026-01-20T23:46:52.15490659Z,true,2026-01-20T23:47:58.847853106Z,choice,2026-01-20T23:46:52.15490659Z,01KFEWVM7Z966CNQ4GRP5M96EG,2026-01-20T23:46:52.15490659Z,true,2026-01-20T23:47:58.796976146Z,true,2026-01-20T23:47:58.879817041Z,01KFEWVMKJA9JN4QW30FYZWTXF,2026-01-20T23:46:52.15490659Z
01KFEVF1RJS758218KG1A2AWWR,01KFEV377XDCWB0CVW0E7ES8WB,2026-01-20T23:22:31.059689376Z,30,2026-01-20T23:22:31.059689376Z,true,2026-01-20T23:22:55.294779463Z,01KFEV378PDZP87HXSESW6BA01,2026-01-20T23:22:31.059689376Z,1,2026-01-20T23:22:31.059689376Z,true,2026-01-20T23:22:38.647140133Z,result,2026-01-20T23:22:31.059689376Z,01KFEVF1PKXY17EAHC5V0EMKN7,2026-01-20T23:22:31.059689376Z,true,2026-01-20T23:22:38.632610801Z,true,2026-01-20T23:22:38.664090252Z,01KFEVF1RCFM6YY1QEPDFZ4AXW,2026-01-20T23:22:31.059689376Z
01KFEVGBMAY00PHC6GRRMY95RZ,01KFEV37CWX6SQYA0RPR0C01MW,2026-01-20T23:23:13.930541769Z,90,2026-01-20T23:23:13.930541769Z,true,2026-01-20T23:26:11.549973633Z,01KFEV37DE991T271V0BRDHRJW,2026-01-20T23:23:13.930541769Z,0,2026-01-20T23:23:13.930541769Z,true,2026-01-20T23:26:07.629716667Z,choice,2026-01-20T23:23:13.930541769Z,01KFEVGBDEFGKQZTMK8HZ24A1T,2026-01-20T23:23:13.930541769Z,true,2026-01-20T23:26:07.602951401Z,true,2026-01-20T23:26:07.64272248Z,01KFEVGBM5H2C7PKEQ3NJXNP18,2026-01-20T23:23:13.930541769Z
01KFEVEHQPK1YHAJW7A0DE29MQ,01KFEV377XDCWB0CVW0E7ES8WB,2026-01-20T23:22:14.646572082Z,90,2026-01-20T23:22:14.646572082Z,true,2026-01-20T23:24:38.434325517Z,01KFEV378H0PY96RNMJFNCN7TE,2026-01-20T23:22:14.646572082Z,0,2026-01-20T23:22:14.646572082Z,true,2026-01-20T23:24:34.597049576Z,choice,2026-01-20T23:22:14.646572082Z,01KFEVEHGR7ECW4X29T8Y4QFJQ,2026-01-20T23:22:14.646572082Z,true,2026-01-20T23:24:34.575360954Z,true,2026-01-20T23:24:34.612820831Z,01KFEVEHQ7JZNKR2K2RYH3YTJ8,2026-01-20T23:22:14.646572082Z
01KFEVRWY1JD2GAW399103RZ51,01KFEV37CWX6SQYA0RPR0C01MW,2026-01-20T23:27:53.793401309Z,30,2026-01-20T23:27:53.793401309Z,true,2026-01-20T23:28:47.600705616Z,01KFEV37DAAK9E08F076WKMM6J,2026-01-20T23:27:53.793401309Z,1,2026-01-20T23:27:53.793401309Z,true,2026-01-20T23:28:41.504264494Z,result,2026-01-20T23:27:53.793401309Z,01KFEVRWRG1NX0K3PTAJAQYB2F,2026-01-20T23:27:53.793401309Z,true,2026-01-20T23:28:41.469223649Z,true,2026-01-20T23:28:41.533463608Z,01KFEVRWXQ7S6RZ15M1XWXADDM,2026-01-20T23:27:53.793401309Z
01KFEW9S7TKV98DDGRC0ARVZJ8,01KFEV38A01XZ4DPRPFKRE96P8,2026-01-20T23:37:07.067005349Z,90,2026-01-20T23:37:07.067005349Z,true,2026-01-20T23:40:37.599994232Z,01KFEV38AJ2CFPYBQZ5JKK7PV4,2026-01-20T23:37:07.067005349Z,0,2026-01-20T23:37:07.067005349Z,true,2026-01-20T23:40:31.035520093Z,choice,2026-01-20T23:37:07.067005349Z,01KFEW9RQ327JZV3KPAF5ZD6ZC,2026-01-20T23:37:07.067005349Z,true,2026-01-20T23:40:30.93908564Z,true,2026-01-20T23:40:31.093411364Z,01KFEW9S7JH0T9T91SCVY2KAEG,2026-01-20T23:37:07.067005349Z
01KFEV9961QZR5RK2WEPE4PKJG,01KFEV2BZFDRZBG3Y0249RG1TW,2026-01-20T23:19:22.049308957Z,30,2026-01-20T23:19:22.049308957Z,true,2026-01-20T23:20:12.12541647Z,01KFEV2C08ND9C9BYW8N2T146P,2026-01-20T23:19:22.049308957Z,1,2026-01-20T23:19:22.049308957Z,true,2026-01-20T23:20:02.429094051Z,result,2026-01-20T23:19:22.049308957Z,01KFEV992BY8ZQV1K5DH9Q0F8T,2026-01-20T23:19:22.049308957Z,true,2026-01-20T23:20:02.404076928Z,true,2026-01-20T23:20:02.452637697Z,01KFEV995YH1GV45TTP9GDZ1XW,2026-01-20T23:19:22.049308957Z
01KFEVNK9YAQBV26M84KTKNZQ2,01KFEV38GJVYY8P8B7QXSW6BTE,2026-01-20T23:26:05.630091636Z,90,2026-01-20T23:26:05.630091636Z,false,2026-01-20T23:26:05.630091636Z,01KFEV38H72YHVC8PGTMFH64KV,2026-01-20T23:26:05.630091636Z,0,2026-01-20T23:26:05.630091636Z,,,choice,2026-01-20T23:26:05.630091636Z,01KFEVNK2FV3E8D8AZBXVMD8K7,2026-01-20T23:26:05.630091636Z,false,2026-01-20T23:26:05.630091636Z,,,01KFEVNK9Q20QBPA9ACP5TEZNM,2026-01-20T23:26:05.630091636Z
01KFEVS3674XJNHR2JTADNHV5Y,01KFEV37PBC6DGWCX0HT0QWYJR,2026-01-20T23:28:00.199165311Z,30,2026-01-20T23:28:00.199165311Z,true,2026-01-20T23:29:12.083781132Z,01KFEV37PV76WD06T50QFKE80T,2026-01-20T23:28:00.199165311Z,1,2026-01-20T23:28:00.199165311Z,true,2026-01-20T23:29:09.158753834Z,result,2026-01-20T23:28:00.199165311Z,01KFEVS2ZY16AG7M0J8YVV8W86,2026-01-20T23:28:00.199165311Z,true,2026-01-20T23:29:09.126452407Z,true,2026-01-20T23:29:09.180122821Z,01KFEVS35TQ7JD4NZG54TN7RKN,2026-01-20T23:28:00.199165311Z
01KFEVF215DPDQP3RVA0BB4D2G,01KFEV377XDCWB0CVW0E7ES8WB,2026-01-20T23:22:31.33386687Z,90,2026-01-20T23:22:31.33386687Z,true,2026-01-20T23:25:32.311223517Z,01KFEV378PDZP87HXSESW6BA01,2026-01-20T23:22:31.33386687Z,0,2026-01-20T23:22:31.33386687Z,true,2026-01-20T23:25:29.081390009Z,choice,2026-01-20T23:22:31.33386687Z,01KFEVF1QPFHJRQAHKCB8DRQ6Y,2026-01-20T23:22:31.33386687Z,true,2026-01-20T23:25:29.057453333Z,true,2026-01-20T23:25:29.104705974Z,01KFEVF211PQPQSCAF7MWR2RJX,2026-01-20T23:22:31.33386687Z
01KFEVJEVDXRS0ZAGWG586HMMN,01KFEV37CWX6SQYA0RPR0C01MW,2026-01-20T23:24:22.765302577Z,30,2026-01-20T23:24:22.765302577Z,true,2026-01-20T23:28:53.134839649Z,01KFEV37DE991T271V0NJ5BY6K,2026-01-20T23:24:22.765302577Z,1,2026-01-20T23:24:22.765302577Z,true,2026-01-20T23:28:49.773090329Z,result,2026-01-20T23:24:22.765302577Z,01KFEVJEJXVVFBH0FKDYNANHM0,2026-01-20T23:24:22.765302577Z,true,2026-01-20T23:28:49.743923145Z,true,2026-01-20T23:28:49.791255718Z,01KFEVJEV797CACCBS7JEB0WWA,2026-01-20T23:24:22.765302577Z
01KFEWB9H9AGZX8FVSF7SM82WX,01KFEV38GJVYY8P8B7QXSW6BTE,2026-01-20T23:37:56.521546586Z,30,2026-01-20T23:37:56.521546586Z,true,2026-01-20T23:39:46.596500672Z,01KFEV38H8T2V9428VC9T7MEBA,2026-01-20T23:37:56.521546586Z,1,2026-01-20T23:37:56.521546586Z,true,2026-01-20T23:39:44.714203733Z,result,2026-01-20T23:37:56.521546586Z,01KFEWB95D8TYSSW9F9S79CQD8,2026-01-20T23:37:56.521546586Z,true,2026-01-20T23:39:44.669484536Z,true,2026-01-20T23:39:44.755636465Z,01KFEWB9GS9TC2X5E03BEMK1KK,2026-01-20T23:37:56.521546586Z
01KFEVCJKS3R8S4MYF441ECPWN,01KFEV2BZFDRZBG3Y0249RG1TW,2026-01-20T23:21:10.009493837Z,30,2026-01-20T23:21:10.009493837Z,true,2026-01-20T23:21:48.42459084Z,01KFEV2C0EQZAQP8AFWFARX9S3,2026-01-20T23:21:10.009493837Z,1,2026-01-20T23:21:10.009493837Z,true,2026-01-20T23:21:18.409357722Z,result,2026-01-20T23:21:10.009493837Z,01KFEVCJJ5D5JFKFHHY6M7CQMN,2026-01-20T23:21:10.009493837Z,true,2026-01-20T23:21:18.391535866Z,true,2026-01-20T23:21:18.426305061Z,01KFEVCJKMAED0QHGDNHMR40M6,2026-01-20T23:21:10.009493837Z
01KFEVEHM8BESJRBJGYZVWM2DB,01KFEV377XDCWB0CVW0E7ES8WB,2026-01-20T23:22:14.536965844Z,90,2026-01-20T23:22:14.536965844Z,true,2026-01-20T23:23:58.147326005Z,01KFEV378H0PY96RNMJFNCN7TE,2026-01-20T23:22:14.536965844Z,0,2026-01-20T23:22:14.536965844Z,true,2026-01-20T23:23:55.640144087Z,choice,2026-01-20T23:22:14.536965844Z,01KFEVEHGWD05V25JN0JRD6NS4,2026-01-20T23:22:14.536965844Z,true,2026-01-20T23:23:55.61645837Z,true,2026-01-20T23:23:55.653491389Z,01KFEVEHM48BSRE25RWAZS85QD,2026-01-20T23:22:14.536965844Z
01KFEW1AVSFKDVTVFK70YRMCXV,01KFEV384BJYC62Y0E6AQK09K8,2026-01-20T23:32:30.201240445Z,30,2026-01-20T23:32:30.201240445Z,true,2026-01-20T23:33:43.586691803Z,01KFEV385166A8JYCZ9G4DMHRQ,2026-01-20T23:32:30.201240445Z,1,2026-01-20T23:32:30.201240445Z,true,2026-01-20T23:33:41.237460974Z,result,2026-01-20T23:32:30.201240445Z,01KFEW1AKGQ270E4D2RH495YX3,2026-01-20T23:32:30.201240445Z,true,2026-01-20T23:33:41.20523314Z,true,2026-01-20T23:33:41.271246237Z,01KFEW1AVFRD117MX496F2Y5XD,2026-01-20T23:32:30.201240445Z
01KFEVHAR4W3KDDVMKV2FPHNHH,01KFEV384BJYC62Y0E6AQK09K8,2026-01-20T23:23:45.796121936Z,30,2026-01-20T23:23:45.796121936Z,true,2026-01-20T23:24:24.120451223Z,01KFEV384Y33BFECW27AH8GSGD,2026-01-20T23:23:45.796121936Z,1,2026-01-20T23:23:45.796121936Z,true,2026-01-20T23:24:20.118502072Z,result,2026-01-20T23:23:45.796121936Z,01KFEVHANZWYMMJ585A25SK7SB,2026-01-20T23:23:45.796121936Z,true,2026-01-20T23:24:20.093824Z,true,2026-01-20T23:24:20.132289023Z,01KFEVHAQXKTFNZ058JGTWFXY5,2026-01-20T23:23:45.796121936Z
01KFEW9P6GEFX19EN0CA35YQKM,01KFEV384BJYC62Y0E6AQK09K8,2026-01-20T23:37:03.952308035Z,90,2026-01-20T23:37:03.952308035Z,false,2026-01-20T23:37:03.952308035Z,01KFEV384Z68A1Z7ZGWS1GDSZK,2026-01-20T23:37:03.952308035Z,0,2026-01-20T23:37:03.952308035Z,,,choice,2026-01-20T23:37:03.952308035Z,01KFEW9NHJFPA5RCB76F549V11,2026-01-20T23:37:03.952308035Z,false,2026-01-20T23:37:03.952308035Z,,,01KFEW9P69SRQK1ZZ53V9BNT18,2026-01-20T23:37:03.952308035Z
01KFEWVMB54ESHH9BYYDC2CP2C,01KFEV38GJVYY8P8B7QXSW6BTE,2026-01-20T23:46:51.877383525Z,30,2026-01-20T23:46:51.877383525Z,true,2026-01-20T23:47:16.070697189Z,01KFEV38H0S2Y42XZDBCZ2KPGY,2026-01-20T23:46:51.877383525Z,1,2026-01-20T23:46:51.877383525Z,true,2026-01-20T23:47:02.478029447Z,result,2026-01-20T23:46:51.877383525Z,01KFEWVM5D5SBJNDB59MH62QTJ,2026-01-20T23:46:51.877383525Z,true,2026-01-20T23:47:02.42072869Z,true,2026-01-20T23:47:02.522448463Z,01KFEWVMANCM7BXK17FF4HQ43S,2026-01-20T23:46:51.877383525Z
01KFEVCJPT09FD703Z3NPF57SS,01KFEV2BZFDRZBG3Y0249RG1TW,2026-01-20T23:21:10.106787976Z,90,2026-01-20T23:21:10.106787976Z,false,2026-01-20T23:21:10.106787976Z,01KFEV2C0EQZAQP8AFWFARX9S3,2026-01-20T23:21:10.106787976Z,0,2026-01-20T23:21:10.106787976Z,,,choice,2026-01-20T23:21:10.106787976Z,01KFEVCJK1KC7482607TFTQRX1,2026-01-20T23:21:10.106787976Z,false,2026-01-20T23:21:10.106787976Z,,,01KFEVCJPPSMTYJ6VJB3ZC2W5S,2026-01-20T23:21:10.106787976Z
01KFEVEHKJTPR435GVXZTGXAHT,01KFEV377XDCWB0CVW0E7ES8WB,2026-01-20T23:22:14.515024182Z,90,2026-01-20T23:22:14.515024182Z,true,2026-01-20T23:23:52.958681092Z,01KFEV378H0PY96RNMJFNCN7TE,2026-01-20T23:22:14.515024182Z,0,2026-01-20T23:22:14.515024182Z,true,2026-01-20T23:23:46.949165672Z,choice,2026-01-20T23:22:14.515024182Z,01KFEVEHGBCMP7V8TCE6N6N4MW,2026-01-20T23:22:14.515024182Z,true,2026-01-20T23:23:46.050630845Z,true,2026-01-20T23:23:46.964328695Z,01KFEVEHKDW24FF6RKPH2CG8SZ,2026-01-20T23:22:14.515024182Z
01KFEVGBNS923E472G64Y8VTC9,01KFEV37CWX6SQYA0RPR0C01MW,2026-01-20T23:23:13.977176033Z,90,2026-01-20T23:23:13.977176033Z,true,2026-01-20T23:26:24.126911678Z,01KFEV37DE991T271V0BRDHRJW,2026-01-20T23:23:13.977176033Z,0,2026-01-20T23:23:13.977176033Z,true,2026-01-20T23:26:20.756091201Z,choice,2026-01-20T23:23:13.977176033Z,01KFEVGBDHBKMP77667Y4F3PW3,2026-01-20T23:23:13.977176033Z,true,2026-01-20T23:26:20.730536082Z,true,2026-01-20T23:26:20.77703497Z,01KFEVGBNM2CWXFPWH1YEQPW32,2026-01-20T23:23:13.977176033Z
01KFEVHAT05AY1SZT6N5QC5EJR,01KFEV384BJYC62Y0E6AQK09K8,2026-01-20T23:23:45.856369237Z,90,2026-01-20T23:23:45.856369237Z,true,2026-01-20T23:24:43.852384215Z,01KFEV384Y33BFECW27AH8GSGD,2026-01-20T23:23:45.856369237Z,0,2026-01-20T23:23:45.856369237Z,true,2026-01-20T23:24:38.930979011Z,choice,2026-01-20T23:23:45.856369237Z,01KFEVHAP1ZGR28S54Q15ESMWZ,2026-01-20T23:23:45.856369237Z,true,2026-01-20T23:24:38.905850989Z,true,2026-01-20T23:24:38.946124096Z,01KFEVHASWFT1JFFXXV503SQDY,2026-01-20T23:23:45.856369237Z
01KFEVJNZTRDPZK5M1ZCFXFB63,01KFEV377XDCWB0CVW0E7ES8WB,2026-01-20T23:24:30.074370789Z,90,2026-01-20T23:24:30.074370789Z,true,2026-01-20T23:26:12.78104158Z,01KFEV378FNG971PBW7B2SPNC6,2026-01-20T23:24:30.074370789Z,0,2026-01-20T23:24:30.074370789Z,true,2026-01-20T23:26:10.88216602Z,choice,2026-01-20T23:24:30.074370789Z,01KFEVJNRD1MY8S8B50S9C4WM2,2026-01-20T23:24:30.074370789Z,true,2026-01-20T23:26:10.855683821Z,true,2026-01-20T23:26:10.901400525Z,01KFEVJNZNCX5KS3JR6DC4CFTS,2026-01-20T23:24:30.074370789Z
01KFEWKBB6GHWJ4ABBWK41RTPW,01KFEV38A01XZ4DPRPFKRE96P8,2026-01-20T23:42:20.518587219Z,90,2026-01-20T23:42:20.518587219Z,false,2026-01-20T23:42:20.518587219Z,01KFEV38AGG0Y2K5R4FB90SKZX,2026-01-20T23:42:20.518587219Z,0,2026-01-20T23:42:20.518587219Z,,,choice,2026-01-20T23:42:20.518587219Z,01KFEWKAQDH2M2J3X96NPT40B5,2026-01-20T23:42:20.518587219Z,false,2026-01-20T23:42:20.518587219Z,,,01KFEWKBAZA6JH2VCAA1WS4FM2,2026-01-20T23:42:20.518587219Z
01KFEVB9XAQYASDT5W4C6EAPT2,01KFEV2BZFDRZBG3Y0249RG1TW,2026-01-20T23:20:28.330801468Z,30,2026-01-20T23:20:28.330801468Z,false,2026-01-20T23:20:28.330801468Z,01KFEV2C0BAXD2XBMY5020521J,2026-01-20T23:20:28.330801468Z,1,2026-01-20T23:20:28.330801468Z,,,result,2026-01-20T23:20:28.330801468Z,01KFEVB9V0EKNPT9R65H688C9S,2026-01-20T23:20:28.330801468Z,false,2026-01-20T23:20:28.330801468Z,,,01KFEVB9X7538EMRS5XRV1FV2V,2026-01-20T23:20:28.330801468Z
01KFEWB9S64FVS70NP5DP2WZ1A,01KFEV38GJVYY8P8B7QXSW6BTE,2026-01-20T23:37:56.774185631Z,30,2026-01-20T23:37:56.774185631Z,true,2026-01-20T23:40:24.619262308Z,01KFEV38H8T2V9428VC9T7MEBA,2026-01-20T23:37:56.774185631Z,1,2026-01-20T23:37:56.774185631Z,true,2026-01-20T23:40:16.748776755Z,result,2026-01-20T23:37:56.774185631Z,01KFEWB96ZWWCJ2HWAMXTQ08FM,2026-01-20T23:37:56.774185631Z,true,2026-01-20T23:40:16.696889449Z,true,2026-01-20T23:40:16.785407943Z,01KFEWB9R9S11G13V77AX2MC4H,2026-01-20T23:37:56.774185631Z
01KFEW3VPJ4W3CPTWJ2CQZKA4T,01KFEVMN9Q125N5N16W4WNYJXF,2026-01-20T23:33:52.978635555Z,90,2026-01-20T23:33:52.978635555Z,true,2026-01-20T23:34:06.580573553Z,01KFEVMNBC23RB4D79KEQ4G0VS,2026-01-20T23:33:52.978635555Z,0,2026-01-20T23:33:52.978635555Z,true,2026-01-20T23:33:54.603789137Z,choice,2026-01-20T23:33:52.978635555Z,01KFEW3VP28YF1EKPX4Q9AW06S,2026-01-20T23:33:52.978635555Z,true,2026-01-20T23:33:54.447660505Z,true,2026-01-20T23:33:54.635369586Z,01KFEW3VPDFJH8VBKJTRHEE038,2026-01-20T23:33:52.978635555Z
01KFEW9S281RCGXDCDZPTKRF9Z,01KFEV38A01XZ4DPRPFKRE96P8,2026-01-20T23:37:06.888184406Z,30,2026-01-20T23:37:06.888184406Z,true,2026-01-20T23:40:01.960678993Z,01KFEV38AJ2CFPYBQZ5JKK7PV4,2026-01-20T23:37:06.888184406Z,1,2026-01-20T23:37:06.888184406Z,true,2026-01-20T23:39:53.960014289Z,result,2026-01-20T23:37:06.888184406Z,01KFEW9RRB19NTDMQ39CJ149E9,2026-01-20T23:37:06.888184406Z,true,2026-01-20T23:39:53.904840173Z,true,2026-01-20T23:39:53.995130822Z,01KFEW9S1SCXSAYKXXXD67CZMJ,2026-01-20T23:37:06.888184406Z
01KFEWE9C30ZHCGCFJFZTFSKD8,01KFEVMN9Q125N5N16W4WNYJXF,2026-01-20T23:39:34.659533876Z,90,2026-01-20T23:39:34.659533876Z,true,2026-01-20T23:41:43.747805986Z,01KFEVMNAWK7WRWM1AMQZKX6SA,2026-01-20T23:39:34.659533876Z,0,2026-01-20T23:39:34.659533876Z,true,2026-01-20T23:41:42.012188093Z,choice,2026-01-20T23:39:34.659533876Z,01KFEWE8W4Q7HBT12QMD8NKR4R,2026-01-20T23:39:34.659533876Z,true,2026-01-20T23:41:41.966795553Z,true,2026-01-20T23:41:42.047521555Z,01KFEWE9BTV48S69Q5J2TP57SY,2026-01-20T23:39:34.659533876Z
01KFEVCJNF3EJ6ZC4Z36ZJRBNY,01KFEV2BZFDRZBG3Y0249RG1TW,2026-01-20T23:21:10.063178974Z,30,2026-01-20T23:21:10.063178974Z,false,2026-01-20T23:21:10.063178974Z,01KFEV2C0EQZAQP8AFWFARX9S3,2026-01-20T23:21:10.063178974Z,1,2026-01-20T23:21:10.063178974Z,,,result,2026-01-20T23:21:10.063178974Z,01KFEVCJK4FTFQCEGYAMH5AK8S,2026-01-20T23:21:10.063178974Z,false,2026-01-20T23:21:10.063178974Z,,,01KFEVCJNAWJQBWPYWJZ3TNXMP,2026-01-20T23:21:10.063178974Z
01KFEVKCVA6RACV3K9116YJ2NH,01KFEV37PBC6DGWCX0HT0QWYJR,2026-01-20T23:24:53.482946475Z,90,2026-01-20T23:24:53.482946475Z,true,2026-01-20T23:27:19.450747575Z,01KFEV37PYV9HETXX2PSGE1RKD,2026-01-20T23:24:53.482946475Z,0,2026-01-20T23:24:53.482946475Z,true,2026-01-20T23:27:13.175133711Z,choice,2026-01-20T23:24:53.482946475Z,01KFEVKCNE0XAMRN0N7CFCEXZ2,2026-01-20T23:24:53.482946475Z,true,2026-01-20T23:27:13.147149943Z,true,2026-01-20T23:27:13.196236194Z,01KFEVKCV64PPC5EHAXX1NQBTT,2026-01-20T23:24:53.482946475Z
01KFEW2KK66BTJWRQH5GXP3C88,01KFEV38GJVYY8P8B7QXSW6BTE,2026-01-20T23:33:11.91030767Z,90,2026-01-20T23:33:11.91030767Z,true,2026-01-20T23:36:09.566949348Z,01KFEV38H48T18ZRM15RETR33C,2026-01-20T23:33:11.91030767Z,0,2026-01-20T23:33:11.91030767Z,true,2026-01-20T23:36:08.344181668Z,choice,2026-01-20T23:33:11.91030767Z,01KFEW2K65H61S2VCF5K0K6SB6,2026-01-20T23:33:11.91030767Z,true,2026-01-20T23:36:08.308220464Z,true,2026-01-20T23:36:08.373427231Z,01KFEW2KJZ2P4V3QBD2F4KKXS4,2026-01-20T23:33:11.91030767Z
01KFEVF1RFJZTZD0HH7F49462M,01KFEV377XDCWB0CVW0E7ES8WB,2026-01-20T23:22:31.055079411Z,90,2026-01-20T23:22:31.055079411Z,true,2026-01-20T23:22:38.618912175Z,01KFEV378PDZP87HXSESW6BA01,2026-01-20T23:22:31.055079411Z,0,2026-01-20T23:22:31.055079411Z,true,2026-01-20T23:22:32.244796736Z,choice,2026-01-20T23:22:31.055079411Z,01KFEVF1PKXY17EAHC5V0EMKN7,2026-01-20T23:22:31.055079411Z,true,2026-01-20T23:22:32.179592621Z,true,2026-01-20T23:22:32.254945913Z,01KFEVF1R9T56E3TXDQX8RA4XD,2026-01-20T23:22:31.055079411Z
01KFEVHAVQE1R4YNC069H9QSBW,01KFEV384BJYC62Y0E6AQK09K8,2026-01-20T23:23:45.911350226Z,90,2026-01-20T23:23:45.911350226Z,true,2026-01-20T23:25:15.72471307Z,01KFEV384Y33BFECW27AH8GSGD,2026-01-20T23:23:45.911350226Z,0,2026-01-20T23:23:45.911350226Z,true,2026-01-20T23:25:14.000488893Z,choice,2026-01-20T23:23:45.911350226Z,01KFEVHAPJCMYFRQP2F7WT72WK,2026-01-20T23:23:45.911350226Z,true,2026-01-20T23:25:13.979997329Z,true,2026-01-20T23:25:14.014725036Z,01KFEVHAVJ2ZFNWJ6A023QCTEV,2026-01-20T23:23:45.911350226Z
01KFEVJEW1JX5XMSMKG0RQ6T8P,01KFEV37CWX6SQYA0RPR0C01MW,2026-01-20T23:24:22.78545284Z,30,2026-01-20T23:24:22.78545284Z,true,2026-01-20T23:29:11.378436751Z,01KFEV37DE991T271V0NJ5BY6K,2026-01-20T23:24:22.78545284Z,1,2026-01-20T23:24:22.78545284Z,true,2026-01-20T23:28:56.879189964Z,result,2026-01-20T23:24:22.78545284Z,01KFEVJEKRTPZ9GBG5E2CFW5VH,2026-01-20T23:24:22.78545284Z,true,2026-01-20T23:28:56.851447662Z,true,2026-01-20T23:28:56.904935622Z,01KFEVJEVW5DWDG48M17SMKT8K,2026-01-20T23:24:22.78545284Z
01KFEVHAQHKB7XEX7R1W5GCP0N,01KFEV384BJYC62Y0E6AQK09K8,2026-01-20T23:23:45.777310957Z,30,2026-01-20T23:23:45.777310957Z,true,2026-01-20T23:24:15.010227026Z,01KFEV384Y33BFECW27AH8GSGD,2026-01-20T23:23:45.777310957Z,1,2026-01-20T23:23:45.777310957Z,true,2026-01-20T23:23:54.888524714Z,result,2026-01-20T23:23:45.777310957Z,01KFEVHAPAY4FNYD6E80QRSW86,2026-01-20T23:23:45.777310957Z,true,2026-01-20T23:23:54.865537221Z,true,2026-01-20T23:23:54.901774764Z,01KFEVHAQB4BMYQTE517Q6E41J,2026-01-20T23:23:45.777310957Z
01KFEW9RZ3PKHEZ0XQVGVHC6A2,01KFEV38A01XZ4DPRPFKRE96P8,2026-01-20T23:37:06.787250041Z,30,2026-01-20T23:37:06.787250041Z,true,2026-01-20T23:39:15.475564871Z,01KFEV38AJ2CFPYBQZ5JKK7PV4,2026-01-20T23:37:06.787250041Z,1,2026-01-20T23:37:06.787250041Z,true,2026-01-20T23:39:01.197843331Z,result,2026-01-20T23:37:06.787250041Z,01KFEW9RS4ARACABCS30DH1PYC,2026-01-20T23:37:06.787250041Z,true,2026-01-20T23:39:01.148756822Z,true,2026-01-20T23:39:01.234877364Z,01KFEW9RYNMZHJ2EY13RZAQJCV,2026-01-20T23:37:06.787250041Z
01KFEWB9JN8BP19T24SMWXHSV5,01KFEV38GJVYY8P8B7QXSW6BTE,2026-01-20T23:37:56.565698843Z,30,2026-01-20T23:37:56.565698843Z,true,2026-01-20T23:39:51.557030414Z,01KFEV38H8T2V9428VC9T7MEBA,2026-01-20T23:37:56.565698843Z,1,2026-01-20T23:37:56.565698843Z,true,2026-01-20T23:39:49.856897955Z,result,2026-01-20T23:37:56.565698843Z,01KFEWB95MVT152YDC7RERZG6G,2026-01-20T23:37:56.565698843Z,true,2026-01-20T23:39:49.812056105Z,true,2026-01-20T23:39:49.898211569Z,01KFEWB9J6KV9DDKA3Q2X6T20A,2026-01-20T23:37:56.565698843Z
01KFEVJNTNPVSEJXTD43Z5TP96,01KFEV377XDCWB0CVW0E7ES8WB,2026-01-20T23:24:29.909381213Z,90,2026-01-20T23:24:29.909381213Z,true,2026-01-20T23:25:12.373857304Z,01KFEV378FNG971PBW7B2SPNC6,2026-01-20T23:24:29.909381213Z,0,2026-01-20T23:24:29.909381213Z,true,2026-01-20T23:25:09.423855765Z,choice,2026-01-20T23:24:29.909381213Z,01KFEVJNQSYYRC4AF8PKPM2915,2026-01-20T23:24:29.909381213Z,true,2026-01-20T23:25:09.394553018Z,true,2026-01-20T23:25:09.439295225Z,01KFEVJNTGGPD8MS4ZYP39EYD6,2026-01-20T23:24:29.909381213Z
01KFEVS3B2E213V3KEQD2DMGF3,01KFEV37PBC6DGWCX0HT0QWYJR,2026-01-20T23:28:00.354425928Z,90,2026-01-20T23:28:00.354425928Z,true,2026-01-20T23:29:56.873681723Z,01KFEV37PV76WD06T50QFKE80T,2026-01-20T23:28:00.354425928Z,0,2026-01-20T23:28:00.354425928Z,true,2026-01-20T23:29:54.795343237Z,choice,2026-01-20T23:28:00.354425928Z,01KFEVS2YSDC5M1CSQ45WYXFCB,2026-01-20T23:28:00.354425928Z,true,2026-01-20T23:29:54.761906184Z,true,2026-01-20T23:29:54.822392592Z,01KFEVS3AXP92VHC6WJHAMHPZX,2026-01-20T23:28:00.354425928Z
01KFEW9S4WB4J4B806SQ1BGD01,01KFEV38A01XZ4DPRPFKRE96P8,2026-01-20T23:37:06.973021826Z,90,2026-01-20T23:37:06.973021826Z,true,2026-01-20T23:40:15.419597968Z,01KFEV38AJ2CFPYBQZ5JKK7PV4,2026-01-20T23:37:06.973021826Z,0,2026-01-20T23:37:06.973021826Z,true,2026-01-20T23:40:09.988832977Z,choice,2026-01-20T23:37:06.973021826Z,01KFEW9RQQNHQYFYBFG4W4KFW3,2026-01-20T23:37:06.973021826Z,true,2026-01-20T23:40:09.944441207Z,true,2026-01-20T23:40:10.023359711Z,01KFEW9S4M64NMS4Q2ZMFHPBPA,2026-01-20T23:37:06.973021826Z
01KFEW9NWCGM8JDNQNNBFW3Q3K,01KFEV384BJYC62Y0E6AQK09K8,2026-01-20T23:37:03.628392189Z,30,2026-01-20T23:37:03.628392189Z,true,2026-01-20T23:39:21.384814278Z,01KFEV384Z68A1Z7ZGWS1GDSZK,2026-01-20T23:37:03.628392189Z,1,2026-01-20T23:37:03.628392189Z,true,2026-01-20T23:39:11.110438513Z,result,2026-01-20T23:37:03.628392189Z,01KFEW9NFJC2J34XYTRA892WKP,2026-01-20T23:37:03.628392189Z,true,2026-01-20T23:39:11.06079569Z,true,2026-01-20T23:39:11.141161775Z,01KFEW9NVZ337B0T1MK0TTB2MB,2026-01-20T23:37:03.628392189Z
01KFEVF1YPSJWQV7PE6WXMQPM4,01KFEV377XDCWB0CVW0E7ES8WB,2026-01-20T23:22:31.254472244Z,90,2026-01-20T23:22:31.254472244Z,true,2026-01-20T23:24:45.614710277Z,01KFEV378PDZP87HXSESW6BA01,2026-01-20T23:22:31.254472244Z,0,2026-01-20T23:22:31.254472244Z,true,2026-01-20T23:24:41.776631999Z,choice,2026-01-20T23:22:31.254472244Z,01KFEVF1QWVSRQZSBVJ2N2MCKF,2026-01-20T23:22:31.254472244Z,true,2026-01-20T23:24:41.757218139Z,true,2026-01-20T23:24:41.792376307Z,01KFEVF1YG6JW00519SP7E9P81,2026-01-20T23:22:31.254472244Z
01KFEVFBH1V5T2786SV16C3KCT,01KFEV377XDCWB0CVW0E7ES8WB,2026-01-20T23:22:41.057986965Z,30,2026-01-20T23:22:41.057986965Z,true,2026-01-20T23:24:56.384705427Z,01KFEV378H0PY96RNMJTMM0E4X,2026-01-20T23:22:41.057986965Z,1,2026-01-20T23:22:41.057986965Z,true,2026-01-20T23:24:50.286266362Z,result,2026-01-20T23:22:41.057986965Z,01KFEVFBC3KKXJSC7MKW9KR59A,2026-01-20T23:22:41.057986965Z,true,2026-01-20T23:24:50.266701893Z,true,2026-01-20T23:24:50.308294296Z,01KFEVFBGY175VDG6PRN18CMX5,2026-01-20T23:22:41.057986965Z
01KFEVPNYQX5PN7QM9319KJQFG,01KFEVMN9Q125N5N16W4WNYJXF,2026-01-20T23:26:41.111735545Z,90,2026-01-20T23:26:41.111735545Z,true,2026-01-20T23:29:43.12049951Z,01KFEVMNB841AFDZFM4WSW4FTD,2026-01-20T23:26:41.111735545Z,0,2026-01-20T23:26:41.111735545Z,true,2026-01-20T23:29:41.065026983Z,choice,2026-01-20T23:26:41.111735545Z,01KFEVPNHPYT4D9Y89XXZCCCHS,2026-01-20T23:26:41.111735545Z,true,2026-01-20T23:29:41.031560569Z,true,2026-01-20T23:29:41.088532578Z,01KFEVPNYJWCEH7YZEDABJXT7S,2026-01-20T23:26:41.111735545Z
01KFEVJNYGN53QBWR5M6THB8AX,01KFEV377XDCWB0CVW0E7ES8WB,2026-01-20T23:24:30.032982441Z,90,2026-01-20T23:24:30.032982441Z,true,2026-01-20T23:25:57.394802904Z,01KFEV378FNG971PBW7B2SPNC6,2026-01-20T23:24:30.032982441Z,0,2026-01-20T23:24:30.032982441Z,true,2026-01-20T23:25:54.894247056Z,choice,2026-01-20T23:24:30.032982441Z,01KFEVJNRJZH5GPQKMH4ZHTKNX,2026-01-20T23:24:30.032982441Z,true,2026-01-20T23:25:54.867177454Z,true,2026-01-20T23:25:54.913018414Z,01KFEVJNYBZSP9FJK94GDANDMG,2026-01-20T23:24:30.032982441Z
01KFEW3VQXF272QDVVMJE11RMV,01KFEVMN9Q125N5N16W4WNYJXF,2026-01-20T23:33:53.021381925Z,90,2026-01-20T23:33:53.021381925Z,true,2026-01-20T23:34:53.502373596Z,01KFEVMNBC23RB4D79KEQ4G0VS,2026-01-20T23:33:53.021381925Z,0,2026-01-20T23:33:53.021381925Z,true,2026-01-20T23:34:28.912508509Z,choice,2026-01-20T23:33:53.021381925Z,01KFEW3VNVZC3K3MEZH39VDAQA,2026-01-20T23:33:53.021381925Z,true,2026-01-20T23:34:28.87755899Z,true,2026-01-20T23:34:28.936223378Z,01KFEW3VQMH3MK6JVMAJNKRXYA,2026-01-20T23:33:53.021381925Z
01KFEVKCYFY6EHN03X07HB89QG,01KFEV37PBC6DGWCX0HT0QWYJR,2026-01-20T23:24:53.583975551Z,90,2026-01-20T23:24:53.583975551Z,true,2026-01-20T23:28:02.187318488Z,01KFEV37PYV9HETXX2PSGE1RKD,2026-01-20T23:24:53.583975551Z,0,2026-01-20T23:24:53.583975551Z,true,2026-01-20T23:27:56.095286248Z,choice,2026-01-20T23:24:53.583975551Z,01KFEVKCNNC4194XQX6PJZM5B6,2026-01-20T23:24:53.583975551Z,true,2026-01-20T23:27:56.069124339Z,true,2026-01-20T23:27:56.118749265Z,01KFEVKCYBQWXFRX2MXWCCNT8Q,2026-01-20T23:24:53.583975551Z
01KFEWF0CS5V0JF5NSVFJY44KA,01KFEVMNF44NEM58ETFST7KTWM,2026-01-20T23:39:58.233973328Z,30,2026-01-20T23:39:58.233973328Z,true,2026-01-20T23:42:32.998670776Z,01KFEVMNHFNDCGHX9QBBFN387E,2026-01-20T23:39:58.233973328Z,1,2026-01-20T23:39:58.233973328Z,true,2026-01-20T23:42:02.918214723Z,result,2026-01-20T23:39:58.233973328Z,01KFEWEZZBBNA6YGF5KBEE6WA6,2026-01-20T23:39:58.233973328Z,true,2026-01-20T23:42:02.808738706Z,true,2026-01-20T23:42:02.982932054Z,01KFEWF0CB8PK8Y9EG5ETYWNSB,2026-01-20T23:39:58.233973328Z
01KFEVHAWY4DWJWQKYAQGVRJ2G,01KFEV384BJYC62Y0E6AQK09K8,2026-01-20T23:23:45.950545699Z,30,2026-01-20T23:23:45.950545699Z,true,2026-01-20T23:26:23.866783629Z,01KFEV384Y33BFECW27AH8GSGD,2026-01-20T23:23:45.950545699Z,1,2026-01-20T23:23:45.950545699Z,true,2026-01-20T23:26:21.225662129Z,result,2026-01-20T23:23:45.950545699Z,01KFEVHAPQB1SQ5NQG6WGV0BMA,2026-01-20T23:23:45.950545699Z,true,2026-01-20T23:26:21.196833454Z,true,2026-01-20T23:26:21.245851625Z,01KFEVHAWS67WCQ2GAQW1S5HZG,2026-01-20T23:23:45.950545699Z
01KFEVKCRJR9BSPBHV99EFT0BF,01KFEV37PBC6DGWCX0HT0QWYJR,2026-01-20T23:24:53.394273831Z,30,2026-01-20T23:24:53.394273831Z,true,2026-01-20T23:26:20.388876725Z,01KFEV37PYV9HETXX2PSGE1RKD,2026-01-20T23:24:53.394273831Z,1,2026-01-20T23:24:53.394273831Z,true,2026-01-20T23:26:14.662904817Z,result,2026-01-20T23:24:53.394273831Z,01KFEVKCMXV1V0WG8YMMXT3XTM,2026-01-20T23:24:53.394273831Z,true,2026-01-20T23:26:14.633888116Z,true,2026-01-20T23:26:14.684247472Z,01KFEVKCRCGDWFVFHAMZY4G4VW,2026-01-20T23:24:53.394273831Z
01KFEW9NQT7QSNS7B8P8QDSWT1,01KFEV384BJYC62Y0E6AQK09K8,2026-01-20T23:37:03.482189719Z,90,2026-01-20T23:37:03.482189719Z,true,2026-01-20T23:38:26.348326722Z,01KFEV384Z68A1Z7ZGWS1GDSZK,2026-01-20T23:37:03.482189719Z,0,2026-01-20T23:37:03.482189719Z,true,2026-01-20T23:38:20.903668647Z,choice,2026-01-20T23:37:03.482189719Z,01KFEW9NEZF4BDJ4D8H6JC57E0,2026-01-20T23:37:03.482189719Z,true,2026-01-20T23:38:20.86187448Z,true,2026-01-20T23:38:20.930616395Z,01KFEW9NQ0D18E8D6YBX45W98F,2026-01-20T23:37:03.482189719Z
01KFEVB8QTT7G7800C4VQ8DVS9,01KFEV2BZFDRZBG3Y0249RG1TW,2026-01-20T23:20:27.130850584Z,90,2026-01-20T23:20:27.130850584Z,true,2026-01-20T23:23:30.51521867Z,01KFEV2C0CP35QE41ZMH45J8TZ,2026-01-20T23:20:27.130850584Z,0,2026-01-20T23:20:27.130850584Z,true,2026-01-20T23:23:25.368307205Z,choice,2026-01-20T23:20:27.130850584Z,01KFEVB8G8DNW1YDKX93Z4PCN5,2026-01-20T23:20:27.130850584Z,true,2026-01-20T23:23:25.352700358Z,true,2026-01-20T23:23:25.382747329Z,01KFEVB8QHDFXX3SYZCD29H416,2026-01-20T23:20:27.130850584Z
01KFEVF1TFFZ4FCXP1QXSR7WX5,01KFEV377XDCWB0CVW0E7ES8WB,2026-01-20T23:22:31.119515527Z,90,2026-01-20T23:22:31.119515527Z,true,2026-01-20T23:23:16.941101187Z,01KFEV378PDZP87HXSESW6BA01,2026-01-20T23:22:31.119515527Z,0,2026-01-20T23:22:31.119515527Z,true,2026-01-20T23:23:13.32097412Z,choice,2026-01-20T23:22:31.119515527Z,01KFEVF1PPGM18ZSKV97STAVV2,2026-01-20T23:22:31.119515527Z,true,2026-01-20T23:23:13.305746433Z,true,2026-01-20T23:23:13.335926599Z,01KFEVF1T02M2EHFE6DKH8408Z,2026-01-20T23:22:31.119515527Z
01KFEVRX526115CFRDE51P6K96,01KFEV37CWX6SQYA0RPR0C01MW,2026-01-20T23:27:54.018100982Z,30,2026-01-20T23:27:54.018100982Z,true,2026-01-20T23:30:38.802175761Z,01KFEV37DAAK9E08F076WKMM6J,2026-01-20T23:27:54.018100982Z,1,2026-01-20T23:27:54.018100982Z,true,2026-01-20T23:30:32.216657241Z,result,2026-01-20T23:27:54.018100982Z,01KFEVRWQYDTTG3TBRZX6QCZTF,2026-01-20T23:27:54.018100982Z,true,2026-01-20T23:30:32.160957005Z,true,2026-01-20T23:30:32.272153477Z,01KFEVRX4S693M1FAR6AMXK2JS,2026-01-20T23:27:54.018100982Z
01KFEW9S540FBYVXVCPSPQEFNK,01KFEV38A01XZ4DPRPFKRE96P8,2026-01-20T23:37:06.980638038Z,30,2026-01-20T23:37:06.980638038Z,true,2026-01-20T23:40:18.155981295Z,01KFEV38AJ2CFPYBQZ5JKK7PV4,2026-01-20T23:37:06.980638038Z,1,2026-01-20T23:37:06.980638038Z,true,2026-01-20T23:40:15.497104647Z,result,2026-01-20T23:37:06.980638038Z,01KFEW9RQQNHQYFYBFG4W4KFW3,2026-01-20T23:37:06.980638038Z,true,2026-01-20T23:40:15.448377327Z,true,2026-01-20T23:40:15.524792885Z,01KFEW9S4SGB5E4ZEV6X3QX6HF,2026-01-20T23:37:06.980638038Z
01KFEV995J9AA39KVM8ZGY8JMH,01KFEV2BZFDRZBG3Y0249RG1TW,2026-01-20T23:19:22.03592216Z,30,2026-01-20T23:19:22.03592216Z,true,2026-01-20T23:20:01.105696068Z,01KFEV2C08ND9C9BYW8N2T146P,2026-01-20T23:19:22.03592216Z,1,2026-01-20T23:19:22.03592216Z,true,2026-01-20T23:19:58.672439257Z,result,2026-01-20T23:19:22.03592216Z,01KFEV9924VF50RWW28YZTJVST,2026-01-20T23:19:22.03592216Z,true,2026-01-20T23:19:58.652102707Z,true,2026-01-20T23:19:58.690125568Z,01KFEV9959E21D2GW3G21EM9Y8,2026-01-20T23:19:22.03592216Z
01KFEW3VTMQF24AX7M20MSF2Y7,01KFEVMN9Q125N5N16W4WNYJXF,2026-01-20T23:33:53.108941133Z,90,2026-01-20T23:33:53.108941133Z,true,2026-01-20T23:35:13.378788795Z,01KFEVMNBC23RB4D79KEQ4G0VS,2026-01-20T23:33:53.108941133Z,0,2026-01-20T23:33:53.108941133Z,true,2026-01-20T23:35:07.96567037Z,choice,2026-01-20T23:33:53.108941133Z,01KFEW3VK8TWZN9VVEZ77C4AM8,2026-01-20T23:33:53.108941133Z,true,2026-01-20T23:35:07.926308015Z,true,2026-01-20T23:35:07.991767016Z,01KFEW3VTF4WRXTERX29N8W0HS,2026-01-20T23:33:53.108941133Z
01KFEVRX64YETNH44H17MNYBNS,01KFEV37CWX6SQYA0RPR0C01MW,2026-01-20T23:27:54.053027392Z,30,2026-01-20T23:27:54.053027392Z,true,2026-01-20T23:30:51.759023134Z,01KFEV37DAAK9E08F076WKMM6J,2026-01-20T23:27:54.053027392Z,1,2026-01-20T23:27:54.053027392Z,true,2026-01-20T23:30:47.485178441Z,result,2026-01-20T23:27:54.053027392Z,01KFEVRWT61HC9BSHHM7YRQS2Z,2026-01-20T23:27:54.053027392Z,true,2026-01-20T23:30:47.452256933Z,true,2026-01-20T23:30:47.509466754Z,01KFEVRX5XCFYAW651WEMAPM96,2026-01-20T23:27:54.053027392Z
01KFEV9983GV4BBP4A5CC4WWE4,01KFEV2BZFDRZBG3Y0249RG1TW,2026-01-20T23:19:22.115912033Z,30,2026-01-20T23:19:22.115912033Z,true,2026-01-20T23:20:17.80418823Z,01KFEV2C08ND9C9BYW8N2T146P,2026-01-20T23:19:22.115912033Z,1,2026-01-20T23:19:22.115912033Z,true,2026-01-20T23:20:16.262422102Z,result,2026-01-20T23:19:22.115912033Z,01KFEV992DYNW9GKK2CP4DN9DZ,2026-01-20T23:19:22.115912033Z,true,2026-01-20T23:20:16.248427231Z,true,2026-01-20T23:20:16.270481926Z,01KFEV997TRM70NYXN3QJEA82V,2026-01-20T23:19:22.115912033Z
01KFEW1AS2NJAQFENAD837SE9V,01KFEV384BJYC62Y0E6AQK09K8,2026-01-20T23:32:30.114634945Z,90,2026-01-20T23:32:30.114634945Z,true,2026-01-20T23:33:26.103684532Z,01KFEV385166A8JYCZ9G4DMHRQ,2026-01-20T23:32:30.114634945Z,0,2026-01-20T23:32:30.114634945Z,true,2026-01-20T23:33:24.877867674Z,choice,2026-01-20T23:32:30.114634945Z,01KFEW1AH3KYJV5QTKFEPKQZZX,2026-01-20T23:32:30.114634945Z,true,2026-01-20T23:33:24.843220399Z,true,2026-01-20T23:33:24.90167851Z,01KFEW1ARXRJ53KCAPGGRH5PVB,2026-01-20T23:32:30.114634945Z
01KFEWF06VDFD5P7Y49JXP32F5,01KFEVMNF44NEM58ETFST7KTWM,2026-01-20T23:39:58.043668708Z,30,2026-01-20T23:39:58.043668708Z,true,2026-01-20T23:41:38.435036409Z,01KFEVMNHFNDCGHX9QBBFN387E,2026-01-20T23:39:58.043668708Z,1,2026-01-20T23:39:58.043668708Z,true,2026-01-20T23:41:25.734707364Z,result,2026-01-20T23:39:58.043668708Z,01KFEWEZWCJ6XC69DY4G0F5CGG,2026-01-20T23:39:58.043668708Z,true,2026-01-20T23:41:25.687951263Z,true,2026-01-20T23:41:25.768708005Z,01KFEWF06FAGAA5ZHMA0E6GVDY,2026-01-20T23:39:58.043668708Z
01KFEVS37YP90Q3JNE6CS1WE24,01KFEV37PBC6DGWCX0HT0QWYJR,2026-01-20T23:28:00.254944976Z,90,2026-01-20T23:28:00.254944976Z,true,2026-01-20T23:29:36.298679552Z,01KFEV37PV76WD06T50QFKE80T,2026-01-20T23:28:00.254944976Z,0,2026-01-20T23:28:00.254944976Z,true,2026-01-20T23:29:33.252284186Z,choice,2026-01-20T23:28:00.254944976Z,01KFEVS303VVTZ8PMG4AKVY3SX,2026-01-20T23:28:00.254944976Z,true,2026-01-20T23:29:33.228512691Z,true,2026-01-20T23:29:33.275037355Z,01KFEVS37S5PNK6NA6Y24T92RT,2026-01-20T23:28:00.254944976Z
01KFEVCJNEWQYGXG4GA3DJKJKS,01KFEV2BZFDRZBG3Y0249RG1TW,2026-01-20T23:21:10.062137268Z,90,2026-01-20T23:21:10.062137268Z,false,2026-01-20T23:21:10.062137268Z,01KFEV2C0EQZAQP8AFWFARX9S3,2026-01-20T23:21:10.062137268Z,0,2026-01-20T23:21:10.062137268Z,,,choice,2026-01-20T23:21:10.062137268Z,01KFEVCJK4FTFQCEGYAMH5AK8S,2026-01-20T23:21:10.062137268Z,false,2026-01-20T23:21:10.062137268Z,,,01KFEVCJN83A18JF56RMSHA27Q,2026-01-20T23:21:10.062137268Z
01KFEVJNWK7WR99GYCG87DTHZT,01KFEV377XDCWB0CVW0E7ES8WB,2026-01-20T23:24:29.971825157Z,90,2026-01-20T23:24:29.971825157Z,true,2026-01-20T23:25:44.159007654Z,01KFEV378FNG971PBW7B2SPNC6,2026-01-20T23:24:29.971825157Z,0,2026-01-20T23:24:29.971825157Z,true,2026-01-20T23:25:42.220781799Z,choice,2026-01-20T23:24:29.971825157Z,01KFEVJNR1J3B46T7W60KHKSQ0,2026-01-20T23:24:29.971825157Z,true,2026-01-20T23:25:42.196102317Z,true,2026-01-20T23:25:42.238169064Z,01KFEVJNWFYVA92F9G20VFQ1BK,2026-01-20T23:24:29.971825157Z
01KFEVPNXWKAFQQB4N5733KSGB,01KFEVMN9Q125N5N16W4WNYJXF,2026-01-20T23:26:41.084089818Z,30,2026-01-20T23:26:41.084089818Z,true,2026-01-20T23:29:40.926022994Z,01KFEVMNB841AFDZFM4WSW4FTD,2026-01-20T23:26:41.084089818Z,1,2026-01-20T23:26:41.084089818Z,true,2026-01-20T23:29:38.447884928Z,result,2026-01-20T23:26:41.084089818Z,01KFEVPNHFVEA7FM8X5XBZD9R8,2026-01-20T23:26:41.084089818Z,true,2026-01-20T23:29:38.413663782Z,true,2026-01-20T23:29:38.472442468Z,01KFEVPNXD3519MS2CBZ2JYW78,2026-01-20T23:26:41.084089818Z
01KFEW9NNR6DT802WW9Y8ZHDT9,01KFEV384BJYC62Y0E6AQK09K8,2026-01-20T23:37:03.416537268Z,30,2026-01-20T23:37:03.416537268Z,true,2026-01-20T23:38:20.713859936Z,01KFEV384Z68A1Z7ZGWS1GDSZK,2026-01-20T23:37:03.416537268Z,1,2026-01-20T23:37:03.416537268Z,true,2026-01-20T23:38:11.603295141Z,result,2026-01-20T23:37:03.416537268Z,01KFEW9NEA3084E68Q79YRZ37E,2026-01-20T23:37:03.416537268Z,true,2026-01-20T23:38:11.550563794Z,true,2026-01-20T23:38:11.632640117Z,01KFEW9NNAHCJ9C36SA530SWEG,2026-01-20T23:37:03.416537268Z
01KFEVCJS6A6W9E1RRFDE6B3NP,01KFEV2BZFDRZBG3Y0249RG1TW,2026-01-20T23:21:10.182538639Z,90,2026-01-20T23:21:10.182538639Z,false,2026-01-20T23:21:10.182538639Z,01KFEV2C0EQZAQP8AFWFARX9S3,2026-01-20T23:21:10.182538639Z,0,2026-01-20T23:21:10.182538639Z,,,choice,2026-01-20T23:21:10.182538639Z,01KFEVCJJXA2KP5H77M4XMQD3H,2026-01-20T23:21:10.182538639Z,false,2026-01-20T23:21:10.182538639Z,,,01KFEVCJS1E0NA4X7Q77M8V495,2026-01-20T23:21:10.182538639Z
01KFEVNKBERJS9ZZNEWRBB8W4P,01KFEV38GJVYY8P8B7QXSW6BTE,2026-01-20T23:26:05.678373778Z,90,2026-01-20T23:26:05.678373778Z,false,2026-01-20T23:26:05.678373778Z,01KFEV38H72YHVC8PGTMFH64KV,2026-01-20T23:26:05.678373778Z,0,2026-01-20T23:26:05.678373778Z,,,choice,2026-01-20T23:26:05.678373778Z,01KFEVNK2TEAWFHJKWPDVEBSCJ,2026-01-20T23:26:05.678373778Z,false,2026-01-20T23:26:05.678373778Z,,,01KFEVNKB9PCWAX73Z9QPX1JXR,2026-01-20T23:26:05.678373778Z
01KFEW0GETVGSK60X1BFFDYHCV,01KFEV37PBC6DGWCX0HT0QWYJR,2026-01-20T23:32:03.162949756Z,90,2026-01-20T23:32:03.162949756Z,true,2026-01-20T23:32:55.305585452Z,01KFEV37Q0WSYAYKWHM2EXN0DN,2026-01-20T23:32:03.162949756Z,0,2026-01-20T23:32:03.162949756Z,true,2026-01-20T23:32:53.253564251Z,choice,2026-01-20T23:32:03.162949756Z,01KFEW0G8ZZKDWGVVQH1FBRDRX,2026-01-20T23:32:03.162949756Z,true,2026-01-20T23:32:53.219684207Z,true,2026-01-20T23:32:53.282238046Z,01KFEW0GEKV09QKZPXH5F3A4FG,2026-01-20T23:32:03.162949756Z
01KFEVJWW3STVJHRKA0E4B9B0C,01KFEV38A01XZ4DPRPFKRE96P8,2026-01-20T23:24:37.123322258Z,30,2026-01-20T23:24:37.123322258Z,true,2026-01-20T23:27:42.397471221Z,01KFEV38AJ2CFPYBQZ58NH0V5J,2026-01-20T23:24:37.123322258Z,1,2026-01-20T23:24:37.123322258Z,true,2026-01-20T23:27:28.506011413Z,result,2026-01-20T23:24:37.123322258Z,01KFEVJWRSS59EY80VVB66B760,2026-01-20T23:24:37.123322258Z,true,2026-01-20T23:27:28.470920368Z,true,2026-01-20T23:27:28.528089379Z,01KFEVJWVX91WMXT69T54VAH8M,2026-01-20T23:24:37.123322258Z
01KFEW2K96P4HFCM888PYMWASX,01KFEV38GJVYY8P8B7QXSW6BTE,2026-01-20T23:33:11.591013094Z,30,2026-01-20T23:33:11.591013094Z,true,2026-01-20T23:33:55.940344446Z,01KFEV38H48T18ZRM15RETR33C,2026-01-20T23:33:11.591013094Z,1,2026-01-20T23:33:11.591013094Z,true,2026-01-20T23:33:52.677312682Z,result,2026-01-20T23:33:11.591013094Z,01KFEW2K4DS1T10ZD4EFNDXX1X,2026-01-20T23:33:11.591013094Z,true,2026-01-20T23:33:52.636321659Z,true,2026-01-20T23:33:52.699677167Z,01KFEW2K8X6TAM7V77HH1NHNPF,2026-01-20T23:33:11.591013094Z
01KFEVFBHHN2PZ9950WDETFGZF,01KFEV377XDCWB0CVW0E7ES8WB,2026-01-20T23:22:41.073815766Z,30,2026-01-20T23:22:41.073815766Z,true,2026-01-20T23:25:15.807040716Z,01KFEV378H0PY96RNMJTMM0E4X,2026-01-20T23:22:41.073815766Z,1,2026-01-20T23:22:41.073815766Z,true,2026-01-20T23:25:04.709193829Z,result,2026-01-20T23:22:41.073815766Z,01KFEVFBC4VT3BJNSHXYV9QVPD,2026-01-20T23:22:41.073815766Z,true,2026-01-20T23:25:04.68508985Z,true,2026-01-20T23:25:04.725798138Z,01KFEVFBHE1R0P9RTQBSPZTYR0,2026-01-20T23:22:41.073815766Z
01KFEVHARSG2TB0NC8PTJ0V1ST,01KFEV384BJYC62Y0E6AQK09K8,2026-01-20T23:23:45.817992848Z,30,2026-01-20T23:23:45.817992848Z,true,2026-01-20T23:24:33.231948053Z,01KFEV384Y33BFECW27AH8GSGD,2026-01-20T23:23:45.817992848Z,1,2026-01-20T23:23:45.817992848Z,true,2026-01-20T23:24:29.126241855Z,result,2026-01-20T23:23:45.817992848Z,01KFEVHANVAXDMRTQWSCF4AN6J,2026-01-20T23:23:45.817992848Z,true,2026-01-20T23:24:29.102780478Z,true,2026-01-20T23:24:29.138044097Z,01KFEVHARKSMDKC4XYXQJEDXKD,2026-01-20T23:23:45.817992848Z
01KFEVJER8F8WNKH8WFGKZW56A,01KFEV37CWX6SQYA0RPR0C01MW,2026-01-20T23:24:22.664895937Z,30,2026-01-20T23:24:22.664895937Z,true,2026-01-20T23:27:49.61287493Z,01KFEV37DE991T271V0NJ5BY6K,2026-01-20T23:24:22.664895937Z,1,2026-01-20T23:24:22.664895937Z,true,2026-01-20T23:27:40.785056437Z,result,2026-01-20T23:24:22.664895937Z,01KFEVJEKDM335WE8XZ2Y7WT1T,2026-01-20T23:24:22.664895937Z,true,2026-01-20T23:27:40.752333885Z,true,2026-01-20T23:27:40.807557432Z,01KFEVJER3X55FHBVMYYCTRZBX,2026-01-20T23:24:22.664895937Z
01KFEWGNMXYGVW0APGXAKTPPFH,01KFEVMNNQTH6Q6DMJG65NFGVF,2026-01-20T23:40:52.765559002Z,30,2026-01-20T23:40:52.765559002Z,false,2026-01-20T23:40:52.765559002Z,01KFEVMNQ7WSYMPADRKJJ7K0T0,2026-01-20T23:40:52.765559002Z,1,2026-01-20T23:40:52.765559002Z,,,result,2026-01-20T23:40:52.765559002Z,01KFEWGN8KD4N6JER7VBAPKZ9S,2026-01-20T23:40:52.765559002Z,false,2026-01-20T23:40:52.765559002Z,,,01KFEWGNMDF47BJC1F5E4CPG1T,2026-01-20T23:40:52.765559002Z
01KFEVGBKT88T9YPH70MHSY5F7,01KFEV37CWX6SQYA0RPR0C01MW,2026-01-20T23:23:13.914568131Z,90,2026-01-20T23:23:13.914568131Z,true,2026-01-20T23:26:04.804688968Z,01KFEV37DE991T271V0BRDHRJW,2026-01-20T23:23:13.914568131Z,0,2026-01-20T23:23:13.914568131Z,true,2026-01-20T23:26:01.694350445Z,choice,2026-01-20T23:23:13.914568131Z,01KFEVGBDCBHSEAWFBWHYTDW7K,2026-01-20T23:23:13.914568131Z,true,2026-01-20T23:26:01.670201907Z,true,2026-01-20T23:26:01.714980389Z,01KFEVGBKN074ER401RPY40WNV,2026-01-20T23:23:13.914568131Z
01KFEVJESF3R3AC650XPP77NN7,01KFEV37CWX6SQYA0RPR0C01MW,2026-01-20T23:24:22.703667262Z,30,2026-01-20T23:24:22.703667262Z,true,2026-01-20T23:28:24.832691838Z,01KFEV37DE991T271V0NJ5BY6K,2026-01-20T23:24:22.703667262Z,1,2026-01-20T23:24:22.703667262Z,true,2026-01-20T23:28:04.942317083Z,result,2026-01-20T23:24:22.703667262Z,01KFEVJEKNZ510AYKA5A7669HW,2026-01-20T23:24:22.703667262Z,true,2026-01-20T23:28:04.910120724Z,true,2026-01-20T23:28:04.971103673Z,01KFEVJES92MXYGH8X81MNB3GY,2026-01-20T23:24:22.703667262Z
01KFEW2KGZQYDAXH482BC0TZS5,01KFEV38GJVYY8P8B7QXSW6BTE,2026-01-20T23:33:11.83962716Z,90,2026-01-20T23:33:11.83962716Z,true,2026-01-20T23:35:50.378422799Z,01KFEV38H48T18ZRM15RETR33C,2026-01-20T23:33:11.83962716Z,0,2026-01-20T23:33:11.83962716Z,true,2026-01-20T23:35:44.754611765Z,choice,2026-01-20T23:33:11.83962716Z,01KFEW2K6PK2TX8PWJC4BQBRD3,2026-01-20T23:33:11.83962716Z,true,2026-01-20T23:35:44.718027477Z,true,2026-01-20T23:35:44.784792274Z,01KFEW2KGTSCPAF9J3GRK8SA3W,2026-01-20T23:33:11.83962716Z
01KFEVB8J6XW003VFQ263DFGN6,01KFEV2BZFDRZBG3Y0249RG1TW,2026-01-20T23:20:26.950897167Z,30,2026-01-20T23:20:26.950897167Z,true,2026-01-20T23:22:08.044686923Z,01KFEV2C0CP35QE41ZMH45J8TZ,2026-01-20T23:20:26.950897167Z,1,2026-01-20T23:20:26.950897167Z,true,2026-01-20T23:22:04.20125724Z,result,2026-01-20T23:20:26.950897167Z,01KFEVB8FTFFBQ8J4AEF64MQVW,2026-01-20T23:20:26.950897167Z,true,2026-01-20T23:22:04.183386329Z,true,2026-01-20T23:22:04.218765886Z,01KFEVB8J4XTXFAHAGSRPHC84N,2026-01-20T23:20:26.950897167Z
01KFEVHAY85N6QXCDRR42NDP0D,01KFEV384BJYC62Y0E6AQK09K8,2026-01-20T23:23:45.992491116Z,30,2026-01-20T23:23:45.992491116Z,true,2026-01-20T23:26:42.852876865Z,01KFEV384Y33BFECW27AH8GSGD,2026-01-20T23:23:45.992491116Z,1,2026-01-20T23:23:45.992491116Z,true,2026-01-20T23:26:39.367424452Z,result,2026-01-20T23:23:45.992491116Z,01KFEVHAPW1MNGRGTGSBYGR38E,2026-01-20T23:23:45.992491116Z,true,2026-01-20T23:26:39.337723381Z,true,2026-01-20T23:26:39.388558917Z,01KFEVHAY377P1XX88W7CVYG1S,2026-01-20T23:23:45.992491116Z
01KFEW2AD1CYQZDH2F0S909EVR,01KFEV38A01XZ4DPRPFKRE96P8,2026-01-20T23:33:02.497910096Z,30,2026-01-20T23:33:02.497910096Z,true,2026-01-20T23:36:19.116665962Z,01KFEV38AHTHHCNTDGHAJN0GXG,2026-01-20T23:33:02.497910096Z,1,2026-01-20T23:33:02.497910096Z,true,2026-01-20T23:35:49.083612318Z,result,2026-01-20T23:33:02.497910096Z,01KFEW29Z465YRECJRGWFN7MQK,2026-01-20T23:33:02.497910096Z,true,2026-01-20T23:35:49.041909735Z,true,2026-01-20T23:35:49.114463742Z,01KFEW2ACN2A9DZHQ7XHE46KAQ,2026-01-20T23:33:02.497910096Z
01KFEW2AE848RG0ES144FM2NJB,01KFEV38A01XZ4DPRPFKRE96P8,2026-01-20T23:33:02.536372439Z,90,2026-01-20T23:33:02.536372439Z,true,2026-01-20T23:36:23.40557112Z,01KFEV38AHTHHCNTDGHAJN0GXG,2026-01-20T23:33:02.536372439Z,0,2026-01-20T23:33:02.536372439Z,true,2026-01-20T23:36:19.351971453Z,choice,2026-01-20T23:33:02.536372439Z,01KFEW29ZCSX5849CNJP2CPD23,2026-01-20T23:33:02.536372439Z,true,2026-01-20T23:36:19.305489885Z,true,2026-01-20T23:36:19.384695208Z,01KFEW2AE19ZKPPCYFPM2JK7PV,2026-01-20T23:33:02.536372439Z
01KFEWVMHZRVP8A8WTFF7R8X3Z,01KFEV38GJVYY8P8B7QXSW6BTE,2026-01-20T23:46:52.095613812Z,90,2026-01-20T23:46:52.095613812Z,true,2026-01-20T23:47:43.066786355Z,01KFEV38H0S2Y42XZDBCZ2KPGY,2026-01-20T23:46:52.095613812Z,0,2026-01-20T23:46:52.095613812Z,true,2026-01-20T23:47:40.99680205Z,choice,2026-01-20T23:46:52.095613812Z,01KFEWVM7CQ9H0PTQTY7SKFW6P,2026-01-20T23:46:52.095613812Z,true,2026-01-20T23:47:40.951247971Z,true,2026-01-20T23:47:41.036732077Z,01KFEWVMHQ01CR3FT1AM8VSKYN,2026-01-20T23:46:52.095613812Z
01KFEVF217JQ10506E2PMQHJV1,01KFEV377XDCWB0CVW0E7ES8WB,2026-01-20T23:22:31.335147495Z,30,2026-01-20T23:22:31.335147495Z,true,2026-01-20T23:25:48.38850643Z,01KFEV378PDZP87HXSESW6BA01,2026-01-20T23:22:31.335147495Z,1,2026-01-20T23:22:31.335147495Z,true,2026-01-20T23:25:32.355211697Z,result,2026-01-20T23:22:31.335147495Z,01KFEVF1QPFHJRQAHKCB8DRQ6Y,2026-01-20T23:22:31.335147495Z,true,2026-01-20T23:25:32.328366542Z,true,2026-01-20T23:25:32.372771961Z,01KFEVF213ZYAJ0KERCJBBW21R,2026-01-20T23:22:31.335147495Z
01KFEVH4HH4EYPBBSASV4SEJZD,01KFEV37PBC6DGWCX0HT0QWYJR,2026-01-20T23:23:39.441597283Z,90,2026-01-20T23:23:39.441597283Z,true,2026-01-20T23:26:29.689480241Z,01KFEV37PYV9HETXX2PC055NBT,2026-01-20T23:23:39.441597283Z,0,2026-01-20T23:23:39.441597283Z,true,2026-01-20T23:26:27.864165314Z,choice,2026-01-20T23:23:39.441597283Z,01KFEVH48PJZWE6P0HTZWV1EYQ,2026-01-20T23:23:39.441597283Z,true,2026-01-20T23:26:27.839667491Z,true,2026-01-20T23:26:27.883911798Z,01KFEVH4HB40NXXAE5HYZ494RF,2026-01-20T23:23:39.441597283Z
01KFEVRWYWJ024CTS2NA7XBX4J,01KFEV37CWX6SQYA0RPR0C01MW,2026-01-20T23:27:53.820823349Z,90,2026-01-20T23:27:53.820823349Z,true,2026-01-20T23:28:52.366594903Z,01KFEV37DAAK9E08F076WKMM6J,2026-01-20T23:27:53.820823349Z,0,2026-01-20T23:27:53.820823349Z,true,2026-01-20T23:28:47.741228176Z,choice,2026-01-20T23:27:53.820823349Z,01KFEVRWS00RN61XYMYX27BZTF,2026-01-20T23:27:53.820823349Z,true,2026-01-20T23:28:47.707222142Z,true,2026-01-20T23:28:47.768473492Z,01KFEVRWYP97BA001S30SDB09Y,2026-01-20T23:27:53.820823349Z
01KFEVJNVZF3W2Y6P7CVH10T4T,01KFEV377XDCWB0CVW0E7ES8WB,2026-01-20T23:24:29.951101499Z,90,2026-01-20T23:24:29.951101499Z,true,2026-01-20T23:25:32.675945316Z,01KFEV378FNG971PBW7B2SPNC6,2026-01-20T23:24:29.951101499Z,0,2026-01-20T23:24:29.951101499Z,true,2026-01-20T23:25:29.213324194Z,choice,2026-01-20T23:24:29.951101499Z,01KFEVJNR4936M3NZWK961C48N,2026-01-20T23:24:29.951101499Z,true,2026-01-20T23:25:29.193548653Z,true,2026-01-20T23:25:29.232451463Z,01KFEVJNVSPNC1TQX5BFNFEANB,2026-01-20T23:24:29.951101499Z
01KFEWE94FY10CAGDF08826BGF,01KFEVMN9Q125N5N16W4WNYJXF,2026-01-20T23:39:34.415174661Z,90,2026-01-20T23:39:34.415174661Z,true,2026-01-20T23:41:07.820391537Z,01KFEVMNAWK7WRWM1AMQZKX6SA,2026-01-20T23:39:34.415174661Z,0,2026-01-20T23:39:34.415174661Z,true,2026-01-20T23:41:06.526185824Z,choice,2026-01-20T23:39:34.415174661Z,01KFEWE8X78MX8FTH7TFT5G1TY,2026-01-20T23:39:34.415174661Z,true,2026-01-20T23:41:06.480333291Z,true,2026-01-20T23:41:06.561535255Z,01KFEWE948TS92WB422SVY58AQ,2026-01-20T23:39:34.415174661Z
01KFEVPNVS9MWCA576YBVN63FX,01KFEVMN9Q125N5N16W4WNYJXF,2026-01-20T23:26:41.017715035Z,30,2026-01-20T23:26:41.017715035Z,true,2026-01-20T23:29:28.502931797Z,01KFEVMNB841AFDZFM4WSW4FTD,2026-01-20T23:26:41.017715035Z,1,2026-01-20T23:26:41.017715035Z,true,2026-01-20T23:29:25.719282887Z,result,2026-01-20T23:26:41.017715035Z,01KFEVPNJ4WB4QFFFKRAV84BFG,2026-01-20T23:26:41.017715035Z,true,2026-01-20T23:29:25.686814806Z,true,2026-01-20T23:29:25.740102913Z,01KFEVPNVHMMKS40FHWS8J84QV,2026-01-20T23:26:41.017715035Z
01KFEW0GT0PB339HB2FBMXT5EX,01KFEV37PBC6DGWCX0HT0QWYJR,2026-01-20T23:32:03.520638721Z,90,2026-01-20T23:32:03.520638721Z,true,2026-01-20T23:34:27.468259432Z,01KFEV37Q0WSYAYKWHM2EXN0DN,2026-01-20T23:32:03.520638721Z,0,2026-01-20T23:32:03.520638721Z,true,2026-01-20T23:34:26.305291488Z,choice,2026-01-20T23:32:03.520638721Z,01KFEW0GAPYHHVEVF9RP1ERMKP,2026-01-20T23:32:03.520638721Z,true,2026-01-20T23:34:26.271689528Z,true,2026-01-20T23:34:26.330985838Z,01KFEW0GSS6N8JPCXAPQ6E7155,2026-01-20T23:32:03.520638721Z
01KFEVCJMTFAD188Z9M08BW06T,01KFEV2BZFDRZBG3Y0249RG1TW,2026-01-20T23:21:10.042333942Z,30,2026-01-20T23:21:10.042333942Z,false,2026-01-20T23:21:10.042333942Z,01KFEV2C0EQZAQP8AFWFARX9S3,2026-01-20T23:21:10.042333942Z,1,2026-01-20T23:21:10.042333942Z,,,result,2026-01-20T23:21:10.042333942Z,01KFEVCJJA5XJDG82WXNBD0PMP,2026-01-20T23:21:10.042333942Z,false,2026-01-20T23:21:10.042333942Z,,,01KFEVCJMPT2QM0RQBQ4KCK2HG,2026-01-20T23:21:10.042333942Z
01KFEVF1XAC8A5CX9GNFVTB4YZ,01KFEV377XDCWB0CVW0E7ES8WB,2026-01-20T23:22:31.210703552Z,90,2026-01-20T23:22:31.210703552Z,true,2026-01-20T23:24:26.792343695Z,01KFEV378PDZP87HXSESW6BA01,2026-01-20T23:22:31.210703552Z,0,2026-01-20T23:22:31.210703552Z,true,2026-01-20T23:24:24.050663585Z,choice,2026-01-20T23:22:31.210703552Z,01KFEVF1Q6ZK58W1T2EDJS8ZM0,2026-01-20T23:22:31.210703552Z,true,2026-01-20T23:24:23.994610859Z,true,2026-01-20T23:24:24.064849862Z,01KFEVF1X539PXR2NPTX3THX9A,2026-01-20T23:22:31.210703552Z
01KFEVKCTHMSVDC19KEBSCHNFG,01KFEV37PBC6DGWCX0HT0QWYJR,2026-01-20T23:24:53.457424595Z,90,2026-01-20T23:24:53.457424595Z,true,2026-01-20T23:27:07.567989397Z,01KFEV37PYV9HETXX2PSGE1RKD,2026-01-20T23:24:53.457424595Z,0,2026-01-20T23:24:53.457424595Z,true,2026-01-20T23:27:01.713467621Z,choice,2026-01-20T23:24:53.457424595Z,01KFEVKCNB3JWRWP2DH501FGGW,2026-01-20T23:24:53.457424595Z,true,2026-01-20T23:27:01.6833093Z,true,2026-01-20T23:27:01.749243637Z,01KFEVKCTC3VSSAZ02VDT3CE4J,2026-01-20T23:24:53.457424595Z
01KFEVRX1R5BX88KBVJ2QT0677,01KFEV37CWX6SQYA0RPR0C01MW,2026-01-20T23:27:53.912989457Z,90,2026-01-20T23:27:53.912989457Z,true,2026-01-20T23:29:51.65566352Z,01KFEV37DAAK9E08F076WKMM6J,2026-01-20T23:27:53.912989457Z,0,2026-01-20T23:27:53.912989457Z,true,2026-01-20T23:29:46.347135522Z,choice,2026-01-20T23:27:53.912989457Z,01KFEVRWSFA1JEJGM44RM12CEB,2026-01-20T23:27:53.912989457Z,true,2026-01-20T23:29:46.312642461Z,true,2026-01-20T23:29:46.370521709Z,01KFEVRX1KDM43FYN91BCCA4RP,2026-01-20T23:27:53.912989457Z
01KFEWGNV7ZP3GEQQJ3XMQ6K4Q,01KFEVMNNQTH6Q6DMJG65NFGVF,2026-01-20T23:40:52.967976261Z,30,2026-01-20T23:40:52.967976261Z,false,2026-01-20T23:40:52.967976261Z,01KFEVMNQ7WSYMPADRKJJ7K0T0,2026-01-20T23:40:52.967976261Z,1,2026-01-20T23:40:52.967976261Z,,,result,2026-01-20T23:40:52.967976261Z,01KFEWGNA7SDGRY1XS3R6KRMY0,2026-01-20T23:40:52.967976261Z,false,2026-01-20T23:40:52.967976261Z,,,01KFEWGNTRD6JPD078KQ4XE2YZ,2026-01-20T23:40:52.967976261Z
01KFEVB9Z1SASTDCK63VHG0Z4A,01KFEV2BZFDRZBG3Y0249RG1TW,2026-01-20T23:20:28.385688387Z,90,2026-01-20T23:20:28.385688387Z,false,2026-01-20T23:20:28.385688387Z,01KFEV2C0BAXD2XBMY5020521J,2026-01-20T23:20:28.385688387Z,0,2026-01-20T23:20:28.385688387Z,,,choice,2026-01-20T23:20:28.385688387Z,01KFEVB9TXHB6S8865ZM5WQS2P,2026-01-20T23:20:28.385688387Z,false,2026-01-20T23:20:28.385688387Z,,,01KFEVB9YSF14Y6EB0MJ6TJZMY,2026-01-20T23:20:28.385688387Z
01KFEVJNZ94923ZZNG1SNQK5J0,01KFEV377XDCWB0CVW0E7ES8WB,2026-01-20T23:24:30.057323654Z,30,2026-01-20T23:24:30.057323654Z,true,2026-01-20T23:26:10.770385632Z,01KFEV378FNG971PBW7B2SPNC6,2026-01-20T23:24:30.057323654Z,1,2026-01-20T23:24:30.057323654Z,true,2026-01-20T23:26:08.840988975Z,result,2026-01-20T23:24:30.057323654Z,01KFEVJNRF52FGSEND6NF55RT9,2026-01-20T23:24:30.057323654Z,true,2026-01-20T23:26:08.809500533Z,true,2026-01-20T23:26:08.860771856Z,01KFEVJNZ3ZHC4VT49CM6C6JMM,2026-01-20T23:24:30.057323654Z
01KFEVRWWZHC8A30C9236F3VB0,01KFEV37CWX6SQYA0RPR0C01MW,2026-01-20T23:27:53.75988121Z,30,2026-01-20T23:27:53.75988121Z,true,2026-01-20T23:28:36.845845029Z,01KFEV37DAAK9E08F076WKMM6J,2026-01-20T23:27:53.75988121Z,1,2026-01-20T23:27:53.75988121Z,true,2026-01-20T23:28:28.72662649Z,result,2026-01-20T23:27:53.75988121Z,01KFEVRWRP2V236VFYBAYSNQQS,2026-01-20T23:27:53.75988121Z,true,2026-01-20T23:28:28.692991368Z,true,2026-01-20T23:28:28.752144017Z,01KFEVRWWR3XVGVC7BWZZT25HH,2026-01-20T23:27:53.75988121Z
01KFEVFBKY3RV8G25DHX970QXC,01KFEV377XDCWB0CVW0E7ES8WB,2026-01-20T23:22:41.150069377Z,30,2026-01-20T23:22:41.150069377Z,true,2026-01-20T23:26:23.082437433Z,01KFEV378H0PY96RNMJTMM0E4X,2026-01-20T23:22:41.150069377Z,1,2026-01-20T23:22:41.150069377Z,true,2026-01-20T23:26:20.359316538Z,result,2026-01-20T23:22:41.150069377Z,01KFEVFBC64AYPBZTJES2B20FR,2026-01-20T23:22:41.150069377Z,true,2026-01-20T23:26:20.327997575Z,true,2026-01-20T23:26:20.3782779Z,01KFEVFBKTAGNT8RCRAFSWXEXA,2026-01-20T23:22:41.150069377Z
01KFEWE97RKCJTK78Y2GPBGCMQ,01KFEVMN9Q125N5N16W4WNYJXF,2026-01-20T23:39:34.520665489Z,90,2026-01-20T23:39:34.520665489Z,true,2026-01-20T23:41:26.216947789Z,01KFEVMNAWK7WRWM1AMQZKX6SA,2026-01-20T23:39:34.520665489Z,0,2026-01-20T23:39:34.520665489Z,true,2026-01-20T23:41:25.32973145Z,choice,2026-01-20T23:39:34.520665489Z,01KFEWE8V42B6QNHZQ0TH5CPD7,2026-01-20T23:39:34.520665489Z,true,2026-01-20T23:41:25.28846129Z,true,2026-01-20T23:41:25.365316474Z,01KFEWE97EGF26Z5QRKWEY056D,2026-01-20T23:39:34.520665489Z
01KFEWF07YX68PY7XWY5RDYYJX,01KFEVMNF44NEM58ETFST7KTWM,2026-01-20T23:39:58.078774974Z,90,2026-01-20T23:39:58.078774974Z,true,2026-01-20T23:41:42.059694852Z,01KFEVMNHFNDCGHX9QBBFN387E,2026-01-20T23:39:58.078774974Z,0,2026-01-20T23:39:58.078774974Z,true,2026-01-20T23:41:38.634678889Z,choice,2026-01-20T23:39:58.078774974Z,01KFEWEZWPAV8RCSFBM22S3S8X,2026-01-20T23:39:58.078774974Z,true,2026-01-20T23:41:38.586520521Z,true,2026-01-20T23:41:38.672898569Z,01KFEWF07R22CSEB4HHG15GP5F,2026-01-20T23:39:58.078774974Z
01KFEVJWZYV80Y1VMJG41WNWEA,01KFEV38A01XZ4DPRPFKRE96P8,2026-01-20T23:24:37.246858591Z,90,2026-01-20T23:24:37.246858591Z,true,2026-01-20T23:29:33.539280451Z,01KFEV38AJ2CFPYBQZ58NH0V5J,2026-01-20T23:24:37.246858591Z,0,2026-01-20T23:24:37.246858591Z,true,2026-01-20T23:29:28.788230442Z,choice,2026-01-20T23:24:37.246858591Z,01KFEVJWSCTHEQ0RQN66MYHJP0,2026-01-20T23:24:37.246858591Z,true,2026-01-20T23:29:28.761508993Z,true,2026-01-20T23:29:28.816471734Z,01KFEVJWZS92RZ8H89J08HJWE2,2026-01-20T23:24:37.246858591Z
01KFEW0GF0HJMK8HNT1VCWDWHW,01KFEV37PBC6DGWCX0HT0QWYJR,2026-01-20T23:32:03.168371478Z,30,2026-01-20T23:32:03.168371478Z,true,2026-01-20T23:33:00.026732757Z,01KFEV37Q0WSYAYKWHM2EXN0DN,2026-01-20T23:32:03.168371478Z,1,2026-01-20T23:32:03.168371478Z,true,2026-01-20T23:32:55.366303924Z,result,2026-01-20T23:32:03.168371478Z,01KFEW0G8ZZKDWGVVQH1FBRDRX,2026-01-20T23:32:03.168371478Z,true,2026-01-20T23:32:55.329646787Z,true,2026-01-20T23:32:55.389826539Z,01KFEW0GEQJD0D4NHD0HS26Z6P,2026-01-20T23:32:03.168371478Z
01KFEW3W0Y0ZHXA3D1GR5PBRC0,01KFEVMN9Q125N5N16W4WNYJXF,2026-01-20T23:33:53.3105515Z,30,2026-01-20T23:33:53.3105515Z,true,2026-01-20T23:35:36.382150332Z,01KFEVMNBC23RB4D79KEQ4G0VS,2026-01-20T23:33:53.3105515Z,1,2026-01-20T23:33:53.3105515Z,true,2026-01-20T23:35:34.837731005Z,result,2026-01-20T23:33:53.3105515Z,01KFEW3VMABX27Z99XP42SDS32,2026-01-20T23:33:53.3105515Z,true,2026-01-20T23:35:34.774338714Z,true,2026-01-20T23:35:34.862988717Z,01KFEW3W0K013RKDYH7NKTS4KS,2026-01-20T23:33:53.3105515Z
01KFEVNK97WSZNNMPKQS9B0ZKQ,01KFEV38GJVYY8P8B7QXSW6BTE,2026-01-20T23:26:05.607154502Z,30,2026-01-20T23:26:05.607154502Z,false,2026-01-20T23:26:05.607154502Z,01KFEV38H72YHVC8PGTMFH64KV,2026-01-20T23:26:05.607154502Z,1,2026-01-20T23:26:05.607154502Z,,,result,2026-01-20T23:26:05.607154502Z,01KFEVNK2AET43BG9ZBFF8DTJK,2026-01-20T23:26:05.607154502Z,false,2026-01-20T23:26:05.607154502Z,,,01KFEVNK90GCDXTC1BSVQQ5GQK,2026-01-20T23:26:05.607154502Z
01KFEVRX7W0097WW9G2RDHWDYV,01KFEV37CWX6SQYA0RPR0C01MW,2026-01-20T23:27:54.108624436Z,90,2026-01-20T23:27:54.108624436Z,true,2026-01-20T23:31:06.77678318Z,01KFEV37DAAK9E08F076WKMM6J,2026-01-20T23:27:54.108624436Z,0,2026-01-20T23:27:54.108624436Z,true,2026-01-20T23:31:03.319917968Z,choice,2026-01-20T23:27:54.108624436Z,01KFEVRWTKHVAA5GAM8CPTYHJ5,2026-01-20T23:27:54.108624436Z,true,2026-01-20T23:31:03.288442931Z,true,2026-01-20T23:31:03.350138139Z,01KFEVRX7Q297P5FKGV4BWQG9Z,2026-01-20T23:27:54.108624436Z
01KFEVS34C6QR7N0G2N83XWCC1,01KFEV37PBC6DGWCX0HT0QWYJR,2026-01-20T23:28:00.140173944Z,30,2026-01-20T23:28:00.140173944Z,true,2026-01-20T23:29:05.220453581Z,01KFEV37PV76WD06T50QFKE80T,2026-01-20T23:28:00.140173944Z,1,2026-01-20T23:28:00.140173944Z,true,2026-01-20T23:29:01.034049278Z,result,2026-01-20T23:28:00.140173944Z,01KFEVS2Z9EQT2Y1JNWRXDGX7J,2026-01-20T23:28:00.140173944Z,true,2026-01-20T23:29:00.995563037Z,true,2026-01-20T23:29:01.057246164Z,01KFEVS33EPRK9SQ68GJK6KZEW,2026-01-20T23:28:00.140173944Z
01KFEVHAWVVM3TGC0EVSFPXW0Y,01KFEV384BJYC62Y0E6AQK09K8,2026-01-20T23:23:45.94782303Z,90,2026-01-20T23:23:45.94782303Z,true,2026-01-20T23:26:21.179621192Z,01KFEV384Y33BFECW27AH8GSGD,2026-01-20T23:23:45.94782303Z,0,2026-01-20T23:23:45.94782303Z,true,2026-01-20T23:25:38.116957614Z,choice,2026-01-20T23:23:45.94782303Z,01KFEVHAPQB1SQ5NQG6WGV0BMA,2026-01-20T23:23:45.94782303Z,true,2026-01-20T23:25:38.091605815Z,true,2026-01-20T23:25:38.135106366Z,01KFEVHAWQJNX0J3ZGH8YDVRMC,2026-01-20T23:23:45.94782303Z
01KFEW0GKGFCBHKDM8BBBEVW49,01KFEV37PBC6DGWCX0HT0QWYJR,2026-01-20T23:32:03.312093048Z,30,2026-01-20T23:32:03.312093048Z,true,2026-01-20T23:33:52.140455536Z,01KFEV37Q0WSYAYKWHM2EXN0DN,2026-01-20T23:32:03.312093048Z,1,2026-01-20T23:32:03.312093048Z,true,2026-01-20T23:33:48.45301372Z,result,2026-01-20T23:32:03.312093048Z,01KFEW0G9XAWS7DYHEE7AAN198,2026-01-20T23:32:03.312093048Z,true,2026-01-20T23:33:48.410614714Z,true,2026-01-20T23:33:48.481451741Z,01KFEW0GK58K89MTC5EYZT3HB9,2026-01-20T23:32:03.312093048Z
01KFEW3VTZ6S5V7PP2FZNCAGC8,01KFEVMN9Q125N5N16W4WNYJXF,2026-01-20T23:33:53.119761322Z,30,2026-01-20T23:33:53.119761322Z,true,2026-01-20T23:35:15.252834127Z,01KFEVMNBC23RB4D79KEQ4G0VS,2026-01-20T23:33:53.119761322Z,1,2026-01-20T23:33:53.119761322Z,true,2026-01-20T23:35:13.500688169Z,result,2026-01-20T23:33:53.119761322Z,01KFEW3VK8TWZN9VVEZ77C4AM8,2026-01-20T23:33:53.119761322Z,true,2026-01-20T23:35:13.409050843Z,true,2026-01-20T23:35:13.539484734Z,01KFEW3VTHSXR0BE50Y0P3GJ7Y,2026-01-20T23:33:53.119761322Z
01KFEWF0EAEXTDWKBS9B4P66PV,01KFEVMNF44NEM58ETFST7KTWM,2026-01-20T23:39:58.28231977Z,30,2026-01-20T23:39:58.28231977Z,true,2026-01-20T23:42:42.958878925Z,01KFEVMNHFNDCGHX9QBBFN387E,2026-01-20T23:39:58.28231977Z,1,2026-01-20T23:39:58.28231977Z,true,2026-01-20T23:42:38.991978017Z,result,2026-01-20T23:39:58.28231977Z,01KFEWEZZ027F3GXZBY5D0NC1V,2026-01-20T23:39:58.28231977Z,true,2026-01-20T23:42:38.93776134Z,true,2026-01-20T23:42:39.024762599Z,01KFEWF0DXSWS8P9CXJ8746ZPB,2026-01-20T23:39:58.28231977Z
01KFEV994WPR1ZRJB0DH2BY57H,01KFEV2BZFDRZBG3Y0249RG1TW,2026-01-20T23:19:22.014358599Z,30,2026-01-20T23:19:22.014358599Z,true,2026-01-20T23:19:56.972550491Z,01KFEV2C08ND9C9BYW8N2T146P,2026-01-20T23:19:22.014358599Z,1,2026-01-20T23:19:22.014358599Z,true,2026-01-20T23:19:52.66033849Z,result,2026-01-20T23:19:22.014358599Z,01KFEV9922CCX65P8NS08ZA7AP,2026-01-20T23:19:22.014358599Z,true,2026-01-20T23:19:52.645423374Z,true,2026-01-20T23:19:52.675116737Z,01KFEV994RDNTFY86HV2GQNA6B,2026-01-20T23:19:22.014358599Z
01KFEVFBK5JPVQT2EDR0EDVK48,01KFEV377XDCWB0CVW0E7ES8WB,2026-01-20T23:22:41.125700692Z,90,2026-01-20T23:22:41.125700692Z,true,2026-01-20T23:26:11.118703436Z,01KFEV378H0PY96RNMJTMM0E4X,2026-01-20T23:22:41.125700692Z,0,2026-01-20T23:22:41.125700692Z,true,2026-01-20T23:26:03.859560561Z,choice,2026-01-20T23:22:41.125700692Z,01KFEVFBCEAYV4KEWZF78ZTA1K,2026-01-20T23:22:41.125700692Z,true,2026-01-20T23:26:03.783284823Z,true,2026-01-20T23:26:03.887022978Z,01KFEVFBK0Q90B5VCGXPBJGYTE,2026-01-20T23:22:41.125700692Z
01KFEVFBK7MTNKC9MEC5EF6HC7,01KFEV377XDCWB0CVW0E7ES8WB,2026-01-20T23:22:41.129274808Z,30,2026-01-20T23:22:41.129274808Z,true,2026-01-20T23:26:15.954302906Z,01KFEV378H0PY96RNMJTMM0E4X,2026-01-20T23:22:41.129274808Z,1,2026-01-20T23:22:41.129274808Z,true,2026-01-20T23:26:11.177330596Z,result,2026-01-20T23:22:41.129274808Z,01KFEVFBCEAYV4KEWZF78ZTA1K,2026-01-20T23:22:41.129274808Z,true,2026-01-20T23:26:11.142994992Z,true,2026-01-20T23:26:11.20783194Z,01KFEVFBK3KV5VBDECM8RACNF6,2026-01-20T23:22:41.129274808Z
01KFEW7PX1KN6GV8DKRTH4BFHN,01KFEVMNF44NEM58ETFST7KTWM,2026-01-20T23:35:59.137570115Z,30,2026-01-20T23:35:59.137570115Z,false,2026-01-20T23:35:59.137570115Z,01KFEVMNH60E845G0BNN18WWCX,2026-01-20T23:35:59.137570115Z,1,2026-01-20T23:35:59.137570115Z,,,result,2026-01-20T23:35:59.137570115Z,01KFEW7PPGS2EKQKQ7WJGEP6XH,2026-01-20T23:35:59.137570115Z,false,2026-01-20T23:35:59.137570115Z,,,01KFEW7PWJQCFA7CSQ00AY3CHH,2026-01-20T23:35:59.137570115Z
01KFEWB9FJHJFW550QPKMNX84J,01KFEV38GJVYY8P8B7QXSW6BTE,2026-01-20T23:37:56.466278788Z,90,2026-01-20T23:37:56.466278788Z,true,2026-01-20T23:39:34.846748335Z,01KFEV38H8T2V9428VC9T7MEBA,2026-01-20T23:37:56.466278788Z,0,2026-01-20T23:37:56.466278788Z,true,2026-01-20T23:39:31.950557478Z,choice,2026-01-20T23:37:56.466278788Z,01KFEWB954NE20KXS9TVTM9QWN,2026-01-20T23:37:56.466278788Z,true,2026-01-20T23:39:31.903343936Z,true,2026-01-20T23:39:31.984038015Z,01KFEWB9FBND2JYN4TVD03YK5F,2026-01-20T23:37:56.466278788Z
01KFEWGNDWP5HMJR4JVV4D0JCD,01KFEVMNNQTH6Q6DMJG65NFGVF,2026-01-20T23:40:52.540701924Z,90,2026-01-20T23:40:52.540701924Z,false,2026-01-20T23:40:52.540701924Z,01KFEVMNQ7WSYMPADRKJJ7K0T0,2026-01-20T23:40:52.540701924Z,0,2026-01-20T23:40:52.540701924Z,,,choice,2026-01-20T23:40:52.540701924Z,01KFEWGN8871KBZRF5H5AJ2KH2,2026-01-20T23:40:52.540701924Z,false,2026-01-20T23:40:52.540701924Z,,,01KFEWGNDP23YD7WVZ07N7TFCT,2026-01-20T23:40:52.540701924Z
01KFEVKCYMTD9ZNW68P13V3YQA,01KFEV37PBC6DGWCX0HT0QWYJR,2026-01-20T23:24:53.588584606Z,30,2026-01-20T23:24:53.588584606Z,true,2026-01-20T23:28:04.433658069Z,01KFEV37PYV9HETXX2PSGE1RKD,2026-01-20T23:24:53.588584606Z,1,2026-01-20T23:24:53.588584606Z,true,2026-01-20T23:28:02.308901435Z,result,2026-01-20T23:24:53.588584606Z,01KFEVKCNNC4194XQX6PJZM5B6,2026-01-20T23:24:53.588584606Z,true,2026-01-20T23:28:02.260948132Z,true,2026-01-20T23:28:02.329976644Z,01KFEVKCYDNHP2R26ZXQZJK02S,2026-01-20T23:24:53.588584606Z
01KFEVRX3RKC48QSSW2Z48PD8S,01KFEV37CWX6SQYA0RPR0C01MW,2026-01-20T23:27:53.97626931Z,90,2026-01-20T23:27:53.97626931Z,true,2026-01-20T23:30:14.622063722Z,01KFEV37DAAK9E08F076WKMM6J,2026-01-20T23:27:53.97626931Z,0,2026-01-20T23:27:53.97626931Z,true,2026-01-20T23:30:09.023714949Z,choice,2026-01-20T23:27:53.97626931Z,01KFEVRWSZ55NYP8B55399K8ZW,2026-01-20T23:27:53.97626931Z,true,2026-01-20T23:30:08.986779875Z,true,2026-01-20T23:30:09.044765671Z,01KFEVRX3JCS5274DXWR9314F4,2026-01-20T23:27:53.97626931Z
01KFEWB9X5JDNCWAJ2KC8FMY1G,01KFEV38GJVYY8P8B7QXSW6BTE,2026-01-20T23:37:56.901504369Z,30,2026-01-20T23:37:56.901504369Z,true,2026-01-20T23:40:39.348432957Z,01KFEV38H8T2V9428VC9T7MEBA,2026-01-20T23:37:56.901504369Z,1,2026-01-20T23:37:56.901504369Z,true,2026-01-20T23:40:26.131152226Z,result,2026-01-20T23:37:56.901504369Z,01KFEWB97B5TCHMM11XXK0C3WP,2026-01-20T23:37:56.901504369Z,true,2026-01-20T23:40:26.087605585Z,true,2026-01-20T23:40:26.164826682Z,01KFEWB9WCWQ2DJBJ2BJSW6ED7,2026-01-20T23:37:56.901504369Z
01KFEW9SAJQT0S6MZRE6X3AGHW,01KFEV38A01XZ4DPRPFKRE96P8,2026-01-20T23:37:07.154322002Z,90,2026-01-20T23:37:07.154322002Z,true,2026-01-20T23:40:47.237863215Z,01KFEV38AJ2CFPYBQZ5JKK7PV4,2026-01-20T23:37:07.154322002Z,0,2026-01-20T23:37:07.154322002Z,true,2026-01-20T23:40:44.993112699Z,choice,2026-01-20T23:37:07.154322002Z,01KFEW9RPG7H4171T00NS0ETE6,2026-01-20T23:37:07.154322002Z,true,2026-01-20T23:40:44.950336958Z,true,2026-01-20T23:40:45.029191378Z,01KFEW9SACBP044M2G869MCTQ2,2026-01-20T23:37:07.154322002Z
01KFEW0GH2QVKYVVCRNSF5MQ79,01KFEV37PBC6DGWCX0HT0QWYJR,2026-01-20T23:32:03.234414148Z,90,2026-01-20T23:32:03.234414148Z,true,2026-01-20T23:33:13.90374153Z,01KFEV37Q0WSYAYKWHM2EXN0DN,2026-01-20T23:32:03.234414148Z,0,2026-01-20T23:32:03.234414148Z,true,2026-01-20T23:33:08.448616546Z,choice,2026-01-20T23:32:03.234414148Z,01KFEW0G9JQ4V4CCAST3DCAZYQ,2026-01-20T23:32:03.234414148Z,true,2026-01-20T23:33:08.41394566Z,true,2026-01-20T23:33:08.474466648Z,01KFEW0GGT733SCHP4T2K1FG39,2026-01-20T23:32:03.234414148Z
01KFEW1AR8T9V5YFM656EBAJKJ,01KFEV384BJYC62Y0E6AQK09K8,2026-01-20T23:32:30.089013453Z,30,2026-01-20T23:32:30.089013453Z,true,2026-01-20T23:33:24.729013384Z,01KFEV385166A8JYCZ9G4DMHRQ,2026-01-20T23:32:30.089013453Z,1,2026-01-20T23:32:30.089013453Z,true,2026-01-20T23:33:21.897783052Z,result,2026-01-20T23:32:30.089013453Z,01KFEW1AHB2FYXGT0X5PGAP03X,2026-01-20T23:32:30.089013453Z,true,2026-01-20T23:33:21.867936993Z,true,2026-01-20T23:33:21.92215593Z,01KFEW1AR0W9HMFP9PTCJ19MWS,2026-01-20T23:32:30.089013453Z
01KFEW2K7WGPRHS89Q1ZMNJFVV,01KFEV38GJVYY8P8B7QXSW6BTE,2026-01-20T23:33:11.548649662Z,30,2026-01-20T23:33:11.548649662Z,true,2026-01-20T23:33:41.598463082Z,01KFEV38H48T18ZRM15RETR33C,2026-01-20T23:33:11.548649662Z,1,2026-01-20T23:33:11.548649662Z,true,2026-01-20T23:33:30.27877218Z,result,2026-01-20T23:33:11.548649662Z,01KFEW2K3QVBFN32HV5ZCAC42T,2026-01-20T23:33:11.548649662Z,true,2026-01-20T23:33:30.240509806Z,true,2026-01-20T23:33:30.305901617Z,01KFEW2K7F07XNJJ4KNF9QB6XR,2026-01-20T23:33:11.548649662Z
01KFEW9NZNDCBKY5X5R9CJMRNZ,01KFEV384BJYC62Y0E6AQK09K8,2026-01-20T23:37:03.733446667Z,30,2026-01-20T23:37:03.733446667Z,false,2026-01-20T23:37:03.733446667Z,01KFEV384Z68A1Z7ZGWS1GDSZK,2026-01-20T23:37:03.733446667Z,1,2026-01-20T23:37:03.733446667Z,,,result,2026-01-20T23:37:03.733446667Z,01KFEW9NG7HFK52KPRET7F9NBD,2026-01-20T23:37:03.733446667Z,false,2026-01-20T23:37:03.733446667Z,,,01KFEW9NZBQX5TCT7GQB0DQ3A2,2026-01-20T23:37:03.733446667Z
01KFEWB99S54JRK70KHYBHCN7C,01KFEV38GJVYY8P8B7QXSW6BTE,2026-01-20T23:37:56.281383748Z,90,2026-01-20T23:37:56.281383748Z,true,2026-01-20T23:38:34.977925943Z,01KFEV38H8T2V9428VC9T7MEBA,2026-01-20T23:37:56.281383748Z,0,2026-01-20T23:37:56.281383748Z,true,2026-01-20T23:38:25.517736207Z,choice,2026-01-20T23:37:56.281383748Z,01KFEWB933XTP1JVD282ZB991C,2026-01-20T23:37:56.281383748Z,true,2026-01-20T23:38:25.477714996Z,true,2026-01-20T23:38:25.551096738Z,01KFEWB99KERMCWVT0633Q63RE,2026-01-20T23:37:56.281383748Z
01KFEWE961W78R9QC3DVPP09HM,01KFEVMN9Q125N5N16W4WNYJXF,2026-01-20T23:39:34.465371224Z,90,2026-01-20T23:39:34.465371224Z,true,2026-01-20T23:41:23.213768193Z,01KFEVMNAWK7WRWM1AMQZKX6SA,2026-01-20T23:39:34.465371224Z,0,2026-01-20T23:39:34.465371224Z,true,2026-01-20T23:41:22.153521531Z,choice,2026-01-20T23:39:34.465371224Z,01KFEWE8TRPV1GKJA0331CAER2,2026-01-20T23:39:34.465371224Z,true,2026-01-20T23:41:22.104776152Z,true,2026-01-20T23:41:22.185156631Z,01KFEWE95QA7GN3NRMY22P4TCJ,2026-01-20T23:39:34.465371224Z
01KFEWF08A7VMQDK1GSM2N37ZS,01KFEVMNF44NEM58ETFST7KTWM,2026-01-20T23:39:58.090281209Z,30,2026-01-20T23:39:58.090281209Z,true,2026-01-20T23:41:45.27809503Z,01KFEVMNHFNDCGHX9QBBFN387E,2026-01-20T23:39:58.090281209Z,1,2026-01-20T23:39:58.090281209Z,true,2026-01-20T23:41:42.135445894Z,result,2026-01-20T23:39:58.090281209Z,01KFEWEZWPAV8RCSFBM22S3S8X,2026-01-20T23:39:58.090281209Z,true,2026-01-20T23:41:42.090210615Z,true,2026-01-20T23:41:42.171089127Z,01KFEWF07VG4KZE9KNS4RF73BJ,2026-01-20T23:39:58.090281209Z
01KFEVJWWNADW80F8DGY5T4RPW,01KFEV38A01XZ4DPRPFKRE96P8,2026-01-20T23:24:37.141946925Z,30,2026-01-20T23:24:37.141946925Z,true,2026-01-20T23:28:26.001465991Z,01KFEV38AJ2CFPYBQZ58NH0V5J,2026-01-20T23:24:37.141946925Z,1,2026-01-20T23:24:37.141946925Z,true,2026-01-20T23:27:55.972032278Z,result,2026-01-20T23:24:37.141946925Z,01KFEVJWRXFH0A02EP0EXWZF8R,2026-01-20T23:24:37.141946925Z,true,2026-01-20T23:27:55.920169586Z,true,2026-01-20T23:27:55.99109283Z,01KFEVJWWFJ89KB5VZACQVH672,2026-01-20T23:24:37.141946925Z
01KFEVS3BABFE41R2X9RQV70AV,01KFEV37PBC6DGWCX0HT0QWYJR,2026-01-20T23:28:00.362587745Z,30,2026-01-20T23:28:00.362587745Z,true,2026-01-20T23:30:17.352656964Z,01KFEV37PV76WD06T50QFKE80T,2026-01-20T23:28:00.362587745Z,1,2026-01-20T23:28:00.362587745Z,true,2026-01-20T23:29:56.941964895Z,result,2026-01-20T23:28:00.362587745Z,01KFEVS2YSDC5M1CSQ45WYXFCB,2026-01-20T23:28:00.362587745Z,true,2026-01-20T23:29:56.903599274Z,true,2026-01-20T23:29:56.967664425Z,01KFEVS3B0C35H93J0X92DG0HE,2026-01-20T23:28:00.362587745Z
01KFEW7QA0DMRM1QTT9A9ETDNV,01KFEVMNF44NEM58ETFST7KTWM,2026-01-20T23:35:59.552965984Z,30,2026-01-20T23:35:59.552965984Z,false,2026-01-20T23:35:59.552965984Z,01KFEVMNH60E845G0BNN18WWCX,2026-01-20T23:35:59.552965984Z,1,2026-01-20T23:35:59.552965984Z,,,result,2026-01-20T23:35:59.552965984Z,01KFEW7PSKK8W5PNS3RA1ZMZWV,2026-01-20T23:35:59.552965984Z,false,2026-01-20T23:35:59.552965984Z,,,01KFEW7Q9QMPYC11MP90SW8QMR,2026-01-20T23:35:59.552965984Z
01KFEVJX03YHF6NBFSDCK0DV26,01KFEV38A01XZ4DPRPFKRE96P8,2026-01-20T23:24:37.252466489Z,30,2026-01-20T23:24:37.252466489Z,true,2026-01-20T23:29:36.48246113Z,01KFEV38AJ2CFPYBQZ58NH0V5J,2026-01-20T23:24:37.252466489Z,1,2026-01-20T23:24:37.252466489Z,true,2026-01-20T23:29:33.593765737Z,result,2026-01-20T23:24:37.252466489Z,01KFEVJWSCTHEQ0RQN66MYHJP0,2026-01-20T23:24:37.252466489Z,true,2026-01-20T23:29:33.565301423Z,true,2026-01-20T23:29:33.615578293Z,01KFEVJWZV51CH2260EHK0RQ06,2026-01-20T23:24:37.252466489Z
01KFEW0GHA0FQ4GJRM7GH88HJE,01KFEV37PBC6DGWCX0HT0QWYJR,2026-01-20T23:32:03.242566212Z,30,2026-01-20T23:32:03.242566212Z,true,2026-01-20T23:33:35.434065498Z,01KFEV37Q0WSYAYKWHM2EXN0DN,2026-01-20T23:32:03.242566212Z,1,2026-01-20T23:32:03.242566212Z,true,2026-01-20T23:33:14.027271532Z,result,2026-01-20T23:32:03.242566212Z,01KFEW0G9JQ4V4CCAST3DCAZYQ,2026-01-20T23:32:03.242566212Z,true,2026-01-20T23:33:13.988818746Z,true,2026-01-20T23:33:14.051885343Z,01KFEW0GGZTBK0AV8Q7A7K7G8E,2026-01-20T23:32:03.242566212Z
01KFEW2KDBBHNAXNDFGQG7FV6X,01KFEV38GJVYY8P8B7QXSW6BTE,2026-01-20T23:33:11.72397961Z,90,2026-01-20T23:33:11.72397961Z,true,2026-01-20T23:35:32.323194212Z,01KFEV38H48T18ZRM15RETR33C,2026-01-20T23:33:11.72397961Z,0,2026-01-20T23:33:11.72397961Z,true,2026-01-20T23:35:26.410532434Z,choice,2026-01-20T23:33:11.72397961Z,01KFEW2K50274SV4EXHZVPC5W8,2026-01-20T23:33:11.72397961Z,true,2026-01-20T23:35:26.373425347Z,true,2026-01-20T23:35:26.435965207Z,01KFEW2KD4SPFG46VCM6B43CTP,2026-01-20T23:33:11.72397961Z
01KFEVJWZ9F8SV3HW2ARTWK4EX,01KFEV38A01XZ4DPRPFKRE96P8,2026-01-20T23:24:37.225905462Z,90,2026-01-20T23:24:37.225905462Z,true,2026-01-20T23:28:58.463289642Z,01KFEV38AJ2CFPYBQZ58NH0V5J,2026-01-20T23:24:37.225905462Z,0,2026-01-20T23:24:37.225905462Z,true,2026-01-20T23:28:55.897345023Z,choice,2026-01-20T23:24:37.225905462Z,01KFEVJWSA1G8BTA3YJK5GPKEP,2026-01-20T23:24:37.225905462Z,true,2026-01-20T23:28:55.872323469Z,true,2026-01-20T23:28:55.923255263Z,01KFEVJWZ429T8FSHDVEFD7966,2026-01-20T23:24:37.225905462Z
01KFEVRX2TX5N634K3FK93M6A2,01KFEV37CWX6SQYA0RPR0C01MW,2026-01-20T23:27:53.947018315Z,90,2026-01-20T23:27:53.947018315Z,true,2026-01-20T23:30:04.075221867Z,01KFEV37DAAK9E08F076WKMM6J,2026-01-20T23:27:53.947018315Z,0,2026-01-20T23:27:53.947018315Z,true,2026-01-20T23:29:58.818636611Z,choice,2026-01-20T23:27:53.947018315Z,01KFEVRWSPA17ZS4W91D5DRVBE,2026-01-20T23:27:53.947018315Z,true,2026-01-20T23:29:58.790120247Z,true,2026-01-20T23:29:58.847133799Z,01KFEVRX2PZVPXXX9RKTMKTJ3A,2026-01-20T23:27:53.947018315Z
01KFEWE9DS7G16JE2NV6JKJSQA,01KFEVMN9Q125N5N16W4WNYJXF,2026-01-20T23:39:34.713511911Z,30,2026-01-20T23:39:34.713511911Z,true,2026-01-20T23:41:47.091170955Z,01KFEVMNAWK7WRWM1AMQZKX6SA,2026-01-20T23:39:34.713511911Z,1,2026-01-20T23:39:34.713511911Z,true,2026-01-20T23:41:45.936588966Z,result,2026-01-20T23:39:34.713511911Z,01KFEWE8WG5JEY2NYGNN25MKRQ,2026-01-20T23:39:34.713511911Z,true,2026-01-20T23:41:45.892759935Z,true,2026-01-20T23:41:45.970084689Z,01KFEWE9D97CJ8126TRN2R18N5,2026-01-20T23:39:34.713511911Z
01KFEWGNWCN34NN6HY6SXX06DN,01KFEVMNNQTH6Q6DMJG65NFGVF,2026-01-20T23:40:53.004648667Z,90,2026-01-20T23:40:53.004648667Z,false,2026-01-20T23:40:53.004648667Z,01KFEVMNQ7WSYMPADRKJJ7K0T0,2026-01-20T23:40:53.004648667Z,0,2026-01-20T23:40:53.004648667Z,,,choice,2026-01-20T23:40:53.004648667Z,01KFEWGN9X41GWNG782E2A0G6P,2026-01-20T23:40:53.004648667Z,false,2026-01-20T23:40:53.004648667Z,,,01KFEWGNW43P19J5ACN4KSTHY6,2026-01-20T23:40:53.004648667Z
01KFEVEHJDP8G2W6MBE74E57HP,01KFEV377XDCWB0CVW0E7ES8WB,2026-01-20T23:22:14.477740367Z,90,2026-01-20T23:22:14.477740367Z,true,2026-01-20T23:23:31.413503134Z,01KFEV378H0PY96RNMJFNCN7TE,2026-01-20T23:22:14.477740367Z,0,2026-01-20T23:22:14.477740367Z,true,2026-01-20T23:23:12.798074936Z,choice,2026-01-20T23:22:14.477740367Z,01KFEVEHGJP52P6AE23TDFFDSM,2026-01-20T23:22:14.477740367Z,true,2026-01-20T23:23:12.784123339Z,true,2026-01-20T23:23:12.808146834Z,01KFEVEHJ88QJMV930FP869G69,2026-01-20T23:22:14.477740367Z
01KFEVF1WWFVRXTTJ6VSPJ0A63,01KFEV377XDCWB0CVW0E7ES8WB,2026-01-20T23:22:31.196975067Z,30,2026-01-20T23:22:31.196975067Z,true,2026-01-20T23:24:23.898161635Z,01KFEV378PDZP87HXSESW6BA01,2026-01-20T23:22:31.196975067Z,1,2026-01-20T23:22:31.196975067Z,true,2026-01-20T23:24:11.240639464Z,result,2026-01-20T23:22:31.196975067Z,01KFEVF1PYG8S0P7M884KS249T,2026-01-20T23:22:31.196975067Z,true,2026-01-20T23:24:11.216950107Z,true,2026-01-20T23:24:11.256697926Z,01KFEVF1WR1Z5GPF1GCMH2K660,2026-01-20T23:22:31.196975067Z
01KFEVGBJRHHTNQJREANE206JZ,01KFEV37CWX6SQYA0RPR0C01MW,2026-01-20T23:23:13.880451749Z,90,2026-01-20T23:23:13.880451749Z,true,2026-01-20T23:25:36.83019124Z,01KFEV37DE991T271V0BRDHRJW,2026-01-20T23:23:13.880451749Z,0,2026-01-20T23:23:13.880451749Z,true,2026-01-20T23:25:32.86039475Z,choice,2026-01-20T23:23:13.880451749Z,01KFEVGBD8T8SFCQH95NHF15WG,2026-01-20T23:23:13.880451749Z,true,2026-01-20T23:25:32.838864631Z,true,2026-01-20T23:25:32.877106519Z,01KFEVGBJJP9WMFB2VT92178Q2,2026-01-20T23:23:13.880451749Z
01KFEVF1XCPNZC1ZTZ6VVR76Y4,01KFEV377XDCWB0CVW0E7ES8WB,2026-01-20T23:22:31.212079539Z,30,2026-01-20T23:22:31.212079539Z,true,2026-01-20T23:24:31.16460641Z,01KFEV378PDZP87HXSESW6BA01,2026-01-20T23:22:31.212079539Z,1,2026-01-20T23:22:31.212079539Z,true,2026-01-20T23:24:26.828784458Z,result,2026-01-20T23:22:31.212079539Z,01KFEVF1Q6ZK58W1T2EDJS8ZM0,2026-01-20T23:22:31.212079539Z,true,2026-01-20T23:24:26.812037222Z,true,2026-01-20T23:24:26.838619834Z,01KFEVF1X8XNNMWYQ57CP6DHW7,2026-01-20T23:22:31.212079539Z
01KFEVH4AFZSX788YRCXKJBBQA,01KFEV37PBC6DGWCX0HT0QWYJR,2026-01-20T23:23:39.217210585Z,30,2026-01-20T23:23:39.217210585Z,true,2026-01-20T23:25:05.749765118Z,01KFEV37PYV9HETXX2PC055NBT,2026-01-20T23:23:39.217210585Z,1,2026-01-20T23:23:39.217210585Z,true,2026-01-20T23:24:59.79631704Z,result,2026-01-20T23:23:39.217210585Z,01KFEVH47ZBAPR4G4APH55JXTA,2026-01-20T23:23:39.217210585Z,true,2026-01-20T23:24:59.771653705Z,true,2026-01-20T23:24:59.81410976Z,01KFEVH4AANDCQ362PDRDG29QJ,2026-01-20T23:23:39.217210585Z
01KFEW2A14A7HHQMJKK4N4V7W6,01KFEV38A01XZ4DPRPFKRE96P8,2026-01-20T23:33:02.116228636Z,90,2026-01-20T23:33:02.116228636Z,true,2026-01-20T23:33:14.890386398Z,01KFEV38AHTHHCNTDGHAJN0GXG,2026-01-20T23:33:02.116228636Z,0,2026-01-20T23:33:02.116228636Z,true,2026-01-20T23:33:04.746609385Z,choice,2026-01-20T23:33:02.116228636Z,01KFEW29X8W4JBYX6E342HRPZQ,2026-01-20T23:33:02.116228636Z,true,2026-01-20T23:33:04.678739077Z,true,2026-01-20T23:33:04.774803364Z,01KFEW2A0V3FZTC1X5WV8V6CZ5,2026-01-20T23:33:02.116228636Z
01KFEVKCXY73GJ5NCZ7TY32H3F,01KFEV37PBC6DGWCX0HT0QWYJR,2026-01-20T23:24:53.566744043Z,30,2026-01-20T23:24:53.566744043Z,true,2026-01-20T23:27:55.849522864Z,01KFEV37PYV9HETXX2PSGE1RKD,2026-01-20T23:24:53.566744043Z,1,2026-01-20T23:24:53.566744043Z,true,2026-01-20T23:27:49.036777394Z,result,2026-01-20T23:24:53.566744043Z,01KFEVKCMHNFBMSFY09QX4TGHZ,2026-01-20T23:24:53.566744043Z,true,2026-01-20T23:27:49.003992229Z,true,2026-01-20T23:27:49.066708983Z,01KFEVKCXSTAYCTEHGJ9Y9461V,2026-01-20T23:24:53.566744043Z
01KFEVB9WBF2ZN6Y6Q4QJSYQZJ,01KFEV2BZFDRZBG3Y0249RG1TW,2026-01-20T23:20:28.299696406Z,90,2026-01-20T23:20:28.299696406Z,false,2026-01-20T23:20:28.299696406Z,01KFEV2C0BAXD2XBMY5020521J,2026-01-20T23:20:28.299696406Z,0,2026-01-20T23:20:28.299696406Z,,,choice,2026-01-20T23:20:28.299696406Z,01KFEVB9V5KQC762J3MQHFGCMM,2026-01-20T23:20:28.299696406Z,false,2026-01-20T23:20:28.299696406Z,,,01KFEVB9W7PNQRNWATSNHMMYM7,2026-01-20T23:20:28.299696406Z
01KFEVJEQ22ZZQ8YWFC15EZRFR,01KFEV37CWX6SQYA0RPR0C01MW,2026-01-20T23:24:22.626746474Z,30,2026-01-20T23:24:22.626746474Z,true,2026-01-20T23:27:24.565469425Z,01KFEV37DE991T271V0NJ5BY6K,2026-01-20T23:24:22.626746474Z,1,2026-01-20T23:24:22.626746474Z,true,2026-01-20T23:26:54.535625314Z,result,2026-01-20T23:24:22.626746474Z,01KFEVJEK9E3M288QRNEA9824W,2026-01-20T23:24:22.626746474Z,true,2026-01-20T23:26:54.500428816Z,true,2026-01-20T23:26:54.555309247Z,01KFEVJEPW6BDRDWA2HAQ82RYY,2026-01-20T23:24:22.626746474Z
01KFEW9SC1F54RM90W05G753GR,01KFEV38A01XZ4DPRPFKRE96P8,2026-01-20T23:37:07.202014421Z,90,2026-01-20T23:37:07.202014421Z,true,2026-01-20T23:40:51.744269833Z,01KFEV38AJ2CFPYBQZ5JKK7PV4,2026-01-20T23:37:07.202014421Z,0,2026-01-20T23:37:07.202014421Z,true,2026-01-20T23:40:49.649220643Z,choice,2026-01-20T23:37:07.202014421Z,01KFEW9RP7W5QZSAE6HSN0A735,2026-01-20T23:37:07.202014421Z,true,2026-01-20T23:40:49.603863048Z,true,2026-01-20T23:40:49.684094085Z,01KFEW9SBVPRSEXKV734N4ZP0K,2026-01-20T23:37:07.202014421Z
01KFEVKCWVCGWTTJX1VYB6ZJJH,01KFEV37PBC6DGWCX0HT0QWYJR,2026-01-20T23:24:53.531707383Z,30,2026-01-20T23:24:53.531707383Z,true,2026-01-20T23:27:42.770477232Z,01KFEV37PYV9HETXX2PSGE1RKD,2026-01-20T23:24:53.531707383Z,1,2026-01-20T23:24:53.531707383Z,true,2026-01-20T23:27:32.603440135Z,result,2026-01-20T23:24:53.531707383Z,01KFEVKCMEF072A8GSMNZM7WH6,2026-01-20T23:24:53.531707383Z,true,2026-01-20T23:27:32.57332087Z,true,2026-01-20T23:27:32.62467241Z,01KFEVKCWHEVKFQV6T77HKEZB3,2026-01-20T23:24:53.531707383Z
01KFEW2A6Z7HD9BS3GDQ9VBP4G,01KFEV38A01XZ4DPRPFKRE96P8,2026-01-20T23:33:02.303826963Z,90,2026-01-20T23:33:02.303826963Z,true,2026-01-20T23:35:25.889872644Z,01KFEV38AHTHHCNTDGHAJN0GXG,2026-01-20T23:33:02.303826963Z,0,2026-01-20T23:33:02.303826963Z,true,2026-01-20T23:35:21.44201691Z,choice,2026-01-20T23:33:02.303826963Z,01KFEW29YCZ8S174VM388XCKN4,2026-01-20T23:33:02.303826963Z,true,2026-01-20T23:35:21.403766731Z,true,2026-01-20T23:35:21.463422403Z,01KFEW2A6TTCXZ7YSGGQCSJKX3,2026-01-20T23:33:02.303826963Z
01KFEW3VRDHAHCNQQS2MK3JEY3,01KFEVMN9Q125N5N16W4WNYJXF,2026-01-20T23:33:53.037203468Z,30,2026-01-20T23:33:53.037203468Z,true,2026-01-20T23:34:56.805919529Z,01KFEVMNBC23RB4D79KEQ4G0VS,2026-01-20T23:33:53.037203468Z,1,2026-01-20T23:33:53.037203468Z,true,2026-01-20T23:34:53.571512745Z,result,2026-01-20T23:33:53.037203468Z,01KFEW3VNVZC3K3MEZH39VDAQA,2026-01-20T23:33:53.037203468Z,true,2026-01-20T23:34:53.535846944Z,true,2026-01-20T23:34:53.598009282Z,01KFEW3VQR45ND1E1EGRZ4YC6X,2026-01-20T23:33:53.037203468Z
01KFEV999SAMGZ2WSCGD342J5B,01KFEV2BZFDRZBG3Y0249RG1TW,2026-01-20T23:19:22.169588921Z,30,2026-01-20T23:19:22.169588921Z,true,2026-01-20T23:20:35.789488289Z,01KFEV2C08ND9C9BYW8N2T146P,2026-01-20T23:19:22.169588921Z,1,2026-01-20T23:19:22.169588921Z,true,2026-01-20T23:20:34.08277956Z,result,2026-01-20T23:19:22.169588921Z,01KFEV992G0QHTRMA6CN52MSYK,2026-01-20T23:19:22.169588921Z,true,2026-01-20T23:20:34.066378815Z,true,2026-01-20T23:20:34.0968776Z,01KFEV999K2BH36B82QQCX74SJ,2026-01-20T23:19:22.169588921Z
01KFEVB9YC2NPZS5SDB66JG8V2,01KFEV2BZFDRZBG3Y0249RG1TW,2026-01-20T23:20:28.364760246Z,90,2026-01-20T23:20:28.364760246Z,false,2026-01-20T23:20:28.364760246Z,01KFEV2C0BAXD2XBMY5020521J,2026-01-20T23:20:28.364760246Z,0,2026-01-20T23:20:28.364760246Z,,,choice,2026-01-20T23:20:28.364760246Z,01KFEVB9TYBSXBEEYX10DN3RBE,2026-01-20T23:20:28.364760246Z,false,2026-01-20T23:20:28.364760246Z,,,01KFEVB9Y7JZHYGX2AGQMEJ73B,2026-01-20T23:20:28.364760246Z
01KFEVKCVFSV8YPR1THCXPHQYS,01KFEV37PBC6DGWCX0HT0QWYJR,2026-01-20T23:24:53.488468229Z,30,2026-01-20T23:24:53.488468229Z,true,2026-01-20T23:27:26.72008518Z,01KFEV37PYV9HETXX2PSGE1RKD,2026-01-20T23:24:53.488468229Z,1,2026-01-20T23:24:53.488468229Z,true,2026-01-20T23:27:19.513016694Z,result,2026-01-20T23:24:53.488468229Z,01KFEVKCNE0XAMRN0N7CFCEXZ2,2026-01-20T23:24:53.488468229Z,true,2026-01-20T23:27:19.480302346Z,true,2026-01-20T23:27:19.531512952Z,01KFEVKCV8X4MHK3V42FDX9KMR,2026-01-20T23:24:53.488468229Z
01KFEWB9J9ZV8A12P9H5FY9HEW,01KFEV38GJVYY8P8B7QXSW6BTE,2026-01-20T23:37:56.553353072Z,90,2026-01-20T23:37:56.553353072Z,true,2026-01-20T23:39:49.778584923Z,01KFEV38H8T2V9428VC9T7MEBA,2026-01-20T23:37:56.553353072Z,0,2026-01-20T23:37:56.553353072Z,true,2026-01-20T23:39:46.783710377Z,choice,2026-01-20T23:37:56.553353072Z,01KFEWB95MVT152YDC7RERZG6G,2026-01-20T23:37:56.553353072Z,true,2026-01-20T23:39:46.736393479Z,true,2026-01-20T23:39:46.818158407Z,01KFEWB9J3NF9WAQ1V27EZYWPH,2026-01-20T23:37:56.553353072Z
01KFEWKB584JD7NFZKHZV2YJKE,01KFEV38A01XZ4DPRPFKRE96P8,2026-01-20T23:42:20.328987671Z,30,2026-01-20T23:42:20.328987671Z,false,2026-01-20T23:42:20.328987671Z,01KFEV38AGG0Y2K5R4FB90SKZX,2026-01-20T23:42:20.328987671Z,1,2026-01-20T23:42:20.328987671Z,,,result,2026-01-20T23:42:20.328987671Z,01KFEWKAPHPS6GG6Z279DRZ3KT,2026-01-20T23:42:20.328987671Z,false,2026-01-20T23:42:20.328987671Z,,,01KFEWKB4Q3BVS7835A847PWTD,2026-01-20T23:42:20.328987671Z
01KFEWB985FRGHJFN4Y6HBFDQ5,01KFEV38GJVYY8P8B7QXSW6BTE,2026-01-20T23:37:56.229775474Z,90,2026-01-20T23:37:56.229775474Z,true,2026-01-20T23:38:08.540727071Z,01KFEV38H8T2V9428VC9T7MEBA,2026-01-20T23:37:56.229775474Z,0,2026-01-20T23:37:56.229775474Z,true,2026-01-20T23:37:59.519528602Z,choice,2026-01-20T23:37:56.229775474Z,01KFEWB93MZQQNSF35K2S15HQV,2026-01-20T23:37:56.229775474Z,true,2026-01-20T23:37:59.468445617Z,true,2026-01-20T23:37:59.547843993Z,01KFEWB97Z8DG39FPBRRNSANVV,2026-01-20T23:37:56.229775474Z
01KFEW1B1XH2W8AHGN0TJAQ3M9,01KFEV384BJYC62Y0E6AQK09K8,2026-01-20T23:32:30.397224805Z,30,2026-01-20T23:32:30.397224805Z,true,2026-01-20T23:34:11.700633025Z,01KFEV385166A8JYCZ9G4DMHRQ,2026-01-20T23:32:30.397224805Z,1,2026-01-20T23:32:30.397224805Z,true,2026-01-20T23:34:10.049314961Z,result,2026-01-20T23:32:30.397224805Z,01KFEW1AJ55D8GCPXGH2ZM6TDK,2026-01-20T23:32:30.397224805Z,true,2026-01-20T23:34:10.003911224Z,true,2026-01-20T23:34:10.081127381Z,01KFEW1B1MSP6YE9H6AG5PPCBE,2026-01-20T23:32:30.397224805Z
01KFEW2A2PDWTV41XQCETMTBS3,01KFEV38A01XZ4DPRPFKRE96P8,2026-01-20T23:33:02.166468971Z,30,2026-01-20T23:33:02.166468971Z,true,2026-01-20T23:33:40.958950763Z,01KFEV38AHTHHCNTDGHAJN0GXG,2026-01-20T23:33:02.166468971Z,1,2026-01-20T23:33:02.166468971Z,true,2026-01-20T23:33:37.364232427Z,result,2026-01-20T23:33:02.166468971Z,01KFEW29XHVV27TK4HQZQPZFPD,2026-01-20T23:33:02.166468971Z,true,2026-01-20T23:33:37.327198742Z,true,2026-01-20T23:33:37.392795851Z,01KFEW2A29CWS3KTJY1YNQN40Q,2026-01-20T23:33:02.166468971Z
01KFEW9S0C88NVSKJGVHYJHK5A,01KFEV38A01XZ4DPRPFKRE96P8,2026-01-20T23:37:06.828351895Z,90,2026-01-20T23:37:06.828351895Z,true,2026-01-20T23:39:19.017773626Z,01KFEV38AJ2CFPYBQZ5JKK7PV4,2026-01-20T23:37:06.828351895Z,0,2026-01-20T23:37:06.828351895Z,true,2026-01-20T23:39:15.661882603Z,choice,2026-01-20T23:37:06.828351895Z,01KFEW9RRQZJ10JQ2H4R3MFBWJ,2026-01-20T23:37:06.828351895Z,true,2026-01-20T23:39:15.62043145Z,true,2026-01-20T23:39:15.691669977Z,01KFEW9S0338H4JF5A0QVEGY8X,2026-01-20T23:37:06.828351895Z
01KFEV9995G24SN1G4HZCFS4XK,01KFEV2BZFDRZBG3Y0249RG1TW,2026-01-20T23:19:22.149488832Z,30,2026-01-20T23:19:22.149488832Z,true,2026-01-20T23:20:32.54817418Z,01KFEV2C08ND9C9BYW8N2T146P,2026-01-20T23:19:22.149488832Z,1,2026-01-20T23:19:22.149488832Z,true,2026-01-20T23:20:25.496217431Z,result,2026-01-20T23:19:22.149488832Z,01KFEV992F8HQ1GF4QAH0Z0678,2026-01-20T23:19:22.149488832Z,true,2026-01-20T23:20:25.478723501Z,true,2026-01-20T23:20:25.504099759Z,01KFEV9991G1F7Z0G7S6E6VMDD,2026-01-20T23:19:22.149488832Z
01KFEVHAXP371FN0F1X7TAZ940,01KFEV384BJYC62Y0E6AQK09K8,2026-01-20T23:23:45.97438266Z,30,2026-01-20T23:23:45.97438266Z,true,2026-01-20T23:26:34.928527761Z,01KFEV384Y33BFECW27AH8GSGD,2026-01-20T23:23:45.97438266Z,1,2026-01-20T23:23:45.97438266Z,true,2026-01-20T23:26:28.943721459Z,result,2026-01-20T23:23:45.97438266Z,01KFEVHAPS4X009VG0R6NVCP4C,2026-01-20T23:23:45.97438266Z,true,2026-01-20T23:26:28.915347071Z,true,2026-01-20T23:26:28.964785446Z,01KFEVHAXJ9CN50RY33JA3HCRP,2026-01-20T23:23:45.97438266Z
01KFEVJNXXKB844TJENG8GG9MA,01KFEV377XDCWB0CVW0E7ES8WB,2026-01-20T23:24:30.01382021Z,30,2026-01-20T23:24:30.01382021Z,true,2026-01-20T23:25:54.786840391Z,01KFEV378FNG971PBW7B2SPNC6,2026-01-20T23:24:30.01382021Z,1,2026-01-20T23:24:30.01382021Z,true,2026-01-20T23:25:53.0415435Z,result,2026-01-20T23:24:30.01382021Z,01KFEVJNRMV8QKDD2GX9TGRBPY,2026-01-20T23:24:30.01382021Z,true,2026-01-20T23:25:53.013571331Z,true,2026-01-20T23:25:53.070803625Z,01KFEVJNXR96AXYKTBT7HS99YQ,2026-01-20T23:24:30.01382021Z
01KFEVFBFVN56DKXCHRCE891DP,01KFEV377XDCWB0CVW0E7ES8WB,2026-01-20T23:22:41.019078687Z,90,2026-01-20T23:22:41.019078687Z,true,2026-01-20T23:24:05.844712539Z,01KFEV378H0PY96RNMJTMM0E4X,2026-01-20T23:22:41.019078687Z,0,2026-01-20T23:22:41.019078687Z,true,2026-01-20T23:23:56.860643055Z,choice,2026-01-20T23:22:41.019078687Z,01KFEVFBC06RMYVW5HNEESW6V6,2026-01-20T23:22:41.019078687Z,true,2026-01-20T23:23:56.842726652Z,true,2026-01-20T23:23:56.877168626Z,01KFEVFBFN9E029JHM0XRKHPFW,2026-01-20T23:22:41.019078687Z
01KFEVJWT5KCMT0JG5Y7V40M1E,01KFEV38A01XZ4DPRPFKRE96P8,2026-01-20T23:24:37.062459716Z,30,2026-01-20T23:24:37.062459716Z,true,2026-01-20T23:25:38.144551768Z,01KFEV38AJ2CFPYBQZ58NH0V5J,2026-01-20T23:24:37.062459716Z,1,2026-01-20T23:24:37.062459716Z,true,2026-01-20T23:25:08.09628179Z,result,2026-01-20T23:24:37.062459716Z,01KFEVJWS4XRB4HTW161W2F47D,2026-01-20T23:24:37.062459716Z,true,2026-01-20T23:25:08.071283535Z,true,2026-01-20T23:25:08.113117352Z,01KFEVJWSZG5PAXNPC0ENJHG9R,2026-01-20T23:24:37.062459716Z
01KFEVS360F36H3F8Z711062S0,01KFEV37PBC6DGWCX0HT0QWYJR,2026-01-20T23:28:00.192944098Z,90,2026-01-20T23:28:00.192944098Z,true,2026-01-20T23:29:09.099272029Z,01KFEV37PV76WD06T50QFKE80T,2026-01-20T23:28:00.192944098Z,0,2026-01-20T23:28:00.192944098Z,true,2026-01-20T23:29:05.354306197Z,choice,2026-01-20T23:28:00.192944098Z,01KFEVS2ZY16AG7M0J8YVV8W86,2026-01-20T23:28:00.192944098Z,true,2026-01-20T23:29:05.323272301Z,true,2026-01-20T23:29:05.378871305Z,01KFEVS35946FDHF76PMWBKXMD,2026-01-20T23:28:00.192944098Z
01KFEW3W7YP6W4CSD70FWS3PZ3,01KFEVMN9Q125N5N16W4WNYJXF,2026-01-20T23:33:53.534208185Z,30,2026-01-20T23:33:53.534208185Z,true,2026-01-20T23:36:05.404777503Z,01KFEVMNBC23RB4D79KEQ4G0VS,2026-01-20T23:33:53.534208185Z,1,2026-01-20T23:33:53.534208185Z,true,2026-01-20T23:36:03.802638641Z,result,2026-01-20T23:33:53.534208185Z,01KFEW3VNBMV4SFK2GGYWGCNPK,2026-01-20T23:33:53.534208185Z,true,2026-01-20T23:36:03.755334327Z,true,2026-01-20T23:36:03.832486094Z,01KFEW3W7M2XEP9QXRSZ7F6B0M,2026-01-20T23:33:53.534208185Z
01KFEVBA3D4E1VWV8Q89T75H5Q,01KFEV2BZFDRZBG3Y0249RG1TW,2026-01-20T23:20:28.525658923Z,90,2026-01-20T23:20:28.525658923Z,false,2026-01-20T23:20:28.525658923Z,01KFEV2C0BAXD2XBMY5020521J,2026-01-20T23:20:28.525658923Z,0,2026-01-20T23:20:28.525658923Z,,,choice,2026-01-20T23:20:28.525658923Z,01KFEVB9TK169HP1PMH5JANXA8,2026-01-20T23:20:28.525658923Z,false,2026-01-20T23:20:28.525658923Z,,,01KFEVBA362N1SYDK0QC584GJ0,2026-01-20T23:20:28.525658923Z
01KFEVCJVQT2AER2HCQPFM4D2X,01KFEV2BZFDRZBG3Y0249RG1TW,2026-01-20T23:21:10.263055803Z,30,2026-01-20T23:21:10.263055803Z,false,2026-01-20T23:21:10.263055803Z,01KFEV2C0EQZAQP8AFWFARX9S3,2026-01-20T23:21:10.263055803Z,1,2026-01-20T23:21:10.263055803Z,,,result,2026-01-20T23:21:10.263055803Z,01KFEVCJJER2V81W8CFQ0Y05V3,2026-01-20T23:21:10.263055803Z,false,2026-01-20T23:21:10.263055803Z,,,01KFEVCJVJ75ME6QXX18XSAXTG,2026-01-20T23:21:10.263055803Z
01KFEVRX10XFZ7ATGQ8QB0RVPK,01KFEV37CWX6SQYA0RPR0C01MW,2026-01-20T23:27:53.88837054Z,30,2026-01-20T23:27:53.88837054Z,true,2026-01-20T23:29:46.210196246Z,01KFEV37DAAK9E08F076WKMM6J,2026-01-20T23:27:53.88837054Z,1,2026-01-20T23:27:53.88837054Z,true,2026-01-20T23:29:39.325391684Z,result,2026-01-20T23:27:53.88837054Z,01KFEVRWS6SQ4NE2BVQ7YM3A1B,2026-01-20T23:27:53.88837054Z,true,2026-01-20T23:29:39.290086686Z,true,2026-01-20T23:29:39.347421013Z,01KFEVRX0QS80HCMEA9G22XMS7,2026-01-20T23:27:53.88837054Z
01KFEVEHQQBSA7P4EWB48HQ72S,01KFEV377XDCWB0CVW0E7ES8WB,2026-01-20T23:22:14.647751091Z,30,2026-01-20T23:22:14.647751091Z,true,2026-01-20T23:25:07.556174228Z,01KFEV378H0PY96RNMJFNCN7TE,2026-01-20T23:22:14.647751091Z,1,2026-01-20T23:22:14.647751091Z,true,2026-01-20T23:24:38.479463081Z,result,2026-01-20T23:22:14.647751091Z,01KFEVEHGR7ECW4X29T8Y4QFJQ,2026-01-20T23:22:14.647751091Z,true,2026-01-20T23:24:38.449781524Z,true,2026-01-20T23:24:38.496505775Z,01KFEVEHQKXBXPZW8C8J509B3P,2026-01-20T23:22:14.647751091Z
01KFEVJEPY5X4FZCVQQAG2D1VA,01KFEV37CWX6SQYA0RPR0C01MW,2026-01-20T23:24:22.622820889Z,90,2026-01-20T23:24:22.622820889Z,true,2026-01-20T23:26:54.476988854Z,01KFEV37DE991T271V0NJ5BY6K,2026-01-20T23:24:22.622820889Z,0,2026-01-20T23:24:22.622820889Z,true,2026-01-20T23:26:50.081341565Z,choice,2026-01-20T23:24:22.622820889Z,01KFEVJEK9E3M288QRNEA9824W,2026-01-20T23:24:22.622820889Z,true,2026-01-20T23:26:50.052008766Z,true,2026-01-20T23:26:50.101179314Z,01KFEVJEPTWZB5Q9EYBH1T7WWT,2026-01-20T23:24:22.622820889Z
01KFEW3W61KGFSTXE2EKFPZFM9,01KFEVMN9Q125N5N16W4WNYJXF,2026-01-20T23:33:53.473968306Z,30,2026-01-20T23:33:53.473968306Z,true,2026-01-20T23:36:01.832064812Z,01KFEVMNBC23RB4D79KEQ4G0VS,2026-01-20T23:33:53.473968306Z,1,2026-01-20T23:33:53.473968306Z,true,2026-01-20T23:35:57.777680019Z,result,2026-01-20T23:33:53.473968306Z,01KFEW3VN02RCSZ9DCBE78BGPQ,2026-01-20T23:33:53.473968306Z,true,2026-01-20T23:35:57.73663281Z,true,2026-01-20T23:35:57.808789799Z,01KFEW3W4J8PK2WVDGEEHQGP5V,2026-01-20T23:33:53.473968306Z
01KFEVS3A5MRX3K6MF48JJMMWW,01KFEV37PBC6DGWCX0HT0QWYJR,2026-01-20T23:28:00.325738864Z,90,2026-01-20T23:28:00.325738864Z,true,2026-01-20T23:29:51.527887855Z,01KFEV37PV76WD06T50QFKE80T,2026-01-20T23:28:00.325738864Z,0,2026-01-20T23:28:00.325738864Z,true,2026-01-20T23:29:49.365823414Z,choice,2026-01-20T23:28:00.325738864Z,01KFEVS30DXP4PRYMZCEXQDZ77,2026-01-20T23:28:00.325738864Z,true,2026-01-20T23:29:49.320176274Z,true,2026-01-20T23:29:49.394071265Z,01KFEVS3A0KW2KVP2WKTR0Z5JD,2026-01-20T23:28:00.325738864Z
01KFEVB9WC4CSJ80ZJM5VVHDTP,01KFEV2BZFDRZBG3Y0249RG1TW,2026-01-20T23:20:28.300236883Z,30,2026-01-20T23:20:28.300236883Z,false,2026-01-20T23:20:28.300236883Z,01KFEV2C0BAXD2XBMY5020521J,2026-01-20T23:20:28.300236883Z,1,2026-01-20T23:20:28.300236883Z,,,result,2026-01-20T23:20:28.300236883Z,01KFEVB9V5KQC762J3MQHFGCMM,2026-01-20T23:20:28.300236883Z,false,2026-01-20T23:20:28.300236883Z,,,01KFEVB9W9CHCCA0PZ3VSZAJ8W,2026-01-20T23:20:28.300236883Z
01KFEVBA3ECCEET3G4F68PTF3C,01KFEV2BZFDRZBG3Y0249RG1TW,2026-01-20T23:20:28.526624154Z,30,2026-01-20T23:20:28.526624154Z,false,2026-01-20T23:20:28.526624154Z,01KFEV2C0BAXD2XBMY5020521J,2026-01-20T23:20:28.526624154Z,1,2026-01-20T23:20:28.526624154Z,,,result,2026-01-20T23:20:28.526624154Z,01KFEVB9TK169HP1PMH5JANXA8,2026-01-20T23:20:28.526624154Z,false,2026-01-20T23:20:28.526624154Z,,,01KFEVBA3A70WBKGGE4877PFMF,2026-01-20T23:20:28.526624154Z
01KFEVS345QSDN728AM6R7ANVS,01KFEV37PBC6DGWCX0HT0QWYJR,2026-01-20T23:28:00.133753183Z,90,2026-01-20T23:28:00.133753183Z,true,2026-01-20T23:29:00.973949995Z,01KFEV37PV76WD06T50QFKE80T,2026-01-20T23:28:00.133753183Z,0,2026-01-20T23:28:00.133753183Z,true,2026-01-20T23:28:56.743837446Z,choice,2026-01-20T23:28:00.133753183Z,01KFEVS2Z9EQT2Y1JNWRXDGX7J,2026-01-20T23:28:00.133753183Z,true,2026-01-20T23:28:56.714414124Z,true,2026-01-20T23:28:56.763859409Z,01KFEVS33B1FD04EAD5AMP08YJ,2026-01-20T23:28:00.133753183Z
01KFEVHARQ965Q8BH95T82VCT1,01KFEV384BJYC62Y0E6AQK09K8,2026-01-20T23:23:45.815072402Z,90,2026-01-20T23:23:45.815072402Z,true,2026-01-20T23:24:29.087099204Z,01KFEV384Y33BFECW27AH8GSGD,2026-01-20T23:23:45.815072402Z,0,2026-01-20T23:23:45.815072402Z,true,2026-01-20T23:24:24.233559933Z,choice,2026-01-20T23:23:45.815072402Z,01KFEVHANVAXDMRTQWSCF4AN6J,2026-01-20T23:23:45.815072402Z,true,2026-01-20T23:24:24.217147744Z,true,2026-01-20T23:24:24.248132859Z,01KFEVHARH0R2GM901YNXF4GPJ,2026-01-20T23:23:45.815072402Z
01KFEVJER5TPTJJDYMVJGSPV6N,01KFEV37CWX6SQYA0RPR0C01MW,2026-01-20T23:24:22.661562398Z,90,2026-01-20T23:24:22.661562398Z,true,2026-01-20T23:27:40.731548399Z,01KFEV37DE991T271V0NJ5BY6K,2026-01-20T23:24:22.661562398Z,0,2026-01-20T23:24:22.661562398Z,true,2026-01-20T23:27:36.276765641Z,choice,2026-01-20T23:24:22.661562398Z,01KFEVJEKDM335WE8XZ2Y7WT1T,2026-01-20T23:24:22.661562398Z,true,2026-01-20T23:27:36.216506552Z,true,2026-01-20T23:27:36.296770655Z,01KFEVJER0V8R6ZNMMQRTHGBKK,2026-01-20T23:24:22.661562398Z
01KFEVPNWSYA24QCQ7BGF2M2CX,01KFEVMN9Q125N5N16W4WNYJXF,2026-01-20T23:26:41.049699239Z,30,2026-01-20T23:26:41.049699239Z,true,2026-01-20T23:29:35.018316277Z,01KFEVMNB841AFDZFM4WSW4FTD,2026-01-20T23:26:41.049699239Z,1,2026-01-20T23:26:41.049699239Z,true,2026-01-20T23:29:31.860390863Z,result,2026-01-20T23:26:41.049699239Z,01KFEVPNH8ZPMZ16RW6XYTJZST,2026-01-20T23:26:41.049699239Z,true,2026-01-20T23:29:31.827164498Z,true,2026-01-20T23:29:31.884714759Z,01KFEVPNWFFBRM2DVWGBBG742F,2026-01-20T23:26:41.049699239Z
01KFEWKAXM32477CF3BTKKEXYY,01KFEV38A01XZ4DPRPFKRE96P8,2026-01-20T23:42:20.084388755Z,30,2026-01-20T23:42:20.084388755Z,false,2026-01-20T23:42:20.084388755Z,01KFEV38AGG0Y2K5R4FB90SKZX,2026-01-20T23:42:20.084388755Z,1,2026-01-20T23:42:20.084388755Z,,,result,2026-01-20T23:42:20.084388755Z,01KFEWKAN6G89ERQ3M0EB8ZYD3,2026-01-20T23:42:20.084388755Z,false,2026-01-20T23:42:20.084388755Z,,,01KFEWKAX4B2ZNEHRD58REWZFN,2026-01-20T23:42:20.084388755Z
01KFEW1AWTBRF77CHJK40FM4RY,01KFEV384BJYC62Y0E6AQK09K8,2026-01-20T23:32:30.234737027Z,90,2026-01-20T23:32:30.234737027Z,true,2026-01-20T23:33:44.925988087Z,01KFEV385166A8JYCZ9G4DMHRQ,2026-01-20T23:32:30.234737027Z,0,2026-01-20T23:32:30.234737027Z,true,2026-01-20T23:33:43.743352674Z,choice,2026-01-20T23:32:30.234737027Z,01KFEW1AK7NCGSKANQ48AN6V23,2026-01-20T23:32:30.234737027Z,true,2026-01-20T23:33:43.711791907Z,true,2026-01-20T23:33:43.769893806Z,01KFEW1AWGTBM4WSQZYQMPQC2H,2026-01-20T23:32:30.234737027Z
01KFEW9P2A586AZCZSWCX0AVK4,01KFEV384BJYC62Y0E6AQK09K8,2026-01-20T23:37:03.818907666Z,90,2026-01-20T23:37:03.818907666Z,false,2026-01-20T23:37:03.818907666Z,01KFEV384Z68A1Z7ZGWS1GDSZK,2026-01-20T23:37:03.818907666Z,0,2026-01-20T23:37:03.818907666Z,,,choice,2026-01-20T23:37:03.818907666Z,01KFEW9NGQ3Y0JKJV6XFVWQ0N2,2026-01-20T23:37:03.818907666Z,false,2026-01-20T23:37:03.818907666Z,,,01KFEW9P22HDQNXXG21XAZQ0XE,2026-01-20T23:37:03.818907666Z
01KFEVPNK1VCM12GMJT5M76SE7,01KFEVMN9Q125N5N16W4WNYJXF,2026-01-20T23:26:40.737597399Z,30,2026-01-20T23:26:40.737597399Z,true,2026-01-20T23:27:27.27554209Z,01KFEVMNB841AFDZFM4WSW4FTD,2026-01-20T23:26:40.737597399Z,1,2026-01-20T23:26:40.737597399Z,true,2026-01-20T23:27:03.107516445Z,result,2026-01-20T23:26:40.737597399Z,01KFEVPNF9X8183T19PW5K9TEJ,2026-01-20T23:26:40.737597399Z,true,2026-01-20T23:27:03.078900562Z,true,2026-01-20T23:27:03.133273747Z,01KFEVPNJRWN4KBQ5PEY0FZAFZ,2026-01-20T23:26:40.737597399Z
01KFEW0GJCN60XT4N60XBB296X,01KFEV37PBC6DGWCX0HT0QWYJR,2026-01-20T23:32:03.276148541Z,30,2026-01-20T23:32:03.276148541Z,true,2026-01-20T23:33:43.96763598Z,01KFEV37Q0WSYAYKWHM2EXN0DN,2026-01-20T23:32:03.276148541Z,1,2026-01-20T23:32:03.276148541Z,true,2026-01-20T23:33:39.542003307Z,result,2026-01-20T23:32:03.276148541Z,01KFEW0G9R2CR00EMTWN25XPQE,2026-01-20T23:32:03.276148541Z,true,2026-01-20T23:33:39.503963812Z,true,2026-01-20T23:33:39.567125604Z,01KFEW0GJ2EJZY2BB0DJZX1NW0,2026-01-20T23:32:03.276148541Z
01KFEW2KA2M93G98TDF7TPE4NV,01KFEV38GJVYY8P8B7QXSW6BTE,2026-01-20T23:33:11.619058839Z,90,2026-01-20T23:33:11.619058839Z,true,2026-01-20T23:34:22.03890202Z,01KFEV38H48T18ZRM15RETR33C,2026-01-20T23:33:11.619058839Z,0,2026-01-20T23:33:11.619058839Z,true,2026-01-20T23:33:56.236916196Z,choice,2026-01-20T23:33:11.619058839Z,01KFEW2K3YS06VARVY9G44T7TD,2026-01-20T23:33:11.619058839Z,true,2026-01-20T23:33:56.19553448Z,true,2026-01-20T23:33:56.269559534Z,01KFEW2K9WYWZ5ZCQWY39ZPPN9,2026-01-20T23:33:11.619058839Z
01KFEVHAR0CTF7N7R7X3QZEWWS,01KFEV384BJYC62Y0E6AQK09K8,2026-01-20T23:23:45.792944084Z,90,2026-01-20T23:23:45.792944084Z,true,2026-01-20T23:24:20.081618362Z,01KFEV384Y33BFECW27AH8GSGD,2026-01-20T23:23:45.792944084Z,0,2026-01-20T23:23:45.792944084Z,true,2026-01-20T23:24:15.08699287Z,choice,2026-01-20T23:23:45.792944084Z,01KFEVHANZWYMMJ585A25SK7SB,2026-01-20T23:23:45.792944084Z,true,2026-01-20T23:24:15.068236318Z,true,2026-01-20T23:24:15.099260918Z,01KFEVHAQVWKV5TN8ZEXFS7PJW,2026-01-20T23:23:45.792944084Z
01KFEVHAV8YZYQF1D6XF3FXVY4,01KFEV384BJYC62Y0E6AQK09K8,2026-01-20T23:23:45.896345635Z,30,2026-01-20T23:23:45.896345635Z,true,2026-01-20T23:25:13.918645906Z,01KFEV384Y33BFECW27AH8GSGD,2026-01-20T23:23:45.896345635Z,1,2026-01-20T23:23:45.896345635Z,true,2026-01-20T23:25:11.719048475Z,result,2026-01-20T23:23:45.896345635Z,01KFEVHAPGWZJCVM4Z19V75XGE,2026-01-20T23:23:45.896345635Z,true,2026-01-20T23:25:11.701796979Z,true,2026-01-20T23:25:11.735963492Z,01KFEVHAV3N6493YS4WDBMKSRP,2026-01-20T23:23:45.896345635Z
01KFEVJX0PTM14Z5A8KN9ECA1F,01KFEV38A01XZ4DPRPFKRE96P8,2026-01-20T23:24:37.270465181Z,90,2026-01-20T23:24:37.270465181Z,true,2026-01-20T23:29:39.161002759Z,01KFEV38AJ2CFPYBQZ58NH0V5J,2026-01-20T23:24:37.270465181Z,0,2026-01-20T23:24:37.270465181Z,true,2026-01-20T23:29:36.620475143Z,choice,2026-01-20T23:24:37.270465181Z,01KFEVJWRJ3VMZ6TKNKERXD4E2,2026-01-20T23:24:37.270465181Z,true,2026-01-20T23:29:36.588040764Z,true,2026-01-20T23:29:36.644595052Z,01KFEVJX0HSTB67060TWZPKR5F,2026-01-20T23:24:37.270465181Z
01KFEVJENNVF0M0R5F7MQ894R6,01KFEV37CWX6SQYA0RPR0C01MW,2026-01-20T23:24:22.581518861Z,30,2026-01-20T23:24:22.581518861Z,true,2026-01-20T23:26:07.180872976Z,01KFEV37DE991T271V0NJ5BY6K,2026-01-20T23:24:22.581518861Z,1,2026-01-20T23:24:22.581518861Z,true,2026-01-20T23:25:35.932521796Z,result,2026-01-20T23:24:22.581518861Z,01KFEVJEJJ6D7VBYCE9XWXMRKP,2026-01-20T23:24:22.581518861Z,true,2026-01-20T23:25:35.900206572Z,true,2026-01-20T23:25:35.945960003Z,01KFEVJENFQXGRXSNXZ1CFV3DM,2026-01-20T23:24:22.581518861Z
01KFEVKCS5YF45WJXBY33V1E4B,01KFEV37PBC6DGWCX0HT0QWYJR,2026-01-20T23:24:53.413193817Z,90,2026-01-20T23:24:53.413193817Z,true,2026-01-20T23:26:29.226029198Z,01KFEV37PYV9HETXX2PSGE1RKD,2026-01-20T23:24:53.413193817Z,0,2026-01-20T23:24:53.413193817Z,true,2026-01-20T23:26:20.539355775Z,choice,2026-01-20T23:24:53.413193817Z,01KFEVKCN0QWK45TM5NYNV4WNH,2026-01-20T23:24:53.413193817Z,true,2026-01-20T23:26:20.493389953Z,true,2026-01-20T23:26:20.566846162Z,01KFEVKCS029HKX3Z7GBTA90RZ,2026-01-20T23:24:53.413193817Z
01KFEW7Q9SN8MR42D9VEC4ZQ3Q,01KFEVMNF44NEM58ETFST7KTWM,2026-01-20T23:35:59.545979802Z,90,2026-01-20T23:35:59.545979802Z,false,2026-01-20T23:35:59.545979802Z,01KFEVMNH60E845G0BNN18WWCX,2026-01-20T23:35:59.545979802Z,0,2026-01-20T23:35:59.545979802Z,,,choice,2026-01-20T23:35:59.545979802Z,01KFEW7PSKK8W5PNS3RA1ZMZWV,2026-01-20T23:35:59.545979802Z,false,2026-01-20T23:35:59.545979802Z,,,01KFEW7Q9JQBRSQK88XEYQW5TR,2026-01-20T23:35:59.545979802Z
01KFEW3VZ7PD9A59TACY2850R6,01KFEVMN9Q125N5N16W4WNYJXF,2026-01-20T23:33:53.255106858Z,90,2026-01-20T23:33:53.255106858Z,true,2026-01-20T23:35:31.133396623Z,01KFEVMNBC23RB4D79KEQ4G0VS,2026-01-20T23:33:53.255106858Z,0,2026-01-20T23:33:53.255106858Z,true,2026-01-20T23:35:29.620252063Z,choice,2026-01-20T23:33:53.255106858Z,01KFEW3VKZ39SY1X7NPK7PDBQW,2026-01-20T23:33:53.255106858Z,true,2026-01-20T23:35:29.580965398Z,true,2026-01-20T23:35:29.648752802Z,01KFEW3VZ1PQZKY7DSJ5BSW5TC,2026-01-20T23:33:53.255106858Z
01KFEW7Q4Q9NQDP4EZ8P86MMM3,01KFEVMNF44NEM58ETFST7KTWM,2026-01-20T23:35:59.383646335Z,30,2026-01-20T23:35:59.383646335Z,false,2026-01-20T23:35:59.383646335Z,01KFEVMNH60E845G0BNN18WWCX,2026-01-20T23:35:59.383646335Z,1,2026-01-20T23:35:59.383646335Z,,,result,2026-01-20T23:35:59.383646335Z,01KFEW7PRGH9QRFY28576TXY8Z,2026-01-20T23:35:59.383646335Z,false,2026-01-20T23:35:59.383646335Z,,,01KFEW7Q4EDY4VCVQ89XNBPY9V,2026-01-20T23:35:59.383646335Z
01KFEWKB1ABZ6N14WZ5S6XZEJV,01KFEV38A01XZ4DPRPFKRE96P8,2026-01-20T23:42:20.202772619Z,30,2026-01-20T23:42:20.202772619Z,false,2026-01-20T23:42:20.202772619Z,01KFEV38AGG0Y2K5R4FB90SKZX,2026-01-20T23:42:20.202772619Z,1,2026-01-20T23:42:20.202772619Z,,,result,2026-01-20T23:42:20.202772619Z,01KFEWKANVGRTHCXE4FSMY5K2K,2026-01-20T23:42:20.202772619Z,false,2026-01-20T23:42:20.202772619Z,,,01KFEWKB0PQCVAWE5GXG5DPYZ0,2026-01-20T23:42:20.202772619Z
01KFEVNK5K1EQY58BQDQM2T34Z,01KFEV38GJVYY8P8B7QXSW6BTE,2026-01-20T23:26:05.491270976Z,90,2026-01-20T23:26:05.491270976Z,false,2026-01-20T23:26:05.491270976Z,01KFEV38H72YHVC8PGTMFH64KV,2026-01-20T23:26:05.491270976Z,0,2026-01-20T23:26:05.491270976Z,,,choice,2026-01-20T23:26:05.491270976Z,01KFEVNK1R1GQ1T73YGGC1XE7F,2026-01-20T23:26:05.491270976Z,false,2026-01-20T23:26:05.491270976Z,,,01KFEVNK5E9Z55H2XRCEC8S24A,2026-01-20T23:26:05.491270976Z
01KFEVRWVCPGY556DME2XR0K0G,01KFEV37CWX6SQYA0RPR0C01MW,2026-01-20T23:27:53.708905708Z,90,2026-01-20T23:27:53.708905708Z,true,2026-01-20T23:28:03.314420575Z,01KFEV37DAAK9E08F076WKMM6J,2026-01-20T23:27:53.708905708Z,0,2026-01-20T23:27:53.708905708Z,true,2026-01-20T23:27:55.875641806Z,choice,2026-01-20T23:27:53.708905708Z,01KFEVRWQJGCGKK4BEF2VQ5XQC,2026-01-20T23:27:53.708905708Z,true,2026-01-20T23:27:55.832374635Z,true,2026-01-20T23:27:55.900747675Z,01KFEVRWV6Y449J3B0TGY6ET11,2026-01-20T23:27:53.708905708Z
01KFEW2KFYBK8SXGPNRXHVNHA9,01KFEV38GJVYY8P8B7QXSW6BTE,2026-01-20T23:33:11.806892553Z,90,2026-01-20T23:33:11.806892553Z,true,2026-01-20T23:35:42.234959182Z,01KFEV38H48T18ZRM15RETR33C,2026-01-20T23:33:11.806892553Z,0,2026-01-20T23:33:11.806892553Z,true,2026-01-20T23:35:41.144726159Z,choice,2026-01-20T23:33:11.806892553Z,01KFEW2K6YFW0YHD45MRGH06TF,2026-01-20T23:33:11.806892553Z,true,2026-01-20T23:35:41.104562216Z,true,2026-01-20T23:35:41.173775353Z,01KFEW2KFPT4FCYCRJCKCVMM6P,2026-01-20T23:33:11.806892553Z
01KFEVFBGD8S89T1S2A95TDDTW,01KFEV377XDCWB0CVW0E7ES8WB,2026-01-20T23:22:41.037851269Z,90,2026-01-20T23:22:41.037851269Z,true,2026-01-20T23:24:31.778044852Z,01KFEV378H0PY96RNMJTMM0E4X,2026-01-20T23:22:41.037851269Z,0,2026-01-20T23:22:41.037851269Z,true,2026-01-20T23:24:19.465503095Z,choice,2026-01-20T23:22:41.037851269Z,01KFEVFBC7KD30QSSEZXA6VZYZ,2026-01-20T23:22:41.037851269Z,true,2026-01-20T23:24:19.447217381Z,true,2026-01-20T23:24:19.478958298Z,01KFEVFBG837Y04Z86NHCTGXE0,2026-01-20T23:22:41.037851269Z
01KFEVPNSPGDGEHYG86HSYAFWE,01KFEVMN9Q125N5N16W4WNYJXF,2026-01-20T23:26:40.950333278Z,30,2026-01-20T23:26:40.950333278Z,true,2026-01-20T23:29:06.403566424Z,01KFEVMNB841AFDZFM4WSW4FTD,2026-01-20T23:26:40.950333278Z,1,2026-01-20T23:26:40.950333278Z,true,2026-01-20T23:29:02.057208157Z,result,2026-01-20T23:26:40.950333278Z,01KFEVPNGV8RZG6TW9YBSNA141,2026-01-20T23:26:40.950333278Z,true,2026-01-20T23:29:02.023341984Z,true,2026-01-20T23:29:02.082441217Z,01KFEVPNSF5P1TKPPFZYQ164QG,2026-01-20T23:26:40.950333278Z
01KFEWKBBP2F2MDEZBKDYPD0D2,01KFEV38A01XZ4DPRPFKRE96P8,2026-01-20T23:42:20.534125689Z,30,2026-01-20T23:42:20.534125689Z,false,2026-01-20T23:42:20.534125689Z,01KFEV38AGG0Y2K5R4FB90SKZX,2026-01-20T23:42:20.534125689Z,1,2026-01-20T23:42:20.534125689Z,,,result,2026-01-20T23:42:20.534125689Z,01KFEWKAQDH2M2J3X96NPT40B5,2026-01-20T23:42:20.534125689Z,false,2026-01-20T23:42:20.534125689Z,,,01KFEWKBB3Y3KK11FB7FT4H90D,2026-01-20T23:42:20.534125689Z
01KFEVEHMSCT1FSWKSCS4YTNFX,01KFEV377XDCWB0CVW0E7ES8WB,2026-01-20T23:22:14.553910239Z,30,2026-01-20T23:22:14.553910239Z,true,2026-01-20T23:24:17.085829836Z,01KFEV378H0PY96RNMJFNCN7TE,2026-01-20T23:22:14.553910239Z,1,2026-01-20T23:22:14.553910239Z,true,2026-01-20T23:24:15.711669755Z,result,2026-01-20T23:22:14.553910239Z,01KFEVEHGVFGMMBCQD0VZCXWY0,2026-01-20T23:22:14.553910239Z,true,2026-01-20T23:24:15.689703558Z,true,2026-01-20T23:24:15.728199899Z,01KFEVEHMNQ6VMJSBWCTDFH1NG,2026-01-20T23:22:14.553910239Z
01KFEWF026KFP0YGB8NFVYMTZX,01KFEVMNF44NEM58ETFST7KTWM,2026-01-20T23:39:57.8950129Z,30,2026-01-20T23:39:57.8950129Z,true,2026-01-20T23:41:03.474077638Z,01KFEVMNHFNDCGHX9QBBFN387E,2026-01-20T23:39:57.8950129Z,1,2026-01-20T23:39:57.8950129Z,true,2026-01-20T23:40:58.679828533Z,result,2026-01-20T23:39:57.8950129Z,01KFEWEZVSPMEYM5WRNH1GH02Y,2026-01-20T23:39:57.8950129Z,true,2026-01-20T23:40:58.633998681Z,true,2026-01-20T23:40:58.714120007Z,01KFEWF01W214AFQ784EF16Q7J,2026-01-20T23:39:57.8950129Z
01KFEVB9VVB763A9R8945TRE5N,01KFEV2BZFDRZBG3Y0249RG1TW,2026-01-20T23:20:28.283463665Z,90,2026-01-20T23:20:28.283463665Z,true,2026-01-20T23:20:39.73009533Z,01KFEV2C0BAXD2XBMY5020521J,2026-01-20T23:20:28.283463665Z,0,2026-01-20T23:20:28.283463665Z,true,2026-01-20T23:20:29.507221667Z,choice,2026-01-20T23:20:28.283463665Z,01KFEVB9TEW1H3D89RTJZC2XG3,2026-01-20T23:20:28.283463665Z,true,2026-01-20T23:20:29.483199574Z,true,2026-01-20T23:20:29.528488721Z,01KFEVB9VMS3D9ZVMSGEDM5N9K,2026-01-20T23:20:28.283463665Z
01KFEVH4DTBYH2K6QVD5ED63FM,01KFEV37PBC6DGWCX0HT0QWYJR,2026-01-20T23:23:39.32226786Z,30,2026-01-20T23:23:39.32226786Z,true,2026-01-20T23:25:51.478717417Z,01KFEV37PYV9HETXX2PC055NBT,2026-01-20T23:23:39.32226786Z,1,2026-01-20T23:23:39.32226786Z,true,2026-01-20T23:25:47.833749169Z,result,2026-01-20T23:23:39.32226786Z,01KFEVH48F86SXRFG4F77MN5NS,2026-01-20T23:23:39.32226786Z,true,2026-01-20T23:25:47.808740153Z,true,2026-01-20T23:25:47.856015434Z,01KFEVH4DNBA3Y3KDBQCVF4FTE,2026-01-20T23:23:39.32226786Z
01KFEW7Q6V7G8VSP18BW68W6QR,01KFEVMNF44NEM58ETFST7KTWM,2026-01-20T23:35:59.451971632Z,90,2026-01-20T23:35:59.451971632Z,false,2026-01-20T23:35:59.451971632Z,01KFEVMNH60E845G0BNN18WWCX,2026-01-20T23:35:59.451971632Z,0,2026-01-20T23:35:59.451971632Z,,,choice,2026-01-20T23:35:59.451971632Z,01KFEW7PS0MHSB7HY9XCEKW0GX,2026-01-20T23:35:59.451971632Z,false,2026-01-20T23:35:59.451971632Z,,,01KFEW7Q6PATQS2DBWGDCT0SYX,2026-01-20T23:35:59.451971632Z
01KFEW2KEE9RM22NECTKNSVYXP,01KFEV38GJVYY8P8B7QXSW6BTE,2026-01-20T23:33:11.758370367Z,90,2026-01-20T23:33:11.758370367Z,true,2026-01-20T23:35:36.262998652Z,01KFEV38H48T18ZRM15RETR33C,2026-01-20T23:33:11.758370367Z,0,2026-01-20T23:33:11.758370367Z,true,2026-01-20T23:35:34.988791079Z,choice,2026-01-20T23:33:11.758370367Z,01KFEW2K4T9ZM0JTDKSTWX94KF,2026-01-20T23:33:11.758370367Z,true,2026-01-20T23:35:34.954771196Z,true,2026-01-20T23:35:35.015905046Z,01KFEW2KE7G2YQA5YVH1B9A3AB,2026-01-20T23:33:11.758370367Z
01KFEW9NXXC93SKSCT3C1QKEY0,01KFEV384BJYC62Y0E6AQK09K8,2026-01-20T23:37:03.677194944Z,90,2026-01-20T23:37:03.677194944Z,true,2026-01-20T23:39:25.145570915Z,01KFEV384Z68A1Z7ZGWS1GDSZK,2026-01-20T23:37:03.677194944Z,0,2026-01-20T23:37:03.677194944Z,true,2026-01-20T23:39:21.568677298Z,choice,2026-01-20T23:37:03.677194944Z,01KFEW9NFWQNWAP0JCE1F1PYJG,2026-01-20T23:37:03.677194944Z,true,2026-01-20T23:39:21.524151902Z,true,2026-01-20T23:39:21.605728083Z,01KFEW9NXN477GRPY7K6F5WZR3,2026-01-20T23:37:03.677194944Z
01KFEVPNPQC29DRHJXZKHXWYV5,01KFEVMN9Q125N5N16W4WNYJXF,2026-01-20T23:26:40.855419696Z,30,2026-01-20T23:26:40.855419696Z,true,2026-01-20T23:28:37.908307065Z,01KFEVMNB841AFDZFM4WSW4FTD,2026-01-20T23:26:40.855419696Z,1,2026-01-20T23:26:40.855419696Z,true,2026-01-20T23:28:25.724436117Z,result,2026-01-20T23:26:40.855419696Z,01KFEVPNGCECZWPB3GP3PH5NGX,2026-01-20T23:26:40.855419696Z,true,2026-01-20T23:28:25.697496614Z,true,2026-01-20T23:28:25.755497303Z,01KFEVPNPFQ00MEK8W2BSTP6EN,2026-01-20T23:26:40.855419696Z
01KFEVRX3YJYRW3K7997FKV1GF,01KFEV37CWX6SQYA0RPR0C01MW,2026-01-20T23:27:53.98268366Z,30,2026-01-20T23:27:53.98268366Z,true,2026-01-20T23:30:26.152629151Z,01KFEV37DAAK9E08F076WKMM6J,2026-01-20T23:27:53.98268366Z,1,2026-01-20T23:27:53.98268366Z,true,2026-01-20T23:30:14.679890732Z,result,2026-01-20T23:27:53.98268366Z,01KFEVRWSZ55NYP8B55399K8ZW,2026-01-20T23:27:53.98268366Z,true,2026-01-20T23:30:14.648435648Z,true,2026-01-20T23:30:14.705608942Z,01KFEVRX3NHXSKQXQPHHS4VMZE,2026-01-20T23:27:53.98268366Z
01KFEVS3C33JQT66BQQVBYS814,01KFEV37PBC6DGWCX0HT0QWYJR,2026-01-20T23:28:00.387714675Z,90,2026-01-20T23:28:00.387714675Z,true,2026-01-20T23:30:21.881588075Z,01KFEV37PV76WD06T50QFKE80T,2026-01-20T23:28:00.387714675Z,0,2026-01-20T23:28:00.387714675Z,true,2026-01-20T23:30:17.488792367Z,choice,2026-01-20T23:28:00.387714675Z,01KFEVS30HWX3TCPK54FFTBPR0,2026-01-20T23:28:00.387714675Z,true,2026-01-20T23:30:17.456923917Z,true,2026-01-20T23:30:17.511722023Z,01KFEVS3BYG0D6GDYX3KMRY0P5,2026-01-20T23:28:00.387714675Z
01KFEW1AVKCCZ6P4RR394AZDRD,01KFEV384BJYC62Y0E6AQK09K8,2026-01-20T23:32:30.195405169Z,90,2026-01-20T23:32:30.195405169Z,true,2026-01-20T23:33:41.181647388Z,01KFEV385166A8JYCZ9G4DMHRQ,2026-01-20T23:32:30.195405169Z,0,2026-01-20T23:32:30.195405169Z,true,2026-01-20T23:33:38.995440456Z,choice,2026-01-20T23:32:30.195405169Z,01KFEW1AKGQ270E4D2RH495YX3,2026-01-20T23:32:30.195405169Z,true,2026-01-20T23:33:38.966549662Z,true,2026-01-20T23:33:39.027442968Z,01KFEW1AV88RHH4792SP8DEGFB,2026-01-20T23:32:30.195405169Z
01KFEVJWXV5TMTNH14QE45B846,01KFEV38A01XZ4DPRPFKRE96P8,2026-01-20T23:24:37.17993335Z,90,2026-01-20T23:24:37.17993335Z,true,2026-01-20T23:28:42.614894011Z,01KFEV38AJ2CFPYBQZ58NH0V5J,2026-01-20T23:24:37.17993335Z,0,2026-01-20T23:24:37.17993335Z,true,2026-01-20T23:28:38.2190153Z,choice,2026-01-20T23:24:37.17993335Z,01KFEVJWS2MQKSD6RZJH2QJJMQ,2026-01-20T23:24:37.17993335Z,true,2026-01-20T23:28:38.176313282Z,true,2026-01-20T23:28:38.240036168Z,01KFEVJWXQGC9R3E9TVRR827YN,2026-01-20T23:24:37.17993335Z
01KFEVRX1YWEFN69BCG4MYHJC2,01KFEV37CWX6SQYA0RPR0C01MW,2026-01-20T23:27:53.91857586Z,30,2026-01-20T23:27:53.91857586Z,true,2026-01-20T23:29:58.684875942Z,01KFEV37DAAK9E08F076WKMM6J,2026-01-20T23:27:53.91857586Z,1,2026-01-20T23:27:53.91857586Z,true,2026-01-20T23:29:51.720525847Z,result,2026-01-20T23:27:53.91857586Z,01KFEVRWSFA1JEJGM44RM12CEB,2026-01-20T23:27:53.91857586Z,true,2026-01-20T23:29:51.679332645Z,true,2026-01-20T23:29:51.741001364Z,01KFEVRX1PP2BSBJN4BKJ1G7KS,2026-01-20T23:27:53.91857586Z
01KFEV99A8X2QW6WWZ37BA6GDW,01KFEV2BZFDRZBG3Y0249RG1TW,2026-01-20T23:19:22.184232815Z,90,2026-01-20T23:19:22.184232815Z,true,2026-01-20T23:20:37.193479448Z,01KFEV2C08ND9C9BYW8N2T146P,2026-01-20T23:19:22.184232815Z,0,2026-01-20T23:19:22.184232815Z,true,2026-01-20T23:20:35.85941676Z,choice,2026-01-20T23:19:22.184232815Z,01KFEV992MES5YXGH6XNCQ5224,2026-01-20T23:19:22.184232815Z,true,2026-01-20T23:20:35.842496459Z,true,2026-01-20T23:20:35.876189711Z,01KFEV99A255CBPYKKXV70FYZH,2026-01-20T23:19:22.184232815Z
01KFEW9RXKJXCSDTNS43T7MHG2,01KFEV38A01XZ4DPRPFKRE96P8,2026-01-20T23:37:06.739904316Z,30,2026-01-20T23:37:06.739904316Z,true,2026-01-20T23:38:33.269090764Z,01KFEV38AJ2CFPYBQZ5JKK7PV4,2026-01-20T23:37:06.739904316Z,1,2026-01-20T23:37:06.739904316Z,true,2026-01-20T23:38:26.759507665Z,result,2026-01-20T23:37:06.739904316Z,01KFEW9RSFEJJVTBV3T46PNXTC,2026-01-20T23:37:06.739904316Z,true,2026-01-20T23:38:26.714314202Z,true,2026-01-20T23:38:26.793356872Z,01KFEW9RX4HW2RZXRCK50DV4Z8,2026-01-20T23:37:06.739904316Z
01KFEVNKA2JRHKCPG5CPSXMR7G,01KFEV38GJVYY8P8B7QXSW6BTE,2026-01-20T23:26:05.634614816Z,30,2026-01-20T23:26:05.634614816Z,false,2026-01-20T23:26:05.634614816Z,01KFEV38H72YHVC8PGTMFH64KV,2026-01-20T23:26:05.634614816Z,1,2026-01-20T23:26:05.634614816Z,,,result,2026-01-20T23:26:05.634614816Z,01KFEVNK2FV3E8D8AZBXVMD8K7,2026-01-20T23:26:05.634614816Z,false,2026-01-20T23:26:05.634614816Z,,,01KFEVNK9TJDHACKD0E2VVH8YS,2026-01-20T23:26:05.634614816Z
01KFEVBA2QZ1F3T2YZCHKQ1FTY,01KFEV2BZFDRZBG3Y0249RG1TW,2026-01-20T23:20:28.503313913Z,90,2026-01-20T23:20:28.503313913Z,false,2026-01-20T23:20:28.503313913Z,01KFEV2C0BAXD2XBMY5020521J,2026-01-20T23:20:28.503313913Z,0,2026-01-20T23:20:28.503313913Z,,,choice,2026-01-20T23:20:28.503313913Z,01KFEVB9TS9YDQGB97CRWNF1V9,2026-01-20T23:20:28.503313913Z,false,2026-01-20T23:20:28.503313913Z,,,01KFEVBA1WBTGWASKM68KR4JPE,2026-01-20T23:20:28.503313913Z
01KFEVFBJJEPWPVD929FQVEJ5N,01KFEV377XDCWB0CVW0E7ES8WB,2026-01-20T23:22:41.106392416Z,90,2026-01-20T23:22:41.106392416Z,true,2026-01-20T23:25:59.288359813Z,01KFEV378H0PY96RNMJTMM0E4X,2026-01-20T23:22:41.106392416Z,0,2026-01-20T23:22:41.106392416Z,true,2026-01-20T23:25:52.073949372Z,choice,2026-01-20T23:22:41.106392416Z,01KFEVFBCAGNBZPQ8S80FVD5F6,2026-01-20T23:22:41.106392416Z,true,2026-01-20T23:25:52.048037792Z,true,2026-01-20T23:25:52.091240054Z,01KFEVFBJDRHV205MMTP8BXFP0,2026-01-20T23:22:41.106392416Z
01KFEVH49XYN32K7VQYTMN9MTB,01KFEV37PBC6DGWCX0HT0QWYJR,2026-01-20T23:23:39.197051112Z,30,2026-01-20T23:23:39.197051112Z,true,2026-01-20T23:24:17.192284009Z,01KFEV37PYV9HETXX2PC055NBT,2026-01-20T23:23:39.197051112Z,1,2026-01-20T23:23:39.197051112Z,true,2026-01-20T23:24:10.954128487Z,result,2026-01-20T23:23:39.197051112Z,01KFEVH4832VJZB12Y0Z5J9ZVB,2026-01-20T23:23:39.197051112Z,true,2026-01-20T23:24:10.93662196Z,true,2026-01-20T23:24:10.968833576Z,01KFEVH49RP6X8BY87TCM2QJW4,2026-01-20T23:23:39.197051112Z
01KFEVNK5TV2PHD9870VVQAVN1,01KFEV38GJVYY8P8B7QXSW6BTE,2026-01-20T23:26:05.498987766Z,30,2026-01-20T23:26:05.498987766Z,false,2026-01-20T23:26:05.498987766Z,01KFEV38H72YHVC8PGTMFH64KV,2026-01-20T23:26:05.498987766Z,1,2026-01-20T23:26:05.498987766Z,,,result,2026-01-20T23:26:05.498987766Z,01KFEVNK1R1GQ1T73YGGC1XE7F,2026-01-20T23:26:05.498987766Z,false,2026-01-20T23:26:05.498987766Z,,,01KFEVNK5G5SVF6Y6QZS65JS5V,2026-01-20T23:26:05.498987766Z
01KFEVNKD59GMBY7ADKTZHX44E,01KFEV38GJVYY8P8B7QXSW6BTE,2026-01-20T23:26:05.733601483Z,30,2026-01-20T23:26:05.733601483Z,false,2026-01-20T23:26:05.733601483Z,01KFEV38H72YHVC8PGTMFH64KV,2026-01-20T23:26:05.733601483Z,1,2026-01-20T23:26:05.733601483Z,,,result,2026-01-20T23:26:05.733601483Z,01KFEVNK36VZ7DED6KXXTSVA2M,2026-01-20T23:26:05.733601483Z,false,2026-01-20T23:26:05.733601483Z,,,01KFEVNKD03RMN58C5XV6VZGZ9,2026-01-20T23:26:05.733601483Z
01KFEVJNVCGFBZ60JTBWPD5JCH,01KFEV377XDCWB0CVW0E7ES8WB,2026-01-20T23:24:29.932368413Z,90,2026-01-20T23:24:29.932368413Z,true,2026-01-20T23:25:26.374009919Z,01KFEV378FNG971PBW7B2SPNC6,2026-01-20T23:24:29.932368413Z,0,2026-01-20T23:24:29.932368413Z,true,2026-01-20T23:25:21.221004649Z,choice,2026-01-20T23:24:29.932368413Z,01KFEVJNQN2G8FJAT7HW3SRZEK,2026-01-20T23:24:29.932368413Z,true,2026-01-20T23:25:21.198849224Z,true,2026-01-20T23:25:21.24080034Z,01KFEVJNV76ZPFCV1MDCY98HSA,2026-01-20T23:24:29.932368413Z
01KFEW3VY3F4JZZGXBBMTCH435,01KFEVMN9Q125N5N16W4WNYJXF,2026-01-20T23:33:53.21946867Z,30,2026-01-20T23:33:53.21946867Z,true,2026-01-20T23:35:29.369056009Z,01KFEVMNBC23RB4D79KEQ4G0VS,2026-01-20T23:33:53.21946867Z,1,2026-01-20T23:33:53.21946867Z,true,2026-01-20T23:35:27.162487839Z,result,2026-01-20T23:33:53.21946867Z,01KFEW3VKNJVBQR8K5WQHKN6CC,2026-01-20T23:33:53.21946867Z,true,2026-01-20T23:35:27.123808519Z,true,2026-01-20T23:35:27.184984728Z,01KFEW3VX7YAMGVBB07TYV01E3,2026-01-20T23:33:53.21946867Z
01KFEWE93EMVRK4YQ7QADJGB94,01KFEVMN9Q125N5N16W4WNYJXF,2026-01-20T23:39:34.382367152Z,30,2026-01-20T23:39:34.382367152Z,true,2026-01-20T23:41:06.328625338Z,01KFEVMNAWK7WRWM1AMQZKX6SA,2026-01-20T23:39:34.382367152Z,1,2026-01-20T23:39:34.382367152Z,true,2026-01-20T23:41:04.811811259Z,result,2026-01-20T23:39:34.382367152Z,01KFEWE8TE0NG0P1M4CW86GTJZ,2026-01-20T23:39:34.382367152Z,true,2026-01-20T23:41:04.758600584Z,true,2026-01-20T23:41:04.845180008Z,01KFEWE933NKVRRC1ZGX089EW2,2026-01-20T23:39:34.382367152Z
01KFEWGNFHR6XAK0QCBAJEFVKH,01KFEVMNNQTH6Q6DMJG65NFGVF,2026-01-20T23:40:52.593189972Z,90,2026-01-20T23:40:52.593189972Z,false,2026-01-20T23:40:52.593189972Z,01KFEVMNQ7WSYMPADRKJJ7K0T0,2026-01-20T23:40:52.593189972Z,0,2026-01-20T23:40:52.593189972Z,,,choice,2026-01-20T23:40:52.593189972Z,01KFEWGN7Z4AKJE1VX6N5PMD0V,2026-01-20T23:40:52.593189972Z,false,2026-01-20T23:40:52.593189972Z,,,01KFEWGNFAVZ0J8HE3ZKHD1A3N,2026-01-20T23:40:52.593189972Z
01KFEVS3AB86W4YZKETTKYXAQR,01KFEV37PBC6DGWCX0HT0QWYJR,2026-01-20T23:28:00.331752772Z,30,2026-01-20T23:28:00.331752772Z,true,2026-01-20T23:29:54.637961071Z,01KFEV37PV76WD06T50QFKE80T,2026-01-20T23:28:00.331752772Z,1,2026-01-20T23:28:00.331752772Z,true,2026-01-20T23:29:51.611634099Z,result,2026-01-20T23:28:00.331752772Z,01KFEVS30DXP4PRYMZCEXQDZ77,2026-01-20T23:28:00.331752772Z,true,2026-01-20T23:29:51.5541649Z,true,2026-01-20T23:29:51.632329882Z,01KFEVS3A26NRHQE7XDFE1GWP4,2026-01-20T23:28:00.331752772Z
01KFEW1B2VEY429E2QTC7154TQ,01KFEV384BJYC62Y0E6AQK09K8,2026-01-20T23:32:30.427279863Z,90,2026-01-20T23:32:30.427279863Z,true,2026-01-20T23:34:12.907701789Z,01KFEV385166A8JYCZ9G4DMHRQ,2026-01-20T23:32:30.427279863Z,0,2026-01-20T23:32:30.427279863Z,true,2026-01-20T23:34:11.867620278Z,choice,2026-01-20T23:32:30.427279863Z,01KFEW1AHWQARTJECMFRG6TRPK,2026-01-20T23:32:30.427279863Z,true,2026-01-20T23:34:11.828400007Z,true,2026-01-20T23:34:11.898457437Z,01KFEW1B2MMF170CZHAEQECH5J,2026-01-20T23:32:30.427279863Z
01KFEWF03MX313N8CAA7A6VBXG,01KFEVMNF44NEM58ETFST7KTWM,2026-01-20T23:39:57.940215593Z,30,2026-01-20T23:39:57.940215593Z,true,2026-01-20T23:41:12.66293872Z,01KFEVMNHFNDCGHX9QBBFN387E,2026-01-20T23:39:57.940215593Z,1,2026-01-20T23:39:57.940215593Z,true,2026-01-20T23:41:09.210491337Z,result,2026-01-20T23:39:57.940215593Z,01KFEWEZW39PKTAP5FDZHRCHWA,2026-01-20T23:39:57.940215593Z,true,2026-01-20T23:41:09.158693638Z,true,2026-01-20T23:41:09.246926939Z,01KFEWF0388NDSJTWTGXBS689M,2026-01-20T23:39:57.940215593Z
01KFEVJERTCRCPHGQVTV124RGP,01KFEV37CWX6SQYA0RPR0C01MW,2026-01-20T23:24:22.682796058Z,90,2026-01-20T23:24:22.682796058Z,true,2026-01-20T23:27:58.929837873Z,01KFEV37DE991T271V0NJ5BY6K,2026-01-20T23:24:22.682796058Z,0,2026-01-20T23:24:22.682796058Z,true,2026-01-20T23:27:49.726828327Z,choice,2026-01-20T23:24:22.682796058Z,01KFEVJEKGMYFZA2VJEASABFYY,2026-01-20T23:24:22.682796058Z,true,2026-01-20T23:27:49.700844289Z,true,2026-01-20T23:27:49.745887659Z,01KFEVJERMM197SVJFZ7BAPG9P,2026-01-20T23:24:22.682796058Z
01KFEVPNQCC3W97C9MJPF5HC88,01KFEVMN9Q125N5N16W4WNYJXF,2026-01-20T23:26:40.876758496Z,90,2026-01-20T23:26:40.876758496Z,true,2026-01-20T23:28:41.778737999Z,01KFEVMNB841AFDZFM4WSW4FTD,2026-01-20T23:26:40.876758496Z,0,2026-01-20T23:26:40.876758496Z,true,2026-01-20T23:28:38.029401713Z,choice,2026-01-20T23:26:40.876758496Z,01KFEVPNGFQYEVQ3XPBR3QGGJZ,2026-01-20T23:26:40.876758496Z,true,2026-01-20T23:28:38.00271454Z,true,2026-01-20T23:28:38.054386473Z,01KFEVPNQ7EKD6JTWJS8ETYA7E,2026-01-20T23:26:40.876758496Z
01KFEW2A5ZXCV7JHRXS72X7CAR,01KFEV38A01XZ4DPRPFKRE96P8,2026-01-20T23:33:02.271496207Z,90,2026-01-20T23:33:02.271496207Z,true,2026-01-20T23:35:07.640728594Z,01KFEV38AHTHHCNTDGHAJN0GXG,2026-01-20T23:33:02.271496207Z,0,2026-01-20T23:33:02.271496207Z,true,2026-01-20T23:35:02.613814033Z,choice,2026-01-20T23:33:02.271496207Z,01KFEW29Y7967CG3CKQRR67MXP,2026-01-20T23:33:02.271496207Z,true,2026-01-20T23:35:02.581632809Z,true,2026-01-20T23:35:02.640015073Z,01KFEW2A5QRQ64DXN0FHYWD1TF,2026-01-20T23:33:02.271496207Z
01KFEW2KC8DCN4MT7Y7143DMB5,01KFEV38GJVYY8P8B7QXSW6BTE,2026-01-20T23:33:11.688702099Z,90,2026-01-20T23:33:11.688702099Z,true,2026-01-20T23:34:56.946929793Z,01KFEV38H48T18ZRM15RETR33C,2026-01-20T23:33:11.688702099Z,0,2026-01-20T23:33:11.688702099Z,true,2026-01-20T23:34:38.685190702Z,choice,2026-01-20T23:33:11.688702099Z,01KFEW2K56P3AGBJZAEKF6M147,2026-01-20T23:33:11.688702099Z,true,2026-01-20T23:34:38.604093329Z,true,2026-01-20T23:34:38.716723362Z,01KFEW2KC2ZB7P8QQ7KVNW3DK7,2026-01-20T23:33:11.688702099Z
01KFEV99B639A31BWYGE6EE5BM,01KFEV2BZFDRZBG3Y0249RG1TW,2026-01-20T23:19:22.214108524Z,30,2026-01-20T23:19:22.214108524Z,true,2026-01-20T23:20:52.068749745Z,01KFEV2C08ND9C9BYW8N2T146P,2026-01-20T23:19:22.214108524Z,1,2026-01-20T23:19:22.214108524Z,true,2026-01-20T23:20:43.171704909Z,result,2026-01-20T23:19:22.214108524Z,01KFEV992NF1BFY2J08HK8D9F8,2026-01-20T23:19:22.214108524Z,true,2026-01-20T23:20:43.152613744Z,true,2026-01-20T23:20:43.184239969Z,01KFEV99B2M2MPESGVQ407QQFY,2026-01-20T23:19:22.214108524Z
01KFEW9NKS6PCCN222Z038QNEX,01KFEV384BJYC62Y0E6AQK09K8,2026-01-20T23:37:03.353372422Z,90,2026-01-20T23:37:03.353372422Z,true,2026-01-20T23:37:52.825412663Z,01KFEV384Z68A1Z7ZGWS1GDSZK,2026-01-20T23:37:03.353372422Z,0,2026-01-20T23:37:03.353372422Z,true,2026-01-20T23:37:44.699300071Z,choice,2026-01-20T23:37:03.353372422Z,01KFEW9NENJKDJEWHE1997FMH2,2026-01-20T23:37:03.353372422Z,true,2026-01-20T23:37:44.656527518Z,true,2026-01-20T23:37:44.734845009Z,01KFEW9NKH858RDEKBXDJCQTHW,2026-01-20T23:37:03.353372422Z
01KFEWF0BE8A5W1ZHB63F8F837,01KFEVMNF44NEM58ETFST7KTWM,2026-01-20T23:39:58.19031927Z,30,2026-01-20T23:39:58.19031927Z,true,2026-01-20T23:41:58.479814304Z,01KFEVMNHFNDCGHX9QBBFN387E,2026-01-20T23:39:58.19031927Z,1,2026-01-20T23:39:58.19031927Z,true,2026-01-20T23:41:55.352894814Z,result,2026-01-20T23:39:58.19031927Z,01KFEWEZXAJSB92MSCQSD9TW2R,2026-01-20T23:39:58.19031927Z,true,2026-01-20T23:41:55.29899109Z,true,2026-01-20T23:41:55.385763922Z,01KFEWF0B0HE22GWMRAVKEZGDM,2026-01-20T23:39:58.19031927Z
01KFEVGBGEH3AD8NPA8T5EHBQ1,01KFEV37CWX6SQYA0RPR0C01MW,2026-01-20T23:23:13.806158511Z,90,2026-01-20T23:23:13.806158511Z,true,2026-01-20T23:24:45.932884907Z,01KFEV37DE991T271V0BRDHRJW,2026-01-20T23:23:13.806158511Z,0,2026-01-20T23:23:13.806158511Z,true,2026-01-20T23:24:42.476925523Z,choice,2026-01-20T23:23:13.806158511Z,01KFEVGBCR1VRA302JV9XDWJYD,2026-01-20T23:23:13.806158511Z,true,2026-01-20T23:24:42.460641108Z,true,2026-01-20T23:24:42.491787166Z,01KFEVGBG9QQBBJ4EZF08PR3R8,2026-01-20T23:23:13.806158511Z
01KFEVJP0CC5GDASGWGTPZZW1R,01KFEV377XDCWB0CVW0E7ES8WB,2026-01-20T23:24:30.092889422Z,90,2026-01-20T23:24:30.092889422Z,true,2026-01-20T23:26:18.710795336Z,01KFEV378FNG971PBW7B2SPNC6,2026-01-20T23:24:30.092889422Z,0,2026-01-20T23:24:30.092889422Z,true,2026-01-20T23:26:16.347175188Z,choice,2026-01-20T23:24:30.092889422Z,01KFEVJNR9280S2KWAWZH5CR01,2026-01-20T23:24:30.092889422Z,true,2026-01-20T23:26:16.321212981Z,true,2026-01-20T23:26:16.370208546Z,01KFEVJP08534TQ5BHTXY7HSXC,2026-01-20T23:24:30.092889422Z
01KFEVPNPH96H4K7P7B26CHHMD,01KFEVMN9Q125N5N16W4WNYJXF,2026-01-20T23:26:40.849859098Z,90,2026-01-20T23:26:40.849859098Z,true,2026-01-20T23:28:25.671226929Z,01KFEVMNB841AFDZFM4WSW4FTD,2026-01-20T23:26:40.849859098Z,0,2026-01-20T23:26:40.849859098Z,true,2026-01-20T23:28:21.749920559Z,choice,2026-01-20T23:26:40.849859098Z,01KFEVPNGCECZWPB3GP3PH5NGX,2026-01-20T23:26:40.849859098Z,true,2026-01-20T23:28:21.72161428Z,true,2026-01-20T23:28:21.772780641Z,01KFEVPNPCX4BDAYMCSRSMVZ74,2026-01-20T23:26:40.849859098Z
01KFEWGNJRWYYXD0RP6XP38DRY,01KFEVMNNQTH6Q6DMJG65NFGVF,2026-01-20T23:40:52.69630505Z,90,2026-01-20T23:40:52.69630505Z,false,2026-01-20T23:40:52.69630505Z,01KFEVMNQ7WSYMPADRKJJ7K0T0,2026-01-20T23:40:52.69630505Z,0,2026-01-20T23:40:52.69630505Z,,,choice,2026-01-20T23:40:52.69630505Z,01KFEWGNB9VPQD4J2C0Y856GVS,2026-01-20T23:40:52.69630505Z,false,2026-01-20T23:40:52.69630505Z,,,01KFEWGNJFJ25WWBGZATPSRCAR,2026-01-20T23:40:52.69630505Z
01KFEVH4CZ58SHPTXV343GWH7Q,01KFEV37PBC6DGWCX0HT0QWYJR,2026-01-20T23:23:39.295780068Z,30,2026-01-20T23:23:39.295780068Z,true,2026-01-20T23:25:44.286733067Z,01KFEV37PYV9HETXX2PC055NBT,2026-01-20T23:23:39.295780068Z,1,2026-01-20T23:23:39.295780068Z,true,2026-01-20T23:25:40.631279963Z,result,2026-01-20T23:23:39.295780068Z,01KFEVH488H19CAYEAMXF8JTYZ,2026-01-20T23:23:39.295780068Z,true,2026-01-20T23:25:40.604903292Z,true,2026-01-20T23:25:40.647661363Z,01KFEVH4CT4R6FTYYWTKH9SP82,2026-01-20T23:23:39.295780068Z
01KFEW2KBCMVZG4RQJJWB3W4EE,01KFEV38GJVYY8P8B7QXSW6BTE,2026-01-20T23:33:11.660617521Z,30,2026-01-20T23:33:11.660617521Z,true,2026-01-20T23:34:38.420580948Z,01KFEV38H48T18ZRM15RETR33C,2026-01-20T23:33:11.660617521Z,1,2026-01-20T23:33:11.660617521Z,true,2026-01-20T23:34:35.794658583Z,result,2026-01-20T23:33:11.660617521Z,01KFEW2K4KGKP2JV842BC1YZ2S,2026-01-20T23:33:11.660617521Z,true,2026-01-20T23:34:35.760776021Z,true,2026-01-20T23:34:35.828742111Z,01KFEW2KB4NV2ZWYE2WCH732P7,2026-01-20T23:33:11.660617521Z
01KFEWE9F585JDVY0TN3VGX781,01KFEVMN9Q125N5N16W4WNYJXF,2026-01-20T23:39:34.757717885Z,30,2026-01-20T23:39:34.757717885Z,true,2026-01-20T23:41:49.099456922Z,01KFEVMNAWK7WRWM1AMQZKX6SA,2026-01-20T23:39:34.757717885Z,1,2026-01-20T23:39:34.757717885Z,true,2026-01-20T23:41:48.170218029Z,result,2026-01-20T23:39:34.757717885Z,01KFEWE8WVX74TZ8PTSRYVZGQG,2026-01-20T23:39:34.757717885Z,true,2026-01-20T23:41:48.120709293Z,true,2026-01-20T23:41:48.209755189Z,01KFEWE9ER6B2FFSFWGY9CSVQQ,2026-01-20T23:39:34.757717885Z
01KFEVB8NBEMJ8R5FYH98J8G8E,01KFEV2BZFDRZBG3Y0249RG1TW,2026-01-20T23:20:27.05108172Z,30,2026-01-20T23:20:27.05108172Z,true,2026-01-20T23:23:01.702005818Z,01KFEV2C0CP35QE41ZMH45J8TZ,2026-01-20T23:20:27.05108172Z,1,2026-01-20T23:20:27.05108172Z,true,2026-01-20T23:22:58.820222292Z,result,2026-01-20T23:20:27.05108172Z,01KFEVB8G5PCQ91G35P9E460CY,2026-01-20T23:20:27.05108172Z,true,2026-01-20T23:22:58.797540599Z,true,2026-01-20T23:22:58.836558178Z,01KFEVB8N6DC1EHGV5TMYDZ88K,2026-01-20T23:20:27.05108172Z
01KFEWE9203KDPK5ZC2R3R8KME,01KFEVMN9Q125N5N16W4WNYJXF,2026-01-20T23:39:34.336684794Z,30,2026-01-20T23:39:34.336684794Z,true,2026-01-20T23:41:02.968573211Z,01KFEVMNAWK7WRWM1AMQZKX6SA,2026-01-20T23:39:34.336684794Z,1,2026-01-20T23:39:34.336684794Z,true,2026-01-20T23:40:57.953301582Z,result,2026-01-20T23:39:34.336684794Z,01KFEWE8SPXSSWENNJV0BH3H3G,2026-01-20T23:39:34.336684794Z,true,2026-01-20T23:40:57.909610461Z,true,2026-01-20T23:40:57.985469824Z,01KFEWE91G0BKRXSW11SH5RPE7,2026-01-20T23:39:34.336684794Z
01KFEVJETPZP8FX60EPYF2H161,01KFEV37CWX6SQYA0RPR0C01MW,2026-01-20T23:24:22.742973887Z,30,2026-01-20T23:24:22.742973887Z,true,2026-01-20T23:28:45.796901787Z,01KFEV37DE991T271V0NJ5BY6K,2026-01-20T23:24:22.742973887Z,1,2026-01-20T23:24:22.742973887Z,true,2026-01-20T23:28:42.073419781Z,result,2026-01-20T23:24:22.742973887Z,01KFEVJEJTMNMZTCNAQZWM5VSK,2026-01-20T23:24:22.742973887Z,true,2026-01-20T23:28:42.044796316Z,true,2026-01-20T23:28:42.096123697Z,01KFEVJETH07KZHX284FDYRHFD,2026-01-20T23:24:22.742973887Z
01KFEVS3E5QP3NN96WTG8EAY2E,01KFEV37PBC6DGWCX0HT0QWYJR,2026-01-20T23:28:00.454037427Z,90,2026-01-20T23:28:00.454037427Z,false,2026-01-20T23:28:00.454037427Z,01KFEV37PV76WD06T50QFKE80T,2026-01-20T23:28:00.454037427Z,0,2026-01-20T23:28:00.454037427Z,,,choice,2026-01-20T23:28:00.454037427Z,01KFEVS30W17VAYB1MRA8GG6XK,2026-01-20T23:28:00.454037427Z,false,2026-01-20T23:28:00.454037427Z,,,01KFEVS3DYDGJ0A5TXCFEPD8YJ,2026-01-20T23:28:00.454037427Z
01KFEW0GNGBY20V8EGCCNSPPJ5,01KFEV37PBC6DGWCX0HT0QWYJR,2026-01-20T23:32:03.376345666Z,90,2026-01-20T23:32:03.376345666Z,true,2026-01-20T23:34:03.588965358Z,01KFEV37Q0WSYAYKWHM2EXN0DN,2026-01-20T23:32:03.376345666Z,0,2026-01-20T23:32:03.376345666Z,true,2026-01-20T23:33:58.756650115Z,choice,2026-01-20T23:32:03.376345666Z,01KFEW0GBS72KYHGYA38PRV8M7,2026-01-20T23:32:03.376345666Z,true,2026-01-20T23:33:58.721491725Z,true,2026-01-20T23:33:58.783867999Z,01KFEW0GN9W0QBBCTBH6MYGJDF,2026-01-20T23:32:03.376345666Z
01KFEW7PWP2N5S9R6F4PZPGT4S,01KFEVMNF44NEM58ETFST7KTWM,2026-01-20T23:35:59.126976741Z,90,2026-01-20T23:35:59.126976741Z,false,2026-01-20T23:35:59.126976741Z,01KFEVMNH60E845G0BNN18WWCX,2026-01-20T23:35:59.126976741Z,0,2026-01-20T23:35:59.126976741Z,,,choice,2026-01-20T23:35:59.126976741Z,01KFEW7PPGS2EKQKQ7WJGEP6XH,2026-01-20T23:35:59.126976741Z,false,2026-01-20T23:35:59.126976741Z,,,01KFEW7PWEX2CRRA9AC40KHEWC,2026-01-20T23:35:59.126976741Z
01KFEWVMT9H0T9XR5DTVVNRN37,01KFEV38GJVYY8P8B7QXSW6BTE,2026-01-20T23:46:52.361074962Z,30,2026-01-20T23:46:52.361074962Z,true,2026-01-20T23:48:29.31219193Z,01KFEV38H0S2Y42XZDBCZ2KPGY,2026-01-20T23:46:52.361074962Z,1,2026-01-20T23:46:52.361074962Z,true,2026-01-20T23:48:20.144389851Z,result,2026-01-20T23:46:52.361074962Z,01KFEWVM8TZBQMYHEAZT7F552E,2026-01-20T23:46:52.361074962Z,true,2026-01-20T23:48:20.096840707Z,true,2026-01-20T23:48:20.191308447Z,01KFEWVMSP286QKDH5XWEECKC5,2026-01-20T23:46:52.361074962Z
01KFEV99B5MNF28TGCZTKX1XSG,01KFEV2BZFDRZBG3Y0249RG1TW,2026-01-20T23:19:22.213365345Z,90,2026-01-20T23:19:22.213365345Z,true,2026-01-20T23:20:43.136762073Z,01KFEV2C08ND9C9BYW8N2T146P,2026-01-20T23:19:22.213365345Z,0,2026-01-20T23:19:22.213365345Z,true,2026-01-20T23:20:41.875599653Z,choice,2026-01-20T23:19:22.213365345Z,01KFEV992NF1BFY2J08HK8D9F8,2026-01-20T23:19:22.213365345Z,true,2026-01-20T23:20:41.859750647Z,true,2026-01-20T23:20:41.888153722Z,01KFEV99AZTA6695S3MXNHRT4P,2026-01-20T23:19:22.213365345Z
01KFEVB8KF4KEJS9Y7S0MBCPY6,01KFEV2BZFDRZBG3Y0249RG1TW,2026-01-20T23:20:26.991051865Z,90,2026-01-20T23:20:26.991051865Z,true,2026-01-20T23:22:19.453675186Z,01KFEV2C0CP35QE41ZMH45J8TZ,2026-01-20T23:20:26.991051865Z,0,2026-01-20T23:20:26.991051865Z,true,2026-01-20T23:22:08.122984292Z,choice,2026-01-20T23:20:26.991051865Z,01KFEVB8FXXCDX812QY32514FB,2026-01-20T23:20:26.991051865Z,true,2026-01-20T23:22:08.102602682Z,true,2026-01-20T23:22:08.142058891Z,01KFEVB8K9D7K2MC8VZM526ZJ1,2026-01-20T23:20:26.991051865Z
01KFEVGBEDZQNXR9X6ZZH4AJED,01KFEV37CWX6SQYA0RPR0C01MW,2026-01-20T23:23:13.742357296Z,30,2026-01-20T23:23:13.742357296Z,true,2026-01-20T23:24:23.902421584Z,01KFEV37DE991T271V0BRDHRJW,2026-01-20T23:23:13.742357296Z,1,2026-01-20T23:23:13.742357296Z,true,2026-01-20T23:24:15.916383025Z,result,2026-01-20T23:23:13.742357296Z,01KFEVGBCA555S4K04AG8F2T5D,2026-01-20T23:23:13.742357296Z,true,2026-01-20T23:24:15.896434943Z,true,2026-01-20T23:24:15.934334402Z,01KFEVGBE9RY15KJV4RSD53XPS,2026-01-20T23:23:13.742357296Z
01KFEVJX1E1ZFZ28SB2Y4KEB1Z,01KFEV38A01XZ4DPRPFKRE96P8,2026-01-20T23:24:37.294386547Z,90,2026-01-20T23:24:37.294386547Z,true,2026-01-20T23:29:46.404515227Z,01KFEV38AJ2CFPYBQZ58NH0V5J,2026-01-20T23:24:37.294386547Z,0,2026-01-20T23:24:37.294386547Z,true,2026-01-20T23:29:42.435392942Z,choice,2026-01-20T23:24:37.294386547Z,01KFEVJWSE5ANWJ9JRWVS6CTSK,2026-01-20T23:24:37.294386547Z,true,2026-01-20T23:29:42.341830873Z,true,2026-01-20T23:29:42.486174646Z,01KFEVJX18D02VMNZS1TX2GJ49,2026-01-20T23:24:37.294386547Z
01KFEW2AB6TWR5RZ9YZX1WQ10Y,01KFEV38A01XZ4DPRPFKRE96P8,2026-01-20T23:33:02.438405899Z,30,2026-01-20T23:33:02.438405899Z,true,2026-01-20T23:35:44.31604416Z,01KFEV38AHTHHCNTDGHAJN0GXG,2026-01-20T23:33:02.438405899Z,1,2026-01-20T23:33:02.438405899Z,true,2026-01-20T23:35:41.880055085Z,result,2026-01-20T23:33:02.438405899Z,01KFEW29YWMS8SG0HY124EQM4K,2026-01-20T23:33:02.438405899Z,true,2026-01-20T23:35:41.842852038Z,true,2026-01-20T23:35:41.909221373Z,01KFEW2AABRB887AS7SPZGFHP7,2026-01-20T23:33:02.438405899Z
01KFEW7Q2ABNTWAHE7BAJ1FW27,01KFEVMNF44NEM58ETFST7KTWM,2026-01-20T23:35:59.306564751Z,30,2026-01-20T23:35:59.306564751Z,false,2026-01-20T23:35:59.306564751Z,01KFEVMNH60E845G0BNN18WWCX,2026-01-20T23:35:59.306564751Z,1,2026-01-20T23:35:59.306564751Z,,,result,2026-01-20T23:35:59.306564751Z,01KFEW7PQX87MN5M3KEEAYPZ01,2026-01-20T23:35:59.306564751Z,false,2026-01-20T23:35:59.306564751Z,,,01KFEW7Q1XYDNYS40Y9AM1E75B,2026-01-20T23:35:59.306564751Z
01KFEVNK6PNW331YBKK235S5GV,01KFEV38GJVYY8P8B7QXSW6BTE,2026-01-20T23:26:05.526683969Z,90,2026-01-20T23:26:05.526683969Z,false,2026-01-20T23:26:05.526683969Z,01KFEV38H72YHVC8PGTMFH64KV,2026-01-20T23:26:05.526683969Z,0,2026-01-20T23:26:05.526683969Z,,,choice,2026-01-20T23:26:05.526683969Z,01KFEVNK1ZJZ5E2EJYET3G4FPY,2026-01-20T23:26:05.526683969Z,false,2026-01-20T23:26:05.526683969Z,,,01KFEVNK6FWQ5RCRQDWWGQH546,2026-01-20T23:26:05.526683969Z
01KFEVB8RN38R1JX4F44CDG6E2,01KFEV2BZFDRZBG3Y0249RG1TW,2026-01-20T23:20:27.157516248Z,90,2026-01-20T23:20:27.157516248Z,true,2026-01-20T23:23:34.751846076Z,01KFEV2C0CP35QE41ZMH45J8TZ,2026-01-20T23:20:27.157516248Z,0,2026-01-20T23:20:27.157516248Z,true,2026-01-20T23:23:32.882266409Z,choice,2026-01-20T23:20:27.157516248Z,01KFEVB8G9DDYT4Z9WGS4751MR,2026-01-20T23:20:27.157516248Z,true,2026-01-20T23:23:32.862424413Z,true,2026-01-20T23:23:32.894549954Z,01KFEVB8RG4BQYX52BGCCZG85B,2026-01-20T23:20:27.157516248Z
01KFEVCJMA1HAZBYQCHYVVA78F,01KFEV2BZFDRZBG3Y0249RG1TW,2026-01-20T23:21:10.026972803Z,90,2026-01-20T23:21:10.026972803Z,true,2026-01-20T23:21:53.797271769Z,01KFEV2C0EQZAQP8AFWFARX9S3,2026-01-20T23:21:10.026972803Z,0,2026-01-20T23:21:10.026972803Z,true,2026-01-20T23:21:48.502474627Z,choice,2026-01-20T23:21:10.026972803Z,01KFEVCJJSB7MDB0BVYJ0B76P2,2026-01-20T23:21:10.026972803Z,true,2026-01-20T23:21:48.482364435Z,true,2026-01-20T23:21:48.517681282Z,01KFEVCJM4HSV2YGJ3ZV3TZZAT,2026-01-20T23:21:10.026972803Z
01KFEW9NJAZZGBFJ2DQCE3WB7A,01KFEV384BJYC62Y0E6AQK09K8,2026-01-20T23:37:03.306895487Z,90,2026-01-20T23:37:03.306895487Z,true,2026-01-20T23:37:14.401376526Z,01KFEV384Z68A1Z7ZGWS1GDSZK,2026-01-20T23:37:03.306895487Z,0,2026-01-20T23:37:03.306895487Z,true,2026-01-20T23:37:06.373953762Z,choice,2026-01-20T23:37:03.306895487Z,01KFEW9NDGS5E8KE4PQ1ESDNYF,2026-01-20T23:37:03.306895487Z,true,2026-01-20T23:37:06.265709878Z,true,2026-01-20T23:37:06.404827287Z,01KFEW9NJ2AG5REF2J3BPWJQXM,2026-01-20T23:37:03.306895487Z
01KFEVGBNAJP4247DGJT8JS0HC,01KFEV37CWX6SQYA0RPR0C01MW,2026-01-20T23:23:13.962087306Z,90,2026-01-20T23:23:13.962087306Z,true,2026-01-20T23:26:18.192605021Z,01KFEV37DE991T271V0BRDHRJW,2026-01-20T23:23:13.962087306Z,0,2026-01-20T23:23:13.962087306Z,true,2026-01-20T23:26:15.067168887Z,choice,2026-01-20T23:23:13.962087306Z,01KFEVGBDGJG5AGHRSTRJ3T74K,2026-01-20T23:23:13.962087306Z,true,2026-01-20T23:26:15.03536344Z,true,2026-01-20T23:26:15.087287589Z,01KFEVGBN0HQ3X7A9QEE6RJ45J,2026-01-20T23:23:13.962087306Z
01KFEW0GT6TYPFFFQW3QQSJAK0,01KFEV37PBC6DGWCX0HT0QWYJR,2026-01-20T23:32:03.526224323Z,30,2026-01-20T23:32:03.526224323Z,true,2026-01-20T23:34:37.885051716Z,01KFEV37Q0WSYAYKWHM2EXN0DN,2026-01-20T23:32:03.526224323Z,1,2026-01-20T23:32:03.526224323Z,true,2026-01-20T23:34:27.539134304Z,result,2026-01-20T23:32:03.526224323Z,01KFEW0GAPYHHVEVF9RP1ERMKP,2026-01-20T23:32:03.526224323Z,true,2026-01-20T23:34:27.50047556Z,true,2026-01-20T23:34:27.567977466Z,01KFEW0GSXTYSBBTGPN08WG3TW,2026-01-20T23:32:03.526224323Z
01KFEVFBHYVF1KDWZVYA4SH8EE,01KFEV377XDCWB0CVW0E7ES8WB,2026-01-20T23:22:41.086522743Z,90,2026-01-20T23:22:41.086522743Z,true,2026-01-20T23:25:21.893010508Z,01KFEV378H0PY96RNMJTMM0E4X,2026-01-20T23:22:41.086522743Z,0,2026-01-20T23:22:41.086522743Z,true,2026-01-20T23:25:15.90598426Z,choice,2026-01-20T23:22:41.086522743Z,01KFEVFBC54D00BJN5ANQ39TQ9,2026-01-20T23:22:41.086522743Z,true,2026-01-20T23:25:15.879417941Z,true,2026-01-20T23:25:15.918157601Z,01KFEVFBHTY7W766FAGAT1GBEQ,2026-01-20T23:22:41.086522743Z
01KFEVJP142RKY207MYHHXNPMH,01KFEV377XDCWB0CVW0E7ES8WB,2026-01-20T23:24:30.116571335Z,90,2026-01-20T23:24:30.116571335Z,true,2026-01-20T23:26:24.391074499Z,01KFEV378FNG971PBW7B2SPNC6,2026-01-20T23:24:30.116571335Z,0,2026-01-20T23:24:30.116571335Z,true,2026-01-20T23:26:22.060694056Z,choice,2026-01-20T23:24:30.116571335Z,01KFEVJNR6S4SX7KGTNEJ547G6,2026-01-20T23:24:30.116571335Z,true,2026-01-20T23:26:22.028772967Z,true,2026-01-20T23:26:22.086541883Z,01KFEVJP0ZF7MZZCD5X7EKNK0K,2026-01-20T23:24:30.116571335Z
01KFEW0GQ1XJY9RX9GMGJQ9CPH,01KFEV37PBC6DGWCX0HT0QWYJR,2026-01-20T23:32:03.425296329Z,30,2026-01-20T23:32:03.425296329Z,true,2026-01-20T23:34:17.484831724Z,01KFEV37Q0WSYAYKWHM2EXN0DN,2026-01-20T23:32:03.425296329Z,1,2026-01-20T23:32:03.425296329Z,true,2026-01-20T23:34:15.919096433Z,result,2026-01-20T23:32:03.425296329Z,01KFEW0GAZ5DP9RP3YRAEEZFCY,2026-01-20T23:32:03.425296329Z,true,2026-01-20T23:34:15.876869677Z,true,2026-01-20T23:34:15.941550117Z,01KFEW0GPMHKAS5BPWGQRM80JC,2026-01-20T23:32:03.425296329Z
01KFEVHATNNK0EA5FJKE6J9S8K,01KFEV384BJYC62Y0E6AQK09K8,2026-01-20T23:23:45.877907101Z,30,2026-01-20T23:23:45.877907101Z,true,2026-01-20T23:25:09.174019789Z,01KFEV384Y33BFECW27AH8GSGD,2026-01-20T23:23:45.877907101Z,1,2026-01-20T23:23:45.877907101Z,true,2026-01-20T23:25:05.678257486Z,result,2026-01-20T23:23:45.877907101Z,01KFEVHAPDQ8SED7WGPAM28VFT,2026-01-20T23:23:45.877907101Z,true,2026-01-20T23:25:05.653249936Z,true,2026-01-20T23:25:05.692755189Z,01KFEVHATGDF5340K03HS0PFJQ,2026-01-20T23:23:45.877907101Z
01KFEVGBDZTBANPSARA306DZ07,01KFEV37CWX6SQYA0RPR0C01MW,2026-01-20T23:23:13.727275313Z,30,2026-01-20T23:23:13.727275313Z,true,2026-01-20T23:23:38.965405512Z,01KFEV37DE991T271V0BRDHRJW,2026-01-20T23:23:13.727275313Z,1,2026-01-20T23:23:13.727275313Z,true,2026-01-20T23:23:24.810735319Z,result,2026-01-20T23:23:13.727275313Z,01KFEVGBD2NH617BTMHE3APVY0,2026-01-20T23:23:13.727275313Z,true,2026-01-20T23:23:24.789655656Z,true,2026-01-20T23:23:24.824909081Z,01KFEVGBDTKQ7D4YYBCGJ1B0EN,2026-01-20T23:23:13.727275313Z
01KFEW9P56XG21Q3F1KRFGV3TF,01KFEV384BJYC62Y0E6AQK09K8,2026-01-20T23:37:03.910785899Z,90,2026-01-20T23:37:03.910785899Z,false,2026-01-20T23:37:03.910785899Z,01KFEV384Z68A1Z7ZGWS1GDSZK,2026-01-20T23:37:03.910785899Z,0,2026-01-20T23:37:03.910785899Z,,,choice,2026-01-20T23:37:03.910785899Z,01KFEW9NH9MA47TV6CW0R83E8A,2026-01-20T23:37:03.910785899Z,false,2026-01-20T23:37:03.910785899Z,,,01KFEW9P4XY1RAHNEGTG6AHDAW,2026-01-20T23:37:03.910785899Z
01KFEVJX24VN11DBQBK7G790RX,01KFEV38A01XZ4DPRPFKRE96P8,2026-01-20T23:24:37.316437196Z,30,2026-01-20T23:24:37.316437196Z,true,2026-01-20T23:30:23.26949546Z,01KFEV38AJ2CFPYBQZ58NH0V5J,2026-01-20T23:24:37.316437196Z,1,2026-01-20T23:24:37.316437196Z,true,2026-01-20T23:29:53.194341336Z,result,2026-01-20T23:24:37.316437196Z,01KFEVJWSHXHZWD0VRVR4R2P45,2026-01-20T23:24:37.316437196Z,true,2026-01-20T23:29:53.136897317Z,true,2026-01-20T23:29:53.25630604Z,01KFEVJX1YK7RMSKNHB2K32AYZ,2026-01-20T23:24:37.316437196Z
01KFEVRX72X0KXNF2Q1SX8QNGB,01KFEV37CWX6SQYA0RPR0C01MW,2026-01-20T23:27:54.082877072Z,30,2026-01-20T23:27:54.082877072Z,true,2026-01-20T23:31:03.181770844Z,01KFEV37DAAK9E08F076WKMM6J,2026-01-20T23:27:54.082877072Z,1,2026-01-20T23:27:54.082877072Z,true,2026-01-20T23:30:55.938767224Z,result,2026-01-20T23:27:54.082877072Z,01KFEVRWTFS6WZR3RJEQCQ8B5K,2026-01-20T23:27:54.082877072Z,true,2026-01-20T23:30:55.902525576Z,true,2026-01-20T23:30:55.96094978Z,01KFEVRX6S3JWEN7WX1WXZ2N59,2026-01-20T23:27:54.082877072Z
01KFEVRX85JKVNDKHKFSPSV72M,01KFEV37CWX6SQYA0RPR0C01MW,2026-01-20T23:27:54.117244468Z,30,2026-01-20T23:27:54.117244468Z,true,2026-01-20T23:31:36.867914664Z,01KFEV37DAAK9E08F076WKMM6J,2026-01-20T23:27:54.117244468Z,1,2026-01-20T23:27:54.117244468Z,true,2026-01-20T23:31:06.839304648Z,result,2026-01-20T23:27:54.117244468Z,01KFEVRWTKHVAA5GAM8CPTYHJ5,2026-01-20T23:27:54.117244468Z,true,2026-01-20T23:31:06.800873736Z,true,2026-01-20T23:31:06.86262868Z,01KFEVRX7SBTHV9NP2C13HK6W0,2026-01-20T23:27:54.117244468Z
01KFEW3W94EXE99NNH9HGAG1SS,01KFEVMN9Q125N5N16W4WNYJXF,2026-01-20T23:33:53.572704567Z,30,2026-01-20T23:33:53.572704567Z,true,2026-01-20T23:36:15.735734161Z,01KFEVMNBC23RB4D79KEQ4G0VS,2026-01-20T23:33:53.572704567Z,1,2026-01-20T23:33:53.572704567Z,true,2026-01-20T23:36:07.273365798Z,result,2026-01-20T23:33:53.572704567Z,01KFEW3VNM3T348MBV77A05Z67,2026-01-20T23:33:53.572704567Z,true,2026-01-20T23:36:07.231535648Z,true,2026-01-20T23:36:07.298896025Z,01KFEW3W8RPA4TS06PBPSMXHY8,2026-01-20T23:33:53.572704567Z
01KFEVGBFTGGWV9X2Y0C6E0KT7,01KFEV37CWX6SQYA0RPR0C01MW,2026-01-20T23:23:13.786750667Z,90,2026-01-20T23:23:13.786750667Z,true,2026-01-20T23:24:38.95639914Z,01KFEV37DE991T271V0BRDHRJW,2026-01-20T23:23:13.786750667Z,0,2026-01-20T23:23:13.786750667Z,true,2026-01-20T23:24:34.282566301Z,choice,2026-01-20T23:23:13.786750667Z,01KFEVGBCPPHTMKKS8W8BM1ZBN,2026-01-20T23:23:13.786750667Z,true,2026-01-20T23:24:34.267364547Z,true,2026-01-20T23:24:34.297243348Z,01KFEVGBFMQ5E3GKNNTV5V1P6H,2026-01-20T23:23:13.786750667Z
01KFEVGBNCGS5SFXW9FJXR5ZK2,01KFEV37CWX6SQYA0RPR0C01MW,2026-01-20T23:23:13.964604441Z,30,2026-01-20T23:23:13.964604441Z,true,2026-01-20T23:26:20.640242003Z,01KFEV37DE991T271V0BRDHRJW,2026-01-20T23:23:13.964604441Z,1,2026-01-20T23:23:13.964604441Z,true,2026-01-20T23:26:18.240335601Z,result,2026-01-20T23:23:13.964604441Z,01KFEVGBDGJG5AGHRSTRJ3T74K,2026-01-20T23:23:13.964604441Z,true,2026-01-20T23:26:18.211145688Z,true,2026-01-20T23:26:18.263171906Z,01KFEVGBN6W0XWTE5GHX0MG600,2026-01-20T23:23:13.964604441Z
01KFEVF1VQY9GZMV002BQP9XBC,01KFEV377XDCWB0CVW0E7ES8WB,2026-01-20T23:22:31.159837918Z,30,2026-01-20T23:22:31.159837918Z,true,2026-01-20T23:23:31.674837376Z,01KFEV378PDZP87HXSESW6BA01,2026-01-20T23:22:31.159837918Z,1,2026-01-20T23:22:31.159837918Z,true,2026-01-20T23:23:25.204321965Z,result,2026-01-20T23:22:31.159837918Z,01KFEVF1PSMKDKXGX0N31K7DMV,2026-01-20T23:22:31.159837918Z,true,2026-01-20T23:23:25.18182314Z,true,2026-01-20T23:23:25.215956412Z,01KFEVF1VESX7XZ333990J2HDE,2026-01-20T23:22:31.159837918Z
01KFEVF1W81XS0PX194BH9ZCFV,01KFEV377XDCWB0CVW0E7ES8WB,2026-01-20T23:22:31.176136611Z,90,2026-01-20T23:22:31.176136611Z,true,2026-01-20T23:23:35.617755259Z,01KFEV378PDZP87HXSESW6BA01,2026-01-20T23:22:31.176136611Z,0,2026-01-20T23:22:31.176136611Z,true,2026-01-20T23:23:31.765871326Z,choice,2026-01-20T23:22:31.176136611Z,01KFEVF1Q29ZX430FYZMCC884K,2026-01-20T23:22:31.176136611Z,true,2026-01-20T23:23:31.747046465Z,true,2026-01-20T23:23:31.780718085Z,01KFEVF1W3TAE4T0MAPV9RRS3D,2026-01-20T23:22:31.176136611Z
01KFEVB8H7ZNRAVFT7DK6V1GBW,01KFEV2BZFDRZBG3Y0249RG1TW,2026-01-20T23:20:26.919424198Z,30,2026-01-20T23:20:26.919424198Z,true,2026-01-20T23:21:43.246460271Z,01KFEV2C0CP35QE41ZMH45J8TZ,2026-01-20T23:20:26.919424198Z,1,2026-01-20T23:20:26.919424198Z,true,2026-01-20T23:21:13.226299324Z,result,2026-01-20T23:20:26.919424198Z,01KFEVB8FPPEBGT93HPZRSG1EY,2026-01-20T23:20:26.919424198Z,true,2026-01-20T23:21:13.214172583Z,true,2026-01-20T23:21:13.238472625Z,01KFEVB8H4HCWQ7QEVF41HF2QW,2026-01-20T23:20:26.919424198Z
01KFEVB8M7M9T709AJEA2M1VC3,01KFEV2BZFDRZBG3Y0249RG1TW,2026-01-20T23:20:27.015248485Z,30,2026-01-20T23:20:27.015248485Z,true,2026-01-20T23:22:45.284641417Z,01KFEV2C0CP35QE41ZMH45J8TZ,2026-01-20T23:20:27.015248485Z,1,2026-01-20T23:20:27.015248485Z,true,2026-01-20T23:22:28.573566492Z,result,2026-01-20T23:20:27.015248485Z,01KFEVB8G0C42CFSXF2A2BHMKE,2026-01-20T23:20:27.015248485Z,true,2026-01-20T23:22:28.552914563Z,true,2026-01-20T23:22:28.5952331Z,01KFEVB8M2H3H3K3BQDN7KG0SW,2026-01-20T23:20:27.015248485Z
01KFEW9RW6QKWJPZ2JKNH9939Z,01KFEV38A01XZ4DPRPFKRE96P8,2026-01-20T23:37:06.694269988Z,30,2026-01-20T23:37:06.694269988Z,true,2026-01-20T23:38:16.85000901Z,01KFEV38AJ2CFPYBQZ5JKK7PV4,2026-01-20T23:37:06.694269988Z,1,2026-01-20T23:37:06.694269988Z,true,2026-01-20T23:38:01.923403608Z,result,2026-01-20T23:37:06.694269988Z,01KFEW9RN40QG3K2B84WKGV58C,2026-01-20T23:37:06.694269988Z,true,2026-01-20T23:38:01.876074545Z,true,2026-01-20T23:38:01.959410155Z,01KFEW9RVPGJ7D269EF6SB042F,2026-01-20T23:37:06.694269988Z
01KFEVNKBJ2RQPS0H98YDG8XHX,01KFEV38GJVYY8P8B7QXSW6BTE,2026-01-20T23:26:05.68374704Z,30,2026-01-20T23:26:05.68374704Z,false,2026-01-20T23:26:05.68374704Z,01KFEV38H72YHVC8PGTMFH64KV,2026-01-20T23:26:05.68374704Z,1,2026-01-20T23:26:05.68374704Z,,,result,2026-01-20T23:26:05.68374704Z,01KFEVNK2TEAWFHJKWPDVEBSCJ,2026-01-20T23:26:05.68374704Z,false,2026-01-20T23:26:05.68374704Z,,,01KFEVNKBC3TQS0MEQHAHY7ET9,2026-01-20T23:26:05.68374704Z
01KFEW2A76EKY5M75Q5BS6R8P6,01KFEV38A01XZ4DPRPFKRE96P8,2026-01-20T23:33:02.310702535Z,30,2026-01-20T23:33:02.310702535Z,true,2026-01-20T23:35:31.295932391Z,01KFEV38AHTHHCNTDGHAJN0GXG,2026-01-20T23:33:02.310702535Z,1,2026-01-20T23:33:02.310702535Z,true,2026-01-20T23:35:25.960971423Z,result,2026-01-20T23:33:02.310702535Z,01KFEW29YCZ8S174VM388XCKN4,2026-01-20T23:33:02.310702535Z,true,2026-01-20T23:35:25.920734495Z,true,2026-01-20T23:35:25.985504385Z,01KFEW2A6XF2RM4KQHWSZ8VQTG,2026-01-20T23:33:02.310702535Z
01KFEW7Q24331Q051HPFFXZ72E,01KFEVMNF44NEM58ETFST7KTWM,2026-01-20T23:35:59.300702591Z,90,2026-01-20T23:35:59.300702591Z,false,2026-01-20T23:35:59.300702591Z,01KFEVMNH60E845G0BNN18WWCX,2026-01-20T23:35:59.300702591Z,0,2026-01-20T23:35:59.300702591Z,,,choice,2026-01-20T23:35:59.300702591Z,01KFEW7PQX87MN5M3KEEAYPZ01,2026-01-20T23:35:59.300702591Z,false,2026-01-20T23:35:59.300702591Z,,,01KFEW7Q1SQGVTNFFKP61J9GHV,2026-01-20T23:35:59.300702591Z
01KFEW9P2JT0061X62XDG1SEJE,01KFEV384BJYC62Y0E6AQK09K8,2026-01-20T23:37:03.826344766Z,30,2026-01-20T23:37:03.826344766Z,false,2026-01-20T23:37:03.826344766Z,01KFEV384Z68A1Z7ZGWS1GDSZK,2026-01-20T23:37:03.826344766Z,1,2026-01-20T23:37:03.826344766Z,,,result,2026-01-20T23:37:03.826344766Z,01KFEW9NGQ3Y0JKJV6XFVWQ0N2,2026-01-20T23:37:03.826344766Z,false,2026-01-20T23:37:03.826344766Z,,,01KFEW9P27SSDG5KYMZAYD6TCS,2026-01-20T23:37:03.826344766Z
01KFEWGNFXZB5N6R0XVBGBJ4VZ,01KFEVMNNQTH6Q6DMJG65NFGVF,2026-01-20T23:40:52.605923395Z,30,2026-01-20T23:40:52.605923395Z,false,2026-01-20T23:40:52.605923395Z,01KFEVMNQ7WSYMPADRKJJ7K0T0,2026-01-20T23:40:52.605923395Z,1,2026-01-20T23:40:52.605923395Z,,,result,2026-01-20T23:40:52.605923395Z,01KFEWGN7Z4AKJE1VX6N5PMD0V,2026-01-20T23:40:52.605923395Z,false,2026-01-20T23:40:52.605923395Z,,,01KFEWGNFEGX26C38ST92PKXHE,2026-01-20T23:40:52.605923395Z
01KFEWVN2QMSW57MWEW5HBAZ4C,01KFEV38GJVYY8P8B7QXSW6BTE,2026-01-20T23:46:52.631172608Z,30,2026-01-20T23:46:52.631172608Z,false,2026-01-20T23:46:52.631172608Z,01KFEV38H0S2Y42XZDBCZ2KPGY,2026-01-20T23:46:52.631172608Z,1,2026-01-20T23:46:52.631172608Z,,,result,2026-01-20T23:46:52.631172608Z,01KFEWVMA05PV4KJNH9NDZBXA1,2026-01-20T23:46:52.631172608Z,false,2026-01-20T23:46:52.631172608Z,,,01KFEWVN1YWYK3BMGVXAH45GKP,2026-01-20T23:46:52.631172608Z
01KFEVFBJ2G666H6ADJ3WXKH0Y,01KFEV377XDCWB0CVW0E7ES8WB,2026-01-20T23:22:41.091922509Z,30,2026-01-20T23:22:41.091922509Z,true,2026-01-20T23:25:51.963543313Z,01KFEV378H0PY96RNMJTMM0E4X,2026-01-20T23:22:41.091922509Z,1,2026-01-20T23:22:41.091922509Z,true,2026-01-20T23:25:21.937662322Z,result,2026-01-20T23:22:41.091922509Z,01KFEVFBC54D00BJN5ANQ39TQ9,2026-01-20T23:22:41.091922509Z,true,2026-01-20T23:25:21.907919567Z,true,2026-01-20T23:25:21.957234166Z,01KFEVFBHW4R7JBGKY4R5TNHDV,2026-01-20T23:22:41.091922509Z
01KFEVEHP9SMNJJZ5AP3RW7VHS,01KFEV377XDCWB0CVW0E7ES8WB,2026-01-20T23:22:14.601405523Z,30,2026-01-20T23:22:14.601405523Z,true,2026-01-20T23:24:34.507301971Z,01KFEV378H0PY96RNMJFNCN7TE,2026-01-20T23:22:14.601405523Z,1,2026-01-20T23:22:14.601405523Z,true,2026-01-20T23:24:31.296039884Z,result,2026-01-20T23:22:14.601405523Z,01KFEVEHGS0JDSCPZNZH3BDF1M,2026-01-20T23:22:14.601405523Z,true,2026-01-20T23:24:31.244812677Z,true,2026-01-20T23:24:31.310280476Z,01KFEVEHP3SQG02TQKDEQ3BM61,2026-01-20T23:22:14.601405523Z
01KFEW0GQSHVA628ETCAJNR1G6,01KFEV37PBC6DGWCX0HT0QWYJR,2026-01-20T23:32:03.449994498Z,90,2026-01-20T23:32:03.449994498Z,true,2026-01-20T23:34:19.72783339Z,01KFEV37Q0WSYAYKWHM2EXN0DN,2026-01-20T23:32:03.449994498Z,0,2026-01-20T23:32:03.449994498Z,true,2026-01-20T23:34:17.646765236Z,choice,2026-01-20T23:32:03.449994498Z,01KFEW0GBGGRN4S29QNK2SQ6YM,2026-01-20T23:32:03.449994498Z,true,2026-01-20T23:34:17.60677096Z,true,2026-01-20T23:34:17.671598388Z,01KFEW0GQNRNEE563PRFV2MXHM,2026-01-20T23:32:03.449994498Z
01KFEWE9EVD1ERZ941BWQN4F7H,01KFEVMN9Q125N5N16W4WNYJXF,2026-01-20T23:39:34.747315231Z,90,2026-01-20T23:39:34.747315231Z,true,2026-01-20T23:41:48.087721296Z,01KFEVMNAWK7WRWM1AMQZKX6SA,2026-01-20T23:39:34.747315231Z,0,2026-01-20T23:39:34.747315231Z,true,2026-01-20T23:41:47.324275834Z,choice,2026-01-20T23:39:34.747315231Z,01KFEWE8WVX74TZ8PTSRYVZGQG,2026-01-20T23:39:34.747315231Z,true,2026-01-20T23:41:47.279053809Z,true,2026-01-20T23:41:47.364510182Z,01KFEWE9EMDE4S929VMW3Y758B,2026-01-20T23:39:34.747315231Z
01KFEW3VSD3W6VTBGCEXPR06YA,01KFEVMN9Q125N5N16W4WNYJXF,2026-01-20T23:33:53.069511987Z,90,2026-01-20T23:33:53.069511987Z,true,2026-01-20T23:35:04.512345266Z,01KFEVMNBC23RB4D79KEQ4G0VS,2026-01-20T23:33:53.069511987Z,0,2026-01-20T23:33:53.069511987Z,true,2026-01-20T23:34:56.977187445Z,choice,2026-01-20T23:33:53.069511987Z,01KFEW3VJN8ZKAM3Y64XBX8BFB,2026-01-20T23:33:53.069511987Z,true,2026-01-20T23:34:56.9379475Z,true,2026-01-20T23:34:57.002948004Z,01KFEW3VS7TQZMSCMTCSNSN1XK,2026-01-20T23:33:53.069511987Z
01KFEVB8PB7T5F0NK1SCF28WJZ,01KFEV2BZFDRZBG3Y0249RG1TW,2026-01-20T23:20:27.083355544Z,90,2026-01-20T23:20:27.083355544Z,true,2026-01-20T23:23:12.160859152Z,01KFEV2C0CP35QE41ZMH45J8TZ,2026-01-20T23:20:27.083355544Z,0,2026-01-20T23:20:27.083355544Z,true,2026-01-20T23:23:07.04156714Z,choice,2026-01-20T23:20:27.083355544Z,01KFEVB8G65XGTDB93SRCK5ATZ,2026-01-20T23:20:27.083355544Z,true,2026-01-20T23:23:07.025495833Z,true,2026-01-20T23:23:07.056741521Z,01KFEVB8P52MG8Y9ZGEV4SXXT6,2026-01-20T23:20:27.083355544Z
01KFEV9983GV4BBP4A51Q13CWY,01KFEV2BZFDRZBG3Y0249RG1TW,2026-01-20T23:19:22.115539825Z,90,2026-01-20T23:19:22.115539825Z,true,2026-01-20T23:20:16.236207907Z,01KFEV2C08ND9C9BYW8N2T146P,2026-01-20T23:19:22.115539825Z,0,2026-01-20T23:19:22.115539825Z,true,2026-01-20T23:20:15.02829982Z,choice,2026-01-20T23:19:22.115539825Z,01KFEV992DYNW9GKK2CP4DN9DZ,2026-01-20T23:19:22.115539825Z,true,2026-01-20T23:20:15.015413081Z,true,2026-01-20T23:20:15.037484993Z,01KFEV997HSH86R5NBBB4F0P7K,2026-01-20T23:19:22.115539825Z
01KFEW1B0JBJNQAQQG78KTMA88,01KFEV384BJYC62Y0E6AQK09K8,2026-01-20T23:32:30.354112633Z,30,2026-01-20T23:32:30.354112633Z,true,2026-01-20T23:34:08.136227956Z,01KFEV385166A8JYCZ9G4DMHRQ,2026-01-20T23:32:30.354112633Z,1,2026-01-20T23:32:30.354112633Z,true,2026-01-20T23:34:06.517180399Z,result,2026-01-20T23:32:30.354112633Z,01KFEW1AJFE0V8F0RV3DYC5PKP,2026-01-20T23:32:30.354112633Z,true,2026-01-20T23:34:06.468439883Z,true,2026-01-20T23:34:06.553079443Z,01KFEW1B07VKHWTDXZ6TMF4RX3,2026-01-20T23:32:30.354112633Z
01KFEWVMFW79JJ206GVDQ30F0H,01KFEV38GJVYY8P8B7QXSW6BTE,2026-01-20T23:46:52.028647024Z,90,2026-01-20T23:46:52.028647024Z,true,2026-01-20T23:47:35.971234227Z,01KFEV38H0S2Y42XZDBCZ2KPGY,2026-01-20T23:46:52.028647024Z,0,2026-01-20T23:46:52.028647024Z,true,2026-01-20T23:47:33.950597572Z,choice,2026-01-20T23:46:52.028647024Z,01KFEWVM718JKJE90A057VRNN9,2026-01-20T23:46:52.028647024Z,true,2026-01-20T23:47:33.903250893Z,true,2026-01-20T23:47:33.988747017Z,01KFEWVMFN429A30TQPDVR901B,2026-01-20T23:46:52.028647024Z
01KFEVB8RN38R1JX4F4RYXS6TZ,01KFEV2BZFDRZBG3Y0249RG1TW,2026-01-20T23:20:27.158004136Z,30,2026-01-20T23:20:27.158004136Z,true,2026-01-20T23:23:36.700686751Z,01KFEV2C0CP35QE41ZMH45J8TZ,2026-01-20T23:20:27.158004136Z,1,2026-01-20T23:20:27.158004136Z,true,2026-01-20T23:23:34.79233417Z,result,2026-01-20T23:20:27.158004136Z,01KFEVB8G9DDYT4Z9WGS4751MR,2026-01-20T23:20:27.158004136Z,true,2026-01-20T23:23:34.763791406Z,true,2026-01-20T23:23:34.807378614Z,01KFEVB8RJSSV7YRCBG5KBV0RP,2026-01-20T23:20:27.158004136Z
01KFEVBA011SXCS6FMMSJ36ZA8,01KFEV2BZFDRZBG3Y0249RG1TW,2026-01-20T23:20:28.417309108Z,90,2026-01-20T23:20:28.417309108Z,false,2026-01-20T23:20:28.417309108Z,01KFEV2C0BAXD2XBMY5020521J,2026-01-20T23:20:28.417309108Z,0,2026-01-20T23:20:28.417309108Z,,,choice,2026-01-20T23:20:28.417309108Z,01KFEVB9TVJER4T93291QEBTYT,2026-01-20T23:20:28.417309108Z,false,2026-01-20T23:20:28.417309108Z,,,01KFEVB9ZV2C32MD8EKCW86MQ2,2026-01-20T23:20:28.417309108Z
01KFEWKBEXTJPHE17GVA1047MM,01KFEV38A01XZ4DPRPFKRE96P8,2026-01-20T23:42:20.637627047Z,90,2026-01-20T23:42:20.637627047Z,false,2026-01-20T23:42:20.637627047Z,01KFEV38AGG0Y2K5R4FB90SKZX,2026-01-20T23:42:20.637627047Z,0,2026-01-20T23:42:20.637627047Z,,,choice,2026-01-20T23:42:20.637627047Z,01KFEWKAQZ4K79ES1CW28DT6T8,2026-01-20T23:42:20.637627047Z,false,2026-01-20T23:42:20.637627047Z,,,01KFEWKBEM23FDQTVVR1XAXTBK,2026-01-20T23:42:20.637627047Z
01KFEVB8J6XW003VFQ1FWKZV5R,01KFEV2BZFDRZBG3Y0249RG1TW,2026-01-20T23:20:26.950453046Z,90,2026-01-20T23:20:26.950453046Z,true,2026-01-20T23:22:04.163342039Z,01KFEV2C0CP35QE41ZMH45J8TZ,2026-01-20T23:20:26.950453046Z,0,2026-01-20T23:20:26.950453046Z,true,2026-01-20T23:21:58.18004558Z,choice,2026-01-20T23:20:26.950453046Z,01KFEVB8FTFFBQ8J4AEF64MQVW,2026-01-20T23:20:26.950453046Z,true,2026-01-20T23:21:58.167042217Z,true,2026-01-20T23:21:58.192755018Z,01KFEVB8J2V97PYQYS19WWASDP,2026-01-20T23:20:26.950453046Z
01KFEV99AR9MS371XKPVZ0H4T2,01KFEV2BZFDRZBG3Y0249RG1TW,2026-01-20T23:19:22.200235012Z,30,2026-01-20T23:19:22.200235012Z,true,2026-01-20T23:20:41.81317885Z,01KFEV2C08ND9C9BYW8N2T146P,2026-01-20T23:19:22.200235012Z,1,2026-01-20T23:19:22.200235012Z,true,2026-01-20T23:20:40.062578731Z,result,2026-01-20T23:19:22.200235012Z,01KFEV992NF1BFY2J085XZ7GRZ,2026-01-20T23:19:22.200235012Z,true,2026-01-20T23:20:40.051070179Z,true,2026-01-20T23:20:40.098297137Z,01KFEV99AM390YPFAFRNND5MCP,2026-01-20T23:19:22.200235012Z
