"id","batchID","batchIDLastChangedAt","bonus","bonusLastChangedAt","decision","decisionLastChangedAt","gameID","gameIDLastChangedAt","playerID","playerIDLastChangedAt","roundID","roundIDLastChangedAt"
"01KFEHT03YQTP44ZNN154PRKY9","01KFEHA1MRJDJA6FNTED28Z8HF","2026-01-20T20:33:44.062613662Z",7,"2026-01-20T20:33:49.961004746Z","D","2026-01-20T20:33:47.311407544Z","01KFEHA1QDYX27N1S60Z95NKD9","2026-01-20T20:33:44.062613662Z","01KFEHFDNYYM4VRPKVABD0N8W8","2026-01-20T20:33:44.062613662Z","01KFEHQRZ4TH1YS8B6ZSMB6BHH","2026-01-20T20:33:44.062613662Z"
"01KFEK4A8QAZTESTWMRMM2VCH7","01KFEJ5C7H3Z5SGPPT0TCGAEB2","2026-01-20T20:56:50.711764467Z",19,"2026-01-20T20:56:57.686493006Z","C","2026-01-20T20:56:57.117345165Z","01KFEJ5C9822567XDA8A9QG0G3","2026-01-20T20:56:50.711764467Z","01KFEJRM0CNFF8YTKCA6JC16CE","2026-01-20T20:56:50.711764467Z","01KFEK0Q0S4CP92BT63CJ2ZD34","2026-01-20T20:56:50.711764467Z"
"01KFEDZTVQ0F0CRXY509XKSCRN","01KFEDCC1ZHDDN3CP9JWF4PGTF","2026-01-20T19:27:00.983873589Z",29,"2026-01-20T19:27:02.712322369Z","C","2026-01-20T19:27:02.694961049Z","01KFEDCC2JDADMPT5RVZQ93BA8","2026-01-20T19:27:00.983873589Z","01KFEDNRR64JDCJYA79FBRE8X8","2026-01-20T19:27:00.983873589Z","01KFEDVKAZREJHWJYHVZEAH663","2026-01-20T19:27:00.983873589Z"
"01KFEHNBSR02VEHD8KN1MT8W90","01KFEHA1W0DBA89GCQ87GA4EG5","2026-01-20T20:31:12.184604091Z",29,"2026-01-20T20:31:13.480276003Z","C","2026-01-20T20:31:13.378050468Z","01KFEHA1ZNDEMMB0DK92YAW8BD","2026-01-20T20:31:12.184604091Z","01KFEHEBSJCV2WCY6FBMMN65A3","2026-01-20T20:31:12.184604091Z","01KFEHHMWHAX79VP1M4MVHPBRK","2026-01-20T20:31:12.184604091Z"
"01KFEHJQPABR2PFPA2TT4Q0ATZ","01KFEHA1MRJDJA6FNTED28Z8HF","2026-01-20T20:29:46.058933279Z",0,"2026-01-20T20:29:47.821820146Z","C","2026-01-20T20:29:47.798960419Z","01KFEHA1R32D8V3SKQA6BEDXA8","2026-01-20T20:29:46.058933279Z","01KFEHBPM0QM8692M9NW91QBAJ","2026-01-20T20:29:46.058933279Z","01KFEHGC81QFGYDYKZ0XSHC0NQ","2026-01-20T20:29:46.058933279Z"
"01KFEHVQFFSVH4Q8JZSEHP4SMJ","01KFEHA1EJWPRPNCXBTHCF12K2","2026-01-20T20:34:40.751143922Z",10,"2026-01-20T20:34:47.821872883Z","B","2026-01-20T20:34:47.788730362Z","01KFEHA1GPSKM8FTTA039GX2FE","2026-01-20T20:34:40.751143922Z","01KFEHGGC977SV7QXMD0KQJ3VM","2026-01-20T20:34:40.751143922Z","01KFEHRJXSRB7FPAJNWSY9X69Y","2026-01-20T20:34:40.751143922Z"
"01KFEJ7C85JCQ3D1B982ZMQD3W","01KFEHA20TFYVSSENV0N2723W5","2026-01-20T20:41:02.469186021Z",20,"2026-01-20T20:41:06.426452095Z","B","2026-01-20T20:41:06.380134209Z","01KFEHA25S6PYJD4DSX1VJG5FE","2026-01-20T20:41:02.469186021Z","01KFEHKBVRWD07VXT4ZKHQQAA6","2026-01-20T20:41:02.469186021Z","01KFEJ3HPZ91NMAPQ6MYD3EXAD","2026-01-20T20:41:02.469186021Z"
"01KFEJHCXKVFQS29GAAKRR3MYX","01KFEHAM0SBSN9QYCK4NGJTWCC","2026-01-20T20:46:30.835810326Z",10,"2026-01-20T20:46:34.074676394Z","B","2026-01-20T20:46:32.395200693Z","01KFEHAM3ZX2QFEZ4F28QFW79D","2026-01-20T20:46:30.835810326Z","01KFEJ99258GDSZYNA4N0ER3PR","2026-01-20T20:46:30.835810326Z","01KFEJDCR9ZKJQY4J73C03HWCS","2026-01-20T20:46:30.835810326Z"
"01KFEE0BAZAYHP5TVPQN2TBW23","01KFEDCC1ZHDDN3CP9JWF4PGTF","2026-01-20T19:27:17.855401229Z",0,"2026-01-20T19:27:25.16819722Z","C","2026-01-20T19:27:24.893577878Z","01KFEDCC2JDADMPT5RVP2N7S0X","2026-01-20T19:27:17.855401229Z","01KFEDQK6ZX4EYK4N5S5CFQ5FY","2026-01-20T19:27:17.855401229Z","01KFEDZ32KCEM7CMZ5B6NHATC7","2026-01-20T19:27:17.855401229Z"
"01KFEE357E16HHRCQRMS35J4MM","01KFEDCC1ZHDDN3CP9JWF4PGTF","2026-01-20T19:28:49.90261447Z",29,"2026-01-20T19:28:53.70611081Z","C","2026-01-20T19:28:52.509918955Z","01KFEDCC2JDADMPT5RVP2N7S0X","2026-01-20T19:28:49.90261447Z","01KFEDNQAB8C2AFG7D4ZXA4K64","2026-01-20T19:28:49.90261447Z","01KFEDZ32ZZHWD75NZHFJ7C3YQ","2026-01-20T19:28:49.90261447Z"
"01KFEHYMNR7FB69K1KV1J8VFDJ","01KFEHA1EJWPRPNCXBTHCF12K2","2026-01-20T20:36:16.184856569Z",19,"2026-01-20T20:36:32.289097933Z","C","2026-01-20T20:36:18.832986446Z","01KFEHA1GRK7A014NXTNRF457G","2026-01-20T20:36:16.184856569Z","01KFEHG6C81JZ80FMVPH00AMCG","2026-01-20T20:36:16.184856569Z","01KFEHPVNAV2XWMVPDQM4D4PW5","2026-01-20T20:36:16.184856569Z"
"01KFEJ1EYAMTH9X30CXG8D0NH0","01KFEHA1W0DBA89GCQ87GA4EG5","2026-01-20T20:37:48.618340965Z",7,"2026-01-20T20:37:53.996425517Z","D","2026-01-20T20:37:51.305232833Z","01KFEHA1ZSVYK8DGYZZSV53FQM","2026-01-20T20:37:48.618340965Z","01KFEHMXV04MY34HJYA33HA616","2026-01-20T20:37:48.618340965Z","01KFEHWYW2DXF34Z7JETWM2PWF","2026-01-20T20:37:48.618340965Z"
"01KFEJ49GH7H3EQPEH30DY3D5C","01KFEHAKK9QMW81MWT2FF1CSZA","2026-01-20T20:39:21.361575706Z",0,"2026-01-20T20:39:34.636443471Z","C","2026-01-20T20:39:34.499074462Z","01KFEHAKMDAJRN7M0QA4VDJCGY","2026-01-20T20:39:21.361575706Z","01KFEHS8J7P9EEBTK2FBSRFBQT","2026-01-20T20:39:21.361575706Z","01KFEJ2SHPE7P35XKXGK774ZH5","2026-01-20T20:39:21.361575706Z"
"01KFEJ5VQCM1X5N26S847PS51W","01KFEHAKK9QMW81MWT2FF1CSZA","2026-01-20T20:40:12.780161319Z",0,"2026-01-20T20:41:37.604333568Z","C","2026-01-20T20:40:13.940591949Z","01KFEHAKMDAJRN7M0QA4VDJCGY","2026-01-20T20:40:12.780161319Z","01KFEHS8J7P9EEBTK2FBSRFBQT","2026-01-20T20:40:12.780161319Z","01KFEJ2SJEJT0NH9XTTK4C13HZ","2026-01-20T20:40:12.780161319Z"
"01KFEK2JVEZZ205Y0DGWQ9CPYS","01KFEJ5C7H3Z5SGPPT0TCGAEB2","2026-01-20T20:55:53.966698582Z",0,"2026-01-20T20:56:07.220773606Z","C","2026-01-20T20:56:00.099645103Z","01KFEJ5C9822567XDA8A9QG0G3","2026-01-20T20:55:53.966698582Z","01KFEJRM0CNFF8YTKCA6JC16CE","2026-01-20T20:55:53.966698582Z","01KFEK0Q25Y0BVXY2AEZR944FF","2026-01-20T20:55:53.966698582Z"
"01KFEHX1R8EAH9BKZ1QFC49704","01KFEHA1W0DBA89GCQ87GA4EG5","2026-01-20T20:35:24.040743764Z",0,"2026-01-20T20:35:38.219860398Z","C","2026-01-20T20:35:35.848070932Z","01KFEHA1ZSVYK8DGYZZSV53FQM","2026-01-20T20:35:24.040743764Z","01KFEHMXV04MY34HJYA33HA616","2026-01-20T20:35:24.040743764Z","01KFEHWYT61SJC8DSAT57YT8XJ","2026-01-20T20:35:24.040743764Z"
"01KFEJYJ4KEENV0D08M0RVA2DR","01KFEJ5DKDD8ED3R70AXWWV7TA","2026-01-20T20:53:42.163471727Z",17,"2026-01-20T20:53:44.720472849Z","D","2026-01-20T20:53:43.774466388Z","01KFEJ5DPFFD934S0E2GQ1B9RR","2026-01-20T20:53:42.163471727Z","01KFEJPRKV9117XEB7P0YJ5NT5","2026-01-20T20:53:42.163471727Z","01KFEJVCWVC8244D1ZR2JHF9YK","2026-01-20T20:53:42.163471727Z"
"01KFEEDM7QPSDTXQZZXF0EQP76","01KFEDCB7P38BTZ4ACVDP6P0XN","2026-01-20T19:34:32.951234339Z",10,"2026-01-20T19:34:44.975530098Z","A","2026-01-20T19:34:44.960546376Z","01KFEDCB85NRAF0XG25ABR62N5","2026-01-20T19:34:32.951234339Z","01KFEE2GDYZKFQF2HSAA1FMRTA","2026-01-20T19:34:32.951234339Z","01KFEEC6Q1DRF5XWNJNKV6NWEH","2026-01-20T19:34:32.951234339Z"
"01KFEHRN56HW1KJQF9W3ZE0GT3","01KFEHA1EJWPRPNCXBTHCF12K2","2026-01-20T20:33:00.070180644Z",19,"2026-01-20T20:33:06.775863073Z","C","2026-01-20T20:33:03.339335127Z","01KFEHA1GPSKM8FTTA039GX2FE","2026-01-20T20:33:00.070180644Z","01KFEHHKNYNVTAQQFNDQ02SYYK","2026-01-20T20:33:00.070180644Z","01KFEHRJWDTQ15HWKPVHZMXESV","2026-01-20T20:33:00.070180644Z"
"01KFEJWSTG11ZE2JX493MFF3CN","01KFEJ5CPJ5RGARFNN6Z0PCT4Q","2026-01-20T20:52:44.496844636Z",10,"2026-01-20T20:53:49.517530176Z","B","2026-01-20T20:52:53.485589314Z","01KFEJ5CRSNMMQKHYMFD35850B","2026-01-20T20:52:44.496844636Z","01KFEJD683V7BW0EC67T5B9T0M","2026-01-20T20:52:44.496844636Z","01KFEJRTNPM5PF9V9CEFDT48NQ","2026-01-20T20:52:44.496844636Z"
"01KFEFGWN4FSRZ8X3FRJJEZ2N9","01KFEDCCH0VMFH7P25F40PD43N","2026-01-20T19:53:48.453029188Z",20,"2026-01-20T19:53:50.694882175Z","A","2026-01-20T19:53:50.620929176Z","01KFEDCCHH44R979H37GT2B68J","2026-01-20T19:53:48.453029188Z","01KFEFADJR1SXTG9225WD5SFVJ","2026-01-20T19:53:48.453029188Z","01KFEFDZDCJSQSAX5Z72P9BVM6","2026-01-20T19:53:48.453029188Z"
"01KFEFTHC1SVNCQHVN9MRJMZF5","01KFEDCAVEZK3QD8ZFC2PP83WE","2026-01-20T19:59:04.577110921Z",10,"2026-01-20T19:59:08.227998901Z","A","2026-01-20T19:59:06.532578647Z","01KFEDCAVZJC7DD4AH1B24TEC6","2026-01-20T19:59:04.577110921Z","01KFEFE9N9CHB9632BFKRF4P6F","2026-01-20T19:59:04.577110921Z","01KFEFNGZVDR5MV5KWZ0XEVC61","2026-01-20T19:59:04.577110921Z"
"01KFEJ1PWNFRY2HC8K5BRS36VQ","01KFEHA1W0DBA89GCQ87GA4EG5","2026-01-20T20:37:56.75796507Z",0,"2026-01-20T20:38:00.326711563Z","C","2026-01-20T20:38:00.284228979Z","01KFEHA1Z72TJ9J0QENR016CFN","2026-01-20T20:37:56.75796507Z","01KFEHMDY2YXCAA0WMRPTSEKC9","2026-01-20T20:37:56.75796507Z","01KFEHZ0GAHK1WXXMMVBS314KR","2026-01-20T20:37:56.75796507Z"
"01KFEEWTNFPBWW8A9TSHZ3X2MF","01KFEDCCH0VMFH7P25F40PD43N","2026-01-20T19:42:51.055718203Z",29,"2026-01-20T19:42:53.303827667Z","C","2026-01-20T19:42:53.279721165Z","01KFEDCCHJADFRJT5F5VJ9ST9F","2026-01-20T19:42:51.055718203Z","01KFEEKE9WXRZWBRXYDQ5J10WV","2026-01-20T19:42:51.055718203Z","01KFEERHSFFMFFS4ADHYXMDXT1","2026-01-20T19:42:51.055718203Z"
"01KFEFFQQE7KY6S6ESN9CBQYHF","01KFEDCAVEZK3QD8ZFC2PP83WE","2026-01-20T19:53:10.638281598Z",29,"2026-01-20T19:53:20.490638856Z","C","2026-01-20T19:53:17.833535537Z","01KFEDCAVZJC7DD4AH1RF6NR9W","2026-01-20T19:53:10.638281598Z","01KFEF0XCN2JDQQD559T0PP43B","2026-01-20T19:53:10.638281598Z","01KFEFFP2VNJ8TK8Z66NZXYFFC","2026-01-20T19:53:10.638281598Z"
"01KFEDZ3KR7Q90MB5G0GFSW0R4","01KFEDCC1ZHDDN3CP9JWF4PGTF","2026-01-20T19:26:37.176599924Z",19,"2026-01-20T19:26:47.788496845Z","C","2026-01-20T19:26:45.273662991Z","01KFEDCC2JDADMPT5RVP2N7S0X","2026-01-20T19:26:37.176599924Z","01KFEDNQAB8C2AFG7D4ZXA4K64","2026-01-20T19:26:37.176599924Z","01KFEDZ32NZPXT7VJMA2H133EE","2026-01-20T19:26:37.176599924Z"
"01KFEEG1M69KEN96XHM8H3KFN5","01KFEDCCAW3ZY6KSKNHTKZ971F","2026-01-20T19:35:52.19827138Z",19,"2026-01-20T19:36:10.710045846Z","C","2026-01-20T19:36:10.691303958Z","01KFEDCCBDJ82W4YK2PN7VDTAX","2026-01-20T19:35:52.19827138Z","01KFEE6KZQR5PP1P0PS1XNKJRD","2026-01-20T19:35:52.19827138Z","01KFEEE8079ND83VECT8KKSKTJ","2026-01-20T19:35:52.19827138Z"
"01KFEFM9E1EKE1NVCNZ1NJBETS","01KFEDCAVEZK3QD8ZFC2PP83WE","2026-01-20T19:55:39.842023424Z",19,"2026-01-20T19:55:41.963885503Z","C","2026-01-20T19:55:41.94396893Z","01KFEDCAVZJC7DD4AH1RF6NR9W","2026-01-20T19:55:39.842023424Z","01KFEFBH5ZZ770WWH7HK9VAC9K","2026-01-20T19:55:39.842023424Z","01KFEFFP3PF615T8GRJTDVWD2W","2026-01-20T19:55:39.842023424Z"
"01KFEJXW2G4SP1F6A8V1QM3YPK","01KFEHAM0SBSN9QYCK4NGJTWCC","2026-01-20T20:53:19.568548862Z",20,"2026-01-20T20:53:23.830360417Z","B","2026-01-20T20:53:23.509281699Z","01KFEHAM4AZFDTAG8DR1VA4141","2026-01-20T20:53:19.568548862Z","01KFEJFMC7CFQF46Z46BV1EM1Q","2026-01-20T20:53:19.568548862Z","01KFEJMJV4KBRM0CHAQC91E98W","2026-01-20T20:53:19.568548862Z"
"01KFEJ5EZ6Y6HPBM2ZR1HVHXW5","01KFEHA20TFYVSSENV0N2723W5","2026-01-20T20:39:59.718404379Z",19,"2026-01-20T20:40:06.473393092Z","C","2026-01-20T20:40:02.018815593Z","01KFEHA25S6PYJD4DSX1VJG5FE","2026-01-20T20:39:59.718404379Z","01KFEHKBVRWD07VXT4ZKHQQAA6","2026-01-20T20:39:59.718404379Z","01KFEJ3HP1X78D86VDDASM1XD0","2026-01-20T20:39:59.718404379Z"
"01KFEDWQFZA7F9J0JMP1AKBS0N","01KFEDCC1ZHDDN3CP9JWF4PGTF","2026-01-20T19:25:19.231651938Z",10,"2026-01-20T19:25:26.428838753Z","B","2026-01-20T19:25:26.410413224Z","01KFEDCC2JDADMPT5RVZQ93BA8","2026-01-20T19:25:19.231651938Z","01KFEDNRR64JDCJYA79FBRE8X8","2026-01-20T19:25:19.231651938Z","01KFEDVKAVMFNEZ15049QB55J5","2026-01-20T19:25:19.231651938Z"
"01KFEHFDP8ET5KX32AC86XDFTQ","01KFEHA1EJWPRPNCXBTHCF12K2","2026-01-20T20:27:57.512253276Z",20,"2026-01-20T20:28:04.75000456Z","A","2026-01-20T20:28:04.724630241Z","01KFEHA1GK3DQ7TRWFWA7J267H","2026-01-20T20:27:57.512253276Z","01KFEHBP1ZE2AV6NAD8SG9ZGBW","2026-01-20T20:27:57.512253276Z","01KFEHFC0PNH0TGE3GT47H65S6","2026-01-20T20:27:57.512253276Z"
"01KFEHJG9T5P7BNT0SZBK34BA6","01KFEHA1EJWPRPNCXBTHCF12K2","2026-01-20T20:29:38.49056377Z",19,"2026-01-20T20:29:40.171995491Z","C","2026-01-20T20:29:40.041738145Z","01KFEHA1GK3DQ7TRWFWA7J267H","2026-01-20T20:29:38.49056377Z","01KFEHBP1ZE2AV6NAD8SG9ZGBW","2026-01-20T20:29:38.49056377Z","01KFEHFC0XTMQ1GMBPPR0V4GF7","2026-01-20T20:29:38.49056377Z"
"01KFEHYXAJV5SB83QVC6X8FSY7","01KFEHA1MRJDJA6FNTED28Z8HF","2026-01-20T20:36:25.0422016Z",29,"2026-01-20T20:36:27.425682382Z","C","2026-01-20T20:36:27.374730236Z","01KFEHA1QYV2E8SAEFNEHYNVTN","2026-01-20T20:36:25.0422016Z","01KFEHHH6AXDMAXMWAFCF5JGBC","2026-01-20T20:36:25.0422016Z","01KFEHSJJNJF239FPVEQVJDX79","2026-01-20T20:36:25.0422016Z"
"01KFEDYEB3XJFE8CE8P0WMWJ45","01KFEDCC1ZHDDN3CP9JWF4PGTF","2026-01-20T19:26:15.395205498Z",17,"2026-01-20T19:26:19.484196173Z","D","2026-01-20T19:26:16.978730497Z","01KFEDCC2JDADMPT5RVZQ93BA8","2026-01-20T19:26:15.395205498Z","01KFEDKABYH5MEPJ95J3ZMZNRM","2026-01-20T19:26:15.395205498Z","01KFEDVKB5NFPV0X6HCWJPGZQG","2026-01-20T19:26:15.395205498Z"
"01KFEFNX158ENAZMZ5AE9AVP4B","01KFEDC9EK94N2WNCHE5RRQHCJ","2026-01-20T19:56:32.677236765Z",19,"2026-01-20T19:56:35.751737857Z","C","2026-01-20T19:56:34.61362032Z","01KFEDC9FF7T49EPA99GZDGH84","2026-01-20T19:56:32.677236765Z","01KFEFBN24Q9S7DG3606EXV8XC","2026-01-20T19:56:32.677236765Z","01KFEFG2R0PWXFFK6QYMZXD16Q","2026-01-20T19:56:32.677236765Z"
"01KFEHSN44X8J9DEH92YXGKQ5W","01KFEHA1EJWPRPNCXBTHCF12K2","2026-01-20T20:33:32.804961736Z",10,"2026-01-20T20:33:45.674005397Z","B","2026-01-20T20:33:45.642624543Z","01KFEHA1GPSKM8FTTA039GX2FE","2026-01-20T20:33:32.804961736Z","01KFEHHKNYNVTAQQFNDQ02SYYK","2026-01-20T20:33:32.804961736Z","01KFEHRJX3MD6TRNSNF387WSTP","2026-01-20T20:33:32.804961736Z"
"01KFEFH0YKVJM7FBQDKNQ4Y5VE","01KFEDCCH0VMFH7P25F40PD43N","2026-01-20T19:53:52.85163412Z",20,"2026-01-20T19:53:55.32846336Z","B","2026-01-20T19:53:55.31270835Z","01KFEDCCHH44R979H37GT2B68J","2026-01-20T19:53:52.85163412Z","01KFEF0J7C8417B13N1313JGSZ","2026-01-20T19:53:52.85163412Z","01KFEFDZD99QVZ0MRDVJD7PR2E","2026-01-20T19:53:52.85163412Z"
"01KFEJ3T6Y5S96MWY4T1ZJ270S","01KFEHA1W0DBA89GCQ87GA4EG5","2026-01-20T20:39:05.694418816Z",17,"2026-01-20T20:39:38.550303697Z","D","2026-01-20T20:39:07.198320777Z","01KFEHA1ZSVYK8DGYZZSV53FQM","2026-01-20T20:39:05.694418816Z","01KFEHMXV04MY34HJYA33HA616","2026-01-20T20:39:05.694418816Z","01KFEHWYX3WSM3564M3QJG117T","2026-01-20T20:39:05.694418816Z"
"01KFEE5KZBAPKMJ2PR2DEPZ9DT","01KFEDCB0G5KS91T4MD9JTDSA4","2026-01-20T19:30:10.539120057Z",19,"2026-01-20T19:30:13.924732827Z","C","2026-01-20T19:30:12.390533227Z","01KFEDCB197E7YMN5STVXKHS22","2026-01-20T19:30:10.539120057Z","01KFEDRBWHPV4A332ZXM2PZSR4","2026-01-20T19:30:10.539120057Z","01KFEE2FC3P06YMVVVSXKR5DCG","2026-01-20T19:30:10.539120057Z"
"01KFEHTWNEEHBW7P852Z785QPQ","01KFEHA1MRJDJA6FNTED28Z8HF","2026-01-20T20:34:13.294395271Z",10,"2026-01-20T20:34:19.044785242Z","B","2026-01-20T20:34:19.014084742Z","01KFEHA1QYV2E8SAEFNEHYNVTN","2026-01-20T20:34:13.294395271Z","01KFEHKCW5X4CR8DBAYXY74YGJ","2026-01-20T20:34:13.294395271Z","01KFEHSJGF68C9A426Y62F5NSJ","2026-01-20T20:34:13.294395271Z"
"01KFEHVSFM1WMPGH2AWQSJVKK9","01KFEHA1MRJDJA6FNTED28Z8HF","2026-01-20T20:34:42.804053464Z",20,"2026-01-20T20:34:45.662167072Z","B","2026-01-20T20:34:44.797047684Z","01KFEHA1QMX5DYGHPSSSP2RXXX","2026-01-20T20:34:42.804053464Z","01KFEHH299EZ808S0B86915EW8","2026-01-20T20:34:42.804053464Z","01KFEHR30XQXV6KQPQWT2W3PM1","2026-01-20T20:34:42.804053464Z"
"01KFEHZNGZDREZWXVD0TVT2TK4","01KFEHA1EJWPRPNCXBTHCF12K2","2026-01-20T20:36:49.823598728Z",0,"2026-01-20T20:36:53.344851163Z","C","2026-01-20T20:36:53.314506179Z","01KFEHA1GPSKM8FTTA039GX2FE","2026-01-20T20:36:49.823598728Z","01KFEHHKNYNVTAQQFNDQ02SYYK","2026-01-20T20:36:49.823598728Z","01KFEHRJZ8X21W8AKZH7TKW7A3","2026-01-20T20:36:49.823598728Z"
"01KFEFHB10PXYP0PVHSQGJ1G2F","01KFEDC9EK94N2WNCHE5RRQHCJ","2026-01-20T19:54:03.168301029Z",0,"2026-01-20T19:54:19.963223172Z","B","2026-01-20T19:54:19.911850131Z","01KFEDC9FF7T49EPA99GZDGH84","2026-01-20T19:54:03.168301029Z","01KFEFBN24Q9S7DG3606EXV8XC","2026-01-20T19:54:03.168301029Z","01KFEFG2QA26R7Z7W6AJ4QM9WN","2026-01-20T19:54:03.168301029Z"
"01KFEFR4SCFN8MEPXH38DSB67X","01KFEDCAVEZK3QD8ZFC2PP83WE","2026-01-20T19:57:46.156278943Z",0,"2026-01-20T19:57:55.688671429Z","C","2026-01-20T19:57:51.267538034Z","01KFEDCAVZJC7DD4AH1B24TEC6","2026-01-20T19:57:46.156278943Z","01KFEFE9N9CHB9632BFKRF4P6F","2026-01-20T19:57:46.156278943Z","01KFEFNH0B6MNAHEYZB5A285X7","2026-01-20T19:57:46.156278943Z"
"01KFEFWV20TF7F7H8F2MP90F1Z","01KFEDCAVEZK3QD8ZFC2PP83WE","2026-01-20T20:00:20.032488868Z",10,"2026-01-20T20:00:26.723072681Z","A","2026-01-20T20:00:22.155194822Z","01KFEDCAVZJC7DD4AH1B24TEC6","2026-01-20T20:00:20.032488868Z","01KFEFE9N9CHB9632BFKRF4P6F","2026-01-20T20:00:20.032488868Z","01KFEFNGYX0JB0KVDWAGM0XTDP","2026-01-20T20:00:20.032488868Z"
"01KFEJGQBX1J7KP4N6ZF1C9Q7C","01KFEHAM0SBSN9QYCK4NGJTWCC","2026-01-20T20:46:08.76579112Z",10,"2026-01-20T20:46:25.235222104Z","A","2026-01-20T20:46:21.665983342Z","01KFEHAM45R1366856G6A2WGHZ","2026-01-20T20:46:08.76579112Z","01KFEHYH6DP091MJE3KD0CRNR1","2026-01-20T20:46:08.76579112Z","01KFEJBBQNJE31AWBBSCQCM6FR","2026-01-20T20:46:08.76579112Z"
"01KFEEVG5KD3ERVHV16K9440V3","01KFEDCCH0VMFH7P25F40PD43N","2026-01-20T19:42:07.539562975Z",29,"2026-01-20T19:42:12.635495474Z","C","2026-01-20T19:42:12.616448938Z","01KFEDCCHJADFRJT5F5VJ9ST9F","2026-01-20T19:42:07.539562975Z","01KFEEKE9WXRZWBRXYDQ5J10WV","2026-01-20T19:42:07.539562975Z","01KFEERHSS8YK6G21K7D7ATGBQ","2026-01-20T19:42:07.539562975Z"
"01KFEJ27PBPH3AY3ZYFGPYVY6Q","01KFEHA1W0DBA89GCQ87GA4EG5","2026-01-20T20:38:13.963425608Z",17,"2026-01-20T20:38:18.614450421Z","D","2026-01-20T20:38:18.582929689Z","01KFEHA1Z72TJ9J0QENR016CFN","2026-01-20T20:38:13.963425608Z","01KFEHVQ5CHDKKYBKKZ5GXNMKV","2026-01-20T20:38:13.963425608Z","01KFEHZ0GZS76JMCZK8MEQVZ1N","2026-01-20T20:38:13.963425608Z"
"01KFEJCXK1F7K7K3VJB7GHN89K","01KFEHAM0SBSN9QYCK4NGJTWCC","2026-01-20T20:44:04.065531164Z",19,"2026-01-20T20:44:23.979834838Z","C","2026-01-20T20:44:12.103536434Z","01KFEHAM45R1366856G6A2WGHZ","2026-01-20T20:44:04.065531164Z","01KFEHW1PTS6VD3Q9W69X0CC7S","2026-01-20T20:44:04.065531164Z","01KFEJBBNZ5Y5777HFZX0PXKHM","2026-01-20T20:44:04.065531164Z"
"01KFEDWQFZA7F9J0JMNME9WB9C","01KFEDCC1ZHDDN3CP9JWF4PGTF","2026-01-20T19:25:19.231045126Z",7,"2026-01-20T19:25:26.428838753Z","D","2026-01-20T19:25:24.282990295Z","01KFEDCC2JDADMPT5RVZQ93BA8","2026-01-20T19:25:19.231045126Z","01KFEDKABYH5MEPJ95J3ZMZNRM","2026-01-20T19:25:19.231045126Z","01KFEDVKAVMFNEZ15049QB55J5","2026-01-20T19:25:19.231045126Z"
"01KFEHYJJNY5VTPRNQ7FGH02KK","01KFEHA1MRJDJA6FNTED28Z8HF","2026-01-20T20:36:14.037078538Z",0,"2026-01-20T20:36:22.454146612Z","C","2026-01-20T20:36:17.273021909Z","01KFEHA1QYV2E8SAEFNEHYNVTN","2026-01-20T20:36:14.037078538Z","01KFEHHH6AXDMAXMWAFCF5JGBC","2026-01-20T20:36:14.037078538Z","01KFEHSJJEWKDDBXXN6C8ZK5E1","2026-01-20T20:36:14.037078538Z"
"01KFEJ02Y2MV1F3J1AAQ79MF3J","01KFEHA1W0DBA89GCQ87GA4EG5","2026-01-20T20:37:03.554683157Z",20,"2026-01-20T20:37:10.211059777Z","B","2026-01-20T20:37:06.566276129Z","01KFEHA1Z72TJ9J0QENR016CFN","2026-01-20T20:37:03.554683157Z","01KFEHMDY2YXCAA0WMRPTSEKC9","2026-01-20T20:37:03.554683157Z","01KFEHZ0DQ5KG0WEM8XV9A406R","2026-01-20T20:37:03.554683157Z"
"01KFEE64G41C2CZ98CKY6H6763","01KFEDCB0G5KS91T4MD9JTDSA4","2026-01-20T19:30:27.460814899Z",19,"2026-01-20T19:30:31.828090239Z","C","2026-01-20T19:30:31.250657879Z","01KFEDCB197E7YMN5STVXKHS22","2026-01-20T19:30:27.460814899Z","01KFEDZFSW9KBCS8VJN8KBS8T4","2026-01-20T19:30:27.460814899Z","01KFEE2FBXEWV16GWAXSET8CNM","2026-01-20T19:30:27.460814899Z"
"01KFEFHB0TWRWR4Q4DJQ8C4ZN8","01KFEDC9EK94N2WNCHE5RRQHCJ","2026-01-20T19:54:03.16267619Z",0,"2026-01-20T19:54:19.963223172Z","B","2026-01-20T19:54:15.988790923Z","01KFEDC9FF7T49EPA99GZDGH84","2026-01-20T19:54:03.16267619Z","01KFEFB7KJED56AXX5RHJAHZFZ","2026-01-20T19:54:03.16267619Z","01KFEFG2QA26R7Z7W6AJ4QM9WN","2026-01-20T19:54:03.16267619Z"
"01KFEJHCY2Q2WNZ70YWH9JES1K","01KFEHAM0SBSN9QYCK4NGJTWCC","2026-01-20T20:46:30.85023545Z",19,"2026-01-20T20:46:34.074676394Z","C","2026-01-20T20:46:34.017147895Z","01KFEHAM3ZX2QFEZ4F28QFW79D","2026-01-20T20:46:30.85023545Z","01KFEJ9883X77HA7T3SDA1VF8F","2026-01-20T20:46:30.85023545Z","01KFEJDCR9ZKJQY4J73C03HWCS","2026-01-20T20:46:30.85023545Z"
"01KFEDYVV9W620EVJ5PXZ9P3K5","01KFEDCC1ZHDDN3CP9JWF4PGTF","2026-01-20T19:26:29.22550064Z",29,"2026-01-20T19:26:30.935701819Z","C","2026-01-20T19:26:30.92185978Z","01KFEDCC2JDADMPT5RVZQ93BA8","2026-01-20T19:26:29.22550064Z","01KFEDNRR64JDCJYA79FBRE8X8","2026-01-20T19:26:29.22550064Z","01KFEDVKB3W3YVYHTP1FDWKH20","2026-01-20T19:26:29.22550064Z"
"01KFEEP3P78NW9N16ZN6MH7T9C","01KFEDCCAW3ZY6KSKNHTKZ971F","2026-01-20T19:39:10.919571707Z",7,"2026-01-20T19:39:15.128722762Z","D","2026-01-20T19:39:14.086052327Z","01KFEDCCBDJ82W4YK2PN7VDTAX","2026-01-20T19:39:10.919571707Z","01KFEE85J92QXNE2691FZPHW2Z","2026-01-20T19:39:10.919571707Z","01KFEEE80HJ94JB8KAH9GNKJFG","2026-01-20T19:39:10.919571707Z"
"01KFEJYWNPXQQ1A3MKYKCPDJFC","01KFEJ5DKDD8ED3R70AXWWV7TA","2026-01-20T20:53:52.95083801Z",29,"2026-01-20T20:53:54.852282191Z","C","2026-01-20T20:53:54.778919839Z","01KFEJ5DPFFD934S0E2GQ1B9RR","2026-01-20T20:53:52.95083801Z","01KFEJJ4V0E3E83F88J6MK6KAW","2026-01-20T20:53:52.95083801Z","01KFEJVCY5E3NBVHMJHBJC0CX9","2026-01-20T20:53:52.95083801Z"
"01KFEEZNBRCW09STX1JW0BS49W","01KFEDCCAW3ZY6KSKNHTKZ971F","2026-01-20T19:44:23.928224552Z",10,"2026-01-20T19:44:26.765800555Z","B","2026-01-20T19:44:26.746638138Z","01KFEDCCBE716PRHN8Q6NQV6ZT","2026-01-20T19:44:23.928224552Z","01KFEEMXPGKZB6AS6D6H40GZ8R","2026-01-20T19:44:23.928224552Z","01KFEEV7WPS5RX78268NJNE86T","2026-01-20T19:44:23.928224552Z"
"01KFEHKPGVYRZQREVDEZ39397C","01KFEHA1EJWPRPNCXBTHCF12K2","2026-01-20T20:30:17.627919657Z",19,"2026-01-20T20:30:20.177357784Z","C","2026-01-20T20:30:19.137064199Z","01KFEHA1GK3DQ7TRWFWA7J267H","2026-01-20T20:30:17.627919657Z","01KFEHBP1ZE2AV6NAD8SG9ZGBW","2026-01-20T20:30:17.627919657Z","01KFEHFC2A7F7PJXVDFCHH4XQD","2026-01-20T20:30:17.627919657Z"
"01KFEK5B3BDFBH9KXB0HJ3SZG3","01KFEJ5C7H3Z5SGPPT0TCGAEB2","2026-01-20T20:57:24.331502108Z",0,"2026-01-20T20:57:26.874713378Z","C","2026-01-20T20:57:26.468134945Z","01KFEJ5C9822567XDA8A9QG0G3","2026-01-20T20:57:24.331502108Z","01KFEJRM0CNFF8YTKCA6JC16CE","2026-01-20T20:57:24.331502108Z","01KFEK0Q70R7WAX0TRT4PFQJMH","2026-01-20T20:57:24.331502108Z"
"01KFEHM7X5KAB33JF3PTQW8D6V","01KFEHA1W0DBA89GCQ87GA4EG5","2026-01-20T20:30:35.429613149Z",0,"2026-01-20T20:30:37.673094824Z","C","2026-01-20T20:30:37.650049384Z","01KFEHA1ZNDEMMB0DK92YAW8BD","2026-01-20T20:30:35.429613149Z","01KFEHEBSJCV2WCY6FBMMN65A3","2026-01-20T20:30:35.429613149Z","01KFEHHMX58E8ZCKT58BW5M6RE","2026-01-20T20:30:35.429613149Z"
"01KFEHXQZBRYD54A7MF62BQWAS","01KFEHA1EJWPRPNCXBTHCF12K2","2026-01-20T20:35:46.795805278Z",10,"2026-01-20T20:35:55.254995493Z","A","2026-01-20T20:35:55.228493771Z","01KFEHA1GRK7A014NXTNRF457G","2026-01-20T20:35:46.795805278Z","01KFEHG6C81JZ80FMVPH00AMCG","2026-01-20T20:35:46.795805278Z","01KFEHPVMYEXWPG2VEHYC5GEGW","2026-01-20T20:35:46.795805278Z"
"01KFEEXF1MVZRQNQN8XYNZ9DYP","01KFEDCCAW3ZY6KSKNHTKZ971F","2026-01-20T19:43:11.924801685Z",10,"2026-01-20T19:43:17.905908081Z","B","2026-01-20T19:43:13.109293506Z","01KFEDCCBE716PRHN8Q6NQV6ZT","2026-01-20T19:43:11.924801685Z","01KFEEMRW7PPKZGT4SNXBV2JSZ","2026-01-20T19:43:11.924801685Z","01KFEEV7W8DFGAYEWV1JC1WZ5P","2026-01-20T19:43:11.924801685Z"
"01KFEFNPH8X10PKVPVP4HVHV83","01KFEDC9EK94N2WNCHE5RRQHCJ","2026-01-20T19:56:26.024444016Z",10,"2026-01-20T19:56:29.222021238Z","A","2026-01-20T19:56:28.880155366Z","01KFEDC9FF7T49EPA99GZDGH84","2026-01-20T19:56:26.024444016Z","01KFEFB7KJED56AXX5RHJAHZFZ","2026-01-20T19:56:26.024444016Z","01KFEFG2QS60SBWDNCT785Y7NV","2026-01-20T19:56:26.024444016Z"
"01KFEHNVFABWNMJHPMD4RK8R34","01KFEHA1EJWPRPNCXBTHCF12K2","2026-01-20T20:31:28.234829598Z",29,"2026-01-20T20:31:45.236483874Z","C","2026-01-20T20:31:32.041357411Z","01KFEHA1GDXTPSA0SX8CRPX47C","2026-01-20T20:31:28.234829598Z","01KFEHHMSX0QGW7JR1FS9J2AW6","2026-01-20T20:31:28.234829598Z","01KFEHNSD6158C77DMQJSC24RA","2026-01-20T20:31:28.234829598Z"
"01KFEJ8R17MR1EKQA76CJTT70D","01KFEHA20TFYVSSENV0N2723W5","2026-01-20T20:41:47.303245291Z",10,"2026-01-20T20:42:00.201131984Z","A","2026-01-20T20:42:00.148060598Z","01KFEHA25S6PYJD4DSX1VJG5FE","2026-01-20T20:41:47.303245291Z","01KFEHWFN7B5ZY9MX1Q0P1B17R","2026-01-20T20:41:47.303245291Z","01KFEJ3HR03D88K3E0A8S0SB8Q","2026-01-20T20:41:47.303245291Z"
"01KFEJDWJFCS9V3FE5H2583ZRX","01KFEHAM0SBSN9QYCK4NGJTWCC","2026-01-20T20:44:35.791184761Z",20,"2026-01-20T20:44:57.36018256Z","B","2026-01-20T20:44:41.989074822Z","01KFEHAM45R1366856G6A2WGHZ","2026-01-20T20:44:35.791184761Z","01KFEHW1PTS6VD3Q9W69X0CC7S","2026-01-20T20:44:35.791184761Z","01KFEJBBNC9YFDS33S0V1TA786","2026-01-20T20:44:35.791184761Z"
"01KFEJZR3FD674FFVFCYT1WT2C","01KFEJ5DKDD8ED3R70AXWWV7TA","2026-01-20T20:54:21.039047112Z",17,"2026-01-20T20:54:23.900201599Z","D","2026-01-20T20:54:23.825456124Z","01KFEJ5DPFFD934S0E2GQ1B9RR","2026-01-20T20:54:21.039047112Z","01KFEJPRKV9117XEB7P0YJ5NT5","2026-01-20T20:54:21.039047112Z","01KFEJVCZYK0VM39A41XGMZ1CS","2026-01-20T20:54:21.039047112Z"
"01KFEFJNC232SYA9QM54NKDWNM","01KFEDCAVEZK3QD8ZFC2PP83WE","2026-01-20T19:54:46.530365213Z",0,"2026-01-20T19:54:52.570670679Z","C","2026-01-20T19:54:52.554987132Z","01KFEDCAVZJC7DD4AH1RF6NR9W","2026-01-20T19:54:46.530365213Z","01KFEF0XCN2JDQQD559T0PP43B","2026-01-20T19:54:46.530365213Z","01KFEFFP3D8290N5CZYE4JVQ5H","2026-01-20T19:54:46.530365213Z"
"01KFEFVR9GNAA7BEQD1WXK7681","01KFEDCAVEZK3QD8ZFC2PP83WE","2026-01-20T19:59:44.432901643Z",20,"2026-01-20T19:59:52.641405294Z","B","2026-01-20T19:59:52.618613158Z","01KFEDCAVZJC7DD4AH1B24TEC6","2026-01-20T19:59:44.432901643Z","01KFEFG8GX8B9102EGAWCJ2ZB0","2026-01-20T19:59:44.432901643Z","01KFEFNGZJVF9K4QR5AFNHF7ST","2026-01-20T19:59:44.432901643Z"
"01KFEHSMRV5XV0QFXWYHXH23NZ","01KFEHA1MRJDJA6FNTED28Z8HF","2026-01-20T20:33:32.443795418Z",0,"2026-01-20T20:33:49.346173205Z","C","2026-01-20T20:33:49.314889855Z","01KFEHA1QYV2E8SAEFNEHYNVTN","2026-01-20T20:33:32.443795418Z","01KFEHHH6AXDMAXMWAFCF5JGBC","2026-01-20T20:33:32.443795418Z","01KFEHSJFTY724JYE28JE8TD7S","2026-01-20T20:33:32.443795418Z"
"01KFEJ1VTX2QPSN04FPSP5EAG9","01KFEHA1W0DBA89GCQ87GA4EG5","2026-01-20T20:38:01.82152708Z",0,"2026-01-20T20:38:06.748268076Z","A","2026-01-20T20:38:04.368096683Z","01KFEHA1ZSVYK8DGYZZSV53FQM","2026-01-20T20:38:01.82152708Z","01KFEHMXV04MY34HJYA33HA616","2026-01-20T20:38:01.82152708Z","01KFEHWYVS379VXFQJ5Z6HEMZZ","2026-01-20T20:38:01.82152708Z"
"01KFEEWTNHJ88PT8H66PY2920J","01KFEDCCH0VMFH7P25F40PD43N","2026-01-20T19:42:51.057975173Z",17,"2026-01-20T19:42:53.303827667Z","D","2026-01-20T19:42:52.377230003Z","01KFEDCCHJADFRJT5F5VJ9ST9F","2026-01-20T19:42:51.057975173Z","01KFEEJDGDWEMZQAHJH9Z7FVC3","2026-01-20T19:42:51.057975173Z","01KFEERHSFFMFFS4ADHYXMDXT1","2026-01-20T19:42:51.057975173Z"
"01KFEEZ2BJJ7N5Q6VT2EC6Q6J1","01KFEDCCAW3ZY6KSKNHTKZ971F","2026-01-20T19:44:04.466107062Z",0,"2026-01-20T19:44:06.961201674Z","C","2026-01-20T19:44:06.941966945Z","01KFEDCCBE716PRHN8Q6NQV6ZT","2026-01-20T19:44:04.466107062Z","01KFEEMXPGKZB6AS6D6H40GZ8R","2026-01-20T19:44:04.466107062Z","01KFEEV7WHAATN39RX30HS1F0G","2026-01-20T19:44:04.466107062Z"
"01KFEHTYA8TGD3MPNNB8HXSJXJ","01KFEHA1EJWPRPNCXBTHCF12K2","2026-01-20T20:34:14.984086874Z",0,"2026-01-20T20:34:26.362196247Z","C","2026-01-20T20:34:26.32885619Z","01KFEHA1GPSKM8FTTA039GX2FE","2026-01-20T20:34:14.984086874Z","01KFEHHKNYNVTAQQFNDQ02SYYK","2026-01-20T20:34:14.984086874Z","01KFEHRJXHFJDDT34JT1B8NR37","2026-01-20T20:34:14.984086874Z"
"01KFEHW4TVWX0JWHET4T4WZ9VH","01KFEHA1EJWPRPNCXBTHCF12K2","2026-01-20T20:34:54.427193584Z",0,"2026-01-20T20:34:58.924090866Z","B","2026-01-20T20:34:57.81955391Z","01KFEHA1GRK7A014NXTNRF457G","2026-01-20T20:34:54.427193584Z","01KFEHFSGA9RW2KQK679GQ5Q17","2026-01-20T20:34:54.427193584Z","01KFEHPVM80D3HHMA44BE4TX88","2026-01-20T20:34:54.427193584Z"
"01KFEHYXA9G5QBJBT7ER7XJF3H","01KFEHA1MRJDJA6FNTED28Z8HF","2026-01-20T20:36:25.033980164Z",17,"2026-01-20T20:36:27.425682382Z","D","2026-01-20T20:36:27.384876278Z","01KFEHA1QYV2E8SAEFNEHYNVTN","2026-01-20T20:36:25.033980164Z","01KFEHKCW5X4CR8DBAYXY74YGJ","2026-01-20T20:36:25.033980164Z","01KFEHSJJNJF239FPVEQVJDX79","2026-01-20T20:36:25.033980164Z"
"01KFEK3J0SY0JP71WR65YVVKRH","01KFEJ5CPJ5RGARFNN6Z0PCT4Q","2026-01-20T20:56:25.881861196Z",17,"2026-01-20T20:56:35.43084018Z","D","2026-01-20T20:56:30.052900245Z","01KFEJ5CRSNMMQKHYMFD35850B","2026-01-20T20:56:25.881861196Z","01KFEJD683V7BW0EC67T5B9T0M","2026-01-20T20:56:25.881861196Z","01KFEJRTV5A80KDQ9C6HRFGA6H","2026-01-20T20:56:25.881861196Z"
"01KFEHMSPBKV7M2NJDH7BMTZ6P","01KFEHA1W0DBA89GCQ87GA4EG5","2026-01-20T20:30:53.643616982Z",29,"2026-01-20T20:30:55.077460745Z","C","2026-01-20T20:30:55.053263361Z","01KFEHA1ZNDEMMB0DK92YAW8BD","2026-01-20T20:30:53.643616982Z","01KFEHEBSJCV2WCY6FBMMN65A3","2026-01-20T20:30:53.643616982Z","01KFEHHMXP21JSNRN7JFZ6VP9A","2026-01-20T20:30:53.643616982Z"
"01KFEHPXPXA8B606Y8WVT1RQ2S","01KFEHA1EJWPRPNCXBTHCF12K2","2026-01-20T20:32:03.293769725Z",0,"2026-01-20T20:32:53.802987185Z","B","2026-01-20T20:32:07.761752645Z","01KFEHA1GRK7A014NXTNRF457G","2026-01-20T20:32:03.293769725Z","01KFEHG6C81JZ80FMVPH00AMCG","2026-01-20T20:32:03.293769725Z","01KFEHPVJHSEHEHW4ND45EQSBE","2026-01-20T20:32:03.293769725Z"
"01KFEJ3MV12Y4TFAQVSQB8P4G0","01KFEHA20TFYVSSENV0N2723W5","2026-01-20T20:39:00.193622513Z",20,"2026-01-20T20:39:11.830413437Z","A","2026-01-20T20:39:11.790069238Z","01KFEHA25S6PYJD4DSX1VJG5FE","2026-01-20T20:39:00.193622513Z","01KFEHWFN7B5ZY9MX1Q0P1B17R","2026-01-20T20:39:00.193622513Z","01KFEJ3HN6DTY6DEXSN994BE0X","2026-01-20T20:39:00.193622513Z"
"01KFEJJ3EV0Q7JDZX77YTV4WZ4","01KFEHAM0SBSN9QYCK4NGJTWCC","2026-01-20T20:46:53.915593928Z",10,"2026-01-20T20:46:57.151825941Z","B","2026-01-20T20:46:56.949928441Z","01KFEHAM45R1366856G6A2WGHZ","2026-01-20T20:46:53.915593928Z","01KFEHYH6DP091MJE3KD0CRNR1","2026-01-20T20:46:53.915593928Z","01KFEJBBVEJE40AH3VN5XDG132","2026-01-20T20:46:53.915593928Z"
"01KFEJQ1P40BEVR3TJBY5XYDJP","01KFEHAM72H3ZNN8G0T2BCT79K","2026-01-20T20:49:35.940793797Z",17,"2026-01-20T20:50:48.591336941Z","D","2026-01-20T20:50:48.365734825Z","01KFEHAMATV7GY0NQF17M2P0MD","2026-01-20T20:49:35.940793797Z","01KFEJ9C86SAQ3FA5GXN0A1JWJ","2026-01-20T20:49:35.940793797Z","01KFEJMAVYCV7MB06H90WBN1Y9","2026-01-20T20:49:35.940793797Z"
"01KFEK3J1BJTZ9Z9GMVRN51JVW","01KFEJ5CPJ5RGARFNN6Z0PCT4Q","2026-01-20T20:56:25.899084823Z",29,"2026-01-20T20:56:35.43084018Z","C","2026-01-20T20:56:30.409832829Z","01KFEJ5CRSNMMQKHYMFD35850B","2026-01-20T20:56:25.899084823Z","01KFEJHQKQJTKAV5X447CE3YRT","2026-01-20T20:56:25.899084823Z","01KFEJRTV5A80KDQ9C6HRFGA6H","2026-01-20T20:56:25.899084823Z"
"01KFEHNBSH56NR77EGJV73XBZ7","01KFEHA1W0DBA89GCQ87GA4EG5","2026-01-20T20:31:12.177868301Z",17,"2026-01-20T20:31:13.480276003Z","D","2026-01-20T20:31:13.459795203Z","01KFEHA1ZNDEMMB0DK92YAW8BD","2026-01-20T20:31:12.177868301Z","01KFEHAFP87N0FEFRCAHH2V652","2026-01-20T20:31:12.177868301Z","01KFEHHMWHAX79VP1M4MVHPBRK","2026-01-20T20:31:12.177868301Z"
"01KFEHSSX8GWYA1ZBN3XYKZ6M6","01KFEHA1EJWPRPNCXBTHCF12K2","2026-01-20T20:33:37.70480293Z",7,"2026-01-20T20:33:43.71178091Z","D","2026-01-20T20:33:43.678356256Z","01KFEHA1GRK7A014NXTNRF457G","2026-01-20T20:33:37.70480293Z","01KFEHG6C81JZ80FMVPH00AMCG","2026-01-20T20:33:37.70480293Z","01KFEHPVK4S37ANGVEY4P7Q3HW","2026-01-20T20:33:37.70480293Z"
"01KFEEEGZ3R2DBDJ4WE1EB4TPE","01KFEDCB7P38BTZ4ACVDP6P0XN","2026-01-20T19:35:02.371635013Z",19,"2026-01-20T19:35:06.886533824Z","C","2026-01-20T19:35:03.984625328Z","01KFEDCB85NRAF0XG25ABR62N5","2026-01-20T19:35:02.371635013Z","01KFEE7Q9A8CN1TS35QENG1JN7","2026-01-20T19:35:02.371635013Z","01KFEEC6QH5D5ACPND1G5VKQK9","2026-01-20T19:35:02.371635013Z"
"01KFEFHA16XPWBV44QPMGMZ0XJ","01KFEDCAVEZK3QD8ZFC2PP83WE","2026-01-20T19:54:02.150242949Z",19,"2026-01-20T19:54:04.986377264Z","C","2026-01-20T19:54:04.969333343Z","01KFEDCAVZJC7DD4AH1RF6NR9W","2026-01-20T19:54:02.150242949Z","01KFEF0XCN2JDQQD559T0PP43B","2026-01-20T19:54:02.150242949Z","01KFEFFP3VJPQ246SEMNPWFRWY","2026-01-20T19:54:02.150242949Z"
"01KFEHR571SB1G97ASMR8G27Y6","01KFEHA1EJWPRPNCXBTHCF12K2","2026-01-20T20:32:43.745438411Z",0,"2026-01-20T20:32:45.235044929Z","C","2026-01-20T20:32:45.20337467Z","01KFEHA1GDXTPSA0SX8CRPX47C","2026-01-20T20:32:43.745438411Z","01KFEHHMSX0QGW7JR1FS9J2AW6","2026-01-20T20:32:43.745438411Z","01KFEHNSEJ5TEJVZH54JBED297","2026-01-20T20:32:43.745438411Z"
"01KFEJ33NC1KCV3M0PMG8VZA6Q","01KFEHA1W0DBA89GCQ87GA4EG5","2026-01-20T20:38:42.604775878Z",10,"2026-01-20T20:38:48.313388182Z","A","2026-01-20T20:38:48.284336441Z","01KFEHA1ZSVYK8DGYZZSV53FQM","2026-01-20T20:38:42.604775878Z","01KFEHKWX6S3CRVA3YVBJBPSWT","2026-01-20T20:38:42.604775878Z","01KFEHWYXN0B7KTJV0CTBC7BQ0","2026-01-20T20:38:42.604775878Z"
"01KFEJJ1GA2Z5B1VHHYSEFHQKA","01KFEHAM0SBSN9QYCK4NGJTWCC","2026-01-20T20:46:51.914677909Z",10,"2026-01-20T20:46:55.724359627Z","B","2026-01-20T20:46:52.989539236Z","01KFEHAM3ZX2QFEZ4F28QFW79D","2026-01-20T20:46:51.914677909Z","01KFEJ99258GDSZYNA4N0ER3PR","2026-01-20T20:46:51.914677909Z","01KFEJDCS7ZBZDEK62GKHMXRKC","2026-01-20T20:46:51.914677909Z"
"01KFEJYQKTNMEGK20A68XAAWKG","01KFEJ5DKDD8ED3R70AXWWV7TA","2026-01-20T20:53:47.770863508Z",29,"2026-01-20T20:53:50.301158009Z","C","2026-01-20T20:53:50.229377981Z","01KFEJ5DPFFD934S0E2GQ1B9RR","2026-01-20T20:53:47.770863508Z","01KFEJJ4V0E3E83F88J6MK6KAW","2026-01-20T20:53:47.770863508Z","01KFEJVCXHAW05XAG85BA7ZJ54","2026-01-20T20:53:47.770863508Z"
"01KFEDYPDP799RXA3M0C11F755","01KFEDCC1ZHDDN3CP9JWF4PGTF","2026-01-20T19:26:23.670658386Z",29,"2026-01-20T19:26:26.445508092Z","C","2026-01-20T19:26:25.76968031Z","01KFEDCC2JDADMPT5RVZQ93BA8","2026-01-20T19:26:23.670658386Z","01KFEDNRR64JDCJYA79FBRE8X8","2026-01-20T19:26:23.670658386Z","01KFEDVKB4B3RTD43XPR8V6HDM","2026-01-20T19:26:23.670658386Z"
"01KFEDYVVAKRRTZZAGHVKWMERY","01KFEDCC1ZHDDN3CP9JWF4PGTF","2026-01-20T19:26:29.226451622Z",17,"2026-01-20T19:26:30.935701819Z","D","2026-01-20T19:26:30.473662464Z","01KFEDCC2JDADMPT5RVZQ93BA8","2026-01-20T19:26:29.226451622Z","01KFEDKABYH5MEPJ95J3ZMZNRM","2026-01-20T19:26:29.226451622Z","01KFEDVKB3W3YVYHTP1FDWKH20","2026-01-20T19:26:29.226451622Z"
"01KFEJZR3YRT6X4NCHFH4T9ZP7","01KFEJ5DKDD8ED3R70AXWWV7TA","2026-01-20T20:54:21.054786497Z",29,"2026-01-20T20:54:23.900201599Z","C","2026-01-20T20:54:23.034849074Z","01KFEJ5DPFFD934S0E2GQ1B9RR","2026-01-20T20:54:21.054786497Z","01KFEJJ4V0E3E83F88J6MK6KAW","2026-01-20T20:54:21.054786497Z","01KFEJVCZYK0VM39A41XGMZ1CS","2026-01-20T20:54:21.054786497Z"
"01KFEJB6PPFR3BPKKQSHEG4WW6","01KFEHA20TFYVSSENV0N2723W5","2026-01-20T20:43:07.862678731Z",20,"2026-01-20T20:43:10.110326762Z","B","2026-01-20T20:43:09.721692165Z","01KFEHA25S6PYJD4DSX1VJG5FE","2026-01-20T20:43:07.862678731Z","01KFEHKBVRWD07VXT4ZKHQQAA6","2026-01-20T20:43:07.862678731Z","01KFEJ3HSQ58B4VJYNF657ZZ6Y","2026-01-20T20:43:07.862678731Z"
"01KFEEEGYWH3587470CG06VTWD","01KFEDCB7P38BTZ4ACVDP6P0XN","2026-01-20T19:35:02.364252678Z",10,"2026-01-20T19:35:06.886533824Z","A","2026-01-20T19:35:06.869782653Z","01KFEDCB85NRAF0XG25ABR62N5","2026-01-20T19:35:02.364252678Z","01KFEE2GDYZKFQF2HSAA1FMRTA","2026-01-20T19:35:02.364252678Z","01KFEEC6QH5D5ACPND1G5VKQK9","2026-01-20T19:35:02.364252678Z"
"01KFEFFH4R0K7Y7049YZWTAAKM","01KFEDCCH0VMFH7P25F40PD43N","2026-01-20T19:53:03.897004747Z",0,"2026-01-20T19:53:11.984014106Z","C","2026-01-20T19:53:08.518286675Z","01KFEDCCHH44R979H37GT2B68J","2026-01-20T19:53:03.897004747Z","01KFEFADJR1SXTG9225WD5SFVJ","2026-01-20T19:53:03.897004747Z","01KFEFDZCG08061MCGPWD9T22C","2026-01-20T19:53:03.897004747Z"
"01KFEEZZZ61DTPY9HPCB928F2F","01KFEDCCAW3ZY6KSKNHTKZ971F","2026-01-20T19:44:34.790308443Z",0,"2026-01-20T19:44:36.908537712Z","B","2026-01-20T19:44:36.582494389Z","01KFEDCCBE716PRHN8Q6NQV6ZT","2026-01-20T19:44:34.790308443Z","01KFEEMXPGKZB6AS6D6H40GZ8R","2026-01-20T19:44:34.790308443Z","01KFEEV7VNM3A5S547E076TFGQ","2026-01-20T19:44:34.790308443Z"
"01KFEHTCBT6DHKGS1WEQXG7G9R","01KFEHA1MRJDJA6FNTED28Z8HF","2026-01-20T20:33:56.602440608Z",20,"2026-01-20T20:33:58.552117791Z","B","2026-01-20T20:33:58.530417443Z","01KFEHA1QMX5DYGHPSSSP2RXXX","2026-01-20T20:33:56.602440608Z","01KFEHH299EZ808S0B86915EW8","2026-01-20T20:33:56.602440608Z","01KFEHR300R4Z1023H2P7TMEHD","2026-01-20T20:33:56.602440608Z"
"01KFEK1TYJEPC5B7KXRYRQ3BB3","01KFEJ5CPJ5RGARFNN6Z0PCT4Q","2026-01-20T20:55:29.490796223Z",17,"2026-01-20T20:55:36.209452892Z","D","2026-01-20T20:55:34.064724132Z","01KFEJ5CRSNMMQKHYMFD35850B","2026-01-20T20:55:29.490796223Z","01KFEJD683V7BW0EC67T5B9T0M","2026-01-20T20:55:29.490796223Z","01KFEJRTSAPTRB7YAQPWEYHTS4","2026-01-20T20:55:29.490796223Z"
"01KFEHMSZRQ9GHGAD4PTCV63SB","01KFEHA20TFYVSSENV0N2723W5","2026-01-20T20:30:53.944178831Z",20,"2026-01-20T20:30:56.166794931Z","A","2026-01-20T20:30:54.876222266Z","01KFEHA25NESP3C46R1STZWY67","2026-01-20T20:30:53.944178831Z","01KFEHE6NX6FXVRTV1KPH8TKWC","2026-01-20T20:30:53.944178831Z","01KFEHHR50QEESAKDTX0Z9AJEC","2026-01-20T20:30:53.944178831Z"
"01KFEHW1V8J6NM5RJ3PRBCT9ZD","01KFEHA1EJWPRPNCXBTHCF12K2","2026-01-20T20:34:51.368054192Z",0,"2026-01-20T20:34:58.24502489Z","C","2026-01-20T20:34:54.372211333Z","01KFEHA1GPSKM8FTTA039GX2FE","2026-01-20T20:34:51.368054192Z","01KFEHGGC977SV7QXMD0KQJ3VM","2026-01-20T20:34:51.368054192Z","01KFEHRJXZQZ099ENQ9A6Z0P2J","2026-01-20T20:34:51.368054192Z"
"01KFEFHSTJAWVS8Z5RNX5DV9ZM","01KFEDCAVEZK3QD8ZFC2PP83WE","2026-01-20T19:54:18.322354261Z",19,"2026-01-20T19:54:21.982415432Z","C","2026-01-20T19:54:19.612789111Z","01KFEDCAVZJC7DD4AH1RF6NR9W","2026-01-20T19:54:18.322354261Z","01KFEF0XCN2JDQQD559T0PP43B","2026-01-20T19:54:18.322354261Z","01KFEFFP39G08VP8Y5HX5TE1VX","2026-01-20T19:54:18.322354261Z"
"01KFEJ25NVZSS9NN6THWJ7NKCE","01KFEHA1W0DBA89GCQ87GA4EG5","2026-01-20T20:38:11.89945105Z",0,"2026-01-20T20:38:16.918425284Z","A","2026-01-20T20:38:16.876241573Z","01KFEHA1ZSVYK8DGYZZSV53FQM","2026-01-20T20:38:11.89945105Z","01KFEHKWX6S3CRVA3YVBJBPSWT","2026-01-20T20:38:11.89945105Z","01KFEHWYY8GJ0H5MV8Q7F9NVSC","2026-01-20T20:38:11.89945105Z"
"01KFEJCXKDGTYFAKJABEPJ84SQ","01KFEHAM0SBSN9QYCK4NGJTWCC","2026-01-20T20:44:04.077396642Z",10,"2026-01-20T20:44:23.979834838Z","A","2026-01-20T20:44:21.172178409Z","01KFEHAM45R1366856G6A2WGHZ","2026-01-20T20:44:04.077396642Z","01KFEHYH6DP091MJE3KD0CRNR1","2026-01-20T20:44:04.077396642Z","01KFEJBBNZ5Y5777HFZX0PXKHM","2026-01-20T20:44:04.077396642Z"
"01KFEE3NE9A3K7FWJ2GXBPJGEA","01KFEDCB0G5KS91T4MD9JTDSA4","2026-01-20T19:29:06.505209216Z",10,"2026-01-20T19:29:12.096934409Z","A","2026-01-20T19:29:12.083960227Z","01KFEDCB197E7YMN5STVXKHS22","2026-01-20T19:29:06.505209216Z","01KFEDZFSW9KBCS8VJN8KBS8T4","2026-01-20T19:29:06.505209216Z","01KFEE2FBW0QCVRB4GS4XCC0SW","2026-01-20T19:29:06.505209216Z"
"01KFEFE0WTGBHG1RS8RGNSXK2E","01KFEDCCH0VMFH7P25F40PD43N","2026-01-20T19:52:14.490213286Z",19,"2026-01-20T19:52:23.060363541Z","C","2026-01-20T19:52:23.044724199Z","01KFEDCCHH44R979H37GT2B68J","2026-01-20T19:52:14.490213286Z","01KFEF0J7C8417B13N1313JGSZ","2026-01-20T19:52:14.490213286Z","01KFEFDZC6QJHYFC5QKCC6WKWN","2026-01-20T19:52:14.490213286Z"
"01KFEFM9E4F18C3BYAS0N1E08M","01KFEDCAVEZK3QD8ZFC2PP83WE","2026-01-20T19:55:39.844853748Z",10,"2026-01-20T19:55:41.963885503Z","B","2026-01-20T19:55:41.124807194Z","01KFEDCAVZJC7DD4AH1RF6NR9W","2026-01-20T19:55:39.844853748Z","01KFEF0XCN2JDQQD559T0PP43B","2026-01-20T19:55:39.844853748Z","01KFEFFP3PF615T8GRJTDVWD2W","2026-01-20T19:55:39.844853748Z"
"01KFEHMBWS0R5STWTKPDWCQ39H","01KFEHA1MRJDJA6FNTED28Z8HF","2026-01-20T20:30:39.513658113Z",0,"2026-01-20T20:30:44.06283138Z","C","2026-01-20T20:30:44.03755399Z","01KFEHA1R32D8V3SKQA6BEDXA8","2026-01-20T20:30:39.513658113Z","01KFEHAKHNEWG0MCGFJGNXPB10","2026-01-20T20:30:39.513658113Z","01KFEHGC8RFX2GAQVABMSQ27AK","2026-01-20T20:30:39.513658113Z"
"01KFEHRFXPYVF7V3KX6R67Y424","01KFEHA1EJWPRPNCXBTHCF12K2","2026-01-20T20:32:54.710551215Z",0,"2026-01-20T20:32:57.485550803Z","D","2026-01-20T20:32:57.454716833Z","01KFEHA1GDXTPSA0SX8CRPX47C","2026-01-20T20:32:54.710551215Z","01KFEHHMSX0QGW7JR1FS9J2AW6","2026-01-20T20:32:54.710551215Z","01KFEHNSERT24QHAQH5EGCEX37","2026-01-20T20:32:54.710551215Z"
"01KFEJVRPD1T3DBSEPCQ0CPHJQ","01KFEHAM0SBSN9QYCK4NGJTWCC","2026-01-20T20:52:10.57361094Z",10,"2026-01-20T20:52:32.267598329Z","B","2026-01-20T20:52:16.323614199Z","01KFEHAM4AZFDTAG8DR1VA4141","2026-01-20T20:52:10.57361094Z","01KFEJFMC7CFQF46Z46BV1EM1Q","2026-01-20T20:52:10.57361094Z","01KFEJMJS4TK09CA08Z9CKYQZA","2026-01-20T20:52:10.57361094Z"
"01KFEEG3Q4NKACZ7XY6BEG8Z8S","01KFEDCB0G5KS91T4MD9JTDSA4","2026-01-20T19:35:54.340400562Z",19,"2026-01-20T19:35:59.236013431Z","C","2026-01-20T19:35:59.219068111Z","01KFEDCB15BD0TYD7H0V6YZGSZ","2026-01-20T19:35:54.340400562Z","01KFEE2B09J1P0X60NY0EGT3C2","2026-01-20T19:35:54.340400562Z","01KFEE9KM38CZQAMJ0RM03WZMX","2026-01-20T19:35:54.340400562Z"
"01KFEFGYRSTZ5D65N00KDWEZNZ","01KFEDCAVEZK3QD8ZFC2PP83WE","2026-01-20T19:53:50.617042859Z",19,"2026-01-20T19:53:56.741348532Z","C","2026-01-20T19:53:52.564572599Z","01KFEDCAVZJC7DD4AH1RF6NR9W","2026-01-20T19:53:50.617042859Z","01KFEF0XCN2JDQQD559T0PP43B","2026-01-20T19:53:50.617042859Z","01KFEFFP322A2Q4N08RTY349G9","2026-01-20T19:53:50.617042859Z"
"01KFEHMHQAK6AZGPJAT6Z7YAR5","01KFEHA1MRJDJA6FNTED28Z8HF","2026-01-20T20:30:45.482954821Z",10,"2026-01-20T20:30:48.085301672Z","B","2026-01-20T20:30:48.066249734Z","01KFEHA1R32D8V3SKQA6BEDXA8","2026-01-20T20:30:45.482954821Z","01KFEHAKHNEWG0MCGFJGNXPB10","2026-01-20T20:30:45.482954821Z","01KFEHGC8WGHDF8AP0WS6ME5SQ","2026-01-20T20:30:45.482954821Z"
"01KFEEG3Q8FYAMR7EPTAER3RRW","01KFEDCB0G5KS91T4MD9JTDSA4","2026-01-20T19:35:54.344663504Z",10,"2026-01-20T19:35:59.236013431Z","A","2026-01-20T19:35:56.101300181Z","01KFEDCB15BD0TYD7H0V6YZGSZ","2026-01-20T19:35:54.344663504Z","01KFEE07X889KRR9ZR3BVZBWD6","2026-01-20T19:35:54.344663504Z","01KFEE9KM38CZQAMJ0RM03WZMX","2026-01-20T19:35:54.344663504Z"
"01KFEFTTTFJ9D62EFGB5FWZNH7","01KFEDCAVEZK3QD8ZFC2PP83WE","2026-01-20T19:59:14.255559284Z",20,"2026-01-20T19:59:18.57134178Z","A","2026-01-20T19:59:15.347715823Z","01KFEDCAVZJC7DD4AH1B24TEC6","2026-01-20T19:59:14.255559284Z","01KFEFE9N9CHB9632BFKRF4P6F","2026-01-20T19:59:14.255559284Z","01KFEFNGZPVQDEPQ1JQK9SR3ES","2026-01-20T19:59:14.255559284Z"
"01KFEJBHDH4H6A1CZN2NDC1MK9","01KFEHAKK9QMW81MWT2FF1CSZA","2026-01-20T20:43:18.833509908Z",0,"2026-01-20T20:43:24.449908357Z","C","2026-01-20T20:43:20.786798267Z","01KFEHAKMDAJRN7M0QA4VDJCGY","2026-01-20T20:43:18.833509908Z","01KFEHS8J7P9EEBTK2FBSRFBQT","2026-01-20T20:43:18.833509908Z","01KFEJ2SM57D8BZ0SGF5J5YWJG","2026-01-20T20:43:18.833509908Z"
"01KFEJDGS91GJZ0J1K8GCJZ66N","01KFEHAM0SBSN9QYCK4NGJTWCC","2026-01-20T20:44:23.721046822Z",0,"2026-01-20T20:44:31.712272642Z","B","2026-01-20T20:44:31.658050579Z","01KFEHAM3ZX2QFEZ4F28QFW79D","2026-01-20T20:44:23.721046822Z","01KFEJ9883X77HA7T3SDA1VF8F","2026-01-20T20:44:23.721046822Z","01KFEJDCN0X41FT2QN9FBKXCRT","2026-01-20T20:44:23.721046822Z"
"01KFEEC5FJQK2NFARJRVSFZY23","01KFEDCB0G5KS91T4MD9JTDSA4","2026-01-20T19:33:45.074178669Z",19,"2026-01-20T19:33:51.348272164Z","C","2026-01-20T19:33:51.328400388Z","01KFEDCB15BD0TYD7H0V6YZGSZ","2026-01-20T19:33:45.074178669Z","01KFEE2B09J1P0X60NY0EGT3C2","2026-01-20T19:33:45.074178669Z","01KFEE9KKRV4AZK6X2AASARHS8","2026-01-20T19:33:45.074178669Z"
"01KFEHT9PYC99T7XZXP8QE1KAA","01KFEHA1EJWPRPNCXBTHCF12K2","2026-01-20T20:33:53.886932997Z",17,"2026-01-20T20:33:57.275262126Z","D","2026-01-20T20:33:57.178074511Z","01KFEHA1GPSKM8FTTA039GX2FE","2026-01-20T20:33:53.886932997Z","01KFEHGGC977SV7QXMD0KQJ3VM","2026-01-20T20:33:53.886932997Z","01KFEHRJWYGAG3TQYMQ22MKBNW","2026-01-20T20:33:53.886932997Z"
"01KFEFW6EBQW6D2GEA93ES7P4F","01KFEDCAVEZK3QD8ZFC2PP83WE","2026-01-20T19:59:58.923512367Z",20,"2026-01-20T20:00:04.921801595Z","A","2026-01-20T20:00:00.586559764Z","01KFEDCAVZJC7DD4AH1B24TEC6","2026-01-20T19:59:58.923512367Z","01KFEFE9N9CHB9632BFKRF4P6F","2026-01-20T19:59:58.923512367Z","01KFEFNGZB6J98N7CQG08Z8XPA","2026-01-20T19:59:58.923512367Z"
"01KFEHJA4WRFX9X8E2ACR41P64","01KFEHA1MRJDJA6FNTED28Z8HF","2026-01-20T20:29:32.188164792Z",0,"2026-01-20T20:29:39.303026797Z","C","2026-01-20T20:29:36.264894243Z","01KFEHA1R32D8V3SKQA6BEDXA8","2026-01-20T20:29:32.188164792Z","01KFEHAKHNEWG0MCGFJGNXPB10","2026-01-20T20:29:32.188164792Z","01KFEHGC7RGHJ59DN4CYPM6G2H","2026-01-20T20:29:32.188164792Z"
"01KFEHJJGEM7NQH7ZJWZXMW0NM","01KFEHA1W0DBA89GCQ87GA4EG5","2026-01-20T20:29:40.750448466Z",19,"2026-01-20T20:29:44.721716127Z","C","2026-01-20T20:29:44.695144203Z","01KFEHA1ZNDEMMB0DK92YAW8BD","2026-01-20T20:29:40.750448466Z","01KFEHEBSJCV2WCY6FBMMN65A3","2026-01-20T20:29:40.750448466Z","01KFEHHMVQ06X8AGYV0PYFPA6H","2026-01-20T20:29:40.750448466Z"
"01KFEHKPH2FVWND8NAEJ7JMDXF","01KFEHA1EJWPRPNCXBTHCF12K2","2026-01-20T20:30:17.634332421Z",10,"2026-01-20T20:30:20.177357784Z","B","2026-01-20T20:30:20.155828592Z","01KFEHA1GK3DQ7TRWFWA7J267H","2026-01-20T20:30:17.634332421Z","01KFEHC1N15W3XF2S9JNREZ5AJ","2026-01-20T20:30:17.634332421Z","01KFEHFC2A7F7PJXVDFCHH4XQD","2026-01-20T20:30:17.634332421Z"
"01KFEJK45B0DHE2WWRZ1TVQPSR","01KFEHAM0SBSN9QYCK4NGJTWCC","2026-01-20T20:47:27.403112111Z",20,"2026-01-20T20:47:41.340555664Z","A","2026-01-20T20:47:41.296200991Z","01KFEHAM45R1366856G6A2WGHZ","2026-01-20T20:47:27.403112111Z","01KFEHYH6DP091MJE3KD0CRNR1","2026-01-20T20:47:27.403112111Z","01KFEJBBS2BWPZGZRBW8E4A41D","2026-01-20T20:47:27.403112111Z"
"01KFEJY5JVJ37CRTBA0W60093J","01KFEHAM0SBSN9QYCK4NGJTWCC","2026-01-20T20:53:29.307221462Z",10,"2026-01-20T20:53:44.471698173Z","B","2026-01-20T20:53:44.165924347Z","01KFEHAM4AZFDTAG8DR1VA4141","2026-01-20T20:53:29.307221462Z","01KFEJFMC7CFQF46Z46BV1EM1Q","2026-01-20T20:53:29.307221462Z","01KFEJMJVVAZSJ9NF02S13FWBY","2026-01-20T20:53:29.307221462Z"
"01KFEE3AX940FXPQS77SJ6ME2K","01KFEDCC1ZHDDN3CP9JWF4PGTF","2026-01-20T19:28:55.721564588Z",29,"2026-01-20T19:28:58.074323391Z","C","2026-01-20T19:28:58.062324384Z","01KFEDCC2JDADMPT5RVP2N7S0X","2026-01-20T19:28:55.721564588Z","01KFEDNQAB8C2AFG7D4ZXA4K64","2026-01-20T19:28:55.721564588Z","01KFEDZ3302XKAJ5A86C2K5X8E","2026-01-20T19:28:55.721564588Z"
"01KFEEFG2ED1XV1GSP20JG12F9","01KFEDCCAW3ZY6KSKNHTKZ971F","2026-01-20T19:35:34.222122577Z",17,"2026-01-20T19:35:39.324640783Z","D","2026-01-20T19:35:38.134473238Z","01KFEDCCBDJ82W4YK2PN7VDTAX","2026-01-20T19:35:34.222122577Z","01KFEE85J92QXNE2691FZPHW2Z","2026-01-20T19:35:34.222122577Z","01KFEEE7ZXMSBF5BT840GGZKT0","2026-01-20T19:35:34.222122577Z"
"01KFEHZ3FFAEATP48TQ7G9V3JG","01KFEHA1W0DBA89GCQ87GA4EG5","2026-01-20T20:36:31.343719494Z",7,"2026-01-20T20:36:39.339578124Z","D","2026-01-20T20:36:39.31326466Z","01KFEHA1ZSVYK8DGYZZSV53FQM","2026-01-20T20:36:31.343719494Z","01KFEHKWX6S3CRVA3YVBJBPSWT","2026-01-20T20:36:31.343719494Z","01KFEHWYTKGS708E4DQBVENRAZ","2026-01-20T20:36:31.343719494Z"
"01KFEEFSBFT5KMKV4SZ833BQE0","01KFEDCB7P38BTZ4ACVDP6P0XN","2026-01-20T19:35:43.727237542Z",7,"2026-01-20T19:35:50.714317168Z","D","2026-01-20T19:35:50.700389669Z","01KFEDCB85NRAF0XG25ABR62N5","2026-01-20T19:35:43.727237542Z","01KFEE2GDYZKFQF2HSAA1FMRTA","2026-01-20T19:35:43.727237542Z","01KFEEC6Q4W9SATGBT78S5XZJ9","2026-01-20T19:35:43.727237542Z"
"01KFEFRM0W79BEW384S3Q5P9XT","01KFEDCAVEZK3QD8ZFC2PP83WE","2026-01-20T19:58:01.756103443Z",10,"2026-01-20T19:58:10.098696951Z","A","2026-01-20T19:58:10.070519835Z","01KFEDCAVZJC7DD4AH1B24TEC6","2026-01-20T19:58:01.756103443Z","01KFEFG8GX8B9102EGAWCJ2ZB0","2026-01-20T19:58:01.756103443Z","01KFEFNH07BKKVP678QXTHEHF8","2026-01-20T19:58:01.756103443Z"
"01KFEFMFY2PW6SPRNG3BN22XDA","01KFEDC9EK94N2WNCHE5RRQHCJ","2026-01-20T19:55:46.498695613Z",10,"2026-01-20T19:55:49.734412838Z","A","2026-01-20T19:55:49.71799091Z","01KFEDC9FF7T49EPA99GZDGH84","2026-01-20T19:55:46.498695613Z","01KFEFB7KJED56AXX5RHJAHZFZ","2026-01-20T19:55:46.498695613Z","01KFEFG2PNANHMP493AHHTDDV3","2026-01-20T19:55:46.498695613Z"
"01KFEJY0MBQTHR9TVXFSBWPYKH","01KFEJ5DKDD8ED3R70AXWWV7TA","2026-01-20T20:53:24.235065719Z",0,"2026-01-20T20:53:26.461369895Z","C","2026-01-20T20:53:25.547014359Z","01KFEJ5DPFFD934S0E2GQ1B9RR","2026-01-20T20:53:24.235065719Z","01KFEJPRKV9117XEB7P0YJ5NT5","2026-01-20T20:53:24.235065719Z","01KFEJVCVGM6AH37XNNH7Y7GDN","2026-01-20T20:53:24.235065719Z"
"01KFEDX7MJEAAG8DQQX9QCXK46","01KFEDCC1ZHDDN3CP9JWF4PGTF","2026-01-20T19:25:35.762777068Z",17,"2026-01-20T19:25:40.940230105Z","D","2026-01-20T19:25:40.80269062Z","01KFEDCC2JDADMPT5RVZQ93BA8","2026-01-20T19:25:35.762777068Z","01KFEDKABYH5MEPJ95J3ZMZNRM","2026-01-20T19:25:35.762777068Z","01KFEDVKB6NWPBC6FNEZVG1P5X","2026-01-20T19:25:35.762777068Z"
"01KFEE0Y56HM4MRG8CR0JTWSRN","01KFEDCC1ZHDDN3CP9JWF4PGTF","2026-01-20T19:27:37.12610039Z",29,"2026-01-20T19:27:42.058758543Z","C","2026-01-20T19:27:42.048045669Z","01KFEDCC2JDADMPT5RVP2N7S0X","2026-01-20T19:27:37.12610039Z","01KFEDNQAB8C2AFG7D4ZXA4K64","2026-01-20T19:27:37.12610039Z","01KFEDZ32SWW4AFB8VQ93662W8","2026-01-20T19:27:37.12610039Z"
"01KFEEPM2JEE12ZECXTXS9N17F","01KFEDCCAW3ZY6KSKNHTKZ971F","2026-01-20T19:39:27.698873066Z",17,"2026-01-20T19:39:35.080013442Z","D","2026-01-20T19:39:35.066120229Z","01KFEDCCBDJ82W4YK2PN7VDTAX","2026-01-20T19:39:27.698873066Z","01KFEE85J92QXNE2691FZPHW2Z","2026-01-20T19:39:27.698873066Z","01KFEEE80KK9A4XVVMX2V6EBJC","2026-01-20T19:39:27.698873066Z"
"01KFEFNJFAVMEPD2J27B1B0A5P","01KFEDCAVEZK3QD8ZFC2PP83WE","2026-01-20T19:56:21.866095082Z",10,"2026-01-20T19:56:36.620815376Z","B","2026-01-20T19:56:28.105599867Z","01KFEDCAVZJC7DD4AH1B24TEC6","2026-01-20T19:56:21.866095082Z","01KFEFE9N9CHB9632BFKRF4P6F","2026-01-20T19:56:21.866095082Z","01KFEFNGXSPP5MWZ1XYRACJ3QZ","2026-01-20T19:56:21.866095082Z"
"01KFEHS3233365RG94ZVXK4N5E","01KFEHA1MRJDJA6FNTED28Z8HF","2026-01-20T20:33:14.307280647Z",7,"2026-01-20T20:33:25.232138217Z","D","2026-01-20T20:33:24.022999804Z","01KFEHA1QDYX27N1S60Z95NKD9","2026-01-20T20:33:14.307280647Z","01KFEHFDNYYM4VRPKVABD0N8W8","2026-01-20T20:33:14.307280647Z","01KFEHQRYYAP94CRJREW5ZYNXS","2026-01-20T20:33:14.307280647Z"
"01KFEE5A4DV8SHF8G6E6XAFC9K","01KFEDCB0G5KS91T4MD9JTDSA4","2026-01-20T19:30:00.461231209Z",0,"2026-01-20T19:30:02.876209171Z","B","2026-01-20T19:30:02.863270682Z","01KFEDCB197E7YMN5STVXKHS22","2026-01-20T19:30:00.461231209Z","01KFEDZFSW9KBCS8VJN8KBS8T4","2026-01-20T19:30:00.461231209Z","01KFEE2FC8G91P42YYV0TFY427","2026-01-20T19:30:00.461231209Z"
"01KFEECHD8VRHNCPVSBP51NA9B","01KFEDCB0G5KS91T4MD9JTDSA4","2026-01-20T19:33:57.288532461Z",19,"2026-01-20T19:34:03.536349031Z","C","2026-01-20T19:34:03.519945339Z","01KFEDCB15BD0TYD7H0V6YZGSZ","2026-01-20T19:33:57.288532461Z","01KFEE2B09J1P0X60NY0EGT3C2","2026-01-20T19:33:57.288532461Z","01KFEE9KM0X4Q6XPA6XY1T135J","2026-01-20T19:33:57.288532461Z"
"01KFEEET3ESP1S4W6HF7T1QVZA","01KFEDCB7P38BTZ4ACVDP6P0XN","2026-01-20T19:35:11.72608266Z",0,"2026-01-20T19:35:15.869337305Z","A","2026-01-20T19:35:14.07983667Z","01KFEDCB85NRAF0XG25ABR62N5","2026-01-20T19:35:11.72608266Z","01KFEE7Q9A8CN1TS35QENG1JN7","2026-01-20T19:35:11.72608266Z","01KFEEC6Q3GDAKAWW0S8WVWKM8","2026-01-20T19:35:11.72608266Z"
"01KFEEPM2MSRKH4TEFR9ZGPSW9","01KFEDCCAW3ZY6KSKNHTKZ971F","2026-01-20T19:39:27.700891564Z",29,"2026-01-20T19:39:35.080013442Z","C","2026-01-20T19:39:31.859092391Z","01KFEDCCBDJ82W4YK2PN7VDTAX","2026-01-20T19:39:27.700891564Z","01KFEE6KZQR5PP1P0PS1XNKJRD","2026-01-20T19:39:27.700891564Z","01KFEEE80KK9A4XVVMX2V6EBJC","2026-01-20T19:39:27.700891564Z"
"01KFEHVCRF9Z61Y39W7V43235T","01KFEHA1MRJDJA6FNTED28Z8HF","2026-01-20T20:34:29.775376474Z",20,"2026-01-20T20:34:31.609256989Z","A","2026-01-20T20:34:31.575714031Z","01KFEHA1QMX5DYGHPSSSP2RXXX","2026-01-20T20:34:29.775376474Z","01KFEHJFJ1SMX3RCX9M0MFWVF6","2026-01-20T20:34:29.775376474Z","01KFEHR30QE3YWFA54BMFHX5RD","2026-01-20T20:34:29.775376474Z"
"01KFEDZJKM48XQDZJMC46K3FE3","01KFEDCC1ZHDDN3CP9JWF4PGTF","2026-01-20T19:26:52.532756599Z",29,"2026-01-20T19:26:54.639201826Z","C","2026-01-20T19:26:54.624641137Z","01KFEDCC2JDADMPT5RVZQ93BA8","2026-01-20T19:26:52.532756599Z","01KFEDNRR64JDCJYA79FBRE8X8","2026-01-20T19:26:52.532756599Z","01KFEDVKBAC5PM6XV7NXGC94PD","2026-01-20T19:26:52.532756599Z"
"01KFEEE5XB39GP348VA9Q74RQ8","01KFEDCB7P38BTZ4ACVDP6P0XN","2026-01-20T19:34:51.051255882Z",0,"2026-01-20T19:34:57.359622143Z","C","2026-01-20T19:34:54.567829685Z","01KFEDCB85NRAF0XG25ABR62N5","2026-01-20T19:34:51.051255882Z","01KFEE7Q9A8CN1TS35QENG1JN7","2026-01-20T19:34:51.051255882Z","01KFEEC6PW71Q1Q74PYVMF9WKM","2026-01-20T19:34:51.051255882Z"
"01KFEDXYDHBXQH5Y6FCND27WRP","01KFEDCC1ZHDDN3CP9JWF4PGTF","2026-01-20T19:25:59.089593341Z",17,"2026-01-20T19:26:01.932181527Z","D","2026-01-20T19:26:01.750892775Z","01KFEDCC2JDADMPT5RVZQ93BA8","2026-01-20T19:25:59.089593341Z","01KFEDKABYH5MEPJ95J3ZMZNRM","2026-01-20T19:25:59.089593341Z","01KFEDVKB5NFPV0X6HD7GJNNBC","2026-01-20T19:25:59.089593341Z"
"01KFEHZNH65CVBH0YW1MZADRG0","01KFEHA1EJWPRPNCXBTHCF12K2","2026-01-20T20:36:49.83068685Z",0,"2026-01-20T20:36:53.344851163Z","C","2026-01-20T20:36:51.212016182Z","01KFEHA1GPSKM8FTTA039GX2FE","2026-01-20T20:36:49.83068685Z","01KFEHGGC977SV7QXMD0KQJ3VM","2026-01-20T20:36:49.83068685Z","01KFEHRJZ8X21W8AKZH7TKW7A3","2026-01-20T20:36:49.83068685Z"
"01KFEHTA7YXDJCHCJEP2MFERCK","01KFEHA1MRJDJA6FNTED28Z8HF","2026-01-20T20:33:54.43056082Z",7,"2026-01-20T20:34:00.55385057Z","D","2026-01-20T20:33:57.502143667Z","01KFEHA1QDYX27N1S60Z95NKD9","2026-01-20T20:33:54.43056082Z","01KFEHFDNYYM4VRPKVABD0N8W8","2026-01-20T20:33:54.43056082Z","01KFEHQRZ92PNK16951YPNVEGB","2026-01-20T20:33:54.43056082Z"
"01KFEHYD8M5B8JZY99CBZVD1XK","01KFEHA1W0DBA89GCQ87GA4EG5","2026-01-20T20:36:08.596341218Z",20,"2026-01-20T20:36:19.840886891Z","B","2026-01-20T20:36:19.81582335Z","01KFEHA1ZSVYK8DGYZZSV53FQM","2026-01-20T20:36:08.596341218Z","01KFEHKWX6S3CRVA3YVBJBPSWT","2026-01-20T20:36:08.596341218Z","01KFEHWYTZ9F4WSYG3N5TJM8G6","2026-01-20T20:36:08.596341218Z"
"01KFEHHT2JEWYG5DTC48BF9PPN","01KFEHA20TFYVSSENV0N2723W5","2026-01-20T20:29:15.73006976Z",0,"2026-01-20T20:29:22.059773315Z","C","2026-01-20T20:29:20.97501084Z","01KFEHA25NESP3C46R1STZWY67","2026-01-20T20:29:15.73006976Z","01KFEHE6NX6FXVRTV1KPH8TKWC","2026-01-20T20:29:15.73006976Z","01KFEHHR3NP5N9K5JQRWJ02M89","2026-01-20T20:29:15.73006976Z"
"01KFEHJ78NVMJS5VVEZTXDTXP7","01KFEHA1EJWPRPNCXBTHCF12K2","2026-01-20T20:29:29.238021851Z",0,"2026-01-20T20:29:35.770908257Z","B","2026-01-20T20:29:35.753365187Z","01KFEHA1GK3DQ7TRWFWA7J267H","2026-01-20T20:29:29.238021851Z","01KFEHC1N15W3XF2S9JNREZ5AJ","2026-01-20T20:29:29.238021851Z","01KFEHFC1S0HWHA5HRNXEGKKE4","2026-01-20T20:29:29.238021851Z"
"01KFEHT144JAG1ZZSQYM3PRQNR","01KFEHA1MRJDJA6FNTED28Z8HF","2026-01-20T20:33:45.092332511Z",20,"2026-01-20T20:33:48.205982352Z","A","2026-01-20T20:33:48.028756851Z","01KFEHA1QMX5DYGHPSSSP2RXXX","2026-01-20T20:33:45.092332511Z","01KFEHJFJ1SMX3RCX9M0MFWVF6","2026-01-20T20:33:45.092332511Z","01KFEHR2ZGCTQKXG1QSX5BCNY9","2026-01-20T20:33:45.092332511Z"
"01KFEJ25NFB7VWS84AVQ01C0WQ","01KFEHA1W0DBA89GCQ87GA4EG5","2026-01-20T20:38:11.887690252Z",0,"2026-01-20T20:38:16.918425284Z","A","2026-01-20T20:38:13.531050139Z","01KFEHA1ZSVYK8DGYZZSV53FQM","2026-01-20T20:38:11.887690252Z","01KFEHMXV04MY34HJYA33HA616","2026-01-20T20:38:11.887690252Z","01KFEHWYY8GJ0H5MV8Q7F9NVSC","2026-01-20T20:38:11.887690252Z"
"01KFEJBHD63G1HZQPFKYX7QV5T","01KFEHAKK9QMW81MWT2FF1CSZA","2026-01-20T20:43:18.822356428Z",0,"2026-01-20T20:43:24.449908357Z","C","2026-01-20T20:43:24.398333738Z","01KFEHAKMDAJRN7M0QA4VDJCGY","2026-01-20T20:43:18.822356428Z","01KFEHW86W3STHQPDAT1BP1CXX","2026-01-20T20:43:18.822356428Z","01KFEJ2SM57D8BZ0SGF5J5YWJG","2026-01-20T20:43:18.822356428Z"
"01KFEJJ1GRTR47CBNQH0K5VEAM","01KFEHAM0SBSN9QYCK4NGJTWCC","2026-01-20T20:46:51.92810624Z",19,"2026-01-20T20:46:55.724359627Z","C","2026-01-20T20:46:55.66451884Z","01KFEHAM3ZX2QFEZ4F28QFW79D","2026-01-20T20:46:51.92810624Z","01KFEJ9883X77HA7T3SDA1VF8F","2026-01-20T20:46:51.92810624Z","01KFEJDCS7ZBZDEK62GKHMXRKC","2026-01-20T20:46:51.92810624Z"
"01KFEE47WCVMVD6W31977PYD0F","01KFEDCB0G5KS91T4MD9JTDSA4","2026-01-20T19:29:25.388666307Z",10,"2026-01-20T19:29:29.999776761Z","B","2026-01-20T19:29:29.069698935Z","01KFEDCB197E7YMN5STVXKHS22","2026-01-20T19:29:25.388666307Z","01KFEDRBWHPV4A332ZXM2PZSR4","2026-01-20T19:29:25.388666307Z","01KFEE2FC11CF7J9J8T4H75VBA","2026-01-20T19:29:25.388666307Z"
"01KFEEJSESN5DYHEG54PF2THBR","01KFEDCB7P38BTZ4ACVDP6P0XN","2026-01-20T19:37:22.137762162Z",0,"2026-01-20T19:37:32.704250943Z","C","2026-01-20T19:37:32.687421949Z","01KFEDCB85NRAF0XG25ABR62N5","2026-01-20T19:37:22.137762162Z","01KFEE2GDYZKFQF2HSAA1FMRTA","2026-01-20T19:37:22.137762162Z","01KFEEC6QESVHNK4DW63M7PTVZ","2026-01-20T19:37:22.137762162Z"
"01KFEEZZZ981VZRXVPNNDRHT0D","01KFEDCCAW3ZY6KSKNHTKZ971F","2026-01-20T19:44:34.79375622Z",0,"2026-01-20T19:44:36.908537712Z","B","2026-01-20T19:44:36.886909539Z","01KFEDCCBE716PRHN8Q6NQV6ZT","2026-01-20T19:44:34.79375622Z","01KFEEMRW7PPKZGT4SNXBV2JSZ","2026-01-20T19:44:34.79375622Z","01KFEEV7VNM3A5S547E076TFGQ","2026-01-20T19:44:34.79375622Z"
"01KFEFSRHK4Q5ZHJZ9JN531KXZ","01KFEDCAVEZK3QD8ZFC2PP83WE","2026-01-20T19:58:39.155176968Z",19,"2026-01-20T19:58:46.988869597Z","C","2026-01-20T19:58:46.969399687Z","01KFEDCAVZJC7DD4AH1B24TEC6","2026-01-20T19:58:39.155176968Z","01KFEFG8GX8B9102EGAWCJ2ZB0","2026-01-20T19:58:39.155176968Z","01KFEFNGZ25FXTWVFV2YVZGTFY","2026-01-20T19:58:39.155176968Z"
"01KFEHS31YM0Y3BWZB52ZQQ7ND","01KFEHA1MRJDJA6FNTED28Z8HF","2026-01-20T20:33:14.302401118Z",10,"2026-01-20T20:33:25.232138217Z","B","2026-01-20T20:33:25.199229244Z","01KFEHA1QDYX27N1S60Z95NKD9","2026-01-20T20:33:14.302401118Z","01KFEHF7572SXHJWAG2WR57G7K","2026-01-20T20:33:14.302401118Z","01KFEHQRYYAP94CRJREW5ZYNXS","2026-01-20T20:33:14.302401118Z"
"01KFEJZ3RQ0N0GJ5B2DP0Q9VW7","01KFEHAM72H3ZNN8G0T2BCT79K","2026-01-20T20:54:00.21583988Z",0,"2026-01-20T20:54:05.291746012Z","C","2026-01-20T20:54:05.213555778Z","01KFEHAMATV7GY0NQF17M2P0MD","2026-01-20T20:54:00.21583988Z","01KFEJ5D2KZA6HXFGKH7XFG11W","2026-01-20T20:54:00.21583988Z","01KFEJMB1DC53Z2SDRK7SEMWFV","2026-01-20T20:54:00.21583988Z"
"01KFEEET3HAMY3RHD169A32R5T","01KFEDCB7P38BTZ4ACVDP6P0XN","2026-01-20T19:35:11.729495003Z",0,"2026-01-20T19:35:15.869337305Z","A","2026-01-20T19:35:15.852083211Z","01KFEDCB85NRAF0XG25ABR62N5","2026-01-20T19:35:11.729495003Z","01KFEE2GDYZKFQF2HSAA1FMRTA","2026-01-20T19:35:11.729495003Z","01KFEEC6Q3GDAKAWW0S8WVWKM8","2026-01-20T19:35:11.729495003Z"
"01KFEK12FGM7437P3SJWNSQ5EK","01KFEJ5CPJ5RGARFNN6Z0PCT4Q","2026-01-20T20:55:04.432286565Z",29,"2026-01-20T20:55:11.357642271Z","C","2026-01-20T20:55:09.831125082Z","01KFEJ5CRSNMMQKHYMFD35850B","2026-01-20T20:55:04.432286565Z","01KFEJHQKQJTKAV5X447CE3YRT","2026-01-20T20:55:04.432286565Z","01KFEJRTQYW2KVEWPM2EV8H4F0","2026-01-20T20:55:04.432286565Z"
"01KFEFM26F4DNQ18ZA6Z8NGYHQ","01KFEDC9EK94N2WNCHE5RRQHCJ","2026-01-20T19:55:32.431373678Z",10,"2026-01-20T19:55:35.942266404Z","A","2026-01-20T19:55:35.920016859Z","01KFEDC9FF7T49EPA99GZDGH84","2026-01-20T19:55:32.431373678Z","01KFEFB7KJED56AXX5RHJAHZFZ","2026-01-20T19:55:32.431373678Z","01KFEFG2QKMJ6T2ET0NGMTJRCJ","2026-01-20T19:55:32.431373678Z"
"01KFEHW1V1A4C3RCJRTAQJMKT4","01KFEHA1EJWPRPNCXBTHCF12K2","2026-01-20T20:34:51.361524192Z",0,"2026-01-20T20:34:58.24502489Z","C","2026-01-20T20:34:58.18952802Z","01KFEHA1GPSKM8FTTA039GX2FE","2026-01-20T20:34:51.361524192Z","01KFEHHKNYNVTAQQFNDQ02SYYK","2026-01-20T20:34:51.361524192Z","01KFEHRJXZQZ099ENQ9A6Z0P2J","2026-01-20T20:34:51.361524192Z"
"01KFEJHKVW17FDRKBWRY196RJW","01KFEHAM0SBSN9QYCK4NGJTWCC","2026-01-20T20:46:37.948120733Z",19,"2026-01-20T20:46:41.993443538Z","C","2026-01-20T20:46:41.600884287Z","01KFEHAM3ZX2QFEZ4F28QFW79D","2026-01-20T20:46:37.948120733Z","01KFEJ9883X77HA7T3SDA1VF8F","2026-01-20T20:46:37.948120733Z","01KFEJDCRPH0RN87RW5MNRFHRZ","2026-01-20T20:46:37.948120733Z"
"01KFEHMJWF9MY9EQKCMQG5W94W","01KFEHA1W0DBA89GCQ87GA4EG5","2026-01-20T20:30:46.671510657Z",29,"2026-01-20T20:30:50.366952513Z","C","2026-01-20T20:30:47.973764592Z","01KFEHA1ZNDEMMB0DK92YAW8BD","2026-01-20T20:30:46.671510657Z","01KFEHEBSJCV2WCY6FBMMN65A3","2026-01-20T20:30:46.671510657Z","01KFEHHMXG414TME7DFAKZ9EBV","2026-01-20T20:30:46.671510657Z"
"01KFEHTA84C21825SY5SMXP1CF","01KFEHA1MRJDJA6FNTED28Z8HF","2026-01-20T20:33:54.436619715Z",10,"2026-01-20T20:34:00.55385057Z","B","2026-01-20T20:34:00.520532264Z","01KFEHA1QDYX27N1S60Z95NKD9","2026-01-20T20:33:54.436619715Z","01KFEHF7572SXHJWAG2WR57G7K","2026-01-20T20:33:54.436619715Z","01KFEHQRZ92PNK16951YPNVEGB","2026-01-20T20:33:54.436619715Z"
"01KFEJMQNYECQ9KBBVH7WSNTBC","01KFEHAM0SBSN9QYCK4NGJTWCC","2026-01-20T20:48:20.158181392Z",10,"2026-01-20T20:48:59.244057149Z","B","2026-01-20T20:48:59.177711055Z","01KFEHAM4AZFDTAG8DR1VA4141","2026-01-20T20:48:20.158181392Z","01KFEJFMC7CFQF46Z46BV1EM1Q","2026-01-20T20:48:20.158181392Z","01KFEJMJY9XCRWZ7PJ7S4D56EB","2026-01-20T20:48:20.158181392Z"
"01KFEJR180NAC99P2HZ04Q6PB0","01KFEHAM0SBSN9QYCK4NGJTWCC","2026-01-20T20:50:08.256657126Z",20,"2026-01-20T20:50:22.81602275Z","A","2026-01-20T20:50:13.798270062Z","01KFEHAM4AZFDTAG8DR1VA4141","2026-01-20T20:50:08.256657126Z","01KFEJFMC7CFQF46Z46BV1EM1Q","2026-01-20T20:50:08.256657126Z","01KFEJMJNX26JZ305B8CHZDSCT","2026-01-20T20:50:08.256657126Z"
"01KFEJYQMCAKZEN56E0D1BGZ1P","01KFEJ5DKDD8ED3R70AXWWV7TA","2026-01-20T20:53:47.78824581Z",17,"2026-01-20T20:53:50.301158009Z","D","2026-01-20T20:53:49.384631652Z","01KFEJ5DPFFD934S0E2GQ1B9RR","2026-01-20T20:53:47.78824581Z","01KFEJPRKV9117XEB7P0YJ5NT5","2026-01-20T20:53:47.78824581Z","01KFEJVCXHAW05XAG85BA7ZJ54","2026-01-20T20:53:47.78824581Z"
"01KFEDYZREEFBBBC687R3QEVEK","01KFEDCC1ZHDDN3CP9JWF4PGTF","2026-01-20T19:26:33.230246261Z",29,"2026-01-20T19:26:35.285733909Z","C","2026-01-20T19:26:35.247724346Z","01KFEDCC2JDADMPT5RVZQ93BA8","2026-01-20T19:26:33.230246261Z","01KFEDNRR64JDCJYA79FBRE8X8","2026-01-20T19:26:33.230246261Z","01KFEDVKB3W3YVYHTP0ZNB18XR","2026-01-20T19:26:33.230246261Z"
"01KFEEVVJFF67KHTDKVAQQZ953","01KFEDCCH0VMFH7P25F40PD43N","2026-01-20T19:42:19.21529679Z",17,"2026-01-20T19:42:22.176065747Z","D","2026-01-20T19:42:20.797242827Z","01KFEDCCHJADFRJT5F5VJ9ST9F","2026-01-20T19:42:19.21529679Z","01KFEEJDGDWEMZQAHJH9Z7FVC3","2026-01-20T19:42:19.21529679Z","01KFEERHSRZB3Y9G2D4PTRHBTT","2026-01-20T19:42:19.21529679Z"
"01KFEEGEJWGC470G5G0K111HPF","01KFEDCB7P38BTZ4ACVDP6P0XN","2026-01-20T19:36:05.468682721Z",10,"2026-01-20T19:36:10.885066434Z","A","2026-01-20T19:36:06.778176665Z","01KFEDCB85NRAF0XG25ABR62N5","2026-01-20T19:36:05.468682721Z","01KFEE7Q9A8CN1TS35QENG1JN7","2026-01-20T19:36:05.468682721Z","01KFEEC6Q6AEJTT87ZC67RFSSF","2026-01-20T19:36:05.468682721Z"
"01KFEHSNM09ST11NSZ1TG8TBPR","01KFEHA1MRJDJA6FNTED28Z8HF","2026-01-20T20:33:33.312073611Z",0,"2026-01-20T20:33:38.359351085Z","D","2026-01-20T20:33:38.319115647Z","01KFEHA1QDYX27N1S60Z95NKD9","2026-01-20T20:33:33.312073611Z","01KFEHFDNYYM4VRPKVABD0N8W8","2026-01-20T20:33:33.312073611Z","01KFEHQRYTANCYVWF8E85N7MXM","2026-01-20T20:33:33.312073611Z"
"01KFEJ8R0VM91AD01G8HFCE69G","01KFEHA20TFYVSSENV0N2723W5","2026-01-20T20:41:47.291154329Z",19,"2026-01-20T20:42:00.201131984Z","C","2026-01-20T20:41:49.261241292Z","01KFEHA25S6PYJD4DSX1VJG5FE","2026-01-20T20:41:47.291154329Z","01KFEHKBVRWD07VXT4ZKHQQAA6","2026-01-20T20:41:47.291154329Z","01KFEJ3HR03D88K3E0A8S0SB8Q","2026-01-20T20:41:47.291154329Z"
"01KFEK2JTXZ12YMAV33WXQJ4GJ","01KFEJ5C7H3Z5SGPPT0TCGAEB2","2026-01-20T20:55:53.94966679Z",0,"2026-01-20T20:56:07.220773606Z","C","2026-01-20T20:56:07.127274282Z","01KFEJ5C9822567XDA8A9QG0G3","2026-01-20T20:55:53.94966679Z","01KFEJTATNKXCTW38TD0J18TFE","2026-01-20T20:55:53.94966679Z","01KFEK0Q25Y0BVXY2AEZR944FF","2026-01-20T20:55:53.94966679Z"
"01KFEE4RB71J6EG5PSEJ00EQKB","01KFEDCB0G5KS91T4MD9JTDSA4","2026-01-20T19:29:42.247217633Z",0,"2026-01-20T19:29:44.908814047Z","C","2026-01-20T19:29:44.89739763Z","01KFEDCB197E7YMN5STVXKHS22","2026-01-20T19:29:42.247217633Z","01KFEDZFSW9KBCS8VJN8KBS8T4","2026-01-20T19:29:42.247217633Z","01KFEE2FC4VCPQJM9B8WWM8RSA","2026-01-20T19:29:42.247217633Z"
"01KFEJ0DZHCYHT9HDERNRSTQKE","01KFEHA1W0DBA89GCQ87GA4EG5","2026-01-20T20:37:14.865059262Z",0,"2026-01-20T20:37:18.17049939Z","A","2026-01-20T20:37:17.582256609Z","01KFEHA1Z72TJ9J0QENR016CFN","2026-01-20T20:37:14.865059262Z","01KFEHMDY2YXCAA0WMRPTSEKC9","2026-01-20T20:37:14.865059262Z","01KFEHZ0F2X0N0JVN644QXP07A","2026-01-20T20:37:14.865059262Z"
"01KFEJ0DZAEJYDA4WSPN7REYY3","01KFEHA1W0DBA89GCQ87GA4EG5","2026-01-20T20:37:14.858326946Z",0,"2026-01-20T20:37:18.17049939Z","A","2026-01-20T20:37:18.141727899Z","01KFEHA1Z72TJ9J0QENR016CFN","2026-01-20T20:37:14.858326946Z","01KFEHVQ5CHDKKYBKKZ5GXNMKV","2026-01-20T20:37:14.858326946Z","01KFEHZ0F2X0N0JVN644QXP07A","2026-01-20T20:37:14.858326946Z"
"01KFEJPVDKVAY0RDSHWNBKJTMR","01KFEHAM0SBSN9QYCK4NGJTWCC","2026-01-20T20:49:29.523232764Z",10,"2026-01-20T20:49:52.367834133Z","A","2026-01-20T20:49:52.320276962Z","01KFEHAM4AZFDTAG8DR1VA4141","2026-01-20T20:49:29.523232764Z","01KFEJAS01H74KYS8N629S6DTN","2026-01-20T20:49:29.523232764Z","01KFEJMJXQJDQBZGTEJYJXP6BH","2026-01-20T20:49:29.523232764Z"
"01KFEHMPST6BA7VEG6AQRRDGD3","01KFEHA1MRJDJA6FNTED28Z8HF","2026-01-20T20:30:50.682791348Z",0,"2026-01-20T20:30:54.528617754Z","C","2026-01-20T20:30:54.512106267Z","01KFEHA1R32D8V3SKQA6BEDXA8","2026-01-20T20:30:50.682791348Z","01KFEHAKHNEWG0MCGFJGNXPB10","2026-01-20T20:30:50.682791348Z","01KFEHGC8ZMSQ0HSNRV9JMXR2W","2026-01-20T20:30:50.682791348Z"
"01KFEHSG73NQG960T7JVC4Q2GE","01KFEHA1MRJDJA6FNTED28Z8HF","2026-01-20T20:33:27.779909315Z",20,"2026-01-20T20:33:39.441615027Z","B","2026-01-20T20:33:31.453993612Z","01KFEHA1QMX5DYGHPSSSP2RXXX","2026-01-20T20:33:27.779909315Z","01KFEHH299EZ808S0B86915EW8","2026-01-20T20:33:27.779909315Z","01KFEHR2ZN40B2VT9XZXB0FQ43","2026-01-20T20:33:27.779909315Z"
"01KFEJ10PCN74J0PXNMCDW4GVR","01KFEHA1W0DBA89GCQ87GA4EG5","2026-01-20T20:37:34.028896556Z",0,"2026-01-20T20:37:43.027262089Z","B","2026-01-20T20:37:42.996132454Z","01KFEHA1ZSVYK8DGYZZSV53FQM","2026-01-20T20:37:34.028896556Z","01KFEHKWX6S3CRVA3YVBJBPSWT","2026-01-20T20:37:34.028896556Z","01KFEHWYVG2VXN87C17A1G5R00","2026-01-20T20:37:34.028896556Z"
"01KFEJE9YNSBGX7H5KZRDKZJBF","01KFEHAM0SBSN9QYCK4NGJTWCC","2026-01-20T20:44:49.493460377Z",0,"2026-01-20T20:44:57.54923646Z","B","2026-01-20T20:44:54.861291746Z","01KFEHAM3ZX2QFEZ4F28QFW79D","2026-01-20T20:44:49.493460377Z","01KFEJ9883X77HA7T3SDA1VF8F","2026-01-20T20:44:49.493460377Z","01KFEJDCPEHAMFN7YYTJ618NS2","2026-01-20T20:44:49.493460377Z"
"01KFEE0NVZJ70M9V0NFKG47SNM","01KFEDCC1ZHDDN3CP9JWF4PGTF","2026-01-20T19:27:28.63974373Z",0,"2026-01-20T19:27:32.942842131Z","B","2026-01-20T19:27:31.000176047Z","01KFEDCC2JDADMPT5RVP2N7S0X","2026-01-20T19:27:28.63974373Z","01KFEDNQAB8C2AFG7D4ZXA4K64","2026-01-20T19:27:28.63974373Z","01KFEDZ32HPS4WKB1C8GMCNP59","2026-01-20T19:27:28.63974373Z"
"01KFEEX0PKPHH5H0PGD9N96F12","01KFEDCCAW3ZY6KSKNHTKZ971F","2026-01-20T19:42:57.235649376Z",0,"2026-01-20T19:43:04.371474234Z","C","2026-01-20T19:43:03.086711362Z","01KFEDCCBE716PRHN8Q6NQV6ZT","2026-01-20T19:42:57.235649376Z","01KFEEMXPGKZB6AS6D6H40GZ8R","2026-01-20T19:42:57.235649376Z","01KFEEV7VX3GR1E3DZCJGDMB43","2026-01-20T19:42:57.235649376Z"
"01KFEJVJFS00TV1KGTPVBVX3YN","01KFEJ5DKDD8ED3R70AXWWV7TA","2026-01-20T20:52:04.217642816Z",29,"2026-01-20T20:52:21.374133908Z","C","2026-01-20T20:52:13.581462254Z","01KFEJ5DPFFD934S0E2GQ1B9RR","2026-01-20T20:52:04.217642816Z","01KFEJPRKV9117XEB7P0YJ5NT5","2026-01-20T20:52:04.217642816Z","01KFEJVD1BVNTKRYDRCVQW2TFS","2026-01-20T20:52:04.217642816Z"
"01KFEE64G1J7Y5063F54RN6TA1","01KFEDCB0G5KS91T4MD9JTDSA4","2026-01-20T19:30:27.45780796Z",10,"2026-01-20T19:30:31.828090239Z","B","2026-01-20T19:30:31.815160506Z","01KFEDCB197E7YMN5STVXKHS22","2026-01-20T19:30:27.45780796Z","01KFEDRBWHPV4A332ZXM2PZSR4","2026-01-20T19:30:27.45780796Z","01KFEE2FBXEWV16GWAXSET8CNM","2026-01-20T19:30:27.45780796Z"
"01KFEHYSWECYY4PPQ3GG0TSVVB","01KFEHA1EJWPRPNCXBTHCF12K2","2026-01-20T20:36:21.518673757Z",17,"2026-01-20T20:36:25.362053104Z","D","2026-01-20T20:36:25.325736364Z","01KFEHA1GPSKM8FTTA039GX2FE","2026-01-20T20:36:21.518673757Z","01KFEHHKNYNVTAQQFNDQ02SYYK","2026-01-20T20:36:21.518673757Z","01KFEHRJYV21B205R6XWZR6S31","2026-01-20T20:36:21.518673757Z"
"01KFEJYWN64MR1DEAAKRNP9S3N","01KFEJ5DKDD8ED3R70AXWWV7TA","2026-01-20T20:53:52.93433953Z",17,"2026-01-20T20:53:54.852282191Z","D","2026-01-20T20:53:53.972959457Z","01KFEJ5DPFFD934S0E2GQ1B9RR","2026-01-20T20:53:52.93433953Z","01KFEJPRKV9117XEB7P0YJ5NT5","2026-01-20T20:53:52.93433953Z","01KFEJVCY5E3NBVHMJHBJC0CX9","2026-01-20T20:53:52.93433953Z"
"01KFEDXYDJEP3B0HS02FDGKY6N","01KFEDCC1ZHDDN3CP9JWF4PGTF","2026-01-20T19:25:59.090298094Z",29,"2026-01-20T19:26:01.932181527Z","C","2026-01-20T19:26:01.916502456Z","01KFEDCC2JDADMPT5RVZQ93BA8","2026-01-20T19:25:59.090298094Z","01KFEDNRR64JDCJYA79FBRE8X8","2026-01-20T19:25:59.090298094Z","01KFEDVKB5NFPV0X6HD7GJNNBC","2026-01-20T19:25:59.090298094Z"
"01KFEJKTSY57M58KX2G2CQ1DZ5","01KFEHAM0SBSN9QYCK4NGJTWCC","2026-01-20T20:47:50.590077929Z",7,"2026-01-20T20:47:55.364199401Z","D","2026-01-20T20:47:55.304583757Z","01KFEHAM45R1366856G6A2WGHZ","2026-01-20T20:47:50.590077929Z","01KFEHW1PTS6VD3Q9W69X0CC7S","2026-01-20T20:47:50.590077929Z","01KFEJBBT30ZH34V66TAVX861N","2026-01-20T20:47:50.590077929Z"
"01KFEJEN5BGWT1FYJCXJA3XXYJ","01KFEHAM0SBSN9QYCK4NGJTWCC","2026-01-20T20:45:00.971779336Z",0,"2026-01-20T20:45:04.98278985Z","A","2026-01-20T20:45:04.416666211Z","01KFEHAM3ZX2QFEZ4F28QFW79D","2026-01-20T20:45:00.971779336Z","01KFEJ9883X77HA7T3SDA1VF8F","2026-01-20T20:45:00.971779336Z","01KFEJDCP17X3MJFAW75P0MHZ5","2026-01-20T20:45:00.971779336Z"
"01KFEJXATJDR15WBFT0KT60JVY","01KFEHAM72H3ZNN8G0T2BCT79K","2026-01-20T20:53:01.906627402Z",10,"2026-01-20T20:53:08.889975469Z","A","2026-01-20T20:53:07.818001543Z","01KFEHAMATV7GY0NQF17M2P0MD","2026-01-20T20:53:01.906627402Z","01KFEJ5D2KZA6HXFGKH7XFG11W","2026-01-20T20:53:01.906627402Z","01KFEJMAZRDM3XAHTJ5VZ0RJ4K","2026-01-20T20:53:01.906627402Z"
"01KFEK0X98H22X9A2KAES8J764","01KFEJ5C7H3Z5SGPPT0TCGAEB2","2026-01-20T20:54:59.112651234Z",0,"2026-01-20T20:55:12.123095093Z","B","2026-01-20T20:55:11.906477898Z","01KFEJ5C9822567XDA8A9QG0G3","2026-01-20T20:54:59.112651234Z","01KFEJRM0CNFF8YTKCA6JC16CE","2026-01-20T20:54:59.112651234Z","01KFEK0PZ5180C9D005PK1WQSG","2026-01-20T20:54:59.112651234Z"
"01KFEEMDHJYS9M19PG9D9H972T","01KFEDCCAW3ZY6KSKNHTKZ971F","2026-01-20T19:38:15.474785243Z",10,"2026-01-20T19:38:26.800847762Z","B","2026-01-20T19:38:18.865592628Z","01KFEDCCBDJ82W4YK2PN7VDTAX","2026-01-20T19:38:15.474785243Z","01KFEE85J92QXNE2691FZPHW2Z","2026-01-20T19:38:15.474785243Z","01KFEEE80B9EEK32J6THRZ7JY9","2026-01-20T19:38:15.474785243Z"
"01KFEJ9C2DPD70YTZN3TJ2ST1N","01KFEHAKK9QMW81MWT2FF1CSZA","2026-01-20T20:42:07.821069101Z",10,"2026-01-20T20:42:18.033607684Z","A","2026-01-20T20:42:13.501660679Z","01KFEHAKMDAJRN7M0QA4VDJCGY","2026-01-20T20:42:07.821069101Z","01KFEHS8J7P9EEBTK2FBSRFBQT","2026-01-20T20:42:07.821069101Z","01KFEJ2SJTRZFYTAXMXEE66TEH","2026-01-20T20:42:07.821069101Z"
"01KFEJHBSQQW20BRAYJJGA5V8V","01KFEHAM0SBSN9QYCK4NGJTWCC","2026-01-20T20:46:29.687968203Z",7,"2026-01-20T20:46:33.800201972Z","D","2026-01-20T20:46:33.106686568Z","01KFEHAM45R1366856G6A2WGHZ","2026-01-20T20:46:29.687968203Z","01KFEHYH6DP091MJE3KD0CRNR1","2026-01-20T20:46:29.687968203Z","01KFEJBBR36ZX8JEAX2QD40409","2026-01-20T20:46:29.687968203Z"
"01KFEJZG8E65M7JYZE3CB4XCFR","01KFEHAM72H3ZNN8G0T2BCT79K","2026-01-20T20:54:13.006948625Z",19,"2026-01-20T20:54:16.371219003Z","C","2026-01-20T20:54:15.477159976Z","01KFEHAMATV7GY0NQF17M2P0MD","2026-01-20T20:54:13.006948625Z","01KFEJ9C86SAQ3FA5GXN0A1JWJ","2026-01-20T20:54:13.006948625Z","01KFEJMB1Z32QWFASN5DA3QT5F","2026-01-20T20:54:13.006948625Z"
"01KFEHQ9GME575BRZQ504G8QRY","01KFEHA1EJWPRPNCXBTHCF12K2","2026-01-20T20:32:15.380059324Z",20,"2026-01-20T20:32:20.800723347Z","A","2026-01-20T20:32:20.76990884Z","01KFEHA1GDXTPSA0SX8CRPX47C","2026-01-20T20:32:15.380059324Z","01KFEHFHGVMZZ35F5CSBQJBJM3","2026-01-20T20:32:15.380059324Z","01KFEHNSDYGDJ3GSJAYWHNGV5W","2026-01-20T20:32:15.380059324Z"
"01KFEJ3T7Q2XD8S6AJ34ERRJD0","01KFEHA1W0DBA89GCQ87GA4EG5","2026-01-20T20:39:05.719839185Z",29,"2026-01-20T20:39:38.550303697Z","C","2026-01-20T20:39:38.507479231Z","01KFEHA1ZSVYK8DGYZZSV53FQM","2026-01-20T20:39:05.719839185Z","01KFEHKWX6S3CRVA3YVBJBPSWT","2026-01-20T20:39:05.719839185Z","01KFEHWYX3WSM3564M3QJG117T","2026-01-20T20:39:05.719839185Z"
"01KFEHS0WNX7DYAR7456NXWBXM","01KFEHA1EJWPRPNCXBTHCF12K2","2026-01-20T20:33:12.086109917Z",0,"2026-01-20T20:33:14.100714236Z","A","2026-01-20T20:33:13.633270299Z","01KFEHA1GDXTPSA0SX8CRPX47C","2026-01-20T20:33:12.086109917Z","01KFEHFHGVMZZ35F5CSBQJBJM3","2026-01-20T20:33:12.086109917Z","01KFEHNSFCPMM7FSRASSMTWFCY","2026-01-20T20:33:12.086109917Z"
"01KFEHT9Q6AY8TW7E2B7TKRNBQ","01KFEHA1EJWPRPNCXBTHCF12K2","2026-01-20T20:33:53.894084236Z",29,"2026-01-20T20:33:57.275262126Z","C","2026-01-20T20:33:57.241277912Z","01KFEHA1GPSKM8FTTA039GX2FE","2026-01-20T20:33:53.894084236Z","01KFEHHKNYNVTAQQFNDQ02SYYK","2026-01-20T20:33:53.894084236Z","01KFEHRJWYGAG3TQYMQ22MKBNW","2026-01-20T20:33:53.894084236Z"
"01KFEHW8PWKSMHRFGN44W73FG8","01KFEHA1MRJDJA6FNTED28Z8HF","2026-01-20T20:34:58.396166102Z",10,"2026-01-20T20:35:01.278885938Z","B","2026-01-20T20:35:01.214399375Z","01KFEHA1QYV2E8SAEFNEHYNVTN","2026-01-20T20:34:58.396166102Z","01KFEHKCW5X4CR8DBAYXY74YGJ","2026-01-20T20:34:58.396166102Z","01KFEHSJHDFMDQE97PZDNY5730","2026-01-20T20:34:58.396166102Z"
"01KFEHK8P1FXPCV1B3JR7MZ218","01KFEHA1W0DBA89GCQ87GA4EG5","2026-01-20T20:30:03.457999411Z",17,"2026-01-20T20:30:15.590773276Z","D","2026-01-20T20:30:15.571853383Z","01KFEHA1ZNDEMMB0DK92YAW8BD","2026-01-20T20:30:03.457999411Z","01KFEHAFP87N0FEFRCAHH2V652","2026-01-20T20:30:03.457999411Z","01KFEHHMWZ87G9B0Z91CK05N0A","2026-01-20T20:30:03.457999411Z"
"01KFEJT01CGKPPPXQG52GKMMXC","01KFEHAM0SBSN9QYCK4NGJTWCC","2026-01-20T20:51:12.55681045Z",20,"2026-01-20T20:51:24.00020551Z","B","2026-01-20T20:51:19.465285738Z","01KFEHAM4AZFDTAG8DR1VA4141","2026-01-20T20:51:12.55681045Z","01KFEJFMC7CFQF46Z46BV1EM1Q","2026-01-20T20:51:12.55681045Z","01KFEJMJQ9A9CK99Z7785SQR5W","2026-01-20T20:51:12.55681045Z"
"01KFEJB6Q2RV14VFG948XHM2D2","01KFEHA20TFYVSSENV0N2723W5","2026-01-20T20:43:07.874780378Z",20,"2026-01-20T20:43:10.110326762Z","A","2026-01-20T20:43:10.059405644Z","01KFEHA25S6PYJD4DSX1VJG5FE","2026-01-20T20:43:07.874780378Z","01KFEHWFN7B5ZY9MX1Q0P1B17R","2026-01-20T20:43:07.874780378Z","01KFEJ3HSQ58B4VJYNF657ZZ6Y","2026-01-20T20:43:07.874780378Z"
"01KFEDXM5M6Z055Q89ZKM1X7V1","01KFEDCC1ZHDDN3CP9JWF4PGTF","2026-01-20T19:25:48.596323101Z",29,"2026-01-20T19:25:51.724666508Z","C","2026-01-20T19:25:51.511177491Z","01KFEDCC2JDADMPT5RVZQ93BA8","2026-01-20T19:25:48.596323101Z","01KFEDNRR64JDCJYA79FBRE8X8","2026-01-20T19:25:48.596323101Z","01KFEDVKB4B3RTD43XQ7C4MSTX","2026-01-20T19:25:48.596323101Z"
"01KFEFJYEZRMHXCX6YM3N5117J","01KFEDCAVEZK3QD8ZFC2PP83WE","2026-01-20T19:54:55.839396341Z",10,"2026-01-20T19:54:58.562846717Z","B","2026-01-20T19:54:57.715900325Z","01KFEDCAVZJC7DD4AH1RF6NR9W","2026-01-20T19:54:55.839396341Z","01KFEF0XCN2JDQQD559T0PP43B","2026-01-20T19:54:55.839396341Z","01KFEFFP4P5GKWJQD5T1PNYS4R","2026-01-20T19:54:55.839396341Z"
"01KFEHJ0EHDKQ2K8V10G70QBAN","01KFEHA1EJWPRPNCXBTHCF12K2","2026-01-20T20:29:22.258007561Z",10,"2026-01-20T20:29:25.372589016Z","A","2026-01-20T20:29:25.345284172Z","01KFEHA1GK3DQ7TRWFWA7J267H","2026-01-20T20:29:22.258007561Z","01KFEHBP1ZE2AV6NAD8SG9ZGBW","2026-01-20T20:29:22.258007561Z","01KFEHFC1N0SMR3F6X5TQ7P3Q0","2026-01-20T20:29:22.258007561Z"
"01KFEHMJWNMH4D18K8SBBYQ5WV","01KFEHA1W0DBA89GCQ87GA4EG5","2026-01-20T20:30:46.677507445Z",17,"2026-01-20T20:30:50.366952513Z","D","2026-01-20T20:30:50.348478517Z","01KFEHA1ZNDEMMB0DK92YAW8BD","2026-01-20T20:30:46.677507445Z","01KFEHAFP87N0FEFRCAHH2V652","2026-01-20T20:30:46.677507445Z","01KFEHHMXG414TME7DFAKZ9EBV","2026-01-20T20:30:46.677507445Z"
"01KFEHNFGQFW9B1EXK1HFBMAY6","01KFEHA1W0DBA89GCQ87GA4EG5","2026-01-20T20:31:15.99138156Z",29,"2026-01-20T20:31:17.233166883Z","C","2026-01-20T20:31:17.028985751Z","01KFEHA1ZNDEMMB0DK92YAW8BD","2026-01-20T20:31:15.99138156Z","01KFEHEBSJCV2WCY6FBMMN65A3","2026-01-20T20:31:15.99138156Z","01KFEHHMWAG28DWZ81GREQR3GT","2026-01-20T20:31:15.99138156Z"
"01KFEHR578RD557F249P6ZTGTE","01KFEHA1EJWPRPNCXBTHCF12K2","2026-01-20T20:32:43.752078765Z",0,"2026-01-20T20:32:45.235044929Z","C","2026-01-20T20:32:44.546900187Z","01KFEHA1GDXTPSA0SX8CRPX47C","2026-01-20T20:32:43.752078765Z","01KFEHFHGVMZZ35F5CSBQJBJM3","2026-01-20T20:32:43.752078765Z","01KFEHNSEJ5TEJVZH54JBED297","2026-01-20T20:32:43.752078765Z"
"01KFEHV96YYGAXX4JS7PK8512R","01KFEHA1MRJDJA6FNTED28Z8HF","2026-01-20T20:34:26.142850465Z",0,"2026-01-20T20:34:32.22165107Z","D","2026-01-20T20:34:32.185531579Z","01KFEHA1QDYX27N1S60Z95NKD9","2026-01-20T20:34:26.142850465Z","01KFEHF7572SXHJWAG2WR57G7K","2026-01-20T20:34:26.142850465Z","01KFEHQRZQ03J2CQH22A1WKWGS","2026-01-20T20:34:26.142850465Z"
"01KFEJ129P14Z97WE1ZC50YBB1","01KFEHA1W0DBA89GCQ87GA4EG5","2026-01-20T20:37:35.670818817Z",0,"2026-01-20T20:37:40.558982372Z","C","2026-01-20T20:37:40.520185907Z","01KFEHA1Z72TJ9J0QENR016CFN","2026-01-20T20:37:35.670818817Z","01KFEHMDY2YXCAA0WMRPTSEKC9","2026-01-20T20:37:35.670818817Z","01KFEHZ0FB2M9VQXNX1PF3WEJF","2026-01-20T20:37:35.670818817Z"
"01KFEEDT3K0SRBV1TER6ATWPHQ","01KFEDCB0G5KS91T4MD9JTDSA4","2026-01-20T19:34:38.963492827Z",10,"2026-01-20T19:34:44.30966446Z","A","2026-01-20T19:34:41.890520476Z","01KFEDCB15BD0TYD7H0V6YZGSZ","2026-01-20T19:34:38.963492827Z","01KFEE07X889KRR9ZR3BVZBWD6","2026-01-20T19:34:38.963492827Z","01KFEE9KKW5V756T280WX4GB6B","2026-01-20T19:34:38.963492827Z"
"01KFEFHC3YFG4KG5MWFA1M5P8X","01KFEDCCH0VMFH7P25F40PD43N","2026-01-20T19:54:04.286232794Z",20,"2026-01-20T19:54:07.142254781Z","B","2026-01-20T19:54:05.632618797Z","01KFEDCCHH44R979H37GT2B68J","2026-01-20T19:54:04.286232794Z","01KFEF0J7C8417B13N1313JGSZ","2026-01-20T19:54:04.286232794Z","01KFEFDZD56AT8TRNR4EF23YW7","2026-01-20T19:54:04.286232794Z"
"01KFEJC2V60RRBXQ6D1577058K","01KFEHAKK9QMW81MWT2FF1CSZA","2026-01-20T20:43:36.678203594Z",19,"2026-01-20T20:43:40.405719838Z","C","2026-01-20T20:43:40.368696149Z","01KFEHAKMDAJRN7M0QA4VDJCGY","2026-01-20T20:43:36.678203594Z","01KFEHW86W3STHQPDAT1BP1CXX","2026-01-20T20:43:36.678203594Z","01KFEJ2SMQX5SC8F4KRDRSD2HX","2026-01-20T20:43:36.678203594Z"
"01KFEHSAVTX0YVS0J5GCF54ZYG","01KFEHA1EJWPRPNCXBTHCF12K2","2026-01-20T20:33:22.29871794Z",0,"2026-01-20T20:33:24.863389008Z","C","2026-01-20T20:33:23.571357348Z","01KFEHA1GDXTPSA0SX8CRPX47C","2026-01-20T20:33:22.29871794Z","01KFEHFHGVMZZ35F5CSBQJBJM3","2026-01-20T20:33:22.29871794Z","01KFEHNSFMGD4EFTM0B7YK2QCJ","2026-01-20T20:33:22.29871794Z"
"01KFEJXHWCXDBC4RZCRX4ASGMX","01KFEHAM0SBSN9QYCK4NGJTWCC","2026-01-20T20:53:09.132693785Z",0,"2026-01-20T20:53:14.437724065Z","A","2026-01-20T20:53:13.351841177Z","01KFEHAM4AZFDTAG8DR1VA4141","2026-01-20T20:53:09.132693785Z","01KFEJAS01H74KYS8N629S6DTN","2026-01-20T20:53:09.132693785Z","01KFEJMJTEAESQ2Q8PHNRKY5NV","2026-01-20T20:53:09.132693785Z"
"01KFEE5EZ78G2W3XPSPBTKVJN2","01KFEDCB0G5KS91T4MD9JTDSA4","2026-01-20T19:30:05.415580237Z",10,"2026-01-20T19:30:07.927014928Z","B","2026-01-20T19:30:07.629375983Z","01KFEDCB197E7YMN5STVXKHS22","2026-01-20T19:30:05.415580237Z","01KFEDRBWHPV4A332ZXM2PZSR4","2026-01-20T19:30:05.415580237Z","01KFEE2FBZGHEGRB6VKW9K009N","2026-01-20T19:30:05.415580237Z"
"01KFEENVVA1YRR5JMV26FP99Z9","01KFEDCCAW3ZY6KSKNHTKZ971F","2026-01-20T19:39:02.890252976Z",0,"2026-01-20T19:39:08.269497124Z","C","2026-01-20T19:39:05.119397343Z","01KFEDCCBDJ82W4YK2PN7VDTAX","2026-01-20T19:39:02.890252976Z","01KFEE85J92QXNE2691FZPHW2Z","2026-01-20T19:39:02.890252976Z","01KFEEE80FXX9G4QM64BEV7JVD","2026-01-20T19:39:02.890252976Z"
"01KFEHMEDHGWHJZV71FY0690TE","01KFEHA20TFYVSSENV0N2723W5","2026-01-20T20:30:42.097461938Z",20,"2026-01-20T20:30:44.147902433Z","A","2026-01-20T20:30:43.230035886Z","01KFEHA25NESP3C46R1STZWY67","2026-01-20T20:30:42.097461938Z","01KFEHE6NX6FXVRTV1KPH8TKWC","2026-01-20T20:30:42.097461938Z","01KFEHHR5503SXZKSZ40XGX5WC","2026-01-20T20:30:42.097461938Z"
"01KFEEP3PAG9REJ9A4ZR3YBT3N","01KFEDCCAW3ZY6KSKNHTKZ971F","2026-01-20T19:39:10.922159987Z",10,"2026-01-20T19:39:15.128722762Z","A","2026-01-20T19:39:15.113367454Z","01KFEDCCBDJ82W4YK2PN7VDTAX","2026-01-20T19:39:10.922159987Z","01KFEE6KZQR5PP1P0PS1XNKJRD","2026-01-20T19:39:10.922159987Z","01KFEEE80HJ94JB8KAH9GNKJFG","2026-01-20T19:39:10.922159987Z"
"01KFEEWCSD95YXNEBR7M7WW0N2","01KFEDCCH0VMFH7P25F40PD43N","2026-01-20T19:42:36.845665426Z",29,"2026-01-20T19:42:39.436972957Z","C","2026-01-20T19:42:39.416605383Z","01KFEDCCHJADFRJT5F5VJ9ST9F","2026-01-20T19:42:36.845665426Z","01KFEEKE9WXRZWBRXYDQ5J10WV","2026-01-20T19:42:36.845665426Z","01KFEERHSMGQP4C2TEV6SKP2Y9","2026-01-20T19:42:36.845665426Z"
"01KFEJTG5MPB2G7ENBN5X1TYKY","01KFEHAM0SBSN9QYCK4NGJTWCC","2026-01-20T20:51:29.076231113Z",20,"2026-01-20T20:51:39.253559084Z","A","2026-01-20T20:51:39.186456066Z","01KFEHAM4AZFDTAG8DR1VA4141","2026-01-20T20:51:29.076231113Z","01KFEJFMC7CFQF46Z46BV1EM1Q","2026-01-20T20:51:29.076231113Z","01KFEJMJQX1ZPH5Q4P7M0G1W0G","2026-01-20T20:51:29.076231113Z"
"01KFEHX5P6F01410EAQ7A28VX3","01KFEHA1MRJDJA6FNTED28Z8HF","2026-01-20T20:35:28.070081569Z",0,"2026-01-20T20:35:33.728064529Z","C","2026-01-20T20:35:31.424579753Z","01KFEHA1QDYX27N1S60Z95NKD9","2026-01-20T20:35:28.070081569Z","01KFEHFDNYYM4VRPKVABD0N8W8","2026-01-20T20:35:28.070081569Z","01KFEHQS0KB4K7S5RDSVX6WG5B","2026-01-20T20:35:28.070081569Z"
"01KFEJ33NN041B0VKW96CSZ2PK","01KFEHA1W0DBA89GCQ87GA4EG5","2026-01-20T20:38:42.613707761Z",7,"2026-01-20T20:38:48.313388182Z","D","2026-01-20T20:38:44.886699352Z","01KFEHA1ZSVYK8DGYZZSV53FQM","2026-01-20T20:38:42.613707761Z","01KFEHMXV04MY34HJYA33HA616","2026-01-20T20:38:42.613707761Z","01KFEHWYXN0B7KTJV0CTBC7BQ0","2026-01-20T20:38:42.613707761Z"
"01KFEFFW7R8WJC5E8XDSSZS4VN","01KFEDCCH0VMFH7P25F40PD43N","2026-01-20T19:53:15.256591967Z",20,"2026-01-20T19:53:18.65906914Z","B","2026-01-20T19:53:18.644983139Z","01KFEDCCHH44R979H37GT2B68J","2026-01-20T19:53:15.256591967Z","01KFEF0J7C8417B13N1313JGSZ","2026-01-20T19:53:15.256591967Z","01KFEFDZE61M487NSCED8CQDTP","2026-01-20T19:53:15.256591967Z"
"01KFEHZKQTR116E70Z4TWDKF0M","01KFEHA1W0DBA89GCQ87GA4EG5","2026-01-20T20:36:47.994352529Z",0,"2026-01-20T20:36:55.516288104Z","C","2026-01-20T20:36:51.860942455Z","01KFEHA1ZSVYK8DGYZZSV53FQM","2026-01-20T20:36:47.994352529Z","01KFEHMXV04MY34HJYA33HA616","2026-01-20T20:36:47.994352529Z","01KFEHWYV8HPKZZ6EXCMY9NHA5","2026-01-20T20:36:47.994352529Z"
"01KFEJGQC80CWNM6H7R7FH751Q","01KFEHAM0SBSN9QYCK4NGJTWCC","2026-01-20T20:46:08.776635291Z",7,"2026-01-20T20:46:25.235222104Z","D","2026-01-20T20:46:15.508451485Z","01KFEHAM45R1366856G6A2WGHZ","2026-01-20T20:46:08.776635291Z","01KFEHW1PTS6VD3Q9W69X0CC7S","2026-01-20T20:46:08.776635291Z","01KFEJBBQNJE31AWBBSCQCM6FR","2026-01-20T20:46:08.776635291Z"
"01KFEDVM60YSHHKK6R5EEZ4TDA","01KFEDCC1ZHDDN3CP9JWF4PGTF","2026-01-20T19:24:43.073013849Z",10,"2026-01-20T19:24:57.94641011Z","B","2026-01-20T19:24:52.273971234Z","01KFEDCC2JDADMPT5RVZQ93BA8","2026-01-20T19:24:43.073013849Z","01KFEDNRR64JDCJYA79FBRE8X8","2026-01-20T19:24:43.073013849Z","01KFEDVKAN6FSSWD263NEWHVWT","2026-01-20T19:24:43.073013849Z"
"01KFEDZEA8K8EX2VRTY5R7CDMQ","01KFEDCC1ZHDDN3CP9JWF4PGTF","2026-01-20T19:26:48.136985499Z",29,"2026-01-20T19:26:50.358327934Z","C","2026-01-20T19:26:50.343441318Z","01KFEDCC2JDADMPT5RVZQ93BA8","2026-01-20T19:26:48.136985499Z","01KFEDNRR64JDCJYA79FBRE8X8","2026-01-20T19:26:48.136985499Z","01KFEDVKB11MSG0D27E7NJPF4S","2026-01-20T19:26:48.136985499Z"
"01KFEHW6DXHK2NADKSTEQ9BQTC","01KFEHA1MRJDJA6FNTED28Z8HF","2026-01-20T20:34:56.061288582Z",20,"2026-01-20T20:34:58.516229609Z","B","2026-01-20T20:34:57.869073276Z","01KFEHA1QMX5DYGHPSSSP2RXXX","2026-01-20T20:34:56.061288582Z","01KFEHH299EZ808S0B86915EW8","2026-01-20T20:34:56.061288582Z","01KFEHR31J7TXGAZWPH1HNK6W9","2026-01-20T20:34:56.061288582Z"
"01KFEFTTTJYE2KRF27NBX8MJMA","01KFEDCAVEZK3QD8ZFC2PP83WE","2026-01-20T19:59:14.258979385Z",20,"2026-01-20T19:59:18.57134178Z","B","2026-01-20T19:59:18.54923082Z","01KFEDCAVZJC7DD4AH1B24TEC6","2026-01-20T19:59:14.258979385Z","01KFEFG8GX8B9102EGAWCJ2ZB0","2026-01-20T19:59:14.258979385Z","01KFEFNGZPVQDEPQ1JQK9SR3ES","2026-01-20T19:59:14.258979385Z"
"01KFEHK75A6GJ287NGRFT5XV1X","01KFEHA1EJWPRPNCXBTHCF12K2","2026-01-20T20:30:01.898831454Z",10,"2026-01-20T20:30:04.591688236Z","B","2026-01-20T20:30:04.204681523Z","01KFEHA1GK3DQ7TRWFWA7J267H","2026-01-20T20:30:01.898831454Z","01KFEHC1N15W3XF2S9JNREZ5AJ","2026-01-20T20:30:01.898831454Z","01KFEHFC24AS0SXVNMRXMCTN70","2026-01-20T20:30:01.898831454Z"
"01KFEJAJZ5E47NG542X79R3BJ6","01KFEHA20TFYVSSENV0N2723W5","2026-01-20T20:42:47.653796766Z",20,"2026-01-20T20:42:52.897661985Z","A","2026-01-20T20:42:49.686136557Z","01KFEHA25S6PYJD4DSX1VJG5FE","2026-01-20T20:42:47.653796766Z","01KFEHWFN7B5ZY9MX1Q0P1B17R","2026-01-20T20:42:47.653796766Z","01KFEJ3HRPDV4G6447T3WN0HTA","2026-01-20T20:42:47.653796766Z"
"01KFEJMFRRTMEQXP9H9FTYJ5XK","01KFEHAM72H3ZNN8G0T2BCT79K","2026-01-20T20:48:12.056389873Z",10,"2026-01-20T20:48:22.867422389Z","B","2026-01-20T20:48:20.775299072Z","01KFEHAMATV7GY0NQF17M2P0MD","2026-01-20T20:48:12.056389873Z","01KFEJ9C86SAQ3FA5GXN0A1JWJ","2026-01-20T20:48:12.056389873Z","01KFEJMATN2TCZTEAYFGFEQWH8","2026-01-20T20:48:12.056389873Z"
"01KFEK378DERV9Y27RJH5Y5B6R","01KFEJ5CPJ5RGARFNN6Z0PCT4Q","2026-01-20T20:56:14.861071091Z",10,"2026-01-20T20:56:19.201952228Z","B","2026-01-20T20:56:18.259782397Z","01KFEJ5CRSNMMQKHYMFD35850B","2026-01-20T20:56:14.861071091Z","01KFEJD683V7BW0EC67T5B9T0M","2026-01-20T20:56:14.861071091Z","01KFEJRTTJ7B9Z0P8ZTF7V09N2","2026-01-20T20:56:14.861071091Z"
"01KFEHQJT930PFVKE0X47YBWZS","01KFEHA1EJWPRPNCXBTHCF12K2","2026-01-20T20:32:24.905265967Z",7,"2026-01-20T20:32:30.539637853Z","D","2026-01-20T20:32:27.186340319Z","01KFEHA1GDXTPSA0SX8CRPX47C","2026-01-20T20:32:24.905265967Z","01KFEHHMSX0QGW7JR1FS9J2AW6","2026-01-20T20:32:24.905265967Z","01KFEHNSE6KQS7M66487G7BMB5","2026-01-20T20:32:24.905265967Z"
"01KFEJZG8X6BJTJ0VY4HMQGF0G","01KFEHAM72H3ZNN8G0T2BCT79K","2026-01-20T20:54:13.021644247Z",10,"2026-01-20T20:54:16.371219003Z","A","2026-01-20T20:54:16.2234275Z","01KFEHAMATV7GY0NQF17M2P0MD","2026-01-20T20:54:13.021644247Z","01KFEJ5D2KZA6HXFGKH7XFG11W","2026-01-20T20:54:13.021644247Z","01KFEJMB1Z32QWFASN5DA3QT5F","2026-01-20T20:54:13.021644247Z"
"01KFEHJG9MEBJZXVBD8SXMVXWM","01KFEHA1EJWPRPNCXBTHCF12K2","2026-01-20T20:29:38.484367711Z",10,"2026-01-20T20:29:40.171995491Z","A","2026-01-20T20:29:40.155965946Z","01KFEHA1GK3DQ7TRWFWA7J267H","2026-01-20T20:29:38.484367711Z","01KFEHC1N15W3XF2S9JNREZ5AJ","2026-01-20T20:29:38.484367711Z","01KFEHFC0XTMQ1GMBPPR0V4GF7","2026-01-20T20:29:38.484367711Z"
"01KFEJA1NE1S60WSB2T779VTXW","01KFEHAKK9QMW81MWT2FF1CSZA","2026-01-20T20:42:29.934144304Z",10,"2026-01-20T20:42:36.489657257Z","A","2026-01-20T20:42:35.353347107Z","01KFEHAKMDAJRN7M0QA4VDJCGY","2026-01-20T20:42:29.934144304Z","01KFEHS8J7P9EEBTK2FBSRFBQT","2026-01-20T20:42:29.934144304Z","01KFEJ2SK5JNNBMYHA6BJXJM9N","2026-01-20T20:42:29.934144304Z"
"01KFEE5A4R1PRZMSZWTGQMKNSK","01KFEDCB0G5KS91T4MD9JTDSA4","2026-01-20T19:30:00.472881933Z",0,"2026-01-20T19:30:02.876209171Z","B","2026-01-20T19:30:02.224024857Z","01KFEDCB197E7YMN5STVXKHS22","2026-01-20T19:30:00.472881933Z","01KFEDRBWHPV4A332ZXM2PZSR4","2026-01-20T19:30:00.472881933Z","01KFEE2FC8G91P42YYV0TFY427","2026-01-20T19:30:00.472881933Z"
"01KFEJ5VQPCZPNP6MVX66X164V","01KFEHAKK9QMW81MWT2FF1CSZA","2026-01-20T20:40:12.79100075Z",0,"2026-01-20T20:41:37.604333568Z","C","2026-01-20T20:41:37.553233056Z","01KFEHAKMDAJRN7M0QA4VDJCGY","2026-01-20T20:40:12.79100075Z","01KFEHW86W3STHQPDAT1BP1CXX","2026-01-20T20:40:12.79100075Z","01KFEJ2SJEJT0NH9XTTK4C13HZ","2026-01-20T20:40:12.79100075Z"
"01KFEJSYB4D57HQ5DNY2XPG26M","01KFEHAM72H3ZNN8G0T2BCT79K","2026-01-20T20:51:10.820643501Z",0,"2026-01-20T20:51:44.795628652Z","D","2026-01-20T20:51:14.4702258Z","01KFEHAMATV7GY0NQF17M2P0MD","2026-01-20T20:51:10.820643501Z","01KFEJ5D2KZA6HXFGKH7XFG11W","2026-01-20T20:51:10.820643501Z","01KFEJMAX0TQ60MJGJSECGVXDK","2026-01-20T20:51:10.820643501Z"
"01KFEE546QQGA3NHZYSHHKXFXR","01KFEDCB0G5KS91T4MD9JTDSA4","2026-01-20T19:29:54.391909742Z",0,"2026-01-20T19:29:58.110980663Z","C","2026-01-20T19:29:58.087209624Z","01KFEDCB197E7YMN5STVXKHS22","2026-01-20T19:29:54.391909742Z","01KFEDZFSW9KBCS8VJN8KBS8T4","2026-01-20T19:29:54.391909742Z","01KFEE2FBY4WBMP6SRQVJ7KR9T","2026-01-20T19:29:54.391909742Z"
"01KFEEYDCT36X4MX1PJ4WRGFZ9","01KFEDCCAW3ZY6KSKNHTKZ971F","2026-01-20T19:43:43.002524561Z",0,"2026-01-20T19:43:51.238393804Z","C","2026-01-20T19:43:45.988218679Z","01KFEDCCBE716PRHN8Q6NQV6ZT","2026-01-20T19:43:43.002524561Z","01KFEEMRW7PPKZGT4SNXBV2JSZ","2026-01-20T19:43:43.002524561Z","01KFEEV7WCPG4H395V08SHB953","2026-01-20T19:43:43.002524561Z"
"01KFEEMDHGZRTW5M16WVBFZFJ3","01KFEDCCAW3ZY6KSKNHTKZ971F","2026-01-20T19:38:15.473090559Z",19,"2026-01-20T19:38:26.800847762Z","C","2026-01-20T19:38:26.782585663Z","01KFEDCCBDJ82W4YK2PN7VDTAX","2026-01-20T19:38:15.473090559Z","01KFEE6KZQR5PP1P0PS1XNKJRD","2026-01-20T19:38:15.473090559Z","01KFEEE80B9EEK32J6THRZ7JY9","2026-01-20T19:38:15.473090559Z"
"01KFEHRNCZGZ5Q5C1D8E18E7MF","01KFEHA1EJWPRPNCXBTHCF12K2","2026-01-20T20:33:00.319460553Z",10,"2026-01-20T20:33:02.221792887Z","B","2026-01-20T20:33:02.188542047Z","01KFEHA1GDXTPSA0SX8CRPX47C","2026-01-20T20:33:00.319460553Z","01KFEHHMSX0QGW7JR1FS9J2AW6","2026-01-20T20:33:00.319460553Z","01KFEHNSEZ8DWABBYCERF9QMEY","2026-01-20T20:33:00.319460553Z"
"01KFEEVG5Q0FCEAPJGWE5SN39K","01KFEDCCH0VMFH7P25F40PD43N","2026-01-20T19:42:07.543567046Z",17,"2026-01-20T19:42:12.635495474Z","D","2026-01-20T19:42:09.617386068Z","01KFEDCCHJADFRJT5F5VJ9ST9F","2026-01-20T19:42:07.543567046Z","01KFEEJDGDWEMZQAHJH9Z7FVC3","2026-01-20T19:42:07.543567046Z","01KFEERHSS8YK6G21K7D7ATGBQ","2026-01-20T19:42:07.543567046Z"
"01KFEHWM2QJ70WSQWQGP4XQA13","01KFEHA1MRJDJA6FNTED28Z8HF","2026-01-20T20:35:10.039595111Z",0,"2026-01-20T20:35:15.901353547Z","C","2026-01-20T20:35:15.816420491Z","01KFEHA1QDYX27N1S60Z95NKD9","2026-01-20T20:35:10.039595111Z","01KFEHF7572SXHJWAG2WR57G7K","2026-01-20T20:35:10.039595111Z","01KFEHQS0DYR2VNJXKTTWWF6N1","2026-01-20T20:35:10.039595111Z"
"01KFEJ129ZB0995WPVT7F16G20","01KFEHA1W0DBA89GCQ87GA4EG5","2026-01-20T20:37:35.679459202Z",0,"2026-01-20T20:37:40.558982372Z","C","2026-01-20T20:37:40.341276579Z","01KFEHA1Z72TJ9J0QENR016CFN","2026-01-20T20:37:35.679459202Z","01KFEHVQ5CHDKKYBKKZ5GXNMKV","2026-01-20T20:37:35.679459202Z","01KFEHZ0FB2M9VQXNX1PF3WEJF","2026-01-20T20:37:35.679459202Z"
"01KFEJ227XNH7GQH1KG77NZ1YC","01KFEHA1W0DBA89GCQ87GA4EG5","2026-01-20T20:38:08.381844286Z",10,"2026-01-20T20:38:11.469908398Z","A","2026-01-20T20:38:11.440130912Z","01KFEHA1Z72TJ9J0QENR016CFN","2026-01-20T20:38:08.381844286Z","01KFEHMDY2YXCAA0WMRPTSEKC9","2026-01-20T20:38:08.381844286Z","01KFEHZ0GMRH6WF566HVKE80E8","2026-01-20T20:38:08.381844286Z"
"01KFEJS9MEMKSA37QV1SNJ47G4","01KFEHAM0SBSN9QYCK4NGJTWCC","2026-01-20T20:50:49.614580951Z",19,"2026-01-20T20:50:55.274518011Z","C","2026-01-20T20:50:55.217202631Z","01KFEHAM4AZFDTAG8DR1VA4141","2026-01-20T20:50:49.614580951Z","01KFEJAS01H74KYS8N629S6DTN","2026-01-20T20:50:49.614580951Z","01KFEJMJPQBTQ50WP8X5YMXXBN","2026-01-20T20:50:49.614580951Z"
"01KFEHK3QPGF3GFFPPBGKW4VDD","01KFEHA1MRJDJA6FNTED28Z8HF","2026-01-20T20:29:58.390089826Z",17,"2026-01-20T20:29:59.9502126Z","D","2026-01-20T20:29:59.935117858Z","01KFEHA1R32D8V3SKQA6BEDXA8","2026-01-20T20:29:58.390089826Z","01KFEHAKHNEWG0MCGFJGNXPB10","2026-01-20T20:29:58.390089826Z","01KFEHGC777H54HK2P2YHAFFKZ","2026-01-20T20:29:58.390089826Z"
"01KFEFKY3GBXPK99SF753QKPEP","01KFEDCAVEZK3QD8ZFC2PP83WE","2026-01-20T19:55:28.240952855Z",17,"2026-01-20T19:55:32.183643861Z","D","2026-01-20T19:55:30.108141008Z","01KFEDCAVZJC7DD4AH1RF6NR9W","2026-01-20T19:55:28.240952855Z","01KFEFBH5ZZ770WWH7HK9VAC9K","2026-01-20T19:55:28.240952855Z","01KFEFFP3F7CT8CVRZM3S0GJA9","2026-01-20T19:55:28.240952855Z"
"01KFEFNPH4G5TJ6B42ACD1XFZ9","01KFEDC9EK94N2WNCHE5RRQHCJ","2026-01-20T19:56:26.020671235Z",7,"2026-01-20T19:56:29.222021238Z","D","2026-01-20T19:56:27.99195864Z","01KFEDC9FF7T49EPA99GZDGH84","2026-01-20T19:56:26.020671235Z","01KFEFBN24Q9S7DG3606EXV8XC","2026-01-20T19:56:26.020671235Z","01KFEFG2QS60SBWDNCT785Y7NV","2026-01-20T19:56:26.020671235Z"
"01KFEHQ9GC78HND3AV47YY4KPH","01KFEHA1EJWPRPNCXBTHCF12K2","2026-01-20T20:32:15.373029862Z",20,"2026-01-20T20:32:20.800723347Z","B","2026-01-20T20:32:18.557548706Z","01KFEHA1GDXTPSA0SX8CRPX47C","2026-01-20T20:32:15.373029862Z","01KFEHHMSX0QGW7JR1FS9J2AW6","2026-01-20T20:32:15.373029862Z","01KFEHNSDYGDJ3GSJAYWHNGV5W","2026-01-20T20:32:15.373029862Z"
"01KFEHT03R58TKDBCBBM0TCCCV","01KFEHA1MRJDJA6FNTED28Z8HF","2026-01-20T20:33:44.056366841Z",10,"2026-01-20T20:33:49.961004746Z","B","2026-01-20T20:33:49.930206551Z","01KFEHA1QDYX27N1S60Z95NKD9","2026-01-20T20:33:44.056366841Z","01KFEHF7572SXHJWAG2WR57G7K","2026-01-20T20:33:44.056366841Z","01KFEHQRZ4TH1YS8B6ZSMB6BHH","2026-01-20T20:33:44.056366841Z"
"01KFEHTJ6NXZRZ50NEKF4DXCC3","01KFEHA1EJWPRPNCXBTHCF12K2","2026-01-20T20:34:02.5815717Z",19,"2026-01-20T20:34:07.983513965Z","C","2026-01-20T20:34:07.960262724Z","01KFEHA1GPSKM8FTTA039GX2FE","2026-01-20T20:34:02.5815717Z","01KFEHHKNYNVTAQQFNDQ02SYYK","2026-01-20T20:34:02.5815717Z","01KFEHRJX9T2N2M2335M26KB3T","2026-01-20T20:34:02.5815717Z"
"01KFEE3NE750Q6ERTN5R8CG6NT","01KFEDCB0G5KS91T4MD9JTDSA4","2026-01-20T19:29:06.503739641Z",19,"2026-01-20T19:29:12.096934409Z","C","2026-01-20T19:29:09.966927052Z","01KFEDCB197E7YMN5STVXKHS22","2026-01-20T19:29:06.503739641Z","01KFEDRBWHPV4A332ZXM2PZSR4","2026-01-20T19:29:06.503739641Z","01KFEE2FBW0QCVRB4GS4XCC0SW","2026-01-20T19:29:06.503739641Z"
"01KFEHMSZJBRB263YGR85M1VAY","01KFEHA20TFYVSSENV0N2723W5","2026-01-20T20:30:53.93826461Z",20,"2026-01-20T20:30:56.166794931Z","B","2026-01-20T20:30:56.149865778Z","01KFEHA25NESP3C46R1STZWY67","2026-01-20T20:30:53.93826461Z","01KFEHB2Z6PCQ5XRWRX0AQ3SH1","2026-01-20T20:30:53.93826461Z","01KFEHHR50QEESAKDTX0Z9AJEC","2026-01-20T20:30:53.93826461Z"
"01KFEHMVSBB2Y0GA3T8W2K4MZN","01KFEHA1MRJDJA6FNTED28Z8HF","2026-01-20T20:30:55.787595336Z",0,"2026-01-20T20:30:58.814881868Z","D","2026-01-20T20:30:58.786534944Z","01KFEHA1R32D8V3SKQA6BEDXA8","2026-01-20T20:30:55.787595336Z","01KFEHAKHNEWG0MCGFJGNXPB10","2026-01-20T20:30:55.787595336Z","01KFEHGC94ZFJXD2GEV68YM2J1","2026-01-20T20:30:55.787595336Z"
"01KFEJ2WYN7Y5J0A0V7EWQAP7F","01KFEHA1W0DBA89GCQ87GA4EG5","2026-01-20T20:38:35.733392948Z",10,"2026-01-20T20:38:40.344938199Z","B","2026-01-20T20:38:38.837749744Z","01KFEHA1Z72TJ9J0QENR016CFN","2026-01-20T20:38:35.733392948Z","01KFEHMDY2YXCAA0WMRPTSEKC9","2026-01-20T20:38:35.733392948Z","01KFEHZ0H8ZJSFTB0HXTXSM2AV","2026-01-20T20:38:35.733392948Z"
"01KFEK5X9PXM2NCP1QX9EWBNJP","01KFEJ5C7H3Z5SGPPT0TCGAEB2","2026-01-20T20:57:42.966685806Z",0,"2026-01-20T20:57:46.089990708Z","C","2026-01-20T20:57:44.643874998Z","01KFEJ5C9822567XDA8A9QG0G3","2026-01-20T20:57:42.966685806Z","01KFEJRM0CNFF8YTKCA6JC16CE","2026-01-20T20:57:42.966685806Z","01KFEK0Q64TJGX1ZAQFPQYZ5YY","2026-01-20T20:57:42.966685806Z"
"01KFEHMAAQ8QV1DN3Z47DBS2A3","01KFEHA20TFYVSSENV0N2723W5","2026-01-20T20:30:37.91158304Z",20,"2026-01-20T20:30:39.891153672Z","B","2026-01-20T20:30:39.86144198Z","01KFEHA25NESP3C46R1STZWY67","2026-01-20T20:30:37.91158304Z","01KFEHB2Z6PCQ5XRWRX0AQ3SH1","2026-01-20T20:30:37.91158304Z","01KFEHHR5BDKF64QG1B6XQZ0W1","2026-01-20T20:30:37.91158304Z"
"01KFEJ1EQJA7334N4GBWGMTGVS","01KFEHA1W0DBA89GCQ87GA4EG5","2026-01-20T20:37:48.402085283Z",20,"2026-01-20T20:37:53.854002465Z","A","2026-01-20T20:37:53.813286151Z","01KFEHA1Z72TJ9J0QENR016CFN","2026-01-20T20:37:48.402085283Z","01KFEHVQ5CHDKKYBKKZ5GXNMKV","2026-01-20T20:37:48.402085283Z","01KFEHZ0G17F90ZJHX83NBG7SS","2026-01-20T20:37:48.402085283Z"
"01KFEE29MYDE3H16SYEVD9H970","01KFEDCC1ZHDDN3CP9JWF4PGTF","2026-01-20T19:28:21.662922627Z",10,"2026-01-20T19:28:24.940884423Z","A","2026-01-20T19:28:24.706450607Z","01KFEDCC2JDADMPT5RVP2N7S0X","2026-01-20T19:28:21.662922627Z","01KFEDQK6ZX4EYK4N5S5CFQ5FY","2026-01-20T19:28:21.662922627Z","01KFEDZ32VE8SRAVCE2TC0J5K0","2026-01-20T19:28:21.662922627Z"
"01KFEFM26BCP7F57CHJBYPRNQC","01KFEDC9EK94N2WNCHE5RRQHCJ","2026-01-20T19:55:32.427164299Z",19,"2026-01-20T19:55:35.942266404Z","C","2026-01-20T19:55:35.493664872Z","01KFEDC9FF7T49EPA99GZDGH84","2026-01-20T19:55:32.427164299Z","01KFEFBN24Q9S7DG3606EXV8XC","2026-01-20T19:55:32.427164299Z","01KFEFG2QKMJ6T2ET0NGMTJRCJ","2026-01-20T19:55:32.427164299Z"
"01KFEHVJZGASHNYBJ5EGZK227N","01KFEHA1MRJDJA6FNTED28Z8HF","2026-01-20T20:34:36.144384793Z",10,"2026-01-20T20:34:40.884243964Z","B","2026-01-20T20:34:40.820986639Z","01KFEHA1QDYX27N1S60Z95NKD9","2026-01-20T20:34:36.144384793Z","01KFEHF7572SXHJWAG2WR57G7K","2026-01-20T20:34:36.144384793Z","01KFEHQRZW65CC9AXXVB6VNT0A","2026-01-20T20:34:36.144384793Z"
"01KFEFW6EF4MJBY69DH7ED8701","01KFEDCAVEZK3QD8ZFC2PP83WE","2026-01-20T19:59:58.927445957Z",20,"2026-01-20T20:00:04.921801595Z","B","2026-01-20T20:00:04.903231343Z","01KFEDCAVZJC7DD4AH1B24TEC6","2026-01-20T19:59:58.927445957Z","01KFEFG8GX8B9102EGAWCJ2ZB0","2026-01-20T19:59:58.927445957Z","01KFEFNGZB6J98N7CQG08Z8XPA","2026-01-20T19:59:58.927445957Z"
"01KFEHK9FJYC1SSY6VHYVQPD0T","01KFEHA1MRJDJA6FNTED28Z8HF","2026-01-20T20:30:04.274832824Z",0,"2026-01-20T20:30:08.359698987Z","C","2026-01-20T20:30:06.249537605Z","01KFEHA1R32D8V3SKQA6BEDXA8","2026-01-20T20:30:04.274832824Z","01KFEHAKHNEWG0MCGFJGNXPB10","2026-01-20T20:30:04.274832824Z","01KFEHGC8APBVBEXKWFK29QFC6","2026-01-20T20:30:04.274832824Z"
"01KFEE47WD2DR6KQSFCF8A3VZM","01KFEDCB0G5KS91T4MD9JTDSA4","2026-01-20T19:29:25.389820147Z",7,"2026-01-20T19:29:29.999776761Z","D","2026-01-20T19:29:29.985896053Z","01KFEDCB197E7YMN5STVXKHS22","2026-01-20T19:29:25.389820147Z","01KFEDZFSW9KBCS8VJN8KBS8T4","2026-01-20T19:29:25.389820147Z","01KFEE2FC11CF7J9J8T4H75VBA","2026-01-20T19:29:25.389820147Z"
"01KFEEFRY81W0T2ZXY9D2PW7QJ","01KFEDCB0G5KS91T4MD9JTDSA4","2026-01-20T19:35:43.304991119Z",19,"2026-01-20T19:35:48.709581998Z","C","2026-01-20T19:35:48.691778946Z","01KFEDCB15BD0TYD7H0V6YZGSZ","2026-01-20T19:35:43.304991119Z","01KFEE2B09J1P0X60NY0EGT3C2","2026-01-20T19:35:43.304991119Z","01KFEE9KM4D473V34YVW8X7KQW","2026-01-20T19:35:43.304991119Z"
"01KFEJHMB530K0RMZ1TPD36ADH","01KFEHAM0SBSN9QYCK4NGJTWCC","2026-01-20T20:46:38.437623562Z",20,"2026-01-20T20:46:42.203732515Z","B","2026-01-20T20:46:42.080238111Z","01KFEHAM45R1366856G6A2WGHZ","2026-01-20T20:46:38.437623562Z","01KFEHYH6DP091MJE3KD0CRNR1","2026-01-20T20:46:38.437623562Z","01KFEJBBRN3BZM659M96JG5473","2026-01-20T20:46:38.437623562Z"
"01KFEHTJ6V7XVASP2VC3GZ338R","01KFEHA1EJWPRPNCXBTHCF12K2","2026-01-20T20:34:02.587425197Z",10,"2026-01-20T20:34:07.983513965Z","B","2026-01-20T20:34:06.137392143Z","01KFEHA1GPSKM8FTTA039GX2FE","2026-01-20T20:34:02.587425197Z","01KFEHGGC977SV7QXMD0KQJ3VM","2026-01-20T20:34:02.587425197Z","01KFEHRJX9T2N2M2335M26KB3T","2026-01-20T20:34:02.587425197Z"
"01KFEJC2VJHZ230CMEEZ7FB376","01KFEHAKK9QMW81MWT2FF1CSZA","2026-01-20T20:43:36.690340237Z",10,"2026-01-20T20:43:40.405719838Z","B","2026-01-20T20:43:39.610488232Z","01KFEHAKMDAJRN7M0QA4VDJCGY","2026-01-20T20:43:36.690340237Z","01KFEHS8J7P9EEBTK2FBSRFBQT","2026-01-20T20:43:36.690340237Z","01KFEJ2SMQX5SC8F4KRDRSD2HX","2026-01-20T20:43:36.690340237Z"
"01KFEEZFRHF6GR3DRZY7DV818Y","01KFEDCCAW3ZY6KSKNHTKZ971F","2026-01-20T19:44:18.193192447Z",19,"2026-01-20T19:44:20.992201559Z","C","2026-01-20T19:44:20.981791526Z","01KFEDCCBE716PRHN8Q6NQV6ZT","2026-01-20T19:44:18.193192447Z","01KFEEMXPGKZB6AS6D6H40GZ8R","2026-01-20T19:44:18.193192447Z","01KFEEV7WM37BXXYBNHHTEQKS3","2026-01-20T19:44:18.193192447Z"
"01KFEHSMXCEM406ZDE734DJQZ8","01KFEHA1EJWPRPNCXBTHCF12K2","2026-01-20T20:33:32.588650111Z",0,"2026-01-20T20:33:34.868005053Z","D","2026-01-20T20:33:33.710930082Z","01KFEHA1GDXTPSA0SX8CRPX47C","2026-01-20T20:33:32.588650111Z","01KFEHHMSX0QGW7JR1FS9J2AW6","2026-01-20T20:33:32.588650111Z","01KFEHNSFTHZAFCSTHT4TCH75A","2026-01-20T20:33:32.588650111Z"
"01KFEHWM2GED6NAJQ2F5QTDMMK","01KFEHA1MRJDJA6FNTED28Z8HF","2026-01-20T20:35:10.032577317Z",0,"2026-01-20T20:35:15.901353547Z","C","2026-01-20T20:35:12.292933781Z","01KFEHA1QDYX27N1S60Z95NKD9","2026-01-20T20:35:10.032577317Z","01KFEHFDNYYM4VRPKVABD0N8W8","2026-01-20T20:35:10.032577317Z","01KFEHQS0DYR2VNJXKTTWWF6N1","2026-01-20T20:35:10.032577317Z"
"01KFEHY72NKK4RRQNGKR87RYXJ","01KFEHA1EJWPRPNCXBTHCF12K2","2026-01-20T20:36:02.261645086Z",0,"2026-01-20T20:36:08.26571913Z","B","2026-01-20T20:36:03.282301219Z","01KFEHA1GRK7A014NXTNRF457G","2026-01-20T20:36:02.261645086Z","01KFEHG6C81JZ80FMVPH00AMCG","2026-01-20T20:36:02.261645086Z","01KFEHPVJWCSTCRZ0XX6W9W05X","2026-01-20T20:36:02.261645086Z"
"01KFEHGEAVYTJPMPBAC51SHQCW","01KFEHA1EJWPRPNCXBTHCF12K2","2026-01-20T20:28:30.939583358Z",10,"2026-01-20T20:28:36.704171072Z","B","2026-01-20T20:28:33.378225557Z","01KFEHA1GK3DQ7TRWFWA7J267H","2026-01-20T20:28:30.939583358Z","01KFEHC1N15W3XF2S9JNREZ5AJ","2026-01-20T20:28:30.939583358Z","01KFEHFC1WYZV0AN9T46ZPPXXT","2026-01-20T20:28:30.939583358Z"
"01KFEHK75J314CE0ETH9Z13N5E","01KFEHA1EJWPRPNCXBTHCF12K2","2026-01-20T20:30:01.906579648Z",19,"2026-01-20T20:30:04.591688236Z","C","2026-01-20T20:30:04.575173355Z","01KFEHA1GK3DQ7TRWFWA7J267H","2026-01-20T20:30:01.906579648Z","01KFEHBP1ZE2AV6NAD8SG9ZGBW","2026-01-20T20:30:01.906579648Z","01KFEHFC24AS0SXVNMRXMCTN70","2026-01-20T20:30:01.906579648Z"
"01KFEHZ43E830K4QYVRXKQ8JP6","01KFEHA1EJWPRPNCXBTHCF12K2","2026-01-20T20:36:31.983003432Z",7,"2026-01-20T20:36:44.462445362Z","D","2026-01-20T20:36:44.388252334Z","01KFEHA1GPSKM8FTTA039GX2FE","2026-01-20T20:36:31.983003432Z","01KFEHHKNYNVTAQQFNDQ02SYYK","2026-01-20T20:36:31.983003432Z","01KFEHRJZ3P2BQEBPH0RZE16E3","2026-01-20T20:36:31.983003432Z"
"01KFEJ0K4NSPJVXSHXW6VTJ88T","01KFEHA1W0DBA89GCQ87GA4EG5","2026-01-20T20:37:20.149079912Z",19,"2026-01-20T20:37:23.677015785Z","C","2026-01-20T20:37:22.756250754Z","01KFEHA1Z72TJ9J0QENR016CFN","2026-01-20T20:37:20.149079912Z","01KFEHVQ5CHDKKYBKKZ5GXNMKV","2026-01-20T20:37:20.149079912Z","01KFEHZ0ESDMEKCXQ0B17QX3W3","2026-01-20T20:37:20.149079912Z"
"01KFEEYQM8VVZ7VJJRMFFEDEF0","01KFEDCCAW3ZY6KSKNHTKZ971F","2026-01-20T19:43:53.48073959Z",7,"2026-01-20T19:43:55.506311063Z","D","2026-01-20T19:43:55.476808948Z","01KFEDCCBE716PRHN8Q6NQV6ZT","2026-01-20T19:43:53.48073959Z","01KFEEMXPGKZB6AS6D6H40GZ8R","2026-01-20T19:43:53.48073959Z","01KFEEV7VCBGXA4JJDH28D0KYZ","2026-01-20T19:43:53.48073959Z"
"01KFEE6R8FSQEXBPZ6MD7DX554","01KFEDCB0G5KS91T4MD9JTDSA4","2026-01-20T19:30:47.695323425Z",19,"2026-01-20T19:30:50.313563071Z","C","2026-01-20T19:30:49.366160295Z","01KFEDCB197E7YMN5STVXKHS22","2026-01-20T19:30:47.695323425Z","01KFEDRBWHPV4A332ZXM2PZSR4","2026-01-20T19:30:47.695323425Z","01KFEE2FC6CRVYDFXNDF2R2XTC","2026-01-20T19:30:47.695323425Z"
"01KFEEV9GBYT7VG78YY9GTAC23","01KFEDCCH0VMFH7P25F40PD43N","2026-01-20T19:42:00.715980195Z",17,"2026-01-20T19:42:03.437697193Z","D","2026-01-20T19:42:02.618117355Z","01KFEDCCHJADFRJT5F5VJ9ST9F","2026-01-20T19:42:00.715980195Z","01KFEEJDGDWEMZQAHJH9Z7FVC3","2026-01-20T19:42:00.715980195Z","01KFEERHS0D5S35AHJVKA8SKAZ","2026-01-20T19:42:00.715980195Z"
"01KFEHX20D985J771YP7M8XV72","01KFEHA1MRJDJA6FNTED28Z8HF","2026-01-20T20:35:24.301523967Z",19,"2026-01-20T20:35:31.607569428Z","C","2026-01-20T20:35:31.570343074Z","01KFEHA1QYV2E8SAEFNEHYNVTN","2026-01-20T20:35:24.301523967Z","01KFEHHH6AXDMAXMWAFCF5JGBC","2026-01-20T20:35:24.301523967Z","01KFEHSJHMD41VR7WTBGQFHE87","2026-01-20T20:35:24.301523967Z"
"01KFEEE8PX8VSJR85P25CS7FAJ","01KFEDCCAW3ZY6KSKNHTKZ971F","2026-01-20T19:34:53.918012788Z",0,"2026-01-20T19:35:04.145995961Z","B","2026-01-20T19:34:59.474159704Z","01KFEDCCBDJ82W4YK2PN7VDTAX","2026-01-20T19:34:53.918012788Z","01KFEE85J92QXNE2691FZPHW2Z","2026-01-20T19:34:53.918012788Z","01KFEEE800PMMNJZHVHRN1YZYN","2026-01-20T19:34:53.918012788Z"
"01KFEHKPBW5WA3WTX7PCFYAG07","01KFEHA1MRJDJA6FNTED28Z8HF","2026-01-20T20:30:17.468898976Z",29,"2026-01-20T20:30:19.764968064Z","C","2026-01-20T20:30:19.205049554Z","01KFEHA1R32D8V3SKQA6BEDXA8","2026-01-20T20:30:17.468898976Z","01KFEHAKHNEWG0MCGFJGNXPB10","2026-01-20T20:30:17.468898976Z","01KFEHGC8JRR71EAXP0WWWKCB7","2026-01-20T20:30:17.468898976Z"
"01KFEJZXHDCR8S1XEFBBV8RMKD","01KFEJ5DKDD8ED3R70AXWWV7TA","2026-01-20T20:54:26.605160548Z",29,"2026-01-20T20:54:29.13608675Z","C","2026-01-20T20:54:29.065715861Z","01KFEJ5DPFFD934S0E2GQ1B9RR","2026-01-20T20:54:26.605160548Z","01KFEJJ4V0E3E83F88J6MK6KAW","2026-01-20T20:54:26.605160548Z","01KFEJVD0KCRRZRQ6WHZMVVDZZ","2026-01-20T20:54:26.605160548Z"
"01KFEDZJKKVVMGMY5RY14XW01J","01KFEDCC1ZHDDN3CP9JWF4PGTF","2026-01-20T19:26:52.531625209Z",17,"2026-01-20T19:26:54.639201826Z","D","2026-01-20T19:26:53.429771925Z","01KFEDCC2JDADMPT5RVZQ93BA8","2026-01-20T19:26:52.531625209Z","01KFEDKABYH5MEPJ95J3ZMZNRM","2026-01-20T19:26:52.531625209Z","01KFEDVKBAC5PM6XV7NXGC94PD","2026-01-20T19:26:52.531625209Z"
"01KFEHZ436T63SME9TNNWZDB72","01KFEHA1EJWPRPNCXBTHCF12K2","2026-01-20T20:36:31.974766851Z",10,"2026-01-20T20:36:44.462445362Z","A","2026-01-20T20:36:33.622264369Z","01KFEHA1GPSKM8FTTA039GX2FE","2026-01-20T20:36:31.974766851Z","01KFEHGGC977SV7QXMD0KQJ3VM","2026-01-20T20:36:31.974766851Z","01KFEHRJZ3P2BQEBPH0RZE16E3","2026-01-20T20:36:31.974766851Z"
"01KFEFKGP636D22D726XBP6S8P","01KFEDC9EK94N2WNCHE5RRQHCJ","2026-01-20T19:55:14.502194411Z",7,"2026-01-20T19:55:21.322245098Z","D","2026-01-20T19:55:21.304724749Z","01KFEDC9FF7T49EPA99GZDGH84","2026-01-20T19:55:14.502194411Z","01KFEFBN24Q9S7DG3606EXV8XC","2026-01-20T19:55:14.502194411Z","01KFEFG2QFS8QMXYNAGGYFSPQK","2026-01-20T19:55:14.502194411Z"
"01KFEK1TY24SP8BCNDHRT2EGZ6","01KFEJ5CPJ5RGARFNN6Z0PCT4Q","2026-01-20T20:55:29.474519564Z",29,"2026-01-20T20:55:36.209452892Z","C","2026-01-20T20:55:36.149918569Z","01KFEJ5CRSNMMQKHYMFD35850B","2026-01-20T20:55:29.474519564Z","01KFEJHQKQJTKAV5X447CE3YRT","2026-01-20T20:55:29.474519564Z","01KFEJRTSAPTRB7YAQPWEYHTS4","2026-01-20T20:55:29.474519564Z"
"01KFEK4RRPV4Z0MENA64E8HPPS","01KFEJ5C7H3Z5SGPPT0TCGAEB2","2026-01-20T20:57:05.55897582Z",19,"2026-01-20T20:57:10.596004822Z","C","2026-01-20T20:57:10.535966004Z","01KFEJ5C9822567XDA8A9QG0G3","2026-01-20T20:57:05.55897582Z","01KFEJRM0CNFF8YTKCA6JC16CE","2026-01-20T20:57:05.55897582Z","01KFEK0Q8NEF55WD07A195GHP6","2026-01-20T20:57:05.55897582Z"
"01KFEHHE81YYFJXCENBYEC1HDQ","01KFEHA1MRJDJA6FNTED28Z8HF","2026-01-20T20:29:03.61742526Z",19,"2026-01-20T20:29:09.246532565Z","C","2026-01-20T20:29:09.230938087Z","01KFEHA1R32D8V3SKQA6BEDXA8","2026-01-20T20:29:03.61742526Z","01KFEHAKHNEWG0MCGFJGNXPB10","2026-01-20T20:29:03.61742526Z","01KFEHGC7BFXW25E2SF00A9HT5","2026-01-20T20:29:03.61742526Z"
"01KFEHK0C0JVXXEVFZ6M13YDPT","01KFEHA20TFYVSSENV0N2723W5","2026-01-20T20:29:54.944725211Z",19,"2026-01-20T20:29:57.473528114Z","C","2026-01-20T20:29:57.332552517Z","01KFEHA25NESP3C46R1STZWY67","2026-01-20T20:29:54.944725211Z","01KFEHE6NX6FXVRTV1KPH8TKWC","2026-01-20T20:29:54.944725211Z","01KFEHHR61XNWEDF5F7S8QWGY2","2026-01-20T20:29:54.944725211Z"
"01KFEHHE86ASNCNKJPVJQX5BYB","01KFEHA1MRJDJA6FNTED28Z8HF","2026-01-20T20:29:03.622714572Z",10,"2026-01-20T20:29:09.246532565Z","B","2026-01-20T20:29:07.614440869Z","01KFEHA1R32D8V3SKQA6BEDXA8","2026-01-20T20:29:03.622714572Z","01KFEHBPM0QM8692M9NW91QBAJ","2026-01-20T20:29:03.622714572Z","01KFEHGC7BFXW25E2SF00A9HT5","2026-01-20T20:29:03.622714572Z"
"01KFEDYEB0ZSYN2CGZ25TTRSFQ","01KFEDCC1ZHDDN3CP9JWF4PGTF","2026-01-20T19:26:15.392344455Z",29,"2026-01-20T19:26:19.484196173Z","C","2026-01-20T19:26:19.469345929Z","01KFEDCC2JDADMPT5RVZQ93BA8","2026-01-20T19:26:15.392344455Z","01KFEDNRR64JDCJYA79FBRE8X8","2026-01-20T19:26:15.392344455Z","01KFEDVKB5NFPV0X6HCWJPGZQG","2026-01-20T19:26:15.392344455Z"
"01KFEEDABKER1J2FX0V0X7GBZC","01KFEDCB0G5KS91T4MD9JTDSA4","2026-01-20T19:34:22.836027873Z",19,"2026-01-20T19:34:33.38516695Z","C","2026-01-20T19:34:27.620021969Z","01KFEDCB15BD0TYD7H0V6YZGSZ","2026-01-20T19:34:22.836027873Z","01KFEE2B09J1P0X60NY0EGT3C2","2026-01-20T19:34:22.836027873Z","01KFEE9KKYXQNNXAG37WEVHGKC","2026-01-20T19:34:22.836027873Z"
"01KFEEXF1VX4Q4GZZ6A8CRR1Y8","01KFEDCCAW3ZY6KSKNHTKZ971F","2026-01-20T19:43:11.931249387Z",19,"2026-01-20T19:43:17.905908081Z","C","2026-01-20T19:43:17.886748991Z","01KFEDCCBE716PRHN8Q6NQV6ZT","2026-01-20T19:43:11.931249387Z","01KFEEMXPGKZB6AS6D6H40GZ8R","2026-01-20T19:43:11.931249387Z","01KFEEV7W8DFGAYEWV1JC1WZ5P","2026-01-20T19:43:11.931249387Z"
"01KFEJV69BY4YAEGPJGJ82Y4S0","01KFEHAM72H3ZNN8G0T2BCT79K","2026-01-20T20:51:51.723879005Z",0,"2026-01-20T20:52:04.628822289Z","C","2026-01-20T20:51:54.582051653Z","01KFEHAMATV7GY0NQF17M2P0MD","2026-01-20T20:51:51.723879005Z","01KFEJ5D2KZA6HXFGKH7XFG11W","2026-01-20T20:51:51.723879005Z","01KFEJMAXE5TC2SVASZC4DT7DQ","2026-01-20T20:51:51.723879005Z"
"01KFEEH139N17QYB5Q92HQMHR3","01KFEDCCAW3ZY6KSKNHTKZ971F","2026-01-20T19:36:24.425846446Z",19,"2026-01-20T19:37:02.112056488Z","C","2026-01-20T19:37:02.095483544Z","01KFEDCCBDJ82W4YK2PN7VDTAX","2026-01-20T19:36:24.425846446Z","01KFEE6KZQR5PP1P0PS1XNKJRD","2026-01-20T19:36:24.425846446Z","01KFEEE8020NN6FS0J0N9VV3WD","2026-01-20T19:36:24.425846446Z"
"01KFEHV2RJ3DZD83FE3H04NJWR","01KFEHA1MRJDJA6FNTED28Z8HF","2026-01-20T20:34:19.538196839Z",20,"2026-01-20T20:34:21.567222199Z","B","2026-01-20T20:34:21.543585344Z","01KFEHA1QMX5DYGHPSSSP2RXXX","2026-01-20T20:34:19.538196839Z","01KFEHH299EZ808S0B86915EW8","2026-01-20T20:34:19.538196839Z","01KFEHR306PYVVVHHX0S677A1Q","2026-01-20T20:34:19.538196839Z"
"01KFEHY72X750YFG7XNESKKAMJ","01KFEHA1EJWPRPNCXBTHCF12K2","2026-01-20T20:36:02.269379778Z",0,"2026-01-20T20:36:08.26571913Z","B","2026-01-20T20:36:08.228696645Z","01KFEHA1GRK7A014NXTNRF457G","2026-01-20T20:36:02.269379778Z","01KFEHFSGA9RW2KQK679GQ5Q17","2026-01-20T20:36:02.269379778Z","01KFEHPVJWCSTCRZ0XX6W9W05X","2026-01-20T20:36:02.269379778Z"
"01KFEJF1THEFAFD2S66C2JZGRE","01KFEHAM0SBSN9QYCK4NGJTWCC","2026-01-20T20:45:13.937844938Z",19,"2026-01-20T20:45:16.334148539Z","C","2026-01-20T20:45:16.256061344Z","01KFEHAM3ZX2QFEZ4F28QFW79D","2026-01-20T20:45:13.937844938Z","01KFEJ9883X77HA7T3SDA1VF8F","2026-01-20T20:45:13.937844938Z","01KFEJDCQCZ3EXQTJHB48GASJ0","2026-01-20T20:45:13.937844938Z"
"01KFEE9MXYK1DEQKCTM1SVCJCR","01KFEDCB0G5KS91T4MD9JTDSA4","2026-01-20T19:32:22.590102184Z",0,"2026-01-20T19:32:36.643585109Z","C","2026-01-20T19:32:28.579438982Z","01KFEDCB15BD0TYD7H0V6YZGSZ","2026-01-20T19:32:22.590102184Z","01KFEE07X889KRR9ZR3BVZBWD6","2026-01-20T19:32:22.590102184Z","01KFEE9KKC1D0WXJ4XBWQY0W8Y","2026-01-20T19:32:22.590102184Z"
"01KFEHXZ2V4E62MW6D1G8QHEGH","01KFEHA1MRJDJA6FNTED28Z8HF","2026-01-20T20:35:54.075102744Z",29,"2026-01-20T20:35:58.558558627Z","C","2026-01-20T20:35:58.445220607Z","01KFEHA1QYV2E8SAEFNEHYNVTN","2026-01-20T20:35:54.075102744Z","01KFEHHH6AXDMAXMWAFCF5JGBC","2026-01-20T20:35:54.075102744Z","01KFEHSJJ8BN25BMHZA75B7QEM","2026-01-20T20:35:54.075102744Z"
"01KFEHYD8X53MGVF6Z5JR2V5QN","01KFEHA1W0DBA89GCQ87GA4EG5","2026-01-20T20:36:08.605316114Z",20,"2026-01-20T20:36:19.840886891Z","A","2026-01-20T20:36:16.536269741Z","01KFEHA1ZSVYK8DGYZZSV53FQM","2026-01-20T20:36:08.605316114Z","01KFEHMXV04MY34HJYA33HA616","2026-01-20T20:36:08.605316114Z","01KFEHWYTZ9F4WSYG3N5TJM8G6","2026-01-20T20:36:08.605316114Z"
"01KFEJWST0MF9RD8SQ9GVRPJ2F","01KFEJ5CPJ5RGARFNN6Z0PCT4Q","2026-01-20T20:52:44.480816346Z",19,"2026-01-20T20:53:49.517530176Z","C","2026-01-20T20:53:49.447544011Z","01KFEJ5CRSNMMQKHYMFD35850B","2026-01-20T20:52:44.480816346Z","01KFEJHQKQJTKAV5X447CE3YRT","2026-01-20T20:52:44.480816346Z","01KFEJRTNPM5PF9V9CEFDT48NQ","2026-01-20T20:52:44.480816346Z"
"01KFEE5EZ6ZPK32JN5J3P1XVB8","01KFEDCB0G5KS91T4MD9JTDSA4","2026-01-20T19:30:05.414540168Z",19,"2026-01-20T19:30:07.927014928Z","C","2026-01-20T19:30:07.915621711Z","01KFEDCB197E7YMN5STVXKHS22","2026-01-20T19:30:05.414540168Z","01KFEDZFSW9KBCS8VJN8KBS8T4","2026-01-20T19:30:05.414540168Z","01KFEE2FBZGHEGRB6VKW9K009N","2026-01-20T19:30:05.414540168Z"
"01KFEFFW7MD787Z8HJ8TQBCXPP","01KFEDCCH0VMFH7P25F40PD43N","2026-01-20T19:53:15.252324463Z",20,"2026-01-20T19:53:18.65906914Z","A","2026-01-20T19:53:17.969402564Z","01KFEDCCHH44R979H37GT2B68J","2026-01-20T19:53:15.252324463Z","01KFEFADJR1SXTG9225WD5SFVJ","2026-01-20T19:53:15.252324463Z","01KFEFDZE61M487NSCED8CQDTP","2026-01-20T19:53:15.252324463Z"
"01KFEJ856Z88GHEJHQA17QG56B","01KFEHA20TFYVSSENV0N2723W5","2026-01-20T20:41:28.031912368Z",20,"2026-01-20T20:41:32.612000303Z","B","2026-01-20T20:41:32.572733305Z","01KFEHA25S6PYJD4DSX1VJG5FE","2026-01-20T20:41:28.031912368Z","01KFEHKBVRWD07VXT4ZKHQQAA6","2026-01-20T20:41:28.031912368Z","01KFEJ3HQ9CTAHRNARRPAG6D4D","2026-01-20T20:41:28.031912368Z"
"01KFEJY9BVCK08ZZCCQBDQPN6H","01KFEHAM72H3ZNN8G0T2BCT79K","2026-01-20T20:53:33.179455038Z",17,"2026-01-20T20:53:36.593969268Z","D","2026-01-20T20:53:36.538558581Z","01KFEHAMATV7GY0NQF17M2P0MD","2026-01-20T20:53:33.179455038Z","01KFEJ5D2KZA6HXFGKH7XFG11W","2026-01-20T20:53:33.179455038Z","01KFEJMB0BMEP8YS43R3TT0KRS","2026-01-20T20:53:33.179455038Z"
"01KFEK4CBGB7VAJRMP10FKTYZ2","01KFEJ5CPJ5RGARFNN6Z0PCT4Q","2026-01-20T20:56:52.848659977Z",17,"2026-01-20T20:56:56.817595111Z","D","2026-01-20T20:56:56.726681876Z","01KFEJ5CRSNMMQKHYMFD35850B","2026-01-20T20:56:52.848659977Z","01KFEJD683V7BW0EC67T5B9T0M","2026-01-20T20:56:52.848659977Z","01KFEJRTW9T3HTYV343RGTBAPD","2026-01-20T20:56:52.848659977Z"
"01KFEEFRYAG2A7R4FK1KVVSYD2","01KFEDCB0G5KS91T4MD9JTDSA4","2026-01-20T19:35:43.306999388Z",10,"2026-01-20T19:35:48.709581998Z","B","2026-01-20T19:35:45.529442554Z","01KFEDCB15BD0TYD7H0V6YZGSZ","2026-01-20T19:35:43.306999388Z","01KFEE07X889KRR9ZR3BVZBWD6","2026-01-20T19:35:43.306999388Z","01KFEE9KM4D473V34YVW8X7KQW","2026-01-20T19:35:43.306999388Z"
"01KFEHM4XPPD43MHFW3YV5Q74T","01KFEHA20TFYVSSENV0N2723W5","2026-01-20T20:30:32.374178749Z",20,"2026-01-20T20:30:34.573956779Z","B","2026-01-20T20:30:34.546200646Z","01KFEHA25NESP3C46R1STZWY67","2026-01-20T20:30:32.374178749Z","01KFEHB2Z6PCQ5XRWRX0AQ3SH1","2026-01-20T20:30:32.374178749Z","01KFEHHR5JQ40720J5SRYMQSYX","2026-01-20T20:30:32.374178749Z"
"01KFEJ5EYVJHSSN8CMP5AN26QK","01KFEHA20TFYVSSENV0N2723W5","2026-01-20T20:39:59.707873322Z",10,"2026-01-20T20:40:06.473393092Z","A","2026-01-20T20:40:06.426860658Z","01KFEHA25S6PYJD4DSX1VJG5FE","2026-01-20T20:39:59.707873322Z","01KFEHWFN7B5ZY9MX1Q0P1B17R","2026-01-20T20:39:59.707873322Z","01KFEJ3HP1X78D86VDDASM1XD0","2026-01-20T20:39:59.707873322Z"
"01KFEJ61WT2Y3ZQ8AT8DQM13E6","01KFEHA20TFYVSSENV0N2723W5","2026-01-20T20:40:19.098203816Z",20,"2026-01-20T20:40:57.952528386Z","B","2026-01-20T20:40:21.890411631Z","01KFEHA25S6PYJD4DSX1VJG5FE","2026-01-20T20:40:19.098203816Z","01KFEHKBVRWD07VXT4ZKHQQAA6","2026-01-20T20:40:19.098203816Z","01KFEJ3HPKCNRE1VBVARDTQWG0","2026-01-20T20:40:19.098203816Z"
"01KFEJRZZ7RAB64RZTHT6NEV23","01KFEJ5CPJ5RGARFNN6Z0PCT4Q","2026-01-20T20:50:39.71952512Z",19,"2026-01-20T20:50:54.490836995Z","C","2026-01-20T20:50:54.425712987Z","01KFEJ5CRSNMMQKHYMFD35850B","2026-01-20T20:50:39.71952512Z","01KFEJD683V7BW0EC67T5B9T0M","2026-01-20T20:50:39.71952512Z","01KFEJRTM5XRDJCFPH1GBSVRQH","2026-01-20T20:50:39.71952512Z"
"01KFEFJNC7R83MKJNZ3YFN1BBC","01KFEDCAVEZK3QD8ZFC2PP83WE","2026-01-20T19:54:46.535059815Z",0,"2026-01-20T19:54:52.570670679Z","C","2026-01-20T19:54:48.461182694Z","01KFEDCAVZJC7DD4AH1RF6NR9W","2026-01-20T19:54:46.535059815Z","01KFEFBH5ZZ770WWH7HK9VAC9K","2026-01-20T19:54:46.535059815Z","01KFEFFP3D8290N5CZYE4JVQ5H","2026-01-20T19:54:46.535059815Z"
"01KFEHK3QVQNQFEEVN7GWRCCJQ","01KFEHA1MRJDJA6FNTED28Z8HF","2026-01-20T20:29:58.39536864Z",29,"2026-01-20T20:29:59.9502126Z","C","2026-01-20T20:29:59.874163377Z","01KFEHA1R32D8V3SKQA6BEDXA8","2026-01-20T20:29:58.39536864Z","01KFEHBPM0QM8692M9NW91QBAJ","2026-01-20T20:29:58.39536864Z","01KFEHGC777H54HK2P2YHAFFKZ","2026-01-20T20:29:58.39536864Z"
"01KFEJ7C8F7E76XTFEYXA0JEW9","01KFEHA20TFYVSSENV0N2723W5","2026-01-20T20:41:02.479532461Z",20,"2026-01-20T20:41:06.426452095Z","A","2026-01-20T20:41:05.323049534Z","01KFEHA25S6PYJD4DSX1VJG5FE","2026-01-20T20:41:02.479532461Z","01KFEHWFN7B5ZY9MX1Q0P1B17R","2026-01-20T20:41:02.479532461Z","01KFEJ3HPZ91NMAPQ6MYD3EXAD","2026-01-20T20:41:02.479532461Z"
"01KFEJS9NNAD38S18KYCDW6EWQ","01KFEHAM0SBSN9QYCK4NGJTWCC","2026-01-20T20:50:49.653639188Z",10,"2026-01-20T20:50:55.274518011Z","B","2026-01-20T20:50:54.62408414Z","01KFEHAM4AZFDTAG8DR1VA4141","2026-01-20T20:50:49.653639188Z","01KFEJFMC7CFQF46Z46BV1EM1Q","2026-01-20T20:50:49.653639188Z","01KFEJMJPQBTQ50WP8X5YMXXBN","2026-01-20T20:50:49.653639188Z"
"01KFEHSCF60P158VHB84ZT0NDG","01KFEHA1EJWPRPNCXBTHCF12K2","2026-01-20T20:33:23.942069102Z",20,"2026-01-20T20:33:32.652641014Z","B","2026-01-20T20:33:26.726666981Z","01KFEHA1GRK7A014NXTNRF457G","2026-01-20T20:33:23.942069102Z","01KFEHFSGA9RW2KQK679GQ5Q17","2026-01-20T20:33:23.942069102Z","01KFEHPVK8B4QC3EEK3FGZW5H8","2026-01-20T20:33:23.942069102Z"
"01KFEHXQNXZCHR4JPR3HYKTME4","01KFEHA1MRJDJA6FNTED28Z8HF","2026-01-20T20:35:46.494971604Z",19,"2026-01-20T20:35:50.947920036Z","C","2026-01-20T20:35:48.96151353Z","01KFEHA1QYV2E8SAEFNEHYNVTN","2026-01-20T20:35:46.494971604Z","01KFEHHH6AXDMAXMWAFCF5JGBC","2026-01-20T20:35:46.494971604Z","01KFEHSJJ1RS48DCWZPCEB87MA","2026-01-20T20:35:46.494971604Z"
"01KFEEMWM8AQB576V8HY9KZ0AW","01KFEDCCAW3ZY6KSKNHTKZ971F","2026-01-20T19:38:30.920967818Z",20,"2026-01-20T19:38:37.859352933Z","A","2026-01-20T19:38:35.481136148Z","01KFEDCCBDJ82W4YK2PN7VDTAX","2026-01-20T19:38:30.920967818Z","01KFEE85J92QXNE2691FZPHW2Z","2026-01-20T19:38:30.920967818Z","01KFEEE80D066V0AJZMJEF0FCZ","2026-01-20T19:38:30.920967818Z"
"01KFEHRS44B3B4275VXXT2R8NR","01KFEHA1EJWPRPNCXBTHCF12K2","2026-01-20T20:33:04.132989838Z",10,"2026-01-20T20:33:09.810577977Z","B","2026-01-20T20:33:09.780196551Z","01KFEHA1GDXTPSA0SX8CRPX47C","2026-01-20T20:33:04.132989838Z","01KFEHFHGVMZZ35F5CSBQJBJM3","2026-01-20T20:33:04.132989838Z","01KFEHNSF6SHJ1G6MMYB05DB0R","2026-01-20T20:33:04.132989838Z"
"01KFEJSYANM44YDMGN8A12QJX6","01KFEHAM72H3ZNN8G0T2BCT79K","2026-01-20T20:51:10.8054505Z",0,"2026-01-20T20:51:44.795628652Z","D","2026-01-20T20:51:44.730936685Z","01KFEHAMATV7GY0NQF17M2P0MD","2026-01-20T20:51:10.8054505Z","01KFEJ9C86SAQ3FA5GXN0A1JWJ","2026-01-20T20:51:10.8054505Z","01KFEJMAX0TQ60MJGJSECGVXDK","2026-01-20T20:51:10.8054505Z"
"01KFEK3M500A913F3Z082EQK8N","01KFEJ5C7H3Z5SGPPT0TCGAEB2","2026-01-20T20:56:28.064816842Z",0,"2026-01-20T20:56:37.628041562Z","C","2026-01-20T20:56:33.74013327Z","01KFEJ5C9822567XDA8A9QG0G3","2026-01-20T20:56:28.064816842Z","01KFEJTATNKXCTW38TD0J18TFE","2026-01-20T20:56:28.064816842Z","01KFEK0Q1FH3DY1RK2H5WCN6ZA","2026-01-20T20:56:28.064816842Z"
"01KFEE1X61ZZXYZC5DNAB6RG4G","01KFEDCC1ZHDDN3CP9JWF4PGTF","2026-01-20T19:28:08.897670563Z",17,"2026-01-20T19:28:17.914603927Z","D","2026-01-20T19:28:13.486427736Z","01KFEDCC2JDADMPT5RVP2N7S0X","2026-01-20T19:28:08.897670563Z","01KFEDQK6ZX4EYK4N5S5CFQ5FY","2026-01-20T19:28:08.897670563Z","01KFEDZ3343NHHW6SXBF4HK0M9","2026-01-20T19:28:08.897670563Z"
"01KFEE6BT8YXV21C0T4Q5GMNW4","01KFEDCB0G5KS91T4MD9JTDSA4","2026-01-20T19:30:34.95236307Z",19,"2026-01-20T19:30:37.763239816Z","C","2026-01-20T19:30:36.44713359Z","01KFEDCB197E7YMN5STVXKHS22","2026-01-20T19:30:34.95236307Z","01KFEDRBWHPV4A332ZXM2PZSR4","2026-01-20T19:30:34.95236307Z","01KFEE2FC0NCXNN30B8EHW3QHJ","2026-01-20T19:30:34.95236307Z"
"01KFEHY39TF169JHBA1PBPQFYJ","01KFEHA1EJWPRPNCXBTHCF12K2","2026-01-20T20:35:58.394997063Z",0,"2026-01-20T20:36:14.808138048Z","C","2026-01-20T20:36:14.77963368Z","01KFEHA1GPSKM8FTTA039GX2FE","2026-01-20T20:35:58.394997063Z","01KFEHGGC977SV7QXMD0KQJ3VM","2026-01-20T20:35:58.394997063Z","01KFEHRJYKMDK30R3EWAGRZ6SH","2026-01-20T20:35:58.394997063Z"
"01KFEJMR1MYNY6DFH6CBTKYQ9T","01KFEHAM0SBSN9QYCK4NGJTWCC","2026-01-20T20:48:20.532999351Z",10,"2026-01-20T20:48:24.117092711Z","A","2026-01-20T20:48:24.054736714Z","01KFEHAM45R1366856G6A2WGHZ","2026-01-20T20:48:20.532999351Z","01KFEHW1PTS6VD3Q9W69X0CC7S","2026-01-20T20:48:20.532999351Z","01KFEJBBTZ1JJAWXJD9N3E2NJF","2026-01-20T20:48:20.532999351Z"
"01KFEJWPRXEEZDSEA2JNNXQHTY","01KFEHAM72H3ZNN8G0T2BCT79K","2026-01-20T20:52:41.373176837Z",10,"2026-01-20T20:52:46.52400208Z","B","2026-01-20T20:52:46.454460887Z","01KFEHAMATV7GY0NQF17M2P0MD","2026-01-20T20:52:41.373176837Z","01KFEJ5D2KZA6HXFGKH7XFG11W","2026-01-20T20:52:41.373176837Z","01KFEJMAYF2968VWRA6XN1XBDK","2026-01-20T20:52:41.373176837Z"
"01KFEHJN5EKD8X8Z5QMV5KGHY3","01KFEHA20TFYVSSENV0N2723W5","2026-01-20T20:29:43.470705348Z",7,"2026-01-20T20:29:50.506705842Z","D","2026-01-20T20:29:50.48757705Z","01KFEHA25NESP3C46R1STZWY67","2026-01-20T20:29:43.470705348Z","01KFEHB2Z6PCQ5XRWRX0AQ3SH1","2026-01-20T20:29:43.470705348Z","01KFEHHR66C25E93ANBEDKJV69","2026-01-20T20:29:43.470705348Z"
"01KFEHVH0B30JECAZ7F1E65JSW","01KFEHA1EJWPRPNCXBTHCF12K2","2026-01-20T20:34:34.123707783Z",7,"2026-01-20T20:34:38.792690614Z","D","2026-01-20T20:34:38.462566638Z","01KFEHA1GRK7A014NXTNRF457G","2026-01-20T20:34:34.123707783Z","01KFEHG6C81JZ80FMVPH00AMCG","2026-01-20T20:34:34.123707783Z","01KFEHPVKTGS5Z6HYYZAX1J53H","2026-01-20T20:34:34.123707783Z"
"01KFEHZVN5XJN37HKA1DHDPRWE","01KFEHA1W0DBA89GCQ87GA4EG5","2026-01-20T20:36:56.101984738Z",0,"2026-01-20T20:37:00.722108574Z","C","2026-01-20T20:37:00.273601752Z","01KFEHA1Z72TJ9J0QENR016CFN","2026-01-20T20:36:56.101984738Z","01KFEHVQ5CHDKKYBKKZ5GXNMKV","2026-01-20T20:36:56.101984738Z","01KFEHZ0EDSYB0Z93HCXMAZ2V2","2026-01-20T20:36:56.101984738Z"
"01KFEFM41Z84GWQXQHFBCHHJ1Y","01KFEDCAVEZK3QD8ZFC2PP83WE","2026-01-20T19:55:34.335616044Z",19,"2026-01-20T19:55:37.770747232Z","C","2026-01-20T19:55:35.450698517Z","01KFEDCAVZJC7DD4AH1RF6NR9W","2026-01-20T19:55:34.335616044Z","01KFEF0XCN2JDQQD559T0PP43B","2026-01-20T19:55:34.335616044Z","01KFEFFP4TF721Y66F9TCYX31J","2026-01-20T19:55:34.335616044Z"
"01KFEHJATYH8MM7NKQ569MCXJ0","01KFEHA20TFYVSSENV0N2723W5","2026-01-20T20:29:32.894982375Z",19,"2026-01-20T20:29:37.911249282Z","C","2026-01-20T20:29:36.118754816Z","01KFEHA25NESP3C46R1STZWY67","2026-01-20T20:29:32.894982375Z","01KFEHB2Z6PCQ5XRWRX0AQ3SH1","2026-01-20T20:29:32.894982375Z","01KFEHHR3XAR2ZCAXRQA7DHW1Y","2026-01-20T20:29:32.894982375Z"
"01KFEHN2YGZPK8E5HGD4KP56H6","01KFEHA1W0DBA89GCQ87GA4EG5","2026-01-20T20:31:03.120876262Z",29,"2026-01-20T20:31:05.068226104Z","C","2026-01-20T20:31:05.039731201Z","01KFEHA1ZNDEMMB0DK92YAW8BD","2026-01-20T20:31:03.120876262Z","01KFEHEBSJCV2WCY6FBMMN65A3","2026-01-20T20:31:03.120876262Z","01KFEHHMVXHCP1NTF6XSXJWM0B","2026-01-20T20:31:03.120876262Z"
"01KFEK63G23GGCY87RW1BE2EAF","01KFEJ5C7H3Z5SGPPT0TCGAEB2","2026-01-20T20:57:49.314197104Z",10,"2026-01-20T20:57:53.250664731Z","B","2026-01-20T20:57:53.19175153Z","01KFEJ5C9822567XDA8A9QG0G3","2026-01-20T20:57:49.314197104Z","01KFEJTATNKXCTW38TD0J18TFE","2026-01-20T20:57:49.314197104Z","01KFEK0Q591XTRXWM8420D0WYB","2026-01-20T20:57:49.314197104Z"
"01KFEEVVJH3Y4DNV8N2PF1XG62","01KFEDCCH0VMFH7P25F40PD43N","2026-01-20T19:42:19.217539642Z",29,"2026-01-20T19:42:22.176065747Z","C","2026-01-20T19:42:22.152509476Z","01KFEDCCHJADFRJT5F5VJ9ST9F","2026-01-20T19:42:19.217539642Z","01KFEEKE9WXRZWBRXYDQ5J10WV","2026-01-20T19:42:19.217539642Z","01KFEERHSRZB3Y9G2D4PTRHBTT","2026-01-20T19:42:19.217539642Z"
"01KFEFJ90RB09QJW3WJ7A1Y6DZ","01KFEDC9EK94N2WNCHE5RRQHCJ","2026-01-20T19:54:33.880041333Z",10,"2026-01-20T19:54:39.959318319Z","A","2026-01-20T19:54:37.128534052Z","01KFEDC9FF7T49EPA99GZDGH84","2026-01-20T19:54:33.880041333Z","01KFEFB7KJED56AXX5RHJAHZFZ","2026-01-20T19:54:33.880041333Z","01KFEFG2Q2XM0DM6VCZGB4C33J","2026-01-20T19:54:33.880041333Z"
"01KFEHH8TZF5R9V94T8865PXHS","01KFEHA1EJWPRPNCXBTHCF12K2","2026-01-20T20:28:58.07980851Z",0,"2026-01-20T20:29:01.870098447Z","C","2026-01-20T20:29:01.852393786Z","01KFEHA1GK3DQ7TRWFWA7J267H","2026-01-20T20:28:58.07980851Z","01KFEHBP1ZE2AV6NAD8SG9ZGBW","2026-01-20T20:28:58.07980851Z","01KFEHFC19AQ7EGX7N74WH0GVR","2026-01-20T20:28:58.07980851Z"
"01KFEFWHZ3MN8YQV9C13Q3WSTY","01KFEDCAVEZK3QD8ZFC2PP83WE","2026-01-20T20:00:10.723943567Z",10,"2026-01-20T20:00:13.903579854Z","A","2026-01-20T20:00:12.268197081Z","01KFEDCAVZJC7DD4AH1B24TEC6","2026-01-20T20:00:10.723943567Z","01KFEFE9N9CHB9632BFKRF4P6F","2026-01-20T20:00:10.723943567Z","01KFEFNGZ7JGWJ6ERKS84EDZBS","2026-01-20T20:00:10.723943567Z"
"01KFEHMHQ55CVTSQG9WN0DJTPW","01KFEHA1MRJDJA6FNTED28Z8HF","2026-01-20T20:30:45.477156658Z",7,"2026-01-20T20:30:48.085301672Z","D","2026-01-20T20:30:46.683065348Z","01KFEHA1R32D8V3SKQA6BEDXA8","2026-01-20T20:30:45.477156658Z","01KFEHBPM0QM8692M9NW91QBAJ","2026-01-20T20:30:45.477156658Z","01KFEHGC8WGHDF8AP0WS6ME5SQ","2026-01-20T20:30:45.477156658Z"
"01KFEHXDSPM1TN46D1KM5WFS9N","01KFEHA1MRJDJA6FNTED28Z8HF","2026-01-20T20:35:36.374484805Z",0,"2026-01-20T20:35:43.505315678Z","C","2026-01-20T20:35:43.351577463Z","01KFEHA1QYV2E8SAEFNEHYNVTN","2026-01-20T20:35:36.374484805Z","01KFEHHH6AXDMAXMWAFCF5JGBC","2026-01-20T20:35:36.374484805Z","01KFEHSJHVSAMEZGKB6QKEWY40","2026-01-20T20:35:36.374484805Z"
"01KFEE3FR115VMFA5HWZFQ0G9X","01KFEDCC1ZHDDN3CP9JWF4PGTF","2026-01-20T19:29:00.673774419Z",17,"2026-01-20T19:29:02.935143583Z","D","2026-01-20T19:29:02.576445044Z","01KFEDCC2JDADMPT5RVP2N7S0X","2026-01-20T19:29:00.673774419Z","01KFEDQK6ZX4EYK4N5S5CFQ5FY","2026-01-20T19:29:00.673774419Z","01KFEDZ331KHXNHJEDC9ZPQ3SR","2026-01-20T19:29:00.673774419Z"
"01KFEFKGP2QEM7A03MFE6ZECXH","01KFEDC9EK94N2WNCHE5RRQHCJ","2026-01-20T19:55:14.498751134Z",10,"2026-01-20T19:55:21.322245098Z","A","2026-01-20T19:55:20.620200874Z","01KFEDC9FF7T49EPA99GZDGH84","2026-01-20T19:55:14.498751134Z","01KFEFB7KJED56AXX5RHJAHZFZ","2026-01-20T19:55:14.498751134Z","01KFEFG2QFS8QMXYNAGGYFSPQK","2026-01-20T19:55:14.498751134Z"
"01KFEHMPSMTF790VXCS9G2RYR7","01KFEHA1MRJDJA6FNTED28Z8HF","2026-01-20T20:30:50.676124155Z",0,"2026-01-20T20:30:54.528617754Z","C","2026-01-20T20:30:51.947685098Z","01KFEHA1R32D8V3SKQA6BEDXA8","2026-01-20T20:30:50.676124155Z","01KFEHBPM0QM8692M9NW91QBAJ","2026-01-20T20:30:50.676124155Z","01KFEHGC8ZMSQ0HSNRV9JMXR2W","2026-01-20T20:30:50.676124155Z"
"01KFEJ1EQBDC6W56VQ10B926TY","01KFEHA1W0DBA89GCQ87GA4EG5","2026-01-20T20:37:48.395309438Z",20,"2026-01-20T20:37:53.854002465Z","B","2026-01-20T20:37:51.623159136Z","01KFEHA1Z72TJ9J0QENR016CFN","2026-01-20T20:37:48.395309438Z","01KFEHMDY2YXCAA0WMRPTSEKC9","2026-01-20T20:37:48.395309438Z","01KFEHZ0G17F90ZJHX83NBG7SS","2026-01-20T20:37:48.395309438Z"
"01KFEEE4G2M6K9QKSG21TCN6MH","01KFEDCB0G5KS91T4MD9JTDSA4","2026-01-20T19:34:49.602640632Z",19,"2026-01-20T19:34:54.597947885Z","C","2026-01-20T19:34:54.24846151Z","01KFEDCB15BD0TYD7H0V6YZGSZ","2026-01-20T19:34:49.602640632Z","01KFEE2B09J1P0X60NY0EGT3C2","2026-01-20T19:34:49.602640632Z","01KFEE9KKVW2FM3E9J48FPMHEG","2026-01-20T19:34:49.602640632Z"
"01KFEENVV79CY3K1SDTX5W90FM","01KFEDCCAW3ZY6KSKNHTKZ971F","2026-01-20T19:39:02.88779798Z",0,"2026-01-20T19:39:08.269497124Z","C","2026-01-20T19:39:08.094346525Z","01KFEDCCBDJ82W4YK2PN7VDTAX","2026-01-20T19:39:02.88779798Z","01KFEE6KZQR5PP1P0PS1XNKJRD","2026-01-20T19:39:02.88779798Z","01KFEEE80FXX9G4QM64BEV7JVD","2026-01-20T19:39:02.88779798Z"
"01KFEJFMJTRNBR5RTX4YREQKG3","01KFEHAM0SBSN9QYCK4NGJTWCC","2026-01-20T20:45:33.146214986Z",20,"2026-01-20T20:45:49.950061126Z","B","2026-01-20T20:45:39.833719147Z","01KFEHAM45R1366856G6A2WGHZ","2026-01-20T20:45:33.146214986Z","01KFEHW1PTS6VD3Q9W69X0CC7S","2026-01-20T20:45:33.146214986Z","01KFEJBBPTWMCDWC3WVH6FAGX9","2026-01-20T20:45:33.146214986Z"
"01KFEFHNFZPK08N3VY3D89A4KF","01KFEDCCH0VMFH7P25F40PD43N","2026-01-20T19:54:13.887404512Z",20,"2026-01-20T19:54:16.10148233Z","A","2026-01-20T19:54:16.044776606Z","01KFEDCCHH44R979H37GT2B68J","2026-01-20T19:54:13.887404512Z","01KFEFADJR1SXTG9225WD5SFVJ","2026-01-20T19:54:13.887404512Z","01KFEFDZCVJY0E8B1QDQTTV3WD","2026-01-20T19:54:13.887404512Z"
"01KFEK6TK9DT972EVVMP50GSY0","01KFEJ5C7H3Z5SGPPT0TCGAEB2","2026-01-20T20:58:12.969198327Z",20,"2026-01-20T20:58:15.744944332Z","B","2026-01-20T20:58:15.694455776Z","01KFEJ5C9822567XDA8A9QG0G3","2026-01-20T20:58:12.969198327Z","01KFEJTATNKXCTW38TD0J18TFE","2026-01-20T20:58:12.969198327Z","01KFEK0Q3T95EZ2KTX9NSMY573","2026-01-20T20:58:12.969198327Z"
"01KFEJE9Y9D973YW3MQ6AWK2VK","01KFEHAM0SBSN9QYCK4NGJTWCC","2026-01-20T20:44:49.481214627Z",0,"2026-01-20T20:44:57.54923646Z","B","2026-01-20T20:44:57.38393054Z","01KFEHAM3ZX2QFEZ4F28QFW79D","2026-01-20T20:44:49.481214627Z","01KFEJ99258GDSZYNA4N0ER3PR","2026-01-20T20:44:49.481214627Z","01KFEJDCPEHAMFN7YYTJ618NS2","2026-01-20T20:44:49.481214627Z"
"01KFEK6CN3QCV4ZV9297QQP36J","01KFEJ5C7H3Z5SGPPT0TCGAEB2","2026-01-20T20:57:58.691594492Z",19,"2026-01-20T20:58:07.23499108Z","C","2026-01-20T20:58:00.711915985Z","01KFEJ5C9822567XDA8A9QG0G3","2026-01-20T20:57:58.691594492Z","01KFEJRM0CNFF8YTKCA6JC16CE","2026-01-20T20:57:58.691594492Z","01KFEK0Q4DNBTNG0DNTWP8EMSZ","2026-01-20T20:57:58.691594492Z"
"01KFEJYJ53EQ2AST7QEASC7JH1","01KFEJ5DKDD8ED3R70AXWWV7TA","2026-01-20T20:53:42.179542181Z",29,"2026-01-20T20:53:44.720472849Z","C","2026-01-20T20:53:44.308100674Z","01KFEJ5DPFFD934S0E2GQ1B9RR","2026-01-20T20:53:42.179542181Z","01KFEJJ4V0E3E83F88J6MK6KAW","2026-01-20T20:53:42.179542181Z","01KFEJVCWVC8244D1ZR2JHF9YK","2026-01-20T20:53:42.179542181Z"
"01KFEHGS853J694058R46SBQNB","01KFEHA1EJWPRPNCXBTHCF12K2","2026-01-20T20:28:42.117087741Z",10,"2026-01-20T20:28:50.306971006Z","B","2026-01-20T20:28:45.709306629Z","01KFEHA1GK3DQ7TRWFWA7J267H","2026-01-20T20:28:42.117087741Z","01KFEHC1N15W3XF2S9JNREZ5AJ","2026-01-20T20:28:42.117087741Z","01KFEHFC15BQTXA95T3CRJEPMZ","2026-01-20T20:28:42.117087741Z"
"01KFEHWNNR7N7QM6Y5Y14JJFAC","01KFEHA1EJWPRPNCXBTHCF12K2","2026-01-20T20:35:11.672285135Z",17,"2026-01-20T20:35:17.845079636Z","D","2026-01-20T20:35:17.807299771Z","01KFEHA1GRK7A014NXTNRF457G","2026-01-20T20:35:11.672285135Z","01KFEHG6C81JZ80FMVPH00AMCG","2026-01-20T20:35:11.672285135Z","01KFEHPVMFPQZD52XPCSRY8XA9","2026-01-20T20:35:11.672285135Z"
"01KFEHKFWFEFSXM1JWB47KJTDD","01KFEHA1EJWPRPNCXBTHCF12K2","2026-01-20T20:30:10.831578837Z",0,"2026-01-20T20:30:15.106247825Z","D","2026-01-20T20:30:15.088815167Z","01KFEHA1GK3DQ7TRWFWA7J267H","2026-01-20T20:30:10.831578837Z","01KFEHBP1ZE2AV6NAD8SG9ZGBW","2026-01-20T20:30:10.831578837Z","01KFEHFC27XVD3DPHFPH9XV6WR","2026-01-20T20:30:10.831578837Z"
"01KFEFF3EFJBQ9XCXT506KRWV1","01KFEDCCH0VMFH7P25F40PD43N","2026-01-20T19:52:49.871949541Z",0,"2026-01-20T19:53:00.327318543Z","C","2026-01-20T19:53:00.311171761Z","01KFEDCCHH44R979H37GT2B68J","2026-01-20T19:52:49.871949541Z","01KFEFADJR1SXTG9225WD5SFVJ","2026-01-20T19:52:49.871949541Z","01KFEFDZCCHMRRR54B9WYPK4HA","2026-01-20T19:52:49.871949541Z"
"01KFEFM4259MX9FJYPSG6FXQ3Z","01KFEDCAVEZK3QD8ZFC2PP83WE","2026-01-20T19:55:34.34150001Z",10,"2026-01-20T19:55:37.770747232Z","B","2026-01-20T19:55:37.754091075Z","01KFEDCAVZJC7DD4AH1RF6NR9W","2026-01-20T19:55:34.34150001Z","01KFEFBH5ZZ770WWH7HK9VAC9K","2026-01-20T19:55:34.34150001Z","01KFEFFP4TF721Y66F9TCYX31J","2026-01-20T19:55:34.34150001Z"
"01KFEEWJVE69A6RK6AHT2WR4XW","01KFEDCCH0VMFH7P25F40PD43N","2026-01-20T19:42:43.054551229Z",29,"2026-01-20T19:42:48.517582334Z","C","2026-01-20T19:42:45.179684939Z","01KFEDCCHJADFRJT5F5VJ9ST9F","2026-01-20T19:42:43.054551229Z","01KFEEKE9WXRZWBRXYDQ5J10WV","2026-01-20T19:42:43.054551229Z","01KFEERHSJ43RDEK3RME28HPJV","2026-01-20T19:42:43.054551229Z"
"01KFEEYQMD35796EK4HAQTMN7F","01KFEDCCAW3ZY6KSKNHTKZ971F","2026-01-20T19:43:53.485712211Z",10,"2026-01-20T19:43:55.506311063Z","B","2026-01-20T19:43:54.949860817Z","01KFEDCCBE716PRHN8Q6NQV6ZT","2026-01-20T19:43:53.485712211Z","01KFEEMRW7PPKZGT4SNXBV2JSZ","2026-01-20T19:43:53.485712211Z","01KFEEV7VCBGXA4JJDH28D0KYZ","2026-01-20T19:43:53.485712211Z"
"01KFEK40V4RTQ4ZAJZC48ES9RM","01KFEJ5CPJ5RGARFNN6Z0PCT4Q","2026-01-20T20:56:41.060561114Z",19,"2026-01-20T20:56:47.040308476Z","C","2026-01-20T20:56:45.368677061Z","01KFEJ5CRSNMMQKHYMFD35850B","2026-01-20T20:56:41.060561114Z","01KFEJD683V7BW0EC67T5B9T0M","2026-01-20T20:56:41.060561114Z","01KFEJRTVNA5MW8YMQFWAPXPEZ","2026-01-20T20:56:41.060561114Z"
"01KFEJYQ8FFYD9ZPEC1R8WN6YE","01KFEHAM72H3ZNN8G0T2BCT79K","2026-01-20T20:53:47.407294318Z",19,"2026-01-20T20:53:52.559990736Z","C","2026-01-20T20:53:52.428346314Z","01KFEHAMATV7GY0NQF17M2P0MD","2026-01-20T20:53:47.407294318Z","01KFEJ9C86SAQ3FA5GXN0A1JWJ","2026-01-20T20:53:47.407294318Z","01KFEJMB0VKBNJ8WVXX0JE323F","2026-01-20T20:53:47.407294318Z"
"01KFEE0BB15SFHK013VM17CR94","01KFEDCC1ZHDDN3CP9JWF4PGTF","2026-01-20T19:27:17.857861802Z",0,"2026-01-20T19:27:25.16819722Z","C","2026-01-20T19:27:24.980077372Z","01KFEDCC2JDADMPT5RVP2N7S0X","2026-01-20T19:27:17.857861802Z","01KFEDNQAB8C2AFG7D4ZXA4K64","2026-01-20T19:27:17.857861802Z","01KFEDZ32KCEM7CMZ5B6NHATC7","2026-01-20T19:27:17.857861802Z"
"01KFEHHTSK99B1R36P9FTC76CX","01KFEHA1EJWPRPNCXBTHCF12K2","2026-01-20T20:29:16.46735169Z",7,"2026-01-20T20:29:18.766208493Z","D","2026-01-20T20:29:18.446687175Z","01KFEHA1GK3DQ7TRWFWA7J267H","2026-01-20T20:29:16.46735169Z","01KFEHC1N15W3XF2S9JNREZ5AJ","2026-01-20T20:29:16.46735169Z","01KFEHFC1JSV9M7RB2VMWC8EQT","2026-01-20T20:29:16.46735169Z"
"01KFEHM4XH3HH17YYD6CMWTJF7","01KFEHA20TFYVSSENV0N2723W5","2026-01-20T20:30:32.369652287Z",20,"2026-01-20T20:30:34.573956779Z","A","2026-01-20T20:30:33.448143231Z","01KFEHA25NESP3C46R1STZWY67","2026-01-20T20:30:32.369652287Z","01KFEHE6NX6FXVRTV1KPH8TKWC","2026-01-20T20:30:32.369652287Z","01KFEHHR5JQ40720J5SRYMQSYX","2026-01-20T20:30:32.369652287Z"
"01KFEHN73RQ0VKQZAT12YK0BDY","01KFEHA20TFYVSSENV0N2723W5","2026-01-20T20:31:07.384570636Z",20,"2026-01-20T20:31:08.715426487Z","A","2026-01-20T20:31:08.62399907Z","01KFEHA25NESP3C46R1STZWY67","2026-01-20T20:31:07.384570636Z","01KFEHE6NX6FXVRTV1KPH8TKWC","2026-01-20T20:31:07.384570636Z","01KFEHHR4GSN86YJ62510N61RK","2026-01-20T20:31:07.384570636Z"
"01KFEHQV15YKNVDQAZSD9BEDK6","01KFEHA1MRJDJA6FNTED28Z8HF","2026-01-20T20:32:33.317519583Z",7,"2026-01-20T20:32:44.163092552Z","D","2026-01-20T20:32:39.439797566Z","01KFEHA1QDYX27N1S60Z95NKD9","2026-01-20T20:32:33.317519583Z","01KFEHFDNYYM4VRPKVABD0N8W8","2026-01-20T20:32:33.317519583Z","01KFEHQRY7BWP3Q9R8CQSNGN6M","2026-01-20T20:32:33.317519583Z"
"01KFEJM9116QV0D2THR0HXNJDV","01KFEHAM0SBSN9QYCK4NGJTWCC","2026-01-20T20:48:05.153501603Z",10,"2026-01-20T20:48:12.310805325Z","B","2026-01-20T20:48:07.893803972Z","01KFEHAM45R1366856G6A2WGHZ","2026-01-20T20:48:05.153501603Z","01KFEHW1PTS6VD3Q9W69X0CC7S","2026-01-20T20:48:05.153501603Z","01KFEJBBTJPK158GE8SASY258R","2026-01-20T20:48:05.153501603Z"
"01KFEK53QR0EY5GHZ432A4RVD3","01KFEJ5C7H3Z5SGPPT0TCGAEB2","2026-01-20T20:57:16.792458394Z",0,"2026-01-20T20:57:19.446221478Z","C","2026-01-20T20:57:19.378281423Z","01KFEJ5C9822567XDA8A9QG0G3","2026-01-20T20:57:16.792458394Z","01KFEJTATNKXCTW38TD0J18TFE","2026-01-20T20:57:16.792458394Z","01KFEK0Q7XYWW9NTF7CPP31BQN","2026-01-20T20:57:16.792458394Z"
"01KFEEFFGSJ6NF8X8FTKZRFDSP","01KFEDCB0G5KS91T4MD9JTDSA4","2026-01-20T19:35:33.657602561Z",10,"2026-01-20T19:35:38.334522576Z","B","2026-01-20T19:35:35.885846708Z","01KFEDCB15BD0TYD7H0V6YZGSZ","2026-01-20T19:35:33.657602561Z","01KFEE07X889KRR9ZR3BVZBWD6","2026-01-20T19:35:33.657602561Z","01KFEE9KM68PBR0M4B8AJ9JX90","2026-01-20T19:35:33.657602561Z"
"01KFEHV0X4E69Y0171SCACNK6H","01KFEHA1MRJDJA6FNTED28Z8HF","2026-01-20T20:34:17.63659147Z",7,"2026-01-20T20:34:21.45702231Z","D","2026-01-20T20:34:21.413782961Z","01KFEHA1QDYX27N1S60Z95NKD9","2026-01-20T20:34:17.63659147Z","01KFEHFDNYYM4VRPKVABD0N8W8","2026-01-20T20:34:17.63659147Z","01KFEHQRZF4PNS0DSGWRK08YNQ","2026-01-20T20:34:17.63659147Z"
"01KFEDZPST1B2W8W0RP70XP76V","01KFEDCC1ZHDDN3CP9JWF4PGTF","2026-01-20T19:26:56.826196107Z",29,"2026-01-20T19:26:59.010457167Z","C","2026-01-20T19:26:58.996416763Z","01KFEDCC2JDADMPT5RVZQ93BA8","2026-01-20T19:26:56.826196107Z","01KFEDNRR64JDCJYA79FBRE8X8","2026-01-20T19:26:56.826196107Z","01KFEDVKB92266ZBNTF1B55S8R","2026-01-20T19:26:56.826196107Z"
"01KFEEWEZ7RT8JK72PCVSQPCK3","01KFEDCCAW3ZY6KSKNHTKZ971F","2026-01-20T19:42:39.079262046Z",10,"2026-01-20T19:42:46.355249097Z","A","2026-01-20T19:42:44.176731769Z","01KFEDCCBE716PRHN8Q6NQV6ZT","2026-01-20T19:42:39.079262046Z","01KFEEMRW7PPKZGT4SNXBV2JSZ","2026-01-20T19:42:39.079262046Z","01KFEEV7VVGZFVEPH7XQ85GZ6E","2026-01-20T19:42:39.079262046Z"
"01KFEEHVEQN1JME43689N5NMRS","01KFEDCB7P38BTZ4ACVDP6P0XN","2026-01-20T19:36:51.415899465Z",0,"2026-01-20T19:36:58.277607684Z","A","2026-01-20T19:36:58.181284557Z","01KFEDCB85NRAF0XG25ABR62N5","2026-01-20T19:36:51.415899465Z","01KFEE2GDYZKFQF2HSAA1FMRTA","2026-01-20T19:36:51.415899465Z","01KFEEC6Q98FJ486HQ06CKK5XP","2026-01-20T19:36:51.415899465Z"
"01KFEJCCBNB1CDBG3MHBJV4EKD","01KFEHAKK9QMW81MWT2FF1CSZA","2026-01-20T20:43:46.421609952Z",0,"2026-01-20T20:43:50.65895829Z","C","2026-01-20T20:43:47.911213832Z","01KFEHAKMDAJRN7M0QA4VDJCGY","2026-01-20T20:43:46.421609952Z","01KFEHS8J7P9EEBTK2FBSRFBQT","2026-01-20T20:43:46.421609952Z","01KFEJ2SN1CZZD2YDR7RPD2ZWZ","2026-01-20T20:43:46.421609952Z"
"01KFEHJ0ER82JT53KNPHFNV6AR","01KFEHA1EJWPRPNCXBTHCF12K2","2026-01-20T20:29:22.264079538Z",7,"2026-01-20T20:29:25.372589016Z","D","2026-01-20T20:29:24.494042014Z","01KFEHA1GK3DQ7TRWFWA7J267H","2026-01-20T20:29:22.264079538Z","01KFEHC1N15W3XF2S9JNREZ5AJ","2026-01-20T20:29:22.264079538Z","01KFEHFC1N0SMR3F6X5TQ7P3Q0","2026-01-20T20:29:22.264079538Z"
"01KFEHT7FFGNEZRC32A9RSJHA5","01KFEHA1MRJDJA6FNTED28Z8HF","2026-01-20T20:33:51.599929652Z",20,"2026-01-20T20:33:53.564122883Z","B","2026-01-20T20:33:52.7732434Z","01KFEHA1QMX5DYGHPSSSP2RXXX","2026-01-20T20:33:51.599929652Z","01KFEHH299EZ808S0B86915EW8","2026-01-20T20:33:51.599929652Z","01KFEHR2Z9A4YZ9ZH81CZD14VX","2026-01-20T20:33:51.599929652Z"
"01KFEHZ39ZK67V97210SV99D7T","01KFEHA1W0DBA89GCQ87GA4EG5","2026-01-20T20:36:31.167954969Z",0,"2026-01-20T20:36:38.350652518Z","B","2026-01-20T20:36:37.129040101Z","01KFEHA1Z72TJ9J0QENR016CFN","2026-01-20T20:36:31.167954969Z","01KFEHVQ5CHDKKYBKKZ5GXNMKV","2026-01-20T20:36:31.167954969Z","01KFEHZ0E4ZE72FYQ3JJQHF2AD","2026-01-20T20:36:31.167954969Z"
"01KFEHSCEY10CBXYB4TTXXZVS1","01KFEHA1EJWPRPNCXBTHCF12K2","2026-01-20T20:33:23.934967229Z",20,"2026-01-20T20:33:32.652641014Z","A","2026-01-20T20:33:32.317136238Z","01KFEHA1GRK7A014NXTNRF457G","2026-01-20T20:33:23.934967229Z","01KFEHG6C81JZ80FMVPH00AMCG","2026-01-20T20:33:23.934967229Z","01KFEHPVK8B4QC3EEK3FGZW5H8","2026-01-20T20:33:23.934967229Z"
"01KFEHSRKG6SRV5X126XVDGZ4Z","01KFEHA1EJWPRPNCXBTHCF12K2","2026-01-20T20:33:36.368906793Z",0,"2026-01-20T20:33:37.812353684Z","B","2026-01-20T20:33:37.354259004Z","01KFEHA1GDXTPSA0SX8CRPX47C","2026-01-20T20:33:36.368906793Z","01KFEHFHGVMZZ35F5CSBQJBJM3","2026-01-20T20:33:36.368906793Z","01KFEHNSG101VJN2KQAVDCQKEE","2026-01-20T20:33:36.368906793Z"
"01KFEET56426MDAX86SVDE9D1H","01KFEDCCH0VMFH7P25F40PD43N","2026-01-20T19:41:23.524934031Z",19,"2026-01-20T19:41:26.051509441Z","C","2026-01-20T19:41:26.028705336Z","01KFEDCCHJADFRJT5F5VJ9ST9F","2026-01-20T19:41:23.524934031Z","01KFEEKE9WXRZWBRXYDQ5J10WV","2026-01-20T19:41:23.524934031Z","01KFEERHSZ0XAC6ATEDF51DARS","2026-01-20T19:41:23.524934031Z"
"01KFEFP7ZQMC3F74PBWTT1ZW9F","01KFEDC9EK94N2WNCHE5RRQHCJ","2026-01-20T19:56:43.895750427Z",10,"2026-01-20T19:56:46.020792717Z","A","2026-01-20T19:56:45.999230007Z","01KFEDC9FF7T49EPA99GZDGH84","2026-01-20T19:56:43.895750427Z","01KFEFB7KJED56AXX5RHJAHZFZ","2026-01-20T19:56:43.895750427Z","01KFEFG2R77EQ6DEDMZJGNK4DM","2026-01-20T19:56:43.895750427Z"
"01KFEDZEA91Z7FQ6VRHTEG2GZR","01KFEDCC1ZHDDN3CP9JWF4PGTF","2026-01-20T19:26:48.137836145Z",17,"2026-01-20T19:26:50.358327934Z","D","2026-01-20T19:26:49.292202622Z","01KFEDCC2JDADMPT5RVZQ93BA8","2026-01-20T19:26:48.137836145Z","01KFEDKABYH5MEPJ95J3ZMZNRM","2026-01-20T19:26:48.137836145Z","01KFEDVKB11MSG0D27E7NJPF4S","2026-01-20T19:26:48.137836145Z"
"01KFEHZ3WJTRRB8E7BJJ0DXRM5","01KFEHA1MRJDJA6FNTED28Z8HF","2026-01-20T20:36:31.762495686Z",17,"2026-01-20T20:36:36.620524543Z","D","2026-01-20T20:36:36.435245992Z","01KFEHA1QYV2E8SAEFNEHYNVTN","2026-01-20T20:36:31.762495686Z","01KFEHKCW5X4CR8DBAYXY74YGJ","2026-01-20T20:36:31.762495686Z","01KFEHSJJV3XYWXE3QZZFJ6BD9","2026-01-20T20:36:31.762495686Z"
"01KFEHZVNDGQCW814Z0DZ4V69V","01KFEHA1W0DBA89GCQ87GA4EG5","2026-01-20T20:36:56.109090555Z",0,"2026-01-20T20:37:00.722108574Z","C","2026-01-20T20:37:00.68566516Z","01KFEHA1Z72TJ9J0QENR016CFN","2026-01-20T20:36:56.109090555Z","01KFEHMDY2YXCAA0WMRPTSEKC9","2026-01-20T20:36:56.109090555Z","01KFEHZ0EDSYB0Z93HCXMAZ2V2","2026-01-20T20:36:56.109090555Z"
"01KFEK9C51VTCE3CHVVZVR32ED","01KFEJ5DKDD8ED3R70AXWWV7TA","2026-01-20T20:59:36.481998616Z",10,"2026-01-20T20:59:51.907290136Z","B","2026-01-20T20:59:45.509474184Z","01KFEJ5DPRA3SJMDJ397B8T8C1","2026-01-20T20:59:36.481998616Z","01KFEJTTYE1JJF4JNZFR32N2T9","2026-01-20T20:59:36.481998616Z","01KFEK95PQWDPS6081S5YJGNJD","2026-01-20T20:59:36.481998616Z"
"01KFEHR5259Z25643YSR225C7M","01KFEHA1MRJDJA6FNTED28Z8HF","2026-01-20T20:32:43.589805863Z",0,"2026-01-20T20:33:00.203787214Z","A","2026-01-20T20:32:59.900374607Z","01KFEHA1QMX5DYGHPSSSP2RXXX","2026-01-20T20:32:43.589805863Z","01KFEHJFJ1SMX3RCX9M0MFWVF6","2026-01-20T20:32:43.589805863Z","01KFEHR2YZPCNTTPZQ9AQ773XQ","2026-01-20T20:32:43.589805863Z"
"01KFEHWB7G68QRQRJ4EQ0PHM57","01KFEHA1MRJDJA6FNTED28Z8HF","2026-01-20T20:35:00.976614368Z",29,"2026-01-20T20:35:06.344903339Z","C","2026-01-20T20:35:02.926882959Z","01KFEHA1QDYX27N1S60Z95NKD9","2026-01-20T20:35:00.976614368Z","01KFEHFDNYYM4VRPKVABD0N8W8","2026-01-20T20:35:00.976614368Z","01KFEHQS08BG6CGAAN8D6XR2D9","2026-01-20T20:35:00.976614368Z"
"01KFEFGK2ZJ4MT9HQ5BAYXKTEP","01KFEDCCH0VMFH7P25F40PD43N","2026-01-20T19:53:38.655559368Z",20,"2026-01-20T19:53:41.125564027Z","B","2026-01-20T19:53:40.442647174Z","01KFEDCCHH44R979H37GT2B68J","2026-01-20T19:53:38.655559368Z","01KFEF0J7C8417B13N1313JGSZ","2026-01-20T19:53:38.655559368Z","01KFEFDZDXQFF06VZW36FJ3G01","2026-01-20T19:53:38.655559368Z"
"01KFEFGWN2GCN1SSMY49FP4H0E","01KFEDCCH0VMFH7P25F40PD43N","2026-01-20T19:53:48.450384531Z",20,"2026-01-20T19:53:50.694882175Z","B","2026-01-20T19:53:49.804015104Z","01KFEDCCHH44R979H37GT2B68J","2026-01-20T19:53:48.450384531Z","01KFEF0J7C8417B13N1313JGSZ","2026-01-20T19:53:48.450384531Z","01KFEFDZDCJSQSAX5Z72P9BVM6","2026-01-20T19:53:48.450384531Z"
"01KFEFMFXX4NMPWGJMYC3QCSSV","01KFEDC9EK94N2WNCHE5RRQHCJ","2026-01-20T19:55:46.493988994Z",7,"2026-01-20T19:55:49.734412838Z","D","2026-01-20T19:55:48.421896082Z","01KFEDC9FF7T49EPA99GZDGH84","2026-01-20T19:55:46.493988994Z","01KFEFBN24Q9S7DG3606EXV8XC","2026-01-20T19:55:46.493988994Z","01KFEFG2PNANHMP493AHHTDDV3","2026-01-20T19:55:46.493988994Z"
"01KFEHTYAG14FDG9C5AHRHRBJP","01KFEHA1EJWPRPNCXBTHCF12K2","2026-01-20T20:34:14.992846558Z",0,"2026-01-20T20:34:26.362196247Z","C","2026-01-20T20:34:20.230250181Z","01KFEHA1GPSKM8FTTA039GX2FE","2026-01-20T20:34:14.992846558Z","01KFEHGGC977SV7QXMD0KQJ3VM","2026-01-20T20:34:14.992846558Z","01KFEHRJXHFJDDT34JT1B8NR37","2026-01-20T20:34:14.992846558Z"
"01KFEDYPDNJ8JBTW2P49BAWWR5","01KFEDCC1ZHDDN3CP9JWF4PGTF","2026-01-20T19:26:23.669969491Z",17,"2026-01-20T19:26:26.445508092Z","D","2026-01-20T19:26:26.435722737Z","01KFEDCC2JDADMPT5RVZQ93BA8","2026-01-20T19:26:23.669969491Z","01KFEDKABYH5MEPJ95J3ZMZNRM","2026-01-20T19:26:23.669969491Z","01KFEDVKB4B3RTD43XPR8V6HDM","2026-01-20T19:26:23.669969491Z"
"01KFEJZHFGQVW760RSWP4AZG4V","01KFEJ5DKDD8ED3R70AXWWV7TA","2026-01-20T20:54:14.25698619Z",17,"2026-01-20T20:54:16.315765483Z","D","2026-01-20T20:54:15.566553031Z","01KFEJ5DPFFD934S0E2GQ1B9RR","2026-01-20T20:54:14.25698619Z","01KFEJPRKV9117XEB7P0YJ5NT5","2026-01-20T20:54:14.25698619Z","01KFEJVCZANXPRXT7EFNMFCPZX","2026-01-20T20:54:14.25698619Z"
"01KFEHX5NYVGE81XP31WK4GBJY","01KFEHA1MRJDJA6FNTED28Z8HF","2026-01-20T20:35:28.062390302Z",0,"2026-01-20T20:35:33.728064529Z","C","2026-01-20T20:35:33.690569418Z","01KFEHA1QDYX27N1S60Z95NKD9","2026-01-20T20:35:28.062390302Z","01KFEHF7572SXHJWAG2WR57G7K","2026-01-20T20:35:28.062390302Z","01KFEHQS0KB4K7S5RDSVX6WG5B","2026-01-20T20:35:28.062390302Z"
"01KFEJY5KB501HP99J8G1SBR63","01KFEHAM0SBSN9QYCK4NGJTWCC","2026-01-20T20:53:29.323549816Z",19,"2026-01-20T20:53:44.471698173Z","C","2026-01-20T20:53:39.174652663Z","01KFEHAM4AZFDTAG8DR1VA4141","2026-01-20T20:53:29.323549816Z","01KFEJAS01H74KYS8N629S6DTN","2026-01-20T20:53:29.323549816Z","01KFEJMJVVAZSJ9NF02S13FWBY","2026-01-20T20:53:29.323549816Z"
"01KFEFE0WNBW0CD6KS3F8XKNK4","01KFEDCCH0VMFH7P25F40PD43N","2026-01-20T19:52:14.485938443Z",10,"2026-01-20T19:52:23.060363541Z","B","2026-01-20T19:52:18.476105708Z","01KFEDCCHH44R979H37GT2B68J","2026-01-20T19:52:14.485938443Z","01KFEFADJR1SXTG9225WD5SFVJ","2026-01-20T19:52:14.485938443Z","01KFEFDZC6QJHYFC5QKCC6WKWN","2026-01-20T19:52:14.485938443Z"
"01KFEFKDWZN9SHK981EEQS21C1","01KFEDCAVEZK3QD8ZFC2PP83WE","2026-01-20T19:55:11.647601713Z",10,"2026-01-20T19:55:14.652216955Z","B","2026-01-20T19:55:14.580334439Z","01KFEDCAVZJC7DD4AH1RF6NR9W","2026-01-20T19:55:11.647601713Z","01KFEFBH5ZZ770WWH7HK9VAC9K","2026-01-20T19:55:11.647601713Z","01KFEFFP4BAEGCCWWS4BJ6WVQR","2026-01-20T19:55:11.647601713Z"
"01KFEFPY9N6AK87YCJFZS9KZC5","01KFEDCAVEZK3QD8ZFC2PP83WE","2026-01-20T19:57:06.741583514Z",19,"2026-01-20T19:57:23.068721264Z","C","2026-01-20T19:57:23.045554807Z","01KFEDCAVZJC7DD4AH1B24TEC6","2026-01-20T19:57:06.741583514Z","01KFEFG8GX8B9102EGAWCJ2ZB0","2026-01-20T19:57:06.741583514Z","01KFEFNH0JD152MDY1HAN1BFCQ","2026-01-20T19:57:06.741583514Z"
"01KFEJ5EW8FNQJPQWTWKZKF7CG","01KFEHAKK9QMW81MWT2FF1CSZA","2026-01-20T20:39:59.624793023Z",10,"2026-01-20T20:40:07.702475614Z","B","2026-01-20T20:40:05.111899009Z","01KFEHAKMDAJRN7M0QA4VDJCGY","2026-01-20T20:39:59.624793023Z","01KFEHS8J7P9EEBTK2FBSRFBQT","2026-01-20T20:39:59.624793023Z","01KFEJ2SJ2X7SQGFBA9Y49Y77K","2026-01-20T20:39:59.624793023Z"
"01KFEFHC3S16A80A46CC3SY54P","01KFEDCCH0VMFH7P25F40PD43N","2026-01-20T19:54:04.281734169Z",20,"2026-01-20T19:54:07.142254781Z","A","2026-01-20T19:54:07.119654588Z","01KFEDCCHH44R979H37GT2B68J","2026-01-20T19:54:04.281734169Z","01KFEFADJR1SXTG9225WD5SFVJ","2026-01-20T19:54:04.281734169Z","01KFEFDZD56AT8TRNR4EF23YW7","2026-01-20T19:54:04.281734169Z"
"01KFEHQJT3EAQCMT0DZNTWBBBB","01KFEHA1EJWPRPNCXBTHCF12K2","2026-01-20T20:32:24.899413364Z",10,"2026-01-20T20:32:30.539637853Z","B","2026-01-20T20:32:30.510316084Z","01KFEHA1GDXTPSA0SX8CRPX47C","2026-01-20T20:32:24.899413364Z","01KFEHFHGVMZZ35F5CSBQJBJM3","2026-01-20T20:32:24.899413364Z","01KFEHNSE6KQS7M66487G7BMB5","2026-01-20T20:32:24.899413364Z"
"01KFEKAKZQ14GCVYA1706YF1W0","01KFEJ5DKDD8ED3R70AXWWV7TA","2026-01-20T21:00:17.271159843Z",7,"2026-01-20T21:00:22.545257366Z","D","2026-01-20T21:00:22.466275789Z","01KFEJ5DPRA3SJMDJ397B8T8C1","2026-01-20T21:00:17.271159843Z","01KFEK01H1YPA1JPJ9R7TY1GMF","2026-01-20T21:00:17.271159843Z","01KFEK95S9MZ1FW57Y2FVQT00Z","2026-01-20T21:00:17.271159843Z"
"01KFEFKY3CH8BQ111KCVYK9BWP","01KFEDCAVEZK3QD8ZFC2PP83WE","2026-01-20T19:55:28.236996258Z",29,"2026-01-20T19:55:32.183643861Z","C","2026-01-20T19:55:32.169679305Z","01KFEDCAVZJC7DD4AH1RF6NR9W","2026-01-20T19:55:28.236996258Z","01KFEF0XCN2JDQQD559T0PP43B","2026-01-20T19:55:28.236996258Z","01KFEFFP3F7CT8CVRZM3S0GJA9","2026-01-20T19:55:28.236996258Z"
"01KFEHKFWNFNP2AJKSPPGHNBS0","01KFEHA1EJWPRPNCXBTHCF12K2","2026-01-20T20:30:10.837160524Z",0,"2026-01-20T20:30:15.106247825Z","D","2026-01-20T20:30:12.649900436Z","01KFEHA1GK3DQ7TRWFWA7J267H","2026-01-20T20:30:10.837160524Z","01KFEHC1N15W3XF2S9JNREZ5AJ","2026-01-20T20:30:10.837160524Z","01KFEHFC27XVD3DPHFPH9XV6WR","2026-01-20T20:30:10.837160524Z"
"01KFEEZFRN078CD29588G7JCE9","01KFEDCCAW3ZY6KSKNHTKZ971F","2026-01-20T19:44:18.197568378Z",10,"2026-01-20T19:44:20.992201559Z","A","2026-01-20T19:44:19.37262285Z","01KFEDCCBE716PRHN8Q6NQV6ZT","2026-01-20T19:44:18.197568378Z","01KFEEMRW7PPKZGT4SNXBV2JSZ","2026-01-20T19:44:18.197568378Z","01KFEEV7WM37BXXYBNHHTEQKS3","2026-01-20T19:44:18.197568378Z"
"01KFEK4RR29KSNR5GV37VZ8K4S","01KFEJ5C7H3Z5SGPPT0TCGAEB2","2026-01-20T20:57:05.538332603Z",10,"2026-01-20T20:57:10.596004822Z","A","2026-01-20T20:57:08.602818992Z","01KFEJ5C9822567XDA8A9QG0G3","2026-01-20T20:57:05.538332603Z","01KFEJTATNKXCTW38TD0J18TFE","2026-01-20T20:57:05.538332603Z","01KFEK0Q8NEF55WD07A195GHP6","2026-01-20T20:57:05.538332603Z"
"01KFEJERK1PS3P37F31TND8X86","01KFEHAM0SBSN9QYCK4NGJTWCC","2026-01-20T20:45:04.481580915Z",10,"2026-01-20T20:45:21.963950495Z","A","2026-01-20T20:45:21.906847666Z","01KFEHAM45R1366856G6A2WGHZ","2026-01-20T20:45:04.481580915Z","01KFEHYH6DP091MJE3KD0CRNR1","2026-01-20T20:45:04.481580915Z","01KFEJBBQ9W7AFMM8K52FPEBRD","2026-01-20T20:45:04.481580915Z"
"01KFEEG5N5J66T2R3XX3NVGQCZ","01KFEDCB7P38BTZ4ACVDP6P0XN","2026-01-20T19:35:56.326023907Z",10,"2026-01-20T19:36:01.105516669Z","A","2026-01-20T19:36:00.679049729Z","01KFEDCB85NRAF0XG25ABR62N5","2026-01-20T19:35:56.326023907Z","01KFEE2GDYZKFQF2HSAA1FMRTA","2026-01-20T19:35:56.326023907Z","01KFEEC6Q5JM80V4QBHPBHQBYB","2026-01-20T19:35:56.326023907Z"
"01KFEJMFS686BEAY0G2H1H185T","01KFEHAM72H3ZNN8G0T2BCT79K","2026-01-20T20:48:12.070628201Z",19,"2026-01-20T20:48:22.867422389Z","C","2026-01-20T20:48:22.803959385Z","01KFEHAMATV7GY0NQF17M2P0MD","2026-01-20T20:48:12.070628201Z","01KFEJ5D2KZA6HXFGKH7XFG11W","2026-01-20T20:48:12.070628201Z","01KFEJMATN2TCZTEAYFGFEQWH8","2026-01-20T20:48:12.070628201Z"
"01KFEJYDFZ2XP54ES9WYC0RJ61","01KFEJ5DKDD8ED3R70AXWWV7TA","2026-01-20T20:53:37.407933218Z",0,"2026-01-20T20:53:39.770324984Z","C","2026-01-20T20:53:39.122512205Z","01KFEJ5DPFFD934S0E2GQ1B9RR","2026-01-20T20:53:37.407933218Z","01KFEJPRKV9117XEB7P0YJ5NT5","2026-01-20T20:53:37.407933218Z","01KFEJVCW65HVMYHW7QV8FF1JQ","2026-01-20T20:53:37.407933218Z"
"01KFEECHD9GBRG5DYSN6RZS6BE","01KFEDCB0G5KS91T4MD9JTDSA4","2026-01-20T19:33:57.290021062Z",10,"2026-01-20T19:34:03.536349031Z","A","2026-01-20T19:33:59.775094559Z","01KFEDCB15BD0TYD7H0V6YZGSZ","2026-01-20T19:33:57.290021062Z","01KFEE07X889KRR9ZR3BVZBWD6","2026-01-20T19:33:57.290021062Z","01KFEE9KM0X4Q6XPA6XY1T135J","2026-01-20T19:33:57.290021062Z"
"01KFEEH13CXEJN0VQBB6NMZYJZ","01KFEDCCAW3ZY6KSKNHTKZ971F","2026-01-20T19:36:24.428846902Z",10,"2026-01-20T19:37:02.112056488Z","B","2026-01-20T19:36:34.809730682Z","01KFEDCCBDJ82W4YK2PN7VDTAX","2026-01-20T19:36:24.428846902Z","01KFEE85J92QXNE2691FZPHW2Z","2026-01-20T19:36:24.428846902Z","01KFEEE8020NN6FS0J0N9VV3WD","2026-01-20T19:36:24.428846902Z"
"01KFEFQMRYN1AW8T3Q9CCA7MT2","01KFEDCAVEZK3QD8ZFC2PP83WE","2026-01-20T19:57:29.758976084Z",19,"2026-01-20T19:57:38.125082625Z","C","2026-01-20T19:57:32.686181422Z","01KFEDCAVZJC7DD4AH1B24TEC6","2026-01-20T19:57:29.758976084Z","01KFEFE9N9CHB9632BFKRF4P6F","2026-01-20T19:57:29.758976084Z","01KFEFNH0FTZQWZK4XE6D1QY20","2026-01-20T19:57:29.758976084Z"
"01KFEJ0K4CCEMXF2T96WTVTGR6","01KFEHA1W0DBA89GCQ87GA4EG5","2026-01-20T20:37:20.140444223Z",10,"2026-01-20T20:37:23.677015785Z","A","2026-01-20T20:37:23.647828319Z","01KFEHA1Z72TJ9J0QENR016CFN","2026-01-20T20:37:20.140444223Z","01KFEHMDY2YXCAA0WMRPTSEKC9","2026-01-20T20:37:20.140444223Z","01KFEHZ0ESDMEKCXQ0B17QX3W3","2026-01-20T20:37:20.140444223Z"
"01KFEJTC2YD3RQHVSY8YXZNAK1","01KFEJ5CPJ5RGARFNN6Z0PCT4Q","2026-01-20T20:51:24.894231874Z",0,"2026-01-20T20:52:36.424744192Z","C","2026-01-20T20:51:32.030546402Z","01KFEJ5CRSNMMQKHYMFD35850B","2026-01-20T20:51:24.894231874Z","01KFEJHQKQJTKAV5X447CE3YRT","2026-01-20T20:51:24.894231874Z","01KFEJRTP4AMH3ZYH1V1TJ3G2Q","2026-01-20T20:51:24.894231874Z"
"01KFEE3M3GG044YF4CBRQ7YTEN","01KFEDCC1ZHDDN3CP9JWF4PGTF","2026-01-20T19:29:05.136120245Z",17,"2026-01-20T19:29:08.118525719Z","D","2026-01-20T19:29:07.788526297Z","01KFEDCC2JDADMPT5RVP2N7S0X","2026-01-20T19:29:05.136120245Z","01KFEDQK6ZX4EYK4N5S5CFQ5FY","2026-01-20T19:29:05.136120245Z","01KFEDZ332B677W4TJGRFJJNQR","2026-01-20T19:29:05.136120245Z"
"01KFEEN84MVHVR24NYZQSAS0C6","01KFEDCCAW3ZY6KSKNHTKZ971F","2026-01-20T19:38:42.708629309Z",0,"2026-01-20T19:38:53.404821415Z","C","2026-01-20T19:38:47.941397548Z","01KFEDCCBDJ82W4YK2PN7VDTAX","2026-01-20T19:38:42.708629309Z","01KFEE6KZQR5PP1P0PS1XNKJRD","2026-01-20T19:38:42.708629309Z","01KFEEE80E5BB89S35Q8B0V2VA","2026-01-20T19:38:42.708629309Z"
"01KFEJHMBJN2SAD9NJ4NA84MPT","01KFEHAM0SBSN9QYCK4NGJTWCC","2026-01-20T20:46:38.450860757Z",20,"2026-01-20T20:46:42.203732515Z","A","2026-01-20T20:46:41.637133473Z","01KFEHAM45R1366856G6A2WGHZ","2026-01-20T20:46:38.450860757Z","01KFEHW1PTS6VD3Q9W69X0CC7S","2026-01-20T20:46:38.450860757Z","01KFEJBBRN3BZM659M96JG5473","2026-01-20T20:46:38.450860757Z"
"01KFEEGQTRAX2KBAW044GPZ2MY","01KFEDCB7P38BTZ4ACVDP6P0XN","2026-01-20T19:36:14.936425442Z",10,"2026-01-20T19:36:22.38595326Z","B","2026-01-20T19:36:22.368721673Z","01KFEDCB85NRAF0XG25ABR62N5","2026-01-20T19:36:14.936425442Z","01KFEE2GDYZKFQF2HSAA1FMRTA","2026-01-20T19:36:14.936425442Z","01KFEEC6Q74KY97CWV6MWC0GZS","2026-01-20T19:36:14.936425442Z"
"01KFEHFDPD8NA888J0YRTPXS12","01KFEHA1EJWPRPNCXBTHCF12K2","2026-01-20T20:27:57.51748061Z",20,"2026-01-20T20:28:04.75000456Z","B","2026-01-20T20:28:04.018686404Z","01KFEHA1GK3DQ7TRWFWA7J267H","2026-01-20T20:27:57.51748061Z","01KFEHC1N15W3XF2S9JNREZ5AJ","2026-01-20T20:27:57.51748061Z","01KFEHFC0PNH0TGE3GT47H65S6","2026-01-20T20:27:57.51748061Z"
"01KFEHXQZ4VBZY2WJS794W4C68","01KFEHA1EJWPRPNCXBTHCF12K2","2026-01-20T20:35:46.788460158Z",7,"2026-01-20T20:35:55.254995493Z","D","2026-01-20T20:35:53.096259192Z","01KFEHA1GRK7A014NXTNRF457G","2026-01-20T20:35:46.788460158Z","01KFEHFSGA9RW2KQK679GQ5Q17","2026-01-20T20:35:46.788460158Z","01KFEHPVMYEXWPG2VEHYC5GEGW","2026-01-20T20:35:46.788460158Z"
"01KFEJ2RVS76CGZ1AA73Y1B84B","01KFEHA1W0DBA89GCQ87GA4EG5","2026-01-20T20:38:31.545220254Z",19,"2026-01-20T20:38:36.951297106Z","C","2026-01-20T20:38:33.362500151Z","01KFEHA1ZSVYK8DGYZZSV53FQM","2026-01-20T20:38:31.545220254Z","01KFEHMXV04MY34HJYA33HA616","2026-01-20T20:38:31.545220254Z","01KFEHWYXZ0FN0HENYT1SGGEJX","2026-01-20T20:38:31.545220254Z"
"01KFEFFH4Y52TVMD3WBVWW3AXD","01KFEDCCH0VMFH7P25F40PD43N","2026-01-20T19:53:03.902687461Z",0,"2026-01-20T19:53:11.984014106Z","C","2026-01-20T19:53:11.968632517Z","01KFEDCCHH44R979H37GT2B68J","2026-01-20T19:53:03.902687461Z","01KFEF0J7C8417B13N1313JGSZ","2026-01-20T19:53:03.902687461Z","01KFEFDZCG08061MCGPWD9T22C","2026-01-20T19:53:03.902687461Z"
"01KFEFFQQAQ1N4B1XWEJKK7369","01KFEDCAVEZK3QD8ZFC2PP83WE","2026-01-20T19:53:10.634321381Z",17,"2026-01-20T19:53:20.490638856Z","D","2026-01-20T19:53:20.471802199Z","01KFEDCAVZJC7DD4AH1RF6NR9W","2026-01-20T19:53:10.634321381Z","01KFEFBH5ZZ770WWH7HK9VAC9K","2026-01-20T19:53:10.634321381Z","01KFEFFP2VNJ8TK8Z66NZXYFFC","2026-01-20T19:53:10.634321381Z"
"01KFEFWV252BNXBXSZCT6MK21Y","01KFEDCAVEZK3QD8ZFC2PP83WE","2026-01-20T20:00:20.037644996Z",19,"2026-01-20T20:00:26.723072681Z","C","2026-01-20T20:00:26.703721422Z","01KFEDCAVZJC7DD4AH1B24TEC6","2026-01-20T20:00:20.037644996Z","01KFEFG8GX8B9102EGAWCJ2ZB0","2026-01-20T20:00:20.037644996Z","01KFEFNGYX0JB0KVDWAGM0XTDP","2026-01-20T20:00:20.037644996Z"
"01KFEJ3F8EJEGY3NFVW8H8J559","01KFEHA1W0DBA89GCQ87GA4EG5","2026-01-20T20:38:54.478956357Z",0,"2026-01-20T20:39:00.356778553Z","B","2026-01-20T20:38:59.370842603Z","01KFEHA1ZSVYK8DGYZZSV53FQM","2026-01-20T20:38:54.478956357Z","01KFEHKWX6S3CRVA3YVBJBPSWT","2026-01-20T20:38:54.478956357Z","01KFEHWYXC0BM2V47Y0JA9DM29","2026-01-20T20:38:54.478956357Z"
"01KFEFHNFVGKHB0DJR9CTG82E4","01KFEDCCH0VMFH7P25F40PD43N","2026-01-20T19:54:13.883469897Z",20,"2026-01-20T19:54:16.10148233Z","B","2026-01-20T19:54:15.784199139Z","01KFEDCCHH44R979H37GT2B68J","2026-01-20T19:54:13.883469897Z","01KFEF0J7C8417B13N1313JGSZ","2026-01-20T19:54:13.883469897Z","01KFEFDZCVJY0E8B1QDQTTV3WD","2026-01-20T19:54:13.883469897Z"
"01KFEE546S2V1P7EHYWWWPQS6G","01KFEDCB0G5KS91T4MD9JTDSA4","2026-01-20T19:29:54.393279323Z",0,"2026-01-20T19:29:58.110980663Z","C","2026-01-20T19:29:57.920116237Z","01KFEDCB197E7YMN5STVXKHS22","2026-01-20T19:29:54.393279323Z","01KFEDRBWHPV4A332ZXM2PZSR4","2026-01-20T19:29:54.393279323Z","01KFEE2FBY4WBMP6SRQVJ7KR9T","2026-01-20T19:29:54.393279323Z"
"01KFEEE4G49MAK4N8CEZSVKCQN","01KFEDCB0G5KS91T4MD9JTDSA4","2026-01-20T19:34:49.604701747Z",10,"2026-01-20T19:34:54.597947885Z","A","2026-01-20T19:34:51.621461813Z","01KFEDCB15BD0TYD7H0V6YZGSZ","2026-01-20T19:34:49.604701747Z","01KFEE07X889KRR9ZR3BVZBWD6","2026-01-20T19:34:49.604701747Z","01KFEE9KKVW2FM3E9J48FPMHEG","2026-01-20T19:34:49.604701747Z"
"01KFEHQX6P0HJG2AETTMPB8V74","01KFEHA1EJWPRPNCXBTHCF12K2","2026-01-20T20:32:35.542593987Z",0,"2026-01-20T20:32:40.832006819Z","C","2026-01-20T20:32:40.80509371Z","01KFEHA1GDXTPSA0SX8CRPX47C","2026-01-20T20:32:35.542593987Z","01KFEHFHGVMZZ35F5CSBQJBJM3","2026-01-20T20:32:35.542593987Z","01KFEHNSECFNKY5EBGFP7AG7AV","2026-01-20T20:32:35.542593987Z"
"01KFEHSEVHG2YCCCRG8AWNSGNM","01KFEHA1EJWPRPNCXBTHCF12K2","2026-01-20T20:33:26.385500288Z",19,"2026-01-20T20:33:27.89082571Z","C","2026-01-20T20:33:27.15566566Z","01KFEHA1GDXTPSA0SX8CRPX47C","2026-01-20T20:33:26.385500288Z","01KFEHFHGVMZZ35F5CSBQJBJM3","2026-01-20T20:33:26.385500288Z","01KFEHNSDF2VZ2E27A6EZNS91J","2026-01-20T20:33:26.385500288Z"
"01KFEHVW0RB4CR8RZTVZADBSG4","01KFEHA1MRJDJA6FNTED28Z8HF","2026-01-20T20:34:45.400159874Z",10,"2026-01-20T20:34:49.219189133Z","B","2026-01-20T20:34:49.185408905Z","01KFEHA1QDYX27N1S60Z95NKD9","2026-01-20T20:34:45.400159874Z","01KFEHF7572SXHJWAG2WR57G7K","2026-01-20T20:34:45.400159874Z","01KFEHQS02XBX2Z4QHC6Z321PB","2026-01-20T20:34:45.400159874Z"
"01KFEJAYTJEX00KX8DDDNDXV1T","01KFEHAKK9QMW81MWT2FF1CSZA","2026-01-20T20:42:59.794861778Z",10,"2026-01-20T20:43:04.44206982Z","B","2026-01-20T20:43:04.366450609Z","01KFEHAKMDAJRN7M0QA4VDJCGY","2026-01-20T20:42:59.794861778Z","01KFEHS8J7P9EEBTK2FBSRFBQT","2026-01-20T20:42:59.794861778Z","01KFEJ2SKT7SSSFTRMDES65P9G","2026-01-20T20:42:59.794861778Z"
"01KFEESSTTXXB66ZBAJE842WDQ","01KFEDCCH0VMFH7P25F40PD43N","2026-01-20T19:41:11.898776475Z",19,"2026-01-20T19:41:17.75003098Z","C","2026-01-20T19:41:17.731478992Z","01KFEDCCHJADFRJT5F5VJ9ST9F","2026-01-20T19:41:11.898776475Z","01KFEEKE9WXRZWBRXYDQ5J10WV","2026-01-20T19:41:11.898776475Z","01KFEERHT76VBCN8M90ASCYNZ1","2026-01-20T19:41:11.898776475Z"
"01KFEFK48B8KGTW8ZRRCSEBWE5","01KFEDCAVEZK3QD8ZFC2PP83WE","2026-01-20T19:55:01.771161697Z",17,"2026-01-20T19:55:06.153045512Z","D","2026-01-20T19:55:06.130774153Z","01KFEDCAVZJC7DD4AH1RF6NR9W","2026-01-20T19:55:01.771161697Z","01KFEFBH5ZZ770WWH7HK9VAC9K","2026-01-20T19:55:01.771161697Z","01KFEFFP477BRB93GCW74NGMQP","2026-01-20T19:55:01.771161697Z"
"01KFEJDGSP82ZQEFSPCS23XM8X","01KFEHAM0SBSN9QYCK4NGJTWCC","2026-01-20T20:44:23.734323196Z",0,"2026-01-20T20:44:31.712272642Z","B","2026-01-20T20:44:26.505674774Z","01KFEHAM3ZX2QFEZ4F28QFW79D","2026-01-20T20:44:23.734323196Z","01KFEJ99258GDSZYNA4N0ER3PR","2026-01-20T20:44:23.734323196Z","01KFEJDCN0X41FT2QN9FBKXCRT","2026-01-20T20:44:23.734323196Z"
"01KFEJX3Z8P7M2SV99NG0CQ664","01KFEHAM0SBSN9QYCK4NGJTWCC","2026-01-20T20:52:54.888226099Z",10,"2026-01-20T20:52:59.485153754Z","B","2026-01-20T20:52:59.424710468Z","01KFEHAM4AZFDTAG8DR1VA4141","2026-01-20T20:52:54.888226099Z","01KFEJFMC7CFQF46Z46BV1EM1Q","2026-01-20T20:52:54.888226099Z","01KFEJMJSQH5DGTBN0VW0ZMTH2","2026-01-20T20:52:54.888226099Z"
"01KFEHK8P6DPV9Z6XB5SMEBV3K","01KFEHA1W0DBA89GCQ87GA4EG5","2026-01-20T20:30:03.462221074Z",29,"2026-01-20T20:30:15.590773276Z","C","2026-01-20T20:30:04.888524906Z","01KFEHA1ZNDEMMB0DK92YAW8BD","2026-01-20T20:30:03.462221074Z","01KFEHEBSJCV2WCY6FBMMN65A3","2026-01-20T20:30:03.462221074Z","01KFEHHMWZ87G9B0Z91CK05N0A","2026-01-20T20:30:03.462221074Z"
"01KFEDVM62DMQAQ6MS33FMMMHR","01KFEDCC1ZHDDN3CP9JWF4PGTF","2026-01-20T19:24:43.074542706Z",7,"2026-01-20T19:24:57.94641011Z","D","2026-01-20T19:24:57.936052484Z","01KFEDCC2JDADMPT5RVZQ93BA8","2026-01-20T19:24:43.074542706Z","01KFEDKABYH5MEPJ95J3ZMZNRM","2026-01-20T19:24:43.074542706Z","01KFEDVKAN6FSSWD263NEWHVWT","2026-01-20T19:24:43.074542706Z"
"01KFEFG4MYNBB78SY65BZHD38D","01KFEDCCH0VMFH7P25F40PD43N","2026-01-20T19:53:23.870837169Z",20,"2026-01-20T19:53:26.488758681Z","A","2026-01-20T19:53:26.467273234Z","01KFEDCCHH44R979H37GT2B68J","2026-01-20T19:53:23.870837169Z","01KFEFADJR1SXTG9225WD5SFVJ","2026-01-20T19:53:23.870837169Z","01KFEFDZE1A8QQADXM9W59N9MY","2026-01-20T19:53:23.870837169Z"
"01KFEFGYRMH15QPTE14YNR47VE","01KFEDCAVEZK3QD8ZFC2PP83WE","2026-01-20T19:53:50.612944856Z",10,"2026-01-20T19:53:56.741348532Z","A","2026-01-20T19:53:56.726006087Z","01KFEDCAVZJC7DD4AH1RF6NR9W","2026-01-20T19:53:50.612944856Z","01KFEFBH5ZZ770WWH7HK9VAC9K","2026-01-20T19:53:50.612944856Z","01KFEFFP322A2Q4N08RTY349G9","2026-01-20T19:53:50.612944856Z"
"01KFEHHTSFGVGREZ4GSEE36THK","01KFEHA1EJWPRPNCXBTHCF12K2","2026-01-20T20:29:16.463155137Z",10,"2026-01-20T20:29:18.766208493Z","A","2026-01-20T20:29:18.743129932Z","01KFEHA1GK3DQ7TRWFWA7J267H","2026-01-20T20:29:16.463155137Z","01KFEHBP1ZE2AV6NAD8SG9ZGBW","2026-01-20T20:29:16.463155137Z","01KFEHFC1JSV9M7RB2VMWC8EQT","2026-01-20T20:29:16.463155137Z"
"01KFEE4RB58JFJJ5SNH19NMA7T","01KFEDCB0G5KS91T4MD9JTDSA4","2026-01-20T19:29:42.245608472Z",0,"2026-01-20T19:29:44.908814047Z","C","2026-01-20T19:29:44.417488845Z","01KFEDCB197E7YMN5STVXKHS22","2026-01-20T19:29:42.245608472Z","01KFEDRBWHPV4A332ZXM2PZSR4","2026-01-20T19:29:42.245608472Z","01KFEE2FC4VCPQJM9B8WWM8RSA","2026-01-20T19:29:42.245608472Z"
"01KFEEJV3NSC79S1C1FFFXAVS8","01KFEDCCAW3ZY6KSKNHTKZ971F","2026-01-20T19:37:23.829505129Z",19,"2026-01-20T19:37:32.595080481Z","C","2026-01-20T19:37:32.579612868Z","01KFEDCCBDJ82W4YK2PN7VDTAX","2026-01-20T19:37:23.829505129Z","01KFEE6KZQR5PP1P0PS1XNKJRD","2026-01-20T19:37:23.829505129Z","01KFEEE809G09HS720QEE49ZNY","2026-01-20T19:37:23.829505129Z"
"01KFEFTHC5MS992J128NC9B1XK","01KFEDCAVEZK3QD8ZFC2PP83WE","2026-01-20T19:59:04.581269989Z",19,"2026-01-20T19:59:08.227998901Z","C","2026-01-20T19:59:08.207741225Z","01KFEDCAVZJC7DD4AH1B24TEC6","2026-01-20T19:59:04.581269989Z","01KFEFG8GX8B9102EGAWCJ2ZB0","2026-01-20T19:59:04.581269989Z","01KFEFNGZVDR5MV5KWZ0XEVC61","2026-01-20T19:59:04.581269989Z"
"01KFEHV9SJE8WF71SSDMB31HVK","01KFEHA1MRJDJA6FNTED28Z8HF","2026-01-20T20:34:26.738794468Z",20,"2026-01-20T20:34:27.879697315Z","B","2026-01-20T20:34:27.658052691Z","01KFEHA1QMX5DYGHPSSSP2RXXX","2026-01-20T20:34:26.738794468Z","01KFEHH299EZ808S0B86915EW8","2026-01-20T20:34:26.738794468Z","01KFEHR30H56S388QSJDFBWHG0","2026-01-20T20:34:26.738794468Z"
"01KFEHVW0H7TMG8KYB0P6RJNMZ","01KFEHA1MRJDJA6FNTED28Z8HF","2026-01-20T20:34:45.393143275Z",19,"2026-01-20T20:34:49.219189133Z","C","2026-01-20T20:34:48.860281263Z","01KFEHA1QDYX27N1S60Z95NKD9","2026-01-20T20:34:45.393143275Z","01KFEHFDNYYM4VRPKVABD0N8W8","2026-01-20T20:34:45.393143275Z","01KFEHQS02XBX2Z4QHC6Z321PB","2026-01-20T20:34:45.393143275Z"
"01KFEJX3YPZFTFPYWN6E61KEV5","01KFEHAM0SBSN9QYCK4NGJTWCC","2026-01-20T20:52:54.870971615Z",19,"2026-01-20T20:52:59.485153754Z","C","2026-01-20T20:52:58.954654618Z","01KFEHAM4AZFDTAG8DR1VA4141","2026-01-20T20:52:54.870971615Z","01KFEJAS01H74KYS8N629S6DTN","2026-01-20T20:52:54.870971615Z","01KFEJMJSQH5DGTBN0VW0ZMTH2","2026-01-20T20:52:54.870971615Z"
"01KFEE17RXAVPKCYV3A43H0NZT","01KFEDCC1ZHDDN3CP9JWF4PGTF","2026-01-20T19:27:46.973743295Z",17,"2026-01-20T19:27:50.707787087Z","D","2026-01-20T19:27:49.858373849Z","01KFEDCC2JDADMPT5RVP2N7S0X","2026-01-20T19:27:46.973743295Z","01KFEDQK6ZX4EYK4N5S5CFQ5FY","2026-01-20T19:27:46.973743295Z","01KFEDZ32TBSYBE3V67WAX9FQE","2026-01-20T19:27:46.973743295Z"
"01KFEHNFGJCW44W7EJCHHXA1WX","01KFEHA1W0DBA89GCQ87GA4EG5","2026-01-20T20:31:15.986798669Z",17,"2026-01-20T20:31:17.233166883Z","D","2026-01-20T20:31:17.213244117Z","01KFEHA1ZNDEMMB0DK92YAW8BD","2026-01-20T20:31:15.986798669Z","01KFEHAFP87N0FEFRCAHH2V652","2026-01-20T20:31:15.986798669Z","01KFEHHMWAG28DWZ81GREQR3GT","2026-01-20T20:31:15.986798669Z"
"01KFEJT00WHKCTH61SHQPN9M07","01KFEHAM0SBSN9QYCK4NGJTWCC","2026-01-20T20:51:12.540399902Z",20,"2026-01-20T20:51:24.00020551Z","A","2026-01-20T20:51:19.960581643Z","01KFEHAM4AZFDTAG8DR1VA4141","2026-01-20T20:51:12.540399902Z","01KFEJAS01H74KYS8N629S6DTN","2026-01-20T20:51:12.540399902Z","01KFEJMJQ9A9CK99Z7785SQR5W","2026-01-20T20:51:12.540399902Z"
"01KFEK1YMRPGEQJF3N92Y6FDES","01KFEJ5C7H3Z5SGPPT0TCGAEB2","2026-01-20T20:55:33.272113895Z",19,"2026-01-20T20:55:45.007924184Z","C","2026-01-20T20:55:39.924560022Z","01KFEJ5C9822567XDA8A9QG0G3","2026-01-20T20:55:33.272113895Z","01KFEJTATNKXCTW38TD0J18TFE","2026-01-20T20:55:33.272113895Z","01KFEK0Q02RBXVG8YX790933W5","2026-01-20T20:55:33.272113895Z"
"01KFEEPAPKZ1KKT79KQSXYMSQD","01KFEDCCAW3ZY6KSKNHTKZ971F","2026-01-20T19:39:18.099875439Z",17,"2026-01-20T19:39:23.735778206Z","D","2026-01-20T19:39:20.758525209Z","01KFEDCCBDJ82W4YK2PN7VDTAX","2026-01-20T19:39:18.099875439Z","01KFEE85J92QXNE2691FZPHW2Z","2026-01-20T19:39:18.099875439Z","01KFEEE80JZA5X9AHRXHKM12EM","2026-01-20T19:39:18.099875439Z"
"01KFEHMEDCV92258GRPVZ10TM2","01KFEHA20TFYVSSENV0N2723W5","2026-01-20T20:30:42.092844776Z",20,"2026-01-20T20:30:44.147902433Z","B","2026-01-20T20:30:44.074834591Z","01KFEHA25NESP3C46R1STZWY67","2026-01-20T20:30:42.092844776Z","01KFEHB2Z6PCQ5XRWRX0AQ3SH1","2026-01-20T20:30:42.092844776Z","01KFEHHR5503SXZKSZ40XGX5WC","2026-01-20T20:30:42.092844776Z"
"01KFEHTCRBADNSPKEP48EDGQE8","01KFEHA1EJWPRPNCXBTHCF12K2","2026-01-20T20:33:57.003411088Z",19,"2026-01-20T20:34:03.973295118Z","C","2026-01-20T20:33:58.696875055Z","01KFEHA1GRK7A014NXTNRF457G","2026-01-20T20:33:57.003411088Z","01KFEHG6C81JZ80FMVPH00AMCG","2026-01-20T20:33:57.003411088Z","01KFEHPVKND5B6D37B2X9PZ6JQ","2026-01-20T20:33:57.003411088Z"
"01KFEJY9BB737DHKJQETATGJDN","01KFEHAM72H3ZNN8G0T2BCT79K","2026-01-20T20:53:33.163527362Z",29,"2026-01-20T20:53:36.593969268Z","C","2026-01-20T20:53:36.48802251Z","01KFEHAMATV7GY0NQF17M2P0MD","2026-01-20T20:53:33.163527362Z","01KFEJ9C86SAQ3FA5GXN0A1JWJ","2026-01-20T20:53:33.163527362Z","01KFEJMB0BMEP8YS43R3TT0KRS","2026-01-20T20:53:33.163527362Z"
"01KFEJZGTNZDPCZ7NJK8Q339GY","01KFEJ5CPJ5RGARFNN6Z0PCT4Q","2026-01-20T20:54:13.589063329Z",10,"2026-01-20T20:54:34.049736652Z","A","2026-01-20T20:54:21.196237116Z","01KFEJ5CRSNMMQKHYMFD35850B","2026-01-20T20:54:13.589063329Z","01KFEJD683V7BW0EC67T5B9T0M","2026-01-20T20:54:13.589063329Z","01KFEJRTQA64H825EQXXR4TC64","2026-01-20T20:54:13.589063329Z"
"01KFEFT5QJESRPDEVD38DY99B0","01KFEDCAVEZK3QD8ZFC2PP83WE","2026-01-20T19:58:52.658850522Z",10,"2026-01-20T19:58:58.694344277Z","B","2026-01-20T19:58:58.677674723Z","01KFEDCAVZJC7DD4AH1B24TEC6","2026-01-20T19:58:52.658850522Z","01KFEFG8GX8B9102EGAWCJ2ZB0","2026-01-20T19:58:52.658850522Z","01KFEFNH028B44SW7SRX7PBQ0X","2026-01-20T19:58:52.658850522Z"
"01KFEHMCR4A2QXGAKPXSCZSC62","01KFEHA1W0DBA89GCQ87GA4EG5","2026-01-20T20:30:40.388227225Z",0,"2026-01-20T20:30:43.2842758Z","C","2026-01-20T20:30:41.865704605Z","01KFEHA1ZNDEMMB0DK92YAW8BD","2026-01-20T20:30:40.388227225Z","01KFEHAFP87N0FEFRCAHH2V652","2026-01-20T20:30:40.388227225Z","01KFEHHMXAH9HKXAC2EX5WTMY4","2026-01-20T20:30:40.388227225Z"
"01KFEHKPBR3YTJ7MXYVC86SF11","01KFEHA1MRJDJA6FNTED28Z8HF","2026-01-20T20:30:17.464448356Z",17,"2026-01-20T20:30:19.764968064Z","D","2026-01-20T20:30:19.741485299Z","01KFEHA1R32D8V3SKQA6BEDXA8","2026-01-20T20:30:17.464448356Z","01KFEHBPM0QM8692M9NW91QBAJ","2026-01-20T20:30:17.464448356Z","01KFEHGC8JRR71EAXP0WWWKCB7","2026-01-20T20:30:17.464448356Z"
"01KFEHXDT09P348WX64GKN8ZDY","01KFEHA1MRJDJA6FNTED28Z8HF","2026-01-20T20:35:36.384087094Z",0,"2026-01-20T20:35:43.505315678Z","C","2026-01-20T20:35:42.943853103Z","01KFEHA1QYV2E8SAEFNEHYNVTN","2026-01-20T20:35:36.384087094Z","01KFEHKCW5X4CR8DBAYXY74YGJ","2026-01-20T20:35:36.384087094Z","01KFEHSJHVSAMEZGKB6QKEWY40","2026-01-20T20:35:36.384087094Z"
"01KFEJ18X0V0WKTJBNB0DKCAM5","01KFEHA1W0DBA89GCQ87GA4EG5","2026-01-20T20:37:42.432326794Z",19,"2026-01-20T20:37:46.177553195Z","C","2026-01-20T20:37:45.591496404Z","01KFEHA1Z72TJ9J0QENR016CFN","2026-01-20T20:37:42.432326794Z","01KFEHMDY2YXCAA0WMRPTSEKC9","2026-01-20T20:37:42.432326794Z","01KFEHZ0FM9GAH9ZN5A3D2DSKG","2026-01-20T20:37:42.432326794Z"
"01KFEJFQE4Z99TD6YTTG7KG9EM","01KFEHAM0SBSN9QYCK4NGJTWCC","2026-01-20T20:45:36.068290626Z",10,"2026-01-20T20:46:25.190234727Z","B","2026-01-20T20:45:37.303025478Z","01KFEHAM3ZX2QFEZ4F28QFW79D","2026-01-20T20:45:36.068290626Z","01KFEJ99258GDSZYNA4N0ER3PR","2026-01-20T20:45:36.068290626Z","01KFEJDCQTMVM4FJAYCY5FXPH5","2026-01-20T20:45:36.068290626Z"
"01KFEE0NVX7Z3050MGE215C2QN","01KFEDCC1ZHDDN3CP9JWF4PGTF","2026-01-20T19:27:28.637748484Z",0,"2026-01-20T19:27:32.942842131Z","B","2026-01-20T19:27:32.930363101Z","01KFEDCC2JDADMPT5RVP2N7S0X","2026-01-20T19:27:28.637748484Z","01KFEDQK6ZX4EYK4N5S5CFQ5FY","2026-01-20T19:27:28.637748484Z","01KFEDZ32HPS4WKB1C8GMCNP59","2026-01-20T19:27:28.637748484Z"
"01KFEEWZYFEB09JQD2TV7K10T0","01KFEDCCH0VMFH7P25F40PD43N","2026-01-20T19:42:56.463623654Z",29,"2026-01-20T19:42:59.19166563Z","C","2026-01-20T19:42:59.170556698Z","01KFEDCCHJADFRJT5F5VJ9ST9F","2026-01-20T19:42:56.463623654Z","01KFEEKE9WXRZWBRXYDQ5J10WV","2026-01-20T19:42:56.463623654Z","01KFEERHSD5C6THC49027KZP1M","2026-01-20T19:42:56.463623654Z"
"01KFEDXM5J0YH5HDGWGV7YF0VA","01KFEDCC1ZHDDN3CP9JWF4PGTF","2026-01-20T19:25:48.594440015Z",17,"2026-01-20T19:25:51.724666508Z","D","2026-01-20T19:25:51.712945036Z","01KFEDCC2JDADMPT5RVZQ93BA8","2026-01-20T19:25:48.594440015Z","01KFEDKABYH5MEPJ95J3ZMZNRM","2026-01-20T19:25:48.594440015Z","01KFEDVKB4B3RTD43XQ7C4MSTX","2026-01-20T19:25:48.594440015Z"
"01KFEHYJJWRFXDWWJ8N7JRN58H","01KFEHA1MRJDJA6FNTED28Z8HF","2026-01-20T20:36:14.04406377Z",0,"2026-01-20T20:36:22.454146612Z","C","2026-01-20T20:36:22.41816842Z","01KFEHA1QYV2E8SAEFNEHYNVTN","2026-01-20T20:36:14.04406377Z","01KFEHKCW5X4CR8DBAYXY74YGJ","2026-01-20T20:36:14.04406377Z","01KFEHSJJEWKDDBXXN6C8ZK5E1","2026-01-20T20:36:14.04406377Z"
"01KFEHV6M7PGW2RB39E3RDSCHH","01KFEHA1MRJDJA6FNTED28Z8HF","2026-01-20T20:34:23.495835115Z",20,"2026-01-20T20:34:24.744490928Z","B","2026-01-20T20:34:24.644160338Z","01KFEHA1QMX5DYGHPSSSP2RXXX","2026-01-20T20:34:23.495835115Z","01KFEHH299EZ808S0B86915EW8","2026-01-20T20:34:23.495835115Z","01KFEHR30B4CVD97MSB1RJ878F","2026-01-20T20:34:23.495835115Z"
"01KFEHVH9A5YE8NKCHC58G6KFA","01KFEHA1MRJDJA6FNTED28Z8HF","2026-01-20T20:34:34.41057935Z",19,"2026-01-20T20:34:42.327978463Z","C","2026-01-20T20:34:42.287140724Z","01KFEHA1QYV2E8SAEFNEHYNVTN","2026-01-20T20:34:34.41057935Z","01KFEHHH6AXDMAXMWAFCF5JGBC","2026-01-20T20:34:34.41057935Z","01KFEHSJGXY0WXV86PFK4ZF3X4","2026-01-20T20:34:34.41057935Z"
"01KFEJEW39NN67ZRNXRN7CS8SR","01KFEHAM0SBSN9QYCK4NGJTWCC","2026-01-20T20:45:08.073281709Z",0,"2026-01-20T20:45:11.03122275Z","B","2026-01-20T20:45:10.969515559Z","01KFEHAM3ZX2QFEZ4F28QFW79D","2026-01-20T20:45:08.073281709Z","01KFEJ9883X77HA7T3SDA1VF8F","2026-01-20T20:45:08.073281709Z","01KFEJDCPYXXCPGCC4Z9M9RQ3Y","2026-01-20T20:45:08.073281709Z"
"01KFEEJGH5X9P82S5HJ5Q3C067","01KFEDCB7P38BTZ4ACVDP6P0XN","2026-01-20T19:37:12.997100792Z",0,"2026-01-20T19:37:17.959313576Z","A","2026-01-20T19:37:15.393478163Z","01KFEDCB85NRAF0XG25ABR62N5","2026-01-20T19:37:12.997100792Z","01KFEE7Q9A8CN1TS35QENG1JN7","2026-01-20T19:37:12.997100792Z","01KFEEC6QCVS81FJ6KAT1KSZDZ","2026-01-20T19:37:12.997100792Z"
"01KFEHK6P7HJ8CXDDX270B3B57","01KFEHA20TFYVSSENV0N2723W5","2026-01-20T20:30:01.416005952Z",10,"2026-01-20T20:30:08.451059854Z","A","2026-01-20T20:30:02.658173781Z","01KFEHA25NESP3C46R1STZWY67","2026-01-20T20:30:01.416005952Z","01KFEHE6NX6FXVRTV1KPH8TKWC","2026-01-20T20:30:01.416005952Z","01KFEHHR5WZVN3N0EJS7YC2QHK","2026-01-20T20:30:01.416005952Z"
"01KFEEXA1ZBR71RBP4D1J2MWZH","01KFEDCCAW3ZY6KSKNHTKZ971F","2026-01-20T19:43:06.815904366Z",0,"2026-01-20T19:43:09.089169405Z","C","2026-01-20T19:43:08.506379483Z","01KFEDCCBE716PRHN8Q6NQV6ZT","2026-01-20T19:43:06.815904366Z","01KFEEMRW7PPKZGT4SNXBV2JSZ","2026-01-20T19:43:06.815904366Z","01KFEEV7W3AAVZYDHPWJXWG7TN","2026-01-20T19:43:06.815904366Z"
"01KFEJ49GS0QQYG95GFYHG3ZBY","01KFEHAKK9QMW81MWT2FF1CSZA","2026-01-20T20:39:21.36909704Z",0,"2026-01-20T20:39:34.636443471Z","C","2026-01-20T20:39:32.783435617Z","01KFEHAKMDAJRN7M0QA4VDJCGY","2026-01-20T20:39:21.36909704Z","01KFEHW86W3STHQPDAT1BP1CXX","2026-01-20T20:39:21.36909704Z","01KFEJ2SHPE7P35XKXGK774ZH5","2026-01-20T20:39:21.36909704Z"
"01KFEK9C5M8HZH0HV896GK44BN","01KFEJ5DKDD8ED3R70AXWWV7TA","2026-01-20T20:59:36.500263072Z",19,"2026-01-20T20:59:51.907290136Z","C","2026-01-20T20:59:41.94340314Z","01KFEJ5DPRA3SJMDJ397B8T8C1","2026-01-20T20:59:36.500263072Z","01KFEK01H1YPA1JPJ9R7TY1GMF","2026-01-20T20:59:36.500263072Z","01KFEK95PQWDPS6081S5YJGNJD","2026-01-20T20:59:36.500263072Z"
"01KFEEE5XCTZYXS18828D48A7X","01KFEDCB7P38BTZ4ACVDP6P0XN","2026-01-20T19:34:51.052888959Z",0,"2026-01-20T19:34:57.359622143Z","C","2026-01-20T19:34:57.346657814Z","01KFEDCB85NRAF0XG25ABR62N5","2026-01-20T19:34:51.052888959Z","01KFEE2GDYZKFQF2HSAA1FMRTA","2026-01-20T19:34:51.052888959Z","01KFEEC6PW71Q1Q74PYVMF9WKM","2026-01-20T19:34:51.052888959Z"
"01KFEHWJE4HQPV9NW4V83TCT1T","01KFEHA1EJWPRPNCXBTHCF12K2","2026-01-20T20:35:08.356233535Z",29,"2026-01-20T20:35:11.407919545Z","C","2026-01-20T20:35:10.015448515Z","01KFEHA1GPSKM8FTTA039GX2FE","2026-01-20T20:35:08.356233535Z","01KFEHHKNYNVTAQQFNDQ02SYYK","2026-01-20T20:35:08.356233535Z","01KFEHRJY69TE8BMH4NFD0V4DB","2026-01-20T20:35:08.356233535Z"
"01KFEHK9FDCWBA6XMV8HEQMSX0","01KFEHA1MRJDJA6FNTED28Z8HF","2026-01-20T20:30:04.269504244Z",0,"2026-01-20T20:30:08.359698987Z","C","2026-01-20T20:30:08.33471814Z","01KFEHA1R32D8V3SKQA6BEDXA8","2026-01-20T20:30:04.269504244Z","01KFEHBPM0QM8692M9NW91QBAJ","2026-01-20T20:30:04.269504244Z","01KFEHGC8APBVBEXKWFK29QFC6","2026-01-20T20:30:04.269504244Z"
"01KFEHRN5C5HHZ69XV8WWV8RXW","01KFEHA1EJWPRPNCXBTHCF12K2","2026-01-20T20:33:00.07673836Z",10,"2026-01-20T20:33:06.775863073Z","B","2026-01-20T20:33:06.74417502Z","01KFEHA1GPSKM8FTTA039GX2FE","2026-01-20T20:33:00.07673836Z","01KFEHGGC977SV7QXMD0KQJ3VM","2026-01-20T20:33:00.07673836Z","01KFEHRJWDTQ15HWKPVHZMXESV","2026-01-20T20:33:00.07673836Z"
"01KFEHW044JN9QRJJ9J57QXEBZ","01KFEHA1MRJDJA6FNTED28Z8HF","2026-01-20T20:34:49.604041786Z",0,"2026-01-20T20:34:55.060189704Z","C","2026-01-20T20:34:53.244029878Z","01KFEHA1QYV2E8SAEFNEHYNVTN","2026-01-20T20:34:49.604041786Z","01KFEHKCW5X4CR8DBAYXY74YGJ","2026-01-20T20:34:49.604041786Z","01KFEHSJH5A54DTM433SQHTBYV","2026-01-20T20:34:49.604041786Z"
"01KFEHW6E4BT30ZJ62NMX8FGDA","01KFEHA1MRJDJA6FNTED28Z8HF","2026-01-20T20:34:56.068112581Z",20,"2026-01-20T20:34:58.516229609Z","A","2026-01-20T20:34:58.315651246Z","01KFEHA1QMX5DYGHPSSSP2RXXX","2026-01-20T20:34:56.068112581Z","01KFEHJFJ1SMX3RCX9M0MFWVF6","2026-01-20T20:34:56.068112581Z","01KFEHR31J7TXGAZWPH1HNK6W9","2026-01-20T20:34:56.068112581Z"
"01KFEJ02XSCBXNFPAM7B3PPC4B","01KFEHA1W0DBA89GCQ87GA4EG5","2026-01-20T20:37:03.545785708Z",20,"2026-01-20T20:37:10.211059777Z","A","2026-01-20T20:37:10.134839399Z","01KFEHA1Z72TJ9J0QENR016CFN","2026-01-20T20:37:03.545785708Z","01KFEHVQ5CHDKKYBKKZ5GXNMKV","2026-01-20T20:37:03.545785708Z","01KFEHZ0DQ5KG0WEM8XV9A406R","2026-01-20T20:37:03.545785708Z"
"01KFEEFFGQB383VTK8S3PNKHGA","01KFEDCB0G5KS91T4MD9JTDSA4","2026-01-20T19:35:33.655804018Z",19,"2026-01-20T19:35:38.334522576Z","C","2026-01-20T19:35:38.315065511Z","01KFEDCB15BD0TYD7H0V6YZGSZ","2026-01-20T19:35:33.655804018Z","01KFEE2B09J1P0X60NY0EGT3C2","2026-01-20T19:35:33.655804018Z","01KFEE9KM68PBR0M4B8AJ9JX90","2026-01-20T19:35:33.655804018Z"
"01KFEHJA4P2YNTT8JXZTQYQHKS","01KFEHA1MRJDJA6FNTED28Z8HF","2026-01-20T20:29:32.182437619Z",0,"2026-01-20T20:29:39.303026797Z","C","2026-01-20T20:29:39.279791071Z","01KFEHA1R32D8V3SKQA6BEDXA8","2026-01-20T20:29:32.182437619Z","01KFEHBPM0QM8692M9NW91QBAJ","2026-01-20T20:29:32.182437619Z","01KFEHGC7RGHJ59DN4CYPM6G2H","2026-01-20T20:29:32.182437619Z"
"01KFEJWZWJ837G33FPDPVJJPPS","01KFEJ5DKDD8ED3R70AXWWV7TA","2026-01-20T20:52:50.706181566Z",19,"2026-01-20T20:52:59.885131719Z","C","2026-01-20T20:52:53.710200032Z","01KFEJ5DPFFD934S0E2GQ1B9RR","2026-01-20T20:52:50.706181566Z","01KFEJPRKV9117XEB7P0YJ5NT5","2026-01-20T20:52:50.706181566Z","01KFEJVCSNEVZTTEQ125HMXG7A","2026-01-20T20:52:50.706181566Z"
"01KFEEC7KKVAX0KXD7QKPK6S0D","01KFEDCB7P38BTZ4ACVDP6P0XN","2026-01-20T19:33:47.251776664Z",0,"2026-01-20T19:34:04.728620637Z","B","2026-01-20T19:33:55.415435349Z","01KFEDCB85NRAF0XG25ABR62N5","2026-01-20T19:33:47.251776664Z","01KFEE7Q9A8CN1TS35QENG1JN7","2026-01-20T19:33:47.251776664Z","01KFEEC6QF72QRVRP9AEDYXFD7","2026-01-20T19:33:47.251776664Z"
"01KFEFG4DQS4S3HDRNV5EAAAAP","01KFEDC9EK94N2WNCHE5RRQHCJ","2026-01-20T19:53:23.63924084Z",20,"2026-01-20T19:53:33.044576004Z","B","2026-01-20T19:53:33.024092654Z","01KFEDC9FF7T49EPA99GZDGH84","2026-01-20T19:53:23.63924084Z","01KFEFBN24Q9S7DG3606EXV8XC","2026-01-20T19:53:23.63924084Z","01KFEFG2PVTHB99CTZ0E4RKW9V","2026-01-20T19:53:23.63924084Z"
"01KFEFKTCY14R450SM81W3WF1D","01KFEDCAVEZK3QD8ZFC2PP83WE","2026-01-20T19:55:24.446367046Z",10,"2026-01-20T19:55:26.329926698Z","A","2026-01-20T19:55:26.270095023Z","01KFEDCAVZJC7DD4AH1RF6NR9W","2026-01-20T19:55:24.446367046Z","01KFEFBH5ZZ770WWH7HK9VAC9K","2026-01-20T19:55:24.446367046Z","01KFEFFP4H73BNBF956HSNFZP1","2026-01-20T19:55:24.446367046Z"
"01KFEEBNEGGCGATZ4VRZWZFD4T","01KFEDCB0G5KS91T4MD9JTDSA4","2026-01-20T19:33:28.656110089Z",19,"2026-01-20T19:33:35.11543798Z","C","2026-01-20T19:33:35.09891243Z","01KFEDCB15BD0TYD7H0V6YZGSZ","2026-01-20T19:33:28.656110089Z","01KFEE2B09J1P0X60NY0EGT3C2","2026-01-20T19:33:28.656110089Z","01KFEE9KKS8Q9HTCBJJAWE361M","2026-01-20T19:33:28.656110089Z"
"01KFEEN84HZPBPF1RV8F8BA7NR","01KFEDCCAW3ZY6KSKNHTKZ971F","2026-01-20T19:38:42.705248158Z",0,"2026-01-20T19:38:53.404821415Z","C","2026-01-20T19:38:53.388929731Z","01KFEDCCBDJ82W4YK2PN7VDTAX","2026-01-20T19:38:42.705248158Z","01KFEE85J92QXNE2691FZPHW2Z","2026-01-20T19:38:42.705248158Z","01KFEEE80E5BB89S35Q8B0V2VA","2026-01-20T19:38:42.705248158Z"
"01KFEHZ3FNSZEQPQHA60D0G4TT","01KFEHA1W0DBA89GCQ87GA4EG5","2026-01-20T20:36:31.349948249Z",10,"2026-01-20T20:36:39.339578124Z","B","2026-01-20T20:36:36.488124042Z","01KFEHA1ZSVYK8DGYZZSV53FQM","2026-01-20T20:36:31.349948249Z","01KFEHMXV04MY34HJYA33HA616","2026-01-20T20:36:31.349948249Z","01KFEHWYTKGS708E4DQBVENRAZ","2026-01-20T20:36:31.349948249Z"
"01KFEJX25KK06EVGKZQYDQY5X1","01KFEHAM72H3ZNN8G0T2BCT79K","2026-01-20T20:52:53.043510576Z",0,"2026-01-20T20:52:57.730365241Z","C","2026-01-20T20:52:57.658161852Z","01KFEHAMATV7GY0NQF17M2P0MD","2026-01-20T20:52:53.043510576Z","01KFEJ9C86SAQ3FA5GXN0A1JWJ","2026-01-20T20:52:53.043510576Z","01KFEJMAZ44W2083YCNY9RPGZZ","2026-01-20T20:52:53.043510576Z"
"01KFEDZPST1B2W8W0RPC9CBHPY","01KFEDCC1ZHDDN3CP9JWF4PGTF","2026-01-20T19:26:56.826927547Z",17,"2026-01-20T19:26:59.010457167Z","D","2026-01-20T19:26:57.66977803Z","01KFEDCC2JDADMPT5RVZQ93BA8","2026-01-20T19:26:56.826927547Z","01KFEDKABYH5MEPJ95J3ZMZNRM","2026-01-20T19:26:56.826927547Z","01KFEDVKB92266ZBNTF1B55S8R","2026-01-20T19:26:56.826927547Z"
"01KFEEZTNA1N9SZAPHJ8QRXE1B","01KFEDCCAW3ZY6KSKNHTKZ971F","2026-01-20T19:44:29.354075753Z",0,"2026-01-20T19:44:33.059730242Z","D","2026-01-20T19:44:33.039724529Z","01KFEDCCBE716PRHN8Q6NQV6ZT","2026-01-20T19:44:29.354075753Z","01KFEEMRW7PPKZGT4SNXBV2JSZ","2026-01-20T19:44:29.354075753Z","01KFEEV7VSJGB07FWYYBKRZ5R3","2026-01-20T19:44:29.354075753Z"
"01KFEHX21YEQWFKTE88AR5WDY3","01KFEHA1EJWPRPNCXBTHCF12K2","2026-01-20T20:35:24.35025498Z",0,"2026-01-20T20:35:28.209718203Z","C","2026-01-20T20:35:28.139786948Z","01KFEHA1GPSKM8FTTA039GX2FE","2026-01-20T20:35:24.35025498Z","01KFEHHKNYNVTAQQFNDQ02SYYK","2026-01-20T20:35:24.35025498Z","01KFEHRJYDNV1AE3HV0985SY3X","2026-01-20T20:35:24.35025498Z"
"01KFEJHBT6J5DD1AGM2JC4X7PM","01KFEHAM0SBSN9QYCK4NGJTWCC","2026-01-20T20:46:29.702328511Z",10,"2026-01-20T20:46:33.800201972Z","A","2026-01-20T20:46:33.745046381Z","01KFEHAM45R1366856G6A2WGHZ","2026-01-20T20:46:29.702328511Z","01KFEHW1PTS6VD3Q9W69X0CC7S","2026-01-20T20:46:29.702328511Z","01KFEJBBR36ZX8JEAX2QD40409","2026-01-20T20:46:29.702328511Z"
"01KFEFJYF3HJH2YVQ6P5JY39C2","01KFEDCAVEZK3QD8ZFC2PP83WE","2026-01-20T19:54:55.843825456Z",7,"2026-01-20T19:54:58.562846717Z","D","2026-01-20T19:54:58.548281631Z","01KFEDCAVZJC7DD4AH1RF6NR9W","2026-01-20T19:54:55.843825456Z","01KFEFBH5ZZ770WWH7HK9VAC9K","2026-01-20T19:54:55.843825456Z","01KFEFFP4P5GKWJQD5T1PNYS4R","2026-01-20T19:54:55.843825456Z"
"01KFEHHPTP00NVE1T93C3QFH85","01KFEHA1W0DBA89GCQ87GA4EG5","2026-01-20T20:29:12.406762177Z",0,"2026-01-20T20:29:18.524530663Z","B","2026-01-20T20:29:16.981815521Z","01KFEHA1ZNDEMMB0DK92YAW8BD","2026-01-20T20:29:12.406762177Z","01KFEHEBSJCV2WCY6FBMMN65A3","2026-01-20T20:29:12.406762177Z","01KFEHHMVEB3SR6X62JVPRA0ZC","2026-01-20T20:29:12.406762177Z"
"01KFEHVJZNAVV15PFC6W0XENE9","01KFEHA1MRJDJA6FNTED28Z8HF","2026-01-20T20:34:36.149730207Z",19,"2026-01-20T20:34:40.884243964Z","C","2026-01-20T20:34:37.924290546Z","01KFEHA1QDYX27N1S60Z95NKD9","2026-01-20T20:34:36.149730207Z","01KFEHFDNYYM4VRPKVABD0N8W8","2026-01-20T20:34:36.149730207Z","01KFEHQRZW65CC9AXXVB6VNT0A","2026-01-20T20:34:36.149730207Z"
"01KFEEMWMBSRVBC99CDCANZE7G","01KFEDCCAW3ZY6KSKNHTKZ971F","2026-01-20T19:38:30.923412126Z",20,"2026-01-20T19:38:37.859352933Z","B","2026-01-20T19:38:37.840108925Z","01KFEDCCBDJ82W4YK2PN7VDTAX","2026-01-20T19:38:30.923412126Z","01KFEE6KZQR5PP1P0PS1XNKJRD","2026-01-20T19:38:30.923412126Z","01KFEEE80D066V0AJZMJEF0FCZ","2026-01-20T19:38:30.923412126Z"
"01KFEERK5A5XB0J3PSN8ADWKQS","01KFEDCCH0VMFH7P25F40PD43N","2026-01-20T19:40:32.298249083Z",0,"2026-01-20T19:40:44.308513029Z","A","2026-01-20T19:40:44.287212681Z","01KFEDCCHJADFRJT5F5VJ9ST9F","2026-01-20T19:40:32.298249083Z","01KFEEJDGDWEMZQAHJH9Z7FVC3","2026-01-20T19:40:32.298249083Z","01KFEERHRS73K41K3YZPWJHWZ2","2026-01-20T19:40:32.298249083Z"
"01KFEHKW98WS57XX2Y5BJF692E","01KFEHA1EJWPRPNCXBTHCF12K2","2026-01-20T20:30:23.528328345Z",29,"2026-01-20T20:30:25.082679332Z","C","2026-01-20T20:30:25.058440536Z","01KFEHA1GK3DQ7TRWFWA7J267H","2026-01-20T20:30:23.528328345Z","01KFEHBP1ZE2AV6NAD8SG9ZGBW","2026-01-20T20:30:23.528328345Z","01KFEHFC2EM9MNV0G9BXM12NJA","2026-01-20T20:30:23.528328345Z"
"01KFEJB30QSRHH958MRDH3862J","01KFEHA20TFYVSSENV0N2723W5","2026-01-20T20:43:04.087770488Z",20,"2026-01-20T20:43:05.995638223Z","A","2026-01-20T20:43:05.782864689Z","01KFEHA25S6PYJD4DSX1VJG5FE","2026-01-20T20:43:04.087770488Z","01KFEHWFN7B5ZY9MX1Q0P1B17R","2026-01-20T20:43:04.087770488Z","01KFEJ3HSC705RFRND7SVVWC4J","2026-01-20T20:43:04.087770488Z"
"01KFEFNX10WER08WJW7Y42CNKR","01KFEDC9EK94N2WNCHE5RRQHCJ","2026-01-20T19:56:32.672923996Z",10,"2026-01-20T19:56:35.751737857Z","A","2026-01-20T19:56:35.730813179Z","01KFEDC9FF7T49EPA99GZDGH84","2026-01-20T19:56:32.672923996Z","01KFEFB7KJED56AXX5RHJAHZFZ","2026-01-20T19:56:32.672923996Z","01KFEFG2R0PWXFFK6QYMZXD16Q","2026-01-20T19:56:32.672923996Z"
"01KFEHHPTW87HG9ETFHG295JA9","01KFEHA1W0DBA89GCQ87GA4EG5","2026-01-20T20:29:12.41245336Z",0,"2026-01-20T20:29:18.524530663Z","B","2026-01-20T20:29:18.50794185Z","01KFEHA1ZNDEMMB0DK92YAW8BD","2026-01-20T20:29:12.41245336Z","01KFEHAFP87N0FEFRCAHH2V652","2026-01-20T20:29:12.41245336Z","01KFEHHMVEB3SR6X62JVPRA0ZC","2026-01-20T20:29:12.41245336Z"
"01KFEJRZZQR6YHF2H9QPVVQCN8","01KFEJ5CPJ5RGARFNN6Z0PCT4Q","2026-01-20T20:50:39.735066857Z",10,"2026-01-20T20:50:54.490836995Z","B","2026-01-20T20:50:52.617572831Z","01KFEJ5CRSNMMQKHYMFD35850B","2026-01-20T20:50:39.735066857Z","01KFEJHQKQJTKAV5X447CE3YRT","2026-01-20T20:50:39.735066857Z","01KFEJRTM5XRDJCFPH1GBSVRQH","2026-01-20T20:50:39.735066857Z"
"01KFEJV1S3K8C48YAHD4FD7NYY","01KFEHAM0SBSN9QYCK4NGJTWCC","2026-01-20T20:51:47.107511201Z",17,"2026-01-20T20:51:59.699508148Z","D","2026-01-20T20:51:56.661185099Z","01KFEHAM4AZFDTAG8DR1VA4141","2026-01-20T20:51:47.107511201Z","01KFEJFMC7CFQF46Z46BV1EM1Q","2026-01-20T20:51:47.107511201Z","01KFEJMJRGXY9AQ0P54W1XDG10","2026-01-20T20:51:47.107511201Z"
"01KFEFKTD1J68STZWD9YGDCKHD","01KFEDCAVEZK3QD8ZFC2PP83WE","2026-01-20T19:55:24.44909257Z",19,"2026-01-20T19:55:26.329926698Z","C","2026-01-20T19:55:25.662692516Z","01KFEDCAVZJC7DD4AH1RF6NR9W","2026-01-20T19:55:24.44909257Z","01KFEF0XCN2JDQQD559T0PP43B","2026-01-20T19:55:24.44909257Z","01KFEFFP4H73BNBF956HSNFZP1","2026-01-20T19:55:24.44909257Z"
"01KFEHRNCTHG7NP560MEYZD1HQ","01KFEHA1EJWPRPNCXBTHCF12K2","2026-01-20T20:33:00.314550736Z",7,"2026-01-20T20:33:02.221792887Z","D","2026-01-20T20:33:02.043480692Z","01KFEHA1GDXTPSA0SX8CRPX47C","2026-01-20T20:33:00.314550736Z","01KFEHFHGVMZZ35F5CSBQJBJM3","2026-01-20T20:33:00.314550736Z","01KFEHNSEZ8DWABBYCERF9QMEY","2026-01-20T20:33:00.314550736Z"
"01KFEHRS3YCPAMC93KV2A005NC","01KFEHA1EJWPRPNCXBTHCF12K2","2026-01-20T20:33:04.126519475Z",19,"2026-01-20T20:33:09.810577977Z","C","2026-01-20T20:33:06.428860327Z","01KFEHA1GDXTPSA0SX8CRPX47C","2026-01-20T20:33:04.126519475Z","01KFEHHMSX0QGW7JR1FS9J2AW6","2026-01-20T20:33:04.126519475Z","01KFEHNSF6SHJ1G6MMYB05DB0R","2026-01-20T20:33:04.126519475Z"
"01KFEJWPRCE7V917C8KSC0EH57","01KFEHAM72H3ZNN8G0T2BCT79K","2026-01-20T20:52:41.356683926Z",19,"2026-01-20T20:52:46.52400208Z","C","2026-01-20T20:52:43.975436019Z","01KFEHAMATV7GY0NQF17M2P0MD","2026-01-20T20:52:41.356683926Z","01KFEJ9C86SAQ3FA5GXN0A1JWJ","2026-01-20T20:52:41.356683926Z","01KFEJMAYF2968VWRA6XN1XBDK","2026-01-20T20:52:41.356683926Z"
"01KFEK63FGAAX9K15YD1KXXV81","01KFEJ5C7H3Z5SGPPT0TCGAEB2","2026-01-20T20:57:49.296113161Z",19,"2026-01-20T20:57:53.250664731Z","C","2026-01-20T20:57:51.064294853Z","01KFEJ5C9822567XDA8A9QG0G3","2026-01-20T20:57:49.296113161Z","01KFEJRM0CNFF8YTKCA6JC16CE","2026-01-20T20:57:49.296113161Z","01KFEK0Q591XTRXWM8420D0WYB","2026-01-20T20:57:49.296113161Z"
"01KFEKAKZ4ET85CVMXPK1FRBYY","01KFEJ5DKDD8ED3R70AXWWV7TA","2026-01-20T21:00:17.252108241Z",10,"2026-01-20T21:00:22.545257366Z","A","2026-01-20T21:00:20.727818875Z","01KFEJ5DPRA3SJMDJ397B8T8C1","2026-01-20T21:00:17.252108241Z","01KFEJTTYE1JJF4JNZFR32N2T9","2026-01-20T21:00:17.252108241Z","01KFEK95S9MZ1FW57Y2FVQT00Z","2026-01-20T21:00:17.252108241Z"
"01KFEE2GD972N6THCS5D8C8BZC","01KFEDCB0G5KS91T4MD9JTDSA4","2026-01-20T19:28:28.585437698Z",20,"2026-01-20T19:28:36.426584371Z","B","2026-01-20T19:28:36.413481135Z","01KFEDCB197E7YMN5STVXKHS22","2026-01-20T19:28:28.585437698Z","01KFEDRBWHPV4A332ZXM2PZSR4","2026-01-20T19:28:28.585437698Z","01KFEE2FBRH662A71HSKV4RA79","2026-01-20T19:28:28.585437698Z"
"01KFEETYPHCHV446B6497DQAM6","01KFEDCCH0VMFH7P25F40PD43N","2026-01-20T19:41:49.650026868Z",29,"2026-01-20T19:41:52.600625311Z","C","2026-01-20T19:41:52.088850311Z","01KFEDCCHJADFRJT5F5VJ9ST9F","2026-01-20T19:41:49.650026868Z","01KFEEKE9WXRZWBRXYDQ5J10WV","2026-01-20T19:41:49.650026868Z","01KFEERHSVCJAJNXZR9BAR0VM4","2026-01-20T19:41:49.650026868Z"
"01KFEFH0YQCTWD9N4B59FEK203","01KFEDCCH0VMFH7P25F40PD43N","2026-01-20T19:53:52.855309581Z",20,"2026-01-20T19:53:55.32846336Z","A","2026-01-20T19:53:54.800399783Z","01KFEDCCHH44R979H37GT2B68J","2026-01-20T19:53:52.855309581Z","01KFEFADJR1SXTG9225WD5SFVJ","2026-01-20T19:53:52.855309581Z","01KFEFDZD99QVZ0MRDVJD7PR2E","2026-01-20T19:53:52.855309581Z"
"01KFEK6TJRWN0JA5AHDWF9J8Z3","01KFEJ5C7H3Z5SGPPT0TCGAEB2","2026-01-20T20:58:12.952697532Z",20,"2026-01-20T20:58:15.744944332Z","A","2026-01-20T20:58:14.849378074Z","01KFEJ5C9822567XDA8A9QG0G3","2026-01-20T20:58:12.952697532Z","01KFEJRM0CNFF8YTKCA6JC16CE","2026-01-20T20:58:12.952697532Z","01KFEK0Q3T95EZ2KTX9NSMY573","2026-01-20T20:58:12.952697532Z"
"01KFEE6R8C8CFRS6RXKGQBHRK2","01KFEDCB0G5KS91T4MD9JTDSA4","2026-01-20T19:30:47.692627705Z",10,"2026-01-20T19:30:50.313563071Z","A","2026-01-20T19:30:50.29865616Z","01KFEDCB197E7YMN5STVXKHS22","2026-01-20T19:30:47.692627705Z","01KFEDZFSW9KBCS8VJN8KBS8T4","2026-01-20T19:30:47.692627705Z","01KFEE2FC6CRVYDFXNDF2R2XTC","2026-01-20T19:30:47.692627705Z"
"01KFEEZTN6E3EFMZS8WCXMZVAN","01KFEDCCAW3ZY6KSKNHTKZ971F","2026-01-20T19:44:29.350595494Z",0,"2026-01-20T19:44:33.059730242Z","D","2026-01-20T19:44:31.283505633Z","01KFEDCCBE716PRHN8Q6NQV6ZT","2026-01-20T19:44:29.350595494Z","01KFEEMXPGKZB6AS6D6H40GZ8R","2026-01-20T19:44:29.350595494Z","01KFEEV7VSJGB07FWYYBKRZ5R3","2026-01-20T19:44:29.350595494Z"
"01KFEHT4J704FSYJEK4AHTXCAS","01KFEHA1EJWPRPNCXBTHCF12K2","2026-01-20T20:33:48.6154328Z",0,"2026-01-20T20:33:51.348429165Z","C","2026-01-20T20:33:51.190503535Z","01KFEHA1GRK7A014NXTNRF457G","2026-01-20T20:33:48.6154328Z","01KFEHFSGA9RW2KQK679GQ5Q17","2026-01-20T20:33:48.6154328Z","01KFEHPVKFK37PKBAAGX3F05FX","2026-01-20T20:33:48.6154328Z"
"01KFEJEW3MGHWVDXM26JMD2NXZ","01KFEHAM0SBSN9QYCK4NGJTWCC","2026-01-20T20:45:08.084244112Z",0,"2026-01-20T20:45:11.03122275Z","B","2026-01-20T20:45:09.366001907Z","01KFEHAM3ZX2QFEZ4F28QFW79D","2026-01-20T20:45:08.084244112Z","01KFEJ99258GDSZYNA4N0ER3PR","2026-01-20T20:45:08.084244112Z","01KFEJDCPYXXCPGCC4Z9M9RQ3Y","2026-01-20T20:45:08.084244112Z"
"01KFEJMQPCGKKECC6FC79NTCXD","01KFEHAM0SBSN9QYCK4NGJTWCC","2026-01-20T20:48:20.172928719Z",19,"2026-01-20T20:48:59.244057149Z","C","2026-01-20T20:48:45.121960162Z","01KFEHAM4AZFDTAG8DR1VA4141","2026-01-20T20:48:20.172928719Z","01KFEJAS01H74KYS8N629S6DTN","2026-01-20T20:48:20.172928719Z","01KFEJMJY9XCRWZ7PJ7S4D56EB","2026-01-20T20:48:20.172928719Z"
"01KFEJXPSWHQA716E6TRMMEQA8","01KFEJ5DKDD8ED3R70AXWWV7TA","2026-01-20T20:53:14.172593841Z",7,"2026-01-20T20:53:20.514564959Z","D","2026-01-20T20:53:15.839236608Z","01KFEJ5DPFFD934S0E2GQ1B9RR","2026-01-20T20:53:14.172593841Z","01KFEJPRKV9117XEB7P0YJ5NT5","2026-01-20T20:53:14.172593841Z","01KFEJVCTY2NTWR1FANJAC0WDN","2026-01-20T20:53:14.172593841Z"
"01KFEEHVENJYNT8Z9XJ0B7Q47T","01KFEDCB7P38BTZ4ACVDP6P0XN","2026-01-20T19:36:51.413717203Z",0,"2026-01-20T19:36:58.277607684Z","A","2026-01-20T19:36:54.819950257Z","01KFEDCB85NRAF0XG25ABR62N5","2026-01-20T19:36:51.413717203Z","01KFEE7Q9A8CN1TS35QENG1JN7","2026-01-20T19:36:51.413717203Z","01KFEEC6Q98FJ486HQ06CKK5XP","2026-01-20T19:36:51.413717203Z"
"01KFEHKWR3S4S3HRXA4NC74NZK","01KFEHA20TFYVSSENV0N2723W5","2026-01-20T20:30:24.003878482Z",20,"2026-01-20T20:30:29.91876289Z","B","2026-01-20T20:30:29.893436371Z","01KFEHA25NESP3C46R1STZWY67","2026-01-20T20:30:24.003878482Z","01KFEHB2Z6PCQ5XRWRX0AQ3SH1","2026-01-20T20:30:24.003878482Z","01KFEHHR5P9Q04BZGGWQ0DE00Y","2026-01-20T20:30:24.003878482Z"
"01KFEFGK33MXM11RKXYD6CFMBY","01KFEDCCH0VMFH7P25F40PD43N","2026-01-20T19:53:38.65951326Z",20,"2026-01-20T19:53:41.125564027Z","A","2026-01-20T19:53:41.074540809Z","01KFEDCCHH44R979H37GT2B68J","2026-01-20T19:53:38.65951326Z","01KFEFADJR1SXTG9225WD5SFVJ","2026-01-20T19:53:38.65951326Z","01KFEFDZDXQFF06VZW36FJ3G01","2026-01-20T19:53:38.65951326Z"
"01KFEHX227378J9MBQT7NGQVPB","01KFEHA1EJWPRPNCXBTHCF12K2","2026-01-20T20:35:24.359841324Z",0,"2026-01-20T20:35:28.209718203Z","C","2026-01-20T20:35:26.230907404Z","01KFEHA1GPSKM8FTTA039GX2FE","2026-01-20T20:35:24.359841324Z","01KFEHGGC977SV7QXMD0KQJ3VM","2026-01-20T20:35:24.359841324Z","01KFEHRJYDNV1AE3HV0985SY3X","2026-01-20T20:35:24.359841324Z"
"01KFEK40TMS40TV5DYXP2B6DKV","01KFEJ5CPJ5RGARFNN6Z0PCT4Q","2026-01-20T20:56:41.044285769Z",10,"2026-01-20T20:56:47.040308476Z","A","2026-01-20T20:56:46.959895105Z","01KFEJ5CRSNMMQKHYMFD35850B","2026-01-20T20:56:41.044285769Z","01KFEJHQKQJTKAV5X447CE3YRT","2026-01-20T20:56:41.044285769Z","01KFEJRTVNA5MW8YMQFWAPXPEZ","2026-01-20T20:56:41.044285769Z"
"01KFEEDABJYYJ8M3S5T8G0T3N1","01KFEDCB0G5KS91T4MD9JTDSA4","2026-01-20T19:34:22.834426478Z",10,"2026-01-20T19:34:33.38516695Z","A","2026-01-20T19:34:33.366845323Z","01KFEDCB15BD0TYD7H0V6YZGSZ","2026-01-20T19:34:22.834426478Z","01KFEE07X889KRR9ZR3BVZBWD6","2026-01-20T19:34:22.834426478Z","01KFEE9KKYXQNNXAG37WEVHGKC","2026-01-20T19:34:22.834426478Z"
"01KFEFWHYZ810QRQBPAXV41PYM","01KFEDCAVEZK3QD8ZFC2PP83WE","2026-01-20T20:00:10.71964204Z",19,"2026-01-20T20:00:13.903579854Z","C","2026-01-20T20:00:13.884910057Z","01KFEDCAVZJC7DD4AH1B24TEC6","2026-01-20T20:00:10.71964204Z","01KFEFG8GX8B9102EGAWCJ2ZB0","2026-01-20T20:00:10.71964204Z","01KFEFNGZ7JGWJ6ERKS84EDZBS","2026-01-20T20:00:10.71964204Z"
"01KFEHHEXMXP3R217N744ENAVP","01KFEHA1EJWPRPNCXBTHCF12K2","2026-01-20T20:29:04.30812562Z",0,"2026-01-20T20:29:07.99132181Z","C","2026-01-20T20:29:07.965264757Z","01KFEHA1GK3DQ7TRWFWA7J267H","2026-01-20T20:29:04.30812562Z","01KFEHBP1ZE2AV6NAD8SG9ZGBW","2026-01-20T20:29:04.30812562Z","01KFEHFC1ERGNXCHS8TYJE6SWK","2026-01-20T20:29:04.30812562Z"
"01KFEHWNNYMBHPNKXYQEZKK69M","01KFEHA1EJWPRPNCXBTHCF12K2","2026-01-20T20:35:11.678461969Z",29,"2026-01-20T20:35:17.845079636Z","C","2026-01-20T20:35:16.42581971Z","01KFEHA1GRK7A014NXTNRF457G","2026-01-20T20:35:11.678461969Z","01KFEHFSGA9RW2KQK679GQ5Q17","2026-01-20T20:35:11.678461969Z","01KFEHPVMFPQZD52XPCSRY8XA9","2026-01-20T20:35:11.678461969Z"
"01KFEDZ3KN2T2329TQQ11YRCDM","01KFEDCC1ZHDDN3CP9JWF4PGTF","2026-01-20T19:26:37.173668276Z",10,"2026-01-20T19:26:47.788496845Z","A","2026-01-20T19:26:47.779497695Z","01KFEDCC2JDADMPT5RVP2N7S0X","2026-01-20T19:26:37.173668276Z","01KFEDQK6ZX4EYK4N5S5CFQ5FY","2026-01-20T19:26:37.173668276Z","01KFEDZ32NZPXT7VJMA2H133EE","2026-01-20T19:26:37.173668276Z"
"01KFEEWZYKGTHXEDKTXFMAZC2R","01KFEDCCH0VMFH7P25F40PD43N","2026-01-20T19:42:56.467169924Z",17,"2026-01-20T19:42:59.19166563Z","D","2026-01-20T19:42:58.067293513Z","01KFEDCCHJADFRJT5F5VJ9ST9F","2026-01-20T19:42:56.467169924Z","01KFEEJDGDWEMZQAHJH9Z7FVC3","2026-01-20T19:42:56.467169924Z","01KFEERHSD5C6THC49027KZP1M","2026-01-20T19:42:56.467169924Z"
"01KFEJ4XPRS0S41PY121K2N6YR","01KFEHA20TFYVSSENV0N2723W5","2026-01-20T20:39:42.040267384Z",7,"2026-01-20T20:39:49.519096578Z","D","2026-01-20T20:39:49.487896717Z","01KFEHA25S6PYJD4DSX1VJG5FE","2026-01-20T20:39:42.040267384Z","01KFEHKBVRWD07VXT4ZKHQQAA6","2026-01-20T20:39:42.040267384Z","01KFEJ3HP8CDDCZA1VDPFGK9EF","2026-01-20T20:39:42.040267384Z"
"01KFEJY0KVTSRFY0WE5WDPAAQ3","01KFEJ5DKDD8ED3R70AXWWV7TA","2026-01-20T20:53:24.219325822Z",0,"2026-01-20T20:53:26.461369895Z","C","2026-01-20T20:53:26.393348501Z","01KFEJ5DPFFD934S0E2GQ1B9RR","2026-01-20T20:53:24.219325822Z","01KFEJJ4V0E3E83F88J6MK6KAW","2026-01-20T20:53:24.219325822Z","01KFEJVCVGM6AH37XNNH7Y7GDN","2026-01-20T20:53:24.219325822Z"
"01KFEE6GXFXX435BH9DGH8HNY7","01KFEDCB0G5KS91T4MD9JTDSA4","2026-01-20T19:30:40.175600721Z",20,"2026-01-20T19:30:42.723606097Z","B","2026-01-20T19:30:41.669475307Z","01KFEDCB197E7YMN5STVXKHS22","2026-01-20T19:30:40.175600721Z","01KFEDRBWHPV4A332ZXM2PZSR4","2026-01-20T19:30:40.175600721Z","01KFEE2FC542K1HSXCPEXGF4TG","2026-01-20T19:30:40.175600721Z"
"01KFEHHX5J86PN2TEP4DQWZM77","01KFEHA1MRJDJA6FNTED28Z8HF","2026-01-20T20:29:18.898689324Z",19,"2026-01-20T20:29:29.01526091Z","C","2026-01-20T20:29:28.997679924Z","01KFEHA1R32D8V3SKQA6BEDXA8","2026-01-20T20:29:18.898689324Z","01KFEHAKHNEWG0MCGFJGNXPB10","2026-01-20T20:29:18.898689324Z","01KFEHGC71SPYT94GGTW0199FW","2026-01-20T20:29:18.898689324Z"
"01KFEHW4TKR0VVF2MWPQ0QTJRJ","01KFEHA1EJWPRPNCXBTHCF12K2","2026-01-20T20:34:54.419798407Z",0,"2026-01-20T20:34:58.924090866Z","B","2026-01-20T20:34:58.898599655Z","01KFEHA1GRK7A014NXTNRF457G","2026-01-20T20:34:54.419798407Z","01KFEHG6C81JZ80FMVPH00AMCG","2026-01-20T20:34:54.419798407Z","01KFEHPVM80D3HHMA44BE4TX88","2026-01-20T20:34:54.419798407Z"
"01KFEJRR3Q1NT25M53KFG9TEWM","01KFEHAM0SBSN9QYCK4NGJTWCC","2026-01-20T20:50:31.67180592Z",0,"2026-01-20T20:50:40.171815424Z","C","2026-01-20T20:50:38.685777092Z","01KFEHAM4AZFDTAG8DR1VA4141","2026-01-20T20:50:31.67180592Z","01KFEJAS01H74KYS8N629S6DTN","2026-01-20T20:50:31.67180592Z","01KFEJMJX6NH1JNPXEAKQNNJHZ","2026-01-20T20:50:31.67180592Z"
"01KFEFG4MVMV6W3563D88WP3F6","01KFEDCCH0VMFH7P25F40PD43N","2026-01-20T19:53:23.867859736Z",20,"2026-01-20T19:53:26.488758681Z","B","2026-01-20T19:53:25.619838593Z","01KFEDCCHH44R979H37GT2B68J","2026-01-20T19:53:23.867859736Z","01KFEF0J7C8417B13N1313JGSZ","2026-01-20T19:53:23.867859736Z","01KFEFDZE1A8QQADXM9W59N9MY","2026-01-20T19:53:23.867859736Z"
"01KFEFJMH5QT1YGAN4PGBZTYRV","01KFEDC9EK94N2WNCHE5RRQHCJ","2026-01-20T19:54:45.669539463Z",19,"2026-01-20T19:54:50.926564115Z","C","2026-01-20T19:54:50.913134875Z","01KFEDC9FF7T49EPA99GZDGH84","2026-01-20T19:54:45.669539463Z","01KFEFBN24Q9S7DG3606EXV8XC","2026-01-20T19:54:45.669539463Z","01KFEFG2Q5S1FN8QMJ1RJEY7Z2","2026-01-20T19:54:45.669539463Z"
"01KFEHJ9PGHQ7W442HNRKY6WTK","01KFEHA1W0DBA89GCQ87GA4EG5","2026-01-20T20:29:31.72832247Z",10,"2026-01-20T20:29:36.794258204Z","B","2026-01-20T20:29:36.777513129Z","01KFEHA1ZNDEMMB0DK92YAW8BD","2026-01-20T20:29:31.72832247Z","01KFEHAFP87N0FEFRCAHH2V652","2026-01-20T20:29:31.72832247Z","01KFEHHMWNPWFAB4K4ARYNJ9K3","2026-01-20T20:29:31.72832247Z"
"01KFEJ857AB0128NQTKXSPE54Y","01KFEHA20TFYVSSENV0N2723W5","2026-01-20T20:41:28.042273751Z",20,"2026-01-20T20:41:32.612000303Z","A","2026-01-20T20:41:29.928480598Z","01KFEHA25S6PYJD4DSX1VJG5FE","2026-01-20T20:41:28.042273751Z","01KFEHWFN7B5ZY9MX1Q0P1B17R","2026-01-20T20:41:28.042273751Z","01KFEJ3HQ9CTAHRNARRPAG6D4D","2026-01-20T20:41:28.042273751Z"
"01KFEEG5N92R9X9R5YC9803GXJ","01KFEDCB7P38BTZ4ACVDP6P0XN","2026-01-20T19:35:56.329484311Z",19,"2026-01-20T19:36:01.105516669Z","C","2026-01-20T19:36:00.047533602Z","01KFEDCB85NRAF0XG25ABR62N5","2026-01-20T19:35:56.329484311Z","01KFEE7Q9A8CN1TS35QENG1JN7","2026-01-20T19:35:56.329484311Z","01KFEEC6Q5JM80V4QBHPBHQBYB","2026-01-20T19:35:56.329484311Z"
"01KFEET561K1HZSMS5T5XXZGTM","01KFEDCCH0VMFH7P25F40PD43N","2026-01-20T19:41:23.521606038Z",10,"2026-01-20T19:41:26.051509441Z","A","2026-01-20T19:41:25.467379932Z","01KFEDCCHJADFRJT5F5VJ9ST9F","2026-01-20T19:41:23.521606038Z","01KFEEJDGDWEMZQAHJH9Z7FVC3","2026-01-20T19:41:23.521606038Z","01KFEERHSZ0XAC6ATEDF51DARS","2026-01-20T19:41:23.521606038Z"
"01KFEHX206SQW07QE93VMGC6Y9","01KFEHA1MRJDJA6FNTED28Z8HF","2026-01-20T20:35:24.294367797Z",10,"2026-01-20T20:35:31.607569428Z","B","2026-01-20T20:35:26.657093413Z","01KFEHA1QYV2E8SAEFNEHYNVTN","2026-01-20T20:35:24.294367797Z","01KFEHKCW5X4CR8DBAYXY74YGJ","2026-01-20T20:35:24.294367797Z","01KFEHSJHMD41VR7WTBGQFHE87","2026-01-20T20:35:24.294367797Z"
"01KFEJA1NQ0RRND56GVJD934T4","01KFEHAKK9QMW81MWT2FF1CSZA","2026-01-20T20:42:29.94393102Z",19,"2026-01-20T20:42:36.489657257Z","C","2026-01-20T20:42:36.453301952Z","01KFEHAKMDAJRN7M0QA4VDJCGY","2026-01-20T20:42:29.94393102Z","01KFEHW86W3STHQPDAT1BP1CXX","2026-01-20T20:42:29.94393102Z","01KFEJ2SK5JNNBMYHA6BJXJM9N","2026-01-20T20:42:29.94393102Z"
"01KFEE4J8YCA8Q97XHW5437JTY","01KFEDCB0G5KS91T4MD9JTDSA4","2026-01-20T19:29:36.030486848Z",0,"2026-01-20T19:29:39.420778309Z","C","2026-01-20T19:29:39.407697774Z","01KFEDCB197E7YMN5STVXKHS22","2026-01-20T19:29:36.030486848Z","01KFEDZFSW9KBCS8VJN8KBS8T4","2026-01-20T19:29:36.030486848Z","01KFEE2FCAN8VBWNWJJYWV02NC","2026-01-20T19:29:36.030486848Z"
"01KFEHJAV36V6NN2KAEYE046SG","01KFEHA20TFYVSSENV0N2723W5","2026-01-20T20:29:32.899864869Z",10,"2026-01-20T20:29:37.911249282Z","A","2026-01-20T20:29:37.896219627Z","01KFEHA25NESP3C46R1STZWY67","2026-01-20T20:29:32.899864869Z","01KFEHE6NX6FXVRTV1KPH8TKWC","2026-01-20T20:29:32.899864869Z","01KFEHHR3XAR2ZCAXRQA7DHW1Y","2026-01-20T20:29:32.899864869Z"
"01KFEHZBQF4W9MK590T6ARHZ5B","01KFEHA1MRJDJA6FNTED28Z8HF","2026-01-20T20:36:39.791215165Z",29,"2026-01-20T20:36:44.337206002Z","C","2026-01-20T20:36:43.395280845Z","01KFEHA1QYV2E8SAEFNEHYNVTN","2026-01-20T20:36:39.791215165Z","01KFEHHH6AXDMAXMWAFCF5JGBC","2026-01-20T20:36:39.791215165Z","01KFEHSJK11J7ACMZA108D831V","2026-01-20T20:36:39.791215165Z"
"01KFEEG1M3ZGJ6WNMJBPX2C45Z","01KFEDCCAW3ZY6KSKNHTKZ971F","2026-01-20T19:35:52.195347368Z",10,"2026-01-20T19:36:10.710045846Z","A","2026-01-20T19:35:57.412649411Z","01KFEDCCBDJ82W4YK2PN7VDTAX","2026-01-20T19:35:52.195347368Z","01KFEE85J92QXNE2691FZPHW2Z","2026-01-20T19:35:52.195347368Z","01KFEEE8079ND83VECT8KKSKTJ","2026-01-20T19:35:52.195347368Z"
"01KFEEV9GEH0FJKTKAHQWJKPS2","01KFEDCCH0VMFH7P25F40PD43N","2026-01-20T19:42:00.718418313Z",29,"2026-01-20T19:42:03.437697193Z","C","2026-01-20T19:42:03.415437182Z","01KFEDCCHJADFRJT5F5VJ9ST9F","2026-01-20T19:42:00.718418313Z","01KFEEKE9WXRZWBRXYDQ5J10WV","2026-01-20T19:42:00.718418313Z","01KFEERHS0D5S35AHJVKA8SKAZ","2026-01-20T19:42:00.718418313Z"
"01KFEHH8TQW4EZ5C64DNTGKC89","01KFEHA1EJWPRPNCXBTHCF12K2","2026-01-20T20:28:58.071334249Z",0,"2026-01-20T20:29:01.870098447Z","C","2026-01-20T20:28:59.868433226Z","01KFEHA1GK3DQ7TRWFWA7J267H","2026-01-20T20:28:58.071334249Z","01KFEHC1N15W3XF2S9JNREZ5AJ","2026-01-20T20:28:58.071334249Z","01KFEHFC19AQ7EGX7N74WH0GVR","2026-01-20T20:28:58.071334249Z"
"01KFEHMBWZKX8P134K47NHVMK5","01KFEHA1MRJDJA6FNTED28Z8HF","2026-01-20T20:30:39.519998396Z",0,"2026-01-20T20:30:44.06283138Z","C","2026-01-20T20:30:41.132348749Z","01KFEHA1R32D8V3SKQA6BEDXA8","2026-01-20T20:30:39.519998396Z","01KFEHBPM0QM8692M9NW91QBAJ","2026-01-20T20:30:39.519998396Z","01KFEHGC8RFX2GAQVABMSQ27AK","2026-01-20T20:30:39.519998396Z"
"01KFEHSN4BS0QSVVMA6PHFNVHC","01KFEHA1EJWPRPNCXBTHCF12K2","2026-01-20T20:33:32.811100083Z",19,"2026-01-20T20:33:45.674005397Z","C","2026-01-20T20:33:35.147301075Z","01KFEHA1GPSKM8FTTA039GX2FE","2026-01-20T20:33:32.811100083Z","01KFEHGGC977SV7QXMD0KQJ3VM","2026-01-20T20:33:32.811100083Z","01KFEHRJX3MD6TRNSNF387WSTP","2026-01-20T20:33:32.811100083Z"
"01KFEHSNM7S1DHFYSZE69Q0RR2","01KFEHA1MRJDJA6FNTED28Z8HF","2026-01-20T20:33:33.319558322Z",0,"2026-01-20T20:33:38.359351085Z","D","2026-01-20T20:33:38.24629596Z","01KFEHA1QDYX27N1S60Z95NKD9","2026-01-20T20:33:33.319558322Z","01KFEHF7572SXHJWAG2WR57G7K","2026-01-20T20:33:33.319558322Z","01KFEHQRYTANCYVWF8E85N7MXM","2026-01-20T20:33:33.319558322Z"
"01KFEEBNEH5ZQC3VZCVBS8T6CR","01KFEDCB0G5KS91T4MD9JTDSA4","2026-01-20T19:33:28.657755875Z",10,"2026-01-20T19:33:35.11543798Z","A","2026-01-20T19:33:31.057640998Z","01KFEDCB15BD0TYD7H0V6YZGSZ","2026-01-20T19:33:28.657755875Z","01KFEE07X889KRR9ZR3BVZBWD6","2026-01-20T19:33:28.657755875Z","01KFEE9KKS8Q9HTCBJJAWE361M","2026-01-20T19:33:28.657755875Z"
"01KFEEDT3HEBHK4XNVM2S5K127","01KFEDCB0G5KS91T4MD9JTDSA4","2026-01-20T19:34:38.961967466Z",19,"2026-01-20T19:34:44.30966446Z","C","2026-01-20T19:34:44.28996936Z","01KFEDCB15BD0TYD7H0V6YZGSZ","2026-01-20T19:34:38.961967466Z","01KFEE2B09J1P0X60NY0EGT3C2","2026-01-20T19:34:38.961967466Z","01KFEE9KKW5V756T280WX4GB6B","2026-01-20T19:34:38.961967466Z"
"01KFEHX1R04BCPTB2Z9SG8GWQ7","01KFEHA1W0DBA89GCQ87GA4EG5","2026-01-20T20:35:24.032704424Z",0,"2026-01-20T20:35:38.219860398Z","C","2026-01-20T20:35:38.195177546Z","01KFEHA1ZSVYK8DGYZZSV53FQM","2026-01-20T20:35:24.032704424Z","01KFEHKWX6S3CRVA3YVBJBPSWT","2026-01-20T20:35:24.032704424Z","01KFEHWYT61SJC8DSAT57YT8XJ","2026-01-20T20:35:24.032704424Z"
"01KFEJBV0W72DVDCMW9YDS7X6Z","01KFEHAKK9QMW81MWT2FF1CSZA","2026-01-20T20:43:28.668623545Z",0,"2026-01-20T20:43:32.473243462Z","C","2026-01-20T20:43:29.785764402Z","01KFEHAKMDAJRN7M0QA4VDJCGY","2026-01-20T20:43:28.668623545Z","01KFEHS8J7P9EEBTK2FBSRFBQT","2026-01-20T20:43:28.668623545Z","01KFEJ2SMG6VG7EH230353565W","2026-01-20T20:43:28.668623545Z"
"01KFEJ33CSGPVN1CNZADCHNVX4","01KFEHA1W0DBA89GCQ87GA4EG5","2026-01-20T20:38:42.329919656Z",0,"2026-01-20T20:38:47.620583128Z","A","2026-01-20T20:38:45.582098112Z","01KFEHA1Z72TJ9J0QENR016CFN","2026-01-20T20:38:42.329919656Z","01KFEHMDY2YXCAA0WMRPTSEKC9","2026-01-20T20:38:42.329919656Z","01KFEHZ0HHECJHPSC6DB5NZKYZ","2026-01-20T20:38:42.329919656Z"
"01KFEJK45R98J6Y906AGCXP46X","01KFEHAM0SBSN9QYCK4NGJTWCC","2026-01-20T20:47:27.416386691Z",20,"2026-01-20T20:47:41.340555664Z","B","2026-01-20T20:47:30.578948509Z","01KFEHAM45R1366856G6A2WGHZ","2026-01-20T20:47:27.416386691Z","01KFEHW1PTS6VD3Q9W69X0CC7S","2026-01-20T20:47:27.416386691Z","01KFEJBBS2BWPZGZRBW8E4A41D","2026-01-20T20:47:27.416386691Z"
"01KFEJVJGAGSDWF0RYJMYZHZQH","01KFEJ5DKDD8ED3R70AXWWV7TA","2026-01-20T20:52:04.234090182Z",17,"2026-01-20T20:52:21.374133908Z","D","2026-01-20T20:52:19.721816394Z","01KFEJ5DPFFD934S0E2GQ1B9RR","2026-01-20T20:52:04.234090182Z","01KFEJJ4V0E3E83F88J6MK6KAW","2026-01-20T20:52:04.234090182Z","01KFEJVD1BVNTKRYDRCVQW2TFS","2026-01-20T20:52:04.234090182Z"
"01KFEHV2RAHSBXCXBRMQSCCKS0","01KFEHA1MRJDJA6FNTED28Z8HF","2026-01-20T20:34:19.531017965Z",20,"2026-01-20T20:34:21.567222199Z","A","2026-01-20T20:34:21.258630114Z","01KFEHA1QMX5DYGHPSSSP2RXXX","2026-01-20T20:34:19.531017965Z","01KFEHJFJ1SMX3RCX9M0MFWVF6","2026-01-20T20:34:19.531017965Z","01KFEHR306PYVVVHHX0S677A1Q","2026-01-20T20:34:19.531017965Z"
"01KFEJJ3F67QPVHEX4X3VFN1CJ","01KFEHAM0SBSN9QYCK4NGJTWCC","2026-01-20T20:46:53.926953699Z",19,"2026-01-20T20:46:57.151825941Z","C","2026-01-20T20:46:57.093588955Z","01KFEHAM45R1366856G6A2WGHZ","2026-01-20T20:46:53.926953699Z","01KFEHW1PTS6VD3Q9W69X0CC7S","2026-01-20T20:46:53.926953699Z","01KFEJBBVEJE40AH3VN5XDG132","2026-01-20T20:46:53.926953699Z"
"01KFEHW03W994WCA86MFE7RK8M","01KFEHA1MRJDJA6FNTED28Z8HF","2026-01-20T20:34:49.596868987Z",0,"2026-01-20T20:34:55.060189704Z","C","2026-01-20T20:34:55.019100865Z","01KFEHA1QYV2E8SAEFNEHYNVTN","2026-01-20T20:34:49.596868987Z","01KFEHHH6AXDMAXMWAFCF5JGBC","2026-01-20T20:34:49.596868987Z","01KFEHSJH5A54DTM433SQHTBYV","2026-01-20T20:34:49.596868987Z"
"01KFEJAF3WHN9FMBGDMGB8J2NY","01KFEHAKK9QMW81MWT2FF1CSZA","2026-01-20T20:42:43.708056906Z",0,"2026-01-20T20:42:52.941774748Z","C","2026-01-20T20:42:51.337810522Z","01KFEHAKMDAJRN7M0QA4VDJCGY","2026-01-20T20:42:43.708056906Z","01KFEHW86W3STHQPDAT1BP1CXX","2026-01-20T20:42:43.708056906Z","01KFEJ2SKEGM5CPJ5AZSXFJZYM","2026-01-20T20:42:43.708056906Z"
"01KFEEWCSHTJ2EH72NC61ACPN6","01KFEDCCH0VMFH7P25F40PD43N","2026-01-20T19:42:36.849183575Z",17,"2026-01-20T19:42:39.436972957Z","D","2026-01-20T19:42:39.007117809Z","01KFEDCCHJADFRJT5F5VJ9ST9F","2026-01-20T19:42:36.849183575Z","01KFEEJDGDWEMZQAHJH9Z7FVC3","2026-01-20T19:42:36.849183575Z","01KFEERHSMGQP4C2TEV6SKP2Y9","2026-01-20T19:42:36.849183575Z"
"01KFEHVQFP6WAX59VHXFET8EMK","01KFEHA1EJWPRPNCXBTHCF12K2","2026-01-20T20:34:40.758784843Z",19,"2026-01-20T20:34:47.821872883Z","C","2026-01-20T20:34:45.708615218Z","01KFEHA1GPSKM8FTTA039GX2FE","2026-01-20T20:34:40.758784843Z","01KFEHHKNYNVTAQQFNDQ02SYYK","2026-01-20T20:34:40.758784843Z","01KFEHRJXSRB7FPAJNWSY9X69Y","2026-01-20T20:34:40.758784843Z"
"01KFEE29N18JPZ1TPBMDYB6JG0","01KFEDCC1ZHDDN3CP9JWF4PGTF","2026-01-20T19:28:21.665724629Z",19,"2026-01-20T19:28:24.940884423Z","C","2026-01-20T19:28:24.928643702Z","01KFEDCC2JDADMPT5RVP2N7S0X","2026-01-20T19:28:21.665724629Z","01KFEDNQAB8C2AFG7D4ZXA4K64","2026-01-20T19:28:21.665724629Z","01KFEDZ32VE8SRAVCE2TC0J5K0","2026-01-20T19:28:21.665724629Z"
"01KFEK2ADYG167YF8ADZD9T1BM","01KFEJ5CPJ5RGARFNN6Z0PCT4Q","2026-01-20T20:55:45.342166724Z",19,"2026-01-20T20:55:49.727363191Z","C","2026-01-20T20:55:49.669351094Z","01KFEJ5CRSNMMQKHYMFD35850B","2026-01-20T20:55:45.342166724Z","01KFEJHQKQJTKAV5X447CE3YRT","2026-01-20T20:55:45.342166724Z","01KFEJRTT0HCXNCWVP067HPTVG","2026-01-20T20:55:45.342166724Z"
"01KFEK37PB86X0145W9B36PR1Y","01KFEJ5C7H3Z5SGPPT0TCGAEB2","2026-01-20T20:56:15.307287478Z",10,"2026-01-20T20:56:18.459989516Z","A","2026-01-20T20:56:18.130861831Z","01KFEJ5C9822567XDA8A9QG0G3","2026-01-20T20:56:15.307287478Z","01KFEJTATNKXCTW38TD0J18TFE","2026-01-20T20:56:15.307287478Z","01KFEK0Q9NTG966JRYW4CWNDW7","2026-01-20T20:56:15.307287478Z"
"01KFEE357F32D70M1A6JCB4ZM0","01KFEDCC1ZHDDN3CP9JWF4PGTF","2026-01-20T19:28:49.903651919Z",17,"2026-01-20T19:28:53.70611081Z","D","2026-01-20T19:28:53.696483523Z","01KFEDCC2JDADMPT5RVP2N7S0X","2026-01-20T19:28:49.903651919Z","01KFEDQK6ZX4EYK4N5S5CFQ5FY","2026-01-20T19:28:49.903651919Z","01KFEDZ32ZZHWD75NZHFJ7C3YQ","2026-01-20T19:28:49.903651919Z"
"01KFEFHGHWPW51ST8MSTTDN02K","01KFEDCCH0VMFH7P25F40PD43N","2026-01-20T19:54:08.828813891Z",20,"2026-01-20T19:54:11.391422745Z","A","2026-01-20T19:54:11.307552615Z","01KFEDCCHH44R979H37GT2B68J","2026-01-20T19:54:08.828813891Z","01KFEFADJR1SXTG9225WD5SFVJ","2026-01-20T19:54:08.828813891Z","01KFEFDZCYX0J8R49GTRCENP86","2026-01-20T19:54:08.828813891Z"
"01KFEFKDWV5MDH9N7JNVMCGKEG","01KFEDCAVEZK3QD8ZFC2PP83WE","2026-01-20T19:55:11.643519655Z",19,"2026-01-20T19:55:14.652216955Z","C","2026-01-20T19:55:13.43637572Z","01KFEDCAVZJC7DD4AH1RF6NR9W","2026-01-20T19:55:11.643519655Z","01KFEF0XCN2JDQQD559T0PP43B","2026-01-20T19:55:11.643519655Z","01KFEFFP4BAEGCCWWS4BJ6WVQR","2026-01-20T19:55:11.643519655Z"
"01KFEHQV1A8B7EPPPV1B4W0MC2","01KFEHA1MRJDJA6FNTED28Z8HF","2026-01-20T20:32:33.322260881Z",10,"2026-01-20T20:32:44.163092552Z","A","2026-01-20T20:32:44.136341723Z","01KFEHA1QDYX27N1S60Z95NKD9","2026-01-20T20:32:33.322260881Z","01KFEHF7572SXHJWAG2WR57G7K","2026-01-20T20:32:33.322260881Z","01KFEHQRY7BWP3Q9R8CQSNGN6M","2026-01-20T20:32:33.322260881Z"
"01KFEHVCRPSJVJ1NB58YHBK36Y","01KFEHA1MRJDJA6FNTED28Z8HF","2026-01-20T20:34:29.7825963Z",20,"2026-01-20T20:34:31.609256989Z","B","2026-01-20T20:34:30.825351527Z","01KFEHA1QMX5DYGHPSSSP2RXXX","2026-01-20T20:34:29.7825963Z","01KFEHH299EZ808S0B86915EW8","2026-01-20T20:34:29.7825963Z","01KFEHR30QE3YWFA54BMFHX5RD","2026-01-20T20:34:29.7825963Z"
"01KFEJ2RVG5MYHZAXHXWGHZ1XT","01KFEHA1W0DBA89GCQ87GA4EG5","2026-01-20T20:38:31.536687773Z",10,"2026-01-20T20:38:36.951297106Z","A","2026-01-20T20:38:36.922857593Z","01KFEHA1ZSVYK8DGYZZSV53FQM","2026-01-20T20:38:31.536687773Z","01KFEHKWX6S3CRVA3YVBJBPSWT","2026-01-20T20:38:31.536687773Z","01KFEHWYXZ0FN0HENYT1SGGEJX","2026-01-20T20:38:31.536687773Z"
"01KFEJAX2KP8SQ1RMWBGJRAS7K","01KFEHA20TFYVSSENV0N2723W5","2026-01-20T20:42:58.00394489Z",20,"2026-01-20T20:43:01.125613452Z","B","2026-01-20T20:43:01.075086526Z","01KFEHA25S6PYJD4DSX1VJG5FE","2026-01-20T20:42:58.00394489Z","01KFEHKBVRWD07VXT4ZKHQQAA6","2026-01-20T20:42:58.00394489Z","01KFEJ3HS1KV35AJXA1WJD5QZH","2026-01-20T20:42:58.00394489Z"
"01KFEFGQTTTQ1VSQ879T62EE6T","01KFEDCCH0VMFH7P25F40PD43N","2026-01-20T19:53:43.514296619Z",20,"2026-01-20T19:53:45.812989925Z","A","2026-01-20T19:53:45.791442056Z","01KFEDCCHH44R979H37GT2B68J","2026-01-20T19:53:43.514296619Z","01KFEFADJR1SXTG9225WD5SFVJ","2026-01-20T19:53:43.514296619Z","01KFEFDZDSJWEQ47SM2QXQ1KBQ","2026-01-20T19:53:43.514296619Z"
"01KFEJNQWQNBNNGA628WTT103R","01KFEHAM72H3ZNN8G0T2BCT79K","2026-01-20T20:48:53.143074699Z",0,"2026-01-20T20:49:05.66957065Z","D","2026-01-20T20:49:03.836374427Z","01KFEHAMATV7GY0NQF17M2P0MD","2026-01-20T20:48:53.143074699Z","01KFEJ9C86SAQ3FA5GXN0A1JWJ","2026-01-20T20:48:53.143074699Z","01KFEJMAWEVT0SVP1KGQMJ1R5Q","2026-01-20T20:48:53.143074699Z"
"01KFEJ00QJ8FR0RYPMR6GVE82H","01KFEHA1W0DBA89GCQ87GA4EG5","2026-01-20T20:37:01.298788233Z",10,"2026-01-20T20:37:08.104990647Z","A","2026-01-20T20:37:08.076363769Z","01KFEHA1ZSVYK8DGYZZSV53FQM","2026-01-20T20:37:01.298788233Z","01KFEHKWX6S3CRVA3YVBJBPSWT","2026-01-20T20:37:01.298788233Z","01KFEHWYWEK19X4NXKJDJSN70C","2026-01-20T20:37:01.298788233Z"
"01KFEK378VHK37Q7D5P492A0PE","01KFEJ5CPJ5RGARFNN6Z0PCT4Q","2026-01-20T20:56:14.875725295Z",7,"2026-01-20T20:56:19.201952228Z","D","2026-01-20T20:56:19.102596486Z","01KFEJ5CRSNMMQKHYMFD35850B","2026-01-20T20:56:14.875725295Z","01KFEJHQKQJTKAV5X447CE3YRT","2026-01-20T20:56:14.875725295Z","01KFEJRTTJ7B9Z0P8ZTF7V09N2","2026-01-20T20:56:14.875725295Z"
"01KFEETC3REW7MV47EKE4XBT64","01KFEDCCH0VMFH7P25F40PD43N","2026-01-20T19:41:30.616302878Z",10,"2026-01-20T19:41:33.456578189Z","A","2026-01-20T19:41:33.438478022Z","01KFEDCCHJADFRJT5F5VJ9ST9F","2026-01-20T19:41:30.616302878Z","01KFEEJDGDWEMZQAHJH9Z7FVC3","2026-01-20T19:41:30.616302878Z","01KFEERHSX82B9P2HNQWS86AXD","2026-01-20T19:41:30.616302878Z"
"01KFEHJ9PA8N3HYN17ZGSMPSM5","01KFEHA1W0DBA89GCQ87GA4EG5","2026-01-20T20:29:31.722525849Z",19,"2026-01-20T20:29:36.794258204Z","C","2026-01-20T20:29:35.853010152Z","01KFEHA1ZNDEMMB0DK92YAW8BD","2026-01-20T20:29:31.722525849Z","01KFEHEBSJCV2WCY6FBMMN65A3","2026-01-20T20:29:31.722525849Z","01KFEHHMWNPWFAB4K4ARYNJ9K3","2026-01-20T20:29:31.722525849Z"
"01KFEHSMXJG11YKHDSP75Q2AT2","01KFEHA1EJWPRPNCXBTHCF12K2","2026-01-20T20:33:32.594473574Z",0,"2026-01-20T20:33:34.868005053Z","D","2026-01-20T20:33:34.834225155Z","01KFEHA1GDXTPSA0SX8CRPX47C","2026-01-20T20:33:32.594473574Z","01KFEHFHGVMZZ35F5CSBQJBJM3","2026-01-20T20:33:32.594473574Z","01KFEHNSFTHZAFCSTHT4TCH75A","2026-01-20T20:33:32.594473574Z"
"01KFEJ4XPBE3T73YCFMW5Y93P5","01KFEHA20TFYVSSENV0N2723W5","2026-01-20T20:39:42.027197542Z",10,"2026-01-20T20:39:49.519096578Z","A","2026-01-20T20:39:46.69301262Z","01KFEHA25S6PYJD4DSX1VJG5FE","2026-01-20T20:39:42.027197542Z","01KFEHWFN7B5ZY9MX1Q0P1B17R","2026-01-20T20:39:42.027197542Z","01KFEJ3HP8CDDCZA1VDPFGK9EF","2026-01-20T20:39:42.027197542Z"
"01KFEJR18GK3H4GF0NYBJV695G","01KFEHAM0SBSN9QYCK4NGJTWCC","2026-01-20T20:50:08.272600111Z",20,"2026-01-20T20:50:22.81602275Z","B","2026-01-20T20:50:20.330201935Z","01KFEHAM4AZFDTAG8DR1VA4141","2026-01-20T20:50:08.272600111Z","01KFEJAS01H74KYS8N629S6DTN","2026-01-20T20:50:08.272600111Z","01KFEJMJNX26JZ305B8CHZDSCT","2026-01-20T20:50:08.272600111Z"
"01KFEEFSBC9ANQ502Z947CY650","01KFEDCB7P38BTZ4ACVDP6P0XN","2026-01-20T19:35:43.724833331Z",10,"2026-01-20T19:35:50.714317168Z","A","2026-01-20T19:35:49.989317795Z","01KFEDCB85NRAF0XG25ABR62N5","2026-01-20T19:35:43.724833331Z","01KFEE7Q9A8CN1TS35QENG1JN7","2026-01-20T19:35:43.724833331Z","01KFEEC6Q4W9SATGBT78S5XZJ9","2026-01-20T19:35:43.724833331Z"
"01KFEHHT2PW6Y978R12MM07ZCZ","01KFEHA20TFYVSSENV0N2723W5","2026-01-20T20:29:15.73445602Z",0,"2026-01-20T20:29:22.059773315Z","C","2026-01-20T20:29:22.036242576Z","01KFEHA25NESP3C46R1STZWY67","2026-01-20T20:29:15.73445602Z","01KFEHB2Z6PCQ5XRWRX0AQ3SH1","2026-01-20T20:29:15.73445602Z","01KFEHHR3NP5N9K5JQRWJ02M89","2026-01-20T20:29:15.73445602Z"
"01KFEFGQTMZTD391FFN2M6R91W","01KFEDCCH0VMFH7P25F40PD43N","2026-01-20T19:53:43.508692967Z",20,"2026-01-20T19:53:45.812989925Z","B","2026-01-20T19:53:45.087692146Z","01KFEDCCHH44R979H37GT2B68J","2026-01-20T19:53:43.508692967Z","01KFEF0J7C8417B13N1313JGSZ","2026-01-20T19:53:43.508692967Z","01KFEFDZDSJWEQ47SM2QXQ1KBQ","2026-01-20T19:53:43.508692967Z"
"01KFEFHA19KZRTHXMPTPQK9E8K","01KFEDCAVEZK3QD8ZFC2PP83WE","2026-01-20T19:54:02.153177328Z",10,"2026-01-20T19:54:04.986377264Z","B","2026-01-20T19:54:04.530955154Z","01KFEDCAVZJC7DD4AH1RF6NR9W","2026-01-20T19:54:02.153177328Z","01KFEFBH5ZZ770WWH7HK9VAC9K","2026-01-20T19:54:02.153177328Z","01KFEFFP3VJPQ246SEMNPWFRWY","2026-01-20T19:54:02.153177328Z"
"01KFEHGEAYPEDNC73Q9CMDDVBQ","01KFEHA1EJWPRPNCXBTHCF12K2","2026-01-20T20:28:30.942910388Z",7,"2026-01-20T20:28:36.704171072Z","D","2026-01-20T20:28:36.688661195Z","01KFEHA1GK3DQ7TRWFWA7J267H","2026-01-20T20:28:30.942910388Z","01KFEHBP1ZE2AV6NAD8SG9ZGBW","2026-01-20T20:28:30.942910388Z","01KFEHFC1WYZV0AN9T46ZPPXXT","2026-01-20T20:28:30.942910388Z"
"01KFEHV6M0Z7XAJW2V962YJDJ2","01KFEHA1MRJDJA6FNTED28Z8HF","2026-01-20T20:34:23.488813563Z",20,"2026-01-20T20:34:24.744490928Z","A","2026-01-20T20:34:24.711750425Z","01KFEHA1QMX5DYGHPSSSP2RXXX","2026-01-20T20:34:23.488813563Z","01KFEHJFJ1SMX3RCX9M0MFWVF6","2026-01-20T20:34:23.488813563Z","01KFEHR30B4CVD97MSB1RJ878F","2026-01-20T20:34:23.488813563Z"
"01KFEJ3MTP9WDWVB2CVAX31PNN","01KFEHA20TFYVSSENV0N2723W5","2026-01-20T20:39:00.183018844Z",20,"2026-01-20T20:39:11.830413437Z","B","2026-01-20T20:39:06.635960826Z","01KFEHA25S6PYJD4DSX1VJG5FE","2026-01-20T20:39:00.183018844Z","01KFEHKBVRWD07VXT4ZKHQQAA6","2026-01-20T20:39:00.183018844Z","01KFEJ3HN6DTY6DEXSN994BE0X","2026-01-20T20:39:00.183018844Z"
"01KFEFF3EKC54DX6QSHKCX237Z","01KFEDCCH0VMFH7P25F40PD43N","2026-01-20T19:52:49.875721046Z",0,"2026-01-20T19:53:00.327318543Z","C","2026-01-20T19:52:55.432942631Z","01KFEDCCHH44R979H37GT2B68J","2026-01-20T19:52:49.875721046Z","01KFEF0J7C8417B13N1313JGSZ","2026-01-20T19:52:49.875721046Z","01KFEFDZCCHMRRR54B9WYPK4HA","2026-01-20T19:52:49.875721046Z"
"01KFEHKFGZ9M199EFWDAV6BK7A","01KFEHA1MRJDJA6FNTED28Z8HF","2026-01-20T20:30:10.463812766Z",7,"2026-01-20T20:30:13.756104216Z","D","2026-01-20T20:30:11.528933116Z","01KFEHA1R32D8V3SKQA6BEDXA8","2026-01-20T20:30:10.463812766Z","01KFEHBPM0QM8692M9NW91QBAJ","2026-01-20T20:30:10.463812766Z","01KFEHGC8DRS36BNQKBWK85Q6W","2026-01-20T20:30:10.463812766Z"
"01KFEHTCRJNP0HJC75EM2H2RQX","01KFEHA1EJWPRPNCXBTHCF12K2","2026-01-20T20:33:57.010416638Z",10,"2026-01-20T20:34:03.973295118Z","A","2026-01-20T20:34:03.936155187Z","01KFEHA1GRK7A014NXTNRF457G","2026-01-20T20:33:57.010416638Z","01KFEHFSGA9RW2KQK679GQ5Q17","2026-01-20T20:33:57.010416638Z","01KFEHPVKND5B6D37B2X9PZ6JQ","2026-01-20T20:33:57.010416638Z"
"01KFEJ10PKDNAVMMRR70XQHNNM","01KFEHA1W0DBA89GCQ87GA4EG5","2026-01-20T20:37:34.035557018Z",0,"2026-01-20T20:37:43.027262089Z","B","2026-01-20T20:37:36.990478922Z","01KFEHA1ZSVYK8DGYZZSV53FQM","2026-01-20T20:37:34.035557018Z","01KFEHMXV04MY34HJYA33HA616","2026-01-20T20:37:34.035557018Z","01KFEHWYVG2VXN87C17A1G5R00","2026-01-20T20:37:34.035557018Z"
"01KFEK5XA72FQS12TQE9YA83YX","01KFEJ5C7H3Z5SGPPT0TCGAEB2","2026-01-20T20:57:42.983514669Z",0,"2026-01-20T20:57:46.089990708Z","C","2026-01-20T20:57:46.027678191Z","01KFEJ5C9822567XDA8A9QG0G3","2026-01-20T20:57:42.983514669Z","01KFEJTATNKXCTW38TD0J18TFE","2026-01-20T20:57:42.983514669Z","01KFEK0Q64TJGX1ZAQFPQYZ5YY","2026-01-20T20:57:42.983514669Z"
"01KFEEYX8DCAK4TN49NHJPAS2R","01KFEDCCAW3ZY6KSKNHTKZ971F","2026-01-20T19:43:59.245136594Z",10,"2026-01-20T19:44:02.343222557Z","B","2026-01-20T19:44:02.318447064Z","01KFEDCCBE716PRHN8Q6NQV6ZT","2026-01-20T19:43:59.245136594Z","01KFEEMRW7PPKZGT4SNXBV2JSZ","2026-01-20T19:43:59.245136594Z","01KFEEV7VFDMDD1J8J251QHZMG","2026-01-20T19:43:59.245136594Z"
"01KFEFMQX7Q2FJRQMY2KW1X29H","01KFEDC9EK94N2WNCHE5RRQHCJ","2026-01-20T19:55:54.663431346Z",10,"2026-01-20T19:55:57.609208322Z","A","2026-01-20T19:55:56.930695516Z","01KFEDC9FF7T49EPA99GZDGH84","2026-01-20T19:55:54.663431346Z","01KFEFB7KJED56AXX5RHJAHZFZ","2026-01-20T19:55:54.663431346Z","01KFEFG2QPXZSPAH29GF63WBJS","2026-01-20T19:55:54.663431346Z"
"01KFEEXA1W1HCJKG1E2XYY39E8","01KFEDCCAW3ZY6KSKNHTKZ971F","2026-01-20T19:43:06.812476189Z",0,"2026-01-20T19:43:09.089169405Z","C","2026-01-20T19:43:09.063262792Z","01KFEDCCBE716PRHN8Q6NQV6ZT","2026-01-20T19:43:06.812476189Z","01KFEEMXPGKZB6AS6D6H40GZ8R","2026-01-20T19:43:06.812476189Z","01KFEEV7W3AAVZYDHPWJXWG7TN","2026-01-20T19:43:06.812476189Z"
"01KFEK4CAXM1S5J2MN32H8FCA5","01KFEJ5CPJ5RGARFNN6Z0PCT4Q","2026-01-20T20:56:52.829279205Z",29,"2026-01-20T20:56:56.817595111Z","C","2026-01-20T20:56:56.555662266Z","01KFEJ5CRSNMMQKHYMFD35850B","2026-01-20T20:56:52.829279205Z","01KFEJHQKQJTKAV5X447CE3YRT","2026-01-20T20:56:52.829279205Z","01KFEJRTW9T3HTYV343RGTBAPD","2026-01-20T20:56:52.829279205Z"
"01KFEHGS88QZG460T14VY5CTSP","01KFEHA1EJWPRPNCXBTHCF12K2","2026-01-20T20:28:42.120813251Z",7,"2026-01-20T20:28:50.306971006Z","D","2026-01-20T20:28:50.285921686Z","01KFEHA1GK3DQ7TRWFWA7J267H","2026-01-20T20:28:42.120813251Z","01KFEHBP1ZE2AV6NAD8SG9ZGBW","2026-01-20T20:28:42.120813251Z","01KFEHFC15BQTXA95T3CRJEPMZ","2026-01-20T20:28:42.120813251Z"
"01KFEHW2C1W9NKFA62PBEA84T6","01KFEHA1MRJDJA6FNTED28Z8HF","2026-01-20T20:34:51.90545223Z",20,"2026-01-20T20:34:53.547076143Z","A","2026-01-20T20:34:53.191191897Z","01KFEHA1QMX5DYGHPSSSP2RXXX","2026-01-20T20:34:51.90545223Z","01KFEHJFJ1SMX3RCX9M0MFWVF6","2026-01-20T20:34:51.90545223Z","01KFEHR31B55NMFYVJKECZTBSP","2026-01-20T20:34:51.90545223Z"
"01KFEFHSTN5PJ6YB4GPZRVG2R8","01KFEDCAVEZK3QD8ZFC2PP83WE","2026-01-20T19:54:18.325259247Z",10,"2026-01-20T19:54:21.982415432Z","A","2026-01-20T19:54:21.960181563Z","01KFEDCAVZJC7DD4AH1RF6NR9W","2026-01-20T19:54:18.325259247Z","01KFEFBH5ZZ770WWH7HK9VAC9K","2026-01-20T19:54:18.325259247Z","01KFEFFP39G08VP8Y5HX5TE1VX","2026-01-20T19:54:18.325259247Z"
"01KFEFHZJPEXX3GPXS7281WX15","01KFEDC9EK94N2WNCHE5RRQHCJ","2026-01-20T19:54:24.214343Z",20,"2026-01-20T19:54:29.763512189Z","A","2026-01-20T19:54:27.48778143Z","01KFEDC9FF7T49EPA99GZDGH84","2026-01-20T19:54:24.214343Z","01KFEFB7KJED56AXX5RHJAHZFZ","2026-01-20T19:54:24.214343Z","01KFEFG2PA6Q9XP4FBXAYJEKNF","2026-01-20T19:54:24.214343Z"
"01KFEHSMS2SYWET0BX4MSN6QG8","01KFEHA1MRJDJA6FNTED28Z8HF","2026-01-20T20:33:32.450232321Z",0,"2026-01-20T20:33:49.346173205Z","C","2026-01-20T20:33:41.184477626Z","01KFEHA1QYV2E8SAEFNEHYNVTN","2026-01-20T20:33:32.450232321Z","01KFEHKCW5X4CR8DBAYXY74YGJ","2026-01-20T20:33:32.450232321Z","01KFEHSJFTY724JYE28JE8TD7S","2026-01-20T20:33:32.450232321Z"
"01KFEJ3F8Q6FW64FHTGTGGNFKQ","01KFEHA1W0DBA89GCQ87GA4EG5","2026-01-20T20:38:54.4876086Z",0,"2026-01-20T20:39:00.356778553Z","B","2026-01-20T20:38:56.526997863Z","01KFEHA1ZSVYK8DGYZZSV53FQM","2026-01-20T20:38:54.4876086Z","01KFEHMXV04MY34HJYA33HA616","2026-01-20T20:38:54.4876086Z","01KFEHWYXC0BM2V47Y0JA9DM29","2026-01-20T20:38:54.4876086Z"
"01KFEJBV175C5A7TFKZKKTZC59","01KFEHAKK9QMW81MWT2FF1CSZA","2026-01-20T20:43:28.679853196Z",0,"2026-01-20T20:43:32.473243462Z","C","2026-01-20T20:43:32.369709479Z","01KFEHAKMDAJRN7M0QA4VDJCGY","2026-01-20T20:43:28.679853196Z","01KFEHW86W3STHQPDAT1BP1CXX","2026-01-20T20:43:28.679853196Z","01KFEJ2SMG6VG7EH230353565W","2026-01-20T20:43:28.679853196Z"
"01KFEJW88X7FQBREM0S0GZX9PR","01KFEHAM72H3ZNN8G0T2BCT79K","2026-01-20T20:52:26.52597875Z",10,"2026-01-20T20:52:30.752782748Z","A","2026-01-20T20:52:30.684301059Z","01KFEHAMATV7GY0NQF17M2P0MD","2026-01-20T20:52:26.52597875Z","01KFEJ9C86SAQ3FA5GXN0A1JWJ","2026-01-20T20:52:26.52597875Z","01KFEJMAXY50EDB1ESFQ59VMKC","2026-01-20T20:52:26.52597875Z"
"01KFEFHSPME65K8RKH2KCDT3EN","01KFEDCCH0VMFH7P25F40PD43N","2026-01-20T19:54:18.19693663Z",20,"2026-01-20T19:54:20.764313743Z","A","2026-01-20T19:54:20.74215336Z","01KFEDCCHH44R979H37GT2B68J","2026-01-20T19:54:18.19693663Z","01KFEFADJR1SXTG9225WD5SFVJ","2026-01-20T19:54:18.19693663Z","01KFEFDZCR1AKTHQ7MHN0Z95NF","2026-01-20T19:54:18.19693663Z"
"01KFEHMAAX1WT6DNRKK8FCBBC0","01KFEHA20TFYVSSENV0N2723W5","2026-01-20T20:30:37.917877918Z",20,"2026-01-20T20:30:39.891153672Z","A","2026-01-20T20:30:39.152865441Z","01KFEHA25NESP3C46R1STZWY67","2026-01-20T20:30:37.917877918Z","01KFEHE6NX6FXVRTV1KPH8TKWC","2026-01-20T20:30:37.917877918Z","01KFEHHR5BDKF64QG1B6XQZ0W1","2026-01-20T20:30:37.917877918Z"
"01KFEFMQX37T9NW9C0CBKNX7F4","01KFEDC9EK94N2WNCHE5RRQHCJ","2026-01-20T19:55:54.659817481Z",19,"2026-01-20T19:55:57.609208322Z","C","2026-01-20T19:55:57.589671742Z","01KFEDC9FF7T49EPA99GZDGH84","2026-01-20T19:55:54.659817481Z","01KFEFBN24Q9S7DG3606EXV8XC","2026-01-20T19:55:54.659817481Z","01KFEFG2QPXZSPAH29GF63WBJS","2026-01-20T19:55:54.659817481Z"
"01KFEJKTSG4Q9HBVC6XWHWWZK2","01KFEHAM0SBSN9QYCK4NGJTWCC","2026-01-20T20:47:50.576697724Z",10,"2026-01-20T20:47:55.364199401Z","B","2026-01-20T20:47:53.264624651Z","01KFEHAM45R1366856G6A2WGHZ","2026-01-20T20:47:50.576697724Z","01KFEHYH6DP091MJE3KD0CRNR1","2026-01-20T20:47:50.576697724Z","01KFEJBBT30ZH34V66TAVX861N","2026-01-20T20:47:50.576697724Z"
"01KFEJXW34Q0ZV7N2BN0P43J7Z","01KFEHAM0SBSN9QYCK4NGJTWCC","2026-01-20T20:53:19.588283921Z",20,"2026-01-20T20:53:23.830360417Z","A","2026-01-20T20:53:23.456707211Z","01KFEHAM4AZFDTAG8DR1VA4141","2026-01-20T20:53:19.588283921Z","01KFEJAS01H74KYS8N629S6DTN","2026-01-20T20:53:19.588283921Z","01KFEJMJV4KBRM0CHAQC91E98W","2026-01-20T20:53:19.588283921Z"
"01KFEEX0PP27AMYMY5DXAVFH8M","01KFEDCCAW3ZY6KSKNHTKZ971F","2026-01-20T19:42:57.238238044Z",0,"2026-01-20T19:43:04.371474234Z","C","2026-01-20T19:43:04.32815656Z","01KFEDCCBE716PRHN8Q6NQV6ZT","2026-01-20T19:42:57.238238044Z","01KFEEMRW7PPKZGT4SNXBV2JSZ","2026-01-20T19:42:57.238238044Z","01KFEEV7VX3GR1E3DZCJGDMB43","2026-01-20T19:42:57.238238044Z"
"01KFEFHK1195P0D43HR50FB215","01KFEDCAVEZK3QD8ZFC2PP83WE","2026-01-20T19:54:11.361580851Z",19,"2026-01-20T19:54:14.789096043Z","C","2026-01-20T19:54:14.769223553Z","01KFEDCAVZJC7DD4AH1RF6NR9W","2026-01-20T19:54:11.361580851Z","01KFEFBH5ZZ770WWH7HK9VAC9K","2026-01-20T19:54:11.361580851Z","01KFEFFP3B72YYH0VHZFQ3AF9C","2026-01-20T19:54:11.361580851Z"
"01KFEHWJEAT303K6BVZB99ZTT2","01KFEHA1EJWPRPNCXBTHCF12K2","2026-01-20T20:35:08.362202913Z",17,"2026-01-20T20:35:11.407919545Z","D","2026-01-20T20:35:11.384612856Z","01KFEHA1GPSKM8FTTA039GX2FE","2026-01-20T20:35:08.362202913Z","01KFEHGGC977SV7QXMD0KQJ3VM","2026-01-20T20:35:08.362202913Z","01KFEHRJY69TE8BMH4NFD0V4DB","2026-01-20T20:35:08.362202913Z"
"01KFEJ1VTMB97EPTETD67ZADT8","01KFEHA1W0DBA89GCQ87GA4EG5","2026-01-20T20:38:01.812670046Z",0,"2026-01-20T20:38:06.748268076Z","A","2026-01-20T20:38:06.716641043Z","01KFEHA1ZSVYK8DGYZZSV53FQM","2026-01-20T20:38:01.812670046Z","01KFEHKWX6S3CRVA3YVBJBPSWT","2026-01-20T20:38:01.812670046Z","01KFEHWYVS379VXFQJ5Z6HEMZZ","2026-01-20T20:38:01.812670046Z"
"01KFEJX253YZ0P5KYJM1J6HVZQ","01KFEHAM72H3ZNN8G0T2BCT79K","2026-01-20T20:52:53.027063751Z",0,"2026-01-20T20:52:57.730365241Z","C","2026-01-20T20:52:57.020088924Z","01KFEHAMATV7GY0NQF17M2P0MD","2026-01-20T20:52:53.027063751Z","01KFEJ5D2KZA6HXFGKH7XFG11W","2026-01-20T20:52:53.027063751Z","01KFEJMAZ44W2083YCNY9RPGZZ","2026-01-20T20:52:53.027063751Z"
"01KFEHV974WPATPKKD2HS43V91","01KFEHA1MRJDJA6FNTED28Z8HF","2026-01-20T20:34:26.148958682Z",0,"2026-01-20T20:34:32.22165107Z","D","2026-01-20T20:34:28.944674017Z","01KFEHA1QDYX27N1S60Z95NKD9","2026-01-20T20:34:26.148958682Z","01KFEHFDNYYM4VRPKVABD0N8W8","2026-01-20T20:34:26.148958682Z","01KFEHQRZQ03J2CQH22A1WKWGS","2026-01-20T20:34:26.148958682Z"
"01KFEHVZ2EW999521NXRV4XA43","01KFEHA1MRJDJA6FNTED28Z8HF","2026-01-20T20:34:48.526075024Z",20,"2026-01-20T20:34:49.908571741Z","A","2026-01-20T20:34:49.873677087Z","01KFEHA1QMX5DYGHPSSSP2RXXX","2026-01-20T20:34:48.526075024Z","01KFEHJFJ1SMX3RCX9M0MFWVF6","2026-01-20T20:34:48.526075024Z","01KFEHR314KTB8J024JC33TAJ1","2026-01-20T20:34:48.526075024Z"
"01KFEJV68VE6FQXH3PA6W0R3QN","01KFEHAM72H3ZNN8G0T2BCT79K","2026-01-20T20:51:51.707837456Z",0,"2026-01-20T20:52:04.628822289Z","C","2026-01-20T20:51:58.657349382Z","01KFEHAMATV7GY0NQF17M2P0MD","2026-01-20T20:51:51.707837456Z","01KFEJ9C86SAQ3FA5GXN0A1JWJ","2026-01-20T20:51:51.707837456Z","01KFEJMAXE5TC2SVASZC4DT7DQ","2026-01-20T20:51:51.707837456Z"
"01KFEE9MY01R76WV1806XRWRZY","01KFEDCB0G5KS91T4MD9JTDSA4","2026-01-20T19:32:22.592981994Z",0,"2026-01-20T19:32:36.643585109Z","C","2026-01-20T19:32:36.626292223Z","01KFEDCB15BD0TYD7H0V6YZGSZ","2026-01-20T19:32:22.592981994Z","01KFEE2B09J1P0X60NY0EGT3C2","2026-01-20T19:32:22.592981994Z","01KFEE9KKC1D0WXJ4XBWQY0W8Y","2026-01-20T19:32:22.592981994Z"
"01KFEEPAPP6M0QR4RQCY0CP5PJ","01KFEDCCAW3ZY6KSKNHTKZ971F","2026-01-20T19:39:18.102627221Z",29,"2026-01-20T19:39:23.735778206Z","C","2026-01-20T19:39:23.717289903Z","01KFEDCCBDJ82W4YK2PN7VDTAX","2026-01-20T19:39:18.102627221Z","01KFEE6KZQR5PP1P0PS1XNKJRD","2026-01-20T19:39:18.102627221Z","01KFEEE80JZA5X9AHRXHKM12EM","2026-01-20T19:39:18.102627221Z"
"01KFEHWXBVQS52VPD59AWJGR66","01KFEHA1MRJDJA6FNTED28Z8HF","2026-01-20T20:35:19.547604674Z",19,"2026-01-20T20:35:24.572326011Z","C","2026-01-20T20:35:21.172908428Z","01KFEHA1QDYX27N1S60Z95NKD9","2026-01-20T20:35:19.547604674Z","01KFEHFDNYYM4VRPKVABD0N8W8","2026-01-20T20:35:19.547604674Z","01KFEHQRYF4NW9W6C88K8WZ7AH","2026-01-20T20:35:19.547604674Z"
"01KFEJM91FMJZG7Q451X5CFXCV","01KFEHAM0SBSN9QYCK4NGJTWCC","2026-01-20T20:48:05.16747451Z",7,"2026-01-20T20:48:12.310805325Z","D","2026-01-20T20:48:07.709128775Z","01KFEHAM45R1366856G6A2WGHZ","2026-01-20T20:48:05.16747451Z","01KFEHYH6DP091MJE3KD0CRNR1","2026-01-20T20:48:05.16747451Z","01KFEJBBTJPK158GE8SASY258R","2026-01-20T20:48:05.16747451Z"
"01KFEJXPSC8AR6VSZ1F050QGDP","01KFEJ5DKDD8ED3R70AXWWV7TA","2026-01-20T20:53:14.15673431Z",10,"2026-01-20T20:53:20.514564959Z","B","2026-01-20T20:53:20.44459192Z","01KFEJ5DPFFD934S0E2GQ1B9RR","2026-01-20T20:53:14.15673431Z","01KFEJJ4V0E3E83F88J6MK6KAW","2026-01-20T20:53:14.15673431Z","01KFEJVCTY2NTWR1FANJAC0WDN","2026-01-20T20:53:14.15673431Z"
"01KFEEZNBM35FF6X39CNA29BXA","01KFEDCCAW3ZY6KSKNHTKZ971F","2026-01-20T19:44:23.924243707Z",19,"2026-01-20T19:44:26.765800555Z","C","2026-01-20T19:44:26.519347274Z","01KFEDCCBE716PRHN8Q6NQV6ZT","2026-01-20T19:44:23.924243707Z","01KFEEMRW7PPKZGT4SNXBV2JSZ","2026-01-20T19:44:23.924243707Z","01KFEEV7WPS5RX78268NJNE86T","2026-01-20T19:44:23.924243707Z"
"01KFEFNJFECAYB56R5Z971AQK4","01KFEDCAVEZK3QD8ZFC2PP83WE","2026-01-20T19:56:21.870281446Z",19,"2026-01-20T19:56:36.620815376Z","C","2026-01-20T19:56:36.593262982Z","01KFEDCAVZJC7DD4AH1B24TEC6","2026-01-20T19:56:21.870281446Z","01KFEFG8GX8B9102EGAWCJ2ZB0","2026-01-20T19:56:21.870281446Z","01KFEFNGXSPP5MWZ1XYRACJ3QZ","2026-01-20T19:56:21.870281446Z"
"01KFEJXAV434KWHXBJP3MZE3FJ","01KFEHAM72H3ZNN8G0T2BCT79K","2026-01-20T20:53:01.924247839Z",19,"2026-01-20T20:53:08.889975469Z","C","2026-01-20T20:53:08.659148743Z","01KFEHAMATV7GY0NQF17M2P0MD","2026-01-20T20:53:01.924247839Z","01KFEJ9C86SAQ3FA5GXN0A1JWJ","2026-01-20T20:53:01.924247839Z","01KFEJMAZRDM3XAHTJ5VZ0RJ4K","2026-01-20T20:53:01.924247839Z"
"01KFEHM7WYCZEZMQM0DNBT3RVY","01KFEHA1W0DBA89GCQ87GA4EG5","2026-01-20T20:30:35.422930648Z",0,"2026-01-20T20:30:37.673094824Z","C","2026-01-20T20:30:36.757005457Z","01KFEHA1ZNDEMMB0DK92YAW8BD","2026-01-20T20:30:35.422930648Z","01KFEHAFP87N0FEFRCAHH2V652","2026-01-20T20:30:35.422930648Z","01KFEHHMX58E8ZCKT58BW5M6RE","2026-01-20T20:30:35.422930648Z"
"01KFEHVSVW7GJHKCY4CQA2S65Z","01KFEHA1EJWPRPNCXBTHCF12K2","2026-01-20T20:34:43.196229821Z",20,"2026-01-20T20:34:48.723874427Z","B","2026-01-20T20:34:48.69958192Z","01KFEHA1GRK7A014NXTNRF457G","2026-01-20T20:34:43.196229821Z","01KFEHFSGA9RW2KQK679GQ5Q17","2026-01-20T20:34:43.196229821Z","01KFEHPVM0P81V9XKSB3TEJZ11","2026-01-20T20:34:43.196229821Z"
"01KFEETC3TFPM71M2XXVC8PJZV","01KFEDCCH0VMFH7P25F40PD43N","2026-01-20T19:41:30.618330016Z",19,"2026-01-20T19:41:33.456578189Z","C","2026-01-20T19:41:32.848655002Z","01KFEDCCHJADFRJT5F5VJ9ST9F","2026-01-20T19:41:30.618330016Z","01KFEEKE9WXRZWBRXYDQ5J10WV","2026-01-20T19:41:30.618330016Z","01KFEERHSX82B9P2HNQWS86AXD","2026-01-20T19:41:30.618330016Z"
"01KFEEWJVGAWKJVJGM1TSSGGZJ","01KFEDCCH0VMFH7P25F40PD43N","2026-01-20T19:42:43.056942603Z",17,"2026-01-20T19:42:48.517582334Z","D","2026-01-20T19:42:48.50127957Z","01KFEDCCHJADFRJT5F5VJ9ST9F","2026-01-20T19:42:43.056942603Z","01KFEEJDGDWEMZQAHJH9Z7FVC3","2026-01-20T19:42:43.056942603Z","01KFEERHSJ43RDEK3RME28HPJV","2026-01-20T19:42:43.056942603Z"
"01KFEHMCRA1FTM04H0SFT8FT52","01KFEHA1W0DBA89GCQ87GA4EG5","2026-01-20T20:30:40.394258432Z",0,"2026-01-20T20:30:43.2842758Z","C","2026-01-20T20:30:43.265272467Z","01KFEHA1ZNDEMMB0DK92YAW8BD","2026-01-20T20:30:40.394258432Z","01KFEHEBSJCV2WCY6FBMMN65A3","2026-01-20T20:30:40.394258432Z","01KFEHHMXAH9HKXAC2EX5WTMY4","2026-01-20T20:30:40.394258432Z"
"01KFEHN2YPKRTVHFXXGVHR8P1G","01KFEHA1W0DBA89GCQ87GA4EG5","2026-01-20T20:31:03.126782967Z",17,"2026-01-20T20:31:05.068226104Z","D","2026-01-20T20:31:04.242450173Z","01KFEHA1ZNDEMMB0DK92YAW8BD","2026-01-20T20:31:03.126782967Z","01KFEHAFP87N0FEFRCAHH2V652","2026-01-20T20:31:03.126782967Z","01KFEHHMVXHCP1NTF6XSXJWM0B","2026-01-20T20:31:03.126782967Z"
"01KFEHVSVN5FSS7V2WDH76GAVZ","01KFEHA1EJWPRPNCXBTHCF12K2","2026-01-20T20:34:43.189229353Z",20,"2026-01-20T20:34:48.723874427Z","A","2026-01-20T20:34:46.617457703Z","01KFEHA1GRK7A014NXTNRF457G","2026-01-20T20:34:43.189229353Z","01KFEHG6C81JZ80FMVPH00AMCG","2026-01-20T20:34:43.189229353Z","01KFEHPVM0P81V9XKSB3TEJZ11","2026-01-20T20:34:43.189229353Z"
"01KFEJNQX34R7NWHBTP8X77ZG2","01KFEHAM72H3ZNN8G0T2BCT79K","2026-01-20T20:48:53.155115181Z",0,"2026-01-20T20:49:05.66957065Z","D","2026-01-20T20:49:05.627968724Z","01KFEHAMATV7GY0NQF17M2P0MD","2026-01-20T20:48:53.155115181Z","01KFEJ5D2KZA6HXFGKH7XFG11W","2026-01-20T20:48:53.155115181Z","01KFEJMAWEVT0SVP1KGQMJ1R5Q","2026-01-20T20:48:53.155115181Z"
"01KFEE1X608292ZDNG5SWW9RSB","01KFEDCC1ZHDDN3CP9JWF4PGTF","2026-01-20T19:28:08.89679425Z",29,"2026-01-20T19:28:17.914603927Z","C","2026-01-20T19:28:17.901386414Z","01KFEDCC2JDADMPT5RVP2N7S0X","2026-01-20T19:28:08.89679425Z","01KFEDNQAB8C2AFG7D4ZXA4K64","2026-01-20T19:28:08.89679425Z","01KFEDZ3343NHHW6SXBF4HK0M9","2026-01-20T19:28:08.89679425Z"
"01KFEEF3KDNMXD62PWE7JVTC6F","01KFEDCB0G5KS91T4MD9JTDSA4","2026-01-20T19:35:21.4534849Z",10,"2026-01-20T19:35:26.811348295Z","A","2026-01-20T19:35:23.815197166Z","01KFEDCB15BD0TYD7H0V6YZGSZ","2026-01-20T19:35:21.4534849Z","01KFEE07X889KRR9ZR3BVZBWD6","2026-01-20T19:35:21.4534849Z","01KFEE9KM7YKRRKPBFZ4AZGZ5E","2026-01-20T19:35:21.4534849Z"
"01KFEK1YN78TTC9SSBJYT8MFHP","01KFEJ5C7H3Z5SGPPT0TCGAEB2","2026-01-20T20:55:33.28736289Z",10,"2026-01-20T20:55:45.007924184Z","B","2026-01-20T20:55:43.461151454Z","01KFEJ5C9822567XDA8A9QG0G3","2026-01-20T20:55:33.28736289Z","01KFEJRM0CNFF8YTKCA6JC16CE","2026-01-20T20:55:33.28736289Z","01KFEK0Q02RBXVG8YX790933W5","2026-01-20T20:55:33.28736289Z"
"01KFEE2GG3HW6PMKNKYGNS5HCH","01KFEDCC1ZHDDN3CP9JWF4PGTF","2026-01-20T19:28:28.67510976Z",19,"2026-01-20T19:28:31.562193191Z","C","2026-01-20T19:28:30.388630953Z","01KFEDCC2JDADMPT5RVP2N7S0X","2026-01-20T19:28:28.67510976Z","01KFEDNQAB8C2AFG7D4ZXA4K64","2026-01-20T19:28:28.67510976Z","01KFEDZ32QHVEP5DVAPEZ58S05","2026-01-20T19:28:28.67510976Z"
"01KFEJKRZRSVEABF1YWED4NBVK","01KFEHAM0SBSN9QYCK4NGJTWCC","2026-01-20T20:47:48.728711547Z",10,"2026-01-20T20:47:51.857415059Z","B","2026-01-20T20:47:51.801579289Z","01KFEHAM3ZX2QFEZ4F28QFW79D","2026-01-20T20:47:48.728711547Z","01KFEJ99258GDSZYNA4N0ER3PR","2026-01-20T20:47:48.728711547Z","01KFEJDCTYTRC0AHW9GD9PYA41","2026-01-20T20:47:48.728711547Z"
"01KFEEB01ZC9XWJZR73X40F0QW","01KFEDCB0G5KS91T4MD9JTDSA4","2026-01-20T19:33:06.751717201Z",10,"2026-01-20T19:33:19.783907958Z","A","2026-01-20T19:33:16.044844415Z","01KFEDCB15BD0TYD7H0V6YZGSZ","2026-01-20T19:33:06.751717201Z","01KFEE07X889KRR9ZR3BVZBWD6","2026-01-20T19:33:06.751717201Z","01KFEE9KKNVYHNKP7WMCHNXV4R","2026-01-20T19:33:06.751717201Z"
"01KFEJ227NAHKTA8FNR04DSKTH","01KFEHA1W0DBA89GCQ87GA4EG5","2026-01-20T20:38:08.373174221Z",19,"2026-01-20T20:38:11.469908398Z","C","2026-01-20T20:38:10.732166345Z","01KFEHA1Z72TJ9J0QENR016CFN","2026-01-20T20:38:08.373174221Z","01KFEHVQ5CHDKKYBKKZ5GXNMKV","2026-01-20T20:38:08.373174221Z","01KFEHZ0GMRH6WF566HVKE80E8","2026-01-20T20:38:08.373174221Z"
"01KFEHW2C7KGQPQFJVY899EHTF","01KFEHA1MRJDJA6FNTED28Z8HF","2026-01-20T20:34:51.912000294Z",20,"2026-01-20T20:34:53.547076143Z","B","2026-01-20T20:34:53.511230586Z","01KFEHA1QMX5DYGHPSSSP2RXXX","2026-01-20T20:34:51.912000294Z","01KFEHH299EZ808S0B86915EW8","2026-01-20T20:34:51.912000294Z","01KFEHR31B55NMFYVJKECZTBSP","2026-01-20T20:34:51.912000294Z"
"01KFEJZGV7KKVW2C3VB3MCX8YM","01KFEJ5CPJ5RGARFNN6Z0PCT4Q","2026-01-20T20:54:13.607715257Z",7,"2026-01-20T20:54:34.049736652Z","D","2026-01-20T20:54:33.993890974Z","01KFEJ5CRSNMMQKHYMFD35850B","2026-01-20T20:54:13.607715257Z","01KFEJHQKQJTKAV5X447CE3YRT","2026-01-20T20:54:13.607715257Z","01KFEJRTQA64H825EQXXR4TC64","2026-01-20T20:54:13.607715257Z"
"01KFEE2P9D7S5EGJ6TWB0DDB9C","01KFEDCC1ZHDDN3CP9JWF4PGTF","2026-01-20T19:28:34.605085702Z",0,"2026-01-20T19:28:40.919994683Z","C","2026-01-20T19:28:40.903904695Z","01KFEDCC2JDADMPT5RVP2N7S0X","2026-01-20T19:28:34.605085702Z","01KFEDNQAB8C2AFG7D4ZXA4K64","2026-01-20T19:28:34.605085702Z","01KFEDZ32Y1HDHJT4B91XWRA4P","2026-01-20T19:28:34.605085702Z"
"01KFEFHZJKXNVRD8C42D7R2T0M","01KFEDC9EK94N2WNCHE5RRQHCJ","2026-01-20T19:54:24.211092462Z",20,"2026-01-20T19:54:29.763512189Z","B","2026-01-20T19:54:29.724722253Z","01KFEDC9FF7T49EPA99GZDGH84","2026-01-20T19:54:24.211092462Z","01KFEFBN24Q9S7DG3606EXV8XC","2026-01-20T19:54:24.211092462Z","01KFEFG2PA6Q9XP4FBXAYJEKNF","2026-01-20T19:54:24.211092462Z"
"01KFEFHGJ09X0Z889FZCS9YZ8Q","01KFEDCCH0VMFH7P25F40PD43N","2026-01-20T19:54:08.832606999Z",20,"2026-01-20T19:54:11.391422745Z","B","2026-01-20T19:54:10.542816029Z","01KFEDCCHH44R979H37GT2B68J","2026-01-20T19:54:08.832606999Z","01KFEF0J7C8417B13N1313JGSZ","2026-01-20T19:54:08.832606999Z","01KFEFDZCYX0J8R49GTRCENP86","2026-01-20T19:54:08.832606999Z"
"01KFEHWB7RKV4FM34M0C2JVRWH","01KFEHA1MRJDJA6FNTED28Z8HF","2026-01-20T20:35:00.984913258Z",17,"2026-01-20T20:35:06.344903339Z","D","2026-01-20T20:35:06.310404181Z","01KFEHA1QDYX27N1S60Z95NKD9","2026-01-20T20:35:00.984913258Z","01KFEHF7572SXHJWAG2WR57G7K","2026-01-20T20:35:00.984913258Z","01KFEHQS08BG6CGAAN8D6XR2D9","2026-01-20T20:35:00.984913258Z"
"01KFEHPXQ3771G28K4KE9QCCH7","01KFEHA1EJWPRPNCXBTHCF12K2","2026-01-20T20:32:03.299063565Z",0,"2026-01-20T20:32:53.802987185Z","B","2026-01-20T20:32:53.446317169Z","01KFEHA1GRK7A014NXTNRF457G","2026-01-20T20:32:03.299063565Z","01KFEHFSGA9RW2KQK679GQ5Q17","2026-01-20T20:32:03.299063565Z","01KFEHPVJHSEHEHW4ND45EQSBE","2026-01-20T20:32:03.299063565Z"
"01KFEHVH04RWDSBZSHT3HCMVJK","01KFEHA1EJWPRPNCXBTHCF12K2","2026-01-20T20:34:34.116830876Z",10,"2026-01-20T20:34:38.792690614Z","B","2026-01-20T20:34:38.758643729Z","01KFEHA1GRK7A014NXTNRF457G","2026-01-20T20:34:34.116830876Z","01KFEHFSGA9RW2KQK679GQ5Q17","2026-01-20T20:34:34.116830876Z","01KFEHPVKTGS5Z6HYYZAX1J53H","2026-01-20T20:34:34.116830876Z"
"01KFEJ2WPV6ZVVR8YE6NTD2KPA","01KFEHAKK9QMW81MWT2FF1CSZA","2026-01-20T20:38:35.483298008Z",10,"2026-01-20T20:38:51.098324889Z","B","2026-01-20T20:38:46.783991936Z","01KFEHAKMDAJRN7M0QA4VDJCGY","2026-01-20T20:38:35.483298008Z","01KFEHS8J7P9EEBTK2FBSRFBQT","2026-01-20T20:38:35.483298008Z","01KFEJ2SGDSG53BDPAFE31F3F0","2026-01-20T20:38:35.483298008Z"
"01KFEJVRNY82N8W2SKPVFASD5W","01KFEHAM0SBSN9QYCK4NGJTWCC","2026-01-20T20:52:10.558374649Z",7,"2026-01-20T20:52:32.267598329Z","D","2026-01-20T20:52:32.212309514Z","01KFEHAM4AZFDTAG8DR1VA4141","2026-01-20T20:52:10.558374649Z","01KFEJAS01H74KYS8N629S6DTN","2026-01-20T20:52:10.558374649Z","01KFEJMJS4TK09CA08Z9CKYQZA","2026-01-20T20:52:10.558374649Z"
"01KFEJYQ7Y8F20EQXT7FWRNQ7N","01KFEHAM72H3ZNN8G0T2BCT79K","2026-01-20T20:53:47.390400513Z",10,"2026-01-20T20:53:52.559990736Z","B","2026-01-20T20:53:52.505604853Z","01KFEHAMATV7GY0NQF17M2P0MD","2026-01-20T20:53:47.390400513Z","01KFEJ5D2KZA6HXFGKH7XFG11W","2026-01-20T20:53:47.390400513Z","01KFEJMB0VKBNJ8WVXX0JE323F","2026-01-20T20:53:47.390400513Z"
"01KFEE2GG5GFEAQHE22ZDQC59V","01KFEDCC1ZHDDN3CP9JWF4PGTF","2026-01-20T19:28:28.677466961Z",10,"2026-01-20T19:28:31.562193191Z","B","2026-01-20T19:28:31.552449456Z","01KFEDCC2JDADMPT5RVP2N7S0X","2026-01-20T19:28:28.677466961Z","01KFEDQK6ZX4EYK4N5S5CFQ5FY","2026-01-20T19:28:28.677466961Z","01KFEDZ32QHVEP5DVAPEZ58S05","2026-01-20T19:28:28.677466961Z"
"01KFEHMXJ3YRRW3SK0SE7ACHE7","01KFEHA20TFYVSSENV0N2723W5","2026-01-20T20:30:57.603721251Z",20,"2026-01-20T20:30:59.441738691Z","B","2026-01-20T20:30:59.422308022Z","01KFEHA25NESP3C46R1STZWY67","2026-01-20T20:30:57.603721251Z","01KFEHB2Z6PCQ5XRWRX0AQ3SH1","2026-01-20T20:30:57.603721251Z","01KFEHHR4TAPRZH6GK98J3Z7G2","2026-01-20T20:30:57.603721251Z"
"01KFEEEEZQ0966X1B27E886PVJ","01KFEDCB0G5KS91T4MD9JTDSA4","2026-01-20T19:35:00.343820175Z",10,"2026-01-20T19:35:05.218666109Z","A","2026-01-20T19:35:02.565499806Z","01KFEDCB15BD0TYD7H0V6YZGSZ","2026-01-20T19:35:00.343820175Z","01KFEE07X889KRR9ZR3BVZBWD6","2026-01-20T19:35:00.343820175Z","01KFEE9KM9J603KKBNGXMM8RBS","2026-01-20T19:35:00.343820175Z"
"01KFEHJQPF75W20JEKDA9M1EAA","01KFEHA1MRJDJA6FNTED28Z8HF","2026-01-20T20:29:46.063154078Z",0,"2026-01-20T20:29:47.821820146Z","C","2026-01-20T20:29:47.254321279Z","01KFEHA1R32D8V3SKQA6BEDXA8","2026-01-20T20:29:46.063154078Z","01KFEHAKHNEWG0MCGFJGNXPB10","2026-01-20T20:29:46.063154078Z","01KFEHGC81QFGYDYKZ0XSHC0NQ","2026-01-20T20:29:46.063154078Z"
"01KFEJZ3S82M9ZE7K10BEJVSRP","01KFEHAM72H3ZNN8G0T2BCT79K","2026-01-20T20:54:00.232807027Z",0,"2026-01-20T20:54:05.291746012Z","C","2026-01-20T20:54:02.887989232Z","01KFEHAMATV7GY0NQF17M2P0MD","2026-01-20T20:54:00.232807027Z","01KFEJ9C86SAQ3FA5GXN0A1JWJ","2026-01-20T20:54:00.232807027Z","01KFEJMB1DC53Z2SDRK7SEMWFV","2026-01-20T20:54:00.232807027Z"
"01KFEK1FNZ83MW5315YYH9BEJ9","01KFEJ5CPJ5RGARFNN6Z0PCT4Q","2026-01-20T20:55:17.951153076Z",0,"2026-01-20T20:55:23.683608579Z","B","2026-01-20T20:55:23.402133956Z","01KFEJ5CRSNMMQKHYMFD35850B","2026-01-20T20:55:17.951153076Z","01KFEJD683V7BW0EC67T5B9T0M","2026-01-20T20:55:17.951153076Z","01KFEJRTRK52JZ36JFYA95CT3Y","2026-01-20T20:55:17.951153076Z"
"01KFEHXET18TBPVK1E3KSZ86P5","01KFEHA1EJWPRPNCXBTHCF12K2","2026-01-20T20:35:37.40964007Z",19,"2026-01-20T20:35:41.230480681Z","C","2026-01-20T20:35:41.205149087Z","01KFEHA1GRK7A014NXTNRF457G","2026-01-20T20:35:37.40964007Z","01KFEHFSGA9RW2KQK679GQ5Q17","2026-01-20T20:35:37.40964007Z","01KFEHPVMPBN5P18FWQJRJWTEE","2026-01-20T20:35:37.40964007Z"
"01KFEJJX3RV706VJ2R55KRGV29","01KFEHAM0SBSN9QYCK4NGJTWCC","2026-01-20T20:47:20.185021249Z",19,"2026-01-20T20:47:25.818299023Z","C","2026-01-20T20:47:25.748158064Z","01KFEHAM3ZX2QFEZ4F28QFW79D","2026-01-20T20:47:20.185021249Z","01KFEJ9883X77HA7T3SDA1VF8F","2026-01-20T20:47:20.185021249Z","01KFEJDCSP2EERVSP2SZTAE68E","2026-01-20T20:47:20.185021249Z"
"01KFEJA27CFJN9T7MD7QYJ9D99","01KFEHA20TFYVSSENV0N2723W5","2026-01-20T20:42:30.508781531Z",20,"2026-01-20T20:42:34.469957416Z","B","2026-01-20T20:42:34.423123316Z","01KFEHA25S6PYJD4DSX1VJG5FE","2026-01-20T20:42:30.508781531Z","01KFEHKBVRWD07VXT4ZKHQQAA6","2026-01-20T20:42:30.508781531Z","01KFEJ3HRAN0VT7K09EK2FSQWZ","2026-01-20T20:42:30.508781531Z"
"01KFEJYDGHMH94V9CDW7M1QSBM","01KFEJ5DKDD8ED3R70AXWWV7TA","2026-01-20T20:53:37.425137468Z",0,"2026-01-20T20:53:39.770324984Z","C","2026-01-20T20:53:39.695399904Z","01KFEJ5DPFFD934S0E2GQ1B9RR","2026-01-20T20:53:37.425137468Z","01KFEJJ4V0E3E83F88J6MK6KAW","2026-01-20T20:53:37.425137468Z","01KFEJVCW65HVMYHW7QV8FF1JQ","2026-01-20T20:53:37.425137468Z"
"01KFEHTCC2YQGPN1XEZGFV4R5M","01KFEHA1MRJDJA6FNTED28Z8HF","2026-01-20T20:33:56.610800578Z",20,"2026-01-20T20:33:58.552117791Z","A","2026-01-20T20:33:58.195741355Z","01KFEHA1QMX5DYGHPSSSP2RXXX","2026-01-20T20:33:56.610800578Z","01KFEHJFJ1SMX3RCX9M0MFWVF6","2026-01-20T20:33:56.610800578Z","01KFEHR300R4Z1023H2P7TMEHD","2026-01-20T20:33:56.610800578Z"
"01KFEJ18WSGR19R1Y6XQB9G9Z4","01KFEHA1W0DBA89GCQ87GA4EG5","2026-01-20T20:37:42.425377641Z",10,"2026-01-20T20:37:46.177553195Z","B","2026-01-20T20:37:46.144204145Z","01KFEHA1Z72TJ9J0QENR016CFN","2026-01-20T20:37:42.425377641Z","01KFEHVQ5CHDKKYBKKZ5GXNMKV","2026-01-20T20:37:42.425377641Z","01KFEHZ0FM9GAH9ZN5A3D2DSKG","2026-01-20T20:37:42.425377641Z"
"01KFEHSSX03G7FGXEBSTD3FPPD","01KFEHA1EJWPRPNCXBTHCF12K2","2026-01-20T20:33:37.696356347Z",10,"2026-01-20T20:33:43.71178091Z","B","2026-01-20T20:33:41.656209764Z","01KFEHA1GRK7A014NXTNRF457G","2026-01-20T20:33:37.696356347Z","01KFEHFSGA9RW2KQK679GQ5Q17","2026-01-20T20:33:37.696356347Z","01KFEHPVK4S37ANGVEY4P7Q3HW","2026-01-20T20:33:37.696356347Z"
"01KFEE3M3E78GBS1ECEAAGED5R","01KFEDCC1ZHDDN3CP9JWF4PGTF","2026-01-20T19:29:05.134836322Z",29,"2026-01-20T19:29:08.118525719Z","C","2026-01-20T19:29:08.106352443Z","01KFEDCC2JDADMPT5RVP2N7S0X","2026-01-20T19:29:05.134836322Z","01KFEDNQAB8C2AFG7D4ZXA4K64","2026-01-20T19:29:05.134836322Z","01KFEDZ332B677W4TJGRFJJNQR","2026-01-20T19:29:05.134836322Z"
"01KFEHMSPHGTFHT8M23TFWNAM4","01KFEHA1W0DBA89GCQ87GA4EG5","2026-01-20T20:30:53.649449914Z",17,"2026-01-20T20:30:55.077460745Z","D","2026-01-20T20:30:54.861857991Z","01KFEHA1ZNDEMMB0DK92YAW8BD","2026-01-20T20:30:53.649449914Z","01KFEHAFP87N0FEFRCAHH2V652","2026-01-20T20:30:53.649449914Z","01KFEHHMXP21JSNRN7JFZ6VP9A","2026-01-20T20:30:53.649449914Z"
"01KFEHVH9G6G97XVYZBJ3AMN8V","01KFEHA1MRJDJA6FNTED28Z8HF","2026-01-20T20:34:34.416198273Z",10,"2026-01-20T20:34:42.327978463Z","A","2026-01-20T20:34:39.478223153Z","01KFEHA1QYV2E8SAEFNEHYNVTN","2026-01-20T20:34:34.416198273Z","01KFEHKCW5X4CR8DBAYXY74YGJ","2026-01-20T20:34:34.416198273Z","01KFEHSJGXY0WXV86PFK4ZF3X4","2026-01-20T20:34:34.416198273Z"
"01KFEJBFZPDNWQD091PD0GPSG7","01KFEHAM0SBSN9QYCK4NGJTWCC","2026-01-20T20:43:17.366595263Z",0,"2026-01-20T20:43:40.926059651Z","A","2026-01-20T20:43:34.989056503Z","01KFEHAM45R1366856G6A2WGHZ","2026-01-20T20:43:17.366595263Z","01KFEHW1PTS6VD3Q9W69X0CC7S","2026-01-20T20:43:17.366595263Z","01KFEJBBSPQ14SNSC4NACK6855","2026-01-20T20:43:17.366595263Z"
"01KFEFSRHPHP8YMH86QXGVPGZF","01KFEDCAVEZK3QD8ZFC2PP83WE","2026-01-20T19:58:39.158726045Z",10,"2026-01-20T19:58:46.988869597Z","B","2026-01-20T19:58:44.232050249Z","01KFEDCAVZJC7DD4AH1B24TEC6","2026-01-20T19:58:39.158726045Z","01KFEFE9N9CHB9632BFKRF4P6F","2026-01-20T19:58:39.158726045Z","01KFEFNGZ25FXTWVFV2YVZGTFY","2026-01-20T19:58:39.158726045Z"
"01KFEHJTF1FGG1D1ZJ0W4ZVARJ","01KFEHA1W0DBA89GCQ87GA4EG5","2026-01-20T20:29:48.897400698Z",17,"2026-01-20T20:29:58.936331971Z","D","2026-01-20T20:29:58.921182627Z","01KFEHA1ZNDEMMB0DK92YAW8BD","2026-01-20T20:29:48.897400698Z","01KFEHAFP87N0FEFRCAHH2V652","2026-01-20T20:29:48.897400698Z","01KFEHHMWTPGGTJE2DD1XCYN30","2026-01-20T20:29:48.897400698Z"
"01KFEEC5FM8TMS9JM7CPXPJAC3","01KFEDCB0G5KS91T4MD9JTDSA4","2026-01-20T19:33:45.076780414Z",10,"2026-01-20T19:33:51.348272164Z","A","2026-01-20T19:33:49.619397825Z","01KFEDCB15BD0TYD7H0V6YZGSZ","2026-01-20T19:33:45.076780414Z","01KFEE07X889KRR9ZR3BVZBWD6","2026-01-20T19:33:45.076780414Z","01KFEE9KKRV4AZK6X2AASARHS8","2026-01-20T19:33:45.076780414Z"
"01KFEHHX5Q9VR411XVMFP45N1F","01KFEHA1MRJDJA6FNTED28Z8HF","2026-01-20T20:29:18.903509163Z",10,"2026-01-20T20:29:29.01526091Z","B","2026-01-20T20:29:22.817111714Z","01KFEHA1R32D8V3SKQA6BEDXA8","2026-01-20T20:29:18.903509163Z","01KFEHBPM0QM8692M9NW91QBAJ","2026-01-20T20:29:18.903509163Z","01KFEHGC71SPYT94GGTW0199FW","2026-01-20T20:29:18.903509163Z"
"01KFEHT4J0A2MFC4DM0MK6V4K9","01KFEHA1EJWPRPNCXBTHCF12K2","2026-01-20T20:33:48.608155981Z",0,"2026-01-20T20:33:51.348429165Z","C","2026-01-20T20:33:51.310705115Z","01KFEHA1GRK7A014NXTNRF457G","2026-01-20T20:33:48.608155981Z","01KFEHG6C81JZ80FMVPH00AMCG","2026-01-20T20:33:48.608155981Z","01KFEHPVKFK37PKBAAGX3F05FX","2026-01-20T20:33:48.608155981Z"
"01KFEHZ39PBDWDQRAFN3CAAZF1","01KFEHA1W0DBA89GCQ87GA4EG5","2026-01-20T20:36:31.158957735Z",0,"2026-01-20T20:36:38.350652518Z","B","2026-01-20T20:36:38.32326689Z","01KFEHA1Z72TJ9J0QENR016CFN","2026-01-20T20:36:31.158957735Z","01KFEHMDY2YXCAA0WMRPTSEKC9","2026-01-20T20:36:31.158957735Z","01KFEHZ0E4ZE72FYQ3JJQHF2AD","2026-01-20T20:36:31.158957735Z"
"01KFEJB3110YH5A9CHYZP7S8DV","01KFEHA20TFYVSSENV0N2723W5","2026-01-20T20:43:04.097832867Z",20,"2026-01-20T20:43:05.995638223Z","B","2026-01-20T20:43:05.959379592Z","01KFEHA25S6PYJD4DSX1VJG5FE","2026-01-20T20:43:04.097832867Z","01KFEHKBVRWD07VXT4ZKHQQAA6","2026-01-20T20:43:04.097832867Z","01KFEJ3HSC705RFRND7SVVWC4J","2026-01-20T20:43:04.097832867Z"
"01KFEEDM7NQZTT1HWDS5EDRMSR","01KFEDCB7P38BTZ4ACVDP6P0XN","2026-01-20T19:34:32.949462338Z",19,"2026-01-20T19:34:44.975530098Z","C","2026-01-20T19:34:36.381156215Z","01KFEDCB85NRAF0XG25ABR62N5","2026-01-20T19:34:32.949462338Z","01KFEE7Q9A8CN1TS35QENG1JN7","2026-01-20T19:34:32.949462338Z","01KFEEC6Q1DRF5XWNJNKV6NWEH","2026-01-20T19:34:32.949462338Z"
"01KFEK37PV4FM86ZGD14RFF4K3","01KFEJ5C7H3Z5SGPPT0TCGAEB2","2026-01-20T20:56:15.323232956Z",19,"2026-01-20T20:56:18.459989516Z","C","2026-01-20T20:56:18.381383968Z","01KFEJ5C9822567XDA8A9QG0G3","2026-01-20T20:56:15.323232956Z","01KFEJRM0CNFF8YTKCA6JC16CE","2026-01-20T20:56:15.323232956Z","01KFEK0Q9NTG966JRYW4CWNDW7","2026-01-20T20:56:15.323232956Z"
"01KFEEJV3HYJTCMQAC9QBW1QDY","01KFEDCCAW3ZY6KSKNHTKZ971F","2026-01-20T19:37:23.826024271Z",10,"2026-01-20T19:37:32.595080481Z","B","2026-01-20T19:37:31.021416256Z","01KFEDCCBDJ82W4YK2PN7VDTAX","2026-01-20T19:37:23.826024271Z","01KFEE85J92QXNE2691FZPHW2Z","2026-01-20T19:37:23.826024271Z","01KFEEE809G09HS720QEE49ZNY","2026-01-20T19:37:23.826024271Z"
"01KFEHYMNHWM671HWBSEQ6SYXF","01KFEHA1EJWPRPNCXBTHCF12K2","2026-01-20T20:36:16.177102426Z",10,"2026-01-20T20:36:32.289097933Z","B","2026-01-20T20:36:32.182974568Z","01KFEHA1GRK7A014NXTNRF457G","2026-01-20T20:36:16.177102426Z","01KFEHFSGA9RW2KQK679GQ5Q17","2026-01-20T20:36:16.177102426Z","01KFEHPVNAV2XWMVPDQM4D4PW5","2026-01-20T20:36:16.177102426Z"
"01KFEJFMK5MVPR6DSGCAFTYRXH","01KFEHAM0SBSN9QYCK4NGJTWCC","2026-01-20T20:45:33.157806408Z",20,"2026-01-20T20:45:49.950061126Z","A","2026-01-20T20:45:49.892621565Z","01KFEHAM45R1366856G6A2WGHZ","2026-01-20T20:45:33.157806408Z","01KFEHYH6DP091MJE3KD0CRNR1","2026-01-20T20:45:33.157806408Z","01KFEJBBPTWMCDWC3WVH6FAGX9","2026-01-20T20:45:33.157806408Z"
"01KFEK6CMK8FMNZ38EWYQCF48V","01KFEJ5C7H3Z5SGPPT0TCGAEB2","2026-01-20T20:57:58.675064924Z",10,"2026-01-20T20:58:07.23499108Z","B","2026-01-20T20:58:03.06138214Z","01KFEJ5C9822567XDA8A9QG0G3","2026-01-20T20:57:58.675064924Z","01KFEJTATNKXCTW38TD0J18TFE","2026-01-20T20:57:58.675064924Z","01KFEK0Q4DNBTNG0DNTWP8EMSZ","2026-01-20T20:57:58.675064924Z"
"01KFEHKW93ERYQBR034C20K6Q7","01KFEHA1EJWPRPNCXBTHCF12K2","2026-01-20T20:30:23.523791717Z",17,"2026-01-20T20:30:25.082679332Z","D","2026-01-20T20:30:24.888551945Z","01KFEHA1GK3DQ7TRWFWA7J267H","2026-01-20T20:30:23.523791717Z","01KFEHC1N15W3XF2S9JNREZ5AJ","2026-01-20T20:30:23.523791717Z","01KFEHFC2EM9MNV0G9BXM12NJA","2026-01-20T20:30:23.523791717Z"
"01KFEHV0WZJ8AXH32SQG5G9BPM","01KFEHA1MRJDJA6FNTED28Z8HF","2026-01-20T20:34:17.63115812Z",10,"2026-01-20T20:34:21.45702231Z","B","2026-01-20T20:34:21.267337489Z","01KFEHA1QDYX27N1S60Z95NKD9","2026-01-20T20:34:17.63115812Z","01KFEHF7572SXHJWAG2WR57G7K","2026-01-20T20:34:17.63115812Z","01KFEHQRZF4PNS0DSGWRK08YNQ","2026-01-20T20:34:17.63115812Z"
"01KFEJZBB409DMS701Y5YP5X0X","01KFEJ5DKDD8ED3R70AXWWV7TA","2026-01-20T20:54:07.97233107Z",29,"2026-01-20T20:54:09.988371834Z","C","2026-01-20T20:54:09.837943477Z","01KFEJ5DPFFD934S0E2GQ1B9RR","2026-01-20T20:54:07.97233107Z","01KFEJJ4V0E3E83F88J6MK6KAW","2026-01-20T20:54:07.97233107Z","01KFEJVCYQJMW9GEYXZ69PX0S7","2026-01-20T20:54:07.97233107Z"
"01KFEHKWR909370MT02BHF5ZFX","01KFEHA20TFYVSSENV0N2723W5","2026-01-20T20:30:24.009577956Z",20,"2026-01-20T20:30:29.91876289Z","A","2026-01-20T20:30:25.078636219Z","01KFEHA25NESP3C46R1STZWY67","2026-01-20T20:30:24.009577956Z","01KFEHE6NX6FXVRTV1KPH8TKWC","2026-01-20T20:30:24.009577956Z","01KFEHHR5P9Q04BZGGWQ0DE00Y","2026-01-20T20:30:24.009577956Z"
"01KFEHWXC3GSNBHBXJ4N8HWJSE","01KFEHA1MRJDJA6FNTED28Z8HF","2026-01-20T20:35:19.555264854Z",10,"2026-01-20T20:35:24.572326011Z","B","2026-01-20T20:35:24.472323076Z","01KFEHA1QDYX27N1S60Z95NKD9","2026-01-20T20:35:19.555264854Z","01KFEHF7572SXHJWAG2WR57G7K","2026-01-20T20:35:19.555264854Z","01KFEHQRYF4NW9W6C88K8WZ7AH","2026-01-20T20:35:19.555264854Z"
"01KFEJ33CGA036FNRWP70K4H77","01KFEHA1W0DBA89GCQ87GA4EG5","2026-01-20T20:38:42.320865865Z",0,"2026-01-20T20:38:47.620583128Z","A","2026-01-20T20:38:47.591763977Z","01KFEHA1Z72TJ9J0QENR016CFN","2026-01-20T20:38:42.320865865Z","01KFEHVQ5CHDKKYBKKZ5GXNMKV","2026-01-20T20:38:42.320865865Z","01KFEHZ0HHECJHPSC6DB5NZKYZ","2026-01-20T20:38:42.320865865Z"
"01KFEJ61X68XRCS7K99HBWFPK4","01KFEHA20TFYVSSENV0N2723W5","2026-01-20T20:40:19.110395717Z",20,"2026-01-20T20:40:57.952528386Z","A","2026-01-20T20:40:57.906503131Z","01KFEHA25S6PYJD4DSX1VJG5FE","2026-01-20T20:40:19.110395717Z","01KFEHWFN7B5ZY9MX1Q0P1B17R","2026-01-20T20:40:19.110395717Z","01KFEJ3HPKCNRE1VBVARDTQWG0","2026-01-20T20:40:19.110395717Z"
"01KFEERK5DZTFR1Q6CDWN4P1E6","01KFEDCCH0VMFH7P25F40PD43N","2026-01-20T19:40:32.301466776Z",0,"2026-01-20T19:40:44.308513029Z","A","2026-01-20T19:40:41.712748165Z","01KFEDCCHJADFRJT5F5VJ9ST9F","2026-01-20T19:40:32.301466776Z","01KFEEKE9WXRZWBRXYDQ5J10WV","2026-01-20T19:40:32.301466776Z","01KFEERHRS73K41K3YZPWJHWZ2","2026-01-20T19:40:32.301466776Z"
"01KFEHGE528564W0D5TRZM3EK1","01KFEHA1MRJDJA6FNTED28Z8HF","2026-01-20T20:28:30.755009288Z",0,"2026-01-20T20:28:38.394719523Z","C","2026-01-20T20:28:33.07607939Z","01KFEHA1R32D8V3SKQA6BEDXA8","2026-01-20T20:28:30.755009288Z","01KFEHBPM0QM8692M9NW91QBAJ","2026-01-20T20:28:30.755009288Z","01KFEHGC6TPD7V98256YMX8QF8","2026-01-20T20:28:30.755009288Z"
"01KFEJQ1NPXE8ZHB5C3MBX1H4X","01KFEHAM72H3ZNN8G0T2BCT79K","2026-01-20T20:49:35.926430083Z",29,"2026-01-20T20:50:48.591336941Z","C","2026-01-20T20:50:13.364391266Z","01KFEHAMATV7GY0NQF17M2P0MD","2026-01-20T20:49:35.926430083Z","01KFEJ5D2KZA6HXFGKH7XFG11W","2026-01-20T20:49:35.926430083Z","01KFEJMAVYCV7MB06H90WBN1Y9","2026-01-20T20:49:35.926430083Z"
"01KFEHT7FQ9ZSV1YQ2KF6G0E99","01KFEHA1MRJDJA6FNTED28Z8HF","2026-01-20T20:33:51.607963245Z",20,"2026-01-20T20:33:53.564122883Z","A","2026-01-20T20:33:53.533691107Z","01KFEHA1QMX5DYGHPSSSP2RXXX","2026-01-20T20:33:51.607963245Z","01KFEHJFJ1SMX3RCX9M0MFWVF6","2026-01-20T20:33:51.607963245Z","01KFEHR2Z9A4YZ9ZH81CZD14VX","2026-01-20T20:33:51.607963245Z"
"01KFEEE8PVB04XPT104W0QCF2E","01KFEDCCAW3ZY6KSKNHTKZ971F","2026-01-20T19:34:53.915927711Z",0,"2026-01-20T19:35:04.145995961Z","B","2026-01-20T19:35:04.13104875Z","01KFEDCCBDJ82W4YK2PN7VDTAX","2026-01-20T19:34:53.915927711Z","01KFEE6KZQR5PP1P0PS1XNKJRD","2026-01-20T19:34:53.915927711Z","01KFEEE800PMMNJZHVHRN1YZYN","2026-01-20T19:34:53.915927711Z"
"01KFEHN7K0R6YTAX2E37DM63GG","01KFEHA1W0DBA89GCQ87GA4EG5","2026-01-20T20:31:07.872927317Z",29,"2026-01-20T20:31:09.222377362Z","C","2026-01-20T20:31:09.201057636Z","01KFEHA1ZNDEMMB0DK92YAW8BD","2026-01-20T20:31:07.872927317Z","01KFEHEBSJCV2WCY6FBMMN65A3","2026-01-20T20:31:07.872927317Z","01KFEHHMXZHHDJDR51Q15SHPK8","2026-01-20T20:31:07.872927317Z"
"01KFEJ9C21XZS137V5Z3K83B1W","01KFEHAKK9QMW81MWT2FF1CSZA","2026-01-20T20:42:07.809464952Z",19,"2026-01-20T20:42:18.033607684Z","C","2026-01-20T20:42:17.98499289Z","01KFEHAKMDAJRN7M0QA4VDJCGY","2026-01-20T20:42:07.809464952Z","01KFEHW86W3STHQPDAT1BP1CXX","2026-01-20T20:42:07.809464952Z","01KFEJ2SJTRZFYTAXMXEE66TEH","2026-01-20T20:42:07.809464952Z"
"01KFEJAJZGZ6TEF4XVZXM49QHG","01KFEHA20TFYVSSENV0N2723W5","2026-01-20T20:42:47.664335994Z",20,"2026-01-20T20:42:52.897661985Z","B","2026-01-20T20:42:50.410952425Z","01KFEHA25S6PYJD4DSX1VJG5FE","2026-01-20T20:42:47.664335994Z","01KFEHKBVRWD07VXT4ZKHQQAA6","2026-01-20T20:42:47.664335994Z","01KFEJ3HRPDV4G6447T3WN0HTA","2026-01-20T20:42:47.664335994Z"
"01KFEE6BT9HN5RV9NCDXDB7SF0","01KFEDCB0G5KS91T4MD9JTDSA4","2026-01-20T19:30:34.953807228Z",10,"2026-01-20T19:30:37.763239816Z","B","2026-01-20T19:30:37.749894579Z","01KFEDCB197E7YMN5STVXKHS22","2026-01-20T19:30:34.953807228Z","01KFEDZFSW9KBCS8VJN8KBS8T4","2026-01-20T19:30:34.953807228Z","01KFEE2FC0NCXNN30B8EHW3QHJ","2026-01-20T19:30:34.953807228Z"
"01KFEEC7KP2JC618788RFPHC7N","01KFEDCB7P38BTZ4ACVDP6P0XN","2026-01-20T19:33:47.254080339Z",0,"2026-01-20T19:34:04.728620637Z","B","2026-01-20T19:34:04.712229836Z","01KFEDCB85NRAF0XG25ABR62N5","2026-01-20T19:33:47.254080339Z","01KFEE2GDYZKFQF2HSAA1FMRTA","2026-01-20T19:33:47.254080339Z","01KFEEC6QF72QRVRP9AEDYXFD7","2026-01-20T19:33:47.254080339Z"
"01KFEJXF06EMSEXSTS71HDGJSS","01KFEJ5DKDD8ED3R70AXWWV7TA","2026-01-20T20:53:06.182320918Z",0,"2026-01-20T20:53:10.384345534Z","C","2026-01-20T20:53:07.852751355Z","01KFEJ5DPFFD934S0E2GQ1B9RR","2026-01-20T20:53:06.182320918Z","01KFEJPRKV9117XEB7P0YJ5NT5","2026-01-20T20:53:06.182320918Z","01KFEJVCRS7JX6GZQA5PQ0KYQ0","2026-01-20T20:53:06.182320918Z"
"01KFEJYZM80NNHTFT3D5CWQZY7","01KFEJ5CPJ5RGARFNN6Z0PCT4Q","2026-01-20T20:53:55.976045632Z",19,"2026-01-20T20:54:06.424519356Z","C","2026-01-20T20:54:05.559724803Z","01KFEJ5CRSNMMQKHYMFD35850B","2026-01-20T20:53:55.976045632Z","01KFEJD683V7BW0EC67T5B9T0M","2026-01-20T20:53:55.976045632Z","01KFEJRTPS4Z2J9FWZ8H2CQAAV","2026-01-20T20:53:55.976045632Z"
"01KFEHJJGJSFV48CRJRRMG5JWB","01KFEHA1W0DBA89GCQ87GA4EG5","2026-01-20T20:29:40.754738683Z",10,"2026-01-20T20:29:44.721716127Z","B","2026-01-20T20:29:43.610051246Z","01KFEHA1ZNDEMMB0DK92YAW8BD","2026-01-20T20:29:40.754738683Z","01KFEHAFP87N0FEFRCAHH2V652","2026-01-20T20:29:40.754738683Z","01KFEHHMVQ06X8AGYV0PYFPA6H","2026-01-20T20:29:40.754738683Z"
"01KFEFT5QQR026T83KZNZ64QXY","01KFEDCAVEZK3QD8ZFC2PP83WE","2026-01-20T19:58:52.663198563Z",19,"2026-01-20T19:58:58.694344277Z","C","2026-01-20T19:58:54.165632674Z","01KFEDCAVZJC7DD4AH1B24TEC6","2026-01-20T19:58:52.663198563Z","01KFEFE9N9CHB9632BFKRF4P6F","2026-01-20T19:58:52.663198563Z","01KFEFNH028B44SW7SRX7PBQ0X","2026-01-20T19:58:52.663198563Z"
"01KFEJPVE2VRGQ9EW5AA7NPBVJ","01KFEHAM0SBSN9QYCK4NGJTWCC","2026-01-20T20:49:29.538783103Z",7,"2026-01-20T20:49:52.367834133Z","D","2026-01-20T20:49:37.638765884Z","01KFEHAM4AZFDTAG8DR1VA4141","2026-01-20T20:49:29.538783103Z","01KFEJFMC7CFQF46Z46BV1EM1Q","2026-01-20T20:49:29.538783103Z","01KFEJMJXQJDQBZGTEJYJXP6BH","2026-01-20T20:49:29.538783103Z"
"01KFEEJ6J5M3NJ1KRNCRQNR5C1","01KFEDCB7P38BTZ4ACVDP6P0XN","2026-01-20T19:37:02.789186806Z",20,"2026-01-20T19:37:07.853502952Z","A","2026-01-20T19:37:07.838814516Z","01KFEDCB85NRAF0XG25ABR62N5","2026-01-20T19:37:02.789186806Z","01KFEE2GDYZKFQF2HSAA1FMRTA","2026-01-20T19:37:02.789186806Z","01KFEEC6QAYQ8FTT1983XKTPWR","2026-01-20T19:37:02.789186806Z"
"01KFEFPY9JGS7E7PXZMVH660WN","01KFEDCAVEZK3QD8ZFC2PP83WE","2026-01-20T19:57:06.738421459Z",10,"2026-01-20T19:57:23.068721264Z","B","2026-01-20T19:57:09.817422086Z","01KFEDCAVZJC7DD4AH1B24TEC6","2026-01-20T19:57:06.738421459Z","01KFEFE9N9CHB9632BFKRF4P6F","2026-01-20T19:57:06.738421459Z","01KFEFNH0JD152MDY1HAN1BFCQ","2026-01-20T19:57:06.738421459Z"
"01KFEJKS04E59GGJVR6S56221R","01KFEHAM0SBSN9QYCK4NGJTWCC","2026-01-20T20:47:48.740193099Z",19,"2026-01-20T20:47:51.857415059Z","C","2026-01-20T20:47:51.613637486Z","01KFEHAM3ZX2QFEZ4F28QFW79D","2026-01-20T20:47:48.740193099Z","01KFEJ9883X77HA7T3SDA1VF8F","2026-01-20T20:47:48.740193099Z","01KFEJDCTYTRC0AHW9GD9PYA41","2026-01-20T20:47:48.740193099Z"
"01KFEFQMS4AS928AWEZXZF0WRD","01KFEDCAVEZK3QD8ZFC2PP83WE","2026-01-20T19:57:29.764901806Z",10,"2026-01-20T19:57:38.125082625Z","B","2026-01-20T19:57:38.099341673Z","01KFEDCAVZJC7DD4AH1B24TEC6","2026-01-20T19:57:29.764901806Z","01KFEFG8GX8B9102EGAWCJ2ZB0","2026-01-20T19:57:29.764901806Z","01KFEFNH0FTZQWZK4XE6D1QY20","2026-01-20T19:57:29.764901806Z"
"01KFEHZKR2W5WN1M15EDA574TP","01KFEHA1W0DBA89GCQ87GA4EG5","2026-01-20T20:36:48.002773896Z",0,"2026-01-20T20:36:55.516288104Z","C","2026-01-20T20:36:55.486885353Z","01KFEHA1ZSVYK8DGYZZSV53FQM","2026-01-20T20:36:48.002773896Z","01KFEHKWX6S3CRVA3YVBJBPSWT","2026-01-20T20:36:48.002773896Z","01KFEHWYV8HPKZZ6EXCMY9NHA5","2026-01-20T20:36:48.002773896Z"
"01KFEJK863H9YCHQTB8R3GCRXD","01KFEHAM0SBSN9QYCK4NGJTWCC","2026-01-20T20:47:31.523910663Z",10,"2026-01-20T20:47:35.781225084Z","B","2026-01-20T20:47:33.829733868Z","01KFEHAM3ZX2QFEZ4F28QFW79D","2026-01-20T20:47:31.523910663Z","01KFEJ99258GDSZYNA4N0ER3PR","2026-01-20T20:47:31.523910663Z","01KFEJDCT21RSTZVN86PQ9B0RY","2026-01-20T20:47:31.523910663Z"
"01KFEJEN4VXY15K7Y2Y5PX67EB","01KFEHAM0SBSN9QYCK4NGJTWCC","2026-01-20T20:45:00.955679378Z",0,"2026-01-20T20:45:04.98278985Z","A","2026-01-20T20:45:03.123775531Z","01KFEHAM3ZX2QFEZ4F28QFW79D","2026-01-20T20:45:00.955679378Z","01KFEJ99258GDSZYNA4N0ER3PR","2026-01-20T20:45:00.955679378Z","01KFEJDCP17X3MJFAW75P0MHZ5","2026-01-20T20:45:00.955679378Z"
"01KFEFRM10JEBHT8TPPXFB1PN5","01KFEDCAVEZK3QD8ZFC2PP83WE","2026-01-20T19:58:01.760469745Z",19,"2026-01-20T19:58:10.098696951Z","C","2026-01-20T19:58:03.240847906Z","01KFEDCAVZJC7DD4AH1B24TEC6","2026-01-20T19:58:01.760469745Z","01KFEFE9N9CHB9632BFKRF4P6F","2026-01-20T19:58:01.760469745Z","01KFEFNH07BKKVP678QXTHEHF8","2026-01-20T19:58:01.760469745Z"
"01KFEFVR9BPDSJBM46TYKHVHDW","01KFEDCAVEZK3QD8ZFC2PP83WE","2026-01-20T19:59:44.427947575Z",20,"2026-01-20T19:59:52.641405294Z","A","2026-01-20T19:59:46.52858203Z","01KFEDCAVZJC7DD4AH1B24TEC6","2026-01-20T19:59:44.427947575Z","01KFEFE9N9CHB9632BFKRF4P6F","2026-01-20T19:59:44.427947575Z","01KFEFNGZJVF9K4QR5AFNHF7ST","2026-01-20T19:59:44.427947575Z"
"01KFEJ2WYX7EMQX3490SBSZCVR","01KFEHA1W0DBA89GCQ87GA4EG5","2026-01-20T20:38:35.741903902Z",19,"2026-01-20T20:38:40.344938199Z","C","2026-01-20T20:38:40.312501249Z","01KFEHA1Z72TJ9J0QENR016CFN","2026-01-20T20:38:35.741903902Z","01KFEHVQ5CHDKKYBKKZ5GXNMKV","2026-01-20T20:38:35.741903902Z","01KFEHZ0H8ZJSFTB0HXTXSM2AV","2026-01-20T20:38:35.741903902Z"
"01KFEJKK6G5AYGKA5ZPXHNVZFH","01KFEHAM0SBSN9QYCK4NGJTWCC","2026-01-20T20:47:42.800810402Z",19,"2026-01-20T20:47:45.983213774Z","C","2026-01-20T20:47:45.924634839Z","01KFEHAM3ZX2QFEZ4F28QFW79D","2026-01-20T20:47:42.800810402Z","01KFEJ9883X77HA7T3SDA1VF8F","2026-01-20T20:47:42.800810402Z","01KFEJDCTH4JGCYH9RGWVECJBE","2026-01-20T20:47:42.800810402Z"
"01KFEDX7MMNBD93HF3R27Z342A","01KFEDCC1ZHDDN3CP9JWF4PGTF","2026-01-20T19:25:35.764275793Z",29,"2026-01-20T19:25:40.940230105Z","C","2026-01-20T19:25:40.924225079Z","01KFEDCC2JDADMPT5RVZQ93BA8","2026-01-20T19:25:35.764275793Z","01KFEDNRR64JDCJYA79FBRE8X8","2026-01-20T19:25:35.764275793Z","01KFEDVKB6NWPBC6FNEZVG1P5X","2026-01-20T19:25:35.764275793Z"
"01KFEFP2SFG42WPR36VHTGE58W","01KFEDC9EK94N2WNCHE5RRQHCJ","2026-01-20T19:56:38.575930258Z",7,"2026-01-20T19:56:41.149742374Z","D","2026-01-20T19:56:40.802062929Z","01KFEDC9FF7T49EPA99GZDGH84","2026-01-20T19:56:38.575930258Z","01KFEFBN24Q9S7DG3606EXV8XC","2026-01-20T19:56:38.575930258Z","01KFEFG2R576EAWM9AY8VB2XCE","2026-01-20T19:56:38.575930258Z"
"01KFEK12F0828D85D3ZQR2MTKV","01KFEJ5CPJ5RGARFNN6Z0PCT4Q","2026-01-20T20:55:04.416867501Z",17,"2026-01-20T20:55:11.357642271Z","D","2026-01-20T20:55:11.286958963Z","01KFEJ5CRSNMMQKHYMFD35850B","2026-01-20T20:55:04.416867501Z","01KFEJD683V7BW0EC67T5B9T0M","2026-01-20T20:55:04.416867501Z","01KFEJRTQYW2KVEWPM2EV8H4F0","2026-01-20T20:55:04.416867501Z"
"01KFEHN43J8V24MFP54FM2R0VF","01KFEHA20TFYVSSENV0N2723W5","2026-01-20T20:31:04.306654165Z",20,"2026-01-20T20:31:05.599856634Z","A","2026-01-20T20:31:05.51323486Z","01KFEHA25NESP3C46R1STZWY67","2026-01-20T20:31:04.306654165Z","01KFEHE6NX6FXVRTV1KPH8TKWC","2026-01-20T20:31:04.306654165Z","01KFEHHR4M8NDSM9XKKWG992R5","2026-01-20T20:31:04.306654165Z"
"01KFEHR52BBTE0GKCQ83W1D3KY","01KFEHA1MRJDJA6FNTED28Z8HF","2026-01-20T20:32:43.595119161Z",0,"2026-01-20T20:33:00.203787214Z","A","2026-01-20T20:32:50.30241706Z","01KFEHA1QMX5DYGHPSSSP2RXXX","2026-01-20T20:32:43.595119161Z","01KFEHH299EZ808S0B86915EW8","2026-01-20T20:32:43.595119161Z","01KFEHR2YZPCNTTPZQ9AQ773XQ","2026-01-20T20:32:43.595119161Z"
"01KFEHXZ2NTHS0BGQ32N1DDA2F","01KFEHA1MRJDJA6FNTED28Z8HF","2026-01-20T20:35:54.0690413Z",17,"2026-01-20T20:35:58.558558627Z","D","2026-01-20T20:35:57.508290202Z","01KFEHA1QYV2E8SAEFNEHYNVTN","2026-01-20T20:35:54.0690413Z","01KFEHKCW5X4CR8DBAYXY74YGJ","2026-01-20T20:35:54.0690413Z","01KFEHSJJ8BN25BMHZA75B7QEM","2026-01-20T20:35:54.0690413Z"
"01KFEE3AX87P0SECSA4J7YMJA3","01KFEDCC1ZHDDN3CP9JWF4PGTF","2026-01-20T19:28:55.720605903Z",17,"2026-01-20T19:28:58.074323391Z","D","2026-01-20T19:28:57.658468236Z","01KFEDCC2JDADMPT5RVP2N7S0X","2026-01-20T19:28:55.720605903Z","01KFEDQK6ZX4EYK4N5S5CFQ5FY","2026-01-20T19:28:55.720605903Z","01KFEDZ3302XKAJ5A86C2K5X8E","2026-01-20T19:28:55.720605903Z"
"01KFEEV9BCJB8MSG5HT6EKDWQ8","01KFEDCCAW3ZY6KSKNHTKZ971F","2026-01-20T19:42:00.556227247Z",0,"2026-01-20T19:42:15.536955469Z","D","2026-01-20T19:42:15.51362639Z","01KFEDCCBE716PRHN8Q6NQV6ZT","2026-01-20T19:42:00.556227247Z","01KFEEMXPGKZB6AS6D6H40GZ8R","2026-01-20T19:42:00.556227247Z","01KFEEV7V3HRE33Z26173TWBJ1","2026-01-20T19:42:00.556227247Z"
"01KFEHJ78VQAF739TFFTF9M048","01KFEHA1EJWPRPNCXBTHCF12K2","2026-01-20T20:29:29.244002167Z",0,"2026-01-20T20:29:35.770908257Z","B","2026-01-20T20:29:31.541563641Z","01KFEHA1GK3DQ7TRWFWA7J267H","2026-01-20T20:29:29.244002167Z","01KFEHBP1ZE2AV6NAD8SG9ZGBW","2026-01-20T20:29:29.244002167Z","01KFEHFC1S0HWHA5HRNXEGKKE4","2026-01-20T20:29:29.244002167Z"
"01KFEJZBBPEPHARJ6ZKMK1G58F","01KFEJ5DKDD8ED3R70AXWWV7TA","2026-01-20T20:54:07.990276543Z",17,"2026-01-20T20:54:09.988371834Z","D","2026-01-20T20:54:09.913041768Z","01KFEJ5DPFFD934S0E2GQ1B9RR","2026-01-20T20:54:07.990276543Z","01KFEJPRKV9117XEB7P0YJ5NT5","2026-01-20T20:54:07.990276543Z","01KFEJVCYQJMW9GEYXZ69PX0S7","2026-01-20T20:54:07.990276543Z"
"01KFEHMVS7NRQ15PHZ3F72TYM1","01KFEHA1MRJDJA6FNTED28Z8HF","2026-01-20T20:30:55.78303611Z",0,"2026-01-20T20:30:58.814881868Z","D","2026-01-20T20:30:57.234713193Z","01KFEHA1R32D8V3SKQA6BEDXA8","2026-01-20T20:30:55.78303611Z","01KFEHBPM0QM8692M9NW91QBAJ","2026-01-20T20:30:55.78303611Z","01KFEHGC94ZFJXD2GEV68YM2J1","2026-01-20T20:30:55.78303611Z"
"01KFEHN73KCXFHAR8FB58HEBFG","01KFEHA20TFYVSSENV0N2723W5","2026-01-20T20:31:07.379868596Z",20,"2026-01-20T20:31:08.715426487Z","B","2026-01-20T20:31:08.68618698Z","01KFEHA25NESP3C46R1STZWY67","2026-01-20T20:31:07.379868596Z","01KFEHB2Z6PCQ5XRWRX0AQ3SH1","2026-01-20T20:31:07.379868596Z","01KFEHHR4GSN86YJ62510N61RK","2026-01-20T20:31:07.379868596Z"
"01KFEESC10Y966NKHE0C42PNS7","01KFEDCCH0VMFH7P25F40PD43N","2026-01-20T19:40:57.760899462Z",0,"2026-01-20T19:41:07.11179576Z","A","2026-01-20T19:41:02.417302608Z","01KFEDCCHJADFRJT5F5VJ9ST9F","2026-01-20T19:40:57.760899462Z","01KFEEJDGDWEMZQAHJH9Z7FVC3","2026-01-20T19:40:57.760899462Z","01KFEERHT9K07SXJCZD9EV6ZK2","2026-01-20T19:40:57.760899462Z"
"01KFEHK6NZSE5MZXRBJCZWDF2J","01KFEHA20TFYVSSENV0N2723W5","2026-01-20T20:30:01.408023668Z",19,"2026-01-20T20:30:08.451059854Z","C","2026-01-20T20:30:08.419882585Z","01KFEHA25NESP3C46R1STZWY67","2026-01-20T20:30:01.408023668Z","01KFEHB2Z6PCQ5XRWRX0AQ3SH1","2026-01-20T20:30:01.408023668Z","01KFEHHR5WZVN3N0EJS7YC2QHK","2026-01-20T20:30:01.408023668Z"
"01KFEJAX2ZY59HGF0RQW1M3QE1","01KFEHA20TFYVSSENV0N2723W5","2026-01-20T20:42:58.015916482Z",20,"2026-01-20T20:43:01.125613452Z","A","2026-01-20T20:42:59.531315373Z","01KFEHA25S6PYJD4DSX1VJG5FE","2026-01-20T20:42:58.015916482Z","01KFEHWFN7B5ZY9MX1Q0P1B17R","2026-01-20T20:42:58.015916482Z","01KFEJ3HS1KV35AJXA1WJD5QZH","2026-01-20T20:42:58.015916482Z"
"01KFEJDWJ47YSPSAJXQTRCCS5F","01KFEHAM0SBSN9QYCK4NGJTWCC","2026-01-20T20:44:35.780498077Z",20,"2026-01-20T20:44:57.36018256Z","A","2026-01-20T20:44:57.304578161Z","01KFEHAM45R1366856G6A2WGHZ","2026-01-20T20:44:35.780498077Z","01KFEHYH6DP091MJE3KD0CRNR1","2026-01-20T20:44:35.780498077Z","01KFEJBBNC9YFDS33S0V1TA786","2026-01-20T20:44:35.780498077Z"
"01KFEJRR3ARCW99YM45TWSDF71","01KFEHAM0SBSN9QYCK4NGJTWCC","2026-01-20T20:50:31.658330713Z",0,"2026-01-20T20:50:40.171815424Z","C","2026-01-20T20:50:36.712178768Z","01KFEHAM4AZFDTAG8DR1VA4141","2026-01-20T20:50:31.658330713Z","01KFEJFMC7CFQF46Z46BV1EM1Q","2026-01-20T20:50:31.658330713Z","01KFEJMJX6NH1JNPXEAKQNNJHZ","2026-01-20T20:50:31.658330713Z"
"01KFEJYZKQHECKPB6GW33GS73T","01KFEJ5CPJ5RGARFNN6Z0PCT4Q","2026-01-20T20:53:55.959869214Z",10,"2026-01-20T20:54:06.424519356Z","B","2026-01-20T20:54:06.373324075Z","01KFEJ5CRSNMMQKHYMFD35850B","2026-01-20T20:53:55.959869214Z","01KFEJHQKQJTKAV5X447CE3YRT","2026-01-20T20:53:55.959869214Z","01KFEJRTPS4Z2J9FWZ8H2CQAAV","2026-01-20T20:53:55.959869214Z"
"01KFEK0X8P1XZT29KBYTPEQ6GX","01KFEJ5C7H3Z5SGPPT0TCGAEB2","2026-01-20T20:54:59.094388434Z",0,"2026-01-20T20:55:12.123095093Z","B","2026-01-20T20:55:09.469988326Z","01KFEJ5C9822567XDA8A9QG0G3","2026-01-20T20:54:59.094388434Z","01KFEJTATNKXCTW38TD0J18TFE","2026-01-20T20:54:59.094388434Z","01KFEK0PZ5180C9D005PK1WQSG","2026-01-20T20:54:59.094388434Z"
"01KFEHMXJ8J5MNNBAFFPB8XPDS","01KFEHA20TFYVSSENV0N2723W5","2026-01-20T20:30:57.608333619Z",20,"2026-01-20T20:30:59.441738691Z","A","2026-01-20T20:30:58.809209422Z","01KFEHA25NESP3C46R1STZWY67","2026-01-20T20:30:57.608333619Z","01KFEHE6NX6FXVRTV1KPH8TKWC","2026-01-20T20:30:57.608333619Z","01KFEHHR4TAPRZH6GK98J3Z7G2","2026-01-20T20:30:57.608333619Z"
"01KFEJ4YYJ4NF1CPM7EG53V0E4","01KFEHAKK9QMW81MWT2FF1CSZA","2026-01-20T20:39:43.314914493Z",10,"2026-01-20T20:39:52.797851266Z","B","2026-01-20T20:39:44.660819245Z","01KFEHAKMDAJRN7M0QA4VDJCGY","2026-01-20T20:39:43.314914493Z","01KFEHS8J7P9EEBTK2FBSRFBQT","2026-01-20T20:39:43.314914493Z","01KFEJ2SHD5J6DEWVCM2XB335C","2026-01-20T20:39:43.314914493Z"
"01KFEHSG78HW7RZRSNJ1XT7R4S","01KFEHA1MRJDJA6FNTED28Z8HF","2026-01-20T20:33:27.784941895Z",20,"2026-01-20T20:33:39.441615027Z","A","2026-01-20T20:33:39.418667322Z","01KFEHA1QMX5DYGHPSSSP2RXXX","2026-01-20T20:33:27.784941895Z","01KFEHJFJ1SMX3RCX9M0MFWVF6","2026-01-20T20:33:27.784941895Z","01KFEHR2ZN40B2VT9XZXB0FQ43","2026-01-20T20:33:27.784941895Z"
"01KFEJWZX4CXJ6071B2AD0KJMS","01KFEJ5DKDD8ED3R70AXWWV7TA","2026-01-20T20:52:50.724379803Z",10,"2026-01-20T20:52:59.885131719Z","A","2026-01-20T20:52:59.811756682Z","01KFEJ5DPFFD934S0E2GQ1B9RR","2026-01-20T20:52:50.724379803Z","01KFEJJ4V0E3E83F88J6MK6KAW","2026-01-20T20:52:50.724379803Z","01KFEJVCSNEVZTTEQ125HMXG7A","2026-01-20T20:52:50.724379803Z"
"01KFEK1FNEYJXE1X2EK5846W7K","01KFEJ5CPJ5RGARFNN6Z0PCT4Q","2026-01-20T20:55:17.934873303Z",0,"2026-01-20T20:55:23.683608579Z","B","2026-01-20T20:55:23.605395862Z","01KFEJ5CRSNMMQKHYMFD35850B","2026-01-20T20:55:17.934873303Z","01KFEJHQKQJTKAV5X447CE3YRT","2026-01-20T20:55:17.934873303Z","01KFEJRTRK52JZ36JFYA95CT3Y","2026-01-20T20:55:17.934873303Z"
"01KFEHK0C9Z4SDSB9ZDD08JKSQ","01KFEHA20TFYVSSENV0N2723W5","2026-01-20T20:29:54.95394313Z",10,"2026-01-20T20:29:57.473528114Z","B","2026-01-20T20:29:57.446188616Z","01KFEHA25NESP3C46R1STZWY67","2026-01-20T20:29:54.95394313Z","01KFEHB2Z6PCQ5XRWRX0AQ3SH1","2026-01-20T20:29:54.95394313Z","01KFEHHR61XNWEDF5F7S8QWGY2","2026-01-20T20:29:54.95394313Z"
"01KFEEYDCNP1D5B6KN53T22FZV","01KFEDCCAW3ZY6KSKNHTKZ971F","2026-01-20T19:43:42.997683355Z",0,"2026-01-20T19:43:51.238393804Z","C","2026-01-20T19:43:51.216808882Z","01KFEDCCBE716PRHN8Q6NQV6ZT","2026-01-20T19:43:42.997683355Z","01KFEEMXPGKZB6AS6D6H40GZ8R","2026-01-20T19:43:42.997683355Z","01KFEEV7WCPG4H395V08SHB953","2026-01-20T19:43:42.997683355Z"
"01KFEEZ2BEVT0CJBBXP16SAC1W","01KFEDCCAW3ZY6KSKNHTKZ971F","2026-01-20T19:44:04.462660174Z",0,"2026-01-20T19:44:06.961201674Z","C","2026-01-20T19:44:05.374387427Z","01KFEDCCBE716PRHN8Q6NQV6ZT","2026-01-20T19:44:04.462660174Z","01KFEEMRW7PPKZGT4SNXBV2JSZ","2026-01-20T19:44:04.462660174Z","01KFEEV7WHAATN39RX30HS1F0G","2026-01-20T19:44:04.462660174Z"
"01KFEHW8Q2XGQGFJ735TZF8WSP","01KFEHA1MRJDJA6FNTED28Z8HF","2026-01-20T20:34:58.402756214Z",19,"2026-01-20T20:35:01.278885938Z","C","2026-01-20T20:35:01.245883994Z","01KFEHA1QYV2E8SAEFNEHYNVTN","2026-01-20T20:34:58.402756214Z","01KFEHHH6AXDMAXMWAFCF5JGBC","2026-01-20T20:34:58.402756214Z","01KFEHSJHDFMDQE97PZDNY5730","2026-01-20T20:34:58.402756214Z"
"01KFEK2ADC741ACWECNP73VYWQ","01KFEJ5CPJ5RGARFNN6Z0PCT4Q","2026-01-20T20:55:45.324865569Z",10,"2026-01-20T20:55:49.727363191Z","A","2026-01-20T20:55:49.01481041Z","01KFEJ5CRSNMMQKHYMFD35850B","2026-01-20T20:55:45.324865569Z","01KFEJD683V7BW0EC67T5B9T0M","2026-01-20T20:55:45.324865569Z","01KFEJRTT0HCXNCWVP067HPTVG","2026-01-20T20:55:45.324865569Z"
"01KFEE2GDAYGN57AMBDZC7K2R4","01KFEDCB0G5KS91T4MD9JTDSA4","2026-01-20T19:28:28.586724507Z",20,"2026-01-20T19:28:36.426584371Z","A","2026-01-20T19:28:35.092613819Z","01KFEDCB197E7YMN5STVXKHS22","2026-01-20T19:28:28.586724507Z","01KFEDZFSW9KBCS8VJN8KBS8T4","2026-01-20T19:28:28.586724507Z","01KFEE2FBRH662A71HSKV4RA79","2026-01-20T19:28:28.586724507Z"
"01KFEEWEZ4HBFXSGB4TSKCZB6G","01KFEDCCAW3ZY6KSKNHTKZ971F","2026-01-20T19:42:39.076101417Z",7,"2026-01-20T19:42:46.355249097Z","D","2026-01-20T19:42:44.773503725Z","01KFEDCCBE716PRHN8Q6NQV6ZT","2026-01-20T19:42:39.076101417Z","01KFEEMXPGKZB6AS6D6H40GZ8R","2026-01-20T19:42:39.076101417Z","01KFEEV7VVGZFVEPH7XQ85GZ6E","2026-01-20T19:42:39.076101417Z"
"01KFEJZXGS7S946Z8HW8VR0Q1G","01KFEJ5DKDD8ED3R70AXWWV7TA","2026-01-20T20:54:26.585463811Z",17,"2026-01-20T20:54:29.13608675Z","D","2026-01-20T20:54:28.750447618Z","01KFEJ5DPFFD934S0E2GQ1B9RR","2026-01-20T20:54:26.585463811Z","01KFEJPRKV9117XEB7P0YJ5NT5","2026-01-20T20:54:26.585463811Z","01KFEJVD0KCRRZRQ6WHZMVVDZZ","2026-01-20T20:54:26.585463811Z"
"01KFEHKFHF0QTJV4SCGFD3W30X","01KFEHA1MRJDJA6FNTED28Z8HF","2026-01-20T20:30:10.479708911Z",10,"2026-01-20T20:30:13.756104216Z","A","2026-01-20T20:30:13.740193155Z","01KFEHA1R32D8V3SKQA6BEDXA8","2026-01-20T20:30:10.479708911Z","01KFEHAKHNEWG0MCGFJGNXPB10","2026-01-20T20:30:10.479708911Z","01KFEHGC8DRS36BNQKBWK85Q6W","2026-01-20T20:30:10.479708911Z"
"01KFEJ00QVWPC6HH1VNFFN852P","01KFEHA1W0DBA89GCQ87GA4EG5","2026-01-20T20:37:01.307230294Z",19,"2026-01-20T20:37:08.104990647Z","C","2026-01-20T20:37:03.912874452Z","01KFEHA1ZSVYK8DGYZZSV53FQM","2026-01-20T20:37:01.307230294Z","01KFEHMXV04MY34HJYA33HA616","2026-01-20T20:37:01.307230294Z","01KFEHWYWEK19X4NXKJDJSN70C","2026-01-20T20:37:01.307230294Z"
"01KFEFR4SGRYW2PPZP96QSV4VE","01KFEDCAVEZK3QD8ZFC2PP83WE","2026-01-20T19:57:46.160729723Z",0,"2026-01-20T19:57:55.688671429Z","C","2026-01-20T19:57:55.664636982Z","01KFEDCAVZJC7DD4AH1B24TEC6","2026-01-20T19:57:46.160729723Z","01KFEFG8GX8B9102EGAWCJ2ZB0","2026-01-20T19:57:46.160729723Z","01KFEFNH0B6MNAHEYZB5A285X7","2026-01-20T19:57:46.160729723Z"
"01KFEJAF47TXRA99YVVPPNT6N9","01KFEHAKK9QMW81MWT2FF1CSZA","2026-01-20T20:42:43.719131672Z",0,"2026-01-20T20:42:52.941774748Z","C","2026-01-20T20:42:45.11360726Z","01KFEHAKMDAJRN7M0QA4VDJCGY","2026-01-20T20:42:43.719131672Z","01KFEHS8J7P9EEBTK2FBSRFBQT","2026-01-20T20:42:43.719131672Z","01KFEJ2SKEGM5CPJ5AZSXFJZYM","2026-01-20T20:42:43.719131672Z"
"01KFEJKK6YVF20VV1KS8748RX8","01KFEHAM0SBSN9QYCK4NGJTWCC","2026-01-20T20:47:42.814601296Z",10,"2026-01-20T20:47:45.983213774Z","B","2026-01-20T20:47:44.470210717Z","01KFEHAM3ZX2QFEZ4F28QFW79D","2026-01-20T20:47:42.814601296Z","01KFEJ99258GDSZYNA4N0ER3PR","2026-01-20T20:47:42.814601296Z","01KFEJDCTH4JGCYH9RGWVECJBE","2026-01-20T20:47:42.814601296Z"
"01KFEE6GXJ16EPKCW4VTGDDDHS","01KFEDCB0G5KS91T4MD9JTDSA4","2026-01-20T19:30:40.178098096Z",20,"2026-01-20T19:30:42.723606097Z","A","2026-01-20T19:30:42.705730265Z","01KFEDCB197E7YMN5STVXKHS22","2026-01-20T19:30:40.178098096Z","01KFEDZFSW9KBCS8VJN8KBS8T4","2026-01-20T19:30:40.178098096Z","01KFEE2FC542K1HSXCPEXGF4TG","2026-01-20T19:30:40.178098096Z"
"01KFEFP2SB5G0N4T31CTPH87G8","01KFEDC9EK94N2WNCHE5RRQHCJ","2026-01-20T19:56:38.571873508Z",10,"2026-01-20T19:56:41.149742374Z","A","2026-01-20T19:56:41.126939098Z","01KFEDC9FF7T49EPA99GZDGH84","2026-01-20T19:56:38.571873508Z","01KFEFB7KJED56AXX5RHJAHZFZ","2026-01-20T19:56:38.571873508Z","01KFEFG2R576EAWM9AY8VB2XCE","2026-01-20T19:56:38.571873508Z"
"01KFEJTG63TYYWTW35B3A3TQS3","01KFEHAM0SBSN9QYCK4NGJTWCC","2026-01-20T20:51:29.091564238Z",20,"2026-01-20T20:51:39.253559084Z","B","2026-01-20T20:51:35.181204844Z","01KFEHAM4AZFDTAG8DR1VA4141","2026-01-20T20:51:29.091564238Z","01KFEJAS01H74KYS8N629S6DTN","2026-01-20T20:51:29.091564238Z","01KFEJMJQX1ZPH5Q4P7M0G1W0G","2026-01-20T20:51:29.091564238Z"
"01KFEEFG2C4AKF16X03R3WR0FZ","01KFEDCCAW3ZY6KSKNHTKZ971F","2026-01-20T19:35:34.220123237Z",29,"2026-01-20T19:35:39.324640783Z","C","2026-01-20T19:35:39.309298278Z","01KFEDCCBDJ82W4YK2PN7VDTAX","2026-01-20T19:35:34.220123237Z","01KFEE6KZQR5PP1P0PS1XNKJRD","2026-01-20T19:35:34.220123237Z","01KFEEE7ZXMSBF5BT840GGZKT0","2026-01-20T19:35:34.220123237Z"
"01KFEESSTQF9PZDCEE5Y4RK5EM","01KFEDCCH0VMFH7P25F40PD43N","2026-01-20T19:41:11.895986511Z",10,"2026-01-20T19:41:17.75003098Z","A","2026-01-20T19:41:14.12620802Z","01KFEDCCHJADFRJT5F5VJ9ST9F","2026-01-20T19:41:11.895986511Z","01KFEEJDGDWEMZQAHJH9Z7FVC3","2026-01-20T19:41:11.895986511Z","01KFEERHT76VBCN8M90ASCYNZ1","2026-01-20T19:41:11.895986511Z"
"01KFEHZ3WVZWQ5R6DPJE8Q040X","01KFEHA1MRJDJA6FNTED28Z8HF","2026-01-20T20:36:31.77112118Z",29,"2026-01-20T20:36:36.620524543Z","C","2026-01-20T20:36:34.961000126Z","01KFEHA1QYV2E8SAEFNEHYNVTN","2026-01-20T20:36:31.77112118Z","01KFEHHH6AXDMAXMWAFCF5JGBC","2026-01-20T20:36:31.77112118Z","01KFEHSJJV3XYWXE3QZZFJ6BD9","2026-01-20T20:36:31.77112118Z"
"01KFEEJSEWG27XHYSDZW1JW493","01KFEDCB7P38BTZ4ACVDP6P0XN","2026-01-20T19:37:22.140999151Z",0,"2026-01-20T19:37:32.704250943Z","C","2026-01-20T19:37:23.59735467Z","01KFEDCB85NRAF0XG25ABR62N5","2026-01-20T19:37:22.140999151Z","01KFEE7Q9A8CN1TS35QENG1JN7","2026-01-20T19:37:22.140999151Z","01KFEEC6QESVHNK4DW63M7PTVZ","2026-01-20T19:37:22.140999151Z"
"01KFEESC0YNJTSNY72QGQ6ZZ8K","01KFEDCCH0VMFH7P25F40PD43N","2026-01-20T19:40:57.758330079Z",0,"2026-01-20T19:41:07.11179576Z","A","2026-01-20T19:41:07.091910173Z","01KFEDCCHJADFRJT5F5VJ9ST9F","2026-01-20T19:40:57.758330079Z","01KFEEKE9WXRZWBRXYDQ5J10WV","2026-01-20T19:40:57.758330079Z","01KFEERHT9K07SXJCZD9EV6ZK2","2026-01-20T19:40:57.758330079Z"
"01KFEJA271EXK6JS5JRK46H54E","01KFEHA20TFYVSSENV0N2723W5","2026-01-20T20:42:30.497927261Z",20,"2026-01-20T20:42:34.469957416Z","A","2026-01-20T20:42:32.925524526Z","01KFEHA25S6PYJD4DSX1VJG5FE","2026-01-20T20:42:30.497927261Z","01KFEHWFN7B5ZY9MX1Q0P1B17R","2026-01-20T20:42:30.497927261Z","01KFEJ3HRAN0VT7K09EK2FSQWZ","2026-01-20T20:42:30.497927261Z"
"01KFEJHKVF5MJWEMAGCMHQ4QSH","01KFEHAM0SBSN9QYCK4NGJTWCC","2026-01-20T20:46:37.935822104Z",10,"2026-01-20T20:46:41.993443538Z","B","2026-01-20T20:46:41.860167018Z","01KFEHAM3ZX2QFEZ4F28QFW79D","2026-01-20T20:46:37.935822104Z","01KFEJ99258GDSZYNA4N0ER3PR","2026-01-20T20:46:37.935822104Z","01KFEJDCRPH0RN87RW5MNRFHRZ","2026-01-20T20:46:37.935822104Z"
"01KFEJXF0QC42AB7B6JFTMXDCZ","01KFEJ5DKDD8ED3R70AXWWV7TA","2026-01-20T20:53:06.199743299Z",0,"2026-01-20T20:53:10.384345534Z","C","2026-01-20T20:53:10.316597938Z","01KFEJ5DPFFD934S0E2GQ1B9RR","2026-01-20T20:53:06.199743299Z","01KFEJJ4V0E3E83F88J6MK6KAW","2026-01-20T20:53:06.199743299Z","01KFEJVCRS7JX6GZQA5PQ0KYQ0","2026-01-20T20:53:06.199743299Z"
"01KFEFHK14RWGW4PJBSH0MBV6D","01KFEDCAVEZK3QD8ZFC2PP83WE","2026-01-20T19:54:11.365012868Z",10,"2026-01-20T19:54:14.789096043Z","B","2026-01-20T19:54:14.197425318Z","01KFEDCAVZJC7DD4AH1RF6NR9W","2026-01-20T19:54:11.365012868Z","01KFEF0XCN2JDQQD559T0PP43B","2026-01-20T19:54:11.365012868Z","01KFEFFP3B72YYH0VHZFQ3AF9C","2026-01-20T19:54:11.365012868Z"
"01KFEJ1EYJ7B7P1CSNHVGG8SB2","01KFEHA1W0DBA89GCQ87GA4EG5","2026-01-20T20:37:48.626997833Z",10,"2026-01-20T20:37:53.996425517Z","B","2026-01-20T20:37:53.966623076Z","01KFEHA1ZSVYK8DGYZZSV53FQM","2026-01-20T20:37:48.626997833Z","01KFEHKWX6S3CRVA3YVBJBPSWT","2026-01-20T20:37:48.626997833Z","01KFEHWYW2DXF34Z7JETWM2PWF","2026-01-20T20:37:48.626997833Z"
"01KFEJ4YY8JYMFJ1YQ411EC9D5","01KFEHAKK9QMW81MWT2FF1CSZA","2026-01-20T20:39:43.304672117Z",7,"2026-01-20T20:39:52.797851266Z","D","2026-01-20T20:39:52.759833921Z","01KFEHAKMDAJRN7M0QA4VDJCGY","2026-01-20T20:39:43.304672117Z","01KFEHW86W3STHQPDAT1BP1CXX","2026-01-20T20:39:43.304672117Z","01KFEJ2SHD5J6DEWVCM2XB335C","2026-01-20T20:39:43.304672117Z"
"01KFEHYSWPAPNCB92MMA7XD8F7","01KFEHA1EJWPRPNCXBTHCF12K2","2026-01-20T20:36:21.526727193Z",29,"2026-01-20T20:36:25.362053104Z","C","2026-01-20T20:36:23.147658244Z","01KFEHA1GPSKM8FTTA039GX2FE","2026-01-20T20:36:21.526727193Z","01KFEHGGC977SV7QXMD0KQJ3VM","2026-01-20T20:36:21.526727193Z","01KFEHRJYV21B205R6XWZR6S31","2026-01-20T20:36:21.526727193Z"
"01KFEJ2WQ3202EWFJS1MWVY1E7","01KFEHAKK9QMW81MWT2FF1CSZA","2026-01-20T20:38:35.491886335Z",19,"2026-01-20T20:38:51.098324889Z","C","2026-01-20T20:38:51.069880382Z","01KFEHAKMDAJRN7M0QA4VDJCGY","2026-01-20T20:38:35.491886335Z","01KFEHW86W3STHQPDAT1BP1CXX","2026-01-20T20:38:35.491886335Z","01KFEJ2SGDSG53BDPAFE31F3F0","2026-01-20T20:38:35.491886335Z"
"01KFEJ8ESHYGH49ZY0BA57VKNS","01KFEHA20TFYVSSENV0N2723W5","2026-01-20T20:41:37.841764658Z",20,"2026-01-20T20:41:40.053717586Z","A","2026-01-20T20:41:39.55994468Z","01KFEHA25S6PYJD4DSX1VJG5FE","2026-01-20T20:41:37.841764658Z","01KFEHWFN7B5ZY9MX1Q0P1B17R","2026-01-20T20:41:37.841764658Z","01KFEJ3HQPGW0VP103K6RVY8AR","2026-01-20T20:41:37.841764658Z"
"01KFEJBG04FP2MHBVBV6J90D7N","01KFEHAM0SBSN9QYCK4NGJTWCC","2026-01-20T20:43:17.380130835Z",0,"2026-01-20T20:43:40.926059651Z","A","2026-01-20T20:43:40.880463845Z","01KFEHAM45R1366856G6A2WGHZ","2026-01-20T20:43:17.380130835Z","01KFEHYH6DP091MJE3KD0CRNR1","2026-01-20T20:43:17.380130835Z","01KFEJBBSPQ14SNSC4NACK6855","2026-01-20T20:43:17.380130835Z"
"01KFEHY39K05952A465V01PV31","01KFEHA1EJWPRPNCXBTHCF12K2","2026-01-20T20:35:58.387194083Z",0,"2026-01-20T20:36:14.808138048Z","C","2026-01-20T20:36:00.95698773Z","01KFEHA1GPSKM8FTTA039GX2FE","2026-01-20T20:35:58.387194083Z","01KFEHHKNYNVTAQQFNDQ02SYYK","2026-01-20T20:35:58.387194083Z","01KFEHRJYKMDK30R3EWAGRZ6SH","2026-01-20T20:35:58.387194083Z"
"01KFEJTC2FJW3HWRCX2C1ZYHBF","01KFEJ5CPJ5RGARFNN6Z0PCT4Q","2026-01-20T20:51:24.879046833Z",0,"2026-01-20T20:52:36.424744192Z","C","2026-01-20T20:52:36.349184113Z","01KFEJ5CRSNMMQKHYMFD35850B","2026-01-20T20:51:24.879046833Z","01KFEJD683V7BW0EC67T5B9T0M","2026-01-20T20:51:24.879046833Z","01KFEJRTP4AMH3ZYH1V1TJ3G2Q","2026-01-20T20:51:24.879046833Z"
"01KFEHV9SDQCYKN6YNGYZC9BHY","01KFEHA1MRJDJA6FNTED28Z8HF","2026-01-20T20:34:26.733390105Z",20,"2026-01-20T20:34:27.879697315Z","A","2026-01-20T20:34:27.849977727Z","01KFEHA1QMX5DYGHPSSSP2RXXX","2026-01-20T20:34:26.733390105Z","01KFEHJFJ1SMX3RCX9M0MFWVF6","2026-01-20T20:34:26.733390105Z","01KFEHR30H56S388QSJDFBWHG0","2026-01-20T20:34:26.733390105Z"
"01KFEHNVFF9QENANFF0P49CPHF","01KFEHA1EJWPRPNCXBTHCF12K2","2026-01-20T20:31:28.239452697Z",17,"2026-01-20T20:31:45.236483874Z","D","2026-01-20T20:31:45.207279421Z","01KFEHA1GDXTPSA0SX8CRPX47C","2026-01-20T20:31:28.239452697Z","01KFEHFHGVMZZ35F5CSBQJBJM3","2026-01-20T20:31:28.239452697Z","01KFEHNSD6158C77DMQJSC24RA","2026-01-20T20:31:28.239452697Z"
"01KFEK53R8DSN8Z5TY5M1JMTKV","01KFEJ5C7H3Z5SGPPT0TCGAEB2","2026-01-20T20:57:16.808659689Z",0,"2026-01-20T20:57:19.446221478Z","C","2026-01-20T20:57:19.053795092Z","01KFEJ5C9822567XDA8A9QG0G3","2026-01-20T20:57:16.808659689Z","01KFEJRM0CNFF8YTKCA6JC16CE","2026-01-20T20:57:16.808659689Z","01KFEK0Q7XYWW9NTF7CPP31BQN","2026-01-20T20:57:16.808659689Z"
"01KFEEYX8A0KRDV7SZQ2JG0NBH","01KFEDCCAW3ZY6KSKNHTKZ971F","2026-01-20T19:43:59.242797797Z",7,"2026-01-20T19:44:02.343222557Z","D","2026-01-20T19:44:01.551651963Z","01KFEDCCBE716PRHN8Q6NQV6ZT","2026-01-20T19:43:59.242797797Z","01KFEEMXPGKZB6AS6D6H40GZ8R","2026-01-20T19:43:59.242797797Z","01KFEEV7VFDMDD1J8J251QHZMG","2026-01-20T19:43:59.242797797Z"
"01KFEFHSPF79ZH8KB3CKF7KJAM","01KFEDCCH0VMFH7P25F40PD43N","2026-01-20T19:54:18.191750737Z",20,"2026-01-20T19:54:20.764313743Z","B","2026-01-20T19:54:19.222848757Z","01KFEDCCHH44R979H37GT2B68J","2026-01-20T19:54:18.191750737Z","01KFEF0J7C8417B13N1313JGSZ","2026-01-20T19:54:18.191750737Z","01KFEFDZCR1AKTHQ7MHN0Z95NF","2026-01-20T19:54:18.191750737Z"
"01KFEHHEXQCT9M6VGRDYP7PZFW","01KFEHA1EJWPRPNCXBTHCF12K2","2026-01-20T20:29:04.311887749Z",0,"2026-01-20T20:29:07.99132181Z","C","2026-01-20T20:29:06.362233502Z","01KFEHA1GK3DQ7TRWFWA7J267H","2026-01-20T20:29:04.311887749Z","01KFEHC1N15W3XF2S9JNREZ5AJ","2026-01-20T20:29:04.311887749Z","01KFEHFC1ERGNXCHS8TYJE6SWK","2026-01-20T20:29:04.311887749Z"
"01KFEHRFXVP8DV06038081AMM0","01KFEHA1EJWPRPNCXBTHCF12K2","2026-01-20T20:32:54.715514404Z",0,"2026-01-20T20:32:57.485550803Z","D","2026-01-20T20:32:56.530672894Z","01KFEHA1GDXTPSA0SX8CRPX47C","2026-01-20T20:32:54.715514404Z","01KFEHFHGVMZZ35F5CSBQJBJM3","2026-01-20T20:32:54.715514404Z","01KFEHNSERT24QHAQH5EGCEX37","2026-01-20T20:32:54.715514404Z"
"01KFEJJX443N2F4F94M10H3BS8","01KFEHAM0SBSN9QYCK4NGJTWCC","2026-01-20T20:47:20.196577794Z",10,"2026-01-20T20:47:25.818299023Z","B","2026-01-20T20:47:21.509251773Z","01KFEHAM3ZX2QFEZ4F28QFW79D","2026-01-20T20:47:20.196577794Z","01KFEJ99258GDSZYNA4N0ER3PR","2026-01-20T20:47:20.196577794Z","01KFEJDCSP2EERVSP2SZTAE68E","2026-01-20T20:47:20.196577794Z"
"01KFEEM0QK3SEDA68997X7YAJ5","01KFEDCCAW3ZY6KSKNHTKZ971F","2026-01-20T19:38:02.355422507Z",10,"2026-01-20T19:38:10.962178755Z","A","2026-01-20T19:38:10.944368907Z","01KFEDCCBDJ82W4YK2PN7VDTAX","2026-01-20T19:38:02.355422507Z","01KFEE85J92QXNE2691FZPHW2Z","2026-01-20T19:38:02.355422507Z","01KFEEE80AAXZTATYVWXNN4VDY","2026-01-20T19:38:02.355422507Z"
"01KFEEM0QPAR73KNHA10PPEVTY","01KFEDCCAW3ZY6KSKNHTKZ971F","2026-01-20T19:38:02.358549485Z",19,"2026-01-20T19:38:10.962178755Z","C","2026-01-20T19:38:06.311043095Z","01KFEDCCBDJ82W4YK2PN7VDTAX","2026-01-20T19:38:02.358549485Z","01KFEE6KZQR5PP1P0PS1XNKJRD","2026-01-20T19:38:02.358549485Z","01KFEEE80AAXZTATYVWXNN4VDY","2026-01-20T19:38:02.358549485Z"
"01KFEEGEJZJFEYQJSJMNB0MHWD","01KFEDCB7P38BTZ4ACVDP6P0XN","2026-01-20T19:36:05.471116942Z",7,"2026-01-20T19:36:10.885066434Z","D","2026-01-20T19:36:10.667256612Z","01KFEDCB85NRAF0XG25ABR62N5","2026-01-20T19:36:05.471116942Z","01KFEE2GDYZKFQF2HSAA1FMRTA","2026-01-20T19:36:05.471116942Z","01KFEEC6Q6AEJTT87ZC67RFSSF","2026-01-20T19:36:05.471116942Z"
"01KFEHN43QCM8017KD2E990P23","01KFEHA20TFYVSSENV0N2723W5","2026-01-20T20:31:04.311446234Z",20,"2026-01-20T20:31:05.599856634Z","B","2026-01-20T20:31:05.580952423Z","01KFEHA25NESP3C46R1STZWY67","2026-01-20T20:31:04.311446234Z","01KFEHB2Z6PCQ5XRWRX0AQ3SH1","2026-01-20T20:31:04.311446234Z","01KFEHHR4M8NDSM9XKKWG992R5","2026-01-20T20:31:04.311446234Z"
"01KFEJF1T5W99TWSVJXPCWFHEX","01KFEHAM0SBSN9QYCK4NGJTWCC","2026-01-20T20:45:13.925236078Z",10,"2026-01-20T20:45:16.334148539Z","B","2026-01-20T20:45:15.302214083Z","01KFEHAM3ZX2QFEZ4F28QFW79D","2026-01-20T20:45:13.925236078Z","01KFEJ99258GDSZYNA4N0ER3PR","2026-01-20T20:45:13.925236078Z","01KFEJDCQCZ3EXQTJHB48GASJ0","2026-01-20T20:45:13.925236078Z"
"01KFEFG4DV1WS72MXD9T8WKJXE","01KFEDC9EK94N2WNCHE5RRQHCJ","2026-01-20T19:53:23.643054304Z",20,"2026-01-20T19:53:33.044576004Z","A","2026-01-20T19:53:30.105988278Z","01KFEDC9FF7T49EPA99GZDGH84","2026-01-20T19:53:23.643054304Z","01KFEFB7KJED56AXX5RHJAHZFZ","2026-01-20T19:53:23.643054304Z","01KFEFG2PVTHB99CTZ0E4RKW9V","2026-01-20T19:53:23.643054304Z"
"01KFEJAYTW733AWYCVST7VAQXB","01KFEHAKK9QMW81MWT2FF1CSZA","2026-01-20T20:42:59.804887483Z",19,"2026-01-20T20:43:04.44206982Z","C","2026-01-20T20:43:04.293850423Z","01KFEHAKMDAJRN7M0QA4VDJCGY","2026-01-20T20:42:59.804887483Z","01KFEHW86W3STHQPDAT1BP1CXX","2026-01-20T20:42:59.804887483Z","01KFEJ2SKT7SSSFTRMDES65P9G","2026-01-20T20:42:59.804887483Z"
"01KFEHGE574XV30HRQR1MP2EB6","01KFEHA1MRJDJA6FNTED28Z8HF","2026-01-20T20:28:30.759474204Z",0,"2026-01-20T20:28:38.394719523Z","C","2026-01-20T20:28:38.377241906Z","01KFEHA1R32D8V3SKQA6BEDXA8","2026-01-20T20:28:30.759474204Z","01KFEHAKHNEWG0MCGFJGNXPB10","2026-01-20T20:28:30.759474204Z","01KFEHGC6TPD7V98256YMX8QF8","2026-01-20T20:28:30.759474204Z"
"01KFEE5KZCTNQ04CKD6MT2GDXB","01KFEDCB0G5KS91T4MD9JTDSA4","2026-01-20T19:30:10.540528226Z",10,"2026-01-20T19:30:13.924732827Z","A","2026-01-20T19:30:13.911310076Z","01KFEDCB197E7YMN5STVXKHS22","2026-01-20T19:30:10.540528226Z","01KFEDZFSW9KBCS8VJN8KBS8T4","2026-01-20T19:30:10.540528226Z","01KFEE2FC3P06YMVVVSXKR5DCG","2026-01-20T19:30:10.540528226Z"
"01KFEEJ6J77CSPW4G9Q8YPMRXG","01KFEDCB7P38BTZ4ACVDP6P0XN","2026-01-20T19:37:02.791555207Z",20,"2026-01-20T19:37:07.853502952Z","B","2026-01-20T19:37:05.818621224Z","01KFEDCB85NRAF0XG25ABR62N5","2026-01-20T19:37:02.791555207Z","01KFEE7Q9A8CN1TS35QENG1JN7","2026-01-20T19:37:02.791555207Z","01KFEEC6QAYQ8FTT1983XKTPWR","2026-01-20T19:37:02.791555207Z"
"01KFEHXQP5SG1A263R97NT31E3","01KFEHA1MRJDJA6FNTED28Z8HF","2026-01-20T20:35:46.501427351Z",10,"2026-01-20T20:35:50.947920036Z","A","2026-01-20T20:35:50.215976243Z","01KFEHA1QYV2E8SAEFNEHYNVTN","2026-01-20T20:35:46.501427351Z","01KFEHKCW5X4CR8DBAYXY74YGJ","2026-01-20T20:35:46.501427351Z","01KFEHSJJ1RS48DCWZPCEB87MA","2026-01-20T20:35:46.501427351Z"
"01KFEJV1SHP8GR0126S7JGSTQ8","01KFEHAM0SBSN9QYCK4NGJTWCC","2026-01-20T20:51:47.121205691Z",29,"2026-01-20T20:51:59.699508148Z","C","2026-01-20T20:51:53.313373079Z","01KFEHAM4AZFDTAG8DR1VA4141","2026-01-20T20:51:47.121205691Z","01KFEJAS01H74KYS8N629S6DTN","2026-01-20T20:51:47.121205691Z","01KFEJMJRGXY9AQ0P54W1XDG10","2026-01-20T20:51:47.121205691Z"
"01KFEK4A9DV8E44NVQBCQ9NSWW","01KFEJ5C7H3Z5SGPPT0TCGAEB2","2026-01-20T20:56:50.733586001Z",10,"2026-01-20T20:56:57.686493006Z","B","2026-01-20T20:56:57.58833903Z","01KFEJ5C9822567XDA8A9QG0G3","2026-01-20T20:56:50.733586001Z","01KFEJTATNKXCTW38TD0J18TFE","2026-01-20T20:56:50.733586001Z","01KFEK0Q0S4CP92BT63CJ2ZD34","2026-01-20T20:56:50.733586001Z"
"01KFEE3FR0GE0RKD5GY395RTSP","01KFEDCC1ZHDDN3CP9JWF4PGTF","2026-01-20T19:29:00.672508649Z",29,"2026-01-20T19:29:02.935143583Z","C","2026-01-20T19:29:02.924866225Z","01KFEDCC2JDADMPT5RVP2N7S0X","2026-01-20T19:29:00.672508649Z","01KFEDNQAB8C2AFG7D4ZXA4K64","2026-01-20T19:29:00.672508649Z","01KFEDZ331KHXNHJEDC9ZPQ3SR","2026-01-20T19:29:00.672508649Z"
"01KFEHSRKBVF5P5MDQ9JXJJM1X","01KFEHA1EJWPRPNCXBTHCF12K2","2026-01-20T20:33:36.363247365Z",0,"2026-01-20T20:33:37.812353684Z","B","2026-01-20T20:33:37.67048363Z","01KFEHA1GDXTPSA0SX8CRPX47C","2026-01-20T20:33:36.363247365Z","01KFEHHMSX0QGW7JR1FS9J2AW6","2026-01-20T20:33:36.363247365Z","01KFEHNSG101VJN2KQAVDCQKEE","2026-01-20T20:33:36.363247365Z"
"01KFEEGQTS3AGG2X53SHC5H060","01KFEDCB7P38BTZ4ACVDP6P0XN","2026-01-20T19:36:14.938016943Z",19,"2026-01-20T19:36:22.38595326Z","C","2026-01-20T19:36:16.581760586Z","01KFEDCB85NRAF0XG25ABR62N5","2026-01-20T19:36:14.938016943Z","01KFEE7Q9A8CN1TS35QENG1JN7","2026-01-20T19:36:14.938016943Z","01KFEEC6Q74KY97CWV6MWC0GZS","2026-01-20T19:36:14.938016943Z"
"01KFEHS0WEE6KJ73ZWYKVNM130","01KFEHA1EJWPRPNCXBTHCF12K2","2026-01-20T20:33:12.078906243Z",0,"2026-01-20T20:33:14.100714236Z","A","2026-01-20T20:33:14.071026764Z","01KFEHA1GDXTPSA0SX8CRPX47C","2026-01-20T20:33:12.078906243Z","01KFEHHMSX0QGW7JR1FS9J2AW6","2026-01-20T20:33:12.078906243Z","01KFEHNSFCPMM7FSRASSMTWFCY","2026-01-20T20:33:12.078906243Z"
"01KFEHSAW1F23FX3KD34EF8K1D","01KFEHA1EJWPRPNCXBTHCF12K2","2026-01-20T20:33:22.305395816Z",0,"2026-01-20T20:33:24.863389008Z","C","2026-01-20T20:33:24.832653189Z","01KFEHA1GDXTPSA0SX8CRPX47C","2026-01-20T20:33:22.305395816Z","01KFEHHMSX0QGW7JR1FS9J2AW6","2026-01-20T20:33:22.305395816Z","01KFEHNSFMGD4EFTM0B7YK2QCJ","2026-01-20T20:33:22.305395816Z"
"01KFEHT14A6ZHXWP73H3QKCXV0","01KFEHA1MRJDJA6FNTED28Z8HF","2026-01-20T20:33:45.098947207Z",20,"2026-01-20T20:33:48.205982352Z","B","2026-01-20T20:33:48.181492442Z","01KFEHA1QMX5DYGHPSSSP2RXXX","2026-01-20T20:33:45.098947207Z","01KFEHH299EZ808S0B86915EW8","2026-01-20T20:33:45.098947207Z","01KFEHR2ZGCTQKXG1QSX5BCNY9","2026-01-20T20:33:45.098947207Z"
"01KFEE17RWG7ADJDF7FD33RWT9","01KFEDCC1ZHDDN3CP9JWF4PGTF","2026-01-20T19:27:46.972540417Z",29,"2026-01-20T19:27:50.707787087Z","C","2026-01-20T19:27:50.696945491Z","01KFEDCC2JDADMPT5RVP2N7S0X","2026-01-20T19:27:46.972540417Z","01KFEDNQAB8C2AFG7D4ZXA4K64","2026-01-20T19:27:46.972540417Z","01KFEDZ32TBSYBE3V67WAX9FQE","2026-01-20T19:27:46.972540417Z"
"01KFEE4J90JVZPD4Q0XS9VA0ZB","01KFEDCB0G5KS91T4MD9JTDSA4","2026-01-20T19:29:36.032837156Z",0,"2026-01-20T19:29:39.420778309Z","C","2026-01-20T19:29:38.638663884Z","01KFEDCB197E7YMN5STVXKHS22","2026-01-20T19:29:36.032837156Z","01KFEDRBWHPV4A332ZXM2PZSR4","2026-01-20T19:29:36.032837156Z","01KFEE2FCAN8VBWNWJJYWV02NC","2026-01-20T19:29:36.032837156Z"
"01KFEFJMH1H2S9QVC7QPZY36PE","01KFEDC9EK94N2WNCHE5RRQHCJ","2026-01-20T19:54:45.666004367Z",10,"2026-01-20T19:54:50.926564115Z","A","2026-01-20T19:54:48.279916361Z","01KFEDC9FF7T49EPA99GZDGH84","2026-01-20T19:54:45.666004367Z","01KFEFB7KJED56AXX5RHJAHZFZ","2026-01-20T19:54:45.666004367Z","01KFEFG2Q5S1FN8QMJ1RJEY7Z2","2026-01-20T19:54:45.666004367Z"
"01KFEFK48GM3EQJPMSZJPV6NYF","01KFEDCAVEZK3QD8ZFC2PP83WE","2026-01-20T19:55:01.77656291Z",29,"2026-01-20T19:55:06.153045512Z","C","2026-01-20T19:55:02.700317796Z","01KFEDCAVZJC7DD4AH1RF6NR9W","2026-01-20T19:55:01.77656291Z","01KFEF0XCN2JDQQD559T0PP43B","2026-01-20T19:55:01.77656291Z","01KFEFFP477BRB93GCW74NGMQP","2026-01-20T19:55:01.77656291Z"
"01KFEHVZ26544X10K126BM844Z","01KFEHA1MRJDJA6FNTED28Z8HF","2026-01-20T20:34:48.518604162Z",20,"2026-01-20T20:34:49.908571741Z","B","2026-01-20T20:34:49.513199164Z","01KFEHA1QMX5DYGHPSSSP2RXXX","2026-01-20T20:34:48.518604162Z","01KFEHH299EZ808S0B86915EW8","2026-01-20T20:34:48.518604162Z","01KFEHR314KTB8J024JC33TAJ1","2026-01-20T20:34:48.518604162Z"
"01KFEJFQEG835N3A50H88MS1JJ","01KFEHAM0SBSN9QYCK4NGJTWCC","2026-01-20T20:45:36.080037823Z",7,"2026-01-20T20:46:25.190234727Z","D","2026-01-20T20:46:20.89184675Z","01KFEHAM3ZX2QFEZ4F28QFW79D","2026-01-20T20:45:36.080037823Z","01KFEJ9883X77HA7T3SDA1VF8F","2026-01-20T20:45:36.080037823Z","01KFEJDCQTMVM4FJAYCY5FXPH5","2026-01-20T20:45:36.080037823Z"
"01KFEJXHWZP4F22C89TZ8CJAEK","01KFEHAM0SBSN9QYCK4NGJTWCC","2026-01-20T20:53:09.151140976Z",0,"2026-01-20T20:53:14.437724065Z","A","2026-01-20T20:53:14.122776237Z","01KFEHAM4AZFDTAG8DR1VA4141","2026-01-20T20:53:09.151140976Z","01KFEJFMC7CFQF46Z46BV1EM1Q","2026-01-20T20:53:09.151140976Z","01KFEJMJTEAESQ2Q8PHNRKY5NV","2026-01-20T20:53:09.151140976Z"
"01KFEDYZRDG6K1SFJKCQADH0YY","01KFEDCC1ZHDDN3CP9JWF4PGTF","2026-01-20T19:26:33.229485078Z",17,"2026-01-20T19:26:35.285733909Z","D","2026-01-20T19:26:34.375823729Z","01KFEDCC2JDADMPT5RVZQ93BA8","2026-01-20T19:26:33.229485078Z","01KFEDKABYH5MEPJ95J3ZMZNRM","2026-01-20T19:26:33.229485078Z","01KFEDVKB3W3YVYHTP0ZNB18XR","2026-01-20T19:26:33.229485078Z"
"01KFEEF3K90NDPW1W8TDZ9VH0E","01KFEDCB0G5KS91T4MD9JTDSA4","2026-01-20T19:35:21.449348359Z",19,"2026-01-20T19:35:26.811348295Z","C","2026-01-20T19:35:26.793152688Z","01KFEDCB15BD0TYD7H0V6YZGSZ","2026-01-20T19:35:21.449348359Z","01KFEE2B09J1P0X60NY0EGT3C2","2026-01-20T19:35:21.449348359Z","01KFEE9KM7YKRRKPBFZ4AZGZ5E","2026-01-20T19:35:21.449348359Z"
"01KFEK5B3VN1F10806ABQ9V03E","01KFEJ5C7H3Z5SGPPT0TCGAEB2","2026-01-20T20:57:24.347894693Z",0,"2026-01-20T20:57:26.874713378Z","C","2026-01-20T20:57:26.814745693Z","01KFEJ5C9822567XDA8A9QG0G3","2026-01-20T20:57:24.347894693Z","01KFEJTATNKXCTW38TD0J18TFE","2026-01-20T20:57:24.347894693Z","01KFEK0Q70R7WAX0TRT4PFQJMH","2026-01-20T20:57:24.347894693Z"
"01KFEHQX6H32SDKGR0DJD33XWY","01KFEHA1EJWPRPNCXBTHCF12K2","2026-01-20T20:32:35.537983524Z",0,"2026-01-20T20:32:40.832006819Z","C","2026-01-20T20:32:37.123359467Z","01KFEHA1GDXTPSA0SX8CRPX47C","2026-01-20T20:32:35.537983524Z","01KFEHHMSX0QGW7JR1FS9J2AW6","2026-01-20T20:32:35.537983524Z","01KFEHNSECFNKY5EBGFP7AG7AV","2026-01-20T20:32:35.537983524Z"
"01KFEJMR18TFWMFFY18J0J0B4Z","01KFEHAM0SBSN9QYCK4NGJTWCC","2026-01-20T20:48:20.520803216Z",19,"2026-01-20T20:48:24.117092711Z","C","2026-01-20T20:48:23.273476951Z","01KFEHAM45R1366856G6A2WGHZ","2026-01-20T20:48:20.520803216Z","01KFEHYH6DP091MJE3KD0CRNR1","2026-01-20T20:48:20.520803216Z","01KFEJBBTZ1JJAWXJD9N3E2NJF","2026-01-20T20:48:20.520803216Z"
"01KFEDZTVKA0DQATJ0CMFZCSZZ","01KFEDCC1ZHDDN3CP9JWF4PGTF","2026-01-20T19:27:00.979818701Z",17,"2026-01-20T19:27:02.712322369Z","D","2026-01-20T19:27:01.886906386Z","01KFEDCC2JDADMPT5RVZQ93BA8","2026-01-20T19:27:00.979818701Z","01KFEDKABYH5MEPJ95J3ZMZNRM","2026-01-20T19:27:00.979818701Z","01KFEDVKAZREJHWJYHVZEAH663","2026-01-20T19:27:00.979818701Z"
"01KFEEV9BFGZMCD6PBMJQ48SKN","01KFEDCCAW3ZY6KSKNHTKZ971F","2026-01-20T19:42:00.559188179Z",0,"2026-01-20T19:42:15.536955469Z","D","2026-01-20T19:42:09.769919888Z","01KFEDCCBE716PRHN8Q6NQV6ZT","2026-01-20T19:42:00.559188179Z","01KFEEMRW7PPKZGT4SNXBV2JSZ","2026-01-20T19:42:00.559188179Z","01KFEEV7V3HRE33Z26173TWBJ1","2026-01-20T19:42:00.559188179Z"
"01KFEJ1PWXMJN4NJG6CVXK7MBN","01KFEHA1W0DBA89GCQ87GA4EG5","2026-01-20T20:37:56.765113074Z",0,"2026-01-20T20:38:00.326711563Z","C","2026-01-20T20:37:59.866470461Z","01KFEHA1Z72TJ9J0QENR016CFN","2026-01-20T20:37:56.765113074Z","01KFEHVQ5CHDKKYBKKZ5GXNMKV","2026-01-20T20:37:56.765113074Z","01KFEHZ0GAHK1WXXMMVBS314KR","2026-01-20T20:37:56.765113074Z"
"01KFEFP7ZKWG1PB4N4AV7PEHA7","01KFEDC9EK94N2WNCHE5RRQHCJ","2026-01-20T19:56:43.891178144Z",19,"2026-01-20T19:56:46.020792717Z","C","2026-01-20T19:56:45.860109057Z","01KFEDC9FF7T49EPA99GZDGH84","2026-01-20T19:56:43.891178144Z","01KFEFBN24Q9S7DG3606EXV8XC","2026-01-20T19:56:43.891178144Z","01KFEFG2R77EQ6DEDMZJGNK4DM","2026-01-20T19:56:43.891178144Z"
"01KFEHVSFVCE0HX4H785QMBEEB","01KFEHA1MRJDJA6FNTED28Z8HF","2026-01-20T20:34:42.811298459Z",20,"2026-01-20T20:34:45.662167072Z","A","2026-01-20T20:34:45.628707452Z","01KFEHA1QMX5DYGHPSSSP2RXXX","2026-01-20T20:34:42.811298459Z","01KFEHJFJ1SMX3RCX9M0MFWVF6","2026-01-20T20:34:42.811298459Z","01KFEHR30XQXV6KQPQWT2W3PM1","2026-01-20T20:34:42.811298459Z"
"01KFEHJTF5M76ADY61NDZVWSB2","01KFEHA1W0DBA89GCQ87GA4EG5","2026-01-20T20:29:48.901863272Z",29,"2026-01-20T20:29:58.936331971Z","C","2026-01-20T20:29:50.684709984Z","01KFEHA1ZNDEMMB0DK92YAW8BD","2026-01-20T20:29:48.901863272Z","01KFEHEBSJCV2WCY6FBMMN65A3","2026-01-20T20:29:48.901863272Z","01KFEHHMWTPGGTJE2DD1XCYN30","2026-01-20T20:29:48.901863272Z"
"01KFEHZBQ8F1MASXNM1M7VXPHN","01KFEHA1MRJDJA6FNTED28Z8HF","2026-01-20T20:36:39.784383893Z",17,"2026-01-20T20:36:44.337206002Z","D","2026-01-20T20:36:42.334258186Z","01KFEHA1QYV2E8SAEFNEHYNVTN","2026-01-20T20:36:39.784383893Z","01KFEHKCW5X4CR8DBAYXY74YGJ","2026-01-20T20:36:39.784383893Z","01KFEHSJK11J7ACMZA108D831V","2026-01-20T20:36:39.784383893Z"
"01KFEE2P9E846GKY3ERN3T3QNM","01KFEDCC1ZHDDN3CP9JWF4PGTF","2026-01-20T19:28:34.606357213Z",0,"2026-01-20T19:28:40.919994683Z","C","2026-01-20T19:28:38.181468394Z","01KFEDCC2JDADMPT5RVP2N7S0X","2026-01-20T19:28:34.606357213Z","01KFEDQK6ZX4EYK4N5S5CFQ5FY","2026-01-20T19:28:34.606357213Z","01KFEDZ32Y1HDHJT4B91XWRA4P","2026-01-20T19:28:34.606357213Z"
"01KFEFJ90X6DF4DKHH0W20KY9J","01KFEDC9EK94N2WNCHE5RRQHCJ","2026-01-20T19:54:33.885763016Z",19,"2026-01-20T19:54:39.959318319Z","C","2026-01-20T19:54:39.946385817Z","01KFEDC9FF7T49EPA99GZDGH84","2026-01-20T19:54:33.885763016Z","01KFEFBN24Q9S7DG3606EXV8XC","2026-01-20T19:54:33.885763016Z","01KFEFG2Q2XM0DM6VCZGB4C33J","2026-01-20T19:54:33.885763016Z"
"01KFEHSEVC829ZEZG9ZJ4MZTM8","01KFEHA1EJWPRPNCXBTHCF12K2","2026-01-20T20:33:26.380122168Z",10,"2026-01-20T20:33:27.89082571Z","B","2026-01-20T20:33:27.820708136Z","01KFEHA1GDXTPSA0SX8CRPX47C","2026-01-20T20:33:26.380122168Z","01KFEHHMSX0QGW7JR1FS9J2AW6","2026-01-20T20:33:26.380122168Z","01KFEHNSDF2VZ2E27A6EZNS91J","2026-01-20T20:33:26.380122168Z"
"01KFEHTWNM4BSH37P8W1RKVCZW","01KFEHA1MRJDJA6FNTED28Z8HF","2026-01-20T20:34:13.300396347Z",19,"2026-01-20T20:34:19.044785242Z","C","2026-01-20T20:34:18.999903986Z","01KFEHA1QYV2E8SAEFNEHYNVTN","2026-01-20T20:34:13.300396347Z","01KFEHHH6AXDMAXMWAFCF5JGBC","2026-01-20T20:34:13.300396347Z","01KFEHSJGF68C9A426Y62F5NSJ","2026-01-20T20:34:13.300396347Z"
"01KFEJ27P2VZBB92AFGWHMRM59","01KFEHA1W0DBA89GCQ87GA4EG5","2026-01-20T20:38:13.954355328Z",29,"2026-01-20T20:38:18.614450421Z","C","2026-01-20T20:38:17.09873925Z","01KFEHA1Z72TJ9J0QENR016CFN","2026-01-20T20:38:13.954355328Z","01KFEHMDY2YXCAA0WMRPTSEKC9","2026-01-20T20:38:13.954355328Z","01KFEHZ0GZS76JMCZK8MEQVZ1N","2026-01-20T20:38:13.954355328Z"
"01KFEJ5EWN5SV9FFA2JY9K0TR0","01KFEHAKK9QMW81MWT2FF1CSZA","2026-01-20T20:39:59.637519109Z",19,"2026-01-20T20:40:07.702475614Z","C","2026-01-20T20:40:07.658609557Z","01KFEHAKMDAJRN7M0QA4VDJCGY","2026-01-20T20:39:59.637519109Z","01KFEHW86W3STHQPDAT1BP1CXX","2026-01-20T20:39:59.637519109Z","01KFEJ2SJ2X7SQGFBA9Y49Y77K","2026-01-20T20:39:59.637519109Z"
"01KFEE0Y58T80AZG0PNJF58VQ8","01KFEDCC1ZHDDN3CP9JWF4PGTF","2026-01-20T19:27:37.128849813Z",17,"2026-01-20T19:27:42.058758543Z","D","2026-01-20T19:27:40.281445129Z","01KFEDCC2JDADMPT5RVP2N7S0X","2026-01-20T19:27:37.128849813Z","01KFEDQK6ZX4EYK4N5S5CFQ5FY","2026-01-20T19:27:37.128849813Z","01KFEDZ32SWW4AFB8VQ93662W8","2026-01-20T19:27:37.128849813Z"
"01KFEJ8ES6YT9GCDXV2P1WP9X3","01KFEHA20TFYVSSENV0N2723W5","2026-01-20T20:41:37.83101498Z",20,"2026-01-20T20:41:40.053717586Z","B","2026-01-20T20:41:40.014482448Z","01KFEHA25S6PYJD4DSX1VJG5FE","2026-01-20T20:41:37.83101498Z","01KFEHKBVRWD07VXT4ZKHQQAA6","2026-01-20T20:41:37.83101498Z","01KFEJ3HQPGW0VP103K6RVY8AR","2026-01-20T20:41:37.83101498Z"
"01KFEK3M4G9A4YF6DC9XJY3WXC","01KFEJ5C7H3Z5SGPPT0TCGAEB2","2026-01-20T20:56:28.04806862Z",0,"2026-01-20T20:56:37.628041562Z","C","2026-01-20T20:56:37.552322783Z","01KFEJ5C9822567XDA8A9QG0G3","2026-01-20T20:56:28.04806862Z","01KFEJRM0CNFF8YTKCA6JC16CE","2026-01-20T20:56:28.04806862Z","01KFEK0Q1FH3DY1RK2H5WCN6ZA","2026-01-20T20:56:28.04806862Z"
"01KFEHJN5AS38Q2R5XDKTW2Y6A","01KFEHA20TFYVSSENV0N2723W5","2026-01-20T20:29:43.466457858Z",10,"2026-01-20T20:29:50.506705842Z","A","2026-01-20T20:29:47.451807917Z","01KFEHA25NESP3C46R1STZWY67","2026-01-20T20:29:43.466457858Z","01KFEHE6NX6FXVRTV1KPH8TKWC","2026-01-20T20:29:43.466457858Z","01KFEHHR66C25E93ANBEDKJV69","2026-01-20T20:29:43.466457858Z"
"01KFEJZHF1GTNHJMARBMC4J1KV","01KFEJ5DKDD8ED3R70AXWWV7TA","2026-01-20T20:54:14.241162754Z",29,"2026-01-20T20:54:16.315765483Z","C","2026-01-20T20:54:16.187604604Z","01KFEJ5DPFFD934S0E2GQ1B9RR","2026-01-20T20:54:14.241162754Z","01KFEJJ4V0E3E83F88J6MK6KAW","2026-01-20T20:54:14.241162754Z","01KFEJVCZANXPRXT7EFNMFCPZX","2026-01-20T20:54:14.241162754Z"
"01KFEHN7JWXH91NMXFFA5Y5DEM","01KFEHA1W0DBA89GCQ87GA4EG5","2026-01-20T20:31:07.868222201Z",17,"2026-01-20T20:31:09.222377362Z","D","2026-01-20T20:31:09.060819219Z","01KFEHA1ZNDEMMB0DK92YAW8BD","2026-01-20T20:31:07.868222201Z","01KFEHAFP87N0FEFRCAHH2V652","2026-01-20T20:31:07.868222201Z","01KFEHHMXZHHDJDR51Q15SHPK8","2026-01-20T20:31:07.868222201Z"
"01KFEJW88E975ZW5W4XA5N7BKE","01KFEHAM72H3ZNN8G0T2BCT79K","2026-01-20T20:52:26.510266096Z",7,"2026-01-20T20:52:30.752782748Z","D","2026-01-20T20:52:28.954392707Z","01KFEHAMATV7GY0NQF17M2P0MD","2026-01-20T20:52:26.510266096Z","01KFEJ5D2KZA6HXFGKH7XFG11W","2026-01-20T20:52:26.510266096Z","01KFEJMAXY50EDB1ESFQ59VMKC","2026-01-20T20:52:26.510266096Z"
"01KFEEEEZMGY1AZ1C6FJNQVGEA","01KFEDCB0G5KS91T4MD9JTDSA4","2026-01-20T19:35:00.340604592Z",19,"2026-01-20T19:35:05.218666109Z","C","2026-01-20T19:35:05.201652561Z","01KFEDCB15BD0TYD7H0V6YZGSZ","2026-01-20T19:35:00.340604592Z","01KFEE2B09J1P0X60NY0EGT3C2","2026-01-20T19:35:00.340604592Z","01KFEE9KM9J603KKBNGXMM8RBS","2026-01-20T19:35:00.340604592Z"
"01KFEEJGH1C9PPACWKJHTVJQ49","01KFEDCB7P38BTZ4ACVDP6P0XN","2026-01-20T19:37:12.993068334Z",0,"2026-01-20T19:37:17.959313576Z","A","2026-01-20T19:37:17.94518118Z","01KFEDCB85NRAF0XG25ABR62N5","2026-01-20T19:37:12.993068334Z","01KFEE2GDYZKFQF2HSAA1FMRTA","2026-01-20T19:37:12.993068334Z","01KFEEC6QCVS81FJ6KAT1KSZDZ","2026-01-20T19:37:12.993068334Z"
"01KFEEB022ETNRWXGVVT8QW0G3","01KFEDCB0G5KS91T4MD9JTDSA4","2026-01-20T19:33:06.754506361Z",19,"2026-01-20T19:33:19.783907958Z","C","2026-01-20T19:33:19.765966157Z","01KFEDCB15BD0TYD7H0V6YZGSZ","2026-01-20T19:33:06.754506361Z","01KFEE2B09J1P0X60NY0EGT3C2","2026-01-20T19:33:06.754506361Z","01KFEE9KKNVYHNKP7WMCHNXV4R","2026-01-20T19:33:06.754506361Z"
"01KFEHXET8D1W3YDJ6V21XKTGC","01KFEHA1EJWPRPNCXBTHCF12K2","2026-01-20T20:35:37.4169831Z",10,"2026-01-20T20:35:41.230480681Z","A","2026-01-20T20:35:40.065356478Z","01KFEHA1GRK7A014NXTNRF457G","2026-01-20T20:35:37.4169831Z","01KFEHG6C81JZ80FMVPH00AMCG","2026-01-20T20:35:37.4169831Z","01KFEHPVMPBN5P18FWQJRJWTEE","2026-01-20T20:35:37.4169831Z"
"01KFEJERKEEY1MHHYPC9699EFS","01KFEHAM0SBSN9QYCK4NGJTWCC","2026-01-20T20:45:04.494620616Z",7,"2026-01-20T20:45:21.963950495Z","D","2026-01-20T20:45:09.6216361Z","01KFEHAM45R1366856G6A2WGHZ","2026-01-20T20:45:04.494620616Z","01KFEHW1PTS6VD3Q9W69X0CC7S","2026-01-20T20:45:04.494620616Z","01KFEJBBQ9W7AFMM8K52FPEBRD","2026-01-20T20:45:04.494620616Z"
"01KFEJK86NRG62A9X69VM2T6QD","01KFEHAM0SBSN9QYCK4NGJTWCC","2026-01-20T20:47:31.54162136Z",19,"2026-01-20T20:47:35.781225084Z","C","2026-01-20T20:47:35.696770685Z","01KFEHAM3ZX2QFEZ4F28QFW79D","2026-01-20T20:47:31.54162136Z","01KFEJ9883X77HA7T3SDA1VF8F","2026-01-20T20:47:31.54162136Z","01KFEJDCT21RSTZVN86PQ9B0RY","2026-01-20T20:47:31.54162136Z"
"01KFEETYPKKW0CJJYA59HD30MX","01KFEDCCH0VMFH7P25F40PD43N","2026-01-20T19:41:49.651892736Z",17,"2026-01-20T19:41:52.600625311Z","D","2026-01-20T19:41:52.578195674Z","01KFEDCCHJADFRJT5F5VJ9ST9F","2026-01-20T19:41:49.651892736Z","01KFEEJDGDWEMZQAHJH9Z7FVC3","2026-01-20T19:41:49.651892736Z","01KFEERHSVCJAJNXZR9BAR0VM4","2026-01-20T19:41:49.651892736Z"
"01KFEJCCC01A8SSMJNAFT6N2Y5","01KFEHAKK9QMW81MWT2FF1CSZA","2026-01-20T20:43:46.432035758Z",0,"2026-01-20T20:43:50.65895829Z","C","2026-01-20T20:43:50.432669365Z","01KFEHAKMDAJRN7M0QA4VDJCGY","2026-01-20T20:43:46.432035758Z","01KFEHW86W3STHQPDAT1BP1CXX","2026-01-20T20:43:46.432035758Z","01KFEJ2SN1CZZD2YDR7RPD2ZWZ","2026-01-20T20:43:46.432035758Z"
"01KFEKN1VW88M8GXGDMBVRXNKF","01KFEJ5DKDD8ED3R70AXWWV7TA","2026-01-20T21:05:59.164366001Z",7,"2026-01-20T21:06:19.002609285Z","D","2026-01-20T21:06:07.74444248Z","01KFEJ5DNSX5Y5MH73PBQYYZM3","2026-01-20T21:05:59.164366001Z","01KFEKH56QYDWDZ627S51E8JZX","2026-01-20T21:05:59.164366001Z","01KFEKMQSGT9TTCQS1A95ANYGH","2026-01-20T21:05:59.164366001Z"
"01KFENKW2J5R048420BEVQSJAR","01KFEKP8JTD09P5KZK5HC45AYH","2026-01-20T21:40:17.618585106Z",20,"2026-01-20T21:40:41.762618638Z","B","2026-01-20T21:40:41.534957702Z","01KFEKP8SWACZ78Z101DJZ9YZX","2026-01-20T21:40:17.618585106Z","01KFEN1V09JT6DJQFTMJT9XVS1","2026-01-20T21:40:17.618585106Z","01KFENEFYSQDH44X3ST3JJ4YZ5","2026-01-20T21:40:17.618585106Z"
"01KFEKCHXW8JDPGJ6NRPWW7MJ9","01KFEJ5CPJ5RGARFNN6Z0PCT4Q","2026-01-20T21:01:20.700563082Z",19,"2026-01-20T21:01:29.679917431Z","C","2026-01-20T21:01:29.596061279Z","01KFEJ5CQQ00MKPGMA298B0BDM","2026-01-20T21:01:20.700563082Z","01KFEK2D2ABTHF5VPGA11FKCNZ","2026-01-20T21:01:20.700563082Z","01KFEK9MFYQY0MMW5TJNB3BA76","2026-01-20T21:01:20.700563082Z"
"01KFENNBCAWQQ14SN2Y5T823SC","01KFEKP8JTD09P5KZK5HC45AYH","2026-01-20T21:41:06.058509476Z",20,"2026-01-20T21:41:11.430538416Z","B","2026-01-20T21:41:10.942897119Z","01KFEKP8SWACZ78Z101DJZ9YZX","2026-01-20T21:41:06.058509476Z","01KFEN1V09JT6DJQFTMJT9XVS1","2026-01-20T21:41:06.058509476Z","01KFENEFPYNYNAW5YZ9561CVFT","2026-01-20T21:41:06.058509476Z"
"01KFEKQJVCQPV29AA5C0WS35M5","01KFEJ5D47V2DPV4P7KW69CWA7","2026-01-20T21:07:22.092714681Z",17,"2026-01-20T21:07:27.657884389Z","D","2026-01-20T21:07:27.53038217Z","01KFEJ5D5EZSQZ1FHTABW8Z6HQ","2026-01-20T21:07:22.092714681Z","01KFEK43BY9D5G2GXTKTDV7QBX","2026-01-20T21:07:22.092714681Z","01KFEKHAWRX677KT6AVT8PXZKR","2026-01-20T21:07:22.092714681Z"
"01KFEMFQ9KQNDZSF7ZPPFEHFQG","01KFEKHPGYTA3NV92JW708KDS3","2026-01-20T21:20:33.075291663Z",19,"2026-01-20T21:20:44.324981384Z","C","2026-01-20T21:20:41.410994692Z","01KFEKHXK7R8H3J1J8XZRRFJYB","2026-01-20T21:20:33.075291663Z","01KFEM9GMDKNEQA3ZWG27ZV1NT","2026-01-20T21:20:33.075291663Z","01KFEMDFQX95N1B909NHWMNAGY","2026-01-20T21:20:33.075291663Z"
"01KFEKX0G8CE06VNPMAGDB7KNP","01KFEKHPGYTA3NV92JW708KDS3","2026-01-20T21:10:19.912535122Z",20,"2026-01-20T21:10:22.378518991Z","B","2026-01-20T21:10:21.893781804Z","01KFEKHXG0QSJ727TF9BK0CVWT","2026-01-20T21:10:19.912535122Z","01KFEKHMBXJQ8V8MN80AG07QXK","2026-01-20T21:10:19.912535122Z","01KFEKRXWEGMF6AE6D9KHYXRS6","2026-01-20T21:10:19.912535122Z"
"01KFENCQCJHJK7ZT6NP4DVKHPQ","01KFEKHQDC2K693XFM5ANS8DHE","2026-01-20T21:36:23.442066302Z",0,"2026-01-20T21:36:27.119514822Z","C","2026-01-20T21:36:26.611051134Z","01KFEKHZKRT77TCYW9QR636P3H","2026-01-20T21:36:23.442066302Z","01KFEMY0AS8BBZXMYCA88W167J","2026-01-20T21:36:23.442066302Z","01KFEN4AKK1R7GTYNS7ZFGWBHK","2026-01-20T21:36:23.442066302Z"
"01KFEKBZ4YPJPCRTSP6QEPE8CW","01KFEJ5DKDD8ED3R70AXWWV7TA","2026-01-20T21:01:01.470806858Z",19,"2026-01-20T21:01:05.507480392Z","C","2026-01-20T21:01:04.625544271Z","01KFEJ5DPRA3SJMDJ397B8T8C1","2026-01-20T21:01:01.470806858Z","01KFEK01H1YPA1JPJ9R7TY1GMF","2026-01-20T21:01:01.470806858Z","01KFEK95VS4RB7TRK5NST1V155","2026-01-20T21:01:01.470806858Z"
"01KFEKR0B7JS1FA2C6081VC3YS","01KFEJ5D47V2DPV4P7KW69CWA7","2026-01-20T21:07:35.911210084Z",17,"2026-01-20T21:07:40.486531731Z","D","2026-01-20T21:07:40.355860734Z","01KFEJ5D6TNJMBKPJMAENEXHMP","2026-01-20T21:07:35.911210084Z","01KFEKDA9NJGRKFSSAT3ZXZ5QE","2026-01-20T21:07:35.911210084Z","01KFEKJ3N50MN35JPQ8EWZREWN","2026-01-20T21:07:35.911210084Z"
"01KFENAPGHNPHKK71ANJW2EXJZ","01KFEKHPXA861Q1DG96X1DM2E6","2026-01-20T21:35:17.010007875Z",17,"2026-01-20T21:35:20.940379082Z","D","2026-01-20T21:35:19.928383803Z","01KFEKHYHJB14HYQ6WNW69M0EN","2026-01-20T21:35:17.010007875Z","01KFEMYTYF2ENKG7SYCSVCBX9H","2026-01-20T21:35:17.010007875Z","01KFEN713RMW5HZZWKVVERQGF2","2026-01-20T21:35:17.010007875Z"
"01KFEKX5Z6B44H2RJ0WMW39Y3K","01KFEKHPGYTA3NV92JW708KDS3","2026-01-20T21:10:25.510596766Z",10,"2026-01-20T21:10:29.35472471Z","A","2026-01-20T21:10:28.080500289Z","01KFEKHXG0QSJ727TF9BK0CVWT","2026-01-20T21:10:25.510596766Z","01KFEKGBZDDR87QG9CGWE37DKP","2026-01-20T21:10:25.510596766Z","01KFEKRY8EJDVP4BE9K4MR0ZPK","2026-01-20T21:10:25.510596766Z"
"01KFEND2ZSJTA4AKERV8YJM06D","01KFEKHPXA861Q1DG96X1DM2E6","2026-01-20T21:36:35.321698603Z",17,"2026-01-20T21:36:39.980563251Z","D","2026-01-20T21:36:38.720279463Z","01KFEKHYHJB14HYQ6WNW69M0EN","2026-01-20T21:36:35.321698603Z","01KFEMYTYF2ENKG7SYCSVCBX9H","2026-01-20T21:36:35.321698603Z","01KFEN71C4J3TDWC72VXE79XXR","2026-01-20T21:36:35.321698603Z"
"01KFENGBXZV8CF13J83VFH9GDX","01KFEKP8JTD09P5KZK5HC45AYH","2026-01-20T21:38:22.783259777Z",19,"2026-01-20T21:38:31.392303092Z","C","2026-01-20T21:38:30.865215165Z","01KFEKP8SWACZ78Z101DJZ9YZX","2026-01-20T21:38:22.783259777Z","01KFEN3XCJATC6HG39SDG7KSE0","2026-01-20T21:38:22.783259777Z","01KFENEF1K6JR7JDBTZG4RVJKF","2026-01-20T21:38:22.783259777Z"
"01KFEKENRWQ4TPD07HFNNTG9G3","01KFEJ5CPJ5RGARFNN6Z0PCT4Q","2026-01-20T21:02:30.172260764Z",19,"2026-01-20T21:02:37.779189961Z","C","2026-01-20T21:02:32.798199562Z","01KFEJ5CQQ00MKPGMA298B0BDM","2026-01-20T21:02:30.172260764Z","01KFEK2D2ABTHF5VPGA11FKCNZ","2026-01-20T21:02:30.172260764Z","01KFEK9MNWD1KNV05BDKQF9E3P","2026-01-20T21:02:30.172260764Z"
"01KFEMGQCTZKHYZCR0WXGTV3ST","01KFEKHQDC2K693XFM5ANS8DHE","2026-01-20T21:21:05.946386922Z",10,"2026-01-20T21:21:15.099596283Z","B","2026-01-20T21:21:14.60559063Z","01KFEKHZN529E42QD9METE3SFK","2026-01-20T21:21:05.946386922Z","01KFEMC66GX6VYABMARMTEQ575","2026-01-20T21:21:05.946386922Z","01KFEMG99GYA51HJ47XR5EJ0BR","2026-01-20T21:21:05.946386922Z"
"01KFEN8H37ETVTAPEFKDRPPDVQ","01KFEKHQDC2K693XFM5ANS8DHE","2026-01-20T21:34:05.927634843Z",29,"2026-01-20T21:34:13.095320756Z","C","2026-01-20T21:34:12.884776608Z","01KFEKHZKRT77TCYW9QR636P3H","2026-01-20T21:34:05.927634843Z","01KFEMY0AS8BBZXMYCA88W167J","2026-01-20T21:34:05.927634843Z","01KFEN4AGXRGM8J9H8V8MCDQG8","2026-01-20T21:34:05.927634843Z"
"01KFENBS3D656VP4BPYWW2E58Z","01KFEKHQ6RN01KDJ4QSDZAWPPS","2026-01-20T21:35:52.429912715Z",29,"2026-01-20T21:36:27.938503425Z","C","2026-01-20T21:36:27.656445205Z","01KFEKHZCYGXG9E88XG20MH24Y","2026-01-20T21:35:52.429912715Z","01KFEMZ3DY0H8VM8TWW94CE5C0","2026-01-20T21:35:52.429912715Z","01KFEN366JBM5FSHDNQ1EMXGMW","2026-01-20T21:35:52.429912715Z"
"01KFEMRQENVAR52D3QDY02SB0F","01KFEKP90DN3N51AVE1856PVFP","2026-01-20T21:25:28.149580366Z",0,"2026-01-20T21:25:54.873145658Z","A","2026-01-20T21:25:39.603520625Z","01KFEKPARRGKN060WSHP4MXPVN","2026-01-20T21:25:28.149580366Z","01KFEMCPJ0592DB22F7648NKQD","2026-01-20T21:25:28.149580366Z","01KFEMJWHFKFGJH8X6FFM04CCJ","2026-01-20T21:25:28.149580366Z"
"01KFEKM5YEVNCW2FBMQ5M6RE7J","01KFEJ5D47V2DPV4P7KW69CWA7","2026-01-20T21:05:30.574825049Z",7,"2026-01-20T21:05:37.703097019Z","D","2026-01-20T21:05:37.560932263Z","01KFEJ5D5EZSQZ1FHTABW8Z6HQ","2026-01-20T21:05:30.574825049Z","01KFEK43BY9D5G2GXTKTDV7QBX","2026-01-20T21:05:30.574825049Z","01KFEKHAR6HXGXBFZQNPQX74Z4","2026-01-20T21:05:30.574825049Z"
"01KFEKQ3JZHSPNTH1J1824WK6A","01KFEKHP5PHVKCA3W59M54X4HD","2026-01-20T21:07:06.463228084Z",10,"2026-01-20T21:07:23.19073972Z","B","2026-01-20T21:07:16.693995853Z","01KFEKHW2KQMM6E7GG18D0G9TT","2026-01-20T21:07:06.463228084Z","01KFEKE5VNBEE8HCYQK3HWDR4D","2026-01-20T21:07:06.463228084Z","01KFEKPR1210RKFMARGMQ97FWM","2026-01-20T21:07:06.463228084Z"
"01KFEKXWYCPQJJJ7GW71QC2XQY","01KFEKHPGYTA3NV92JW708KDS3","2026-01-20T21:10:49.036769865Z",20,"2026-01-20T21:10:53.956720294Z","B","2026-01-20T21:10:51.374695483Z","01KFEKHXG0QSJ727TF9BK0CVWT","2026-01-20T21:10:49.036769865Z","01KFEKHMBXJQ8V8MN80AG07QXK","2026-01-20T21:10:49.036769865Z","01KFEKRYACM9MCV5ZKH5XSPRRX","2026-01-20T21:10:49.036769865Z"
"01KFEKTBN03KDXBQEN7673V1C6","01KFEKHPC1MSE3FJ7DBY2FGY2F","2026-01-20T21:08:53.025001619Z",10,"2026-01-20T21:08:58.803960643Z","A","2026-01-20T21:08:57.202513149Z","01KFEKHX2RB171QB64SDRQQFHC","2026-01-20T21:08:53.025001619Z","01KFEKMQJYX5BJJG3C1JG69E20","2026-01-20T21:08:53.025001619Z","01KFEKRGSYTBRDPGBCBNN4SAYS","2026-01-20T21:08:53.025001619Z"
"01KFEM2DS94SXPVAHT72AEE57Z","01KFEKHPC1MSE3FJ7DBY2FGY2F","2026-01-20T21:13:17.353627485Z",19,"2026-01-20T21:13:24.851247731Z","C","2026-01-20T21:13:24.089569995Z","01KFEKHWZEPZZY95F2XW7M1MFP","2026-01-20T21:13:17.353627485Z","01KFEKH2E82JWZZAXCHQQKPEBM","2026-01-20T21:13:17.353627485Z","01KFEKQ52XNAZH3GP544277P8W","2026-01-20T21:13:17.353627485Z"
"01KFEMJ9KBB0CT77JX5A1T5BD5","01KFEKHQDC2K693XFM5ANS8DHE","2026-01-20T21:21:57.355540851Z",19,"2026-01-20T21:22:05.445404378Z","C","2026-01-20T21:22:05.320837344Z","01KFEKHZN529E42QD9METE3SFK","2026-01-20T21:21:57.355540851Z","01KFEMAXQT7QKHPN3PD6V9XKR3","2026-01-20T21:21:57.355540851Z","01KFEMG8M70Q19CY8VZJMG2X8A","2026-01-20T21:21:57.355540851Z"
"01KFENH1HJSTAVETBNFGFZFAKQ","01KFEKP8JTD09P5KZK5HC45AYH","2026-01-20T21:38:44.914264541Z",7,"2026-01-20T21:38:54.39010478Z","D","2026-01-20T21:38:53.148513923Z","01KFEKP8SWACZ78Z101DJZ9YZX","2026-01-20T21:38:44.914264541Z","01KFEN3XCJATC6HG39SDG7KSE0","2026-01-20T21:38:44.914264541Z","01KFENEEY9DVTF0MHRDAH9WWBX","2026-01-20T21:38:44.914264541Z"
"01KFEMB6QSENMPC3YADDTTKPX1","01KFEKHPC1MSE3FJ7DBY2FGY2F","2026-01-20T21:18:05.049783674Z",17,"2026-01-20T21:18:15.276037565Z","D","2026-01-20T21:18:15.108793108Z","01KFEKHX1P9ZX6RDK1X5H16NSJ","2026-01-20T21:18:05.049783674Z","01KFEKYDBHRB0V4J8GGC1RRNB4","2026-01-20T21:18:05.049783674Z","01KFEM6CKKYWYQBGBQ5HP2TMDX","2026-01-20T21:18:05.049783674Z"
"01KFEMME6WWG07VYZD8NR4GP1N","01KFEKHPC1MSE3FJ7DBY2FGY2F","2026-01-20T21:23:07.612101472Z",0,"2026-01-20T21:23:10.784913977Z","C","2026-01-20T21:23:10.515725369Z","01KFEKHX0GFP3226G2XP5V5QA7","2026-01-20T21:23:07.612101472Z","01KFEM7WBDAJE6T5GGXJ4D59J9","2026-01-20T21:23:07.612101472Z","01KFEMD155S5CYM9TH3QN9Q923","2026-01-20T21:23:07.612101472Z"
"01KFEMSX30VKD069BB0XPTRTB9","01KFEKHPGYTA3NV92JW708KDS3","2026-01-20T21:26:06.688982436Z",17,"2026-01-20T21:26:12.341018824Z","D","2026-01-20T21:26:10.867688264Z","01KFEKHXK7R8H3J1J8XZRRFJYB","2026-01-20T21:26:06.688982436Z","01KFEM8JMB54JZHMPXSTXQAQHP","2026-01-20T21:26:06.688982436Z","01KFEMDGCP26XWZ7F5EWSJ8DQ3","2026-01-20T21:26:06.688982436Z"
"01KFEKR0A59WZM9MQS0P05Z4VG","01KFEJ5D47V2DPV4P7KW69CWA7","2026-01-20T21:07:35.877417554Z",29,"2026-01-20T21:07:40.486531731Z","C","2026-01-20T21:07:37.722585987Z","01KFEJ5D6TNJMBKPJMAENEXHMP","2026-01-20T21:07:35.877417554Z","01KFEKDMRV7F4Y978MGBAGHY9Y","2026-01-20T21:07:35.877417554Z","01KFEKJ3N50MN35JPQ8EWZREWN","2026-01-20T21:07:35.877417554Z"
"01KFEN50NR2XB0ATK2BXEFYZWF","01KFEKHQDC2K693XFM5ANS8DHE","2026-01-20T21:32:10.808604832Z",7,"2026-01-20T21:32:33.586392437Z","D","2026-01-20T21:32:33.32111444Z","01KFEKHZKRT77TCYW9QR636P3H","2026-01-20T21:32:10.808604832Z","01KFEMZTH1KPE39TS4QCXRY5YJ","2026-01-20T21:32:10.808604832Z","01KFEN4A9GVGFDV0TFPJE5YKQ0","2026-01-20T21:32:10.808604832Z"
"01KFENGX5W18212SDGF9ZHSBE7","01KFEKHQ6RN01KDJ4QSDZAWPPS","2026-01-20T21:38:40.444942535Z",29,"2026-01-20T21:38:45.735560472Z","C","2026-01-20T21:38:42.452162129Z","01KFEKHZCYGXG9E88XG20MH24Y","2026-01-20T21:38:40.444942535Z","01KFEMZ3DY0H8VM8TWW94CE5C0","2026-01-20T21:38:40.444942535Z","01KFEN36R1V6TR16QPE4XZV4RF","2026-01-20T21:38:40.444942535Z"
"01KFEKTB0JV9K890TTRE8NTMKT","01KFEJ5DKDD8ED3R70AXWWV7TA","2026-01-20T21:08:52.370545617Z",20,"2026-01-20T21:09:14.301803007Z","B","2026-01-20T21:09:02.48251996Z","01KFEJ5DNSX5Y5MH73PBQYYZM3","2026-01-20T21:08:52.370545617Z","01KFEKEP42W1KWM0E304T7Q0E4","2026-01-20T21:08:52.370545617Z","01KFEKMQW2MN0D2BG1R9WXHWWC","2026-01-20T21:08:52.370545617Z"
"01KFEND479SQW2HF1NCMM3NAM2","01KFEKHQ6RN01KDJ4QSDZAWPPS","2026-01-20T21:36:36.5860221Z",29,"2026-01-20T21:36:40.350742909Z","C","2026-01-20T21:36:39.290274507Z","01KFEKHZCYGXG9E88XG20MH24Y","2026-01-20T21:36:36.5860221Z","01KFEMZ3DY0H8VM8TWW94CE5C0","2026-01-20T21:36:36.5860221Z","01KFEN36BM586JCYKJPCJN9TJM","2026-01-20T21:36:36.5860221Z"
"01KFEMSR58HXTMJ60BQZX71RCP","01KFEKHQ6RN01KDJ4QSDZAWPPS","2026-01-20T21:26:01.640610911Z",17,"2026-01-20T21:26:08.176799741Z","D","2026-01-20T21:26:05.142513749Z","01KFEKHZ9SCZ02EGGWRNFEECG2","2026-01-20T21:26:01.640610911Z","01KFEM9E7RMZA5K11AYHB2TQZJ","2026-01-20T21:26:01.640610911Z","01KFEMF67SPAWKQXP3C0MXWZS8","2026-01-20T21:26:01.640610911Z"
"01KFEKVR6RFYTVAWRJ9GX806TP","01KFEJ5E832Q64ZNG3ZKPXGHJ5","2026-01-20T21:09:38.648352549Z",17,"2026-01-20T21:09:40.766922614Z","D","2026-01-20T21:09:40.403036132Z","01KFEJ5E9BF1S7ZWGC98397B4G","2026-01-20T21:09:38.648352549Z","01KFEKGNPQS5RBR06H121JR9K1","2026-01-20T21:09:38.648352549Z","01KFEKMDY8HQCGG1KYM859VQ42","2026-01-20T21:09:38.648352549Z"
"01KFEN82TPJ2GZ2H5EQCJR57RX","01KFEKHQ6RN01KDJ4QSDZAWPPS","2026-01-20T21:33:51.318195487Z",0,"2026-01-20T21:33:58.247456792Z","C","2026-01-20T21:33:54.330000494Z","01KFEKHZBEEPDRHKRQPWCS3SGH","2026-01-20T21:33:51.318195487Z","01KFEMM17G5WSXC6D0MGM804RP","2026-01-20T21:33:51.318195487Z","01KFEMVWYS79D9G1D5REDPJQSV","2026-01-20T21:33:51.318195487Z"
"01KFENHG06XR79DCA2MZ8KK1J8","01KFEKHQ6RN01KDJ4QSDZAWPPS","2026-01-20T21:38:59.719036345Z",0,"2026-01-20T21:39:03.307976811Z","C","2026-01-20T21:39:02.31079664Z","01KFEKHZCYGXG9E88XG20MH24Y","2026-01-20T21:38:59.719036345Z","01KFEMZ3DY0H8VM8TWW94CE5C0","2026-01-20T21:38:59.719036345Z","01KFEN36Y0ADVX3S1QKZ297H61","2026-01-20T21:38:59.719036345Z"
"01KFENDKSFMDFH2BTY4JKHEKAF","01KFEKHQDC2K693XFM5ANS8DHE","2026-01-20T21:36:52.527276254Z",29,"2026-01-20T21:36:58.410964009Z","C","2026-01-20T21:36:55.633379924Z","01KFEKHZKRT77TCYW9QR636P3H","2026-01-20T21:36:52.527276254Z","01KFEMY0AS8BBZXMYCA88W167J","2026-01-20T21:36:52.527276254Z","01KFEN4B72CEG3SESSM1RDKQ7M","2026-01-20T21:36:52.527276254Z"
"01KFEMRC4BQ5EBE1XQACBMGGEK","01KFEKHPGYTA3NV92JW708KDS3","2026-01-20T21:25:16.555174297Z",29,"2026-01-20T21:25:27.125041143Z","C","2026-01-20T21:25:25.934066691Z","01KFEKHXK7R8H3J1J8XZRRFJYB","2026-01-20T21:25:16.555174297Z","01KFEM9GMDKNEQA3ZWG27ZV1NT","2026-01-20T21:25:16.555174297Z","01KFEMDG95TMBZKSJ62RZKWXW8","2026-01-20T21:25:16.555174297Z"
"01KFEMJPRANVFYA3W95XDP4WSQ","01KFEKHPGYTA3NV92JW708KDS3","2026-01-20T21:22:10.826855072Z",29,"2026-01-20T21:22:15.729993263Z","C","2026-01-20T21:22:14.24324415Z","01KFEKHXK7R8H3J1J8XZRRFJYB","2026-01-20T21:22:10.826855072Z","01KFEM9GMDKNEQA3ZWG27ZV1NT","2026-01-20T21:22:10.826855072Z","01KFEMDFXG734V5KXX1JM4GBCF","2026-01-20T21:22:10.826855072Z"
"01KFENDFYXCXY0Y6J9B91Z11AW","01KFEKHPXA861Q1DG96X1DM2E6","2026-01-20T21:36:48.605888767Z",17,"2026-01-20T21:36:55.059576153Z","D","2026-01-20T21:36:52.399842312Z","01KFEKHYHJB14HYQ6WNW69M0EN","2026-01-20T21:36:48.605888767Z","01KFEMYTYF2ENKG7SYCSVCBX9H","2026-01-20T21:36:48.605888767Z","01KFEN71EV3H76NA0E8H6DZWMV","2026-01-20T21:36:48.605888767Z"
"01KFEKZX8B3AWPS992DRY86G7W","01KFEKHP5PHVKCA3W59M54X4HD","2026-01-20T21:11:54.89201423Z",20,"2026-01-20T21:12:53.991308963Z","B","2026-01-20T21:11:58.73280826Z","01KFEKHW2KQMM6E7GG18D0G9TT","2026-01-20T21:11:54.89201423Z","01KFEKE5VNBEE8HCYQK3HWDR4D","2026-01-20T21:11:54.89201423Z","01KFEKPRCH19JNJ9M6B2Q8EZ97","2026-01-20T21:11:54.89201423Z"
"01KFEMDF2VC0ZCQ580EN21D9AC","01KFEKHPC1MSE3FJ7DBY2FGY2F","2026-01-20T21:19:19.13174364Z",19,"2026-01-20T21:19:39.922657518Z","C","2026-01-20T21:19:27.779294265Z","01KFEKHX0GFP3226G2XP5V5QA7","2026-01-20T21:19:19.13174364Z","01KFEM7WBDAJE6T5GGXJ4D59J9","2026-01-20T21:19:19.13174364Z","01KFEMD0GVGXGC66K4PFBKMJCW","2026-01-20T21:19:19.13174364Z"
"01KFENDQWDB6EEJ6H8N3F4ZCNJ","01KFEKHQDC2K693XFM5ANS8DHE","2026-01-20T21:36:56.717379815Z",0,"2026-01-20T21:37:09.343332186Z","B","2026-01-20T21:37:05.858471546Z","01KFEKHZJWCME2TD44SWFYQ3JK","2026-01-20T21:36:56.717379815Z","01KFEN3VF2KFDMCBF7BMJ0W416","2026-01-20T21:36:56.717379815Z","01KFENBMBD6T7QHZEEFW394KAS","2026-01-20T21:36:56.717379815Z"
"01KFEMYN9SJFR5C97E674Z38C5","01KFEKP90DN3N51AVE1856PVFP","2026-01-20T21:28:42.55402764Z",10,"2026-01-20T21:29:08.759500832Z","B","2026-01-20T21:28:47.058932215Z","01KFEKPARRGKN060WSHP4MXPVN","2026-01-20T21:28:42.55402764Z","01KFEMCPJ0592DB22F7648NKQD","2026-01-20T21:28:42.55402764Z","01KFEMJWV4VKRYQC1Z322ZNNV8","2026-01-20T21:28:42.55402764Z"
"01KFEKY4FR8XVA2SH5XG9RC770","01KFEKHPGYTA3NV92JW708KDS3","2026-01-20T21:10:56.760835496Z",0,"2026-01-20T21:10:59.185807349Z","C","2026-01-20T21:10:58.786927077Z","01KFEKHXG0QSJ727TF9BK0CVWT","2026-01-20T21:10:56.760835496Z","01KFEKHMBXJQ8V8MN80AG07QXK","2026-01-20T21:10:56.760835496Z","01KFEKRYBYA46PDW446VMM9EK0","2026-01-20T21:10:56.760835496Z"
"01KFENAX8KQQWZ0E5ZR55QA5R3","01KFEKHPXA861Q1DG96X1DM2E6","2026-01-20T21:35:23.923591213Z",17,"2026-01-20T21:36:11.317257737Z","D","2026-01-20T21:35:27.865179007Z","01KFEKHYHJB14HYQ6WNW69M0EN","2026-01-20T21:35:23.923591213Z","01KFEMYTYF2ENKG7SYCSVCBX9H","2026-01-20T21:35:23.923591213Z","01KFEN716GFR9B335XGP29TPRX","2026-01-20T21:35:23.923591213Z"
"01KFEMR5GM2EJK48YN9R6Z755A","01KFEKP90DN3N51AVE1856PVFP","2026-01-20T21:25:09.780298766Z",19,"2026-01-20T21:25:15.53682433Z","C","2026-01-20T21:25:13.318301539Z","01KFEKPARRGKN060WSHP4MXPVN","2026-01-20T21:25:09.780298766Z","01KFEMCK5PSCC7SW5H7XYEWC3R","2026-01-20T21:25:09.780298766Z","01KFEMJWDJM8Z525DQ93552X85","2026-01-20T21:25:09.780298766Z"
"01KFEMRRH58NWTCBSPS4WC5TMD","01KFEKHQDC2K693XFM5ANS8DHE","2026-01-20T21:25:29.253681814Z",0,"2026-01-20T21:25:51.118809779Z","D","2026-01-20T21:25:31.735051909Z","01KFEKHZN529E42QD9METE3SFK","2026-01-20T21:25:29.253681814Z","01KFEMC66GX6VYABMARMTEQ575","2026-01-20T21:25:29.253681814Z","01KFEMG95WWNHPW2KH1WNGK7B2","2026-01-20T21:25:29.253681814Z"
"01KFENDTNK8NT60KPYNQCT1VH2","01KFEKHPXA861Q1DG96X1DM2E6","2026-01-20T21:36:59.571447186Z",29,"2026-01-20T21:37:02.921384257Z","C","2026-01-20T21:37:02.487739229Z","01KFEKHYHJB14HYQ6WNW69M0EN","2026-01-20T21:36:59.571447186Z","01KFEMYH9MRESN2DNVY0DYZ05B","2026-01-20T21:36:59.571447186Z","01KFEN71HXF7PQ1J8ZYFF7WGSR","2026-01-20T21:36:59.571447186Z"
"01KFEN2FN5BJ1SYJJJ0PY3DGZF","01KFEKHQ6RN01KDJ4QSDZAWPPS","2026-01-20T21:30:47.845430811Z",0,"2026-01-20T21:30:52.703970117Z","C","2026-01-20T21:30:50.989640617Z","01KFEKHZBEEPDRHKRQPWCS3SGH","2026-01-20T21:30:47.845430811Z","01KFEMM17G5WSXC6D0MGM804RP","2026-01-20T21:30:47.845430811Z","01KFEMVWHQ47TF42F2WPY94A3S","2026-01-20T21:30:47.845430811Z"
"01KFEKKDPB5NTDS9Y87AXAQJ7B","01KFEJ5D47V2DPV4P7KW69CWA7","2026-01-20T21:05:05.739555084Z",10,"2026-01-20T21:05:16.975371717Z","B","2026-01-20T21:05:16.630801363Z","01KFEJ5D6TNJMBKPJMAENEXHMP","2026-01-20T21:05:05.739555084Z","01KFEKDA9NJGRKFSSAT3ZXZ5QE","2026-01-20T21:05:05.739555084Z","01KFEKJ3XW8KS1H2B3SZZ9EAWA","2026-01-20T21:05:05.739555084Z"
"01KFEMG1JDV36KAH129F4NV22N","01KFEKHPC1MSE3FJ7DBY2FGY2F","2026-01-20T21:20:43.597069448Z",19,"2026-01-20T21:20:46.333305887Z","C","2026-01-20T21:20:46.183481787Z","01KFEKHX0GFP3226G2XP5V5QA7","2026-01-20T21:20:43.597069448Z","01KFEM7WBDAJE6T5GGXJ4D59J9","2026-01-20T21:20:43.597069448Z","01KFEMD0VQRR64RD2TJ22SS8N8","2026-01-20T21:20:43.597069448Z"
"01KFEN6MQ9SC500TZAB837G3BB","01KFEKHQDC2K693XFM5ANS8DHE","2026-01-20T21:33:04.105177214Z",7,"2026-01-20T21:33:37.150518128Z","D","2026-01-20T21:33:22.050675587Z","01KFEKHZKRT77TCYW9QR636P3H","2026-01-20T21:33:04.105177214Z","01KFEMZTH1KPE39TS4QCXRY5YJ","2026-01-20T21:33:04.105177214Z","01KFEN4AED0ZG5SWDVDXFED71D","2026-01-20T21:33:04.105177214Z"
"01KFENH7M0Q7ASYPSGA86W4514","01KFEKHQ6RN01KDJ4QSDZAWPPS","2026-01-20T21:38:51.136636663Z",17,"2026-01-20T21:38:54.563119475Z","D","2026-01-20T21:38:53.592111603Z","01KFEKHZCYGXG9E88XG20MH24Y","2026-01-20T21:38:51.136636663Z","01KFEMYPQE297SQBBGD1MS3FP8","2026-01-20T21:38:51.136636663Z","01KFEN36V0D0YBQVYQEZGESKJV","2026-01-20T21:38:51.136636663Z"
"01KFEMTK2MTSKK9664N5KTMEAB","01KFEKP9631FDC5MHAJ7BGRGH7","2026-01-20T21:26:29.204540622Z",0,"2026-01-20T21:26:50.191648744Z","C","2026-01-20T21:26:32.453583649Z","01KFEKPB2MD43HRXJ5S36AZP95","2026-01-20T21:26:29.204540622Z","01KFEMA144DFQ2N92D33VDGEBF","2026-01-20T21:26:29.204540622Z","01KFEMMY2XJ5A8NK49C343JY5D","2026-01-20T21:26:29.204540622Z"
"01KFEMJPQ080Q3EJX03KYP2JKH","01KFEKHPGYTA3NV92JW708KDS3","2026-01-20T21:22:10.784984277Z",17,"2026-01-20T21:22:15.729993263Z","D","2026-01-20T21:22:15.4892436Z","01KFEKHXK7R8H3J1J8XZRRFJYB","2026-01-20T21:22:10.784984277Z","01KFEM8JMB54JZHMPXSTXQAQHP","2026-01-20T21:22:10.784984277Z","01KFEMDFXG734V5KXX1JM4GBCF","2026-01-20T21:22:10.784984277Z"
"01KFEND31BB9NGZ14W7N0NXH6T","01KFEKHPXA861Q1DG96X1DM2E6","2026-01-20T21:36:35.371898897Z",29,"2026-01-20T21:36:39.980563251Z","C","2026-01-20T21:36:37.669617523Z","01KFEKHYHJB14HYQ6WNW69M0EN","2026-01-20T21:36:35.371898897Z","01KFEMYH9MRESN2DNVY0DYZ05B","2026-01-20T21:36:35.371898897Z","01KFEN71C4J3TDWC72VXE79XXR","2026-01-20T21:36:35.371898897Z"
"01KFEKXS6E25B1ZPFNMYX7QJKK","01KFEKHP5PHVKCA3W59M54X4HD","2026-01-20T21:10:45.19873234Z",20,"2026-01-20T21:11:24.815994025Z","B","2026-01-20T21:11:24.706382674Z","01KFEKHW2KQMM6E7GG18D0G9TT","2026-01-20T21:10:45.19873234Z","01KFEKE5VNBEE8HCYQK3HWDR4D","2026-01-20T21:10:45.19873234Z","01KFEKPRA3BKTKEVWN248S06E7","2026-01-20T21:10:45.19873234Z"
"01KFEMSFG0CXB18PM0HZDFHS52","01KFEKHPGYTA3NV92JW708KDS3","2026-01-20T21:25:52.768545072Z",29,"2026-01-20T21:25:58.544520675Z","C","2026-01-20T21:25:56.372547344Z","01KFEKHXK7R8H3J1J8XZRRFJYB","2026-01-20T21:25:52.768545072Z","01KFEM9GMDKNEQA3ZWG27ZV1NT","2026-01-20T21:25:52.768545072Z","01KFEMDGB03RG1P7VVD3F5N0EZ","2026-01-20T21:25:52.768545072Z"
"01KFEMVA0WS832M3TW4BSYB993","01KFEKP90DN3N51AVE1856PVFP","2026-01-20T21:26:52.70060765Z",19,"2026-01-20T21:27:31.218700001Z","C","2026-01-20T21:27:27.984056204Z","01KFEKPARRGKN060WSHP4MXPVN","2026-01-20T21:26:52.70060765Z","01KFEMCPJ0592DB22F7648NKQD","2026-01-20T21:26:52.70060765Z","01KFEMJWN71V2HPR93JJ6C7FYW","2026-01-20T21:26:52.70060765Z"
"01KFENEE46TVS27NEVRBP4KS8W","01KFEKHQDC2K693XFM5ANS8DHE","2026-01-20T21:37:19.494094341Z",17,"2026-01-20T21:37:43.195748449Z","D","2026-01-20T21:37:37.833372373Z","01KFEKHZJWCME2TD44SWFYQ3JK","2026-01-20T21:37:19.494094341Z","01KFEN5FXNPY52Q25YH9X08VBV","2026-01-20T21:37:19.494094341Z","01KFENBM99T35H63C120ENWYCF","2026-01-20T21:37:19.494094341Z"
"01KFENNBA6T9R1H5S9MX181G8Y","01KFEKP8JTD09P5KZK5HC45AYH","2026-01-20T21:41:05.990725186Z",20,"2026-01-20T21:41:11.430538416Z","A","2026-01-20T21:41:10.672797145Z","01KFEKP8SWACZ78Z101DJZ9YZX","2026-01-20T21:41:05.990725186Z","01KFEN3XCJATC6HG39SDG7KSE0","2026-01-20T21:41:05.990725186Z","01KFENEFPYNYNAW5YZ9561CVFT","2026-01-20T21:41:05.990725186Z"
"01KFEMBXCKZ79Z9JJNANM2GT2D","01KFEKHPC1MSE3FJ7DBY2FGY2F","2026-01-20T21:18:28.244033159Z",17,"2026-01-20T21:18:31.103164002Z","D","2026-01-20T21:18:30.970735112Z","01KFEKHX1P9ZX6RDK1X5H16NSJ","2026-01-20T21:18:28.244033159Z","01KFEKYDBHRB0V4J8GGC1RRNB4","2026-01-20T21:18:28.244033159Z","01KFEM6CPS9DKT1Z2T3HC4N4FS","2026-01-20T21:18:28.244033159Z"
"01KFEMR45E5MRZX2ZD66NW6K3E","01KFEKHQDC2K693XFM5ANS8DHE","2026-01-20T21:25:08.398154692Z",17,"2026-01-20T21:25:12.369657808Z","D","2026-01-20T21:25:10.648631834Z","01KFEKHZN529E42QD9METE3SFK","2026-01-20T21:25:08.398154692Z","01KFEMC66GX6VYABMARMTEQ575","2026-01-20T21:25:08.398154692Z","01KFEMG925QC61QF0KTT4RW8D6","2026-01-20T21:25:08.398154692Z"
"01KFEN52W5RJK3BA9F7ZSXR6Q2","01KFEKHQ6RN01KDJ4QSDZAWPPS","2026-01-20T21:32:13.061958269Z",17,"2026-01-20T21:33:39.46745702Z","D","2026-01-20T21:32:16.558508866Z","01KFEKHZCYGXG9E88XG20MH24Y","2026-01-20T21:32:13.061958269Z","01KFEMYPQE297SQBBGD1MS3FP8","2026-01-20T21:32:13.061958269Z","01KFEN364CN4TQS1EAEZ2JQ9KP","2026-01-20T21:32:13.061958269Z"
"01KFEN6Z2QQE0MWCYMT14W9YVS","01KFEKHQ6RN01KDJ4QSDZAWPPS","2026-01-20T21:33:14.711973304Z",19,"2026-01-20T21:33:35.982394809Z","C","2026-01-20T21:33:17.499604026Z","01KFEKHZBEEPDRHKRQPWCS3SGH","2026-01-20T21:33:14.711973304Z","01KFEMM17G5WSXC6D0MGM804RP","2026-01-20T21:33:14.711973304Z","01KFEMVWWVFVWAX5TDSESBP4QC","2026-01-20T21:33:14.711973304Z"
"01KFEMFKWKVV4SX7EK1A6V5SEX","01KFEKHQ6RN01KDJ4QSDZAWPPS","2026-01-20T21:20:29.587863436Z",10,"2026-01-20T21:20:37.614759566Z","A","2026-01-20T21:20:36.395590381Z","01KFEKHZ9SCZ02EGGWRNFEECG2","2026-01-20T21:20:29.587863436Z","01KFEM9E7RMZA5K11AYHB2TQZJ","2026-01-20T21:20:29.587863436Z","01KFEMF5NH28YGBJPMRZ6BQE2X","2026-01-20T21:20:29.587863436Z"
"01KFEKVZYPM8AS0D1PM6EJN2QD","01KFEJ5D47V2DPV4P7KW69CWA7","2026-01-20T21:09:46.582202661Z",10,"2026-01-20T21:09:54.596668142Z","B","2026-01-20T21:09:53.26186613Z","01KFEJ5D5EZSQZ1FHTABW8Z6HQ","2026-01-20T21:09:46.582202661Z","01KFEK43BY9D5G2GXTKTDV7QBX","2026-01-20T21:09:46.582202661Z","01KFEKHB3KBX6C2C7NT1STM3FY","2026-01-20T21:09:46.582202661Z"
"01KFENPVPYPMB2170PZKH2JQEZ","01KFEKP8JTD09P5KZK5HC45AYH","2026-01-20T21:41:55.550562904Z",20,"2026-01-20T21:42:11.863749122Z","A","2026-01-20T21:41:58.885370314Z","01KFEKP8SWACZ78Z101DJZ9YZX","2026-01-20T21:41:55.550562904Z","01KFEN3XCJATC6HG39SDG7KSE0","2026-01-20T21:41:55.550562904Z","01KFENEFDYMFTCANTMY00WWTAM","2026-01-20T21:41:55.550562904Z"
"01KFEMFV3YMC2TAPQAT3XMKAGE","01KFEKHPC1MSE3FJ7DBY2FGY2F","2026-01-20T21:20:36.990257352Z",0,"2026-01-20T21:20:40.017417491Z","C","2026-01-20T21:20:39.144478456Z","01KFEKHX0GFP3226G2XP5V5QA7","2026-01-20T21:20:36.990257352Z","01KFEM7WBDAJE6T5GGXJ4D59J9","2026-01-20T21:20:36.990257352Z","01KFEMD0JRKQYQ185RH6G2ESKP","2026-01-20T21:20:36.990257352Z"
"01KFEKVY8QBJNKK7W7GN1EY5DB","01KFEKHPC1MSE3FJ7DBY2FGY2F","2026-01-20T21:09:44.855752745Z",7,"2026-01-20T21:09:53.798321947Z","D","2026-01-20T21:09:52.932076276Z","01KFEKHWZEPZZY95F2XW7M1MFP","2026-01-20T21:09:44.855752745Z","01KFEKH2E82JWZZAXCHQQKPEBM","2026-01-20T21:09:44.855752745Z","01KFEKQ4TNDXXZDHFYBDS2KNK5","2026-01-20T21:09:44.855752745Z"
"01KFENCEPY8GMGAHPEAGQTAHSZ","01KFEKHPXA861Q1DG96X1DM2E6","2026-01-20T21:36:14.558568405Z",29,"2026-01-20T21:36:17.59002178Z","C","2026-01-20T21:36:16.939605817Z","01KFEKHYHJB14HYQ6WNW69M0EN","2026-01-20T21:36:14.558568405Z","01KFEMYH9MRESN2DNVY0DYZ05B","2026-01-20T21:36:14.558568405Z","01KFEN7194G75XW5CD2JQJHXQH","2026-01-20T21:36:14.558568405Z"
"01KFEKS9QS23PM7GZVE8WTKZKA","01KFEJ5D47V2DPV4P7KW69CWA7","2026-01-20T21:08:18.297245326Z",10,"2026-01-20T21:08:35.933336103Z","A","2026-01-20T21:08:35.34696601Z","01KFEJ5D6TNJMBKPJMAENEXHMP","2026-01-20T21:08:18.297245326Z","01KFEKDA9NJGRKFSSAT3ZXZ5QE","2026-01-20T21:08:18.297245326Z","01KFEKJ3QM8C1G58BZZ5K489N0","2026-01-20T21:08:18.297245326Z"
"01KFEKQH1GWJXXRKRCVW3TF2BR","01KFEKHPC1MSE3FJ7DBY2FGY2F","2026-01-20T21:07:20.240884921Z",19,"2026-01-20T21:07:36.140633895Z","C","2026-01-20T21:07:35.333242932Z","01KFEKHWZEPZZY95F2XW7M1MFP","2026-01-20T21:07:20.240884921Z","01KFEKGX33HMGGWTV5S5DEFD1Y","2026-01-20T21:07:20.240884921Z","01KFEKQ4MG31765QYZEN7WHKHC","2026-01-20T21:07:20.240884921Z"
"01KFEMJFK0S0ZJ2ZG1ECVEZVV9","01KFEKHPC1MSE3FJ7DBY2FGY2F","2026-01-20T21:22:03.488292567Z",10,"2026-01-20T21:22:06.21778246Z","A","2026-01-20T21:22:04.991614342Z","01KFEKHX0GFP3226G2XP5V5QA7","2026-01-20T21:22:03.488292567Z","01KFEM8T7TQADGVJ0QMJDZXZTY","2026-01-20T21:22:03.488292567Z","01KFEMD0ZSB0Z5C7E26MAN7FAQ","2026-01-20T21:22:03.488292567Z"
"01KFEM0XTCRM7G31YBB0KEQ1YR","01KFEKHPC1MSE3FJ7DBY2FGY2F","2026-01-20T21:12:28.236859405Z",17,"2026-01-20T21:13:08.3088203Z","D","2026-01-20T21:13:08.162575996Z","01KFEKHX2RB171QB64SDRQQFHC","2026-01-20T21:12:28.236859405Z","01KFEKMQJYX5BJJG3C1JG69E20","2026-01-20T21:12:28.236859405Z","01KFEKRH78GJK4S0EDVVDXB080","2026-01-20T21:12:28.236859405Z"
"01KFEM9T7XQ6A69K4WASJE6J0D","01KFEKHPC1MSE3FJ7DBY2FGY2F","2026-01-20T21:17:19.48595181Z",29,"2026-01-20T21:17:24.43103548Z","C","2026-01-20T21:17:21.873446276Z","01KFEKHX1P9ZX6RDK1X5H16NSJ","2026-01-20T21:17:19.48595181Z","01KFEM2T8WXSZ319Y9Z8V488ZY","2026-01-20T21:17:19.48595181Z","01KFEM6CBKK7C6RMRRN298KPBA","2026-01-20T21:17:19.48595181Z"
"01KFENEE2C6PN1MEHF41027JEH","01KFEKHQDC2K693XFM5ANS8DHE","2026-01-20T21:37:19.436044006Z",29,"2026-01-20T21:37:43.195748449Z","C","2026-01-20T21:37:31.808891173Z","01KFEKHZJWCME2TD44SWFYQ3JK","2026-01-20T21:37:19.436044006Z","01KFEN3VF2KFDMCBF7BMJ0W416","2026-01-20T21:37:19.436044006Z","01KFENBM99T35H63C120ENWYCF","2026-01-20T21:37:19.436044006Z"
"01KFEMBNP64RG4WWXX4ZDWPFCS","01KFEKHPC1MSE3FJ7DBY2FGY2F","2026-01-20T21:18:20.358635279Z",29,"2026-01-20T21:18:23.412906975Z","C","2026-01-20T21:18:22.338504626Z","01KFEKHX1P9ZX6RDK1X5H16NSJ","2026-01-20T21:18:20.358635279Z","01KFEM2T8WXSZ319Y9Z8V488ZY","2026-01-20T21:18:20.358635279Z","01KFEM6CNCRGTMTNZWHZDEAMAR","2026-01-20T21:18:20.358635279Z"
"01KFEM1TPJBQR073GVWFK6MSEG","01KFEKHP5PHVKCA3W59M54X4HD","2026-01-20T21:12:57.810913931Z",10,"2026-01-20T21:13:02.099618509Z","B","2026-01-20T21:13:00.719066307Z","01KFEKHW2KQMM6E7GG18D0G9TT","2026-01-20T21:12:57.810913931Z","01KFEKE5VNBEE8HCYQK3HWDR4D","2026-01-20T21:12:57.810913931Z","01KFEKPRDTHHQ1NSNRN0ZFRAY1","2026-01-20T21:12:57.810913931Z"
"01KFENGTEMVC7DPDKSE6231KVG","01KFEKHQDC2K693XFM5ANS8DHE","2026-01-20T21:38:37.652639683Z",20,"2026-01-20T21:38:44.743751273Z","B","2026-01-20T21:38:43.427004601Z","01KFEKHZJWCME2TD44SWFYQ3JK","2026-01-20T21:38:37.652639683Z","01KFEN3VF2KFDMCBF7BMJ0W416","2026-01-20T21:38:37.652639683Z","01KFENBMJ96GK5F09CK3DXPCEB","2026-01-20T21:38:37.652639683Z"
"01KFEKGSRTXNA9XX93ZF3ZK5Q1","01KFEJ5CPJ5RGARFNN6Z0PCT4Q","2026-01-20T21:03:39.802945108Z",10,"2026-01-20T21:03:42.382399733Z","B","2026-01-20T21:03:41.821841494Z","01KFEJ5CQQ00MKPGMA298B0BDM","2026-01-20T21:03:39.802945108Z","01KFEK2D2ABTHF5VPGA11FKCNZ","2026-01-20T21:03:39.802945108Z","01KFEK9MWGJTS943MWZXG0AB8P","2026-01-20T21:03:39.802945108Z"
"01KFEKXXYDZ799ZWQ8MQQCXVS1","01KFEJ5D47V2DPV4P7KW69CWA7","2026-01-20T21:10:50.061671568Z",10,"2026-01-20T21:10:54.447582732Z","A","2026-01-20T21:10:53.862760898Z","01KFEJ5D6TNJMBKPJMAENEXHMP","2026-01-20T21:10:50.061671568Z","01KFEKDA9NJGRKFSSAT3ZXZ5QE","2026-01-20T21:10:50.061671568Z","01KFEKJ3WB5C0B5C1MYDR724QS","2026-01-20T21:10:50.061671568Z"
"01KFEMZ8W2JM4YVEG0DCZCP4XW","01KFEKP9631FDC5MHAJ7BGRGH7","2026-01-20T21:29:02.594824403Z",17,"2026-01-20T21:29:06.879238497Z","D","2026-01-20T21:29:06.466824694Z","01KFEKPB2MD43HRXJ5S36AZP95","2026-01-20T21:29:02.594824403Z","01KFEMA144DFQ2N92D33VDGEBF","2026-01-20T21:29:02.594824403Z","01KFEMMYFMYC24XYVAJTJN1EZM","2026-01-20T21:29:02.594824403Z"
"01KFEMJ5VTVSPG7A121C9KRNH7","01KFEKHPGYTA3NV92JW708KDS3","2026-01-20T21:21:53.530351904Z",29,"2026-01-20T21:22:01.360384032Z","C","2026-01-20T21:21:59.904060014Z","01KFEKHXK7R8H3J1J8XZRRFJYB","2026-01-20T21:21:53.530351904Z","01KFEM9GMDKNEQA3ZWG27ZV1NT","2026-01-20T21:21:53.530351904Z","01KFEMDFVZKQNXVT8RDJFKGY1B","2026-01-20T21:21:53.530351904Z"
"01KFEKV2F2BRS7DNF3T05SCM3B","01KFEKHP5PHVKCA3W59M54X4HD","2026-01-20T21:09:16.38672176Z",7,"2026-01-20T21:09:32.214587164Z","D","2026-01-20T21:09:31.991759354Z","01KFEKHW2KQMM6E7GG18D0G9TT","2026-01-20T21:09:16.38672176Z","01KFEKEYRXZWJHM17WAW49T1GG","2026-01-20T21:09:16.38672176Z","01KFEKPR68Q8GK0YEF34GNH7CE","2026-01-20T21:09:16.38672176Z"
"01KFEMME8C3H2V0K3JWKHZJXZ1","01KFEKHPC1MSE3FJ7DBY2FGY2F","2026-01-20T21:23:07.660915902Z",0,"2026-01-20T21:23:10.784913977Z","C","2026-01-20T21:23:10.226750007Z","01KFEKHX0GFP3226G2XP5V5QA7","2026-01-20T21:23:07.660915902Z","01KFEM8T7TQADGVJ0QMJDZXZTY","2026-01-20T21:23:07.660915902Z","01KFEMD155S5CYM9TH3QN9Q923","2026-01-20T21:23:07.660915902Z"
"01KFEKE5PW6X6SHV7W9DBVBHVZ","01KFEJ5DKDD8ED3R70AXWWV7TA","2026-01-20T21:02:13.724317212Z",19,"2026-01-20T21:03:22.562668085Z","C","2026-01-20T21:03:22.466913588Z","01KFEJ5DPRA3SJMDJ397B8T8C1","2026-01-20T21:02:13.724317212Z","01KFEK01H1YPA1JPJ9R7TY1GMF","2026-01-20T21:02:13.724317212Z","01KFEK95Y7594EE1PYNCTCPCG7","2026-01-20T21:02:13.724317212Z"
"01KFEKV2G5WC1X4YXNASB7K49Q","01KFEKHP5PHVKCA3W59M54X4HD","2026-01-20T21:09:16.421130283Z",10,"2026-01-20T21:09:32.214587164Z","A","2026-01-20T21:09:24.534396429Z","01KFEKHW2KQMM6E7GG18D0G9TT","2026-01-20T21:09:16.421130283Z","01KFEKE5VNBEE8HCYQK3HWDR4D","2026-01-20T21:09:16.421130283Z","01KFEKPR68Q8GK0YEF34GNH7CE","2026-01-20T21:09:16.421130283Z"
"01KFEM37RNFS0DSTS8D52RPRCK","01KFEKHPC1MSE3FJ7DBY2FGY2F","2026-01-20T21:13:43.95771684Z",10,"2026-01-20T21:13:51.772446653Z","B","2026-01-20T21:13:51.207856651Z","01KFEKHWZEPZZY95F2XW7M1MFP","2026-01-20T21:13:43.95771684Z","01KFEKGX33HMGGWTV5S5DEFD1Y","2026-01-20T21:13:43.95771684Z","01KFEKQ505JS9ES8C61TRTXQ72","2026-01-20T21:13:43.95771684Z"
"01KFEMRMNX4R0RM9ZVDFP5FDWY","01KFEKP9631FDC5MHAJ7BGRGH7","2026-01-20T21:25:25.309152531Z",10,"2026-01-20T21:25:53.114296712Z","B","2026-01-20T21:25:34.410253062Z","01KFEKPB2MD43HRXJ5S36AZP95","2026-01-20T21:25:25.309152531Z","01KFEMA144DFQ2N92D33VDGEBF","2026-01-20T21:25:25.309152531Z","01KFEMMXYK9E2Z5XGAJNY7E0S8","2026-01-20T21:25:25.309152531Z"
"01KFEN8EZG5V01Z2BBAPZVS9R1","01KFEKHQ6RN01KDJ4QSDZAWPPS","2026-01-20T21:34:03.760063387Z",19,"2026-01-20T21:34:32.625527612Z","C","2026-01-20T21:34:06.619002737Z","01KFEKHZBEEPDRHKRQPWCS3SGH","2026-01-20T21:34:03.760063387Z","01KFEMM17G5WSXC6D0MGM804RP","2026-01-20T21:34:03.760063387Z","01KFEMVX0YBYYFABDRMY96BZK7","2026-01-20T21:34:03.760063387Z"
"01KFENJHFVA5EMH2PYD3WWJTK5","01KFEKHQDC2K693XFM5ANS8DHE","2026-01-20T21:39:34.011904931Z",10,"2026-01-20T21:39:41.969692444Z","A","2026-01-20T21:39:41.440796205Z","01KFEKHZJWCME2TD44SWFYQ3JK","2026-01-20T21:39:34.011904931Z","01KFEN5FXNPY52Q25YH9X08VBV","2026-01-20T21:39:34.011904931Z","01KFENBMPZHETD9ZMX2S5Y9C1R","2026-01-20T21:39:34.011904931Z"
"01KFEMBNMXBX55ETEW1XJFCSRZ","01KFEKHPC1MSE3FJ7DBY2FGY2F","2026-01-20T21:18:20.317962267Z",17,"2026-01-20T21:18:23.412906975Z","D","2026-01-20T21:18:23.254079124Z","01KFEKHX1P9ZX6RDK1X5H16NSJ","2026-01-20T21:18:20.317962267Z","01KFEKYDBHRB0V4J8GGC1RRNB4","2026-01-20T21:18:20.317962267Z","01KFEM6CNCRGTMTNZWHZDEAMAR","2026-01-20T21:18:20.317962267Z"
"01KFEKV9ERNTG4BQ411A5TV7HN","01KFEJ5E832Q64ZNG3ZKPXGHJ5","2026-01-20T21:09:23.544234188Z",17,"2026-01-20T21:09:26.094537969Z","D","2026-01-20T21:09:25.656015607Z","01KFEJ5E9BF1S7ZWGC98397B4G","2026-01-20T21:09:23.544234188Z","01KFEKGNPQS5RBR06H121JR9K1","2026-01-20T21:09:23.544234188Z","01KFEKMDVZW57QN81AMQPMN6FX","2026-01-20T21:09:23.544234188Z"
"01KFEMMANRTSQK1TDKWS3N026F","01KFEKHQDC2K693XFM5ANS8DHE","2026-01-20T21:23:03.992746164Z",0,"2026-01-20T21:23:09.518599908Z","C","2026-01-20T21:23:07.733090301Z","01KFEKHZN529E42QD9METE3SFK","2026-01-20T21:23:03.992746164Z","01KFEMAXQT7QKHPN3PD6V9XKR3","2026-01-20T21:23:03.992746164Z","01KFEMG8QTB2A2AQCR6R6AN6AX","2026-01-20T21:23:03.992746164Z"
"01KFEMQ8JVB7AFR7T0TEM9ZG0M","01KFEKP9631FDC5MHAJ7BGRGH7","2026-01-20T21:24:40.155106503Z",0,"2026-01-20T21:25:13.668882877Z","C","2026-01-20T21:24:52.886501869Z","01KFEKPB2MD43HRXJ5S36AZP95","2026-01-20T21:24:40.155106503Z","01KFEMBNJZT4WFKT0SV2QH9MSW","2026-01-20T21:24:40.155106503Z","01KFEMMY0MBNDAE5A7X4KJJNTW","2026-01-20T21:24:40.155106503Z"
"01KFEN7K8NFSDDYET38R6X3DQ3","01KFEKHPXA861Q1DG96X1DM2E6","2026-01-20T21:33:35.381410996Z",29,"2026-01-20T21:33:54.642438767Z","C","2026-01-20T21:33:54.434007407Z","01KFEKHYHJB14HYQ6WNW69M0EN","2026-01-20T21:33:35.381410996Z","01KFEMYH9MRESN2DNVY0DYZ05B","2026-01-20T21:33:35.381410996Z","01KFEN70MGWW797Q8W6K1D0Z8P","2026-01-20T21:33:35.381410996Z"
"01KFEMZW9YSP8HR3XFPB6T1FW9","01KFEKHQ6RN01KDJ4QSDZAWPPS","2026-01-20T21:29:22.494124726Z",20,"2026-01-20T21:30:02.209422559Z","A","2026-01-20T21:30:01.286752397Z","01KFEKHZBEEPDRHKRQPWCS3SGH","2026-01-20T21:29:22.494124726Z","01KFEMF0SBSYWZ1HCWC99ZE7MJ","2026-01-20T21:29:22.494124726Z","01KFEMVWFDZ782RJPXX65B4F6F","2026-01-20T21:29:22.494124726Z"
"01KFEKQHRKPEKZX9ECM2WY8PC0","01KFEJ5D47V2DPV4P7KW69CWA7","2026-01-20T21:07:20.979908113Z",10,"2026-01-20T21:07:31.264809052Z","B","2026-01-20T21:07:24.939808932Z","01KFEJ5D6TNJMBKPJMAENEXHMP","2026-01-20T21:07:20.979908113Z","01KFEKDMRV7F4Y978MGBAGHY9Y","2026-01-20T21:07:20.979908113Z","01KFEKJ3M02WR307BG730Z7V38","2026-01-20T21:07:20.979908113Z"
"01KFEMR43MPDCTEJ7QQSTDDHJA","01KFEKHQDC2K693XFM5ANS8DHE","2026-01-20T21:25:08.340631576Z",29,"2026-01-20T21:25:12.369657808Z","C","2026-01-20T21:25:11.991290992Z","01KFEKHZN529E42QD9METE3SFK","2026-01-20T21:25:08.340631576Z","01KFEMAXQT7QKHPN3PD6V9XKR3","2026-01-20T21:25:08.340631576Z","01KFEMG925QC61QF0KTT4RW8D6","2026-01-20T21:25:08.340631576Z"
"01KFEN153KVS34BJZ1ZN785C9S","01KFEKP90DN3N51AVE1856PVFP","2026-01-20T21:30:04.275739425Z",19,"2026-01-20T21:30:27.644135849Z","C","2026-01-20T21:30:09.682321289Z","01KFEKPARRGKN060WSHP4MXPVN","2026-01-20T21:30:04.275739425Z","01KFEMCK5PSCC7SW5H7XYEWC3R","2026-01-20T21:30:04.275739425Z","01KFEMJWZ23H646PAR8DG0ER3K","2026-01-20T21:30:04.275739425Z"
"01KFEMNMT262V4GK6X9JXDF913","01KFEKHQDC2K693XFM5ANS8DHE","2026-01-20T21:23:47.138200424Z",7,"2026-01-20T21:23:52.734401874Z","D","2026-01-20T21:23:51.762172332Z","01KFEKHZN529E42QD9METE3SFK","2026-01-20T21:23:47.138200424Z","01KFEMC66GX6VYABMARMTEQ575","2026-01-20T21:23:47.138200424Z","01KFEMG8V3SXYBTRZ9TTWG983C","2026-01-20T21:23:47.138200424Z"
"01KFEN8S5SQV5ENJBNRP7WEEA6","01KFEKHPXA861Q1DG96X1DM2E6","2026-01-20T21:34:14.201942892Z",29,"2026-01-20T21:34:22.169328776Z","C","2026-01-20T21:34:19.680134238Z","01KFEKHYHJB14HYQ6WNW69M0EN","2026-01-20T21:34:14.201942892Z","01KFEMYH9MRESN2DNVY0DYZ05B","2026-01-20T21:34:14.201942892Z","01KFEN70VRZMDEJXRFHN18FW8S","2026-01-20T21:34:14.201942892Z"
"01KFEKB51JSKZD8MHVVMFF45HT","01KFEJ5DKDD8ED3R70AXWWV7TA","2026-01-20T21:00:34.738422273Z",0,"2026-01-20T21:00:38.550918455Z","C","2026-01-20T21:00:38.486837682Z","01KFEJ5DPRA3SJMDJ397B8T8C1","2026-01-20T21:00:34.738422273Z","01KFEJTTYE1JJF4JNZFR32N2T9","2026-01-20T21:00:34.738422273Z","01KFEK95T37FTGJDM6CJBBGTE6","2026-01-20T21:00:34.738422273Z"
"01KFEKSB9GEPHQ5RBFHK8TH7Z0","01KFEJ5E832Q64ZNG3ZKPXGHJ5","2026-01-20T21:08:19.888507867Z",17,"2026-01-20T21:08:23.368882579Z","D","2026-01-20T21:08:22.72898702Z","01KFEJ5E9BF1S7ZWGC98397B4G","2026-01-20T21:08:19.888507867Z","01KFEKGNPQS5RBR06H121JR9K1","2026-01-20T21:08:19.888507867Z","01KFEKMDNJZW48ZDX9VHXA1PQX","2026-01-20T21:08:19.888507867Z"
"01KFEKZ47KYW77RBNDZH0WDFPF","01KFEKHPC1MSE3FJ7DBY2FGY2F","2026-01-20T21:11:29.267915126Z",10,"2026-01-20T21:11:34.4468734Z","A","2026-01-20T21:11:34.314228094Z","01KFEKHX2RB171QB64SDRQQFHC","2026-01-20T21:11:29.267915126Z","01KFEKMQJYX5BJJG3C1JG69E20","2026-01-20T21:11:29.267915126Z","01KFEKRH311WWMP4PWE51C6CXD","2026-01-20T21:11:29.267915126Z"
"01KFEKPPT92ZRK62QZA03VMC8W","01KFEJ5E832Q64ZNG3ZKPXGHJ5","2026-01-20T21:06:53.385258506Z",10,"2026-01-20T21:07:10.879714229Z","A","2026-01-20T21:06:56.56345909Z","01KFEJ5E9BF1S7ZWGC98397B4G","2026-01-20T21:06:53.385258506Z","01KFEKGNPQS5RBR06H121JR9K1","2026-01-20T21:06:53.385258506Z","01KFEKMDGFHMGECMWZXK0NQTAR","2026-01-20T21:06:53.385258506Z"
"01KFEMG1H79PNHKW3GY9WQJGWA","01KFEKHPC1MSE3FJ7DBY2FGY2F","2026-01-20T21:20:43.559143179Z",10,"2026-01-20T21:20:46.333305887Z","A","2026-01-20T21:20:45.520650295Z","01KFEKHX0GFP3226G2XP5V5QA7","2026-01-20T21:20:43.559143179Z","01KFEM8T7TQADGVJ0QMJDZXZTY","2026-01-20T21:20:43.559143179Z","01KFEMD0VQRR64RD2TJ22SS8N8","2026-01-20T21:20:43.559143179Z"
"01KFEKVAQ2C37ZWEERXNAWN63P","01KFEKHPC1MSE3FJ7DBY2FGY2F","2026-01-20T21:09:24.834069269Z",17,"2026-01-20T21:09:35.275998477Z","D","2026-01-20T21:09:34.482610661Z","01KFEKHWZEPZZY95F2XW7M1MFP","2026-01-20T21:09:24.834069269Z","01KFEKGX33HMGGWTV5S5DEFD1Y","2026-01-20T21:09:24.834069269Z","01KFEKQ4W3RXXXK9CC3QHWFA5P","2026-01-20T21:09:24.834069269Z"
"01KFEMR5EVNT75SMA8CT1Q4582","01KFEKP90DN3N51AVE1856PVFP","2026-01-20T21:25:09.723781174Z",10,"2026-01-20T21:25:15.53682433Z","B","2026-01-20T21:25:14.190823976Z","01KFEKPARRGKN060WSHP4MXPVN","2026-01-20T21:25:09.723781174Z","01KFEMCPJ0592DB22F7648NKQD","2026-01-20T21:25:09.723781174Z","01KFEMJWDJM8Z525DQ93552X85","2026-01-20T21:25:09.723781174Z"
"01KFEN98071PTPS9AGP3JP720Y","01KFEKHPXA861Q1DG96X1DM2E6","2026-01-20T21:34:29.38336959Z",17,"2026-01-20T21:34:34.754809198Z","D","2026-01-20T21:34:33.013897839Z","01KFEKHYHJB14HYQ6WNW69M0EN","2026-01-20T21:34:29.38336959Z","01KFEMYTYF2ENKG7SYCSVCBX9H","2026-01-20T21:34:29.38336959Z","01KFEN70S9R3NGJD8A4HKPWE5Y","2026-01-20T21:34:29.38336959Z"
"01KFENHMKWKCE1JCTFXR3V0CY0","01KFEKP8JTD09P5KZK5HC45AYH","2026-01-20T21:39:04.444961052Z",20,"2026-01-20T21:39:32.146826458Z","A","2026-01-20T21:39:07.945031508Z","01KFEKP8SWACZ78Z101DJZ9YZX","2026-01-20T21:39:04.444961052Z","01KFEN3XCJATC6HG39SDG7KSE0","2026-01-20T21:39:04.444961052Z","01KFENEG10CJ4Z6XMM0SQ4QGPM","2026-01-20T21:39:04.444961052Z"
"01KFEMJ5J8Y2NXHQFM7VA71VEP","01KFEKHPC1MSE3FJ7DBY2FGY2F","2026-01-20T21:21:53.22420668Z",19,"2026-01-20T21:21:59.267783078Z","C","2026-01-20T21:21:59.115107325Z","01KFEKHX0GFP3226G2XP5V5QA7","2026-01-20T21:21:53.22420668Z","01KFEM7WBDAJE6T5GGXJ4D59J9","2026-01-20T21:21:53.22420668Z","01KFEMD0XV2JJJKE2YP8CVMVHQ","2026-01-20T21:21:53.22420668Z"
"01KFEMYNNGB9G7A14D9WPGY7J6","01KFEKP9631FDC5MHAJ7BGRGH7","2026-01-20T21:28:42.928334097Z",29,"2026-01-20T21:28:49.519491316Z","C","2026-01-20T21:28:48.810068425Z","01KFEKPB2MD43HRXJ5S36AZP95","2026-01-20T21:28:42.928334097Z","01KFEMBNJZT4WFKT0SV2QH9MSW","2026-01-20T21:28:42.928334097Z","01KFEMMY9FPZDYXT5CZ0BRV7XA","2026-01-20T21:28:42.928334097Z"
"01KFEMJN461NBEXTK1MHVVWWDF","01KFEKHPC1MSE3FJ7DBY2FGY2F","2026-01-20T21:22:09.15829577Z",17,"2026-01-20T21:22:11.753105301Z","D","2026-01-20T21:22:10.735144441Z","01KFEKHX0GFP3226G2XP5V5QA7","2026-01-20T21:22:09.15829577Z","01KFEM8T7TQADGVJ0QMJDZXZTY","2026-01-20T21:22:09.15829577Z","01KFEMD11G9GTMPM4XZYQT4WH1","2026-01-20T21:22:09.15829577Z"
"01KFENBS5VRQT4B8B7PCWN7EVE","01KFEKHQ6RN01KDJ4QSDZAWPPS","2026-01-20T21:35:52.507935019Z",17,"2026-01-20T21:36:27.938503425Z","D","2026-01-20T21:36:14.762577613Z","01KFEKHZCYGXG9E88XG20MH24Y","2026-01-20T21:35:52.507935019Z","01KFEMYPQE297SQBBGD1MS3FP8","2026-01-20T21:35:52.507935019Z","01KFEN366JBM5FSHDNQ1EMXGMW","2026-01-20T21:35:52.507935019Z"
"01KFEN27G3BS76EF12WE8Z2BSD","01KFEKP90DN3N51AVE1856PVFP","2026-01-20T21:30:39.491204697Z",7,"2026-01-20T21:30:49.098981826Z","D","2026-01-20T21:30:42.50669042Z","01KFEKPARRGKN060WSHP4MXPVN","2026-01-20T21:30:39.491204697Z","01KFEMCK5PSCC7SW5H7XYEWC3R","2026-01-20T21:30:39.491204697Z","01KFEMJX12DBM068Z14CWP2KX7","2026-01-20T21:30:39.491204697Z"
"01KFEMCR0209B1FAK31Q9DF8N8","01KFEKHPC1MSE3FJ7DBY2FGY2F","2026-01-20T21:18:55.490573206Z",17,"2026-01-20T21:19:00.601790326Z","D","2026-01-20T21:18:58.958136884Z","01KFEKHX1P9ZX6RDK1X5H16NSJ","2026-01-20T21:18:55.490573206Z","01KFEKYDBHRB0V4J8GGC1RRNB4","2026-01-20T21:18:55.490573206Z","01KFEM6CR7D3TGVZFD4B5HWC70","2026-01-20T21:18:55.490573206Z"
"01KFEM1TNEES2QCVN2J247AYPD","01KFEKHP5PHVKCA3W59M54X4HD","2026-01-20T21:12:57.774613696Z",19,"2026-01-20T21:13:02.099618509Z","C","2026-01-20T21:13:01.982553083Z","01KFEKHW2KQMM6E7GG18D0G9TT","2026-01-20T21:12:57.774613696Z","01KFEKEYRXZWJHM17WAW49T1GG","2026-01-20T21:12:57.774613696Z","01KFEKPRDTHHQ1NSNRN0ZFRAY1","2026-01-20T21:12:57.774613696Z"
"01KFENAXA3RD889B7BD1BGANSY","01KFEKHPXA861Q1DG96X1DM2E6","2026-01-20T21:35:23.9717128Z",29,"2026-01-20T21:36:11.317257737Z","C","2026-01-20T21:36:11.170040138Z","01KFEKHYHJB14HYQ6WNW69M0EN","2026-01-20T21:35:23.9717128Z","01KFEMYH9MRESN2DNVY0DYZ05B","2026-01-20T21:35:23.9717128Z","01KFEN716GFR9B335XGP29TPRX","2026-01-20T21:35:23.9717128Z"
"01KFEKXYVG9D4TD7ME8C40HHNT","01KFEKHPC1MSE3FJ7DBY2FGY2F","2026-01-20T21:10:50.99263151Z",19,"2026-01-20T21:10:57.671896251Z","C","2026-01-20T21:10:57.284064729Z","01KFEKHWZEPZZY95F2XW7M1MFP","2026-01-20T21:10:50.99263151Z","01KFEKH2E82JWZZAXCHQQKPEBM","2026-01-20T21:10:50.99263151Z","01KFEKQ5AP1AG6EN1PPFFJS0BS","2026-01-20T21:10:50.99263151Z"
"01KFEKCDRWFP01NX74ND1JD8VH","01KFEJ5DKDD8ED3R70AXWWV7TA","2026-01-20T21:01:16.444250192Z",10,"2026-01-20T21:01:19.214748599Z","B","2026-01-20T21:01:19.153091344Z","01KFEJ5DPRA3SJMDJ397B8T8C1","2026-01-20T21:01:16.444250192Z","01KFEK01H1YPA1JPJ9R7TY1GMF","2026-01-20T21:01:16.444250192Z","01KFEK95WHDF4GSXK6VCTWRTX5","2026-01-20T21:01:16.444250192Z"
"01KFENK0WYPZKF2WZZ705XKC9B","01KFEKHQDC2K693XFM5ANS8DHE","2026-01-20T21:39:49.790322742Z",10,"2026-01-20T21:40:11.248517768Z","B","2026-01-20T21:39:56.609700993Z","01KFEKHZJWCME2TD44SWFYQ3JK","2026-01-20T21:39:49.790322742Z","01KFEN3VF2KFDMCBF7BMJ0W416","2026-01-20T21:39:49.790322742Z","01KFENBMS513TMQSS83MYB75XG","2026-01-20T21:39:49.790322742Z"
"01KFEMSFHPYEM5ZX6VSB2J9XQN","01KFEKHPGYTA3NV92JW708KDS3","2026-01-20T21:25:52.822564503Z",17,"2026-01-20T21:25:58.544520675Z","D","2026-01-20T21:25:58.078024015Z","01KFEKHXK7R8H3J1J8XZRRFJYB","2026-01-20T21:25:52.822564503Z","01KFEM8JMB54JZHMPXSTXQAQHP","2026-01-20T21:25:52.822564503Z","01KFEMDGB03RG1P7VVD3F5N0EZ","2026-01-20T21:25:52.822564503Z"
"01KFEN27E0M2NYSNAWT2G4VPE5","01KFEKP90DN3N51AVE1856PVFP","2026-01-20T21:30:39.424387217Z",10,"2026-01-20T21:30:49.098981826Z","B","2026-01-20T21:30:48.558826526Z","01KFEKPARRGKN060WSHP4MXPVN","2026-01-20T21:30:39.424387217Z","01KFEMCPJ0592DB22F7648NKQD","2026-01-20T21:30:39.424387217Z","01KFEMJX12DBM068Z14CWP2KX7","2026-01-20T21:30:39.424387217Z"
"01KFEKG8B8W15Q9PETXD8MWM5R","01KFEJ5CPJ5RGARFNN6Z0PCT4Q","2026-01-20T21:03:21.960042685Z",0,"2026-01-20T21:03:26.62018151Z","C","2026-01-20T21:03:26.52961315Z","01KFEJ5CQQ00MKPGMA298B0BDM","2026-01-20T21:03:21.960042685Z","01KFEK73K44W3P90S9METDZ39A","2026-01-20T21:03:21.960042685Z","01KFEK9MSR0CF736KQ310KZHMR","2026-01-20T21:03:21.960042685Z"
"01KFEN811E7AZNZZ6031NE188A","01KFEKHQ6RN01KDJ4QSDZAWPPS","2026-01-20T21:33:49.48659463Z",10,"2026-01-20T21:35:16.234269412Z","B","2026-01-20T21:35:00.926274466Z","01KFEKHZCYGXG9E88XG20MH24Y","2026-01-20T21:33:49.48659463Z","01KFEMYPQE297SQBBGD1MS3FP8","2026-01-20T21:33:49.48659463Z","01KFEN362GP2VCJ8HZRZCP06C3","2026-01-20T21:33:49.48659463Z"
"01KFEN3WHZQXXAA5S0SXEJDKSD","01KFEKHQ6RN01KDJ4QSDZAWPPS","2026-01-20T21:31:33.823563071Z",10,"2026-01-20T21:31:44.478809881Z","B","2026-01-20T21:31:44.263751628Z","01KFEKHZBEEPDRHKRQPWCS3SGH","2026-01-20T21:31:33.823563071Z","01KFEMM17G5WSXC6D0MGM804RP","2026-01-20T21:31:33.823563071Z","01KFEMVWP98RDFSS35T1G2YCTF","2026-01-20T21:31:33.823563071Z"
"01KFEMG7DA5KA0299MRACR3466","01KFEKHPC1MSE3FJ7DBY2FGY2F","2026-01-20T21:20:49.578697278Z",29,"2026-01-20T21:21:06.414825389Z","C","2026-01-20T21:20:54.603385831Z","01KFEKHX0GFP3226G2XP5V5QA7","2026-01-20T21:20:49.578697278Z","01KFEM7WBDAJE6T5GGXJ4D59J9","2026-01-20T21:20:49.578697278Z","01KFEMD0TEXZBYA05AD6D0NMR7","2026-01-20T21:20:49.578697278Z"
"01KFEMFKXYENY17A32F17P11TT","01KFEKHQ6RN01KDJ4QSDZAWPPS","2026-01-20T21:20:29.631001518Z",19,"2026-01-20T21:20:37.614759566Z","C","2026-01-20T21:20:36.530349478Z","01KFEKHZ9SCZ02EGGWRNFEECG2","2026-01-20T21:20:29.631001518Z","01KFEMCM72QM7G0K1PDTC1FVF6","2026-01-20T21:20:29.631001518Z","01KFEMF5NH28YGBJPMRZ6BQE2X","2026-01-20T21:20:29.631001518Z"
"01KFEN9NQE6HKQ7XTBYW6S4MYN","01KFEKHQDC2K693XFM5ANS8DHE","2026-01-20T21:34:43.438655798Z",10,"2026-01-20T21:36:08.838358967Z","B","2026-01-20T21:35:49.691586353Z","01KFEKHZKRT77TCYW9QR636P3H","2026-01-20T21:34:43.438655798Z","01KFEMY0AS8BBZXMYCA88W167J","2026-01-20T21:34:43.438655798Z","01KFEN4ASAB3V7JSAKNGJM2Y6M","2026-01-20T21:34:43.438655798Z"
"01KFENC81G20J8NERSMANJDZGK","01KFEKHQDC2K693XFM5ANS8DHE","2026-01-20T21:36:07.728613305Z",0,"2026-01-20T21:36:22.144794158Z","B","2026-01-20T21:36:19.714290557Z","01KFEKHZJWCME2TD44SWFYQ3JK","2026-01-20T21:36:07.728613305Z","01KFEN3VF2KFDMCBF7BMJ0W416","2026-01-20T21:36:07.728613305Z","01KFENBM4J7F0G9YX51QQ55791","2026-01-20T21:36:07.728613305Z"
"01KFEKS0RNZA76Y86RWVSAYN55","01KFEKHP5PHVKCA3W59M54X4HD","2026-01-20T21:08:09.109549459Z",0,"2026-01-20T21:08:26.915754357Z","C","2026-01-20T21:08:25.153879984Z","01KFEKHW2KQMM6E7GG18D0G9TT","2026-01-20T21:08:09.109549459Z","01KFEKEYRXZWJHM17WAW49T1GG","2026-01-20T21:08:09.109549459Z","01KFEKPR3QED3XY61RK7YXPYM7","2026-01-20T21:08:09.109549459Z"
"01KFEKJQ5GAFN5JCZCK4YK4V66","01KFEJ5DKDD8ED3R70AXWWV7TA","2026-01-20T21:04:42.672154815Z",0,"2026-01-20T21:04:46.347184414Z","C","2026-01-20T21:04:46.098011665Z","01KFEJ5DPRA3SJMDJ397B8T8C1","2026-01-20T21:04:42.672154815Z","01KFEK01H1YPA1JPJ9R7TY1GMF","2026-01-20T21:04:42.672154815Z","01KFEK960P125XWTD7ZX1XPF38","2026-01-20T21:04:42.672154815Z"
"01KFENPH7V66ECYHNZ39HN4A8D","01KFEKP8JTD09P5KZK5HC45AYH","2026-01-20T21:41:44.827975085Z",20,"2026-01-20T21:41:49.540140616Z","B","2026-01-20T21:41:49.360771585Z","01KFEKP8SWACZ78Z101DJZ9YZX","2026-01-20T21:41:44.827975085Z","01KFEN1V09JT6DJQFTMJT9XVS1","2026-01-20T21:41:44.827975085Z","01KFENEFHCXYNAQEK1CFR7T6ZG","2026-01-20T21:41:44.827975085Z"
"01KFEKWQHC7FQ80PP0JGJ18SP3","01KFEKHP5PHVKCA3W59M54X4HD","2026-01-20T21:10:10.732954581Z",10,"2026-01-20T21:10:14.422477559Z","B","2026-01-20T21:10:14.277257132Z","01KFEKHW2KQMM6E7GG18D0G9TT","2026-01-20T21:10:10.732954581Z","01KFEKE5VNBEE8HCYQK3HWDR4D","2026-01-20T21:10:10.732954581Z","01KFEKPR8VWEDKH43NFQNG81KX","2026-01-20T21:10:10.732954581Z"
"01KFEN0D7VPRW7SSZS2GT8C4P7","01KFEKP90DN3N51AVE1856PVFP","2026-01-20T21:29:39.835583701Z",29,"2026-01-20T21:29:57.410152201Z","C","2026-01-20T21:29:57.176466577Z","01KFEKPARRGKN060WSHP4MXPVN","2026-01-20T21:29:39.835583701Z","01KFEMCPJ0592DB22F7648NKQD","2026-01-20T21:29:39.835583701Z","01KFEMJWWXTZM2Y4D89PEBWPY6","2026-01-20T21:29:39.835583701Z"
"01KFEN0MN7739A1T1E8RPPV991","01KFEKP9631FDC5MHAJ7BGRGH7","2026-01-20T21:29:47.431207317Z",17,"2026-01-20T21:29:50.161675231Z","D","2026-01-20T21:29:50.000187081Z","01KFEKPB2MD43HRXJ5S36AZP95","2026-01-20T21:29:47.431207317Z","01KFEMA144DFQ2N92D33VDGEBF","2026-01-20T21:29:47.431207317Z","01KFEMMYKPK9T2AG1MYK0WZV3M","2026-01-20T21:29:47.431207317Z"
"01KFEM0P3DQHAQHEW1QT7C1F6R","01KFEJ5DKDD8ED3R70AXWWV7TA","2026-01-20T21:12:20.333804496Z",0,"2026-01-20T21:12:23.885106451Z","C","2026-01-20T21:12:22.631057684Z","01KFEJ5DNSX5Y5MH73PBQYYZM3","2026-01-20T21:12:20.333804496Z","01KFEKH56QYDWDZ627S51E8JZX","2026-01-20T21:12:20.333804496Z","01KFEKMR74K1N57DNQF1R830WC","2026-01-20T21:12:20.333804496Z"
"01KFENNQBTQYY975SXCXN4QJWR","01KFEKP8JTD09P5KZK5HC45AYH","2026-01-20T21:41:18.330803536Z",20,"2026-01-20T21:41:23.921470177Z","A","2026-01-20T21:41:23.157500396Z","01KFEKP8SWACZ78Z101DJZ9YZX","2026-01-20T21:41:18.330803536Z","01KFEN3XCJATC6HG39SDG7KSE0","2026-01-20T21:41:18.330803536Z","01KFENEFM8SPS2HA5KNJF045MH","2026-01-20T21:41:18.330803536Z"
"01KFENH9AF46D62NK2B3FEBYBT","01KFEKHQDC2K693XFM5ANS8DHE","2026-01-20T21:38:52.879206997Z",29,"2026-01-20T21:39:00.117603449Z","C","2026-01-20T21:38:59.118690684Z","01KFEKHZJWCME2TD44SWFYQ3JK","2026-01-20T21:38:52.879206997Z","01KFEN3VF2KFDMCBF7BMJ0W416","2026-01-20T21:38:52.879206997Z","01KFENBMMRXN89SJPPPPEDN4KM","2026-01-20T21:38:52.879206997Z"
"01KFEMR271HKJWVRKVYNNJ93X5","01KFEKHQ6RN01KDJ4QSDZAWPPS","2026-01-20T21:25:06.401812585Z",17,"2026-01-20T21:25:11.665523891Z","D","2026-01-20T21:25:11.540008212Z","01KFEKHZ9SCZ02EGGWRNFEECG2","2026-01-20T21:25:06.401812585Z","01KFEM9E7RMZA5K11AYHB2TQZJ","2026-01-20T21:25:06.401812585Z","01KFEMF62BRSFCT4QWCZ68JMEK","2026-01-20T21:25:06.401812585Z"
"01KFEMPBJMKSKFWD7FGTDFARDQ","01KFEKHQ6RN01KDJ4QSDZAWPPS","2026-01-20T21:24:10.452096222Z",29,"2026-01-20T21:24:14.90908502Z","C","2026-01-20T21:24:13.685264574Z","01KFEKHZ9SCZ02EGGWRNFEECG2","2026-01-20T21:24:10.452096222Z","01KFEMCM72QM7G0K1PDTC1FVF6","2026-01-20T21:24:10.452096222Z","01KFEMF5YXGKQ47TJFF88R1BG0","2026-01-20T21:24:10.452096222Z"
"01KFEM9DBTJ528H5RH7DD2HRZS","01KFEKHPC1MSE3FJ7DBY2FGY2F","2026-01-20T21:17:06.298234206Z",29,"2026-01-20T21:17:11.07585939Z","C","2026-01-20T21:17:09.683488275Z","01KFEKHX1P9ZX6RDK1X5H16NSJ","2026-01-20T21:17:06.298234206Z","01KFEM2T8WXSZ319Y9Z8V488ZY","2026-01-20T21:17:06.298234206Z","01KFEM6CGBC7Q7QZXFJXZS6FD5","2026-01-20T21:17:06.298234206Z"
"01KFEMSRJNKZFS7EAJ1BSCX553","01KFEKP90DN3N51AVE1856PVFP","2026-01-20T21:26:02.069527063Z",10,"2026-01-20T21:26:12.002679818Z","A","2026-01-20T21:26:10.512849409Z","01KFEKPARRGKN060WSHP4MXPVN","2026-01-20T21:26:02.069527063Z","01KFEMCK5PSCC7SW5H7XYEWC3R","2026-01-20T21:26:02.069527063Z","01KFEMJWKBP1AHXCSZXMV0N8JZ","2026-01-20T21:26:02.069527063Z"
"01KFEN0TK477HPFKPBATYT2R8T","01KFEKP9631FDC5MHAJ7BGRGH7","2026-01-20T21:29:53.508496088Z",17,"2026-01-20T21:29:58.405367601Z","D","2026-01-20T21:29:57.742148829Z","01KFEKPB2MD43HRXJ5S36AZP95","2026-01-20T21:29:53.508496088Z","01KFEMA144DFQ2N92D33VDGEBF","2026-01-20T21:29:53.508496088Z","01KFEMMYNPE4Z21K17N6APERA5","2026-01-20T21:29:53.508496088Z"
"01KFEM2MSZAT1F0WR2EZ455B2J","01KFEKHP5PHVKCA3W59M54X4HD","2026-01-20T21:13:24.543321247Z",20,"2026-01-20T21:13:27.690372596Z","B","2026-01-20T21:13:27.53803914Z","01KFEKHW2KQMM6E7GG18D0G9TT","2026-01-20T21:13:24.543321247Z","01KFEKE5VNBEE8HCYQK3HWDR4D","2026-01-20T21:13:24.543321247Z","01KFEKPRGE5W7ENHX1MQGQWHAW","2026-01-20T21:13:24.543321247Z"
"01KFEMF4GJTXS28MWVECQEE8D9","01KFEKHPC1MSE3FJ7DBY2FGY2F","2026-01-20T21:20:13.842453337Z",17,"2026-01-20T21:20:30.558581403Z","D","2026-01-20T21:20:16.69271817Z","01KFEKHX1P9ZX6RDK1X5H16NSJ","2026-01-20T21:20:13.842453337Z","01KFEKYDBHRB0V4J8GGC1RRNB4","2026-01-20T21:20:13.842453337Z","01KFEM6CSXGJRNCQ42TAVBY6RR","2026-01-20T21:20:13.842453337Z"
"01KFEN9NNS3AH1FA22CE8T5XGA","01KFEKHQDC2K693XFM5ANS8DHE","2026-01-20T21:34:43.385813525Z",19,"2026-01-20T21:36:08.838358967Z","C","2026-01-20T21:34:45.322649334Z","01KFEKHZKRT77TCYW9QR636P3H","2026-01-20T21:34:43.385813525Z","01KFEMZTH1KPE39TS4QCXRY5YJ","2026-01-20T21:34:43.385813525Z","01KFEN4ASAB3V7JSAKNGJM2Y6M","2026-01-20T21:34:43.385813525Z"
"01KFEMJKYE5H3JMWRVMQKP4YYT","01KFEKHQ6RN01KDJ4QSDZAWPPS","2026-01-20T21:22:07.950658042Z",29,"2026-01-20T21:22:37.625897672Z","C","2026-01-20T21:22:11.123311115Z","01KFEKHZ9SCZ02EGGWRNFEECG2","2026-01-20T21:22:07.950658042Z","01KFEMCM72QM7G0K1PDTC1FVF6","2026-01-20T21:22:07.950658042Z","01KFEMF5QFA3X6NSRJVEAHG1JS","2026-01-20T21:22:07.950658042Z"
"01KFEN2T4SDTATJ0W9F9WMBGB9","01KFEKHQ6RN01KDJ4QSDZAWPPS","2026-01-20T21:30:58.585940748Z",0,"2026-01-20T21:31:04.755777804Z","C","2026-01-20T21:31:02.480899872Z","01KFEKHZBEEPDRHKRQPWCS3SGH","2026-01-20T21:30:58.585940748Z","01KFEMM17G5WSXC6D0MGM804RP","2026-01-20T21:30:58.585940748Z","01KFEMVWKX6NTM5V8KAAE8G2YZ","2026-01-20T21:30:58.585940748Z"
"01KFENMVP0VVK9MK1V1786TSFR","01KFEKP8JTD09P5KZK5HC45AYH","2026-01-20T21:40:49.984925739Z",20,"2026-01-20T21:40:59.526016678Z","A","2026-01-20T21:40:59.308817098Z","01KFEKP8SWACZ78Z101DJZ9YZX","2026-01-20T21:40:49.984925739Z","01KFEN3XCJATC6HG39SDG7KSE0","2026-01-20T21:40:49.984925739Z","01KFENEFSJ2EN6K5TP84J3S60T","2026-01-20T21:40:49.984925739Z"
"01KFEKWPSRER7QH8WKCGXBAK2K","01KFEKHPC1MSE3FJ7DBY2FGY2F","2026-01-20T21:10:09.976991489Z",17,"2026-01-20T21:10:20.139739282Z","D","2026-01-20T21:10:19.372484772Z","01KFEKHX2RB171QB64SDRQQFHC","2026-01-20T21:10:09.976991489Z","01KFEKMQJYX5BJJG3C1JG69E20","2026-01-20T21:10:09.976991489Z","01KFEKRGWKT3913ZZCEDV87K51","2026-01-20T21:10:09.976991489Z"
"01KFEN6MRY6SN9D2D4VVM4QJWR","01KFEKHQDC2K693XFM5ANS8DHE","2026-01-20T21:33:04.158988101Z",10,"2026-01-20T21:33:37.150518128Z","A","2026-01-20T21:33:10.895527525Z","01KFEKHZKRT77TCYW9QR636P3H","2026-01-20T21:33:04.158988101Z","01KFEMY0AS8BBZXMYCA88W167J","2026-01-20T21:33:04.158988101Z","01KFEN4AED0ZG5SWDVDXFED71D","2026-01-20T21:33:04.158988101Z"
"01KFEKQJWGVKJ02V0J3DA12Q3R","01KFEJ5D47V2DPV4P7KW69CWA7","2026-01-20T21:07:22.128376699Z",29,"2026-01-20T21:07:27.657884389Z","C","2026-01-20T21:07:25.836424777Z","01KFEJ5D5EZSQZ1FHTABW8Z6HQ","2026-01-20T21:07:22.128376699Z","01KFEKEX3VSEJ79DPFZ13BZNQ0","2026-01-20T21:07:22.128376699Z","01KFEKHAWRX677KT6AVT8PXZKR","2026-01-20T21:07:22.128376699Z"
"01KFEMP24829R9MT5HYQZ40T8D","01KFEKHQ6RN01KDJ4QSDZAWPPS","2026-01-20T21:24:00.777033096Z",29,"2026-01-20T21:24:05.209862262Z","C","2026-01-20T21:24:04.988788382Z","01KFEKHZ9SCZ02EGGWRNFEECG2","2026-01-20T21:24:00.777033096Z","01KFEMCM72QM7G0K1PDTC1FVF6","2026-01-20T21:24:00.777033096Z","01KFEMF5WYFVXJEBNJXH5NDHEB","2026-01-20T21:24:00.777033096Z"
"01KFEKGJNATNHTCNY4G2VGH4QM","01KFEJ5CPJ5RGARFNN6Z0PCT4Q","2026-01-20T21:03:32.522230166Z",29,"2026-01-20T21:03:34.430943751Z","C","2026-01-20T21:03:34.31449423Z","01KFEJ5CQQ00MKPGMA298B0BDM","2026-01-20T21:03:32.522230166Z","01KFEK73K44W3P90S9METDZ39A","2026-01-20T21:03:32.522230166Z","01KFEK9MVGKZZEHJVFS54RJFBT","2026-01-20T21:03:32.522230166Z"
"01KFEMQD21K3KGKA58RXD83N7W","01KFEKHPGYTA3NV92JW708KDS3","2026-01-20T21:24:44.737215171Z",17,"2026-01-20T21:24:49.464059032Z","D","2026-01-20T21:24:48.422224092Z","01KFEKHXK7R8H3J1J8XZRRFJYB","2026-01-20T21:24:44.737215171Z","01KFEM8JMB54JZHMPXSTXQAQHP","2026-01-20T21:24:44.737215171Z","01KFEMDG54HBT6YTCB70DXWSSV","2026-01-20T21:24:44.737215171Z"
"01KFEN155KWFP3JG5AJ9TS5SW7","01KFEKP90DN3N51AVE1856PVFP","2026-01-20T21:30:04.339160109Z",10,"2026-01-20T21:30:27.644135849Z","B","2026-01-20T21:30:12.34026323Z","01KFEKPARRGKN060WSHP4MXPVN","2026-01-20T21:30:04.339160109Z","01KFEMCPJ0592DB22F7648NKQD","2026-01-20T21:30:04.339160109Z","01KFEMJWZ23H646PAR8DG0ER3K","2026-01-20T21:30:04.339160109Z"
"01KFEMJKZPDZKRXMF73TAB089W","01KFEKHQ6RN01KDJ4QSDZAWPPS","2026-01-20T21:22:07.990701598Z",17,"2026-01-20T21:22:37.625897672Z","D","2026-01-20T21:22:17.527690609Z","01KFEKHZ9SCZ02EGGWRNFEECG2","2026-01-20T21:22:07.990701598Z","01KFEM9E7RMZA5K11AYHB2TQZJ","2026-01-20T21:22:07.990701598Z","01KFEMF5QFA3X6NSRJVEAHG1JS","2026-01-20T21:22:07.990701598Z"
"01KFEKWADJ8RG58NPTH9BRYWJV","01KFEJ5D47V2DPV4P7KW69CWA7","2026-01-20T21:09:57.298803823Z",10,"2026-01-20T21:10:04.671914346Z","B","2026-01-20T21:10:03.027931511Z","01KFEJ5D6TNJMBKPJMAENEXHMP","2026-01-20T21:09:57.298803823Z","01KFEKDA9NJGRKFSSAT3ZXZ5QE","2026-01-20T21:09:57.298803823Z","01KFEKJ3T06KRMNJSSM0RCTTBX","2026-01-20T21:09:57.298803823Z"
"01KFEMMVQ5SE374MRV42BJYV3S","01KFEKHPGYTA3NV92JW708KDS3","2026-01-20T21:23:21.445369464Z",17,"2026-01-20T21:23:44.234362823Z","D","2026-01-20T21:23:24.632304382Z","01KFEKHXK7R8H3J1J8XZRRFJYB","2026-01-20T21:23:21.445369464Z","01KFEM8JMB54JZHMPXSTXQAQHP","2026-01-20T21:23:21.445369464Z","01KFEMDG1BKQZ7YEY2SHQPBNCM","2026-01-20T21:23:21.445369464Z"
"01KFEMVA2JJTM1QATYRXXG1NPB","01KFEKP90DN3N51AVE1856PVFP","2026-01-20T21:26:52.755006829Z",10,"2026-01-20T21:27:31.218700001Z","B","2026-01-20T21:26:56.363318371Z","01KFEKPARRGKN060WSHP4MXPVN","2026-01-20T21:26:52.755006829Z","01KFEMCK5PSCC7SW5H7XYEWC3R","2026-01-20T21:26:52.755006829Z","01KFEMJWN71V2HPR93JJ6C7FYW","2026-01-20T21:26:52.755006829Z"
"01KFEMWD85XXAV8V0AF3Q40EQ3","01KFEKHQ6RN01KDJ4QSDZAWPPS","2026-01-20T21:27:28.773194524Z",0,"2026-01-20T21:28:16.29989457Z","B","2026-01-20T21:28:02.107466535Z","01KFEKHZBEEPDRHKRQPWCS3SGH","2026-01-20T21:27:28.773194524Z","01KFEMF0SBSYWZ1HCWC99ZE7MJ","2026-01-20T21:27:28.773194524Z","01KFEMVW4MDKHP57T4RP3A850M","2026-01-20T21:27:28.773194524Z"
"01KFEKVPEQB4VBWYT6HDW7N1JX","01KFEKHPGYTA3NV92JW708KDS3","2026-01-20T21:09:36.855100321Z",0,"2026-01-20T21:09:43.217351248Z","C","2026-01-20T21:09:39.548591756Z","01KFEKHXG0QSJ727TF9BK0CVWT","2026-01-20T21:09:36.855100321Z","01KFEKHMBXJQ8V8MN80AG07QXK","2026-01-20T21:09:36.855100321Z","01KFEKRY28JFB70T33K1GH2C25","2026-01-20T21:09:36.855100321Z"
"01KFEKBD3FMS6SHW5P4BVYR9TE","01KFEJ5DKDD8ED3R70AXWWV7TA","2026-01-20T21:00:42.991461819Z",0,"2026-01-20T21:00:46.024302246Z","C","2026-01-20T21:00:45.96647355Z","01KFEJ5DPRA3SJMDJ397B8T8C1","2026-01-20T21:00:42.991461819Z","01KFEK01H1YPA1JPJ9R7TY1GMF","2026-01-20T21:00:42.991461819Z","01KFEK95V12XRP5G4NRXW2VJ60","2026-01-20T21:00:42.991461819Z"
"01KFEKMQ9XV95HFT4HCQNVZP5G","01KFEJ5E832Q64ZNG3ZKPXGHJ5","2026-01-20T21:05:48.349640219Z",7,"2026-01-20T21:06:02.767155989Z","D","2026-01-20T21:06:02.66038899Z","01KFEJ5E9BF1S7ZWGC98397B4G","2026-01-20T21:05:48.349640219Z","01KFEKF18JVGP7RPPBWJM1C6F5","2026-01-20T21:05:48.349640219Z","01KFEKMDDVVMZQRESQ1YXJTFNA","2026-01-20T21:05:48.349640219Z"
"01KFEKSAV26CESVXMY37B7RCBK","01KFEJ5DKDD8ED3R70AXWWV7TA","2026-01-20T21:08:19.426846278Z",17,"2026-01-20T21:08:30.998621319Z","D","2026-01-20T21:08:23.005657141Z","01KFEJ5DNSX5Y5MH73PBQYYZM3","2026-01-20T21:08:19.426846278Z","01KFEKEP42W1KWM0E304T7Q0E4","2026-01-20T21:08:19.426846278Z","01KFEKMQTRXZ7EWJHTHYNCYJPP","2026-01-20T21:08:19.426846278Z"
"01KFEMWD6MAKDCTHCZXSREFAPM","01KFEKHQ6RN01KDJ4QSDZAWPPS","2026-01-20T21:27:28.724344174Z",0,"2026-01-20T21:28:16.29989457Z","B","2026-01-20T21:27:37.317661776Z","01KFEKHZBEEPDRHKRQPWCS3SGH","2026-01-20T21:27:28.724344174Z","01KFEMM17G5WSXC6D0MGM804RP","2026-01-20T21:27:28.724344174Z","01KFEMVW4MDKHP57T4RP3A850M","2026-01-20T21:27:28.724344174Z"
"01KFEKSTP72YKEBK3KBW0JAC5N","01KFEJ5E832Q64ZNG3ZKPXGHJ5","2026-01-20T21:08:35.655248041Z",17,"2026-01-20T21:08:50.836552546Z","D","2026-01-20T21:08:37.461955225Z","01KFEJ5E9BF1S7ZWGC98397B4G","2026-01-20T21:08:35.655248041Z","01KFEKGNPQS5RBR06H121JR9K1","2026-01-20T21:08:35.655248041Z","01KFEKMDR71DM336X6H6MKRH1Z","2026-01-20T21:08:35.655248041Z"
"01KFENJQT4V4RZEVBXQXKD6YVY","01KFEKP8JTD09P5KZK5HC45AYH","2026-01-20T21:39:40.484600833Z",20,"2026-01-20T21:39:46.52563774Z","B","2026-01-20T21:39:46.311058477Z","01KFEKP8SWACZ78Z101DJZ9YZX","2026-01-20T21:39:40.484600833Z","01KFEN1V09JT6DJQFTMJT9XVS1","2026-01-20T21:39:40.484600833Z","01KFENEFWA2KATKEY492ND4979","2026-01-20T21:39:40.484600833Z"
"01KFENCN0075QK6W80FAJTAVH2","01KFEKHPXA861Q1DG96X1DM2E6","2026-01-20T21:36:20.993000174Z",29,"2026-01-20T21:36:25.723530438Z","C","2026-01-20T21:36:24.175235554Z","01KFEKHYHJB14HYQ6WNW69M0EN","2026-01-20T21:36:20.993000174Z","01KFEMYH9MRESN2DNVY0DYZ05B","2026-01-20T21:36:20.993000174Z","01KFEN70PQVD8JXPYJPRQVP24W","2026-01-20T21:36:20.993000174Z"
"01KFEMYKS4VPKVJAS8KEEYZBHF","01KFEKHQ6RN01KDJ4QSDZAWPPS","2026-01-20T21:28:40.996432659Z",10,"2026-01-20T21:28:48.865458905Z","A","2026-01-20T21:28:48.216464072Z","01KFEKHZBEEPDRHKRQPWCS3SGH","2026-01-20T21:28:40.996432659Z","01KFEMM17G5WSXC6D0MGM804RP","2026-01-20T21:28:40.996432659Z","01KFEMVWA9STZFK1XBW08Q0N45","2026-01-20T21:28:40.996432659Z"
"01KFEKP4FEXAWBRHTXE0F07A9T","01KFEJ5D47V2DPV4P7KW69CWA7","2026-01-20T21:06:34.606619738Z",29,"2026-01-20T21:06:48.181395021Z","C","2026-01-20T21:06:36.184531354Z","01KFEJ5D5EZSQZ1FHTABW8Z6HQ","2026-01-20T21:06:34.606619738Z","01KFEKEX3VSEJ79DPFZ13BZNQ0","2026-01-20T21:06:34.606619738Z","01KFEKHAVPYR5G1TRT3WP6S4GG","2026-01-20T21:06:34.606619738Z"
"01KFEMDY4EH7JC6THM1K58VMAK","01KFEKHPGYTA3NV92JW708KDS3","2026-01-20T21:19:34.542170961Z",19,"2026-01-20T21:19:55.27611967Z","C","2026-01-20T21:19:40.964860939Z","01KFEKHXK7R8H3J1J8XZRRFJYB","2026-01-20T21:19:34.542170961Z","01KFEM9GMDKNEQA3ZWG27ZV1NT","2026-01-20T21:19:34.542170961Z","01KFEMDFM052RA9MQQS2QPV31S","2026-01-20T21:19:34.542170961Z"
"01KFEN887Y39Q9Q83SZRM1TRJ2","01KFEKHQDC2K693XFM5ANS8DHE","2026-01-20T21:33:56.862817685Z",0,"2026-01-20T21:34:02.431088332Z","C","2026-01-20T21:33:59.551592537Z","01KFEKHZKRT77TCYW9QR636P3H","2026-01-20T21:33:56.862817685Z","01KFEMY0AS8BBZXMYCA88W167J","2026-01-20T21:33:56.862817685Z","01KFEN4AYQFH86KKGFTNVPDWAR","2026-01-20T21:33:56.862817685Z"
"01KFEMWGC22B2R34S2AA8CRWFF","01KFEKP9631FDC5MHAJ7BGRGH7","2026-01-20T21:27:31.970120964Z",29,"2026-01-20T21:28:33.098602118Z","C","2026-01-20T21:27:37.258290752Z","01KFEKPB2MD43HRXJ5S36AZP95","2026-01-20T21:27:31.970120964Z","01KFEMBNJZT4WFKT0SV2QH9MSW","2026-01-20T21:27:31.970120964Z","01KFEMMY78W1ZK49RJS5H5NGRA","2026-01-20T21:27:31.970120964Z"
"01KFEKWZBZ6S4WZNMABY2QBJAK","01KFEKHPC1MSE3FJ7DBY2FGY2F","2026-01-20T21:10:18.751322861Z",0,"2026-01-20T21:10:27.04436966Z","C","2026-01-20T21:10:25.109284111Z","01KFEKHWZEPZZY95F2XW7M1MFP","2026-01-20T21:10:18.751322861Z","01KFEKH2E82JWZZAXCHQQKPEBM","2026-01-20T21:10:18.751322861Z","01KFEKQ4S6Y7VSJHTEBENX27AZ","2026-01-20T21:10:18.751322861Z"
"01KFEKRWCAQ71RPQVMQ5KWZPAF","01KFEKHPC1MSE3FJ7DBY2FGY2F","2026-01-20T21:08:04.618591418Z",0,"2026-01-20T21:08:33.235013222Z","B","2026-01-20T21:08:33.005088058Z","01KFEKHX2RB171QB64SDRQQFHC","2026-01-20T21:08:04.618591418Z","01KFEKJ39TDPNH3F2VQ6ZS2WQR","2026-01-20T21:08:04.618591418Z","01KFEKRGPEW0VYHPF1Y71MXPV9","2026-01-20T21:08:04.618591418Z"
"01KFEKTCZ58EMDD57YX4TMC0DF","01KFEKHP5PHVKCA3W59M54X4HD","2026-01-20T21:08:54.373067588Z",10,"2026-01-20T21:08:58.906886963Z","B","2026-01-20T21:08:58.290475973Z","01KFEKHW2KQMM6E7GG18D0G9TT","2026-01-20T21:08:54.373067588Z","01KFEKE5VNBEE8HCYQK3HWDR4D","2026-01-20T21:08:54.373067588Z","01KFEKPR50Y7HB99CVRPYSD7K2","2026-01-20T21:08:54.373067588Z"
"01KFEKN36XWE49QC46Q0K2CKMH","01KFEJ5D47V2DPV4P7KW69CWA7","2026-01-20T21:06:00.541711677Z",0,"2026-01-20T21:06:26.815660347Z","C","2026-01-20T21:06:09.970352654Z","01KFEJ5D5EZSQZ1FHTABW8Z6HQ","2026-01-20T21:06:00.541711677Z","01KFEK43BY9D5G2GXTKTDV7QBX","2026-01-20T21:06:00.541711677Z","01KFEKHATFJTB3KG8V4XWGWQ6N","2026-01-20T21:06:00.541711677Z"
"01KFEMMNVE2NZR778Y1DX4JFHB","01KFEKHPC1MSE3FJ7DBY2FGY2F","2026-01-20T21:23:15.438112541Z",19,"2026-01-20T21:23:18.873195074Z","C","2026-01-20T21:23:18.220291262Z","01KFEKHX0GFP3226G2XP5V5QA7","2026-01-20T21:23:15.438112541Z","01KFEM7WBDAJE6T5GGXJ4D59J9","2026-01-20T21:23:15.438112541Z","01KFEMD177980RQDTYDQ699N7P","2026-01-20T21:23:15.438112541Z"
"01KFEKYAYPJ8F7M475KM8FQR2C","01KFEKHPC1MSE3FJ7DBY2FGY2F","2026-01-20T21:11:03.382897424Z",10,"2026-01-20T21:11:09.986382961Z","B","2026-01-20T21:11:09.834326298Z","01KFEKHX2RB171QB64SDRQQFHC","2026-01-20T21:11:03.382897424Z","01KFEKMQJYX5BJJG3C1JG69E20","2026-01-20T21:11:03.382897424Z","01KFEKRGZW7EC98AH63BAV4MR1","2026-01-20T21:11:03.382897424Z"
"01KFEKP291Q2DJ548JDGAW4RQC","01KFEJ5D47V2DPV4P7KW69CWA7","2026-01-20T21:06:32.353482706Z",0,"2026-01-20T21:06:38.84609988Z","C","2026-01-20T21:06:38.736449629Z","01KFEJ5D6TNJMBKPJMAENEXHMP","2026-01-20T21:06:32.353482706Z","01KFEKDMRV7F4Y978MGBAGHY9Y","2026-01-20T21:06:32.353482706Z","01KFEKJ3JYFQGRQ6KPNQ5PTPD2","2026-01-20T21:06:32.353482706Z"
"01KFEKSQQZH30BWJHQJWW4PZC9","01KFEKHP5PHVKCA3W59M54X4HD","2026-01-20T21:08:32.639728464Z",10,"2026-01-20T21:08:37.494381524Z","B","2026-01-20T21:08:36.808488272Z","01KFEKHW2KQMM6E7GG18D0G9TT","2026-01-20T21:08:32.639728464Z","01KFEKE5VNBEE8HCYQK3HWDR4D","2026-01-20T21:08:32.639728464Z","01KFEKPR2FJZEQQ72A13WNT9EQ","2026-01-20T21:08:32.639728464Z"
"01KFEN82WCCN1NBF84VKQYSXGD","01KFEKHQ6RN01KDJ4QSDZAWPPS","2026-01-20T21:33:51.372076816Z",0,"2026-01-20T21:33:58.247456792Z","C","2026-01-20T21:33:57.171456513Z","01KFEKHZBEEPDRHKRQPWCS3SGH","2026-01-20T21:33:51.372076816Z","01KFEMF0SBSYWZ1HCWC99ZE7MJ","2026-01-20T21:33:51.372076816Z","01KFEMVWYS79D9G1D5REDPJQSV","2026-01-20T21:33:51.372076816Z"
"01KFEMNMRE43CCQV8YPH9Z123T","01KFEKHQDC2K693XFM5ANS8DHE","2026-01-20T21:23:47.086538893Z",10,"2026-01-20T21:23:52.734401874Z","A","2026-01-20T21:23:52.374615414Z","01KFEKHZN529E42QD9METE3SFK","2026-01-20T21:23:47.086538893Z","01KFEMAXQT7QKHPN3PD6V9XKR3","2026-01-20T21:23:47.086538893Z","01KFEMG8V3SXYBTRZ9TTWG983C","2026-01-20T21:23:47.086538893Z"
"01KFENDZ8F2G63M5HBA3RY1PPR","01KFEKHQ6RN01KDJ4QSDZAWPPS","2026-01-20T21:37:04.271642596Z",29,"2026-01-20T21:37:09.491485316Z","C","2026-01-20T21:37:07.019295724Z","01KFEKHZCYGXG9E88XG20MH24Y","2026-01-20T21:37:04.271642596Z","01KFEMZ3DY0H8VM8TWW94CE5C0","2026-01-20T21:37:04.271642596Z","01KFEN368TEZ8GPJ05TM4J7PHP","2026-01-20T21:37:04.271642596Z"
"01KFEKXKT3T5D2S7W9JP3KCBY0","01KFEJ5DKDD8ED3R70AXWWV7TA","2026-01-20T21:10:39.684011914Z",10,"2026-01-20T21:10:48.911063581Z","A","2026-01-20T21:10:42.520716484Z","01KFEJ5DNSX5Y5MH73PBQYYZM3","2026-01-20T21:10:39.684011914Z","01KFEKEP42W1KWM0E304T7Q0E4","2026-01-20T21:10:39.684011914Z","01KFEKMR0X8W69FSBG3G9Y8GBY","2026-01-20T21:10:39.684011914Z"
"01KFENF9YH7SC39NCSSPARAYNF","01KFEKHQ6RN01KDJ4QSDZAWPPS","2026-01-20T21:37:47.985158574Z",29,"2026-01-20T21:37:56.68846525Z","C","2026-01-20T21:37:49.720772922Z","01KFEKHZCYGXG9E88XG20MH24Y","2026-01-20T21:37:47.985158574Z","01KFEMZ3DY0H8VM8TWW94CE5C0","2026-01-20T21:37:47.985158574Z","01KFEN36GAR0CM92P0JC5SS7EE","2026-01-20T21:37:47.985158574Z"
"01KFENE30TGB71F15SFF4QAY8R","01KFEKHPXA861Q1DG96X1DM2E6","2026-01-20T21:37:08.122528747Z",29,"2026-01-20T21:37:12.374698163Z","C","2026-01-20T21:37:11.174666219Z","01KFEKHYHJB14HYQ6WNW69M0EN","2026-01-20T21:37:08.122528747Z","01KFEMYH9MRESN2DNVY0DYZ05B","2026-01-20T21:37:08.122528747Z","01KFEN71MPKN8P754JETMJCX4Z","2026-01-20T21:37:08.122528747Z"
"01KFEMAVTWQCC1WT4BK9W33XWY","01KFEKHPC1MSE3FJ7DBY2FGY2F","2026-01-20T21:17:53.884382952Z",0,"2026-01-20T21:17:58.969752126Z","C","2026-01-20T21:17:56.426500534Z","01KFEKHX1P9ZX6RDK1X5H16NSJ","2026-01-20T21:17:53.884382952Z","01KFEM2T8WXSZ319Y9Z8V488ZY","2026-01-20T21:17:53.884382952Z","01KFEM6CJ5DV1XVFYVC0WRPPA8","2026-01-20T21:17:53.884382952Z"
"01KFEM29RJAVHZRPXETM5T0NXH","01KFEKHPC1MSE3FJ7DBY2FGY2F","2026-01-20T21:13:13.234864458Z",10,"2026-01-20T21:13:19.821987694Z","A","2026-01-20T21:13:17.191292299Z","01KFEKHX2RB171QB64SDRQQFHC","2026-01-20T21:13:13.234864458Z","01KFEKMQJYX5BJJG3C1JG69E20","2026-01-20T21:13:13.234864458Z","01KFEKRH8SRGFCEKCMW90MYTEE","2026-01-20T21:13:13.234864458Z"
"01KFEKM43Q3XAH56TG6KGNXMBB","01KFEJ5D47V2DPV4P7KW69CWA7","2026-01-20T21:05:28.695389952Z",20,"2026-01-20T21:05:36.009679508Z","A","2026-01-20T21:05:35.903020682Z","01KFEJ5D6TNJMBKPJMAENEXHMP","2026-01-20T21:05:28.695389952Z","01KFEKDA9NJGRKFSSAT3ZXZ5QE","2026-01-20T21:05:28.695389952Z","01KFEKJ3G6CMMVJKWX7G4KJ1JF","2026-01-20T21:05:28.695389952Z"
"01KFEKVGEMWMDS4FDC804TKCN2","01KFEJ5E832Q64ZNG3ZKPXGHJ5","2026-01-20T21:09:30.708235951Z",17,"2026-01-20T21:09:32.784857647Z","D","2026-01-20T21:09:32.104307446Z","01KFEJ5E9BF1S7ZWGC98397B4G","2026-01-20T21:09:30.708235951Z","01KFEKGNPQS5RBR06H121JR9K1","2026-01-20T21:09:30.708235951Z","01KFEKMDX8E2ZWTJ54DJ83ASWY","2026-01-20T21:09:30.708235951Z"
"01KFEN0MKMGCP59DZV5WP5CN3S","01KFEKP9631FDC5MHAJ7BGRGH7","2026-01-20T21:29:47.380275314Z",29,"2026-01-20T21:29:50.161675231Z","C","2026-01-20T21:29:49.612076535Z","01KFEKPB2MD43HRXJ5S36AZP95","2026-01-20T21:29:47.380275314Z","01KFEMBNJZT4WFKT0SV2QH9MSW","2026-01-20T21:29:47.380275314Z","01KFEMMYKPK9T2AG1MYK0WZV3M","2026-01-20T21:29:47.380275314Z"
"01KFEMMXC2YXMQ1PG30QZGDJ4F","01KFEKHPC1MSE3FJ7DBY2FGY2F","2026-01-20T21:23:23.138765763Z",0,"2026-01-20T21:23:43.575630518Z","C","2026-01-20T21:23:29.688194041Z","01KFEKHX0GFP3226G2XP5V5QA7","2026-01-20T21:23:23.138765763Z","01KFEM8T7TQADGVJ0QMJDZXZTY","2026-01-20T21:23:23.138765763Z","01KFEMD19601ZK89ZEP9JPCFM7","2026-01-20T21:23:23.138765763Z"
"01KFEMP04YN5W39GM85SD2ATXK","01KFEKHQDC2K693XFM5ANS8DHE","2026-01-20T21:23:58.75033466Z",10,"2026-01-20T21:24:03.15731548Z","B","2026-01-20T21:24:02.174779598Z","01KFEKHZN529E42QD9METE3SFK","2026-01-20T21:23:58.75033466Z","01KFEMAXQT7QKHPN3PD6V9XKR3","2026-01-20T21:23:58.75033466Z","01KFEMG8WYS19Z48TC85RBN9YV","2026-01-20T21:23:58.75033466Z"
"01KFEM0DKJ2DXJY1GEC2C60NG4","01KFEJ5DKDD8ED3R70AXWWV7TA","2026-01-20T21:12:11.634281427Z",7,"2026-01-20T21:12:16.199286487Z","D","2026-01-20T21:12:16.056800565Z","01KFEJ5DNSX5Y5MH73PBQYYZM3","2026-01-20T21:12:11.634281427Z","01KFEKH56QYDWDZ627S51E8JZX","2026-01-20T21:12:11.634281427Z","01KFEKMR5QQVJYFG7TBZCA6EPG","2026-01-20T21:12:11.634281427Z"
"01KFENP45F0813R18F780F29NX","01KFEKHQDC2K693XFM5ANS8DHE","2026-01-20T21:41:31.439766118Z",20,"2026-01-20T21:41:43.899169066Z","B","2026-01-20T21:41:38.547018596Z","01KFEKHZJWCME2TD44SWFYQ3JK","2026-01-20T21:41:31.439766118Z","01KFEN3VF2KFDMCBF7BMJ0W416","2026-01-20T21:41:31.439766118Z","01KFENBN328XP8XPTKSRH62S4T","2026-01-20T21:41:31.439766118Z"
"01KFEKGJP1HJTTXW7YGY6VJPAQ","01KFEJ5CPJ5RGARFNN6Z0PCT4Q","2026-01-20T21:03:32.54565843Z",17,"2026-01-20T21:03:34.430943751Z","D","2026-01-20T21:03:34.126268548Z","01KFEJ5CQQ00MKPGMA298B0BDM","2026-01-20T21:03:32.54565843Z","01KFEK2D2ABTHF5VPGA11FKCNZ","2026-01-20T21:03:32.54565843Z","01KFEK9MVGKZZEHJVFS54RJFBT","2026-01-20T21:03:32.54565843Z"
"01KFEKVC4CWQYMXWHQEFV52A5E","01KFEJ5DKDD8ED3R70AXWWV7TA","2026-01-20T21:09:26.284593325Z",10,"2026-01-20T21:09:37.643047144Z","B","2026-01-20T21:09:36.103147765Z","01KFEJ5DNSX5Y5MH73PBQYYZM3","2026-01-20T21:09:26.284593325Z","01KFEKH56QYDWDZ627S51E8JZX","2026-01-20T21:09:26.284593325Z","01KFEKMQXAGJYMTYR6Y93FTQC5","2026-01-20T21:09:26.284593325Z"
"01KFEN5395CW25071T711TYXD5","01KFEKHQ6RN01KDJ4QSDZAWPPS","2026-01-20T21:32:13.477090159Z",0,"2026-01-20T21:32:22.780143131Z","C","2026-01-20T21:32:22.616168793Z","01KFEKHZBEEPDRHKRQPWCS3SGH","2026-01-20T21:32:13.477090159Z","01KFEMF0SBSYWZ1HCWC99ZE7MJ","2026-01-20T21:32:13.477090159Z","01KFEMVWRK061Z0JS6GG5TXS8K","2026-01-20T21:32:13.477090159Z"
"01KFENKW0H826M605KH6NFWNJC","01KFEKP8JTD09P5KZK5HC45AYH","2026-01-20T21:40:17.553081805Z",20,"2026-01-20T21:40:41.762618638Z","A","2026-01-20T21:40:25.272625791Z","01KFEKP8SWACZ78Z101DJZ9YZX","2026-01-20T21:40:17.553081805Z","01KFEN3XCJATC6HG39SDG7KSE0","2026-01-20T21:40:17.553081805Z","01KFENEFYSQDH44X3ST3JJ4YZ5","2026-01-20T21:40:17.553081805Z"
"01KFEMP266E9CH1KSYBPK07T9N","01KFEKHQ6RN01KDJ4QSDZAWPPS","2026-01-20T21:24:00.838341209Z",17,"2026-01-20T21:24:05.209862262Z","D","2026-01-20T21:24:03.946501Z","01KFEKHZ9SCZ02EGGWRNFEECG2","2026-01-20T21:24:00.838341209Z","01KFEM9E7RMZA5K11AYHB2TQZJ","2026-01-20T21:24:00.838341209Z","01KFEMF5WYFVXJEBNJXH5NDHEB","2026-01-20T21:24:00.838341209Z"
"01KFEMNKDK863FS3XJDVSH5JYC","01KFEKHQ6RN01KDJ4QSDZAWPPS","2026-01-20T21:23:45.715516225Z",17,"2026-01-20T21:23:53.449394312Z","D","2026-01-20T21:23:52.524386521Z","01KFEKHZ9SCZ02EGGWRNFEECG2","2026-01-20T21:23:45.715516225Z","01KFEM9E7RMZA5K11AYHB2TQZJ","2026-01-20T21:23:45.715516225Z","01KFEMF5V25K9C80NVFJW4MCEM","2026-01-20T21:23:45.715516225Z"
"01KFEKWJ5AYEVMM8WQDVZ7QZBC","01KFEJ5D47V2DPV4P7KW69CWA7","2026-01-20T21:10:05.226179441Z",29,"2026-01-20T21:10:12.495113292Z","C","2026-01-20T21:10:08.012851554Z","01KFEJ5D5EZSQZ1FHTABW8Z6HQ","2026-01-20T21:10:05.226179441Z","01KFEKEX3VSEJ79DPFZ13BZNQ0","2026-01-20T21:10:05.226179441Z","01KFEKHB1KFKD9DWV83P5V39C4","2026-01-20T21:10:05.226179441Z"
"01KFEN8F2B1V9NWBW5QTMPHPWW","01KFEKHQ6RN01KDJ4QSDZAWPPS","2026-01-20T21:34:03.85192126Z",10,"2026-01-20T21:34:32.625527612Z","B","2026-01-20T21:34:32.371902757Z","01KFEKHZBEEPDRHKRQPWCS3SGH","2026-01-20T21:34:03.85192126Z","01KFEMF0SBSYWZ1HCWC99ZE7MJ","2026-01-20T21:34:03.85192126Z","01KFEMVX0YBYYFABDRMY96BZK7","2026-01-20T21:34:03.85192126Z"
"01KFEMM8YDTSH7AS02BE9KHC1F","01KFEKHQ6RN01KDJ4QSDZAWPPS","2026-01-20T21:23:02.221901179Z",29,"2026-01-20T21:23:06.738542865Z","C","2026-01-20T21:23:06.540246441Z","01KFEKHZ9SCZ02EGGWRNFEECG2","2026-01-20T21:23:02.221901179Z","01KFEMCM72QM7G0K1PDTC1FVF6","2026-01-20T21:23:02.221901179Z","01KFEMF5S45VCG1644DHKAR9B5","2026-01-20T21:23:02.221901179Z"
"01KFEN1XGCMETVV283D4W4WHQT","01KFEKHQ6RN01KDJ4QSDZAWPPS","2026-01-20T21:30:29.26084994Z",0,"2026-01-20T21:30:35.886797191Z","C","2026-01-20T21:30:34.735224184Z","01KFEKHZBEEPDRHKRQPWCS3SGH","2026-01-20T21:30:29.26084994Z","01KFEMF0SBSYWZ1HCWC99ZE7MJ","2026-01-20T21:30:29.26084994Z","01KFEMVWCMQQH11T6TPFPWK1ZD","2026-01-20T21:30:29.26084994Z"
"01KFEKE5QE5N42WQ8Y1RYH3RPQ","01KFEJ5DKDD8ED3R70AXWWV7TA","2026-01-20T21:02:13.742942292Z",10,"2026-01-20T21:03:22.562668085Z","B","2026-01-20T21:02:16.287940659Z","01KFEJ5DPRA3SJMDJ397B8T8C1","2026-01-20T21:02:13.742942292Z","01KFEJTTYE1JJF4JNZFR32N2T9","2026-01-20T21:02:13.742942292Z","01KFEK95Y7594EE1PYNCTCPCG7","2026-01-20T21:02:13.742942292Z"
"01KFEKVNHFTM28ZVJ5AS34N2G9","01KFEKHPC1MSE3FJ7DBY2FGY2F","2026-01-20T21:09:35.9197763Z",29,"2026-01-20T21:09:43.856314068Z","C","2026-01-20T21:09:41.555399484Z","01KFEKHX2RB171QB64SDRQQFHC","2026-01-20T21:09:35.9197763Z","01KFEKJ39TDPNH3F2VQ6ZS2WQR","2026-01-20T21:09:35.9197763Z","01KFEKRGV6N0ZXYVXF7JYG2WJV","2026-01-20T21:09:35.9197763Z"
"01KFENQHGZV6BSH50TTMEFS3D7","01KFEKP8JTD09P5KZK5HC45AYH","2026-01-20T21:42:17.887163314Z",20,"2026-01-20T21:42:23.93338319Z","A","2026-01-20T21:42:21.13733552Z","01KFEKP8SWACZ78Z101DJZ9YZX","2026-01-20T21:42:17.887163314Z","01KFEN3XCJATC6HG39SDG7KSE0","2026-01-20T21:42:17.887163314Z","01KFENEFAV4J2BND4TE00WQ85H","2026-01-20T21:42:17.887163314Z"
"01KFEMXV4AEF1A7X92CGRY6R25","01KFEKP90DN3N51AVE1856PVFP","2026-01-20T21:28:15.754541039Z",17,"2026-01-20T21:28:28.508752336Z","D","2026-01-20T21:28:20.854234492Z","01KFEKPARRGKN060WSHP4MXPVN","2026-01-20T21:28:15.754541039Z","01KFEMCK5PSCC7SW5H7XYEWC3R","2026-01-20T21:28:15.754541039Z","01KFEMJWS31QKA4V8SHESS0AYW","2026-01-20T21:28:15.754541039Z"
"01KFEKY93GY3C80XW95E6QTF21","01KFEKHPGYTA3NV92JW708KDS3","2026-01-20T21:11:01.488038054Z",0,"2026-01-20T21:11:05.20919357Z","B","2026-01-20T21:11:03.925818881Z","01KFEKHXG0QSJ727TF9BK0CVWT","2026-01-20T21:11:01.488038054Z","01KFEKGBZDDR87QG9CGWE37DKP","2026-01-20T21:11:01.488038054Z","01KFEKRYDF87YXYQ728460Q9GN","2026-01-20T21:11:01.488038054Z"
"01KFEMSWPKB95TSA5WJCQ4RX3D","01KFEKP9631FDC5MHAJ7BGRGH7","2026-01-20T21:26:06.291562769Z",19,"2026-01-20T21:26:16.066497563Z","C","2026-01-20T21:26:14.754077042Z","01KFEKPB2MD43HRXJ5S36AZP95","2026-01-20T21:26:06.291562769Z","01KFEMBNJZT4WFKT0SV2QH9MSW","2026-01-20T21:26:06.291562769Z","01KFEMMY51ZCW8S37R457WNKKH","2026-01-20T21:26:06.291562769Z"
"01KFENMVRGTCJR8D0CN36CFR62","01KFEKP8JTD09P5KZK5HC45AYH","2026-01-20T21:40:50.064749003Z",20,"2026-01-20T21:40:59.526016678Z","B","2026-01-20T21:40:54.658346357Z","01KFEKP8SWACZ78Z101DJZ9YZX","2026-01-20T21:40:50.064749003Z","01KFEN1V09JT6DJQFTMJT9XVS1","2026-01-20T21:40:50.064749003Z","01KFENEFSJ2EN6K5TP84J3S60T","2026-01-20T21:40:50.064749003Z"
"01KFEMQ76PNVS5NNX7HJS8WNC0","01KFEKHQDC2K693XFM5ANS8DHE","2026-01-20T21:24:38.742383465Z",10,"2026-01-20T21:24:44.534423105Z","A","2026-01-20T21:24:43.626385064Z","01KFEKHZN529E42QD9METE3SFK","2026-01-20T21:24:38.742383465Z","01KFEMAXQT7QKHPN3PD6V9XKR3","2026-01-20T21:24:38.742383465Z","01KFEMG90AHRCFMKX3VWGQC2JN","2026-01-20T21:24:38.742383465Z"
"01KFEMJSRZSQF27CSRHAT0QJP8","01KFEKHQDC2K693XFM5ANS8DHE","2026-01-20T21:22:13.919180179Z",0,"2026-01-20T21:22:38.538880137Z","B","2026-01-20T21:22:21.410239844Z","01KFEKHZN529E42QD9METE3SFK","2026-01-20T21:22:13.919180179Z","01KFEMAXQT7QKHPN3PD6V9XKR3","2026-01-20T21:22:13.919180179Z","01KFEMG8JKG032H11QPG44W3FA","2026-01-20T21:22:13.919180179Z"
"01KFEM6R4TFMGP11HNCYKKH0S8","01KFEKHPC1MSE3FJ7DBY2FGY2F","2026-01-20T21:15:39.034412536Z",19,"2026-01-20T21:16:00.335769466Z","C","2026-01-20T21:15:44.239456752Z","01KFEKHX1P9ZX6RDK1X5H16NSJ","2026-01-20T21:15:39.034412536Z","01KFEM2T8WXSZ319Y9Z8V488ZY","2026-01-20T21:15:39.034412536Z","01KFEM6CA1MT26BA84MTDAE0CY","2026-01-20T21:15:39.034412536Z"
"01KFEMSRGSVVKFYC9S0YPX65RH","01KFEKP90DN3N51AVE1856PVFP","2026-01-20T21:26:02.009960988Z",19,"2026-01-20T21:26:12.002679818Z","C","2026-01-20T21:26:07.444694328Z","01KFEKPARRGKN060WSHP4MXPVN","2026-01-20T21:26:02.009960988Z","01KFEMCPJ0592DB22F7648NKQD","2026-01-20T21:26:02.009960988Z","01KFEMJWKBP1AHXCSZXMV0N8JZ","2026-01-20T21:26:02.009960988Z"
"01KFENCGHVTVMHX1TVRQXV44J7","01KFEKHQDC2K693XFM5ANS8DHE","2026-01-20T21:36:16.443967598Z",0,"2026-01-20T21:36:19.98888575Z","C","2026-01-20T21:36:19.827265261Z","01KFEKHZKRT77TCYW9QR636P3H","2026-01-20T21:36:16.443967598Z","01KFEMY0AS8BBZXMYCA88W167J","2026-01-20T21:36:16.443967598Z","01KFEN4APGGEE4EG88QDP8BBKK","2026-01-20T21:36:16.443967598Z"
"01KFEKS9PNRKHQQCVSKMEK209F","01KFEJ5D47V2DPV4P7KW69CWA7","2026-01-20T21:08:18.261766149Z",19,"2026-01-20T21:08:35.933336103Z","C","2026-01-20T21:08:21.895663899Z","01KFEJ5D6TNJMBKPJMAENEXHMP","2026-01-20T21:08:18.261766149Z","01KFEKDMRV7F4Y978MGBAGHY9Y","2026-01-20T21:08:18.261766149Z","01KFEKJ3QM8C1G58BZZ5K489N0","2026-01-20T21:08:18.261766149Z"
"01KFEKTBKT75FQESCSBHYAB85P","01KFEKHPC1MSE3FJ7DBY2FGY2F","2026-01-20T21:08:52.987029987Z",19,"2026-01-20T21:08:58.803960643Z","C","2026-01-20T21:08:58.220968108Z","01KFEKHX2RB171QB64SDRQQFHC","2026-01-20T21:08:52.987029987Z","01KFEKJ39TDPNH3F2VQ6ZS2WQR","2026-01-20T21:08:52.987029987Z","01KFEKRGSYTBRDPGBCBNN4SAYS","2026-01-20T21:08:52.987029987Z"
"01KFEKVK34HKB3Y1BX16ZTYJXN","01KFEJ5D47V2DPV4P7KW69CWA7","2026-01-20T21:09:33.41260342Z",29,"2026-01-20T21:09:39.632896864Z","C","2026-01-20T21:09:38.085534617Z","01KFEJ5D5EZSQZ1FHTABW8Z6HQ","2026-01-20T21:09:33.41260342Z","01KFEKEX3VSEJ79DPFZ13BZNQ0","2026-01-20T21:09:33.41260342Z","01KFEKHB5358KMKS4AM0JTAXF2","2026-01-20T21:09:33.41260342Z"
"01KFEMDY3018SFVDXRZ58QS97S","01KFEKHPGYTA3NV92JW708KDS3","2026-01-20T21:19:34.496282048Z",10,"2026-01-20T21:19:55.27611967Z","B","2026-01-20T21:19:45.777124778Z","01KFEKHXK7R8H3J1J8XZRRFJYB","2026-01-20T21:19:34.496282048Z","01KFEM8JMB54JZHMPXSTXQAQHP","2026-01-20T21:19:34.496282048Z","01KFEMDFM052RA9MQQS2QPV31S","2026-01-20T21:19:34.496282048Z"
"01KFEM2MRHZ0WJSV28EMX8SSEJ","01KFEKHP5PHVKCA3W59M54X4HD","2026-01-20T21:13:24.497051144Z",20,"2026-01-20T21:13:27.690372596Z","A","2026-01-20T21:13:26.774066304Z","01KFEKHW2KQMM6E7GG18D0G9TT","2026-01-20T21:13:24.497051144Z","01KFEKEYRXZWJHM17WAW49T1GG","2026-01-20T21:13:24.497051144Z","01KFEKPRGE5W7ENHX1MQGQWHAW","2026-01-20T21:13:24.497051144Z"
"01KFEMDYR9SFJ07BRBSTGSQ9D1","01KFEKHPC1MSE3FJ7DBY2FGY2F","2026-01-20T21:19:35.177962914Z",29,"2026-01-20T21:19:55.404674478Z","C","2026-01-20T21:19:42.818344741Z","01KFEKHX1P9ZX6RDK1X5H16NSJ","2026-01-20T21:19:35.177962914Z","01KFEM2T8WXSZ319Y9Z8V488ZY","2026-01-20T21:19:35.177962914Z","01KFEM6CZ65PK6H6YE3TRDAQ1G","2026-01-20T21:19:35.177962914Z"
"01KFEMJ5X8CQT9EVKS7ARKGREW","01KFEKHPGYTA3NV92JW708KDS3","2026-01-20T21:21:53.576194511Z",17,"2026-01-20T21:22:01.360384032Z","D","2026-01-20T21:22:01.163293392Z","01KFEKHXK7R8H3J1J8XZRRFJYB","2026-01-20T21:21:53.576194511Z","01KFEM8JMB54JZHMPXSTXQAQHP","2026-01-20T21:21:53.576194511Z","01KFEMDFVZKQNXVT8RDJFKGY1B","2026-01-20T21:21:53.576194511Z"
"01KFEKTEEVQY87ZDMM85626FTT","01KFEJ5E832Q64ZNG3ZKPXGHJ5","2026-01-20T21:08:55.899701367Z",17,"2026-01-20T21:08:57.747173152Z","D","2026-01-20T21:08:57.590549164Z","01KFEJ5E9BF1S7ZWGC98397B4G","2026-01-20T21:08:55.899701367Z","01KFEKGNPQS5RBR06H121JR9K1","2026-01-20T21:08:55.899701367Z","01KFEKMDSN3WRP317T6QVGQJ86","2026-01-20T21:08:55.899701367Z"
"01KFEMF2VYEWVA5B3CN614BB7N","01KFEKHPC1MSE3FJ7DBY2FGY2F","2026-01-20T21:20:12.15873207Z",19,"2026-01-20T21:20:30.431790242Z","C","2026-01-20T21:20:14.340714743Z","01KFEKHX0GFP3226G2XP5V5QA7","2026-01-20T21:20:12.15873207Z","01KFEM7WBDAJE6T5GGXJ4D59J9","2026-01-20T21:20:12.15873207Z","01KFEMD0MKDWJWNN8YZGEKJT3H","2026-01-20T21:20:12.15873207Z"
"01KFEKSMMC4063KGQHRTR6S2VQ","01KFEJ5E832Q64ZNG3ZKPXGHJ5","2026-01-20T21:08:29.452371305Z",17,"2026-01-20T21:08:31.537426325Z","D","2026-01-20T21:08:31.258601592Z","01KFEJ5E9BF1S7ZWGC98397B4G","2026-01-20T21:08:29.452371305Z","01KFEKGNPQS5RBR06H121JR9K1","2026-01-20T21:08:29.452371305Z","01KFEKMDPY2YPYSY2R5EMDD2HR","2026-01-20T21:08:29.452371305Z"
"01KFEKTDSN7CT90TAX6KQDZ9CR","01KFEKHPC1MSE3FJ7DBY2FGY2F","2026-01-20T21:08:55.222019862Z",7,"2026-01-20T21:09:14.158412585Z","D","2026-01-20T21:09:01.722792709Z","01KFEKHWZEPZZY95F2XW7M1MFP","2026-01-20T21:08:55.222019862Z","01KFEKH2E82JWZZAXCHQQKPEBM","2026-01-20T21:08:55.222019862Z","01KFEKQ4P8KYRB5M4FVX2PV9WY","2026-01-20T21:08:55.222019862Z"
"01KFEKKEHH6W1P7N9V3SWFH6CZ","01KFEJ5D47V2DPV4P7KW69CWA7","2026-01-20T21:05:06.609693292Z",0,"2026-01-20T21:05:17.160201045Z","C","2026-01-20T21:05:10.780456983Z","01KFEJ5D5EZSQZ1FHTABW8Z6HQ","2026-01-20T21:05:06.609693292Z","01KFEKEX3VSEJ79DPFZ13BZNQ0","2026-01-20T21:05:06.609693292Z","01KFEKHASD1S8VJXV9QPT2H22J","2026-01-20T21:05:06.609693292Z"
"01KFEKGEZ5GCSS4MQGMCJ0T5SY","01KFEJ5CPJ5RGARFNN6Z0PCT4Q","2026-01-20T21:03:28.741064972Z",0,"2026-01-20T21:03:30.617210034Z","C","2026-01-20T21:03:30.510647371Z","01KFEJ5CQQ00MKPGMA298B0BDM","2026-01-20T21:03:28.741064972Z","01KFEK73K44W3P90S9METDZ39A","2026-01-20T21:03:28.741064972Z","01KFEK9MTPYZ88J4190TAKP440","2026-01-20T21:03:28.741064972Z"
"01KFEM0DMKXTARFV3KKY2HRBDA","01KFEJ5DKDD8ED3R70AXWWV7TA","2026-01-20T21:12:11.667361074Z",10,"2026-01-20T21:12:16.199286487Z","A","2026-01-20T21:12:14.443175016Z","01KFEJ5DNSX5Y5MH73PBQYYZM3","2026-01-20T21:12:11.667361074Z","01KFEKEP42W1KWM0E304T7Q0E4","2026-01-20T21:12:11.667361074Z","01KFEKMR5QQVJYFG7TBZCA6EPG","2026-01-20T21:12:11.667361074Z"
"01KFEN0AJ15W66CR2846V97NS7","01KFEKP9631FDC5MHAJ7BGRGH7","2026-01-20T21:29:37.089367186Z",17,"2026-01-20T21:29:42.362277944Z","D","2026-01-20T21:29:41.986092951Z","01KFEKPB2MD43HRXJ5S36AZP95","2026-01-20T21:29:37.089367186Z","01KFEMA144DFQ2N92D33VDGEBF","2026-01-20T21:29:37.089367186Z","01KFEMMYHK29Z5TC0N3PB75F8X","2026-01-20T21:29:37.089367186Z"
"01KFEKN35XAADMGTNW1WD0YD21","01KFEJ5D47V2DPV4P7KW69CWA7","2026-01-20T21:06:00.50968684Z",0,"2026-01-20T21:06:26.815660347Z","C","2026-01-20T21:06:03.424566059Z","01KFEJ5D5EZSQZ1FHTABW8Z6HQ","2026-01-20T21:06:00.50968684Z","01KFEKEX3VSEJ79DPFZ13BZNQ0","2026-01-20T21:06:00.50968684Z","01KFEKHATFJTB3KG8V4XWGWQ6N","2026-01-20T21:06:00.50968684Z"
"01KFEMG7C1290AS2W9YRDVKMH6","01KFEKHPC1MSE3FJ7DBY2FGY2F","2026-01-20T21:20:49.537633302Z",17,"2026-01-20T21:21:06.414825389Z","D","2026-01-20T21:20:51.56642684Z","01KFEKHX0GFP3226G2XP5V5QA7","2026-01-20T21:20:49.537633302Z","01KFEM8T7TQADGVJ0QMJDZXZTY","2026-01-20T21:20:49.537633302Z","01KFEMD0TEXZBYA05AD6D0NMR7","2026-01-20T21:20:49.537633302Z"
"01KFEN7KA9TMN958P05VHAHYNR","01KFEKHPXA861Q1DG96X1DM2E6","2026-01-20T21:33:35.433607991Z",17,"2026-01-20T21:33:54.642438767Z","D","2026-01-20T21:33:49.358897325Z","01KFEKHYHJB14HYQ6WNW69M0EN","2026-01-20T21:33:35.433607991Z","01KFEMYTYF2ENKG7SYCSVCBX9H","2026-01-20T21:33:35.433607991Z","01KFEN70MGWW797Q8W6K1D0Z8P","2026-01-20T21:33:35.433607991Z"
"01KFEMMVRE9DF04JXMSTPDN082","01KFEKHPGYTA3NV92JW708KDS3","2026-01-20T21:23:21.486077796Z",29,"2026-01-20T21:23:44.234362823Z","C","2026-01-20T21:23:34.228398176Z","01KFEKHXK7R8H3J1J8XZRRFJYB","2026-01-20T21:23:21.486077796Z","01KFEM9GMDKNEQA3ZWG27ZV1NT","2026-01-20T21:23:21.486077796Z","01KFEMDG1BKQZ7YEY2SHQPBNCM","2026-01-20T21:23:21.486077796Z"
"01KFEMNJT2CV2DA4YVCP3RZW1M","01KFEKP90DN3N51AVE1856PVFP","2026-01-20T21:23:45.0904349Z",0,"2026-01-20T21:25:01.914852459Z","C","2026-01-20T21:25:01.435712696Z","01KFEKPARRGKN060WSHP4MXPVN","2026-01-20T21:23:45.0904349Z","01KFEMCPJ0592DB22F7648NKQD","2026-01-20T21:23:45.0904349Z","01KFEMJWFJJJ5H1QCS94CF3E79","2026-01-20T21:23:45.0904349Z"
"01KFENNEWVA46HFFJVJSKF0H1V","01KFEKHQDC2K693XFM5ANS8DHE","2026-01-20T21:41:09.659694092Z",10,"2026-01-20T21:41:19.726168356Z","B","2026-01-20T21:41:14.942919384Z","01KFEKHZJWCME2TD44SWFYQ3JK","2026-01-20T21:41:09.659694092Z","01KFEN5FXNPY52Q25YH9X08VBV","2026-01-20T21:41:09.659694092Z","01KFENBN0J2P96ZRD0M86KFKJ0","2026-01-20T21:41:09.659694092Z"
"01KFEMR24KF8N7SVQA25CWX4YK","01KFEKHQ6RN01KDJ4QSDZAWPPS","2026-01-20T21:25:06.323883093Z",29,"2026-01-20T21:25:11.665523891Z","C","2026-01-20T21:25:11.276669254Z","01KFEKHZ9SCZ02EGGWRNFEECG2","2026-01-20T21:25:06.323883093Z","01KFEMCM72QM7G0K1PDTC1FVF6","2026-01-20T21:25:06.323883093Z","01KFEMF62BRSFCT4QWCZ68JMEK","2026-01-20T21:25:06.323883093Z"
"01KFEMTK0VP0B376DGPCWSM45X","01KFEKP9631FDC5MHAJ7BGRGH7","2026-01-20T21:26:29.147954181Z",0,"2026-01-20T21:26:50.191648744Z","C","2026-01-20T21:26:33.296850314Z","01KFEKPB2MD43HRXJ5S36AZP95","2026-01-20T21:26:29.147954181Z","01KFEMBNJZT4WFKT0SV2QH9MSW","2026-01-20T21:26:29.147954181Z","01KFEMMY2XJ5A8NK49C343JY5D","2026-01-20T21:26:29.147954181Z"
"01KFEKHKTZGMBBS9Z04HWQ5HK7","01KFEJ5D47V2DPV4P7KW69CWA7","2026-01-20T21:04:06.495482485Z",29,"2026-01-20T21:04:35.782650807Z","C","2026-01-20T21:04:12.08398437Z","01KFEJ5D5EZSQZ1FHTABW8Z6HQ","2026-01-20T21:04:06.495482485Z","01KFEKEX3VSEJ79DPFZ13BZNQ0","2026-01-20T21:04:06.495482485Z","01KFEKHAPTD807S43PRSSQ6519","2026-01-20T21:04:06.495482485Z"
"01KFEKY85WXWFR0Y0P4V5RRDTC","01KFEJ5DKDD8ED3R70AXWWV7TA","2026-01-20T21:11:00.540677008Z",19,"2026-01-20T21:11:04.60843925Z","C","2026-01-20T21:11:04.21787271Z","01KFEJ5DNSX5Y5MH73PBQYYZM3","2026-01-20T21:11:00.540677008Z","01KFEKEP42W1KWM0E304T7Q0E4","2026-01-20T21:11:00.540677008Z","01KFEKMR26HZ2TZR4JB0F8P8H7","2026-01-20T21:11:00.540677008Z"
"01KFEMGQBG7EZRVWHYWMKNGTVA","01KFEKHQDC2K693XFM5ANS8DHE","2026-01-20T21:21:05.904445567Z",19,"2026-01-20T21:21:15.099596283Z","C","2026-01-20T21:21:14.984959928Z","01KFEKHZN529E42QD9METE3SFK","2026-01-20T21:21:05.904445567Z","01KFEMAXQT7QKHPN3PD6V9XKR3","2026-01-20T21:21:05.904445567Z","01KFEMG99GYA51HJ47XR5EJ0BR","2026-01-20T21:21:05.904445567Z"
"01KFEKDNEYWR01PNXMXB4KBV2P","01KFEJ5CPJ5RGARFNN6Z0PCT4Q","2026-01-20T21:01:57.086065137Z",29,"2026-01-20T21:01:59.773345398Z","C","2026-01-20T21:01:58.282793409Z","01KFEJ5CQQ00MKPGMA298B0BDM","2026-01-20T21:01:57.086065137Z","01KFEK2D2ABTHF5VPGA11FKCNZ","2026-01-20T21:01:57.086065137Z","01KFEK9MN1C4AXKYTF7JR8NJQ1","2026-01-20T21:01:57.086065137Z"
"01KFEMQZF1Z68V0G2AW8JBKTMK","01KFEKHPGYTA3NV92JW708KDS3","2026-01-20T21:25:03.585116724Z",29,"2026-01-20T21:25:08.773075738Z","C","2026-01-20T21:25:07.574677212Z","01KFEKHXK7R8H3J1J8XZRRFJYB","2026-01-20T21:25:03.585116724Z","01KFEM9GMDKNEQA3ZWG27ZV1NT","2026-01-20T21:25:03.585116724Z","01KFEMDG7D0YB1NFMD6CV59ZZW","2026-01-20T21:25:03.585116724Z"
"01KFEKDNE9STXD2VHRRTGTRTHG","01KFEJ5CPJ5RGARFNN6Z0PCT4Q","2026-01-20T21:01:57.065842089Z",17,"2026-01-20T21:01:59.773345398Z","D","2026-01-20T21:01:59.657575361Z","01KFEJ5CQQ00MKPGMA298B0BDM","2026-01-20T21:01:57.065842089Z","01KFEK73K44W3P90S9METDZ39A","2026-01-20T21:01:57.065842089Z","01KFEK9MN1C4AXKYTF7JR8NJQ1","2026-01-20T21:01:57.065842089Z"
"01KFENDWCAX03QYW7DK6YBGZSM","01KFEKHQDC2K693XFM5ANS8DHE","2026-01-20T21:37:01.322071841Z",17,"2026-01-20T21:37:04.70926704Z","D","2026-01-20T21:37:03.172806586Z","01KFEKHZKRT77TCYW9QR636P3H","2026-01-20T21:37:01.322071841Z","01KFEMZTH1KPE39TS4QCXRY5YJ","2026-01-20T21:37:01.322071841Z","01KFEN4B4FA0APJHM3F290KWW3","2026-01-20T21:37:01.322071841Z"
"01KFEKMQAS1KYAJWWS8ZY5F3CB","01KFEJ5E832Q64ZNG3ZKPXGHJ5","2026-01-20T21:05:48.377635701Z",10,"2026-01-20T21:06:02.767155989Z","A","2026-01-20T21:05:54.561413277Z","01KFEJ5E9BF1S7ZWGC98397B4G","2026-01-20T21:05:48.377635701Z","01KFEKGNPQS5RBR06H121JR9K1","2026-01-20T21:05:48.377635701Z","01KFEKMDDVVMZQRESQ1YXJTFNA","2026-01-20T21:05:48.377635701Z"
"01KFEKCHYJSQ15928H3F3FCTS7","01KFEJ5CPJ5RGARFNN6Z0PCT4Q","2026-01-20T21:01:20.722445303Z",10,"2026-01-20T21:01:29.679917431Z","B","2026-01-20T21:01:25.399122691Z","01KFEJ5CQQ00MKPGMA298B0BDM","2026-01-20T21:01:20.722445303Z","01KFEK73K44W3P90S9METDZ39A","2026-01-20T21:01:20.722445303Z","01KFEK9MFYQY0MMW5TJNB3BA76","2026-01-20T21:01:20.722445303Z"
"01KFEKD0D5NBQ666JWAHAYQSNR","01KFEJ5CPJ5RGARFNN6Z0PCT4Q","2026-01-20T21:01:35.525227951Z",19,"2026-01-20T21:01:44.749093551Z","C","2026-01-20T21:01:44.676714504Z","01KFEJ5CQQ00MKPGMA298B0BDM","2026-01-20T21:01:35.525227951Z","01KFEK2D2ABTHF5VPGA11FKCNZ","2026-01-20T21:01:35.525227951Z","01KFEK9MX91NBAD2F7JC29Z5NB","2026-01-20T21:01:35.525227951Z"
"01KFEMGT136NGPQE96NPM9JEND","01KFEKHQ6RN01KDJ4QSDZAWPPS","2026-01-20T21:21:08.643113214Z",17,"2026-01-20T21:21:14.28844868Z","D","2026-01-20T21:21:14.099864535Z","01KFEKHZ9SCZ02EGGWRNFEECG2","2026-01-20T21:21:08.643113214Z","01KFEM9E7RMZA5K11AYHB2TQZJ","2026-01-20T21:21:08.643113214Z","01KFEMF5HWP2EQG3JWYZYXCJTH","2026-01-20T21:21:08.643113214Z"
"01KFEN7YH8HE9V0D7GT16EDMXN","01KFEKHQDC2K693XFM5ANS8DHE","2026-01-20T21:33:46.920276746Z",0,"2026-01-20T21:33:51.1670722Z","C","2026-01-20T21:33:49.281942746Z","01KFEKHZKRT77TCYW9QR636P3H","2026-01-20T21:33:46.920276746Z","01KFEMZTH1KPE39TS4QCXRY5YJ","2026-01-20T21:33:46.920276746Z","01KFEN4ABMGMMWK6ZWAV8SB3FV","2026-01-20T21:33:46.920276746Z"
"01KFENE32TM9K4Y3ZRSNHRQ33V","01KFEKHPXA861Q1DG96X1DM2E6","2026-01-20T21:37:08.186592329Z",17,"2026-01-20T21:37:12.374698163Z","D","2026-01-20T21:37:11.741633586Z","01KFEKHYHJB14HYQ6WNW69M0EN","2026-01-20T21:37:08.186592329Z","01KFEMYTYF2ENKG7SYCSVCBX9H","2026-01-20T21:37:08.186592329Z","01KFEN71MPKN8P754JETMJCX4Z","2026-01-20T21:37:08.186592329Z"
"01KFENMJCDHR7C7TNTGWF0W44X","01KFEKHQDC2K693XFM5ANS8DHE","2026-01-20T21:40:40.461783637Z",20,"2026-01-20T21:40:48.737661843Z","A","2026-01-20T21:40:48.509441347Z","01KFEKHZJWCME2TD44SWFYQ3JK","2026-01-20T21:40:40.461783637Z","01KFEN5FXNPY52Q25YH9X08VBV","2026-01-20T21:40:40.461783637Z","01KFENBMVJGDFBEGTYY4K7SDPW","2026-01-20T21:40:40.461783637Z"
"01KFEMCR157NXV0TZ9HTYS1HFV","01KFEKHPC1MSE3FJ7DBY2FGY2F","2026-01-20T21:18:55.525109479Z",29,"2026-01-20T21:19:00.601790326Z","C","2026-01-20T21:19:00.443564605Z","01KFEKHX1P9ZX6RDK1X5H16NSJ","2026-01-20T21:18:55.525109479Z","01KFEM2T8WXSZ319Y9Z8V488ZY","2026-01-20T21:18:55.525109479Z","01KFEM6CR7D3TGVZFD4B5HWC70","2026-01-20T21:18:55.525109479Z"
"01KFEK9V1Z572E9RNY5ZG1BFHV","01KFEJ5CPJ5RGARFNN6Z0PCT4Q","2026-01-20T20:59:51.74336549Z",29,"2026-01-20T21:00:50.309568316Z","C","2026-01-20T21:00:50.224587192Z","01KFEJ5CQQ00MKPGMA298B0BDM","2026-01-20T20:59:51.74336549Z","01KFEK2D2ABTHF5VPGA11FKCNZ","2026-01-20T20:59:51.74336549Z","01KFEK9MHDHT1X35W1F6XJ8ZXH","2026-01-20T20:59:51.74336549Z"
"01KFENCGG59FS48HZ2R21ETTXK","01KFEKHQDC2K693XFM5ANS8DHE","2026-01-20T21:36:16.38988848Z",0,"2026-01-20T21:36:19.98888575Z","C","2026-01-20T21:36:18.514674305Z","01KFEKHZKRT77TCYW9QR636P3H","2026-01-20T21:36:16.38988848Z","01KFEMZTH1KPE39TS4QCXRY5YJ","2026-01-20T21:36:16.38988848Z","01KFEN4APGGEE4EG88QDP8BBKK","2026-01-20T21:36:16.38988848Z"
"01KFEKNYT8Q1CX1X7PYKEAK72N","01KFEJ5E832Q64ZNG3ZKPXGHJ5","2026-01-20T21:06:28.808841745Z",7,"2026-01-20T21:06:47.476889825Z","D","2026-01-20T21:06:40.104399249Z","01KFEJ5E9BF1S7ZWGC98397B4G","2026-01-20T21:06:28.808841745Z","01KFEKF18JVGP7RPPBWJM1C6F5","2026-01-20T21:06:28.808841745Z","01KFEKMDHD7P4D0DXCMJF5ZZWT","2026-01-20T21:06:28.808841745Z"
"01KFEKQX02R9FND1PVAJRJBJA8","01KFEJ5E832Q64ZNG3ZKPXGHJ5","2026-01-20T21:07:32.482714658Z",10,"2026-01-20T21:07:34.491779338Z","A","2026-01-20T21:07:34.299709866Z","01KFEJ5E9BF1S7ZWGC98397B4G","2026-01-20T21:07:32.482714658Z","01KFEKGNPQS5RBR06H121JR9K1","2026-01-20T21:07:32.482714658Z","01KFEKMDJQYQEPG2ZCVMXNPDMZ","2026-01-20T21:07:32.482714658Z"
"01KFEMMAMDBQA1R1B28QMB2NT5","01KFEKHQDC2K693XFM5ANS8DHE","2026-01-20T21:23:03.949597351Z",0,"2026-01-20T21:23:09.518599908Z","C","2026-01-20T21:23:08.897937594Z","01KFEKHZN529E42QD9METE3SFK","2026-01-20T21:23:03.949597351Z","01KFEMC66GX6VYABMARMTEQ575","2026-01-20T21:23:03.949597351Z","01KFEMG8QTB2A2AQCR6R6AN6AX","2026-01-20T21:23:03.949597351Z"
"01KFEKXWZJ4Z7QAYY92ZYDAY4Z","01KFEKHPGYTA3NV92JW708KDS3","2026-01-20T21:10:49.074179812Z",20,"2026-01-20T21:10:53.956720294Z","A","2026-01-20T21:10:53.728866152Z","01KFEKHXG0QSJ727TF9BK0CVWT","2026-01-20T21:10:49.074179812Z","01KFEKGBZDDR87QG9CGWE37DKP","2026-01-20T21:10:49.074179812Z","01KFEKRYACM9MCV5ZKH5XSPRRX","2026-01-20T21:10:49.074179812Z"
"01KFENDZA6QB6HS15P80TRMTCT","01KFEKHQ6RN01KDJ4QSDZAWPPS","2026-01-20T21:37:04.326175882Z",17,"2026-01-20T21:37:09.491485316Z","D","2026-01-20T21:37:08.506102038Z","01KFEKHZCYGXG9E88XG20MH24Y","2026-01-20T21:37:04.326175882Z","01KFEMYPQE297SQBBGD1MS3FP8","2026-01-20T21:37:04.326175882Z","01KFEN368TEZ8GPJ05TM4J7PHP","2026-01-20T21:37:04.326175882Z"
"01KFEND5TWR542C5271FM9YA4S","01KFEKHQDC2K693XFM5ANS8DHE","2026-01-20T21:36:38.236838212Z",17,"2026-01-20T21:36:43.342531815Z","D","2026-01-20T21:36:40.750266054Z","01KFEKHZKRT77TCYW9QR636P3H","2026-01-20T21:36:38.236838212Z","01KFEMZTH1KPE39TS4QCXRY5YJ","2026-01-20T21:36:38.236838212Z","01KFEN4BCK4A9E26R7Z3Z3YSMW","2026-01-20T21:36:38.236838212Z"
"01KFEKCMX3HBHM90K6F7D642FB","01KFEJ5DKDD8ED3R70AXWWV7TA","2026-01-20T21:01:23.747397877Z",17,"2026-01-20T21:02:07.020395092Z","D","2026-01-20T21:01:26.675570902Z","01KFEJ5DPRA3SJMDJ397B8T8C1","2026-01-20T21:01:23.747397877Z","01KFEK01H1YPA1JPJ9R7TY1GMF","2026-01-20T21:01:23.747397877Z","01KFEK95XCN342TRXGD6H13F8H","2026-01-20T21:01:23.747397877Z"
"01KFEM06CTW4Z0S2VCQTAQXWFR","01KFEKHPC1MSE3FJ7DBY2FGY2F","2026-01-20T21:12:04.250828721Z",17,"2026-01-20T21:12:10.911536618Z","D","2026-01-20T21:12:10.775964573Z","01KFEKHX2RB171QB64SDRQQFHC","2026-01-20T21:12:04.250828721Z","01KFEKMQJYX5BJJG3C1JG69E20","2026-01-20T21:12:04.250828721Z","01KFEKRH4HE0VTYDXT3VS6A487","2026-01-20T21:12:04.250828721Z"
"01KFEM06E0GBG0AWWCB65GEQ48","01KFEKHPC1MSE3FJ7DBY2FGY2F","2026-01-20T21:12:04.288815132Z",29,"2026-01-20T21:12:10.911536618Z","C","2026-01-20T21:12:06.616911908Z","01KFEKHX2RB171QB64SDRQQFHC","2026-01-20T21:12:04.288815132Z","01KFEKJ39TDPNH3F2VQ6ZS2WQR","2026-01-20T21:12:04.288815132Z","01KFEKRH4HE0VTYDXT3VS6A487","2026-01-20T21:12:04.288815132Z"
"01KFEM3KKP65YBBF5N9588SWCD","01KFEKHPC1MSE3FJ7DBY2FGY2F","2026-01-20T21:13:56.086641904Z",0,"2026-01-20T21:14:10.825965275Z","C","2026-01-20T21:14:01.409911842Z","01KFEKHWZEPZZY95F2XW7M1MFP","2026-01-20T21:13:56.086641904Z","01KFEKGX33HMGGWTV5S5DEFD1Y","2026-01-20T21:13:56.086641904Z","01KFEKQ4Z14E03079YF1F93FJQ","2026-01-20T21:13:56.086641904Z"
"01KFEKXEGMFXD13306HJKDKPVG","01KFEKHPC1MSE3FJ7DBY2FGY2F","2026-01-20T21:10:34.260531998Z",10,"2026-01-20T21:10:41.028455778Z","A","2026-01-20T21:10:40.199462918Z","01KFEKHWZEPZZY95F2XW7M1MFP","2026-01-20T21:10:34.260531998Z","01KFEKH2E82JWZZAXCHQQKPEBM","2026-01-20T21:10:34.260531998Z","01KFEKQ5DZB6PPYNDE1T177550","2026-01-20T21:10:34.260531998Z"
"01KFEKS0QF5K6BWKPS2VZ6Q0GP","01KFEKHP5PHVKCA3W59M54X4HD","2026-01-20T21:08:09.071100027Z",0,"2026-01-20T21:08:26.915754357Z","C","2026-01-20T21:08:26.785741089Z","01KFEKHW2KQMM6E7GG18D0G9TT","2026-01-20T21:08:09.071100027Z","01KFEKE5VNBEE8HCYQK3HWDR4D","2026-01-20T21:08:09.071100027Z","01KFEKPR3QED3XY61RK7YXPYM7","2026-01-20T21:08:09.071100027Z"
"01KFEMSX17TXANQHP4RD3YVFQH","01KFEKHPGYTA3NV92JW708KDS3","2026-01-20T21:26:06.631735574Z",29,"2026-01-20T21:26:12.341018824Z","C","2026-01-20T21:26:10.763993605Z","01KFEKHXK7R8H3J1J8XZRRFJYB","2026-01-20T21:26:06.631735574Z","01KFEM9GMDKNEQA3ZWG27ZV1NT","2026-01-20T21:26:06.631735574Z","01KFEMDGCP26XWZ7F5EWSJ8DQ3","2026-01-20T21:26:06.631735574Z"
"01KFENNQDJJMEJ85KGXB4VHAFH","01KFEKP8JTD09P5KZK5HC45AYH","2026-01-20T21:41:18.386200125Z",20,"2026-01-20T21:41:23.921470177Z","B","2026-01-20T21:41:23.742852315Z","01KFEKP8SWACZ78Z101DJZ9YZX","2026-01-20T21:41:18.386200125Z","01KFEN1V09JT6DJQFTMJT9XVS1","2026-01-20T21:41:18.386200125Z","01KFENEFM8SPS2HA5KNJF045MH","2026-01-20T21:41:18.386200125Z"
"01KFEKV9GBDW4PWFJTPCWPMBM9","01KFEJ5E832Q64ZNG3ZKPXGHJ5","2026-01-20T21:09:23.595165966Z",29,"2026-01-20T21:09:26.094537969Z","C","2026-01-20T21:09:25.586241186Z","01KFEJ5E9BF1S7ZWGC98397B4G","2026-01-20T21:09:23.595165966Z","01KFEKF18JVGP7RPPBWJM1C6F5","2026-01-20T21:09:23.595165966Z","01KFEKMDVZW57QN81AMQPMN6FX","2026-01-20T21:09:23.595165966Z"
"01KFEM8AY3AGD9JMPG2JBA0Y5M","01KFEKHPC1MSE3FJ7DBY2FGY2F","2026-01-20T21:16:31.043224452Z",29,"2026-01-20T21:16:41.551503544Z","C","2026-01-20T21:16:36.336076663Z","01KFEKHX1P9ZX6RDK1X5H16NSJ","2026-01-20T21:16:31.043224452Z","01KFEM2T8WXSZ319Y9Z8V488ZY","2026-01-20T21:16:31.043224452Z","01KFEM6CD6G8G05HKXX60X8CQ3","2026-01-20T21:16:31.043224452Z"
"01KFEKF83JC51MQBG35RGNBEMT","01KFEJ5CPJ5RGARFNN6Z0PCT4Q","2026-01-20T21:02:48.946518454Z",10,"2026-01-20T21:02:52.674014362Z","B","2026-01-20T21:02:52.595990461Z","01KFEJ5CQQ00MKPGMA298B0BDM","2026-01-20T21:02:48.946518454Z","01KFEK73K44W3P90S9METDZ39A","2026-01-20T21:02:48.946518454Z","01KFEK9MQTK5QPRNM1R07S9M2K","2026-01-20T21:02:48.946518454Z"
"01KFEMFT8CQ4FG6H40H1VXG85E","01KFEKHPC1MSE3FJ7DBY2FGY2F","2026-01-20T21:20:36.108783311Z",29,"2026-01-20T21:20:39.351815647Z","C","2026-01-20T21:20:38.630578679Z","01KFEKHX1P9ZX6RDK1X5H16NSJ","2026-01-20T21:20:36.108783311Z","01KFEM2T8WXSZ319Y9Z8V488ZY","2026-01-20T21:20:36.108783311Z","01KFEM6CVTFRJ2JSMXZYH6TRQ6","2026-01-20T21:20:36.108783311Z"
"01KFENDETJBJ58J70X4JTBTBGV","01KFEKHQDC2K693XFM5ANS8DHE","2026-01-20T21:36:47.442874647Z",29,"2026-01-20T21:36:49.759814343Z","C","2026-01-20T21:36:49.393428646Z","01KFEKHZKRT77TCYW9QR636P3H","2026-01-20T21:36:47.442874647Z","01KFEMY0AS8BBZXMYCA88W167J","2026-01-20T21:36:47.442874647Z","01KFEN4B9H7QVE8YB67YN17VNR","2026-01-20T21:36:47.442874647Z"
"01KFENH7J8B794TRD3S375YCQD","01KFEKHQ6RN01KDJ4QSDZAWPPS","2026-01-20T21:38:51.0801487Z",29,"2026-01-20T21:38:54.563119475Z","C","2026-01-20T21:38:53.460477557Z","01KFEKHZCYGXG9E88XG20MH24Y","2026-01-20T21:38:51.0801487Z","01KFEMZ3DY0H8VM8TWW94CE5C0","2026-01-20T21:38:51.0801487Z","01KFEN36V0D0YBQVYQEZGESKJV","2026-01-20T21:38:51.0801487Z"
"01KFEKF846Q97TKC7JSJSFVQ64","01KFEJ5CPJ5RGARFNN6Z0PCT4Q","2026-01-20T21:02:48.966316065Z",19,"2026-01-20T21:02:52.674014362Z","C","2026-01-20T21:02:50.152031576Z","01KFEJ5CQQ00MKPGMA298B0BDM","2026-01-20T21:02:48.966316065Z","01KFEK2D2ABTHF5VPGA11FKCNZ","2026-01-20T21:02:48.966316065Z","01KFEK9MQTK5QPRNM1R07S9M2K","2026-01-20T21:02:48.966316065Z"
"01KFEMF4F8YKK0R2NRR9Q71WV3","01KFEKHPC1MSE3FJ7DBY2FGY2F","2026-01-20T21:20:13.800342395Z",29,"2026-01-20T21:20:30.558581403Z","C","2026-01-20T21:20:16.737165199Z","01KFEKHX1P9ZX6RDK1X5H16NSJ","2026-01-20T21:20:13.800342395Z","01KFEM2T8WXSZ319Y9Z8V488ZY","2026-01-20T21:20:13.800342395Z","01KFEM6CSXGJRNCQ42TAVBY6RR","2026-01-20T21:20:13.800342395Z"
"01KFEMKCH3RSD9C5N0B0EFYRSW","01KFEKP90DN3N51AVE1856PVFP","2026-01-20T21:22:33.123773359Z",17,"2026-01-20T21:23:01.318774073Z","D","2026-01-20T21:22:44.998537158Z","01KFEKPARRGKN060WSHP4MXPVN","2026-01-20T21:22:33.123773359Z","01KFEMCK5PSCC7SW5H7XYEWC3R","2026-01-20T21:22:33.123773359Z","01KFEMJWBACMQ71ZRWXW9AV96Z","2026-01-20T21:22:33.123773359Z"
"01KFENEA48MRCNPS8Q5XGJQH4F","01KFEKHQ6RN01KDJ4QSDZAWPPS","2026-01-20T21:37:15.400300816Z",17,"2026-01-20T21:37:42.713988186Z","D","2026-01-20T21:37:24.561665266Z","01KFEKHZCYGXG9E88XG20MH24Y","2026-01-20T21:37:15.400300816Z","01KFEMYPQE297SQBBGD1MS3FP8","2026-01-20T21:37:15.400300816Z","01KFEN36DVT8RSSFNNC9D75DGK","2026-01-20T21:37:15.400300816Z"
"01KFEKDEGRJ2HTBDW57XAQ9MZX","01KFEJ5CPJ5RGARFNN6Z0PCT4Q","2026-01-20T21:01:49.976675797Z",0,"2026-01-20T21:01:52.8653831Z","B","2026-01-20T21:01:51.942460671Z","01KFEJ5CQQ00MKPGMA298B0BDM","2026-01-20T21:01:49.976675797Z","01KFEK2D2ABTHF5VPGA11FKCNZ","2026-01-20T21:01:49.976675797Z","01KFEK9MKEAYJBES97PFP6FXNT","2026-01-20T21:01:49.976675797Z"
"01KFEMJ5KYMHHEZ1V4HEYXMCS4","01KFEKHPC1MSE3FJ7DBY2FGY2F","2026-01-20T21:21:53.278209511Z",10,"2026-01-20T21:21:59.267783078Z","B","2026-01-20T21:21:57.20184032Z","01KFEKHX0GFP3226G2XP5V5QA7","2026-01-20T21:21:53.278209511Z","01KFEM8T7TQADGVJ0QMJDZXZTY","2026-01-20T21:21:53.278209511Z","01KFEMD0XV2JJJKE2YP8CVMVHQ","2026-01-20T21:21:53.278209511Z"
"01KFENG1A42TT1TZM8TDB25SJW","01KFEKHQDC2K693XFM5ANS8DHE","2026-01-20T21:38:11.908733679Z",0,"2026-01-20T21:38:19.656747215Z","C","2026-01-20T21:38:19.426953637Z","01KFEKHZJWCME2TD44SWFYQ3JK","2026-01-20T21:38:11.908733679Z","01KFEN3VF2KFDMCBF7BMJ0W416","2026-01-20T21:38:11.908733679Z","01KFENBMG77XWJAD3HF29ZW7BZ","2026-01-20T21:38:11.908733679Z"
"01KFEMQ8HA4NFQ72KACKPN1V8E","01KFEKP9631FDC5MHAJ7BGRGH7","2026-01-20T21:24:40.106241641Z",0,"2026-01-20T21:25:13.668882877Z","C","2026-01-20T21:25:12.544957995Z","01KFEKPB2MD43HRXJ5S36AZP95","2026-01-20T21:24:40.106241641Z","01KFEMA144DFQ2N92D33VDGEBF","2026-01-20T21:24:40.106241641Z","01KFEMMY0MBNDAE5A7X4KJJNTW","2026-01-20T21:24:40.106241641Z"
"01KFEKVGFQC69CX37JXDWMQ34W","01KFEJ5E832Q64ZNG3ZKPXGHJ5","2026-01-20T21:09:30.743574429Z",29,"2026-01-20T21:09:32.784857647Z","C","2026-01-20T21:09:32.466101686Z","01KFEJ5E9BF1S7ZWGC98397B4G","2026-01-20T21:09:30.743574429Z","01KFEKF18JVGP7RPPBWJM1C6F5","2026-01-20T21:09:30.743574429Z","01KFEKMDX8E2ZWTJ54DJ83ASWY","2026-01-20T21:09:30.743574429Z"
"01KFEMRMQFMZKNHFW8HN832V3T","01KFEKP9631FDC5MHAJ7BGRGH7","2026-01-20T21:25:25.359970468Z",19,"2026-01-20T21:25:53.114296712Z","C","2026-01-20T21:25:33.134679987Z","01KFEKPB2MD43HRXJ5S36AZP95","2026-01-20T21:25:25.359970468Z","01KFEMBNJZT4WFKT0SV2QH9MSW","2026-01-20T21:25:25.359970468Z","01KFEMMXYK9E2Z5XGAJNY7E0S8","2026-01-20T21:25:25.359970468Z"
"01KFEKTB8AHJHEEERAKJZS373B","01KFEKHPGYTA3NV92JW708KDS3","2026-01-20T21:08:52.618615086Z",19,"2026-01-20T21:08:58.573727571Z","C","2026-01-20T21:08:57.857222426Z","01KFEKHXG0QSJ727TF9BK0CVWT","2026-01-20T21:08:52.618615086Z","01KFEKHMBXJQ8V8MN80AG07QXK","2026-01-20T21:08:52.618615086Z","01KFEKRY0T4BJJ22XXV0A9JK8B","2026-01-20T21:08:52.618615086Z"
"01KFEMNKFDYFK6P74SBTG18R16","01KFEKHQ6RN01KDJ4QSDZAWPPS","2026-01-20T21:23:45.773311489Z",29,"2026-01-20T21:23:53.449394312Z","C","2026-01-20T21:23:51.99726791Z","01KFEKHZ9SCZ02EGGWRNFEECG2","2026-01-20T21:23:45.773311489Z","01KFEMCM72QM7G0K1PDTC1FVF6","2026-01-20T21:23:45.773311489Z","01KFEMF5V25K9C80NVFJW4MCEM","2026-01-20T21:23:45.773311489Z"
"01KFEKW77SF3V6ZZECEBTWV064","01KFEKHP5PHVKCA3W59M54X4HD","2026-01-20T21:09:54.041084069Z",0,"2026-01-20T21:10:04.223140385Z","C","2026-01-20T21:09:57.053765924Z","01KFEKHW2KQMM6E7GG18D0G9TT","2026-01-20T21:09:54.041084069Z","01KFEKE5VNBEE8HCYQK3HWDR4D","2026-01-20T21:09:54.041084069Z","01KFEKPR7KKTWDVHAN9DPDJ46G","2026-01-20T21:09:54.041084069Z"
"01KFEKVY9T46MQBSJHZT9EDA2G","01KFEKHPC1MSE3FJ7DBY2FGY2F","2026-01-20T21:09:44.890843595Z",10,"2026-01-20T21:09:53.798321947Z","A","2026-01-20T21:09:51.834403221Z","01KFEKHWZEPZZY95F2XW7M1MFP","2026-01-20T21:09:44.890843595Z","01KFEKGX33HMGGWTV5S5DEFD1Y","2026-01-20T21:09:44.890843595Z","01KFEKQ4TNDXXZDHFYBDS2KNK5","2026-01-20T21:09:44.890843595Z"
"01KFEM0JYZVZ8J5V1GAKS4FS7X","01KFEKHPC1MSE3FJ7DBY2FGY2F","2026-01-20T21:12:17.119627109Z",19,"2026-01-20T21:12:24.315747689Z","C","2026-01-20T21:12:19.052831885Z","01KFEKHX2RB171QB64SDRQQFHC","2026-01-20T21:12:17.119627109Z","01KFEKJ39TDPNH3F2VQ6ZS2WQR","2026-01-20T21:12:17.119627109Z","01KFEKRH5W2VR9KGD1WF59AXGN","2026-01-20T21:12:17.119627109Z"
"01KFEKVK23GRP7EVZNN0Y1SAW0","01KFEJ5D47V2DPV4P7KW69CWA7","2026-01-20T21:09:33.379658254Z",17,"2026-01-20T21:09:39.632896864Z","D","2026-01-20T21:09:39.046930407Z","01KFEJ5D5EZSQZ1FHTABW8Z6HQ","2026-01-20T21:09:33.379658254Z","01KFEK43BY9D5G2GXTKTDV7QBX","2026-01-20T21:09:33.379658254Z","01KFEKHB5358KMKS4AM0JTAXF2","2026-01-20T21:09:33.379658254Z"
"01KFEM245FSG2ET57F81RJN01W","01KFEKHP5PHVKCA3W59M54X4HD","2026-01-20T21:13:07.503145985Z",17,"2026-01-20T21:13:16.446640448Z","D","2026-01-20T21:13:12.084994533Z","01KFEKHW2KQMM6E7GG18D0G9TT","2026-01-20T21:13:07.503145985Z","01KFEKE5VNBEE8HCYQK3HWDR4D","2026-01-20T21:13:07.503145985Z","01KFEKPRF077AFCH3TH2736QGH","2026-01-20T21:13:07.503145985Z"
"01KFEN5VM5ZKPKTMXK1RY86KJ6","01KFEKHQ6RN01KDJ4QSDZAWPPS","2026-01-20T21:32:38.405304092Z",17,"2026-01-20T21:32:46.068770696Z","D","2026-01-20T21:32:45.877999179Z","01KFEKHZBEEPDRHKRQPWCS3SGH","2026-01-20T21:32:38.405304092Z","01KFEMF0SBSYWZ1HCWC99ZE7MJ","2026-01-20T21:32:38.405304092Z","01KFEMVWTJP2ZK6JG39F7QWNWJ","2026-01-20T21:32:38.405304092Z"
"01KFEKRDQ0M3NRBWFV2CGS4XGZ","01KFEJ5D47V2DPV4P7KW69CWA7","2026-01-20T21:07:49.60084096Z",20,"2026-01-20T21:08:09.392402181Z","B","2026-01-20T21:07:51.948299891Z","01KFEJ5D5EZSQZ1FHTABW8Z6HQ","2026-01-20T21:07:49.60084096Z","01KFEKEX3VSEJ79DPFZ13BZNQ0","2026-01-20T21:07:49.60084096Z","01KFEKHAY21ADKK85PPQANX8FT","2026-01-20T21:07:49.60084096Z"
"01KFEKWYGFXYWT0A196ACDY408","01KFEJ5D47V2DPV4P7KW69CWA7","2026-01-20T21:10:17.871329371Z",29,"2026-01-20T21:10:41.900887577Z","C","2026-01-20T21:10:19.544478751Z","01KFEJ5D6TNJMBKPJMAENEXHMP","2026-01-20T21:10:17.871329371Z","01KFEKDMRV7F4Y978MGBAGHY9Y","2026-01-20T21:10:17.871329371Z","01KFEKJ3V7EYH4FGEH2WENQT3T","2026-01-20T21:10:17.871329371Z"
"01KFEKYPJE6SR4SJJJ05DQDVYD","01KFEKHPC1MSE3FJ7DBY2FGY2F","2026-01-20T21:11:15.278622534Z",10,"2026-01-20T21:11:18.886821794Z","A","2026-01-20T21:11:18.443467593Z","01KFEKHX2RB171QB64SDRQQFHC","2026-01-20T21:11:15.278622534Z","01KFEKMQJYX5BJJG3C1JG69E20","2026-01-20T21:11:15.278622534Z","01KFEKRH1BCGQG6GQXYZ4B2D2V","2026-01-20T21:11:15.278622534Z"
"01KFEM9T6B81G7JATVKK1FVP9X","01KFEKHPC1MSE3FJ7DBY2FGY2F","2026-01-20T21:17:19.435932399Z",17,"2026-01-20T21:17:24.43103548Z","D","2026-01-20T21:17:24.274479642Z","01KFEKHX1P9ZX6RDK1X5H16NSJ","2026-01-20T21:17:19.435932399Z","01KFEKYDBHRB0V4J8GGC1RRNB4","2026-01-20T21:17:19.435932399Z","01KFEM6CBKK7C6RMRRN298KPBA","2026-01-20T21:17:19.435932399Z"
"01KFENCERQA78AYBXAXSWZ20RW","01KFEKHPXA861Q1DG96X1DM2E6","2026-01-20T21:36:14.615984243Z",17,"2026-01-20T21:36:17.59002178Z","D","2026-01-20T21:36:17.104611724Z","01KFEKHYHJB14HYQ6WNW69M0EN","2026-01-20T21:36:14.615984243Z","01KFEMYTYF2ENKG7SYCSVCBX9H","2026-01-20T21:36:14.615984243Z","01KFEN7194G75XW5CD2JQJHXQH","2026-01-20T21:36:14.615984243Z"
"01KFEMJFHGX33SJC93JR2FX7K4","01KFEKHPC1MSE3FJ7DBY2FGY2F","2026-01-20T21:22:03.440828677Z",19,"2026-01-20T21:22:06.21778246Z","C","2026-01-20T21:22:06.031317318Z","01KFEKHX0GFP3226G2XP5V5QA7","2026-01-20T21:22:03.440828677Z","01KFEM7WBDAJE6T5GGXJ4D59J9","2026-01-20T21:22:03.440828677Z","01KFEMD0ZSB0Z5C7E26MAN7FAQ","2026-01-20T21:22:03.440828677Z"
"01KFEKK4G81XYB91BV2P79TEQN","01KFEJ5DKDD8ED3R70AXWWV7TA","2026-01-20T21:04:56.328280235Z",17,"2026-01-20T21:05:04.316750765Z","D","2026-01-20T21:04:58.36302569Z","01KFEJ5DPRA3SJMDJ397B8T8C1","2026-01-20T21:04:56.328280235Z","01KFEJTTYE1JJF4JNZFR32N2T9","2026-01-20T21:04:56.328280235Z","01KFEK961FQMASD67ZNEYJ3770","2026-01-20T21:04:56.328280235Z"
"01KFEKKDNKQM7SV080Q12BH2KV","01KFEJ5D47V2DPV4P7KW69CWA7","2026-01-20T21:05:05.715547702Z",19,"2026-01-20T21:05:16.975371717Z","C","2026-01-20T21:05:07.770440571Z","01KFEJ5D6TNJMBKPJMAENEXHMP","2026-01-20T21:05:05.715547702Z","01KFEKDMRV7F4Y978MGBAGHY9Y","2026-01-20T21:05:05.715547702Z","01KFEKJ3XW8KS1H2B3SZZ9EAWA","2026-01-20T21:05:05.715547702Z"
"01KFEMRQD1X8J4GSQTH2SKYCY9","01KFEKP90DN3N51AVE1856PVFP","2026-01-20T21:25:28.097446751Z",0,"2026-01-20T21:25:54.873145658Z","A","2026-01-20T21:25:32.912783342Z","01KFEKPARRGKN060WSHP4MXPVN","2026-01-20T21:25:28.097446751Z","01KFEMCK5PSCC7SW5H7XYEWC3R","2026-01-20T21:25:28.097446751Z","01KFEMJWHFKFGJH8X6FFM04CCJ","2026-01-20T21:25:28.097446751Z"
"01KFEKGSSKDDFHP76XGHT74P6E","01KFEJ5CPJ5RGARFNN6Z0PCT4Q","2026-01-20T21:03:39.827478378Z",19,"2026-01-20T21:03:42.382399733Z","C","2026-01-20T21:03:42.230636998Z","01KFEJ5CQQ00MKPGMA298B0BDM","2026-01-20T21:03:39.827478378Z","01KFEK73K44W3P90S9METDZ39A","2026-01-20T21:03:39.827478378Z","01KFEK9MWGJTS943MWZXG0AB8P","2026-01-20T21:03:39.827478378Z"
"01KFEMNR52HKMWQ58WXD4J2QQR","01KFEKHPC1MSE3FJ7DBY2FGY2F","2026-01-20T21:23:50.562350883Z",19,"2026-01-20T21:23:55.165158628Z","C","2026-01-20T21:23:53.591899807Z","01KFEKHX0GFP3226G2XP5V5QA7","2026-01-20T21:23:50.562350883Z","01KFEM7WBDAJE6T5GGXJ4D59J9","2026-01-20T21:23:50.562350883Z","01KFEMD1B8NJ213CDC6PNCN8C3","2026-01-20T21:23:50.562350883Z"
"01KFENK0YVEYJA86ZJHG26Q2VB","01KFEKHQDC2K693XFM5ANS8DHE","2026-01-20T21:39:49.851401028Z",19,"2026-01-20T21:40:11.248517768Z","C","2026-01-20T21:40:11.040752693Z","01KFEKHZJWCME2TD44SWFYQ3JK","2026-01-20T21:39:49.851401028Z","01KFEN5FXNPY52Q25YH9X08VBV","2026-01-20T21:39:49.851401028Z","01KFENBMS513TMQSS83MYB75XG","2026-01-20T21:39:49.851401028Z"
"01KFEMZWBVA0MWRKERW9RRRQGQ","01KFEKHQ6RN01KDJ4QSDZAWPPS","2026-01-20T21:29:22.55521899Z",20,"2026-01-20T21:30:02.209422559Z","B","2026-01-20T21:29:27.735689432Z","01KFEKHZBEEPDRHKRQPWCS3SGH","2026-01-20T21:29:22.55521899Z","01KFEMM17G5WSXC6D0MGM804RP","2026-01-20T21:29:22.55521899Z","01KFEMVWFDZ782RJPXX65B4F6F","2026-01-20T21:29:22.55521899Z"
"01KFEMRVQGNRKECGSJZNGCPPVQ","01KFEKHQ6RN01KDJ4QSDZAWPPS","2026-01-20T21:25:32.528994802Z",17,"2026-01-20T21:25:55.051995211Z","D","2026-01-20T21:25:40.497887489Z","01KFEKHZ9SCZ02EGGWRNFEECG2","2026-01-20T21:25:32.528994802Z","01KFEM9E7RMZA5K11AYHB2TQZJ","2026-01-20T21:25:32.528994802Z","01KFEMF65QGPQ6WDQV4300A18H","2026-01-20T21:25:32.528994802Z"
"01KFEM8V49SBZN1TC6QRYWRNAM","01KFEKHPC1MSE3FJ7DBY2FGY2F","2026-01-20T21:16:47.625391332Z",0,"2026-01-20T21:16:53.880832456Z","C","2026-01-20T21:16:51.04952496Z","01KFEKHX1P9ZX6RDK1X5H16NSJ","2026-01-20T21:16:47.625391332Z","01KFEM2T8WXSZ319Y9Z8V488ZY","2026-01-20T21:16:47.625391332Z","01KFEM6CEYJKT4VNR0ZSZQ3ZZP","2026-01-20T21:16:47.625391332Z"
"01KFEKF1NGBP7MF6Q7Q63QACR1","01KFEJ5CPJ5RGARFNN6Z0PCT4Q","2026-01-20T21:02:42.352335154Z",19,"2026-01-20T21:02:45.028698651Z","C","2026-01-20T21:02:44.386146605Z","01KFEJ5CQQ00MKPGMA298B0BDM","2026-01-20T21:02:42.352335154Z","01KFEK2D2ABTHF5VPGA11FKCNZ","2026-01-20T21:02:42.352335154Z","01KFEK9MPMPVFFQ9X09ZR8WKFR","2026-01-20T21:02:42.352335154Z"
"01KFEKV1TBYRHNGW5CT477HPHN","01KFEJ5D47V2DPV4P7KW69CWA7","2026-01-20T21:09:15.723105443Z",29,"2026-01-20T21:09:42.620760417Z","C","2026-01-20T21:09:41.934790417Z","01KFEJ5D6TNJMBKPJMAENEXHMP","2026-01-20T21:09:15.723105443Z","01KFEKDMRV7F4Y978MGBAGHY9Y","2026-01-20T21:09:15.723105443Z","01KFEKJ3RQWMQRER4PNMP8Q0M0","2026-01-20T21:09:15.723105443Z"
"01KFENP43XRAMVTT67BP2PMZEP","01KFEKHQDC2K693XFM5ANS8DHE","2026-01-20T21:41:31.389454548Z",20,"2026-01-20T21:41:43.899169066Z","A","2026-01-20T21:41:43.480586507Z","01KFEKHZJWCME2TD44SWFYQ3JK","2026-01-20T21:41:31.389454548Z","01KFEN5FXNPY52Q25YH9X08VBV","2026-01-20T21:41:31.389454548Z","01KFENBN328XP8XPTKSRH62S4T","2026-01-20T21:41:31.389454548Z"
"01KFEKVZXKVRVDXVQJ9S76X62Q","01KFEJ5D47V2DPV4P7KW69CWA7","2026-01-20T21:09:46.547662482Z",19,"2026-01-20T21:09:54.596668142Z","C","2026-01-20T21:09:49.049132902Z","01KFEJ5D5EZSQZ1FHTABW8Z6HQ","2026-01-20T21:09:46.547662482Z","01KFEKEX3VSEJ79DPFZ13BZNQ0","2026-01-20T21:09:46.547662482Z","01KFEKHB3KBX6C2C7NT1STM3FY","2026-01-20T21:09:46.547662482Z"
"01KFEKV36DHXB562N1TJSTTRG8","01KFEJ5E832Q64ZNG3ZKPXGHJ5","2026-01-20T21:09:17.133739222Z",17,"2026-01-20T21:09:20.744639378Z","D","2026-01-20T21:09:20.558844669Z","01KFEJ5E9BF1S7ZWGC98397B4G","2026-01-20T21:09:17.133739222Z","01KFEKGNPQS5RBR06H121JR9K1","2026-01-20T21:09:17.133739222Z","01KFEKMDTT0GYRGKH8QVDSCR2N","2026-01-20T21:09:17.133739222Z"
"01KFEM03EWBM6RJTMYH5Y6PKS8","01KFEJ5DKDD8ED3R70AXWWV7TA","2026-01-20T21:12:01.244154929Z",10,"2026-01-20T21:12:06.342709585Z","B","2026-01-20T21:12:06.204922481Z","01KFEJ5DNSX5Y5MH73PBQYYZM3","2026-01-20T21:12:01.244154929Z","01KFEKH56QYDWDZ627S51E8JZX","2026-01-20T21:12:01.244154929Z","01KFEKMR4HMJ8S3TJHZCWCBS1A","2026-01-20T21:12:01.244154929Z"
"01KFEMRC2QKSPVM1X2MV2Z8F9W","01KFEKHPGYTA3NV92JW708KDS3","2026-01-20T21:25:16.503919136Z",17,"2026-01-20T21:25:27.125041143Z","D","2026-01-20T21:25:20.558123937Z","01KFEKHXK7R8H3J1J8XZRRFJYB","2026-01-20T21:25:16.503919136Z","01KFEM8JMB54JZHMPXSTXQAQHP","2026-01-20T21:25:16.503919136Z","01KFEMDG95TMBZKSJ62RZKWXW8","2026-01-20T21:25:16.503919136Z"
"01KFEKWEJEF90P33ESXY6R4FNX","01KFEKHPGYTA3NV92JW708KDS3","2026-01-20T21:10:01.550549334Z",20,"2026-01-20T21:10:07.217241474Z","B","2026-01-20T21:10:06.305541649Z","01KFEKHXG0QSJ727TF9BK0CVWT","2026-01-20T21:10:01.550549334Z","01KFEKHMBXJQ8V8MN80AG07QXK","2026-01-20T21:10:01.550549334Z","01KFEKRY591H26XD6DXJATKF03","2026-01-20T21:10:01.550549334Z"
"01KFEMQZGZ99XV97BRC6VRRJNE","01KFEKHPGYTA3NV92JW708KDS3","2026-01-20T21:25:03.647079257Z",17,"2026-01-20T21:25:08.773075738Z","D","2026-01-20T21:25:07.39827377Z","01KFEKHXK7R8H3J1J8XZRRFJYB","2026-01-20T21:25:03.647079257Z","01KFEM8JMB54JZHMPXSTXQAQHP","2026-01-20T21:25:03.647079257Z","01KFEMDG7D0YB1NFMD6CV59ZZW","2026-01-20T21:25:03.647079257Z"
"01KFENG0314JE7CY4JWR01CCXT","01KFEKHQ6RN01KDJ4QSDZAWPPS","2026-01-20T21:38:10.657265642Z",17,"2026-01-20T21:38:13.801599317Z","D","2026-01-20T21:38:13.416962443Z","01KFEKHZCYGXG9E88XG20MH24Y","2026-01-20T21:38:10.657265642Z","01KFEMYPQE297SQBBGD1MS3FP8","2026-01-20T21:38:10.657265642Z","01KFEN36JZ6ZDRD0P3HEAWQYP8","2026-01-20T21:38:10.657265642Z"
"01KFEKFF5CGECXGTEC3X1EJTCV","01KFEJ5CPJ5RGARFNN6Z0PCT4Q","2026-01-20T21:02:56.1729038Z",19,"2026-01-20T21:02:59.322837942Z","C","2026-01-20T21:02:57.509022838Z","01KFEJ5CQQ00MKPGMA298B0BDM","2026-01-20T21:02:56.1729038Z","01KFEK2D2ABTHF5VPGA11FKCNZ","2026-01-20T21:02:56.1729038Z","01KFEK9MRY4528TVVMWY6HBY8K","2026-01-20T21:02:56.1729038Z"
"01KFEKZ8HJ1S8090CSX7X3HP69","01KFEKHP5PHVKCA3W59M54X4HD","2026-01-20T21:11:33.682536639Z",0,"2026-01-20T21:11:39.985823487Z","D","2026-01-20T21:11:36.383875032Z","01KFEKHW2KQMM6E7GG18D0G9TT","2026-01-20T21:11:33.682536639Z","01KFEKEYRXZWJHM17WAW49T1GG","2026-01-20T21:11:33.682536639Z","01KFEKPRBAJ7DQ63G1JQ1SEB93","2026-01-20T21:11:33.682536639Z"
"01KFEKHYPJH65MTXBZVRN8W532","01KFEJ5DKDD8ED3R70AXWWV7TA","2026-01-20T21:04:17.618092246Z",0,"2026-01-20T21:04:37.72326316Z","C","2026-01-20T21:04:37.642895399Z","01KFEJ5DPRA3SJMDJ397B8T8C1","2026-01-20T21:04:17.618092246Z","01KFEK01H1YPA1JPJ9R7TY1GMF","2026-01-20T21:04:17.618092246Z","01KFEK95ZX533216V1SFRCR75Z","2026-01-20T21:04:17.618092246Z"
"01KFEKP4GEHRC6G5AP02H5KH5H","01KFEJ5D47V2DPV4P7KW69CWA7","2026-01-20T21:06:34.638273292Z",17,"2026-01-20T21:06:48.181395021Z","D","2026-01-20T21:06:44.553934448Z","01KFEJ5D5EZSQZ1FHTABW8Z6HQ","2026-01-20T21:06:34.638273292Z","01KFEK43BY9D5G2GXTKTDV7QBX","2026-01-20T21:06:34.638273292Z","01KFEKHAVPYR5G1TRT3WP6S4GG","2026-01-20T21:06:34.638273292Z"
"01KFEKXXZNWFTHRP3T65J7918Q","01KFEJ5D47V2DPV4P7KW69CWA7","2026-01-20T21:10:50.101712856Z",19,"2026-01-20T21:10:54.447582732Z","C","2026-01-20T21:10:51.875169338Z","01KFEJ5D6TNJMBKPJMAENEXHMP","2026-01-20T21:10:50.101712856Z","01KFEKDMRV7F4Y978MGBAGHY9Y","2026-01-20T21:10:50.101712856Z","01KFEKJ3WB5C0B5C1MYDR724QS","2026-01-20T21:10:50.101712856Z"
"01KFEKJGMVED249ZJ66SB3WGV9","01KFEJ5D47V2DPV4P7KW69CWA7","2026-01-20T21:04:35.995723253Z",0,"2026-01-20T21:04:45.948387505Z","C","2026-01-20T21:04:41.797768142Z","01KFEJ5D6TNJMBKPJMAENEXHMP","2026-01-20T21:04:35.995723253Z","01KFEKDMRV7F4Y978MGBAGHY9Y","2026-01-20T21:04:35.995723253Z","01KFEKJ3Z5B9AQWMV63WV894PS","2026-01-20T21:04:35.995723253Z"
"01KFEKSAHDDFGA21FV1QZNXWYS","01KFEKHPGYTA3NV92JW708KDS3","2026-01-20T21:08:19.117649951Z",20,"2026-01-20T21:08:28.976526749Z","B","2026-01-20T21:08:28.686555976Z","01KFEKHXG0QSJ727TF9BK0CVWT","2026-01-20T21:08:19.117649951Z","01KFEKHMBXJQ8V8MN80AG07QXK","2026-01-20T21:08:19.117649951Z","01KFEKRXTRFXE9S72SGK4Z80GY","2026-01-20T21:08:19.117649951Z"
"01KFENCQEEY6M2J8AJJA39N9M8","01KFEKHQDC2K693XFM5ANS8DHE","2026-01-20T21:36:23.502941688Z",0,"2026-01-20T21:36:27.119514822Z","C","2026-01-20T21:36:26.890267242Z","01KFEKHZKRT77TCYW9QR636P3H","2026-01-20T21:36:23.502941688Z","01KFEMZTH1KPE39TS4QCXRY5YJ","2026-01-20T21:36:23.502941688Z","01KFEN4AKK1R7GTYNS7ZFGWBHK","2026-01-20T21:36:23.502941688Z"
"01KFENG00S30G4PC8RC0YVKX48","01KFEKHQ6RN01KDJ4QSDZAWPPS","2026-01-20T21:38:10.585730398Z",29,"2026-01-20T21:38:13.801599317Z","C","2026-01-20T21:38:13.35520784Z","01KFEKHZCYGXG9E88XG20MH24Y","2026-01-20T21:38:10.585730398Z","01KFEMZ3DY0H8VM8TWW94CE5C0","2026-01-20T21:38:10.585730398Z","01KFEN36JZ6ZDRD0P3HEAWQYP8","2026-01-20T21:38:10.585730398Z"
"01KFEN9J3EP4B8FM16H9E72JMW","01KFEKHPXA861Q1DG96X1DM2E6","2026-01-20T21:34:39.72626697Z",17,"2026-01-20T21:34:45.454097318Z","D","2026-01-20T21:34:45.20222286Z","01KFEKHYHJB14HYQ6WNW69M0EN","2026-01-20T21:34:39.72626697Z","01KFEMYTYF2ENKG7SYCSVCBX9H","2026-01-20T21:34:39.72626697Z","01KFEN70YGQJF8Q3M8E5AJYP86","2026-01-20T21:34:39.72626697Z"
"01KFEKSCD50A3FQC43V8THSXCZ","01KFEKHPC1MSE3FJ7DBY2FGY2F","2026-01-20T21:08:21.029981105Z",10,"2026-01-20T21:08:36.724434355Z","A","2026-01-20T21:08:36.427288914Z","01KFEKHWZEPZZY95F2XW7M1MFP","2026-01-20T21:08:21.029981105Z","01KFEKGX33HMGGWTV5S5DEFD1Y","2026-01-20T21:08:21.029981105Z","01KFEKQ4QR18H0PWTYRMCEGDA5","2026-01-20T21:08:21.029981105Z"
"01KFEMJ652CF3X1M4XEWGT065S","01KFEKHQ6RN01KDJ4QSDZAWPPS","2026-01-20T21:21:53.826299043Z",29,"2026-01-20T21:22:02.231571211Z","C","2026-01-20T21:21:58.509704267Z","01KFEKHZ9SCZ02EGGWRNFEECG2","2026-01-20T21:21:53.826299043Z","01KFEMCM72QM7G0K1PDTC1FVF6","2026-01-20T21:21:53.826299043Z","01KFEMF5KG4V5AAKTAKBBNKCFY","2026-01-20T21:21:53.826299043Z"
"01KFEMMNWYZC5TPSM78SFEEQDC","01KFEKHPC1MSE3FJ7DBY2FGY2F","2026-01-20T21:23:15.486687612Z",10,"2026-01-20T21:23:18.873195074Z","A","2026-01-20T21:23:17.270580375Z","01KFEKHX0GFP3226G2XP5V5QA7","2026-01-20T21:23:15.486687612Z","01KFEM8T7TQADGVJ0QMJDZXZTY","2026-01-20T21:23:15.486687612Z","01KFEMD177980RQDTYDQ699N7P","2026-01-20T21:23:15.486687612Z"
"01KFEM8V35PB11ZFK8P1J46SNS","01KFEKHPC1MSE3FJ7DBY2FGY2F","2026-01-20T21:16:47.589394795Z",0,"2026-01-20T21:16:53.880832456Z","C","2026-01-20T21:16:53.599178036Z","01KFEKHX1P9ZX6RDK1X5H16NSJ","2026-01-20T21:16:47.589394795Z","01KFEKYDBHRB0V4J8GGC1RRNB4","2026-01-20T21:16:47.589394795Z","01KFEM6CEYJKT4VNR0ZSZQ3ZZP","2026-01-20T21:16:47.589394795Z"
"01KFENGTG4GFEPB9C1GYGAGR4K","01KFEKHQDC2K693XFM5ANS8DHE","2026-01-20T21:38:37.700953334Z",20,"2026-01-20T21:38:44.743751273Z","A","2026-01-20T21:38:42.08938377Z","01KFEKHZJWCME2TD44SWFYQ3JK","2026-01-20T21:38:37.700953334Z","01KFEN5FXNPY52Q25YH9X08VBV","2026-01-20T21:38:37.700953334Z","01KFENBMJ96GK5F09CK3DXPCEB","2026-01-20T21:38:37.700953334Z"
"01KFENNEYKWDMJW81FCNKCW9FB","01KFEKHQDC2K693XFM5ANS8DHE","2026-01-20T21:41:09.715351631Z",19,"2026-01-20T21:41:19.726168356Z","C","2026-01-20T21:41:19.55530405Z","01KFEKHZJWCME2TD44SWFYQ3JK","2026-01-20T21:41:09.715351631Z","01KFEN3VF2KFDMCBF7BMJ0W416","2026-01-20T21:41:09.715351631Z","01KFENBN0J2P96ZRD0M86KFKJ0","2026-01-20T21:41:09.715351631Z"
"01KFEKB512ST8VDQ9H9T7VF42H","01KFEJ5DKDD8ED3R70AXWWV7TA","2026-01-20T21:00:34.72215977Z",0,"2026-01-20T21:00:38.550918455Z","C","2026-01-20T21:00:37.977190114Z","01KFEJ5DPRA3SJMDJ397B8T8C1","2026-01-20T21:00:34.72215977Z","01KFEK01H1YPA1JPJ9R7TY1GMF","2026-01-20T21:00:34.72215977Z","01KFEK95T37FTGJDM6CJBBGTE6","2026-01-20T21:00:34.72215977Z"
"01KFEKV2PCVBR1WQWJHNM6SPRJ","01KFEKHPGYTA3NV92JW708KDS3","2026-01-20T21:09:16.620863567Z",10,"2026-01-20T21:09:27.799629597Z","B","2026-01-20T21:09:22.66240149Z","01KFEKHXG0QSJ727TF9BK0CVWT","2026-01-20T21:09:16.620863567Z","01KFEKHMBXJQ8V8MN80AG07QXK","2026-01-20T21:09:16.620863567Z","01KFEKRXZF7JX0GT45VA92CGJW","2026-01-20T21:09:16.620863567Z"
"01KFENDG0C52NPBAZG6S3E6FSH","01KFEKHPXA861Q1DG96X1DM2E6","2026-01-20T21:36:48.652453271Z",29,"2026-01-20T21:36:55.059576153Z","C","2026-01-20T21:36:51.296924301Z","01KFEKHYHJB14HYQ6WNW69M0EN","2026-01-20T21:36:48.652453271Z","01KFEMYH9MRESN2DNVY0DYZ05B","2026-01-20T21:36:48.652453271Z","01KFEN71EV3H76NA0E8H6DZWMV","2026-01-20T21:36:48.652453271Z"
"01KFEND48Y876VEEH87FZGDG6A","01KFEKHQ6RN01KDJ4QSDZAWPPS","2026-01-20T21:36:36.638745425Z",17,"2026-01-20T21:36:40.350742909Z","D","2026-01-20T21:36:39.633065412Z","01KFEKHZCYGXG9E88XG20MH24Y","2026-01-20T21:36:36.638745425Z","01KFEMYPQE297SQBBGD1MS3FP8","2026-01-20T21:36:36.638745425Z","01KFEN36BM586JCYKJPCJN9TJM","2026-01-20T21:36:36.638745425Z"
"01KFEN0AKVV3J6QMRDTD6CBXDK","01KFEKP9631FDC5MHAJ7BGRGH7","2026-01-20T21:29:37.147480935Z",29,"2026-01-20T21:29:42.362277944Z","C","2026-01-20T21:29:40.464835895Z","01KFEKPB2MD43HRXJ5S36AZP95","2026-01-20T21:29:37.147480935Z","01KFEMBNJZT4WFKT0SV2QH9MSW","2026-01-20T21:29:37.147480935Z","01KFEMMYHK29Z5TC0N3PB75F8X","2026-01-20T21:29:37.147480935Z"
"01KFEN5VNYX3DYWZY3AVWPN4GN","01KFEKHQ6RN01KDJ4QSDZAWPPS","2026-01-20T21:32:38.462573577Z",29,"2026-01-20T21:32:46.068770696Z","C","2026-01-20T21:32:44.668253821Z","01KFEKHZBEEPDRHKRQPWCS3SGH","2026-01-20T21:32:38.462573577Z","01KFEMM17G5WSXC6D0MGM804RP","2026-01-20T21:32:38.462573577Z","01KFEMVWTJP2ZK6JG39F7QWNWJ","2026-01-20T21:32:38.462573577Z"
"01KFEMMPW0HREA113PW2N3J53H","01KFEKHQDC2K693XFM5ANS8DHE","2026-01-20T21:23:16.48074577Z",0,"2026-01-20T21:23:19.846840548Z","C","2026-01-20T21:23:19.284310182Z","01KFEKHZN529E42QD9METE3SFK","2026-01-20T21:23:16.48074577Z","01KFEMAXQT7QKHPN3PD6V9XKR3","2026-01-20T21:23:16.48074577Z","01KFEMG8S867M2MA7N8M4028JA","2026-01-20T21:23:16.48074577Z"
"01KFEN3SP85NRZ4WVWJ4A0FNY7","01KFEKHQ6RN01KDJ4QSDZAWPPS","2026-01-20T21:31:30.889005783Z",10,"2026-01-20T21:31:36.375950114Z","B","2026-01-20T21:31:35.340821628Z","01KFEKHZCYGXG9E88XG20MH24Y","2026-01-20T21:31:30.889005783Z","01KFEMYPQE297SQBBGD1MS3FP8","2026-01-20T21:31:30.889005783Z","01KFEN35X6KNW6YXH0EA9W30YW","2026-01-20T21:31:30.889005783Z"
"01KFEKFF6171FXM4YWHTTHVAES","01KFEJ5CPJ5RGARFNN6Z0PCT4Q","2026-01-20T21:02:56.193883841Z",10,"2026-01-20T21:02:59.322837942Z","B","2026-01-20T21:02:59.226919208Z","01KFEJ5CQQ00MKPGMA298B0BDM","2026-01-20T21:02:56.193883841Z","01KFEK73K44W3P90S9METDZ39A","2026-01-20T21:02:56.193883841Z","01KFEK9MRY4528TVVMWY6HBY8K","2026-01-20T21:02:56.193883841Z"
"01KFEKKEJCAVTNNK4C72J4J8HP","01KFEJ5D47V2DPV4P7KW69CWA7","2026-01-20T21:05:06.636173471Z",0,"2026-01-20T21:05:17.160201045Z","C","2026-01-20T21:05:16.661196997Z","01KFEJ5D5EZSQZ1FHTABW8Z6HQ","2026-01-20T21:05:06.636173471Z","01KFEK43BY9D5G2GXTKTDV7QBX","2026-01-20T21:05:06.636173471Z","01KFEKHASD1S8VJXV9QPT2H22J","2026-01-20T21:05:06.636173471Z"
"01KFEKWYHE1E42ZPH9B52GXVBC","01KFEJ5D47V2DPV4P7KW69CWA7","2026-01-20T21:10:17.902784734Z",17,"2026-01-20T21:10:41.900887577Z","D","2026-01-20T21:10:41.260819226Z","01KFEJ5D6TNJMBKPJMAENEXHMP","2026-01-20T21:10:17.902784734Z","01KFEKDA9NJGRKFSSAT3ZXZ5QE","2026-01-20T21:10:17.902784734Z","01KFEKJ3V7EYH4FGEH2WENQT3T","2026-01-20T21:10:17.902784734Z"
"01KFEKHYQPB4MMY4AJS2Y3CVPV","01KFEJ5DKDD8ED3R70AXWWV7TA","2026-01-20T21:04:17.654098886Z",0,"2026-01-20T21:04:37.72326316Z","C","2026-01-20T21:04:29.385163171Z","01KFEJ5DPRA3SJMDJ397B8T8C1","2026-01-20T21:04:17.654098886Z","01KFEJTTYE1JJF4JNZFR32N2T9","2026-01-20T21:04:17.654098886Z","01KFEK95ZX533216V1SFRCR75Z","2026-01-20T21:04:17.654098886Z"
"01KFEMMPT4PJQG4RZ2QHFG4AZH","01KFEKHQDC2K693XFM5ANS8DHE","2026-01-20T21:23:16.420350667Z",0,"2026-01-20T21:23:19.846840548Z","C","2026-01-20T21:23:19.045873898Z","01KFEKHZN529E42QD9METE3SFK","2026-01-20T21:23:16.420350667Z","01KFEMC66GX6VYABMARMTEQ575","2026-01-20T21:23:16.420350667Z","01KFEMG8S867M2MA7N8M4028JA","2026-01-20T21:23:16.420350667Z"
"01KFEKSMK409P2809WCW988Y23","01KFEJ5E832Q64ZNG3ZKPXGHJ5","2026-01-20T21:08:29.412752396Z",29,"2026-01-20T21:08:31.537426325Z","C","2026-01-20T21:08:31.105841012Z","01KFEJ5E9BF1S7ZWGC98397B4G","2026-01-20T21:08:29.412752396Z","01KFEKF18JVGP7RPPBWJM1C6F5","2026-01-20T21:08:29.412752396Z","01KFEKMDPY2YPYSY2R5EMDD2HR","2026-01-20T21:08:29.412752396Z"
"01KFENPVN9MB46858J7ADSHSYZ","01KFEKP8JTD09P5KZK5HC45AYH","2026-01-20T21:41:55.497373536Z",20,"2026-01-20T21:42:11.863749122Z","B","2026-01-20T21:42:11.653255927Z","01KFEKP8SWACZ78Z101DJZ9YZX","2026-01-20T21:41:55.497373536Z","01KFEN1V09JT6DJQFTMJT9XVS1","2026-01-20T21:41:55.497373536Z","01KFENEFDYMFTCANTMY00WWTAM","2026-01-20T21:41:55.497373536Z"
"01KFEKG8BT5PZKS2KSA22FG9Y1","01KFEJ5CPJ5RGARFNN6Z0PCT4Q","2026-01-20T21:03:21.978981723Z",0,"2026-01-20T21:03:26.62018151Z","C","2026-01-20T21:03:23.420533029Z","01KFEJ5CQQ00MKPGMA298B0BDM","2026-01-20T21:03:21.978981723Z","01KFEK2D2ABTHF5VPGA11FKCNZ","2026-01-20T21:03:21.978981723Z","01KFEK9MSR0CF736KQ310KZHMR","2026-01-20T21:03:21.978981723Z"
"01KFEKQH0EW034JFP1ENWFN7XC","01KFEKHPC1MSE3FJ7DBY2FGY2F","2026-01-20T21:07:20.20671517Z",10,"2026-01-20T21:07:36.140633895Z","B","2026-01-20T21:07:28.602286153Z","01KFEKHWZEPZZY95F2XW7M1MFP","2026-01-20T21:07:20.20671517Z","01KFEKH2E82JWZZAXCHQQKPEBM","2026-01-20T21:07:20.20671517Z","01KFEKQ4MG31765QYZEN7WHKHC","2026-01-20T21:07:20.20671517Z"
"01KFEN3WFXSSGM3P1B6EDRN73Y","01KFEKHQ6RN01KDJ4QSDZAWPPS","2026-01-20T21:31:33.757663026Z",7,"2026-01-20T21:31:44.478809881Z","D","2026-01-20T21:31:39.887192766Z","01KFEKHZBEEPDRHKRQPWCS3SGH","2026-01-20T21:31:33.757663026Z","01KFEMF0SBSYWZ1HCWC99ZE7MJ","2026-01-20T21:31:33.757663026Z","01KFEMVWP98RDFSS35T1G2YCTF","2026-01-20T21:31:33.757663026Z"
"01KFEKWRFWNE0MJCM6BFZJ7EPK","01KFEKHPGYTA3NV92JW708KDS3","2026-01-20T21:10:11.708949081Z",10,"2026-01-20T21:10:14.963917848Z","A","2026-01-20T21:10:14.697730126Z","01KFEKHXG0QSJ727TF9BK0CVWT","2026-01-20T21:10:11.708949081Z","01KFEKGBZDDR87QG9CGWE37DKP","2026-01-20T21:10:11.708949081Z","01KFEKRY6T74XGSJBG60W0WEMG","2026-01-20T21:10:11.708949081Z"
"01KFEKXEFHGAW1CHKVW14QEDYE","01KFEKHPC1MSE3FJ7DBY2FGY2F","2026-01-20T21:10:34.225981336Z",19,"2026-01-20T21:10:41.028455778Z","C","2026-01-20T21:10:40.486716346Z","01KFEKHWZEPZZY95F2XW7M1MFP","2026-01-20T21:10:34.225981336Z","01KFEKGX33HMGGWTV5S5DEFD1Y","2026-01-20T21:10:34.225981336Z","01KFEKQ5DZB6PPYNDE1T177550","2026-01-20T21:10:34.225981336Z"
"01KFEKVPD9TQRJ7P3MBJTE47BE","01KFEKHPGYTA3NV92JW708KDS3","2026-01-20T21:09:36.810031942Z",0,"2026-01-20T21:09:43.217351248Z","C","2026-01-20T21:09:43.003605951Z","01KFEKHXG0QSJ727TF9BK0CVWT","2026-01-20T21:09:36.810031942Z","01KFEKGBZDDR87QG9CGWE37DKP","2026-01-20T21:09:36.810031942Z","01KFEKRY28JFB70T33K1GH2C25","2026-01-20T21:09:36.810031942Z"
"01KFEKZX96XEPJ3W70YY8Y67Y5","01KFEKHP5PHVKCA3W59M54X4HD","2026-01-20T21:11:54.918796112Z",20,"2026-01-20T21:12:53.991308963Z","A","2026-01-20T21:12:53.864778916Z","01KFEKHW2KQMM6E7GG18D0G9TT","2026-01-20T21:11:54.918796112Z","01KFEKEYRXZWJHM17WAW49T1GG","2026-01-20T21:11:54.918796112Z","01KFEKPRCH19JNJ9M6B2Q8EZ97","2026-01-20T21:11:54.918796112Z"
"01KFEN81393YWEV48N5PM9F1CT","01KFEKHQ6RN01KDJ4QSDZAWPPS","2026-01-20T21:33:49.545453486Z",19,"2026-01-20T21:35:16.234269412Z","C","2026-01-20T21:33:52.05949996Z","01KFEKHZCYGXG9E88XG20MH24Y","2026-01-20T21:33:49.545453486Z","01KFEMZ3DY0H8VM8TWW94CE5C0","2026-01-20T21:33:49.545453486Z","01KFEN362GP2VCJ8HZRZCP06C3","2026-01-20T21:33:49.545453486Z"
"01KFEKWPRHQVXZMD43AR5G9VB8","01KFEKHPC1MSE3FJ7DBY2FGY2F","2026-01-20T21:10:09.937797925Z",29,"2026-01-20T21:10:20.139739282Z","C","2026-01-20T21:10:13.066028208Z","01KFEKHX2RB171QB64SDRQQFHC","2026-01-20T21:10:09.937797925Z","01KFEKJ39TDPNH3F2VQ6ZS2WQR","2026-01-20T21:10:09.937797925Z","01KFEKRGWKT3913ZZCEDV87K51","2026-01-20T21:10:09.937797925Z"
"01KFEKM42RZTSBJZ09GDD5BYZK","01KFEJ5D47V2DPV4P7KW69CWA7","2026-01-20T21:05:28.664789392Z",20,"2026-01-20T21:05:36.009679508Z","B","2026-01-20T21:05:32.51776137Z","01KFEJ5D6TNJMBKPJMAENEXHMP","2026-01-20T21:05:28.664789392Z","01KFEKDMRV7F4Y978MGBAGHY9Y","2026-01-20T21:05:28.664789392Z","01KFEKJ3G6CMMVJKWX7G4KJ1JF","2026-01-20T21:05:28.664789392Z"
"01KFEKYPKS9DB501PDY31MNXXM","01KFEKHPC1MSE3FJ7DBY2FGY2F","2026-01-20T21:11:15.321873813Z",19,"2026-01-20T21:11:18.886821794Z","C","2026-01-20T21:11:18.67302546Z","01KFEKHX2RB171QB64SDRQQFHC","2026-01-20T21:11:15.321873813Z","01KFEKJ39TDPNH3F2VQ6ZS2WQR","2026-01-20T21:11:15.321873813Z","01KFEKRH1BCGQG6GQXYZ4B2D2V","2026-01-20T21:11:15.321873813Z"
"01KFENC83CD5YVX4VCYRT7CWTA","01KFEKHQDC2K693XFM5ANS8DHE","2026-01-20T21:36:07.78863739Z",0,"2026-01-20T21:36:22.144794158Z","B","2026-01-20T21:36:21.055519817Z","01KFEKHZJWCME2TD44SWFYQ3JK","2026-01-20T21:36:07.78863739Z","01KFEN5FXNPY52Q25YH9X08VBV","2026-01-20T21:36:07.78863739Z","01KFENBM4J7F0G9YX51QQ55791","2026-01-20T21:36:07.78863739Z"
"01KFENQXN5VNQ2EGY01JMNWCE2","01KFEKP8JTD09P5KZK5HC45AYH","2026-01-20T21:42:30.309616337Z",20,"2026-01-20T21:42:36.341113682Z","A","2026-01-20T21:42:36.088193123Z","01KFEKP8SWACZ78Z101DJZ9YZX","2026-01-20T21:42:30.309616337Z","01KFEN3XCJATC6HG39SDG7KSE0","2026-01-20T21:42:30.309616337Z","01KFENEF7SA1HVS6XABSJ1JJ1F","2026-01-20T21:42:30.309616337Z"
"01KFEKWZASY8SRPAR4AMFTBXX8","01KFEKHPC1MSE3FJ7DBY2FGY2F","2026-01-20T21:10:18.71310574Z",0,"2026-01-20T21:10:27.04436966Z","C","2026-01-20T21:10:26.903984684Z","01KFEKHWZEPZZY95F2XW7M1MFP","2026-01-20T21:10:18.71310574Z","01KFEKGX33HMGGWTV5S5DEFD1Y","2026-01-20T21:10:18.71310574Z","01KFEKQ4S6Y7VSJHTEBENX27AZ","2026-01-20T21:10:18.71310574Z"
"01KFEKZ1NWW8FV5XSBWNY6XEQ2","01KFEJ5DKDD8ED3R70AXWWV7TA","2026-01-20T21:11:26.652144552Z",7,"2026-01-20T21:11:56.952708584Z","D","2026-01-20T21:11:35.881289562Z","01KFEJ5DNSX5Y5MH73PBQYYZM3","2026-01-20T21:11:26.652144552Z","01KFEKH56QYDWDZ627S51E8JZX","2026-01-20T21:11:26.652144552Z","01KFEKMR3A7EEJWVP3H1C0H7B0","2026-01-20T21:11:26.652144552Z"
"01KFENN1T2F8C2Q66TZPRDYPWC","01KFEKHQDC2K693XFM5ANS8DHE","2026-01-20T21:40:56.258459043Z",0,"2026-01-20T21:41:02.710888771Z","C","2026-01-20T21:41:02.452296882Z","01KFEKHZJWCME2TD44SWFYQ3JK","2026-01-20T21:40:56.258459043Z","01KFEN5FXNPY52Q25YH9X08VBV","2026-01-20T21:40:56.258459043Z","01KFENBMY0GYQ91F4WFGQ98DPH","2026-01-20T21:40:56.258459043Z"
"01KFEKGXV9V2WWYTJXQQEY7MPC","01KFEJ5DKDD8ED3R70AXWWV7TA","2026-01-20T21:03:43.977410087Z",17,"2026-01-20T21:03:55.118012442Z","D","2026-01-20T21:03:50.224725792Z","01KFEJ5DPRA3SJMDJ397B8T8C1","2026-01-20T21:03:43.977410087Z","01KFEK01H1YPA1JPJ9R7TY1GMF","2026-01-20T21:03:43.977410087Z","01KFEK95Z0WE87KWTWATKS5GPH","2026-01-20T21:03:43.977410087Z"
"01KFEN2FQ31KBC2SDKERD1N52N","01KFEKHQ6RN01KDJ4QSDZAWPPS","2026-01-20T21:30:47.907773315Z",0,"2026-01-20T21:30:52.703970117Z","C","2026-01-20T21:30:52.49848643Z","01KFEKHZBEEPDRHKRQPWCS3SGH","2026-01-20T21:30:47.907773315Z","01KFEMF0SBSYWZ1HCWC99ZE7MJ","2026-01-20T21:30:47.907773315Z","01KFEMVWHQ47TF42F2WPY94A3S","2026-01-20T21:30:47.907773315Z"
"01KFENQHFCP4BZHC5FKVNVCYSW","01KFEKP8JTD09P5KZK5HC45AYH","2026-01-20T21:42:17.836309245Z",20,"2026-01-20T21:42:23.93338319Z","B","2026-01-20T21:42:23.672141253Z","01KFEKP8SWACZ78Z101DJZ9YZX","2026-01-20T21:42:17.836309245Z","01KFEN1V09JT6DJQFTMJT9XVS1","2026-01-20T21:42:17.836309245Z","01KFENEFAV4J2BND4TE00WQ85H","2026-01-20T21:42:17.836309245Z"
"01KFEM247DEBMW4SF1FHN0YQYW","01KFEKHP5PHVKCA3W59M54X4HD","2026-01-20T21:13:07.565605235Z",29,"2026-01-20T21:13:16.446640448Z","C","2026-01-20T21:13:16.352363748Z","01KFEKHW2KQMM6E7GG18D0G9TT","2026-01-20T21:13:07.565605235Z","01KFEKEYRXZWJHM17WAW49T1GG","2026-01-20T21:13:07.565605235Z","01KFEKPRF077AFCH3TH2736QGH","2026-01-20T21:13:07.565605235Z"
"01KFEMZ116V1WXWDE0P7AW5C4G","01KFEKP9631FDC5MHAJ7BGRGH7","2026-01-20T21:28:54.566620533Z",17,"2026-01-20T21:28:59.019718395Z","D","2026-01-20T21:28:58.626448603Z","01KFEKPB2MD43HRXJ5S36AZP95","2026-01-20T21:28:54.566620533Z","01KFEMA144DFQ2N92D33VDGEBF","2026-01-20T21:28:54.566620533Z","01KFEMMYBMADGTBM1G2KDTGKJK","2026-01-20T21:28:54.566620533Z"
"01KFENJQRHXT4KE3D0K7B6CBD3","01KFEKP8JTD09P5KZK5HC45AYH","2026-01-20T21:39:40.433449924Z",20,"2026-01-20T21:39:46.52563774Z","A","2026-01-20T21:39:44.897675487Z","01KFEKP8SWACZ78Z101DJZ9YZX","2026-01-20T21:39:40.433449924Z","01KFEN3XCJATC6HG39SDG7KSE0","2026-01-20T21:39:40.433449924Z","01KFENEFWA2KATKEY492ND4979","2026-01-20T21:39:40.433449924Z"
"01KFEKJQ68XP7009F9949BH50A","01KFEJ5DKDD8ED3R70AXWWV7TA","2026-01-20T21:04:42.696519826Z",0,"2026-01-20T21:04:46.347184414Z","C","2026-01-20T21:04:45.402134573Z","01KFEJ5DPRA3SJMDJ397B8T8C1","2026-01-20T21:04:42.696519826Z","01KFEJTTYE1JJF4JNZFR32N2T9","2026-01-20T21:04:42.696519826Z","01KFEK960P125XWTD7ZX1XPF38","2026-01-20T21:04:42.696519826Z"
"01KFENFGMA6408V8YYH5B4G9Q4","01KFEKHQDC2K693XFM5ANS8DHE","2026-01-20T21:37:54.827033049Z",20,"2026-01-20T21:38:02.443826685Z","A","2026-01-20T21:38:02.206093276Z","01KFEKHZJWCME2TD44SWFYQ3JK","2026-01-20T21:37:54.827033049Z","01KFEN5FXNPY52Q25YH9X08VBV","2026-01-20T21:37:54.827033049Z","01KFENBMDX9DP6MR73GG9SYMY0","2026-01-20T21:37:54.827033049Z"
"01KFEKSTN2T1S5BWEN6ZJ2ASV3","01KFEJ5E832Q64ZNG3ZKPXGHJ5","2026-01-20T21:08:35.618343194Z",29,"2026-01-20T21:08:50.836552546Z","C","2026-01-20T21:08:37.679222522Z","01KFEJ5E9BF1S7ZWGC98397B4G","2026-01-20T21:08:35.618343194Z","01KFEKF18JVGP7RPPBWJM1C6F5","2026-01-20T21:08:35.618343194Z","01KFEKMDR71DM336X6H6MKRH1Z","2026-01-20T21:08:35.618343194Z"
"01KFEKN26D50FQ0GZEA9S8RDRB","01KFEJ5D47V2DPV4P7KW69CWA7","2026-01-20T21:05:59.501125707Z",29,"2026-01-20T21:06:19.094703198Z","C","2026-01-20T21:06:03.19562094Z","01KFEJ5D6TNJMBKPJMAENEXHMP","2026-01-20T21:05:59.501125707Z","01KFEKDMRV7F4Y978MGBAGHY9Y","2026-01-20T21:05:59.501125707Z","01KFEKJ3ES1Q801Q3EA22EHT39","2026-01-20T21:05:59.501125707Z"
"01KFEKSAW7W8MT0DN3P7F3RA0R","01KFEJ5DKDD8ED3R70AXWWV7TA","2026-01-20T21:08:19.463752851Z",29,"2026-01-20T21:08:30.998621319Z","C","2026-01-20T21:08:30.872564575Z","01KFEJ5DNSX5Y5MH73PBQYYZM3","2026-01-20T21:08:19.463752851Z","01KFEKH56QYDWDZ627S51E8JZX","2026-01-20T21:08:19.463752851Z","01KFEKMQTRXZ7EWJHTHYNCYJPP","2026-01-20T21:08:19.463752851Z"
"01KFEKV4RJPYEEBD48RA3DHY4A","01KFEJ5D47V2DPV4P7KW69CWA7","2026-01-20T21:09:18.738288629Z",29,"2026-01-20T21:09:24.667288204Z","C","2026-01-20T21:09:20.602536421Z","01KFEJ5D5EZSQZ1FHTABW8Z6HQ","2026-01-20T21:09:18.738288629Z","01KFEKEX3VSEJ79DPFZ13BZNQ0","2026-01-20T21:09:18.738288629Z","01KFEKHB6353KX94PQXJYHHM40","2026-01-20T21:09:18.738288629Z"
"01KFEKBD40MB556GE20YQTGR91","01KFEJ5DKDD8ED3R70AXWWV7TA","2026-01-20T21:00:43.008621537Z",0,"2026-01-20T21:00:46.024302246Z","C","2026-01-20T21:00:45.552819104Z","01KFEJ5DPRA3SJMDJ397B8T8C1","2026-01-20T21:00:43.008621537Z","01KFEJTTYE1JJF4JNZFR32N2T9","2026-01-20T21:00:43.008621537Z","01KFEK95V12XRP5G4NRXW2VJ60","2026-01-20T21:00:43.008621537Z"
"01KFEM3KJMD6Z0AS4MQMP35HT7","01KFEKHPC1MSE3FJ7DBY2FGY2F","2026-01-20T21:13:56.05227738Z",0,"2026-01-20T21:14:10.825965275Z","C","2026-01-20T21:14:00.175736595Z","01KFEKHWZEPZZY95F2XW7M1MFP","2026-01-20T21:13:56.05227738Z","01KFEKH2E82JWZZAXCHQQKPEBM","2026-01-20T21:13:56.05227738Z","01KFEKQ4Z14E03079YF1F93FJQ","2026-01-20T21:13:56.05227738Z"
"01KFEKQGE28DGJHG7E3BB7XDA3","01KFEJ5DKDD8ED3R70AXWWV7TA","2026-01-20T21:07:19.618717936Z",20,"2026-01-20T21:07:51.732640458Z","B","2026-01-20T21:07:51.607813428Z","01KFEJ5DNSX5Y5MH73PBQYYZM3","2026-01-20T21:07:19.618717936Z","01KFEKH56QYDWDZ627S51E8JZX","2026-01-20T21:07:19.618717936Z","01KFEKMQR69NHSEZHJJM8A2NTC","2026-01-20T21:07:19.618717936Z"
"01KFEMSWMWBMQHE0MQ5YCY199E","01KFEKP9631FDC5MHAJ7BGRGH7","2026-01-20T21:26:06.237030668Z",10,"2026-01-20T21:26:16.066497563Z","A","2026-01-20T21:26:11.894502085Z","01KFEKPB2MD43HRXJ5S36AZP95","2026-01-20T21:26:06.237030668Z","01KFEMA144DFQ2N92D33VDGEBF","2026-01-20T21:26:06.237030668Z","01KFEMMY51ZCW8S37R457WNKKH","2026-01-20T21:26:06.237030668Z"
"01KFEKN25D1FAS2RWFT1B0NG6H","01KFEJ5D47V2DPV4P7KW69CWA7","2026-01-20T21:05:59.469535047Z",17,"2026-01-20T21:06:19.094703198Z","D","2026-01-20T21:06:05.586754754Z","01KFEJ5D6TNJMBKPJMAENEXHMP","2026-01-20T21:05:59.469535047Z","01KFEKDA9NJGRKFSSAT3ZXZ5QE","2026-01-20T21:05:59.469535047Z","01KFEKJ3ES1Q801Q3EA22EHT39","2026-01-20T21:05:59.469535047Z"
"01KFEKQP9HFRG4TREZY5EXV8M3","01KFEJ5E832Q64ZNG3ZKPXGHJ5","2026-01-20T21:07:25.617076793Z",10,"2026-01-20T21:07:28.348830892Z","A","2026-01-20T21:07:27.991564321Z","01KFEJ5E9BF1S7ZWGC98397B4G","2026-01-20T21:07:25.617076793Z","01KFEKGNPQS5RBR06H121JR9K1","2026-01-20T21:07:25.617076793Z","01KFEKMDM0EXA2XYZTVVP8NFCT","2026-01-20T21:07:25.617076793Z"
"01KFEMM6J0XAXZ8TVCS964BX6Q","01KFEKHPGYTA3NV92JW708KDS3","2026-01-20T21:22:59.776760725Z",29,"2026-01-20T21:23:12.127654249Z","C","2026-01-20T21:23:11.94405639Z","01KFEKHXK7R8H3J1J8XZRRFJYB","2026-01-20T21:22:59.776760725Z","01KFEM9GMDKNEQA3ZWG27ZV1NT","2026-01-20T21:22:59.776760725Z","01KFEMDFZGCP233F97S9V77MZB","2026-01-20T21:22:59.776760725Z"
"01KFEN9TV1VETP2FP48FF40D8H","01KFEKHPXA861Q1DG96X1DM2E6","2026-01-20T21:34:48.673798007Z",17,"2026-01-20T21:34:52.706711599Z","D","2026-01-20T21:34:51.785883876Z","01KFEKHYHJB14HYQ6WNW69M0EN","2026-01-20T21:34:48.673798007Z","01KFEMYTYF2ENKG7SYCSVCBX9H","2026-01-20T21:34:48.673798007Z","01KFEN7113DG8GHK5V6DKVTP2N","2026-01-20T21:34:48.673798007Z"
"01KFEKWMAWBCHY27QBSBSRBCN1","01KFEJ5DKDD8ED3R70AXWWV7TA","2026-01-20T21:10:07.452933492Z",29,"2026-01-20T21:10:16.178044837Z","C","2026-01-20T21:10:16.031556317Z","01KFEJ5DNSX5Y5MH73PBQYYZM3","2026-01-20T21:10:07.452933492Z","01KFEKH56QYDWDZ627S51E8JZX","2026-01-20T21:10:07.452933492Z","01KFEKMQYF8BP8HHEG5FJPTCN0","2026-01-20T21:10:07.452933492Z"
"01KFEMGTEKBP5CXG785B9R1GXZ","01KFEKHPGYTA3NV92JW708KDS3","2026-01-20T21:21:09.075819654Z",29,"2026-01-20T21:21:17.076401465Z","C","2026-01-20T21:21:16.365738351Z","01KFEKHXK7R8H3J1J8XZRRFJYB","2026-01-20T21:21:09.075819654Z","01KFEM9GMDKNEQA3ZWG27ZV1NT","2026-01-20T21:21:09.075819654Z","01KFEMDFNXVN1HC9D87AHEJVF1","2026-01-20T21:21:09.075819654Z"
"01KFEN8S43PXT696RAQCJ93H73","01KFEKHPXA861Q1DG96X1DM2E6","2026-01-20T21:34:14.147616363Z",17,"2026-01-20T21:34:22.169328776Z","D","2026-01-20T21:34:21.983025615Z","01KFEKHYHJB14HYQ6WNW69M0EN","2026-01-20T21:34:14.147616363Z","01KFEMYTYF2ENKG7SYCSVCBX9H","2026-01-20T21:34:14.147616363Z","01KFEN70VRZMDEJXRFHN18FW8S","2026-01-20T21:34:14.147616363Z"
"01KFEMQ7WY8BH30T7KAMJ7DD6B","01KFEKHQ6RN01KDJ4QSDZAWPPS","2026-01-20T21:24:39.454637383Z",29,"2026-01-20T21:24:46.001493264Z","C","2026-01-20T21:24:45.217588653Z","01KFEKHZ9SCZ02EGGWRNFEECG2","2026-01-20T21:24:39.454637383Z","01KFEMCM72QM7G0K1PDTC1FVF6","2026-01-20T21:24:39.454637383Z","01KFEMF60MRWVG2E3592733K4C","2026-01-20T21:24:39.454637383Z"
"01KFENH98X150MZXA3KWDCFS91","01KFEKHQDC2K693XFM5ANS8DHE","2026-01-20T21:38:52.829864922Z",17,"2026-01-20T21:39:00.117603449Z","D","2026-01-20T21:38:57.536368599Z","01KFEKHZJWCME2TD44SWFYQ3JK","2026-01-20T21:38:52.829864922Z","01KFEN5FXNPY52Q25YH9X08VBV","2026-01-20T21:38:52.829864922Z","01KFENBMMRXN89SJPPPPEDN4KM","2026-01-20T21:38:52.829864922Z"
"01KFEN981NJK5R2KCCPSYW3V33","01KFEKHPXA861Q1DG96X1DM2E6","2026-01-20T21:34:29.429469598Z",29,"2026-01-20T21:34:34.754809198Z","C","2026-01-20T21:34:34.363928702Z","01KFEKHYHJB14HYQ6WNW69M0EN","2026-01-20T21:34:29.429469598Z","01KFEMYH9MRESN2DNVY0DYZ05B","2026-01-20T21:34:29.429469598Z","01KFEN70S9R3NGJD8A4HKPWE5Y","2026-01-20T21:34:29.429469598Z"
"01KFEKW79060A70JMVKY57RM2H","01KFEKHP5PHVKCA3W59M54X4HD","2026-01-20T21:09:54.080144102Z",0,"2026-01-20T21:10:04.223140385Z","C","2026-01-20T21:10:02.499868108Z","01KFEKHW2KQMM6E7GG18D0G9TT","2026-01-20T21:09:54.080144102Z","01KFEKEYRXZWJHM17WAW49T1GG","2026-01-20T21:09:54.080144102Z","01KFEKPR7KKTWDVHAN9DPDJ46G","2026-01-20T21:09:54.080144102Z"
"01KFEMGT2ES23F85PC455SXKG0","01KFEKHQ6RN01KDJ4QSDZAWPPS","2026-01-20T21:21:08.686922457Z",29,"2026-01-20T21:21:14.28844868Z","C","2026-01-20T21:21:13.915551482Z","01KFEKHZ9SCZ02EGGWRNFEECG2","2026-01-20T21:21:08.686922457Z","01KFEMCM72QM7G0K1PDTC1FVF6","2026-01-20T21:21:08.686922457Z","01KFEMF5HWP2EQG3JWYZYXCJTH","2026-01-20T21:21:08.686922457Z"
"01KFEMQD0AJXDDMKMVJQ2HWGA3","01KFEKHPGYTA3NV92JW708KDS3","2026-01-20T21:24:44.682829575Z",29,"2026-01-20T21:24:49.464059032Z","C","2026-01-20T21:24:49.284214289Z","01KFEKHXK7R8H3J1J8XZRRFJYB","2026-01-20T21:24:44.682829575Z","01KFEM9GMDKNEQA3ZWG27ZV1NT","2026-01-20T21:24:44.682829575Z","01KFEMDG54HBT6YTCB70DXWSSV","2026-01-20T21:24:44.682829575Z"
"01KFEMRH2ZWRDA4V7TCKPYPQNH","01KFEKHQ6RN01KDJ4QSDZAWPPS","2026-01-20T21:25:21.632024934Z",29,"2026-01-20T21:25:25.687417604Z","C","2026-01-20T21:25:24.924027857Z","01KFEKHZ9SCZ02EGGWRNFEECG2","2026-01-20T21:25:21.632024934Z","01KFEMCM72QM7G0K1PDTC1FVF6","2026-01-20T21:25:21.632024934Z","01KFEMF645HBW6QDK47S3T5DJC","2026-01-20T21:25:21.632024934Z"
"01KFEKF1P0Q78N8TEJ6CN66QDA","01KFEJ5CPJ5RGARFNN6Z0PCT4Q","2026-01-20T21:02:42.368574036Z",10,"2026-01-20T21:02:45.028698651Z","B","2026-01-20T21:02:44.941872402Z","01KFEJ5CQQ00MKPGMA298B0BDM","2026-01-20T21:02:42.368574036Z","01KFEK73K44W3P90S9METDZ39A","2026-01-20T21:02:42.368574036Z","01KFEK9MPMPVFFQ9X09ZR8WKFR","2026-01-20T21:02:42.368574036Z"
"01KFEKWM9RFPQHW6HARMS4KR9P","01KFEJ5DKDD8ED3R70AXWWV7TA","2026-01-20T21:10:07.41611374Z",17,"2026-01-20T21:10:16.178044837Z","D","2026-01-20T21:10:11.299688758Z","01KFEJ5DNSX5Y5MH73PBQYYZM3","2026-01-20T21:10:07.41611374Z","01KFEKEP42W1KWM0E304T7Q0E4","2026-01-20T21:10:07.41611374Z","01KFEKMQYF8BP8HHEG5FJPTCN0","2026-01-20T21:10:07.41611374Z"
"01KFEKXZX1Y4P8MTE8N44PFBWW","01KFEKHPC1MSE3FJ7DBY2FGY2F","2026-01-20T21:10:52.065179408Z",19,"2026-01-20T21:10:57.788283093Z","C","2026-01-20T21:10:56.362480661Z","01KFEKHX2RB171QB64SDRQQFHC","2026-01-20T21:10:52.065179408Z","01KFEKJ39TDPNH3F2VQ6ZS2WQR","2026-01-20T21:10:52.065179408Z","01KFEKRGY50JN5C9J9DY21VN6W","2026-01-20T21:10:52.065179408Z"
"01KFEKCDR82FG7WXS7HWMAWYQP","01KFEJ5DKDD8ED3R70AXWWV7TA","2026-01-20T21:01:16.42410132Z",19,"2026-01-20T21:01:19.214748599Z","C","2026-01-20T21:01:18.061440186Z","01KFEJ5DPRA3SJMDJ397B8T8C1","2026-01-20T21:01:16.42410132Z","01KFEJTTYE1JJF4JNZFR32N2T9","2026-01-20T21:01:16.42410132Z","01KFEK95WHDF4GSXK6VCTWRTX5","2026-01-20T21:01:16.42410132Z"
"01KFEMQ74VCTVH989R12NAE459","01KFEKHQDC2K693XFM5ANS8DHE","2026-01-20T21:24:38.683036959Z",19,"2026-01-20T21:24:44.534423105Z","C","2026-01-20T21:24:43.316837863Z","01KFEKHZN529E42QD9METE3SFK","2026-01-20T21:24:38.683036959Z","01KFEMC66GX6VYABMARMTEQ575","2026-01-20T21:24:38.683036959Z","01KFEMG90AHRCFMKX3VWGQC2JN","2026-01-20T21:24:38.683036959Z"
"01KFEKWJ7NTZ1FRQ448CFDFKAC","01KFEJ5D47V2DPV4P7KW69CWA7","2026-01-20T21:10:05.301415936Z",17,"2026-01-20T21:10:12.495113292Z","D","2026-01-20T21:10:11.477276381Z","01KFEJ5D5EZSQZ1FHTABW8Z6HQ","2026-01-20T21:10:05.301415936Z","01KFEK43BY9D5G2GXTKTDV7QBX","2026-01-20T21:10:05.301415936Z","01KFEKHB1KFKD9DWV83P5V39C4","2026-01-20T21:10:05.301415936Z"
"01KFEKW0WTX4T6VRF0Z5986QVQ","01KFEKHPGYTA3NV92JW708KDS3","2026-01-20T21:09:47.546605151Z",0,"2026-01-20T21:09:50.765334054Z","C","2026-01-20T21:09:50.490604139Z","01KFEKHXG0QSJ727TF9BK0CVWT","2026-01-20T21:09:47.546605151Z","01KFEKGBZDDR87QG9CGWE37DKP","2026-01-20T21:09:47.546605151Z","01KFEKRY3RFW4F9KC7BJ0TJ4GZ","2026-01-20T21:09:47.546605151Z"
"01KFEKQZHSPVM42V2P117DWA15","01KFEJ5D47V2DPV4P7KW69CWA7","2026-01-20T21:07:35.09708256Z",10,"2026-01-20T21:07:40.943482643Z","B","2026-01-20T21:07:38.107085456Z","01KFEJ5D5EZSQZ1FHTABW8Z6HQ","2026-01-20T21:07:35.09708256Z","01KFEKEX3VSEJ79DPFZ13BZNQ0","2026-01-20T21:07:35.09708256Z","01KFEKHB2H332EG04TW1DV4E17","2026-01-20T21:07:35.09708256Z"
"01KFEM2VGF00FD6YNH57GXDHPS","01KFEKHPC1MSE3FJ7DBY2FGY2F","2026-01-20T21:13:31.407582048Z",0,"2026-01-20T21:13:39.668067825Z","D","2026-01-20T21:13:35.789592243Z","01KFEKHWZEPZZY95F2XW7M1MFP","2026-01-20T21:13:31.407582048Z","01KFEKH2E82JWZZAXCHQQKPEBM","2026-01-20T21:13:31.407582048Z","01KFEKQ51J7CH7HF807YENXSV3","2026-01-20T21:13:31.407582048Z"
"01KFEKV37Z07VGNN9E8P2GFEM8","01KFEJ5E832Q64ZNG3ZKPXGHJ5","2026-01-20T21:09:17.183054882Z",29,"2026-01-20T21:09:20.744639378Z","C","2026-01-20T21:09:19.988262813Z","01KFEJ5E9BF1S7ZWGC98397B4G","2026-01-20T21:09:17.183054882Z","01KFEKF18JVGP7RPPBWJM1C6F5","2026-01-20T21:09:17.183054882Z","01KFEKMDTT0GYRGKH8QVDSCR2N","2026-01-20T21:09:17.183054882Z"
"01KFEMJN5E7P0JY649S270FTGC","01KFEKHPC1MSE3FJ7DBY2FGY2F","2026-01-20T21:22:09.198165563Z",29,"2026-01-20T21:22:11.753105301Z","C","2026-01-20T21:22:10.98131941Z","01KFEKHX0GFP3226G2XP5V5QA7","2026-01-20T21:22:09.198165563Z","01KFEM7WBDAJE6T5GGXJ4D59J9","2026-01-20T21:22:09.198165563Z","01KFEMD11G9GTMPM4XZYQT4WH1","2026-01-20T21:22:09.198165563Z"
"01KFEMSR6YPC2V06AVB4SZ7MBJ","01KFEKHQ6RN01KDJ4QSDZAWPPS","2026-01-20T21:26:01.694564213Z",29,"2026-01-20T21:26:08.176799741Z","C","2026-01-20T21:26:05.859781685Z","01KFEKHZ9SCZ02EGGWRNFEECG2","2026-01-20T21:26:01.694564213Z","01KFEMCM72QM7G0K1PDTC1FVF6","2026-01-20T21:26:01.694564213Z","01KFEMF67SPAWKQXP3C0MXWZS8","2026-01-20T21:26:01.694564213Z"
"01KFEKWEEYY9QYC1CJEEJRRT2E","01KFEKHPGYTA3NV92JW708KDS3","2026-01-20T21:10:01.438093386Z",20,"2026-01-20T21:10:07.217241474Z","A","2026-01-20T21:10:05.820490938Z","01KFEKHXG0QSJ727TF9BK0CVWT","2026-01-20T21:10:01.438093386Z","01KFEKGBZDDR87QG9CGWE37DKP","2026-01-20T21:10:01.438093386Z","01KFEKRY591H26XD6DXJATKF03","2026-01-20T21:10:01.438093386Z"
"01KFEKXZVWWZF6R2YEFPFSB76N","01KFEKHPC1MSE3FJ7DBY2FGY2F","2026-01-20T21:10:52.028702626Z",10,"2026-01-20T21:10:57.788283093Z","B","2026-01-20T21:10:57.424176868Z","01KFEKHX2RB171QB64SDRQQFHC","2026-01-20T21:10:52.028702626Z","01KFEKMQJYX5BJJG3C1JG69E20","2026-01-20T21:10:52.028702626Z","01KFEKRGY50JN5C9J9DY21VN6W","2026-01-20T21:10:52.028702626Z"
"01KFEN2W5MXXC3839N5FMDAD8T","01KFEKP90DN3N51AVE1856PVFP","2026-01-20T21:31:00.660960463Z",0,"2026-01-20T21:31:08.148248102Z","C","2026-01-20T21:31:03.284636894Z","01KFEKPARRGKN060WSHP4MXPVN","2026-01-20T21:31:00.660960463Z","01KFEMCK5PSCC7SW5H7XYEWC3R","2026-01-20T21:31:00.660960463Z","01KFEMJX35DJP6APH15BTBVJ2F","2026-01-20T21:31:00.660960463Z"
"01KFEKQZJSKRR1V0NNC6ZFBKRC","01KFEJ5D47V2DPV4P7KW69CWA7","2026-01-20T21:07:35.129510777Z",7,"2026-01-20T21:07:40.943482643Z","D","2026-01-20T21:07:40.523432235Z","01KFEJ5D5EZSQZ1FHTABW8Z6HQ","2026-01-20T21:07:35.129510777Z","01KFEK43BY9D5G2GXTKTDV7QBX","2026-01-20T21:07:35.129510777Z","01KFEKHB2H332EG04TW1DV4E17","2026-01-20T21:07:35.129510777Z"
"01KFEKV2QMV9YRHQA9E6XJD8PD","01KFEKHPGYTA3NV92JW708KDS3","2026-01-20T21:09:16.660287133Z",19,"2026-01-20T21:09:27.799629597Z","C","2026-01-20T21:09:27.199649822Z","01KFEKHXG0QSJ727TF9BK0CVWT","2026-01-20T21:09:16.660287133Z","01KFEKGBZDDR87QG9CGWE37DKP","2026-01-20T21:09:16.660287133Z","01KFEKRXZF7JX0GT45VA92CGJW","2026-01-20T21:09:16.660287133Z"
"01KFEN50KVNEA1QT80R81AH43X","01KFEKHQDC2K693XFM5ANS8DHE","2026-01-20T21:32:10.747487308Z",10,"2026-01-20T21:32:33.586392437Z","A","2026-01-20T21:32:15.983684202Z","01KFEKHZKRT77TCYW9QR636P3H","2026-01-20T21:32:10.747487308Z","01KFEMY0AS8BBZXMYCA88W167J","2026-01-20T21:32:10.747487308Z","01KFEN4A9GVGFDV0TFPJE5YKQ0","2026-01-20T21:32:10.747487308Z"
"01KFEKRDQY3QWV9HXZEERNHDDN","01KFEJ5D47V2DPV4P7KW69CWA7","2026-01-20T21:07:49.630890953Z",20,"2026-01-20T21:08:09.392402181Z","A","2026-01-20T21:08:00.503571908Z","01KFEJ5D5EZSQZ1FHTABW8Z6HQ","2026-01-20T21:07:49.630890953Z","01KFEK43BY9D5G2GXTKTDV7QBX","2026-01-20T21:07:49.630890953Z","01KFEKHAY21ADKK85PPQANX8FT","2026-01-20T21:07:49.630890953Z"
"01KFEKXS7H6M8F9HMQBBJJJ60V","01KFEKHP5PHVKCA3W59M54X4HD","2026-01-20T21:10:45.233105192Z",20,"2026-01-20T21:11:24.815994025Z","A","2026-01-20T21:10:48.106147153Z","01KFEKHW2KQMM6E7GG18D0G9TT","2026-01-20T21:10:45.233105192Z","01KFEKEYRXZWJHM17WAW49T1GG","2026-01-20T21:10:45.233105192Z","01KFEKPRA3BKTKEVWN248S06E7","2026-01-20T21:10:45.233105192Z"
"01KFENF3BEN0VAV4RSNTXZSAZR","01KFEKP8JTD09P5KZK5HC45AYH","2026-01-20T21:37:41.230675688Z",0,"2026-01-20T21:37:59.515933474Z","B","2026-01-20T21:37:59.307389651Z","01KFEKP8SWACZ78Z101DJZ9YZX","2026-01-20T21:37:41.230675688Z","01KFEN3XCJATC6HG39SDG7KSE0","2026-01-20T21:37:41.230675688Z","01KFENEEV6YDF1GHB33TSWRT28","2026-01-20T21:37:41.230675688Z"
"01KFENJHDTJVT9VZD62V1P0A4Z","01KFEKHQDC2K693XFM5ANS8DHE","2026-01-20T21:39:33.946337891Z",19,"2026-01-20T21:39:41.969692444Z","C","2026-01-20T21:39:41.81352461Z","01KFEKHZJWCME2TD44SWFYQ3JK","2026-01-20T21:39:33.946337891Z","01KFEN3VF2KFDMCBF7BMJ0W416","2026-01-20T21:39:33.946337891Z","01KFENBMPZHETD9ZMX2S5Y9C1R","2026-01-20T21:39:33.946337891Z"
"01KFEN03N3Q6CQ3SJFMN0452Q5","01KFEKP9631FDC5MHAJ7BGRGH7","2026-01-20T21:29:30.019506703Z",17,"2026-01-20T21:29:33.16318122Z","D","2026-01-20T21:29:32.968549648Z","01KFEKPB2MD43HRXJ5S36AZP95","2026-01-20T21:29:30.019506703Z","01KFEMA144DFQ2N92D33VDGEBF","2026-01-20T21:29:30.019506703Z","01KFEMMYDMHR535EKYY4W6B9MM","2026-01-20T21:29:30.019506703Z"
"01KFEMNW8YE9P6K6WX7FZ2F367","01KFEKHPGYTA3NV92JW708KDS3","2026-01-20T21:23:54.782813743Z",17,"2026-01-20T21:24:35.903295787Z","D","2026-01-20T21:23:59.172151104Z","01KFEKHXK7R8H3J1J8XZRRFJYB","2026-01-20T21:23:54.782813743Z","01KFEM8JMB54JZHMPXSTXQAQHP","2026-01-20T21:23:54.782813743Z","01KFEMDG33PBD20VCNASATS737","2026-01-20T21:23:54.782813743Z"
"01KFEKTB9D2CK82CM5DRATMW7J","01KFEKHPGYTA3NV92JW708KDS3","2026-01-20T21:08:52.653295934Z",10,"2026-01-20T21:08:58.573727571Z","A","2026-01-20T21:08:57.04206849Z","01KFEKHXG0QSJ727TF9BK0CVWT","2026-01-20T21:08:52.653295934Z","01KFEKGBZDDR87QG9CGWE37DKP","2026-01-20T21:08:52.653295934Z","01KFEKRY0T4BJJ22XXV0A9JK8B","2026-01-20T21:08:52.653295934Z"
"01KFEMJTRSZ19GBARWQRTH0MXG","01KFEKHPC1MSE3FJ7DBY2FGY2F","2026-01-20T21:22:14.937387527Z",17,"2026-01-20T21:22:37.753345256Z","D","2026-01-20T21:22:17.570893787Z","01KFEKHX0GFP3226G2XP5V5QA7","2026-01-20T21:22:14.937387527Z","01KFEM8T7TQADGVJ0QMJDZXZTY","2026-01-20T21:22:14.937387527Z","01KFEMD1390TMGQ7WRQJVCNZRE","2026-01-20T21:22:14.937387527Z"
"01KFEN5373SG1WQ1DCCVECME4N","01KFEKHQ6RN01KDJ4QSDZAWPPS","2026-01-20T21:32:13.411848847Z",0,"2026-01-20T21:32:22.780143131Z","C","2026-01-20T21:32:17.864675928Z","01KFEKHZBEEPDRHKRQPWCS3SGH","2026-01-20T21:32:13.411848847Z","01KFEMM17G5WSXC6D0MGM804RP","2026-01-20T21:32:13.411848847Z","01KFEMVWRK061Z0JS6GG5TXS8K","2026-01-20T21:32:13.411848847Z"
"01KFEM29SR2734JDMN7ZPM1RA3","01KFEKHPC1MSE3FJ7DBY2FGY2F","2026-01-20T21:13:13.272138242Z",19,"2026-01-20T21:13:19.821987694Z","C","2026-01-20T21:13:19.689531302Z","01KFEKHX2RB171QB64SDRQQFHC","2026-01-20T21:13:13.272138242Z","01KFEKJ39TDPNH3F2VQ6ZS2WQR","2026-01-20T21:13:13.272138242Z","01KFEKRH8SRGFCEKCMW90MYTEE","2026-01-20T21:13:13.272138242Z"
"01KFEKTD073DA7J6FT3X6GDJ68","01KFEKHP5PHVKCA3W59M54X4HD","2026-01-20T21:08:54.407247763Z",19,"2026-01-20T21:08:58.906886963Z","C","2026-01-20T21:08:56.832288082Z","01KFEKHW2KQMM6E7GG18D0G9TT","2026-01-20T21:08:54.407247763Z","01KFEKEYRXZWJHM17WAW49T1GG","2026-01-20T21:08:54.407247763Z","01KFEKPR50Y7HB99CVRPYSD7K2","2026-01-20T21:08:54.407247763Z"
"01KFEKY871D1V869ZGSTS30B54","01KFEJ5DKDD8ED3R70AXWWV7TA","2026-01-20T21:11:00.577742163Z",10,"2026-01-20T21:11:04.60843925Z","A","2026-01-20T21:11:03.231275298Z","01KFEJ5DNSX5Y5MH73PBQYYZM3","2026-01-20T21:11:00.577742163Z","01KFEKH56QYDWDZ627S51E8JZX","2026-01-20T21:11:00.577742163Z","01KFEKMR26HZ2TZR4JB0F8P8H7","2026-01-20T21:11:00.577742163Z"
"01KFEMB6S4P9399Z3MQD3ES24G","01KFEKHPC1MSE3FJ7DBY2FGY2F","2026-01-20T21:18:05.092168423Z",29,"2026-01-20T21:18:15.276037565Z","C","2026-01-20T21:18:07.206644273Z","01KFEKHX1P9ZX6RDK1X5H16NSJ","2026-01-20T21:18:05.092168423Z","01KFEM2T8WXSZ319Y9Z8V488ZY","2026-01-20T21:18:05.092168423Z","01KFEM6CKKYWYQBGBQ5HP2TMDX","2026-01-20T21:18:05.092168423Z"
"01KFEMNJRDHREZSJG7NJP2NJ71","01KFEKP90DN3N51AVE1856PVFP","2026-01-20T21:23:45.037929684Z",0,"2026-01-20T21:25:01.914852459Z","C","2026-01-20T21:23:50.452143475Z","01KFEKPARRGKN060WSHP4MXPVN","2026-01-20T21:23:45.037929684Z","01KFEMCK5PSCC7SW5H7XYEWC3R","2026-01-20T21:23:45.037929684Z","01KFEMJWFJJJ5H1QCS94CF3E79","2026-01-20T21:23:45.037929684Z"
"01KFENN1VV1CEA1P83YDTETSNY","01KFEKHQDC2K693XFM5ANS8DHE","2026-01-20T21:40:56.315332402Z",0,"2026-01-20T21:41:02.710888771Z","C","2026-01-20T21:41:01.50329986Z","01KFEKHZJWCME2TD44SWFYQ3JK","2026-01-20T21:40:56.315332402Z","01KFEN3VF2KFDMCBF7BMJ0W416","2026-01-20T21:40:56.315332402Z","01KFENBMY0GYQ91F4WFGQ98DPH","2026-01-20T21:40:56.315332402Z"
"01KFEN52SPX3B808B1JZAT6PFM","01KFEKHQ6RN01KDJ4QSDZAWPPS","2026-01-20T21:32:12.982623352Z",29,"2026-01-20T21:33:39.46745702Z","C","2026-01-20T21:33:39.315772008Z","01KFEKHZCYGXG9E88XG20MH24Y","2026-01-20T21:32:12.982623352Z","01KFEMZ3DY0H8VM8TWW94CE5C0","2026-01-20T21:32:12.982623352Z","01KFEN364CN4TQS1EAEZ2JQ9KP","2026-01-20T21:32:12.982623352Z"
"01KFENGNM764E8TPHKB7N1V57M","01KFEKHQ6RN01KDJ4QSDZAWPPS","2026-01-20T21:38:32.711134614Z",29,"2026-01-20T21:38:36.451949368Z","C","2026-01-20T21:38:34.980334756Z","01KFEKHZCYGXG9E88XG20MH24Y","2026-01-20T21:38:32.711134614Z","01KFEMZ3DY0H8VM8TWW94CE5C0","2026-01-20T21:38:32.711134614Z","01KFEN36NEXH8RZ95NAQVMMDSC","2026-01-20T21:38:32.711134614Z"
"01KFEKQ3M5GAJ04D6EJYNY0D3C","01KFEKHP5PHVKCA3W59M54X4HD","2026-01-20T21:07:06.501911428Z",7,"2026-01-20T21:07:23.19073972Z","D","2026-01-20T21:07:22.623740786Z","01KFEKHW2KQMM6E7GG18D0G9TT","2026-01-20T21:07:06.501911428Z","01KFEKEYRXZWJHM17WAW49T1GG","2026-01-20T21:07:06.501911428Z","01KFEKPR1210RKFMARGMQ97FWM","2026-01-20T21:07:06.501911428Z"
"01KFENPH9HARN7RSHH1BKDVJ1S","01KFEKP8JTD09P5KZK5HC45AYH","2026-01-20T21:41:44.881794162Z",20,"2026-01-20T21:41:49.540140616Z","A","2026-01-20T21:41:48.22944884Z","01KFEKP8SWACZ78Z101DJZ9YZX","2026-01-20T21:41:44.881794162Z","01KFEN3XCJATC6HG39SDG7KSE0","2026-01-20T21:41:44.881794162Z","01KFENEFHCXYNAQEK1CFR7T6ZG","2026-01-20T21:41:44.881794162Z"
"01KFEKZ3J89SAXM9M0JYT6QZF3","01KFEKHPC1MSE3FJ7DBY2FGY2F","2026-01-20T21:11:28.584486369Z",0,"2026-01-20T21:12:49.745317286Z","B","2026-01-20T21:12:49.595630791Z","01KFEKHWZEPZZY95F2XW7M1MFP","2026-01-20T21:11:28.584486369Z","01KFEKGX33HMGGWTV5S5DEFD1Y","2026-01-20T21:11:28.584486369Z","01KFEKQ54NK0Z35JC86QT03Q6C","2026-01-20T21:11:28.584486369Z"
"01KFEMZDXHR46MVMW48EYK3877","01KFEKHQ6RN01KDJ4QSDZAWPPS","2026-01-20T21:29:07.761742279Z",0,"2026-01-20T21:29:14.724616766Z","C","2026-01-20T21:29:14.511822785Z","01KFEKHZBEEPDRHKRQPWCS3SGH","2026-01-20T21:29:07.761742279Z","01KFEMF0SBSYWZ1HCWC99ZE7MJ","2026-01-20T21:29:07.761742279Z","01KFEMVW8Q3MZQJTTXMWTGS93R","2026-01-20T21:29:07.761742279Z"
"01KFEMP9D1D72HX6VYR3ACD6YR","01KFEKHQDC2K693XFM5ANS8DHE","2026-01-20T21:24:08.22513434Z",29,"2026-01-20T21:24:11.275904895Z","C","2026-01-20T21:24:11.030613571Z","01KFEKHZN529E42QD9METE3SFK","2026-01-20T21:24:08.22513434Z","01KFEMAXQT7QKHPN3PD6V9XKR3","2026-01-20T21:24:08.22513434Z","01KFEMG8YK5GX2HZ6EK8XPJF4N","2026-01-20T21:24:08.22513434Z"
"01KFEMWPNDA07WAG4M1YWV89JE","01KFEKP90DN3N51AVE1856PVFP","2026-01-20T21:27:38.413798251Z",10,"2026-01-20T21:27:45.243419693Z","A","2026-01-20T21:27:45.038451219Z","01KFEKPARRGKN060WSHP4MXPVN","2026-01-20T21:27:38.413798251Z","01KFEMCPJ0592DB22F7648NKQD","2026-01-20T21:27:38.413798251Z","01KFEMJWQ5R73S30KRXTBEZRCG","2026-01-20T21:27:38.413798251Z"
"01KFENDERVSK75DJAP4BNEPWCJ","01KFEKHQDC2K693XFM5ANS8DHE","2026-01-20T21:36:47.387368458Z",17,"2026-01-20T21:36:49.759814343Z","D","2026-01-20T21:36:49.613130425Z","01KFEKHZKRT77TCYW9QR636P3H","2026-01-20T21:36:47.387368458Z","01KFEMZTH1KPE39TS4QCXRY5YJ","2026-01-20T21:36:47.387368458Z","01KFEN4B9H7QVE8YB67YN17VNR","2026-01-20T21:36:47.387368458Z"
"01KFEKV1VG8C26DE5XSWQ0MCM7","01KFEJ5D47V2DPV4P7KW69CWA7","2026-01-20T21:09:15.760290342Z",17,"2026-01-20T21:09:42.620760417Z","D","2026-01-20T21:09:23.359166714Z","01KFEJ5D6TNJMBKPJMAENEXHMP","2026-01-20T21:09:15.760290342Z","01KFEKDA9NJGRKFSSAT3ZXZ5QE","2026-01-20T21:09:15.760290342Z","01KFEKJ3RQWMQRER4PNMP8Q0M0","2026-01-20T21:09:15.760290342Z"
"01KFEKX0F3G13XR5FPMFJQ44DQ","01KFEKHPGYTA3NV92JW708KDS3","2026-01-20T21:10:19.875401938Z",20,"2026-01-20T21:10:22.378518991Z","A","2026-01-20T21:10:22.190103867Z","01KFEKHXG0QSJ727TF9BK0CVWT","2026-01-20T21:10:19.875401938Z","01KFEKGBZDDR87QG9CGWE37DKP","2026-01-20T21:10:19.875401938Z","01KFEKRXWEGMF6AE6D9KHYXRS6","2026-01-20T21:10:19.875401938Z"
"01KFEMYKTNZMCEXQBE2CCRPKEF","01KFEKHQ6RN01KDJ4QSDZAWPPS","2026-01-20T21:28:41.045668742Z",7,"2026-01-20T21:28:48.865458905Z","D","2026-01-20T21:28:48.566013708Z","01KFEKHZBEEPDRHKRQPWCS3SGH","2026-01-20T21:28:41.045668742Z","01KFEMF0SBSYWZ1HCWC99ZE7MJ","2026-01-20T21:28:41.045668742Z","01KFEMVWA9STZFK1XBW08Q0N45","2026-01-20T21:28:41.045668742Z"
"01KFEKSBAMJKMR4MDEGHBHXQXD","01KFEJ5E832Q64ZNG3ZKPXGHJ5","2026-01-20T21:08:19.924467866Z",29,"2026-01-20T21:08:23.368882579Z","C","2026-01-20T21:08:23.157416731Z","01KFEJ5E9BF1S7ZWGC98397B4G","2026-01-20T21:08:19.924467866Z","01KFEKF18JVGP7RPPBWJM1C6F5","2026-01-20T21:08:19.924467866Z","01KFEKMDNJZW48ZDX9VHXA1PQX","2026-01-20T21:08:19.924467866Z"
"01KFEM2VHGD5E65WR37JDW7Y72","01KFEKHPC1MSE3FJ7DBY2FGY2F","2026-01-20T21:13:31.440766312Z",0,"2026-01-20T21:13:39.668067825Z","D","2026-01-20T21:13:39.504267561Z","01KFEKHWZEPZZY95F2XW7M1MFP","2026-01-20T21:13:31.440766312Z","01KFEKGX33HMGGWTV5S5DEFD1Y","2026-01-20T21:13:31.440766312Z","01KFEKQ51J7CH7HF807YENXSV3","2026-01-20T21:13:31.440766312Z"
"01KFEMNF7QE02ZXE1NXQ9KGXW7","01KFEKP9631FDC5MHAJ7BGRGH7","2026-01-20T21:23:41.43184916Z",19,"2026-01-20T21:23:56.223224652Z","C","2026-01-20T21:23:51.707651969Z","01KFEKPB2MD43HRXJ5S36AZP95","2026-01-20T21:23:41.43184916Z","01KFEMBNJZT4WFKT0SV2QH9MSW","2026-01-20T21:23:41.43184916Z","01KFEMMXTJTDCFQTD02GYYKYSZ","2026-01-20T21:23:41.43184916Z"
"01KFEKX9472A8S10XHN4FXYQ5K","01KFEJ5DKDD8ED3R70AXWWV7TA","2026-01-20T21:10:28.743482302Z",0,"2026-01-20T21:10:35.054144264Z","A","2026-01-20T21:10:34.411063242Z","01KFEJ5DNSX5Y5MH73PBQYYZM3","2026-01-20T21:10:28.743482302Z","01KFEKEP42W1KWM0E304T7Q0E4","2026-01-20T21:10:28.743482302Z","01KFEKMQZQ9Z4HHQ0K8S03DGZT","2026-01-20T21:10:28.743482302Z"
"01KFEKK4FES6JNDX7B014540Z7","01KFEJ5DKDD8ED3R70AXWWV7TA","2026-01-20T21:04:56.302196225Z",29,"2026-01-20T21:05:04.316750765Z","C","2026-01-20T21:05:04.204863401Z","01KFEJ5DPRA3SJMDJ397B8T8C1","2026-01-20T21:04:56.302196225Z","01KFEK01H1YPA1JPJ9R7TY1GMF","2026-01-20T21:04:56.302196225Z","01KFEK961FQMASD67ZNEYJ3770","2026-01-20T21:04:56.302196225Z"
"01KFEKWQJQHN84VTR867FYEDVY","01KFEKHP5PHVKCA3W59M54X4HD","2026-01-20T21:10:10.775268905Z",19,"2026-01-20T21:10:14.422477559Z","C","2026-01-20T21:10:13.631778263Z","01KFEKHW2KQMM6E7GG18D0G9TT","2026-01-20T21:10:10.775268905Z","01KFEKEYRXZWJHM17WAW49T1GG","2026-01-20T21:10:10.775268905Z","01KFEKPR8VWEDKH43NFQNG81KX","2026-01-20T21:10:10.775268905Z"
"01KFEKHKT35FR2K53828RR9DS3","01KFEJ5D47V2DPV4P7KW69CWA7","2026-01-20T21:04:06.467277104Z",17,"2026-01-20T21:04:35.782650807Z","D","2026-01-20T21:04:16.867365801Z","01KFEJ5D5EZSQZ1FHTABW8Z6HQ","2026-01-20T21:04:06.467277104Z","01KFEK43BY9D5G2GXTKTDV7QBX","2026-01-20T21:04:06.467277104Z","01KFEKHAPTD807S43PRSSQ6519","2026-01-20T21:04:06.467277104Z"
"01KFEMJSQQPBWD0MABXJAT4KM9","01KFEKHQDC2K693XFM5ANS8DHE","2026-01-20T21:22:13.879153172Z",0,"2026-01-20T21:22:38.538880137Z","B","2026-01-20T21:22:18.564904282Z","01KFEKHZN529E42QD9METE3SFK","2026-01-20T21:22:13.879153172Z","01KFEMC66GX6VYABMARMTEQ575","2026-01-20T21:22:13.879153172Z","01KFEMG8JKG032H11QPG44W3FA","2026-01-20T21:22:13.879153172Z"
"01KFEMWGAB90XQRJ03ZSQHA5BV","01KFEKP9631FDC5MHAJ7BGRGH7","2026-01-20T21:27:31.91586906Z",17,"2026-01-20T21:28:33.098602118Z","D","2026-01-20T21:28:32.890797126Z","01KFEKPB2MD43HRXJ5S36AZP95","2026-01-20T21:27:31.91586906Z","01KFEMA144DFQ2N92D33VDGEBF","2026-01-20T21:27:31.91586906Z","01KFEMMY78W1ZK49RJS5H5NGRA","2026-01-20T21:27:31.91586906Z"
"01KFEKVR8324ZQKKK21XC629VW","01KFEJ5E832Q64ZNG3ZKPXGHJ5","2026-01-20T21:09:38.691479101Z",29,"2026-01-20T21:09:40.766922614Z","C","2026-01-20T21:09:40.657311305Z","01KFEJ5E9BF1S7ZWGC98397B4G","2026-01-20T21:09:38.691479101Z","01KFEKF18JVGP7RPPBWJM1C6F5","2026-01-20T21:09:38.691479101Z","01KFEKMDY8HQCGG1KYM859VQ42","2026-01-20T21:09:38.691479101Z"
"01KFEMNWANJSS2MQV2EHZAV4NV","01KFEKHPGYTA3NV92JW708KDS3","2026-01-20T21:23:54.837653961Z",29,"2026-01-20T21:24:35.903295787Z","C","2026-01-20T21:24:17.285035068Z","01KFEKHXK7R8H3J1J8XZRRFJYB","2026-01-20T21:23:54.837653961Z","01KFEM9GMDKNEQA3ZWG27ZV1NT","2026-01-20T21:23:54.837653961Z","01KFEMDG33PBD20VCNASATS737","2026-01-20T21:23:54.837653961Z"
"01KFEMRD8PEXJ2JMJRT0MPMZ1G","01KFEKHQDC2K693XFM5ANS8DHE","2026-01-20T21:25:17.718881098Z",19,"2026-01-20T21:25:20.42024838Z","C","2026-01-20T21:25:20.237843177Z","01KFEKHZN529E42QD9METE3SFK","2026-01-20T21:25:17.718881098Z","01KFEMAXQT7QKHPN3PD6V9XKR3","2026-01-20T21:25:17.718881098Z","01KFEMG944JDH24C9TP3MP749X","2026-01-20T21:25:17.718881098Z"
"01KFEN2W31KRDGGMV3YS26W8E6","01KFEKP90DN3N51AVE1856PVFP","2026-01-20T21:31:00.577211906Z",0,"2026-01-20T21:31:08.148248102Z","C","2026-01-20T21:31:07.886300738Z","01KFEKPARRGKN060WSHP4MXPVN","2026-01-20T21:31:00.577211906Z","01KFEMCPJ0592DB22F7648NKQD","2026-01-20T21:31:00.577211906Z","01KFEMJX35DJP6APH15BTBVJ2F","2026-01-20T21:31:00.577211906Z"
"01KFENH1KGJ62V0ZZG0F7PT8CQ","01KFEKP8JTD09P5KZK5HC45AYH","2026-01-20T21:38:44.976591561Z",10,"2026-01-20T21:38:54.39010478Z","B","2026-01-20T21:38:51.886084921Z","01KFEKP8SWACZ78Z101DJZ9YZX","2026-01-20T21:38:44.976591561Z","01KFEN1V09JT6DJQFTMJT9XVS1","2026-01-20T21:38:44.976591561Z","01KFENEEY9DVTF0MHRDAH9WWBX","2026-01-20T21:38:44.976591561Z"
"01KFEMXV2GT551P72J4M8J2A8Z","01KFEKP90DN3N51AVE1856PVFP","2026-01-20T21:28:15.69611039Z",29,"2026-01-20T21:28:28.508752336Z","C","2026-01-20T21:28:28.030361282Z","01KFEKPARRGKN060WSHP4MXPVN","2026-01-20T21:28:15.69611039Z","01KFEMCPJ0592DB22F7648NKQD","2026-01-20T21:28:15.69611039Z","01KFEMJWS31QKA4V8SHESS0AYW","2026-01-20T21:28:15.69611039Z"
"01KFEMNF60MEE6VWH938HJHD8Q","01KFEKP9631FDC5MHAJ7BGRGH7","2026-01-20T21:23:41.376838903Z",10,"2026-01-20T21:23:56.223224652Z","B","2026-01-20T21:23:54.672006865Z","01KFEKPB2MD43HRXJ5S36AZP95","2026-01-20T21:23:41.376838903Z","01KFEMA144DFQ2N92D33VDGEBF","2026-01-20T21:23:41.376838903Z","01KFEMMXTJTDCFQTD02GYYKYSZ","2026-01-20T21:23:41.376838903Z"
"01KFEKENSEKPBTW4STVXNQSX5J","01KFEJ5CPJ5RGARFNN6Z0PCT4Q","2026-01-20T21:02:30.190568337Z",10,"2026-01-20T21:02:37.779189961Z","A","2026-01-20T21:02:37.640367071Z","01KFEJ5CQQ00MKPGMA298B0BDM","2026-01-20T21:02:30.190568337Z","01KFEK73K44W3P90S9METDZ39A","2026-01-20T21:02:30.190568337Z","01KFEK9MNWD1KNV05BDKQF9E3P","2026-01-20T21:02:30.190568337Z"
"01KFEKZ46HDT26G3TPH0WWWPAA","01KFEKHPC1MSE3FJ7DBY2FGY2F","2026-01-20T21:11:29.233103666Z",19,"2026-01-20T21:11:34.4468734Z","C","2026-01-20T21:11:33.807311573Z","01KFEKHX2RB171QB64SDRQQFHC","2026-01-20T21:11:29.233103666Z","01KFEKJ39TDPNH3F2VQ6ZS2WQR","2026-01-20T21:11:29.233103666Z","01KFEKRH311WWMP4PWE51C6CXD","2026-01-20T21:11:29.233103666Z"
"01KFEKW0VJ1B4QGK401KFJCXQG","01KFEKHPGYTA3NV92JW708KDS3","2026-01-20T21:09:47.507028497Z",0,"2026-01-20T21:09:50.765334054Z","C","2026-01-20T21:09:50.655105703Z","01KFEKHXG0QSJ727TF9BK0CVWT","2026-01-20T21:09:47.507028497Z","01KFEKHMBXJQ8V8MN80AG07QXK","2026-01-20T21:09:47.507028497Z","01KFEKRY3RFW4F9KC7BJ0TJ4GZ","2026-01-20T21:09:47.507028497Z"
"01KFEKVNJQQ7AP83GCKGPYAA1T","01KFEKHPC1MSE3FJ7DBY2FGY2F","2026-01-20T21:09:35.959428505Z",17,"2026-01-20T21:09:43.856314068Z","D","2026-01-20T21:09:43.682477403Z","01KFEKHX2RB171QB64SDRQQFHC","2026-01-20T21:09:35.959428505Z","01KFEKMQJYX5BJJG3C1JG69E20","2026-01-20T21:09:35.959428505Z","01KFEKRGV6N0ZXYVXF7JYG2WJV","2026-01-20T21:09:35.959428505Z"
"01KFEN1XJCQ789Q2GQRVSP4R1V","01KFEKHQ6RN01KDJ4QSDZAWPPS","2026-01-20T21:30:29.325024708Z",0,"2026-01-20T21:30:35.886797191Z","C","2026-01-20T21:30:35.587797226Z","01KFEKHZBEEPDRHKRQPWCS3SGH","2026-01-20T21:30:29.325024708Z","01KFEMM17G5WSXC6D0MGM804RP","2026-01-20T21:30:29.325024708Z","01KFEMVWCMQQH11T6TPFPWK1ZD","2026-01-20T21:30:29.325024708Z"
"01KFEKXKS3NX7GXF2BJ3D8TPGQ","01KFEJ5DKDD8ED3R70AXWWV7TA","2026-01-20T21:10:39.651073847Z",19,"2026-01-20T21:10:48.911063581Z","C","2026-01-20T21:10:47.880924122Z","01KFEJ5DNSX5Y5MH73PBQYYZM3","2026-01-20T21:10:39.651073847Z","01KFEKH56QYDWDZ627S51E8JZX","2026-01-20T21:10:39.651073847Z","01KFEKMR0X8W69FSBG3G9Y8GBY","2026-01-20T21:10:39.651073847Z"
"01KFEN03KASEFX72Y7CEC1DEQ5","01KFEKP9631FDC5MHAJ7BGRGH7","2026-01-20T21:29:29.962194537Z",29,"2026-01-20T21:29:33.16318122Z","C","2026-01-20T21:29:32.788817083Z","01KFEKPB2MD43HRXJ5S36AZP95","2026-01-20T21:29:29.962194537Z","01KFEMBNJZT4WFKT0SV2QH9MSW","2026-01-20T21:29:29.962194537Z","01KFEMMYDMHR535EKYY4W6B9MM","2026-01-20T21:29:29.962194537Z"
"01KFENDTKBJ04TN85KW2MAYGRP","01KFEKHPXA861Q1DG96X1DM2E6","2026-01-20T21:36:59.499862452Z",17,"2026-01-20T21:37:02.921384257Z","D","2026-01-20T21:37:02.325837474Z","01KFEKHYHJB14HYQ6WNW69M0EN","2026-01-20T21:36:59.499862452Z","01KFEMYTYF2ENKG7SYCSVCBX9H","2026-01-20T21:36:59.499862452Z","01KFEN71HXF7PQ1J8ZYFF7WGSR","2026-01-20T21:36:59.499862452Z"
"01KFEKXYT8XMA8C123PFMT8GJ0","01KFEKHPC1MSE3FJ7DBY2FGY2F","2026-01-20T21:10:50.952517144Z",10,"2026-01-20T21:10:57.671896251Z","A","2026-01-20T21:10:57.032566406Z","01KFEKHWZEPZZY95F2XW7M1MFP","2026-01-20T21:10:50.952517144Z","01KFEKGX33HMGGWTV5S5DEFD1Y","2026-01-20T21:10:50.952517144Z","01KFEKQ5AP1AG6EN1PPFFJS0BS","2026-01-20T21:10:50.952517144Z"
"01KFEK9V2K9D7NSA1DV559W7NE","01KFEJ5CPJ5RGARFNN6Z0PCT4Q","2026-01-20T20:59:51.76388795Z",17,"2026-01-20T21:00:50.309568316Z","D","2026-01-20T20:59:57.220730886Z","01KFEJ5CQQ00MKPGMA298B0BDM","2026-01-20T20:59:51.76388795Z","01KFEK73K44W3P90S9METDZ39A","2026-01-20T20:59:51.76388795Z","01KFEK9MHDHT1X35W1F6XJ8ZXH","2026-01-20T20:59:51.76388795Z"
"01KFEM6R3M5QA9FS2AJ3BJHM4Q","01KFEKHPC1MSE3FJ7DBY2FGY2F","2026-01-20T21:15:38.996878593Z",10,"2026-01-20T21:16:00.335769466Z","A","2026-01-20T21:16:00.198063911Z","01KFEKHX1P9ZX6RDK1X5H16NSJ","2026-01-20T21:15:38.996878593Z","01KFEKYDBHRB0V4J8GGC1RRNB4","2026-01-20T21:15:38.996878593Z","01KFEM6CA1MT26BA84MTDAE0CY","2026-01-20T21:15:38.996878593Z"
"01KFEM03DSPKX74BY8X1CDJ05R","01KFEJ5DKDD8ED3R70AXWWV7TA","2026-01-20T21:12:01.20990945Z",7,"2026-01-20T21:12:06.342709585Z","D","2026-01-20T21:12:05.408421274Z","01KFEJ5DNSX5Y5MH73PBQYYZM3","2026-01-20T21:12:01.20990945Z","01KFEKEP42W1KWM0E304T7Q0E4","2026-01-20T21:12:01.20990945Z","01KFEKMR4HMJ8S3TJHZCWCBS1A","2026-01-20T21:12:01.20990945Z"
"01KFEMFQ89E45HT5FB7YBFZFMS","01KFEKHPGYTA3NV92JW708KDS3","2026-01-20T21:20:33.033170272Z",10,"2026-01-20T21:20:44.324981384Z","A","2026-01-20T21:20:44.115271782Z","01KFEKHXK7R8H3J1J8XZRRFJYB","2026-01-20T21:20:33.033170272Z","01KFEM8JMB54JZHMPXSTXQAQHP","2026-01-20T21:20:33.033170272Z","01KFEMDFQX95N1B909NHWMNAGY","2026-01-20T21:20:33.033170272Z"
"01KFEKBZ5EYQ34T42S9XXVJ032","01KFEJ5DKDD8ED3R70AXWWV7TA","2026-01-20T21:01:01.486566475Z",10,"2026-01-20T21:01:05.507480392Z","A","2026-01-20T21:01:05.449411211Z","01KFEJ5DPRA3SJMDJ397B8T8C1","2026-01-20T21:01:01.486566475Z","01KFEJTTYE1JJF4JNZFR32N2T9","2026-01-20T21:01:01.486566475Z","01KFEK95VS4RB7TRK5NST1V155","2026-01-20T21:01:01.486566475Z"
"01KFEKCMXS3YX93ENXSK90HV2N","01KFEJ5DKDD8ED3R70AXWWV7TA","2026-01-20T21:01:23.76923687Z",29,"2026-01-20T21:02:07.020395092Z","C","2026-01-20T21:02:06.94974881Z","01KFEJ5DPRA3SJMDJ397B8T8C1","2026-01-20T21:01:23.76923687Z","01KFEJTTYE1JJF4JNZFR32N2T9","2026-01-20T21:01:23.76923687Z","01KFEK95XCN342TRXGD6H13F8H","2026-01-20T21:01:23.76923687Z"
"01KFEKYAZPA49HN8VKYS5WPRJN","01KFEKHPC1MSE3FJ7DBY2FGY2F","2026-01-20T21:11:03.414643527Z",19,"2026-01-20T21:11:09.986382961Z","C","2026-01-20T21:11:05.463801121Z","01KFEKHX2RB171QB64SDRQQFHC","2026-01-20T21:11:03.414643527Z","01KFEKJ39TDPNH3F2VQ6ZS2WQR","2026-01-20T21:11:03.414643527Z","01KFEKRGZW7EC98AH63BAV4MR1","2026-01-20T21:11:03.414643527Z"
"01KFEKQX11ZCJ9C1F1H0C0G9QR","01KFEJ5E832Q64ZNG3ZKPXGHJ5","2026-01-20T21:07:32.513518242Z",19,"2026-01-20T21:07:34.491779338Z","C","2026-01-20T21:07:34.231558037Z","01KFEJ5E9BF1S7ZWGC98397B4G","2026-01-20T21:07:32.513518242Z","01KFEKF18JVGP7RPPBWJM1C6F5","2026-01-20T21:07:32.513518242Z","01KFEKMDJQYQEPG2ZCVMXNPDMZ","2026-01-20T21:07:32.513518242Z"
"01KFEKJGNV6JFGWWQ5R1BA70QN","01KFEJ5D47V2DPV4P7KW69CWA7","2026-01-20T21:04:36.027717551Z",0,"2026-01-20T21:04:45.948387505Z","C","2026-01-20T21:04:45.839677898Z","01KFEJ5D6TNJMBKPJMAENEXHMP","2026-01-20T21:04:36.027717551Z","01KFEKDA9NJGRKFSSAT3ZXZ5QE","2026-01-20T21:04:36.027717551Z","01KFEKJ3Z5B9AQWMV63WV894PS","2026-01-20T21:04:36.027717551Z"
"01KFEMYNKR6A9M0H9S0D1HAK3A","01KFEKP9631FDC5MHAJ7BGRGH7","2026-01-20T21:28:42.872250938Z",17,"2026-01-20T21:28:49.519491316Z","D","2026-01-20T21:28:46.333270842Z","01KFEKPB2MD43HRXJ5S36AZP95","2026-01-20T21:28:42.872250938Z","01KFEMA144DFQ2N92D33VDGEBF","2026-01-20T21:28:42.872250938Z","01KFEMMY9FPZDYXT5CZ0BRV7XA","2026-01-20T21:28:42.872250938Z"
"01KFEM37QJ06JBQP9NM7Y34AEA","01KFEKHPC1MSE3FJ7DBY2FGY2F","2026-01-20T21:13:43.922524837Z",19,"2026-01-20T21:13:51.772446653Z","C","2026-01-20T21:13:50.346278702Z","01KFEKHWZEPZZY95F2XW7M1MFP","2026-01-20T21:13:43.922524837Z","01KFEKH2E82JWZZAXCHQQKPEBM","2026-01-20T21:13:43.922524837Z","01KFEKQ505JS9ES8C61TRTXQ72","2026-01-20T21:13:43.922524837Z"
"01KFEKDEG7APV664F59GYNV4S7","01KFEJ5CPJ5RGARFNN6Z0PCT4Q","2026-01-20T21:01:49.95925271Z",0,"2026-01-20T21:01:52.8653831Z","B","2026-01-20T21:01:52.778114781Z","01KFEJ5CQQ00MKPGMA298B0BDM","2026-01-20T21:01:49.95925271Z","01KFEK73K44W3P90S9METDZ39A","2026-01-20T21:01:49.95925271Z","01KFEK9MKEAYJBES97PFP6FXNT","2026-01-20T21:01:49.95925271Z"
"01KFEKN1WVSNJFSSXBSJQF0PFD","01KFEJ5DKDD8ED3R70AXWWV7TA","2026-01-20T21:05:59.19529401Z",10,"2026-01-20T21:06:19.002609285Z","B","2026-01-20T21:06:05.550824301Z","01KFEJ5DNSX5Y5MH73PBQYYZM3","2026-01-20T21:05:59.19529401Z","01KFEKEP42W1KWM0E304T7Q0E4","2026-01-20T21:05:59.19529401Z","01KFEKMQSGT9TTCQS1A95ANYGH","2026-01-20T21:05:59.19529401Z"
"01KFEKSKC1NP25XJ2DC69W8GN2","01KFEJ5D47V2DPV4P7KW69CWA7","2026-01-20T21:08:28.161948446Z",19,"2026-01-20T21:08:41.376617616Z","C","2026-01-20T21:08:30.067576711Z","01KFEJ5D5EZSQZ1FHTABW8Z6HQ","2026-01-20T21:08:28.161948446Z","01KFEKEX3VSEJ79DPFZ13BZNQ0","2026-01-20T21:08:28.161948446Z","01KFEKHAYXT3XGHS1PG8NJFK1V","2026-01-20T21:08:28.161948446Z"
"01KFEMRD7C3SAW9P1X1A6YMG5T","01KFEKHQDC2K693XFM5ANS8DHE","2026-01-20T21:25:17.67674528Z",10,"2026-01-20T21:25:20.42024838Z","A","2026-01-20T21:25:19.978348002Z","01KFEKHZN529E42QD9METE3SFK","2026-01-20T21:25:17.67674528Z","01KFEMC66GX6VYABMARMTEQ575","2026-01-20T21:25:17.67674528Z","01KFEMG944JDH24C9TP3MP749X","2026-01-20T21:25:17.67674528Z"
"01KFEKV4QG1VY7RVPBPCFHBVEX","01KFEJ5D47V2DPV4P7KW69CWA7","2026-01-20T21:09:18.704834928Z",17,"2026-01-20T21:09:24.667288204Z","D","2026-01-20T21:09:23.965379339Z","01KFEJ5D5EZSQZ1FHTABW8Z6HQ","2026-01-20T21:09:18.704834928Z","01KFEK43BY9D5G2GXTKTDV7QBX","2026-01-20T21:09:18.704834928Z","01KFEKHB6353KX94PQXJYHHM40","2026-01-20T21:09:18.704834928Z"
"01KFEMNR6V9K5WZFGY44E51SS7","01KFEKHPC1MSE3FJ7DBY2FGY2F","2026-01-20T21:23:50.619225231Z",10,"2026-01-20T21:23:55.165158628Z","A","2026-01-20T21:23:54.025473893Z","01KFEKHX0GFP3226G2XP5V5QA7","2026-01-20T21:23:50.619225231Z","01KFEM8T7TQADGVJ0QMJDZXZTY","2026-01-20T21:23:50.619225231Z","01KFEMD1B8NJ213CDC6PNCN8C3","2026-01-20T21:23:50.619225231Z"
"01KFEKVAR8ZCZMVS4WZTJ78E7M","01KFEKHPC1MSE3FJ7DBY2FGY2F","2026-01-20T21:09:24.872178767Z",29,"2026-01-20T21:09:35.275998477Z","C","2026-01-20T21:09:33.66453855Z","01KFEKHWZEPZZY95F2XW7M1MFP","2026-01-20T21:09:24.872178767Z","01KFEKH2E82JWZZAXCHQQKPEBM","2026-01-20T21:09:24.872178767Z","01KFEKQ4W3RXXXK9CC3QHWFA5P","2026-01-20T21:09:24.872178767Z"
"01KFEN0D9GZRXDY09CAME5SBF8","01KFEKP90DN3N51AVE1856PVFP","2026-01-20T21:29:39.888195909Z",17,"2026-01-20T21:29:57.410152201Z","D","2026-01-20T21:29:45.117469424Z","01KFEKPARRGKN060WSHP4MXPVN","2026-01-20T21:29:39.888195909Z","01KFEMCK5PSCC7SW5H7XYEWC3R","2026-01-20T21:29:39.888195909Z","01KFEMJWWXTZM2Y4D89PEBWPY6","2026-01-20T21:29:39.888195909Z"
"01KFEKRWDD5J3B91E3D3E6S42D","01KFEKHPC1MSE3FJ7DBY2FGY2F","2026-01-20T21:08:04.653803101Z",0,"2026-01-20T21:08:33.235013222Z","B","2026-01-20T21:08:09.919089533Z","01KFEKHX2RB171QB64SDRQQFHC","2026-01-20T21:08:04.653803101Z","01KFEKMQJYX5BJJG3C1JG69E20","2026-01-20T21:08:04.653803101Z","01KFEKRGPEW0VYHPF1Y71MXPV9","2026-01-20T21:08:04.653803101Z"
"01KFEMBXDPZQ5N5FJ1F5PWBWN8","01KFEKHPC1MSE3FJ7DBY2FGY2F","2026-01-20T21:18:28.2782487Z",29,"2026-01-20T21:18:31.103164002Z","C","2026-01-20T21:18:30.8314327Z","01KFEKHX1P9ZX6RDK1X5H16NSJ","2026-01-20T21:18:28.2782487Z","01KFEM2T8WXSZ319Y9Z8V488ZY","2026-01-20T21:18:28.2782487Z","01KFEM6CPS9DKT1Z2T3HC4N4FS","2026-01-20T21:18:28.2782487Z"
"01KFEKY4GVAP03EXSSDZQCHP2K","01KFEKHPGYTA3NV92JW708KDS3","2026-01-20T21:10:56.795071853Z",0,"2026-01-20T21:10:59.185807349Z","C","2026-01-20T21:10:59.056513061Z","01KFEKHXG0QSJ727TF9BK0CVWT","2026-01-20T21:10:56.795071853Z","01KFEKGBZDDR87QG9CGWE37DKP","2026-01-20T21:10:56.795071853Z","01KFEKRYBYA46PDW446VMM9EK0","2026-01-20T21:10:56.795071853Z"
"01KFEKSAJPG92F61SJ6FGJMNGF","01KFEKHPGYTA3NV92JW708KDS3","2026-01-20T21:08:19.15901732Z",20,"2026-01-20T21:08:28.976526749Z","A","2026-01-20T21:08:24.23838125Z","01KFEKHXG0QSJ727TF9BK0CVWT","2026-01-20T21:08:19.15901732Z","01KFEKGBZDDR87QG9CGWE37DKP","2026-01-20T21:08:19.15901732Z","01KFEKRXTRFXE9S72SGK4Z80GY","2026-01-20T21:08:19.15901732Z"
"01KFEMFT9SKG8HBCEZKJK50P34","01KFEKHPC1MSE3FJ7DBY2FGY2F","2026-01-20T21:20:36.153301786Z",17,"2026-01-20T21:20:39.351815647Z","D","2026-01-20T21:20:39.186857628Z","01KFEKHX1P9ZX6RDK1X5H16NSJ","2026-01-20T21:20:36.153301786Z","01KFEKYDBHRB0V4J8GGC1RRNB4","2026-01-20T21:20:36.153301786Z","01KFEM6CVTFRJ2JSMXZYH6TRQ6","2026-01-20T21:20:36.153301786Z"
"01KFEKVC38PKP5600RME1HM83T","01KFEJ5DKDD8ED3R70AXWWV7TA","2026-01-20T21:09:26.248621987Z",19,"2026-01-20T21:09:37.643047144Z","C","2026-01-20T21:09:29.075654219Z","01KFEJ5DNSX5Y5MH73PBQYYZM3","2026-01-20T21:09:26.248621987Z","01KFEKEP42W1KWM0E304T7Q0E4","2026-01-20T21:09:26.248621987Z","01KFEKMQXAGJYMTYR6Y93FTQC5","2026-01-20T21:09:26.248621987Z"
"01KFEKY94JF90D9NCBR8MNCJCE","01KFEKHPGYTA3NV92JW708KDS3","2026-01-20T21:11:01.522627923Z",0,"2026-01-20T21:11:05.20919357Z","B","2026-01-20T21:11:04.341337708Z","01KFEKHXG0QSJ727TF9BK0CVWT","2026-01-20T21:11:01.522627923Z","01KFEKHMBXJQ8V8MN80AG07QXK","2026-01-20T21:11:01.522627923Z","01KFEKRYDF87YXYQ728460Q9GN","2026-01-20T21:11:01.522627923Z"
"01KFEMMXA6VW14P3JME3VTEW7N","01KFEKHPC1MSE3FJ7DBY2FGY2F","2026-01-20T21:23:23.078616843Z",0,"2026-01-20T21:23:43.575630518Z","C","2026-01-20T21:23:31.219529369Z","01KFEKHX0GFP3226G2XP5V5QA7","2026-01-20T21:23:23.078616843Z","01KFEM7WBDAJE6T5GGXJ4D59J9","2026-01-20T21:23:23.078616843Z","01KFEMD19601ZK89ZEP9JPCFM7","2026-01-20T21:23:23.078616843Z"
"01KFEKAX9AW0FGK42DJX01P3JV","01KFEJ5DKDD8ED3R70AXWWV7TA","2026-01-20T21:00:26.79444637Z",10,"2026-01-20T21:00:30.734472266Z","B","2026-01-20T21:00:30.344828021Z","01KFEJ5DPRA3SJMDJ397B8T8C1","2026-01-20T21:00:26.79444637Z","01KFEK01H1YPA1JPJ9R7TY1GMF","2026-01-20T21:00:26.79444637Z","01KFEK95RJV38B192FRCF6JZ62","2026-01-20T21:00:26.79444637Z"
"01KFEMM6G43YW0D7BGDR15ZKZA","01KFEKHPGYTA3NV92JW708KDS3","2026-01-20T21:22:59.716928765Z",17,"2026-01-20T21:23:12.127654249Z","D","2026-01-20T21:23:04.816744732Z","01KFEKHXK7R8H3J1J8XZRRFJYB","2026-01-20T21:22:59.716928765Z","01KFEM8JMB54JZHMPXSTXQAQHP","2026-01-20T21:22:59.716928765Z","01KFEMDFZGCP233F97S9V77MZB","2026-01-20T21:22:59.716928765Z"
"01KFEMGTD8C03VKERTZJCGSEKT","01KFEKHPGYTA3NV92JW708KDS3","2026-01-20T21:21:09.032847692Z",17,"2026-01-20T21:21:17.076401465Z","D","2026-01-20T21:21:16.923705303Z","01KFEKHXK7R8H3J1J8XZRRFJYB","2026-01-20T21:21:09.032847692Z","01KFEM8JMB54JZHMPXSTXQAQHP","2026-01-20T21:21:09.032847692Z","01KFEMDFNXVN1HC9D87AHEJVF1","2026-01-20T21:21:09.032847692Z"
"01KFENHMH94PZFXYW54ZC22EDB","01KFEKP8JTD09P5KZK5HC45AYH","2026-01-20T21:39:04.361501247Z",20,"2026-01-20T21:39:32.146826458Z","B","2026-01-20T21:39:10.883696113Z","01KFEKP8SWACZ78Z101DJZ9YZX","2026-01-20T21:39:04.361501247Z","01KFEN1V09JT6DJQFTMJT9XVS1","2026-01-20T21:39:04.361501247Z","01KFENEG10CJ4Z6XMM0SQ4QGPM","2026-01-20T21:39:04.361501247Z"
"01KFEKTB1R5DFBW3AT30KXK7FB","01KFEJ5DKDD8ED3R70AXWWV7TA","2026-01-20T21:08:52.408719756Z",20,"2026-01-20T21:09:14.301803007Z","A","2026-01-20T21:08:56.443635924Z","01KFEJ5DNSX5Y5MH73PBQYYZM3","2026-01-20T21:08:52.408719756Z","01KFEKH56QYDWDZ627S51E8JZX","2026-01-20T21:08:52.408719756Z","01KFEKMQW2MN0D2BG1R9WXHWWC","2026-01-20T21:08:52.408719756Z"
"01KFEN9J1QM31DJVWHSWAEHWP7","01KFEKHPXA861Q1DG96X1DM2E6","2026-01-20T21:34:39.671420651Z",29,"2026-01-20T21:34:45.454097318Z","C","2026-01-20T21:34:43.513634657Z","01KFEKHYHJB14HYQ6WNW69M0EN","2026-01-20T21:34:39.671420651Z","01KFEMYH9MRESN2DNVY0DYZ05B","2026-01-20T21:34:39.671420651Z","01KFEN70YGQJF8Q3M8E5AJYP86","2026-01-20T21:34:39.671420651Z"
"01KFEMWPQ25DKP87DCJXP1AEEN","01KFEKP90DN3N51AVE1856PVFP","2026-01-20T21:27:38.466356866Z",19,"2026-01-20T21:27:45.243419693Z","C","2026-01-20T21:27:44.869099623Z","01KFEKPARRGKN060WSHP4MXPVN","2026-01-20T21:27:38.466356866Z","01KFEMCK5PSCC7SW5H7XYEWC3R","2026-01-20T21:27:38.466356866Z","01KFEMJWQ5R73S30KRXTBEZRCG","2026-01-20T21:27:38.466356866Z"
"01KFEN8H4NYWXX98HC34VHR6RK","01KFEKHQDC2K693XFM5ANS8DHE","2026-01-20T21:34:05.973959976Z",17,"2026-01-20T21:34:13.095320756Z","D","2026-01-20T21:34:07.887556831Z","01KFEKHZKRT77TCYW9QR636P3H","2026-01-20T21:34:05.973959976Z","01KFEMZTH1KPE39TS4QCXRY5YJ","2026-01-20T21:34:05.973959976Z","01KFEN4AGXRGM8J9H8V8MCDQG8","2026-01-20T21:34:05.973959976Z"
"01KFENG18HR3CD6FP6VSH8CCDX","01KFEKHQDC2K693XFM5ANS8DHE","2026-01-20T21:38:11.857738475Z",0,"2026-01-20T21:38:19.656747215Z","C","2026-01-20T21:38:16.347771778Z","01KFEKHZJWCME2TD44SWFYQ3JK","2026-01-20T21:38:11.857738475Z","01KFEN5FXNPY52Q25YH9X08VBV","2026-01-20T21:38:11.857738475Z","01KFENBMG77XWJAD3HF29ZW7BZ","2026-01-20T21:38:11.857738475Z"
"01KFEKR8C83B5WXZDEE172YSA0","01KFEJ5D47V2DPV4P7KW69CWA7","2026-01-20T21:07:44.136793429Z",19,"2026-01-20T21:07:49.045149954Z","C","2026-01-20T21:07:48.788059366Z","01KFEJ5D6TNJMBKPJMAENEXHMP","2026-01-20T21:07:44.136793429Z","01KFEKDA9NJGRKFSSAT3ZXZ5QE","2026-01-20T21:07:44.136793429Z","01KFEKJ3PB55SKXBKG2GHQ34PS","2026-01-20T21:07:44.136793429Z"
"01KFEMDF458HZRKF1BT5KE7S8D","01KFEKHPC1MSE3FJ7DBY2FGY2F","2026-01-20T21:19:19.173871097Z",10,"2026-01-20T21:19:39.922657518Z","B","2026-01-20T21:19:28.118022826Z","01KFEKHX0GFP3226G2XP5V5QA7","2026-01-20T21:19:19.173871097Z","01KFEM8T7TQADGVJ0QMJDZXZTY","2026-01-20T21:19:19.173871097Z","01KFEMD0GVGXGC66K4PFBKMJCW","2026-01-20T21:19:19.173871097Z"
"01KFENDQTNTG955N5KPDPXEX0N","01KFEKHQDC2K693XFM5ANS8DHE","2026-01-20T21:36:56.661127349Z",0,"2026-01-20T21:37:09.343332186Z","B","2026-01-20T21:37:07.983032115Z","01KFEKHZJWCME2TD44SWFYQ3JK","2026-01-20T21:36:56.661127349Z","01KFEN5FXNPY52Q25YH9X08VBV","2026-01-20T21:36:56.661127349Z","01KFENBMBD6T7QHZEEFW394KAS","2026-01-20T21:36:56.661127349Z"
"01KFENMJASKS61PEJRKR2CZ0W0","01KFEKHQDC2K693XFM5ANS8DHE","2026-01-20T21:40:40.410031176Z",20,"2026-01-20T21:40:48.737661843Z","B","2026-01-20T21:40:47.642670857Z","01KFEKHZJWCME2TD44SWFYQ3JK","2026-01-20T21:40:40.410031176Z","01KFEN3VF2KFDMCBF7BMJ0W416","2026-01-20T21:40:40.410031176Z","01KFENBMVJGDFBEGTYY4K7SDPW","2026-01-20T21:40:40.410031176Z"
"01KFEKQHQDMG2TPSVA3T0GXXT8","01KFEJ5D47V2DPV4P7KW69CWA7","2026-01-20T21:07:20.941447973Z",19,"2026-01-20T21:07:31.264809052Z","C","2026-01-20T21:07:31.134144574Z","01KFEJ5D6TNJMBKPJMAENEXHMP","2026-01-20T21:07:20.941447973Z","01KFEKDA9NJGRKFSSAT3ZXZ5QE","2026-01-20T21:07:20.941447973Z","01KFEKJ3M02WR307BG730Z7V38","2026-01-20T21:07:20.941447973Z"
"01KFEMSM9PXFS26NFGHZ8DQM1W","01KFEKHQDC2K693XFM5ANS8DHE","2026-01-20T21:25:57.686705115Z",20,"2026-01-20T21:26:03.820862558Z","B","2026-01-20T21:26:00.507789022Z","01KFEKHZN529E42QD9METE3SFK","2026-01-20T21:25:57.686705115Z","01KFEMC66GX6VYABMARMTEQ575","2026-01-20T21:25:57.686705115Z","01KFEMG97NY99R8SQ1RTYHBBK9","2026-01-20T21:25:57.686705115Z"
"01KFENDKVDDVJQEM6V9TEX8FBM","01KFEKHQDC2K693XFM5ANS8DHE","2026-01-20T21:36:52.589148343Z",17,"2026-01-20T21:36:58.410964009Z","D","2026-01-20T21:36:55.439765855Z","01KFEKHZKRT77TCYW9QR636P3H","2026-01-20T21:36:52.589148343Z","01KFEMZTH1KPE39TS4QCXRY5YJ","2026-01-20T21:36:52.589148343Z","01KFEN4B72CEG3SESSM1RDKQ7M","2026-01-20T21:36:52.589148343Z"
"01KFENQXJY1FFQ4CRDF393J7P1","01KFEKP8JTD09P5KZK5HC45AYH","2026-01-20T21:42:30.238674239Z",20,"2026-01-20T21:42:36.341113682Z","B","2026-01-20T21:42:35.287240273Z","01KFEKP8SWACZ78Z101DJZ9YZX","2026-01-20T21:42:30.238674239Z","01KFEN1V09JT6DJQFTMJT9XVS1","2026-01-20T21:42:30.238674239Z","01KFENEF7SA1HVS6XABSJ1JJ1F","2026-01-20T21:42:30.238674239Z"
"01KFEKGEYFG0F9XMH49YPXHTST","01KFEJ5CPJ5RGARFNN6Z0PCT4Q","2026-01-20T21:03:28.720039131Z",0,"2026-01-20T21:03:30.617210034Z","C","2026-01-20T21:03:30.191854808Z","01KFEJ5CQQ00MKPGMA298B0BDM","2026-01-20T21:03:28.720039131Z","01KFEK2D2ABTHF5VPGA11FKCNZ","2026-01-20T21:03:28.720039131Z","01KFEK9MTPYZ88J4190TAKP440","2026-01-20T21:03:28.720039131Z"
"01KFEN7YFB6SQ7W8W6AQC36CFH","01KFEKHQDC2K693XFM5ANS8DHE","2026-01-20T21:33:46.859562694Z",0,"2026-01-20T21:33:51.1670722Z","C","2026-01-20T21:33:50.670411912Z","01KFEKHZKRT77TCYW9QR636P3H","2026-01-20T21:33:46.859562694Z","01KFEMY0AS8BBZXMYCA88W167J","2026-01-20T21:33:46.859562694Z","01KFEN4ABMGMMWK6ZWAV8SB3FV","2026-01-20T21:33:46.859562694Z"
"01KFEKZ8JKBNBXESE2748NYYAM","01KFEKHP5PHVKCA3W59M54X4HD","2026-01-20T21:11:33.715814774Z",0,"2026-01-20T21:11:39.985823487Z","D","2026-01-20T21:11:39.888367255Z","01KFEKHW2KQMM6E7GG18D0G9TT","2026-01-20T21:11:33.715814774Z","01KFEKE5VNBEE8HCYQK3HWDR4D","2026-01-20T21:11:33.715814774Z","01KFEKPRBAJ7DQ63G1JQ1SEB93","2026-01-20T21:11:33.715814774Z"
"01KFENF9X26QM5FZT9AE5YA6WK","01KFEKHQ6RN01KDJ4QSDZAWPPS","2026-01-20T21:37:47.938829527Z",17,"2026-01-20T21:37:56.68846525Z","D","2026-01-20T21:37:55.573262021Z","01KFEKHZCYGXG9E88XG20MH24Y","2026-01-20T21:37:47.938829527Z","01KFEMYPQE297SQBBGD1MS3FP8","2026-01-20T21:37:47.938829527Z","01KFEN36GAR0CM92P0JC5SS7EE","2026-01-20T21:37:47.938829527Z"
"01KFENAPE1ZFGQV5P1MNR3XWS7","01KFEKHPXA861Q1DG96X1DM2E6","2026-01-20T21:35:16.929586679Z",29,"2026-01-20T21:35:20.940379082Z","C","2026-01-20T21:35:20.73632001Z","01KFEKHYHJB14HYQ6WNW69M0EN","2026-01-20T21:35:16.929586679Z","01KFEMYH9MRESN2DNVY0DYZ05B","2026-01-20T21:35:16.929586679Z","01KFEN713RMW5HZZWKVVERQGF2","2026-01-20T21:35:16.929586679Z"
"01KFEMJ9J1TZEQX4MKP462RGTZ","01KFEKHQDC2K693XFM5ANS8DHE","2026-01-20T21:21:57.313741315Z",10,"2026-01-20T21:22:05.445404378Z","A","2026-01-20T21:22:02.672963904Z","01KFEKHZN529E42QD9METE3SFK","2026-01-20T21:21:57.313741315Z","01KFEMC66GX6VYABMARMTEQ575","2026-01-20T21:21:57.313741315Z","01KFEMG8M70Q19CY8VZJMG2X8A","2026-01-20T21:21:57.313741315Z"
"01KFEKYFJWM530KATVE08HPWGX","01KFEKHPGYTA3NV92JW708KDS3","2026-01-20T21:11:08.124494878Z",10,"2026-01-20T21:11:11.151842245Z","A","2026-01-20T21:11:10.864801006Z","01KFEKHXG0QSJ727TF9BK0CVWT","2026-01-20T21:11:08.124494878Z","01KFEKGBZDDR87QG9CGWE37DKP","2026-01-20T21:11:08.124494878Z","01KFEKRYEYFXVHNMYWJA6NZTRS","2026-01-20T21:11:08.124494878Z"
"01KFEN0THMMMF93R2ZH1297BRA","01KFEKP9631FDC5MHAJ7BGRGH7","2026-01-20T21:29:53.460108436Z",29,"2026-01-20T21:29:58.405367601Z","C","2026-01-20T21:29:56.14775858Z","01KFEKPB2MD43HRXJ5S36AZP95","2026-01-20T21:29:53.460108436Z","01KFEMBNJZT4WFKT0SV2QH9MSW","2026-01-20T21:29:53.460108436Z","01KFEMMYNPE4Z21K17N6APERA5","2026-01-20T21:29:53.460108436Z"
"01KFENGBVNX118E3WT5H1WCWC2","01KFEKP8JTD09P5KZK5HC45AYH","2026-01-20T21:38:22.709273936Z",10,"2026-01-20T21:38:31.392303092Z","B","2026-01-20T21:38:31.171254305Z","01KFEKP8SWACZ78Z101DJZ9YZX","2026-01-20T21:38:22.709273936Z","01KFEN1V09JT6DJQFTMJT9XVS1","2026-01-20T21:38:22.709273936Z","01KFENEF1K6JR7JDBTZG4RVJKF","2026-01-20T21:38:22.709273936Z"
"01KFEKTEG3Y72ZJRF5575RGT18","01KFEJ5E832Q64ZNG3ZKPXGHJ5","2026-01-20T21:08:55.939209704Z",29,"2026-01-20T21:08:57.747173152Z","C","2026-01-20T21:08:57.501516983Z","01KFEJ5E9BF1S7ZWGC98397B4G","2026-01-20T21:08:55.939209704Z","01KFEKF18JVGP7RPPBWJM1C6F5","2026-01-20T21:08:55.939209704Z","01KFEKMDSN3WRP317T6QVGQJ86","2026-01-20T21:08:55.939209704Z"
"01KFEMJTSZJXZBFYZ4B77WXVT2","01KFEKHPC1MSE3FJ7DBY2FGY2F","2026-01-20T21:22:14.975685391Z",29,"2026-01-20T21:22:37.753345256Z","C","2026-01-20T21:22:17.701156017Z","01KFEKHX0GFP3226G2XP5V5QA7","2026-01-20T21:22:14.975685391Z","01KFEM7WBDAJE6T5GGXJ4D59J9","2026-01-20T21:22:14.975685391Z","01KFEMD1390TMGQ7WRQJVCNZRE","2026-01-20T21:22:14.975685391Z"
"01KFEMKCJF5EG6RXMKKPVP2KW8","01KFEKP90DN3N51AVE1856PVFP","2026-01-20T21:22:33.167647367Z",29,"2026-01-20T21:23:01.318774073Z","C","2026-01-20T21:22:58.798177815Z","01KFEKPARRGKN060WSHP4MXPVN","2026-01-20T21:22:33.167647367Z","01KFEMCPJ0592DB22F7648NKQD","2026-01-20T21:22:33.167647367Z","01KFEMJWBACMQ71ZRWXW9AV96Z","2026-01-20T21:22:33.167647367Z"
"01KFENGNJM62C9961ZNW8ZKHMT","01KFEKHQ6RN01KDJ4QSDZAWPPS","2026-01-20T21:38:32.66094088Z",17,"2026-01-20T21:38:36.451949368Z","D","2026-01-20T21:38:35.873439399Z","01KFEKHZCYGXG9E88XG20MH24Y","2026-01-20T21:38:32.66094088Z","01KFEMYPQE297SQBBGD1MS3FP8","2026-01-20T21:38:32.66094088Z","01KFEN36NEXH8RZ95NAQVMMDSC","2026-01-20T21:38:32.66094088Z"
"01KFEKSCBZ29F02B3DPNKXWSPR","01KFEKHPC1MSE3FJ7DBY2FGY2F","2026-01-20T21:08:20.991708751Z",19,"2026-01-20T21:08:36.724434355Z","C","2026-01-20T21:08:27.41343255Z","01KFEKHWZEPZZY95F2XW7M1MFP","2026-01-20T21:08:20.991708751Z","01KFEKH2E82JWZZAXCHQQKPEBM","2026-01-20T21:08:20.991708751Z","01KFEKQ4QR18H0PWTYRMCEGDA5","2026-01-20T21:08:20.991708751Z"
"01KFEKV27J5ZCD8GAD9A9XJ2EH","01KFEKHPC1MSE3FJ7DBY2FGY2F","2026-01-20T21:09:16.146658206Z",10,"2026-01-20T21:09:27.044071302Z","B","2026-01-20T21:09:25.817006295Z","01KFEKHX2RB171QB64SDRQQFHC","2026-01-20T21:09:16.146658206Z","01KFEKMQJYX5BJJG3C1JG69E20","2026-01-20T21:09:16.146658206Z","01KFEKRGRVZ0XKJWH8RHW40ZRF","2026-01-20T21:09:16.146658206Z"
"01KFEKPPVD6PYY4H2C1MGV2QG9","01KFEJ5E832Q64ZNG3ZKPXGHJ5","2026-01-20T21:06:53.422020827Z",19,"2026-01-20T21:07:10.879714229Z","C","2026-01-20T21:06:58.399212499Z","01KFEJ5E9BF1S7ZWGC98397B4G","2026-01-20T21:06:53.422020827Z","01KFEKF18JVGP7RPPBWJM1C6F5","2026-01-20T21:06:53.422020827Z","01KFEKMDGFHMGECMWZXK0NQTAR","2026-01-20T21:06:53.422020827Z"
"01KFEKSQRY2J6T5PREHBNKQWPD","01KFEKHP5PHVKCA3W59M54X4HD","2026-01-20T21:08:32.670128301Z",19,"2026-01-20T21:08:37.494381524Z","C","2026-01-20T21:08:35.811614973Z","01KFEKHW2KQMM6E7GG18D0G9TT","2026-01-20T21:08:32.670128301Z","01KFEKEYRXZWJHM17WAW49T1GG","2026-01-20T21:08:32.670128301Z","01KFEKPR2FJZEQQ72A13WNT9EQ","2026-01-20T21:08:32.670128301Z"
"01KFENFGNS9TXFFBAM001KJG65","01KFEKHQDC2K693XFM5ANS8DHE","2026-01-20T21:37:54.873731898Z",20,"2026-01-20T21:38:02.443826685Z","B","2026-01-20T21:38:02.125977682Z","01KFEKHZJWCME2TD44SWFYQ3JK","2026-01-20T21:37:54.873731898Z","01KFEN3VF2KFDMCBF7BMJ0W416","2026-01-20T21:37:54.873731898Z","01KFENBMDX9DP6MR73GG9SYMY0","2026-01-20T21:37:54.873731898Z"
"01KFEMZ139WE8JTY895HWZ75GX","01KFEKP9631FDC5MHAJ7BGRGH7","2026-01-20T21:28:54.633951538Z",29,"2026-01-20T21:28:59.019718395Z","C","2026-01-20T21:28:57.343726098Z","01KFEKPB2MD43HRXJ5S36AZP95","2026-01-20T21:28:54.633951538Z","01KFEMBNJZT4WFKT0SV2QH9MSW","2026-01-20T21:28:54.633951538Z","01KFEMMYBMADGTBM1G2KDTGKJK","2026-01-20T21:28:54.633951538Z"
"01KFEMSM8F62JAAJ2Q2D789H6X","01KFEKHQDC2K693XFM5ANS8DHE","2026-01-20T21:25:57.647966285Z",20,"2026-01-20T21:26:03.820862558Z","A","2026-01-20T21:26:01.23107979Z","01KFEKHZN529E42QD9METE3SFK","2026-01-20T21:25:57.647966285Z","01KFEMAXQT7QKHPN3PD6V9XKR3","2026-01-20T21:25:57.647966285Z","01KFEMG97NY99R8SQ1RTYHBBK9","2026-01-20T21:25:57.647966285Z"
"01KFEKWREVCEJPP8QY3HQDZJZC","01KFEKHPGYTA3NV92JW708KDS3","2026-01-20T21:10:11.675758786Z",19,"2026-01-20T21:10:14.963917848Z","C","2026-01-20T21:10:13.804628241Z","01KFEKHXG0QSJ727TF9BK0CVWT","2026-01-20T21:10:11.675758786Z","01KFEKHMBXJQ8V8MN80AG07QXK","2026-01-20T21:10:11.675758786Z","01KFEKRY6T74XGSJBG60W0WEMG","2026-01-20T21:10:11.675758786Z"
"01KFEMAVW0G2AZ79SP8Z4ZC35A","01KFEKHPC1MSE3FJ7DBY2FGY2F","2026-01-20T21:17:53.92046714Z",0,"2026-01-20T21:17:58.969752126Z","C","2026-01-20T21:17:58.864086053Z","01KFEKHX1P9ZX6RDK1X5H16NSJ","2026-01-20T21:17:53.92046714Z","01KFEKYDBHRB0V4J8GGC1RRNB4","2026-01-20T21:17:53.92046714Z","01KFEM6CJ5DV1XVFYVC0WRPPA8","2026-01-20T21:17:53.92046714Z"
"01KFEN9C9FYJ6NEV07RRXK212D","01KFEKHQDC2K693XFM5ANS8DHE","2026-01-20T21:34:33.775555498Z",0,"2026-01-20T21:34:40.719254581Z","D","2026-01-20T21:34:38.013628326Z","01KFEKHZKRT77TCYW9QR636P3H","2026-01-20T21:34:33.775555498Z","01KFEMY0AS8BBZXMYCA88W167J","2026-01-20T21:34:33.775555498Z","01KFEN4AVXYYXREFC027GC88JD","2026-01-20T21:34:33.775555498Z"
"01KFEKGXW317F49HCDXDT3Y8P2","01KFEJ5DKDD8ED3R70AXWWV7TA","2026-01-20T21:03:44.003056642Z",29,"2026-01-20T21:03:55.118012442Z","C","2026-01-20T21:03:55.047279065Z","01KFEJ5DPRA3SJMDJ397B8T8C1","2026-01-20T21:03:44.003056642Z","01KFEJTTYE1JJF4JNZFR32N2T9","2026-01-20T21:03:44.003056642Z","01KFEK95Z0WE87KWTWATKS5GPH","2026-01-20T21:03:44.003056642Z"
"01KFEKYFHQ68MGKF7WMJJAWAQP","01KFEKHPGYTA3NV92JW708KDS3","2026-01-20T21:11:08.087689172Z",19,"2026-01-20T21:11:11.151842245Z","C","2026-01-20T21:11:09.674332048Z","01KFEKHXG0QSJ727TF9BK0CVWT","2026-01-20T21:11:08.087689172Z","01KFEKHMBXJQ8V8MN80AG07QXK","2026-01-20T21:11:08.087689172Z","01KFEKRYEYFXVHNMYWJA6NZTRS","2026-01-20T21:11:08.087689172Z"
"01KFEKP29XQ18VPN81WE2X1V1W","01KFEJ5D47V2DPV4P7KW69CWA7","2026-01-20T21:06:32.381360256Z",0,"2026-01-20T21:06:38.84609988Z","C","2026-01-20T21:06:36.433619089Z","01KFEJ5D6TNJMBKPJMAENEXHMP","2026-01-20T21:06:32.381360256Z","01KFEKDA9NJGRKFSSAT3ZXZ5QE","2026-01-20T21:06:32.381360256Z","01KFEKJ3JYFQGRQ6KPNQ5PTPD2","2026-01-20T21:06:32.381360256Z"
"01KFEKV26CMAE71M7VXZXGZH6Q","01KFEKHPC1MSE3FJ7DBY2FGY2F","2026-01-20T21:09:16.108710585Z",19,"2026-01-20T21:09:27.044071302Z","C","2026-01-20T21:09:22.066055727Z","01KFEKHX2RB171QB64SDRQQFHC","2026-01-20T21:09:16.108710585Z","01KFEKJ39TDPNH3F2VQ6ZS2WQR","2026-01-20T21:09:16.108710585Z","01KFEKRGRVZ0XKJWH8RHW40ZRF","2026-01-20T21:09:16.108710585Z"
"01KFEKZ1MX0Q8PJNR0DNJVWZP2","01KFEJ5DKDD8ED3R70AXWWV7TA","2026-01-20T21:11:26.621120219Z",10,"2026-01-20T21:11:56.952708584Z","B","2026-01-20T21:11:56.784992144Z","01KFEJ5DNSX5Y5MH73PBQYYZM3","2026-01-20T21:11:26.621120219Z","01KFEKEP42W1KWM0E304T7Q0E4","2026-01-20T21:11:26.621120219Z","01KFEKMR3A7EEJWVP3H1C0H7B0","2026-01-20T21:11:26.621120219Z"
"01KFENHFYDHK0D14PM4HDAF7WZ","01KFEKHQ6RN01KDJ4QSDZAWPPS","2026-01-20T21:38:59.661501635Z",0,"2026-01-20T21:39:03.307976811Z","C","2026-01-20T21:39:02.726622474Z","01KFEKHZCYGXG9E88XG20MH24Y","2026-01-20T21:38:59.661501635Z","01KFEMYPQE297SQBBGD1MS3FP8","2026-01-20T21:38:59.661501635Z","01KFEN36Y0ADVX3S1QKZ297H61","2026-01-20T21:38:59.661501635Z"
"01KFEM8AWZSRJ4N3Y1DBP6RNW4","01KFEKHPC1MSE3FJ7DBY2FGY2F","2026-01-20T21:16:31.007244029Z",17,"2026-01-20T21:16:41.551503544Z","D","2026-01-20T21:16:41.413602864Z","01KFEKHX1P9ZX6RDK1X5H16NSJ","2026-01-20T21:16:31.007244029Z","01KFEKYDBHRB0V4J8GGC1RRNB4","2026-01-20T21:16:31.007244029Z","01KFEM6CD6G8G05HKXX60X8CQ3","2026-01-20T21:16:31.007244029Z"
"01KFEKQGF6YEJMYSDVN5YP9CPT","01KFEJ5DKDD8ED3R70AXWWV7TA","2026-01-20T21:07:19.654453867Z",20,"2026-01-20T21:07:51.732640458Z","A","2026-01-20T21:07:28.08188721Z","01KFEJ5DNSX5Y5MH73PBQYYZM3","2026-01-20T21:07:19.654453867Z","01KFEKEP42W1KWM0E304T7Q0E4","2026-01-20T21:07:19.654453867Z","01KFEKMQR69NHSEZHJJM8A2NTC","2026-01-20T21:07:19.654453867Z"
"01KFEKQPAG0FA3C72SPKEMQ45M","01KFEJ5E832Q64ZNG3ZKPXGHJ5","2026-01-20T21:07:25.648688571Z",19,"2026-01-20T21:07:28.348830892Z","C","2026-01-20T21:07:28.146766914Z","01KFEJ5E9BF1S7ZWGC98397B4G","2026-01-20T21:07:25.648688571Z","01KFEKF18JVGP7RPPBWJM1C6F5","2026-01-20T21:07:25.648688571Z","01KFEKMDM0EXA2XYZTVVP8NFCT","2026-01-20T21:07:25.648688571Z"
"01KFEKZ3GY6QXV3EJ1YP5MW41T","01KFEKHPC1MSE3FJ7DBY2FGY2F","2026-01-20T21:11:28.542229423Z",0,"2026-01-20T21:12:49.745317286Z","B","2026-01-20T21:11:33.036114348Z","01KFEKHWZEPZZY95F2XW7M1MFP","2026-01-20T21:11:28.542229423Z","01KFEKH2E82JWZZAXCHQQKPEBM","2026-01-20T21:11:28.542229423Z","01KFEKQ54NK0Z35JC86QT03Q6C","2026-01-20T21:11:28.542229423Z"
"01KFEKAX9V0WWDD1853G2C1WBP","01KFEJ5DKDD8ED3R70AXWWV7TA","2026-01-20T21:00:26.81179448Z",19,"2026-01-20T21:00:30.734472266Z","C","2026-01-20T21:00:30.673076967Z","01KFEJ5DPRA3SJMDJ397B8T8C1","2026-01-20T21:00:26.81179448Z","01KFEJTTYE1JJF4JNZFR32N2T9","2026-01-20T21:00:26.81179448Z","01KFEK95RJV38B192FRCF6JZ62","2026-01-20T21:00:26.81179448Z"
"01KFENCN4H1H3EH528P60Y83CW","01KFEKHPXA861Q1DG96X1DM2E6","2026-01-20T21:36:21.137773007Z",17,"2026-01-20T21:36:25.723530438Z","D","2026-01-20T21:36:24.559691177Z","01KFEKHYHJB14HYQ6WNW69M0EN","2026-01-20T21:36:21.137773007Z","01KFEMYTYF2ENKG7SYCSVCBX9H","2026-01-20T21:36:21.137773007Z","01KFEN70PQVD8JXPYJPRQVP24W","2026-01-20T21:36:21.137773007Z"
"01KFEM2DT9HQZWRR27X150ZJAW","01KFEKHPC1MSE3FJ7DBY2FGY2F","2026-01-20T21:13:17.385935305Z",10,"2026-01-20T21:13:24.851247731Z","A","2026-01-20T21:13:21.615424664Z","01KFEKHWZEPZZY95F2XW7M1MFP","2026-01-20T21:13:17.385935305Z","01KFEKGX33HMGGWTV5S5DEFD1Y","2026-01-20T21:13:17.385935305Z","01KFEKQ52XNAZH3GP544277P8W","2026-01-20T21:13:17.385935305Z"
"01KFEM9DAEQ90NAPRTS3WRS84J","01KFEKHPC1MSE3FJ7DBY2FGY2F","2026-01-20T21:17:06.254684023Z",17,"2026-01-20T21:17:11.07585939Z","D","2026-01-20T21:17:10.931022889Z","01KFEKHX1P9ZX6RDK1X5H16NSJ","2026-01-20T21:17:06.254684023Z","01KFEKYDBHRB0V4J8GGC1RRNB4","2026-01-20T21:17:06.254684023Z","01KFEM6CGBC7Q7QZXFJXZS6FD5","2026-01-20T21:17:06.254684023Z"
"01KFEMP9BJKJ2S1ASCWTR049X8","01KFEKHQDC2K693XFM5ANS8DHE","2026-01-20T21:24:08.178829709Z",17,"2026-01-20T21:24:11.275904895Z","D","2026-01-20T21:24:10.255376389Z","01KFEKHZN529E42QD9METE3SFK","2026-01-20T21:24:08.178829709Z","01KFEMC66GX6VYABMARMTEQ575","2026-01-20T21:24:08.178829709Z","01KFEMG8YK5GX2HZ6EK8XPJF4N","2026-01-20T21:24:08.178829709Z"
"01KFENDWEAWHFJ22A26DRYAK3S","01KFEKHQDC2K693XFM5ANS8DHE","2026-01-20T21:37:01.386192064Z",29,"2026-01-20T21:37:04.70926704Z","C","2026-01-20T21:37:03.325021998Z","01KFEKHZKRT77TCYW9QR636P3H","2026-01-20T21:37:01.386192064Z","01KFEMY0AS8BBZXMYCA88W167J","2026-01-20T21:37:01.386192064Z","01KFEN4B4FA0APJHM3F290KWW3","2026-01-20T21:37:01.386192064Z"
"01KFEN9TSEKY1EDEABXZ8EAB8W","01KFEKHPXA861Q1DG96X1DM2E6","2026-01-20T21:34:48.62228974Z",29,"2026-01-20T21:34:52.706711599Z","C","2026-01-20T21:34:52.514036086Z","01KFEKHYHJB14HYQ6WNW69M0EN","2026-01-20T21:34:48.62228974Z","01KFEMYH9MRESN2DNVY0DYZ05B","2026-01-20T21:34:48.62228974Z","01KFEN7113DG8GHK5V6DKVTP2N","2026-01-20T21:34:48.62228974Z"
"01KFEKWACC0MY8WCYJM8R57XBH","01KFEJ5D47V2DPV4P7KW69CWA7","2026-01-20T21:09:57.260296689Z",19,"2026-01-20T21:10:04.671914346Z","C","2026-01-20T21:09:59.000695052Z","01KFEJ5D6TNJMBKPJMAENEXHMP","2026-01-20T21:09:57.260296689Z","01KFEKDMRV7F4Y978MGBAGHY9Y","2026-01-20T21:09:57.260296689Z","01KFEKJ3T06KRMNJSSM0RCTTBX","2026-01-20T21:09:57.260296689Z"
"01KFEMDYSPZ7JRDSNYQYWSXP82","01KFEKHPC1MSE3FJ7DBY2FGY2F","2026-01-20T21:19:35.222122427Z",17,"2026-01-20T21:19:55.404674478Z","D","2026-01-20T21:19:47.343338846Z","01KFEKHX1P9ZX6RDK1X5H16NSJ","2026-01-20T21:19:35.222122427Z","01KFEKYDBHRB0V4J8GGC1RRNB4","2026-01-20T21:19:35.222122427Z","01KFEM6CZ65PK6H6YE3TRDAQ1G","2026-01-20T21:19:35.222122427Z"
"01KFEN2T6MS4SNEFYT6JJ1C9GA","01KFEKHQ6RN01KDJ4QSDZAWPPS","2026-01-20T21:30:58.644625741Z",0,"2026-01-20T21:31:04.755777804Z","C","2026-01-20T21:31:03.872174776Z","01KFEKHZBEEPDRHKRQPWCS3SGH","2026-01-20T21:30:58.644625741Z","01KFEMF0SBSYWZ1HCWC99ZE7MJ","2026-01-20T21:30:58.644625741Z","01KFEMVWKX6NTM5V8KAAE8G2YZ","2026-01-20T21:30:58.644625741Z"
"01KFEMZ8XNVZJ9S90Y3EKEYZS8","01KFEKP9631FDC5MHAJ7BGRGH7","2026-01-20T21:29:02.645621137Z",29,"2026-01-20T21:29:06.879238497Z","C","2026-01-20T21:29:05.825544689Z","01KFEKPB2MD43HRXJ5S36AZP95","2026-01-20T21:29:02.645621137Z","01KFEMBNJZT4WFKT0SV2QH9MSW","2026-01-20T21:29:02.645621137Z","01KFEMMYFMYC24XYVAJTJN1EZM","2026-01-20T21:29:02.645621137Z"
"01KFEKX95C6W309MRT72C1BRP4","01KFEJ5DKDD8ED3R70AXWWV7TA","2026-01-20T21:10:28.78035797Z",0,"2026-01-20T21:10:35.054144264Z","A","2026-01-20T21:10:34.01060227Z","01KFEJ5DNSX5Y5MH73PBQYYZM3","2026-01-20T21:10:28.78035797Z","01KFEKH56QYDWDZ627S51E8JZX","2026-01-20T21:10:28.78035797Z","01KFEKMQZQ9Z4HHQ0K8S03DGZT","2026-01-20T21:10:28.78035797Z"
"01KFEMRVTRDQRTWM6R95GK6HN8","01KFEKHQ6RN01KDJ4QSDZAWPPS","2026-01-20T21:25:32.632968983Z",29,"2026-01-20T21:25:55.051995211Z","C","2026-01-20T21:25:42.549583986Z","01KFEKHZ9SCZ02EGGWRNFEECG2","2026-01-20T21:25:32.632968983Z","01KFEMCM72QM7G0K1PDTC1FVF6","2026-01-20T21:25:32.632968983Z","01KFEMF65QGPQ6WDQV4300A18H","2026-01-20T21:25:32.632968983Z"
"01KFEN6Z49B55G9NWT6G0R7CPF","01KFEKHQ6RN01KDJ4QSDZAWPPS","2026-01-20T21:33:14.761307884Z",10,"2026-01-20T21:33:35.982394809Z","A","2026-01-20T21:33:20.308192976Z","01KFEKHZBEEPDRHKRQPWCS3SGH","2026-01-20T21:33:14.761307884Z","01KFEMF0SBSYWZ1HCWC99ZE7MJ","2026-01-20T21:33:14.761307884Z","01KFEMVWWVFVWAX5TDSESBP4QC","2026-01-20T21:33:14.761307884Z"
"01KFEM0P4MM8S5Q39WHM0CT5P3","01KFEJ5DKDD8ED3R70AXWWV7TA","2026-01-20T21:12:20.372474915Z",0,"2026-01-20T21:12:23.885106451Z","C","2026-01-20T21:12:23.688108485Z","01KFEJ5DNSX5Y5MH73PBQYYZM3","2026-01-20T21:12:20.372474915Z","01KFEKEP42W1KWM0E304T7Q0E4","2026-01-20T21:12:20.372474915Z","01KFEKMR74K1N57DNQF1R830WC","2026-01-20T21:12:20.372474915Z"
"01KFEKTDTYYB65NY35G8M6FGFB","01KFEKHPC1MSE3FJ7DBY2FGY2F","2026-01-20T21:08:55.262902834Z",10,"2026-01-20T21:09:14.158412585Z","B","2026-01-20T21:09:04.915741239Z","01KFEKHWZEPZZY95F2XW7M1MFP","2026-01-20T21:08:55.262902834Z","01KFEKGX33HMGGWTV5S5DEFD1Y","2026-01-20T21:08:55.262902834Z","01KFEKQ4P8KYRB5M4FVX2PV9WY","2026-01-20T21:08:55.262902834Z"
"01KFEKX6087S51V8550QZKD1SS","01KFEKHPGYTA3NV92JW708KDS3","2026-01-20T21:10:25.544269859Z",19,"2026-01-20T21:10:29.35472471Z","C","2026-01-20T21:10:27.303799782Z","01KFEKHXG0QSJ727TF9BK0CVWT","2026-01-20T21:10:25.544269859Z","01KFEKHMBXJQ8V8MN80AG07QXK","2026-01-20T21:10:25.544269859Z","01KFEKRY8EJDVP4BE9K4MR0ZPK","2026-01-20T21:10:25.544269859Z"
"01KFEMM8WVQJZV1T0JGFGFHMPV","01KFEKHQ6RN01KDJ4QSDZAWPPS","2026-01-20T21:23:02.171125675Z",17,"2026-01-20T21:23:06.738542865Z","D","2026-01-20T21:23:05.61621636Z","01KFEKHZ9SCZ02EGGWRNFEECG2","2026-01-20T21:23:02.171125675Z","01KFEM9E7RMZA5K11AYHB2TQZJ","2026-01-20T21:23:02.171125675Z","01KFEMF5S45VCG1644DHKAR9B5","2026-01-20T21:23:02.171125675Z"
"01KFEMPBM6YD0PXQB5113E0FN5","01KFEKHQ6RN01KDJ4QSDZAWPPS","2026-01-20T21:24:10.502662507Z",17,"2026-01-20T21:24:14.90908502Z","D","2026-01-20T21:24:14.403138235Z","01KFEKHZ9SCZ02EGGWRNFEECG2","2026-01-20T21:24:10.502662507Z","01KFEM9E7RMZA5K11AYHB2TQZJ","2026-01-20T21:24:10.502662507Z","01KFEMF5YXGKQ47TJFF88R1BG0","2026-01-20T21:24:10.502662507Z"
"01KFEN3SQWHWSKM2WZE9AJS36R","01KFEKHQ6RN01KDJ4QSDZAWPPS","2026-01-20T21:31:30.940478093Z",19,"2026-01-20T21:31:36.375950114Z","C","2026-01-20T21:31:36.238887982Z","01KFEKHZCYGXG9E88XG20MH24Y","2026-01-20T21:31:30.940478093Z","01KFEMZ3DY0H8VM8TWW94CE5C0","2026-01-20T21:31:30.940478093Z","01KFEN35X6KNW6YXH0EA9W30YW","2026-01-20T21:31:30.940478093Z"
"01KFEKR8D7QKF783FRJ2PVSGB3","01KFEJ5D47V2DPV4P7KW69CWA7","2026-01-20T21:07:44.167065461Z",10,"2026-01-20T21:07:49.045149954Z","B","2026-01-20T21:07:47.788500996Z","01KFEJ5D6TNJMBKPJMAENEXHMP","2026-01-20T21:07:44.167065461Z","01KFEKDMRV7F4Y978MGBAGHY9Y","2026-01-20T21:07:44.167065461Z","01KFEKJ3PB55SKXBKG2GHQ34PS","2026-01-20T21:07:44.167065461Z"
"01KFENGX7ER4REZ96KZGCPT1HM","01KFEKHQ6RN01KDJ4QSDZAWPPS","2026-01-20T21:38:40.494410008Z",17,"2026-01-20T21:38:45.735560472Z","D","2026-01-20T21:38:43.68922775Z","01KFEKHZCYGXG9E88XG20MH24Y","2026-01-20T21:38:40.494410008Z","01KFEMYPQE297SQBBGD1MS3FP8","2026-01-20T21:38:40.494410008Z","01KFEN36R1V6TR16QPE4XZV4RF","2026-01-20T21:38:40.494410008Z"
"01KFEKSKD0AB7E41VZKS5EAEDN","01KFEJ5D47V2DPV4P7KW69CWA7","2026-01-20T21:08:28.192233779Z",10,"2026-01-20T21:08:41.376617616Z","A","2026-01-20T21:08:37.079962352Z","01KFEJ5D5EZSQZ1FHTABW8Z6HQ","2026-01-20T21:08:28.192233779Z","01KFEK43BY9D5G2GXTKTDV7QBX","2026-01-20T21:08:28.192233779Z","01KFEKHAYXT3XGHS1PG8NJFK1V","2026-01-20T21:08:28.192233779Z"
"01KFEM0JXWPEYVM9MJANKWB66J","01KFEKHPC1MSE3FJ7DBY2FGY2F","2026-01-20T21:12:17.084819958Z",10,"2026-01-20T21:12:24.315747689Z","B","2026-01-20T21:12:23.797375024Z","01KFEKHX2RB171QB64SDRQQFHC","2026-01-20T21:12:17.084819958Z","01KFEKMQJYX5BJJG3C1JG69E20","2026-01-20T21:12:17.084819958Z","01KFEKRH5W2VR9KGD1WF59AXGN","2026-01-20T21:12:17.084819958Z"
"01KFEMF2TN1V5XSHK3TRHTMYZR","01KFEKHPC1MSE3FJ7DBY2FGY2F","2026-01-20T21:20:12.117620745Z",10,"2026-01-20T21:20:30.431790242Z","A","2026-01-20T21:20:16.050868106Z","01KFEKHX0GFP3226G2XP5V5QA7","2026-01-20T21:20:12.117620745Z","01KFEM8T7TQADGVJ0QMJDZXZTY","2026-01-20T21:20:12.117620745Z","01KFEMD0MKDWJWNN8YZGEKJT3H","2026-01-20T21:20:12.117620745Z"
"01KFEMRRJWZTHWSXB9EEBF98GW","01KFEKHQDC2K693XFM5ANS8DHE","2026-01-20T21:25:29.308074509Z",0,"2026-01-20T21:25:51.118809779Z","D","2026-01-20T21:25:31.911668247Z","01KFEKHZN529E42QD9METE3SFK","2026-01-20T21:25:29.308074509Z","01KFEMAXQT7QKHPN3PD6V9XKR3","2026-01-20T21:25:29.308074509Z","01KFEMG95WWNHPW2KH1WNGK7B2","2026-01-20T21:25:29.308074509Z"
"01KFEN9C7PDQ9ANX16N49VWSEB","01KFEKHQDC2K693XFM5ANS8DHE","2026-01-20T21:34:33.718554728Z",0,"2026-01-20T21:34:40.719254581Z","D","2026-01-20T21:34:39.599338286Z","01KFEKHZKRT77TCYW9QR636P3H","2026-01-20T21:34:33.718554728Z","01KFEMZTH1KPE39TS4QCXRY5YJ","2026-01-20T21:34:33.718554728Z","01KFEN4AVXYYXREFC027GC88JD","2026-01-20T21:34:33.718554728Z"
"01KFEMFV5C407TTWB661KQX5G2","01KFEKHPC1MSE3FJ7DBY2FGY2F","2026-01-20T21:20:37.036693738Z",0,"2026-01-20T21:20:40.017417491Z","C","2026-01-20T21:20:39.801275227Z","01KFEKHX0GFP3226G2XP5V5QA7","2026-01-20T21:20:37.036693738Z","01KFEM8T7TQADGVJ0QMJDZXZTY","2026-01-20T21:20:37.036693738Z","01KFEMD0JRKQYQ185RH6G2ESKP","2026-01-20T21:20:37.036693738Z"
"01KFEMJ66HYK93AGQAY3MKYBMX","01KFEKHQ6RN01KDJ4QSDZAWPPS","2026-01-20T21:21:53.873437966Z",17,"2026-01-20T21:22:02.231571211Z","D","2026-01-20T21:22:02.110330137Z","01KFEKHZ9SCZ02EGGWRNFEECG2","2026-01-20T21:21:53.873437966Z","01KFEM9E7RMZA5K11AYHB2TQZJ","2026-01-20T21:21:53.873437966Z","01KFEMF5KG4V5AAKTAKBBNKCFY","2026-01-20T21:21:53.873437966Z"
"01KFENEA25PX782ZQSN78BAY5P","01KFEKHQ6RN01KDJ4QSDZAWPPS","2026-01-20T21:37:15.333854342Z",29,"2026-01-20T21:37:42.713988186Z","C","2026-01-20T21:37:18.017053779Z","01KFEKHZCYGXG9E88XG20MH24Y","2026-01-20T21:37:15.333854342Z","01KFEMZ3DY0H8VM8TWW94CE5C0","2026-01-20T21:37:15.333854342Z","01KFEN36DVT8RSSFNNC9D75DGK","2026-01-20T21:37:15.333854342Z"
"01KFEND5WN2P5GX9YR28PAFDZN","01KFEKHQDC2K693XFM5ANS8DHE","2026-01-20T21:36:38.293200412Z",29,"2026-01-20T21:36:43.342531815Z","C","2026-01-20T21:36:42.196860365Z","01KFEKHZKRT77TCYW9QR636P3H","2026-01-20T21:36:38.293200412Z","01KFEMY0AS8BBZXMYCA88W167J","2026-01-20T21:36:38.293200412Z","01KFEN4BCK4A9E26R7Z3Z3YSMW","2026-01-20T21:36:38.293200412Z"
"01KFEKM5XMYPJZE1XZ9T3HZ2X1","01KFEJ5D47V2DPV4P7KW69CWA7","2026-01-20T21:05:30.548925909Z",10,"2026-01-20T21:05:37.703097019Z","A","2026-01-20T21:05:33.5054981Z","01KFEJ5D5EZSQZ1FHTABW8Z6HQ","2026-01-20T21:05:30.548925909Z","01KFEKEX3VSEJ79DPFZ13BZNQ0","2026-01-20T21:05:30.548925909Z","01KFEKHAR6HXGXBFZQNPQX74Z4","2026-01-20T21:05:30.548925909Z"
"01KFEMRH4H4Z9GYFF7Z9NPD8ZM","01KFEKHQ6RN01KDJ4QSDZAWPPS","2026-01-20T21:25:21.68132499Z",17,"2026-01-20T21:25:25.687417604Z","D","2026-01-20T21:25:24.773685762Z","01KFEKHZ9SCZ02EGGWRNFEECG2","2026-01-20T21:25:21.68132499Z","01KFEM9E7RMZA5K11AYHB2TQZJ","2026-01-20T21:25:21.68132499Z","01KFEMF645HBW6QDK47S3T5DJC","2026-01-20T21:25:21.68132499Z"
"01KFEMYN80GHS77TQD0NYR6J43","01KFEKP90DN3N51AVE1856PVFP","2026-01-20T21:28:42.496168394Z",19,"2026-01-20T21:29:08.759500832Z","C","2026-01-20T21:29:08.459898717Z","01KFEKPARRGKN060WSHP4MXPVN","2026-01-20T21:28:42.496168394Z","01KFEMCK5PSCC7SW5H7XYEWC3R","2026-01-20T21:28:42.496168394Z","01KFEMJWV4VKRYQC1Z322ZNNV8","2026-01-20T21:28:42.496168394Z"
"01KFEKD0CMZSE72AE2CD5Y4A7J","01KFEJ5CPJ5RGARFNN6Z0PCT4Q","2026-01-20T21:01:35.508355807Z",10,"2026-01-20T21:01:44.749093551Z","A","2026-01-20T21:01:40.208713973Z","01KFEJ5CQQ00MKPGMA298B0BDM","2026-01-20T21:01:35.508355807Z","01KFEK73K44W3P90S9METDZ39A","2026-01-20T21:01:35.508355807Z","01KFEK9MX91NBAD2F7JC29Z5NB","2026-01-20T21:01:35.508355807Z"
"01KFEMZDZ88DVPDT6SFZ56VAKV","01KFEKHQ6RN01KDJ4QSDZAWPPS","2026-01-20T21:29:07.816387979Z",0,"2026-01-20T21:29:14.724616766Z","C","2026-01-20T21:29:12.552646638Z","01KFEKHZBEEPDRHKRQPWCS3SGH","2026-01-20T21:29:07.816387979Z","01KFEMM17G5WSXC6D0MGM804RP","2026-01-20T21:29:07.816387979Z","01KFEMVW8Q3MZQJTTXMWTGS93R","2026-01-20T21:29:07.816387979Z"
"01KFEM0XVCHFD4H9902X9GX5KB","01KFEKHPC1MSE3FJ7DBY2FGY2F","2026-01-20T21:12:28.268359338Z",29,"2026-01-20T21:13:08.3088203Z","C","2026-01-20T21:12:29.749087988Z","01KFEKHX2RB171QB64SDRQQFHC","2026-01-20T21:12:28.268359338Z","01KFEKJ39TDPNH3F2VQ6ZS2WQR","2026-01-20T21:12:28.268359338Z","01KFEKRH78GJK4S0EDVVDXB080","2026-01-20T21:12:28.268359338Z"
"01KFEMP03FHA5FM8X4ZVPN8C3W","01KFEKHQDC2K693XFM5ANS8DHE","2026-01-20T21:23:58.703695999Z",7,"2026-01-20T21:24:03.15731548Z","D","2026-01-20T21:24:01.109603056Z","01KFEKHZN529E42QD9METE3SFK","2026-01-20T21:23:58.703695999Z","01KFEMC66GX6VYABMARMTEQ575","2026-01-20T21:23:58.703695999Z","01KFEMG8WYS19Z48TC85RBN9YV","2026-01-20T21:23:58.703695999Z"
"01KFEMQ7YJBVYZTF20F2EN9YDE","01KFEKHQ6RN01KDJ4QSDZAWPPS","2026-01-20T21:24:39.506242414Z",17,"2026-01-20T21:24:46.001493264Z","D","2026-01-20T21:24:44.167319649Z","01KFEKHZ9SCZ02EGGWRNFEECG2","2026-01-20T21:24:39.506242414Z","01KFEM9E7RMZA5K11AYHB2TQZJ","2026-01-20T21:24:39.506242414Z","01KFEMF60MRWVG2E3592733K4C","2026-01-20T21:24:39.506242414Z"
"01KFEN885Z42X6Q7NN8HNTS0TP","01KFEKHQDC2K693XFM5ANS8DHE","2026-01-20T21:33:56.799940706Z",0,"2026-01-20T21:34:02.431088332Z","C","2026-01-20T21:34:02.228318603Z","01KFEKHZKRT77TCYW9QR636P3H","2026-01-20T21:33:56.799940706Z","01KFEMZTH1KPE39TS4QCXRY5YJ","2026-01-20T21:33:56.799940706Z","01KFEN4AYQFH86KKGFTNVPDWAR","2026-01-20T21:33:56.799940706Z"
"01KFENF39K2GYCJF5AXJRWFT0V","01KFEKP8JTD09P5KZK5HC45AYH","2026-01-20T21:37:41.171364109Z",0,"2026-01-20T21:37:59.515933474Z","B","2026-01-20T21:37:53.4557693Z","01KFEKP8SWACZ78Z101DJZ9YZX","2026-01-20T21:37:41.171364109Z","01KFEN1V09JT6DJQFTMJT9XVS1","2026-01-20T21:37:41.171364109Z","01KFENEEV6YDF1GHB33TSWRT28","2026-01-20T21:37:41.171364109Z"
"01KFEKNYSD0PWZ00FRVWTASMVS","01KFEJ5E832Q64ZNG3ZKPXGHJ5","2026-01-20T21:06:28.781721742Z",10,"2026-01-20T21:06:47.476889825Z","A","2026-01-20T21:06:31.230792992Z","01KFEJ5E9BF1S7ZWGC98397B4G","2026-01-20T21:06:28.781721742Z","01KFEKGNPQS5RBR06H121JR9K1","2026-01-20T21:06:28.781721742Z","01KFEKMDHD7P4D0DXCMJF5ZZWT","2026-01-20T21:06:28.781721742Z"
"01KFEVSFDZMKHWRGFN16GXRS70","01KFEV37PBC6DGWCX0HT0QWYJR","2026-01-20T23:28:12.735141855Z",17,"2026-01-20T23:28:15.426658287Z","D","2026-01-20T23:28:15.405924265Z","01KFEV37PYV9HETXX2PSGE1RKD","2026-01-20T23:28:12.735141855Z","01KFEVDMPGK2KG6CGRXX80WQ5A","2026-01-20T23:28:12.735141855Z","01KFEVKCMC5SWQG5B0D7EEAX5H","2026-01-20T23:28:12.735141855Z"
"01KFEVTFS1G3RXCGMD07BCFTCY","01KFEV37CWX6SQYA0RPR0C01MW","2026-01-20T23:28:45.857296381Z",19,"2026-01-20T23:28:49.727135041Z","C","2026-01-20T23:28:49.701608394Z","01KFEV37DE991T271V0NJ5BY6K","2026-01-20T23:28:45.857296381Z","01KFEVD9ZATE7H5N364WWPAV31","2026-01-20T23:28:45.857296381Z","01KFEVJEJXVVFBH0FKDYNANHM0","2026-01-20T23:28:45.857296381Z"
"01KFEW70RD98M65B01Y05PYFE1","01KFEVMN9Q125N5N16W4WNYJXF","2026-01-20T23:35:36.461056007Z",17,"2026-01-20T23:35:38.337046237Z","D","2026-01-20T23:35:38.258344492Z","01KFEVMNBC23RB4D79KEQ4G0VS","2026-01-20T23:35:36.461056007Z","01KFEVXFAQE8X4YEWXW17GBY46","2026-01-20T23:35:36.461056007Z","01KFEW3VMGZD02ANKDCQP1JWVK","2026-01-20T23:35:36.461056007Z"
"01KFEWBCBMTD6A4CXPMWA6P5QT","01KFEV38GJVYY8P8B7QXSW6BTE","2026-01-20T23:37:59.412373408Z",10,"2026-01-20T23:38:08.554729207Z","B","2026-01-20T23:38:04.651631044Z","01KFEV38H8T2V9428VC9T7MEBA","2026-01-20T23:37:59.412373408Z","01KFEW5105FT4T963R9Z6AZ67Y","2026-01-20T23:37:59.412373408Z","01KFEWB93MZQQNSF35K2S15HQV","2026-01-20T23:37:59.412373408Z"
"01KFEVAWWPFRJH401T4YRV9X4C","01KFEV2BZFDRZBG3Y0249RG1TW","2026-01-20T23:20:14.998977187Z",20,"2026-01-20T23:20:16.240050487Z","B","2026-01-20T23:20:16.229009061Z","01KFEV2C08ND9C9BYW8N2T146P","2026-01-20T23:20:14.998977187Z","01KFEV46YBCF5X09FCFJF4VDEY","2026-01-20T23:20:14.998977187Z","01KFEV992DYNW9GKK2CP4DN9DZ","2026-01-20T23:20:14.998977187Z"
"01KFEVBM1Q7BAJCQQ3BT7TP0KW","01KFEV2BZFDRZBG3Y0249RG1TW","2026-01-20T23:20:38.711129493Z",20,"2026-01-20T23:20:40.039786059Z","B","2026-01-20T23:20:39.771249302Z","01KFEV2C08ND9C9BYW8N2T146P","2026-01-20T23:20:38.711129493Z","01KFEV46YBCF5X09FCFJF4VDEY","2026-01-20T23:20:38.711129493Z","01KFEV992NF1BFY2J085XZ7GRZ","2026-01-20T23:20:38.711129493Z"
"01KFEVH1X6ZCT3ZYNZT4149EVY","01KFEV2BZFDRZBG3Y0249RG1TW","2026-01-20T23:23:36.742306858Z",20,"2026-01-20T23:23:42.214600929Z","B","2026-01-20T23:23:39.465289775Z","01KFEV2C0CP35QE41ZMH45J8TZ","2026-01-20T23:23:36.742306858Z","01KFEV7TATT805MEJDGTCA5NFM","2026-01-20T23:23:36.742306858Z","01KFEVB8GASGJN0SSP4XXA8YGN","2026-01-20T23:23:36.742306858Z"
"01KFEVPQKGC4QA07TNJAS66QPY","01KFEVMN9Q125N5N16W4WNYJXF","2026-01-20T23:26:42.800691488Z",0,"2026-01-20T23:27:03.06717797Z","C","2026-01-20T23:26:55.8207706Z","01KFEVMNB841AFDZFM4WSW4FTD","2026-01-20T23:26:42.800691488Z","01KFEVC3J7JCZ73BZAKH9RH61D","2026-01-20T23:26:42.800691488Z","01KFEVPNF9X8183T19PW5K9TEJ","2026-01-20T23:26:42.800691488Z"
"01KFEVR333YMFVKR88EEZ3WC6F","01KFEVMN9Q125N5N16W4WNYJXF","2026-01-20T23:27:27.331780855Z",0,"2026-01-20T23:27:41.418145878Z","C","2026-01-20T23:27:32.891911528Z","01KFEVMNB841AFDZFM4WSW4FTD","2026-01-20T23:27:27.331780855Z","01KFEVB2WK99SDZDFQAW6KYB9M","2026-01-20T23:27:27.331780855Z","01KFEVPNFZCX04WK3RJCDA9DSA","2026-01-20T23:27:27.331780855Z"
"01KFEWFT88QP29225R8QMCHAQ1","01KFEV38GJVYY8P8B7QXSW6BTE","2026-01-20T23:40:24.712468438Z",20,"2026-01-20T23:40:26.067720689Z","A","2026-01-20T23:40:25.677890198Z","01KFEV38H8T2V9428VC9T7MEBA","2026-01-20T23:40:24.712468438Z","01KFEW5BKPC6PA6AD6TVFX3GTH","2026-01-20T23:40:24.712468438Z","01KFEWB97B5TCHMM11XXK0C3WP","2026-01-20T23:40:24.712468438Z"
"01KFEWGRT5Y1CEBHRPGMGSTHQF","01KFEVMN9Q125N5N16W4WNYJXF","2026-01-20T23:40:56.005240905Z",20,"2026-01-20T23:40:57.888176107Z","B","2026-01-20T23:40:57.239275414Z","01KFEVMNAWK7WRWM1AMQZKX6SA","2026-01-20T23:40:56.005240905Z","01KFEW3YJBR4HT7BADWRSVJQV5","2026-01-20T23:40:56.005240905Z","01KFEWE8SPXSSWENNJV0BH3H3G","2026-01-20T23:40:56.005240905Z"
"01KFEW585B957Z23M41D72MR66","01KFEV38GJVYY8P8B7QXSW6BTE","2026-01-20T23:34:38.507809559Z",17,"2026-01-20T23:34:57.018306793Z","D","2026-01-20T23:34:56.844272991Z","01KFEV38H48T18ZRM15RETR33C","2026-01-20T23:34:38.507809559Z","01KFEVVPVMNR90RS0DGAX989B7","2026-01-20T23:34:38.507809559Z","01KFEW2K56P3AGBJZAEKF6M147","2026-01-20T23:34:38.507809559Z"
"01KFEVBE2B4YGTEMXQTH4C4BGB","01KFEV2BZFDRZBG3Y0249RG1TW","2026-01-20T23:20:32.587578703Z",20,"2026-01-20T23:20:34.05732446Z","A","2026-01-20T23:20:33.891975629Z","01KFEV2C08ND9C9BYW8N2T146P","2026-01-20T23:20:32.587578703Z","01KFEV4APCG117QZ1ZVXNKCJFC","2026-01-20T23:20:32.587578703Z","01KFEV992G0QHTRMA6CN52MSYK","2026-01-20T23:20:32.587578703Z"
"01KFEVKW7DPC9CXRBP9QSYBYDV","01KFEV384BJYC62Y0E6AQK09K8","2026-01-20T23:25:09.229564276Z",0,"2026-01-20T23:25:11.68889736Z","B","2026-01-20T23:25:11.662824207Z","01KFEV384Y33BFECW27AH8GSGD","2026-01-20T23:25:09.229564276Z","01KFEVCQTYNZYE4TGA9WFYBM2V","2026-01-20T23:25:09.229564276Z","01KFEVHAPGWZJCVM4Z19V75XGE","2026-01-20T23:25:09.229564276Z"
"01KFEVTV8A8ZVA890VY8M0SD6H","01KFEV37CWX6SQYA0RPR0C01MW","2026-01-20T23:28:57.610984538Z",10,"2026-01-20T23:29:04.046972717Z","B","2026-01-20T23:29:04.014671603Z","01KFEV37DAAK9E08F076WKMM6J","2026-01-20T23:28:57.610984538Z","01KFEVGWWQWT7BAZNJDAAA325H","2026-01-20T23:28:57.610984538Z","01KFEVRWRV4PBTM59RGPB1MPCT","2026-01-20T23:28:57.610984538Z"
"01KFEW585227Y1D7P7XX4DW2S7","01KFEV38GJVYY8P8B7QXSW6BTE","2026-01-20T23:34:38.498665885Z",29,"2026-01-20T23:34:57.018306793Z","C","2026-01-20T23:34:39.824222744Z","01KFEV38H48T18ZRM15RETR33C","2026-01-20T23:34:38.498665885Z","01KFEVYB6HS3VX2GA7D4G2GPMT","2026-01-20T23:34:38.498665885Z","01KFEW2K56P3AGBJZAEKF6M147","2026-01-20T23:34:38.498665885Z"
"01KFEVH0ETFR8RBTYKYJ4922YA","01KFEV377XDCWB0CVW0E7ES8WB","2026-01-20T23:23:35.258914263Z",0,"2026-01-20T23:23:40.377805205Z","C","2026-01-20T23:23:39.403164668Z","01KFEV378H0PY96RNMJFNCN7TE","2026-01-20T23:23:35.258914263Z","01KFEVA045MDV6WERMTEQ3VAYR","2026-01-20T23:23:35.258914263Z","01KFEVEHGCG7SCGVN0B81NQ5CF","2026-01-20T23:23:35.258914263Z"
"01KFEVFSF13ZDSJ1A5VSE8DVKW","01KFEV377XDCWB0CVW0E7ES8WB","2026-01-20T23:22:55.329905587Z",10,"2026-01-20T23:23:01.522615115Z","B","2026-01-20T23:22:58.803882944Z","01KFEV378PDZP87HXSESW6BA01","2026-01-20T23:22:55.329905587Z","01KFEV6V20FH8Q8TGZN4SVCF5R","2026-01-20T23:22:55.329905587Z","01KFEVF1Q0DWKQS3BYN9S091RF","2026-01-20T23:22:55.329905587Z"
"01KFEVNN2B0KTXXGRJ6NXZ737Z","01KFEV377XDCWB0CVW0E7ES8WB","2026-01-20T23:26:07.435446071Z",20,"2026-01-20T23:26:08.79823057Z","A","2026-01-20T23:26:08.642795714Z","01KFEV378FNG971PBW7B2SPNC6","2026-01-20T23:26:07.435446071Z","01KFEVCRBGBMN5MZZVZA8FPX1Z","2026-01-20T23:26:07.435446071Z","01KFEVJNRF52FGSEND6NF55RT9","2026-01-20T23:26:07.435446071Z"
"01KFEVNN6MVAQ7TWQP68SWRJNX","01KFEV37CWX6SQYA0RPR0C01MW","2026-01-20T23:26:07.572654935Z",7,"2026-01-20T23:26:11.560047394Z","D","2026-01-20T23:26:11.183175577Z","01KFEV37DE991T271V0BRDHRJW","2026-01-20T23:26:07.572654935Z","01KFEV8CTFEWEE7C0ZM9KMYRSE","2026-01-20T23:26:07.572654935Z","01KFEVGBDEFGKQZTMK8HZ24A1T","2026-01-20T23:26:07.572654935Z"
"01KFEVP39C06EW7Z7VV1ZVFFC4","01KFEV377XDCWB0CVW0E7ES8WB","2026-01-20T23:26:21.996942023Z",20,"2026-01-20T23:26:24.401351084Z","B","2026-01-20T23:26:23.116334033Z","01KFEV378FNG971PBW7B2SPNC6","2026-01-20T23:26:21.996942023Z","01KFEV82H962BNCCRXPB524628","2026-01-20T23:26:21.996942023Z","01KFEVJNR6S4SX7KGTNEJ547G6","2026-01-20T23:26:21.996942023Z"
"01KFEW3TZ633B5F5HA2546WZGC","01KFEV37PBC6DGWCX0HT0QWYJR","2026-01-20T23:33:52.230469328Z",10,"2026-01-20T23:33:55.968209352Z","B","2026-01-20T23:33:53.72535744Z","01KFEV37Q0WSYAYKWHM2EXN0DN","2026-01-20T23:33:52.230469328Z","01KFEVWYACX0Z3X7HHHK5DSTDD","2026-01-20T23:33:52.230469328Z","01KFEW0G8PBE5EFQ6P72KS21WH","2026-01-20T23:33:52.230469328Z"
"01KFEWHQSQKFRAYA4VTFSQ8DZ0","01KFEVMN9Q125N5N16W4WNYJXF","2026-01-20T23:41:27.735693373Z",20,"2026-01-20T23:41:30.504381997Z","A","2026-01-20T23:41:28.492903814Z","01KFEVMNAWK7WRWM1AMQZKX6SA","2026-01-20T23:41:27.735693373Z","01KFEW4NGJQK3SC6VDT657XA1V","2026-01-20T23:41:27.735693373Z","01KFEWE8VFX5MKT559QS5XEW3G","2026-01-20T23:41:27.735693373Z"
"01KFEVKW7AGXA85ZJ4VS5D1CVQ","01KFEV384BJYC62Y0E6AQK09K8","2026-01-20T23:25:09.226122091Z",0,"2026-01-20T23:25:11.68889736Z","B","2026-01-20T23:25:11.50383973Z","01KFEV384Y33BFECW27AH8GSGD","2026-01-20T23:25:09.226122091Z","01KFEVF34Y0A3VWJYX9367Q9EA","2026-01-20T23:25:09.226122091Z","01KFEVHAPGWZJCVM4Z19V75XGE","2026-01-20T23:25:09.226122091Z"
"01KFEVM8F16QBTBW6PFYFWZ077","01KFEV377XDCWB0CVW0E7ES8WB","2026-01-20T23:25:21.761738188Z",7,"2026-01-20T23:25:24.121051287Z","D","2026-01-20T23:25:24.098795546Z","01KFEV378PDZP87HXSESW6BA01","2026-01-20T23:25:21.761738188Z","01KFEV6V20FH8Q8TGZN4SVCF5R","2026-01-20T23:25:21.761738188Z","01KFEVF1QJJ1AJY0K2X9A8CP10","2026-01-20T23:25:21.761738188Z"
"01KFEW1D2P8YYC3FG5NRDJSPW4","01KFEV384BJYC62Y0E6AQK09K8","2026-01-20T23:32:32.470155499Z",10,"2026-01-20T23:32:40.529098495Z","B","2026-01-20T23:32:35.010914204Z","01KFEV385166A8JYCZ9G4DMHRQ","2026-01-20T23:32:32.470155499Z","01KFEVWH8M80FFRA88HYSK2ZSQ","2026-01-20T23:32:32.470155499Z","01KFEW1AGDXB9F3CBJZD9ZH5QQ","2026-01-20T23:32:32.470155499Z"
"01KFEWB4XH7NXM37SKZ3DKF26B","01KFEV38A01XZ4DPRPFKRE96P8","2026-01-20T23:37:51.793153699Z",10,"2026-01-20T23:38:01.858369023Z","A","2026-01-20T23:38:01.81676341Z","01KFEV38AJ2CFPYBQZ5JKK7PV4","2026-01-20T23:37:51.793153699Z","01KFEW61CSGZMFE4TZ96QA9A06","2026-01-20T23:37:51.793153699Z","01KFEW9RN40QG3K2B84WKGV58C","2026-01-20T23:37:51.793153699Z"
"01KFEVRZ90CT1V7RDV9NP85A47","01KFEVMN9Q125N5N16W4WNYJXF","2026-01-20T23:27:56.192207373Z",10,"2026-01-20T23:28:04.697805243Z","B","2026-01-20T23:28:04.666754377Z","01KFEVMNB841AFDZFM4WSW4FTD","2026-01-20T23:27:56.192207373Z","01KFEVC3J7JCZ73BZAKH9RH61D","2026-01-20T23:27:56.192207373Z","01KFEVPNFPGQ4NA785Q8C05C2N","2026-01-20T23:27:56.192207373Z"
"01KFEW282AJ6FMCG7HZ85ZG35S","01KFEV37PBC6DGWCX0HT0QWYJR","2026-01-20T23:33:00.106820354Z",0,"2026-01-20T23:33:04.805230662Z","C","2026-01-20T23:33:01.317384202Z","01KFEV37Q0WSYAYKWHM2EXN0DN","2026-01-20T23:33:00.106820354Z","01KFEVWYACX0Z3X7HHHK5DSTDD","2026-01-20T23:33:00.106820354Z","01KFEW0G9D7HY4DT2F92JJP28V","2026-01-20T23:33:00.106820354Z"
"01KFEW3JZKZXS71BQANS49M803","01KFEV37PBC6DGWCX0HT0QWYJR","2026-01-20T23:33:44.051847821Z",10,"2026-01-20T23:33:48.394292918Z","A","2026-01-20T23:33:48.363523176Z","01KFEV37Q0WSYAYKWHM2EXN0DN","2026-01-20T23:33:44.051847821Z","01KFEVWXXVHBHP5S1AZQQ4JZFK","2026-01-20T23:33:44.051847821Z","01KFEW0G9XAWS7DYHEE7AAN198","2026-01-20T23:33:44.051847821Z"
"01KFEW418ZEKYB28GX5DVAV49A","01KFEV37PBC6DGWCX0HT0QWYJR","2026-01-20T23:33:58.687950892Z",29,"2026-01-20T23:34:03.601795271Z","C","2026-01-20T23:34:03.565215147Z","01KFEV37Q0WSYAYKWHM2EXN0DN","2026-01-20T23:33:58.687950892Z","01KFEVWXXVHBHP5S1AZQQ4JZFK","2026-01-20T23:33:58.687950892Z","01KFEW0GBS72KYHGYA38PRV8M7","2026-01-20T23:33:58.687950892Z"
"01KFEW4R7VSJNDST8K08J2PG98","01KFEV37PBC6DGWCX0HT0QWYJR","2026-01-20T23:34:22.203260009Z",29,"2026-01-20T23:34:24.384142563Z","C","2026-01-20T23:34:24.349452533Z","01KFEV37Q0WSYAYKWHM2EXN0DN","2026-01-20T23:34:22.203260009Z","01KFEVWXXVHBHP5S1AZQQ4JZFK","2026-01-20T23:34:22.203260009Z","01KFEW0GB864QKBAB0HBJ7K4K5","2026-01-20T23:34:22.203260009Z"
"01KFEWH2ZYV7P192DC3VC8JE4Q","01KFEVMN9Q125N5N16W4WNYJXF","2026-01-20T23:41:06.430040865Z",20,"2026-01-20T23:41:07.837374049Z","A","2026-01-20T23:41:07.800530353Z","01KFEVMNAWK7WRWM1AMQZKX6SA","2026-01-20T23:41:06.430040865Z","01KFEW4NGJQK3SC6VDT657XA1V","2026-01-20T23:41:06.430040865Z","01KFEWE8X78MX8FTH7TFT5G1TY","2026-01-20T23:41:06.430040865Z"
"01KFEVPTE9ZD1S0V829QWNCSBH","01KFEV37PBC6DGWCX0HT0QWYJR","2026-01-20T23:26:45.705793513Z",0,"2026-01-20T23:26:53.927703796Z","C","2026-01-20T23:26:53.90456326Z","01KFEV37PYV9HETXX2PSGE1RKD","2026-01-20T23:26:45.705793513Z","01KFEV8PSQBX7P1ARFP0SDDW57","2026-01-20T23:26:45.705793513Z","01KFEVKCN4ZM7M5WXWCANY7678","2026-01-20T23:26:45.705793513Z"
"01KFEW4W5NB9N6YMX37YT4J1EB","01KFEV37PBC6DGWCX0HT0QWYJR","2026-01-20T23:34:26.229755179Z",17,"2026-01-20T23:34:27.481091908Z","D","2026-01-20T23:34:27.445727844Z","01KFEV37Q0WSYAYKWHM2EXN0DN","2026-01-20T23:34:26.229755179Z","01KFEVWXXVHBHP5S1AZQQ4JZFK","2026-01-20T23:34:26.229755179Z","01KFEW0GAPYHHVEVF9RP1ERMKP","2026-01-20T23:34:26.229755179Z"
"01KFEWC5RPXRE6MK16RECJ7F41","01KFEV38GJVYY8P8B7QXSW6BTE","2026-01-20T23:38:25.430918423Z",19,"2026-01-20T23:38:34.992906861Z","C","2026-01-20T23:38:28.50365708Z","01KFEV38H8T2V9428VC9T7MEBA","2026-01-20T23:38:25.430918423Z","01KFEW5BKPC6PA6AD6TVFX3GTH","2026-01-20T23:38:25.430918423Z","01KFEWB933XTP1JVD282ZB991C","2026-01-20T23:38:25.430918423Z"
"01KFEVFZQ8BFFKZD6THWH2JVN1","01KFEV2BZFDRZBG3Y0249RG1TW","2026-01-20T23:23:01.736543468Z",19,"2026-01-20T23:23:04.471707974Z","C","2026-01-20T23:23:04.204797727Z","01KFEV2C0CP35QE41ZMH45J8TZ","2026-01-20T23:23:01.736543468Z","01KFEV4PQ8V0QGQVX4KK2FPFJR","2026-01-20T23:23:01.736543468Z","01KFEVB8G65XGTDB93SACT6HAB","2026-01-20T23:23:01.736543468Z"
"01KFEVGX0168DT85TTFB6BJVHQ","01KFEV377XDCWB0CVW0E7ES8WB","2026-01-20T23:23:31.713843274Z",10,"2026-01-20T23:23:35.622686493Z","B","2026-01-20T23:23:34.536949559Z","01KFEV378PDZP87HXSESW6BA01","2026-01-20T23:23:31.713843274Z","01KFEV6V20FH8Q8TGZN4SVCF5R","2026-01-20T23:23:31.713843274Z","01KFEVF1Q29ZX430FYZMCC884K","2026-01-20T23:23:31.713843274Z"
"01KFEVKJ15SQ85HT8B42Z46NMJ","01KFEV377XDCWB0CVW0E7ES8WB","2026-01-20T23:24:58.78952614Z",20,"2026-01-20T23:25:05.06538825Z","A","2026-01-20T23:25:05.044855441Z","01KFEV378FNG971PBW7B2SPNC6","2026-01-20T23:24:58.78952614Z","01KFEVCRBGBMN5MZZVZA8FPX1Z","2026-01-20T23:24:58.78952614Z","01KFEVJNQYDHT7QNFWKKE14CQS","2026-01-20T23:24:58.78952614Z"
"01KFEVMRGVBJXK6KQ836MXME1F","01KFEV38A01XZ4DPRPFKRE96P8","2026-01-20T23:25:38.203287539Z",19,"2026-01-20T23:25:57.026340356Z","C","2026-01-20T23:25:56.944104795Z","01KFEV38AJ2CFPYBQZ58NH0V5J","2026-01-20T23:25:38.203287539Z","01KFEVE55BQ40NXX8QW3R5RX0T","2026-01-20T23:25:38.203287539Z","01KFEVJWRME93DECR96HK88Y43","2026-01-20T23:25:38.203287539Z"
"01KFEWGDZ3XZG70ERB65N0JE9K","01KFEV38A01XZ4DPRPFKRE96P8","2026-01-20T23:40:44.899381109Z",29,"2026-01-20T23:40:47.254341283Z","C","2026-01-20T23:40:47.211426804Z","01KFEV38AJ2CFPYBQZ5JKK7PV4","2026-01-20T23:40:44.899381109Z","01KFEW2CHJQZ9TDCN78BA2VKEM","2026-01-20T23:40:44.899381109Z","01KFEW9RPG7H4171T00NS0ETE6","2026-01-20T23:40:44.899381109Z"
"01KFEVFCF4SYSZYQFT409XSG88","01KFEV377XDCWB0CVW0E7ES8WB","2026-01-20T23:22:42.020296885Z",10,"2026-01-20T23:22:48.749849706Z","B","2026-01-20T23:22:48.734293686Z","01KFEV378H0PY96RNMJTMM0E4X","2026-01-20T23:22:42.020296885Z","01KFEV8TC8AZEPV3G36SCZ12C3","2026-01-20T23:22:42.020296885Z","01KFEVFBBRK2GJ0MGS3FRA88XS","2026-01-20T23:22:42.020296885Z"
"01KFEW35B585YBX1CSQF8E8J4B","01KFEV38A01XZ4DPRPFKRE96P8","2026-01-20T23:33:30.085728231Z",10,"2026-01-20T23:33:37.314039803Z","B","2026-01-20T23:33:36.981700594Z","01KFEV38AHTHHCNTDGHAJN0GXG","2026-01-20T23:33:30.085728231Z","01KFEVW9PV7SJ42VT7GTTE4SGT","2026-01-20T23:33:30.085728231Z","01KFEW29XHVV27TK4HQZQPZFPD","2026-01-20T23:33:30.085728231Z"
"01KFEW757Y7W4299N4CF4BN3KS","01KFEV38GJVYY8P8B7QXSW6BTE","2026-01-20T23:35:41.054879976Z",17,"2026-01-20T23:35:42.249342053Z","D","2026-01-20T23:35:42.13899535Z","01KFEV38H48T18ZRM15RETR33C","2026-01-20T23:35:41.054879976Z","01KFEVYB6HS3VX2GA7D4G2GPMT","2026-01-20T23:35:41.054879976Z","01KFEW2K6YFW0YHD45MRGH06TF","2026-01-20T23:35:41.054879976Z"
"01KFEWFEZX7ETXBWNDR0Z6D1M3","01KFEV38GJVYY8P8B7QXSW6BTE","2026-01-20T23:40:13.181825386Z",10,"2026-01-20T23:40:16.677245874Z","A","2026-01-20T23:40:14.655154146Z","01KFEV38H8T2V9428VC9T7MEBA","2026-01-20T23:40:13.181825386Z","01KFEW5BKPC6PA6AD6TVFX3GTH","2026-01-20T23:40:13.181825386Z","01KFEWB96ZWWCJ2HWAMXTQ08FM","2026-01-20T23:40:13.181825386Z"
"01KFEVPYN137RHGMDQDRCRRGWF","01KFEV37CWX6SQYA0RPR0C01MW","2026-01-20T23:26:50.017550546Z",19,"2026-01-20T23:26:54.487053709Z","C","2026-01-20T23:26:54.082200559Z","01KFEV37DE991T271V0NJ5BY6K","2026-01-20T23:26:50.017550546Z","01KFEVD9ZATE7H5N364WWPAV31","2026-01-20T23:26:50.017550546Z","01KFEVJEK9E3M288QRNEA9824W","2026-01-20T23:26:50.017550546Z"
"01KFEWFKY2X31B88ZT0FKE5PDT","01KFEV38A01XZ4DPRPFKRE96P8","2026-01-20T23:40:18.242617368Z",0,"2026-01-20T23:40:20.497358785Z","C","2026-01-20T23:40:19.706658295Z","01KFEV38AJ2CFPYBQZ5JKK7PV4","2026-01-20T23:40:18.242617368Z","01KFEW61CSGZMFE4TZ96QA9A06","2026-01-20T23:40:18.242617368Z","01KFEW9RQDSYXSNPWSEQ27EKZR","2026-01-20T23:40:18.242617368Z"
"01KFEV9WPKQYWZXYZ84V9ZDP4M","01KFEV2BZFDRZBG3Y0249RG1TW","2026-01-20T23:19:42.035967482Z",20,"2026-01-20T23:19:44.108997094Z","A","2026-01-20T23:19:44.099047404Z","01KFEV2C08ND9C9BYW8N2T146P","2026-01-20T23:19:42.035967482Z","01KFEV4APCG117QZ1ZVXNKCJFC","2026-01-20T23:19:42.035967482Z","01KFEV9923DJ5VCDJPCWV8F272","2026-01-20T23:19:42.035967482Z"
"01KFEVJ7A7MN9F1VPTDNMNCB71","01KFEV384BJYC62Y0E6AQK09K8","2026-01-20T23:24:15.047698745Z",29,"2026-01-20T23:24:20.087120688Z","C","2026-01-20T23:24:20.073561495Z","01KFEV384Y33BFECW27AH8GSGD","2026-01-20T23:24:15.047698745Z","01KFEVF34Y0A3VWJYX9367Q9EA","2026-01-20T23:24:15.047698745Z","01KFEVHANZWYMMJ585A25SK7SB","2026-01-20T23:24:15.047698745Z"
"01KFEVMYGKMYFKHTA4BC35E7FQ","01KFEV37PBC6DGWCX0HT0QWYJR","2026-01-20T23:25:44.339363758Z",17,"2026-01-20T23:25:47.796543284Z","D","2026-01-20T23:25:47.779421162Z","01KFEV37PYV9HETXX2PC055NBT","2026-01-20T23:25:44.339363758Z","01KFEVBDY2YWN6DSFNFKRM8R9Z","2026-01-20T23:25:44.339363758Z","01KFEVH48F86SXRFG4F77MN5NS","2026-01-20T23:25:44.339363758Z"
"01KFEW7ZSWNBNYYYT6G83ZCM4G","01KFEV38GJVYY8P8B7QXSW6BTE","2026-01-20T23:36:08.252584351Z",0,"2026-01-20T23:36:09.581722755Z","D","2026-01-20T23:36:09.277901632Z","01KFEV38H48T18ZRM15RETR33C","2026-01-20T23:36:08.252584351Z","01KFEVYB6HS3VX2GA7D4G2GPMT","2026-01-20T23:36:08.252584351Z","01KFEW2K65H61S2VCF5K0K6SB6","2026-01-20T23:36:08.252584351Z"
"01KFEWF4D5GME0YB0266E8THPG","01KFEV38A01XZ4DPRPFKRE96P8","2026-01-20T23:40:02.341127944Z",17,"2026-01-20T23:40:05.034410292Z","D","2026-01-20T23:40:04.712732094Z","01KFEV38AJ2CFPYBQZ5JKK7PV4","2026-01-20T23:40:02.341127944Z","01KFEW61CSGZMFE4TZ96QA9A06","2026-01-20T23:40:02.341127944Z","01KFEW9RR0JAHGRHAG16SCZ4HQ","2026-01-20T23:40:02.341127944Z"
"01KFEVJXJXCT419C8CWBZY5Q7S","01KFEV38A01XZ4DPRPFKRE96P8","2026-01-20T23:24:37.853293259Z",0,"2026-01-20T23:25:08.06519022Z","C","2026-01-20T23:25:08.048402943Z","01KFEV38AJ2CFPYBQZ58NH0V5J","2026-01-20T23:24:37.853293259Z","01KFEVE55BQ40NXX8QW3R5RX0T","2026-01-20T23:24:37.853293259Z","01KFEVJWS4XRB4HTW161W2F47D","2026-01-20T23:24:37.853293259Z"
"01KFEVKRW5JKSJ1022AZX2PG20","01KFEV37PBC6DGWCX0HT0QWYJR","2026-01-20T23:25:05.797841363Z",17,"2026-01-20T23:25:12.537271754Z","D","2026-01-20T23:25:12.45143471Z","01KFEV37PYV9HETXX2PC055NBT","2026-01-20T23:25:05.797841363Z","01KFEV9QWYR4DNTS4QCCENEARJ","2026-01-20T23:25:05.797841363Z","01KFEVH485B8R4J0M6DWQE7BKW","2026-01-20T23:25:05.797841363Z"
"01KFEVSWEGV1SFQ34DJQ78N8EJ","01KFEV38A01XZ4DPRPFKRE96P8","2026-01-20T23:28:26.064494672Z",0,"2026-01-20T23:28:33.323688367Z","C","2026-01-20T23:28:31.613134106Z","01KFEV38AJ2CFPYBQZ58NH0V5J","2026-01-20T23:28:26.064494672Z","01KFEVE55BQ40NXX8QW3R5RX0T","2026-01-20T23:28:26.064494672Z","01KFEVJWS0K3DC7EYBN1SH6BCA","2026-01-20T23:28:26.064494672Z"
"01KFEVVSMHBSC7FHZTRTACF3GH","01KFEV38A01XZ4DPRPFKRE96P8","2026-01-20T23:29:28.721783628Z",10,"2026-01-20T23:29:33.550966485Z","B","2026-01-20T23:29:33.52185331Z","01KFEV38AJ2CFPYBQZ58NH0V5J","2026-01-20T23:29:28.721783628Z","01KFEVB815BQW2TQ29HHMDQ2FB","2026-01-20T23:29:28.721783628Z","01KFEVJWSCTHEQ0RQN66MYHJP0","2026-01-20T23:29:28.721783628Z"
"01KFEVJT227M7VYV1C4DWQZMW9","01KFEV37CWX6SQYA0RPR0C01MW","2026-01-20T23:24:34.242384279Z",19,"2026-01-20T23:24:38.978122239Z","C","2026-01-20T23:24:36.647283311Z","01KFEV37DE991T271V0BRDHRJW","2026-01-20T23:24:34.242384279Z","01KFEV8CTFEWEE7C0ZM9KMYRSE","2026-01-20T23:24:34.242384279Z","01KFEVGBCPPHTMKKS8W8BM1ZBN","2026-01-20T23:24:34.242384279Z"
"01KFEVVSMCSXCGX9JSVHFXXF3C","01KFEV38A01XZ4DPRPFKRE96P8","2026-01-20T23:29:28.716592361Z",19,"2026-01-20T23:29:33.550966485Z","C","2026-01-20T23:29:31.518267588Z","01KFEV38AJ2CFPYBQZ58NH0V5J","2026-01-20T23:29:28.716592361Z","01KFEVE55BQ40NXX8QW3R5RX0T","2026-01-20T23:29:28.716592361Z","01KFEVJWSCTHEQ0RQN66MYHJP0","2026-01-20T23:29:28.716592361Z"
"01KFEW2PSGBEMF7Z6T94TM3DKY","01KFEV384BJYC62Y0E6AQK09K8","2026-01-20T23:33:15.184657018Z",19,"2026-01-20T23:33:17.826166453Z","C","2026-01-20T23:33:17.797531489Z","01KFEV385166A8JYCZ9G4DMHRQ","2026-01-20T23:33:15.184657018Z","01KFEVY502SJ2FK1Q7WFM0PHB4","2026-01-20T23:33:15.184657018Z","01KFEW1AHK7P065S468G6XKRHA","2026-01-20T23:33:15.184657018Z"
"01KFEW6C40CE5EYP5M3PHFJJTA","01KFEVMN9Q125N5N16W4WNYJXF","2026-01-20T23:35:15.328858406Z",0,"2026-01-20T23:35:16.941048036Z","D","2026-01-20T23:35:16.905899444Z","01KFEVMNBC23RB4D79KEQ4G0VS","2026-01-20T23:35:15.328858406Z","01KFEVX608THP5F5HX3GYF0X1K","2026-01-20T23:35:15.328858406Z","01KFEW3VKG0B17FHJX4NF0X699","2026-01-20T23:35:15.328858406Z"
"01KFEW6SYKQWSPSNW1MPW284R3","01KFEVMN9Q125N5N16W4WNYJXF","2026-01-20T23:35:29.491560714Z",17,"2026-01-20T23:35:31.146477418Z","D","2026-01-20T23:35:31.11146618Z","01KFEVMNBC23RB4D79KEQ4G0VS","2026-01-20T23:35:29.491560714Z","01KFEVXFAQE8X4YEWXW17GBY46","2026-01-20T23:35:29.491560714Z","01KFEW3VKZ39SY1X7NPK7PDBQW","2026-01-20T23:35:29.491560714Z"
"01KFEW7M200WJGFF9FCKBH46YJ","01KFEVMN9Q125N5N16W4WNYJXF","2026-01-20T23:35:56.224669459Z",29,"2026-01-20T23:35:57.723523028Z","C","2026-01-20T23:35:57.687821382Z","01KFEVMNBC23RB4D79KEQ4G0VS","2026-01-20T23:35:56.224669459Z","01KFEVX608THP5F5HX3GYF0X1K","2026-01-20T23:35:56.224669459Z","01KFEW3VN02RCSZ9DCBE78BGPQ","2026-01-20T23:35:56.224669459Z"
"01KFEWJ2B0S2SGE5HRP8WNW151","01KFEVMNF44NEM58ETFST7KTWM","2026-01-20T23:41:38.528031299Z",0,"2026-01-20T23:41:42.074412776Z","D","2026-01-20T23:41:41.955541111Z","01KFEVMNHFNDCGHX9QBBFN387E","2026-01-20T23:41:38.528031299Z","01KFEW78ZH0TY6JQ9J3GJMR3E3","2026-01-20T23:41:38.528031299Z","01KFEWEZWPAV8RCSFBM22S3S8X","2026-01-20T23:41:38.528031299Z"
"01KFEVM4RZ6P7GJMZ9QEDS1N36","01KFEV377XDCWB0CVW0E7ES8WB","2026-01-20T23:25:17.983066741Z",17,"2026-01-20T23:25:25.976544303Z","D","2026-01-20T23:25:25.960836989Z","01KFEV378H0PY96RNMJFNCN7TE","2026-01-20T23:25:17.983066741Z","01KFEVA045MDV6WERMTEQ3VAYR","2026-01-20T23:25:17.983066741Z","01KFEVEHGG1SXX423P9GYCADRZ","2026-01-20T23:25:17.983066741Z"
"01KFEVMSV1Q6YF74B7DY7Z0KF4","01KFEV37PBC6DGWCX0HT0QWYJR","2026-01-20T23:25:39.553085604Z",29,"2026-01-20T23:25:47.693056698Z","C","2026-01-20T23:25:44.691478226Z","01KFEV37PYV9HETXX2PSGE1RKD","2026-01-20T23:25:39.553085604Z","01KFEVDMPGK2KG6CGRXX80WQ5A","2026-01-20T23:25:39.553085604Z","01KFEVKCMTAFBEY86Z8E6DFH9P","2026-01-20T23:25:39.553085604Z"
"01KFEVP399PQGDJSDVMT4HYW95","01KFEV377XDCWB0CVW0E7ES8WB","2026-01-20T23:26:21.993086535Z",20,"2026-01-20T23:26:24.401351084Z","A","2026-01-20T23:26:24.375018663Z","01KFEV378FNG971PBW7B2SPNC6","2026-01-20T23:26:21.993086535Z","01KFEVCRBGBMN5MZZVZA8FPX1Z","2026-01-20T23:26:21.993086535Z","01KFEVJNR6S4SX7KGTNEJ547G6","2026-01-20T23:26:21.993086535Z"
"01KFEVTHHTKPV71GXX5TEJ6KXB","01KFEV37CWX6SQYA0RPR0C01MW","2026-01-20T23:28:47.674250833Z",0,"2026-01-20T23:28:52.376929131Z","B","2026-01-20T23:28:51.137336835Z","01KFEV37DAAK9E08F076WKMM6J","2026-01-20T23:28:47.674250833Z","01KFEVH10BYAXDVW828R4A2D8P","2026-01-20T23:28:47.674250833Z","01KFEVRWS00RN61XYMYX27BZTF","2026-01-20T23:28:47.674250833Z"
"01KFEWEJ31BW6JXDX5HDHM63E6","01KFEV38A01XZ4DPRPFKRE96P8","2026-01-20T23:39:43.585168106Z",29,"2026-01-20T23:39:53.886430866Z","C","2026-01-20T23:39:52.1891312Z","01KFEV38AJ2CFPYBQZ5JKK7PV4","2026-01-20T23:39:43.585168106Z","01KFEW2CHJQZ9TDCN78BA2VKEM","2026-01-20T23:39:43.585168106Z","01KFEW9RRB19NTDMQ39CJ149E9","2026-01-20T23:39:43.585168106Z"
"01KFEVMTP2X30BBTCD3CDJBP4N","01KFEV37CWX6SQYA0RPR0C01MW","2026-01-20T23:25:40.418103806Z",7,"2026-01-20T23:25:46.070040304Z","D","2026-01-20T23:25:44.671426036Z","01KFEV37DE991T271V0BRDHRJW","2026-01-20T23:25:40.418103806Z","01KFEVBZC2S6960QVT8J14HPMN","2026-01-20T23:25:40.418103806Z","01KFEVGBDARE4SPS0QMKPAHCAT","2026-01-20T23:25:40.418103806Z"
"01KFEVRRXAJ5QED53088PCN3H9","01KFEV37CWX6SQYA0RPR0C01MW","2026-01-20T23:27:49.674805037Z",0,"2026-01-20T23:27:58.940360968Z","C","2026-01-20T23:27:58.91767063Z","01KFEV37DE991T271V0NJ5BY6K","2026-01-20T23:27:49.674805037Z","01KFEVD9ZATE7H5N364WWPAV31","2026-01-20T23:27:49.674805037Z","01KFEVJEKGMYFZA2VJEASABFYY","2026-01-20T23:27:49.674805037Z"
"01KFEVVZVADKQ0NP9DZXS1KN21","01KFEVMN9Q125N5N16W4WNYJXF","2026-01-20T23:29:35.08259205Z",17,"2026-01-20T23:29:38.396285707Z","D","2026-01-20T23:29:37.375167134Z","01KFEVMNB841AFDZFM4WSW4FTD","2026-01-20T23:29:35.08259205Z","01KFEVC3J7JCZ73BZAKH9RH61D","2026-01-20T23:29:35.08259205Z","01KFEVPNHFVEA7FM8X5XBZD9R8","2026-01-20T23:29:35.08259205Z"
"01KFEW3TZCW6BGB7AYK7DEHXS6","01KFEV37PBC6DGWCX0HT0QWYJR","2026-01-20T23:33:52.236154958Z",19,"2026-01-20T23:33:55.968209352Z","C","2026-01-20T23:33:54.46702619Z","01KFEV37Q0WSYAYKWHM2EXN0DN","2026-01-20T23:33:52.236154958Z","01KFEVWXXVHBHP5S1AZQQ4JZFK","2026-01-20T23:33:52.236154958Z","01KFEW0G8PBE5EFQ6P72KS21WH","2026-01-20T23:33:52.236154958Z"
"01KFEVHXWKSHW67M466E7CBF17","01KFEV37PBC6DGWCX0HT0QWYJR","2026-01-20T23:24:05.395189144Z",19,"2026-01-20T23:24:10.921094393Z","C","2026-01-20T23:24:10.905002073Z","01KFEV37PYV9HETXX2PC055NBT","2026-01-20T23:24:05.395189144Z","01KFEV9QWYR4DNTS4QCCENEARJ","2026-01-20T23:24:05.395189144Z","01KFEVH4832VJZB12Y0Z5J9ZVB","2026-01-20T23:24:05.395189144Z"
"01KFEVPQRVTEPW91FY0JVCK3MK","01KFEV384BJYC62Y0E6AQK09K8","2026-01-20T23:26:42.971463061Z",0,"2026-01-20T23:26:44.878978678Z","A","2026-01-20T23:26:44.852154628Z","01KFEV384Y33BFECW27AH8GSGD","2026-01-20T23:26:42.971463061Z","01KFEVF34Y0A3VWJYX9367Q9EA","2026-01-20T23:26:42.971463061Z","01KFEVHAQ1PGV31TD9W36P3MQD","2026-01-20T23:26:42.971463061Z"
"01KFEWJ5M9ZGYXWA0V9G6H5148","01KFEVMN9Q125N5N16W4WNYJXF","2026-01-20T23:41:41.897656261Z",20,"2026-01-20T23:41:43.764711759Z","A","2026-01-20T23:41:42.867128211Z","01KFEVMNAWK7WRWM1AMQZKX6SA","2026-01-20T23:41:41.897656261Z","01KFEW4NGJQK3SC6VDT657XA1V","2026-01-20T23:41:41.897656261Z","01KFEWE8W4Q7HBT12QMD8NKR4R","2026-01-20T23:41:41.897656261Z"
"01KFEW3X2Z3EMD5WC53RQNV2SX","01KFEVMN9Q125N5N16W4WNYJXF","2026-01-20T23:33:54.399622062Z",10,"2026-01-20T23:34:06.595588345Z","B","2026-01-20T23:34:06.528274943Z","01KFEVMNBC23RB4D79KEQ4G0VS","2026-01-20T23:33:54.399622062Z","01KFEVX608THP5F5HX3GYF0X1K","2026-01-20T23:33:54.399622062Z","01KFEW3VP28YF1EKPX4Q9AW06S","2026-01-20T23:33:54.399622062Z"
"01KFEVGGDD7H9JEBW1YCYKJNCC","01KFEV377XDCWB0CVW0E7ES8WB","2026-01-20T23:23:18.829235722Z",10,"2026-01-20T23:23:29.263001234Z","A","2026-01-20T23:23:29.245060731Z","01KFEV378H0PY96RNMJTMM0E4X","2026-01-20T23:23:18.829235722Z","01KFEV8TC8AZEPV3G36SCZ12C3","2026-01-20T23:23:18.829235722Z","01KFEVFBBVXX7KP33DJ657NRX6","2026-01-20T23:23:18.829235722Z"
"01KFEVMGAM1FSP32JYKF8K88H9","01KFEV37CWX6SQYA0RPR0C01MW","2026-01-20T23:25:29.812695225Z",7,"2026-01-20T23:25:35.88815479Z","D","2026-01-20T23:25:33.242885201Z","01KFEV37DE991T271V0NJ5BY6K","2026-01-20T23:25:29.812695225Z","01KFEV7RE3Q2MQ5NN8AGQ7Y4PK","2026-01-20T23:25:29.812695225Z","01KFEVJEJJ6D7VBYCE9XWXMRKP","2026-01-20T23:25:29.812695225Z"
"01KFEVQN6EMQQ7WMBTMBFEP87Y","01KFEV37PBC6DGWCX0HT0QWYJR","2026-01-20T23:27:13.102501745Z",19,"2026-01-20T23:27:19.462911194Z","C","2026-01-20T23:27:15.766084215Z","01KFEV37PYV9HETXX2PSGE1RKD","2026-01-20T23:27:13.102501745Z","01KFEVDMPGK2KG6CGRXX80WQ5A","2026-01-20T23:27:13.102501745Z","01KFEVKCNE0XAMRN0N7CFCEXZ2","2026-01-20T23:27:13.102501745Z"
"01KFEVTSGXGK2PQP0X1EAF6JS5","01KFEV38A01XZ4DPRPFKRE96P8","2026-01-20T23:28:55.837790543Z",10,"2026-01-20T23:28:58.473123232Z","B","2026-01-20T23:28:57.970266332Z","01KFEV38AJ2CFPYBQZ58NH0V5J","2026-01-20T23:28:55.837790543Z","01KFEVB815BQW2TQ29HHMDQ2FB","2026-01-20T23:28:55.837790543Z","01KFEVJWSA1G8BTA3YJK5GPKEP","2026-01-20T23:28:55.837790543Z"
"01KFEWHJ89Z0XPKRADBWR96NJR","01KFEVMN9Q125N5N16W4WNYJXF","2026-01-20T23:41:22.057327279Z",20,"2026-01-20T23:41:23.231199427Z","A","2026-01-20T23:41:23.186237298Z","01KFEVMNAWK7WRWM1AMQZKX6SA","2026-01-20T23:41:22.057327279Z","01KFEW4NGJQK3SC6VDT657XA1V","2026-01-20T23:41:22.057327279Z","01KFEWE8TRPV1GKJA0331CAER2","2026-01-20T23:41:22.057327279Z"
"01KFEVTPYAXD42QXQPZPJS0T0E","01KFEV37CWX6SQYA0RPR0C01MW","2026-01-20T23:28:53.194320156Z",19,"2026-01-20T23:28:56.833719054Z","C","2026-01-20T23:28:56.806479891Z","01KFEV37DE991T271V0NJ5BY6K","2026-01-20T23:28:53.194320156Z","01KFEVD9ZATE7H5N364WWPAV31","2026-01-20T23:28:53.194320156Z","01KFEVJEKRTPZ9GBG5E2CFW5VH","2026-01-20T23:28:53.194320156Z"
"01KFEW4ZH9SH8MTA3CT73AXE14","01KFEV38GJVYY8P8B7QXSW6BTE","2026-01-20T23:34:29.673661512Z",10,"2026-01-20T23:34:35.74267517Z","B","2026-01-20T23:34:35.702202832Z","01KFEV38H48T18ZRM15RETR33C","2026-01-20T23:34:29.673661512Z","01KFEVVPVMNR90RS0DGAX989B7","2026-01-20T23:34:29.673661512Z","01KFEW2K4KGKP2JV842BC1YZ2S","2026-01-20T23:34:29.673661512Z"
"01KFEVB59B7YTWFB5ZXPS510BZ","01KFEV2BZFDRZBG3Y0249RG1TW","2026-01-20T23:20:23.595803857Z",20,"2026-01-20T23:20:25.473191575Z","B","2026-01-20T23:20:25.361085708Z","01KFEV2C08ND9C9BYW8N2T146P","2026-01-20T23:20:23.595803857Z","01KFEV46YBCF5X09FCFJF4VDEY","2026-01-20T23:20:23.595803857Z","01KFEV992F8HQ1GF4QAH0Z0678","2026-01-20T23:20:23.595803857Z"
"01KFEVM4RWYCZQDVFMKPGCR4GV","01KFEV377XDCWB0CVW0E7ES8WB","2026-01-20T23:25:17.981006431Z",29,"2026-01-20T23:25:25.976544303Z","C","2026-01-20T23:25:19.081901812Z","01KFEV378H0PY96RNMJFNCN7TE","2026-01-20T23:25:17.981006431Z","01KFEV86DXXGMH25YQ8QC6JEB7","2026-01-20T23:25:17.981006431Z","01KFEVEHGG1SXX423P9GYCADRZ","2026-01-20T23:25:17.981006431Z"
"01KFEVM8TC6XC1E54TYM7PM0CA","01KFEV37CWX6SQYA0RPR0C01MW","2026-01-20T23:25:22.12430874Z",7,"2026-01-20T23:25:29.981505098Z","D","2026-01-20T23:25:29.964276651Z","01KFEV37DE991T271V0BRDHRJW","2026-01-20T23:25:22.12430874Z","01KFEV8CTFEWEE7C0ZM9KMYRSE","2026-01-20T23:25:22.12430874Z","01KFEVGBCW7TNTPNJ175RV28X4","2026-01-20T23:25:22.12430874Z"
"01KFEW4YPWRBT1NX7NH66X9AAX","01KFEVMN9Q125N5N16W4WNYJXF","2026-01-20T23:34:28.828966659Z",29,"2026-01-20T23:34:53.515971612Z","C","2026-01-20T23:34:34.749933104Z","01KFEVMNBC23RB4D79KEQ4G0VS","2026-01-20T23:34:28.828966659Z","01KFEVX608THP5F5HX3GYF0X1K","2026-01-20T23:34:28.828966659Z","01KFEW3VNVZC3K3MEZH39VDAQA","2026-01-20T23:34:28.828966659Z"
"01KFEW8QC5WGJ4QQT3YVDJ6M8D","01KFEV38A01XZ4DPRPFKRE96P8","2026-01-20T23:36:32.389722439Z",17,"2026-01-20T23:36:35.209098933Z","D","2026-01-20T23:36:35.172341556Z","01KFEV38AHTHHCNTDGHAJN0GXG","2026-01-20T23:36:32.389722439Z","01KFEVW5WA494MRXETJ2N5XX03","2026-01-20T23:36:32.389722439Z","01KFEW2A07M1KE0DCW06NBRFTM","2026-01-20T23:36:32.389722439Z"
"01KFEW6XBKM7ZZZDEJY7C4QVGP","01KFEVMN9Q125N5N16W4WNYJXF","2026-01-20T23:35:32.979046037Z",29,"2026-01-20T23:35:34.759463923Z","C","2026-01-20T23:35:34.709463826Z","01KFEVMNBC23RB4D79KEQ4G0VS","2026-01-20T23:35:32.979046037Z","01KFEVX608THP5F5HX3GYF0X1K","2026-01-20T23:35:32.979046037Z","01KFEW3VMABX27Z99XP42SDS32","2026-01-20T23:35:32.979046037Z"
"01KFEWJCRDAZVG3TR5FWX0HEQN","01KFEVMN9Q125N5N16W4WNYJXF","2026-01-20T23:41:49.197402263Z",20,"2026-01-20T23:41:49.939256611Z","B","2026-01-20T23:41:49.765210529Z","01KFEVMNAWK7WRWM1AMQZKX6SA","2026-01-20T23:41:49.197402263Z","01KFEW3YJBR4HT7BADWRSVJQV5","2026-01-20T23:41:49.197402263Z","01KFEWE8SBE46A3537VBKT9R9F","2026-01-20T23:41:49.197402263Z"
"01KFEVA0ZWNK70M6V8AX35RYVA","01KFEV2BZFDRZBG3Y0249RG1TW","2026-01-20T23:19:46.428714757Z",10,"2026-01-20T23:19:52.631597639Z","A","2026-01-20T23:19:47.479135227Z","01KFEV2C08ND9C9BYW8N2T146P","2026-01-20T23:19:46.428714757Z","01KFEV4APCG117QZ1ZVXNKCJFC","2026-01-20T23:19:46.428714757Z","01KFEV9922CCX65P8NS08ZA7AP","2026-01-20T23:19:46.428714757Z"
"01KFEVMTNXD9ESGFPB8D0RJT5C","01KFEV37CWX6SQYA0RPR0C01MW","2026-01-20T23:25:40.413686822Z",10,"2026-01-20T23:25:46.070040304Z","B","2026-01-20T23:25:46.042242958Z","01KFEV37DE991T271V0BRDHRJW","2026-01-20T23:25:40.413686822Z","01KFEV8CTFEWEE7C0ZM9KMYRSE","2026-01-20T23:25:40.413686822Z","01KFEVGBDARE4SPS0QMKPAHCAT","2026-01-20T23:25:40.413686822Z"
"01KFEVVSG0JBAJ14GG29A0VG7H","01KFEVMN9Q125N5N16W4WNYJXF","2026-01-20T23:29:28.576627812Z",17,"2026-01-20T23:29:31.808881073Z","D","2026-01-20T23:29:31.782365457Z","01KFEVMNB841AFDZFM4WSW4FTD","2026-01-20T23:29:28.576627812Z","01KFEVC3J7JCZ73BZAKH9RH61D","2026-01-20T23:29:28.576627812Z","01KFEVPNH8ZPMZ16RW6XYTJZST","2026-01-20T23:29:28.576627812Z"
"01KFEW0JVWNB37KZYBDM192MZ0","01KFEV37PBC6DGWCX0HT0QWYJR","2026-01-20T23:32:05.628127099Z",19,"2026-01-20T23:32:11.617039661Z","C","2026-01-20T23:32:09.952436594Z","01KFEV37Q0WSYAYKWHM2EXN0DN","2026-01-20T23:32:05.628127099Z","01KFEVWYACX0Z3X7HHHK5DSTDD","2026-01-20T23:32:05.628127099Z","01KFEW0G8EM7FSNHE79C3F9KH6","2026-01-20T23:32:05.628127099Z"
"01KFEWJ8RDHMJPW7W5P5SPN1YE","01KFEVMN9Q125N5N16W4WNYJXF","2026-01-20T23:41:45.101509242Z",20,"2026-01-20T23:41:45.873073005Z","A","2026-01-20T23:41:45.838664122Z","01KFEVMNAWK7WRWM1AMQZKX6SA","2026-01-20T23:41:45.101509242Z","01KFEW4NGJQK3SC6VDT657XA1V","2026-01-20T23:41:45.101509242Z","01KFEWE8WG5JEY2NYGNN25MKRQ","2026-01-20T23:41:45.101509242Z"
"01KFEVETESDVHCKQMAXFADAKP3","01KFEV2BZFDRZBG3Y0249RG1TW","2026-01-20T23:22:23.577213385Z",20,"2026-01-20T23:22:28.54349116Z","A","2026-01-20T23:22:28.31838931Z","01KFEV2C0CP35QE41ZMH45J8TZ","2026-01-20T23:22:23.577213385Z","01KFEV7TATT805MEJDGTCA5NFM","2026-01-20T23:22:23.577213385Z","01KFEVB8G0C42CFSXF2A2BHMKE","2026-01-20T23:22:23.577213385Z"
"01KFEVYASN7NGPTJXP1H3Z24G1","01KFEV37CWX6SQYA0RPR0C01MW","2026-01-20T23:30:51.829954973Z",7,"2026-01-20T23:30:55.890885011Z","D","2026-01-20T23:30:55.848124852Z","01KFEV37DAAK9E08F076WKMM6J","2026-01-20T23:30:51.829954973Z","01KFEVGWWQWT7BAZNJDAAA325H","2026-01-20T23:30:51.829954973Z","01KFEVRWTFS6WZR3RJEQCQ8B5K","2026-01-20T23:30:51.829954973Z"
"01KFEW8XQKHB2V5YSV7C1B0CMX","01KFEV38A01XZ4DPRPFKRE96P8","2026-01-20T23:36:38.899524271Z",19,"2026-01-20T23:36:40.852443439Z","C","2026-01-20T23:36:40.808709147Z","01KFEV38AHTHHCNTDGHAJN0GXG","2026-01-20T23:36:38.899524271Z","01KFEVW5WA494MRXETJ2N5XX03","2026-01-20T23:36:38.899524271Z","01KFEW29ZYEEN9EXZHWPRR43NM","2026-01-20T23:36:38.899524271Z"
"01KFEWG5HFF9AQS6ZY2GTTYCF2","01KFEVMN9Q125N5N16W4WNYJXF","2026-01-20T23:40:36.271359594Z",0,"2026-01-20T23:40:49.323835363Z","B","2026-01-20T23:40:49.29292275Z","01KFEVMNAWK7WRWM1AMQZKX6SA","2026-01-20T23:40:36.271359594Z","01KFEW4NGJQK3SC6VDT657XA1V","2026-01-20T23:40:36.271359594Z","01KFEWE8T23BZMWKHQ571WBSHF","2026-01-20T23:40:36.271359594Z"
"01KFEVTSWXB2VD2FB7XRGMJYME","01KFEVMN9Q125N5N16W4WNYJXF","2026-01-20T23:28:56.221952261Z",29,"2026-01-20T23:29:02.011900888Z","C","2026-01-20T23:28:57.9486951Z","01KFEVMNB841AFDZFM4WSW4FTD","2026-01-20T23:28:56.221952261Z","01KFEVB2WK99SDZDFQAW6KYB9M","2026-01-20T23:28:56.221952261Z","01KFEVPNGV8RZG6TW9YBSNA141","2026-01-20T23:28:56.221952261Z"
"01KFEWGJGD2FVP9822SCV3BJT4","01KFEV38A01XZ4DPRPFKRE96P8","2026-01-20T23:40:49.549036942Z",17,"2026-01-20T23:40:51.795684328Z","D","2026-01-20T23:40:50.735173254Z","01KFEV38AJ2CFPYBQZ5JKK7PV4","2026-01-20T23:40:49.549036942Z","01KFEW61CSGZMFE4TZ96QA9A06","2026-01-20T23:40:49.549036942Z","01KFEW9RP7W5QZSAE6HSN0A735","2026-01-20T23:40:49.549036942Z"
"01KFEVMFJ7R77T0WAEE9X4H4T3","01KFEV377XDCWB0CVW0E7ES8WB","2026-01-20T23:25:29.031276768Z",17,"2026-01-20T23:25:32.319321864Z","D","2026-01-20T23:25:31.078252154Z","01KFEV378PDZP87HXSESW6BA01","2026-01-20T23:25:29.031276768Z","01KFEV6V20FH8Q8TGZN4SVCF5R","2026-01-20T23:25:29.031276768Z","01KFEVF1QPFHJRQAHKCB8DRQ6Y","2026-01-20T23:25:29.031276768Z"
"01KFEW0JW4GBBY59JE3YSMAPPG","01KFEV37PBC6DGWCX0HT0QWYJR","2026-01-20T23:32:05.636606691Z",10,"2026-01-20T23:32:11.617039661Z","B","2026-01-20T23:32:11.581251929Z","01KFEV37Q0WSYAYKWHM2EXN0DN","2026-01-20T23:32:05.636606691Z","01KFEVWXXVHBHP5S1AZQQ4JZFK","2026-01-20T23:32:05.636606691Z","01KFEW0G8EM7FSNHE79C3F9KH6","2026-01-20T23:32:05.636606691Z"
"01KFEW9VMHRKMDYRG4MMPWPGMC","01KFEV38A01XZ4DPRPFKRE96P8","2026-01-20T23:37:09.521988546Z",0,"2026-01-20T23:37:21.606669099Z","B","2026-01-20T23:37:17.570978724Z","01KFEV38AJ2CFPYBQZ5JKK7PV4","2026-01-20T23:37:09.521988546Z","01KFEW2CHJQZ9TDCN78BA2VKEM","2026-01-20T23:37:09.521988546Z","01KFEW9RNHPCEBV7E7PA75FXT1","2026-01-20T23:37:09.521988546Z"
"01KFEVXHSDB43CZS5VQAYG2G20","01KFEV37CWX6SQYA0RPR0C01MW","2026-01-20T23:30:26.221067749Z",19,"2026-01-20T23:30:32.140295897Z","C","2026-01-20T23:30:29.739916046Z","01KFEV37DAAK9E08F076WKMM6J","2026-01-20T23:30:26.221067749Z","01KFEVH10BYAXDVW828R4A2D8P","2026-01-20T23:30:26.221067749Z","01KFEVRWQYDTTG3TBRZX6QCZTF","2026-01-20T23:30:26.221067749Z"
"01KFEW6PW0WT8MKKK2RXPD2Q63","01KFEV38GJVYY8P8B7QXSW6BTE","2026-01-20T23:35:26.33655213Z",10,"2026-01-20T23:35:32.335815178Z","B","2026-01-20T23:35:29.139187001Z","01KFEV38H48T18ZRM15RETR33C","2026-01-20T23:35:26.33655213Z","01KFEVVPVMNR90RS0DGAX989B7","2026-01-20T23:35:26.33655213Z","01KFEW2K50274SV4EXHZVPC5W8","2026-01-20T23:35:26.33655213Z"
"01KFEVAT44AJPN8X2EBAQ21WJ2","01KFEV2BZFDRZBG3Y0249RG1TW","2026-01-20T23:20:12.164907218Z",20,"2026-01-20T23:20:13.531707644Z","A","2026-01-20T23:20:13.520587472Z","01KFEV2C08ND9C9BYW8N2T146P","2026-01-20T23:20:12.164907218Z","01KFEV4APCG117QZ1ZVXNKCJFC","2026-01-20T23:20:12.164907218Z","01KFEV992C5DA5CC9EBC041N3A","2026-01-20T23:20:12.164907218Z"
"01KFEVAWWRRB2JQ1M1FDN8WZC7","01KFEV2BZFDRZBG3Y0249RG1TW","2026-01-20T23:20:15.000734637Z",20,"2026-01-20T23:20:16.240050487Z","A","2026-01-20T23:20:16.028599836Z","01KFEV2C08ND9C9BYW8N2T146P","2026-01-20T23:20:15.000734637Z","01KFEV4APCG117QZ1ZVXNKCJFC","2026-01-20T23:20:15.000734637Z","01KFEV992DYNW9GKK2CP4DN9DZ","2026-01-20T23:20:15.000734637Z"
"01KFEVNATATB1MA51RQDPKF7CM","01KFEV37PBC6DGWCX0HT0QWYJR","2026-01-20T23:25:56.938134924Z",29,"2026-01-20T23:26:00.679896612Z","C","2026-01-20T23:25:58.816628831Z","01KFEV37PYV9HETXX2PC055NBT","2026-01-20T23:25:56.938134924Z","01KFEV9QWYR4DNTS4QCCENEARJ","2026-01-20T23:25:56.938134924Z","01KFEVH47TY8YTKZSSJDE27NRX","2026-01-20T23:25:56.938134924Z"
"01KFEVQA0HZWCVS02HNP6H99ZJ","01KFEV37PBC6DGWCX0HT0QWYJR","2026-01-20T23:27:01.649635173Z",19,"2026-01-20T23:27:07.58210834Z","C","2026-01-20T23:27:03.690719706Z","01KFEV37PYV9HETXX2PSGE1RKD","2026-01-20T23:27:01.649635173Z","01KFEV8PSQBX7P1ARFP0SDDW57","2026-01-20T23:27:01.649635173Z","01KFEVKCNB3JWRWP2DH501FGGW","2026-01-20T23:27:01.649635173Z"
"01KFEVRZ3YBYG1SAFY5MCNV185","01KFEV37PBC6DGWCX0HT0QWYJR","2026-01-20T23:27:56.030306785Z",0,"2026-01-20T23:28:02.251911137Z","C","2026-01-20T23:28:00.932930793Z","01KFEV37PYV9HETXX2PSGE1RKD","2026-01-20T23:27:56.030306785Z","01KFEV8PSQBX7P1ARFP0SDDW57","2026-01-20T23:27:56.030306785Z","01KFEVKCNNC4194XQX6PJZM5B6","2026-01-20T23:27:56.030306785Z"
"01KFEVTJR0X9CQMAZ8RV53ZXE8","01KFEV38A01XZ4DPRPFKRE96P8","2026-01-20T23:28:48.896733783Z",10,"2026-01-20T23:28:52.906322459Z","A","2026-01-20T23:28:52.885582407Z","01KFEV38AJ2CFPYBQZ58NH0V5J","2026-01-20T23:28:48.896733783Z","01KFEVB815BQW2TQ29HHMDQ2FB","2026-01-20T23:28:48.896733783Z","01KFEVJWRF48QGEMN6CSTN82AW","2026-01-20T23:28:48.896733783Z"
"01KFEWFA77VZWJK606HPJJ47TE","01KFEV38GJVYY8P8B7QXSW6BTE","2026-01-20T23:40:08.295746645Z",0,"2026-01-20T23:40:11.259793551Z","C","2026-01-20T23:40:11.227595377Z","01KFEV38H8T2V9428VC9T7MEBA","2026-01-20T23:40:08.295746645Z","01KFEW5105FT4T963R9Z6AZ67Y","2026-01-20T23:40:08.295746645Z","01KFEWB96KRX4ZB7T2765CQSN7","2026-01-20T23:40:08.295746645Z"
"01KFEVEJNHHH76T56S6J7QEPHR","01KFEV377XDCWB0CVW0E7ES8WB","2026-01-20T23:22:15.601939632Z",10,"2026-01-20T23:22:42.68070791Z","B","2026-01-20T23:22:42.662558126Z","01KFEV378H0PY96RNMJFNCN7TE","2026-01-20T23:22:15.601939632Z","01KFEV86DXXGMH25YQ8QC6JEB7","2026-01-20T23:22:15.601939632Z","01KFEVEHG7RRFZHJA7KNPE4YW3","2026-01-20T23:22:15.601939632Z"
"01KFEVJBK2ZTVD18VXX3YYB98W","01KFEV377XDCWB0CVW0E7ES8WB","2026-01-20T23:24:19.426868795Z",29,"2026-01-20T23:24:31.785674475Z","C","2026-01-20T23:24:23.307405786Z","01KFEV378H0PY96RNMJTMM0E4X","2026-01-20T23:24:19.426868795Z","01KFEV8K48Q5MVC88J4XCQXRFY","2026-01-20T23:24:19.426868795Z","01KFEVFBC7KD30QSSEZXA6VZYZ","2026-01-20T23:24:19.426868795Z"
"01KFEVJG8288VWQB1PFQXH1V56","01KFEV384BJYC62Y0E6AQK09K8","2026-01-20T23:24:24.194561572Z",19,"2026-01-20T23:24:29.09329634Z","C","2026-01-20T23:24:27.37719118Z","01KFEV384Y33BFECW27AH8GSGD","2026-01-20T23:24:24.194561572Z","01KFEVCQTYNZYE4TGA9WFYBM2V","2026-01-20T23:24:24.194561572Z","01KFEVHANVAXDMRTQWSCF4AN6J","2026-01-20T23:24:24.194561572Z"
"01KFEVN7XMVKWTBGH1R4BJQYN5","01KFEV37PBC6DGWCX0HT0QWYJR","2026-01-20T23:25:53.972195283Z",0,"2026-01-20T23:26:02.964461283Z","B","2026-01-20T23:26:00.003055271Z","01KFEV37PYV9HETXX2PSGE1RKD","2026-01-20T23:25:53.972195283Z","01KFEVDMPGK2KG6CGRXX80WQ5A","2026-01-20T23:25:53.972195283Z","01KFEVKCMMB045AMAJBPJ2G93R","2026-01-20T23:25:53.972195283Z"
"01KFEWF4C9QQP1DFW971WA8KSB","01KFEV38A01XZ4DPRPFKRE96P8","2026-01-20T23:40:02.313417892Z",29,"2026-01-20T23:40:05.034410292Z","C","2026-01-20T23:40:04.990399747Z","01KFEV38AJ2CFPYBQZ5JKK7PV4","2026-01-20T23:40:02.313417892Z","01KFEW2CHJQZ9TDCN78BA2VKEM","2026-01-20T23:40:02.313417892Z","01KFEW9RR0JAHGRHAG16SCZ4HQ","2026-01-20T23:40:02.313417892Z"
"01KFEVMRGZ69EAWAT6JSBGHZZW","01KFEV38A01XZ4DPRPFKRE96P8","2026-01-20T23:25:38.207369743Z",10,"2026-01-20T23:25:57.026340356Z","B","2026-01-20T23:25:44.836095992Z","01KFEV38AJ2CFPYBQZ58NH0V5J","2026-01-20T23:25:38.207369743Z","01KFEVB815BQW2TQ29HHMDQ2FB","2026-01-20T23:25:38.207369743Z","01KFEVJWRME93DECR96HK88Y43","2026-01-20T23:25:38.207369743Z"
"01KFEVYNYKCPM7MRVNT2ED73Q0","01KFEV37CWX6SQYA0RPR0C01MW","2026-01-20T23:31:03.251304628Z",19,"2026-01-20T23:31:06.787870384Z","C","2026-01-20T23:31:05.759254697Z","01KFEV37DAAK9E08F076WKMM6J","2026-01-20T23:31:03.251304628Z","01KFEVGWWQWT7BAZNJDAAA325H","2026-01-20T23:31:03.251304628Z","01KFEVRWTKHVAA5GAM8CPTYHJ5","2026-01-20T23:31:03.251304628Z"
"01KFEW3NRW7VNPVB86F9Z46C8H","01KFEV384BJYC62Y0E6AQK09K8","2026-01-20T23:33:46.908978698Z",19,"2026-01-20T23:33:48.92127076Z","C","2026-01-20T23:33:48.884199907Z","01KFEV385166A8JYCZ9G4DMHRQ","2026-01-20T23:33:46.908978698Z","01KFEVY502SJ2FK1Q7WFM0PHB4","2026-01-20T23:33:46.908978698Z","01KFEW1AJZPPPE7Z0G8BBR056M","2026-01-20T23:33:46.908978698Z"
"01KFEVHBWXB9J61P5XGKXCDH6S","01KFEV384BJYC62Y0E6AQK09K8","2026-01-20T23:23:46.973681854Z",0,"2026-01-20T23:23:54.86020503Z","A","2026-01-20T23:23:50.906530756Z","01KFEV384Y33BFECW27AH8GSGD","2026-01-20T23:23:46.973681854Z","01KFEVF34Y0A3VWJYX9367Q9EA","2026-01-20T23:23:46.973681854Z","01KFEVHAPAY4FNYD6E80QRSW86","2026-01-20T23:23:46.973681854Z"
"01KFEVK1C9A49FPKBCQQJEH51Z","01KFEV377XDCWB0CVW0E7ES8WB","2026-01-20T23:24:41.737913959Z",19,"2026-01-20T23:24:45.62207959Z","C","2026-01-20T23:24:44.348336381Z","01KFEV378PDZP87HXSESW6BA01","2026-01-20T23:24:41.737913959Z","01KFEV79YCQMQRJYZ004NV66QN","2026-01-20T23:24:41.737913959Z","01KFEVF1QWVSRQZSBVJ2N2MCKF","2026-01-20T23:24:41.737913959Z"
"01KFEW2824MQNCD2DDZJCAHZQ2","01KFEV37PBC6DGWCX0HT0QWYJR","2026-01-20T23:33:00.100242151Z",0,"2026-01-20T23:33:04.805230662Z","C","2026-01-20T23:33:02.927985912Z","01KFEV37Q0WSYAYKWHM2EXN0DN","2026-01-20T23:33:00.100242151Z","01KFEVWXXVHBHP5S1AZQQ4JZFK","2026-01-20T23:33:00.100242151Z","01KFEW0G9D7HY4DT2F92JJP28V","2026-01-20T23:33:00.100242151Z"
"01KFEWH06SNMAFVKDSH41H53ZT","01KFEVMNF44NEM58ETFST7KTWM","2026-01-20T23:41:03.577717792Z",7,"2026-01-20T23:41:09.140384271Z","D","2026-01-20T23:41:06.091100326Z","01KFEVMNHFNDCGHX9QBBFN387E","2026-01-20T23:41:03.577717792Z","01KFEW6A5E0ZVTNJ585Y831423","2026-01-20T23:41:03.577717792Z","01KFEWEZW39PKTAP5FDZHRCHWA","2026-01-20T23:41:03.577717792Z"
"01KFEVHA2S94QXRFFEZGKFGQ5R","01KFEV377XDCWB0CVW0E7ES8WB","2026-01-20T23:23:45.113756519Z",0,"2026-01-20T23:23:53.953716716Z","C","2026-01-20T23:23:47.447192518Z","01KFEV378H0PY96RNMJTMM0E4X","2026-01-20T23:23:45.113756519Z","01KFEV8K48Q5MVC88J4XCQXRFY","2026-01-20T23:23:45.113756519Z","01KFEVFBC119EVVS3DCZ8BFX5M","2026-01-20T23:23:45.113756519Z"
"01KFEVS7CQ18C424RF0FXEPDZW","01KFEV37PBC6DGWCX0HT0QWYJR","2026-01-20T23:28:04.503552519Z",19,"2026-01-20T23:28:06.205690529Z","C","2026-01-20T23:28:05.75721982Z","01KFEV37PYV9HETXX2PSGE1RKD","2026-01-20T23:28:04.503552519Z","01KFEV8PSQBX7P1ARFP0SDDW57","2026-01-20T23:28:04.503552519Z","01KFEVKCMQT7S1XG51JFN48N08","2026-01-20T23:28:04.503552519Z"
"01KFEVJF986JMY85Y2GH055XYD","01KFEV37CWX6SQYA0RPR0C01MW","2026-01-20T23:24:23.208074616Z",10,"2026-01-20T23:24:43.001989951Z","B","2026-01-20T23:24:42.984051099Z","01KFEV37DE991T271V0NJ5BY6K","2026-01-20T23:24:23.208074616Z","01KFEVD9ZATE7H5N364WWPAV31","2026-01-20T23:24:23.208074616Z","01KFEVJEK28P9JKPHKVPX8VP2T","2026-01-20T23:24:23.208074616Z"
"01KFEVWASASA5SJ3AAY2XTGPXM","01KFEV37CWX6SQYA0RPR0C01MW","2026-01-20T23:29:46.28249066Z",7,"2026-01-20T23:29:51.669255124Z","D","2026-01-20T23:29:50.036190357Z","01KFEV37DAAK9E08F076WKMM6J","2026-01-20T23:29:46.28249066Z","01KFEVH10BYAXDVW828R4A2D8P","2026-01-20T23:29:46.28249066Z","01KFEVRWSFA1JEJGM44RM12CEB","2026-01-20T23:29:46.28249066Z"
"01KFEVJG7Y66PE251W01M7NX3R","01KFEV384BJYC62Y0E6AQK09K8","2026-01-20T23:24:24.190598502Z",10,"2026-01-20T23:24:29.09329634Z","B","2026-01-20T23:24:29.077931526Z","01KFEV384Y33BFECW27AH8GSGD","2026-01-20T23:24:24.190598502Z","01KFEVF34Y0A3VWJYX9367Q9EA","2026-01-20T23:24:24.190598502Z","01KFEVHANVAXDMRTQWSCF4AN6J","2026-01-20T23:24:24.190598502Z"
"01KFEVSMM7Q36FQ7YX42FS360Q","01KFEV37CWX6SQYA0RPR0C01MW","2026-01-20T23:28:18.055232676Z",0,"2026-01-20T23:28:28.683705984Z","D","2026-01-20T23:28:28.663687443Z","01KFEV37DAAK9E08F076WKMM6J","2026-01-20T23:28:18.055232676Z","01KFEVH10BYAXDVW828R4A2D8P","2026-01-20T23:28:18.055232676Z","01KFEVRWRP2V236VFYBAYSNQQS","2026-01-20T23:28:18.055232676Z"
"01KFEVTFS50PAW1N7XMD6TWCE2","01KFEV37CWX6SQYA0RPR0C01MW","2026-01-20T23:28:45.86130711Z",10,"2026-01-20T23:28:49.727135041Z","A","2026-01-20T23:28:48.518323207Z","01KFEV37DE991T271V0NJ5BY6K","2026-01-20T23:28:45.86130711Z","01KFEV7RE3Q2MQ5NN8AGQ7Y4PK","2026-01-20T23:28:45.86130711Z","01KFEVJEJXVVFBH0FKDYNANHM0","2026-01-20T23:28:45.86130711Z"
"01KFEVKZGKDRPB3KGVZAH53SY8","01KFEV377XDCWB0CVW0E7ES8WB","2026-01-20T23:25:12.595065937Z",0,"2026-01-20T23:25:13.858080994Z","C","2026-01-20T23:25:13.840242822Z","01KFEV378H0PY96RNMJFNCN7TE","2026-01-20T23:25:12.595065937Z","01KFEVA045MDV6WERMTEQ3VAYR","2026-01-20T23:25:12.595065937Z","01KFEVEHGP0J883B9NZZXAN747","2026-01-20T23:25:12.595065937Z"
"01KFEVM8F4V8C3SXFX0XN3XB76","01KFEV377XDCWB0CVW0E7ES8WB","2026-01-20T23:25:21.764253549Z",10,"2026-01-20T23:25:24.121051287Z","B","2026-01-20T23:25:23.529580373Z","01KFEV378PDZP87HXSESW6BA01","2026-01-20T23:25:21.764253549Z","01KFEV79YCQMQRJYZ004NV66QN","2026-01-20T23:25:21.764253549Z","01KFEVF1QJJ1AJY0K2X9A8CP10","2026-01-20T23:25:21.764253549Z"
"01KFEVPDV20DB6STSMQ0MT0RMJ","01KFEV38A01XZ4DPRPFKRE96P8","2026-01-20T23:26:32.802174956Z",19,"2026-01-20T23:27:28.457897798Z","C","2026-01-20T23:27:28.431472854Z","01KFEV38AJ2CFPYBQZ58NH0V5J","2026-01-20T23:26:32.802174956Z","01KFEVE55BQ40NXX8QW3R5RX0T","2026-01-20T23:26:32.802174956Z","01KFEVJWRSS59EY80VVB66B760","2026-01-20T23:26:32.802174956Z"
"01KFEVAT40A1MBECPSP92HBN8K","01KFEV2BZFDRZBG3Y0249RG1TW","2026-01-20T23:20:12.160865125Z",20,"2026-01-20T23:20:13.531707644Z","B","2026-01-20T23:20:13.477175202Z","01KFEV2C08ND9C9BYW8N2T146P","2026-01-20T23:20:12.160865125Z","01KFEV46YBCF5X09FCFJF4VDEY","2026-01-20T23:20:12.160865125Z","01KFEV992C5DA5CC9EBC041N3A","2026-01-20T23:20:12.160865125Z"
"01KFEVGC0GZJ1R1X3SHYAJGKWV","01KFEV37CWX6SQYA0RPR0C01MW","2026-01-20T23:23:14.320622207Z",0,"2026-01-20T23:23:24.780632833Z","D","2026-01-20T23:23:23.459065267Z","01KFEV37DE991T271V0BRDHRJW","2026-01-20T23:23:14.320622207Z","01KFEVBZC2S6960QVT8J14HPMN","2026-01-20T23:23:14.320622207Z","01KFEVGBD2NH617BTMHE3APVY0","2026-01-20T23:23:14.320622207Z"
"01KFEVGJ7AFXDQFF2BWDS1HFQJ","01KFEV2BZFDRZBG3Y0249RG1TW","2026-01-20T23:23:20.682581183Z",10,"2026-01-20T23:23:23.112787631Z","A","2026-01-20T23:23:23.092147106Z","01KFEV2C0CP35QE41ZMH45J8TZ","2026-01-20T23:23:20.682581183Z","01KFEV4PQ8V0QGQVX4KK2FPFJR","2026-01-20T23:23:20.682581183Z","01KFEVB8G7BAMBGNZ1NTK36656","2026-01-20T23:23:20.682581183Z"
"01KFEW3NS2HYM6S3AA1KWP1ZYJ","01KFEV384BJYC62Y0E6AQK09K8","2026-01-20T23:33:46.914533014Z",10,"2026-01-20T23:33:48.92127076Z","B","2026-01-20T23:33:48.073534748Z","01KFEV385166A8JYCZ9G4DMHRQ","2026-01-20T23:33:46.914533014Z","01KFEVWH8M80FFRA88HYSK2ZSQ","2026-01-20T23:33:46.914533014Z","01KFEW1AJZPPPE7Z0G8BBR056M","2026-01-20T23:33:46.914533014Z"
"01KFEVGJ7DMEJMRVS9JS85W9SG","01KFEV2BZFDRZBG3Y0249RG1TW","2026-01-20T23:23:20.685380934Z",19,"2026-01-20T23:23:23.112787631Z","C","2026-01-20T23:23:22.442244367Z","01KFEV2C0CP35QE41ZMH45J8TZ","2026-01-20T23:23:20.685380934Z","01KFEV7TATT805MEJDGTCA5NFM","2026-01-20T23:23:20.685380934Z","01KFEVB8G7BAMBGNZ1NTK36656","2026-01-20T23:23:20.685380934Z"
"01KFEVNXQ3G8EK2GMYMNRRPR8W","01KFEV377XDCWB0CVW0E7ES8WB","2026-01-20T23:26:16.291481991Z",20,"2026-01-20T23:26:18.720873111Z","A","2026-01-20T23:26:18.69511195Z","01KFEV378FNG971PBW7B2SPNC6","2026-01-20T23:26:16.291481991Z","01KFEVCRBGBMN5MZZVZA8FPX1Z","2026-01-20T23:26:16.291481991Z","01KFEVJNR9280S2KWAWZH5CR01","2026-01-20T23:26:16.291481991Z"
"01KFEW219NBA9MEKMA5QC9DP6J","01KFEV37PBC6DGWCX0HT0QWYJR","2026-01-20T23:32:53.173029701Z",29,"2026-01-20T23:32:55.316614193Z","C","2026-01-20T23:32:55.140009254Z","01KFEV37Q0WSYAYKWHM2EXN0DN","2026-01-20T23:32:53.173029701Z","01KFEVWYACX0Z3X7HHHK5DSTDD","2026-01-20T23:32:53.173029701Z","01KFEW0G8ZZKDWGVVQH1FBRDRX","2026-01-20T23:32:53.173029701Z"
"01KFEWJFVYXZJ4RWMNJR4TE59V","01KFEVMNF44NEM58ETFST7KTWM","2026-01-20T23:41:52.382885998Z",19,"2026-01-20T23:41:55.282594713Z","C","2026-01-20T23:41:54.362576626Z","01KFEVMNHFNDCGHX9QBBFN387E","2026-01-20T23:41:52.382885998Z","01KFEW6A5E0ZVTNJ585Y831423","2026-01-20T23:41:52.382885998Z","01KFEWEZXAJSB92MSCQSD9TW2R","2026-01-20T23:41:52.382885998Z"
"01KFEVNXQ8616998P1HHVWE4YG","01KFEV377XDCWB0CVW0E7ES8WB","2026-01-20T23:26:16.296576125Z",20,"2026-01-20T23:26:18.720873111Z","B","2026-01-20T23:26:17.803577574Z","01KFEV378FNG971PBW7B2SPNC6","2026-01-20T23:26:16.296576125Z","01KFEV82H962BNCCRXPB524628","2026-01-20T23:26:16.296576125Z","01KFEVJNR9280S2KWAWZH5CR01","2026-01-20T23:26:16.296576125Z"
"01KFEVVKAJAWXQDZQT0C1NH5DM","01KFEVMN9Q125N5N16W4WNYJXF","2026-01-20T23:29:22.258629165Z",17,"2026-01-20T23:29:25.673549308Z","D","2026-01-20T23:29:25.645048777Z","01KFEVMNB841AFDZFM4WSW4FTD","2026-01-20T23:29:22.258629165Z","01KFEVC3J7JCZ73BZAKH9RH61D","2026-01-20T23:29:22.258629165Z","01KFEVPNJ4WB4QFFFKRAV84BFG","2026-01-20T23:29:22.258629165Z"
"01KFEW1D2G1CY64JHPBPSR7BH1","01KFEV384BJYC62Y0E6AQK09K8","2026-01-20T23:32:32.46456643Z",19,"2026-01-20T23:32:40.529098495Z","C","2026-01-20T23:32:40.502194043Z","01KFEV385166A8JYCZ9G4DMHRQ","2026-01-20T23:32:32.46456643Z","01KFEVY502SJ2FK1Q7WFM0PHB4","2026-01-20T23:32:32.46456643Z","01KFEW1AGDXB9F3CBJZD9ZH5QQ","2026-01-20T23:32:32.46456643Z"
"01KFEVB9HSHH1QA7ZE1A4PR4QW","01KFEV2BZFDRZBG3Y0249RG1TW","2026-01-20T23:20:27.961059304Z",10,"2026-01-20T23:21:13.203608407Z","B","2026-01-20T23:21:05.446322612Z","01KFEV2C0CP35QE41ZMH45J8TZ","2026-01-20T23:20:27.961059304Z","01KFEV7TATT805MEJDGTCA5NFM","2026-01-20T23:20:27.961059304Z","01KFEVB8FPPEBGT93HPZRSG1EY","2026-01-20T23:20:27.961059304Z"
"01KFEVGY32Z9KEH204BBV5CR5X","01KFEV2BZFDRZBG3Y0249RG1TW","2026-01-20T23:23:32.834181721Z",20,"2026-01-20T23:23:34.757263004Z","A","2026-01-20T23:23:34.715900583Z","01KFEV2C0CP35QE41ZMH45J8TZ","2026-01-20T23:23:32.834181721Z","01KFEV4PQ8V0QGQVX4KK2FPFJR","2026-01-20T23:23:32.834181721Z","01KFEVB8G9DDYT4Z9WGS4751MR","2026-01-20T23:23:32.834181721Z"
"01KFEVKH4S56VY2Z0NYEN1FTYC","01KFEV377XDCWB0CVW0E7ES8WB","2026-01-20T23:24:57.881297838Z",0,"2026-01-20T23:25:01.605259983Z","C","2026-01-20T23:25:01.588684638Z","01KFEV378PDZP87HXSESW6BA01","2026-01-20T23:24:57.881297838Z","01KFEV6V20FH8Q8TGZN4SVCF5R","2026-01-20T23:24:57.881297838Z","01KFEVF1R05NN8B18DGSYQ0EAN","2026-01-20T23:24:57.881297838Z"
"01KFEVKRW3KSPQ2N5XBMCZDP13","01KFEV37PBC6DGWCX0HT0QWYJR","2026-01-20T23:25:05.795351059Z",29,"2026-01-20T23:25:12.537271754Z","C","2026-01-20T23:25:09.419516406Z","01KFEV37PYV9HETXX2PC055NBT","2026-01-20T23:25:05.795351059Z","01KFEVBDY2YWN6DSFNFKRM8R9Z","2026-01-20T23:25:05.795351059Z","01KFEVH485B8R4J0M6DWQE7BKW","2026-01-20T23:25:05.795351059Z"
"01KFEVDK3SK6HFZ0K8WMBQN85S","01KFEV2BZFDRZBG3Y0249RG1TW","2026-01-20T23:21:43.289619521Z",0,"2026-01-20T23:21:53.904482691Z","A","2026-01-20T23:21:53.885589634Z","01KFEV2C0CP35QE41ZMH45J8TZ","2026-01-20T23:21:43.289619521Z","01KFEV4PQ8V0QGQVX4KK2FPFJR","2026-01-20T23:21:43.289619521Z","01KFEVB8FWDNBSEK2Q7T0WF7KM","2026-01-20T23:21:43.289619521Z"
"01KFEVE1M1390PHV76BGXFTW7K","01KFEV2BZFDRZBG3Y0249RG1TW","2026-01-20T23:21:58.145065171Z",10,"2026-01-20T23:22:04.170306973Z","B","2026-01-20T23:22:01.368977749Z","01KFEV2C0CP35QE41ZMH45J8TZ","2026-01-20T23:21:58.145065171Z","01KFEV7TATT805MEJDGTCA5NFM","2026-01-20T23:21:58.145065171Z","01KFEVB8FTFFBQ8J4AEF64MQVW","2026-01-20T23:21:58.145065171Z"
"01KFEVHMA2E2DDP5STTTVENWGZ","01KFEV377XDCWB0CVW0E7ES8WB","2026-01-20T23:23:55.586494472Z",0,"2026-01-20T23:23:58.152586085Z","B","2026-01-20T23:23:58.138825286Z","01KFEV378H0PY96RNMJFNCN7TE","2026-01-20T23:23:55.586494472Z","01KFEVA045MDV6WERMTEQ3VAYR","2026-01-20T23:23:55.586494472Z","01KFEVEHGWD05V25JN0JRD6NS4","2026-01-20T23:23:55.586494472Z"
"01KFEVKFQGXZ6GKFNJB2KD40GY","01KFEV377XDCWB0CVW0E7ES8WB","2026-01-20T23:24:56.432943378Z",17,"2026-01-20T23:25:04.672952361Z","D","2026-01-20T23:25:04.655538672Z","01KFEV378H0PY96RNMJTMM0E4X","2026-01-20T23:24:56.432943378Z","01KFEV8TC8AZEPV3G36SCZ12C3","2026-01-20T23:24:56.432943378Z","01KFEVFBC4VT3BJNSHXYV9QVPD","2026-01-20T23:24:56.432943378Z"
"01KFEVN8RW6TM350AK63ZJ1PY6","01KFEV377XDCWB0CVW0E7ES8WB","2026-01-20T23:25:54.844818895Z",20,"2026-01-20T23:25:57.40416381Z","A","2026-01-20T23:25:57.378023179Z","01KFEV378FNG971PBW7B2SPNC6","2026-01-20T23:25:54.844818895Z","01KFEVCRBGBMN5MZZVZA8FPX1Z","2026-01-20T23:25:54.844818895Z","01KFEVJNRJZH5GPQKMH4ZHTKNX","2026-01-20T23:25:54.844818895Z"
"01KFEW4FW2W2C2WA7B6ZGRG39G","01KFEV37PBC6DGWCX0HT0QWYJR","2026-01-20T23:34:13.634627405Z",0,"2026-01-20T23:34:15.860232821Z","D","2026-01-20T23:34:15.428277619Z","01KFEV37Q0WSYAYKWHM2EXN0DN","2026-01-20T23:34:13.634627405Z","01KFEVWYACX0Z3X7HHHK5DSTDD","2026-01-20T23:34:13.634627405Z","01KFEW0GAZ5DP9RP3YRAEEZFCY","2026-01-20T23:34:13.634627405Z"
"01KFEVEBAHZD0VQK0CRPT0KPB5","01KFEV2BZFDRZBG3Y0249RG1TW","2026-01-20T23:22:08.081249969Z",0,"2026-01-20T23:22:19.458462848Z","C","2026-01-20T23:22:13.676562926Z","01KFEV2C0CP35QE41ZMH45J8TZ","2026-01-20T23:22:08.081249969Z","01KFEV4PQ8V0QGQVX4KK2FPFJR","2026-01-20T23:22:08.081249969Z","01KFEVB8FXXCDX812QY32514FB","2026-01-20T23:22:08.081249969Z"
"01KFEVGKN2J58DCFD9DJ4MKKXM","01KFEV377XDCWB0CVW0E7ES8WB","2026-01-20T23:23:22.146070992Z",20,"2026-01-20T23:23:25.173180019Z","B","2026-01-20T23:23:24.392034781Z","01KFEV378PDZP87HXSESW6BA01","2026-01-20T23:23:22.146070992Z","01KFEV6V20FH8Q8TGZN4SVCF5R","2026-01-20T23:23:22.146070992Z","01KFEVF1PSMKDKXGX0N31K7DMV","2026-01-20T23:23:22.146070992Z"
"01KFEVJ9B55WEDBXATWEVN52DR","01KFEV377XDCWB0CVW0E7ES8WB","2026-01-20T23:24:17.125593238Z",0,"2026-01-20T23:24:19.099636117Z","C","2026-01-20T23:24:19.086925766Z","01KFEV378H0PY96RNMJFNCN7TE","2026-01-20T23:24:17.125593238Z","01KFEVA045MDV6WERMTEQ3VAYR","2026-01-20T23:24:17.125593238Z","01KFEVEHGT727FBD9HJ47T8RQS","2026-01-20T23:24:17.125593238Z"
"01KFEVKZFG25R2PTPGHJMDJWMA","01KFEV37CWX6SQYA0RPR0C01MW","2026-01-20T23:25:12.560763928Z",19,"2026-01-20T23:25:18.901988078Z","C","2026-01-20T23:25:18.885268899Z","01KFEV37DE991T271V0BRDHRJW","2026-01-20T23:25:12.560763928Z","01KFEV8CTFEWEE7C0ZM9KMYRSE","2026-01-20T23:25:12.560763928Z","01KFEVGBCTGC7HJ089TPZS8PH5","2026-01-20T23:25:12.560763928Z"
"01KFEW5T44CBVPBPJ9YRZV4J84","01KFEVMN9Q125N5N16W4WNYJXF","2026-01-20T23:34:56.9000941Z",0,"2026-01-20T23:35:04.527352413Z","D","2026-01-20T23:34:59.203554412Z","01KFEVMNBC23RB4D79KEQ4G0VS","2026-01-20T23:34:56.9000941Z","01KFEVXFAQE8X4YEWXW17GBY46","2026-01-20T23:34:56.9000941Z","01KFEW3VJN8ZKAM3Y64XBX8BFB","2026-01-20T23:34:56.9000941Z"
"01KFEVJ33F95PZEFN8SWW09J5G","01KFEV377XDCWB0CVW0E7ES8WB","2026-01-20T23:24:10.735968698Z",0,"2026-01-20T23:24:15.682526594Z","C","2026-01-20T23:24:15.667138018Z","01KFEV378H0PY96RNMJFNCN7TE","2026-01-20T23:24:10.735968698Z","01KFEVA045MDV6WERMTEQ3VAYR","2026-01-20T23:24:10.735968698Z","01KFEVEHGVFGMMBCQD0VZCXWY0","2026-01-20T23:24:10.735968698Z"
"01KFEVKTMV72SKVCVYP5VEJJWV","01KFEV377XDCWB0CVW0E7ES8WB","2026-01-20T23:25:07.611594156Z",0,"2026-01-20T23:25:11.240551052Z","C","2026-01-20T23:25:08.947152661Z","01KFEV378H0PY96RNMJFNCN7TE","2026-01-20T23:25:07.611594156Z","01KFEV86DXXGMH25YQ8QC6JEB7","2026-01-20T23:25:07.611594156Z","01KFEVEHGQDBJ2RJG3S3R11MY8","2026-01-20T23:25:07.611594156Z"
"01KFEVPFZK23TEPFHMBWFK4AW6","01KFEV384BJYC62Y0E6AQK09K8","2026-01-20T23:26:34.995145671Z",0,"2026-01-20T23:26:39.326261386Z","A","2026-01-20T23:26:39.295075047Z","01KFEV384Y33BFECW27AH8GSGD","2026-01-20T23:26:34.995145671Z","01KFEVCQTYNZYE4TGA9WFYBM2V","2026-01-20T23:26:34.995145671Z","01KFEVHAPW1MNGRGTGSBYGR38E","2026-01-20T23:26:34.995145671Z"
"01KFEVRBQGFQPDTZ96YXJ85M2V","01KFEV37CWX6SQYA0RPR0C01MW","2026-01-20T23:27:36.176650927Z",0,"2026-01-20T23:27:40.74217608Z","D","2026-01-20T23:27:38.856693224Z","01KFEV37DE991T271V0NJ5BY6K","2026-01-20T23:27:36.176650927Z","01KFEVD9ZATE7H5N364WWPAV31","2026-01-20T23:27:36.176650927Z","01KFEVJEKDM335WE8XZ2Y7WT1T","2026-01-20T23:27:36.176650927Z"
"01KFEVVTVVMN8ZJH9MM5DYKBVE","01KFEV37CWX6SQYA0RPR0C01MW","2026-01-20T23:29:29.979033379Z",0,"2026-01-20T23:29:39.275727115Z","C","2026-01-20T23:29:39.166671815Z","01KFEV37DAAK9E08F076WKMM6J","2026-01-20T23:29:29.979033379Z","01KFEVGWWQWT7BAZNJDAAA325H","2026-01-20T23:29:29.979033379Z","01KFEVRWS6SQ4NE2BVQ7YM3A1B","2026-01-20T23:29:29.979033379Z"
"01KFEW2PSN3SBRF2YHV3QVGHCY","01KFEV384BJYC62Y0E6AQK09K8","2026-01-20T23:33:15.189774125Z",10,"2026-01-20T23:33:17.826166453Z","B","2026-01-20T23:33:17.485215751Z","01KFEV385166A8JYCZ9G4DMHRQ","2026-01-20T23:33:15.189774125Z","01KFEVWH8M80FFRA88HYSK2ZSQ","2026-01-20T23:33:15.189774125Z","01KFEW1AHK7P065S468G6XKRHA","2026-01-20T23:33:15.189774125Z"
"01KFEWGMZRNMD2H0SQF7R16EHB","01KFEVMNF44NEM58ETFST7KTWM","2026-01-20T23:40:52.088202953Z",7,"2026-01-20T23:40:58.615946172Z","D","2026-01-20T23:40:55.123671837Z","01KFEVMNHFNDCGHX9QBBFN387E","2026-01-20T23:40:52.088202953Z","01KFEW6A5E0ZVTNJ585Y831423","2026-01-20T23:40:52.088202953Z","01KFEWEZVSPMEYM5WRNH1GH02Y","2026-01-20T23:40:52.088202953Z"
"01KFEVF2V2P80DKHTVEHT01QCV","01KFEV377XDCWB0CVW0E7ES8WB","2026-01-20T23:22:32.162098791Z",0,"2026-01-20T23:22:38.623230571Z","B","2026-01-20T23:22:36.886291758Z","01KFEV378PDZP87HXSESW6BA01","2026-01-20T23:22:32.162098791Z","01KFEV6V20FH8Q8TGZN4SVCF5R","2026-01-20T23:22:32.162098791Z","01KFEVF1PKXY17EAHC5V0EMKN7","2026-01-20T23:22:32.162098791Z"
"01KFEVP46J7CZWTZ56SYWPYP0P","01KFEV37PBC6DGWCX0HT0QWYJR","2026-01-20T23:26:22.930699383Z",29,"2026-01-20T23:26:25.439851795Z","C","2026-01-20T23:26:25.42150071Z","01KFEV37PYV9HETXX2PC055NBT","2026-01-20T23:26:22.930699383Z","01KFEVBDY2YWN6DSFNFKRM8R9Z","2026-01-20T23:26:22.930699383Z","01KFEVH48MPK9TCKTT31EZXW1C","2026-01-20T23:26:22.930699383Z"
"01KFEVRYWN75CN1TQKY7PCMM40","01KFEV37CWX6SQYA0RPR0C01MW","2026-01-20T23:27:55.797588042Z",0,"2026-01-20T23:28:03.324537638Z","B","2026-01-20T23:27:59.618012316Z","01KFEV37DAAK9E08F076WKMM6J","2026-01-20T23:27:55.797588042Z","01KFEVGWWQWT7BAZNJDAAA325H","2026-01-20T23:27:55.797588042Z","01KFEVRWQJGCGKK4BEF2VQ5XQC","2026-01-20T23:27:55.797588042Z"
"01KFEVRYWTTZYRDN33VBYKFH3T","01KFEV37CWX6SQYA0RPR0C01MW","2026-01-20T23:27:55.80248539Z",0,"2026-01-20T23:28:03.324537638Z","B","2026-01-20T23:28:03.29505739Z","01KFEV37DAAK9E08F076WKMM6J","2026-01-20T23:27:55.80248539Z","01KFEVH10BYAXDVW828R4A2D8P","2026-01-20T23:27:55.80248539Z","01KFEVRWQJGCGKK4BEF2VQ5XQC","2026-01-20T23:27:55.80248539Z"
"01KFEWBCBX5WM6RN1JCE5KGFS4","01KFEV38GJVYY8P8B7QXSW6BTE","2026-01-20T23:37:59.421975084Z",7,"2026-01-20T23:38:08.554729207Z","D","2026-01-20T23:38:08.515477086Z","01KFEV38H8T2V9428VC9T7MEBA","2026-01-20T23:37:59.421975084Z","01KFEW5BKPC6PA6AD6TVFX3GTH","2026-01-20T23:37:59.421975084Z","01KFEWB93MZQQNSF35K2S15HQV","2026-01-20T23:37:59.421975084Z"
"01KFEW6NNH5PX6QHXJGE93FR6N","01KFEVMN9Q125N5N16W4WNYJXF","2026-01-20T23:35:25.105548931Z",29,"2026-01-20T23:35:27.11251511Z","C","2026-01-20T23:35:26.555143887Z","01KFEVMNBC23RB4D79KEQ4G0VS","2026-01-20T23:35:25.105548931Z","01KFEVX608THP5F5HX3GYF0X1K","2026-01-20T23:35:25.105548931Z","01KFEW3VKNJVBQR8K5WQHKN6CC","2026-01-20T23:35:25.105548931Z"
"01KFEW7ZT40XQ804HCRCVTR11T","01KFEV38GJVYY8P8B7QXSW6BTE","2026-01-20T23:36:08.260739275Z",0,"2026-01-20T23:36:09.581722755Z","D","2026-01-20T23:36:09.542717729Z","01KFEV38H48T18ZRM15RETR33C","2026-01-20T23:36:08.260739275Z","01KFEVVPVMNR90RS0DGAX989B7","2026-01-20T23:36:08.260739275Z","01KFEW2K65H61S2VCF5K0K6SB6","2026-01-20T23:36:08.260739275Z"
"01KFEWEF6V21RZR0HXN1E3SQ8J","01KFEV38GJVYY8P8B7QXSW6BTE","2026-01-20T23:39:40.635341603Z",0,"2026-01-20T23:39:44.656439487Z","C","2026-01-20T23:39:41.930941401Z","01KFEV38H8T2V9428VC9T7MEBA","2026-01-20T23:39:40.635341603Z","01KFEW5105FT4T963R9Z6AZ67Y","2026-01-20T23:39:40.635341603Z","01KFEWB95D8TYSSW9F9S79CQD8","2026-01-20T23:39:40.635341603Z"
"01KFEVJYJTNDKV59SE7ZRZEAJ8","01KFEV384BJYC62Y0E6AQK09K8","2026-01-20T23:24:38.874635873Z",10,"2026-01-20T23:24:43.859331819Z","A","2026-01-20T23:24:43.831912452Z","01KFEV384Y33BFECW27AH8GSGD","2026-01-20T23:24:38.874635873Z","01KFEVCQTYNZYE4TGA9WFYBM2V","2026-01-20T23:24:38.874635873Z","01KFEVHAP1ZGR28S54Q15ESMWZ","2026-01-20T23:24:38.874635873Z"
"01KFEVNJX1QK3FHQNR8WCYV7Y5","01KFEV38A01XZ4DPRPFKRE96P8","2026-01-20T23:26:05.217079889Z",19,"2026-01-20T23:26:27.638306326Z","C","2026-01-20T23:26:27.610336905Z","01KFEV38AJ2CFPYBQZ58NH0V5J","2026-01-20T23:26:05.217079889Z","01KFEVE55BQ40NXX8QW3R5RX0T","2026-01-20T23:26:05.217079889Z","01KFEVJWRBMK18VGXT9RA26R1D","2026-01-20T23:26:05.217079889Z"
"01KFEW4E26WTBZVH8E379608ZK","01KFEV384BJYC62Y0E6AQK09K8","2026-01-20T23:34:11.782380201Z",19,"2026-01-20T23:34:12.919390706Z","C","2026-01-20T23:34:12.894983025Z","01KFEV385166A8JYCZ9G4DMHRQ","2026-01-20T23:34:11.782380201Z","01KFEVY502SJ2FK1Q7WFM0PHB4","2026-01-20T23:34:11.782380201Z","01KFEW1AHWQARTJECMFRG6TRPK","2026-01-20T23:34:11.782380201Z"
"01KFEW5ZM61G9MJVDTVPNM9316","01KFEV38A01XZ4DPRPFKRE96P8","2026-01-20T23:35:02.534137255Z",0,"2026-01-20T23:35:07.653760305Z","C","2026-01-20T23:35:07.610961014Z","01KFEV38AHTHHCNTDGHAJN0GXG","2026-01-20T23:35:02.534137255Z","01KFEVW9PV7SJ42VT7GTTE4SGT","2026-01-20T23:35:02.534137255Z","01KFEW29Y7967CG3CKQRR67MXP","2026-01-20T23:35:02.534137255Z"
"01KFEVR0ERQZPNP9F2AT6RWBFW","01KFEV37CWX6SQYA0RPR0C01MW","2026-01-20T23:27:24.632542836Z",19,"2026-01-20T23:27:30.853122998Z","C","2026-01-20T23:27:30.825253322Z","01KFEV37DE991T271V0NJ5BY6K","2026-01-20T23:27:24.632542836Z","01KFEVD9ZATE7H5N364WWPAV31","2026-01-20T23:27:24.632542836Z","01KFEVJEKCQH6K2QKDETC0SMC1","2026-01-20T23:27:24.632542836Z"
"01KFEW8AGBNPRPBSG4C43VKNSC","01KFEV38A01XZ4DPRPFKRE96P8","2026-01-20T23:36:19.21146674Z",19,"2026-01-20T23:36:23.418922928Z","C","2026-01-20T23:36:23.383518959Z","01KFEV38AHTHHCNTDGHAJN0GXG","2026-01-20T23:36:19.21146674Z","01KFEVW5WA494MRXETJ2N5XX03","2026-01-20T23:36:19.21146674Z","01KFEW29ZCSX5849CNJP2CPD23","2026-01-20T23:36:19.21146674Z"
"01KFEWE6MCCAE6J7RQ58Z09C0Q","01KFEV38GJVYY8P8B7QXSW6BTE","2026-01-20T23:39:31.852493563Z",0,"2026-01-20T23:39:37.417199086Z","C","2026-01-20T23:39:33.947013382Z","01KFEV38H8T2V9428VC9T7MEBA","2026-01-20T23:39:31.852493563Z","01KFEW5105FT4T963R9Z6AZ67Y","2026-01-20T23:39:31.852493563Z","01KFEWB954NE20KXS9TVTM9QWN","2026-01-20T23:39:31.852493563Z"
"01KFEWJ5MKV5D2YT3AXKC9DAZK","01KFEVMN9Q125N5N16W4WNYJXF","2026-01-20T23:41:41.907066982Z",20,"2026-01-20T23:41:43.764711759Z","B","2026-01-20T23:41:43.719823598Z","01KFEVMNAWK7WRWM1AMQZKX6SA","2026-01-20T23:41:41.907066982Z","01KFEW3YJBR4HT7BADWRSVJQV5","2026-01-20T23:41:41.907066982Z","01KFEWE8W4Q7HBT12QMD8NKR4R","2026-01-20T23:41:41.907066982Z"
"01KFEVKWBYHDHSV5CDM4YAAZAY","01KFEV377XDCWB0CVW0E7ES8WB","2026-01-20T23:25:09.374445456Z",19,"2026-01-20T23:25:12.382033903Z","C","2026-01-20T23:25:12.360724978Z","01KFEV378FNG971PBW7B2SPNC6","2026-01-20T23:25:09.374445456Z","01KFEVCRBGBMN5MZZVZA8FPX1Z","2026-01-20T23:25:09.374445456Z","01KFEVJNQSYYRC4AF8PKPM2915","2026-01-20T23:25:09.374445456Z"
"01KFEVMGARNS770ZYRQ3JHE3FY","01KFEV37CWX6SQYA0RPR0C01MW","2026-01-20T23:25:29.816302983Z",10,"2026-01-20T23:25:35.88815479Z","B","2026-01-20T23:25:35.867779368Z","01KFEV37DE991T271V0NJ5BY6K","2026-01-20T23:25:29.816302983Z","01KFEVD9ZATE7H5N364WWPAV31","2026-01-20T23:25:29.816302983Z","01KFEVJEJJ6D7VBYCE9XWXMRKP","2026-01-20T23:25:29.816302983Z"
"01KFEVMWCN72VNXP6BH3RPNEYF","01KFEV377XDCWB0CVW0E7ES8WB","2026-01-20T23:25:42.166019192Z",20,"2026-01-20T23:25:44.166976852Z","B","2026-01-20T23:25:43.388783962Z","01KFEV378FNG971PBW7B2SPNC6","2026-01-20T23:25:42.166019192Z","01KFEV82H962BNCCRXPB524628","2026-01-20T23:25:42.166019192Z","01KFEVJNR1J3B46T7W60KHKSQ0","2026-01-20T23:25:42.166019192Z"
"01KFEVNMZA17R9JP38B28XZ0XG","01KFEV37CWX6SQYA0RPR0C01MW","2026-01-20T23:26:07.33822201Z",29,"2026-01-20T23:26:44.022544229Z","C","2026-01-20T23:26:22.656708069Z","01KFEV37DE991T271V0NJ5BY6K","2026-01-20T23:26:07.33822201Z","01KFEVD9ZATE7H5N364WWPAV31","2026-01-20T23:26:07.33822201Z","01KFEVJEK4F89CSCY0X9C1AJQJ","2026-01-20T23:26:07.33822201Z"
"01KFEWGMZF43H7J7WYX6T1WJ6G","01KFEVMNF44NEM58ETFST7KTWM","2026-01-20T23:40:52.079345064Z",10,"2026-01-20T23:40:58.615946172Z","B","2026-01-20T23:40:58.546889774Z","01KFEVMNHFNDCGHX9QBBFN387E","2026-01-20T23:40:52.079345064Z","01KFEW78ZH0TY6JQ9J3GJMR3E3","2026-01-20T23:40:52.079345064Z","01KFEWEZVSPMEYM5WRNH1GH02Y","2026-01-20T23:40:52.079345064Z"
"01KFEVH0JCS4NQR3SE129SRKP2","01KFEV377XDCWB0CVW0E7ES8WB","2026-01-20T23:23:35.372894042Z",0,"2026-01-20T23:23:40.843872314Z","C","2026-01-20T23:23:40.831676371Z","01KFEV378H0PY96RNMJTMM0E4X","2026-01-20T23:23:35.372894042Z","01KFEV8TC8AZEPV3G36SCZ12C3","2026-01-20T23:23:35.372894042Z","01KFEVFBBYTSBZ9CQKVR7RKAB2","2026-01-20T23:23:35.372894042Z"
"01KFEVM0V9NZKZEAA4M6M5NN98","01KFEV384BJYC62Y0E6AQK09K8","2026-01-20T23:25:13.961447338Z",7,"2026-01-20T23:25:15.731801513Z","D","2026-01-20T23:25:15.534068224Z","01KFEV384Y33BFECW27AH8GSGD","2026-01-20T23:25:13.961447338Z","01KFEVF34Y0A3VWJYX9367Q9EA","2026-01-20T23:25:13.961447338Z","01KFEVHAPJCMYFRQP2F7WT72WK","2026-01-20T23:25:13.961447338Z"
"01KFEW3065W6X0886PZ0GYR674","01KFEV384BJYC62Y0E6AQK09K8","2026-01-20T23:33:24.805920899Z",0,"2026-01-20T23:33:26.115717977Z","B","2026-01-20T23:33:26.092092237Z","01KFEV385166A8JYCZ9G4DMHRQ","2026-01-20T23:33:24.805920899Z","01KFEVWH8M80FFRA88HYSK2ZSQ","2026-01-20T23:33:24.805920899Z","01KFEW1AH3KYJV5QTKFEPKQZZX","2026-01-20T23:33:24.805920899Z"
"01KFEVFFPB6RBWE02RJ0JDMHYR","01KFEV2BZFDRZBG3Y0249RG1TW","2026-01-20T23:22:45.323925987Z",19,"2026-01-20T23:22:50.872908173Z","C","2026-01-20T23:22:50.676888397Z","01KFEV2C0CP35QE41ZMH45J8TZ","2026-01-20T23:22:45.323925987Z","01KFEV4PQ8V0QGQVX4KK2FPFJR","2026-01-20T23:22:45.323925987Z","01KFEVB8G4409FE3WHQBZQY7S4","2026-01-20T23:22:45.323925987Z"
"01KFEVJG16VDYA375GK1T09RD3","01KFEV377XDCWB0CVW0E7ES8WB","2026-01-20T23:24:23.974975558Z",20,"2026-01-20T23:24:26.79862391Z","B","2026-01-20T23:24:26.756624787Z","01KFEV378PDZP87HXSESW6BA01","2026-01-20T23:24:23.974975558Z","01KFEV6V20FH8Q8TGZN4SVCF5R","2026-01-20T23:24:23.974975558Z","01KFEVF1Q6ZK58W1T2EDJS8ZM0","2026-01-20T23:24:23.974975558Z"
"01KFEWH95Q3SKFEHN6HAVWHW40","01KFEVMNF44NEM58ETFST7KTWM","2026-01-20T23:41:12.759502642Z",17,"2026-01-20T23:41:17.420113812Z","D","2026-01-20T23:41:17.375585578Z","01KFEVMNHFNDCGHX9QBBFN387E","2026-01-20T23:41:12.759502642Z","01KFEW78ZH0TY6JQ9J3GJMR3E3","2026-01-20T23:41:12.759502642Z","01KFEWEZX1QCKQJZPSQCFEKWPP","2026-01-20T23:41:12.759502642Z"
"01KFEWF5GGNQGZQQET6NABSNZ3","01KFEV38GJVYY8P8B7QXSW6BTE","2026-01-20T23:40:03.472792471Z",17,"2026-01-20T23:40:05.186089674Z","D","2026-01-20T23:40:04.49437865Z","01KFEV38H8T2V9428VC9T7MEBA","2026-01-20T23:40:03.472792471Z","01KFEW5BKPC6PA6AD6TVFX3GTH","2026-01-20T23:40:03.472792471Z","01KFEWB967BF5HCPTFD5ASW09Z","2026-01-20T23:40:03.472792471Z"
"01KFEWFA7GRWQCXXJG1Q2PPRTB","01KFEV38GJVYY8P8B7QXSW6BTE","2026-01-20T23:40:08.304078379Z",0,"2026-01-20T23:40:11.259793551Z","C","2026-01-20T23:40:09.178692411Z","01KFEV38H8T2V9428VC9T7MEBA","2026-01-20T23:40:08.304078379Z","01KFEW5BKPC6PA6AD6TVFX3GTH","2026-01-20T23:40:08.304078379Z","01KFEWB96KRX4ZB7T2765CQSN7","2026-01-20T23:40:08.304078379Z"
"01KFEVHAZH5PPZ9SPZHMCYQG7A","01KFEV377XDCWB0CVW0E7ES8WB","2026-01-20T23:23:46.033536801Z",0,"2026-01-20T23:23:52.964495014Z","C","2026-01-20T23:23:48.107622069Z","01KFEV378H0PY96RNMJFNCN7TE","2026-01-20T23:23:46.033536801Z","01KFEV86DXXGMH25YQ8QC6JEB7","2026-01-20T23:23:46.033536801Z","01KFEVEHGBCMP7V8TCE6N6N4MW","2026-01-20T23:23:46.033536801Z"
"01KFEW3G1MGXAJK1N63XE53MTM","01KFEV38A01XZ4DPRPFKRE96P8","2026-01-20T23:33:41.044804631Z",0,"2026-01-20T23:34:25.3222483Z","C","2026-01-20T23:34:25.285988157Z","01KFEV38AHTHHCNTDGHAJN0GXG","2026-01-20T23:33:41.044804631Z","01KFEVW9PV7SJ42VT7GTTE4SGT","2026-01-20T23:33:41.044804631Z","01KFEW29XSADA32QXA2MHBZPNA","2026-01-20T23:33:41.044804631Z"
"01KFEW7584VKM9WNG28A25SACM","01KFEV38GJVYY8P8B7QXSW6BTE","2026-01-20T23:35:41.060837379Z",29,"2026-01-20T23:35:42.249342053Z","C","2026-01-20T23:35:42.21154515Z","01KFEV38H48T18ZRM15RETR33C","2026-01-20T23:35:41.060837379Z","01KFEVVPVMNR90RS0DGAX989B7","2026-01-20T23:35:41.060837379Z","01KFEW2K6YFW0YHD45MRGH06TF","2026-01-20T23:35:41.060837379Z"
"01KFEWEN47R7QZPJZK1742BHG5","01KFEV38GJVYY8P8B7QXSW6BTE","2026-01-20T23:39:46.695511692Z",0,"2026-01-20T23:39:49.794201654Z","C","2026-01-20T23:39:49.237946077Z","01KFEV38H8T2V9428VC9T7MEBA","2026-01-20T23:39:46.695511692Z","01KFEW5BKPC6PA6AD6TVFX3GTH","2026-01-20T23:39:46.695511692Z","01KFEWB95MVT152YDC7RERZG6G","2026-01-20T23:39:46.695511692Z"
"01KFEVFSF0VYF6T01GXBWKB888","01KFEV377XDCWB0CVW0E7ES8WB","2026-01-20T23:22:55.328123943Z",19,"2026-01-20T23:23:01.522615115Z","C","2026-01-20T23:23:01.509144785Z","01KFEV378PDZP87HXSESW6BA01","2026-01-20T23:22:55.328123943Z","01KFEV79YCQMQRJYZ004NV66QN","2026-01-20T23:22:55.328123943Z","01KFEVF1Q0DWKQS3BYN9S091RF","2026-01-20T23:22:55.328123943Z"
"01KFEVJTBKT2J511AZ0SW03HZ9","01KFEV377XDCWB0CVW0E7ES8WB","2026-01-20T23:24:34.547865214Z",29,"2026-01-20T23:24:38.442241993Z","C","2026-01-20T23:24:35.79946722Z","01KFEV378H0PY96RNMJFNCN7TE","2026-01-20T23:24:34.547865214Z","01KFEV86DXXGMH25YQ8QC6JEB7","2026-01-20T23:24:34.547865214Z","01KFEVEHGR7ECW4X29T8Y4QFJQ","2026-01-20T23:24:34.547865214Z"
"01KFEVMN68YQVKN4KYFE5Y9747","01KFEV37PBC6DGWCX0HT0QWYJR","2026-01-20T23:25:34.792200855Z",29,"2026-01-20T23:25:40.595874577Z","C","2026-01-20T23:25:40.578684264Z","01KFEV37PYV9HETXX2PC055NBT","2026-01-20T23:25:34.792200855Z","01KFEVBDY2YWN6DSFNFKRM8R9Z","2026-01-20T23:25:34.792200855Z","01KFEVH488H19CAYEAMXF8JTYZ","2026-01-20T23:25:34.792200855Z"
"01KFEWHHTRDE5ZJ28W9S4NMQKN","01KFEVMNF44NEM58ETFST7KTWM","2026-01-20T23:41:21.624780408Z",0,"2026-01-20T23:41:25.668498444Z","C","2026-01-20T23:41:25.632805043Z","01KFEVMNHFNDCGHX9QBBFN387E","2026-01-20T23:41:21.624780408Z","01KFEW78ZH0TY6JQ9J3GJMR3E3","2026-01-20T23:41:21.624780408Z","01KFEWEZWCJ6XC69DY4G0F5CGG","2026-01-20T23:41:21.624780408Z"
"01KFEVM41R4FWV3YMGBWEPZ5N9","01KFEV37PBC6DGWCX0HT0QWYJR","2026-01-20T23:25:17.240348073Z",10,"2026-01-20T23:25:21.303829937Z","B","2026-01-20T23:25:21.288808607Z","01KFEV37PYV9HETXX2PC055NBT","2026-01-20T23:25:17.240348073Z","01KFEVBDY2YWN6DSFNFKRM8R9Z","2026-01-20T23:25:17.240348073Z","01KFEVH486ZCFEH7MFXY01HJC3","2026-01-20T23:25:17.240348073Z"
"01KFEVN5HHDWRTB66ZRZ20YZPX","01KFEV37PBC6DGWCX0HT0QWYJR","2026-01-20T23:25:51.537631801Z",17,"2026-01-20T23:25:54.072616822Z","D","2026-01-20T23:25:53.312925062Z","01KFEV37PYV9HETXX2PC055NBT","2026-01-20T23:25:51.537631801Z","01KFEV9QWYR4DNTS4QCCENEARJ","2026-01-20T23:25:51.537631801Z","01KFEVH47RBTC8Q50RVEZJ2J6Q","2026-01-20T23:25:51.537631801Z"
"01KFEW2G4SMKY2RKHCR7C7P56W","01KFEV37PBC6DGWCX0HT0QWYJR","2026-01-20T23:33:08.377765018Z",10,"2026-01-20T23:33:13.974833434Z","B","2026-01-20T23:33:11.780867406Z","01KFEV37Q0WSYAYKWHM2EXN0DN","2026-01-20T23:33:08.377765018Z","01KFEVWXXVHBHP5S1AZQQ4JZFK","2026-01-20T23:33:08.377765018Z","01KFEW0G9JQ4V4CCAST3DCAZYQ","2026-01-20T23:33:08.377765018Z"
"01KFEWH2ZQNA87P2Q8AZ3EMB3J","01KFEVMN9Q125N5N16W4WNYJXF","2026-01-20T23:41:06.423070277Z",20,"2026-01-20T23:41:07.837374049Z","B","2026-01-20T23:41:07.272482954Z","01KFEVMNAWK7WRWM1AMQZKX6SA","2026-01-20T23:41:06.423070277Z","01KFEW3YJBR4HT7BADWRSVJQV5","2026-01-20T23:41:06.423070277Z","01KFEWE8X78MX8FTH7TFT5G1TY","2026-01-20T23:41:06.423070277Z"
"01KFEWJNXDJMDYB1R2HZJYWB57","01KFEVMNF44NEM58ETFST7KTWM","2026-01-20T23:41:58.573712038Z",10,"2026-01-20T23:42:02.791649411Z","B","2026-01-20T23:42:02.747517575Z","01KFEVMNHFNDCGHX9QBBFN387E","2026-01-20T23:41:58.573712038Z","01KFEW78ZH0TY6JQ9J3GJMR3E3","2026-01-20T23:41:58.573712038Z","01KFEWEZZBBNA6YGF5KBEE6WA6","2026-01-20T23:41:58.573712038Z"
"01KFEWMFB7NP375K2NPBJNK5JG","01KFEVMNF44NEM58ETFST7KTWM","2026-01-20T23:42:57.383509436Z",17,"2026-01-20T23:43:00.917115988Z","D","2026-01-20T23:43:00.882014977Z","01KFEVMNHFNDCGHX9QBBFN387E","2026-01-20T23:42:57.383509436Z","01KFEW78ZH0TY6JQ9J3GJMR3E3","2026-01-20T23:42:57.383509436Z","01KFEWEZY0CVS9EZRWS47HB4GC","2026-01-20T23:42:57.383509436Z"
"01KFEVK226NJV28YHF0P2BGRYT","01KFEV37CWX6SQYA0RPR0C01MW","2026-01-20T23:24:42.438137662Z",7,"2026-01-20T23:24:45.939655419Z","D","2026-01-20T23:24:45.920289948Z","01KFEV37DE991T271V0BRDHRJW","2026-01-20T23:24:42.438137662Z","01KFEV8CTFEWEE7C0ZM9KMYRSE","2026-01-20T23:24:42.438137662Z","01KFEVGBCR1VRA302JV9XDWJYD","2026-01-20T23:24:42.438137662Z"
"01KFEVMK89TWR6N7CP4NATJVDY","01KFEV37CWX6SQYA0RPR0C01MW","2026-01-20T23:25:32.809720726Z",10,"2026-01-20T23:25:36.845245022Z","B","2026-01-20T23:25:36.77378753Z","01KFEV37DE991T271V0BRDHRJW","2026-01-20T23:25:32.809720726Z","01KFEVBZC2S6960QVT8J14HPMN","2026-01-20T23:25:32.809720726Z","01KFEVGBD8T8SFCQH95NHF15WG","2026-01-20T23:25:32.809720726Z"
"01KFEVNN6S82GFE2ZBTMES9NT1","01KFEV37CWX6SQYA0RPR0C01MW","2026-01-20T23:26:07.577348903Z",10,"2026-01-20T23:26:11.560047394Z","B","2026-01-20T23:26:11.52721842Z","01KFEV37DE991T271V0BRDHRJW","2026-01-20T23:26:07.577348903Z","01KFEVBZC2S6960QVT8J14HPMN","2026-01-20T23:26:07.577348903Z","01KFEVGBDEFGKQZTMK8HZ24A1T","2026-01-20T23:26:07.577348903Z"
"01KFEVXHSK37AJQCVGFAN1SVX0","01KFEV37CWX6SQYA0RPR0C01MW","2026-01-20T23:30:26.227517314Z",10,"2026-01-20T23:30:32.140295897Z","A","2026-01-20T23:30:32.105757397Z","01KFEV37DAAK9E08F076WKMM6J","2026-01-20T23:30:26.227517314Z","01KFEVGWWQWT7BAZNJDAAA325H","2026-01-20T23:30:26.227517314Z","01KFEVRWQYDTTG3TBRZX6QCZTF","2026-01-20T23:30:26.227517314Z"
"01KFEVHMA89J41XFYG3JD6MFE8","01KFEV377XDCWB0CVW0E7ES8WB","2026-01-20T23:23:55.592528018Z",0,"2026-01-20T23:23:58.152586085Z","B","2026-01-20T23:23:56.691416175Z","01KFEV378H0PY96RNMJFNCN7TE","2026-01-20T23:23:55.592528018Z","01KFEV86DXXGMH25YQ8QC6JEB7","2026-01-20T23:23:55.592528018Z","01KFEVEHGWD05V25JN0JRD6NS4","2026-01-20T23:23:55.592528018Z"
"01KFEVK0QCYPXE22HVKG76YJCT","01KFEV377XDCWB0CVW0E7ES8WB","2026-01-20T23:24:41.068786992Z",19,"2026-01-20T23:24:50.254631446Z","C","2026-01-20T23:24:43.348684567Z","01KFEV378H0PY96RNMJTMM0E4X","2026-01-20T23:24:41.068786992Z","01KFEV8K48Q5MVC88J4XCQXRFY","2026-01-20T23:24:41.068786992Z","01KFEVFBC3KKXJSC7MKW9KR59A","2026-01-20T23:24:41.068786992Z"
"01KFEWHVVSWC5KCSKDH2B4FSD4","01KFEVMN9Q125N5N16W4WNYJXF","2026-01-20T23:41:31.897810332Z",20,"2026-01-20T23:41:32.718104034Z","B","2026-01-20T23:41:32.57418856Z","01KFEVMNAWK7WRWM1AMQZKX6SA","2026-01-20T23:41:31.897810332Z","01KFEW3YJBR4HT7BADWRSVJQV5","2026-01-20T23:41:31.897810332Z","01KFEWE8VTHQXWKT1AXEXQ666A","2026-01-20T23:41:31.897810332Z"
"01KFEWJ2B8QFCX9KHHDTQQVCBY","01KFEVMNF44NEM58ETFST7KTWM","2026-01-20T23:41:38.536148969Z",0,"2026-01-20T23:41:42.074412776Z","D","2026-01-20T23:41:41.247450032Z","01KFEVMNHFNDCGHX9QBBFN387E","2026-01-20T23:41:38.536148969Z","01KFEW6A5E0ZVTNJ585Y831423","2026-01-20T23:41:38.536148969Z","01KFEWEZWPAV8RCSFBM22S3S8X","2026-01-20T23:41:38.536148969Z"
"01KFEVGAZXM11G4DMPNJ4KRM9F","01KFEV377XDCWB0CVW0E7ES8WB","2026-01-20T23:23:13.277265127Z",10,"2026-01-20T23:23:16.946970341Z","B","2026-01-20T23:23:16.931001212Z","01KFEV378PDZP87HXSESW6BA01","2026-01-20T23:23:13.277265127Z","01KFEV6V20FH8Q8TGZN4SVCF5R","2026-01-20T23:23:13.277265127Z","01KFEVF1PPGM18ZSKV97STAVV2","2026-01-20T23:23:13.277265127Z"
"01KFEVJXJTXAAJQ0042ZFHJNC6","01KFEV38A01XZ4DPRPFKRE96P8","2026-01-20T23:24:37.850930577Z",0,"2026-01-20T23:25:08.06519022Z","C","2026-01-20T23:25:00.352846187Z","01KFEV38AJ2CFPYBQZ58NH0V5J","2026-01-20T23:24:37.850930577Z","01KFEVB815BQW2TQ29HHMDQ2FB","2026-01-20T23:24:37.850930577Z","01KFEVJWS4XRB4HTW161W2F47D","2026-01-20T23:24:37.850930577Z"
"01KFEVM1SQCAJSHB9BZXJ0MTP4","01KFEV377XDCWB0CVW0E7ES8WB","2026-01-20T23:25:14.935801595Z",17,"2026-01-20T23:25:16.080131727Z","D","2026-01-20T23:25:16.036254237Z","01KFEV378H0PY96RNMJFNCN7TE","2026-01-20T23:25:14.935801595Z","01KFEVA045MDV6WERMTEQ3VAYR","2026-01-20T23:25:14.935801595Z","01KFEVEHGNZ7VVTDD9TTSV20M2","2026-01-20T23:25:14.935801595Z"
"01KFEVRJ7JBEB5Z6M5STGBVPPJ","01KFEV37PBC6DGWCX0HT0QWYJR","2026-01-20T23:27:42.834879165Z",19,"2026-01-20T23:27:48.99381698Z","C","2026-01-20T23:27:47.069541008Z","01KFEV37PYV9HETXX2PSGE1RKD","2026-01-20T23:27:42.834879165Z","01KFEVDMPGK2KG6CGRXX80WQ5A","2026-01-20T23:27:42.834879165Z","01KFEVKCMHNFBMSFY09QX4TGHZ","2026-01-20T23:27:42.834879165Z"
"01KFEVYASHK3NB8MWG1479VRY7","01KFEV37CWX6SQYA0RPR0C01MW","2026-01-20T23:30:51.825124561Z",10,"2026-01-20T23:30:55.890885011Z","A","2026-01-20T23:30:55.4739459Z","01KFEV37DAAK9E08F076WKMM6J","2026-01-20T23:30:51.825124561Z","01KFEVH10BYAXDVW828R4A2D8P","2026-01-20T23:30:51.825124561Z","01KFEVRWTFS6WZR3RJEQCQ8B5K","2026-01-20T23:30:51.825124561Z"
"01KFEW423K21HPM27541WSNGG7","01KFEV384BJYC62Y0E6AQK09K8","2026-01-20T23:33:59.539401094Z",19,"2026-01-20T23:34:01.949060013Z","C","2026-01-20T23:34:01.920643016Z","01KFEV385166A8JYCZ9G4DMHRQ","2026-01-20T23:33:59.539401094Z","01KFEVY502SJ2FK1Q7WFM0PHB4","2026-01-20T23:33:59.539401094Z","01KFEW1AJQQTXG07GE8KNBNQJN","2026-01-20T23:33:59.539401094Z"
"01KFEWM89HPQDY1JCH78HH24T4","01KFEVMNF44NEM58ETFST7KTWM","2026-01-20T23:42:50.161214064Z",29,"2026-01-20T23:42:54.166276474Z","C","2026-01-20T23:42:52.36525074Z","01KFEVMNHFNDCGHX9QBBFN387E","2026-01-20T23:42:50.161214064Z","01KFEW6A5E0ZVTNJ585Y831423","2026-01-20T23:42:50.161214064Z","01KFEWEZYB6ZVPPBFVTKXTZJ40","2026-01-20T23:42:50.161214064Z"
"01KFEVAZN94Z6TJAA12A56Q60A","01KFEV2BZFDRZBG3Y0249RG1TW","2026-01-20T23:20:17.834010203Z",20,"2026-01-20T23:20:20.429673081Z","A","2026-01-20T23:20:18.927037576Z","01KFEV2C08ND9C9BYW8N2T146P","2026-01-20T23:20:17.834010203Z","01KFEV4APCG117QZ1ZVXNKCJFC","2026-01-20T23:20:17.834010203Z","01KFEV992EGQ6JEDWT7CNXP7AX","2026-01-20T23:20:17.834010203Z"
"01KFEVHBX0G4B79K693S5DZ345","01KFEV384BJYC62Y0E6AQK09K8","2026-01-20T23:23:46.976553762Z",0,"2026-01-20T23:23:54.86020503Z","A","2026-01-20T23:23:54.705147905Z","01KFEV384Y33BFECW27AH8GSGD","2026-01-20T23:23:46.976553762Z","01KFEVCQTYNZYE4TGA9WFYBM2V","2026-01-20T23:23:46.976553762Z","01KFEVHAPAY4FNYD6E80QRSW86","2026-01-20T23:23:46.976553762Z"
"01KFEVPYN7M0VSJ93NRN3W36QY","01KFEV37CWX6SQYA0RPR0C01MW","2026-01-20T23:26:50.023701354Z",10,"2026-01-20T23:26:54.487053709Z","A","2026-01-20T23:26:54.467216487Z","01KFEV37DE991T271V0NJ5BY6K","2026-01-20T23:26:50.023701354Z","01KFEV7RE3Q2MQ5NN8AGQ7Y4PK","2026-01-20T23:26:50.023701354Z","01KFEVJEK9E3M288QRNEA9824W","2026-01-20T23:26:50.023701354Z"
"01KFEVT719NDT1EC3H96GT22SH","01KFEV37CWX6SQYA0RPR0C01MW","2026-01-20T23:28:36.905881509Z",7,"2026-01-20T23:28:41.459287765Z","D","2026-01-20T23:28:41.430877752Z","01KFEV37DAAK9E08F076WKMM6J","2026-01-20T23:28:36.905881509Z","01KFEVGWWQWT7BAZNJDAAA325H","2026-01-20T23:28:36.905881509Z","01KFEVRWRG1NX0K3PTAJAQYB2F","2026-01-20T23:28:36.905881509Z"
"01KFEVWAS406440WPC761TN89Q","01KFEV37CWX6SQYA0RPR0C01MW","2026-01-20T23:29:46.276431646Z",10,"2026-01-20T23:29:51.669255124Z","B","2026-01-20T23:29:51.564807631Z","01KFEV37DAAK9E08F076WKMM6J","2026-01-20T23:29:46.276431646Z","01KFEVGWWQWT7BAZNJDAAA325H","2026-01-20T23:29:46.276431646Z","01KFEVRWSFA1JEJGM44RM12CEB","2026-01-20T23:29:46.276431646Z"
"01KFEV9A0Z50NTPHNA7H4CSMEA","01KFEV2BZFDRZBG3Y0249RG1TW","2026-01-20T23:19:22.911976706Z",20,"2026-01-20T23:19:27.233000638Z","A","2026-01-20T23:19:25.714503087Z","01KFEV2C08ND9C9BYW8N2T146P","2026-01-20T23:19:22.911976706Z","01KFEV4APCG117QZ1ZVXNKCJFC","2026-01-20T23:19:22.911976706Z","01KFEV9921HAKCJZWRN603XZDD","2026-01-20T23:19:22.911976706Z"
"01KFEVH461ZH9HVS7CM2WH4R8C","01KFEV37CWX6SQYA0RPR0C01MW","2026-01-20T23:23:39.073427038Z",10,"2026-01-20T23:24:15.889008877Z","A","2026-01-20T23:23:45.127883265Z","01KFEV37DE991T271V0BRDHRJW","2026-01-20T23:23:39.073427038Z","01KFEVBZC2S6960QVT8J14HPMN","2026-01-20T23:23:39.073427038Z","01KFEVGBCA555S4K04AG8F2T5D","2026-01-20T23:23:39.073427038Z"
"01KFEVKH4WQ1FYM4JKYF0B9NZG","01KFEV377XDCWB0CVW0E7ES8WB","2026-01-20T23:24:57.884681454Z",0,"2026-01-20T23:25:01.605259983Z","C","2026-01-20T23:24:59.957309701Z","01KFEV378PDZP87HXSESW6BA01","2026-01-20T23:24:57.884681454Z","01KFEV79YCQMQRJYZ004NV66QN","2026-01-20T23:24:57.884681454Z","01KFEVF1R05NN8B18DGSYQ0EAN","2026-01-20T23:24:57.884681454Z"
"01KFEVSCPBG2V55EW29FFN899J","01KFEVMN9Q125N5N16W4WNYJXF","2026-01-20T23:28:09.931910141Z",17,"2026-01-20T23:28:16.989206864Z","D","2026-01-20T23:28:16.963823253Z","01KFEVMNB841AFDZFM4WSW4FTD","2026-01-20T23:28:09.931910141Z","01KFEVC3J7JCZ73BZAKH9RH61D","2026-01-20T23:28:09.931910141Z","01KFEVPNG6JB6DZSQZ5HM4GVS7","2026-01-20T23:28:09.931910141Z"
"01KFEW3X2RNR3Z8XW67XW6EDPF","01KFEVMN9Q125N5N16W4WNYJXF","2026-01-20T23:33:54.392184351Z",7,"2026-01-20T23:34:06.595588345Z","D","2026-01-20T23:33:56.560831658Z","01KFEVMNBC23RB4D79KEQ4G0VS","2026-01-20T23:33:54.392184351Z","01KFEVXFAQE8X4YEWXW17GBY46","2026-01-20T23:33:54.392184351Z","01KFEW3VP28YF1EKPX4Q9AW06S","2026-01-20T23:33:54.392184351Z"
"01KFEWF3W93FCDC4KKMCZAFE9A","01KFEVMNF44NEM58ETFST7KTWM","2026-01-20T23:40:01.801516512Z",0,"2026-01-20T23:40:31.229229068Z","C","2026-01-20T23:40:31.186537133Z","01KFEVMNHFNDCGHX9QBBFN387E","2026-01-20T23:40:01.801516512Z","01KFEW6A5E0ZVTNJ585Y831423","2026-01-20T23:40:01.801516512Z","01KFEWEZVA5M4G0VV9SW3JMCQ3","2026-01-20T23:40:01.801516512Z"
"01KFEVGPRDC06KB5SER67JVHTG","01KFEV2BZFDRZBG3Y0249RG1TW","2026-01-20T23:23:25.325942256Z",0,"2026-01-20T23:23:30.521424659Z","C","2026-01-20T23:23:30.50506406Z","01KFEV2C0CP35QE41ZMH45J8TZ","2026-01-20T23:23:25.325942256Z","01KFEV7TATT805MEJDGTCA5NFM","2026-01-20T23:23:25.325942256Z","01KFEVB8G8DNW1YDKX93Z4PCN5","2026-01-20T23:23:25.325942256Z"
"01KFEVH0EXZMKYPCMZV2TVYDKN","01KFEV377XDCWB0CVW0E7ES8WB","2026-01-20T23:23:35.262004962Z",0,"2026-01-20T23:23:40.377805205Z","C","2026-01-20T23:23:36.739234173Z","01KFEV378H0PY96RNMJFNCN7TE","2026-01-20T23:23:35.262004962Z","01KFEV86DXXGMH25YQ8QC6JEB7","2026-01-20T23:23:35.262004962Z","01KFEVEHGCG7SCGVN0B81NQ5CF","2026-01-20T23:23:35.262004962Z"
"01KFEVNWEY6QDZEZSWSVXR6A1J","01KFEV37CWX6SQYA0RPR0C01MW","2026-01-20T23:26:15.006032389Z",10,"2026-01-20T23:26:18.201385002Z","A","2026-01-20T23:26:18.182546516Z","01KFEV37DE991T271V0BRDHRJW","2026-01-20T23:26:15.006032389Z","01KFEVBZC2S6960QVT8J14HPMN","2026-01-20T23:26:15.006032389Z","01KFEVGBDGJG5AGHRSTRJ3T74K","2026-01-20T23:26:15.006032389Z"
"01KFEVPDV744RM8253BZMDJ5F9","01KFEV38A01XZ4DPRPFKRE96P8","2026-01-20T23:26:32.807485704Z",10,"2026-01-20T23:27:28.457897798Z","B","2026-01-20T23:26:34.855307831Z","01KFEV38AJ2CFPYBQZ58NH0V5J","2026-01-20T23:26:32.807485704Z","01KFEVB815BQW2TQ29HHMDQ2FB","2026-01-20T23:26:32.807485704Z","01KFEVJWRSS59EY80VVB66B760","2026-01-20T23:26:32.807485704Z"
"01KFEVT6W26FDAHEB7TPZZN2PR","01KFEV37CWX6SQYA0RPR0C01MW","2026-01-20T23:28:36.738584601Z",17,"2026-01-20T23:28:42.03055228Z","D","2026-01-20T23:28:41.425239071Z","01KFEV37DE991T271V0NJ5BY6K","2026-01-20T23:28:36.738584601Z","01KFEV7RE3Q2MQ5NN8AGQ7Y4PK","2026-01-20T23:28:36.738584601Z","01KFEVJEJTMNMZTCNAQZWM5VSK","2026-01-20T23:28:36.738584601Z"
"01KFEWMFBEAQJEJ4A0D13A624M","01KFEVMNF44NEM58ETFST7KTWM","2026-01-20T23:42:57.390492634Z",29,"2026-01-20T23:43:00.917115988Z","C","2026-01-20T23:42:59.673651683Z","01KFEVMNHFNDCGHX9QBBFN387E","2026-01-20T23:42:57.390492634Z","01KFEW6A5E0ZVTNJ585Y831423","2026-01-20T23:42:57.390492634Z","01KFEWEZY0CVS9EZRWS47HB4GC","2026-01-20T23:42:57.390492634Z"
"01KFEVN8RQM8TD7521AZ6G7W96","01KFEV377XDCWB0CVW0E7ES8WB","2026-01-20T23:25:54.839837988Z",20,"2026-01-20T23:25:57.40416381Z","B","2026-01-20T23:25:56.454465831Z","01KFEV378FNG971PBW7B2SPNC6","2026-01-20T23:25:54.839837988Z","01KFEV82H962BNCCRXPB524628","2026-01-20T23:25:54.839837988Z","01KFEVJNRJZH5GPQKMH4ZHTKNX","2026-01-20T23:25:54.839837988Z"
"01KFEVNSG8XTPCR8ZPTT6JSSRA","01KFEV37PBC6DGWCX0HT0QWYJR","2026-01-20T23:26:11.976156444Z",17,"2026-01-20T23:26:14.363960662Z","D","2026-01-20T23:26:14.344109366Z","01KFEV37PYV9HETXX2PC055NBT","2026-01-20T23:26:11.976156444Z","01KFEV9QWYR4DNTS4QCCENEARJ","2026-01-20T23:26:11.976156444Z","01KFEVH47YHEBY0NMN1SDFTFF1","2026-01-20T23:26:11.976156444Z"
"01KFEVNWESDHR892PHXZTNQ5QD","01KFEV37CWX6SQYA0RPR0C01MW","2026-01-20T23:26:15.001147737Z",19,"2026-01-20T23:26:18.201385002Z","C","2026-01-20T23:26:16.773263177Z","01KFEV37DE991T271V0BRDHRJW","2026-01-20T23:26:15.001147737Z","01KFEV8CTFEWEE7C0ZM9KMYRSE","2026-01-20T23:26:15.001147737Z","01KFEVGBDGJG5AGHRSTRJ3T74K","2026-01-20T23:26:15.001147737Z"
"01KFEVP1S1DNEGTXQBC1ME9BRR","01KFEV37PBC6DGWCX0HT0QWYJR","2026-01-20T23:26:20.44952197Z",17,"2026-01-20T23:26:29.234721012Z","D","2026-01-20T23:26:29.215429503Z","01KFEV37PYV9HETXX2PSGE1RKD","2026-01-20T23:26:20.44952197Z","01KFEV8PSQBX7P1ARFP0SDDW57","2026-01-20T23:26:20.44952197Z","01KFEVKCN0QWK45TM5NYNV4WNH","2026-01-20T23:26:20.44952197Z"
"01KFEW4AK6K1HQEZMVED0Z67GD","01KFEV384BJYC62Y0E6AQK09K8","2026-01-20T23:34:08.230758241Z",19,"2026-01-20T23:34:09.990852913Z","C","2026-01-20T23:34:09.963646816Z","01KFEV385166A8JYCZ9G4DMHRQ","2026-01-20T23:34:08.230758241Z","01KFEVY502SJ2FK1Q7WFM0PHB4","2026-01-20T23:34:08.230758241Z","01KFEW1AJ55D8GCPXGH2ZM6TDK","2026-01-20T23:34:08.230758241Z"
"01KFEWEC3HAX8KS2KK2VY9BHG5","01KFEVMN9Q125N5N16W4WNYJXF","2026-01-20T23:39:37.457379799Z",0,"2026-01-20T23:40:13.378286002Z","B","2026-01-20T23:40:13.293802871Z","01KFEVMNAWK7WRWM1AMQZKX6SA","2026-01-20T23:39:37.457379799Z","01KFEW3YJBR4HT7BADWRSVJQV5","2026-01-20T23:39:37.457379799Z","01KFEWE8RX9DT254543TPC4B40","2026-01-20T23:39:37.457379799Z"
"01KFEVJG29XTK9SZWZ0K9Z85ST","01KFEV37CWX6SQYA0RPR0C01MW","2026-01-20T23:24:24.00953079Z",0,"2026-01-20T23:24:31.270706533Z","C","2026-01-20T23:24:29.26122367Z","01KFEV37DE991T271V0BRDHRJW","2026-01-20T23:24:24.00953079Z","01KFEV8CTFEWEE7C0ZM9KMYRSE","2026-01-20T23:24:24.00953079Z","01KFEVGBC8432HRA3509G2MMDT","2026-01-20T23:24:24.00953079Z"
"01KFEVJS3RRQ7T0VAD9YSAY194","01KFEV384BJYC62Y0E6AQK09K8","2026-01-20T23:24:33.272480143Z",7,"2026-01-20T23:24:35.587066716Z","D","2026-01-20T23:24:35.566826408Z","01KFEV384Y33BFECW27AH8GSGD","2026-01-20T23:24:33.272480143Z","01KFEVF34Y0A3VWJYX9367Q9EA","2026-01-20T23:24:33.272480143Z","01KFEVHAPCH18VPXAR0AA2NN3F","2026-01-20T23:24:33.272480143Z"
"01KFEVKSHBZ5J6Y5QBRH7DHNSV","01KFEV37CWX6SQYA0RPR0C01MW","2026-01-20T23:25:06.475937833Z",20,"2026-01-20T23:25:25.100017746Z","A","2026-01-20T23:25:25.077591698Z","01KFEV37DE991T271V0NJ5BY6K","2026-01-20T23:25:06.475937833Z","01KFEV7RE3Q2MQ5NN8AGQ7Y4PK","2026-01-20T23:25:06.475937833Z","01KFEVJEJYXA23FJWXTM65DZ1R","2026-01-20T23:25:06.475937833Z"
"01KFEVNNJ2SWV6QT2ZQ62F0QEZ","01KFEV37PBC6DGWCX0HT0QWYJR","2026-01-20T23:26:07.938392087Z",29,"2026-01-20T23:26:14.620452397Z","C","2026-01-20T23:26:14.602401993Z","01KFEV37PYV9HETXX2PSGE1RKD","2026-01-20T23:26:07.938392087Z","01KFEV8PSQBX7P1ARFP0SDDW57","2026-01-20T23:26:07.938392087Z","01KFEVKCMXV1V0WG8YMMXT3XTM","2026-01-20T23:26:07.938392087Z"
"01KFEWHJ80XZSFJXYYQ6JTVYF4","01KFEVMN9Q125N5N16W4WNYJXF","2026-01-20T23:41:22.048600919Z",20,"2026-01-20T23:41:23.231199427Z","B","2026-01-20T23:41:23.005591249Z","01KFEVMNAWK7WRWM1AMQZKX6SA","2026-01-20T23:41:22.048600919Z","01KFEW3YJBR4HT7BADWRSVJQV5","2026-01-20T23:41:22.048600919Z","01KFEWE8TRPV1GKJA0331CAER2","2026-01-20T23:41:22.048600919Z"
"01KFEWJFVN896WJJBTNW26TMX9","01KFEVMNF44NEM58ETFST7KTWM","2026-01-20T23:41:52.373487465Z",10,"2026-01-20T23:41:55.282594713Z","A","2026-01-20T23:41:55.236749048Z","01KFEVMNHFNDCGHX9QBBFN387E","2026-01-20T23:41:52.373487465Z","01KFEW78ZH0TY6JQ9J3GJMR3E3","2026-01-20T23:41:52.373487465Z","01KFEWEZXAJSB92MSCQSD9TW2R","2026-01-20T23:41:52.373487465Z"
"01KFEVFFPDMGV06RT6VZ9JXXY1","01KFEV2BZFDRZBG3Y0249RG1TW","2026-01-20T23:22:45.325536856Z",10,"2026-01-20T23:22:50.872908173Z","B","2026-01-20T23:22:50.857737362Z","01KFEV2C0CP35QE41ZMH45J8TZ","2026-01-20T23:22:45.325536856Z","01KFEV7TATT805MEJDGTCA5NFM","2026-01-20T23:22:45.325536856Z","01KFEVB8G4409FE3WHQBZQY7S4","2026-01-20T23:22:45.325536856Z"
"01KFEVJG2CV1JYWS9EGJRWEQEN","01KFEV37CWX6SQYA0RPR0C01MW","2026-01-20T23:24:24.012360896Z",0,"2026-01-20T23:24:31.270706533Z","C","2026-01-20T23:24:30.900898275Z","01KFEV37DE991T271V0BRDHRJW","2026-01-20T23:24:24.012360896Z","01KFEVBZC2S6960QVT8J14HPMN","2026-01-20T23:24:24.012360896Z","01KFEVGBC8432HRA3509G2MMDT","2026-01-20T23:24:24.012360896Z"
"01KFEVK1C6ZSGE0XSRSDC7WRP4","01KFEV377XDCWB0CVW0E7ES8WB","2026-01-20T23:24:41.734367524Z",10,"2026-01-20T23:24:45.62207959Z","B","2026-01-20T23:24:45.492953052Z","01KFEV378PDZP87HXSESW6BA01","2026-01-20T23:24:41.734367524Z","01KFEV6V20FH8Q8TGZN4SVCF5R","2026-01-20T23:24:41.734367524Z","01KFEVF1QWVSRQZSBVJ2N2MCKF","2026-01-20T23:24:41.734367524Z"
"01KFEW6PVRM6F5RB2BS455J351","01KFEV38GJVYY8P8B7QXSW6BTE","2026-01-20T23:35:26.328473019Z",19,"2026-01-20T23:35:32.335815178Z","C","2026-01-20T23:35:32.310119981Z","01KFEV38H48T18ZRM15RETR33C","2026-01-20T23:35:26.328473019Z","01KFEVYB6HS3VX2GA7D4G2GPMT","2026-01-20T23:35:26.328473019Z","01KFEW2K50274SV4EXHZVPC5W8","2026-01-20T23:35:26.328473019Z"
"01KFEVGGDBY7E4CJ2EDMS44P3J","01KFEV377XDCWB0CVW0E7ES8WB","2026-01-20T23:23:18.827120069Z",7,"2026-01-20T23:23:29.263001234Z","D","2026-01-20T23:23:21.997769181Z","01KFEV378H0PY96RNMJTMM0E4X","2026-01-20T23:23:18.827120069Z","01KFEV8K48Q5MVC88J4XCQXRFY","2026-01-20T23:23:18.827120069Z","01KFEVFBBVXX7KP33DJ657NRX6","2026-01-20T23:23:18.827120069Z"
"01KFEVJQ6QXB4XXG1PV83S32VX","01KFEV377XDCWB0CVW0E7ES8WB","2026-01-20T23:24:31.319324614Z",19,"2026-01-20T23:24:38.576121423Z","C","2026-01-20T23:24:38.550493325Z","01KFEV378PDZP87HXSESW6BA01","2026-01-20T23:24:31.319324614Z","01KFEV79YCQMQRJYZ004NV66QN","2026-01-20T23:24:31.319324614Z","01KFEVF1QBSXYJD0FP6FAXF31Z","2026-01-20T23:24:31.319324614Z"
"01KFEVNNJ5C99ADZF5TN5393V3","01KFEV37PBC6DGWCX0HT0QWYJR","2026-01-20T23:26:07.941820994Z",17,"2026-01-20T23:26:14.620452397Z","D","2026-01-20T23:26:11.539217704Z","01KFEV37PYV9HETXX2PSGE1RKD","2026-01-20T23:26:07.941820994Z","01KFEVDMPGK2KG6CGRXX80WQ5A","2026-01-20T23:26:07.941820994Z","01KFEVKCMXV1V0WG8YMMXT3XTM","2026-01-20T23:26:07.941820994Z"
"01KFEVXY7721X99WZ5H342146M","01KFEV37CWX6SQYA0RPR0C01MW","2026-01-20T23:30:38.951321657Z",29,"2026-01-20T23:30:47.434379448Z","C","2026-01-20T23:30:47.396744286Z","01KFEV37DAAK9E08F076WKMM6J","2026-01-20T23:30:38.951321657Z","01KFEVGWWQWT7BAZNJDAAA325H","2026-01-20T23:30:38.951321657Z","01KFEVRWT61HC9BSHHM7YRQS2Z","2026-01-20T23:30:38.951321657Z"
"01KFEW82H1AAMY9Y33PFJ1YTPA","01KFEV38GJVYY8P8B7QXSW6BTE","2026-01-20T23:36:11.041779796Z",0,"2026-01-20T23:36:12.146384378Z","D","2026-01-20T23:36:12.086627236Z","01KFEV38H48T18ZRM15RETR33C","2026-01-20T23:36:11.041779796Z","01KFEVVPVMNR90RS0DGAX989B7","2026-01-20T23:36:11.041779796Z","01KFEW2K5YK8ZH9TZ42EQVRP4J","2026-01-20T23:36:11.041779796Z"
"01KFEW8AGZ2A2DZD3K3X32Q004","01KFEV38A01XZ4DPRPFKRE96P8","2026-01-20T23:36:19.231696964Z",10,"2026-01-20T23:36:23.418922928Z","B","2026-01-20T23:36:21.594462335Z","01KFEV38AHTHHCNTDGHAJN0GXG","2026-01-20T23:36:19.231696964Z","01KFEVW9PV7SJ42VT7GTTE4SGT","2026-01-20T23:36:19.231696964Z","01KFEW29ZCSX5849CNJP2CPD23","2026-01-20T23:36:19.231696964Z"
"01KFEWJ8R32C5M3DDT8EEY9G2T","01KFEVMN9Q125N5N16W4WNYJXF","2026-01-20T23:41:45.091960211Z",20,"2026-01-20T23:41:45.873073005Z","B","2026-01-20T23:41:45.69301413Z","01KFEVMNAWK7WRWM1AMQZKX6SA","2026-01-20T23:41:45.091960211Z","01KFEW3YJBR4HT7BADWRSVJQV5","2026-01-20T23:41:45.091960211Z","01KFEWE8WG5JEY2NYGNN25MKRQ","2026-01-20T23:41:45.091960211Z"
"01KFEVHXWH9SB6BMYJYH0A3YPE","01KFEV37PBC6DGWCX0HT0QWYJR","2026-01-20T23:24:05.393131689Z",10,"2026-01-20T23:24:10.921094393Z","B","2026-01-20T23:24:10.037186349Z","01KFEV37PYV9HETXX2PC055NBT","2026-01-20T23:24:05.393131689Z","01KFEVBDY2YWN6DSFNFKRM8R9Z","2026-01-20T23:24:05.393131689Z","01KFEVH4832VJZB12Y0Z5J9ZVB","2026-01-20T23:24:05.393131689Z"
"01KFEVPQRNNPW6CN96HJNZ528K","01KFEV384BJYC62Y0E6AQK09K8","2026-01-20T23:26:42.965512105Z",0,"2026-01-20T23:26:44.878978678Z","A","2026-01-20T23:26:44.741718264Z","01KFEV384Y33BFECW27AH8GSGD","2026-01-20T23:26:42.965512105Z","01KFEVCQTYNZYE4TGA9WFYBM2V","2026-01-20T23:26:42.965512105Z","01KFEVHAQ1PGV31TD9W36P3MQD","2026-01-20T23:26:42.965512105Z"
"01KFEVR2HPTM6XAG0DJ7Y2F2FS","01KFEV37PBC6DGWCX0HT0QWYJR","2026-01-20T23:27:26.774519036Z",7,"2026-01-20T23:27:32.560099898Z","D","2026-01-20T23:27:32.536689486Z","01KFEV37PYV9HETXX2PSGE1RKD","2026-01-20T23:27:26.774519036Z","01KFEV8PSQBX7P1ARFP0SDDW57","2026-01-20T23:27:26.774519036Z","01KFEVKCMEF072A8GSMNZM7WH6","2026-01-20T23:27:26.774519036Z"
"01KFEVP20W9HWRNJ8GM0Y5ZQGN","01KFEV37CWX6SQYA0RPR0C01MW","2026-01-20T23:26:20.700910455Z",20,"2026-01-20T23:26:24.134580961Z","B","2026-01-20T23:26:24.117399398Z","01KFEV37DE991T271V0BRDHRJW","2026-01-20T23:26:20.700910455Z","01KFEV8CTFEWEE7C0ZM9KMYRSE","2026-01-20T23:26:20.700910455Z","01KFEVGBDHBKMP77667Y4F3PW3","2026-01-20T23:26:20.700910455Z"
"01KFEWESYY6SV9W1D28HB2AM18","01KFEV38GJVYY8P8B7QXSW6BTE","2026-01-20T23:39:51.646579636Z",0,"2026-01-20T23:39:54.849874104Z","C","2026-01-20T23:39:54.323945001Z","01KFEV38H8T2V9428VC9T7MEBA","2026-01-20T23:39:51.646579636Z","01KFEW5105FT4T963R9Z6AZ67Y","2026-01-20T23:39:51.646579636Z","01KFEWB95XX5RBFNFE0SQ6DS8R","2026-01-20T23:39:51.646579636Z"
"01KFEVW5KXRN5SVRA26Z42BADK","01KFEVMN9Q125N5N16W4WNYJXF","2026-01-20T23:29:40.989498766Z",17,"2026-01-20T23:29:43.135138817Z","D","2026-01-20T23:29:43.088268295Z","01KFEVMNB841AFDZFM4WSW4FTD","2026-01-20T23:29:40.989498766Z","01KFEVC3J7JCZ73BZAKH9RH61D","2026-01-20T23:29:40.989498766Z","01KFEVPNHPYT4D9Y89XXZCCCHS","2026-01-20T23:29:40.989498766Z"
"01KFEVWD84AB57HBM093YVFJ68","01KFEV38A01XZ4DPRPFKRE96P8","2026-01-20T23:29:48.804540454Z",0,"2026-01-20T23:29:53.124983692Z","C","2026-01-20T23:29:53.093659417Z","01KFEV38AJ2CFPYBQZ58NH0V5J","2026-01-20T23:29:48.804540454Z","01KFEVB815BQW2TQ29HHMDQ2FB","2026-01-20T23:29:48.804540454Z","01KFEVJWSHXHZWD0VRVR4R2P45","2026-01-20T23:29:48.804540454Z"
"01KFEWJCRMM1B37D6T5AMKHWDC","01KFEVMN9Q125N5N16W4WNYJXF","2026-01-20T23:41:49.20450574Z",20,"2026-01-20T23:41:49.939256611Z","A","2026-01-20T23:41:49.895294442Z","01KFEVMNAWK7WRWM1AMQZKX6SA","2026-01-20T23:41:49.20450574Z","01KFEW4NGJQK3SC6VDT657XA1V","2026-01-20T23:41:49.20450574Z","01KFEWE8SBE46A3537VBKT9R9F","2026-01-20T23:41:49.20450574Z"
"01KFEVG4VX1GE1Y1BTP7X74ZWV","01KFEV2BZFDRZBG3Y0249RG1TW","2026-01-20T23:23:07.005652345Z",0,"2026-01-20T23:23:12.166443468Z","B","2026-01-20T23:23:12.147840183Z","01KFEV2C0CP35QE41ZMH45J8TZ","2026-01-20T23:23:07.005652345Z","01KFEV4PQ8V0QGQVX4KK2FPFJR","2026-01-20T23:23:07.005652345Z","01KFEVB8G65XGTDB93SRCK5ATZ","2026-01-20T23:23:07.005652345Z"
"01KFEVJBJZ7BERN9Y9F55FD6WR","01KFEV377XDCWB0CVW0E7ES8WB","2026-01-20T23:24:19.423943391Z",17,"2026-01-20T23:24:31.785674475Z","D","2026-01-20T23:24:31.763500337Z","01KFEV378H0PY96RNMJTMM0E4X","2026-01-20T23:24:19.423943391Z","01KFEV8TC8AZEPV3G36SCZ12C3","2026-01-20T23:24:19.423943391Z","01KFEVFBC7KD30QSSEZXA6VZYZ","2026-01-20T23:24:19.423943391Z"
"01KFEVQN6WQJ4W8CDCK0EXNKGA","01KFEV37PBC6DGWCX0HT0QWYJR","2026-01-20T23:27:13.116511695Z",10,"2026-01-20T23:27:19.462911194Z","B","2026-01-20T23:27:19.44032933Z","01KFEV37PYV9HETXX2PSGE1RKD","2026-01-20T23:27:13.116511695Z","01KFEV8PSQBX7P1ARFP0SDDW57","2026-01-20T23:27:13.116511695Z","01KFEVKCNE0XAMRN0N7CFCEXZ2","2026-01-20T23:27:13.116511695Z"
"01KFEVW196BCTRDMA7AXRBJCRT","01KFEV38A01XZ4DPRPFKRE96P8","2026-01-20T23:29:36.550805565Z",10,"2026-01-20T23:29:39.174647097Z","A","2026-01-20T23:29:38.689156546Z","01KFEV38AJ2CFPYBQZ58NH0V5J","2026-01-20T23:29:36.550805565Z","01KFEVB815BQW2TQ29HHMDQ2FB","2026-01-20T23:29:36.550805565Z","01KFEVJWRJ3VMZ6TKNKERXD4E2","2026-01-20T23:29:36.550805565Z"
"01KFEVH5CPAYB392HE7GV0737R","01KFEV37PBC6DGWCX0HT0QWYJR","2026-01-20T23:23:40.31050841Z",29,"2026-01-20T23:23:49.189333634Z","C","2026-01-20T23:23:49.17803333Z","01KFEV37PYV9HETXX2PC055NBT","2026-01-20T23:23:40.31050841Z","01KFEVBDY2YWN6DSFNFKRM8R9Z","2026-01-20T23:23:40.31050841Z","01KFEVH47JSXWXPCKZJ9NW3ZAE","2026-01-20T23:23:40.31050841Z"
"01KFEVM41M9KA72S9G46PKRKJ8","01KFEV37PBC6DGWCX0HT0QWYJR","2026-01-20T23:25:17.236171964Z",19,"2026-01-20T23:25:21.303829937Z","C","2026-01-20T23:25:19.112261907Z","01KFEV37PYV9HETXX2PC055NBT","2026-01-20T23:25:17.236171964Z","01KFEV9QWYR4DNTS4QCCENEARJ","2026-01-20T23:25:17.236171964Z","01KFEVH486ZCFEH7MFXY01HJC3","2026-01-20T23:25:17.236171964Z"
"01KFEVM7WK0MDYFA589PVBBTV1","01KFEV377XDCWB0CVW0E7ES8WB","2026-01-20T23:25:21.17161048Z",20,"2026-01-20T23:25:26.383366986Z","B","2026-01-20T23:25:23.053995428Z","01KFEV378FNG971PBW7B2SPNC6","2026-01-20T23:25:21.17161048Z","01KFEV82H962BNCCRXPB524628","2026-01-20T23:25:21.17161048Z","01KFEVJNQN2G8FJAT7HW3SRZEK","2026-01-20T23:25:21.17161048Z"
"01KFEVABAF9JBH3EYETXRQ9G92","01KFEV2BZFDRZBG3Y0249RG1TW","2026-01-20T23:19:57.007984945Z",20,"2026-01-20T23:19:58.644157877Z","B","2026-01-20T23:19:58.633659543Z","01KFEV2C08ND9C9BYW8N2T146P","2026-01-20T23:19:57.007984945Z","01KFEV46YBCF5X09FCFJF4VDEY","2026-01-20T23:19:57.007984945Z","01KFEV9924VF50RWW28YZTJVST","2026-01-20T23:19:57.007984945Z"
"01KFEVBM1M3SW95RFBZT2WJZJ2","01KFEV2BZFDRZBG3Y0249RG1TW","2026-01-20T23:20:38.708656063Z",20,"2026-01-20T23:20:40.039786059Z","A","2026-01-20T23:20:40.030263706Z","01KFEV2C08ND9C9BYW8N2T146P","2026-01-20T23:20:38.708656063Z","01KFEV4APCG117QZ1ZVXNKCJFC","2026-01-20T23:20:38.708656063Z","01KFEV992NF1BFY2J085XZ7GRZ","2026-01-20T23:20:38.708656063Z"
"01KFEVKE0VAVVZ9342K0317EFM","01KFEV37PBC6DGWCX0HT0QWYJR","2026-01-20T23:24:54.68389474Z",10,"2026-01-20T23:25:09.447134125Z","B","2026-01-20T23:25:09.313314717Z","01KFEV37PYV9HETXX2PSGE1RKD","2026-01-20T23:24:54.68389474Z","01KFEVDMPGK2KG6CGRXX80WQ5A","2026-01-20T23:24:54.68389474Z","01KFEVKCM3HZV4EBCX9XQX5ZQ4","2026-01-20T23:24:54.68389474Z"
"01KFEW7X3CA19YYF2YAQ93RCH2","01KFEVMN9Q125N5N16W4WNYJXF","2026-01-20T23:36:05.484058521Z",17,"2026-01-20T23:36:07.213001783Z","D","2026-01-20T23:36:07.174294442Z","01KFEVMNBC23RB4D79KEQ4G0VS","2026-01-20T23:36:05.484058521Z","01KFEVXFAQE8X4YEWXW17GBY46","2026-01-20T23:36:05.484058521Z","01KFEW3VNM3T348MBV77A05Z67","2026-01-20T23:36:05.484058521Z"
"01KFEWHHV018PPCRFZNMGC5WG4","01KFEVMNF44NEM58ETFST7KTWM","2026-01-20T23:41:21.632232389Z",0,"2026-01-20T23:41:25.668498444Z","C","2026-01-20T23:41:24.323097204Z","01KFEVMNHFNDCGHX9QBBFN387E","2026-01-20T23:41:21.632232389Z","01KFEW6A5E0ZVTNJ585Y831423","2026-01-20T23:41:21.632232389Z","01KFEWEZWCJ6XC69DY4G0F5CGG","2026-01-20T23:41:21.632232389Z"
"01KFEVM8T98D38G3VRZ3ADNQEC","01KFEV37CWX6SQYA0RPR0C01MW","2026-01-20T23:25:22.121167628Z",10,"2026-01-20T23:25:29.981505098Z","A","2026-01-20T23:25:25.672441077Z","01KFEV37DE991T271V0BRDHRJW","2026-01-20T23:25:22.121167628Z","01KFEVBZC2S6960QVT8J14HPMN","2026-01-20T23:25:22.121167628Z","01KFEVGBCW7TNTPNJ175RV28X4","2026-01-20T23:25:22.121167628Z"
"01KFEVP55MAEWQ7826XB7SPSTD","01KFEV384BJYC62Y0E6AQK09K8","2026-01-20T23:26:23.924120653Z",19,"2026-01-20T23:26:28.90326148Z","C","2026-01-20T23:26:28.877735099Z","01KFEV384Y33BFECW27AH8GSGD","2026-01-20T23:26:23.924120653Z","01KFEVCQTYNZYE4TGA9WFYBM2V","2026-01-20T23:26:23.924120653Z","01KFEVHAPS4X009VG0R6NVCP4C","2026-01-20T23:26:23.924120653Z"
"01KFEWEC37VVWJ9484XR8TKX9Z","01KFEVMN9Q125N5N16W4WNYJXF","2026-01-20T23:39:37.448010829Z",0,"2026-01-20T23:40:13.378286002Z","B","2026-01-20T23:39:49.73999961Z","01KFEVMNAWK7WRWM1AMQZKX6SA","2026-01-20T23:39:37.448010829Z","01KFEW4NGJQK3SC6VDT657XA1V","2026-01-20T23:39:37.448010829Z","01KFEWE8RX9DT254543TPC4B40","2026-01-20T23:39:37.448010829Z"
"01KFEWKQMH4T1EG66CD4V6S8F3","01KFEVMNF44NEM58ETFST7KTWM","2026-01-20T23:42:33.105976306Z",29,"2026-01-20T23:42:38.914465015Z","C","2026-01-20T23:42:38.719988745Z","01KFEVMNHFNDCGHX9QBBFN387E","2026-01-20T23:42:33.105976306Z","01KFEW6A5E0ZVTNJ585Y831423","2026-01-20T23:42:33.105976306Z","01KFEWEZZ027F3GXZBY5D0NC1V","2026-01-20T23:42:33.105976306Z"
"01KFEVK221E9PRAWPAD34XP4MX","01KFEV37CWX6SQYA0RPR0C01MW","2026-01-20T23:24:42.433069944Z",10,"2026-01-20T23:24:45.939655419Z","A","2026-01-20T23:24:45.457048218Z","01KFEV37DE991T271V0BRDHRJW","2026-01-20T23:24:42.433069944Z","01KFEVBZC2S6960QVT8J14HPMN","2026-01-20T23:24:42.433069944Z","01KFEVGBCR1VRA302JV9XDWJYD","2026-01-20T23:24:42.433069944Z"
"01KFEVRBQBXTARTJF7GCMBBFXJ","01KFEV37CWX6SQYA0RPR0C01MW","2026-01-20T23:27:36.171398983Z",0,"2026-01-20T23:27:40.74217608Z","D","2026-01-20T23:27:40.714551341Z","01KFEV37DE991T271V0NJ5BY6K","2026-01-20T23:27:36.171398983Z","01KFEV7RE3Q2MQ5NN8AGQ7Y4PK","2026-01-20T23:27:36.171398983Z","01KFEVJEKDM335WE8XZ2Y7WT1T","2026-01-20T23:27:36.171398983Z"
"01KFEVW6WNEE6CG96NZRBEDZ5F","01KFEV38A01XZ4DPRPFKRE96P8","2026-01-20T23:29:42.293213826Z",10,"2026-01-20T23:29:46.416176302Z","B","2026-01-20T23:29:46.385721235Z","01KFEV38AJ2CFPYBQZ58NH0V5J","2026-01-20T23:29:42.293213826Z","01KFEVB815BQW2TQ29HHMDQ2FB","2026-01-20T23:29:42.293213826Z","01KFEVJWSE5ANWJ9JRWVS6CTSK","2026-01-20T23:29:42.293213826Z"
"01KFEW6VS8C71GKR03T75AH2PC","01KFEV38A01XZ4DPRPFKRE96P8","2026-01-20T23:35:31.368827607Z",0,"2026-01-20T23:35:33.919364716Z","C","2026-01-20T23:35:33.630426136Z","01KFEV38AHTHHCNTDGHAJN0GXG","2026-01-20T23:35:31.368827607Z","01KFEVW5WA494MRXETJ2N5XX03","2026-01-20T23:35:31.368827607Z","01KFEW29YK600XP5H2XZZBAHW4","2026-01-20T23:35:31.368827607Z"
"01KFEWFBRQEE6FJ81A3PCNRZWK","01KFEV38A01XZ4DPRPFKRE96P8","2026-01-20T23:40:09.879635732Z",0,"2026-01-20T23:40:15.435259753Z","C","2026-01-20T23:40:13.349459881Z","01KFEV38AJ2CFPYBQZ5JKK7PV4","2026-01-20T23:40:09.879635732Z","01KFEW2CHJQZ9TDCN78BA2VKEM","2026-01-20T23:40:09.879635732Z","01KFEW9RQQNHQYFYBFG4W4KFW3","2026-01-20T23:40:09.879635732Z"
"01KFEVJQ6VEBQ58V59QJ23BEGB","01KFEV377XDCWB0CVW0E7ES8WB","2026-01-20T23:24:31.323501121Z",10,"2026-01-20T23:24:38.576121423Z","B","2026-01-20T23:24:33.723300213Z","01KFEV378PDZP87HXSESW6BA01","2026-01-20T23:24:31.323501121Z","01KFEV6V20FH8Q8TGZN4SVCF5R","2026-01-20T23:24:31.323501121Z","01KFEVF1QBSXYJD0FP6FAXF31Z","2026-01-20T23:24:31.323501121Z"
"01KFEVNJX4H6RHFGW3Z1KMW837","01KFEV38A01XZ4DPRPFKRE96P8","2026-01-20T23:26:05.220440418Z",10,"2026-01-20T23:26:27.638306326Z","A","2026-01-20T23:26:12.546806239Z","01KFEV38AJ2CFPYBQZ58NH0V5J","2026-01-20T23:26:05.220440418Z","01KFEVB815BQW2TQ29HHMDQ2FB","2026-01-20T23:26:05.220440418Z","01KFEVJWRBMK18VGXT9RA26R1D","2026-01-20T23:26:05.220440418Z"
"01KFEW2NFM393QTN5Z0K5MCF6J","01KFEV38GJVYY8P8B7QXSW6BTE","2026-01-20T23:33:13.844241279Z",0,"2026-01-20T23:33:30.229577383Z","B","2026-01-20T23:33:30.12502986Z","01KFEV38H48T18ZRM15RETR33C","2026-01-20T23:33:13.844241279Z","01KFEVYB6HS3VX2GA7D4G2GPMT","2026-01-20T23:33:13.844241279Z","01KFEW2K3QVBFN32HV5ZCAC42T","2026-01-20T23:33:13.844241279Z"
"01KFEW7TZ483H9SXFC2MTE3BA9","01KFEV38GJVYY8P8B7QXSW6BTE","2026-01-20T23:36:03.300366863Z",0,"2026-01-20T23:36:06.079869835Z","C","2026-01-20T23:36:06.052220632Z","01KFEV38H48T18ZRM15RETR33C","2026-01-20T23:36:03.300366863Z","01KFEVYB6HS3VX2GA7D4G2GPMT","2026-01-20T23:36:03.300366863Z","01KFEW2K6EXRH56RSZWHGJ4HT4","2026-01-20T23:36:03.300366863Z"
"01KFEVEBAKWRXD4SMP6D2221X5","01KFEV2BZFDRZBG3Y0249RG1TW","2026-01-20T23:22:08.08315236Z",0,"2026-01-20T23:22:19.458462848Z","C","2026-01-20T23:22:19.444433743Z","01KFEV2C0CP35QE41ZMH45J8TZ","2026-01-20T23:22:08.08315236Z","01KFEV7TATT805MEJDGTCA5NFM","2026-01-20T23:22:08.08315236Z","01KFEVB8FXXCDX812QY32514FB","2026-01-20T23:22:08.08315236Z"
"01KFEVKN76CQ9A355XE1XNKPEM","01KFEV384BJYC62Y0E6AQK09K8","2026-01-20T23:25:02.054887864Z",10,"2026-01-20T23:25:05.643799646Z","A","2026-01-20T23:25:05.555696723Z","01KFEV384Y33BFECW27AH8GSGD","2026-01-20T23:25:02.054887864Z","01KFEVF34Y0A3VWJYX9367Q9EA","2026-01-20T23:25:02.054887864Z","01KFEVHAPDQ8SED7WGPAM28VFT","2026-01-20T23:25:02.054887864Z"
"01KFEW8QBY6MP38W9ZNSGZ9TQG","01KFEV38A01XZ4DPRPFKRE96P8","2026-01-20T23:36:32.382359153Z",29,"2026-01-20T23:36:35.209098933Z","C","2026-01-20T23:36:34.052047208Z","01KFEV38AHTHHCNTDGHAJN0GXG","2026-01-20T23:36:32.382359153Z","01KFEVW9PV7SJ42VT7GTTE4SGT","2026-01-20T23:36:32.382359153Z","01KFEW2A07M1KE0DCW06NBRFTM","2026-01-20T23:36:32.382359153Z"
"01KFEVYNYE6BXZ3F1AQA9QJDPF","01KFEV37CWX6SQYA0RPR0C01MW","2026-01-20T23:31:03.246661008Z",10,"2026-01-20T23:31:06.787870384Z","B","2026-01-20T23:31:06.752354497Z","01KFEV37DAAK9E08F076WKMM6J","2026-01-20T23:31:03.246661008Z","01KFEVH10BYAXDVW828R4A2D8P","2026-01-20T23:31:03.246661008Z","01KFEVRWTKHVAA5GAM8CPTYHJ5","2026-01-20T23:31:03.246661008Z"
"01KFEW7M27RWYF8W0MHWAZ9HME","01KFEVMN9Q125N5N16W4WNYJXF","2026-01-20T23:35:56.231757559Z",17,"2026-01-20T23:35:57.723523028Z","D","2026-01-20T23:35:57.44119582Z","01KFEVMNBC23RB4D79KEQ4G0VS","2026-01-20T23:35:56.231757559Z","01KFEVXFAQE8X4YEWXW17GBY46","2026-01-20T23:35:56.231757559Z","01KFEW3VN02RCSZ9DCBE78BGPQ","2026-01-20T23:35:56.231757559Z"
"01KFEVJQ0PFBN6N6PSK4RC4TVP","01KFEV377XDCWB0CVW0E7ES8WB","2026-01-20T23:24:31.126762703Z",20,"2026-01-20T23:24:38.960741645Z","A","2026-01-20T23:24:38.879947699Z","01KFEV378FNG971PBW7B2SPNC6","2026-01-20T23:24:31.126762703Z","01KFEVCRBGBMN5MZZVZA8FPX1Z","2026-01-20T23:24:31.126762703Z","01KFEVJNQJE7J4E2J63H5S7H5Q","2026-01-20T23:24:31.126762703Z"
"01KFEVM4WD6NR76S1YBSKRDHQ1","01KFEV384BJYC62Y0E6AQK09K8","2026-01-20T23:25:18.093994606Z",17,"2026-01-20T23:25:22.301464995Z","D","2026-01-20T23:25:22.280510906Z","01KFEV384Y33BFECW27AH8GSGD","2026-01-20T23:25:18.093994606Z","01KFEVCQTYNZYE4TGA9WFYBM2V","2026-01-20T23:25:18.093994606Z","01KFEVHAPNHDSTG2VZVHXASK93","2026-01-20T23:25:18.093994606Z"
"01KFEW4Z0NB7YZVJCNGZRJ0VKR","01KFEV38A01XZ4DPRPFKRE96P8","2026-01-20T23:34:29.141792486Z",0,"2026-01-20T23:34:32.382716063Z","C","2026-01-20T23:34:32.342904796Z","01KFEV38AHTHHCNTDGHAJN0GXG","2026-01-20T23:34:29.141792486Z","01KFEVW9PV7SJ42VT7GTTE4SGT","2026-01-20T23:34:29.141792486Z","01KFEW29XZMZF1P4K1A2ZTGRQ6","2026-01-20T23:34:29.141792486Z"
"01KFEVW6WV56ETREQSW9H41ZSD","01KFEV38A01XZ4DPRPFKRE96P8","2026-01-20T23:29:42.299308752Z",19,"2026-01-20T23:29:46.416176302Z","C","2026-01-20T23:29:44.95251508Z","01KFEV38AJ2CFPYBQZ58NH0V5J","2026-01-20T23:29:42.299308752Z","01KFEVE55BQ40NXX8QW3R5RX0T","2026-01-20T23:29:42.299308752Z","01KFEVJWSE5ANWJ9JRWVS6CTSK","2026-01-20T23:29:42.299308752Z"
"01KFEV9WPMHHY3VAH082003G4S","01KFEV2BZFDRZBG3Y0249RG1TW","2026-01-20T23:19:42.036503176Z",20,"2026-01-20T23:19:44.108997094Z","B","2026-01-20T23:19:43.345823937Z","01KFEV2C08ND9C9BYW8N2T146P","2026-01-20T23:19:42.036503176Z","01KFEV46YBCF5X09FCFJF4VDEY","2026-01-20T23:19:42.036503176Z","01KFEV9923DJ5VCDJPCWV8F272","2026-01-20T23:19:42.036503176Z"
"01KFEVJ9B7K1FR8A7BBM672XB4","01KFEV377XDCWB0CVW0E7ES8WB","2026-01-20T23:24:17.127789869Z",0,"2026-01-20T23:24:19.099636117Z","C","2026-01-20T23:24:17.98244991Z","01KFEV378H0PY96RNMJFNCN7TE","2026-01-20T23:24:17.127789869Z","01KFEV86DXXGMH25YQ8QC6JEB7","2026-01-20T23:24:17.127789869Z","01KFEVEHGT727FBD9HJ47T8RQS","2026-01-20T23:24:17.127789869Z"
"01KFEVJ9F33953C8RCRPHTVT06","01KFEV37PBC6DGWCX0HT0QWYJR","2026-01-20T23:24:17.251197228Z",10,"2026-01-20T23:24:59.763393212Z","A","2026-01-20T23:24:59.740564471Z","01KFEV37PYV9HETXX2PC055NBT","2026-01-20T23:24:17.251197228Z","01KFEV9QWYR4DNTS4QCCENEARJ","2026-01-20T23:24:17.251197228Z","01KFEVH47ZBAPR4G4APH55JXTA","2026-01-20T23:24:17.251197228Z"
"01KFEVRZ8TVBR6QK4SJGX2YPZT","01KFEVMN9Q125N5N16W4WNYJXF","2026-01-20T23:27:56.18688598Z",19,"2026-01-20T23:28:04.697805243Z","C","2026-01-20T23:28:00.646951174Z","01KFEVMNB841AFDZFM4WSW4FTD","2026-01-20T23:27:56.18688598Z","01KFEVB2WK99SDZDFQAW6KYB9M","2026-01-20T23:27:56.18688598Z","01KFEVPNFPGQ4NA785Q8C05C2N","2026-01-20T23:27:56.18688598Z"
"01KFEVV3X5HHPEZCP406Y42XGF","01KFEVMN9Q125N5N16W4WNYJXF","2026-01-20T23:29:06.469625252Z",17,"2026-01-20T23:29:11.64360162Z","D","2026-01-20T23:29:11.58087015Z","01KFEVMNB841AFDZFM4WSW4FTD","2026-01-20T23:29:06.469625252Z","01KFEVC3J7JCZ73BZAKH9RH61D","2026-01-20T23:29:06.469625252Z","01KFEVPNH13GY2X6WR8TVJ5EYS","2026-01-20T23:29:06.469625252Z"
"01KFEVW5M2RA8M1YGREWMHW5XG","01KFEVMN9Q125N5N16W4WNYJXF","2026-01-20T23:29:40.9943954Z",29,"2026-01-20T23:29:43.135138817Z","C","2026-01-20T23:29:42.954688595Z","01KFEVMNB841AFDZFM4WSW4FTD","2026-01-20T23:29:40.9943954Z","01KFEVB2WK99SDZDFQAW6KYB9M","2026-01-20T23:29:40.9943954Z","01KFEVPNHPYT4D9Y89XXZCCCHS","2026-01-20T23:29:40.9943954Z"
"01KFEW46N445KN2BA4SVWCXHEW","01KFEV384BJYC62Y0E6AQK09K8","2026-01-20T23:34:04.196563413Z",19,"2026-01-20T23:34:06.451460972Z","C","2026-01-20T23:34:06.421344036Z","01KFEV385166A8JYCZ9G4DMHRQ","2026-01-20T23:34:04.196563413Z","01KFEVY502SJ2FK1Q7WFM0PHB4","2026-01-20T23:34:04.196563413Z","01KFEW1AJFE0V8F0RV3DYC5PKP","2026-01-20T23:34:04.196563413Z"
"01KFEVBQ3QN2PFS7Z7SWJRZGPD","01KFEV2BZFDRZBG3Y0249RG1TW","2026-01-20T23:20:41.847302998Z",20,"2026-01-20T23:20:43.142158384Z","A","2026-01-20T23:20:43.128831452Z","01KFEV2C08ND9C9BYW8N2T146P","2026-01-20T23:20:41.847302998Z","01KFEV4APCG117QZ1ZVXNKCJFC","2026-01-20T23:20:41.847302998Z","01KFEV992NF1BFY2J08HK8D9F8","2026-01-20T23:20:41.847302998Z"
"01KFEVKJ1J4HMCXM88EHXBVGBB","01KFEV377XDCWB0CVW0E7ES8WB","2026-01-20T23:24:58.802845183Z",20,"2026-01-20T23:25:05.06538825Z","B","2026-01-20T23:25:00.434225898Z","01KFEV378FNG971PBW7B2SPNC6","2026-01-20T23:24:58.802845183Z","01KFEV82H962BNCCRXPB524628","2026-01-20T23:24:58.802845183Z","01KFEVJNQYDHT7QNFWKKE14CQS","2026-01-20T23:24:58.802845183Z"
"01KFEVN14TVPRZANNGZ94GWHKF","01KFEV377XDCWB0CVW0E7ES8WB","2026-01-20T23:25:47.034462969Z",20,"2026-01-20T23:25:49.715548625Z","B","2026-01-20T23:25:49.665521533Z","01KFEV378FNG971PBW7B2SPNC6","2026-01-20T23:25:47.034462969Z","01KFEV82H962BNCCRXPB524628","2026-01-20T23:25:47.034462969Z","01KFEVJNRQBQFNH0BYKPE46VCR","2026-01-20T23:25:47.034462969Z"
"01KFEVT8862CG4K1TVQWAKK3NS","01KFEV38A01XZ4DPRPFKRE96P8","2026-01-20T23:28:38.150595873Z",10,"2026-01-20T23:28:42.626538924Z","B","2026-01-20T23:28:42.594755317Z","01KFEV38AJ2CFPYBQZ58NH0V5J","2026-01-20T23:28:38.150595873Z","01KFEVB815BQW2TQ29HHMDQ2FB","2026-01-20T23:28:38.150595873Z","01KFEVJWS2MQKSD6RZJH2QJJMQ","2026-01-20T23:28:38.150595873Z"
"01KFEWFKY94DX7HHTZT3EMSAX2","01KFEV38A01XZ4DPRPFKRE96P8","2026-01-20T23:40:18.249127138Z",0,"2026-01-20T23:40:20.497358785Z","C","2026-01-20T23:40:20.449427399Z","01KFEV38AJ2CFPYBQZ5JKK7PV4","2026-01-20T23:40:18.249127138Z","01KFEW2CHJQZ9TDCN78BA2VKEM","2026-01-20T23:40:18.249127138Z","01KFEW9RQDSYXSNPWSEQ27EKZR","2026-01-20T23:40:18.249127138Z"
"01KFEWHNB2KPW4MPCYC4GZ80KG","01KFEVMN9Q125N5N16W4WNYJXF","2026-01-20T23:41:25.21882336Z",20,"2026-01-20T23:41:26.233566823Z","B","2026-01-20T23:41:26.198230042Z","01KFEVMNAWK7WRWM1AMQZKX6SA","2026-01-20T23:41:25.21882336Z","01KFEW3YJBR4HT7BADWRSVJQV5","2026-01-20T23:41:25.21882336Z","01KFEWE8V42B6QNHZQ0TH5CPD7","2026-01-20T23:41:25.21882336Z"
"01KFEVEJNM01THBRA0RD3BRVWS","01KFEV377XDCWB0CVW0E7ES8WB","2026-01-20T23:22:15.604819879Z",19,"2026-01-20T23:22:42.68070791Z","C","2026-01-20T23:22:23.44635337Z","01KFEV378H0PY96RNMJFNCN7TE","2026-01-20T23:22:15.604819879Z","01KFEVA045MDV6WERMTEQ3VAYR","2026-01-20T23:22:15.604819879Z","01KFEVEHG7RRFZHJA7KNPE4YW3","2026-01-20T23:22:15.604819879Z"
"01KFEVNFD9ZKKAQ34007VSFWH0","01KFEV37CWX6SQYA0RPR0C01MW","2026-01-20T23:26:01.641948659Z",19,"2026-01-20T23:26:04.814370383Z","C","2026-01-20T23:26:04.7883672Z","01KFEV37DE991T271V0BRDHRJW","2026-01-20T23:26:01.641948659Z","01KFEV8CTFEWEE7C0ZM9KMYRSE","2026-01-20T23:26:01.641948659Z","01KFEVGBDCBHSEAWFBWHYTDW7K","2026-01-20T23:26:01.641948659Z"
"01KFEVTGGCSXDX8TRN9ANMAG1D","01KFEVMN9Q125N5N16W4WNYJXF","2026-01-20T23:28:46.604856127Z",29,"2026-01-20T23:28:52.465845233Z","C","2026-01-20T23:28:49.172153895Z","01KFEVMNB841AFDZFM4WSW4FTD","2026-01-20T23:28:46.604856127Z","01KFEVB2WK99SDZDFQAW6KYB9M","2026-01-20T23:28:46.604856127Z","01KFEVPNGNVYTTDG6P5ZY7AQK5","2026-01-20T23:28:46.604856127Z"
"01KFEVTPYE5XKNFFEYFDM5K8JS","01KFEV37CWX6SQYA0RPR0C01MW","2026-01-20T23:28:53.198514199Z",10,"2026-01-20T23:28:56.833719054Z","A","2026-01-20T23:28:55.105479131Z","01KFEV37DE991T271V0NJ5BY6K","2026-01-20T23:28:53.198514199Z","01KFEV7RE3Q2MQ5NN8AGQ7Y4PK","2026-01-20T23:28:53.198514199Z","01KFEVJEKRTPZ9GBG5E2CFW5VH","2026-01-20T23:28:53.198514199Z"
"01KFEVFCEYB1X5BN2NN51ES9DM","01KFEV377XDCWB0CVW0E7ES8WB","2026-01-20T23:22:42.0148118Z",19,"2026-01-20T23:22:48.749849706Z","C","2026-01-20T23:22:45.827409194Z","01KFEV378H0PY96RNMJTMM0E4X","2026-01-20T23:22:42.0148118Z","01KFEV8K48Q5MVC88J4XCQXRFY","2026-01-20T23:22:42.0148118Z","01KFEVFBBRK2GJ0MGS3FRA88XS","2026-01-20T23:22:42.0148118Z"
"01KFEVGPRBCHNK2VHQE3917K7J","01KFEV2BZFDRZBG3Y0249RG1TW","2026-01-20T23:23:25.323206509Z",0,"2026-01-20T23:23:30.521424659Z","C","2026-01-20T23:23:29.708894683Z","01KFEV2C0CP35QE41ZMH45J8TZ","2026-01-20T23:23:25.323206509Z","01KFEV4PQ8V0QGQVX4KK2FPFJR","2026-01-20T23:23:25.323206509Z","01KFEVB8G8DNW1YDKX93Z4PCN5","2026-01-20T23:23:25.323206509Z"
"01KFEVJQ0SV8BE2JDJSVJKN5WV","01KFEV377XDCWB0CVW0E7ES8WB","2026-01-20T23:24:31.129685285Z",20,"2026-01-20T23:24:38.960741645Z","B","2026-01-20T23:24:37.212299464Z","01KFEV378FNG971PBW7B2SPNC6","2026-01-20T23:24:31.129685285Z","01KFEV82H962BNCCRXPB524628","2026-01-20T23:24:31.129685285Z","01KFEVJNQJE7J4E2J63H5S7H5Q","2026-01-20T23:24:31.129685285Z"
"01KFEVM1SSRWGXTDRYAD90S8WG","01KFEV377XDCWB0CVW0E7ES8WB","2026-01-20T23:25:14.937917276Z",29,"2026-01-20T23:25:16.080131727Z","C","2026-01-20T23:25:16.060587399Z","01KFEV378H0PY96RNMJFNCN7TE","2026-01-20T23:25:14.937917276Z","01KFEV86DXXGMH25YQ8QC6JEB7","2026-01-20T23:25:14.937917276Z","01KFEVEHGNZ7VVTDD9TTSV20M2","2026-01-20T23:25:14.937917276Z"
"01KFEW39TR92HR9BNX7AY2N398","01KFEV384BJYC62Y0E6AQK09K8","2026-01-20T23:33:34.680079768Z",20,"2026-01-20T23:33:36.837997334Z","B","2026-01-20T23:33:36.016256125Z","01KFEV385166A8JYCZ9G4DMHRQ","2026-01-20T23:33:34.680079768Z","01KFEVWH8M80FFRA88HYSK2ZSQ","2026-01-20T23:33:34.680079768Z","01KFEW1AKQX1Q335E33JXH77RT","2026-01-20T23:33:34.680079768Z"
"01KFEWG5HQYKNFMMGD3GFZ514K","01KFEVMN9Q125N5N16W4WNYJXF","2026-01-20T23:40:36.279828625Z",0,"2026-01-20T23:40:49.323835363Z","B","2026-01-20T23:40:48.597913795Z","01KFEVMNAWK7WRWM1AMQZKX6SA","2026-01-20T23:40:36.279828625Z","01KFEW3YJBR4HT7BADWRSVJQV5","2026-01-20T23:40:36.279828625Z","01KFEWE8T23BZMWKHQ571WBSHF","2026-01-20T23:40:36.279828625Z"
"01KFEVJF93VN9EM66XJY6MF3R9","01KFEV37CWX6SQYA0RPR0C01MW","2026-01-20T23:24:23.203684294Z",19,"2026-01-20T23:24:43.001989951Z","C","2026-01-20T23:24:40.216735991Z","01KFEV37DE991T271V0NJ5BY6K","2026-01-20T23:24:23.203684294Z","01KFEV7RE3Q2MQ5NN8AGQ7Y4PK","2026-01-20T23:24:23.203684294Z","01KFEVJEK28P9JKPHKVPX8VP2T","2026-01-20T23:24:23.203684294Z"
"01KFEVNAT5FNV00G1SNYF10E3Q","01KFEV37PBC6DGWCX0HT0QWYJR","2026-01-20T23:25:56.933484018Z",17,"2026-01-20T23:26:00.679896612Z","D","2026-01-20T23:26:00.662078565Z","01KFEV37PYV9HETXX2PC055NBT","2026-01-20T23:25:56.933484018Z","01KFEVBDY2YWN6DSFNFKRM8R9Z","2026-01-20T23:25:56.933484018Z","01KFEVH47TY8YTKZSSJDE27NRX","2026-01-20T23:25:56.933484018Z"
"01KFEW2CFYAK9428NBG0XS7722","01KFEV38A01XZ4DPRPFKRE96P8","2026-01-20T23:33:04.638722387Z",0,"2026-01-20T23:33:14.903000536Z","C","2026-01-20T23:33:14.868940091Z","01KFEV38AHTHHCNTDGHAJN0GXG","2026-01-20T23:33:04.638722387Z","01KFEVW9PV7SJ42VT7GTTE4SGT","2026-01-20T23:33:04.638722387Z","01KFEW29X8W4JBYX6E342HRPZQ","2026-01-20T23:33:04.638722387Z"
"01KFEW2VZ0DSKNB95EEBPZ4JN5","01KFEV384BJYC62Y0E6AQK09K8","2026-01-20T23:33:20.480999327Z",0,"2026-01-20T23:33:21.85063391Z","B","2026-01-20T23:33:21.775590679Z","01KFEV385166A8JYCZ9G4DMHRQ","2026-01-20T23:33:20.480999327Z","01KFEVWH8M80FFRA88HYSK2ZSQ","2026-01-20T23:33:20.480999327Z","01KFEW1AHB2FYXGT0X5PGAP03X","2026-01-20T23:33:20.480999327Z"
"01KFEVNMZ6QQERJX4PD1HX1VAV","01KFEV37CWX6SQYA0RPR0C01MW","2026-01-20T23:26:07.334956318Z",17,"2026-01-20T23:26:44.022544229Z","D","2026-01-20T23:26:43.993174329Z","01KFEV37DE991T271V0NJ5BY6K","2026-01-20T23:26:07.334956318Z","01KFEV7RE3Q2MQ5NN8AGQ7Y4PK","2026-01-20T23:26:07.334956318Z","01KFEVJEK4F89CSCY0X9C1AJQJ","2026-01-20T23:26:07.334956318Z"
"01KFEVS5A9XD7HFEQN9N4NAQFC","01KFEV37CWX6SQYA0RPR0C01MW","2026-01-20T23:28:02.377193847Z",20,"2026-01-20T23:28:04.897666115Z","B","2026-01-20T23:28:04.078752432Z","01KFEV37DE991T271V0NJ5BY6K","2026-01-20T23:28:02.377193847Z","01KFEVD9ZATE7H5N364WWPAV31","2026-01-20T23:28:02.377193847Z","01KFEVJEKNZ510AYKA5A7669HW","2026-01-20T23:28:02.377193847Z"
"01KFEW2CG3MKGQ097CYXQWZKH1","01KFEV38A01XZ4DPRPFKRE96P8","2026-01-20T23:33:04.643851005Z",0,"2026-01-20T23:33:14.903000536Z","C","2026-01-20T23:33:13.483494247Z","01KFEV38AHTHHCNTDGHAJN0GXG","2026-01-20T23:33:04.643851005Z","01KFEVW5WA494MRXETJ2N5XX03","2026-01-20T23:33:04.643851005Z","01KFEW29X8W4JBYX6E342HRPZQ","2026-01-20T23:33:04.643851005Z"
"01KFEWBXFDGY3ENXVQQN3B0664","01KFEV38A01XZ4DPRPFKRE96P8","2026-01-20T23:38:16.941481421Z",19,"2026-01-20T23:38:26.69646432Z","C","2026-01-20T23:38:20.277545324Z","01KFEV38AJ2CFPYBQZ5JKK7PV4","2026-01-20T23:38:16.941481421Z","01KFEW2CHJQZ9TDCN78BA2VKEM","2026-01-20T23:38:16.941481421Z","01KFEW9RSFEJJVTBV3T46PNXTC","2026-01-20T23:38:16.941481421Z"
"01KFEVA0ZWNK70M6V8AM0KGMT1","01KFEV2BZFDRZBG3Y0249RG1TW","2026-01-20T23:19:46.428161582Z",19,"2026-01-20T23:19:52.631597639Z","C","2026-01-20T23:19:52.619107176Z","01KFEV2C08ND9C9BYW8N2T146P","2026-01-20T23:19:46.428161582Z","01KFEV46YBCF5X09FCFJF4VDEY","2026-01-20T23:19:46.428161582Z","01KFEV9922CCX65P8NS08ZA7AP","2026-01-20T23:19:46.428161582Z"
"01KFEVE1M45ZQXAWN6CDAS6CZY","01KFEV2BZFDRZBG3Y0249RG1TW","2026-01-20T23:21:58.148133741Z",19,"2026-01-20T23:22:04.170306973Z","C","2026-01-20T23:22:04.149343223Z","01KFEV2C0CP35QE41ZMH45J8TZ","2026-01-20T23:21:58.148133741Z","01KFEV4PQ8V0QGQVX4KK2FPFJR","2026-01-20T23:21:58.148133741Z","01KFEVB8FTFFBQ8J4AEF64MQVW","2026-01-20T23:21:58.148133741Z"
"01KFEVKSHF5QCZN6BXY4GFQXXR","01KFEV37CWX6SQYA0RPR0C01MW","2026-01-20T23:25:06.479048715Z",20,"2026-01-20T23:25:25.100017746Z","B","2026-01-20T23:25:15.060077521Z","01KFEV37DE991T271V0NJ5BY6K","2026-01-20T23:25:06.479048715Z","01KFEVD9ZATE7H5N364WWPAV31","2026-01-20T23:25:06.479048715Z","01KFEVJEJYXA23FJWXTM65DZ1R","2026-01-20T23:25:06.479048715Z"
"01KFEVMRCJRKNWA9SV2SYFK01V","01KFEV384BJYC62Y0E6AQK09K8","2026-01-20T23:25:38.066635859Z",0,"2026-01-20T23:26:21.189154805Z","C","2026-01-20T23:25:39.75909173Z","01KFEV384Y33BFECW27AH8GSGD","2026-01-20T23:25:38.066635859Z","01KFEVCQTYNZYE4TGA9WFYBM2V","2026-01-20T23:25:38.066635859Z","01KFEVHAPQB1SQ5NQG6WGV0BMA","2026-01-20T23:25:38.066635859Z"
"01KFEWEN40RB4GT6WEJ0F4G743","01KFEV38GJVYY8P8B7QXSW6BTE","2026-01-20T23:39:46.6882749Z",0,"2026-01-20T23:39:49.794201654Z","C","2026-01-20T23:39:49.755460307Z","01KFEV38H8T2V9428VC9T7MEBA","2026-01-20T23:39:46.6882749Z","01KFEW5105FT4T963R9Z6AZ67Y","2026-01-20T23:39:46.6882749Z","01KFEWB95MVT152YDC7RERZG6G","2026-01-20T23:39:46.6882749Z"
"01KFEVFR1Y1AJRZ743KARP6RX6","01KFEV2BZFDRZBG3Y0249RG1TW","2026-01-20T23:22:53.886499883Z",19,"2026-01-20T23:22:58.789057817Z","C","2026-01-20T23:22:58.773181043Z","01KFEV2C0CP35QE41ZMH45J8TZ","2026-01-20T23:22:53.886499883Z","01KFEV4PQ8V0QGQVX4KK2FPFJR","2026-01-20T23:22:53.886499883Z","01KFEVB8G5PCQ91G35P9E460CY","2026-01-20T23:22:53.886499883Z"
"01KFEVGC0P2PGV0SNY4GWHPKQA","01KFEV37CWX6SQYA0RPR0C01MW","2026-01-20T23:23:14.326047149Z",0,"2026-01-20T23:23:24.780632833Z","D","2026-01-20T23:23:24.767664219Z","01KFEV37DE991T271V0BRDHRJW","2026-01-20T23:23:14.326047149Z","01KFEV8CTFEWEE7C0ZM9KMYRSE","2026-01-20T23:23:14.326047149Z","01KFEVGBD2NH617BTMHE3APVY0","2026-01-20T23:23:14.326047149Z"
"01KFEW2VZ7590RGTETBWNJBZ9A","01KFEV384BJYC62Y0E6AQK09K8","2026-01-20T23:33:20.487163824Z",0,"2026-01-20T23:33:21.85063391Z","B","2026-01-20T23:33:21.81797461Z","01KFEV385166A8JYCZ9G4DMHRQ","2026-01-20T23:33:20.487163824Z","01KFEVY502SJ2FK1Q7WFM0PHB4","2026-01-20T23:33:20.487163824Z","01KFEW1AHB2FYXGT0X5PGAP03X","2026-01-20T23:33:20.487163824Z"
"01KFEWCDHHFJPE8WWHGQGC6ZRK","01KFEV38A01XZ4DPRPFKRE96P8","2026-01-20T23:38:33.393225742Z",17,"2026-01-20T23:39:01.130675678Z","D","2026-01-20T23:38:35.766647649Z","01KFEV38AJ2CFPYBQZ5JKK7PV4","2026-01-20T23:38:33.393225742Z","01KFEW61CSGZMFE4TZ96QA9A06","2026-01-20T23:38:33.393225742Z","01KFEW9RS4ARACABCS30DH1PYC","2026-01-20T23:38:33.393225742Z"
"01KFEWFBS3K5MJTS16TD7552K3","01KFEV38A01XZ4DPRPFKRE96P8","2026-01-20T23:40:09.891234177Z",0,"2026-01-20T23:40:15.435259753Z","C","2026-01-20T23:40:15.394578541Z","01KFEV38AJ2CFPYBQZ5JKK7PV4","2026-01-20T23:40:09.891234177Z","01KFEW61CSGZMFE4TZ96QA9A06","2026-01-20T23:40:09.891234177Z","01KFEW9RQQNHQYFYBFG4W4KFW3","2026-01-20T23:40:09.891234177Z"
"01KFEWFT8H6SW0FYF7SCS2WGA5","01KFEV38GJVYY8P8B7QXSW6BTE","2026-01-20T23:40:24.721104873Z",20,"2026-01-20T23:40:26.067720689Z","B","2026-01-20T23:40:26.037266683Z","01KFEV38H8T2V9428VC9T7MEBA","2026-01-20T23:40:24.721104873Z","01KFEW5105FT4T963R9Z6AZ67Y","2026-01-20T23:40:24.721104873Z","01KFEWB97B5TCHMM11XXK0C3WP","2026-01-20T23:40:24.721104873Z"
"01KFEWH06HYYGMVR33GTCMPRCC","01KFEVMNF44NEM58ETFST7KTWM","2026-01-20T23:41:03.569424811Z",10,"2026-01-20T23:41:09.140384271Z","A","2026-01-20T23:41:09.093934625Z","01KFEVMNHFNDCGHX9QBBFN387E","2026-01-20T23:41:03.569424811Z","01KFEW78ZH0TY6JQ9J3GJMR3E3","2026-01-20T23:41:03.569424811Z","01KFEWEZW39PKTAP5FDZHRCHWA","2026-01-20T23:41:03.569424811Z"
"01KFEVK0QAZ6KREZ0AZVVA1YSN","01KFEV377XDCWB0CVW0E7ES8WB","2026-01-20T23:24:41.066200042Z",10,"2026-01-20T23:24:50.254631446Z","B","2026-01-20T23:24:50.239484606Z","01KFEV378H0PY96RNMJTMM0E4X","2026-01-20T23:24:41.066200042Z","01KFEV8TC8AZEPV3G36SCZ12C3","2026-01-20T23:24:41.066200042Z","01KFEVFBC3KKXJSC7MKW9KR59A","2026-01-20T23:24:41.066200042Z"
"01KFEVX0XNEBS52AS5WGQD7J2G","01KFEV37CWX6SQYA0RPR0C01MW","2026-01-20T23:30:08.949394555Z",0,"2026-01-20T23:30:14.634548661Z","B","2026-01-20T23:30:12.193346822Z","01KFEV37DAAK9E08F076WKMM6J","2026-01-20T23:30:08.949394555Z","01KFEVH10BYAXDVW828R4A2D8P","2026-01-20T23:30:08.949394555Z","01KFEVRWSZ55NYP8B55399K8ZW","2026-01-20T23:30:08.949394555Z"
"01KFEW78GHAD6VR871S75VETX3","01KFEV38A01XZ4DPRPFKRE96P8","2026-01-20T23:35:44.401357961Z",17,"2026-01-20T23:35:49.02533203Z","D","2026-01-20T23:35:48.99032779Z","01KFEV38AHTHHCNTDGHAJN0GXG","2026-01-20T23:35:44.401357961Z","01KFEVW5WA494MRXETJ2N5XX03","2026-01-20T23:35:44.401357961Z","01KFEW29Z465YRECJRGWFN7MQK","2026-01-20T23:35:44.401357961Z"
"01KFEVF2V4X1HY4P0CDBSN2ZQG","01KFEV377XDCWB0CVW0E7ES8WB","2026-01-20T23:22:32.164321331Z",0,"2026-01-20T23:22:38.623230571Z","B","2026-01-20T23:22:38.612121398Z","01KFEV378PDZP87HXSESW6BA01","2026-01-20T23:22:32.164321331Z","01KFEV79YCQMQRJYZ004NV66QN","2026-01-20T23:22:32.164321331Z","01KFEVF1PKXY17EAHC5V0EMKN7","2026-01-20T23:22:32.164321331Z"
"01KFEVH0JEA7VCYM4VF3SH2TY0","01KFEV377XDCWB0CVW0E7ES8WB","2026-01-20T23:23:35.374925514Z",0,"2026-01-20T23:23:40.843872314Z","C","2026-01-20T23:23:39.827466101Z","01KFEV378H0PY96RNMJTMM0E4X","2026-01-20T23:23:35.374925514Z","01KFEV8K48Q5MVC88J4XCQXRFY","2026-01-20T23:23:35.374925514Z","01KFEVFBBYTSBZ9CQKVR7RKAB2","2026-01-20T23:23:35.374925514Z"
"01KFEVKZPJR19734A7CCXX3B7J","01KFEV377XDCWB0CVW0E7ES8WB","2026-01-20T23:25:12.786598682Z",7,"2026-01-20T23:25:16.647945409Z","D","2026-01-20T23:25:16.625207779Z","01KFEV378PDZP87HXSESW6BA01","2026-01-20T23:25:12.786598682Z","01KFEV6V20FH8Q8TGZN4SVCF5R","2026-01-20T23:25:12.786598682Z","01KFEVF1R3DQ0JFK5FV6Y4TWRQ","2026-01-20T23:25:12.786598682Z"
"01KFEVMN6BJBA59A0Q0Q257K1M","01KFEV37PBC6DGWCX0HT0QWYJR","2026-01-20T23:25:34.795891108Z",17,"2026-01-20T23:25:40.595874577Z","D","2026-01-20T23:25:37.20827767Z","01KFEV37PYV9HETXX2PC055NBT","2026-01-20T23:25:34.795891108Z","01KFEV9QWYR4DNTS4QCCENEARJ","2026-01-20T23:25:34.795891108Z","01KFEVH488H19CAYEAMXF8JTYZ","2026-01-20T23:25:34.795891108Z"
"01KFEVBH7J3M871TR93MNDD880","01KFEV2BZFDRZBG3Y0249RG1TW","2026-01-20T23:20:35.826223555Z",20,"2026-01-20T23:20:37.197421634Z","A","2026-01-20T23:20:36.704590289Z","01KFEV2C08ND9C9BYW8N2T146P","2026-01-20T23:20:35.826223555Z","01KFEV4APCG117QZ1ZVXNKCJFC","2026-01-20T23:20:35.826223555Z","01KFEV992MES5YXGH6XNCQ5224","2026-01-20T23:20:35.826223555Z"
"01KFEW6J0N48C5MRZ74984DF3Y","01KFEV38A01XZ4DPRPFKRE96P8","2026-01-20T23:35:21.365888373Z",19,"2026-01-20T23:35:25.903340398Z","C","2026-01-20T23:35:25.383429622Z","01KFEV38AHTHHCNTDGHAJN0GXG","2026-01-20T23:35:21.365888373Z","01KFEVW5WA494MRXETJ2N5XX03","2026-01-20T23:35:21.365888373Z","01KFEW29YCZ8S174VM388XCKN4","2026-01-20T23:35:21.365888373Z"
"01KFEW4E1ZG2WMM8CG7JZDWYGK","01KFEV384BJYC62Y0E6AQK09K8","2026-01-20T23:34:11.775596358Z",10,"2026-01-20T23:34:12.919390706Z","B","2026-01-20T23:34:12.700853917Z","01KFEV385166A8JYCZ9G4DMHRQ","2026-01-20T23:34:11.775596358Z","01KFEVWH8M80FFRA88HYSK2ZSQ","2026-01-20T23:34:11.775596358Z","01KFEW1AHWQARTJECMFRG6TRPK","2026-01-20T23:34:11.775596358Z"
"01KFEWDGZFNHE30F4KMDB7MGHY","01KFEV38GJVYY8P8B7QXSW6BTE","2026-01-20T23:39:09.679183575Z",17,"2026-01-20T23:39:14.128829677Z","D","2026-01-20T23:39:14.093189384Z","01KFEV38H8T2V9428VC9T7MEBA","2026-01-20T23:39:09.679183575Z","01KFEW5BKPC6PA6AD6TVFX3GTH","2026-01-20T23:39:09.679183575Z","01KFEWB94VS3H1WGEG6MHSEQZ4","2026-01-20T23:39:09.679183575Z"
"01KFEWM89TXH049MV258CMQWM7","01KFEVMNF44NEM58ETFST7KTWM","2026-01-20T23:42:50.170201671Z",17,"2026-01-20T23:42:54.166276474Z","D","2026-01-20T23:42:54.131917994Z","01KFEVMNHFNDCGHX9QBBFN387E","2026-01-20T23:42:50.170201671Z","01KFEW78ZH0TY6JQ9J3GJMR3E3","2026-01-20T23:42:50.170201671Z","01KFEWEZYB6ZVPPBFVTKXTZJ40","2026-01-20T23:42:50.170201671Z"
"01KFEVAFC9J3H7NKWXNGFNKWX7","01KFEV2BZFDRZBG3Y0249RG1TW","2026-01-20T23:20:01.161468273Z",20,"2026-01-20T23:20:02.382376864Z","B","2026-01-20T23:20:02.341273644Z","01KFEV2C08ND9C9BYW8N2T146P","2026-01-20T23:20:01.161468273Z","01KFEV46YBCF5X09FCFJF4VDEY","2026-01-20T23:20:01.161468273Z","01KFEV992BY8ZQV1K5DH9Q0F8T","2026-01-20T23:20:01.161468273Z"
"01KFEVB59DJQB97DA56Z2516SM","01KFEV2BZFDRZBG3Y0249RG1TW","2026-01-20T23:20:23.597880611Z",20,"2026-01-20T23:20:25.473191575Z","A","2026-01-20T23:20:25.459814773Z","01KFEV2C08ND9C9BYW8N2T146P","2026-01-20T23:20:23.597880611Z","01KFEV4APCG117QZ1ZVXNKCJFC","2026-01-20T23:20:23.597880611Z","01KFEV992F8HQ1GF4QAH0Z0678","2026-01-20T23:20:23.597880611Z"
"01KFEWEF6JP65P0CNDTDCCEBTZ","01KFEV38GJVYY8P8B7QXSW6BTE","2026-01-20T23:39:40.626402451Z",0,"2026-01-20T23:39:44.656439487Z","C","2026-01-20T23:39:44.616394401Z","01KFEV38H8T2V9428VC9T7MEBA","2026-01-20T23:39:40.626402451Z","01KFEW5BKPC6PA6AD6TVFX3GTH","2026-01-20T23:39:40.626402451Z","01KFEWB95D8TYSSW9F9S79CQD8","2026-01-20T23:39:40.626402451Z"
"01KFEVFR21XC7CCGRKK23WEJ0S","01KFEV2BZFDRZBG3Y0249RG1TW","2026-01-20T23:22:53.889118704Z",10,"2026-01-20T23:22:58.789057817Z","A","2026-01-20T23:22:58.562673787Z","01KFEV2C0CP35QE41ZMH45J8TZ","2026-01-20T23:22:53.889118704Z","01KFEV7TATT805MEJDGTCA5NFM","2026-01-20T23:22:53.889118704Z","01KFEVB8G5PCQ91G35P9E460CY","2026-01-20T23:22:53.889118704Z"
"01KFEVM0V5SFD3Y86C9C5HX95T","01KFEV384BJYC62Y0E6AQK09K8","2026-01-20T23:25:13.95792816Z",10,"2026-01-20T23:25:15.731801513Z","A","2026-01-20T23:25:15.707935831Z","01KFEV384Y33BFECW27AH8GSGD","2026-01-20T23:25:13.95792816Z","01KFEVCQTYNZYE4TGA9WFYBM2V","2026-01-20T23:25:13.95792816Z","01KFEVHAPJCMYFRQP2F7WT72WK","2026-01-20T23:25:13.95792816Z"
"01KFEVMRCEF1N4K89Z2F1BA6MJ","01KFEV384BJYC62Y0E6AQK09K8","2026-01-20T23:25:38.062092993Z",0,"2026-01-20T23:26:21.189154805Z","C","2026-01-20T23:26:21.161026372Z","01KFEV384Y33BFECW27AH8GSGD","2026-01-20T23:25:38.062092993Z","01KFEVF34Y0A3VWJYX9367Q9EA","2026-01-20T23:25:38.062092993Z","01KFEVHAPQB1SQ5NQG6WGV0BMA","2026-01-20T23:25:38.062092993Z"
"01KFEVP4DCP2JWTWRZDF97HH3D","01KFEV377XDCWB0CVW0E7ES8WB","2026-01-20T23:26:23.148799725Z",29,"2026-01-20T23:26:27.256178085Z","C","2026-01-20T23:26:25.390211331Z","01KFEV378H0PY96RNMJTMM0E4X","2026-01-20T23:26:23.148799725Z","01KFEV8K48Q5MVC88J4XCQXRFY","2026-01-20T23:26:23.148799725Z","01KFEVFBD0577W18ZY0ZD05TA0","2026-01-20T23:26:23.148799725Z"
"01KFEVAFCB45FP32KQCR40VBCK","01KFEV2BZFDRZBG3Y0249RG1TW","2026-01-20T23:20:01.16375915Z",20,"2026-01-20T23:20:02.382376864Z","A","2026-01-20T23:20:02.222169333Z","01KFEV2C08ND9C9BYW8N2T146P","2026-01-20T23:20:01.16375915Z","01KFEV4APCG117QZ1ZVXNKCJFC","2026-01-20T23:20:01.16375915Z","01KFEV992BY8ZQV1K5DH9Q0F8T","2026-01-20T23:20:01.16375915Z"
"01KFEVNSG36RQF55FZT61ZXZYN","01KFEV37PBC6DGWCX0HT0QWYJR","2026-01-20T23:26:11.971404571Z",29,"2026-01-20T23:26:14.363960662Z","C","2026-01-20T23:26:13.977074321Z","01KFEV37PYV9HETXX2PC055NBT","2026-01-20T23:26:11.971404571Z","01KFEVBDY2YWN6DSFNFKRM8R9Z","2026-01-20T23:26:11.971404571Z","01KFEVH47YHEBY0NMN1SDFTFF1","2026-01-20T23:26:11.971404571Z"
"01KFEVPQKQKQ01H84PV4KBWS1J","01KFEVMN9Q125N5N16W4WNYJXF","2026-01-20T23:26:42.807633648Z",0,"2026-01-20T23:27:03.06717797Z","C","2026-01-20T23:27:03.043838113Z","01KFEVMNB841AFDZFM4WSW4FTD","2026-01-20T23:26:42.807633648Z","01KFEVB2WK99SDZDFQAW6KYB9M","2026-01-20T23:26:42.807633648Z","01KFEVPNF9X8183T19PW5K9TEJ","2026-01-20T23:26:42.807633648Z"
"01KFEWG09A6RT1XEGQPECYKS0E","01KFEV38A01XZ4DPRPFKRE96P8","2026-01-20T23:40:30.891024414Z",17,"2026-01-20T23:40:37.616851339Z","D","2026-01-20T23:40:32.045589693Z","01KFEV38AJ2CFPYBQZ5JKK7PV4","2026-01-20T23:40:30.891024414Z","01KFEW61CSGZMFE4TZ96QA9A06","2026-01-20T23:40:30.891024414Z","01KFEW9RQ327JZV3KPAF5ZD6ZC","2026-01-20T23:40:30.891024414Z"
"01KFEVN589ND4XKVS4NDAJK7A5","01KFEV377XDCWB0CVW0E7ES8WB","2026-01-20T23:25:51.241705647Z",20,"2026-01-20T23:25:53.000726411Z","A","2026-01-20T23:25:52.70881376Z","01KFEV378FNG971PBW7B2SPNC6","2026-01-20T23:25:51.241705647Z","01KFEVCRBGBMN5MZZVZA8FPX1Z","2026-01-20T23:25:51.241705647Z","01KFEVJNRMV8QKDD2GX9TGRBPY","2026-01-20T23:25:51.241705647Z"
"01KFEVTV8FSDGEE16RC4ND8X5N","01KFEV37CWX6SQYA0RPR0C01MW","2026-01-20T23:28:57.615093473Z",19,"2026-01-20T23:29:04.046972717Z","C","2026-01-20T23:29:00.871444575Z","01KFEV37DAAK9E08F076WKMM6J","2026-01-20T23:28:57.615093473Z","01KFEVH10BYAXDVW828R4A2D8P","2026-01-20T23:28:57.615093473Z","01KFEVRWRV4PBTM59RGPB1MPCT","2026-01-20T23:28:57.615093473Z"
"01KFEW4Z0XCCH86FKM7XCB5SQG","01KFEV38A01XZ4DPRPFKRE96P8","2026-01-20T23:34:29.149670489Z",0,"2026-01-20T23:34:32.382716063Z","C","2026-01-20T23:34:31.317600567Z","01KFEV38AHTHHCNTDGHAJN0GXG","2026-01-20T23:34:29.149670489Z","01KFEVW5WA494MRXETJ2N5XX03","2026-01-20T23:34:29.149670489Z","01KFEW29XZMZF1P4K1A2ZTGRQ6","2026-01-20T23:34:29.149670489Z"
"01KFEWC5RETKVJMQ48SJE5MEQM","01KFEV38GJVYY8P8B7QXSW6BTE","2026-01-20T23:38:25.422920941Z",10,"2026-01-20T23:38:34.992906861Z","A","2026-01-20T23:38:34.961053058Z","01KFEV38H8T2V9428VC9T7MEBA","2026-01-20T23:38:25.422920941Z","01KFEW5105FT4T963R9Z6AZ67Y","2026-01-20T23:38:25.422920941Z","01KFEWB933XTP1JVD282ZB991C","2026-01-20T23:38:25.422920941Z"
"01KFEW72SXFZ28BR3SWHGBJWQ4","01KFEV38A01XZ4DPRPFKRE96P8","2026-01-20T23:35:38.557361603Z",0,"2026-01-20T23:35:41.827191042Z","C","2026-01-20T23:35:40.39003961Z","01KFEV38AHTHHCNTDGHAJN0GXG","2026-01-20T23:35:38.557361603Z","01KFEVW9PV7SJ42VT7GTTE4SGT","2026-01-20T23:35:38.557361603Z","01KFEW29YWMS8SG0HY124EQM4K","2026-01-20T23:35:38.557361603Z"
"01KFEVABAGGWH1E0B6GD9CXPA2","01KFEV2BZFDRZBG3Y0249RG1TW","2026-01-20T23:19:57.008609951Z",20,"2026-01-20T23:19:58.644157877Z","A","2026-01-20T23:19:58.100720946Z","01KFEV2C08ND9C9BYW8N2T146P","2026-01-20T23:19:57.008609951Z","01KFEV4APCG117QZ1ZVXNKCJFC","2026-01-20T23:19:57.008609951Z","01KFEV9924VF50RWW28YZTJVST","2026-01-20T23:19:57.008609951Z"
"01KFEVV3WZWEB5K52TG7GX7P1P","01KFEVMN9Q125N5N16W4WNYJXF","2026-01-20T23:29:06.463786517Z",29,"2026-01-20T23:29:11.64360162Z","C","2026-01-20T23:29:08.262666408Z","01KFEVMNB841AFDZFM4WSW4FTD","2026-01-20T23:29:06.463786517Z","01KFEVB2WK99SDZDFQAW6KYB9M","2026-01-20T23:29:06.463786517Z","01KFEVPNH13GY2X6WR8TVJ5EYS","2026-01-20T23:29:06.463786517Z"
"01KFEW3GN6V07X6FMEA4QZ048S","01KFEV38GJVYY8P8B7QXSW6BTE","2026-01-20T23:33:41.670466789Z",0,"2026-01-20T23:33:52.625674179Z","B","2026-01-20T23:33:52.594956525Z","01KFEV38H48T18ZRM15RETR33C","2026-01-20T23:33:41.670466789Z","01KFEVYB6HS3VX2GA7D4G2GPMT","2026-01-20T23:33:41.670466789Z","01KFEW2K4DS1T10ZD4EFNDXX1X","2026-01-20T23:33:41.670466789Z"
"01KFEW7CMXA7XDAFEZZ4JTX09Y","01KFEVMN9Q125N5N16W4WNYJXF","2026-01-20T23:35:48.63754471Z",17,"2026-01-20T23:35:53.563798595Z","D","2026-01-20T23:35:53.522435624Z","01KFEVMNBC23RB4D79KEQ4G0VS","2026-01-20T23:35:48.63754471Z","01KFEVXFAQE8X4YEWXW17GBY46","2026-01-20T23:35:48.63754471Z","01KFEW3VMQYCSWHG0ZVBJSS31E","2026-01-20T23:35:48.63754471Z"
"01KFEWD5E87NFZZWKV11G1VBJJ","01KFEV38GJVYY8P8B7QXSW6BTE","2026-01-20T23:38:57.864852439Z",19,"2026-01-20T23:39:02.320143898Z","C","2026-01-20T23:39:00.002953623Z","01KFEV38H8T2V9428VC9T7MEBA","2026-01-20T23:38:57.864852439Z","01KFEW5105FT4T963R9Z6AZ67Y","2026-01-20T23:38:57.864852439Z","01KFEWB94KQ2XE0PFRQY8WXWM9","2026-01-20T23:38:57.864852439Z"
"01KFEVG4VZT18EZ5PCZMXFZ5YE","01KFEV2BZFDRZBG3Y0249RG1TW","2026-01-20T23:23:07.007377607Z",0,"2026-01-20T23:23:12.166443468Z","B","2026-01-20T23:23:09.192606513Z","01KFEV2C0CP35QE41ZMH45J8TZ","2026-01-20T23:23:07.007377607Z","01KFEV7TATT805MEJDGTCA5NFM","2026-01-20T23:23:07.007377607Z","01KFEVB8G65XGTDB93SRCK5ATZ","2026-01-20T23:23:07.007377607Z"
"01KFEVJTBN55S5JN5C7AW27YA8","01KFEV377XDCWB0CVW0E7ES8WB","2026-01-20T23:24:34.549745786Z",17,"2026-01-20T23:24:38.442241993Z","D","2026-01-20T23:24:37.849026109Z","01KFEV378H0PY96RNMJFNCN7TE","2026-01-20T23:24:34.549745786Z","01KFEVA045MDV6WERMTEQ3VAYR","2026-01-20T23:24:34.549745786Z","01KFEVEHGR7ECW4X29T8Y4QFJQ","2026-01-20T23:24:34.549745786Z"
"01KFEVMFPEFC7R9CD2GRYBJJ61","01KFEV377XDCWB0CVW0E7ES8WB","2026-01-20T23:25:29.166118111Z",20,"2026-01-20T23:25:32.684674089Z","B","2026-01-20T23:25:30.612012731Z","01KFEV378FNG971PBW7B2SPNC6","2026-01-20T23:25:29.166118111Z","01KFEV82H962BNCCRXPB524628","2026-01-20T23:25:29.166118111Z","01KFEVJNR4936M3NZWK961C48N","2026-01-20T23:25:29.166118111Z"
"01KFEVSCP69023XKP6ZJHZDQDF","01KFEVMN9Q125N5N16W4WNYJXF","2026-01-20T23:28:09.926446993Z",29,"2026-01-20T23:28:16.989206864Z","C","2026-01-20T23:28:14.650442763Z","01KFEVMNB841AFDZFM4WSW4FTD","2026-01-20T23:28:09.926446993Z","01KFEVB2WK99SDZDFQAW6KYB9M","2026-01-20T23:28:09.926446993Z","01KFEVPNG6JB6DZSQZ5HM4GVS7","2026-01-20T23:28:09.926446993Z"
"01KFEW7CMK4PTAQ01Z2KPZKQJN","01KFEVMN9Q125N5N16W4WNYJXF","2026-01-20T23:35:48.627503478Z",29,"2026-01-20T23:35:53.563798595Z","C","2026-01-20T23:35:50.189606345Z","01KFEVMNBC23RB4D79KEQ4G0VS","2026-01-20T23:35:48.627503478Z","01KFEVX608THP5F5HX3GYF0X1K","2026-01-20T23:35:48.627503478Z","01KFEW3VMQYCSWHG0ZVBJSS31E","2026-01-20T23:35:48.627503478Z"
"01KFEW84KX93JVWK81DAEJW1GT","01KFEV38GJVYY8P8B7QXSW6BTE","2026-01-20T23:36:13.181941315Z",0,"2026-01-20T23:36:14.251210168Z","C","2026-01-20T23:36:14.208337778Z","01KFEV38H48T18ZRM15RETR33C","2026-01-20T23:36:13.181941315Z","01KFEVVPVMNR90RS0DGAX989B7","2026-01-20T23:36:13.181941315Z","01KFEW2K5Q3YTG9F7JD6J5VSNS","2026-01-20T23:36:13.181941315Z"
"01KFEWJAT3W8XDVH1J2T7FS726","01KFEVMN9Q125N5N16W4WNYJXF","2026-01-20T23:41:47.203434444Z",20,"2026-01-20T23:41:48.104167511Z","B","2026-01-20T23:41:47.854494625Z","01KFEVMNAWK7WRWM1AMQZKX6SA","2026-01-20T23:41:47.203434444Z","01KFEW3YJBR4HT7BADWRSVJQV5","2026-01-20T23:41:47.203434444Z","01KFEWE8WVX74TZ8PTSRYVZGQG","2026-01-20T23:41:47.203434444Z"
"01KFEVSR5W9S5RYWE24TST5V5E","01KFEVMN9Q125N5N16W4WNYJXF","2026-01-20T23:28:21.69270497Z",17,"2026-01-20T23:28:25.681600003Z","D","2026-01-20T23:28:25.425395517Z","01KFEVMNB841AFDZFM4WSW4FTD","2026-01-20T23:28:21.69270497Z","01KFEVC3J7JCZ73BZAKH9RH61D","2026-01-20T23:28:21.69270497Z","01KFEVPNGCECZWPB3GP3PH5NGX","2026-01-20T23:28:21.69270497Z"
"01KFEVTSH15GNJNFET4STRQQ2H","01KFEV38A01XZ4DPRPFKRE96P8","2026-01-20T23:28:55.84185505Z",19,"2026-01-20T23:28:58.473123232Z","C","2026-01-20T23:28:58.445553776Z","01KFEV38AJ2CFPYBQZ58NH0V5J","2026-01-20T23:28:55.84185505Z","01KFEVE55BQ40NXX8QW3R5RX0T","2026-01-20T23:28:55.84185505Z","01KFEVJWSA1G8BTA3YJK5GPKEP","2026-01-20T23:28:55.84185505Z"
"01KFEW70R5EZG4F3N1EY161YQ4","01KFEVMN9Q125N5N16W4WNYJXF","2026-01-20T23:35:36.453799378Z",29,"2026-01-20T23:35:38.337046237Z","C","2026-01-20T23:35:38.290205149Z","01KFEVMNBC23RB4D79KEQ4G0VS","2026-01-20T23:35:36.453799378Z","01KFEVX608THP5F5HX3GYF0X1K","2026-01-20T23:35:36.453799378Z","01KFEW3VMGZD02ANKDCQP1JWVK","2026-01-20T23:35:36.453799378Z"
"01KFEW7SQE4823MR07FC40Q86W","01KFEVMN9Q125N5N16W4WNYJXF","2026-01-20T23:36:02.030997197Z",17,"2026-01-20T23:36:03.74078573Z","D","2026-01-20T23:36:03.711125201Z","01KFEVMNBC23RB4D79KEQ4G0VS","2026-01-20T23:36:02.030997197Z","01KFEVXFAQE8X4YEWXW17GBY46","2026-01-20T23:36:02.030997197Z","01KFEW3VNBMV4SFK2GGYWGCNPK","2026-01-20T23:36:02.030997197Z"
"01KFEVJS3T0SH8H3ND879AN667","01KFEV384BJYC62Y0E6AQK09K8","2026-01-20T23:24:33.274540594Z",10,"2026-01-20T23:24:35.587066716Z","B","2026-01-20T23:24:35.54360454Z","01KFEV384Y33BFECW27AH8GSGD","2026-01-20T23:24:33.274540594Z","01KFEVCQTYNZYE4TGA9WFYBM2V","2026-01-20T23:24:33.274540594Z","01KFEVHAPCH18VPXAR0AA2NN3F","2026-01-20T23:24:33.274540594Z"
"01KFEVM4WGCYMYGGY4825EPP5A","01KFEV384BJYC62Y0E6AQK09K8","2026-01-20T23:25:18.096901927Z",29,"2026-01-20T23:25:22.301464995Z","C","2026-01-20T23:25:19.854170802Z","01KFEV384Y33BFECW27AH8GSGD","2026-01-20T23:25:18.096901927Z","01KFEVF34Y0A3VWJYX9367Q9EA","2026-01-20T23:25:18.096901927Z","01KFEVHAPNHDSTG2VZVHXASK93","2026-01-20T23:25:18.096901927Z"
"01KFEVNFD6B485C6KTFFJ7BCGR","01KFEV37CWX6SQYA0RPR0C01MW","2026-01-20T23:26:01.638752776Z",10,"2026-01-20T23:26:04.814370383Z","A","2026-01-20T23:26:04.218658843Z","01KFEV37DE991T271V0BRDHRJW","2026-01-20T23:26:01.638752776Z","01KFEVBZC2S6960QVT8J14HPMN","2026-01-20T23:26:01.638752776Z","01KFEVGBDCBHSEAWFBWHYTDW7K","2026-01-20T23:26:01.638752776Z"
"01KFEVNZ2ZXGM0VRMCCJ1710H5","01KFEV37PBC6DGWCX0HT0QWYJR","2026-01-20T23:26:17.695710639Z",29,"2026-01-20T23:26:20.042380867Z","C","2026-01-20T23:26:20.011332698Z","01KFEV37PYV9HETXX2PC055NBT","2026-01-20T23:26:17.695710639Z","01KFEV9QWYR4DNTS4QCCENEARJ","2026-01-20T23:26:17.695710639Z","01KFEVH48J31CNCNY6T435EDBD","2026-01-20T23:26:17.695710639Z"
"01KFEWDGZ7EKJWWMTS4EMP45KH","01KFEV38GJVYY8P8B7QXSW6BTE","2026-01-20T23:39:09.671257843Z",29,"2026-01-20T23:39:14.128829677Z","C","2026-01-20T23:39:12.595047517Z","01KFEV38H8T2V9428VC9T7MEBA","2026-01-20T23:39:09.671257843Z","01KFEW5105FT4T963R9Z6AZ67Y","2026-01-20T23:39:09.671257843Z","01KFEWB94VS3H1WGEG6MHSEQZ4","2026-01-20T23:39:09.671257843Z"
"01KFEWGJG48620J1J18ZS1Z1WY","01KFEV38A01XZ4DPRPFKRE96P8","2026-01-20T23:40:49.540898642Z",29,"2026-01-20T23:40:51.795684328Z","C","2026-01-20T23:40:51.717449175Z","01KFEV38AJ2CFPYBQZ5JKK7PV4","2026-01-20T23:40:49.540898642Z","01KFEW2CHJQZ9TDCN78BA2VKEM","2026-01-20T23:40:49.540898642Z","01KFEW9RP7W5QZSAE6HSN0A735","2026-01-20T23:40:49.540898642Z"
"01KFEW84M5RBAR5CGTNFTZZTR3","01KFEV38GJVYY8P8B7QXSW6BTE","2026-01-20T23:36:13.189309507Z",0,"2026-01-20T23:36:14.251210168Z","C","2026-01-20T23:36:14.089953428Z","01KFEV38H48T18ZRM15RETR33C","2026-01-20T23:36:13.189309507Z","01KFEVYB6HS3VX2GA7D4G2GPMT","2026-01-20T23:36:13.189309507Z","01KFEW2K5Q3YTG9F7JD6J5VSNS","2026-01-20T23:36:13.189309507Z"
"01KFEWB4XSJH21RH16PP5CKADX","01KFEV38A01XZ4DPRPFKRE96P8","2026-01-20T23:37:51.801647302Z",19,"2026-01-20T23:38:01.858369023Z","C","2026-01-20T23:37:58.526163413Z","01KFEV38AJ2CFPYBQZ5JKK7PV4","2026-01-20T23:37:51.801647302Z","01KFEW2CHJQZ9TDCN78BA2VKEM","2026-01-20T23:37:51.801647302Z","01KFEW9RN40QG3K2B84WKGV58C","2026-01-20T23:37:51.801647302Z"
"01KFEVPTEE9N6D3P18SBB4WNVY","01KFEV37PBC6DGWCX0HT0QWYJR","2026-01-20T23:26:45.711007774Z",0,"2026-01-20T23:26:53.927703796Z","C","2026-01-20T23:26:52.269559696Z","01KFEV37PYV9HETXX2PSGE1RKD","2026-01-20T23:26:45.711007774Z","01KFEVDMPGK2KG6CGRXX80WQ5A","2026-01-20T23:26:45.711007774Z","01KFEVKCN4ZM7M5WXWCANY7678","2026-01-20T23:26:45.711007774Z"
"01KFEVVSFW86H86CDFXW4QVF2C","01KFEVMN9Q125N5N16W4WNYJXF","2026-01-20T23:29:28.572723182Z",29,"2026-01-20T23:29:31.808881073Z","C","2026-01-20T23:29:31.430383373Z","01KFEVMNB841AFDZFM4WSW4FTD","2026-01-20T23:29:28.572723182Z","01KFEVB2WK99SDZDFQAW6KYB9M","2026-01-20T23:29:28.572723182Z","01KFEVPNH8ZPMZ16RW6XYTJZST","2026-01-20T23:29:28.572723182Z"
"01KFEW3AN4PEVQ43RF1VX19AR0","01KFEV37PBC6DGWCX0HT0QWYJR","2026-01-20T23:33:35.524487583Z",7,"2026-01-20T23:33:39.487370229Z","D","2026-01-20T23:33:37.147834659Z","01KFEV37Q0WSYAYKWHM2EXN0DN","2026-01-20T23:33:35.524487583Z","01KFEVWYACX0Z3X7HHHK5DSTDD","2026-01-20T23:33:35.524487583Z","01KFEW0G9R2CR00EMTWN25XPQE","2026-01-20T23:33:35.524487583Z"
"01KFEW2NFTD62TZSSVNV0SK4PB","01KFEV38GJVYY8P8B7QXSW6BTE","2026-01-20T23:33:13.850611705Z",0,"2026-01-20T23:33:30.229577383Z","B","2026-01-20T23:33:16.19140679Z","01KFEV38H48T18ZRM15RETR33C","2026-01-20T23:33:13.850611705Z","01KFEVVPVMNR90RS0DGAX989B7","2026-01-20T23:33:13.850611705Z","01KFEW2K3QVBFN32HV5ZCAC42T","2026-01-20T23:33:13.850611705Z"
"01KFEW35BBWZ8HCTN3K68HTFV2","01KFEV38A01XZ4DPRPFKRE96P8","2026-01-20T23:33:30.091971589Z",19,"2026-01-20T23:33:37.314039803Z","C","2026-01-20T23:33:37.282618798Z","01KFEV38AHTHHCNTDGHAJN0GXG","2026-01-20T23:33:30.091971589Z","01KFEVW5WA494MRXETJ2N5XX03","2026-01-20T23:33:30.091971589Z","01KFEW29XHVV27TK4HQZQPZFPD","2026-01-20T23:33:30.091971589Z"
"01KFEW64VE11X698DV86KY1S1X","01KFEVMN9Q125N5N16W4WNYJXF","2026-01-20T23:35:07.886288061Z",0,"2026-01-20T23:35:13.396325461Z","D","2026-01-20T23:35:09.262564722Z","01KFEVMNBC23RB4D79KEQ4G0VS","2026-01-20T23:35:07.886288061Z","01KFEVXFAQE8X4YEWXW17GBY46","2026-01-20T23:35:07.886288061Z","01KFEW3VK8TWZN9VVEZ77C4AM8","2026-01-20T23:35:07.886288061Z"
"01KFEW7X3K6ZZNW448Y7Y62QBT","01KFEVMN9Q125N5N16W4WNYJXF","2026-01-20T23:36:05.49188842Z",29,"2026-01-20T23:36:07.213001783Z","C","2026-01-20T23:36:06.927456843Z","01KFEVMNBC23RB4D79KEQ4G0VS","2026-01-20T23:36:05.49188842Z","01KFEVX608THP5F5HX3GYF0X1K","2026-01-20T23:36:05.49188842Z","01KFEW3VNM3T348MBV77A05Z67","2026-01-20T23:36:05.49188842Z"
"01KFEVNZ349WR89GHTV55FY9HS","01KFEV37PBC6DGWCX0HT0QWYJR","2026-01-20T23:26:17.700939043Z",17,"2026-01-20T23:26:20.042380867Z","D","2026-01-20T23:26:19.502365821Z","01KFEV37PYV9HETXX2PC055NBT","2026-01-20T23:26:17.700939043Z","01KFEVBDY2YWN6DSFNFKRM8R9Z","2026-01-20T23:26:17.700939043Z","01KFEVH48J31CNCNY6T435EDBD","2026-01-20T23:26:17.700939043Z"
"01KFEVP8XXYQHCYFR66HCGHYN4","01KFEV37PBC6DGWCX0HT0QWYJR","2026-01-20T23:26:27.774007107Z",17,"2026-01-20T23:26:29.701553248Z","D","2026-01-20T23:26:29.677891181Z","01KFEV37PYV9HETXX2PC055NBT","2026-01-20T23:26:27.774007107Z","01KFEVBDY2YWN6DSFNFKRM8R9Z","2026-01-20T23:26:27.774007107Z","01KFEVH48PJZWE6P0HTZWV1EYQ","2026-01-20T23:26:27.774007107Z"
"01KFEVS7CJ8CMFJ84YWXMFJE33","01KFEV37PBC6DGWCX0HT0QWYJR","2026-01-20T23:28:04.4983221Z",10,"2026-01-20T23:28:06.205690529Z","B","2026-01-20T23:28:06.181028658Z","01KFEV37PYV9HETXX2PSGE1RKD","2026-01-20T23:28:04.4983221Z","01KFEVDMPGK2KG6CGRXX80WQ5A","2026-01-20T23:28:04.4983221Z","01KFEVKCMQT7S1XG51JFN48N08","2026-01-20T23:28:04.4983221Z"
"01KFEVVKAD31PS38DCFQNN9ET8","01KFEVMN9Q125N5N16W4WNYJXF","2026-01-20T23:29:22.253063533Z",29,"2026-01-20T23:29:25.673549308Z","C","2026-01-20T23:29:25.112001262Z","01KFEVMNB841AFDZFM4WSW4FTD","2026-01-20T23:29:22.253063533Z","01KFEVB2WK99SDZDFQAW6KYB9M","2026-01-20T23:29:22.253063533Z","01KFEVPNJ4WB4QFFFKRAV84BFG","2026-01-20T23:29:22.253063533Z"
"01KFEWHNBDPZ7SJHR48P7BDHHG","01KFEVMN9Q125N5N16W4WNYJXF","2026-01-20T23:41:25.229826833Z",20,"2026-01-20T23:41:26.233566823Z","A","2026-01-20T23:41:26.169963487Z","01KFEVMNAWK7WRWM1AMQZKX6SA","2026-01-20T23:41:25.229826833Z","01KFEW4NGJQK3SC6VDT657XA1V","2026-01-20T23:41:25.229826833Z","01KFEWE8V42B6QNHZQ0TH5CPD7","2026-01-20T23:41:25.229826833Z"
"01KFEVGKN45RHVKDXM8N3ZFPQ9","01KFEV377XDCWB0CVW0E7ES8WB","2026-01-20T23:23:22.148891503Z",20,"2026-01-20T23:23:25.173180019Z","A","2026-01-20T23:23:25.158367503Z","01KFEV378PDZP87HXSESW6BA01","2026-01-20T23:23:22.148891503Z","01KFEV79YCQMQRJYZ004NV66QN","2026-01-20T23:23:22.148891503Z","01KFEVF1PSMKDKXGX0N31K7DMV","2026-01-20T23:23:22.148891503Z"
"01KFEVRHVS0KVX51NNEK1HCBC9","01KFEV38A01XZ4DPRPFKRE96P8","2026-01-20T23:27:42.457721402Z",19,"2026-01-20T23:27:55.909961569Z","C","2026-01-20T23:27:53.725217705Z","01KFEV38AJ2CFPYBQZ58NH0V5J","2026-01-20T23:27:42.457721402Z","01KFEVE55BQ40NXX8QW3R5RX0T","2026-01-20T23:27:42.457721402Z","01KFEVJWRXFH0A02EP0EXWZF8R","2026-01-20T23:27:42.457721402Z"
"01KFEVSV9W2432WHAQ498K0226","01KFEV37CWX6SQYA0RPR0C01MW","2026-01-20T23:28:24.892438139Z",19,"2026-01-20T23:28:32.214355944Z","C","2026-01-20T23:28:32.184971234Z","01KFEV37DE991T271V0NJ5BY6K","2026-01-20T23:28:24.892438139Z","01KFEVD9ZATE7H5N364WWPAV31","2026-01-20T23:28:24.892438139Z","01KFEVJEKKVBG5WQ05EX00MQZN","2026-01-20T23:28:24.892438139Z"
"01KFEW3YSKD97DVQ0F5F0W22MC","01KFEV38GJVYY8P8B7QXSW6BTE","2026-01-20T23:33:56.14720778Z",10,"2026-01-20T23:34:22.060063395Z","B","2026-01-20T23:34:22.00438976Z","01KFEV38H48T18ZRM15RETR33C","2026-01-20T23:33:56.14720778Z","01KFEVVPVMNR90RS0DGAX989B7","2026-01-20T23:33:56.14720778Z","01KFEW2K3YS06VARVY9G44T7TD","2026-01-20T23:33:56.14720778Z"
"01KFEVSMM1GZE7VXGK89J9JYT9","01KFEV37CWX6SQYA0RPR0C01MW","2026-01-20T23:28:18.049838421Z",0,"2026-01-20T23:28:28.683705984Z","D","2026-01-20T23:28:23.645314926Z","01KFEV37DAAK9E08F076WKMM6J","2026-01-20T23:28:18.049838421Z","01KFEVGWWQWT7BAZNJDAAA325H","2026-01-20T23:28:18.049838421Z","01KFEVRWRP2V236VFYBAYSNQQS","2026-01-20T23:28:18.049838421Z"
"01KFEVGY3B75AR0VR9NS3W8XN5","01KFEV2BZFDRZBG3Y0249RG1TW","2026-01-20T23:23:32.84392571Z",20,"2026-01-20T23:23:34.757263004Z","B","2026-01-20T23:23:34.741953403Z","01KFEV2C0CP35QE41ZMH45J8TZ","2026-01-20T23:23:32.84392571Z","01KFEV7TATT805MEJDGTCA5NFM","2026-01-20T23:23:32.84392571Z","01KFEVB8G9DDYT4Z9WGS4751MR","2026-01-20T23:23:32.84392571Z"
"01KFEVHNGK45WTNXCF19T7BY8V","01KFEV377XDCWB0CVW0E7ES8WB","2026-01-20T23:23:56.819169855Z",20,"2026-01-20T23:24:05.851130112Z","B","2026-01-20T23:24:05.832537625Z","01KFEV378H0PY96RNMJTMM0E4X","2026-01-20T23:23:56.819169855Z","01KFEV8TC8AZEPV3G36SCZ12C3","2026-01-20T23:23:56.819169855Z","01KFEVFBC06RMYVW5HNEESW6V6","2026-01-20T23:23:56.819169855Z"
"01KFEVMWCJYRN8M139XPP6M63V","01KFEV377XDCWB0CVW0E7ES8WB","2026-01-20T23:25:42.16288835Z",20,"2026-01-20T23:25:44.166976852Z","A","2026-01-20T23:25:44.143791041Z","01KFEV378FNG971PBW7B2SPNC6","2026-01-20T23:25:42.16288835Z","01KFEVCRBGBMN5MZZVZA8FPX1Z","2026-01-20T23:25:42.16288835Z","01KFEVJNR1J3B46T7W60KHKSQ0","2026-01-20T23:25:42.16288835Z"
"01KFEVPFZR4FXJ3RMF30XEEQAZ","01KFEV384BJYC62Y0E6AQK09K8","2026-01-20T23:26:35.000512339Z",0,"2026-01-20T23:26:39.326261386Z","A","2026-01-20T23:26:37.016724587Z","01KFEV384Y33BFECW27AH8GSGD","2026-01-20T23:26:35.000512339Z","01KFEVF34Y0A3VWJYX9367Q9EA","2026-01-20T23:26:35.000512339Z","01KFEVHAPW1MNGRGTGSBYGR38E","2026-01-20T23:26:35.000512339Z"
"01KFEWGZPSW39Y8J0CNKE13D1G","01KFEVMN9Q125N5N16W4WNYJXF","2026-01-20T23:41:03.06552192Z",20,"2026-01-20T23:41:04.739083237Z","A","2026-01-20T23:41:04.695208351Z","01KFEVMNAWK7WRWM1AMQZKX6SA","2026-01-20T23:41:03.06552192Z","01KFEW4NGJQK3SC6VDT657XA1V","2026-01-20T23:41:03.06552192Z","01KFEWE8TE0NG0P1M4CW86GTJZ","2026-01-20T23:41:03.06552192Z"
"01KFEVSVA1WYBGTR0Y52PY5PZP","01KFEV37CWX6SQYA0RPR0C01MW","2026-01-20T23:28:24.897588493Z",10,"2026-01-20T23:28:32.214355944Z","B","2026-01-20T23:28:29.303501613Z","01KFEV37DE991T271V0NJ5BY6K","2026-01-20T23:28:24.897588493Z","01KFEV7RE3Q2MQ5NN8AGQ7Y4PK","2026-01-20T23:28:24.897588493Z","01KFEVJEKKVBG5WQ05EX00MQZN","2026-01-20T23:28:24.897588493Z"
"01KFEVTJQVTQSDPF5BKQBCSXHW","01KFEV38A01XZ4DPRPFKRE96P8","2026-01-20T23:28:48.891288941Z",19,"2026-01-20T23:28:52.906322459Z","C","2026-01-20T23:28:51.948046563Z","01KFEV38AJ2CFPYBQZ58NH0V5J","2026-01-20T23:28:48.891288941Z","01KFEVE55BQ40NXX8QW3R5RX0T","2026-01-20T23:28:48.891288941Z","01KFEVJWRF48QGEMN6CSTN82AW","2026-01-20T23:28:48.891288941Z"
"01KFEW1M47FSZM8MEYBHM7V09R","01KFEV37PBC6DGWCX0HT0QWYJR","2026-01-20T23:32:39.687942754Z",0,"2026-01-20T23:32:50.316596208Z","C","2026-01-20T23:32:42.136235027Z","01KFEV37Q0WSYAYKWHM2EXN0DN","2026-01-20T23:32:39.687942754Z","01KFEVWYACX0Z3X7HHHK5DSTDD","2026-01-20T23:32:39.687942754Z","01KFEW0G95HGEBJ66PJEE5BWT0","2026-01-20T23:32:39.687942754Z"
"01KFEW82GR61VWJEDG3AMYTHEN","01KFEV38GJVYY8P8B7QXSW6BTE","2026-01-20T23:36:11.032550016Z",0,"2026-01-20T23:36:12.146384378Z","D","2026-01-20T23:36:12.120942575Z","01KFEV38H48T18ZRM15RETR33C","2026-01-20T23:36:11.032550016Z","01KFEVYB6HS3VX2GA7D4G2GPMT","2026-01-20T23:36:11.032550016Z","01KFEW2K5YK8ZH9TZ42EQVRP4J","2026-01-20T23:36:11.032550016Z"
"01KFEW5T3W4AJCT15F13QSNRHZ","01KFEVMN9Q125N5N16W4WNYJXF","2026-01-20T23:34:56.89263305Z",0,"2026-01-20T23:35:04.527352413Z","D","2026-01-20T23:35:04.498068894Z","01KFEVMNBC23RB4D79KEQ4G0VS","2026-01-20T23:34:56.89263305Z","01KFEVX608THP5F5HX3GYF0X1K","2026-01-20T23:34:56.89263305Z","01KFEW3VJN8ZKAM3Y64XBX8BFB","2026-01-20T23:34:56.89263305Z"
"01KFEW6Z82ZEKQ93JBYEEHXY37","01KFEV38GJVYY8P8B7QXSW6BTE","2026-01-20T23:35:34.914068987Z",0,"2026-01-20T23:35:36.278107192Z","C","2026-01-20T23:35:36.240343462Z","01KFEV38H48T18ZRM15RETR33C","2026-01-20T23:35:34.914068987Z","01KFEVVPVMNR90RS0DGAX989B7","2026-01-20T23:35:34.914068987Z","01KFEW2K4T9ZM0JTDKSTWX94KF","2026-01-20T23:35:34.914068987Z"
"01KFEVT82KV5GZJ0KERVR4MCK9","01KFEVMN9Q125N5N16W4WNYJXF","2026-01-20T23:28:37.971465342Z",17,"2026-01-20T23:28:41.78963858Z","D","2026-01-20T23:28:41.313275349Z","01KFEVMNB841AFDZFM4WSW4FTD","2026-01-20T23:28:37.971465342Z","01KFEVC3J7JCZ73BZAKH9RH61D","2026-01-20T23:28:37.971465342Z","01KFEVPNGFQYEVQ3XPBR3QGGJZ","2026-01-20T23:28:37.971465342Z"
"01KFEW9VMTHSE8NXPE45VNP24N","01KFEV38A01XZ4DPRPFKRE96P8","2026-01-20T23:37:09.530333558Z",0,"2026-01-20T23:37:21.606669099Z","B","2026-01-20T23:37:21.566623301Z","01KFEV38AJ2CFPYBQZ5JKK7PV4","2026-01-20T23:37:09.530333558Z","01KFEW61CSGZMFE4TZ96QA9A06","2026-01-20T23:37:09.530333558Z","01KFEW9RNHPCEBV7E7PA75FXT1","2026-01-20T23:37:09.530333558Z"
"01KFEWG8VYYSFFT03H6PVS29JE","01KFEV38A01XZ4DPRPFKRE96P8","2026-01-20T23:40:39.678817616Z",17,"2026-01-20T23:40:42.493770324Z","D","2026-01-20T23:40:40.87674091Z","01KFEV38AJ2CFPYBQZ5JKK7PV4","2026-01-20T23:40:39.678817616Z","01KFEW61CSGZMFE4TZ96QA9A06","2026-01-20T23:40:39.678817616Z","01KFEW9RPTMR1X74362ZJ5HND1","2026-01-20T23:40:39.678817616Z"
"01KFEVAZN94Z6TJAA11XTRR2FV","01KFEV2BZFDRZBG3Y0249RG1TW","2026-01-20T23:20:17.833422267Z",20,"2026-01-20T23:20:20.429673081Z","B","2026-01-20T23:20:20.420507537Z","01KFEV2C08ND9C9BYW8N2T146P","2026-01-20T23:20:17.833422267Z","01KFEV46YBCF5X09FCFJF4VDEY","2026-01-20T23:20:17.833422267Z","01KFEV992EGQ6JEDWT7CNXP7AX","2026-01-20T23:20:17.833422267Z"
"01KFEVHNGMK9FRWCAXTNPSVYF3","01KFEV377XDCWB0CVW0E7ES8WB","2026-01-20T23:23:56.820862078Z",20,"2026-01-20T23:24:05.851130112Z","A","2026-01-20T23:24:00.16966765Z","01KFEV378H0PY96RNMJTMM0E4X","2026-01-20T23:23:56.820862078Z","01KFEV8K48Q5MVC88J4XCQXRFY","2026-01-20T23:23:56.820862078Z","01KFEVFBC06RMYVW5HNEESW6V6","2026-01-20T23:23:56.820862078Z"
"01KFEVJ9EZ15BG41510ZRGCR8J","01KFEV37PBC6DGWCX0HT0QWYJR","2026-01-20T23:24:17.247873594Z",7,"2026-01-20T23:24:59.763393212Z","D","2026-01-20T23:24:22.608196092Z","01KFEV37PYV9HETXX2PC055NBT","2026-01-20T23:24:17.247873594Z","01KFEVBDY2YWN6DSFNFKRM8R9Z","2026-01-20T23:24:17.247873594Z","01KFEVH47ZBAPR4G4APH55JXTA","2026-01-20T23:24:17.247873594Z"
"01KFEVKWBVZSBYVF9DTYN4RJDA","01KFEV377XDCWB0CVW0E7ES8WB","2026-01-20T23:25:09.371996733Z",10,"2026-01-20T23:25:12.382033903Z","B","2026-01-20T23:25:10.987391461Z","01KFEV378FNG971PBW7B2SPNC6","2026-01-20T23:25:09.371996733Z","01KFEV82H962BNCCRXPB524628","2026-01-20T23:25:09.371996733Z","01KFEVJNQSYYRC4AF8PKPM2915","2026-01-20T23:25:09.371996733Z"
"01KFEWCDHRXTSBPXKGH6FG068F","01KFEV38A01XZ4DPRPFKRE96P8","2026-01-20T23:38:33.400494038Z",29,"2026-01-20T23:39:01.130675678Z","C","2026-01-20T23:39:01.088806666Z","01KFEV38AJ2CFPYBQZ5JKK7PV4","2026-01-20T23:38:33.400494038Z","01KFEW2CHJQZ9TDCN78BA2VKEM","2026-01-20T23:38:33.400494038Z","01KFEW9RS4ARACABCS30DH1PYC","2026-01-20T23:38:33.400494038Z"
"01KFEVN14Q2D0PX2T0SEDKRJ08","01KFEV377XDCWB0CVW0E7ES8WB","2026-01-20T23:25:47.031217734Z",20,"2026-01-20T23:25:49.715548625Z","A","2026-01-20T23:25:49.691487876Z","01KFEV378FNG971PBW7B2SPNC6","2026-01-20T23:25:47.031217734Z","01KFEVCRBGBMN5MZZVZA8FPX1Z","2026-01-20T23:25:47.031217734Z","01KFEVJNRQBQFNH0BYKPE46VCR","2026-01-20T23:25:47.031217734Z"
"01KFEVP20SGKVYB9243W616CTK","01KFEV37CWX6SQYA0RPR0C01MW","2026-01-20T23:26:20.697469989Z",20,"2026-01-20T23:26:24.134580961Z","A","2026-01-20T23:26:22.710457561Z","01KFEV37DE991T271V0BRDHRJW","2026-01-20T23:26:20.697469989Z","01KFEVBZC2S6960QVT8J14HPMN","2026-01-20T23:26:20.697469989Z","01KFEVGBDHBKMP77667Y4F3PW3","2026-01-20T23:26:20.697469989Z"
"01KFEW6SY65G0MP4Q2BXWX5ESA","01KFEVMN9Q125N5N16W4WNYJXF","2026-01-20T23:35:29.478423701Z",29,"2026-01-20T23:35:31.146477418Z","C","2026-01-20T23:35:30.849434259Z","01KFEVMNBC23RB4D79KEQ4G0VS","2026-01-20T23:35:29.478423701Z","01KFEVX608THP5F5HX3GYF0X1K","2026-01-20T23:35:29.478423701Z","01KFEW3VKZ39SY1X7NPK7PDBQW","2026-01-20T23:35:29.478423701Z"
"01KFEWM1BTSEXP7PSECNED4XH5","01KFEVMNF44NEM58ETFST7KTWM","2026-01-20T23:42:43.066848983Z",17,"2026-01-20T23:42:46.348203333Z","D","2026-01-20T23:42:46.204659674Z","01KFEVMNHFNDCGHX9QBBFN387E","2026-01-20T23:42:43.066848983Z","01KFEW78ZH0TY6JQ9J3GJMR3E3","2026-01-20T23:42:43.066848983Z","01KFEWEZYP42AF5N6JACS5HZ97","2026-01-20T23:42:43.066848983Z"
"01KFEVBE2D8BBMKVJK3032X63T","01KFEV2BZFDRZBG3Y0249RG1TW","2026-01-20T23:20:32.589103532Z",20,"2026-01-20T23:20:34.05732446Z","B","2026-01-20T23:20:34.043423148Z","01KFEV2C08ND9C9BYW8N2T146P","2026-01-20T23:20:32.589103532Z","01KFEV46YBCF5X09FCFJF4VDEY","2026-01-20T23:20:32.589103532Z","01KFEV992G0QHTRMA6CN52MSYK","2026-01-20T23:20:32.589103532Z"
"01KFEVN58C0FH450BW0YPDJX4S","01KFEV377XDCWB0CVW0E7ES8WB","2026-01-20T23:25:51.244901032Z",20,"2026-01-20T23:25:53.000726411Z","B","2026-01-20T23:25:52.98218115Z","01KFEV378FNG971PBW7B2SPNC6","2026-01-20T23:25:51.244901032Z","01KFEV82H962BNCCRXPB524628","2026-01-20T23:25:51.244901032Z","01KFEVJNRMV8QKDD2GX9TGRBPY","2026-01-20T23:25:51.244901032Z"
"01KFEVT880BSJZ3TJ17HBXC7DS","01KFEV38A01XZ4DPRPFKRE96P8","2026-01-20T23:28:38.144038829Z",7,"2026-01-20T23:28:42.626538924Z","D","2026-01-20T23:28:41.742633383Z","01KFEV38AJ2CFPYBQZ58NH0V5J","2026-01-20T23:28:38.144038829Z","01KFEVE55BQ40NXX8QW3R5RX0T","2026-01-20T23:28:38.144038829Z","01KFEVJWS2MQKSD6RZJH2QJJMQ","2026-01-20T23:28:38.144038829Z"
"01KFEWDPQHB2265JQA02FN4YCS","01KFEV38A01XZ4DPRPFKRE96P8","2026-01-20T23:39:15.569964507Z",29,"2026-01-20T23:39:19.034404651Z","C","2026-01-20T23:39:18.990493286Z","01KFEV38AJ2CFPYBQZ5JKK7PV4","2026-01-20T23:39:15.569964507Z","01KFEW2CHJQZ9TDCN78BA2VKEM","2026-01-20T23:39:15.569964507Z","01KFEW9RRQZJ10JQ2H4R3MFBWJ","2026-01-20T23:39:15.569964507Z"
"01KFEVGB00307N86RS00NYBFCX","01KFEV377XDCWB0CVW0E7ES8WB","2026-01-20T23:23:13.280854434Z",7,"2026-01-20T23:23:16.946970341Z","D","2026-01-20T23:23:16.829326873Z","01KFEV378PDZP87HXSESW6BA01","2026-01-20T23:23:13.280854434Z","01KFEV79YCQMQRJYZ004NV66QN","2026-01-20T23:23:13.280854434Z","01KFEVF1PPGM18ZSKV97STAVV2","2026-01-20T23:23:13.280854434Z"
"01KFEVMFPA8GZB8QPCV3WRGAEQ","01KFEV377XDCWB0CVW0E7ES8WB","2026-01-20T23:25:29.162152648Z",20,"2026-01-20T23:25:32.684674089Z","A","2026-01-20T23:25:32.6592803Z","01KFEV378FNG971PBW7B2SPNC6","2026-01-20T23:25:29.162152648Z","01KFEVCRBGBMN5MZZVZA8FPX1Z","2026-01-20T23:25:29.162152648Z","01KFEVJNR4936M3NZWK961C48N","2026-01-20T23:25:29.162152648Z"
"01KFEVRHVZDTJBJ5TBM80DQKGE","01KFEV38A01XZ4DPRPFKRE96P8","2026-01-20T23:27:42.463478938Z",10,"2026-01-20T23:27:55.909961569Z","B","2026-01-20T23:27:51.629084918Z","01KFEV38AJ2CFPYBQZ58NH0V5J","2026-01-20T23:27:42.463478938Z","01KFEVB815BQW2TQ29HHMDQ2FB","2026-01-20T23:27:42.463478938Z","01KFEVJWRXFH0A02EP0EXWZF8R","2026-01-20T23:27:42.463478938Z"
"01KFEVWD8C59401D03RYNPXKPF","01KFEV38A01XZ4DPRPFKRE96P8","2026-01-20T23:29:48.812734739Z",0,"2026-01-20T23:29:53.124983692Z","C","2026-01-20T23:29:51.249941676Z","01KFEV38AJ2CFPYBQZ58NH0V5J","2026-01-20T23:29:48.812734739Z","01KFEVE55BQ40NXX8QW3R5RX0T","2026-01-20T23:29:48.812734739Z","01KFEVJWSHXHZWD0VRVR4R2P45","2026-01-20T23:29:48.812734739Z"
"01KFEW78S8GW5QBN36W2V67XFP","01KFEV38GJVYY8P8B7QXSW6BTE","2026-01-20T23:35:44.680679936Z",17,"2026-01-20T23:35:50.390671988Z","D","2026-01-20T23:35:50.365078108Z","01KFEV38H48T18ZRM15RETR33C","2026-01-20T23:35:44.680679936Z","01KFEVYB6HS3VX2GA7D4G2GPMT","2026-01-20T23:35:44.680679936Z","01KFEW2K6PK2TX8PWJC4BQBRD3","2026-01-20T23:35:44.680679936Z"
"01KFEWE6M4XK299DQMNTX70NPH","01KFEV38GJVYY8P8B7QXSW6BTE","2026-01-20T23:39:31.844566259Z",0,"2026-01-20T23:39:37.417199086Z","C","2026-01-20T23:39:32.805627252Z","01KFEV38H8T2V9428VC9T7MEBA","2026-01-20T23:39:31.844566259Z","01KFEW5BKPC6PA6AD6TVFX3GTH","2026-01-20T23:39:31.844566259Z","01KFEWB954NE20KXS9TVTM9QWN","2026-01-20T23:39:31.844566259Z"
"01KFEVHY6D3DTYPNQX60E3SD0N","01KFEV377XDCWB0CVW0E7ES8WB","2026-01-20T23:24:05.709109347Z",20,"2026-01-20T23:24:11.208947071Z","A","2026-01-20T23:24:10.711228351Z","01KFEV378PDZP87HXSESW6BA01","2026-01-20T23:24:05.709109347Z","01KFEV79YCQMQRJYZ004NV66QN","2026-01-20T23:24:05.709109347Z","01KFEVF1PYG8S0P7M884KS249T","2026-01-20T23:24:05.709109347Z"
"01KFEVN7XS1A9792A0B9THDTDE","01KFEV37PBC6DGWCX0HT0QWYJR","2026-01-20T23:25:53.977271698Z",0,"2026-01-20T23:26:02.964461283Z","B","2026-01-20T23:26:02.944475991Z","01KFEV37PYV9HETXX2PSGE1RKD","2026-01-20T23:25:53.977271698Z","01KFEV8PSQBX7P1ARFP0SDDW57","2026-01-20T23:25:53.977271698Z","01KFEVKCMMB045AMAJBPJ2G93R","2026-01-20T23:25:53.977271698Z"
"01KFEW3JZE5QF1S3H5BBCJ42T2","01KFEV37PBC6DGWCX0HT0QWYJR","2026-01-20T23:33:44.046265175Z",7,"2026-01-20T23:33:48.394292918Z","D","2026-01-20T23:33:45.234023035Z","01KFEV37Q0WSYAYKWHM2EXN0DN","2026-01-20T23:33:44.046265175Z","01KFEVWYACX0Z3X7HHHK5DSTDD","2026-01-20T23:33:44.046265175Z","01KFEW0G9XAWS7DYHEE7AAN198","2026-01-20T23:33:44.046265175Z"
"01KFEW6NNA99MT7QR6RB4GRQ5M","01KFEVMN9Q125N5N16W4WNYJXF","2026-01-20T23:35:25.098439508Z",17,"2026-01-20T23:35:27.11251511Z","D","2026-01-20T23:35:27.077777359Z","01KFEVMNBC23RB4D79KEQ4G0VS","2026-01-20T23:35:25.098439508Z","01KFEVXFAQE8X4YEWXW17GBY46","2026-01-20T23:35:25.098439508Z","01KFEW3VKNJVBQR8K5WQHKN6CC","2026-01-20T23:35:25.098439508Z"
"01KFEWFF05FM1XJ6ZTC576ZNV4","01KFEV38GJVYY8P8B7QXSW6BTE","2026-01-20T23:40:13.189879131Z",19,"2026-01-20T23:40:16.677245874Z","C","2026-01-20T23:40:16.645034072Z","01KFEV38H8T2V9428VC9T7MEBA","2026-01-20T23:40:13.189879131Z","01KFEW5105FT4T963R9Z6AZ67Y","2026-01-20T23:40:13.189879131Z","01KFEWB96ZWWCJ2HWAMXTQ08FM","2026-01-20T23:40:13.189879131Z"
"01KFEWGZQ30DVK5D81PQWS2F9B","01KFEVMN9Q125N5N16W4WNYJXF","2026-01-20T23:41:03.075122513Z",20,"2026-01-20T23:41:04.739083237Z","B","2026-01-20T23:41:04.566549362Z","01KFEVMNAWK7WRWM1AMQZKX6SA","2026-01-20T23:41:03.075122513Z","01KFEW3YJBR4HT7BADWRSVJQV5","2026-01-20T23:41:03.075122513Z","01KFEWE8TE0NG0P1M4CW86GTJZ","2026-01-20T23:41:03.075122513Z"
"01KFEVW19CGR5KTJAVATJD4VRP","01KFEV38A01XZ4DPRPFKRE96P8","2026-01-20T23:29:36.556978474Z",19,"2026-01-20T23:29:39.174647097Z","C","2026-01-20T23:29:39.142134869Z","01KFEV38AJ2CFPYBQZ58NH0V5J","2026-01-20T23:29:36.556978474Z","01KFEVE55BQ40NXX8QW3R5RX0T","2026-01-20T23:29:36.556978474Z","01KFEVJWRJ3VMZ6TKNKERXD4E2","2026-01-20T23:29:36.556978474Z"
"01KFEVBQ3PTBJTHRJ32QCM4X06","01KFEV2BZFDRZBG3Y0249RG1TW","2026-01-20T23:20:41.846356325Z",20,"2026-01-20T23:20:43.142158384Z","B","2026-01-20T23:20:42.820026308Z","01KFEV2C08ND9C9BYW8N2T146P","2026-01-20T23:20:41.846356325Z","01KFEV46YBCF5X09FCFJF4VDEY","2026-01-20T23:20:41.846356325Z","01KFEV992NF1BFY2J08HK8D9F8","2026-01-20T23:20:41.846356325Z"
"01KFEVNRCCGG0Z6H7Z5HQN8YWJ","01KFEV377XDCWB0CVW0E7ES8WB","2026-01-20T23:26:10.828219953Z",20,"2026-01-20T23:26:12.789648557Z","A","2026-01-20T23:26:12.24230546Z","01KFEV378FNG971PBW7B2SPNC6","2026-01-20T23:26:10.828219953Z","01KFEVCRBGBMN5MZZVZA8FPX1Z","2026-01-20T23:26:10.828219953Z","01KFEVJNRD1MY8S8B50S9C4WM2","2026-01-20T23:26:10.828219953Z"
"01KFEVSR5Q7Q8JWAM3M791TW73","01KFEVMN9Q125N5N16W4WNYJXF","2026-01-20T23:28:21.687139191Z",29,"2026-01-20T23:28:25.681600003Z","C","2026-01-20T23:28:25.653692544Z","01KFEVMNB841AFDZFM4WSW4FTD","2026-01-20T23:28:21.687139191Z","01KFEVB2WK99SDZDFQAW6KYB9M","2026-01-20T23:28:21.687139191Z","01KFEVPNGCECZWPB3GP3PH5NGX","2026-01-20T23:28:21.687139191Z"
"01KFEVH45YR91YRSQ58GSRB858","01KFEV37CWX6SQYA0RPR0C01MW","2026-01-20T23:23:39.07093164Z",7,"2026-01-20T23:24:15.889008877Z","D","2026-01-20T23:24:15.871402165Z","01KFEV37DE991T271V0BRDHRJW","2026-01-20T23:23:39.07093164Z","01KFEV8CTFEWEE7C0ZM9KMYRSE","2026-01-20T23:23:39.07093164Z","01KFEVGBCA555S4K04AG8F2T5D","2026-01-20T23:23:39.07093164Z"
"01KFEVKZFCXV2EW7PTVG1X6FVF","01KFEV37CWX6SQYA0RPR0C01MW","2026-01-20T23:25:12.556927869Z",10,"2026-01-20T23:25:18.901988078Z","B","2026-01-20T23:25:16.688589454Z","01KFEV37DE991T271V0BRDHRJW","2026-01-20T23:25:12.556927869Z","01KFEVBZC2S6960QVT8J14HPMN","2026-01-20T23:25:12.556927869Z","01KFEVGBCTGC7HJ089TPZS8PH5","2026-01-20T23:25:12.556927869Z"
"01KFEVTHHMCM357NQC1JNRTCP7","01KFEV37CWX6SQYA0RPR0C01MW","2026-01-20T23:28:47.668364245Z",0,"2026-01-20T23:28:52.376929131Z","B","2026-01-20T23:28:52.34573684Z","01KFEV37DAAK9E08F076WKMM6J","2026-01-20T23:28:47.668364245Z","01KFEVGWWQWT7BAZNJDAAA325H","2026-01-20T23:28:47.668364245Z","01KFEVRWS00RN61XYMYX27BZTF","2026-01-20T23:28:47.668364245Z"
"01KFEWF3X4H38T7PBBF72CAJA4","01KFEVMNF44NEM58ETFST7KTWM","2026-01-20T23:40:01.828104727Z",0,"2026-01-20T23:40:31.229229068Z","C","2026-01-20T23:40:08.421414571Z","01KFEVMNHFNDCGHX9QBBFN387E","2026-01-20T23:40:01.828104727Z","01KFEW78ZH0TY6JQ9J3GJMR3E3","2026-01-20T23:40:01.828104727Z","01KFEWEZVA5M4G0VV9SW3JMCQ3","2026-01-20T23:40:01.828104727Z"
"01KFEVSFDTD7J934P959Z1YKTX","01KFEV37PBC6DGWCX0HT0QWYJR","2026-01-20T23:28:12.730134761Z",29,"2026-01-20T23:28:15.426658287Z","C","2026-01-20T23:28:13.587978779Z","01KFEV37PYV9HETXX2PSGE1RKD","2026-01-20T23:28:12.730134761Z","01KFEV8PSQBX7P1ARFP0SDDW57","2026-01-20T23:28:12.730134761Z","01KFEVKCMC5SWQG5B0D7EEAX5H","2026-01-20T23:28:12.730134761Z"
"01KFEW3DZ77HEDCGG2S5XV2XPD","01KFEV384BJYC62Y0E6AQK09K8","2026-01-20T23:33:38.919064289Z",0,"2026-01-20T23:33:41.193181638Z","B","2026-01-20T23:33:41.166900925Z","01KFEV385166A8JYCZ9G4DMHRQ","2026-01-20T23:33:38.919064289Z","01KFEVWH8M80FFRA88HYSK2ZSQ","2026-01-20T23:33:38.919064289Z","01KFEW1AKGQ270E4D2RH495YX3","2026-01-20T23:33:38.919064289Z"
"01KFEVFZQBTKB62CJYT3G5CTNH","01KFEV2BZFDRZBG3Y0249RG1TW","2026-01-20T23:23:01.73951029Z",10,"2026-01-20T23:23:04.471707974Z","B","2026-01-20T23:23:04.454148638Z","01KFEV2C0CP35QE41ZMH45J8TZ","2026-01-20T23:23:01.73951029Z","01KFEV7TATT805MEJDGTCA5NFM","2026-01-20T23:23:01.73951029Z","01KFEVB8G65XGTDB93SACT6HAB","2026-01-20T23:23:01.73951029Z"
"01KFEVHY6E8FGRY8J80RA5FK2N","01KFEV377XDCWB0CVW0E7ES8WB","2026-01-20T23:24:05.710860386Z",20,"2026-01-20T23:24:11.208947071Z","B","2026-01-20T23:24:11.192363637Z","01KFEV378PDZP87HXSESW6BA01","2026-01-20T23:24:05.710860386Z","01KFEV6V20FH8Q8TGZN4SVCF5R","2026-01-20T23:24:05.710860386Z","01KFEVF1PYG8S0P7M884KS249T","2026-01-20T23:24:05.710860386Z"
"01KFEVNHFCB11VGG2ZDDSEKSXP","01KFEV377XDCWB0CVW0E7ES8WB","2026-01-20T23:26:03.757022228Z",17,"2026-01-20T23:26:11.129561937Z","D","2026-01-20T23:26:11.103795148Z","01KFEV378H0PY96RNMJTMM0E4X","2026-01-20T23:26:03.757022228Z","01KFEV8TC8AZEPV3G36SCZ12C3","2026-01-20T23:26:03.757022228Z","01KFEVFBCEAYV4KEWZF78ZTA1K","2026-01-20T23:26:03.757022228Z"
"01KFEVP1RXEDJ6XGDC2RSGH5JB","01KFEV37PBC6DGWCX0HT0QWYJR","2026-01-20T23:26:20.445995138Z",29,"2026-01-20T23:26:29.234721012Z","C","2026-01-20T23:26:26.499997803Z","01KFEV37PYV9HETXX2PSGE1RKD","2026-01-20T23:26:20.445995138Z","01KFEVDMPGK2KG6CGRXX80WQ5A","2026-01-20T23:26:20.445995138Z","01KFEVKCN0QWK45TM5NYNV4WNH","2026-01-20T23:26:20.445995138Z"
"01KFEWCPNY09020PMF48DVPA8E","01KFEV38GJVYY8P8B7QXSW6BTE","2026-01-20T23:38:42.750779321Z",19,"2026-01-20T23:38:49.805166627Z","C","2026-01-20T23:38:49.759668946Z","01KFEV38H8T2V9428VC9T7MEBA","2026-01-20T23:38:42.750779321Z","01KFEW5BKPC6PA6AD6TVFX3GTH","2026-01-20T23:38:42.750779321Z","01KFEWB949AP0NZWRSRC3KVSY9","2026-01-20T23:38:42.750779321Z"
"01KFEWGDYWRT890HVH0T1M5FWF","01KFEV38A01XZ4DPRPFKRE96P8","2026-01-20T23:40:44.892103035Z",17,"2026-01-20T23:40:47.254341283Z","D","2026-01-20T23:40:46.059444532Z","01KFEV38AJ2CFPYBQZ5JKK7PV4","2026-01-20T23:40:44.892103035Z","01KFEW61CSGZMFE4TZ96QA9A06","2026-01-20T23:40:44.892103035Z","01KFEW9RPG7H4171T00NS0ETE6","2026-01-20T23:40:44.892103035Z"
"01KFEWHVW27FWWD48BDZSY6BH9","01KFEVMN9Q125N5N16W4WNYJXF","2026-01-20T23:41:31.906955566Z",20,"2026-01-20T23:41:32.718104034Z","A","2026-01-20T23:41:32.68236581Z","01KFEVMNAWK7WRWM1AMQZKX6SA","2026-01-20T23:41:31.906955566Z","01KFEW4NGJQK3SC6VDT657XA1V","2026-01-20T23:41:31.906955566Z","01KFEWE8VTHQXWKT1AXEXQ666A","2026-01-20T23:41:31.906955566Z"
"01KFEVTGGJWW4ZKNGTP9X08NMW","01KFEVMN9Q125N5N16W4WNYJXF","2026-01-20T23:28:46.610686852Z",17,"2026-01-20T23:28:52.465845233Z","D","2026-01-20T23:28:52.403511233Z","01KFEVMNB841AFDZFM4WSW4FTD","2026-01-20T23:28:46.610686852Z","01KFEVC3J7JCZ73BZAKH9RH61D","2026-01-20T23:28:46.610686852Z","01KFEVPNGNVYTTDG6P5ZY7AQK5","2026-01-20T23:28:46.610686852Z"
"01KFEW39THBQDEAQH7J4VYP3DK","01KFEV384BJYC62Y0E6AQK09K8","2026-01-20T23:33:34.673942163Z",20,"2026-01-20T23:33:36.837997334Z","A","2026-01-20T23:33:36.81109121Z","01KFEV385166A8JYCZ9G4DMHRQ","2026-01-20T23:33:34.673942163Z","01KFEVY502SJ2FK1Q7WFM0PHB4","2026-01-20T23:33:34.673942163Z","01KFEW1AKQX1Q335E33JXH77RT","2026-01-20T23:33:34.673942163Z"
"01KFEW3AN9FY0WQD7KY1C1RW56","01KFEV37PBC6DGWCX0HT0QWYJR","2026-01-20T23:33:35.529700344Z",10,"2026-01-20T23:33:39.487370229Z","A","2026-01-20T23:33:39.452751177Z","01KFEV37Q0WSYAYKWHM2EXN0DN","2026-01-20T23:33:35.529700344Z","01KFEVWXXVHBHP5S1AZQQ4JZFK","2026-01-20T23:33:35.529700344Z","01KFEW0G9R2CR00EMTWN25XPQE","2026-01-20T23:33:35.529700344Z"
"01KFEW3GNFSMYZ04ERJMM0VF8H","01KFEV38GJVYY8P8B7QXSW6BTE","2026-01-20T23:33:41.679229318Z",0,"2026-01-20T23:33:52.625674179Z","B","2026-01-20T23:33:46.208627268Z","01KFEV38H48T18ZRM15RETR33C","2026-01-20T23:33:41.679229318Z","01KFEVVPVMNR90RS0DGAX989B7","2026-01-20T23:33:41.679229318Z","01KFEW2K4DS1T10ZD4EFNDXX1X","2026-01-20T23:33:41.679229318Z"
"01KFEWKQMASRHV0FFC89K4WD1C","01KFEVMNF44NEM58ETFST7KTWM","2026-01-20T23:42:33.098793056Z",17,"2026-01-20T23:42:38.914465015Z","D","2026-01-20T23:42:38.872971363Z","01KFEVMNHFNDCGHX9QBBFN387E","2026-01-20T23:42:33.098793056Z","01KFEW78ZH0TY6JQ9J3GJMR3E3","2026-01-20T23:42:33.098793056Z","01KFEWEZZ027F3GXZBY5D0NC1V","2026-01-20T23:42:33.098793056Z"
"01KFEVGAFTG3FG14HYXNXSHZB2","01KFEV377XDCWB0CVW0E7ES8WB","2026-01-20T23:23:12.762250256Z",0,"2026-01-20T23:23:31.418577375Z","C","2026-01-20T23:23:16.628960658Z","01KFEV378H0PY96RNMJFNCN7TE","2026-01-20T23:23:12.762250256Z","01KFEV86DXXGMH25YQ8QC6JEB7","2026-01-20T23:23:12.762250256Z","01KFEVEHGJP52P6AE23TDFFDSM","2026-01-20T23:23:12.762250256Z"
"01KFEVWPYZYQF7NM78TSXHGN7C","01KFEV37CWX6SQYA0RPR0C01MW","2026-01-20T23:29:58.751406638Z",10,"2026-01-20T23:30:04.08747646Z","A","2026-01-20T23:30:02.34097731Z","01KFEV37DAAK9E08F076WKMM6J","2026-01-20T23:29:58.751406638Z","01KFEVH10BYAXDVW828R4A2D8P","2026-01-20T23:29:58.751406638Z","01KFEVRWSPA17ZS4W91D5DRVBE","2026-01-20T23:29:58.751406638Z"
"01KFEW7SQPWJ2VD9G56D468GWV","01KFEVMN9Q125N5N16W4WNYJXF","2026-01-20T23:36:02.03822924Z",29,"2026-01-20T23:36:03.74078573Z","C","2026-01-20T23:36:03.673313804Z","01KFEVMNBC23RB4D79KEQ4G0VS","2026-01-20T23:36:02.03822924Z","01KFEVX608THP5F5HX3GYF0X1K","2026-01-20T23:36:02.03822924Z","01KFEW3VNBMV4SFK2GGYWGCNPK","2026-01-20T23:36:02.03822924Z"
"01KFEVN5HDA15GWBJ9F15PGXEH","01KFEV37PBC6DGWCX0HT0QWYJR","2026-01-20T23:25:51.533594807Z",29,"2026-01-20T23:25:54.072616822Z","C","2026-01-20T23:25:54.044100344Z","01KFEV37PYV9HETXX2PC055NBT","2026-01-20T23:25:51.533594807Z","01KFEVBDY2YWN6DSFNFKRM8R9Z","2026-01-20T23:25:51.533594807Z","01KFEVH47RBTC8Q50RVEZJ2J6Q","2026-01-20T23:25:51.533594807Z"
"01KFEVP55R40T4NA8PHHCKQ169","01KFEV384BJYC62Y0E6AQK09K8","2026-01-20T23:26:23.928753647Z",10,"2026-01-20T23:26:28.90326148Z","B","2026-01-20T23:26:26.037373699Z","01KFEV384Y33BFECW27AH8GSGD","2026-01-20T23:26:23.928753647Z","01KFEVF34Y0A3VWJYX9367Q9EA","2026-01-20T23:26:23.928753647Z","01KFEVHAPS4X009VG0R6NVCP4C","2026-01-20T23:26:23.928753647Z"
"01KFEW305Z5KE8W21GVBBA2FYD","01KFEV384BJYC62Y0E6AQK09K8","2026-01-20T23:33:24.799618819Z",0,"2026-01-20T23:33:26.115717977Z","B","2026-01-20T23:33:25.892644355Z","01KFEV385166A8JYCZ9G4DMHRQ","2026-01-20T23:33:24.799618819Z","01KFEVY502SJ2FK1Q7WFM0PHB4","2026-01-20T23:33:24.799618819Z","01KFEW1AH3KYJV5QTKFEPKQZZX","2026-01-20T23:33:24.799618819Z"
"01KFEW2D21J1DQ0HPASTQT0TPN","01KFEV384BJYC62Y0E6AQK09K8","2026-01-20T23:33:05.217590085Z",7,"2026-01-20T23:33:09.576230814Z","D","2026-01-20T23:33:09.549578579Z","01KFEV385166A8JYCZ9G4DMHRQ","2026-01-20T23:33:05.217590085Z","01KFEVY502SJ2FK1Q7WFM0PHB4","2026-01-20T23:33:05.217590085Z","01KFEW1AGWTEZX6BMYHVQ8HP0D","2026-01-20T23:33:05.217590085Z"
"01KFEVBH7K6YN0YT0ZMCJE9YPM","01KFEV2BZFDRZBG3Y0249RG1TW","2026-01-20T23:20:35.827281699Z",20,"2026-01-20T23:20:37.197421634Z","B","2026-01-20T23:20:37.184950108Z","01KFEV2C08ND9C9BYW8N2T146P","2026-01-20T23:20:35.827281699Z","01KFEV46YBCF5X09FCFJF4VDEY","2026-01-20T23:20:35.827281699Z","01KFEV992MES5YXGH6XNCQ5224","2026-01-20T23:20:35.827281699Z"
"01KFEVQA0DDQM0AA0EB56S6NA9","01KFEV37PBC6DGWCX0HT0QWYJR","2026-01-20T23:27:01.64575423Z",10,"2026-01-20T23:27:07.58210834Z","B","2026-01-20T23:27:07.556291835Z","01KFEV37PYV9HETXX2PSGE1RKD","2026-01-20T23:27:01.64575423Z","01KFEVDMPGK2KG6CGRXX80WQ5A","2026-01-20T23:27:01.64575423Z","01KFEVKCNB3JWRWP2DH501FGGW","2026-01-20T23:27:01.64575423Z"
"01KFEVRZ446FYQ1R49Y9Q9DKWP","01KFEV37PBC6DGWCX0HT0QWYJR","2026-01-20T23:27:56.036389336Z",0,"2026-01-20T23:28:02.251911137Z","C","2026-01-20T23:27:59.518102066Z","01KFEV37PYV9HETXX2PSGE1RKD","2026-01-20T23:27:56.036389336Z","01KFEVDMPGK2KG6CGRXX80WQ5A","2026-01-20T23:27:56.036389336Z","01KFEVKCNNC4194XQX6PJZM5B6","2026-01-20T23:27:56.036389336Z"
"01KFEW3DZE3XE841Q1CQ6SDEQ7","01KFEV384BJYC62Y0E6AQK09K8","2026-01-20T23:33:38.926085897Z",0,"2026-01-20T23:33:41.193181638Z","B","2026-01-20T23:33:40.257983693Z","01KFEV385166A8JYCZ9G4DMHRQ","2026-01-20T23:33:38.926085897Z","01KFEVY502SJ2FK1Q7WFM0PHB4","2026-01-20T23:33:38.926085897Z","01KFEW1AKGQ270E4D2RH495YX3","2026-01-20T23:33:38.926085897Z"
"01KFEW46MY9MHMS2ZC43SA8KQ3","01KFEV384BJYC62Y0E6AQK09K8","2026-01-20T23:34:04.190299649Z",10,"2026-01-20T23:34:06.451460972Z","B","2026-01-20T23:34:05.28380178Z","01KFEV385166A8JYCZ9G4DMHRQ","2026-01-20T23:34:04.190299649Z","01KFEVWH8M80FFRA88HYSK2ZSQ","2026-01-20T23:34:04.190299649Z","01KFEW1AJFE0V8F0RV3DYC5PKP","2026-01-20T23:34:04.190299649Z"
"01KFEW4W5EJAW09895YZ4WYWTM","01KFEV37PBC6DGWCX0HT0QWYJR","2026-01-20T23:34:26.222442324Z",29,"2026-01-20T23:34:27.481091908Z","C","2026-01-20T23:34:27.082543186Z","01KFEV37Q0WSYAYKWHM2EXN0DN","2026-01-20T23:34:26.222442324Z","01KFEVWYACX0Z3X7HHHK5DSTDD","2026-01-20T23:34:26.222442324Z","01KFEW0GAPYHHVEVF9RP1ERMKP","2026-01-20T23:34:26.222442324Z"
"01KFEVGAFV547NX4J3BKSXBQM9","01KFEV377XDCWB0CVW0E7ES8WB","2026-01-20T23:23:12.763909717Z",0,"2026-01-20T23:23:31.418577375Z","C","2026-01-20T23:23:31.406700986Z","01KFEV378H0PY96RNMJFNCN7TE","2026-01-20T23:23:12.763909717Z","01KFEVA045MDV6WERMTEQ3VAYR","2026-01-20T23:23:12.763909717Z","01KFEVEHGJP52P6AE23TDFFDSM","2026-01-20T23:23:12.763909717Z"
"01KFEVKN797W6V44ZTYK3JSEY3","01KFEV384BJYC62Y0E6AQK09K8","2026-01-20T23:25:02.057068632Z",19,"2026-01-20T23:25:05.643799646Z","C","2026-01-20T23:25:05.623147763Z","01KFEV384Y33BFECW27AH8GSGD","2026-01-20T23:25:02.057068632Z","01KFEVCQTYNZYE4TGA9WFYBM2V","2026-01-20T23:25:02.057068632Z","01KFEVHAPDQ8SED7WGPAM28VFT","2026-01-20T23:25:02.057068632Z"
"01KFEVT71GCZG21P58SH8Z4D41","01KFEV37CWX6SQYA0RPR0C01MW","2026-01-20T23:28:36.912712597Z",10,"2026-01-20T23:28:41.459287765Z","A","2026-01-20T23:28:40.952155815Z","01KFEV37DAAK9E08F076WKMM6J","2026-01-20T23:28:36.912712597Z","01KFEVH10BYAXDVW828R4A2D8P","2026-01-20T23:28:36.912712597Z","01KFEVRWRG1NX0K3PTAJAQYB2F","2026-01-20T23:28:36.912712597Z"
"01KFEVVZVEXQPV02B73TNMRB7A","01KFEVMN9Q125N5N16W4WNYJXF","2026-01-20T23:29:35.086881935Z",29,"2026-01-20T23:29:38.396285707Z","C","2026-01-20T23:29:38.365662148Z","01KFEVMNB841AFDZFM4WSW4FTD","2026-01-20T23:29:35.086881935Z","01KFEVB2WK99SDZDFQAW6KYB9M","2026-01-20T23:29:35.086881935Z","01KFEVPNHFVEA7FM8X5XBZD9R8","2026-01-20T23:29:35.086881935Z"
"01KFEVN60HWJBAXA4P4RVKB465","01KFEV377XDCWB0CVW0E7ES8WB","2026-01-20T23:25:52.017133503Z",29,"2026-01-20T23:25:59.297663986Z","C","2026-01-20T23:25:53.414081726Z","01KFEV378H0PY96RNMJTMM0E4X","2026-01-20T23:25:52.017133503Z","01KFEV8K48Q5MVC88J4XCQXRFY","2026-01-20T23:25:52.017133503Z","01KFEVFBCAGNBZPQ8S80FVD5F6","2026-01-20T23:25:52.017133503Z"
"01KFEVNRCFAG7S2T3QBRV8J67F","01KFEV377XDCWB0CVW0E7ES8WB","2026-01-20T23:26:10.831601117Z",20,"2026-01-20T23:26:12.789648557Z","B","2026-01-20T23:26:12.770035813Z","01KFEV378FNG971PBW7B2SPNC6","2026-01-20T23:26:10.831601117Z","01KFEV82H962BNCCRXPB524628","2026-01-20T23:26:10.831601117Z","01KFEVJNRD1MY8S8B50S9C4WM2","2026-01-20T23:26:10.831601117Z"
"01KFEVP8Y7JJR48BDXG957QV2S","01KFEV37PBC6DGWCX0HT0QWYJR","2026-01-20T23:26:27.783257181Z",29,"2026-01-20T23:26:29.701553248Z","C","2026-01-20T23:26:29.383640455Z","01KFEV37PYV9HETXX2PC055NBT","2026-01-20T23:26:27.783257181Z","01KFEV9QWYR4DNTS4QCCENEARJ","2026-01-20T23:26:27.783257181Z","01KFEVH48PJZWE6P0HTZWV1EYQ","2026-01-20T23:26:27.783257181Z"
"01KFEW6Z7VATWGNJV315H3BY8A","01KFEV38GJVYY8P8B7QXSW6BTE","2026-01-20T23:35:34.90741626Z",0,"2026-01-20T23:35:36.278107192Z","C","2026-01-20T23:35:36.219707921Z","01KFEV38H48T18ZRM15RETR33C","2026-01-20T23:35:34.90741626Z","01KFEVYB6HS3VX2GA7D4G2GPMT","2026-01-20T23:35:34.90741626Z","01KFEW2K4T9ZM0JTDKSTWX94KF","2026-01-20T23:35:34.90741626Z"
"01KFEW219S3KHHX5DW0068ZJKN","01KFEV37PBC6DGWCX0HT0QWYJR","2026-01-20T23:32:53.177979501Z",17,"2026-01-20T23:32:55.316614193Z","D","2026-01-20T23:32:55.292400868Z","01KFEV37Q0WSYAYKWHM2EXN0DN","2026-01-20T23:32:53.177979501Z","01KFEVWXXVHBHP5S1AZQQ4JZFK","2026-01-20T23:32:53.177979501Z","01KFEW0G8ZZKDWGVVQH1FBRDRX","2026-01-20T23:32:53.177979501Z"
"01KFEW3JKJXGE24HXAAGY7HCBE","01KFEV384BJYC62Y0E6AQK09K8","2026-01-20T23:33:43.666090928Z",19,"2026-01-20T23:33:44.939300663Z","C","2026-01-20T23:33:44.903027918Z","01KFEV385166A8JYCZ9G4DMHRQ","2026-01-20T23:33:43.666090928Z","01KFEVY502SJ2FK1Q7WFM0PHB4","2026-01-20T23:33:43.666090928Z","01KFEW1AK7NCGSKANQ48AN6V23","2026-01-20T23:33:43.666090928Z"
"01KFEW4KPXW9MVF01XM4N91KK2","01KFEV37PBC6DGWCX0HT0QWYJR","2026-01-20T23:34:17.565124564Z",17,"2026-01-20T23:34:19.743322062Z","D","2026-01-20T23:34:19.71300012Z","01KFEV37Q0WSYAYKWHM2EXN0DN","2026-01-20T23:34:17.565124564Z","01KFEVWXXVHBHP5S1AZQQ4JZFK","2026-01-20T23:34:17.565124564Z","01KFEW0GBGGRN4S29QNK2SQ6YM","2026-01-20T23:34:17.565124564Z"
"01KFEW6VSG5K3Y8A01C4X2HMR8","01KFEV38A01XZ4DPRPFKRE96P8","2026-01-20T23:35:31.376469899Z",0,"2026-01-20T23:35:33.919364716Z","C","2026-01-20T23:35:33.885574201Z","01KFEV38AHTHHCNTDGHAJN0GXG","2026-01-20T23:35:31.376469899Z","01KFEVW9PV7SJ42VT7GTTE4SGT","2026-01-20T23:35:31.376469899Z","01KFEW29YK600XP5H2XZZBAHW4","2026-01-20T23:35:31.376469899Z"
"01KFEVDK3RTN4NSZD2CM2CR24C","01KFEV2BZFDRZBG3Y0249RG1TW","2026-01-20T23:21:43.288477055Z",0,"2026-01-20T23:21:53.904482691Z","A","2026-01-20T23:21:53.729774081Z","01KFEV2C0CP35QE41ZMH45J8TZ","2026-01-20T23:21:43.288477055Z","01KFEV7TATT805MEJDGTCA5NFM","2026-01-20T23:21:43.288477055Z","01KFEVB8FWDNBSEK2Q7T0WF7KM","2026-01-20T23:21:43.288477055Z"
"01KFEVKE0ZT12RY81B5E2RXATK","01KFEV37PBC6DGWCX0HT0QWYJR","2026-01-20T23:24:54.687678117Z",7,"2026-01-20T23:25:09.447134125Z","D","2026-01-20T23:25:01.214930947Z","01KFEV37PYV9HETXX2PSGE1RKD","2026-01-20T23:24:54.687678117Z","01KFEV8PSQBX7P1ARFP0SDDW57","2026-01-20T23:24:54.687678117Z","01KFEVKCM3HZV4EBCX9XQX5ZQ4","2026-01-20T23:24:54.687678117Z"
"01KFEVKFQN64G54T34FZ1X7S7H","01KFEV377XDCWB0CVW0E7ES8WB","2026-01-20T23:24:56.437293309Z",29,"2026-01-20T23:25:04.672952361Z","C","2026-01-20T23:24:58.19585109Z","01KFEV378H0PY96RNMJTMM0E4X","2026-01-20T23:24:56.437293309Z","01KFEV8K48Q5MVC88J4XCQXRFY","2026-01-20T23:24:56.437293309Z","01KFEVFBC4VT3BJNSHXYV9QVPD","2026-01-20T23:24:56.437293309Z"
"01KFEVP46DF6EZBYTHENXPH17X","01KFEV37PBC6DGWCX0HT0QWYJR","2026-01-20T23:26:22.925724226Z",17,"2026-01-20T23:26:25.439851795Z","D","2026-01-20T23:26:24.804269606Z","01KFEV37PYV9HETXX2PC055NBT","2026-01-20T23:26:22.925724226Z","01KFEV9QWYR4DNTS4QCCENEARJ","2026-01-20T23:26:22.925724226Z","01KFEVH48MPK9TCKTT31EZXW1C","2026-01-20T23:26:22.925724226Z"
"01KFEW8J6NG41AVKC60X1R8KHK","01KFEV38A01XZ4DPRPFKRE96P8","2026-01-20T23:36:27.093062163Z",0,"2026-01-20T23:36:29.69346673Z","C","2026-01-20T23:36:29.270057192Z","01KFEV38AHTHHCNTDGHAJN0GXG","2026-01-20T23:36:27.093062163Z","01KFEVW5WA494MRXETJ2N5XX03","2026-01-20T23:36:27.093062163Z","01KFEW2A0EJTQ1J903ZRJRFAD8","2026-01-20T23:36:27.093062163Z"
"01KFEVR2HVETKB7YRX04DVD52W","01KFEV37PBC6DGWCX0HT0QWYJR","2026-01-20T23:27:26.779471054Z",10,"2026-01-20T23:27:32.560099898Z","B","2026-01-20T23:27:28.900220672Z","01KFEV37PYV9HETXX2PSGE1RKD","2026-01-20T23:27:26.779471054Z","01KFEVDMPGK2KG6CGRXX80WQ5A","2026-01-20T23:27:26.779471054Z","01KFEVKCMEF072A8GSMNZM7WH6","2026-01-20T23:27:26.779471054Z"
"01KFEW1M4CCETZ5QY39E8K8D5C","01KFEV37PBC6DGWCX0HT0QWYJR","2026-01-20T23:32:39.692915222Z",0,"2026-01-20T23:32:50.316596208Z","C","2026-01-20T23:32:50.28472587Z","01KFEV37Q0WSYAYKWHM2EXN0DN","2026-01-20T23:32:39.692915222Z","01KFEVWXXVHBHP5S1AZQQ4JZFK","2026-01-20T23:32:39.692915222Z","01KFEW0G95HGEBJ66PJEE5BWT0","2026-01-20T23:32:39.692915222Z"
"01KFEW3G1F41G6V62SD01FQ1AG","01KFEV38A01XZ4DPRPFKRE96P8","2026-01-20T23:33:41.039481753Z",0,"2026-01-20T23:34:25.3222483Z","C","2026-01-20T23:33:44.227610276Z","01KFEV38AHTHHCNTDGHAJN0GXG","2026-01-20T23:33:41.039481753Z","01KFEVW5WA494MRXETJ2N5XX03","2026-01-20T23:33:41.039481753Z","01KFEW29XSADA32QXA2MHBZPNA","2026-01-20T23:33:41.039481753Z"
"01KFEWF5FQ1BXST4FPPNM816P7","01KFEV38GJVYY8P8B7QXSW6BTE","2026-01-20T23:40:03.448005415Z",29,"2026-01-20T23:40:05.186089674Z","C","2026-01-20T23:40:05.043873705Z","01KFEV38H8T2V9428VC9T7MEBA","2026-01-20T23:40:03.448005415Z","01KFEW5105FT4T963R9Z6AZ67Y","2026-01-20T23:40:03.448005415Z","01KFEWB967BF5HCPTFD5ASW09Z","2026-01-20T23:40:03.448005415Z"
"01KFEVH1X8MB3RZWA2VBJE4HSW","01KFEV2BZFDRZBG3Y0249RG1TW","2026-01-20T23:23:36.744515558Z",20,"2026-01-20T23:23:42.214600929Z","A","2026-01-20T23:23:42.195602314Z","01KFEV2C0CP35QE41ZMH45J8TZ","2026-01-20T23:23:36.744515558Z","01KFEV4PQ8V0QGQVX4KK2FPFJR","2026-01-20T23:23:36.744515558Z","01KFEVB8GASGJN0SSP4XXA8YGN","2026-01-20T23:23:36.744515558Z"
"01KFEVJG1423EXZ1JDHA1SDN91","01KFEV377XDCWB0CVW0E7ES8WB","2026-01-20T23:24:23.972338333Z",20,"2026-01-20T23:24:26.79862391Z","A","2026-01-20T23:24:26.301924822Z","01KFEV378PDZP87HXSESW6BA01","2026-01-20T23:24:23.972338333Z","01KFEV79YCQMQRJYZ004NV66QN","2026-01-20T23:24:23.972338333Z","01KFEVF1Q6ZK58W1T2EDJS8ZM0","2026-01-20T23:24:23.972338333Z"
"01KFEVNXEQJ35TVSRVQA495424","01KFEV377XDCWB0CVW0E7ES8WB","2026-01-20T23:26:16.023208139Z",17,"2026-01-20T23:26:20.312104839Z","D","2026-01-20T23:26:19.73791013Z","01KFEV378H0PY96RNMJTMM0E4X","2026-01-20T23:26:16.023208139Z","01KFEV8TC8AZEPV3G36SCZ12C3","2026-01-20T23:26:16.023208139Z","01KFEVFBC64AYPBZTJES2B20FR","2026-01-20T23:26:16.023208139Z"
"01KFEVP4DGXJWPBAJGZKBMC640","01KFEV377XDCWB0CVW0E7ES8WB","2026-01-20T23:26:23.152193534Z",17,"2026-01-20T23:26:27.256178085Z","D","2026-01-20T23:26:27.224557969Z","01KFEV378H0PY96RNMJTMM0E4X","2026-01-20T23:26:23.152193534Z","01KFEV8TC8AZEPV3G36SCZ12C3","2026-01-20T23:26:23.152193534Z","01KFEVFBD0577W18ZY0ZD05TA0","2026-01-20T23:26:23.152193534Z"
"01KFEW6C4AZK12V4MZFEHHCG64","01KFEVMN9Q125N5N16W4WNYJXF","2026-01-20T23:35:15.338125655Z",0,"2026-01-20T23:35:16.941048036Z","D","2026-01-20T23:35:16.798034159Z","01KFEVMNBC23RB4D79KEQ4G0VS","2026-01-20T23:35:15.338125655Z","01KFEVXFAQE8X4YEWXW17GBY46","2026-01-20T23:35:15.338125655Z","01KFEW3VKG0B17FHJX4NF0X699","2026-01-20T23:35:15.338125655Z"
"01KFEWG8VPM75JMV5GFFDM7X5Z","01KFEV38A01XZ4DPRPFKRE96P8","2026-01-20T23:40:39.670773474Z",29,"2026-01-20T23:40:42.493770324Z","C","2026-01-20T23:40:42.450427705Z","01KFEV38AJ2CFPYBQZ5JKK7PV4","2026-01-20T23:40:39.670773474Z","01KFEW2CHJQZ9TDCN78BA2VKEM","2026-01-20T23:40:39.670773474Z","01KFEW9RPTMR1X74362ZJ5HND1","2026-01-20T23:40:39.670773474Z"
"01KFEVJCDQ6C37Z3DA3G2CJKYN","01KFEV377XDCWB0CVW0E7ES8WB","2026-01-20T23:24:20.279683383Z",29,"2026-01-20T23:24:31.236525242Z","C","2026-01-20T23:24:21.093479727Z","01KFEV378H0PY96RNMJFNCN7TE","2026-01-20T23:24:20.279683383Z","01KFEV86DXXGMH25YQ8QC6JEB7","2026-01-20T23:24:20.279683383Z","01KFEVEHGS0JDSCPZNZH3BDF1M","2026-01-20T23:24:20.279683383Z"
"01KFEVRJ7C661YEDY5KZ1N3HWD","01KFEV37PBC6DGWCX0HT0QWYJR","2026-01-20T23:27:42.828571448Z",10,"2026-01-20T23:27:48.99381698Z","A","2026-01-20T23:27:48.974536146Z","01KFEV37PYV9HETXX2PSGE1RKD","2026-01-20T23:27:42.828571448Z","01KFEV8PSQBX7P1ARFP0SDDW57","2026-01-20T23:27:42.828571448Z","01KFEVKCMHNFBMSFY09QX4TGHZ","2026-01-20T23:27:42.828571448Z"
"01KFEW4R837DCHCMH6MZVA67C0","01KFEV37PBC6DGWCX0HT0QWYJR","2026-01-20T23:34:22.21121725Z",17,"2026-01-20T23:34:24.384142563Z","D","2026-01-20T23:34:23.331088496Z","01KFEV37Q0WSYAYKWHM2EXN0DN","2026-01-20T23:34:22.21121725Z","01KFEVWYACX0Z3X7HHHK5DSTDD","2026-01-20T23:34:22.21121725Z","01KFEW0GB864QKBAB0HBJ7K4K5","2026-01-20T23:34:22.21121725Z"
"01KFEW4ZH2M7D9V05RHW5HF0TS","01KFEV38GJVYY8P8B7QXSW6BTE","2026-01-20T23:34:29.666444129Z",19,"2026-01-20T23:34:35.74267517Z","C","2026-01-20T23:34:31.160981127Z","01KFEV38H48T18ZRM15RETR33C","2026-01-20T23:34:29.666444129Z","01KFEVYB6HS3VX2GA7D4G2GPMT","2026-01-20T23:34:29.666444129Z","01KFEW2K4KGKP2JV842BC1YZ2S","2026-01-20T23:34:29.666444129Z"
"01KFEVR0EJQEK36G5N8RPE18HS","01KFEV37CWX6SQYA0RPR0C01MW","2026-01-20T23:27:24.626383117Z",10,"2026-01-20T23:27:30.853122998Z","B","2026-01-20T23:27:30.190724124Z","01KFEV37DE991T271V0NJ5BY6K","2026-01-20T23:27:24.626383117Z","01KFEV7RE3Q2MQ5NN8AGQ7Y4PK","2026-01-20T23:27:24.626383117Z","01KFEVJEKCQH6K2QKDETC0SMC1","2026-01-20T23:27:24.626383117Z"
"01KFEWGRSV7M98ZET3YSKSTVE6","01KFEVMN9Q125N5N16W4WNYJXF","2026-01-20T23:40:55.995692498Z",20,"2026-01-20T23:40:57.888176107Z","A","2026-01-20T23:40:57.842365269Z","01KFEVMNAWK7WRWM1AMQZKX6SA","2026-01-20T23:40:55.995692498Z","01KFEW4NGJQK3SC6VDT657XA1V","2026-01-20T23:40:55.995692498Z","01KFEWE8SPXSSWENNJV0BH3H3G","2026-01-20T23:40:55.995692498Z"
"01KFEVT6VXKA734RS5WYWK9K7G","01KFEV37CWX6SQYA0RPR0C01MW","2026-01-20T23:28:36.733356252Z",29,"2026-01-20T23:28:42.03055228Z","C","2026-01-20T23:28:42.000253712Z","01KFEV37DE991T271V0NJ5BY6K","2026-01-20T23:28:36.733356252Z","01KFEVD9ZATE7H5N364WWPAV31","2026-01-20T23:28:36.733356252Z","01KFEVJEJTMNMZTCNAQZWM5VSK","2026-01-20T23:28:36.733356252Z"
"01KFEW423TB9TV59F9KTQ85RAZ","01KFEV384BJYC62Y0E6AQK09K8","2026-01-20T23:33:59.546204243Z",10,"2026-01-20T23:34:01.949060013Z","B","2026-01-20T23:34:00.772825914Z","01KFEV385166A8JYCZ9G4DMHRQ","2026-01-20T23:33:59.546204243Z","01KFEVWH8M80FFRA88HYSK2ZSQ","2026-01-20T23:33:59.546204243Z","01KFEW1AJQQTXG07GE8KNBNQJN","2026-01-20T23:33:59.546204243Z"
"01KFEW5ZMCJ0NP54D3PYMGP0KS","01KFEV38A01XZ4DPRPFKRE96P8","2026-01-20T23:35:02.540533785Z",0,"2026-01-20T23:35:07.653760305Z","C","2026-01-20T23:35:07.426707863Z","01KFEV38AHTHHCNTDGHAJN0GXG","2026-01-20T23:35:02.540533785Z","01KFEVW5WA494MRXETJ2N5XX03","2026-01-20T23:35:02.540533785Z","01KFEW29Y7967CG3CKQRR67MXP","2026-01-20T23:35:02.540533785Z"
"01KFEWG092247XBYVX8MTH6BKV","01KFEV38A01XZ4DPRPFKRE96P8","2026-01-20T23:40:30.882602939Z",29,"2026-01-20T23:40:37.616851339Z","C","2026-01-20T23:40:37.569913469Z","01KFEV38AJ2CFPYBQZ5JKK7PV4","2026-01-20T23:40:30.882602939Z","01KFEW2CHJQZ9TDCN78BA2VKEM","2026-01-20T23:40:30.882602939Z","01KFEW9RQ327JZV3KPAF5ZD6ZC","2026-01-20T23:40:30.882602939Z"
"01KFEWJ90TXGQ18H26NG7XP253","01KFEVMNF44NEM58ETFST7KTWM","2026-01-20T23:41:45.370840367Z",19,"2026-01-20T23:41:48.960236758Z","C","2026-01-20T23:41:47.180935967Z","01KFEVMNHFNDCGHX9QBBFN387E","2026-01-20T23:41:45.370840367Z","01KFEW6A5E0ZVTNJ585Y831423","2026-01-20T23:41:45.370840367Z","01KFEWEZXNEDY2H8JE28VJABXP","2026-01-20T23:41:45.370840367Z"
"01KFEVJ33DRWKMJXZRVD3MDSBY","01KFEV377XDCWB0CVW0E7ES8WB","2026-01-20T23:24:10.733688978Z",0,"2026-01-20T23:24:15.682526594Z","C","2026-01-20T23:24:12.024541964Z","01KFEV378H0PY96RNMJFNCN7TE","2026-01-20T23:24:10.733688978Z","01KFEV86DXXGMH25YQ8QC6JEB7","2026-01-20T23:24:10.733688978Z","01KFEVEHGVFGMMBCQD0VZCXWY0","2026-01-20T23:24:10.733688978Z"
"01KFEVJT256971NC392Z475HA8","01KFEV37CWX6SQYA0RPR0C01MW","2026-01-20T23:24:34.245855802Z",10,"2026-01-20T23:24:38.978122239Z","B","2026-01-20T23:24:38.89415886Z","01KFEV37DE991T271V0BRDHRJW","2026-01-20T23:24:34.245855802Z","01KFEVBZC2S6960QVT8J14HPMN","2026-01-20T23:24:34.245855802Z","01KFEVGBCPPHTMKKS8W8BM1ZBN","2026-01-20T23:24:34.245855802Z"
"01KFEVNXEE1Z2QP35GP7RNEVVN","01KFEV377XDCWB0CVW0E7ES8WB","2026-01-20T23:26:16.01430908Z",29,"2026-01-20T23:26:20.312104839Z","C","2026-01-20T23:26:20.288826446Z","01KFEV378H0PY96RNMJTMM0E4X","2026-01-20T23:26:16.01430908Z","01KFEV8K48Q5MVC88J4XCQXRFY","2026-01-20T23:26:16.01430908Z","01KFEVFBC64AYPBZTJES2B20FR","2026-01-20T23:26:16.01430908Z"
"01KFEVWPYSPNCE6NHHGNA672AG","01KFEV37CWX6SQYA0RPR0C01MW","2026-01-20T23:29:58.74534483Z",19,"2026-01-20T23:30:04.08747646Z","C","2026-01-20T23:30:04.046393921Z","01KFEV37DAAK9E08F076WKMM6J","2026-01-20T23:29:58.74534483Z","01KFEVGWWQWT7BAZNJDAAA325H","2026-01-20T23:29:58.74534483Z","01KFEVRWSPA17ZS4W91D5DRVBE","2026-01-20T23:29:58.74534483Z"
"01KFEVM7WPD3JWRND37ZQY08QP","01KFEV377XDCWB0CVW0E7ES8WB","2026-01-20T23:25:21.174840841Z",20,"2026-01-20T23:25:26.383366986Z","A","2026-01-20T23:25:26.359658301Z","01KFEV378FNG971PBW7B2SPNC6","2026-01-20T23:25:21.174840841Z","01KFEVCRBGBMN5MZZVZA8FPX1Z","2026-01-20T23:25:21.174840841Z","01KFEVJNQN2G8FJAT7HW3SRZEK","2026-01-20T23:25:21.174840841Z"
"01KFEW6XBDS4HZAR1JPEH9JM56","01KFEVMN9Q125N5N16W4WNYJXF","2026-01-20T23:35:32.973333948Z",17,"2026-01-20T23:35:34.759463923Z","D","2026-01-20T23:35:34.073453748Z","01KFEVMNBC23RB4D79KEQ4G0VS","2026-01-20T23:35:32.973333948Z","01KFEVXFAQE8X4YEWXW17GBY46","2026-01-20T23:35:32.973333948Z","01KFEW3VMABX27Z99XP42SDS32","2026-01-20T23:35:32.973333948Z"
"01KFEWCPNNT8C9TXGWZ14YPK22","01KFEV38GJVYY8P8B7QXSW6BTE","2026-01-20T23:38:42.742000789Z",10,"2026-01-20T23:38:49.805166627Z","B","2026-01-20T23:38:46.508090052Z","01KFEV38H8T2V9428VC9T7MEBA","2026-01-20T23:38:42.742000789Z","01KFEW5105FT4T963R9Z6AZ67Y","2026-01-20T23:38:42.742000789Z","01KFEWB949AP0NZWRSRC3KVSY9","2026-01-20T23:38:42.742000789Z"
"01KFEWJATEGEWXYXZKMPDMZDC8","01KFEVMN9Q125N5N16W4WNYJXF","2026-01-20T23:41:47.214294462Z",20,"2026-01-20T23:41:48.104167511Z","A","2026-01-20T23:41:48.071036807Z","01KFEVMNAWK7WRWM1AMQZKX6SA","2026-01-20T23:41:47.214294462Z","01KFEW4NGJQK3SC6VDT657XA1V","2026-01-20T23:41:47.214294462Z","01KFEWE8WVX74TZ8PTSRYVZGQG","2026-01-20T23:41:47.214294462Z"
"01KFEVM2PJ8JVP6S28900TYK9V","01KFEV377XDCWB0CVW0E7ES8WB","2026-01-20T23:25:15.858841746Z",29,"2026-01-20T23:25:21.899629612Z","C","2026-01-20T23:25:17.497372434Z","01KFEV378H0PY96RNMJTMM0E4X","2026-01-20T23:25:15.858841746Z","01KFEV8K48Q5MVC88J4XCQXRFY","2026-01-20T23:25:15.858841746Z","01KFEVFBC54D00BJN5ANQ39TQ9","2026-01-20T23:25:15.858841746Z"
"01KFEVM2PPN4CZYMA1MCC648FA","01KFEV377XDCWB0CVW0E7ES8WB","2026-01-20T23:25:15.862523251Z",17,"2026-01-20T23:25:21.899629612Z","D","2026-01-20T23:25:21.838457303Z","01KFEV378H0PY96RNMJTMM0E4X","2026-01-20T23:25:15.862523251Z","01KFEV8TC8AZEPV3G36SCZ12C3","2026-01-20T23:25:15.862523251Z","01KFEVFBC54D00BJN5ANQ39TQ9","2026-01-20T23:25:15.862523251Z"
"01KFEVMSTY3F6SD79Q338QZDGR","01KFEV37PBC6DGWCX0HT0QWYJR","2026-01-20T23:25:39.550249265Z",17,"2026-01-20T23:25:47.693056698Z","D","2026-01-20T23:25:47.676950686Z","01KFEV37PYV9HETXX2PSGE1RKD","2026-01-20T23:25:39.550249265Z","01KFEV8PSQBX7P1ARFP0SDDW57","2026-01-20T23:25:39.550249265Z","01KFEVKCMTAFBEY86Z8E6DFH9P","2026-01-20T23:25:39.550249265Z"
"01KFEW4KPN4D190GD0HAET3ZYV","01KFEV37PBC6DGWCX0HT0QWYJR","2026-01-20T23:34:17.557788424Z",29,"2026-01-20T23:34:19.743322062Z","C","2026-01-20T23:34:18.471990062Z","01KFEV37Q0WSYAYKWHM2EXN0DN","2026-01-20T23:34:17.557788424Z","01KFEVWYACX0Z3X7HHHK5DSTDD","2026-01-20T23:34:17.557788424Z","01KFEW0GBGGRN4S29QNK2SQ6YM","2026-01-20T23:34:17.557788424Z"
"01KFEVKZPNZT5B99P2F3YBHK7N","01KFEV377XDCWB0CVW0E7ES8WB","2026-01-20T23:25:12.789507677Z",10,"2026-01-20T23:25:16.647945409Z","A","2026-01-20T23:25:14.822140867Z","01KFEV378PDZP87HXSESW6BA01","2026-01-20T23:25:12.789507677Z","01KFEV79YCQMQRJYZ004NV66QN","2026-01-20T23:25:12.789507677Z","01KFEVF1R3DQ0JFK5FV6Y4TWRQ","2026-01-20T23:25:12.789507677Z"
"01KFEW72SPJ36BB0TDPGYM0NSQ","01KFEV38A01XZ4DPRPFKRE96P8","2026-01-20T23:35:38.550605848Z",0,"2026-01-20T23:35:41.827191042Z","C","2026-01-20T23:35:41.789837933Z","01KFEV38AHTHHCNTDGHAJN0GXG","2026-01-20T23:35:38.550605848Z","01KFEVW5WA494MRXETJ2N5XX03","2026-01-20T23:35:38.550605848Z","01KFEW29YWMS8SG0HY124EQM4K","2026-01-20T23:35:38.550605848Z"
"01KFEW8XQVZPEY7BWGY8AN73PW","01KFEV38A01XZ4DPRPFKRE96P8","2026-01-20T23:36:38.907157002Z",10,"2026-01-20T23:36:40.852443439Z","B","2026-01-20T23:36:40.799973732Z","01KFEV38AHTHHCNTDGHAJN0GXG","2026-01-20T23:36:38.907157002Z","01KFEVW9PV7SJ42VT7GTTE4SGT","2026-01-20T23:36:38.907157002Z","01KFEW29ZYEEN9EXZHWPRR43NM","2026-01-20T23:36:38.907157002Z"
"01KFEWJNXQMHJ11ZCV3C7ZF83N","01KFEVMNF44NEM58ETFST7KTWM","2026-01-20T23:41:58.583222797Z",19,"2026-01-20T23:42:02.791649411Z","C","2026-01-20T23:42:00.707438968Z","01KFEVMNHFNDCGHX9QBBFN387E","2026-01-20T23:41:58.583222797Z","01KFEW6A5E0ZVTNJ585Y831423","2026-01-20T23:41:58.583222797Z","01KFEWEZZBBNA6YGF5KBEE6WA6","2026-01-20T23:41:58.583222797Z"
"01KFEVH5CMS8D51NN4F3K2ZDSB","01KFEV37PBC6DGWCX0HT0QWYJR","2026-01-20T23:23:40.308525822Z",17,"2026-01-20T23:23:49.189333634Z","D","2026-01-20T23:23:47.800647234Z","01KFEV37PYV9HETXX2PC055NBT","2026-01-20T23:23:40.308525822Z","01KFEV9QWYR4DNTS4QCCENEARJ","2026-01-20T23:23:40.308525822Z","01KFEVH47JSXWXPCKZJ9NW3ZAE","2026-01-20T23:23:40.308525822Z"
"01KFEVX0XT1XAPSRX7PGYFBFRP","01KFEV37CWX6SQYA0RPR0C01MW","2026-01-20T23:30:08.954403185Z",0,"2026-01-20T23:30:14.634548661Z","B","2026-01-20T23:30:14.589677379Z","01KFEV37DAAK9E08F076WKMM6J","2026-01-20T23:30:08.954403185Z","01KFEVGWWQWT7BAZNJDAAA325H","2026-01-20T23:30:08.954403185Z","01KFEVRWSZ55NYP8B55399K8ZW","2026-01-20T23:30:08.954403185Z"
"01KFEW4YQ33QWFZPKA8CWEV7V9","01KFEVMN9Q125N5N16W4WNYJXF","2026-01-20T23:34:28.835118752Z",17,"2026-01-20T23:34:53.515971612Z","D","2026-01-20T23:34:53.488129567Z","01KFEVMNBC23RB4D79KEQ4G0VS","2026-01-20T23:34:28.835118752Z","01KFEVXFAQE8X4YEWXW17GBY46","2026-01-20T23:34:28.835118752Z","01KFEW3VNVZC3K3MEZH39VDAQA","2026-01-20T23:34:28.835118752Z"
"01KFEWESZ6H5KPVJNK2D496NPK","01KFEV38GJVYY8P8B7QXSW6BTE","2026-01-20T23:39:51.654373333Z",0,"2026-01-20T23:39:54.849874104Z","C","2026-01-20T23:39:54.821080036Z","01KFEV38H8T2V9428VC9T7MEBA","2026-01-20T23:39:51.654373333Z","01KFEW5BKPC6PA6AD6TVFX3GTH","2026-01-20T23:39:51.654373333Z","01KFEWB95XX5RBFNFE0SQ6DS8R","2026-01-20T23:39:51.654373333Z"
"01KFEW8J6F03ZJS28KCH5GD2EK","01KFEV38A01XZ4DPRPFKRE96P8","2026-01-20T23:36:27.087082005Z",0,"2026-01-20T23:36:29.69346673Z","C","2026-01-20T23:36:29.654955376Z","01KFEV38AHTHHCNTDGHAJN0GXG","2026-01-20T23:36:27.087082005Z","01KFEVW9PV7SJ42VT7GTTE4SGT","2026-01-20T23:36:27.087082005Z","01KFEW2A0EJTQ1J903ZRJRFAD8","2026-01-20T23:36:27.087082005Z"
"01KFEWJ913FEPSPDQ64C05FT6W","01KFEVMNF44NEM58ETFST7KTWM","2026-01-20T23:41:45.379536937Z",10,"2026-01-20T23:41:48.960236758Z","B","2026-01-20T23:41:48.915527944Z","01KFEVMNHFNDCGHX9QBBFN387E","2026-01-20T23:41:45.379536937Z","01KFEW78ZH0TY6JQ9J3GJMR3E3","2026-01-20T23:41:45.379536937Z","01KFEWEZXNEDY2H8JE28VJABXP","2026-01-20T23:41:45.379536937Z"
"01KFEVGX036YGJ641654S55GKG","01KFEV377XDCWB0CVW0E7ES8WB","2026-01-20T23:23:31.715429372Z",19,"2026-01-20T23:23:35.622686493Z","C","2026-01-20T23:23:35.607940279Z","01KFEV378PDZP87HXSESW6BA01","2026-01-20T23:23:31.715429372Z","01KFEV79YCQMQRJYZ004NV66QN","2026-01-20T23:23:31.715429372Z","01KFEVF1Q29ZX430FYZMCC884K","2026-01-20T23:23:31.715429372Z"
"01KFEVJYK36TXBHSZTXMK990RE","01KFEV384BJYC62Y0E6AQK09K8","2026-01-20T23:24:38.883606739Z",19,"2026-01-20T23:24:43.859331819Z","C","2026-01-20T23:24:40.830399191Z","01KFEV384Y33BFECW27AH8GSGD","2026-01-20T23:24:38.883606739Z","01KFEVF34Y0A3VWJYX9367Q9EA","2026-01-20T23:24:38.883606739Z","01KFEVHAP1ZGR28S54Q15ESMWZ","2026-01-20T23:24:38.883606739Z"
"01KFEVR3377GA9GREX3DEF278P","01KFEVMN9Q125N5N16W4WNYJXF","2026-01-20T23:27:27.335117109Z",0,"2026-01-20T23:27:41.418145878Z","C","2026-01-20T23:27:41.391727678Z","01KFEVMNB841AFDZFM4WSW4FTD","2026-01-20T23:27:27.335117109Z","01KFEVC3J7JCZ73BZAKH9RH61D","2026-01-20T23:27:27.335117109Z","01KFEVPNFZCX04WK3RJCDA9DSA","2026-01-20T23:27:27.335117109Z"
"01KFEW3JKQDYJWZ7KEHB401RVS","01KFEV384BJYC62Y0E6AQK09K8","2026-01-20T23:33:43.671282777Z",10,"2026-01-20T23:33:44.939300663Z","B","2026-01-20T23:33:44.818490432Z","01KFEV385166A8JYCZ9G4DMHRQ","2026-01-20T23:33:43.671282777Z","01KFEVWH8M80FFRA88HYSK2ZSQ","2026-01-20T23:33:43.671282777Z","01KFEW1AK7NCGSKANQ48AN6V23","2026-01-20T23:33:43.671282777Z"
"01KFEVS5A2CEEKX45CBH111PES","01KFEV37CWX6SQYA0RPR0C01MW","2026-01-20T23:28:02.370774032Z",20,"2026-01-20T23:28:04.897666115Z","A","2026-01-20T23:28:04.867807056Z","01KFEV37DE991T271V0NJ5BY6K","2026-01-20T23:28:02.370774032Z","01KFEV7RE3Q2MQ5NN8AGQ7Y4PK","2026-01-20T23:28:02.370774032Z","01KFEVJEKNZ510AYKA5A7669HW","2026-01-20T23:28:02.370774032Z"
"01KFEVSWEBD5QE93N652KC095W","01KFEV38A01XZ4DPRPFKRE96P8","2026-01-20T23:28:26.059199328Z",0,"2026-01-20T23:28:33.323688367Z","C","2026-01-20T23:28:33.297537952Z","01KFEV38AJ2CFPYBQZ58NH0V5J","2026-01-20T23:28:26.059199328Z","01KFEVB815BQW2TQ29HHMDQ2FB","2026-01-20T23:28:26.059199328Z","01KFEVJWS0K3DC7EYBN1SH6BCA","2026-01-20T23:28:26.059199328Z"
"01KFEWD5EG5V81J9CF5C59WA20","01KFEV38GJVYY8P8B7QXSW6BTE","2026-01-20T23:38:57.872099118Z",10,"2026-01-20T23:39:02.320143898Z","B","2026-01-20T23:39:02.282394078Z","01KFEV38H8T2V9428VC9T7MEBA","2026-01-20T23:38:57.872099118Z","01KFEW5BKPC6PA6AD6TVFX3GTH","2026-01-20T23:38:57.872099118Z","01KFEWB94KQ2XE0PFRQY8WXWM9","2026-01-20T23:38:57.872099118Z"
"01KFEW78S1RMA2SJX49YZ0T03Z","01KFEV38GJVYY8P8B7QXSW6BTE","2026-01-20T23:35:44.673371992Z",29,"2026-01-20T23:35:50.390671988Z","C","2026-01-20T23:35:45.634527682Z","01KFEV38H48T18ZRM15RETR33C","2026-01-20T23:35:44.673371992Z","01KFEVVPVMNR90RS0DGAX989B7","2026-01-20T23:35:44.673371992Z","01KFEW2K6PK2TX8PWJC4BQBRD3","2026-01-20T23:35:44.673371992Z"
"01KFEW7TZAVGHEFV4EP6GB07ZT","01KFEV38GJVYY8P8B7QXSW6BTE","2026-01-20T23:36:03.306269531Z",0,"2026-01-20T23:36:06.079869835Z","C","2026-01-20T23:36:04.70610552Z","01KFEV38H48T18ZRM15RETR33C","2026-01-20T23:36:03.306269531Z","01KFEVVPVMNR90RS0DGAX989B7","2026-01-20T23:36:03.306269531Z","01KFEW2K6EXRH56RSZWHGJ4HT4","2026-01-20T23:36:03.306269531Z"
"01KFEWBXFR0WR0TNESD8660QWZ","01KFEV38A01XZ4DPRPFKRE96P8","2026-01-20T23:38:16.952280218Z",10,"2026-01-20T23:38:26.69646432Z","B","2026-01-20T23:38:26.653612289Z","01KFEV38AJ2CFPYBQZ5JKK7PV4","2026-01-20T23:38:16.952280218Z","01KFEW61CSGZMFE4TZ96QA9A06","2026-01-20T23:38:16.952280218Z","01KFEW9RSFEJJVTBV3T46PNXTC","2026-01-20T23:38:16.952280218Z"
"01KFEVMYGPYH9PZBKX82VG17AJ","01KFEV37PBC6DGWCX0HT0QWYJR","2026-01-20T23:25:44.343024189Z",29,"2026-01-20T23:25:47.796543284Z","C","2026-01-20T23:25:45.862401829Z","01KFEV37PYV9HETXX2PC055NBT","2026-01-20T23:25:44.343024189Z","01KFEV9QWYR4DNTS4QCCENEARJ","2026-01-20T23:25:44.343024189Z","01KFEVH48F86SXRFG4F77MN5NS","2026-01-20T23:25:44.343024189Z"
"01KFEVTSWR2CY2688B8JQPB0ZS","01KFEVMN9Q125N5N16W4WNYJXF","2026-01-20T23:28:56.216058545Z",17,"2026-01-20T23:29:02.011900888Z","D","2026-01-20T23:29:01.794844079Z","01KFEVMNB841AFDZFM4WSW4FTD","2026-01-20T23:28:56.216058545Z","01KFEVC3J7JCZ73BZAKH9RH61D","2026-01-20T23:28:56.216058545Z","01KFEVPNGV8RZG6TW9YBSNA141","2026-01-20T23:28:56.216058545Z"
"01KFEW4AK0CM6T3GXXF953JKXJ","01KFEV384BJYC62Y0E6AQK09K8","2026-01-20T23:34:08.224806652Z",10,"2026-01-20T23:34:09.990852913Z","B","2026-01-20T23:34:09.303364067Z","01KFEV385166A8JYCZ9G4DMHRQ","2026-01-20T23:34:08.224806652Z","01KFEVWH8M80FFRA88HYSK2ZSQ","2026-01-20T23:34:08.224806652Z","01KFEW1AJ55D8GCPXGH2ZM6TDK","2026-01-20T23:34:08.224806652Z"
"01KFEW6J0GW0Y337R14XZQW24M","01KFEV38A01XZ4DPRPFKRE96P8","2026-01-20T23:35:21.360233783Z",10,"2026-01-20T23:35:25.903340398Z","B","2026-01-20T23:35:25.86700193Z","01KFEV38AHTHHCNTDGHAJN0GXG","2026-01-20T23:35:21.360233783Z","01KFEVW9PV7SJ42VT7GTTE4SGT","2026-01-20T23:35:21.360233783Z","01KFEW29YCZ8S174VM388XCKN4","2026-01-20T23:35:21.360233783Z"
"01KFEWDPQBX0ER4EW23ZHNBXSS","01KFEV38A01XZ4DPRPFKRE96P8","2026-01-20T23:39:15.563374906Z",17,"2026-01-20T23:39:19.034404651Z","D","2026-01-20T23:39:17.886489254Z","01KFEV38AJ2CFPYBQZ5JKK7PV4","2026-01-20T23:39:15.563374906Z","01KFEW61CSGZMFE4TZ96QA9A06","2026-01-20T23:39:15.563374906Z","01KFEW9RRQZJ10JQ2H4R3MFBWJ","2026-01-20T23:39:15.563374906Z"
"01KFEWEJ39ABTG57B8K7PDEKJ9","01KFEV38A01XZ4DPRPFKRE96P8","2026-01-20T23:39:43.593410847Z",17,"2026-01-20T23:39:53.886430866Z","D","2026-01-20T23:39:53.854797992Z","01KFEV38AJ2CFPYBQZ5JKK7PV4","2026-01-20T23:39:43.593410847Z","01KFEW61CSGZMFE4TZ96QA9A06","2026-01-20T23:39:43.593410847Z","01KFEW9RRB19NTDMQ39CJ149E9","2026-01-20T23:39:43.593410847Z"
"01KFEVETEQSSBR63TANC6HE7CP","01KFEV2BZFDRZBG3Y0249RG1TW","2026-01-20T23:22:23.575942731Z",20,"2026-01-20T23:22:28.54349116Z","B","2026-01-20T23:22:28.52432974Z","01KFEV2C0CP35QE41ZMH45J8TZ","2026-01-20T23:22:23.575942731Z","01KFEV4PQ8V0QGQVX4KK2FPFJR","2026-01-20T23:22:23.575942731Z","01KFEVB8G0C42CFSXF2A2BHMKE","2026-01-20T23:22:23.575942731Z"
"01KFEVKTMQM04XVX40MQZBS4CW","01KFEV377XDCWB0CVW0E7ES8WB","2026-01-20T23:25:07.607417229Z",0,"2026-01-20T23:25:11.240551052Z","C","2026-01-20T23:25:11.219941813Z","01KFEV378H0PY96RNMJFNCN7TE","2026-01-20T23:25:07.607417229Z","01KFEVA045MDV6WERMTEQ3VAYR","2026-01-20T23:25:07.607417229Z","01KFEVEHGQDBJ2RJG3S3R11MY8","2026-01-20T23:25:07.607417229Z"
"01KFEVNN2H6SQSWZDXBACKEKRX","01KFEV377XDCWB0CVW0E7ES8WB","2026-01-20T23:26:07.441357662Z",20,"2026-01-20T23:26:08.79823057Z","B","2026-01-20T23:26:08.777202773Z","01KFEV378FNG971PBW7B2SPNC6","2026-01-20T23:26:07.441357662Z","01KFEV82H962BNCCRXPB524628","2026-01-20T23:26:07.441357662Z","01KFEVJNRF52FGSEND6NF55RT9","2026-01-20T23:26:07.441357662Z"
"01KFEW2G4KDCXPEZBW60ZRTNBB","01KFEV37PBC6DGWCX0HT0QWYJR","2026-01-20T23:33:08.371479713Z",19,"2026-01-20T23:33:13.974833434Z","C","2026-01-20T23:33:09.136650062Z","01KFEV37Q0WSYAYKWHM2EXN0DN","2026-01-20T23:33:08.371479713Z","01KFEVWYACX0Z3X7HHHK5DSTDD","2026-01-20T23:33:08.371479713Z","01KFEW0G9JQ4V4CCAST3DCAZYQ","2026-01-20T23:33:08.371479713Z"
"01KFEW2D1SR3R3DFS42PG2ADD6","01KFEV384BJYC62Y0E6AQK09K8","2026-01-20T23:33:05.209628585Z",10,"2026-01-20T23:33:09.576230814Z","B","2026-01-20T23:33:08.735498619Z","01KFEV385166A8JYCZ9G4DMHRQ","2026-01-20T23:33:05.209628585Z","01KFEVWH8M80FFRA88HYSK2ZSQ","2026-01-20T23:33:05.209628585Z","01KFEW1AGWTEZX6BMYHVQ8HP0D","2026-01-20T23:33:05.209628585Z"
"01KFEWHQT0JWKBTSWAH2ETKE23","01KFEVMN9Q125N5N16W4WNYJXF","2026-01-20T23:41:27.744941272Z",20,"2026-01-20T23:41:30.504381997Z","B","2026-01-20T23:41:30.4611599Z","01KFEVMNAWK7WRWM1AMQZKX6SA","2026-01-20T23:41:27.744941272Z","01KFEW3YJBR4HT7BADWRSVJQV5","2026-01-20T23:41:27.744941272Z","01KFEWE8VFX5MKT559QS5XEW3G","2026-01-20T23:41:27.744941272Z"
"01KFEVB9HQ6PAVHGJ0NKXC95W1","01KFEV2BZFDRZBG3Y0249RG1TW","2026-01-20T23:20:27.959333561Z",19,"2026-01-20T23:21:13.203608407Z","C","2026-01-20T23:21:13.190259286Z","01KFEV2C0CP35QE41ZMH45J8TZ","2026-01-20T23:20:27.959333561Z","01KFEV4PQ8V0QGQVX4KK2FPFJR","2026-01-20T23:20:27.959333561Z","01KFEVB8FPPEBGT93HPZRSG1EY","2026-01-20T23:20:27.959333561Z"
"01KFEVMK8E5YFE8CASW17CA144","01KFEV37CWX6SQYA0RPR0C01MW","2026-01-20T23:25:32.814041352Z",19,"2026-01-20T23:25:36.845245022Z","C","2026-01-20T23:25:36.809386057Z","01KFEV37DE991T271V0BRDHRJW","2026-01-20T23:25:32.814041352Z","01KFEV8CTFEWEE7C0ZM9KMYRSE","2026-01-20T23:25:32.814041352Z","01KFEVGBD8T8SFCQH95NHF15WG","2026-01-20T23:25:32.814041352Z"
"01KFEVNHF8SWBVN9APDV95Q1YN","01KFEV377XDCWB0CVW0E7ES8WB","2026-01-20T23:26:03.752939063Z",29,"2026-01-20T23:26:11.129561937Z","C","2026-01-20T23:26:10.098844652Z","01KFEV378H0PY96RNMJTMM0E4X","2026-01-20T23:26:03.752939063Z","01KFEV8K48Q5MVC88J4XCQXRFY","2026-01-20T23:26:03.752939063Z","01KFEVFBCEAYV4KEWZF78ZTA1K","2026-01-20T23:26:03.752939063Z"
"01KFEVT82EP1X2HXCFA3425HDY","01KFEVMN9Q125N5N16W4WNYJXF","2026-01-20T23:28:37.966487056Z",29,"2026-01-20T23:28:41.78963858Z","C","2026-01-20T23:28:41.758887326Z","01KFEVMNB841AFDZFM4WSW4FTD","2026-01-20T23:28:37.966487056Z","01KFEVB2WK99SDZDFQAW6KYB9M","2026-01-20T23:28:37.966487056Z","01KFEVPNGFQYEVQ3XPBR3QGGJZ","2026-01-20T23:28:37.966487056Z"
"01KFEW4FWBYZGH69ZDHV4SP4Q2","01KFEV37PBC6DGWCX0HT0QWYJR","2026-01-20T23:34:13.64368682Z",0,"2026-01-20T23:34:15.860232821Z","D","2026-01-20T23:34:15.828147959Z","01KFEV37Q0WSYAYKWHM2EXN0DN","2026-01-20T23:34:13.64368682Z","01KFEVWXXVHBHP5S1AZQQ4JZFK","2026-01-20T23:34:13.64368682Z","01KFEW0GAZ5DP9RP3YRAEEZFCY","2026-01-20T23:34:13.64368682Z"
"01KFEV9A0XG40PP2XY4ASR68MV","01KFEV2BZFDRZBG3Y0249RG1TW","2026-01-20T23:19:22.909834134Z",20,"2026-01-20T23:19:27.233000638Z","B","2026-01-20T23:19:27.221132733Z","01KFEV2C08ND9C9BYW8N2T146P","2026-01-20T23:19:22.909834134Z","01KFEV46YBCF5X09FCFJF4VDEY","2026-01-20T23:19:22.909834134Z","01KFEV9921HAKCJZWRN603XZDD","2026-01-20T23:19:22.909834134Z"
"01KFEVHAZEPRVGFBHHNWGS161Z","01KFEV377XDCWB0CVW0E7ES8WB","2026-01-20T23:23:46.030436741Z",0,"2026-01-20T23:23:52.964495014Z","C","2026-01-20T23:23:52.95097037Z","01KFEV378H0PY96RNMJFNCN7TE","2026-01-20T23:23:46.030436741Z","01KFEVA045MDV6WERMTEQ3VAYR","2026-01-20T23:23:46.030436741Z","01KFEVEHGBCMP7V8TCE6N6N4MW","2026-01-20T23:23:46.030436741Z"
"01KFEVKZGE4KQ874W51ST3NSXX","01KFEV377XDCWB0CVW0E7ES8WB","2026-01-20T23:25:12.590259122Z",0,"2026-01-20T23:25:13.858080994Z","C","2026-01-20T23:25:13.500989064Z","01KFEV378H0PY96RNMJFNCN7TE","2026-01-20T23:25:12.590259122Z","01KFEV86DXXGMH25YQ8QC6JEB7","2026-01-20T23:25:12.590259122Z","01KFEVEHGP0J883B9NZZXAN747","2026-01-20T23:25:12.590259122Z"
"01KFEW418SZDQ53A4G94T8GKSM","01KFEV37PBC6DGWCX0HT0QWYJR","2026-01-20T23:33:58.681492049Z",17,"2026-01-20T23:34:03.601795271Z","D","2026-01-20T23:34:01.547696605Z","01KFEV37Q0WSYAYKWHM2EXN0DN","2026-01-20T23:33:58.681492049Z","01KFEVWYACX0Z3X7HHHK5DSTDD","2026-01-20T23:33:58.681492049Z","01KFEW0GBS72KYHGYA38PRV8M7","2026-01-20T23:33:58.681492049Z"
"01KFEWH960T8GB5CYWH5AKFFD6","01KFEVMNF44NEM58ETFST7KTWM","2026-01-20T23:41:12.768426496Z",29,"2026-01-20T23:41:17.420113812Z","C","2026-01-20T23:41:14.876585779Z","01KFEVMNHFNDCGHX9QBBFN387E","2026-01-20T23:41:12.768426496Z","01KFEW6A5E0ZVTNJ585Y831423","2026-01-20T23:41:12.768426496Z","01KFEWEZX1QCKQJZPSQCFEKWPP","2026-01-20T23:41:12.768426496Z"
"01KFEVHA2XE0K6CYYE981ZDJ7M","01KFEV377XDCWB0CVW0E7ES8WB","2026-01-20T23:23:45.117035697Z",0,"2026-01-20T23:23:53.953716716Z","C","2026-01-20T23:23:53.937120186Z","01KFEV378H0PY96RNMJTMM0E4X","2026-01-20T23:23:45.117035697Z","01KFEV8TC8AZEPV3G36SCZ12C3","2026-01-20T23:23:45.117035697Z","01KFEVFBC119EVVS3DCZ8BFX5M","2026-01-20T23:23:45.117035697Z"
"01KFEVJCDMSA6T290WX1MNC02C","01KFEV377XDCWB0CVW0E7ES8WB","2026-01-20T23:24:20.276865623Z",17,"2026-01-20T23:24:31.236525242Z","D","2026-01-20T23:24:30.273938343Z","01KFEV378H0PY96RNMJFNCN7TE","2026-01-20T23:24:20.276865623Z","01KFEVA045MDV6WERMTEQ3VAYR","2026-01-20T23:24:20.276865623Z","01KFEVEHGS0JDSCPZNZH3BDF1M","2026-01-20T23:24:20.276865623Z"
"01KFEVN60NEQ8W0YH89FAD5ZCN","01KFEV377XDCWB0CVW0E7ES8WB","2026-01-20T23:25:52.021530617Z",17,"2026-01-20T23:25:59.297663986Z","D","2026-01-20T23:25:59.277840912Z","01KFEV378H0PY96RNMJTMM0E4X","2026-01-20T23:25:52.021530617Z","01KFEV8TC8AZEPV3G36SCZ12C3","2026-01-20T23:25:52.021530617Z","01KFEVFBCAGNBZPQ8S80FVD5F6","2026-01-20T23:25:52.021530617Z"
"01KFEW3YSSA8HKAG3362HHBDTQ","01KFEV38GJVYY8P8B7QXSW6BTE","2026-01-20T23:33:56.153877814Z",19,"2026-01-20T23:34:22.060063395Z","C","2026-01-20T23:33:59.078955512Z","01KFEV38H48T18ZRM15RETR33C","2026-01-20T23:33:56.153877814Z","01KFEVYB6HS3VX2GA7D4G2GPMT","2026-01-20T23:33:56.153877814Z","01KFEW2K3YS06VARVY9G44T7TD","2026-01-20T23:33:56.153877814Z"
"01KFEVMFJANT961E2BKPWVDQ73","01KFEV377XDCWB0CVW0E7ES8WB","2026-01-20T23:25:29.034652422Z",29,"2026-01-20T23:25:32.319321864Z","C","2026-01-20T23:25:32.296180957Z","01KFEV378PDZP87HXSESW6BA01","2026-01-20T23:25:29.034652422Z","01KFEV79YCQMQRJYZ004NV66QN","2026-01-20T23:25:29.034652422Z","01KFEVF1QPFHJRQAHKCB8DRQ6Y","2026-01-20T23:25:29.034652422Z"
"01KFEVVTVPHSM4VAVRS7MP1X8A","01KFEV37CWX6SQYA0RPR0C01MW","2026-01-20T23:29:29.974901976Z",0,"2026-01-20T23:29:39.275727115Z","C","2026-01-20T23:29:34.932265591Z","01KFEV37DAAK9E08F076WKMM6J","2026-01-20T23:29:29.974901976Z","01KFEVH10BYAXDVW828R4A2D8P","2026-01-20T23:29:29.974901976Z","01KFEVRWS6SQ4NE2BVQ7YM3A1B","2026-01-20T23:29:29.974901976Z"
"01KFEW78GA0846ZVBRVFM1P9NS","01KFEV38A01XZ4DPRPFKRE96P8","2026-01-20T23:35:44.394273791Z",29,"2026-01-20T23:35:49.02533203Z","C","2026-01-20T23:35:46.482819141Z","01KFEV38AHTHHCNTDGHAJN0GXG","2026-01-20T23:35:44.394273791Z","01KFEVW9PV7SJ42VT7GTTE4SGT","2026-01-20T23:35:44.394273791Z","01KFEW29Z465YRECJRGWFN7MQK","2026-01-20T23:35:44.394273791Z"
"01KFEWM1BH5N3R92ACZE9Q7RVV","01KFEVMNF44NEM58ETFST7KTWM","2026-01-20T23:42:43.057440761Z",29,"2026-01-20T23:42:46.348203333Z","C","2026-01-20T23:42:46.301964668Z","01KFEVMNHFNDCGHX9QBBFN387E","2026-01-20T23:42:43.057440761Z","01KFEW6A5E0ZVTNJ585Y831423","2026-01-20T23:42:43.057440761Z","01KFEWEZYP42AF5N6JACS5HZ97","2026-01-20T23:42:43.057440761Z"
"01KFEVJ7AA4ZGGC5HNRGW10K64","01KFEV384BJYC62Y0E6AQK09K8","2026-01-20T23:24:15.050352774Z",17,"2026-01-20T23:24:20.087120688Z","D","2026-01-20T23:24:19.608577799Z","01KFEV384Y33BFECW27AH8GSGD","2026-01-20T23:24:15.050352774Z","01KFEVCQTYNZYE4TGA9WFYBM2V","2026-01-20T23:24:15.050352774Z","01KFEVHANZWYMMJ585A25SK7SB","2026-01-20T23:24:15.050352774Z"
"01KFEVRRX7TJ7KXY2W5C792TGN","01KFEV37CWX6SQYA0RPR0C01MW","2026-01-20T23:27:49.671251697Z",0,"2026-01-20T23:27:58.940360968Z","C","2026-01-20T23:27:51.776761795Z","01KFEV37DE991T271V0NJ5BY6K","2026-01-20T23:27:49.671251697Z","01KFEV7RE3Q2MQ5NN8AGQ7Y4PK","2026-01-20T23:27:49.671251697Z","01KFEVJEKGMYFZA2VJEASABFYY","2026-01-20T23:27:49.671251697Z"
"01KFEVXY6WWD0NZ0JX3G8EYFP2","01KFEV37CWX6SQYA0RPR0C01MW","2026-01-20T23:30:38.9410318Z",17,"2026-01-20T23:30:47.434379448Z","D","2026-01-20T23:30:42.220488591Z","01KFEV37DAAK9E08F076WKMM6J","2026-01-20T23:30:38.9410318Z","01KFEVH10BYAXDVW828R4A2D8P","2026-01-20T23:30:38.9410318Z","01KFEVRWT61HC9BSHHM7YRQS2Z","2026-01-20T23:30:38.9410318Z"
"01KFEW64V8KG09PMESWSP4A8EH","01KFEVMN9Q125N5N16W4WNYJXF","2026-01-20T23:35:07.880330887Z",0,"2026-01-20T23:35:13.396325461Z","D","2026-01-20T23:35:13.35449815Z","01KFEVMNBC23RB4D79KEQ4G0VS","2026-01-20T23:35:07.880330887Z","01KFEVX608THP5F5HX3GYF0X1K","2026-01-20T23:35:07.880330887Z","01KFEW3VK8TWZN9VVEZ77C4AM8","2026-01-20T23:35:07.880330887Z"
