"id","advice","adviceLastChangedAt","bonus","bonusLastChangedAt","endReason","endReasonLastChangedAt","ended","endedLastChangedAt","exitStep","exitStepLastChangedAt","exitStepDone","exitStepDoneLastChangedAt","exitSurvey","exitSurveyLastChangedAt","gameID","gameIDLastChangedAt","intro","introLastChangedAt","introDone","introDoneLastChangedAt","participantID","participantIDLastChangedAt","participantIdentifier","participantIdentifierLastChangedAt","treatment","treatmentLastChangedAt","treatmentName","treatmentNameLastChangedAt","urlParams","urlParamsLastChangedAt","writtenPlan","writtenPlanLastChangedAt"
"01KFEE85J92QXNE2691FZPHW2Z","{""advice"":""Try to get the best outcome for yourself.""}","2026-01-20T19:33:31.845540189Z",128,"2026-01-20T19:39:35.080013442Z","","","game ended","2026-01-20T19:39:56.099804744Z",1,"2026-01-20T19:40:30.467782139Z","","","{""adviceFollowed"":"""",""partnerAdvice"":""The same as me, trying to get the best outcome for them"",""feedback"":""""}","2026-01-20T19:40:30.471264478Z","01KFEDCCBDJ82W4YK2PN7VDTAX","2026-01-20T19:33:46.29336445Z",3,"2026-01-20T19:33:31.992639867Z","true","2026-01-20T19:34:53.138728573Z","01KFEE84ZGCY92ZBJ5F13KCWWK","2026-01-20T19:31:34.089910809Z","5f9e4fcd32203d402fdfeb9c","2026-01-20T19:31:34.089910809Z","{""advice"":""Try to get the best outcome for yourself."",""adviceType"":""noCG"",""chatEnabled"":false,""numRounds"":13,""playerCount"":2}","2026-01-20T19:31:34.099742112Z","noCG_selfish","2026-01-20T19:31:34.099742112Z","{""PROLIFIC_PID"":""5f9e4fcd32203d402fdfeb9c"",""STUDY_ID"":""696b2a594b14c2160fb1e6bf"",""SESSION_ID"":""696fd7f6e4c753e840ac3bdd""}","2026-01-20T19:31:34.410812206Z","{""plan"":""I will choose B, because I think the other person is going to go for C, so we will have different colors this way. Also, if the person decides to go for orange color, I think they will probably choose A.""}","2026-01-20T19:34:52.993322527Z"
"01KFEF0J7C8417B13N1313JGSZ","{""advice"":""Try to get the best outcome for yourself.""}","2026-01-20T19:51:44.849793881Z",219,"2026-01-20T19:54:20.764313743Z","","","game ended","2026-01-20T19:54:29.896142394Z",1,"2026-01-20T19:55:49.832588969Z","","","{""adviceFollowed"":""Yes, we both picked selections to maximize our own profit, while being beneficial to each other too."",""partnerAdvice"":"""",""feedback"":""After the initial page, I waited for about 4 minutes on a blank screen, then was taken to an instruction page before loading into the game. The initial 4 minute wait I thought was a bug.""}","2026-01-20T19:55:49.836631041Z","01KFEDCCHH44R979H37GT2B68J","2026-01-20T19:44:53.496665809Z",3,"2026-01-20T19:51:44.928806947Z","true","2026-01-20T19:52:12.833731536Z","01KFEF0HYBVHQEFYMNGWBPTJP8","2026-01-20T19:44:53.484687848Z","5e00927797234bc6b5389173","2026-01-20T19:44:53.484687848Z","{""advice"":""Try to get the best outcome for yourself."",""adviceType"":""CG"",""numRounds"":13,""playerCount"":2}","2026-01-20T19:44:53.496665809Z","CG_selfish","2026-01-20T19:44:53.496665809Z","{""PROLIFIC_PID"":""5e00927797234bc6b5389173"",""STUDY_ID"":""696fda5e11dcb61d45eea559"",""SESSION_ID"":""696fdb1c1a4f878d1c7f5632""}","2026-01-20T19:44:53.657126774Z","{""plan"":""I will try to get the best outcome for myself. But I also want to help my partner when possible.""}","2026-01-20T19:52:12.838658189Z"
"01KFEFB7KJED56AXX5RHJAHZFZ","{""advice"":""Try to find an outcome that's fair for both of you.""}","2026-01-20T19:52:02.505689669Z",140,"2026-01-20T19:56:46.020792717Z","","","game ended","2026-01-20T19:57:03.152175319Z",1,"2026-01-20T19:58:33.643854912Z","","","{""adviceFollowed"":""yes, I feel that we both followed the advice. I did try to switch it up a bit to see if he or she would also change but I got best results when I kept my choice constant"",""partnerAdvice"":"""",""feedback"":""no""}","2026-01-20T19:58:33.639967206Z","01KFEDC9FF7T49EPA99GZDGH84","2026-01-20T19:52:19.441170975Z",3,"2026-01-20T19:52:02.502621166Z","true","2026-01-20T19:53:21.811427619Z","01KFEFB6G317DG2J50W9F8S9K6","2026-01-20T19:50:43.058776384Z","668d47c713ff36650d859118","2026-01-20T19:50:43.058776384Z","{""advice"":""Try to find an outcome that's fair for both of you."",""adviceType"":""CG"",""chatEnabled"":false,""numRounds"":13,""playerCount"":2}","2026-01-20T19:50:43.069923935Z","CG_cooperate","2026-01-20T19:50:43.069923935Z","{""PROLIFIC_PID"":""668d47c713ff36650d859118"",""STUDY_ID"":""696fda5e11dcb61d45eea559"",""SESSION_ID"":""696fdb982a2f081926ae9506""}","2026-01-20T19:50:43.628110878Z","{""plan"":""lets pick A and B. its fair that way, ""}","2026-01-20T19:53:21.768633773Z"
"01KFEFADJR1SXTG9225WD5SFVJ","{""advice"":""Try to get the best outcome for yourself.""}","2026-01-20T19:51:02.816130089Z",210,"2026-01-20T19:54:20.764313743Z","","","game ended","2026-01-20T19:54:29.896142394Z",1,"2026-01-20T19:54:59.328472053Z","","","{""adviceFollowed"":""Yes we seemed to be in sync"",""partnerAdvice"":"""",""feedback"":""It was fun""}","2026-01-20T19:54:59.324144461Z","01KFEDCCHH44R979H37GT2B68J","2026-01-20T19:50:16.41936756Z",3,"2026-01-20T19:51:02.819614549Z","true","2026-01-20T19:51:24.901766866Z","01KFEFADF0ZZ1YCP9M1YQWYCQ7","2026-01-20T19:50:16.40835959Z","5f285dc5b09b3715fa20a14c","2026-01-20T19:50:16.40835959Z","{""advice"":""Try to get the best outcome for yourself."",""adviceType"":""CG"",""numRounds"":13,""playerCount"":2}","2026-01-20T19:50:16.41936756Z","CG_selfish","2026-01-20T19:50:16.41936756Z","{""PROLIFIC_PID"":""5f285dc5b09b3715fa20a14c"",""STUDY_ID"":""696fda5e11dcb61d45eea559"",""SESSION_ID"":""696fdc23f1321e2b7731da7f""}","2026-01-20T19:50:16.504642542Z","{""plan"":""I plan on parking in B""}","2026-01-20T19:51:24.898859146Z"
"01KFEEJDGDWEMZQAHJH9Z7FVC3","{""advice"":""Try to find an outcome that's fair for both of you.""}","2026-01-20T19:39:50.99329729Z",166,"2026-01-20T19:42:59.19166563Z","","","game ended","2026-01-20T19:43:10.618356283Z",1,"2026-01-20T19:43:46.301950842Z","","","{""adviceFollowed"":"""",""partnerAdvice"":""the same advice i got, to find something fair for both"",""feedback"":""No""}","2026-01-20T19:43:46.29810541Z","01KFEDCCHJADFRJT5F5VJ9ST9F","2026-01-20T19:39:51.800818736Z",3,"2026-01-20T19:39:50.995846294Z","true","2026-01-20T19:40:21.488382666Z","01KFEEJCTSZ985HBZ0CXBSKBJR","2026-01-20T19:37:09.901411919Z","60fa6f5d0c4ef9c26538f610","2026-01-20T19:37:09.901411919Z","{""advice"":""Try to find an outcome that's fair for both of you."",""adviceType"":""noCG"",""chatEnabled"":false,""numRounds"":13,""playerCount"":2}","2026-01-20T19:37:09.911707526Z","noCG_cooperate","2026-01-20T19:37:09.911707526Z","{""PROLIFIC_PID"":""60fa6f5d0c4ef9c26538f610"",""STUDY_ID"":""696b2a594b14c2160fb1e6bf"",""SESSION_ID"":""696fd7fec37ee28b403cefbb""}","2026-01-20T19:37:10.24804165Z","{""plan"":""maybe i would park in A""}","2026-01-20T19:40:21.48541088Z"
"01KFEE7Q9A8CN1TS35QENG1JN7","{""advice"":""Try to get the best outcome for yourself.""}","2026-01-20T19:32:27.50950937Z",116,"2026-01-20T19:37:07.853502952Z","","","game ended","2026-01-20T19:37:43.491998558Z",1,"2026-01-20T19:38:20.276045516Z","","","{""adviceFollowed"":"""",""partnerAdvice"":""The same advice that i received "",""feedback"":""""}","2026-01-20T19:38:20.292353221Z","01KFEDCB85NRAF0XG25ABR62N5","2026-01-20T19:32:21.178465592Z",3,"2026-01-20T19:32:27.704308089Z","true","2026-01-20T19:33:41.906789857Z","01KFEE7PF3SCD6C1GF85BTSWGZ","2026-01-20T19:31:19.466620572Z","63e59ee5226fa6bbe1be8ecf","2026-01-20T19:31:19.466620572Z","{""advice"":""Try to get the best outcome for yourself."",""adviceType"":""noCG"",""chatEnabled"":false,""numRounds"":13,""playerCount"":2}","2026-01-20T19:31:19.47775134Z","noCG_selfish","2026-01-20T19:31:19.47775134Z","{""PROLIFIC_PID"":""63e59ee5226fa6bbe1be8ecf"",""STUDY_ID"":""696b2a594b14c2160fb1e6bf"",""SESSION_ID"":""696fd7e4dd3a78105ce0bab8""}","2026-01-20T19:31:19.919406592Z","{""plan"":""My game plan is to consistently try and pick the different colour from my partner each time.""}","2026-01-20T19:33:41.890383878Z"
"01KFEDRBWHPV4A332ZXM2PZSR4","{""advice"":""Try to find an outcome that's fair for both of you.""}","2026-01-20T19:25:36.326005525Z",146,"2026-01-20T19:30:50.313563071Z","","","game ended","2026-01-20T19:31:05.754994043Z",1,"2026-01-20T19:33:52.566853362Z","","","{""adviceFollowed"":"""",""partnerAdvice"":""I honestly don't know because their choices seemed to be all over the place. "",""feedback"":""The amounts I earnt for my choices didn't seem to match up to the instructions/what was shown in the cards?\n\nI changed my gameplan whilst I was waiting for the game to start BTW. I decided that just swapping between choices B and C would be the easiest pattern for my partner to spot, and I thought it would yield us the highest points total, so I went for that. ""}","2026-01-20T19:33:52.564686292Z","01KFEDCB197E7YMN5STVXKHS22","2026-01-20T19:24:42.171578635Z",3,"2026-01-20T19:25:36.329900683Z","true","2026-01-20T19:27:06.547219804Z","01KFEDRB3TWKA6B7SNR12S8V8E","2026-01-20T19:22:56.273901324Z","615eda024a5f84f408625b4f","2026-01-20T19:22:56.273901324Z","{""advice"":""Try to find an outcome that's fair for both of you."",""adviceType"":""noCG"",""chatEnabled"":false,""numRounds"":13,""playerCount"":2}","2026-01-20T19:22:56.281448082Z","noCG_cooperate","2026-01-20T19:22:56.281448082Z","{""PROLIFIC_PID"":""615eda024a5f84f408625b4f"",""STUDY_ID"":""696b2a594b14c2160fb1e6bf"",""SESSION_ID"":""696fd5e6f4b4b6e0fbfb3c0b""}","2026-01-20T19:22:56.603115768Z","{""plan"":""I can't remember how many rounds there are...my plan is to pick A or B for half of the rounds, and then I'm going to go on C for the remainder of the rounds. My hope is that my partner will accept a 50/50 split once they've realised I'm going to be on C for the rest of the rounds if you know what I mean? ""}","2026-01-20T19:27:06.542212055Z"
"01KFEDQK6ZX4EYK4N5S5CFQ5FY","{""advice"":""Try to get the best outcome for yourself.""}","2026-01-20T19:25:30.93744102Z",149,"2026-01-20T19:29:08.118525719Z","","","game ended","2026-01-20T19:29:26.276964482Z",1,"2026-01-20T19:30:41.15959769Z","","","{""adviceFollowed"":""I am not sure if we both followed the advice "",""partnerAdvice"":"""",""feedback"":""This game is affected by what my partner thinks. ""}","2026-01-20T19:30:41.162826228Z","01KFEDCC2JDADMPT5RVP2N7S0X","2026-01-20T19:22:31.017556836Z",3,"2026-01-20T19:25:30.933563608Z","true","2026-01-20T19:26:36.585668536Z","01KFEDQJZPKDXWT894807M80ZF","2026-01-20T19:22:31.007100296Z","60027aa9e860e7265bfabacf","2026-01-20T19:22:31.007100296Z","{""advice"":""Try to get the best outcome for yourself."",""adviceType"":""CG"",""numRounds"":13,""playerCount"":2}","2026-01-20T19:22:31.017556836Z","CG_selfish","2026-01-20T19:22:31.017556836Z","{""PROLIFIC_PID"":""60027aa9e860e7265bfabacf"",""STUDY_ID"":""696b2a594b14c2160fb1e6bf"",""SESSION_ID"":""696fd5ca66e0ff7c32293b07""}","2026-01-20T19:22:31.168567694Z","{""plan"":""Maximize my earning. Aim to park in C, A, B D""}","2026-01-20T19:26:36.589436445Z"
"01KFEE6KZQR5PP1P0PS1XNKJRD","{""advice"":""Try to get the best outcome for yourself.""}","2026-01-20T19:33:03.912093303Z",212,"2026-01-20T19:39:35.080013442Z","","","game ended","2026-01-20T19:39:56.099804744Z",1,"2026-01-20T19:40:43.079293631Z","","","{""adviceFollowed"":"""",""partnerAdvice"":""I think it was try to be fair to optimise points but not to be selfish."",""feedback"":""""}","2026-01-20T19:40:43.076256432Z","01KFEDCCBDJ82W4YK2PN7VDTAX","2026-01-20T19:33:46.29336445Z",3,"2026-01-20T19:33:03.915428111Z","true","2026-01-20T19:34:32.285442377Z","01KFEE6K5Y2A489T24PXENAT6R","2026-01-20T19:30:43.319068611Z","5b421b9ac2e3810001763252","2026-01-20T19:30:43.319068611Z","{""advice"":""Try to get the best outcome for yourself."",""adviceType"":""noCG"",""chatEnabled"":false,""numRounds"":13,""playerCount"":2}","2026-01-20T19:30:43.329684016Z","noCG_selfish","2026-01-20T19:30:43.329684016Z","{""PROLIFIC_PID"":""5b421b9ac2e3810001763252"",""STUDY_ID"":""696b2a594b14c2160fb1e6bf"",""SESSION_ID"":""696fd748491e97a61d7a3714""}","2026-01-20T19:30:43.640227724Z","{""plan"":""I want to try to maximise the best points allocation but want to be mindful also. I want to try to get the best outcome for me and my partner and somehow try to work out the game play but also try to get the best amount of points and potential bonus.""}","2026-01-20T19:34:32.282956779Z"
"01KFEEMRW7PPKZGT4SNXBV2JSZ","{""advice"":""Try to get the best outcome for yourself.""}","2026-01-20T19:39:53.903912999Z",69,"2026-01-20T19:44:26.765800555Z","","","game ended","2026-01-20T19:44:44.365894831Z",NA,"","","","","","01KFEDCCBE716PRHN8Q6NQV6ZT","2026-01-20T19:38:27.091293485Z",3,"2026-01-20T19:39:53.907017597Z","true","2026-01-20T19:40:43.642096923Z","01KFEEMRNJZKTTEW9JR3K9570P","2026-01-20T19:38:27.079653831Z","60309a142458094108f37f73","2026-01-20T19:38:27.079653831Z","{""advice"":""Try to get the best outcome for yourself."",""adviceType"":""CG"",""numRounds"":13,""playerCount"":2}","2026-01-20T19:38:27.091293485Z","CG_selfish","2026-01-20T19:38:27.091293485Z","{""PROLIFIC_PID"":""60309a142458094108f37f73"",""STUDY_ID"":""696b2a594b14c2160fb1e6bf"",""SESSION_ID"":""696fd921c87f99da86f8a758""}","2026-01-20T19:38:27.19888336Z","{""plan"":""I'll pick the least desirable option first and then the odd options just for probability ""}","2026-01-20T19:40:43.644990573Z"
"01KFEDNRR64JDCJYA79FBRE8X8","{""advice"":""Try to find an outcome that's fair for both of you.""}","2026-01-20T19:24:00.744902487Z",339,"2026-01-20T19:27:02.712322369Z","","","game ended","2026-01-20T19:27:14.077072113Z",1,"2026-01-20T19:27:41.454719981Z","","","{""adviceFollowed"":"""",""partnerAdvice"":""Pick the same spot all the time"",""feedback"":""na""}","2026-01-20T19:27:41.450457985Z","01KFEDCC2JDADMPT5RVZQ93BA8","2026-01-20T19:21:31.149989328Z",3,"2026-01-20T19:24:00.748975745Z","true","2026-01-20T19:24:42.16495843Z","01KFEDNRJACZ1N2NPWQ7AQ15PD","2026-01-20T19:21:31.143011159Z","5cd8996bdf739100011b1f3e","2026-01-20T19:21:31.143011159Z","{""advice"":""Try to find an outcome that's fair for both of you."",""adviceType"":""noCG"",""chatEnabled"":false,""numRounds"":13,""playerCount"":2}","2026-01-20T19:21:31.149989328Z","noCG_cooperate","2026-01-20T19:21:31.149989328Z","{""PROLIFIC_PID"":""5cd8996bdf739100011b1f3e"",""STUDY_ID"":""696b2a594b14c2160fb1e6bf"",""SESSION_ID"":""696fd593ceb08bf6a5c496b6""}","2026-01-20T19:21:31.264046128Z","{""plan"":""I will try to predict where my partner is going to go, and not park there.""}","2026-01-20T19:24:42.160512602Z"
"01KFEDNQAB8C2AFG7D4ZXA4K64","{""advice"":""Try to get the best outcome for yourself.""}","2026-01-20T19:22:49.641957776Z",260,"2026-01-20T19:29:08.118525719Z","","","game ended","2026-01-20T19:29:26.276964482Z",NA,"","","","","","01KFEDCC2JDADMPT5RVP2N7S0X","2026-01-20T19:21:29.691574109Z",3,"2026-01-20T19:22:49.640690537Z","true","2026-01-20T19:23:48.870966197Z","01KFEDNP38PAFTRGT6BVEDN94Z","2026-01-20T19:21:29.675694719Z","5a62653a63394a000155489f","2026-01-20T19:21:29.675694719Z","{""advice"":""Try to get the best outcome for yourself."",""adviceType"":""CG"",""numRounds"":13,""playerCount"":2}","2026-01-20T19:21:29.691574109Z","CG_selfish","2026-01-20T19:21:29.691574109Z","{""PROLIFIC_PID"":""5a62653a63394a000155489f"",""STUDY_ID"":""696b2a594b14c2160fb1e6bf"",""SESSION_ID"":""696fd4fe9c0e32696cf90e04""}","2026-01-20T19:21:30.300686541Z","{""plan"":""Considering the fact that the other player has been told to get the best outcome for themselves too, i think i'll trial the higher paying spot but then move on to the orange spots and see how that goes, rather than being greedy and clashing i'd rather get a lower pay out than none at all. ""}","2026-01-20T19:23:48.871573796Z"
"01KFEDZFSW9KBCS8VJN8KBS8T4","{""advice"":""Try to find an outcome that's fair for both of you.""}","2026-01-20T19:28:08.462051158Z",125,"2026-01-20T19:30:50.313563071Z","","","game ended","2026-01-20T19:31:05.754994043Z",1,"2026-01-20T19:31:28.799793544Z","","","{""adviceFollowed"":"""",""partnerAdvice"":""to be fair also "",""feedback"":""""}","2026-01-20T19:31:28.790203866Z","01KFEDCB197E7YMN5STVXKHS22","2026-01-20T19:26:49.669612176Z",3,"2026-01-20T19:28:08.463148727Z","true","2026-01-20T19:28:27.471419693Z","01KFEDZF5CDXE8VXWGY35YVF59","2026-01-20T19:26:49.660668872Z","671a528fe9658f0a32bd55ce","2026-01-20T19:26:49.660668872Z","{""advice"":""Try to find an outcome that's fair for both of you."",""adviceType"":""noCG"",""chatEnabled"":false,""numRounds"":13,""playerCount"":2}","2026-01-20T19:26:49.669612176Z","noCG_cooperate","2026-01-20T19:26:49.669612176Z","{""PROLIFIC_PID"":""671a528fe9658f0a32bd55ce"",""STUDY_ID"":""696b2a594b14c2160fb1e6bf"",""SESSION_ID"":""696fd673f72b7072b7b41b92""}","2026-01-20T19:26:49.909456268Z","{""plan"":""i plan to be fair and not greedy""}","2026-01-20T19:28:27.45997645Z"
"01KFEEMXPGKZB6AS6D6H40GZ8R","{""advice"":""Try to get the best outcome for yourself.""}","2026-01-20T19:41:10.974891076Z",69,"2026-01-20T19:44:26.765800555Z","","","game ended","2026-01-20T19:44:44.365894831Z",NA,"","","","","","01KFEDCCBE716PRHN8Q6NQV6ZT","2026-01-20T19:38:32.026142381Z",3,"2026-01-20T19:41:10.97205437Z","true","2026-01-20T19:41:58.966595504Z","01KFEEMWNFCYYC8GR4CQCM05K8","2026-01-20T19:38:32.016098872Z","60205f5ba5fe0165fa0e5e01","2026-01-20T19:38:32.016098872Z","{""advice"":""Try to get the best outcome for yourself."",""adviceType"":""CG"",""numRounds"":13,""playerCount"":2}","2026-01-20T19:38:32.026142381Z","CG_selfish","2026-01-20T19:38:32.026142381Z","{""PROLIFIC_PID"":""60205f5ba5fe0165fa0e5e01"",""STUDY_ID"":""696b2a594b14c2160fb1e6bf"",""SESSION_ID"":""696fd95666e0ff7c32293b42""}","2026-01-20T19:38:32.691873729Z","{""plan"":""i will try to avoid parking at C""}","2026-01-20T19:41:58.960560598Z"
"01KFEEKE9WXRZWBRXYDQ5J10WV","{""advice"":""Try to find an outcome that's fair for both of you.""}","2026-01-20T19:39:57.80045118Z",289,"2026-01-20T19:42:59.19166563Z","","","game ended","2026-01-20T19:43:10.618356283Z",1,"2026-01-20T19:43:48.863933354Z","","","{""adviceFollowed"":"""",""partnerAdvice"":""Same as mine"",""feedback"":""None""}","2026-01-20T19:43:48.860521306Z","01KFEDCCHJADFRJT5F5VJ9ST9F","2026-01-20T19:39:51.800818736Z",3,"2026-01-20T19:39:57.80326829Z","true","2026-01-20T19:40:30.822550918Z","01KFEEKD5XWRGGTEGZPN2A03WW","2026-01-20T19:37:43.484526503Z","65095768590182c41a8e8efe","2026-01-20T19:37:43.484526503Z","{""advice"":""Try to find an outcome that's fair for both of you."",""adviceType"":""noCG"",""chatEnabled"":false,""numRounds"":13,""playerCount"":2}","2026-01-20T19:37:43.500311654Z","noCG_cooperate","2026-01-20T19:37:43.500311654Z","{""PROLIFIC_PID"":""65095768590182c41a8e8efe"",""STUDY_ID"":""696b2a594b14c2160fb1e6bf"",""SESSION_ID"":""696fd754b627700538812b83""}","2026-01-20T19:37:44.052025462Z","{""plan"":""Park on either orange spot for equal pay""}","2026-01-20T19:40:30.818443171Z"
"01KFEE07X889KRR9ZR3BVZBWD6","{""advice"":""Try to get the best outcome for yourself.""}","2026-01-20T19:31:18.091474236Z",120,"2026-01-20T19:35:59.236013431Z","","","game ended","2026-01-20T19:36:11.155267307Z",1,"2026-01-20T19:36:30.252381763Z","","","{""adviceFollowed"":"""",""partnerAdvice"":""i have no idea"",""feedback"":""""}","2026-01-20T19:36:30.24956945Z","01KFEDCB15BD0TYD7H0V6YZGSZ","2026-01-20T19:27:14.355312108Z",3,"2026-01-20T19:31:18.094263806Z","true","2026-01-20T19:32:16.746952292Z","01KFEE07FQ8DG0J2E0F13XT7D8","2026-01-20T19:27:14.344309332Z","612399c71548ff3b47e406e8","2026-01-20T19:27:14.344309332Z","{""advice"":""Try to get the best outcome for yourself."",""adviceType"":""noCG"",""chatEnabled"":false,""numRounds"":13,""playerCount"":2}","2026-01-20T19:27:14.355312108Z","noCG_selfish","2026-01-20T19:27:14.355312108Z","{""PROLIFIC_PID"":""612399c71548ff3b47e406e8"",""STUDY_ID"":""696b2a594b14c2160fb1e6bf"",""SESSION_ID"":""696fd6d773ec55214ceb2b8b""}","2026-01-20T19:27:14.615823845Z","{""plan"":""I will try to earn the highest bonus that I can.""}","2026-01-20T19:32:16.744373838Z"
"01KFEFBH5ZZ770WWH7HK9VAC9K","{""advice"":""Try to get the best outcome for yourself.""}","2026-01-20T19:52:19.616985798Z",156,"2026-01-20T19:55:41.963885503Z","","","game ended","2026-01-20T19:55:54.270805918Z",1,"2026-01-20T19:56:58.233335644Z","","","{""adviceFollowed"":""Yes. But there was no pattern, I think he was doing it randomly too."",""partnerAdvice"":"""",""feedback"":""That game was awesome. No problem.""}","2026-01-20T19:56:58.228158143Z","01KFEDCAVZJC7DD4AH1RF6NR9W","2026-01-20T19:52:12.890992089Z",3,"2026-01-20T19:52:19.619931447Z","true","2026-01-20T19:53:08.895862675Z","01KFEFBGH8RW6E7BRSSQ7RFTXG","2026-01-20T19:50:52.863748504Z","67341b607b7ab78bc222464e","2026-01-20T19:50:52.863748504Z","{""advice"":""Try to get the best outcome for yourself."",""adviceType"":""CG"",""numRounds"":13,""playerCount"":2}","2026-01-20T19:50:52.880169715Z","CG_selfish","2026-01-20T19:50:52.880169715Z","{""PROLIFIC_PID"":""67341b607b7ab78bc222464e"",""STUDY_ID"":""696fda5e11dcb61d45eea559"",""SESSION_ID"":""696fdb195b509f8e75b23a24""}","2026-01-20T19:50:53.220223483Z","{""plan"":""I'm gonna do it randomly, without any pattern following.""}","2026-01-20T19:53:08.891950802Z"
"01KFEFG8GX8B9102EGAWCJ2ZB0","{""advice"":""Try to find an outcome that's fair for both of you.""}","2026-01-20T19:55:20.312073748Z",204,"2026-01-20T20:00:26.723072681Z","","","game ended","2026-01-20T20:00:47.400383216Z",1,"2026-01-20T20:01:10.349711823Z","","","{""adviceFollowed"":"""",""partnerAdvice"":""always be fair"",""feedback"":""""}","2026-01-20T20:01:10.345317171Z","01KFEDCAVZJC7DD4AH1B24TEC6","2026-01-20T19:53:27.848620425Z",3,"2026-01-20T19:55:20.30810649Z","true","2026-01-20T19:56:20.205085878Z","01KFEFG7FA20943VYP15TDBP6Y","2026-01-20T19:53:27.837056855Z","60ca0b60979a23c83652c303","2026-01-20T19:53:27.837056855Z","{""advice"":""Try to find an outcome that's fair for both of you."",""adviceType"":""noCG"",""chatEnabled"":false,""numRounds"":13,""playerCount"":2}","2026-01-20T19:53:27.848620425Z","noCG_cooperate","2026-01-20T19:53:27.848620425Z","{""PROLIFIC_PID"":""60ca0b60979a23c83652c303"",""STUDY_ID"":""696b2a594b14c2160fb1e6bf"",""SESSION_ID"":""696fd9df7cbc2fc755b479a5""}","2026-01-20T19:53:28.434613043Z","{""plan"":""make sure to park in different spot""}","2026-01-20T19:56:20.209235407Z"
"01KFEE2B09J1P0X60NY0EGT3C2","{""advice"":""Try to get the best outcome for yourself.""}","2026-01-20T19:30:34.430347614Z",228,"2026-01-20T19:35:59.236013431Z","","","game ended","2026-01-20T19:36:11.155267307Z",1,"2026-01-20T19:37:24.73902333Z","","","{""adviceFollowed"":"""",""partnerAdvice"":""I do not know"",""feedback"":""It was fun.No problems at all""}","2026-01-20T19:37:24.736515123Z","01KFEDCB15BD0TYD7H0V6YZGSZ","2026-01-20T19:28:23.058899612Z",3,"2026-01-20T19:30:34.431923348Z","true","2026-01-20T19:32:21.15930558Z","01KFEE2ACXPHC38DNZ3TMPHHS6","2026-01-20T19:28:23.049732799Z","646d238ec077fb64c0294bd8","2026-01-20T19:28:23.049732799Z","{""advice"":""Try to get the best outcome for yourself."",""adviceType"":""noCG"",""chatEnabled"":false,""numRounds"":13,""playerCount"":2}","2026-01-20T19:28:23.058899612Z","noCG_selfish","2026-01-20T19:28:23.058899612Z","{""PROLIFIC_PID"":""646d238ec077fb64c0294bd8"",""STUDY_ID"":""696b2a594b14c2160fb1e6bf"",""SESSION_ID"":""696fd70b156b0fd7468f0ad7""}","2026-01-20T19:28:23.36934642Z","{""plan"":""I will aim to park in the same spot as the other player. i would assume they will park in the highest paid spot ,so I will do the same""}","2026-01-20T19:32:21.151880738Z"
"01KFEDKABYH5MEPJ95J3ZMZNRM","{""advice"":""Try to find an outcome that's fair for both of you.""}","2026-01-20T19:23:50.01608214Z",201,"2026-01-20T19:27:02.712322369Z","","","game ended","2026-01-20T19:27:14.077072113Z",1,"2026-01-20T19:27:52.254545382Z","","","{""adviceFollowed"":"""",""partnerAdvice"":""park in different spots same color"",""feedback"":""no""}","2026-01-20T19:27:52.255713988Z","01KFEDCC2JDADMPT5RVZQ93BA8","2026-01-20T19:20:10.888109673Z",3,"2026-01-20T19:23:50.067529523Z","true","2026-01-20T19:24:38.363865359Z","01KFEDKA3Y1PM5Y45E13JG78CF","2026-01-20T19:20:10.878855532Z","692fb49abfbfb4f63628156f","2026-01-20T19:20:10.878855532Z","{""advice"":""Try to find an outcome that's fair for both of you."",""adviceType"":""noCG"",""chatEnabled"":false,""numRounds"":13,""playerCount"":2}","2026-01-20T19:20:10.888109673Z","noCG_cooperate","2026-01-20T19:20:10.888109673Z","{""PROLIFIC_PID"":""692fb49abfbfb4f63628156f"",""STUDY_ID"":""696b2a594b14c2160fb1e6bf"",""SESSION_ID"":""696fd513237feb7ca7fdacba""}","2026-01-20T19:20:11.021122114Z","{""plan"":""Park in different spots with the same color""}","2026-01-20T19:24:38.36330834Z"
"01KFEE2GDYZKFQF2HSAA1FMRTA","{""advice"":""Try to get the best outcome for yourself.""}","2026-01-20T19:31:59.269377444Z",74,"2026-01-20T19:37:07.853502952Z","","","game ended","2026-01-20T19:37:43.491998558Z",1,"2026-01-20T19:38:40.473649393Z","","","{""adviceFollowed"":"""",""partnerAdvice"":""same strategy as mine"",""feedback"":""""}","2026-01-20T19:38:40.476256671Z","01KFEDCB85NRAF0XG25ABR62N5","2026-01-20T19:32:21.178465592Z",3,"2026-01-20T19:31:59.379143436Z","true","2026-01-20T19:33:46.276796231Z","01KFEE2EQW70NFNCPZCC41QW72","2026-01-20T19:28:28.606714848Z","66b1e0b7b5b01d4289b4260b","2026-01-20T19:28:28.606714848Z","{""advice"":""Try to get the best outcome for yourself."",""adviceType"":""noCG"",""chatEnabled"":false,""numRounds"":13,""playerCount"":2}","2026-01-20T19:28:28.64532809Z","noCG_selfish","2026-01-20T19:28:28.64532809Z","{""PROLIFIC_PID"":""66b1e0b7b5b01d4289b4260b"",""STUDY_ID"":""696b2a594b14c2160fb1e6bf"",""SESSION_ID"":""696fd64070ebbcdae2890971""}","2026-01-20T19:28:29.394769458Z","{""plan"":""My plan is aiming to park in different spots.""}","2026-01-20T19:33:46.281073542Z"
"01KFEF0XCN2JDQQD559T0PP43B","{""advice"":""Try to get the best outcome for yourself.""}","2026-01-20T19:51:18.797634931Z",231,"2026-01-20T19:55:41.963885503Z","","","game ended","2026-01-20T19:55:54.270805918Z",1,"2026-01-20T19:57:04.323727813Z","","","{""adviceFollowed"":""No, we didn't made the correct choice some of the times"",""partnerAdvice"":"""",""feedback"":""The webpage wasn't loading at the begining""}","2026-01-20T19:57:04.328072503Z","01KFEDCAVZJC7DD4AH1RF6NR9W","2026-01-20T19:52:12.890992089Z",3,"2026-01-20T19:51:18.805044485Z","true","2026-01-20T19:52:32.278540288Z","01KFEF0WV8W2QCQDKVM2DRD2DN","2026-01-20T19:45:04.917140713Z","5cae3bdf3f4c8f0017ef8902","2026-01-20T19:45:04.917140713Z","{""advice"":""Try to get the best outcome for yourself."",""adviceType"":""CG"",""numRounds"":13,""playerCount"":2}","2026-01-20T19:45:04.930077728Z","CG_selfish","2026-01-20T19:45:04.930077728Z","{""PROLIFIC_PID"":""5cae3bdf3f4c8f0017ef8902"",""STUDY_ID"":""696fda5e11dcb61d45eea559"",""SESSION_ID"":""696fdb17f573fb11af086cac""}","2026-01-20T19:45:05.221885269Z","{""plan"":""I will always park in C unless my partner keeps parking it there, if he does that, I will park in A or B""}","2026-01-20T19:52:32.28248382Z"
"01KFEFBN24Q9S7DG3606EXV8XC","{""advice"":""Try to find an outcome that's fair for both of you.""}","2026-01-20T19:52:17.913701507Z",182,"2026-01-20T19:56:46.020792717Z","","","game ended","2026-01-20T19:57:03.152175319Z",1,"2026-01-20T19:57:50.536588219Z","","","{""adviceFollowed"":""certainly i think we worked okm as a team"",""partnerAdvice"":"""",""feedback"":""Thank you for this invite""}","2026-01-20T19:57:50.532457069Z","01KFEDC9FF7T49EPA99GZDGH84","2026-01-20T19:52:19.441170975Z",3,"2026-01-20T19:52:17.910158266Z","true","2026-01-20T19:53:19.810670893Z","01KFEFBMKPQTQ16GZCT94CQ0G5","2026-01-20T19:50:56.836161988Z","5b70d5cf48302c0001ba0771","2026-01-20T19:50:56.836161988Z","{""advice"":""Try to find an outcome that's fair for both of you."",""adviceType"":""CG"",""chatEnabled"":false,""numRounds"":13,""playerCount"":2}","2026-01-20T19:50:56.850353643Z","CG_cooperate","2026-01-20T19:50:56.850353643Z","{""PROLIFIC_PID"":""5b70d5cf48302c0001ba0771"",""STUDY_ID"":""696fda5e11dcb61d45eea559"",""SESSION_ID"":""696fdc02a7aa6d61b18de165""}","2026-01-20T19:50:57.097795055Z","{""plan"":""We need to find parking spots that are fair to each other with regards to earnings....by picking the highest value all the time clashes will happen""}","2026-01-20T19:53:19.81469936Z"
"01KFEFE9N9CHB9632BFKRF4P6F","{""advice"":""Try to find an outcome that's fair for both of you.""}","2026-01-20T19:52:57.411943658Z",177,"2026-01-20T20:00:26.723072681Z","","","game ended","2026-01-20T20:00:47.400383216Z",1,"2026-01-20T20:01:08.671535782Z","","","{""adviceFollowed"":"""",""partnerAdvice"":""to get the most money"",""feedback"":""""}","2026-01-20T20:01:08.667846994Z","01KFEDCAVZJC7DD4AH1B24TEC6","2026-01-20T19:52:23.475687505Z",3,"2026-01-20T19:52:57.417756321Z","true","2026-01-20T19:53:23.131947088Z","01KFEFE8TVXKC8BQ8VAT3PGNAN","2026-01-20T19:52:23.465617297Z","640106276a808bdba519eb05","2026-01-20T19:52:23.465617297Z","{""advice"":""Try to find an outcome that's fair for both of you."",""adviceType"":""noCG"",""chatEnabled"":false,""numRounds"":13,""playerCount"":2}","2026-01-20T19:52:23.475687505Z","noCG_cooperate","2026-01-20T19:52:23.475687505Z","{""PROLIFIC_PID"":""640106276a808bdba519eb05"",""STUDY_ID"":""696fda5e11dcb61d45eea559"",""SESSION_ID"":""696fdb2c8b7f811e6273bfe4""}","2026-01-20T19:52:23.82282528Z","{""plan"":""I will try to find a way both me and my partner can get equal money""}","2026-01-20T19:53:23.129664046Z"
"01KFEKEX3VSEJ79DPFZ13BZNQ0","{""advice"":""Try to find an outcome that's fair for both of you.""}","2026-01-20T21:03:20.46268709Z",252,"2026-01-20T21:10:12.495113292Z","","","game ended","2026-01-20T21:10:33.860688786Z",1,"2026-01-20T21:11:19.434805721Z","","","{""adviceFollowed"":""Yes,my partner and I choose spots that's fair for both of us mostly "",""partnerAdvice"":"""",""feedback"":""""}","2026-01-20T21:11:19.469765702Z","01KFEJ5D5EZSQZ1FHTABW8Z6HQ","2026-01-20T21:02:37.754443135Z",3,"2026-01-20T21:03:20.482278366Z","true","2026-01-20T21:03:56.863321547Z","01KFEKEW0QVBAJXY2Q6EAHN38E","2026-01-20T21:02:37.69105612Z","67d12dfbc6a360590f4d24e9","2026-01-20T21:02:37.69105612Z","{""advice"":""Try to find an outcome that's fair for both of you."",""adviceType"":""CG"",""chatEnabled"":false,""numRounds"":13,""playerCount"":2}","2026-01-20T21:02:37.754443135Z","CG_cooperate","2026-01-20T21:02:37.754443135Z","{""PROLIFIC_PID"":""67d12dfbc6a360590f4d24e9"",""STUDY_ID"":""696fda5e11dcb61d45eea559"",""SESSION_ID"":""696fed4a5ba7467cc4cd230a""}","2026-01-20T21:02:38.358225742Z","{""plan"":""I will start with the highest amount then see what my partner chooses ""}","2026-01-20T21:03:56.884695252Z"
"01KFEHS8J7P9EEBTK2FBSRFBQT","{""advice"":""Try to get the best outcome for yourself.""}","2026-01-20T20:34:25.534810563Z",70,"2026-01-20T20:43:40.405719838Z","","","game ended","2026-01-20T20:44:01.552441556Z",1,"2026-01-20T20:44:30.868991242Z","","","{""adviceFollowed"":""They played aggressively "",""partnerAdvice"":"""",""feedback"":""no ""}","2026-01-20T20:44:30.854646018Z","01KFEHAKMDAJRN7M0QA4VDJCGY","2026-01-20T20:36:41.263627001Z",3,"2026-01-20T20:34:25.669799123Z","true","2026-01-20T20:37:02.350241014Z","01KFEHS82FRCGRSJZ645HKQXZ4","2026-01-20T20:33:19.9438341Z","5efb49177e130c0785b93842","2026-01-20T20:33:19.9438341Z","{""advice"":""Try to get the best outcome for yourself."",""adviceType"":""CG"",""numRounds"":13,""playerCount"":2}","2026-01-20T20:33:19.958912151Z","CG_selfish","2026-01-20T20:33:19.958912151Z","{""PROLIFIC_PID"":""5efb49177e130c0785b93842"",""STUDY_ID"":""696fda5e11dcb61d45eea559"",""SESSION_ID"":""696fe4b0eb74d7bef44b3c14""}","2026-01-20T20:33:20.203862172Z","{""plan"":""Avoid parking in the same spot as the partner. A bonus depends on the colour choices made.""}","2026-01-20T20:37:02.336768222Z"
"01KFEKGBZDDR87QG9CGWE37DKP","{""advice"":""Try to find an outcome that's fair for both of you.""}","2026-01-20T21:05:10.478944051Z",139,"2026-01-20T21:11:11.151842245Z","","","game ended","2026-01-20T21:11:21.449098963Z",1,"2026-01-20T21:12:41.882387973Z","","","{""adviceFollowed"":"""",""partnerAdvice"":""They were often choosing C because they wanted to earn \""easy\"" points,  while lowering the risks."",""feedback"":""No additional comments, thank you.""}","2026-01-20T21:12:41.845075294Z","01KFEKHXG0QSJ727TF9BK0CVWT","2026-01-20T21:07:52.428885293Z",3,"2026-01-20T21:05:10.615651052Z","true","2026-01-20T21:07:54.046576298Z","01KFEKGBDQBTMYZ2BP79PQM1K2","2026-01-20T21:03:25.677724704Z","64e218df1a2b314bcf5c6269","2026-01-20T21:03:25.677724704Z","{""advice"":""Try to find an outcome that's fair for both of you."",""adviceType"":""noCG"",""chatEnabled"":false,""numRounds"":13,""playerCount"":2}","2026-01-20T21:03:25.715222332Z","noCG_cooperate","2026-01-20T21:03:25.715222332Z","{""PROLIFIC_PID"":""64e218df1a2b314bcf5c6269"",""STUDY_ID"":""696fda5e11dcb61d45eea559"",""SESSION_ID"":""696fed3f074c8ab4855aaa8d""}","2026-01-20T21:03:26.015892718Z","{""plan"":""I'll try to park in a spot with the same color to maximize my chances of earning the 10 MU bonus.""}","2026-01-20T21:07:54.003790327Z"
"01KFEKGNPQS5RBR06H121JR9K1","{""advice"":""Try to find an outcome that's fair for both of you.""}","2026-01-20T21:04:27.680694058Z",186,"2026-01-20T21:09:40.766922614Z","","","game ended","2026-01-20T21:09:53.926152274Z",1,"2026-01-20T21:10:16.717059279Z","","","{""adviceFollowed"":""yes we both chose favourable outcomes"",""partnerAdvice"":"""",""feedback"":""""}","2026-01-20T21:10:16.74915219Z","01KFEJ5E9BF1S7ZWGC98397B4G","2026-01-20T21:04:06.765028371Z",3,"2026-01-20T21:04:27.773135563Z","true","2026-01-20T21:04:46.995548655Z","01KFEKGN96HMN65VW8HZYK76DZ","2026-01-20T21:03:35.639366205Z","57c357770e6a1f00015f6038","2026-01-20T21:03:35.639366205Z","{""advice"":""Try to find an outcome that's fair for both of you."",""adviceType"":""CG"",""chatEnabled"":false,""numRounds"":13,""playerCount"":2}","2026-01-20T21:03:35.698684315Z","CG_cooperate","2026-01-20T21:03:35.698684315Z","{""PROLIFIC_PID"":""57c357770e6a1f00015f6038"",""STUDY_ID"":""696fda5e11dcb61d45eea559"",""SESSION_ID"":""696fed77d2f527f5a4a7e250""}","2026-01-20T21:03:35.862842581Z","{""plan"":""Park in A for consistency - assume partner parks in C""}","2026-01-20T21:04:46.968340568Z"
"01KFEJ9C86SAQ3FA5GXN0A1JWJ","{""advice"":""Try to find an outcome that's fair for both of you.""}","2026-01-20T20:45:35.794929327Z",142,"2026-01-20T20:54:16.371219003Z","","","game ended","2026-01-20T20:54:46.989090364Z",1,"2026-01-20T20:56:40.578532009Z","","","{""adviceFollowed"":""Yes, I believe my partner and I followed the advice given well"",""partnerAdvice"":"""",""feedback"":""Add somewhere we can chat with my partner""}","2026-01-20T20:56:40.5607812Z","01KFEHAMATV7GY0NQF17M2P0MD","2026-01-20T20:44:19.406453361Z",3,"2026-01-20T20:45:36.05416706Z","true","2026-01-20T20:46:56.057551231Z","01KFEJ9B179Z0P76BT1TP9F15R","2026-01-20T20:42:08.006803576Z","664b659386921be78bcfc4d8","2026-01-20T20:42:08.006803576Z","{""advice"":""Try to find an outcome that's fair for both of you."",""adviceType"":""CG"",""chatEnabled"":false,""numRounds"":13,""playerCount"":2}","2026-01-20T20:42:08.028723613Z","CG_cooperate","2026-01-20T20:42:08.028723613Z","{""PROLIFIC_PID"":""664b659386921be78bcfc4d8"",""STUDY_ID"":""696fda5e11dcb61d45eea559"",""SESSION_ID"":""696fe8088077dc2f7147bba1""}","2026-01-20T20:42:08.54478505Z","{""plan"":""i will be packing my car in slot B.""}","2026-01-20T20:46:55.838469934Z"
"01KFEM7WBDAJE6T5GGXJ4D59J9","{""advice"":""Try to get the best outcome for yourself.""}","2026-01-20T21:18:44.004982978Z",220,"2026-01-20T21:23:55.165158628Z","","","game ended","2026-01-20T21:24:41.524102199Z",1,"2026-01-20T21:24:58.636157058Z","","","{""adviceFollowed"":"""",""partnerAdvice"":""To work as a team"",""feedback"":""""}","2026-01-20T21:24:58.572536887Z","01KFEKHX0GFP3226G2XP5V5QA7","2026-01-20T21:16:16.182488558Z",3,"2026-01-20T21:18:44.157699375Z","true","2026-01-20T21:19:03.76672284Z","01KFEM7VVBR5QQWM2RBFS85QM5","2026-01-20T21:16:16.1094488Z","65c7bfe1f18e2110daddde16","2026-01-20T21:16:16.1094488Z","{""advice"":""Try to get the best outcome for yourself."",""adviceType"":""noCG"",""chatEnabled"":false,""numRounds"":13,""playerCount"":2}","2026-01-20T21:16:16.182488558Z","noCG_selfish","2026-01-20T21:16:16.182488558Z","{""PROLIFIC_PID"":""65c7bfe1f18e2110daddde16"",""STUDY_ID"":""696fda5e11dcb61d45eea559"",""SESSION_ID"":""696fefca9ed6f7a9c08e93a1""}","2026-01-20T21:16:16.383248542Z","{""plan"":""I'm going to aim for the highest earnings and take the risk""}","2026-01-20T21:19:03.726721723Z"
"01KFEHAKHNEWG0MCGFJGNXPB10","{""advice"":""Try to get the best outcome for yourself.""}","2026-01-20T20:27:26.774446601Z",104,"2026-01-20T20:30:48.085301672Z","","","game ended","2026-01-20T20:31:12.150443737Z",1,"2026-01-20T20:31:29.912965336Z","","","{""adviceFollowed"":"""",""partnerAdvice"":""highest earning"",""feedback"":""""}","2026-01-20T20:31:29.919503287Z","01KFEHA1R32D8V3SKQA6BEDXA8","2026-01-20T20:27:55.751093036Z",3,"2026-01-20T20:27:26.769843515Z","true","2026-01-20T20:28:16.367095033Z","01KFEHAK46JYMQ0Z80NAEW6NEC","2026-01-20T20:25:19.670014307Z","66ef044ab15bd321404ef7e6","2026-01-20T20:25:19.670014307Z","{""advice"":""Try to get the best outcome for yourself."",""adviceType"":""noCG"",""chatEnabled"":false,""numRounds"":13,""playerCount"":2}","2026-01-20T20:25:19.683768895Z","noCG_selfish","2026-01-20T20:25:19.683768895Z","{""PROLIFIC_PID"":""66ef044ab15bd321404ef7e6"",""STUDY_ID"":""696fda5e11dcb61d45eea559"",""SESSION_ID"":""696fe491897fe54b1e65cf5f""}","2026-01-20T20:25:19.922960611Z","{""plan"":""go for the highest payment""}","2026-01-20T20:28:16.372093305Z"
"01KFEJJ4V0E3E83F88J6MK6KAW","{""advice"":""Try to get the best outcome for yourself.""}","2026-01-20T20:49:46.138830926Z",240,"2026-01-20T20:54:29.13608675Z","","","game ended","2026-01-20T20:54:39.910814277Z",1,"2026-01-20T20:55:42.768888535Z","","","{""adviceFollowed"":"""",""partnerAdvice"":""To follow their instincts "",""feedback"":""The study went on smoothly. No issues encountered. Thank you.""}","2026-01-20T20:55:42.74240711Z","01KFEJ5DPFFD934S0E2GQ1B9RR","2026-01-20T20:51:17.929986315Z",3,"2026-01-20T20:49:46.15583086Z","true","2026-01-20T20:51:55.012336233Z","01KFEJJ3VH2Y4DVJ66PWTH65B5","2026-01-20T20:46:55.328650455Z","65feaaac53eb219f09ad5ea0","2026-01-20T20:46:55.328650455Z","{""advice"":""Try to get the best outcome for yourself."",""adviceType"":""noCG"",""chatEnabled"":false,""numRounds"":13,""playerCount"":2}","2026-01-20T20:46:55.355338908Z","noCG_selfish","2026-01-20T20:46:55.355338908Z","{""PROLIFIC_PID"":""65feaaac53eb219f09ad5ea0"",""STUDY_ID"":""696fda5e11dcb61d45eea559"",""SESSION_ID"":""696fe9739f4320ddf6039111""}","2026-01-20T20:46:55.910854714Z","{""plan"":""I plan to park at C because there is a probability that my partner may park at D""}","2026-01-20T20:51:54.994706576Z"
"01KFEJTTYE1JJF4JNZFR32N2T9","{""advice"":""Try to get the best outcome for yourself.""}","2026-01-20T20:58:25.138485915Z",153,"2026-01-20T21:05:04.316750765Z","","","game ended","2026-01-20T21:05:29.137853661Z",1,"2026-01-20T21:05:52.00964111Z","","","{""adviceFollowed"":""I think we did"",""partnerAdvice"":"""",""feedback"":""No""}","2026-01-20T21:05:51.975568964Z","01KFEJ5DPRA3SJMDJ397B8T8C1","2026-01-20T20:58:40.109205638Z",3,"2026-01-20T20:58:25.25387781Z","true","2026-01-20T20:59:29.706115561Z","01KFEJTTFB2G1B3KQHVXC2KVJ1","2026-01-20T20:51:40.110234045Z","578a389e07724c000114c02c","2026-01-20T20:51:40.110234045Z","{""advice"":""Try to get the best outcome for yourself."",""adviceType"":""CG"",""numRounds"":13,""playerCount"":2}","2026-01-20T20:51:40.136726151Z","CG_selfish","2026-01-20T20:51:40.136726151Z","{""PROLIFIC_PID"":""578a389e07724c000114c02c"",""STUDY_ID"":""696fda5e11dcb61d45eea559"",""SESSION_ID"":""696feab17ad094da7ff6fd2a""}","2026-01-20T20:51:40.488722487Z","{""plan"":""I would try to park in A B or C because its the ones with more value. Having a good chance of not chosing the same one that my partner does""}","2026-01-20T20:59:29.689567279Z"
"01KFEKDA9NJGRKFSSAT3ZXZ5QE","{""advice"":""Try to find an outcome that's fair for both of you.""}","2026-01-20T21:02:46.744163394Z",166,"2026-01-20T21:10:54.447582732Z","","","game ended","2026-01-20T21:11:11.010529815Z",1,"2026-01-20T21:11:29.45636078Z","","","{""adviceFollowed"":"""",""partnerAdvice"":""I do not know."",""feedback"":""""}","2026-01-20T21:11:29.403631142Z","01KFEJ5D6TNJMBKPJMAENEXHMP","2026-01-20T21:01:45.688357596Z",3,"2026-01-20T21:02:46.762717544Z","true","2026-01-20T21:03:06.350874584Z","01KFEKD9QEVS3BQ94QY8SDXRC5","2026-01-20T21:01:45.653923476Z","5cd052fcd6d8dc0013f84e66","2026-01-20T21:01:45.653923476Z","{""advice"":""Try to find an outcome that's fair for both of you."",""adviceType"":""noCG"",""chatEnabled"":false,""numRounds"":13,""playerCount"":2}","2026-01-20T21:01:45.688357596Z","noCG_cooperate","2026-01-20T21:01:45.688357596Z","{""PROLIFIC_PID"":""5cd052fcd6d8dc0013f84e66"",""STUDY_ID"":""696fda5e11dcb61d45eea559"",""SESSION_ID"":""696fed19271f779ddd17ff70""}","2026-01-20T21:01:46.024329198Z","{""plan"":""I will trust my guts""}","2026-01-20T21:03:06.330143162Z"
"01KFEHHH6AXDMAXMWAFCF5JGBC","{""advice"":""Try to get the best outcome for yourself.""}","2026-01-20T20:32:29.178995087Z",211,"2026-01-20T20:36:44.337206002Z","","","game ended","2026-01-20T20:36:57.999401006Z",1,"2026-01-20T20:39:22.876225579Z","","","{""adviceFollowed"":""yes i followed. not sure about my partner"",""partnerAdvice"":"""",""feedback"":""nice study""}","2026-01-20T20:39:22.867462074Z","01KFEHA1QYV2E8SAEFNEHYNVTN","2026-01-20T20:32:57.688619441Z",3,"2026-01-20T20:32:29.185055049Z","true","2026-01-20T20:33:29.968801305Z","01KFEHHF5G2WB0H8JMXXF6QHYX","2026-01-20T20:29:06.634695202Z","66e62716a40afa9a9b4d23c6","2026-01-20T20:29:06.634695202Z","{""advice"":""Try to get the best outcome for yourself."",""adviceType"":""CG"",""numRounds"":13,""playerCount"":2}","2026-01-20T20:29:06.650375477Z","CG_selfish","2026-01-20T20:29:06.650375477Z","{""PROLIFIC_PID"":""66e62716a40afa9a9b4d23c6"",""STUDY_ID"":""696fda5e11dcb61d45eea559"",""SESSION_ID"":""696fe5139678d51412b13299""}","2026-01-20T20:29:07.023820093Z","{""plan"":""i will choose the best parking spot that would give me a bonus""}","2026-01-20T20:33:29.96035608Z"
"01KFEMCK5PSCC7SW5H7XYEWC3R","{""advice"":""Try to get the best outcome for yourself.""}","2026-01-20T21:21:26.66549645Z",154,"2026-01-20T21:30:49.098981826Z","","","game ended","2026-01-20T21:31:34.129218779Z",1,"2026-01-20T21:32:06.653752869Z","","","{""adviceFollowed"":"""",""partnerAdvice"":""Do whats best for you"",""feedback"":""""}","2026-01-20T21:32:06.585320027Z","01KFEKPARRGKN060WSHP4MXPVN","2026-01-20T21:21:37.48589953Z",3,"2026-01-20T21:21:26.614371034Z","true","2026-01-20T21:22:02.901224181Z","01KFEMCJ4N8CHTFS74S8SXMJCW","2026-01-20T21:18:50.550768717Z","67d012f35c929bac3118c6f5","2026-01-20T21:18:50.550768717Z","{""advice"":""Try to get the best outcome for yourself."",""adviceType"":""noCG"",""chatEnabled"":false,""numRounds"":13,""playerCount"":2}","2026-01-20T21:18:50.615503742Z","noCG_selfish","2026-01-20T21:18:50.615503742Z","{""PROLIFIC_PID"":""67d012f35c929bac3118c6f5"",""STUDY_ID"":""696fda5e11dcb61d45eea559"",""SESSION_ID"":""696ff0fbab79b98a8f0e76c7""}","2026-01-20T21:18:51.092637815Z","{""plan"":""Park in different spots that have the highest mu""}","2026-01-20T21:22:02.953747196Z"
"01KFEMM17G5WSXC6D0MGM804RP","{""advice"":""Try to get the best outcome for yourself.""}","2026-01-20T21:25:21.334108089Z",107,"2026-01-20T21:34:32.625527612Z","","","game ended","2026-01-20T21:34:53.960884861Z",1,"2026-01-20T21:35:26.724664843Z","","","{""adviceFollowed"":""it was a caos hahaha"",""partnerAdvice"":"""",""feedback"":""nothing ""}","2026-01-20T21:35:26.807880415Z","01KFEKHZBEEPDRHKRQPWCS3SGH","2026-01-20T21:25:32.430955873Z",3,"2026-01-20T21:25:21.401808053Z","true","2026-01-20T21:26:55.637063139Z","01KFEMKPSH6ZB9H3SSS5H5N5PJ","2026-01-20T21:22:54.320873493Z","6966a2f7546840bf7736d2cf","2026-01-20T21:22:54.320873493Z","{""advice"":""Try to get the best outcome for yourself."",""adviceType"":""CG"",""numRounds"":13,""playerCount"":2}","2026-01-20T21:22:59.607265982Z","CG_selfish","2026-01-20T21:22:59.607265982Z","{""PROLIFIC_PID"":""6966a2f7546840bf7736d2cf"",""STUDY_ID"":""696fda5e11dcb61d45eea559"",""SESSION_ID"":""696ff1ab36c113cb2545b120""}","2026-01-20T21:22:59.910283888Z","{""plan"":""lets gooo!!1""}","2026-01-20T21:26:55.680496146Z"
"01KFEHG6C81JZ80FMVPH00AMCG","{""advice"":""Try to find an outcome that's fair for both of you.""}","2026-01-20T20:31:02.701231403Z",129,"2026-01-20T20:36:32.289097933Z","","","game ended","2026-01-20T20:36:57.519567446Z",1,"2026-01-20T20:38:30.738468971Z","","","{""adviceFollowed"":"""",""partnerAdvice"":""I think my partner received the advice to choose a plan which is fair for both of us"",""feedback"":""""}","2026-01-20T20:38:30.62303712Z","01KFEHA1GRK7A014NXTNRF457G","2026-01-20T20:28:22.80920751Z",3,"2026-01-20T20:31:02.808657627Z","true","2026-01-20T20:32:01.03558834Z","01KFEHG5YG2AG71P0M2NZR0A60","2026-01-20T20:28:22.792551864Z","69676771c04e59f6c535a859","2026-01-20T20:28:22.792551864Z","{""advice"":""Try to find an outcome that's fair for both of you."",""adviceType"":""noCG"",""chatEnabled"":false,""numRounds"":13,""playerCount"":2}","2026-01-20T20:28:22.80920751Z","noCG_cooperate","2026-01-20T20:28:22.80920751Z","{""PROLIFIC_PID"":""69676771c04e59f6c535a859"",""STUDY_ID"":""696fda5e11dcb61d45eea559"",""SESSION_ID"":""696fe542d9074008535309bd""}","2026-01-20T20:28:23.012298458Z","{""plan"":""I will find a game plan that’s fair for both of us""}","2026-01-20T20:32:00.927475416Z"
"01KFEKH56QYDWDZ627S51E8JZX","{""advice"":""Try to find an outcome that's fair for both of you.""}","2026-01-20T21:04:59.458841391Z",168,"2026-01-20T21:12:16.199286487Z","","","game ended","2026-01-20T21:12:33.321734458Z",1,"2026-01-20T21:13:01.475632041Z","","","{""adviceFollowed"":"""",""partnerAdvice"":""I think they were picking random alphabets. "",""feedback"":""""}","2026-01-20T21:13:01.431889943Z","01KFEJ5DNSX5Y5MH73PBQYYZM3","2026-01-20T21:04:17.317119404Z",3,"2026-01-20T21:04:59.485368192Z","true","2026-01-20T21:05:39.51249356Z","01KFEKH4R14BN3EEFW9DMNJR1W","2026-01-20T21:03:51.511913742Z","695c0d0826bfa6a67f9d13ed","2026-01-20T21:03:51.511913742Z","{""advice"":""Try to find an outcome that's fair for both of you."",""adviceType"":""noCG"",""chatEnabled"":false,""numRounds"":13,""playerCount"":2}","2026-01-20T21:03:51.549342543Z","noCG_cooperate","2026-01-20T21:03:51.549342543Z","{""PROLIFIC_PID"":""695c0d0826bfa6a67f9d13ed"",""STUDY_ID"":""696fda5e11dcb61d45eea559"",""SESSION_ID"":""696fed763f6021f8e9fb97b7""}","2026-01-20T21:03:51.747615195Z","{""plan"":""I will keep alternating between the alphabets, I will not choose alphabets next to each other.""}","2026-01-20T21:05:39.483655024Z"
"01KFEHKCW5X4CR8DBAYXY74YGJ","{""advice"":""Try to get the best outcome for yourself.""}","2026-01-20T20:31:57.105382306Z",118,"2026-01-20T20:36:44.337206002Z","","","game ended","2026-01-20T20:36:57.999401006Z",1,"2026-01-20T20:38:05.966494152Z","","","{""adviceFollowed"":""Yes but somehow I felt we missed something "",""partnerAdvice"":"""",""feedback"":""The study was great ""}","2026-01-20T20:38:05.913469413Z","01KFEHA1QYV2E8SAEFNEHYNVTN","2026-01-20T20:32:57.688619441Z",3,"2026-01-20T20:31:57.20529376Z","true","2026-01-20T20:33:11.908127781Z","01KFEHKBFEZWGAHBZQWR3JZ8JF","2026-01-20T20:30:07.749238386Z","65e48fd0230ec826e5cca981","2026-01-20T20:30:07.749238386Z","{""advice"":""Try to get the best outcome for yourself."",""adviceType"":""CG"",""numRounds"":13,""playerCount"":2}","2026-01-20T20:30:07.761683184Z","CG_selfish","2026-01-20T20:30:07.761683184Z","{""PROLIFIC_PID"":""65e48fd0230ec826e5cca981"",""STUDY_ID"":""696fda5e11dcb61d45eea559"",""SESSION_ID"":""696fe48b4d708570504b9bfc""}","2026-01-20T20:30:08.431521818Z","{""plan"":""Is to collect as much points I can to boost my bonus reward""}","2026-01-20T20:33:11.856973041Z"
"01KFEHW86W3STHQPDAT1BP1CXX","{""advice"":""Try to get the best outcome for yourself.""}","2026-01-20T20:37:10.372980298Z",121,"2026-01-20T20:43:40.405719838Z","","","game ended","2026-01-20T20:44:01.552441556Z",1,"2026-01-20T20:45:26.8780363Z","","","{""adviceFollowed"":""yes I think we tried our best to get the highest bonus"",""partnerAdvice"":"""",""feedback"":""No""}","2026-01-20T20:45:26.865657988Z","01KFEHAKMDAJRN7M0QA4VDJCGY","2026-01-20T20:36:41.263627001Z",3,"2026-01-20T20:37:10.651004241Z","true","2026-01-20T20:38:32.087214751Z","01KFEHW6D7DVGG8BNGWXCBX8RG","2026-01-20T20:34:57.884541135Z","665f239f78bd39782ef04172","2026-01-20T20:34:57.884541135Z","{""advice"":""Try to get the best outcome for yourself."",""adviceType"":""CG"",""numRounds"":13,""playerCount"":2}","2026-01-20T20:34:57.897651278Z","CG_selfish","2026-01-20T20:34:57.897651278Z","{""PROLIFIC_PID"":""665f239f78bd39782ef04172"",""STUDY_ID"":""696fda5e11dcb61d45eea559"",""SESSION_ID"":""696fe63b9718fad36f1078a8""}","2026-01-20T20:34:58.472118142Z","{""plan"":""To try as much as I can to match with my partner to maximize our bonus""}","2026-01-20T20:38:32.0966894Z"
"01KFEJFMC7CFQF46Z46BV1EM1Q","{""advice"":""Try to get the best outcome for yourself.""}","2026-01-20T20:47:26.889834708Z",154,"2026-01-20T20:53:44.471698173Z","","","game ended","2026-01-20T20:54:03.193762815Z",1,"2026-01-20T20:55:00.302994751Z","","","{""adviceFollowed"":"""",""partnerAdvice"":""I think they got advice not to follow me around"",""feedback"":""""}","2026-01-20T20:55:00.284588781Z","01KFEHAM4AZFDTAG8DR1VA4141","2026-01-20T20:47:13.451195278Z",3,"2026-01-20T20:47:26.902859559Z","true","2026-01-20T20:48:14.843952772Z","01KFEJFHSA6DMFGTNHD2K0QJE9","2026-01-20T20:45:32.935954742Z","67c869b756cd63f0b3387d28","2026-01-20T20:45:32.935954742Z","{""advice"":""Try to get the best outcome for yourself."",""adviceType"":""noCG"",""chatEnabled"":false,""numRounds"":13,""playerCount"":2}","2026-01-20T20:45:33.082780817Z","noCG_selfish","2026-01-20T20:45:33.082780817Z","{""PROLIFIC_PID"":""67c869b756cd63f0b3387d28"",""STUDY_ID"":""696fda5e11dcb61d45eea559"",""SESSION_ID"":""696fe8d8ba36ae5611726dce""}","2026-01-20T20:45:33.856657312Z","{""plan"":""my game plan is to get as much MUs as possible""}","2026-01-20T20:48:14.828449799Z"
"01KFEJTATNKXCTW38TD0J18TFE","{""advice"":""Try to get the best outcome for yourself.""}","2026-01-20T20:52:22.497053162Z",89,"2026-01-20T20:58:15.744944332Z","","","game ended","2026-01-20T20:58:47.574130804Z",1,"2026-01-20T20:59:39.937137426Z","","","{""adviceFollowed"":""no, it seemed like we kept on making the same choices most of the time"",""partnerAdvice"":"""",""feedback"":""no issues""}","2026-01-20T20:59:39.918759675Z","01KFEJ5C9822567XDA8A9QG0G3","2026-01-20T20:51:52.100219972Z",3,"2026-01-20T20:52:22.516879164Z","true","2026-01-20T20:53:35.036848257Z","01KFEJT5ZBN9AH85YRCM6AZDNS","2026-01-20T20:51:23.605566594Z","66a1a7d0d0d19196eb010216","2026-01-20T20:51:23.605566594Z","{""advice"":""Try to get the best outcome for yourself."",""adviceType"":""CG"",""numRounds"":13,""playerCount"":2}","2026-01-20T20:51:23.793068836Z","CG_selfish","2026-01-20T20:51:23.793068836Z","{""PROLIFIC_PID"":""66a1a7d0d0d19196eb010216"",""STUDY_ID"":""696fda5e11dcb61d45eea559"",""SESSION_ID"":""696fea2d33c7b27181122c62""}","2026-01-20T20:51:24.479379569Z","{""plan"":""i will try to be as strategic as possible by following the instructions given""}","2026-01-20T20:53:35.055134346Z"
"01KFEHEBSJCV2WCY6FBMMN65A3","{""advice"":""Try to get the best outcome for yourself.""}","2026-01-20T20:28:25.377599865Z",270,"2026-01-20T20:31:17.233166883Z","","","game ended","2026-01-20T20:31:24.546329864Z",1,"2026-01-20T20:35:14.808680467Z","","","{""adviceFollowed"":"""",""partnerAdvice"":""To pick the second best option for most rounds so that it would likely be a different pick to your partner and maximise your earnings."",""feedback"":""This was a different and interesting study, I really enjoyed it- thank you!""}","2026-01-20T20:35:14.80042397Z","01KFEHA1ZNDEMMB0DK92YAW8BD","2026-01-20T20:28:28.705129278Z",3,"2026-01-20T20:28:25.381913777Z","true","2026-01-20T20:29:10.285893032Z","01KFEHEBADBMAJTT9NCWQ7CGZH","2026-01-20T20:27:22.802236663Z","59ff1a23f2e3460001eda6d5","2026-01-20T20:27:22.802236663Z","{""advice"":""Try to get the best outcome for yourself."",""adviceType"":""noCG"",""chatEnabled"":false,""numRounds"":13,""playerCount"":2}","2026-01-20T20:27:22.817689057Z","noCG_selfish","2026-01-20T20:27:22.817689057Z","{""PROLIFIC_PID"":""59ff1a23f2e3460001eda6d5"",""STUDY_ID"":""696fda5e11dcb61d45eea559"",""SESSION_ID"":""696fe50fd252359af33111e0""}","2026-01-20T20:27:23.071799034Z","{""plan"":""I plan to choose the second best option for payment as I think that my partner will likely pick the best option. I am hoping that this will avoid collisions and maximise how much I can earn during the task.""}","2026-01-20T20:29:10.291518478Z"
"01KFEKHMBXJQ8V8MN80AG07QXK","{""advice"":""Try to find an outcome that's fair for both of you.""}","2026-01-20T21:06:42.238542507Z",166,"2026-01-20T21:11:11.151842245Z","","","game ended","2026-01-20T21:11:21.449098963Z",1,"2026-01-20T21:11:56.52891656Z","","","{""adviceFollowed"":"""",""partnerAdvice"":""I feel that my partner received similar advice about trying to be fair and cooperative."",""feedback"":""all good, thanks""}","2026-01-20T21:11:56.495220975Z","01KFEKHXG0QSJ727TF9BK0CVWT","2026-01-20T21:07:52.428885293Z",3,"2026-01-20T21:06:42.207724775Z","true","2026-01-20T21:08:04.111177747Z","01KFEKHKSQSW3NGEK6N725Z9Z9","2026-01-20T21:04:07.037923933Z","6562177a48308eebbb6359ea","2026-01-20T21:04:07.037923933Z","{""advice"":""Try to find an outcome that's fair for both of you."",""adviceType"":""noCG"",""chatEnabled"":false,""numRounds"":13,""playerCount"":2}","2026-01-20T21:04:09.504688447Z","noCG_cooperate","2026-01-20T21:04:09.504688447Z","{""PROLIFIC_PID"":""6562177a48308eebbb6359ea"",""STUDY_ID"":""696fda5e11dcb61d45eea559"",""SESSION_ID"":""696fedad3838a55e2832c6cc""}","2026-01-20T21:04:09.734607973Z","{""plan"":""I feel that alternating parking in spot C with my partner while parking in A or B in the alternate rounds would be the most beneficial to both of us.""}","2026-01-20T21:08:04.074715932Z"
"01KFEHH299EZ808S0B86915EW8","{""advice"":""Try to find an outcome that's fair for both of you.""}","2026-01-20T20:31:33.846684175Z",240,"2026-01-20T20:34:58.516229609Z","","","game ended","2026-01-20T20:35:09.638623618Z",1,"2026-01-20T20:36:02.581767154Z","","","{""adviceFollowed"":"""",""partnerAdvice"":""To try to find best space to share bonus earnings fairly"",""feedback"":""""}","2026-01-20T20:36:02.573210101Z","01KFEHA1QMX5DYGHPSSSP2RXXX","2026-01-20T20:32:01.055593481Z",3,"2026-01-20T20:31:33.84020248Z","true","2026-01-20T20:32:41.375552603Z","01KFEHH1S4CV0Y38VSAS45GK3G","2026-01-20T20:28:51.369045398Z","610678bb1bfc5138d4957250","2026-01-20T20:28:51.369045398Z","{""advice"":""Try to find an outcome that's fair for both of you."",""adviceType"":""noCG"",""chatEnabled"":false,""numRounds"":13,""playerCount"":2}","2026-01-20T20:28:51.380918286Z","noCG_cooperate","2026-01-20T20:28:51.380918286Z","{""PROLIFIC_PID"":""610678bb1bfc5138d4957250"",""STUDY_ID"":""696fda5e11dcb61d45eea559"",""SESSION_ID"":""696fe55386948004e6e4e406""}","2026-01-20T20:28:51.648142499Z","{""plan"":""I will try to park in Orange parking space so we both get a regu;ar earming and bonus at the same value to make it fair""}","2026-01-20T20:32:41.382102296Z"
"01KFEKE5VNBEE8HCYQK3HWDR4D","{""advice"":""Try to find an outcome that's fair for both of you.""}","2026-01-20T21:06:09.13395224Z",137,"2026-01-20T21:13:27.690372596Z","","","game ended","2026-01-20T21:13:51.670088415Z",1,"2026-01-20T21:14:20.858926547Z","","","{""adviceFollowed"":"""",""partnerAdvice"":""the same as me"",""feedback"":""""}","2026-01-20T21:14:20.822191476Z","01KFEKHW2KQMM6E7GG18D0G9TT","2026-01-20T21:06:04.637034789Z",3,"2026-01-20T21:06:09.16336361Z","true","2026-01-20T21:06:53.646084958Z","01KFEKE4PC5YN0C1C89VVXWJ41","2026-01-20T21:02:13.878005784Z","668007456885e1eba8d96949","2026-01-20T21:02:13.878005784Z","{""advice"":""Try to find an outcome that's fair for both of you."",""adviceType"":""noCG"",""chatEnabled"":false,""numRounds"":13,""playerCount"":2}","2026-01-20T21:02:14.067637596Z","noCG_cooperate","2026-01-20T21:02:14.067637596Z","{""PROLIFIC_PID"":""668007456885e1eba8d96949"",""STUDY_ID"":""696fda5e11dcb61d45eea559"",""SESSION_ID"":""696fed0375553f981b8279ee""}","2026-01-20T21:02:14.54081602Z","{""plan"":""i will play B""}","2026-01-20T21:06:53.537014527Z"
"01KFEMCM72QM7G0K1PDTC1FVF6","{""advice"":""Try to get the best outcome for yourself.""}","2026-01-20T21:19:08.888593626Z",367,"2026-01-20T21:26:08.176799741Z","","","game ended","2026-01-20T21:26:23.648603075Z",1,"2026-01-20T21:26:54.43201081Z","","","{""adviceFollowed"":"""",""partnerAdvice"":""do whats best for themselves"",""feedback"":""""}","2026-01-20T21:26:54.545268785Z","01KFEKHZ9SCZ02EGGWRNFEECG2","2026-01-20T21:19:50.693291502Z",3,"2026-01-20T21:19:08.847683235Z","true","2026-01-20T21:19:57.418834127Z","01KFEMCJVJ1458WB2FMWA711SF","2026-01-20T21:18:51.618511666Z","67c44af9f170e1d4143a5112","2026-01-20T21:18:51.618511666Z","{""advice"":""Try to get the best outcome for yourself."",""adviceType"":""noCG"",""chatEnabled"":false,""numRounds"":13,""playerCount"":2}","2026-01-20T21:18:51.703695487Z","noCG_selfish","2026-01-20T21:18:51.703695487Z","{""PROLIFIC_PID"":""67c44af9f170e1d4143a5112"",""STUDY_ID"":""696fda5e11dcb61d45eea559"",""SESSION_ID"":""696ff085cc43f86656a0b510""}","2026-01-20T21:18:52.244818447Z","{""plan"":""i will get the best outcome for myself""}","2026-01-20T21:19:57.37783627Z"
"01KFEMY0AS8BBZXMYCA88W167J","{""advice"":""Try to find an outcome that's fair for both of you.""}","2026-01-20T21:31:19.055416831Z",175,"2026-01-20T21:37:04.70926704Z","","","game ended","2026-01-20T21:37:41.873737026Z",1,"2026-01-20T21:38:18.159794471Z","","","{""adviceFollowed"":"""",""partnerAdvice"":""Stay consistent; anything is better than zero"",""feedback"":""not enough rounds to develop a pattern with partner so I just started being greedy""}","2026-01-20T21:38:18.096249867Z","01KFEKHZKRT77TCYW9QR636P3H","2026-01-20T21:31:10.212606381Z",3,"2026-01-20T21:31:19.111515088Z","true","2026-01-20T21:31:42.692348605Z","01KFEMXZZDR8APSN2H2H2NP1SB","2026-01-20T21:28:21.081084756Z","696016798aefd47cb0979a37","2026-01-20T21:28:21.081084756Z","{""advice"":""Try to find an outcome that's fair for both of you."",""adviceType"":""noCG"",""chatEnabled"":false,""numRounds"":13,""playerCount"":2}","2026-01-20T21:28:21.152687447Z","noCG_cooperate","2026-01-20T21:28:21.152687447Z","{""PROLIFIC_PID"":""696016798aefd47cb0979a37"",""STUDY_ID"":""696fda5e11dcb61d45eea559"",""SESSION_ID"":""696ff35ad40b9551839cbf63""}","2026-01-20T21:28:21.308848442Z","{""plan"":""Try to park in A each time.""}","2026-01-20T21:31:42.633391026Z"
"01KFEMZTH1KPE39TS4QCXRY5YJ","{""advice"":""Try to find an outcome that's fair for both of you.""}","2026-01-20T21:31:14.717541165Z",118,"2026-01-20T21:37:04.70926704Z","","","game ended","2026-01-20T21:37:41.873737026Z",1,"2026-01-20T21:38:13.149328982Z","","","{""adviceFollowed"":"""",""partnerAdvice"":""Don't be greedy, try to play with your partner"",""feedback"":""Nothing at all thank you for the study""}","2026-01-20T21:38:13.206399389Z","01KFEKHZKRT77TCYW9QR636P3H","2026-01-20T21:31:10.212606381Z",3,"2026-01-20T21:31:14.64979943Z","true","2026-01-20T21:31:46.425940317Z","01KFEMZT0PNX3M2JVMC2JVCBBW","2026-01-20T21:29:20.673168276Z","6025ba2ad22ee81ad428c38c","2026-01-20T21:29:20.673168276Z","{""advice"":""Try to find an outcome that's fair for both of you."",""adviceType"":""noCG"",""chatEnabled"":false,""numRounds"":13,""playerCount"":2}","2026-01-20T21:29:20.761474167Z","noCG_cooperate","2026-01-20T21:29:20.761474167Z","{""PROLIFIC_PID"":""6025ba2ad22ee81ad428c38c"",""STUDY_ID"":""696fda5e11dcb61d45eea559"",""SESSION_ID"":""696ff33683185242c7253c24""}","2026-01-20T21:29:20.988097272Z","{""plan"":""I believe i will try to be greedy and to maximize my earnings, at least on the first rounds to see what my partner does""}","2026-01-20T21:31:46.484990826Z"
"01KFEHKWX6S3CRVA3YVBJBPSWT","{""advice"":""Try to get the best outcome for yourself.""}","2026-01-20T20:33:26.42182574Z",96,"2026-01-20T20:39:38.550303697Z","","","game ended","2026-01-20T20:39:58.449622876Z",1,"2026-01-20T20:41:45.544496529Z","","","{""adviceFollowed"":""I think we selected random parking slot rather than a deep strategic partnership."",""partnerAdvice"":"""",""feedback"":""""}","2026-01-20T20:41:45.555507282Z","01KFEHA1ZSVYK8DGYZZSV53FQM","2026-01-20T20:33:30.005997384Z",3,"2026-01-20T20:33:27.297422028Z","true","2026-01-20T20:35:20.915401579Z","01KFEHKV1AGCM3FQBCBQKKQ3YS","2026-01-20T20:30:24.166916253Z","674eef54d524b0c3322ddd0c","2026-01-20T20:30:24.166916253Z","{""advice"":""Try to get the best outcome for yourself."",""adviceType"":""CG"",""numRounds"":13,""playerCount"":2}","2026-01-20T20:30:24.180703189Z","CG_selfish","2026-01-20T20:30:24.180703189Z","{""PROLIFIC_PID"":""674eef54d524b0c3322ddd0c"",""STUDY_ID"":""696fda5e11dcb61d45eea559"",""SESSION_ID"":""696fe531e52938644efb0c53""}","2026-01-20T20:30:24.940800066Z","{""plan"":""I will try to park same color and different spot to maximize my earning and bonus""}","2026-01-20T20:35:20.90726379Z"
"01KFEHC1N15W3XF2S9JNREZ5AJ","{""advice"":""Try to get the best outcome for yourself.""}","2026-01-20T20:27:24.228554912Z",101,"2026-01-20T20:30:25.082679332Z","","","game ended","2026-01-20T20:30:35.716296296Z",1,"2026-01-20T20:31:12.780877471Z","","","{""adviceFollowed"":"""",""partnerAdvice"":""That I was picking either B or D. But they didn't stick to that."",""feedback"":""Everything worked just fine.""}","2026-01-20T20:31:12.787147021Z","01KFEHA1GK3DQ7TRWFWA7J267H","2026-01-20T20:27:46.323561909Z",3,"2026-01-20T20:27:24.2240562Z","true","2026-01-20T20:27:55.711986126Z","01KFEHC131C0G4JM6FWP9JZNF2","2026-01-20T20:26:06.881550523Z","5df3a70877f865293e86c0a0","2026-01-20T20:26:06.881550523Z","{""advice"":""Try to get the best outcome for yourself."",""adviceType"":""noCG"",""chatEnabled"":false,""numRounds"":13,""playerCount"":2}","2026-01-20T20:26:06.897312896Z","noCG_selfish","2026-01-20T20:26:06.897312896Z","{""PROLIFIC_PID"":""5df3a70877f865293e86c0a0"",""STUDY_ID"":""696fda5e11dcb61d45eea559"",""SESSION_ID"":""696fe4a934249e88148e4236""}","2026-01-20T20:26:07.18739503Z","{""plan"":""Honestly I'd put my car into B or D spot, hoping that my partner would always pick either A or C. If he does otherwise, I'll adjust.""}","2026-01-20T20:27:55.71684703Z"
"01KFEHJFJ1SMX3RCX9M0MFWVF6","{""advice"":""Try to find an outcome that's fair for both of you.""}","2026-01-20T20:31:09.37848575Z",240,"2026-01-20T20:34:58.516229609Z","","","game ended","2026-01-20T20:35:09.638623618Z",1,"2026-01-20T20:35:22.566979587Z","","","{""adviceFollowed"":"""",""partnerAdvice"":""Play fair"",""feedback"":""""}","2026-01-20T20:35:22.558660214Z","01KFEHA1QMX5DYGHPSSSP2RXXX","2026-01-20T20:32:01.055593481Z",3,"2026-01-20T20:31:09.384920932Z","true","2026-01-20T20:32:05.65933647Z","01KFEHJENWZQVW5DFD0XYV0JBY","2026-01-20T20:29:37.729098354Z","656bb5b282d8f0267db9d167","2026-01-20T20:29:37.729098354Z","{""advice"":""Try to find an outcome that's fair for both of you."",""adviceType"":""noCG"",""chatEnabled"":false,""numRounds"":13,""playerCount"":2}","2026-01-20T20:29:37.740511937Z","noCG_cooperate","2026-01-20T20:29:37.740511937Z","{""PROLIFIC_PID"":""656bb5b282d8f0267db9d167"",""STUDY_ID"":""696fda5e11dcb61d45eea559"",""SESSION_ID"":""696fe57dd4b1d7c50149913b""}","2026-01-20T20:29:38.203275396Z","{""plan"":""I will often took to take A consistently, and hopefully my partner takes B and understands the fairness""}","2026-01-20T20:32:05.665457594Z"
"01KFEMAXQT7QKHPN3PD6V9XKR3","{""advice"":""Try to get the best outcome for yourself.""}","2026-01-20T21:19:27.497383139Z",165,"2026-01-20T21:26:03.820862558Z","","","game ended","2026-01-20T21:26:18.828243289Z",1,"2026-01-20T21:27:01.280748629Z","","","{""adviceFollowed"":"""",""partnerAdvice"":""Work to gain for the best outcome for yourself"",""feedback"":""It was a strange task. ""}","2026-01-20T21:27:01.215983759Z","01KFEKHZN529E42QD9METE3SFK","2026-01-20T21:20:14.651135794Z",3,"2026-01-20T21:19:27.558100939Z","true","2026-01-20T21:20:17.045436267Z","01KFEMAX9B8Y1MD18FFAT9JCME","2026-01-20T21:17:55.834242435Z","6601b76d13817c7dc3117d2a","2026-01-20T21:17:55.834242435Z","{""advice"":""Try to get the best outcome for yourself."",""adviceType"":""noCG"",""chatEnabled"":false,""numRounds"":13,""playerCount"":2}","2026-01-20T21:17:55.901004313Z","noCG_selfish","2026-01-20T21:17:55.901004313Z","{""PROLIFIC_PID"":""6601b76d13817c7dc3117d2a"",""STUDY_ID"":""696fda5e11dcb61d45eea559"",""SESSION_ID"":""696ff08cae6fbcaf8c73c123""}","2026-01-20T21:17:56.117845606Z","{""plan"":""I will try to work with my partner to get the best outcome for everyone""}","2026-01-20T21:20:16.989268879Z"
"01KFEKGX33HMGGWTV5S5DEFD1Y","{""advice"":""Try to find an outcome that's fair for both of you.""}","2026-01-20T21:05:15.460596458Z",115,"2026-01-20T21:13:51.772446653Z","","","game ended","2026-01-20T21:14:36.631572296Z",1,"2026-01-20T21:16:50.257142724Z","","","{""adviceFollowed"":""YES BECAUSE WE REALLY HAVE NOT CLASHED THAT MUCH,MEANING WE BOTH UNDERSTOOD THE MANDATE."",""partnerAdvice"":"""",""feedback"":""JUST ENJOYED THIS ACTIVITY.""}","2026-01-20T21:16:50.220834656Z","01KFEKHWZEPZZY95F2XW7M1MFP","2026-01-20T21:06:15.850059351Z",3,"2026-01-20T21:05:15.487178417Z","true","2026-01-20T21:06:39.28638216Z","01KFEKGVSAKR0SR3WCFV7HHKH4","2026-01-20T21:03:43.203507819Z","66c2474247c3a60005f00311","2026-01-20T21:03:43.203507819Z","{""advice"":""Try to find an outcome that's fair for both of you."",""adviceType"":""CG"",""chatEnabled"":false,""numRounds"":13,""playerCount"":2}","2026-01-20T21:03:43.245472403Z","CG_cooperate","2026-01-20T21:03:43.245472403Z","{""PROLIFIC_PID"":""66c2474247c3a60005f00311"",""STUDY_ID"":""696fda5e11dcb61d45eea559"",""SESSION_ID"":""696fed1425cf443ee5880a14""}","2026-01-20T21:03:44.037551669Z","{""plan"":""Just about to make sure that i do my best in action.""}","2026-01-20T21:06:39.320329552Z"
"01KFEKDMRV7F4Y978MGBAGHY9Y","{""advice"":""Try to find an outcome that's fair for both of you.""}","2026-01-20T21:03:36.477723845Z",232,"2026-01-20T21:10:54.447582732Z","","","game ended","2026-01-20T21:11:11.010529815Z",1,"2026-01-20T21:11:28.167075587Z","","","{""adviceFollowed"":"""",""partnerAdvice"":""i don't know"",""feedback"":""""}","2026-01-20T21:11:28.204916754Z","01KFEJ5D6TNJMBKPJMAENEXHMP","2026-01-20T21:01:56.412149257Z",3,"2026-01-20T21:03:36.499527937Z","true","2026-01-20T21:04:09.619397744Z","01KFEKDM66GFDA2VXA25VQFB58","2026-01-20T21:01:56.379388339Z","608abc6251feb3ddc3b2e01d","2026-01-20T21:01:56.379388339Z","{""advice"":""Try to find an outcome that's fair for both of you."",""adviceType"":""noCG"",""chatEnabled"":false,""numRounds"":13,""playerCount"":2}","2026-01-20T21:01:56.412149257Z","noCG_cooperate","2026-01-20T21:01:56.412149257Z","{""PROLIFIC_PID"":""608abc6251feb3ddc3b2e01d"",""STUDY_ID"":""696fda5e11dcb61d45eea559"",""SESSION_ID"":""696fed2ba1f7313f5f35c2d0""}","2026-01-20T21:01:56.711825089Z","{""plan"":""i'll try to help both and decide watching the other choice""}","2026-01-20T21:04:09.582216716Z"
"01KFEMYH9MRESN2DNVY0DYZ05B","{""advice"":""Try to find an outcome that's fair for both of you.""}","2026-01-20T21:31:11.764544458Z",377,"2026-01-20T21:37:12.374698163Z","","","game ended","2026-01-20T21:37:45.363562454Z",1,"2026-01-20T21:39:44.674753619Z","","","{""adviceFollowed"":""Not exactly, but I also don't think it was necessarily good advice. If we had kept trying to switch around to make the total earnings more fair, it would have been more difficult to stay on the same page, and we likely would have crashed and got nothing."",""partnerAdvice"":"""",""feedback"":""At one point I just got a white screen with nothing moving forward, but after I refreshed it went on to the next round and was fine.""}","2026-01-20T21:39:44.622960228Z","01KFEKHYHJB14HYQ6WNW69M0EN","2026-01-20T21:28:38.553541592Z",3,"2026-01-20T21:31:11.848492394Z","true","2026-01-20T21:32:46.615218909Z","01KFEMYH1VTPWEQYV3DW3X8HF4","2026-01-20T21:28:38.452167416Z","5a4bf09053a4560001ba0ebf","2026-01-20T21:28:38.452167416Z","{""advice"":""Try to find an outcome that's fair for both of you."",""adviceType"":""CG"",""chatEnabled"":false,""numRounds"":13,""playerCount"":2}","2026-01-20T21:28:38.553541592Z","CG_cooperate","2026-01-20T21:28:38.553541592Z","{""PROLIFIC_PID"":""5a4bf09053a4560001ba0ebf"",""STUDY_ID"":""696fda5e11dcb61d45eea559"",""SESSION_ID"":""696ff35d62a85b3c2a3cab98""}","2026-01-20T21:28:38.705233631Z","{""plan"":""If I could get my partner to get on the same page as me, what I'd like to do is in each round identify the color with the highest total bonus, and then I always pick the left side of that color, and they always pick the right side so we don't crash. That would lead to the best outcome for both of us in the long run. However, I will have to adjust that based on what my opponent is doing and try not to crash into them.""}","2026-01-20T21:32:46.682543129Z"
"01KFEJD683V7BW0EC67T5B9T0M","{""advice"":""Try to get the best outcome for yourself.""}","2026-01-20T20:46:55.875365315Z",165,"2026-01-20T20:56:56.817595111Z","","","game ended","2026-01-20T20:57:25.009497557Z",1,"2026-01-20T20:58:18.301667336Z","","","{""adviceFollowed"":"""",""partnerAdvice"":""the same as mine"",""feedback"":""no problems encountered i enjoyed the game""}","2026-01-20T20:58:18.275960287Z","01KFEJ5CRSNMMQKHYMFD35850B","2026-01-20T20:50:17.06571229Z",3,"2026-01-20T20:46:55.894150308Z","true","2026-01-20T20:50:34.052974854Z","01KFEJD5232M10EPPTWZY5KEGZ","2026-01-20T20:44:12.931331428Z","67cea841046ca74e2069ae47","2026-01-20T20:44:12.931331428Z","{""advice"":""Try to get the best outcome for yourself."",""adviceType"":""noCG"",""chatEnabled"":false,""numRounds"":13,""playerCount"":2}","2026-01-20T20:44:12.9542254Z","noCG_selfish","2026-01-20T20:44:12.9542254Z","{""PROLIFIC_PID"":""67cea841046ca74e2069ae47"",""STUDY_ID"":""696fda5e11dcb61d45eea559"",""SESSION_ID"":""696fe8aab7f3a862c5ffe9b0""}","2026-01-20T20:44:13.532258759Z","{""plan"":""Let’s split by color — I’ll take C, you take D. That way we both win big""}","2026-01-20T20:50:34.00535275Z"
"01KFEKEP42W1KWM0E304T7Q0E4","{""advice"":""Try to find an outcome that's fair for both of you.""}","2026-01-20T21:04:11.202622556Z",159,"2026-01-20T21:12:16.199286487Z","","","game ended","2026-01-20T21:12:33.321734458Z",1,"2026-01-20T21:13:32.232935966Z","","","{""adviceFollowed"":"""",""partnerAdvice"":""Probably a similar strategy to my approach to the game: don't go for the obvious answer and try to study your partner's patterns of decision making."",""feedback"":""It was hard to determine why I made my exact earnings sometimes. I found the outcome a bit arbitrary.""}","2026-01-20T21:13:32.199611844Z","01KFEJ5DNSX5Y5MH73PBQYYZM3","2026-01-20T21:04:17.317119404Z",3,"2026-01-20T21:04:11.249438527Z","true","2026-01-20T21:05:04.453597638Z","01KFEKENTA9FRHS2AYPYJQS8PK","2026-01-20T21:02:30.530490608Z","5e69e3642aed5004a3c010cf","2026-01-20T21:02:30.530490608Z","{""advice"":""Try to find an outcome that's fair for both of you."",""adviceType"":""noCG"",""chatEnabled"":false,""numRounds"":13,""playerCount"":2}","2026-01-20T21:02:30.567879394Z","noCG_cooperate","2026-01-20T21:02:30.567879394Z","{""PROLIFIC_PID"":""5e69e3642aed5004a3c010cf"",""STUDY_ID"":""696fda5e11dcb61d45eea559"",""SESSION_ID"":""696fed36bdc5f17e720a9d26""}","2026-01-20T21:02:30.708963456Z","{""plan"":""My game plan is to go for parking spots that seem to deviate outside of the typical choice. I will also follow my partner's patterns to see how they're selecting their parking spots and try to deviate from that as best as I can.""}","2026-01-20T21:05:04.368044578Z"
"01KFEJ9883X77HA7T3SDA1VF8F","{""advice"":""Try to find an outcome that's fair for both of you.""}","2026-01-20T20:43:26.863283698Z",159,"2026-01-20T20:47:51.857415059Z","","","game ended","2026-01-20T20:48:12.612643505Z",1,"2026-01-20T20:48:52.313694628Z","","","{""adviceFollowed"":""yes we did"",""partnerAdvice"":"""",""feedback"":""""}","2026-01-20T20:48:52.191582463Z","01KFEHAM3ZX2QFEZ4F28QFW79D","2026-01-20T20:43:57.060059831Z",3,"2026-01-20T20:43:26.87533197Z","true","2026-01-20T20:44:19.381961125Z","01KFEJ96SVJ6TJ11K6HYCAXGWP","2026-01-20T20:42:03.90754336Z","678a6e1b541f18aef952a7c6","2026-01-20T20:42:03.90754336Z","{""advice"":""Try to find an outcome that's fair for both of you."",""adviceType"":""CG"",""chatEnabled"":false,""numRounds"":13,""playerCount"":2}","2026-01-20T20:42:03.928339429Z","CG_cooperate","2026-01-20T20:42:03.928339429Z","{""PROLIFIC_PID"":""678a6e1b541f18aef952a7c6"",""STUDY_ID"":""696fda5e11dcb61d45eea559"",""SESSION_ID"":""696fe7f062c0390cfa98abbc""}","2026-01-20T20:42:04.612389302Z","{""plan"":""Try to benefit both me and my partner""}","2026-01-20T20:44:19.369315359Z"
"01KFEJ5D2KZA6HXFGKH7XFG11W","{""advice"":""Try to find an outcome that's fair for both of you.""}","2026-01-20T20:45:57.889157888Z",112,"2026-01-20T20:54:16.371219003Z","","","game ended","2026-01-20T20:54:46.989090364Z",1,"2026-01-20T20:56:06.355970668Z","","","{""adviceFollowed"":""i think we followed the advice weel."",""partnerAdvice"":"""",""feedback"":""""}","2026-01-20T20:56:06.335393308Z","01KFEHAMATV7GY0NQF17M2P0MD","2026-01-20T20:44:19.406453361Z",3,"2026-01-20T20:45:58.180251286Z","true","2026-01-20T20:48:06.880163343Z","01KFEJ5BPQWQMQQ0J30XP6APGK","2026-01-20T20:39:57.779180013Z","6716169842ce0beec46bbd1d","2026-01-20T20:39:57.779180013Z","{""advice"":""Try to find an outcome that's fair for both of you."",""adviceType"":""CG"",""chatEnabled"":false,""numRounds"":13,""playerCount"":2}","2026-01-20T20:39:57.799447837Z","CG_cooperate","2026-01-20T20:39:57.799447837Z","{""PROLIFIC_PID"":""6716169842ce0beec46bbd1d"",""STUDY_ID"":""696fda5e11dcb61d45eea559"",""SESSION_ID"":""696fe7145eda81aa4d880477""}","2026-01-20T20:39:58.306871827Z","{""plan"":""My plan is to aim for the purple pair (C + D) whenever possible, since that combination yields the highest total payoff (46 MU).""}","2026-01-20T20:48:06.866215989Z"
"01KFEKYDBHRB0V4J8GGC1RRNB4","{""advice"":""Try to get the best outcome for yourself.""}","2026-01-20T21:12:11.200129415Z",180,"2026-01-20T21:20:39.351815647Z","","","game ended","2026-01-20T21:21:09.986398699Z",1,"2026-01-20T21:22:52.837738456Z","","","{""adviceFollowed"":""yes we follow the advice well"",""partnerAdvice"":"""",""feedback"":""It was so interesting ""}","2026-01-20T21:22:52.770498983Z","01KFEKHX1P9ZX6RDK1X5H16NSJ","2026-01-20T21:13:57.764803964Z",3,"2026-01-20T21:12:11.244726485Z","true","2026-01-20T21:14:55.955195939Z","01KFEKYB1DDG5T0VW05XPF6B1D","2026-01-20T21:11:05.841611901Z","67c8cfe8a598a22fe32828b6","2026-01-20T21:11:05.841611901Z","{""advice"":""Try to get the best outcome for yourself."",""adviceType"":""CG"",""numRounds"":13,""playerCount"":2}","2026-01-20T21:11:06.366988652Z","CG_selfish","2026-01-20T21:11:06.366988652Z","{""PROLIFIC_PID"":""67c8cfe8a598a22fe32828b6"",""STUDY_ID"":""696fda5e11dcb61d45eea559"",""SESSION_ID"":""696febb3fbd1db2c24979f5a""}","2026-01-20T21:11:08.182305841Z","{""plan"":""My plan is to use win the game""}","2026-01-20T21:14:55.986380864Z"
"01KFEMYPQE297SQBBGD1MS3FP8","{""advice"":""Try to find an outcome that's fair for both of you.""}","2026-01-20T21:30:22.178393891Z",190,"2026-01-20T21:38:54.563119475Z","","","game ended","2026-01-20T21:39:35.660510865Z",1,"2026-01-20T21:40:51.65151188Z","","","{""adviceFollowed"":"""",""partnerAdvice"":""be greedy. or maybe the same that i got but the other one was still greedy."",""feedback"":""i had to reload because i ended up with a white screen multiple times""}","2026-01-20T21:40:51.713742661Z","01KFEKHZCYGXG9E88XG20MH24Y","2026-01-20T21:30:06.309541339Z",3,"2026-01-20T21:30:22.247986088Z","true","2026-01-20T21:31:09.581117816Z","01KFEMYNH72CR3384RX247DCYR","2026-01-20T21:28:44.014106892Z","69307d745bd074cbca8fb68d","2026-01-20T21:28:44.014106892Z","{""advice"":""Try to find an outcome that's fair for both of you."",""adviceType"":""noCG"",""chatEnabled"":false,""numRounds"":13,""playerCount"":2}","2026-01-20T21:28:44.099597024Z","noCG_cooperate","2026-01-20T21:28:44.099597024Z","{""PROLIFIC_PID"":""69307d745bd074cbca8fb68d"",""STUDY_ID"":""696fda5e11dcb61d45eea559"",""SESSION_ID"":""696ff33b4915b863645c4d15""}","2026-01-20T21:28:44.388699102Z","{""plan"":""I would park on B because the other player might try to get on C""}","2026-01-20T21:31:09.635000018Z"
"01KFEHFHGVMZZ35F5CSBQJBJM3","{""advice"":""Try to find an outcome that's fair for both of you.""}","2026-01-20T20:29:24.788690823Z",83,"2026-01-20T20:33:27.89082571Z","","","game ended","2026-01-20T20:33:44.888650079Z",1,"2026-01-20T20:34:15.524759029Z","","","{""adviceFollowed"":""yes, but we ran into trouble once in a while."",""partnerAdvice"":"""",""feedback"":""no, not at all.""}","2026-01-20T20:34:15.517048048Z","01KFEHA1GDXTPSA0SX8CRPX47C","2026-01-20T20:28:01.446835891Z",3,"2026-01-20T20:29:24.794422473Z","true","2026-01-20T20:29:54.799167503Z","01KFEHFHAC4K0FQTVAGH8ZWYN5","2026-01-20T20:28:01.43527828Z","6966ac0f9af686ae3725be88","2026-01-20T20:28:01.43527828Z","{""advice"":""Try to find an outcome that's fair for both of you."",""adviceType"":""CG"",""chatEnabled"":false,""numRounds"":13,""playerCount"":2}","2026-01-20T20:28:01.446835891Z","CG_cooperate","2026-01-20T20:28:01.446835891Z","{""PROLIFIC_PID"":""6966ac0f9af686ae3725be88"",""STUDY_ID"":""696fda5e11dcb61d45eea559"",""SESSION_ID"":""696fe514b4dac104086c8898""}","2026-01-20T20:28:01.616307328Z","{""plan"":""Try to park in a purple spot if the person wants a yellow spot then it is a yellow spot ""}","2026-01-20T20:29:54.79314919Z"
"01KFEK01H1YPA1JPJ9R7TY1GMF","{""advice"":""Try to get the best outcome for yourself.""}","2026-01-20T20:58:46.421160771Z",147,"2026-01-20T21:05:04.316750765Z","","","game ended","2026-01-20T21:05:29.137853661Z",1,"2026-01-20T21:06:08.142255081Z","","","{""adviceFollowed"":""Yes because we kept on wanting the best spot for ourselves"",""partnerAdvice"":"""",""feedback"":""""}","2026-01-20T21:06:08.105270497Z","01KFEJ5DPRA3SJMDJ397B8T8C1","2026-01-20T20:58:40.109205638Z",3,"2026-01-20T20:58:46.401402965Z","true","2026-01-20T20:59:19.161542892Z","01KFEK003W4SFJHP849NEJB0W2","2026-01-20T20:54:30.689884177Z","669bd8ce24b83b4652aebd40","2026-01-20T20:54:30.689884177Z","{""advice"":""Try to get the best outcome for yourself."",""adviceType"":""CG"",""numRounds"":13,""playerCount"":2}","2026-01-20T20:54:30.722092209Z","CG_selfish","2026-01-20T20:54:30.722092209Z","{""PROLIFIC_PID"":""669bd8ce24b83b4652aebd40"",""STUDY_ID"":""696fda5e11dcb61d45eea559"",""SESSION_ID"":""696fe9a3fa362f5f8af89d34""}","2026-01-20T20:54:31.604963251Z","{""plan"":""Choose the best spot that my partner won't think about""}","2026-01-20T20:59:19.14443863Z"
"01KFEKH2E82JWZZAXCHQQKPEBM","{""advice"":""Try to find an outcome that's fair for both of you.""}","2026-01-20T21:05:58.289311613Z",139,"2026-01-20T21:13:51.772446653Z","","","game ended","2026-01-20T21:14:36.631572296Z",1,"2026-01-20T21:15:36.76187915Z","","","{""adviceFollowed"":""yes i felt that we followed advice and was attentive "",""partnerAdvice"":"""",""feedback"":""no""}","2026-01-20T21:15:36.717826277Z","01KFEKHWZEPZZY95F2XW7M1MFP","2026-01-20T21:06:15.850059351Z",3,"2026-01-20T21:05:58.320245793Z","true","2026-01-20T21:07:03.458087163Z","01KFEKH0XPTCC7PJ2ETE86RF0B","2026-01-20T21:03:48.680271291Z","5f45866db58295196efa95f1","2026-01-20T21:03:48.680271291Z","{""advice"":""Try to find an outcome that's fair for both of you."",""adviceType"":""CG"",""chatEnabled"":false,""numRounds"":13,""playerCount"":2}","2026-01-20T21:03:48.724668724Z","CG_cooperate","2026-01-20T21:03:48.724668724Z","{""PROLIFIC_PID"":""5f45866db58295196efa95f1"",""STUDY_ID"":""696fda5e11dcb61d45eea559"",""SESSION_ID"":""696fed557b6df8a296591ce6""}","2026-01-20T21:03:49.318398597Z","{""plan"":""park different where my partner is not parking avoid collusion ""}","2026-01-20T21:07:03.424975873Z"
"01KFEHBP1ZE2AV6NAD8SG9ZGBW","{""advice"":""Try to get the best outcome for yourself.""}","2026-01-20T20:27:35.683229518Z",140,"2026-01-20T20:30:25.082679332Z","","","game ended","2026-01-20T20:30:35.716296296Z",1,"2026-01-20T20:31:00.023123065Z","","","{""adviceFollowed"":"""",""partnerAdvice"":""play safe and dont allow greed to take over.\n"",""feedback"":""N/A\n""}","2026-01-20T20:31:48.130188403Z","01KFEHA1GK3DQ7TRWFWA7J267H","2026-01-20T20:27:46.323561909Z",3,"2026-01-20T20:27:35.698057384Z","true","2026-01-20T20:27:51.905432486Z","01KFEHBN21JY4T78Q3Y4DKB4K9","2026-01-20T20:25:55.00779055Z","65fadd16dd68b34863129702","2026-01-20T20:25:55.00779055Z","{""advice"":""Try to get the best outcome for yourself."",""adviceType"":""noCG"",""chatEnabled"":false,""numRounds"":13,""playerCount"":2}","2026-01-20T20:25:55.021208007Z","noCG_selfish","2026-01-20T20:25:55.021208007Z","{""PROLIFIC_PID"":""65fadd16dd68b34863129702"",""STUDY_ID"":""696fda5e11dcb61d45eea559"",""SESSION_ID"":""696fe48ce558972eb4242276""}","2026-01-20T20:25:55.548224063Z","{""plan"":""Playing safe always""}","2026-01-20T20:27:51.900703182Z"
"01KFEHF7572SXHJWAG2WR57G7K","{""advice"":""Try to find an outcome that's fair for both of you.""}","2026-01-20T20:29:19.075882303Z",97,"2026-01-20T20:35:24.572326011Z","","","game ended","2026-01-20T20:35:49.825506889Z",1,"2026-01-20T20:36:44.321457195Z","","","{""adviceFollowed"":""Ja war angemessen"",""partnerAdvice"":"""",""feedback"":""Nein , war sehr angenehm.""}","2026-01-20T20:36:44.330521662Z","01KFEHA1QDYX27N1S60Z95NKD9","2026-01-20T20:31:26.072115303Z",3,"2026-01-20T20:29:19.245870854Z","true","2026-01-20T20:32:08.006399784Z","01KFEHF6G0M4P9T0G6KQP3VGWR","2026-01-20T20:27:50.82304068Z","6965544fb7b77673db060d00","2026-01-20T20:27:50.82304068Z","{""advice"":""Try to find an outcome that's fair for both of you."",""adviceType"":""CG"",""chatEnabled"":false,""numRounds"":13,""playerCount"":2}","2026-01-20T20:27:50.83981395Z","CG_cooperate","2026-01-20T20:27:50.83981395Z","{""PROLIFIC_PID"":""6965544fb7b77673db060d00"",""STUDY_ID"":""696fda5e11dcb61d45eea559"",""SESSION_ID"":""696fe49bda5d549ed89f2932""}","2026-01-20T20:27:51.195840376Z","{""plan"":""I give my best to Win thats all :-P""}","2026-01-20T20:32:08.049344836Z"
"01KFEHVQ5CHDKKYBKKZ5GXNMKV","{""advice"":""Try to find an outcome that's fair for both of you.""}","2026-01-20T20:35:27.907019574Z",124,"2026-01-20T20:38:40.344938199Z","","","game ended","2026-01-20T20:38:55.711563892Z",1,"2026-01-20T20:39:21.41584839Z","","","{""adviceFollowed"":"""",""partnerAdvice"":""Maybe they were told to choose one that is consistently different each time."",""feedback"":""""}","2026-01-20T20:39:21.398147224Z","01KFEHA1Z72TJ9J0QENR016CFN","2026-01-20T20:34:40.444699061Z",3,"2026-01-20T20:35:27.899665964Z","true","2026-01-20T20:36:28.116679071Z","01KFEHVPXQBKW0HCAQVFWBHZR2","2026-01-20T20:34:40.428198254Z","5cb62e9293342300017a72a1","2026-01-20T20:34:40.428198254Z","{""advice"":""Try to find an outcome that's fair for both of you."",""adviceType"":""noCG"",""chatEnabled"":false,""numRounds"":13,""playerCount"":2}","2026-01-20T20:34:40.444699061Z","noCG_cooperate","2026-01-20T20:34:40.444699061Z","{""PROLIFIC_PID"":""5cb62e9293342300017a72a1"",""STUDY_ID"":""696fda5e11dcb61d45eea559"",""SESSION_ID"":""696fe5829b5f6972db4d209f""}","2026-01-20T20:34:40.661044729Z","{""plan"":""I think the chances of balance would be with A and B, and would be the most equitable. I would recommend that based on the fact that both of us would receive the stated earnings with a bonus. ""}","2026-01-20T20:36:28.10839257Z"
"01KFEK2D2ABTHF5VPGA11FKCNZ","{""advice"":""Try to find an outcome that's fair for both of you.""}","2026-01-20T20:57:54.4153838Z",199,"2026-01-20T21:03:42.382399733Z","","","game ended","2026-01-20T21:04:36.70568251Z",1,"2026-01-20T21:07:14.812025999Z","","","{""adviceFollowed"":"""",""partnerAdvice"":""The advice was possibly to prioritize coordination to begin with. Then return to the successfull options. "",""feedback"":""""}","2026-01-20T21:07:14.776437965Z","01KFEJ5CQQ00MKPGMA298B0BDM","2026-01-20T20:55:48.074636301Z",3,"2026-01-20T20:57:54.398236528Z","true","2026-01-20T20:59:43.51275039Z","01KFEK2CMC8XDGDSNM2DM5921Z","2026-01-20T20:55:48.042171523Z","66854df2e5fef4239ff63a7d","2026-01-20T20:55:48.042171523Z","{""advice"":""Try to find an outcome that's fair for both of you."",""adviceType"":""noCG"",""chatEnabled"":false,""numRounds"":13,""playerCount"":2}","2026-01-20T20:55:48.074636301Z","noCG_cooperate","2026-01-20T20:55:48.074636301Z","{""PROLIFIC_PID"":""66854df2e5fef4239ff63a7d"",""STUDY_ID"":""696fda5e11dcb61d45eea559"",""SESSION_ID"":""696febb2d15277c6807f3aa4""}","2026-01-20T20:55:48.329188045Z","{""plan"":""I think I will aim for spot c to try and maximise points while hoping my partner coordinates by chosing d""}","2026-01-20T20:59:43.494755152Z"
"01KFEMZ3DY0H8VM8TWW94CE5C0","{""advice"":""Try to find an outcome that's fair for both of you.""}","2026-01-20T21:30:31.914185578Z",328,"2026-01-20T21:38:54.563119475Z","","","game ended","2026-01-20T21:39:35.660510865Z",1,"2026-01-20T21:40:03.072183759Z","","","{""adviceFollowed"":"""",""partnerAdvice"":""Something about making it fair for everyone "",""feedback"":""""}","2026-01-20T21:40:03.020557813Z","01KFEKHZCYGXG9E88XG20MH24Y","2026-01-20T21:30:06.309541339Z",3,"2026-01-20T21:30:31.971826222Z","true","2026-01-20T21:31:01.843837406Z","01KFEMZ30BMV9KMDXH6CWVJPR1","2026-01-20T21:28:57.023033325Z","607ca741fd54ce0bd3846328","2026-01-20T21:28:57.023033325Z","{""advice"":""Try to find an outcome that's fair for both of you."",""adviceType"":""noCG"",""chatEnabled"":false,""numRounds"":13,""playerCount"":2}","2026-01-20T21:28:57.097437356Z","noCG_cooperate","2026-01-20T21:28:57.097437356Z","{""PROLIFIC_PID"":""607ca741fd54ce0bd3846328"",""STUDY_ID"":""696fda5e11dcb61d45eea559"",""SESSION_ID"":""696ff373d88ea495565c14ab""}","2026-01-20T21:28:57.296591592Z","{""plan"":""Try to maximise the spots with higher MU where possible""}","2026-01-20T21:31:01.910246151Z"
"01KFEMYTYF2ENKG7SYCSVCBX9H","{""advice"":""Try to find an outcome that's fair for both of you.""}","2026-01-20T21:31:06.924225617Z",221,"2026-01-20T21:37:12.374698163Z","","","game ended","2026-01-20T21:37:45.363562454Z",1,"2026-01-20T21:38:22.881360959Z","","","{""adviceFollowed"":""Yes we made sure to work together"",""partnerAdvice"":"""",""feedback"":""No""}","2026-01-20T21:38:22.981635993Z","01KFEKHYHJB14HYQ6WNW69M0EN","2026-01-20T21:28:48.409357097Z",3,"2026-01-20T21:31:06.979769942Z","true","2026-01-20T21:33:14.842584422Z","01KFEMYTQWAPWENZ6JNQEBBYDR","2026-01-20T21:28:48.335276795Z","5db48b4d14dab8000de45fdf","2026-01-20T21:28:48.335276795Z","{""advice"":""Try to find an outcome that's fair for both of you."",""adviceType"":""CG"",""chatEnabled"":false,""numRounds"":13,""playerCount"":2}","2026-01-20T21:28:48.409357097Z","CG_cooperate","2026-01-20T21:28:48.409357097Z","{""PROLIFIC_PID"":""5db48b4d14dab8000de45fdf"",""STUDY_ID"":""696fda5e11dcb61d45eea559"",""SESSION_ID"":""696ff3396e9b561edbdab2dc""}","2026-01-20T21:28:48.52037385Z","{""plan"":""I will try to cooperate with my partner to find the best solution for both of us. Always try to  be the same color even if I make a little less than my partner. Avoid parking in the same spot at all costs.""}","2026-01-20T21:33:14.917787245Z"
"01KFEN1V09JT6DJQFTMJT9XVS1","{""advice"":""Try to find an outcome that's fair for both of you.""}","2026-01-20T21:33:36.762837887Z",220,"2026-01-20T21:42:36.341113682Z","","","game ended","2026-01-20T21:42:49.82910107Z",1,"2026-01-20T21:44:26.464199671Z","","","{""adviceFollowed"":""Yes, I think my partner  early figured out that I chose the same spot each time."",""partnerAdvice"":"""",""feedback"":""Was fun.""}","2026-01-20T21:44:26.368188903Z","01KFEKP8SWACZ78Z101DJZ9YZX","2026-01-20T21:35:46.519437094Z",3,"2026-01-20T21:33:36.915092051Z","true","2026-01-20T21:37:18.681011736Z","01KFEN1M12AB1Y0D7KMQ3M5DQR","2026-01-20T21:30:26.698021604Z","6810a18757af6c498fe23e92","2026-01-20T21:30:26.698021604Z","{""advice"":""Try to find an outcome that's fair for both of you."",""adviceType"":""CG"",""chatEnabled"":false,""numRounds"":13,""playerCount"":2}","2026-01-20T21:30:27.572446778Z","CG_cooperate","2026-01-20T21:30:27.572446778Z","{""PROLIFIC_PID"":""6810a18757af6c498fe23e92"",""STUDY_ID"":""696fda5e11dcb61d45eea559"",""SESSION_ID"":""696ff35499fe2e31bc07f208""}","2026-01-20T21:30:28.134927381Z","{""plan"":""I will park in the same spot each time, and not the highest paying one. Hopefully my partner will figure that out soon.""}","2026-01-20T21:37:18.7545543Z"
"01KFEKMQJYX5BJJG3C1JG69E20","{""advice"":""Try to find an outcome that's fair for both of you.""}","2026-01-20T21:07:03.260894817Z",148,"2026-01-20T21:13:19.821987694Z","","","game ended","2026-01-20T21:13:40.802789447Z",1,"2026-01-20T21:15:31.125691363Z","","","{""adviceFollowed"":"""",""partnerAdvice"":""Try to find an outcome that's best for fair for both of you"",""feedback"":""thanks""}","2026-01-20T21:15:31.16725483Z","01KFEKHX2RB171QB64SDRQQFHC","2026-01-20T21:06:54.139082014Z",3,"2026-01-20T21:07:03.300772153Z","true","2026-01-20T21:07:51.828717004Z","01KFEKMJGR8Y14DHBCNX9J0F2B","2026-01-20T21:05:48.638557759Z","61515f10750c3da8d4bfdabf","2026-01-20T21:05:48.638557759Z","{""advice"":""Try to find an outcome that's fair for both of you."",""adviceType"":""noCG"",""chatEnabled"":false,""numRounds"":13,""playerCount"":2}","2026-01-20T21:05:51.646708081Z","noCG_cooperate","2026-01-20T21:05:51.646708081Z","{""PROLIFIC_PID"":""61515f10750c3da8d4bfdabf"",""STUDY_ID"":""696fda5e11dcb61d45eea559"",""SESSION_ID"":""696fed93154e3e7538a0f483""}","2026-01-20T21:05:52.321704052Z","{""plan"":""try and find the better outcome for both of us""}","2026-01-20T21:07:51.876903347Z"
"01KFEMBNJZT4WFKT0SV2QH9MSW","{""advice"":""Try to get the best outcome for yourself.""}","2026-01-20T21:21:30.957543186Z",289,"2026-01-20T21:29:58.405367601Z","","","game ended","2026-01-20T21:30:29.686449542Z",1,"2026-01-20T21:31:38.219207736Z","","","{""adviceFollowed"":"""",""partnerAdvice"":""probably to play for even payouts"",""feedback"":""""}","2026-01-20T21:31:38.147974973Z","01KFEKPB2MD43HRXJ5S36AZP95","2026-01-20T21:22:16.299982806Z",3,"2026-01-20T21:21:30.913014497Z","true","2026-01-20T21:23:22.758834327Z","01KFEMBNC10GEJV4W0S0W2R4BB","2026-01-20T21:18:20.25511977Z","694163cd8dce97079e97bd07","2026-01-20T21:18:20.25511977Z","{""advice"":""Try to get the best outcome for yourself."",""adviceType"":""noCG"",""chatEnabled"":false,""numRounds"":13,""playerCount"":2}","2026-01-20T21:18:20.59416879Z","noCG_selfish","2026-01-20T21:18:20.59416879Z","{""PROLIFIC_PID"":""694163cd8dce97079e97bd07"",""STUDY_ID"":""696fda5e11dcb61d45eea559"",""SESSION_ID"":""696ff09cf4bf4384eae0587b""}","2026-01-20T21:18:20.744926617Z","{""plan"":""My game plan is to go for purple probably C because that would make me the most it's the highest possible payout""}","2026-01-20T21:23:22.855121524Z"
"01KFEHE6NX6FXVRTV1KPH8TKWC","{""advice"":""Try to get the best outcome for yourself.""}","2026-01-20T20:28:39.092819211Z",209,"2026-01-20T20:31:08.715426487Z","","","game ended","2026-01-20T20:31:17.798878887Z",1,"2026-01-20T20:31:50.93607863Z","","","{""adviceFollowed"":"""",""partnerAdvice"":""To try to get the best possible personal outcome."",""feedback"":""Everything went fine. Thanks.""}","2026-01-20T20:31:50.942268206Z","01KFEHA25NESP3C46R1STZWY67","2026-01-20T20:29:10.321605118Z",3,"2026-01-20T20:28:39.087482544Z","true","2026-01-20T20:29:13.659276936Z","01KFEHE64SJ50PKN6HVRBCG329","2026-01-20T20:27:17.565830747Z","5ec0ba5fe70ab737cc37559c","2026-01-20T20:27:17.565830747Z","{""advice"":""Try to get the best outcome for yourself."",""adviceType"":""noCG"",""chatEnabled"":false,""numRounds"":13,""playerCount"":2}","2026-01-20T20:27:17.606802236Z","noCG_selfish","2026-01-20T20:27:17.606802236Z","{""PROLIFIC_PID"":""5ec0ba5fe70ab737cc37559c"",""STUDY_ID"":""696fda5e11dcb61d45eea559"",""SESSION_ID"":""696fe506e1b5aaed98ffe133""}","2026-01-20T20:27:17.87126739Z","{""plan"":""Start by getting the best possible for myself. Depending on how my partner does I'd adjust to benefit both of us as best.""}","2026-01-20T20:29:13.664636363Z"
"01KFEJAS01H74KYS8N629S6DTN","{""advice"":""Try to get the best outcome for yourself.""}","2026-01-20T20:45:13.525249031Z",202,"2026-01-20T20:53:44.471698173Z","","","game ended","2026-01-20T20:54:03.193762815Z",1,"2026-01-20T20:56:53.21475984Z","","","{""adviceFollowed"":"""",""partnerAdvice"":""I think they did not get the bonus"",""feedback"":""I enjoyed it, I found it easy to teach my partner my game strategy that I only developed during the game""}","2026-01-20T20:56:53.184597413Z","01KFEHAM4AZFDTAG8DR1VA4141","2026-01-20T20:47:13.451195278Z",3,"2026-01-20T20:45:13.538601419Z","true","2026-01-20T20:47:21.637995552Z","01KFEJAP6CMBSTBHDZK1J3K0DJ","2026-01-20T20:42:53.825836444Z","67c189c78d1190bf30438b4b","2026-01-20T20:42:53.825836444Z","{""advice"":""Try to get the best outcome for yourself."",""adviceType"":""noCG"",""chatEnabled"":false,""numRounds"":13,""playerCount"":2}","2026-01-20T20:42:53.849537575Z","noCG_selfish","2026-01-20T20:42:53.849537575Z","{""PROLIFIC_PID"":""67c189c78d1190bf30438b4b"",""STUDY_ID"":""696fda5e11dcb61d45eea559"",""SESSION_ID"":""696fe8344a9a766339b29ef0""}","2026-01-20T20:42:54.677436827Z","{""plan"":""I plan to win""}","2026-01-20T20:47:21.650985805Z"
"01KFEKJ39TDPNH3F2VQ6ZS2WQR","{""advice"":""Try to find an outcome that's fair for both of you.""}","2026-01-20T21:06:47.565291897Z",268,"2026-01-20T21:13:19.821987694Z","","","game ended","2026-01-20T21:13:40.802789447Z",1,"2026-01-20T21:14:17.590966046Z","","","{""adviceFollowed"":"""",""partnerAdvice"":""pick similar spots to let your partner know where you are going."",""feedback"":""nope!""}","2026-01-20T21:14:17.554591413Z","01KFEKHX2RB171QB64SDRQQFHC","2026-01-20T21:06:54.139082014Z",3,"2026-01-20T21:06:47.607080704Z","true","2026-01-20T21:07:16.437404052Z","01KFEKHY2E3QW3QJ5G81MD3V5D","2026-01-20T21:04:22.330932962Z","695fe9333c8cab21d74e20ff","2026-01-20T21:04:22.330932962Z","{""advice"":""Try to find an outcome that's fair for both of you."",""adviceType"":""noCG"",""chatEnabled"":false,""numRounds"":13,""playerCount"":2}","2026-01-20T21:04:28.470968102Z","noCG_cooperate","2026-01-20T21:04:28.470968102Z","{""PROLIFIC_PID"":""695fe9333c8cab21d74e20ff"",""STUDY_ID"":""696fda5e11dcb61d45eea559"",""SESSION_ID"":""696fed1e3a79ef1b4920eb97""}","2026-01-20T21:04:28.562064533Z","{""plan"":""pick a same general area every time to let my partner know where i am going""}","2026-01-20T21:07:16.399025761Z"
"01KFEN3XCJATC6HG39SDG7KSE0","{""advice"":""Try to find an outcome that's fair for both of you.""}","2026-01-20T21:34:40.372270323Z",226,"2026-01-20T21:42:36.341113682Z","","","game ended","2026-01-20T21:42:49.82910107Z",1,"2026-01-20T21:43:45.688659882Z","","","{""adviceFollowed"":""i didn't in the start because i didn't know how he would play but we figured it out"",""partnerAdvice"":"""",""feedback"":""no""}","2026-01-20T21:43:45.618705572Z","01KFEKP8SWACZ78Z101DJZ9YZX","2026-01-20T21:35:46.519437094Z",3,"2026-01-20T21:34:40.44754377Z","true","2026-01-20T21:36:41.088265533Z","01KFEN3WV9DMH777C5HZHE8J1D","2026-01-20T21:31:34.674637434Z","6924a12056c80894f5f74612","2026-01-20T21:31:34.674637434Z","{""advice"":""Try to find an outcome that's fair for both of you."",""adviceType"":""CG"",""chatEnabled"":false,""numRounds"":13,""playerCount"":2}","2026-01-20T21:31:34.752283791Z","CG_cooperate","2026-01-20T21:31:34.752283791Z","{""PROLIFIC_PID"":""6924a12056c80894f5f74612"",""STUDY_ID"":""696fda5e11dcb61d45eea559"",""SESSION_ID"":""696ff3cc43c0afdbc8b9bd72""}","2026-01-20T21:31:34.94342089Z","{""plan"":""i wil try to ear as much as possible but thinking of my partner, therefore i prefere to win just a little bonus rather than zero""}","2026-01-20T21:36:41.17450377Z"
"01KFEHHKNYNVTAQQFNDQ02SYYK","{""advice"":""Try to get the best outcome for yourself.""}","2026-01-20T20:32:13.64315838Z",149,"2026-01-20T20:36:44.462445362Z","","","game ended","2026-01-20T20:37:02.572716067Z",1,"2026-01-20T20:37:23.032095639Z","","","{""adviceFollowed"":""No, my partner was inconsistent"",""partnerAdvice"":"""",""feedback"":""""}","2026-01-20T20:37:23.04114406Z","01KFEHA1GPSKM8FTTA039GX2FE","2026-01-20T20:29:09.19450571Z",3,"2026-01-20T20:32:13.649605195Z","true","2026-01-20T20:32:57.661901622Z","01KFEHHKEXWWZH9ZDZ24QDPQ36","2026-01-20T20:29:09.182473426Z","671d7a754bafa85dac6e0683","2026-01-20T20:29:09.182473426Z","{""advice"":""Try to get the best outcome for yourself."",""adviceType"":""CG"",""numRounds"":13,""playerCount"":2}","2026-01-20T20:29:09.19450571Z","CG_selfish","2026-01-20T20:29:09.19450571Z","{""PROLIFIC_PID"":""671d7a754bafa85dac6e0683"",""STUDY_ID"":""696fda5e11dcb61d45eea559"",""SESSION_ID"":""696fe572fe8ed55331b48034""}","2026-01-20T20:29:09.31914213Z","{""plan"":""I will park in C and hope my partner parks in D. ""}","2026-01-20T20:32:57.655601223Z"
"01KFEHWFN7B5ZY9MX1Q0P1B17R","{""advice"":""Try to find an outcome that's fair for both of you.""}","2026-01-20T20:37:23.161711773Z",230,"2026-01-20T20:43:10.110326762Z","","","game ended","2026-01-20T20:43:19.694845258Z",1,"2026-01-20T20:43:45.936183695Z","","","{""adviceFollowed"":"""",""partnerAdvice"":""pick random letters"",""feedback"":""""}","2026-01-20T20:43:45.923394632Z","01KFEHA25S6PYJD4DSX1VJG5FE","2026-01-20T20:36:28.147190789Z",3,"2026-01-20T20:37:23.170807229Z","true","2026-01-20T20:38:56.826322481Z","01KFEHWF6M2AJST9F9HA6ZK7MV","2026-01-20T20:35:05.511454704Z","5b826da908ee760001522a91","2026-01-20T20:35:05.511454704Z","{""advice"":""Try to find an outcome that's fair for both of you."",""adviceType"":""noCG"",""chatEnabled"":false,""numRounds"":13,""playerCount"":2}","2026-01-20T20:35:05.526520169Z","noCG_cooperate","2026-01-20T20:35:05.526520169Z","{""PROLIFIC_PID"":""5b826da908ee760001522a91"",""STUDY_ID"":""696fda5e11dcb61d45eea559"",""SESSION_ID"":""696fe5a64c88ca0b9ba0725a""}","2026-01-20T20:35:05.763636761Z","{""plan"":""i should pick either spot a or spot b as i think my partner will go for spot c as it pays the most""}","2026-01-20T20:38:56.817343513Z"
"01KFEJRM0CNFF8YTKCA6JC16CE","{""advice"":""Try to get the best outcome for yourself.""}","2026-01-20T20:52:57.245695221Z",125,"2026-01-20T20:58:15.744944332Z","","","game ended","2026-01-20T20:58:47.574130804Z",1,"2026-01-20T20:59:43.466253089Z","","","{""adviceFollowed"":""Yes, I noticed when we chose the same ,we changed on the following round "",""partnerAdvice"":"""",""feedback"":""""}","2026-01-20T20:59:43.34876214Z","01KFEJ5C9822567XDA8A9QG0G3","2026-01-20T20:51:52.100219972Z",3,"2026-01-20T20:52:57.530691794Z","true","2026-01-20T20:54:52.438618313Z","01KFEJRJT6Q7WEQ4E79ET5BQT1","2026-01-20T20:50:27.468318835Z","67faaa664dba2831edb827c5 ","2026-01-20T20:50:27.468318835Z","{""advice"":""Try to get the best outcome for yourself."",""adviceType"":""CG"",""numRounds"":13,""playerCount"":2}","2026-01-20T20:50:27.498940973Z","CG_selfish","2026-01-20T20:50:27.498940973Z","{""PROLIFIC_PID"":""67faaa664dba2831edb827c5"",""STUDY_ID"":""696fda5e11dcb61d45eea559"",""SESSION_ID"":""696fea5cfbd1db2c24979b36""}","2026-01-20T20:50:28.096598263Z","{""plan"":""I will try to target the most paying spots inorder to earn more points ""}","2026-01-20T20:54:52.4560965Z"
"01KFEN5FXNPY52Q25YH9X08VBV","{""advice"":""Try to find an outcome that's fair for both of you.""}","2026-01-20T21:34:46.280492567Z",153,"2026-01-20T21:41:43.899169066Z","","","game ended","2026-01-20T21:42:15.154069341Z",1,"2026-01-20T21:43:34.385730234Z","","","{""adviceFollowed"":""yes I think so"",""partnerAdvice"":"""",""feedback"":""not really""}","2026-01-20T21:43:34.332517843Z","01KFEKHZJWCME2TD44SWFYQ3JK","2026-01-20T21:34:55.25519308Z",3,"2026-01-20T21:34:46.325243069Z","true","2026-01-20T21:35:42.746059564Z","01KFEN5EQM96208JP8J8PD9ZN8","2026-01-20T21:32:26.421324658Z","67d82a253c711ce2e4745113","2026-01-20T21:32:26.421324658Z","{""advice"":""Try to find an outcome that's fair for both of you."",""adviceType"":""CG"",""chatEnabled"":false,""numRounds"":13,""playerCount"":2}","2026-01-20T21:32:26.518781006Z","CG_cooperate","2026-01-20T21:32:26.518781006Z","{""PROLIFIC_PID"":""67d82a253c711ce2e4745113"",""STUDY_ID"":""696fda5e11dcb61d45eea559"",""SESSION_ID"":""696ff3e6ee298ca112892537""}","2026-01-20T21:32:27.083787122Z","{""plan"":""try to not park in the same sport""}","2026-01-20T21:35:42.685370689Z"
"01KFEHBPM0QM8692M9NW91QBAJ","{""advice"":""Try to get the best outcome for yourself.""}","2026-01-20T20:27:21.731211189Z",80,"2026-01-20T20:30:48.085301672Z","","","game ended","2026-01-20T20:31:12.150443737Z",1,"2026-01-20T20:31:51.199942953Z","","","{""adviceFollowed"":"""",""partnerAdvice"":""I have no clue, but probably to choose C for max earnings"",""feedback"":""""}","2026-01-20T20:31:51.193040748Z","01KFEHA1R32D8V3SKQA6BEDXA8","2026-01-20T20:27:55.751093036Z",3,"2026-01-20T20:27:21.726899678Z","true","2026-01-20T20:28:28.652316825Z","01KFEHBP35PYGDTT3RXH1J375J","2026-01-20T20:25:55.584766684Z","5f9822ed09bb3d07b22d6c8d","2026-01-20T20:25:55.584766684Z","{""advice"":""Try to get the best outcome for yourself."",""adviceType"":""noCG"",""chatEnabled"":false,""numRounds"":13,""playerCount"":2}","2026-01-20T20:25:55.600287444Z","noCG_selfish","2026-01-20T20:25:55.600287444Z","{""PROLIFIC_PID"":""5f9822ed09bb3d07b22d6c8d"",""STUDY_ID"":""696fda5e11dcb61d45eea559"",""SESSION_ID"":""696fe491b0ac97630eef8608""}","2026-01-20T20:25:55.883240767Z","{""plan"":""i will try to park on C or D to maximize potential earnings for both of us""}","2026-01-20T20:28:28.657565165Z"
"01KFEHYH6DP091MJE3KD0CRNR1","{""advice"":""Try to find an outcome that's fair for both of you.""}","2026-01-20T20:42:03.486608612Z",163,"2026-01-20T20:48:24.117092711Z","","","game ended","2026-01-20T20:48:47.631182407Z",1,"2026-01-20T20:50:06.431782089Z","","","{""adviceFollowed"":"""",""partnerAdvice"":"" likely received advice encouraging efficiency, such as aiming for the highest total payoff.\n"",""feedback"":""""}","2026-01-20T20:50:06.413977129Z","01KFEHAM45R1366856G6A2WGHZ","2026-01-20T20:42:25.711403333Z",3,"2026-01-20T20:42:03.888999804Z","true","2026-01-20T20:43:12.82681322Z","01KFEHYG0SFBH27X82B650GY61","2026-01-20T20:36:12.621458524Z","66912a96b8dba143ceba8276","2026-01-20T20:36:12.621458524Z","{""advice"":""Try to find an outcome that's fair for both of you."",""adviceType"":""noCG"",""chatEnabled"":false,""numRounds"":13,""playerCount"":2}","2026-01-20T20:36:12.638650305Z","noCG_cooperate","2026-01-20T20:36:12.638650305Z","{""PROLIFIC_PID"":""66912a96b8dba143ceba8276"",""STUDY_ID"":""696fda5e11dcb61d45eea559"",""SESSION_ID"":""696fe6dbbe9ebbca10f86290""}","2026-01-20T20:36:13.198791185Z","{""plan"":""My plan is to aim for a coordinated outcome that balances fairness and efficiency. The most fair option is choosing the orange pair (A+B), since both players earn the same amount (20 MU each) if we succeed. While the purple pair (C+D) gives a higher total, it is uneven (29 vs. 17). To follow the advice, I will choose one of the orange spots, because it avoids collisions if my partner also thinks about fairness and it ensures equal payoffs for both of us. This way, we maximize our joint bonus while keeping the outcome balanced.""}","2026-01-20T20:43:12.814617884Z"
"01KFEM8JMB54JZHMPXSTXQAQHP","{""advice"":""Try to get the best outcome for yourself.""}","2026-01-20T21:18:43.187993998Z",207,"2026-01-20T21:26:12.341018824Z","","","game ended","2026-01-20T21:26:24.06211016Z",1,"2026-01-20T21:26:44.820348634Z","","","{""adviceFollowed"":"""",""partnerAdvice"":""do whatever is best for you"",""feedback"":""""}","2026-01-20T21:26:44.764753527Z","01KFEKHXK7R8H3J1J8XZRRFJYB","2026-01-20T21:19:03.951759207Z",3,"2026-01-20T21:18:43.225480239Z","true","2026-01-20T21:19:08.64488254Z","01KFEM8JD9G20TS8VDHPSPZF6B","2026-01-20T21:16:38.923262687Z","63643728a38eaad0e7a70ee4","2026-01-20T21:16:38.923262687Z","{""advice"":""Try to get the best outcome for yourself."",""adviceType"":""noCG"",""chatEnabled"":false,""numRounds"":13,""playerCount"":2}","2026-01-20T21:16:38.998877198Z","noCG_selfish","2026-01-20T21:16:38.998877198Z","{""PROLIFIC_PID"":""63643728a38eaad0e7a70ee4"",""STUDY_ID"":""696fda5e11dcb61d45eea559"",""SESSION_ID"":""696ff0a3e0f185c436316c62""}","2026-01-20T21:16:39.087515447Z","{""plan"":""try to pick a different spot from my partner""}","2026-01-20T21:19:08.586667338Z"
"01KFEMCPJ0592DB22F7648NKQD","{""advice"":""Try to get the best outcome for yourself.""}","2026-01-20T21:21:39.950366993Z",175,"2026-01-20T21:30:49.098981826Z","","","game ended","2026-01-20T21:31:34.129218779Z",1,"2026-01-20T21:32:24.995671847Z","","","{""adviceFollowed"":"""",""partnerAdvice"":""He got some good advices"",""feedback"":""Non""}","2026-01-20T21:32:25.066964564Z","01KFEKPARRGKN060WSHP4MXPVN","2026-01-20T21:21:37.48589953Z",3,"2026-01-20T21:21:40.000543093Z","true","2026-01-20T21:22:15.910406592Z","01KFEMCN5Y1C43EYNZWHPMMR5E","2026-01-20T21:18:54.016936272Z","67ab17fc5fcbc2579ac3ad27","2026-01-20T21:18:54.016936272Z","{""advice"":""Try to get the best outcome for yourself."",""adviceType"":""noCG"",""chatEnabled"":false,""numRounds"":13,""playerCount"":2}","2026-01-20T21:18:54.094950934Z","noCG_selfish","2026-01-20T21:18:54.094950934Z","{""PROLIFIC_PID"":""67ab17fc5fcbc2579ac3ad27"",""STUDY_ID"":""696fda5e11dcb61d45eea559"",""SESSION_ID"":""696ff0e00d51c307aa59d2be""}","2026-01-20T21:18:54.699486317Z","{""plan"":""Im going to go by my own plans""}","2026-01-20T21:22:15.854991762Z"
"01KFEMF0SBSYWZ1HCWC99ZE7MJ","{""advice"":""Try to get the best outcome for yourself.""}","2026-01-20T21:25:13.437888737Z",71,"2026-01-20T21:34:32.625527612Z","","","game ended","2026-01-20T21:34:53.960884861Z",1,"2026-01-20T21:38:03.865119468Z","","","{""adviceFollowed"":""yes we both did what was best for us "",""partnerAdvice"":"""",""feedback"":""the earnings you not be mentioned during the game but after because my partner did not let the sport that is paying much go ""}","2026-01-20T21:38:03.586319268Z","01KFEKHZBEEPDRHKRQPWCS3SGH","2026-01-20T21:25:32.430955873Z",3,"2026-01-20T21:25:13.783531949Z","true","2026-01-20T21:27:09.974092807Z","01KFEMEMVCN1YFW5B49VTDNG6A","2026-01-20T21:20:10.02793595Z","65794b62e4bbf95a4f2c9f03","2026-01-20T21:20:10.02793595Z","{""advice"":""Try to get the best outcome for yourself."",""adviceType"":""CG"",""numRounds"":13,""playerCount"":2}","2026-01-20T21:20:10.523305446Z","CG_selfish","2026-01-20T21:20:10.523305446Z","{""PROLIFIC_PID"":""65794b62e4bbf95a4f2c9f03"",""STUDY_ID"":""696fda5e11dcb61d45eea559"",""SESSION_ID"":""696ff09062a85b3c2a3ca349""}","2026-01-20T21:20:11.178784885Z","{""plan"":""Follow a pattern , If I chose yellow I will choose purple next , or repeating same color through out""}","2026-01-20T21:27:09.913681204Z"
"01KFEN3VF2KFDMCBF7BMJ0W416","{""advice"":""Try to find an outcome that's fair for both of you.""}","2026-01-20T21:34:06.311848222Z",186,"2026-01-20T21:41:43.899169066Z","","","game ended","2026-01-20T21:42:15.154069341Z",1,"2026-01-20T21:45:16.941413402Z","","","{""adviceFollowed"":""TO A CERTAIN EXTENT,YES I THINK THEY FOLLOWED"",""partnerAdvice"":"""",""feedback"":""""}","2026-01-20T21:45:16.866309327Z","01KFEKHZJWCME2TD44SWFYQ3JK","2026-01-20T21:34:55.25519308Z",3,"2026-01-20T21:34:06.375328157Z","true","2026-01-20T21:35:45.329641939Z","01KFEN3SGK8PRKK9CKZ190EBDV","2026-01-20T21:31:32.706962043Z","6112e38f811a9d11384fd173","2026-01-20T21:31:32.706962043Z","{""advice"":""Try to find an outcome that's fair for both of you."",""adviceType"":""CG"",""chatEnabled"":false,""numRounds"":13,""playerCount"":2}","2026-01-20T21:31:33.543385112Z","CG_cooperate","2026-01-20T21:31:33.543385112Z","{""PROLIFIC_PID"":""6112e38f811a9d11384fd173"",""STUDY_ID"":""696fda5e11dcb61d45eea559"",""SESSION_ID"":""696ff3cd4ea9684a0434138a""}","2026-01-20T21:31:34.189032845Z","{""plan"":""I WILL CHOOSE THE SAME SPACES UNTIL MY PARTNER NOTICES THAT I AM NOT CHANGING SPOTS""}","2026-01-20T21:35:45.234869718Z"
"01KFEKEYRXZWJHM17WAW49T1GG","{""advice"":""Try to find an outcome that's fair for both of you.""}","2026-01-20T21:05:50.312859958Z",179,"2026-01-20T21:13:27.690372596Z","","","game ended","2026-01-20T21:13:51.670088415Z",1,"2026-01-20T21:14:47.565810396Z","","","{""adviceFollowed"":"""",""partnerAdvice"":""Learn your partner pattern"",""feedback"":""Learn your partners pattern ""}","2026-01-20T21:14:47.531987665Z","01KFEKHW2KQMM6E7GG18D0G9TT","2026-01-20T21:06:04.637034789Z",3,"2026-01-20T21:05:50.541994044Z","true","2026-01-20T21:06:36.919081178Z","01KFEKEXGH0CH4BQ4FM58W6FPJ","2026-01-20T21:02:39.389584907Z","6688cfb8d94a100faf640186","2026-01-20T21:02:39.389584907Z","{""advice"":""Try to find an outcome that's fair for both of you."",""adviceType"":""noCG"",""chatEnabled"":false,""numRounds"":13,""playerCount"":2}","2026-01-20T21:02:39.426413439Z","noCG_cooperate","2026-01-20T21:02:39.426413439Z","{""PROLIFIC_PID"":""6688cfb8d94a100faf640186"",""STUDY_ID"":""696fda5e11dcb61d45eea559"",""SESSION_ID"":""696fecff9ed6f7a9c08e9374""}","2026-01-20T21:02:39.983883717Z","{""plan"":""Try to pick the same parking spot ""}","2026-01-20T21:06:36.94452833Z"
"01KFEM8T7TQADGVJ0QMJDZXZTY","{""advice"":""Try to get the best outcome for yourself.""}","2026-01-20T21:17:48.006434181Z",121,"2026-01-20T21:23:55.165158628Z","","","game ended","2026-01-20T21:24:41.524102199Z",1,"2026-01-20T21:25:50.051448956Z","","","{""adviceFollowed"":"""",""partnerAdvice"":""try to see a pattern"",""feedback"":""""}","2026-01-20T21:25:49.995761977Z","01KFEKHX0GFP3226G2XP5V5QA7","2026-01-20T21:16:46.773372982Z",3,"2026-01-20T21:17:47.968985914Z","true","2026-01-20T21:18:12.394261248Z","01KFEM8SRYFEEGA73RN4M87PQV","2026-01-20T21:16:46.714732379Z","5f823478cab272361106d26a","2026-01-20T21:16:46.714732379Z","{""advice"":""Try to get the best outcome for yourself."",""adviceType"":""noCG"",""chatEnabled"":false,""numRounds"":13,""playerCount"":2}","2026-01-20T21:16:46.773372982Z","noCG_selfish","2026-01-20T21:16:46.773372982Z","{""PROLIFIC_PID"":""5f823478cab272361106d26a"",""STUDY_ID"":""696fda5e11dcb61d45eea559"",""SESSION_ID"":""696ff08d9c8c515bf625bc8d""}","2026-01-20T21:16:46.957042238Z","{""plan"":""just try and be smart and fast, not follow a pattern""}","2026-01-20T21:18:12.433572933Z"
"01KFEMC66GX6VYABMARMTEQ575","{""advice"":""Try to get the best outcome for yourself.""}","2026-01-20T21:19:50.131292102Z",117,"2026-01-20T21:26:03.820862558Z","","","game ended","2026-01-20T21:26:18.828243289Z",1,"2026-01-20T21:26:42.610554536Z","","","{""adviceFollowed"":"""",""partnerAdvice"":""pick the best for yourself"",""feedback"":""no""}","2026-01-20T21:26:42.552187027Z","01KFEKHZN529E42QD9METE3SFK","2026-01-20T21:20:14.651135794Z",3,"2026-01-20T21:19:50.188081933Z","true","2026-01-20T21:20:49.866605713Z","01KFEMC5RB1VPH0ZHF3Y9YYJ5J","2026-01-20T21:18:37.264903313Z","6952dfd747efd6d8555144ec","2026-01-20T21:18:37.264903313Z","{""advice"":""Try to get the best outcome for yourself."",""adviceType"":""noCG"",""chatEnabled"":false,""numRounds"":13,""playerCount"":2}","2026-01-20T21:18:37.332770757Z","noCG_selfish","2026-01-20T21:18:37.332770757Z","{""PROLIFIC_PID"":""6952dfd747efd6d8555144ec"",""STUDY_ID"":""696fda5e11dcb61d45eea559"",""SESSION_ID"":""696ff1057ebe731e44755877""}","2026-01-20T21:18:37.497224228Z","{""plan"":""not gonna pick my best outcome, but one below""}","2026-01-20T21:20:49.936465925Z"
"01KFEHHMSX0QGW7JR1FS9J2AW6","{""advice"":""Try to find an outcome that's fair for both of you.""}","2026-01-20T20:30:36.645398015Z",95,"2026-01-20T20:33:27.89082571Z","","","game ended","2026-01-20T20:33:44.888650079Z",1,"2026-01-20T20:34:06.501055772Z","","","{""adviceFollowed"":""Pretty well, yes"",""partnerAdvice"":"""",""feedback"":""N/A""}","2026-01-20T20:34:06.493362466Z","01KFEHA1GDXTPSA0SX8CRPX47C","2026-01-20T20:29:10.854938892Z",3,"2026-01-20T20:30:36.651662845Z","true","2026-01-20T20:31:26.051875492Z","01KFEHHM54BK529DH8S47EAXHG","2026-01-20T20:29:10.333517439Z","68d56542f43a552639d2bb18","2026-01-20T20:29:10.333517439Z","{""advice"":""Try to find an outcome that's fair for both of you."",""adviceType"":""CG"",""chatEnabled"":false,""numRounds"":13,""playerCount"":2}","2026-01-20T20:29:10.854938892Z","CG_cooperate","2026-01-20T20:29:10.854938892Z","{""PROLIFIC_PID"":""68d56542f43a552639d2bb18"",""STUDY_ID"":""696fda5e11dcb61d45eea559"",""SESSION_ID"":""696fe50b8aa664c51f2cb163""}","2026-01-20T20:29:11.205709038Z","{""plan"":""Park first in C spot, then B spot ""}","2026-01-20T20:31:26.045569549Z"
"01KFEKF18JVGP7RPPBWJM1C6F5","{""advice"":""Try to find an outcome that's fair for both of you.""}","2026-01-20T21:04:48.113474814Z",303,"2026-01-20T21:09:40.766922614Z","","","game ended","2026-01-20T21:09:53.926152274Z",1,"2026-01-20T21:11:03.677422695Z","","","{""adviceFollowed"":""My partner worked out which one I was going to stay on and they picked the other one of the same colour. We then just carried on picking the same space. My partner was very good"",""partnerAdvice"":"""",""feedback"":""""}","2026-01-20T21:11:03.574787986Z","01KFEJ5E9BF1S7ZWGC98397B4G","2026-01-20T21:04:06.765028371Z",3,"2026-01-20T21:04:48.232913116Z","true","2026-01-20T21:05:37.729568486Z","01KFEKF0SYZ2E491TR1SHVQE53","2026-01-20T21:02:41.938604246Z","62fa76a8d6bb71d857185b66","2026-01-20T21:02:41.938604246Z","{""advice"":""Try to find an outcome that's fair for both of you."",""adviceType"":""CG"",""chatEnabled"":false,""numRounds"":13,""playerCount"":2}","2026-01-20T21:02:41.971434042Z","CG_cooperate","2026-01-20T21:02:41.971434042Z","{""PROLIFIC_PID"":""62fa76a8d6bb71d857185b66"",""STUDY_ID"":""696fda5e11dcb61d45eea559"",""SESSION_ID"":""696fed52285ae584f255ad13""}","2026-01-20T21:02:42.1785891Z","{""plan"":""I won't go for the highest in the hope my partner might. I'll pick a middle of the road payer""}","2026-01-20T21:05:37.619313395Z"
"01KFEHMDY2YXCAA0WMRPTSEKC9","{""advice"":""Try to find an outcome that's fair for both of you.""}","2026-01-20T20:33:16.120835817Z",118,"2026-01-20T20:38:40.344938199Z","","","game ended","2026-01-20T20:38:55.711563892Z",1,"2026-01-20T20:39:41.846991435Z","","","{""adviceFollowed"":"""",""partnerAdvice"":""I think my partner would've received similar advice to me, however it fell apart when we kept landing on the same space. I think we went randomly."",""feedback"":""""}","2026-01-20T20:39:41.838012136Z","01KFEHA1Z72TJ9J0QENR016CFN","2026-01-20T20:32:41.393519365Z",3,"2026-01-20T20:33:16.12798632Z","true","2026-01-20T20:34:26.0390133Z","01KFEHMD6WDAVSAT95Y6B00S3B","2026-01-20T20:30:41.602815237Z","565e944394730100114a9119","2026-01-20T20:30:41.602815237Z","{""advice"":""Try to find an outcome that's fair for both of you."",""adviceType"":""noCG"",""chatEnabled"":false,""numRounds"":13,""playerCount"":2}","2026-01-20T20:30:41.616754741Z","noCG_cooperate","2026-01-20T20:30:41.616754741Z","{""PROLIFIC_PID"":""565e944394730100114a9119"",""STUDY_ID"":""696fda5e11dcb61d45eea559"",""SESSION_ID"":""696fe5c986fae9862ad30f62""}","2026-01-20T20:30:42.175742509Z","{""plan"":""I think my partner would go for C - so I will avoid it. I feel like a 20 MU bonus might be fair so I'll go with either A or B.""}","2026-01-20T20:34:26.03165935Z"
"01KFEHMXV04MY34HJYA33HA616","{""advice"":""Try to get the best outcome for yourself.""}","2026-01-20T20:34:12.709739424Z",99,"2026-01-20T20:39:38.550303697Z","","","game ended","2026-01-20T20:39:58.449622876Z",1,"2026-01-20T20:40:51.177448892Z","","","{""adviceFollowed"":""Yes, I believe that strategically both followed the recommendations well."",""partnerAdvice"":"""",""feedback"":""""}","2026-01-20T20:40:51.163633968Z","01KFEHA1ZSVYK8DGYZZSV53FQM","2026-01-20T20:33:30.005997384Z",3,"2026-01-20T20:34:12.853765Z","true","2026-01-20T20:35:06.072036642Z","01KFEHMX8FEGQ89CDCBF31JS4F","2026-01-20T20:30:57.888495621Z","68154a8691e3db7697412808","2026-01-20T20:30:57.888495621Z","{""advice"":""Try to get the best outcome for yourself."",""adviceType"":""CG"",""numRounds"":13,""playerCount"":2}","2026-01-20T20:30:57.901161798Z","CG_selfish","2026-01-20T20:30:57.901161798Z","{""PROLIFIC_PID"":""68154a8691e3db7697412808"",""STUDY_ID"":""696fda5e11dcb61d45eea559"",""SESSION_ID"":""696fe5a1e9641876dde0bcd5""}","2026-01-20T20:30:58.21707129Z","{""plan"":""parking in different colored parking spaces""}","2026-01-20T20:35:06.064052305Z"
"01KFEHB2Z6PCQ5XRWRX0AQ3SH1","{""advice"":""Try to get the best outcome for yourself.""}","2026-01-20T20:27:34.998095159Z",215,"2026-01-20T20:31:08.715426487Z","","","game ended","2026-01-20T20:31:17.798878887Z",1,"2026-01-20T20:31:53.557424941Z","","","{""adviceFollowed"":"""",""partnerAdvice"":""Choosing the best option for both players in a group."",""feedback"":""Nothing""}","2026-01-20T20:31:53.543657708Z","01KFEHA25NESP3C46R1STZWY67","2026-01-20T20:29:10.321605118Z",3,"2026-01-20T20:27:34.993388846Z","true","2026-01-20T20:29:12.833251911Z","01KFEHB2CWQ0TB569Y2N5J9PX3","2026-01-20T20:25:35.462988983Z","5c1ebfac38f2f000019c68f9","2026-01-20T20:25:35.462988983Z","{""advice"":""Try to get the best outcome for yourself."",""adviceType"":""noCG"",""chatEnabled"":false,""numRounds"":13,""playerCount"":2}","2026-01-20T20:25:35.476653605Z","noCG_selfish","2026-01-20T20:25:35.476653605Z","{""PROLIFIC_PID"":""5c1ebfac38f2f000019c68f9"",""STUDY_ID"":""696fda5e11dcb61d45eea559"",""SESSION_ID"":""696fe4a08aa08fed7961e690""}","2026-01-20T20:25:35.805444591Z","{""plan"":""Choose the color that gives me the most financial advantage and then choose a place in that color according to my partner's choices so as not to clash.""}","2026-01-20T20:29:12.827379864Z"
"01KFEHFSGA9RW2KQK679GQ5Q17","{""advice"":""Try to find an outcome that's fair for both of you.""}","2026-01-20T20:29:45.061737462Z",135,"2026-01-20T20:36:32.289097933Z","","","game ended","2026-01-20T20:36:57.519567446Z",1,"2026-01-20T20:37:51.649283293Z","","","{""adviceFollowed"":"""",""partnerAdvice"":""I think my partner may have received advice to choose a high-paying individual spot, such as C, rather than focusing on coordination. Their choices suggest they prioritized regular earnings over same-color coordination or collision avoidance."",""feedback"":""""}","2026-01-20T20:37:51.640554399Z","01KFEHA1GRK7A014NXTNRF457G","2026-01-20T20:28:09.628101154Z",3,"2026-01-20T20:29:45.055824559Z","true","2026-01-20T20:30:58.01264441Z","01KFEHFS3564DSJAWEA42FRH5J","2026-01-20T20:28:09.6100473Z","63e6378e04ade071ebf9ff9c","2026-01-20T20:28:09.6100473Z","{""advice"":""Try to find an outcome that's fair for both of you."",""adviceType"":""noCG"",""chatEnabled"":false,""numRounds"":13,""playerCount"":2}","2026-01-20T20:28:09.628101154Z","noCG_cooperate","2026-01-20T20:28:09.628101154Z","{""PROLIFIC_PID"":""63e6378e04ade071ebf9ff9c"",""STUDY_ID"":""696fda5e11dcb61d45eea559"",""SESSION_ID"":""696fe51debf637fd0b00f44e""}","2026-01-20T20:28:09.845417591Z","{""plan"":""I plan to choose a parking spot that balances high potential earnings with a low risk of collision. I will try to coordinate on a same-color spot to earn the bonus while avoiding picking the exact same spot as my partner.""}","2026-01-20T20:30:58.018866207Z"
"01KFEJ99258GDSZYNA4N0ER3PR","{""advice"":""Try to find an outcome that's fair for both of you.""}","2026-01-20T20:43:41.07082917Z",90,"2026-01-20T20:47:51.857415059Z","","","game ended","2026-01-20T20:48:12.612643505Z",1,"2026-01-20T20:48:34.987553485Z","","","{""adviceFollowed"":""I don't know what afdvice my partner got"",""partnerAdvice"":"""",""feedback"":""inputting numbers were extremely laggy""}","2026-01-20T20:48:34.973643325Z","01KFEHAM3ZX2QFEZ4F28QFW79D","2026-01-20T20:43:57.060059831Z",3,"2026-01-20T20:43:41.207895868Z","true","2026-01-20T20:44:13.053535012Z","01KFEJ98GZV76QW53XZGS64N3Q","2026-01-20T20:42:04.741969609Z","55e04d4c3b268b00110294fe","2026-01-20T20:42:04.741969609Z","{""advice"":""Try to find an outcome that's fair for both of you."",""adviceType"":""CG"",""chatEnabled"":false,""numRounds"":13,""playerCount"":2}","2026-01-20T20:42:04.765100045Z","CG_cooperate","2026-01-20T20:42:04.765100045Z","{""PROLIFIC_PID"":""55e04d4c3b268b00110294fe"",""STUDY_ID"":""696fda5e11dcb61d45eea559"",""SESSION_ID"":""696fe86eb91841c862d72dcb""}","2026-01-20T20:42:05.041412368Z","{""plan"":""I'll just park in spot B every time""}","2026-01-20T20:44:13.041777278Z"
"01KFEHGGC977SV7QXMD0KQJ3VM","{""advice"":""Try to get the best outcome for yourself.""}","2026-01-20T20:30:56.951983985Z",122,"2026-01-20T20:36:44.462445362Z","","","game ended","2026-01-20T20:37:02.572716067Z",1,"2026-01-20T20:37:44.97389966Z","","","{""adviceFollowed"":""Yes, but we both varied the parking slot when we realised that we would earn nothing if we both parked in the highest earning slot every time"",""partnerAdvice"":"""",""feedback"":""""}","2026-01-20T20:37:44.965047784Z","01KFEHA1GPSKM8FTTA039GX2FE","2026-01-20T20:28:33.046592317Z",3,"2026-01-20T20:30:56.946011629Z","true","2026-01-20T20:31:52.907958945Z","01KFEHGFYCD8W74HV96Z4QFQGZ","2026-01-20T20:28:33.033962072Z","595cd88562431800019d691a","2026-01-20T20:28:33.033962072Z","{""advice"":""Try to get the best outcome for yourself."",""adviceType"":""CG"",""numRounds"":13,""playerCount"":2}","2026-01-20T20:28:33.046592317Z","CG_selfish","2026-01-20T20:28:33.046592317Z","{""PROLIFIC_PID"":""595cd88562431800019d691a"",""STUDY_ID"":""696fda5e11dcb61d45eea559"",""SESSION_ID"":""696fe5039ed6f7a9c08e92aa""}","2026-01-20T20:28:33.274176121Z","{""plan"":""To park in the spot with highest earnings, whilst considering that my partner may also do the same.""}","2026-01-20T20:31:52.916129932Z"
"01KFEJPRKV9117XEB7P0YJ5NT5","{""advice"":""Try to get the best outcome for yourself.""}","2026-01-20T20:51:21.509096248Z",174,"2026-01-20T20:54:29.13608675Z","","","game ended","2026-01-20T20:54:39.910814277Z",1,"2026-01-20T20:54:55.845363899Z","","","{""adviceFollowed"":"""",""partnerAdvice"":""I have no idea. They were all over the board to start."",""feedback"":""""}","2026-01-20T20:54:55.825735437Z","01KFEJ5DPFFD934S0E2GQ1B9RR","2026-01-20T20:51:17.929986315Z",3,"2026-01-20T20:51:21.491847514Z","true","2026-01-20T20:51:39.875899879Z","01KFEJPR871QZDBEFC0W82VHFZ","2026-01-20T20:49:26.651616637Z","5f820deb48cf2a31b3c31f21","2026-01-20T20:49:26.651616637Z","{""advice"":""Try to get the best outcome for yourself."",""adviceType"":""noCG"",""chatEnabled"":false,""numRounds"":13,""playerCount"":2}","2026-01-20T20:49:26.676260466Z","noCG_selfish","2026-01-20T20:49:26.676260466Z","{""PROLIFIC_PID"":""5f820deb48cf2a31b3c31f21"",""STUDY_ID"":""696fda5e11dcb61d45eea559"",""SESSION_ID"":""696fea35ee298ca112891e5a""}","2026-01-20T20:49:26.998896309Z","{""plan"":""I will park in C if possible. If my partner starts to go there, I'll move to D A or B""}","2026-01-20T20:51:39.860679155Z"
"01KFEK43BY9D5G2GXTKTDV7QBX","{""advice"":""Try to find an outcome that's fair for both of you.""}","2026-01-20T20:58:54.352588255Z",156,"2026-01-20T21:10:12.495113292Z","","","game ended","2026-01-20T21:10:33.860688786Z",1,"2026-01-20T21:11:56.724351425Z","","","{""adviceFollowed"":""Yes, I feel we both got the rhythm of what the other was going to do."",""partnerAdvice"":"""",""feedback"":""No problems.  I enjoyed this survey, it was fun.""}","2026-01-20T21:11:56.692025479Z","01KFEJ5D5EZSQZ1FHTABW8Z6HQ","2026-01-20T20:58:00.190296176Z",3,"2026-01-20T20:58:54.369765882Z","true","2026-01-20T20:59:54.105979364Z","01KFEK42W641FR0HHTK17334RG","2026-01-20T20:56:43.646793034Z","65ba6a143395d20859b4de80","2026-01-20T20:56:43.646793034Z","{""advice"":""Try to find an outcome that's fair for both of you."",""adviceType"":""CG"",""chatEnabled"":false,""numRounds"":13,""playerCount"":2}","2026-01-20T20:56:43.676962243Z","CG_cooperate","2026-01-20T20:56:43.676962243Z","{""PROLIFIC_PID"":""65ba6a143395d20859b4de80"",""STUDY_ID"":""696fda5e11dcb61d45eea559"",""SESSION_ID"":""696febb6a177e738aa6764c9""}","2026-01-20T20:56:43.920630505Z","{""plan"":""I am going to stick with the same colour to begin with and see how its goes, same colour but alternate the spot""}","2026-01-20T20:59:54.088322312Z"
"01KFEMA144DFQ2N92D33VDGEBF","{""advice"":""Try to get the best outcome for yourself.""}","2026-01-20T21:20:45.898064675Z",166,"2026-01-20T21:29:58.405367601Z","","","game ended","2026-01-20T21:30:29.686449542Z",1,"2026-01-20T21:32:18.504816516Z","","","{""adviceFollowed"":"""",""partnerAdvice"":""Choose the highest MU "",""feedback"":""""}","2026-01-20T21:32:18.430644349Z","01KFEKPB2MD43HRXJ5S36AZP95","2026-01-20T21:22:16.299982806Z",3,"2026-01-20T21:20:45.934195676Z","true","2026-01-20T21:22:32.479780774Z","01KFEMA05BSAF4KDDQJRCMNKMN","2026-01-20T21:17:26.532186493Z","6606ca59fd9ef230d2197ce0","2026-01-20T21:17:26.532186493Z","{""advice"":""Try to get the best outcome for yourself."",""adviceType"":""noCG"",""chatEnabled"":false,""numRounds"":13,""playerCount"":2}","2026-01-20T21:17:26.594199488Z","noCG_selfish","2026-01-20T21:17:26.594199488Z","{""PROLIFIC_PID"":""6606ca59fd9ef230d2197ce0"",""STUDY_ID"":""696fda5e11dcb61d45eea559"",""SESSION_ID"":""696ff0882c9849c5153b855d""}","2026-01-20T21:17:27.060444334Z","{""plan"":""I was told to play, the best for me which is what might be the same thing my partner got so avoid the higest MU""}","2026-01-20T21:22:32.429544625Z"
"01KFEHFDNYYM4VRPKVABD0N8W8","{""advice"":""Try to find an outcome that's fair for both of you.""}","2026-01-20T20:31:07.703775293Z",121,"2026-01-20T20:35:24.572326011Z","","","game ended","2026-01-20T20:35:49.825506889Z",1,"2026-01-20T20:36:39.236018783Z","","","{""adviceFollowed"":""yes, sometimes"",""partnerAdvice"":"""",""feedback"":""no. it was great experiment""}","2026-01-20T20:36:39.222374037Z","01KFEHA1QDYX27N1S60Z95NKD9","2026-01-20T20:31:26.072115303Z",3,"2026-01-20T20:31:07.719776293Z","true","2026-01-20T20:32:31.099549959Z","01KFEHFB805MDJWN4J138GRX87","2026-01-20T20:27:57.502672482Z","68d4401a239d0533f8a66382","2026-01-20T20:27:57.502672482Z","{""advice"":""Try to find an outcome that's fair for both of you."",""adviceType"":""CG"",""chatEnabled"":false,""numRounds"":13,""playerCount"":2}","2026-01-20T20:27:57.576757914Z","CG_cooperate","2026-01-20T20:27:57.576757914Z","{""PROLIFIC_PID"":""68d4401a239d0533f8a66382"",""STUDY_ID"":""696fda5e11dcb61d45eea559"",""SESSION_ID"":""696fe5023eea4db3afe55ba6""}","2026-01-20T20:27:58.007571536Z","{""plan"":""I will try to park at D, if it wasn't available I will try B or A""}","2026-01-20T20:32:31.085680077Z"
"01KFEM2T8WXSZ319Y9Z8V488ZY","{""advice"":""Try to get the best outcome for yourself.""}","2026-01-20T21:15:05.330169894Z",309,"2026-01-20T21:20:39.351815647Z","","","game ended","2026-01-20T21:21:09.986398699Z",1,"2026-01-20T21:21:32.369741781Z","","","{""adviceFollowed"":""yes, we did the best for both of us"",""partnerAdvice"":"""",""feedback"":""none""}","2026-01-20T21:21:32.328447458Z","01KFEKHX1P9ZX6RDK1X5H16NSJ","2026-01-20T21:13:57.764803964Z",3,"2026-01-20T21:15:05.362453059Z","true","2026-01-20T21:15:26.660257239Z","01KFEM2SYKNP5SMHRMT7S2D2HF","2026-01-20T21:13:30.140791978Z","62c4dbae8fb1ff9cd93a3150","2026-01-20T21:13:30.140791978Z","{""advice"":""Try to get the best outcome for yourself."",""adviceType"":""CG"",""numRounds"":13,""playerCount"":2}","2026-01-20T21:13:30.194293226Z","CG_selfish","2026-01-20T21:13:30.194293226Z","{""PROLIFIC_PID"":""62c4dbae8fb1ff9cd93a3150"",""STUDY_ID"":""696fda5e11dcb61d45eea559"",""SESSION_ID"":""696fefde456c32f9ec7aef58""}","2026-01-20T21:13:30.485407594Z","{""plan"":""I will try to not have any collisions. I will try different spots.""}","2026-01-20T21:15:26.630056909Z"
"01KFEK73K44W3P90S9METDZ39A","{""advice"":""Try to find an outcome that's fair for both of you.""}","2026-01-20T20:59:13.35944499Z",142,"2026-01-20T21:03:42.382399733Z","","","game ended","2026-01-20T21:04:36.70568251Z",1,"2026-01-20T21:05:02.862789585Z","","","{""adviceFollowed"":"""",""partnerAdvice"":""To aim for purple"",""feedback"":""""}","2026-01-20T21:05:02.835434467Z","01KFEJ5CQQ00MKPGMA298B0BDM","2026-01-20T20:58:22.215598793Z",3,"2026-01-20T20:59:13.377172013Z","true","2026-01-20T20:59:44.795705889Z","01KFEK72DFJ3EQB5XR3ZT0WSK1","2026-01-20T20:58:22.180243266Z","66bee53cfe67b3e6342cb2ba","2026-01-20T20:58:22.180243266Z","{""advice"":""Try to find an outcome that's fair for both of you."",""adviceType"":""noCG"",""chatEnabled"":false,""numRounds"":13,""playerCount"":2}","2026-01-20T20:58:22.215598793Z","noCG_cooperate","2026-01-20T20:58:22.215598793Z","{""PROLIFIC_PID"":""66bee53cfe67b3e6342cb2ba"",""STUDY_ID"":""696fda5e11dcb61d45eea559"",""SESSION_ID"":""696fe7f609edce2641cffc1c""}","2026-01-20T20:58:22.708395366Z","{""plan"":""i will aim for C and D ""}","2026-01-20T20:59:44.778197989Z"
"01KFEHW1PTS6VD3Q9W69X0CC7S","{""advice"":""Try to find an outcome that's fair for both of you.""}","2026-01-20T20:41:50.412116723Z",169,"2026-01-20T20:48:24.117092711Z","","","game ended","2026-01-20T20:48:47.631182407Z",1,"2026-01-20T20:50:08.827992775Z","","","{""adviceFollowed"":"""",""partnerAdvice"":""We need to choose well to win together"",""feedback"":""none""}","2026-01-20T20:50:08.812709617Z","01KFEHAM45R1366856G6A2WGHZ","2026-01-20T20:42:25.711403333Z",3,"2026-01-20T20:41:50.705086439Z","true","2026-01-20T20:43:08.894324637Z","01KFEHW0EA5VK37NTNF9ZCKMZV","2026-01-20T20:34:51.226438464Z","65e07541b43de4b52497d0b6","2026-01-20T20:34:51.226438464Z","{""advice"":""Try to find an outcome that's fair for both of you."",""adviceType"":""noCG"",""chatEnabled"":false,""numRounds"":13,""playerCount"":2}","2026-01-20T20:34:51.241210984Z","noCG_cooperate","2026-01-20T20:34:51.241210984Z","{""PROLIFIC_PID"":""65e07541b43de4b52497d0b6"",""STUDY_ID"":""696fda5e11dcb61d45eea559"",""SESSION_ID"":""696fe5a996bf2558ad6ccf37""}","2026-01-20T20:34:51.82207033Z","{""plan"":""We need to decide well to win together.""}","2026-01-20T20:43:08.882108284Z"
"01KFEJHQKQJTKAV5X447CE3YRT","{""advice"":""Try to get the best outcome for yourself.""}","2026-01-20T20:49:34.358437485Z",198,"2026-01-20T20:56:56.817595111Z","","","game ended","2026-01-20T20:57:25.009497557Z",1,"2026-01-20T20:58:05.379469193Z","","","{""adviceFollowed"":"""",""partnerAdvice"":""To try and move between the parkings"",""feedback"":""""}","2026-01-20T20:58:05.356710281Z","01KFEJ5CRSNMMQKHYMFD35850B","2026-01-20T20:50:17.06571229Z",3,"2026-01-20T20:49:34.344270663Z","true","2026-01-20T20:50:28.414675565Z","01KFEJHPB5AX669X4M8R725FB8","2026-01-20T20:46:41.78319499Z","67e2784e795de126c88a3fbd","2026-01-20T20:46:41.78319499Z","{""advice"":""Try to get the best outcome for yourself."",""adviceType"":""noCG"",""chatEnabled"":false,""numRounds"":13,""playerCount"":2}","2026-01-20T20:46:41.94126107Z","noCG_selfish","2026-01-20T20:46:41.94126107Z","{""PROLIFIC_PID"":""67e2784e795de126c88a3fbd"",""STUDY_ID"":""696fda5e11dcb61d45eea559"",""SESSION_ID"":""696fe916f8fb0227b6812b7e""}","2026-01-20T20:46:42.409968206Z","{""plan"":""The plan is to choose the spot that I think my partner won't choose.""}","2026-01-20T20:50:28.397861145Z"
"01KFEM9GMDKNEQA3ZWG27ZV1NT","{""advice"":""Try to get the best outcome for yourself.""}","2026-01-20T21:18:43.480469438Z",357,"2026-01-20T21:26:12.341018824Z","","","game ended","2026-01-20T21:26:24.06211016Z",1,"2026-01-20T21:27:08.345683938Z","","","{""adviceFollowed"":"""",""partnerAdvice"":""Play to maximize the earnings based on what the other partner chooses."",""feedback"":""""}","2026-01-20T21:27:08.39315312Z","01KFEKHXK7R8H3J1J8XZRRFJYB","2026-01-20T21:19:03.951759207Z",3,"2026-01-20T21:18:43.440782172Z","true","2026-01-20T21:19:06.24739197Z","01KFEM9FTT9VKMY6F8D6KX5BRK","2026-01-20T21:17:09.645093912Z","6931f2323f2db1b4c3687280","2026-01-20T21:17:09.645093912Z","{""advice"":""Try to get the best outcome for yourself."",""adviceType"":""noCG"",""chatEnabled"":false,""numRounds"":13,""playerCount"":2}","2026-01-20T21:17:09.786831499Z","noCG_selfish","2026-01-20T21:17:09.786831499Z","{""PROLIFIC_PID"":""6931f2323f2db1b4c3687280"",""STUDY_ID"":""696fda5e11dcb61d45eea559"",""SESSION_ID"":""696ff0b126d19e18bfa6db4a""}","2026-01-20T21:17:10.19647843Z","{""plan"":""I'll play based on the advice, and choose the best way for myself.""}","2026-01-20T21:19:06.30365985Z"
"01KFEHAFP87N0FEFRCAHH2V652","{""advice"":""Try to get the best outcome for yourself.""}","2026-01-20T20:28:18.036819437Z",156,"2026-01-20T20:31:17.233166883Z","","","game ended","2026-01-20T20:31:24.546329864Z",1,"2026-01-20T20:31:38.39153394Z","","","{""adviceFollowed"":"""",""partnerAdvice"":""The same as I did "",""feedback"":""""}","2026-01-20T20:31:38.398036999Z","01KFEHA1ZNDEMMB0DK92YAW8BD","2026-01-20T20:28:28.705129278Z",3,"2026-01-20T20:28:18.031085661Z","true","2026-01-20T20:29:09.692339857Z","01KFEHAF763TJB04XD6XJMPVAP","2026-01-20T20:25:15.7205866Z","605272be8568b6160f582f2e","2026-01-20T20:25:15.7205866Z","{""advice"":""Try to get the best outcome for yourself."",""adviceType"":""noCG"",""chatEnabled"":false,""numRounds"":13,""playerCount"":2}","2026-01-20T20:25:15.736799362Z","noCG_selfish","2026-01-20T20:25:15.736799362Z","{""PROLIFIC_PID"":""605272be8568b6160f582f2e"",""STUDY_ID"":""696fda5e11dcb61d45eea559"",""SESSION_ID"":""696fe492ea70ba2062779408""}","2026-01-20T20:25:15.986277816Z","{""plan"":""My plan is to find a safe spot for me and not moving around and hoping my partner do the same""}","2026-01-20T20:29:09.697501265Z"
"01KFEHKBVRWD07VXT4ZKHQQAA6","{""advice"":""Try to find an outcome that's fair for both of you.""}","2026-01-20T20:35:24.937760576Z",245,"2026-01-20T20:43:10.110326762Z","","","game ended","2026-01-20T20:43:19.694845258Z",1,"2026-01-20T20:44:10.422322852Z","","","{""adviceFollowed"":"""",""partnerAdvice"":""They should pick the same spot."",""feedback"":""""}","2026-01-20T20:44:10.434778814Z","01KFEHA25S6PYJD4DSX1VJG5FE","2026-01-20T20:36:28.147190789Z",3,"2026-01-20T20:35:24.93006188Z","true","2026-01-20T20:37:11.524921625Z","01KFEHKASVDK60A10S77AE6B8J","2026-01-20T20:30:06.712068239Z","66d467b96245ae7aed624dd4","2026-01-20T20:30:06.712068239Z","{""advice"":""Try to find an outcome that's fair for both of you."",""adviceType"":""noCG"",""chatEnabled"":false,""numRounds"":13,""playerCount"":2}","2026-01-20T20:30:06.725275448Z","noCG_cooperate","2026-01-20T20:30:06.725275448Z","{""PROLIFIC_PID"":""66d467b96245ae7aed624dd4"",""STUDY_ID"":""696fda5e11dcb61d45eea559"",""SESSION_ID"":""696fe566b3a7685d8d6688b3""}","2026-01-20T20:30:07.294358134Z","{""plan"":""Try to make sure we land at different spots but the same colour.""}","2026-01-20T20:37:10.170282679Z"
"01KFEM9E7RMZA5K11AYHB2TQZJ","{""advice"":""Try to get the best outcome for yourself.""}","2026-01-20T21:19:16.453512943Z",214,"2026-01-20T21:26:08.176799741Z","","","game ended","2026-01-20T21:26:23.648603075Z",1,"2026-01-20T21:26:56.897345415Z","","","{""adviceFollowed"":"""",""partnerAdvice"":""To always select the one with the highest value"",""feedback"":""""}","2026-01-20T21:26:56.94386261Z","01KFEKHZ9SCZ02EGGWRNFEECG2","2026-01-20T21:19:50.693291502Z",3,"2026-01-20T21:19:16.540080678Z","true","2026-01-20T21:20:14.13369904Z","01KFEM9DFFVGSW89BF1KS87DSE","2026-01-20T21:17:07.192173124Z","5e87b28549538b0fdf96b318","2026-01-20T21:17:07.192173124Z","{""advice"":""Try to get the best outcome for yourself."",""adviceType"":""noCG"",""chatEnabled"":false,""numRounds"":13,""playerCount"":2}","2026-01-20T21:17:07.272973691Z","noCG_selfish","2026-01-20T21:17:07.272973691Z","{""PROLIFIC_PID"":""5e87b28549538b0fdf96b318"",""STUDY_ID"":""696fda5e11dcb61d45eea559"",""SESSION_ID"":""696ff08a30ba394c778e4681""}","2026-01-20T21:17:07.663156773Z","{""plan"":""I am planning to select mostly one of the orange ones.""}","2026-01-20T21:20:14.092423917Z"
"01KFEVA045MDV6WERMTEQ3VAYR","{""advice"":""Try to get the best outcome for yourself.""}","2026-01-20T23:21:40.41524749Z",87,"2026-01-20T23:25:25.976544303Z","","","game ended","2026-01-20T23:25:35.110160296Z",1,"2026-01-20T23:26:45.403167812Z","","","{""adviceFollowed"":""I think my partner did after I chose C the first round. "",""partnerAdvice"":"""",""feedback"":""No feedback or issues. Good luck on your research. ""}","2026-01-20T23:26:45.397192507Z","01KFEV378H0PY96RNMJFNCN7TE","2026-01-20T23:20:28.19628961Z",3,"2026-01-20T23:21:40.41296376Z","true","2026-01-20T23:22:14.352534429Z","01KFEV9ZZXEE2C3ECC0CM9N7FF","2026-01-20T23:19:45.54114625Z","6684b71a5615b7da8e59ce56","2026-01-20T23:19:45.54114625Z","{""advice"":""Try to get the best outcome for yourself."",""adviceType"":""CG"",""numRounds"":13,""playerCount"":2}","2026-01-20T23:19:45.554169482Z","CG_selfish","2026-01-20T23:19:45.554169482Z","{""PROLIFIC_PID"":""6684b71a5615b7da8e59ce56"",""STUDY_ID"":""696fda5e11dcb61d45eea559"",""SESSION_ID"":""69700d7be70c37edb81c9929""}","2026-01-20T23:19:45.621196056Z","{""plan"":""Try to gain as many points as possible while not causing issue for others. ""}","2026-01-20T23:22:14.353857334Z"
"01KFEVX608THP5F5HX3GYF0X1K","{""advice"":""Try to get the best outcome for yourself.""}","2026-01-20T23:32:49.87458699Z",271,"2026-01-20T23:36:07.213001783Z","","","game ended","2026-01-20T23:36:15.835221319Z",1,"2026-01-20T23:36:41.60029903Z","","","{""adviceFollowed"":""My partner just went the same spot every time, letting me have more money, so no."",""partnerAdvice"":"""",""feedback"":""""}","2026-01-20T23:36:41.592580034Z","01KFEVMNBC23RB4D79KEQ4G0VS","2026-01-20T23:33:11.356904769Z",3,"2026-01-20T23:32:50.125029325Z","true","2026-01-20T23:33:30.613231144Z","01KFEVX51AE16TNFMH5EHF4T9K","2026-01-20T23:30:14.152221386Z","6917a5296df6d29ebb83b1f1","2026-01-20T23:30:14.152221386Z","{""advice"":""Try to get the best outcome for yourself."",""adviceType"":""CG"",""numRounds"":13,""playerCount"":2}","2026-01-20T23:30:14.202008081Z","CG_selfish","2026-01-20T23:30:14.202008081Z","{""PROLIFIC_PID"":""6917a5296df6d29ebb83b1f1"",""STUDY_ID"":""696fda5e11dcb61d45eea559"",""SESSION_ID"":""69700fd9456c32f9ec7af35b""}","2026-01-20T23:30:14.774372718Z","{""plan"":""To coordinate with my partner to get an equal amount of money overall.""}","2026-01-20T23:33:30.60593327Z"
"01KFEVDMPGK2KG6CGRXX80WQ5A","{""advice"":""Try to find an outcome that's fair for both of you.""}","2026-01-20T23:24:09.971378353Z",170,"2026-01-20T23:28:15.426658287Z","","","game ended","2026-01-20T23:28:29.564801762Z",1,"2026-01-20T23:29:42.612317775Z","","","{""adviceFollowed"":"""",""partnerAdvice"":""Change position everytime, purcple color is better"",""feedback"":""No it was fun""}","2026-01-20T23:29:42.61811371Z","01KFEV37PYV9HETXX2PSGE1RKD","2026-01-20T23:24:22.444483329Z",3,"2026-01-20T23:24:09.976758077Z","true","2026-01-20T23:24:53.205420475Z","01KFEVDM1WNZ15TH7N1TAYHCD0","2026-01-20T23:21:44.91268483Z","695c0c263b49e67395e42b71","2026-01-20T23:21:44.91268483Z","{""advice"":""Try to find an outcome that's fair for both of you."",""adviceType"":""noCG"",""chatEnabled"":false,""numRounds"":13,""playerCount"":2}","2026-01-20T23:21:44.922393753Z","noCG_cooperate","2026-01-20T23:21:44.922393753Z","{""PROLIFIC_PID"":""695c0c263b49e67395e42b71"",""STUDY_ID"":""696fda5e11dcb61d45eea559"",""SESSION_ID"":""69700dacdecd377dc68e18b4""}","2026-01-20T23:21:45.260955Z","{""plan"":""I don't really understand the game very well, but I will give it a try.""}","2026-01-20T23:24:53.21041413Z"
"01KFEVWH8M80FFRA88HYSK2ZSQ","{""advice"":""Try to get the best outcome for yourself.""}","2026-01-20T23:31:11.444638683Z",110,"2026-01-20T23:34:12.919390706Z","","","game ended","2026-01-20T23:34:21.990540297Z",1,"2026-01-20T23:35:25.479213937Z","","","{""adviceFollowed"":""Kind of? It would be best if they kept selecting C as it pays most but they chose randomly like D which has lowest payout.\nThey failed to recognise my plan of always clicking B"",""partnerAdvice"":"""",""feedback"":""seems simple""}","2026-01-20T23:35:25.486233856Z","01KFEV385166A8JYCZ9G4DMHRQ","2026-01-20T23:32:02.886525475Z",3,"2026-01-20T23:31:11.438009567Z","true","2026-01-20T23:32:29.732086481Z","01KFEVWGGPE2GHXPWSN1FKG4A9","2026-01-20T23:29:52.916996026Z","6960346345a00e7143b36147","2026-01-20T23:29:52.916996026Z","{""advice"":""Try to get the best outcome for yourself."",""adviceType"":""CG"",""numRounds"":13,""playerCount"":2}","2026-01-20T23:29:52.93429305Z","CG_selfish","2026-01-20T23:29:52.93429305Z","{""PROLIFIC_PID"":""6960346345a00e7143b36147"",""STUDY_ID"":""696fda5e11dcb61d45eea559"",""SESSION_ID"":""69700fc3def3f3f212e775e4""}","2026-01-20T23:29:53.342437278Z","{""plan"":""I am going to always choose B regardless of what the other player picks. that way if they figure out what im doing we'll both earn points and if i miss out a little bit, its okay""}","2026-01-20T23:32:29.73791633Z"
"01KFEV4APCG117QZ1ZVXNKCJFC","{""advice"":""Try to find an outcome that's fair for both of you.""}","2026-01-20T23:18:43.35535056Z",250,"2026-01-20T23:20:43.142158384Z","","","game ended","2026-01-20T23:20:52.14292251Z",1,"2026-01-20T23:21:49.20209605Z","","","{""adviceFollowed"":"""",""partnerAdvice"":""He understood the strategy we were having"",""feedback"":""""}","2026-01-20T23:21:49.204216266Z","01KFEV2C08ND9C9BYW8N2T146P","2026-01-20T23:16:39.778075273Z",3,"2026-01-20T23:18:43.354853486Z","true","2026-01-20T23:19:21.866671652Z","01KFEV4A6EENBQ4PM8DHDMP9WJ","2026-01-20T23:16:39.756308725Z","61254bf4ef0274a29a74762f","2026-01-20T23:16:39.756308725Z","{""advice"":""Try to find an outcome that's fair for both of you."",""adviceType"":""noCG"",""chatEnabled"":false,""numRounds"":13,""playerCount"":2}","2026-01-20T23:16:39.778075273Z","noCG_cooperate","2026-01-20T23:16:39.778075273Z","{""PROLIFIC_PID"":""61254bf4ef0274a29a74762f"",""STUDY_ID"":""696fda5e11dcb61d45eea559"",""SESSION_ID"":""69700cbf14d6620438b23a57""}","2026-01-20T23:16:40.0366374Z","{""plan"":""I'll always go for A, maybe my partner notices and never choses it""}","2026-01-20T23:19:21.867255493Z"
"01KFEVD9ZATE7H5N364WWPAV31","{""advice"":""Try to find an outcome that's fair for both of you.""}","2026-01-20T23:23:53.678933011Z",213,"2026-01-20T23:28:56.833719054Z","","","game ended","2026-01-20T23:29:11.455603828Z",1,"2026-01-20T23:29:31.83282233Z","","","{""adviceFollowed"":"""",""partnerAdvice"":""to go through each colour for choice"",""feedback"":""""}","2026-01-20T23:29:31.818703469Z","01KFEV37DE991T271V0NJ5BY6K","2026-01-20T23:22:30.960588943Z",3,"2026-01-20T23:23:53.681802411Z","true","2026-01-20T23:24:22.429981313Z","01KFEVD9HQK8SBKDQFD95J1VSX","2026-01-20T23:21:33.93039105Z","5c097fbac15a020001bb0720","2026-01-20T23:21:33.93039105Z","{""advice"":""Try to find an outcome that's fair for both of you."",""adviceType"":""noCG"",""chatEnabled"":false,""numRounds"":13,""playerCount"":2}","2026-01-20T23:21:33.941622344Z","noCG_cooperate","2026-01-20T23:21:33.941622344Z","{""PROLIFIC_PID"":""5c097fbac15a020001bb0720"",""STUDY_ID"":""696fda5e11dcb61d45eea559"",""SESSION_ID"":""69700dafdf7831fb62315093""}","2026-01-20T23:21:34.169819334Z","{""plan"":""to see what pattern has been used in the previous games""}","2026-01-20T23:24:22.426878708Z"
"01KFEVH10BYAXDVW828R4A2D8P","{""advice"":""Try to find an outcome that's fair for both of you.""}","2026-01-20T23:25:23.137974366Z",102,"2026-01-20T23:31:06.787870384Z","","","game ended","2026-01-20T23:31:36.969468077Z",1,"2026-01-20T23:32:14.790913628Z","","","{""adviceFollowed"":""Yes, I feel as though we followed the advice well."",""partnerAdvice"":"""",""feedback"":""No.""}","2026-01-20T23:32:14.783428262Z","01KFEV37DAAK9E08F076WKMM6J","2026-01-20T23:24:29.7719131Z",3,"2026-01-20T23:25:23.148791511Z","true","2026-01-20T23:26:35.209468765Z","01KFEVH0RB7JYJPA7KH5DTY6AB","2026-01-20T23:23:35.819351961Z","C166XAJ3","2026-01-20T23:23:35.819351961Z","{""advice"":""Try to find an outcome that's fair for both of you."",""adviceType"":""CG"",""chatEnabled"":false,""numRounds"":13,""playerCount"":2}","2026-01-20T23:23:35.829214739Z","CG_cooperate","2026-01-20T23:23:35.829214739Z","{""PROLIFIC_PID"":""667433338e6cc9e53c828774"",""STUDY_ID"":""696fda5e11dcb61d45eea559"",""SESSION_ID"":""69700da812f452775bd64f38""}","2026-01-20T23:23:35.962354493Z","{""plan"":""I will use the advice given to me by the previous player.""}","2026-01-20T23:26:35.200681733Z"
"01KFEV7TATT805MEJDGTCA5NFM","{""advice"":""Try to find an outcome that's fair for both of you.""}","2026-01-20T23:19:39.389401728Z",129,"2026-01-20T23:23:42.214600929Z","","","game ended","2026-01-20T23:23:54.314671709Z",1,"2026-01-20T23:24:39.420887242Z","","","{""adviceFollowed"":""Yes, I slightly detoured and went after the highest amount on occasion out of greed, but for the most part, I believe we both followed the plan well."",""partnerAdvice"":"""",""feedback"":""N/A""}","2026-01-20T23:24:39.41398133Z","01KFEV2C0CP35QE41ZMH45J8TZ","2026-01-20T23:18:34.08341009Z",3,"2026-01-20T23:19:39.39700509Z","true","2026-01-20T23:20:09.249435074Z","01KFEV7SRFRP4Y3EKRXEA0MGKA","2026-01-20T23:18:34.07487097Z","66aa52de62c06e01a958d91c","2026-01-20T23:18:34.07487097Z","{""advice"":""Try to find an outcome that's fair for both of you."",""adviceType"":""CG"",""chatEnabled"":false,""numRounds"":13,""playerCount"":2}","2026-01-20T23:18:34.08341009Z","CG_cooperate","2026-01-20T23:18:34.08341009Z","{""PROLIFIC_PID"":""66aa52de62c06e01a958d91c"",""STUDY_ID"":""696fda5e11dcb61d45eea559"",""SESSION_ID"":""69700cce7cce88f243f9073c""}","2026-01-20T23:18:34.225515745Z","{""plan"":""I plan strictly to go after the low earnings so that the likelihood of a collision remains low.""}","2026-01-20T23:20:09.242558551Z"
"01KFEV82H962BNCCRXPB524628","{""advice"":""Try to find an outcome that's fair for both of you.""}","2026-01-20T23:20:28.839910903Z",250,"2026-01-20T23:26:24.401351084Z","","","game ended","2026-01-20T23:26:32.955423533Z",1,"2026-01-20T23:30:05.826771969Z","","","{""adviceFollowed"":""For the most part, yes.\nMy partner gained more than me because they chose the unfair option once, but since fighting for it would be destructive, I decided to keep choosing the fair option and my partner chose it too for the rest of the game."",""partnerAdvice"":"""",""feedback"":""No problems.""}","2026-01-20T23:30:05.820751473Z","01KFEV378FNG971PBW7B2SPNC6","2026-01-20T23:20:26.834516028Z",3,"2026-01-20T23:20:28.840917305Z","true","2026-01-20T23:23:14.197607571Z","01KFEV8221N3HE52V2R7C9RE9B","2026-01-20T23:18:42.473908179Z","5ec2c14f488b5c0d146da2f9","2026-01-20T23:18:42.473908179Z","{""advice"":""Try to find an outcome that's fair for both of you."",""adviceType"":""CG"",""chatEnabled"":false,""numRounds"":13,""playerCount"":2}","2026-01-20T23:18:42.484858028Z","CG_cooperate","2026-01-20T23:18:42.484858028Z","{""PROLIFIC_PID"":""5ec2c14f488b5c0d146da2f9"",""STUDY_ID"":""696fda5e11dcb61d45eea559"",""SESSION_ID"":""69700d3da5d461bde9e38eab""}","2026-01-20T23:18:42.750605027Z","{""plan"":""You and another person choose a spot each to park.\nIf both choose the same spot, both gain nothing.\nIf each choose different spot with different colour, each gain the regular earnings.\nIf each choose the same colour but different spot, both also gain a bonus.""}","2026-01-20T23:23:14.20224159Z"
"01KFEVC3J7JCZ73BZAKH9RH61D","{""advice"":""Try to get the best outcome for yourself.""}","2026-01-20T23:24:23.356985736Z",180,"2026-01-20T23:29:43.135138817Z","","","game ended","2026-01-20T23:29:51.926558626Z",1,"2026-01-20T23:31:05.38758891Z","","","{""adviceFollowed"":"""",""partnerAdvice"":""Probably the same as I did, which to choose what's best for himself/herself."",""feedback"":""It was an interesting game, I thought we were gonna be able to communicate.""}","2026-01-20T23:31:05.381170057Z","01KFEVMNB841AFDZFM4WSW4FTD","2026-01-20T23:26:05.270484947Z",3,"2026-01-20T23:24:23.350900756Z","true","2026-01-20T23:26:40.550346145Z","01KFEVC2XGP9T5E0R9Q2XJP5VK","2026-01-20T23:20:54.599573598Z","69123c96603a832cf0ed4965","2026-01-20T23:20:54.599573598Z","{""advice"":""Try to get the best outcome for yourself."",""adviceType"":""noCG"",""chatEnabled"":false,""numRounds"":13,""playerCount"":2}","2026-01-20T23:20:54.607686032Z","noCG_selfish","2026-01-20T23:20:54.607686032Z","{""PROLIFIC_PID"":""69123c96603a832cf0ed4965"",""STUDY_ID"":""696fda5e11dcb61d45eea559"",""SESSION_ID"":""69700cc225cf443ee5880f06""}","2026-01-20T23:20:54.905228266Z","{""plan"":""I'm gonna part in the spot with the highest bonus, hoping that my partner will probably assume that and than they'll park in the spot with the same color next to it. It's a stretch but I can't think of a better plan off the top of my head.""}","2026-01-20T23:26:40.545484211Z"
"01KFEVWXXVHBHP5S1AZQQ4JZFK","{""advice"":""Try to get the best outcome for yourself.""}","2026-01-20T23:31:31.826536002Z",168,"2026-01-20T23:34:27.481091908Z","","","game ended","2026-01-20T23:34:38.016089497Z",1,"2026-01-20T23:37:30.336134242Z","","","{""adviceFollowed"":""I think I'm mainly to blame because I was a bit confused at first but at the end I wanted to implement a strategy where we would each alternate between C and D to get the best score and have more equity, I think it started to work well at the end because we managed to alternate a little bit."",""partnerAdvice"":"""",""feedback"":""No problem encountered.""}","2026-01-20T23:37:30.343761515Z","01KFEV37Q0WSYAYKWHM2EXN0DN","2026-01-20T23:30:05.900254278Z",3,"2026-01-20T23:31:31.819958045Z","true","2026-01-20T23:32:02.835069506Z","01KFEVWXFBM3J9VBG9VN5Q0WPT","2026-01-20T23:30:05.883697585Z","691f3fd55be97eee747b5b5c","2026-01-20T23:30:05.883697585Z","{""advice"":""Try to get the best outcome for yourself."",""adviceType"":""CG"",""numRounds"":13,""playerCount"":2}","2026-01-20T23:30:05.900254278Z","CG_selfish","2026-01-20T23:30:05.900254278Z","{""PROLIFIC_PID"":""691f3fd55be97eee747b5b5c"",""STUDY_ID"":""696fda5e11dcb61d45eea559"",""SESSION_ID"":""69700fc47b6df8a296592046""}","2026-01-20T23:30:06.149767197Z","{""plan"":""I plan to follow the advice and get the best for myself.""}","2026-01-20T23:32:02.829266499Z"
"01KFEW3YJBR4HT7BADWRSVJQV5","{""advice"":""Try to find an outcome that's fair for both of you.""}","2026-01-20T23:37:39.632397469Z",220,"2026-01-20T23:41:49.939256611Z","","","game ended","2026-01-20T23:41:56.702095959Z",1,"2026-01-20T23:42:45.61313392Z","","","{""adviceFollowed"":"""",""partnerAdvice"":""The same as me that we should aim for a fair split"",""feedback"":""""}","2026-01-20T23:42:45.604660773Z","01KFEVMNAWK7WRWM1AMQZKX6SA","2026-01-20T23:37:55.984432454Z",3,"2026-01-20T23:37:39.624548785Z","true","2026-01-20T23:39:04.168568131Z","01KFEW3WRVJVBVGXMSYT3FTN2N","2026-01-20T23:33:55.915703703Z","64db771b85ef2565f8d3cdf6","2026-01-20T23:33:55.915703703Z","{""advice"":""Try to find an outcome that's fair for both of you."",""adviceType"":""noCG"",""chatEnabled"":false,""numRounds"":13,""playerCount"":2}","2026-01-20T23:33:55.955720991Z","noCG_cooperate","2026-01-20T23:33:55.955720991Z","{""PROLIFIC_PID"":""64db771b85ef2565f8d3cdf6"",""STUDY_ID"":""696fda5e11dcb61d45eea559"",""SESSION_ID"":""697010bcbc5f1054d8f878b0""}","2026-01-20T23:33:56.228860678Z","{""plan"":""I want to choose orange every time so that my partner and I get the same amount of bonus but I don't know whether my partner will choose a or b. However this time I will stick with B""}","2026-01-20T23:39:04.160400034Z"
"01KFEW5105FT4T963R9Z6AZ67Y","{""advice"":""Try to find an outcome that's fair for both of you.""}","2026-01-20T23:36:56.292155171Z",146,"2026-01-20T23:40:26.067720689Z","","","game ended","2026-01-20T23:40:39.468319039Z",1,"2026-01-20T23:42:01.751294543Z","","","{""adviceFollowed"":"""",""partnerAdvice"":""to choose the option that is most favorable to them"",""feedback"":""everything was fine""}","2026-01-20T23:42:01.742529984Z","01KFEV38H8T2V9428VC9T7MEBA","2026-01-20T23:37:06.323512396Z",3,"2026-01-20T23:36:56.299683381Z","true","2026-01-20T23:37:55.678036885Z","01KFEW50QZ3X2AHXWXZZWNH3MD","2026-01-20T23:34:31.173383586Z","613a469755c08ab3b9d682ad","2026-01-20T23:34:31.173383586Z","{""advice"":""Try to find an outcome that's fair for both of you."",""adviceType"":""noCG"",""chatEnabled"":false,""numRounds"":13,""playerCount"":2}","2026-01-20T23:34:31.191872231Z","noCG_cooperate","2026-01-20T23:34:31.191872231Z","{""PROLIFIC_PID"":""613a469755c08ab3b9d682ad"",""STUDY_ID"":""696fda5e11dcb61d45eea559"",""SESSION_ID"":""69700ff25a3143886e556ee8""}","2026-01-20T23:34:31.30067827Z","{""plan"":""Fair game, bonus for the two of us""}","2026-01-20T23:37:55.669623387Z"
"01KFEW61CSGZMFE4TZ96QA9A06","{""advice"":""Try to find an outcome that's fair for both of you.""}","2026-01-20T23:35:56.966673267Z",156,"2026-01-20T23:40:51.795684328Z","","","game ended","2026-01-20T23:41:07.249006166Z",1,"2026-01-20T23:46:56.720831541Z","","","{""adviceFollowed"":"""",""partnerAdvice"":""To try to stick to the highest payout option as possible and force me to pick the lower one, so that we both get paid . "",""feedback"":""""}","2026-01-20T23:46:56.729935866Z","01KFEV38AJ2CFPYBQZ5JKK7PV4","2026-01-20T23:37:03.078350814Z",3,"2026-01-20T23:35:56.973994209Z","true","2026-01-20T23:37:03.650841339Z","01KFEW60AKC4B6N8NJX9SHF6ZW","2026-01-20T23:35:04.34588674Z","60fd34d68de7efbcd7de57a0","2026-01-20T23:35:04.34588674Z","{""advice"":""Try to find an outcome that's fair for both of you."",""adviceType"":""noCG"",""chatEnabled"":false,""numRounds"":13,""playerCount"":2}","2026-01-20T23:35:04.378585604Z","noCG_cooperate","2026-01-20T23:35:04.378585604Z","{""PROLIFIC_PID"":""60fd34d68de7efbcd7de57a0"",""STUDY_ID"":""696fda5e11dcb61d45eea559"",""SESSION_ID"":""697010fb54b093b793072506""}","2026-01-20T23:35:04.706677739Z","{""plan"":""I will try to copy what my partner does but pick the other same color""}","2026-01-20T23:37:03.640781962Z"
"01KFEV7RE3Q2MQ5NN8AGQ7Y4PK","{""advice"":""Try to find an outcome that's fair for both of you.""}","2026-01-20T23:22:35.563402162Z",150,"2026-01-20T23:28:56.833719054Z","","","game ended","2026-01-20T23:29:11.455603828Z",1,"2026-01-20T23:29:56.657266238Z","","","{""adviceFollowed"":"""",""partnerAdvice"":""To aim for the highest paying options"",""feedback"":""The screen went blank several times""}","2026-01-20T23:29:56.648161457Z","01KFEV37DE991T271V0NJ5BY6K","2026-01-20T23:22:30.960588943Z",3,"2026-01-20T23:22:35.571614169Z","true","2026-01-20T23:24:13.959781007Z","01KFEV7QRZ7KRPY1DFXXQ07P57","2026-01-20T23:18:32.131645365Z","67217e62686cfa14f12768a6","2026-01-20T23:18:32.131645365Z","{""advice"":""Try to find an outcome that's fair for both of you."",""adviceType"":""noCG"",""chatEnabled"":false,""numRounds"":13,""playerCount"":2}","2026-01-20T23:18:32.142833975Z","noCG_cooperate","2026-01-20T23:18:32.142833975Z","{""PROLIFIC_PID"":""67217e62686cfa14f12768a6"",""STUDY_ID"":""696fda5e11dcb61d45eea559"",""SESSION_ID"":""69700cf5e9ff5d738605213c""}","2026-01-20T23:18:32.365798375Z","{""plan"":""Optimal MU would indicate parking at C & D.""}","2026-01-20T23:24:13.956632987Z"
"01KFEV8CTFEWEE7C0ZM9KMYRSE","{""advice"":""Try to get the best outcome for yourself.""}","2026-01-20T23:21:36.488687159Z",153,"2026-01-20T23:26:24.134580961Z","","","game ended","2026-01-20T23:26:37.048553785Z",1,"2026-01-20T23:27:05.93443056Z","","","{""adviceFollowed"":"""",""partnerAdvice"":""To play it safe (options A or B)"",""feedback"":""""}","2026-01-20T23:27:05.940002622Z","01KFEV37DE991T271V0BRDHRJW","2026-01-20T23:22:40.846044498Z",3,"2026-01-20T23:21:36.486586981Z","true","2026-01-20T23:22:47.501746719Z","01KFEV8CFHHE9CG7DVQR116FDM","2026-01-20T23:18:53.007585343Z","609339b5ffa7f21ec2632d48","2026-01-20T23:18:53.007585343Z","{""advice"":""Try to get the best outcome for yourself."",""adviceType"":""noCG"",""chatEnabled"":false,""numRounds"":13,""playerCount"":2}","2026-01-20T23:18:53.016049611Z","noCG_selfish","2026-01-20T23:18:53.016049611Z","{""PROLIFIC_PID"":""609339b5ffa7f21ec2632d48"",""STUDY_ID"":""696fda5e11dcb61d45eea559"",""SESSION_ID"":""69700d1888434333ad3aade4""}","2026-01-20T23:18:53.233099737Z","{""plan"":""I will pick option C in case my partner chooses the highest earning option""}","2026-01-20T23:22:47.500135465Z"
"01KFEVBDY2YWN6DSFNFKRM8R9Z","{""advice"":""Try to get the best outcome for yourself.""}","2026-01-20T23:22:21.470408209Z",269,"2026-01-20T23:26:29.701553248Z","","","game ended","2026-01-20T23:26:40.230204114Z",1,"2026-01-20T23:28:08.453869836Z","","","{""adviceFollowed"":"""",""partnerAdvice"":""i think after a few rounds we figured to keep switching C, D for both of us to get the maximum reward"",""feedback"":""""}","2026-01-20T23:28:08.459524468Z","01KFEV37PYV9HETXX2PC055NBT","2026-01-20T23:23:13.631324332Z",3,"2026-01-20T23:22:21.466402022Z","true","2026-01-20T23:23:31.441006936Z","01KFEVBDAJJYVZGAKBZVKKZ1DV","2026-01-20T23:20:32.450600734Z","5c7c7e42f48c6d0016f6ff9d","2026-01-20T23:20:32.450600734Z","{""advice"":""Try to get the best outcome for yourself."",""adviceType"":""noCG"",""chatEnabled"":false,""numRounds"":13,""playerCount"":2}","2026-01-20T23:20:32.462365701Z","noCG_selfish","2026-01-20T23:20:32.462365701Z","{""PROLIFIC_PID"":""5c7c7e42f48c6d0016f6ff9d"",""STUDY_ID"":""696fda5e11dcb61d45eea559"",""SESSION_ID"":""69700ce7a235f1772386b41d""}","2026-01-20T23:20:32.78580171Z","{""plan"":""Avoid parking in the same spot at all costs, will try to get the maximum reward for both parties""}","2026-01-20T23:23:31.431501599Z"
"01KFEW78ZH0TY6JQ9J3GJMR3E3","{""advice"":""Try to find an outcome that's fair for both of you.""}","2026-01-20T23:38:58.975637281Z",135,"2026-01-20T23:43:00.917115988Z","","","game ended","2026-01-20T23:43:24.275219917Z",1,"2026-01-20T23:43:52.75559962Z","","","{""adviceFollowed"":"""",""partnerAdvice"":""choose themself  only"",""feedback"":""""}","2026-01-20T23:43:52.764754519Z","01KFEVMNHFNDCGHX9QBBFN387E","2026-01-20T23:39:33.960080002Z",3,"2026-01-20T23:38:59.272979157Z","true","2026-01-20T23:39:57.575756707Z","01KFEW77PQKTM3G5J70N89PS8A","2026-01-20T23:35:44.881441724Z","68185ed818a05008c861de87","2026-01-20T23:35:44.881441724Z","{""advice"":""Try to find an outcome that's fair for both of you."",""adviceType"":""noCG"",""chatEnabled"":false,""numRounds"":13,""playerCount"":2}","2026-01-20T23:35:44.898243229Z","noCG_cooperate","2026-01-20T23:35:44.898243229Z","{""PROLIFIC_PID"":""68185ed818a05008c861de87"",""STUDY_ID"":""696fda5e11dcb61d45eea559"",""SESSION_ID"":""697010b3b8ff4361d10d6c08""}","2026-01-20T23:35:45.427733175Z","{""plan"":""to try and get more MU""}","2026-01-20T23:39:57.583923442Z"
"01KFEV4PQ8V0QGQVX4KK2FPFJR","{""advice"":""Try to find an outcome that's fair for both of you.""}","2026-01-20T23:19:13.24751597Z",165,"2026-01-20T23:23:42.214600929Z","","","game ended","2026-01-20T23:23:54.314671709Z",1,"2026-01-20T23:24:32.039933175Z","","","{""adviceFollowed"":""I dont feel that all. feels like it was randomly picked."",""partnerAdvice"":"""",""feedback"":""I don't have""}","2026-01-20T23:24:32.036769162Z","01KFEV2C0CP35QE41ZMH45J8TZ","2026-01-20T23:16:52.082028015Z",3,"2026-01-20T23:19:13.39273185Z","true","2026-01-20T23:20:26.825780315Z","01KFEV4P52X7N94XABAG0F5GBY","2026-01-20T23:16:52.072800386Z","5c66cc9246bfc200019044b8","2026-01-20T23:16:52.072800386Z","{""advice"":""Try to find an outcome that's fair for both of you."",""adviceType"":""CG"",""chatEnabled"":false,""numRounds"":13,""playerCount"":2}","2026-01-20T23:16:52.082028015Z","CG_cooperate","2026-01-20T23:16:52.082028015Z","{""PROLIFIC_PID"":""5c66cc9246bfc200019044b8"",""STUDY_ID"":""696fda5e11dcb61d45eea559"",""SESSION_ID"":""69700cc6b9624b63432c8940""}","2026-01-20T23:16:52.378825939Z","{""plan"":""simply i will try to find the best solution that is fair and good for both of us.""}","2026-01-20T23:20:26.82162551Z"
"01KFEVGWWQWT7BAZNJDAAA325H","{""advice"":""Try to find an outcome that's fair for both of you.""}","2026-01-20T23:26:31.874452936Z",111,"2026-01-20T23:31:06.787870384Z","","","game ended","2026-01-20T23:31:36.969468077Z",1,"2026-01-20T23:32:15.533425815Z","","","{""adviceFollowed"":""sometimes"",""partnerAdvice"":"""",""feedback"":""""}","2026-01-20T23:32:15.511447735Z","01KFEV37DAAK9E08F076WKMM6J","2026-01-20T23:24:29.7719131Z",3,"2026-01-20T23:26:31.880951587Z","true","2026-01-20T23:27:53.512380147Z","01KFEVGVFDYRJZV6YHR34WNMBW","2026-01-20T23:23:31.607442141Z","615ab5adc70f6edcacba5860","2026-01-20T23:23:31.607442141Z","{""advice"":""Try to find an outcome that's fair for both of you."",""adviceType"":""CG"",""chatEnabled"":false,""numRounds"":13,""playerCount"":2}","2026-01-20T23:23:31.617478049Z","CG_cooperate","2026-01-20T23:23:31.617478049Z","{""PROLIFIC_PID"":""615ab5adc70f6edcacba5860"",""STUDY_ID"":""696fda5e11dcb61d45eea559"",""SESSION_ID"":""69700e09b9624b63432c895f""}","2026-01-20T23:23:32.179847022Z","{""plan"":""park on B or A and sometimes C""}","2026-01-20T23:27:53.492360756Z"
"01KFEV8TC8AZEPV3G36SCZ12C3","{""advice"":""Try to get the best outcome for yourself.""}","2026-01-20T23:21:48.622342425Z",169,"2026-01-20T23:26:27.256178085Z","","","game ended","2026-01-20T23:26:46.586592505Z",1,"2026-01-20T23:27:26.468704299Z","","","{""adviceFollowed"":"""",""partnerAdvice"":""To go for the highest bonus"",""feedback"":""It was fun""}","2026-01-20T23:27:26.473882914Z","01KFEV378H0PY96RNMJTMM0E4X","2026-01-20T23:21:09.921808523Z",3,"2026-01-20T23:21:48.679100559Z","true","2026-01-20T23:22:40.805689158Z","01KFEV8SX4MC0YSCVX199RKM67","2026-01-20T23:19:06.888053561Z","6043f909d14273455e5e7436","2026-01-20T23:19:06.888053561Z","{""advice"":""Try to get the best outcome for yourself."",""adviceType"":""noCG"",""chatEnabled"":false,""numRounds"":13,""playerCount"":2}","2026-01-20T23:19:06.89626099Z","noCG_selfish","2026-01-20T23:19:06.89626099Z","{""PROLIFIC_PID"":""6043f909d14273455e5e7436"",""STUDY_ID"":""696fda5e11dcb61d45eea559"",""SESSION_ID"":""69700d37931ab9c02486b268""}","2026-01-20T23:19:07.401675909Z","{""plan"":""I will start parking in B, since my partner may choose A or D , I will be guessing ""}","2026-01-20T23:22:40.803879381Z"
"01KFEVB815BQW2TQ29HHMDQ2FB","{""advice"":""Try to get the best outcome for yourself.""}","2026-01-20T23:22:57.715303995Z",100,"2026-01-20T23:29:46.416176302Z","","","game ended","2026-01-20T23:30:23.358076856Z",1,"2026-01-20T23:30:53.022463078Z","","","{""adviceFollowed"":"""",""partnerAdvice"":""Maximise Units"",""feedback"":""no""}","2026-01-20T23:30:53.028833341Z","01KFEV38AJ2CFPYBQZ58NH0V5J","2026-01-20T23:23:45.660876796Z",3,"2026-01-20T23:22:57.717318586Z","true","2026-01-20T23:23:58.311149043Z","01KFEVB7HCVDQQVM79YTCB0WJE","2026-01-20T23:20:26.405333888Z","60a96f55b7ab20ce0ac1b365","2026-01-20T23:20:26.405333888Z","{""advice"":""Try to get the best outcome for yourself."",""adviceType"":""noCG"",""chatEnabled"":false,""numRounds"":13,""playerCount"":2}","2026-01-20T23:20:26.417982737Z","noCG_selfish","2026-01-20T23:20:26.417982737Z","{""PROLIFIC_PID"":""60a96f55b7ab20ce0ac1b365"",""STUDY_ID"":""696fda5e11dcb61d45eea559"",""SESSION_ID"":""69700d9fee298ca112892878""}","2026-01-20T23:20:26.697316993Z","{""plan"":""To maximise my bonus. Try to park on a different colour if possible""}","2026-01-20T23:23:58.307107355Z"
"01KFEV79YCQMQRJYZ004NV66QN","{""advice"":""Try to find an outcome that's fair for both of you.""}","2026-01-20T23:20:04.288822273Z",192,"2026-01-20T23:25:32.319321864Z","","","game ended","2026-01-20T23:25:48.454742049Z",1,"2026-01-20T23:26:25.065975088Z","","","{""adviceFollowed"":"""",""partnerAdvice"":""To stick to one parking spot for as long as possible"",""feedback"":""non""}","2026-01-20T23:26:25.070914922Z","01KFEV378PDZP87HXSESW6BA01","2026-01-20T23:19:21.882686043Z",3,"2026-01-20T23:20:04.435131618Z","true","2026-01-20T23:20:59.869350002Z","01KFEV79GY2ZQHX8GDF8ZD0M5C","2026-01-20T23:18:17.292892206Z","6928a6394052fbe76783ed32","2026-01-20T23:18:17.292892206Z","{""advice"":""Try to find an outcome that's fair for both of you."",""adviceType"":""noCG"",""chatEnabled"":false,""numRounds"":13,""playerCount"":2}","2026-01-20T23:18:17.305917684Z","noCG_cooperate","2026-01-20T23:18:17.305917684Z","{""PROLIFIC_PID"":""6928a6394052fbe76783ed32"",""STUDY_ID"":""696fda5e11dcb61d45eea559"",""SESSION_ID"":""69700cf34fc254bcf9a1d11f""}","2026-01-20T23:18:17.517880685Z","{""plan"":""as human beings we tend to be selfish, so I will go for the lesser amount for each color per game""}","2026-01-20T23:20:59.870375557Z"
"01KFEV8K48Q5MVC88J4XCQXRFY","{""advice"":""Try to get the best outcome for yourself.""}","2026-01-20T23:20:04.744194619Z",268,"2026-01-20T23:26:27.256178085Z","","","game ended","2026-01-20T23:26:46.586592505Z",1,"2026-01-20T23:27:37.394354441Z","","","{""adviceFollowed"":"""",""partnerAdvice"":""Probably the same advice as me and we were trying to pre-empt each others move."",""feedback"":""""}","2026-01-20T23:27:37.399514759Z","01KFEV378H0PY96RNMJTMM0E4X","2026-01-20T23:21:09.921808523Z",3,"2026-01-20T23:20:04.743506243Z","true","2026-01-20T23:21:27.408927368Z","01KFEV8JPBAF0Z4E2Y7X0SMDPM","2026-01-20T23:18:59.464398388Z","59f882ae5ac99000018b0632","2026-01-20T23:18:59.464398388Z","{""advice"":""Try to get the best outcome for yourself."",""adviceType"":""noCG"",""chatEnabled"":false,""numRounds"":13,""playerCount"":2}","2026-01-20T23:18:59.47384827Z","noCG_selfish","2026-01-20T23:18:59.47384827Z","{""PROLIFIC_PID"":""59f882ae5ac99000018b0632"",""STUDY_ID"":""696fda5e11dcb61d45eea559"",""SESSION_ID"":""69700d408e9540fd70c6b3c3""}","2026-01-20T23:18:59.707778871Z","{""plan"":""Taking the advice of a previous player I am going to try to think laterally to enhance my success.,""}","2026-01-20T23:21:27.407651187Z"
"01KFEV9QWYR4DNTS4QCCENEARJ","{""advice"":""Try to get the best outcome for yourself.""}","2026-01-20T23:22:13.56537929Z",266,"2026-01-20T23:26:29.701553248Z","","","game ended","2026-01-20T23:26:40.230204114Z",1,"2026-01-20T23:27:31.08997897Z","","","{""adviceFollowed"":"""",""partnerAdvice"":""I have no idea. I honestly disregarded the advice I received and focused on maximizing potential bonuses while working fairly with my partner."",""feedback"":""""}","2026-01-20T23:27:31.095557442Z","01KFEV37PYV9HETXX2PC055NBT","2026-01-20T23:23:13.631324332Z",3,"2026-01-20T23:22:13.566634061Z","true","2026-01-20T23:23:38.992854871Z","01KFEV9QGVZK47Q4E3NWTXQTS5","2026-01-20T23:19:37.118509219Z","5ccb4580a1050f0017185a9a","2026-01-20T23:19:37.118509219Z","{""advice"":""Try to get the best outcome for yourself."",""adviceType"":""noCG"",""chatEnabled"":false,""numRounds"":13,""playerCount"":2}","2026-01-20T23:19:37.128188973Z","noCG_selfish","2026-01-20T23:19:37.128188973Z","{""PROLIFIC_PID"":""5ccb4580a1050f0017185a9a"",""STUDY_ID"":""696fda5e11dcb61d45eea559"",""SESSION_ID"":""69700d4edf80b520c0b75d80""}","2026-01-20T23:19:37.351433856Z","{""plan"":""Try to get as many bonuses as possible. ideally different spots on the same color, alternating. Once I pick the one with the highest regular earnings, the next time I'll pick the other option of the same color.""}","2026-01-20T23:23:38.985767034Z"
"01KFEVBZC2S6960QVT8J14HPMN","{""advice"":""Try to get the best outcome for yourself.""}","2026-01-20T23:22:19.940347914Z",117,"2026-01-20T23:26:24.134580961Z","","","game ended","2026-01-20T23:26:37.048553785Z",1,"2026-01-20T23:27:00.616918487Z","","","{""adviceFollowed"":"""",""partnerAdvice"":""try to look for yourself"",""feedback"":""""}","2026-01-20T23:27:00.611333282Z","01KFEV37DE991T271V0BRDHRJW","2026-01-20T23:22:40.846044498Z",3,"2026-01-20T23:22:20.108393776Z","true","2026-01-20T23:23:13.544812668Z","01KFEVBYSAYXGFHPQGFGFYFQEJ","2026-01-20T23:20:50.306678617Z","608ab8b9eb657a41933a4ec9","2026-01-20T23:20:50.306678617Z","{""advice"":""Try to get the best outcome for yourself."",""adviceType"":""noCG"",""chatEnabled"":false,""numRounds"":13,""playerCount"":2}","2026-01-20T23:20:50.315397626Z","noCG_selfish","2026-01-20T23:20:50.315397626Z","{""PROLIFIC_PID"":""608ab8b9eb657a41933a4ec9"",""STUDY_ID"":""696fda5e11dcb61d45eea559"",""SESSION_ID"":""69700d344e488f31d007f16f""}","2026-01-20T23:20:50.638678458Z","{""plan"":""I´ll try to alternate among the different spot. I´ll try to be as random as possible.""}","2026-01-20T23:23:13.54254986Z"
"01KFEVF34Y0A3VWJYX9367Q9EA","{""advice"":""Try to get the best outcome for yourself.""}","2026-01-20T23:23:16.833852475Z",121,"2026-01-20T23:26:28.90326148Z","","","game ended","2026-01-20T23:26:54.334166127Z",1,"2026-01-20T23:27:21.066931294Z","","","{""adviceFollowed"":"""",""partnerAdvice"":""I did not see one"",""feedback"":""I do not""}","2026-01-20T23:27:21.060928013Z","01KFEV384Y33BFECW27AH8GSGD","2026-01-20T23:23:39.059923251Z",3,"2026-01-20T23:23:16.846539046Z","true","2026-01-20T23:23:45.611633755Z","01KFEVF2D0MX51SE4BZCK1WRMC","2026-01-20T23:22:32.478312512Z","5c9b65b9fc4fa100125107e2","2026-01-20T23:22:32.478312512Z","{""advice"":""Try to get the best outcome for yourself."",""adviceType"":""noCG"",""chatEnabled"":false,""numRounds"":13,""playerCount"":2}","2026-01-20T23:22:32.48769029Z","noCG_selfish","2026-01-20T23:22:32.48769029Z","{""PROLIFIC_PID"":""5c9b65b9fc4fa100125107e2"",""STUDY_ID"":""696fda5e11dcb61d45eea559"",""SESSION_ID"":""69700db385cc9b74e2e971eb""}","2026-01-20T23:22:32.915455665Z","{""plan"":""I will try and recognize a pattern of choice of my partner so I can follow""}","2026-01-20T23:23:45.614676183Z"
"01KFEVWYACX0Z3X7HHHK5DSTDD","{""advice"":""Try to get the best outcome for yourself.""}","2026-01-20T23:31:23.477967153Z",183,"2026-01-20T23:34:27.481091908Z","","","game ended","2026-01-20T23:34:38.016089497Z",1,"2026-01-20T23:35:23.053633726Z","","","{""adviceFollowed"":""yes I feel like we both understood the rules well and tried to make the most amount of bonus for ourself"",""partnerAdvice"":"""",""feedback"":""no""}","2026-01-20T23:35:23.04165936Z","01KFEV37Q0WSYAYKWHM2EXN0DN","2026-01-20T23:30:06.302758079Z",3,"2026-01-20T23:31:23.471598109Z","true","2026-01-20T23:31:50.474711909Z","01KFEVWXZSJZSKS54G617F2W8E","2026-01-20T23:30:06.28454206Z","66761a7cef6f2c01681b6731","2026-01-20T23:30:06.28454206Z","{""advice"":""Try to get the best outcome for yourself."",""adviceType"":""CG"",""numRounds"":13,""playerCount"":2}","2026-01-20T23:30:06.302758079Z","CG_selfish","2026-01-20T23:30:06.302758079Z","{""PROLIFIC_PID"":""66761a7cef6f2c01681b6731"",""STUDY_ID"":""696fda5e11dcb61d45eea559"",""SESSION_ID"":""69700fcaa826a02bea1818be""}","2026-01-20T23:30:06.424937356Z","{""plan"":""I will try and get the best earnings for myself""}","2026-01-20T23:31:50.467567527Z"
"01KFEVW5WA494MRXETJ2N5XX03","{""advice"":""Try to get the best outcome for yourself.""}","2026-01-20T23:31:55.828348161Z",110,"2026-01-20T23:36:40.852443439Z","","","game ended","2026-01-20T23:36:55.189513064Z",1,"2026-01-20T23:37:39.368528385Z","","","{""adviceFollowed"":""No, i feel we both went to earn the most points"",""partnerAdvice"":"""",""feedback"":""""}","2026-01-20T23:37:39.360489857Z","01KFEV38AHTHHCNTDGHAJN0GXG","2026-01-20T23:32:29.774804636Z",3,"2026-01-20T23:31:55.834174055Z","true","2026-01-20T23:32:58.836883234Z","01KFEVW4WBE4T4Q5EJPH0K958G","2026-01-20T23:29:41.258869403Z","66682215a0ceedec14b62fe6","2026-01-20T23:29:41.258869403Z","{""advice"":""Try to get the best outcome for yourself."",""adviceType"":""CG"",""numRounds"":13,""playerCount"":2}","2026-01-20T23:29:41.271422932Z","CG_selfish","2026-01-20T23:29:41.271422932Z","{""PROLIFIC_PID"":""66682215a0ceedec14b62fe6"",""STUDY_ID"":""696fda5e11dcb61d45eea559"",""SESSION_ID"":""69700fbb3d78272dd5cb5a50""}","2026-01-20T23:29:41.575777675Z","{""plan"":""My game plan will be too make the most earnings. I will park in the spot to earn me the most.""}","2026-01-20T23:32:58.825115694Z"
"01KFEVCRBGBMN5MZZVZA8FPX1Z","{""advice"":""Try to find an outcome that's fair for both of you.""}","2026-01-20T23:23:22.529259921Z",259,"2026-01-20T23:26:24.401351084Z","","","game ended","2026-01-20T23:26:32.955423533Z",1,"2026-01-20T23:27:10.682398817Z","","","{""adviceFollowed"":""Yes, we both chose the option that was good for both of us."",""partnerAdvice"":"""",""feedback"":""""}","2026-01-20T23:27:10.677006089Z","01KFEV378FNG971PBW7B2SPNC6","2026-01-20T23:21:15.897126786Z",3,"2026-01-20T23:23:22.531295167Z","true","2026-01-20T23:24:29.754382929Z","01KFEVCQWPWP6KAM5AR9CN639E","2026-01-20T23:21:15.888662021Z","5d9a125f1714540016a40a27","2026-01-20T23:21:15.888662021Z","{""advice"":""Try to find an outcome that's fair for both of you."",""adviceType"":""CG"",""chatEnabled"":false,""numRounds"":13,""playerCount"":2}","2026-01-20T23:21:15.897126786Z","CG_cooperate","2026-01-20T23:21:15.897126786Z","{""PROLIFIC_PID"":""5d9a125f1714540016a40a27"",""STUDY_ID"":""696fda5e11dcb61d45eea559"",""SESSION_ID"":""69700daee55d73d574d01100""}","2026-01-20T23:21:16.139429204Z","{""plan"":""I'm going to assume the other person will try to park the car in the spot that gives the most MUs and try to park in the other spots.""}","2026-01-20T23:24:29.749251928Z"
"01KFEV86DXXGMH25YQ8QC6JEB7","{""advice"":""Try to get the best outcome for yourself.""}","2026-01-20T23:19:57.186418441Z",126,"2026-01-20T23:25:25.976544303Z","","","game ended","2026-01-20T23:25:35.110160296Z",1,"2026-01-20T23:26:01.163570257Z","","","{""adviceFollowed"":""Yes. "",""partnerAdvice"":"""",""feedback"":""I was getting frustrated with their answers. ""}","2026-01-20T23:26:01.168227635Z","01KFEV378H0PY96RNMJFNCN7TE","2026-01-20T23:20:28.19628961Z",3,"2026-01-20T23:19:57.188236127Z","true","2026-01-20T23:20:31.122595913Z","01KFEV868VHD4TM2PKCM9WF42A","2026-01-20T23:18:46.462634356Z","63268ad93b6ecc1acf782a21","2026-01-20T23:18:46.462634356Z","{""advice"":""Try to get the best outcome for yourself."",""adviceType"":""CG"",""numRounds"":13,""playerCount"":2}","2026-01-20T23:18:46.47044725Z","CG_selfish","2026-01-20T23:18:46.47044725Z","{""PROLIFIC_PID"":""63268ad93b6ecc1acf782a21"",""STUDY_ID"":""696fda5e11dcb61d45eea559"",""SESSION_ID"":""69700d3008b21258363a2894""}","2026-01-20T23:18:46.57610616Z","{""plan"":""I want to make sure I get the most points. I also want to make sure my teammate works well with me. I am going to try to tell them where to go. ""}","2026-01-20T23:20:31.119300205Z"
"01KFEVB2WK99SDZDFQAW6KYB9M","{""advice"":""Try to get the best outcome for yourself.""}","2026-01-20T23:23:07.428214833Z",309,"2026-01-20T23:29:43.135138817Z","","","game ended","2026-01-20T23:29:51.926558626Z",1,"2026-01-20T23:31:27.246948917Z","","","{""adviceFollowed"":"""",""partnerAdvice"":""Be greedy or look out for yourself similar to mine."",""feedback"":""I changed strategy to the one i mentioned. It changed to a either both get nothing or you choose the purple spot. ""}","2026-01-20T23:31:27.24048582Z","01KFEVMNB841AFDZFM4WSW4FTD","2026-01-20T23:26:05.270484947Z",3,"2026-01-20T23:23:07.542955301Z","true","2026-01-20T23:26:38.912899199Z","01KFEVB2DW3EHDQJD7RDS3C1WD","2026-01-20T23:20:21.139678154Z","63bdef3b9afda6ccbc698cd0","2026-01-20T23:20:21.139678154Z","{""advice"":""Try to get the best outcome for yourself."",""adviceType"":""noCG"",""chatEnabled"":false,""numRounds"":13,""playerCount"":2}","2026-01-20T23:20:21.149167501Z","noCG_selfish","2026-01-20T23:20:21.149167501Z","{""PROLIFIC_PID"":""63bdef3b9afda6ccbc698cd0"",""STUDY_ID"":""696fda5e11dcb61d45eea559"",""SESSION_ID"":""69700d9c367a334826555a9f""}","2026-01-20T23:20:21.449228383Z","{""plan"":""The strategy depends on if there is communication. If there is no communication then both players will most likely overthink their strategies and try to predict their team mate being selfish and end up colliding a lot. The safest play is 7MU while the most common would be 10MU and greedy players choosing 19MU. I will rotate between 10MU and 7MU and rarely choose 19MU.""}","2026-01-20T23:26:38.907858963Z"
"01KFEVY502SJ2FK1Q7WFM0PHB4","{""advice"":""Try to get the best outcome for yourself.""}","2026-01-20T23:31:55.938762739Z",179,"2026-01-20T23:34:12.919390706Z","","","game ended","2026-01-20T23:34:21.990540297Z",1,"2026-01-20T23:34:53.27662161Z","","","{""adviceFollowed"":""I think I did as I picked C many times so got more MU for myself. My partner mainly stuck to B so they could have earned more."",""partnerAdvice"":"""",""feedback"":""""}","2026-01-20T23:34:53.268686505Z","01KFEV385166A8JYCZ9G4DMHRQ","2026-01-20T23:32:02.886525475Z",3,"2026-01-20T23:31:56.047315143Z","true","2026-01-20T23:32:15.966941578Z","01KFEVY4J5N027XJ8PB2AR6677","2026-01-20T23:30:45.890173066Z","5a94fbadf05361000171bc25","2026-01-20T23:30:45.890173066Z","{""advice"":""Try to get the best outcome for yourself."",""adviceType"":""CG"",""numRounds"":13,""playerCount"":2}","2026-01-20T23:30:45.906525029Z","CG_selfish","2026-01-20T23:30:45.906525029Z","{""PROLIFIC_PID"":""5a94fbadf05361000171bc25"",""STUDY_ID"":""696fda5e11dcb61d45eea559"",""SESSION_ID"":""69700fbeb4dac104086c8df1""}","2026-01-20T23:30:46.141037351Z","{""plan"":""Try and get the most MU for myself and park in different spots to the other player.""}","2026-01-20T23:32:15.96058262Z"
"01KFEV6V20FH8Q8TGZN4SVCF5R","{""advice"":""Try to find an outcome that's fair for both of you.""}","2026-01-20T23:19:20.791199322Z",141,"2026-01-20T23:25:32.319321864Z","","","game ended","2026-01-20T23:25:48.454742049Z",1,"2026-01-20T23:27:26.59898875Z","","","{""adviceFollowed"":"""",""partnerAdvice"":""Go for the higher paid option when possible."",""feedback"":""""}","2026-01-20T23:27:26.593680795Z","01KFEV378PDZP87HXSESW6BA01","2026-01-20T23:19:21.882686043Z",3,"2026-01-20T23:19:20.792916603Z","true","2026-01-20T23:22:30.945068516Z","01KFEV6TJQXRRS80KBZ9XPQ0AY","2026-01-20T23:18:02.048119812Z","6130c7f7d0112fa23b17079c","2026-01-20T23:18:02.048119812Z","{""advice"":""Try to find an outcome that's fair for both of you."",""adviceType"":""noCG"",""chatEnabled"":false,""numRounds"":13,""playerCount"":2}","2026-01-20T23:18:02.056871504Z","noCG_cooperate","2026-01-20T23:18:02.056871504Z","{""PROLIFIC_PID"":""6130c7f7d0112fa23b17079c"",""STUDY_ID"":""696fda5e11dcb61d45eea559"",""SESSION_ID"":""69700cc31f1bf556505acf49""}","2026-01-20T23:18:02.28317655Z","{""plan"":""I think that I should always pick the one that has the same regular earnings (so in the example it would be orange as we would receive 10 MU each) as I think my partner will also pick the fairer option. I generally think it is more likely that they will either pick the fairer option or (if they don't go for that) the option with the higher base earnings so I think we may be able to minimise collisions this way. I think I may try to pick the second option out of the two equal options in the hope that my partner may instinctively go for the first option. ""}","2026-01-20T23:22:30.940805158Z"
"01KFEV8PSQBX7P1ARFP0SDDW57","{""advice"":""Try to find an outcome that's fair for both of you.""}","2026-01-20T23:20:29.871385068Z",164,"2026-01-20T23:28:15.426658287Z","","","game ended","2026-01-20T23:28:29.564801762Z",1,"2026-01-20T23:29:30.60474817Z","","","{""adviceFollowed"":"""",""partnerAdvice"":""He was trying to choose C every time, since was the one with the biggest earnings."",""feedback"":""""}","2026-01-20T23:29:30.611024377Z","01KFEV37PYV9HETXX2PSGE1RKD","2026-01-20T23:24:22.444483329Z",3,"2026-01-20T23:20:29.869415325Z","true","2026-01-20T23:24:37.044850462Z","01KFEV8P9YN6GB4DFEEBSERGY3","2026-01-20T23:19:03.223219194Z","692e8f1540ec35b6b4bb0b51","2026-01-20T23:19:03.223219194Z","{""advice"":""Try to find an outcome that's fair for both of you."",""adviceType"":""noCG"",""chatEnabled"":false,""numRounds"":13,""playerCount"":2}","2026-01-20T23:19:03.230847813Z","noCG_cooperate","2026-01-20T23:19:03.230847813Z","{""PROLIFIC_PID"":""692e8f1540ec35b6b4bb0b51"",""STUDY_ID"":""696fda5e11dcb61d45eea559"",""SESSION_ID"":""69700d323b6020ac877d2e1d""}","2026-01-20T23:19:03.468165242Z","{""plan"":""I´m expecting my partner to park in biggest earnings spot, so I will start to park on D. I don´t know what I´m going to do after, let it flow!!!""}","2026-01-20T23:24:37.048586453Z"
"01KFEVVPVMNR90RS0DGAX989B7","{""advice"":""Try to get the best outcome for yourself.""}","2026-01-20T23:31:45.407925664Z",105,"2026-01-20T23:35:50.390671988Z","","","game ended","2026-01-20T23:36:25.308057901Z",1,"2026-01-20T23:37:13.796330507Z","","","{""adviceFollowed"":""Yes, they followed it well, I think at the end we were both loosers"",""partnerAdvice"":"""",""feedback"":""I had to refresh the pagge a few times""}","2026-01-20T23:37:13.804477176Z","01KFEV38H48T18ZRM15RETR33C","2026-01-20T23:33:01.92862248Z",3,"2026-01-20T23:31:45.476865635Z","true","2026-01-20T23:33:11.329154955Z","01KFEVVPN6HYE6M7M2T0SP32W3","2026-01-20T23:29:25.876598831Z","67acdeb7742d1e454c2036e6","2026-01-20T23:29:25.876598831Z","{""advice"":""Try to get the best outcome for yourself."",""adviceType"":""CG"",""numRounds"":13,""playerCount"":2}","2026-01-20T23:29:25.891811984Z","CG_selfish","2026-01-20T23:29:25.891811984Z","{""PROLIFIC_PID"":""67acdeb7742d1e454c2036e6"",""STUDY_ID"":""696fda5e11dcb61d45eea559"",""SESSION_ID"":""69700fc1fcd44bf674f308f2""}","2026-01-20T23:29:26.003905247Z","{""plan"":""I think I am gonna aim for alway the same spot in the A or B side, Hoping he can catch my strategy and not change spots, I think it's the best outcome for both of us, otherwise wi will collide all the time""}","2026-01-20T23:33:11.279567215Z"
"01KFEVXFAQE8X4YEWXW17GBY46","{""advice"":""Try to get the best outcome for yourself.""}","2026-01-20T23:32:18.425473571Z",160,"2026-01-20T23:36:07.213001783Z","","","game ended","2026-01-20T23:36:15.835221319Z",1,"2026-01-20T23:37:54.510772682Z","","","{""adviceFollowed"":""Not at the beginning. I chose the lowest reward, and my partner went for the A and B. Then my partner was willing to alternate between C and D, I guess. We ended up following each other."",""partnerAdvice"":"""",""feedback"":""My second round did not load. A refresh was enough, though I was afraid to exit doing so.""}","2026-01-20T23:37:54.502577994Z","01KFEVMNBC23RB4D79KEQ4G0VS","2026-01-20T23:33:11.356904769Z",3,"2026-01-20T23:32:18.43279812Z","true","2026-01-20T23:33:52.774814978Z","01KFEVXETHHXWJYHM2WJMWK4JS","2026-01-20T23:30:23.703725727Z","69162178bdf7bf4e3eea5ee8","2026-01-20T23:30:23.703725727Z","{""advice"":""Try to get the best outcome for yourself."",""adviceType"":""CG"",""numRounds"":13,""playerCount"":2}","2026-01-20T23:30:23.718731688Z","CG_selfish","2026-01-20T23:30:23.718731688Z","{""PROLIFIC_PID"":""69162178bdf7bf4e3eea5ee8"",""STUDY_ID"":""696fda5e11dcb61d45eea559"",""SESSION_ID"":""69700fea4a44f41cda32d738""}","2026-01-20T23:30:23.851518375Z","{""plan"":""I will always take D. I assume my partner will want the max rewards, which is C. This is the logical choice, and the advice we received. If I take D, we will get the bonus. Choosing C would affect both of us, if my assumption of my partner choosing C is true.""}","2026-01-20T23:33:52.766565199Z"
"01KFEV46YBCF5X09FCFJF4VDEY","{""advice"":""Try to find an outcome that's fair for both of you.""}","2026-01-20T23:17:56.063276824Z",259,"2026-01-20T23:20:43.142158384Z","","","game ended","2026-01-20T23:20:52.14292251Z",1,"2026-01-20T23:22:18.448088517Z","","","{""adviceFollowed"":"""",""partnerAdvice"":""Probably to just avoid a collusion honestly, otherwise the same instructions as me."",""feedback"":""Whenever it asked me how much I had earned total, it was laggy, like it frequently wouldn't catch me putting in 2, and catching the 0 first, so I'd have to re-enter it. We got done much sooner than 10 minutes so I hope we still get the $2 plus the bonus.""}","2026-01-20T23:22:18.449298436Z","01KFEV2C08ND9C9BYW8N2T146P","2026-01-20T23:16:35.929032344Z",3,"2026-01-20T23:17:56.063725116Z","true","2026-01-20T23:18:52.73030565Z","01KFEV46ATVQ3GZR1Q42PX12RX","2026-01-20T23:16:35.915525324Z","634e1076f43266192b130e13","2026-01-20T23:16:35.915525324Z","{""advice"":""Try to find an outcome that's fair for both of you."",""adviceType"":""noCG"",""chatEnabled"":false,""numRounds"":13,""playerCount"":2}","2026-01-20T23:16:35.929032344Z","noCG_cooperate","2026-01-20T23:16:35.929032344Z","{""PROLIFIC_PID"":""634e1076f43266192b130e13"",""STUDY_ID"":""696fda5e11dcb61d45eea559"",""SESSION_ID"":""69700cc0da4c993dd94babd2""}","2026-01-20T23:16:36.097776098Z","{""plan"":""I think we should both plan on parking in either A or B, that way we still get potentially 20MU, that is the most fair. We should avoid D and only use C occasionally.""}","2026-01-20T23:18:52.730742135Z"
"01KFEVE55BQ40NXX8QW3R5RX0T","{""advice"":""Try to get the best outcome for yourself.""}","2026-01-20T23:23:20.612157643Z",178,"2026-01-20T23:29:46.416176302Z","","","game ended","2026-01-20T23:30:23.358076856Z",1,"2026-01-20T23:31:40.635127344Z","","","{""adviceFollowed"":"""",""partnerAdvice"":""none i do not think they were a real person"",""feedback"":""""}","2026-01-20T23:31:40.641594231Z","01KFEV38AJ2CFPYBQZ58NH0V5J","2026-01-20T23:23:45.660876796Z",3,"2026-01-20T23:23:20.614068011Z","true","2026-01-20T23:24:36.934226996Z","01KFEVE4FCV3JA88JD5MCN0K6N","2026-01-20T23:22:01.772007031Z","5bf2f728bd9f150001f6cc42","2026-01-20T23:22:01.772007031Z","{""advice"":""Try to get the best outcome for yourself."",""adviceType"":""noCG"",""chatEnabled"":false,""numRounds"":13,""playerCount"":2}","2026-01-20T23:22:01.780072466Z","noCG_selfish","2026-01-20T23:22:01.780072466Z","{""PROLIFIC_PID"":""5bf2f728bd9f150001f6cc42"",""STUDY_ID"":""696fda5e11dcb61d45eea559"",""SESSION_ID"":""69700def9d7f54ebffe63b37""}","2026-01-20T23:22:02.020353312Z","{""plan"":""i will look for different spots.  i think i will get the best reward that way""}","2026-01-20T23:24:36.930696585Z"
"01KFEVW9PV7SJ42VT7GTTE4SGT","{""advice"":""Try to get the best outcome for yourself.""}","2026-01-20T23:31:46.949396894Z",98,"2026-01-20T23:36:40.852443439Z","","","game ended","2026-01-20T23:36:55.189513064Z",1,"2026-01-20T23:37:58.387755146Z","","","{""adviceFollowed"":""to well bad advice"",""partnerAdvice"":"""",""feedback"":""alternating c is the best strategy""}","2026-01-20T23:37:58.372046974Z","01KFEV38AHTHHCNTDGHAJN0GXG","2026-01-20T23:32:29.774804636Z",3,"2026-01-20T23:31:46.962562254Z","true","2026-01-20T23:33:01.896485302Z","01KFEVW9453Y9XMKTMJY7NW29N","2026-01-20T23:29:45.179736823Z","64a3e3a7b17af2ccd6336581","2026-01-20T23:29:45.179736823Z","{""advice"":""Try to get the best outcome for yourself."",""adviceType"":""CG"",""numRounds"":13,""playerCount"":2}","2026-01-20T23:29:45.195047455Z","CG_selfish","2026-01-20T23:29:45.195047455Z","{""PROLIFIC_PID"":""64a3e3a7b17af2ccd6336581"",""STUDY_ID"":""696fda5e11dcb61d45eea559"",""SESSION_ID"":""69700fc73c72ac43a8790886""}","2026-01-20T23:29:45.531522136Z","{""plan"":""alternate with my partner to park in c and the other in a or b""}","2026-01-20T23:33:01.889463093Z"
"01KFEVYB6HS3VX2GA7D4G2GPMT","{""advice"":""Try to get the best outcome for yourself.""}","2026-01-20T23:32:28.850304583Z",120,"2026-01-20T23:35:50.390671988Z","","","game ended","2026-01-20T23:36:25.308057901Z",1,"2026-01-20T23:37:21.914430421Z","","","{""adviceFollowed"":""Yes it felt like we were both trying to do the same thing at the same time unfortunately."",""partnerAdvice"":"""",""feedback"":""""}","2026-01-20T23:37:21.922019724Z","01KFEV38H48T18ZRM15RETR33C","2026-01-20T23:33:01.92862248Z",3,"2026-01-20T23:32:28.856984633Z","true","2026-01-20T23:33:10.016701701Z","01KFEVYAZH8MBVCBN7NQXRYGA4","2026-01-20T23:30:52.241217958Z","5e88dd7a0febe805d3a120b6","2026-01-20T23:30:52.241217958Z","{""advice"":""Try to get the best outcome for yourself."",""adviceType"":""CG"",""numRounds"":13,""playerCount"":2}","2026-01-20T23:30:52.256076022Z","CG_selfish","2026-01-20T23:30:52.256076022Z","{""PROLIFIC_PID"":""5e88dd7a0febe805d3a120b6"",""STUDY_ID"":""696fda5e11dcb61d45eea559"",""SESSION_ID"":""697010104e488f31d007f5a9""}","2026-01-20T23:30:52.4063652Z","{""plan"":""I think I am going to pick B because I feel like the other player may try to go for C to try to earn more and I don't want to have a collision""}","2026-01-20T23:33:10.01028676Z"
"01KFEW2CHJQZ9TDCN78BA2VKEM","{""advice"":""Try to find an outcome that's fair for both of you.""}","2026-01-20T23:35:27.573429001Z",270,"2026-01-20T23:40:51.795684328Z","","","game ended","2026-01-20T23:41:07.249006166Z",1,"2026-01-20T23:41:36.006560787Z","","","{""adviceFollowed"":"""",""partnerAdvice"":""Purple is a win"",""feedback"":""""}","2026-01-20T23:41:35.997340042Z","01KFEV38AJ2CFPYBQZ5JKK7PV4","2026-01-20T23:37:03.078350814Z",3,"2026-01-20T23:35:27.565732802Z","true","2026-01-20T23:37:05.463675102Z","01KFEW2AN90MRPPMK85YCWZBYG","2026-01-20T23:33:04.690124517Z","67cffd43e29c74df505da124","2026-01-20T23:33:04.690124517Z","{""advice"":""Try to find an outcome that's fair for both of you."",""adviceType"":""noCG"",""chatEnabled"":false,""numRounds"":13,""playerCount"":2}","2026-01-20T23:33:04.792902568Z","noCG_cooperate","2026-01-20T23:33:04.792902568Z","{""PROLIFIC_PID"":""67cffd43e29c74df505da124"",""STUDY_ID"":""696fda5e11dcb61d45eea559"",""SESSION_ID"":""69700fc77ebe731e44755c8c""}","2026-01-20T23:33:05.410901075Z","{""plan"":""no game plan just to win everything""}","2026-01-20T23:37:05.454696927Z"
"01KFEW5BKPC6PA6AD6TVFX3GTH","{""advice"":""Try to find an outcome that's fair for both of you.""}","2026-01-20T23:37:07.324878425Z",119,"2026-01-20T23:40:26.067720689Z","","","game ended","2026-01-20T23:40:39.468319039Z",1,"2026-01-20T23:41:42.784543644Z","","","{""adviceFollowed"":"""",""partnerAdvice"":""I don't know, but he didn't follow what I was thinking to do, probably he wanted to do A-B always instead of B-D turning turns and we end up with way less than we could"",""feedback"":""""}","2026-01-20T23:41:42.774987436Z","01KFEV38H8T2V9428VC9T7MEBA","2026-01-20T23:37:06.323512396Z",3,"2026-01-20T23:37:07.332684116Z","true","2026-01-20T23:37:55.936288933Z","01KFEW5B36PPD3091DRJDPCXVN","2026-01-20T23:34:42.038051843Z","66f2cda61eca757d3b81910a","2026-01-20T23:34:42.038051843Z","{""advice"":""Try to find an outcome that's fair for both of you."",""adviceType"":""noCG"",""chatEnabled"":false,""numRounds"":13,""playerCount"":2}","2026-01-20T23:34:42.055860472Z","noCG_cooperate","2026-01-20T23:34:42.055860472Z","{""PROLIFIC_PID"":""66f2cda61eca757d3b81910a"",""STUDY_ID"":""696fda5e11dcb61d45eea559"",""SESSION_ID"":""69700ebb3783689098bb8ee2""}","2026-01-20T23:34:42.303869741Z","{""plan"":""I would like to do half times C and half D, and would like the other participant to do the same, on turns so we both earn the max possible points""}","2026-01-20T23:37:55.945016625Z"
"01KFEVCQTYNZYE4TGA9WFYBM2V","{""advice"":""Try to get the best outcome for yourself.""}","2026-01-20T23:22:40.321137659Z",121,"2026-01-20T23:26:28.90326148Z","","","game ended","2026-01-20T23:26:54.334166127Z",1,"2026-01-20T23:27:53.695829397Z","","","{""adviceFollowed"":"""",""partnerAdvice"":""Don't pick the same letter everytime"",""feedback"":""""}","2026-01-20T23:27:53.686951208Z","01KFEV384Y33BFECW27AH8GSGD","2026-01-20T23:23:39.059923251Z",3,"2026-01-20T23:22:40.45958409Z","true","2026-01-20T23:23:43.432466616Z","01KFEVCQ8YSGYJ48ZR2S5TNGWB","2026-01-20T23:21:15.358914556Z","60f3bc4e36762e0c2d9132cb","2026-01-20T23:21:15.358914556Z","{""advice"":""Try to get the best outcome for yourself."",""adviceType"":""noCG"",""chatEnabled"":false,""numRounds"":13,""playerCount"":2}","2026-01-20T23:21:15.36640031Z","noCG_selfish","2026-01-20T23:21:15.36640031Z","{""PROLIFIC_PID"":""60f3bc4e36762e0c2d9132cb"",""STUDY_ID"":""696fda5e11dcb61d45eea559"",""SESSION_ID"":""69700da66f0b61dfd3c3689c""}","2026-01-20T23:21:15.665443485Z","{""plan"":""I will try to park in A, B or C. I won't try to park everytime in C.""}","2026-01-20T23:23:43.291764125Z"
"01KFEW4NGJQK3SC6VDT657XA1V","{""advice"":""Try to find an outcome that's fair for both of you.""}","2026-01-20T23:37:57.544340514Z",220,"2026-01-20T23:41:49.939256611Z","","","game ended","2026-01-20T23:41:56.702095959Z",1,"2026-01-20T23:43:48.514679893Z","","","{""adviceFollowed"":"""",""partnerAdvice"":""to choose B all the time so that I would choose A and it would be fair"",""feedback"":""""}","2026-01-20T23:43:48.505296836Z","01KFEVMNAWK7WRWM1AMQZKX6SA","2026-01-20T23:37:55.984432454Z",3,"2026-01-20T23:37:57.553911788Z","true","2026-01-20T23:39:33.921428303Z","01KFEW4N0QYRGDWB6ZM3B0A8Q4","2026-01-20T23:34:19.410534235Z","5f4ba3033e73c8041f4a59cc","2026-01-20T23:34:19.410534235Z","{""advice"":""Try to find an outcome that's fair for both of you."",""adviceType"":""noCG"",""chatEnabled"":false,""numRounds"":13,""playerCount"":2}","2026-01-20T23:34:19.430245728Z","noCG_cooperate","2026-01-20T23:34:19.430245728Z","{""PROLIFIC_PID"":""5f4ba3033e73c8041f4a59cc"",""STUDY_ID"":""696fda5e11dcb61d45eea559"",""SESSION_ID"":""697010bc29bc22995f315130""}","2026-01-20T23:34:19.697024706Z","{""plan"":""we keep choosing A B to get a fair share""}","2026-01-20T23:39:33.913548926Z"
"01KFEW6A5E0ZVTNJ585Y831423","{""advice"":""Try to find an outcome that's fair for both of you.""}","2026-01-20T23:37:13.500682562Z",216,"2026-01-20T23:43:00.917115988Z","","","game ended","2026-01-20T23:43:24.275219917Z",1,"2026-01-20T23:45:08.943169242Z","","","{""adviceFollowed"":"""",""partnerAdvice"":""I BELIEVE MY PARTNER RECEIVED THE SAME INSTRUCTIONS TO MAXIMIZE THEIR TOTAL MU"",""feedback"":""""}","2026-01-20T23:45:08.934031115Z","01KFEVMNHFNDCGHX9QBBFN387E","2026-01-20T23:39:33.960080002Z",3,"2026-01-20T23:37:13.509292456Z","true","2026-01-20T23:39:54.100915599Z","01KFEW6954PV1RK8H1AYNB50BQ","2026-01-20T23:35:13.32644638Z","678e7cb1ccebe968d60b9a81","2026-01-20T23:35:13.32644638Z","{""advice"":""Try to find an outcome that's fair for both of you."",""adviceType"":""noCG"",""chatEnabled"":false,""numRounds"":13,""playerCount"":2}","2026-01-20T23:35:13.346102809Z","noCG_cooperate","2026-01-20T23:35:13.346102809Z","{""PROLIFIC_PID"":""678e7cb1ccebe968d60b9a81"",""STUDY_ID"":""696fda5e11dcb61d45eea559"",""SESSION_ID"":""697010b9178805ccf6071d06""}","2026-01-20T23:35:13.840209569Z","{""plan"":""MY PLAN IS TO TARGET THE PURPLE PARKING SPOTS BECAUSE THEY OFFER THEHIGHEST POTENTIAL COMBINED PAYOUT""}","2026-01-20T23:39:54.092640192Z"
