,experiment_name,treatment,treatment_abbreviated_name,gameID,playerID,player_index,decision_trial1,decision_trial2,decision_trial3,decision_trial4,decision_trial5,decision_trial6,decision_trial7,decision_trial8,decision_trial9,decision_trial10,decision_trial11,decision_trial12,decision_trial13,cost_trial1,cost_trial2,cost_trial3,cost_trial4,cost_trial5,cost_trial6,cost_trial7,cost_trial8,cost_trial9,cost_trial10,cost_trial11,cost_trial12,cost_trial13,strategy_stable_spot1_spot2,strategy_stable_spot1_spot3,strategy_stable_spot1_spot4,strategy_stable_spot2_spot3,strategy_stable_spot2_spot4,strategy_stable_spot3_spot4,strategy_stable_spot2_spot1,strategy_stable_spot3_spot1,strategy_stable_spot4_spot1,strategy_stable_spot3_spot2,strategy_stable_spot4_spot2,strategy_stable_spot4_spot3,strategy_alternating_spot1_spot2,strategy_alternating_spot1_spot3,strategy_alternating_spot1_spot4,strategy_alternating_spot2_spot3,strategy_alternating_spot2_spot4,strategy_alternating_spot3_spot4,strategy_alternating_spot2_spot1,strategy_alternating_spot3_spot1,strategy_alternating_spot4_spot1,strategy_alternating_spot3_spot2,strategy_alternating_spot4_spot2,strategy_alternating_spot4_spot3,strategy_crash_spot1_spot1,strategy_crash_spot2_spot2,strategy_crash_spot3_spot3,strategy_crash_spot4_spot4,strategy_None,last_4_strategy_stable_spot1_spot2,last_4_strategy_stable_spot1_spot3,last_4_strategy_stable_spot1_spot4,last_4_strategy_stable_spot2_spot3,last_4_strategy_stable_spot2_spot4,last_4_strategy_stable_spot3_spot4,last_4_strategy_stable_spot2_spot1,last_4_strategy_stable_spot3_spot1,last_4_strategy_stable_spot4_spot1,last_4_strategy_stable_spot3_spot2,last_4_strategy_stable_spot4_spot2,last_4_strategy_stable_spot4_spot3,last_4_strategy_alternating_spot1_spot2,last_4_strategy_alternating_spot1_spot3,last_4_strategy_alternating_spot1_spot4,last_4_strategy_alternating_spot2_spot3,last_4_strategy_alternating_spot2_spot4,last_4_strategy_alternating_spot3_spot4,last_4_strategy_alternating_spot2_spot1,last_4_strategy_alternating_spot3_spot1,last_4_strategy_alternating_spot4_spot1,last_4_strategy_alternating_spot3_spot2,last_4_strategy_alternating_spot4_spot2,last_4_strategy_alternating_spot4_spot3,last_4_strategy_crash_spot1_spot1,last_4_strategy_crash_spot2_spot2,last_4_strategy_crash_spot3_spot3,last_4_strategy_crash_spot4_spot4,last_4_strategy_None,score,score_diff,num_collisions,ind_move_changes,preGamePlan,consolidated_stable_spot1_spot2,consolidated_stable_spot3_spot4,consolidated_alternating_spot3_spot4,consolidated_other_strategy,consolidated_None,last_4_consolidated_stable_spot1_spot2,last_4_consolidated_stable_spot3_spot4,last_4_consolidated_alternating_spot3_spot4,last_4_consolidated_other_strategy,last_4_consolidated_None
0,2024-01-10_experiment-part-1,"{""numRounds"":13,""playerCount"":2,""spot1"":{""color"":""orange"",""discountPrice"":10,""regularPrice"":20},""spot2"":{""color"":""orange"",""discountPrice"":10,""regularPrice"":20},""spot3"":{""color"":""purple"",""discountPrice"":8,""regularPrice"":18},""spot4"":{""color"":""purple"",""discountPrice"":13,""regularPrice"":23}}",condition1,01HKT59JJV8CTQ72SHERJB1XSH,01HKT5HV9J967ESA41V9ANQM8T,1,spot2,spot2,spot2,spot2,spot2,spot2,spot2,spot2,spot2,spot2,spot2,spot2,spot2,30,10,10,10,10,10,10,10,10,10,10,10,10,0.0,0.0,0.0,0.0,0.0,0.0,0.9166666666666670,0.0,0.0,0.0,0.0,0.0,0.0,0.0,0.0,0.0,0.0,0.0,0.0,0.0,0.0,0.0,0.0,0.0,0.0,0.0,0.0,0.0,0.08333333333333330,0.0,0.0,0.0,0.0,0.0,0.0,1.0,0.0,0.0,0.0,0.0,0.0,0.0,0.0,0.0,0.0,0.0,0.0,0.0,0.0,0.0,0.0,0.0,0.0,0.0,0.0,0.0,0.0,0.0,150.0,0.0,1,0,"My strategic plan is that I will select the first orange spot and you will select the second orange spot so we will both pay $10 each.  This may not be the lowest price, but it is close, and eliminates all risk.",0.9166666666666670,0.0,0.0,0.0,0.08333333333333330,1.0,0.0,0.0,0.0,0.0
1,2024-01-10_experiment-part-1,"{""numRounds"":13,""playerCount"":2,""spot1"":{""color"":""orange"",""discountPrice"":10,""regularPrice"":20},""spot2"":{""color"":""orange"",""discountPrice"":10,""regularPrice"":20},""spot3"":{""color"":""purple"",""discountPrice"":8,""regularPrice"":18},""spot4"":{""color"":""purple"",""discountPrice"":13,""regularPrice"":23}}",condition1,01HKT59JJV8CTQ72SHERJB1XSH,01HKT5P2N327STVN6AM2DT65KS,2,spot2,spot1,spot1,spot1,spot1,spot1,spot1,spot1,spot1,spot1,spot1,spot1,spot1,30,10,10,10,10,10,10,10,10,10,10,10,10,0.0,0.0,0.0,0.0,0.0,0.0,0.9166666666666670,0.0,0.0,0.0,0.0,0.0,0.0,0.0,0.0,0.0,0.0,0.0,0.0,0.0,0.0,0.0,0.0,0.0,0.0,0.0,0.0,0.0,0.08333333333333330,0.0,0.0,0.0,0.0,0.0,0.0,1.0,0.0,0.0,0.0,0.0,0.0,0.0,0.0,0.0,0.0,0.0,0.0,0.0,0.0,0.0,0.0,0.0,0.0,0.0,0.0,0.0,0.0,0.0,150.0,0.0,1,1,"I take spot 2 you take spot one, and don't switch",0.9166666666666670,0.0,0.0,0.0,0.08333333333333330,1.0,0.0,0.0,0.0,0.0
2,2024-01-10_experiment-part-1,"{""numRounds"":13,""playerCount"":2,""spot1"":{""color"":""orange"",""discountPrice"":10,""regularPrice"":20},""spot2"":{""color"":""orange"",""discountPrice"":10,""regularPrice"":20},""spot3"":{""color"":""purple"",""discountPrice"":8,""regularPrice"":18},""spot4"":{""color"":""purple"",""discountPrice"":13,""regularPrice"":23}}",condition1,01HKT59JJW8FJ0BCN83ZVBKT9Z,01HKT5MBM8XP9F32R4JSS2KH50,1,spot2,spot1,spot3,spot1,spot4,spot1,spot1,spot1,spot1,spot1,spot1,spot1,spot3,30,10,18,20,23,10,10,10,10,10,10,10,8,0.5833333333333330,0.0,0.0,0.0,0.0,0.0,0.0,0.0,0.0,0.0,0.0,0.0,0.0,0.0,0.0,0.0,0.0,0.0,0.0,0.0,0.0,0.0,0.0,0.0,0.0,0.0,0.0,0.0,0.4166666666666670,1.0,0.0,0.0,0.0,0.0,0.0,0.0,0.0,0.0,0.0,0.0,0.0,0.0,0.0,0.0,0.0,0.0,0.0,0.0,0.0,0.0,0.0,0.0,0.0,0.0,0.0,0.0,0.0,0.0,179.0,-9.0,1,6,"Figure out a way to coordinate parking in the same color each day, and designate one person as left and the other as right, a role that switches every week",0.5833333333333330,0.0,0.0,0.0,0.4166666666666670,1.0,0.0,0.0,0.0,0.0
3,2024-01-10_experiment-part-1,"{""numRounds"":13,""playerCount"":2,""spot1"":{""color"":""orange"",""discountPrice"":10,""regularPrice"":20},""spot2"":{""color"":""orange"",""discountPrice"":10,""regularPrice"":20},""spot3"":{""color"":""purple"",""discountPrice"":8,""regularPrice"":18},""spot4"":{""color"":""purple"",""discountPrice"":13,""regularPrice"":23}}",condition1,01HKT59JJW8FJ0BCN83ZVBKT9Z,01HKT5PQ28YF9QAAGBYS2CZ1CN,2,spot2,spot2,spot2,spot3,spot2,spot2,spot2,spot2,spot2,spot2,spot2,spot2,spot2,30,10,20,18,20,10,10,10,10,10,10,10,20,0.5833333333333330,0.0,0.0,0.0,0.0,0.0,0.0,0.0,0.0,0.0,0.0,0.0,0.0,0.0,0.0,0.0,0.0,0.0,0.0,0.0,0.0,0.0,0.0,0.0,0.0,0.0,0.0,0.0,0.4166666666666670,1.0,0.0,0.0,0.0,0.0,0.0,0.0,0.0,0.0,0.0,0.0,0.0,0.0,0.0,0.0,0.0,0.0,0.0,0.0,0.0,0.0,0.0,0.0,0.0,0.0,0.0,0.0,0.0,0.0,188.0,9.0,1,2,id pick the orange because we have a good chance of not paying as much,0.5833333333333330,0.0,0.0,0.0,0.4166666666666670,1.0,0.0,0.0,0.0,0.0
4,2024-01-10_experiment-part-1,"{""numRounds"":13,""playerCount"":2,""spot1"":{""color"":""orange"",""discountPrice"":10,""regularPrice"":20},""spot2"":{""color"":""orange"",""discountPrice"":10,""regularPrice"":20},""spot3"":{""color"":""purple"",""discountPrice"":8,""regularPrice"":18},""spot4"":{""color"":""purple"",""discountPrice"":13,""regularPrice"":23}}",condition1,01HKT59JJX69XMWZP3FJT0X63C,01HKT5NXQJTCK1GYW7A09KYK5W,1,spot1,spot1,spot1,spot1,spot1,spot1,spot1,spot1,spot1,spot1,spot1,spot1,spot1,10,10,10,10,10,10,10,10,10,10,10,10,10,1.0,0.0,0.0,0.0,0.0,0.0,0.0,0.0,0.0,0.0,0.0,0.0,0.0,0.0,0.0,0.0,0.0,0.0,0.0,0.0,0.0,0.0,0.0,0.0,0.0,0.0,0.0,0.0,0.0,1.0,0.0,0.0,0.0,0.0,0.0,0.0,0.0,0.0,0.0,0.0,0.0,0.0,0.0,0.0,0.0,0.0,0.0,0.0,0.0,0.0,0.0,0.0,0.0,0.0,0.0,0.0,0.0,0.0,130.0,0.0,0,0,"Okay, let the player 1 be left and the player 2 be right on orange. It will be cooperative.",1.0,0.0,0.0,0.0,0.0,1.0,0.0,0.0,0.0,0.0
5,2024-01-10_experiment-part-1,"{""numRounds"":13,""playerCount"":2,""spot1"":{""color"":""orange"",""discountPrice"":10,""regularPrice"":20},""spot2"":{""color"":""orange"",""discountPrice"":10,""regularPrice"":20},""spot3"":{""color"":""purple"",""discountPrice"":8,""regularPrice"":18},""spot4"":{""color"":""purple"",""discountPrice"":13,""regularPrice"":23}}",condition1,01HKT59JJX69XMWZP3FJT0X63C,01HKT5Q63AKGA770EEW6EXJQKV,2,spot2,spot2,spot2,spot2,spot2,spot2,spot2,spot2,spot2,spot2,spot2,spot2,spot2,10,10,10,10,10,10,10,10,10,10,10,10,10,1.0,0.0,0.0,0.0,0.0,0.0,0.0,0.0,0.0,0.0,0.0,0.0,0.0,0.0,0.0,0.0,0.0,0.0,0.0,0.0,0.0,0.0,0.0,0.0,0.0,0.0,0.0,0.0,0.0,1.0,0.0,0.0,0.0,0.0,0.0,0.0,0.0,0.0,0.0,0.0,0.0,0.0,0.0,0.0,0.0,0.0,0.0,0.0,0.0,0.0,0.0,0.0,0.0,0.0,0.0,0.0,0.0,0.0,130.0,0.0,0,0,we should each select a different orange space every time,1.0,0.0,0.0,0.0,0.0,1.0,0.0,0.0,0.0,0.0
6,2024-01-10_experiment-part-1,"{""numRounds"":13,""playerCount"":2,""spot1"":{""color"":""orange"",""discountPrice"":10,""regularPrice"":20},""spot2"":{""color"":""orange"",""discountPrice"":10,""regularPrice"":20},""spot3"":{""color"":""purple"",""discountPrice"":8,""regularPrice"":18},""spot4"":{""color"":""purple"",""discountPrice"":13,""regularPrice"":23}}",condition1,01HKT59JJZGN3WM6JPS99J7059,01HKT5PKKHM61J27X906PR77HH,1,spot3,spot1,spot3,spot3,spot3,spot1,spot1,spot1,spot1,spot1,spot1,spot1,spot1,18,20,8,8,8,20,20,10,10,10,10,10,10,0.4166666666666670,0.0,0.16666666666666700,0.0,0.0,0.25,0.0,0.0,0.0,0.0,0.0,0.0,0.0,0.0,0.0,0.0,0.0,0.0,0.0,0.0,0.0,0.0,0.0,0.0,0.0,0.0,0.0,0.0,0.16666666666666700,1.0,0.0,0.0,0.0,0.0,0.0,0.0,0.0,0.0,0.0,0.0,0.0,0.0,0.0,0.0,0.0,0.0,0.0,0.0,0.0,0.0,0.0,0.0,0.0,0.0,0.0,0.0,0.0,0.0,162.0,-26.0,0,3,Stick to the same parking space and color so we can try to pick the same color parking spaces,0.4166666666666670,0.25,0.0,0.16666666666666700,0.16666666666666700,1.0,0.0,0.0,0.0,0.0
7,2024-01-10_experiment-part-1,"{""numRounds"":13,""playerCount"":2,""spot1"":{""color"":""orange"",""discountPrice"":10,""regularPrice"":20},""spot2"":{""color"":""orange"",""discountPrice"":10,""regularPrice"":20},""spot3"":{""color"":""purple"",""discountPrice"":8,""regularPrice"":18},""spot4"":{""color"":""purple"",""discountPrice"":13,""regularPrice"":23}}",condition1,01HKT59JJZGN3WM6JPS99J7059,01HKT5RM1A8XZK09CC3VSRP3M7,2,spot2,spot4,spot4,spot4,spot4,spot4,spot4,spot2,spot2,spot2,spot2,spot2,spot2,20,23,13,13,13,23,23,10,10,10,10,10,10,0.4166666666666670,0.0,0.16666666666666700,0.0,0.0,0.25,0.0,0.0,0.0,0.0,0.0,0.0,0.0,0.0,0.0,0.0,0.0,0.0,0.0,0.0,0.0,0.0,0.0,0.0,0.0,0.0,0.0,0.0,0.16666666666666700,1.0,0.0,0.0,0.0,0.0,0.0,0.0,0.0,0.0,0.0,0.0,0.0,0.0,0.0,0.0,0.0,0.0,0.0,0.0,0.0,0.0,0.0,0.0,0.0,0.0,0.0,0.0,0.0,0.0,188.0,26.0,0,2,I'll consistently pick the second cheapest discount option and hope my partner picks the first.,0.4166666666666670,0.25,0.0,0.16666666666666700,0.16666666666666700,1.0,0.0,0.0,0.0,0.0
8,2024-01-10_experiment-part-1,"{""numRounds"":13,""playerCount"":2,""spot1"":{""color"":""orange"",""discountPrice"":10,""regularPrice"":20},""spot2"":{""color"":""orange"",""discountPrice"":10,""regularPrice"":20},""spot3"":{""color"":""purple"",""discountPrice"":8,""regularPrice"":18},""spot4"":{""color"":""purple"",""discountPrice"":13,""regularPrice"":23}}",condition1,01HKT59JK1C78WPFSWM1WABBYW,01HKT5QMNJ7XV13BFXZE4BTTJH,1,spot2,spot2,spot2,spot2,spot2,spot2,spot2,spot2,spot2,spot2,spot2,spot2,spot2,10,10,10,10,10,10,10,10,10,10,10,10,10,0.0,0.0,0.0,0.0,0.0,0.0,1.0,0.0,0.0,0.0,0.0,0.0,0.0,0.0,0.0,0.0,0.0,0.0,0.0,0.0,0.0,0.0,0.0,0.0,0.0,0.0,0.0,0.0,0.0,0.0,0.0,0.0,0.0,0.0,0.0,1.0,0.0,0.0,0.0,0.0,0.0,0.0,0.0,0.0,0.0,0.0,0.0,0.0,0.0,0.0,0.0,0.0,0.0,0.0,0.0,0.0,0.0,0.0,130.0,0.0,0,0,"My plan is simple, we both select the orange parking spaces, this way we both get treated fairly while also granting us the discount price fo 10 MU. I will always select the furthest to the right orange space available and I want the other player to select the far left orange space available.",1.0,0.0,0.0,0.0,0.0,1.0,0.0,0.0,0.0,0.0
9,2024-01-10_experiment-part-1,"{""numRounds"":13,""playerCount"":2,""spot1"":{""color"":""orange"",""discountPrice"":10,""regularPrice"":20},""spot2"":{""color"":""orange"",""discountPrice"":10,""regularPrice"":20},""spot3"":{""color"":""purple"",""discountPrice"":8,""regularPrice"":18},""spot4"":{""color"":""purple"",""discountPrice"":13,""regularPrice"":23}}",condition1,01HKT59JK1C78WPFSWM1WABBYW,01HKT5W536VAX60Y9S9XT2K3M2,2,spot1,spot1,spot1,spot1,spot1,spot1,spot1,spot1,spot1,spot1,spot1,spot1,spot1,10,10,10,10,10,10,10,10,10,10,10,10,10,0.0,0.0,0.0,0.0,0.0,0.0,1.0,0.0,0.0,0.0,0.0,0.0,0.0,0.0,0.0,0.0,0.0,0.0,0.0,0.0,0.0,0.0,0.0,0.0,0.0,0.0,0.0,0.0,0.0,0.0,0.0,0.0,0.0,0.0,0.0,1.0,0.0,0.0,0.0,0.0,0.0,0.0,0.0,0.0,0.0,0.0,0.0,0.0,0.0,0.0,0.0,0.0,0.0,0.0,0.0,0.0,0.0,0.0,130.0,0.0,0,0,Always choose the option to the left and I will choose the one on the right.,1.0,0.0,0.0,0.0,0.0,1.0,0.0,0.0,0.0,0.0
10,2024-01-10_experiment-part-1,"{""numRounds"":13,""playerCount"":2,""spot1"":{""color"":""orange"",""discountPrice"":10,""regularPrice"":20},""spot2"":{""color"":""orange"",""discountPrice"":10,""regularPrice"":20},""spot3"":{""color"":""purple"",""discountPrice"":8,""regularPrice"":18},""spot4"":{""color"":""purple"",""discountPrice"":13,""regularPrice"":23}}",condition1,01HKT59JK3RX581KSVFX620H96,01HKT5QZMB1EYAM8B46DD506Y8,1,spot4,spot4,spot2,spot4,spot4,spot4,spot4,spot4,spot4,spot4,spot4,spot4,spot3,23,23,20,13,13,13,13,13,13,13,13,13,30,0.0,0.0,0.0,0.0,0.0,0.0,0.0,0.0,0.16666666666666700,0.0,0.0,0.75,0.0,0.0,0.0,0.0,0.0,0.0,0.0,0.0,0.0,0.0,0.0,0.0,0.0,0.0,0.0,0.0,0.08333333333333330,0.0,0.0,0.0,0.0,0.0,0.0,0.0,0.0,0.0,0.0,0.0,1.0,0.0,0.0,0.0,0.0,0.0,0.0,0.0,0.0,0.0,0.0,0.0,0.0,0.0,0.0,0.0,0.0,0.0,213.0,53.0,1,3,"In order to save the most money, let's park in the purple spots each day. I'll take 8MU (3rd space) and you take 13MU (4thspace). Thanks!",0.0,0.75,0.0,0.16666666666666700,0.08333333333333330,0.0,1.0,0.0,0.0,0.0
11,2024-01-10_experiment-part-1,"{""numRounds"":13,""playerCount"":2,""spot1"":{""color"":""orange"",""discountPrice"":10,""regularPrice"":20},""spot2"":{""color"":""orange"",""discountPrice"":10,""regularPrice"":20},""spot3"":{""color"":""purple"",""discountPrice"":8,""regularPrice"":18},""spot4"":{""color"":""purple"",""discountPrice"":13,""regularPrice"":23}}",condition1,01HKT59JK3RX581KSVFX620H96,01HKT60SKBFG83TVPY4W9P1E7Q,2,spot1,spot1,spot3,spot3,spot3,spot3,spot3,spot3,spot3,spot3,spot3,spot3,spot3,20,20,18,8,8,8,8,8,8,8,8,8,30,0.0,0.0,0.0,0.0,0.0,0.0,0.0,0.0,0.16666666666666700,0.0,0.0,0.75,0.0,0.0,0.0,0.0,0.0,0.0,0.0,0.0,0.0,0.0,0.0,0.0,0.0,0.0,0.0,0.0,0.08333333333333330,0.0,0.0,0.0,0.0,0.0,0.0,0.0,0.0,0.0,0.0,0.0,1.0,0.0,0.0,0.0,0.0,0.0,0.0,0.0,0.0,0.0,0.0,0.0,0.0,0.0,0.0,0.0,0.0,0.0,160.0,-53.0,1,1,I'll take yellow space 1. You take yellow space 2.,0.0,0.75,0.0,0.16666666666666700,0.08333333333333330,0.0,1.0,0.0,0.0,0.0
12,2024-01-10_experiment-part-1,"{""numRounds"":13,""playerCount"":2,""spot1"":{""color"":""orange"",""discountPrice"":10,""regularPrice"":20},""spot2"":{""color"":""orange"",""discountPrice"":10,""regularPrice"":20},""spot3"":{""color"":""purple"",""discountPrice"":8,""regularPrice"":18},""spot4"":{""color"":""purple"",""discountPrice"":13,""regularPrice"":23}}",condition1,01HKT59JK4FMT9E8GRYJGMDYZ6,01HKT5QA79NYTYWPA23BFP0CYC,1,spot1,spot1,spot2,spot2,spot3,spot1,spot2,spot2,spot2,spot2,spot2,spot2,spot3,30,30,30,10,18,30,10,10,10,10,10,20,8,0.0,0.0,0.0,0.0,0.0,0.0,0.4166666666666670,0.0,0.0,0.0,0.0,0.0,0.0,0.0,0.0,0.0,0.0,0.0,0.0,0.0,0.0,0.0,0.0,0.0,0.16666666666666700,0.0,0.0,0.0,0.4166666666666670,0.0,0.0,0.0,0.0,0.0,0.0,0.75,0.0,0.0,0.0,0.0,0.0,0.0,0.0,0.0,0.0,0.0,0.0,0.0,0.0,0.0,0.0,0.0,0.0,0.0,0.0,0.0,0.0,0.25,226.0,-12.0,4,5,"try to assume that my partner will choose the cheapest spot, and then i'll plan my spot around that.",0.4166666666666670,0.0,0.0,0.0,0.5833333333333330,0.75,0.0,0.0,0.0,0.25
13,2024-01-10_experiment-part-1,"{""numRounds"":13,""playerCount"":2,""spot1"":{""color"":""orange"",""discountPrice"":10,""regularPrice"":20},""spot2"":{""color"":""orange"",""discountPrice"":10,""regularPrice"":20},""spot3"":{""color"":""purple"",""discountPrice"":8,""regularPrice"":18},""spot4"":{""color"":""purple"",""discountPrice"":13,""regularPrice"":23}}",condition1,01HKT59JK4FMT9E8GRYJGMDYZ6,01HKT6B3XK228VE5471XW78TB1,2,spot1,spot1,spot2,spot1,spot1,spot1,spot1,spot1,spot1,spot1,spot1,spot3,spot1,30,30,30,10,20,30,10,10,10,10,10,18,20,0.0,0.0,0.0,0.0,0.0,0.0,0.4166666666666670,0.0,0.0,0.0,0.0,0.0,0.0,0.0,0.0,0.0,0.0,0.0,0.0,0.0,0.0,0.0,0.0,0.0,0.16666666666666700,0.0,0.0,0.0,0.4166666666666670,0.0,0.0,0.0,0.0,0.0,0.0,0.75,0.0,0.0,0.0,0.0,0.0,0.0,0.0,0.0,0.0,0.0,0.0,0.0,0.0,0.0,0.0,0.0,0.0,0.0,0.0,0.0,0.0,0.25,238.0,12.0,4,4,i will always pick the first color and you will pick the 2nd color for the one thats most fair. In this case yellow is the most fair so i would be yellow and you would pick the second yellow,0.4166666666666670,0.0,0.0,0.0,0.5833333333333330,0.75,0.0,0.0,0.0,0.25
14,2024-01-10_experiment-part-1,"{""numRounds"":13,""playerCount"":2,""spot1"":{""color"":""orange"",""discountPrice"":10,""regularPrice"":20},""spot2"":{""color"":""orange"",""discountPrice"":10,""regularPrice"":20},""spot3"":{""color"":""purple"",""discountPrice"":8,""regularPrice"":18},""spot4"":{""color"":""purple"",""discountPrice"":13,""regularPrice"":23}}",condition1,01HKT59JK5JR1JGBR1S3AHZQTV,01HKT65K1FAFG5TDMV2TDHXADD,1,spot4,spot2,spot2,spot2,spot2,spot2,spot2,spot2,spot2,spot2,spot2,spot2,spot2,23,10,10,10,10,10,10,10,10,10,10,10,10,0.0,0.0,0.0,0.0,0.0,0.0,0.9166666666666670,0.0,0.0,0.0,0.0,0.0,0.0,0.0,0.0,0.0,0.0,0.0,0.0,0.0,0.0,0.0,0.0,0.0,0.0,0.0,0.0,0.0,0.08333333333333330,0.0,0.0,0.0,0.0,0.0,0.0,1.0,0.0,0.0,0.0,0.0,0.0,0.0,0.0,0.0,0.0,0.0,0.0,0.0,0.0,0.0,0.0,0.0,0.0,0.0,0.0,0.0,0.0,0.0,143.0,3.0,0,1,My partner should choose the 18MU purple spot and I should choose the 23MU purple spot.,0.9166666666666670,0.0,0.0,0.0,0.08333333333333330,1.0,0.0,0.0,0.0,0.0
15,2024-01-10_experiment-part-1,"{""numRounds"":13,""playerCount"":2,""spot1"":{""color"":""orange"",""discountPrice"":10,""regularPrice"":20},""spot2"":{""color"":""orange"",""discountPrice"":10,""regularPrice"":20},""spot3"":{""color"":""purple"",""discountPrice"":8,""regularPrice"":18},""spot4"":{""color"":""purple"",""discountPrice"":13,""regularPrice"":23}}",condition1,01HKT59JK5JR1JGBR1S3AHZQTV,01HKT6E3VGNPY182H7M6E6W9WK,2,spot1,spot1,spot1,spot1,spot1,spot1,spot1,spot1,spot1,spot1,spot1,spot1,spot1,20,10,10,10,10,10,10,10,10,10,10,10,10,0.0,0.0,0.0,0.0,0.0,0.0,0.9166666666666670,0.0,0.0,0.0,0.0,0.0,0.0,0.0,0.0,0.0,0.0,0.0,0.0,0.0,0.0,0.0,0.0,0.0,0.0,0.0,0.0,0.0,0.08333333333333330,0.0,0.0,0.0,0.0,0.0,0.0,1.0,0.0,0.0,0.0,0.0,0.0,0.0,0.0,0.0,0.0,0.0,0.0,0.0,0.0,0.0,0.0,0.0,0.0,0.0,0.0,0.0,0.0,0.0,140.0,-3.0,0,0,I think we should go with the orange spaces to make it pretty much the best possibly deal. I would say I start with the 1st yellow spot and you start with the 2nd. Then we just keep doing that every single round. So every round I choose option 1 and you choose option 2 for the yellow spots.,0.9166666666666670,0.0,0.0,0.0,0.08333333333333330,1.0,0.0,0.0,0.0,0.0
16,2024-01-10_experiment-part-1,"{""numRounds"":13,""playerCount"":2,""spot1"":{""color"":""orange"",""discountPrice"":10,""regularPrice"":20},""spot2"":{""color"":""orange"",""discountPrice"":10,""regularPrice"":20},""spot3"":{""color"":""purple"",""discountPrice"":1,""regularPrice"":11},""spot4"":{""color"":""purple"",""discountPrice"":13,""regularPrice"":23}}",condition2,01HKT59JKAF0CTNMCD1K78G8W4,01HKT5GF559W646NZV1EVHB57Z,1,spot1,spot3,spot3,spot3,spot3,spot3,spot3,spot3,spot3,spot3,spot3,spot3,spot3,20,1,1,1,1,1,1,1,1,1,1,1,1,0.0,0.0,0.0,0.0,0.0,0.9166666666666670,0.0,0.0,0.0,0.0,0.0,0.0,0.0,0.0,0.0,0.0,0.0,0.0,0.0,0.0,0.0,0.0,0.0,0.0,0.0,0.0,0.0,0.0,0.08333333333333330,0.0,0.0,0.0,0.0,0.0,1.0,0.0,0.0,0.0,0.0,0.0,0.0,0.0,0.0,0.0,0.0,0.0,0.0,0.0,0.0,0.0,0.0,0.0,0.0,0.0,0.0,0.0,0.0,0.0,32.0,-147.0,0,1,"We should both go orange.  I'll go first space, you go second space in orange.",0.0,0.9166666666666670,0.0,0.0,0.08333333333333330,0.0,1.0,0.0,0.0,0.0
17,2024-01-10_experiment-part-1,"{""numRounds"":13,""playerCount"":2,""spot1"":{""color"":""orange"",""discountPrice"":10,""regularPrice"":20},""spot2"":{""color"":""orange"",""discountPrice"":10,""regularPrice"":20},""spot3"":{""color"":""purple"",""discountPrice"":1,""regularPrice"":11},""spot4"":{""color"":""purple"",""discountPrice"":13,""regularPrice"":23}}",condition2,01HKT59JKAF0CTNMCD1K78G8W4,01HKT5N32J3MTB0WJ5GV4CT109,2,spot4,spot4,spot4,spot4,spot4,spot4,spot4,spot4,spot4,spot4,spot4,spot4,spot4,23,13,13,13,13,13,13,13,13,13,13,13,13,0.0,0.0,0.0,0.0,0.0,0.9166666666666670,0.0,0.0,0.0,0.0,0.0,0.0,0.0,0.0,0.0,0.0,0.0,0.0,0.0,0.0,0.0,0.0,0.0,0.0,0.0,0.0,0.0,0.0,0.08333333333333330,0.0,0.0,0.0,0.0,0.0,1.0,0.0,0.0,0.0,0.0,0.0,0.0,0.0,0.0,0.0,0.0,0.0,0.0,0.0,0.0,0.0,0.0,0.0,0.0,0.0,0.0,0.0,0.0,0.0,179.0,147.0,0,0,Take turns choosing the 2 purple spots.,0.0,0.9166666666666670,0.0,0.0,0.08333333333333330,0.0,1.0,0.0,0.0,0.0
18,2024-01-10_experiment-part-1,"{""numRounds"":13,""playerCount"":2,""spot1"":{""color"":""orange"",""discountPrice"":10,""regularPrice"":20},""spot2"":{""color"":""orange"",""discountPrice"":10,""regularPrice"":20},""spot3"":{""color"":""purple"",""discountPrice"":1,""regularPrice"":11},""spot4"":{""color"":""purple"",""discountPrice"":13,""regularPrice"":23}}",condition2,01HKT59JKBZ3DWJAJSFFSANXG5,01HKT5GW9H77TN4N4TPFB0H7NB,1,spot1,spot2,spot1,spot1,spot1,spot1,spot1,spot1,spot1,spot1,spot1,spot1,spot3,20,30,10,10,10,10,10,10,10,10,10,10,1,0.8333333333333330,0.0,0.0,0.0,0.0,0.0,0.0,0.0,0.0,0.0,0.0,0.0,0.0,0.0,0.0,0.0,0.0,0.0,0.0,0.0,0.0,0.0,0.0,0.0,0.0,0.0,0.0,0.0,0.16666666666666700,1.0,0.0,0.0,0.0,0.0,0.0,0.0,0.0,0.0,0.0,0.0,0.0,0.0,0.0,0.0,0.0,0.0,0.0,0.0,0.0,0.0,0.0,0.0,0.0,0.0,0.0,0.0,0.0,0.0,151.0,-10.0,1,3,always pick yellow second spot please,0.8333333333333330,0.0,0.0,0.0,0.16666666666666700,1.0,0.0,0.0,0.0,0.0
19,2024-01-10_experiment-part-1,"{""numRounds"":13,""playerCount"":2,""spot1"":{""color"":""orange"",""discountPrice"":10,""regularPrice"":20},""spot2"":{""color"":""orange"",""discountPrice"":10,""regularPrice"":20},""spot3"":{""color"":""purple"",""discountPrice"":1,""regularPrice"":11},""spot4"":{""color"":""purple"",""discountPrice"":13,""regularPrice"":23}}",condition2,01HKT59JKBZ3DWJAJSFFSANXG5,01HKT5P680G1S130T49QXGH0GF,2,spot3,spot2,spot2,spot2,spot2,spot2,spot2,spot2,spot2,spot2,spot2,spot2,spot2,11,30,10,10,10,10,10,10,10,10,10,10,20,0.8333333333333330,0.0,0.0,0.0,0.0,0.0,0.0,0.0,0.0,0.0,0.0,0.0,0.0,0.0,0.0,0.0,0.0,0.0,0.0,0.0,0.0,0.0,0.0,0.0,0.0,0.0,0.0,0.0,0.16666666666666700,1.0,0.0,0.0,0.0,0.0,0.0,0.0,0.0,0.0,0.0,0.0,0.0,0.0,0.0,0.0,0.0,0.0,0.0,0.0,0.0,0.0,0.0,0.0,0.0,0.0,0.0,0.0,0.0,0.0,161.0,10.0,1,1,I will pick the left yellow spot,0.8333333333333330,0.0,0.0,0.0,0.16666666666666700,1.0,0.0,0.0,0.0,0.0
20,2024-01-10_experiment-part-1,"{""numRounds"":13,""playerCount"":2,""spot1"":{""color"":""orange"",""discountPrice"":10,""regularPrice"":20},""spot2"":{""color"":""orange"",""discountPrice"":10,""regularPrice"":20},""spot3"":{""color"":""purple"",""discountPrice"":1,""regularPrice"":11},""spot4"":{""color"":""purple"",""discountPrice"":13,""regularPrice"":23}}",condition2,01HKT59JKGYB4FMR13EAE0BSPS,01HKT5PFY3N7855XDQ8R1P2AT0,1,spot4,spot3,spot3,spot1,spot1,spot1,spot1,spot1,spot1,spot1,spot1,spot1,spot3,23,11,11,10,10,10,10,10,10,10,10,10,1,0.75,0.0,0.0,0.0,0.0,0.0,0.0,0.0,0.0,0.16666666666666700,0.0,0.0,0.0,0.0,0.0,0.0,0.0,0.0,0.0,0.0,0.0,0.0,0.0,0.0,0.0,0.0,0.0,0.0,0.08333333333333330,1.0,0.0,0.0,0.0,0.0,0.0,0.0,0.0,0.0,0.0,0.0,0.0,0.0,0.0,0.0,0.0,0.0,0.0,0.0,0.0,0.0,0.0,0.0,0.0,0.0,0.0,0.0,0.0,0.0,136.0,-34.0,0,3,"I will assume that my partner will automatically want to seek the cheapest regular price, so I'll choose the color that corresponds to the best deal in order for us to both get the discount and so I can maximize profitability.",0.75,0.0,0.0,0.16666666666666700,0.08333333333333330,1.0,0.0,0.0,0.0,0.0
21,2024-01-10_experiment-part-1,"{""numRounds"":13,""playerCount"":2,""spot1"":{""color"":""orange"",""discountPrice"":10,""regularPrice"":20},""spot2"":{""color"":""orange"",""discountPrice"":10,""regularPrice"":20},""spot3"":{""color"":""purple"",""discountPrice"":1,""regularPrice"":11},""spot4"":{""color"":""purple"",""discountPrice"":13,""regularPrice"":23}}",condition2,01HKT59JKGYB4FMR13EAE0BSPS,01HKT5QB7DFJCY49GQB8SA7W3Z,2,spot2,spot2,spot2,spot2,spot2,spot2,spot2,spot2,spot2,spot2,spot2,spot2,spot2,20,20,20,10,10,10,10,10,10,10,10,10,20,0.75,0.0,0.0,0.0,0.0,0.0,0.0,0.0,0.0,0.16666666666666700,0.0,0.0,0.0,0.0,0.0,0.0,0.0,0.0,0.0,0.0,0.0,0.0,0.0,0.0,0.0,0.0,0.0,0.0,0.08333333333333330,1.0,0.0,0.0,0.0,0.0,0.0,0.0,0.0,0.0,0.0,0.0,0.0,0.0,0.0,0.0,0.0,0.0,0.0,0.0,0.0,0.0,0.0,0.0,0.0,0.0,0.0,0.0,0.0,0.0,170.0,34.0,0,0,Me being player #1 will choose spot #1 all the time and you being player #2 chooses spot #2 all the time. This maximizes the profit we get because it is equal and easy to follow.,0.75,0.0,0.0,0.16666666666666700,0.08333333333333330,1.0,0.0,0.0,0.0,0.0
22,2024-01-10_experiment-part-1,"{""numRounds"":13,""playerCount"":2,""spot1"":{""color"":""orange"",""discountPrice"":10,""regularPrice"":20},""spot2"":{""color"":""orange"",""discountPrice"":10,""regularPrice"":20},""spot3"":{""color"":""purple"",""discountPrice"":1,""regularPrice"":11},""spot4"":{""color"":""purple"",""discountPrice"":13,""regularPrice"":23}}",condition2,01HKT59JKJ58JC6FZY7CDTWSZ4,01HKT600PQWP1EQCXMDP14ZCRB,1,spot3,spot4,spot3,spot4,spot3,spot4,spot3,spot4,spot3,spot4,spot3,spot4,spot3,11,23,1,13,1,13,1,13,1,13,11,13,30,0.0,0.0,0.0,0.0,0.0,0.0,0.0,0.0,0.0,0.0,0.0,0.0,0.0,0.0,0.0,0.0,0.0,0.0,0.0,0.0,0.0,0.0,0.0,0.6666666666666670,0.0,0.0,0.0,0.0,0.3333333333333330,0.0,0.0,0.0,0.0,0.0,0.0,0.0,0.0,0.0,0.0,0.0,0.0,0.0,0.0,0.0,0.0,0.0,0.0,0.0,0.0,0.0,0.0,0.0,0.5,0.0,0.0,0.0,0.0,0.5,144.0,-3.0,1,12,We swap picking the purple 1MU and the 13MU.,0.0,0.0,0.6666666666666670,0.0,0.3333333333333330,0.0,0.0,0.5,0.0,0.5
23,2024-01-10_experiment-part-1,"{""numRounds"":13,""playerCount"":2,""spot1"":{""color"":""orange"",""discountPrice"":10,""regularPrice"":20},""spot2"":{""color"":""orange"",""discountPrice"":10,""regularPrice"":20},""spot3"":{""color"":""purple"",""discountPrice"":1,""regularPrice"":11},""spot4"":{""color"":""purple"",""discountPrice"":13,""regularPrice"":23}}",condition2,01HKT59JKJ58JC6FZY7CDTWSZ4,01HKT64512Z8V3HYYAK6GFJ3EW,2,spot2,spot2,spot4,spot3,spot4,spot3,spot4,spot3,spot4,spot3,spot2,spot3,spot3,20,20,13,1,13,1,13,1,13,1,20,1,30,0.0,0.0,0.0,0.0,0.0,0.0,0.0,0.0,0.0,0.0,0.0,0.0,0.0,0.0,0.0,0.0,0.0,0.0,0.0,0.0,0.0,0.0,0.0,0.6666666666666670,0.0,0.0,0.0,0.0,0.3333333333333330,0.0,0.0,0.0,0.0,0.0,0.0,0.0,0.0,0.0,0.0,0.0,0.0,0.0,0.0,0.0,0.0,0.0,0.0,0.0,0.0,0.0,0.0,0.0,0.5,0.0,0.0,0.0,0.0,0.5,147.0,3.0,1,10,Go for orange,0.0,0.0,0.6666666666666670,0.0,0.3333333333333330,0.0,0.0,0.5,0.0,0.5
24,2024-01-10_experiment-part-1,"{""numRounds"":13,""playerCount"":2,""spot1"":{""color"":""orange"",""discountPrice"":10,""regularPrice"":20},""spot2"":{""color"":""orange"",""discountPrice"":10,""regularPrice"":20},""spot3"":{""color"":""purple"",""discountPrice"":1,""regularPrice"":11},""spot4"":{""color"":""purple"",""discountPrice"":13,""regularPrice"":23}}",condition2,01HKT59JKMXG1VXH20D2BHABVE,01HKT5YT2KBM8V8EPR2T7YHT15,1,spot3,spot3,spot3,spot3,spot3,spot2,spot2,spot2,spot2,spot2,spot2,spot2,spot3,30,1,1,30,30,20,10,10,10,10,10,10,1,0.0,0.0,0.0,0.0,0.0,0.16666666666666700,0.5,0.0,0.0,0.0,0.0,0.0,0.0,0.0,0.0,0.0,0.0,0.0,0.0,0.0,0.0,0.0,0.0,0.0,0.0,0.0,0.16666666666666700,0.0,0.16666666666666700,0.0,0.0,0.0,0.0,0.0,0.0,1.0,0.0,0.0,0.0,0.0,0.0,0.0,0.0,0.0,0.0,0.0,0.0,0.0,0.0,0.0,0.0,0.0,0.0,0.0,0.0,0.0,0.0,0.0,173.0,-34.0,3,2,you must always select the purple tip,0.5,0.16666666666666700,0.0,0.0,0.3333333333333330,1.0,0.0,0.0,0.0,0.0
25,2024-01-10_experiment-part-1,"{""numRounds"":13,""playerCount"":2,""spot1"":{""color"":""orange"",""discountPrice"":10,""regularPrice"":20},""spot2"":{""color"":""orange"",""discountPrice"":10,""regularPrice"":20},""spot3"":{""color"":""purple"",""discountPrice"":1,""regularPrice"":11},""spot4"":{""color"":""purple"",""discountPrice"":13,""regularPrice"":23}}",condition2,01HKT59JKMXG1VXH20D2BHABVE,01HKT62XMJHNR00HH8WZV4XBA8,2,spot3,spot4,spot4,spot3,spot3,spot3,spot1,spot1,spot1,spot1,spot1,spot1,spot1,30,13,13,30,30,11,10,10,10,10,10,10,20,0.0,0.0,0.0,0.0,0.0,0.16666666666666700,0.5,0.0,0.0,0.0,0.0,0.0,0.0,0.0,0.0,0.0,0.0,0.0,0.0,0.0,0.0,0.0,0.0,0.0,0.0,0.0,0.16666666666666700,0.0,0.16666666666666700,0.0,0.0,0.0,0.0,0.0,0.0,1.0,0.0,0.0,0.0,0.0,0.0,0.0,0.0,0.0,0.0,0.0,0.0,0.0,0.0,0.0,0.0,0.0,0.0,0.0,0.0,0.0,0.0,0.0,207.0,34.0,3,3,I will choose whatever has the cheapest regular price. If there is a tie I will chose the cheapest discount price. ,0.5,0.16666666666666700,0.0,0.0,0.3333333333333330,1.0,0.0,0.0,0.0,0.0
26,2024-01-10_experiment-part-1,"{""numRounds"":13,""playerCount"":2,""spot1"":{""color"":""orange"",""discountPrice"":10,""regularPrice"":20},""spot2"":{""color"":""orange"",""discountPrice"":10,""regularPrice"":20},""spot3"":{""color"":""purple"",""discountPrice"":1,""regularPrice"":11},""spot4"":{""color"":""purple"",""discountPrice"":13,""regularPrice"":23}}",condition2,01HKT59JKMXG1VXH20DCKB5AVR,01HKT5P0JXP4YZ5APVJNVT8HC4,1,spot4,spot3,spot4,spot3,spot3,spot4,spot3,spot4,spot3,spot4,spot3,spot4,spot3,23,30,23,11,1,30,30,23,1,13,1,13,1,0.0,0.0,0.0,0.0,0.0,0.0,0.0,0.0,0.0,0.0,0.0,0.0,0.0,0.0,0.0,0.0,0.0,0.0,0.0,0.0,0.0,0.0,0.0,0.3333333333333330,0.0,0.0,0.0,0.0,0.6666666666666670,0.0,0.0,0.0,0.0,0.0,0.0,0.0,0.0,0.0,0.0,0.0,0.0,0.0,0.0,0.0,0.0,0.0,0.0,0.0,0.0,0.0,0.0,0.0,1.0,0.0,0.0,0.0,0.0,0.0,200.0,-24.0,3,11,"If we each select purple, and alternate spaces each day, we can save the most money over time. If you select the lowest price the first day, I will select the other price, we will each get the discount. Tomorrow, I will select the lowest price, and you select the other purple space. ",0.0,0.0,0.3333333333333330,0.0,0.6666666666666670,0.0,0.0,1.0,0.0,0.0
27,2024-01-10_experiment-part-1,"{""numRounds"":13,""playerCount"":2,""spot1"":{""color"":""orange"",""discountPrice"":10,""regularPrice"":20},""spot2"":{""color"":""orange"",""discountPrice"":10,""regularPrice"":20},""spot3"":{""color"":""purple"",""discountPrice"":1,""regularPrice"":11},""spot4"":{""color"":""purple"",""discountPrice"":13,""regularPrice"":23}}",condition2,01HKT59JKMXG1VXH20DCKB5AVR,01HKT637P1RE8EHP343HSW1968,2,spot2,spot3,spot1,spot2,spot4,spot4,spot3,spot2,spot4,spot3,spot4,spot3,spot4,20,30,20,20,13,30,30,20,13,1,13,1,13,0.0,0.0,0.0,0.0,0.0,0.0,0.0,0.0,0.0,0.0,0.0,0.0,0.0,0.0,0.0,0.0,0.0,0.0,0.0,0.0,0.0,0.0,0.0,0.3333333333333330,0.0,0.0,0.0,0.0,0.6666666666666670,0.0,0.0,0.0,0.0,0.0,0.0,0.0,0.0,0.0,0.0,0.0,0.0,0.0,0.0,0.0,0.0,0.0,0.0,0.0,0.0,0.0,0.0,0.0,1.0,0.0,0.0,0.0,0.0,0.0,224.0,24.0,3,11,"Pick the same color. Start with the color furthest left. I will always park at that color, furthest left. You pick the same color and park furthest right",0.0,0.0,0.3333333333333330,0.0,0.6666666666666670,0.0,0.0,1.0,0.0,0.0
28,2024-01-10_experiment-part-1,"{""numRounds"":13,""playerCount"":2,""spot1"":{""color"":""orange"",""discountPrice"":10,""regularPrice"":20},""spot2"":{""color"":""orange"",""discountPrice"":10,""regularPrice"":20},""spot3"":{""color"":""purple"",""discountPrice"":1,""regularPrice"":11},""spot4"":{""color"":""purple"",""discountPrice"":13,""regularPrice"":23}}",condition2,01HKT59JKNE69JERJ44XDFVS5Z,01HKT5QGRRQ93C1HA36JFP01M0,1,spot3,spot3,spot3,spot3,spot3,spot3,spot3,spot3,spot3,spot3,spot3,spot1,spot1,11,11,1,1,1,1,1,1,1,1,30,10,10,0.0,0.0,0.0,0.0,0.0,0.6666666666666670,0.0,0.0,0.0,0.0,0.0,0.0,0.0,0.0,0.0,0.0,0.0,0.0,0.0,0.0,0.0,0.0,0.0,0.0,0.0,0.0,0.0,0.0,0.3333333333333330,0.0,0.0,0.0,0.0,0.0,0.5,0.0,0.0,0.0,0.0,0.0,0.0,0.0,0.0,0.0,0.0,0.0,0.0,0.0,0.0,0.0,0.0,0.0,0.0,0.0,0.0,0.0,0.0,0.5,80.0,-114.0,1,1,I will always choose the first purple parking space so you should always choose the second purple parking space so we get the discount price.,0.0,0.6666666666666670,0.0,0.0,0.3333333333333330,0.0,0.5,0.0,0.0,0.5
29,2024-01-10_experiment-part-1,"{""numRounds"":13,""playerCount"":2,""spot1"":{""color"":""orange"",""discountPrice"":10,""regularPrice"":20},""spot2"":{""color"":""orange"",""discountPrice"":10,""regularPrice"":20},""spot3"":{""color"":""purple"",""discountPrice"":1,""regularPrice"":11},""spot4"":{""color"":""purple"",""discountPrice"":13,""regularPrice"":23}}",condition2,01HKT59JKNE69JERJ44XDFVS5Z,01HKT64924ZGFBTFR7PFZKVSEW,2,spot1,spot2,spot4,spot4,spot4,spot4,spot4,spot4,spot4,spot4,spot3,spot2,spot2,20,20,13,13,13,13,13,13,13,13,30,10,10,0.0,0.0,0.0,0.0,0.0,0.6666666666666670,0.0,0.0,0.0,0.0,0.0,0.0,0.0,0.0,0.0,0.0,0.0,0.0,0.0,0.0,0.0,0.0,0.0,0.0,0.0,0.0,0.0,0.0,0.3333333333333330,0.0,0.0,0.0,0.0,0.0,0.5,0.0,0.0,0.0,0.0,0.0,0.0,0.0,0.0,0.0,0.0,0.0,0.0,0.0,0.0,0.0,0.0,0.0,0.0,0.0,0.0,0.0,0.0,0.5,194.0,114.0,1,4,I stay right you stay left,0.0,0.6666666666666670,0.0,0.0,0.3333333333333330,0.0,0.5,0.0,0.0,0.5
30,2024-01-10_experiment-part-1,"{""numRounds"":13,""playerCount"":2,""spot1"":{""color"":""orange"",""discountPrice"":10,""regularPrice"":20},""spot2"":{""color"":""orange"",""discountPrice"":10,""regularPrice"":20},""spot3"":{""color"":""purple"",""discountPrice"":1,""regularPrice"":11},""spot4"":{""color"":""purple"",""discountPrice"":13,""regularPrice"":23}}",condition2,01HKT59JKPD34KA7ATF3TFG9GD,01HKT67TSB0PAJCMSZTEE2PJ4D,1,spot2,spot1,spot1,spot1,spot1,spot1,spot1,spot1,spot1,spot1,spot1,spot1,spot3,30,10,10,10,10,10,10,10,10,10,10,10,1,0.9166666666666670,0.0,0.0,0.0,0.0,0.0,0.0,0.0,0.0,0.0,0.0,0.0,0.0,0.0,0.0,0.0,0.0,0.0,0.0,0.0,0.0,0.0,0.0,0.0,0.0,0.0,0.0,0.0,0.08333333333333330,1.0,0.0,0.0,0.0,0.0,0.0,0.0,0.0,0.0,0.0,0.0,0.0,0.0,0.0,0.0,0.0,0.0,0.0,0.0,0.0,0.0,0.0,0.0,0.0,0.0,0.0,0.0,0.0,0.0,141.0,-19.0,1,2,We should both choose the orange spot. It will be relatively cheap with the group discount. It will also be the most fair because we will both pay the same amount.,0.9166666666666670,0.0,0.0,0.0,0.08333333333333330,1.0,0.0,0.0,0.0,0.0
31,2024-01-10_experiment-part-1,"{""numRounds"":13,""playerCount"":2,""spot1"":{""color"":""orange"",""discountPrice"":10,""regularPrice"":20},""spot2"":{""color"":""orange"",""discountPrice"":10,""regularPrice"":20},""spot3"":{""color"":""purple"",""discountPrice"":1,""regularPrice"":11},""spot4"":{""color"":""purple"",""discountPrice"":13,""regularPrice"":23}}",condition2,01HKT59JKPD34KA7ATF3TFG9GD,01HKT6DXAA5XKSKR9YJMXSPHH5,2,spot2,spot2,spot2,spot2,spot2,spot2,spot2,spot2,spot2,spot2,spot2,spot2,spot2,30,10,10,10,10,10,10,10,10,10,10,10,20,0.9166666666666670,0.0,0.0,0.0,0.0,0.0,0.0,0.0,0.0,0.0,0.0,0.0,0.0,0.0,0.0,0.0,0.0,0.0,0.0,0.0,0.0,0.0,0.0,0.0,0.0,0.0,0.0,0.0,0.08333333333333330,1.0,0.0,0.0,0.0,0.0,0.0,0.0,0.0,0.0,0.0,0.0,0.0,0.0,0.0,0.0,0.0,0.0,0.0,0.0,0.0,0.0,0.0,0.0,0.0,0.0,0.0,0.0,0.0,0.0,160.0,19.0,1,0,the lack of real time communication means going for yellow would be best to minimize the chances of an accident since both spots are the same,0.9166666666666670,0.0,0.0,0.0,0.08333333333333330,1.0,0.0,0.0,0.0,0.0
32,2024-01-10_experiment-part-1,"{""numRounds"":13,""playerCount"":2,""spot1"":{""color"":""orange"",""discountPrice"":10,""regularPrice"":20},""spot2"":{""color"":""orange"",""discountPrice"":10,""regularPrice"":20},""spot3"":{""color"":""purple"",""discountPrice"":1,""regularPrice"":11},""spot4"":{""color"":""purple"",""discountPrice"":13,""regularPrice"":23}}",condition2,01HKT59JKQ8C5ZQRED0T7E2BDW,01HKT5PN8STZNPJP8QAKA7K518,1,spot2,spot2,spot2,spot3,spot3,spot4,spot3,spot3,spot3,spot4,spot3,spot4,spot2,20,10,20,30,11,13,30,30,30,23,11,13,10,0.0,0.0,0.0,0.0,0.0,0.0,0.0,0.0,0.0,0.0,0.0,0.0,0.0,0.0,0.0,0.0,0.0,0.0,0.0,0.0,0.0,0.0,0.0,0.0,0.0,0.0,0.25,0.0,0.75,0.0,0.0,0.0,0.0,0.0,0.0,0.0,0.0,0.0,0.0,0.0,0.0,0.0,0.0,0.0,0.0,0.0,0.0,0.0,0.0,0.0,0.0,0.0,0.0,0.0,0.0,0.0,0.0,1.0,251.0,14.0,4,7,Let's both pick the orange lot where one of us is consistently in the left orange spot and one in the left one to avoid any crashes while also being able to park at a discounted price.,0.0,0.0,0.0,0.0,1.0,0.0,0.0,0.0,0.0,1.0
33,2024-01-10_experiment-part-1,"{""numRounds"":13,""playerCount"":2,""spot1"":{""color"":""orange"",""discountPrice"":10,""regularPrice"":20},""spot2"":{""color"":""orange"",""discountPrice"":10,""regularPrice"":20},""spot3"":{""color"":""purple"",""discountPrice"":1,""regularPrice"":11},""spot4"":{""color"":""purple"",""discountPrice"":13,""regularPrice"":23}}",condition2,01HKT59JKQ8C5ZQRED0T7E2BDW,01HKT5QV9QSJ4A2QYK6RM2X658,2,spot4,spot1,spot3,spot3,spot1,spot3,spot3,spot3,spot3,spot1,spot2,spot3,spot3,23,10,11,30,20,1,30,30,30,20,20,1,11,0.0,0.0,0.0,0.0,0.0,0.0,0.0,0.0,0.0,0.0,0.0,0.0,0.0,0.0,0.0,0.0,0.0,0.0,0.0,0.0,0.0,0.0,0.0,0.0,0.0,0.0,0.25,0.0,0.75,0.0,0.0,0.0,0.0,0.0,0.0,0.0,0.0,0.0,0.0,0.0,0.0,0.0,0.0,0.0,0.0,0.0,0.0,0.0,0.0,0.0,0.0,0.0,0.0,0.0,0.0,0.0,0.0,1.0,237.0,-14.0,4,7,"My plan to be fair and to avoid any crash or jealousy would be:\nMonday and Tuesday: I park on Purple 1, he parks on Purple 2\nWednesday: I park on Orange 1, he parks on Orange 2\nThursday and Friday: I park on Purple 2, he parks on Purple 1\n",0.0,0.0,0.0,0.0,1.0,0.0,0.0,0.0,0.0,1.0
34,2024-01-10_experiment-part-1,"{""numRounds"":13,""playerCount"":2,""spot1"":{""color"":""orange"",""discountPrice"":10,""regularPrice"":20},""spot2"":{""color"":""orange"",""discountPrice"":10,""regularPrice"":20},""spot3"":{""color"":""purple"",""discountPrice"":1,""regularPrice"":11},""spot4"":{""color"":""purple"",""discountPrice"":13,""regularPrice"":23}}",condition2,01HKT59JKRGV8CDSSJYS1KKQC7,01HKT6KS9TY8X8D8SVHFAV40JN,1,spot1,spot3,spot3,spot3,spot3,spot1,spot3,spot1,spot3,spot3,spot3,spot3,spot3,20,11,11,11,11,20,11,20,30,11,11,11,1,0.0,0.0,0.0,0.0,0.0,0.0,0.0,0.0,0.0,0.5833333333333330,0.0,0.0,0.0,0.0,0.0,0.0,0.0,0.0,0.0,0.0,0.0,0.0,0.0,0.0,0.0,0.0,0.0,0.0,0.4166666666666670,0.0,0.0,0.0,0.0,0.0,0.0,0.0,0.0,0.0,0.75,0.0,0.0,0.0,0.0,0.0,0.0,0.0,0.0,0.0,0.0,0.0,0.0,0.0,0.0,0.0,0.0,0.0,0.0,0.25,179.0,-100.0,1,5,I WILL WORK WITH YELLOW ,0.0,0.0,0.0,0.5833333333333330,0.4166666666666670,0.0,0.0,0.0,0.75,0.25
35,2024-01-10_experiment-part-1,"{""numRounds"":13,""playerCount"":2,""spot1"":{""color"":""orange"",""discountPrice"":10,""regularPrice"":20},""spot2"":{""color"":""orange"",""discountPrice"":10,""regularPrice"":20},""spot3"":{""color"":""purple"",""discountPrice"":1,""regularPrice"":11},""spot4"":{""color"":""purple"",""discountPrice"":13,""regularPrice"":23}}",condition2,01HKT59JKRGV8CDSSJYS1KKQC7,01HKT6THG34HYECC6JCHWYM6RP,2,spot4,spot2,spot2,spot2,spot2,spot4,spot2,spot4,spot3,spot2,spot2,spot2,spot2,23,20,20,20,20,23,20,23,30,20,20,20,20,0.0,0.0,0.0,0.0,0.0,0.0,0.0,0.0,0.0,0.5833333333333330,0.0,0.0,0.0,0.0,0.0,0.0,0.0,0.0,0.0,0.0,0.0,0.0,0.0,0.0,0.0,0.0,0.0,0.0,0.4166666666666670,0.0,0.0,0.0,0.0,0.0,0.0,0.0,0.0,0.0,0.75,0.0,0.0,0.0,0.0,0.0,0.0,0.0,0.0,0.0,0.0,0.0,0.0,0.0,0.0,0.0,0.0,0.0,0.0,0.25,279.0,100.0,1,6,I would alternate between days in a parking spot of the same color so that we can both get the best discounted price,0.0,0.0,0.0,0.5833333333333330,0.4166666666666670,0.0,0.0,0.0,0.75,0.25
36,2024-01-10_experiment-part-1,"{""numRounds"":13,""playerCount"":2,""spot1"":{""color"":""orange"",""discountPrice"":10,""regularPrice"":20},""spot2"":{""color"":""orange"",""discountPrice"":10,""regularPrice"":20},""spot3"":{""color"":""purple"",""discountPrice"":8,""regularPrice"":18},""spot4"":{""color"":""purple"",""discountPrice"":1,""regularPrice"":11}}",condition3,01HKT59JM09F763Y67M37ZA64H,01HKT5PQAC79ZA4722K26WP55Z,1,spot3,spot3,spot3,spot4,spot3,spot4,spot3,spot4,spot3,spot4,spot3,spot4,spot3,8,30,8,30,18,30,8,1,8,1,8,1,8,0.0,0.0,0.0,0.0,0.0,0.0,0.0,0.0,0.0,0.0,0.0,0.0,0.0,0.0,0.0,0.0,0.0,0.0,0.0,0.0,0.0,0.0,0.0,0.5,0.0,0.0,0.0,0.0,0.5,0.0,0.0,0.0,0.0,0.0,0.0,0.0,0.0,0.0,0.0,0.0,0.0,0.0,0.0,0.0,0.0,0.0,0.0,0.0,0.0,0.0,0.0,0.0,1.0,0.0,0.0,0.0,0.0,0.0,159.0,19.0,3,10,"choose purple, alternate spots",0.0,0.0,0.5,0.0,0.5,0.0,0.0,1.0,0.0,0.0
37,2024-01-10_experiment-part-1,"{""numRounds"":13,""playerCount"":2,""spot1"":{""color"":""orange"",""discountPrice"":10,""regularPrice"":20},""spot2"":{""color"":""orange"",""discountPrice"":10,""regularPrice"":20},""spot3"":{""color"":""purple"",""discountPrice"":8,""regularPrice"":18},""spot4"":{""color"":""purple"",""discountPrice"":1,""regularPrice"":11}}",condition3,01HKT59JM09F763Y67M37ZA64H,01HKT5QS22G1PXE6XAQN2NNF46,2,spot4,spot3,spot4,spot4,spot1,spot4,spot4,spot3,spot4,spot3,spot4,spot3,spot4,1,30,1,30,20,30,1,8,1,8,1,8,1,0.0,0.0,0.0,0.0,0.0,0.0,0.0,0.0,0.0,0.0,0.0,0.0,0.0,0.0,0.0,0.0,0.0,0.0,0.0,0.0,0.0,0.0,0.0,0.5,0.0,0.0,0.0,0.0,0.5,0.0,0.0,0.0,0.0,0.0,0.0,0.0,0.0,0.0,0.0,0.0,0.0,0.0,0.0,0.0,0.0,0.0,0.0,0.0,0.0,0.0,0.0,0.0,1.0,0.0,0.0,0.0,0.0,0.0,140.0,-19.0,3,10,"Even if I pay a little more, I will make sure not to choose a different color from the other person or less than the same color.",0.0,0.0,0.5,0.0,0.5,0.0,0.0,1.0,0.0,0.0
38,2024-01-10_experiment-part-1,"{""numRounds"":13,""playerCount"":2,""spot1"":{""color"":""orange"",""discountPrice"":10,""regularPrice"":20},""spot2"":{""color"":""orange"",""discountPrice"":10,""regularPrice"":20},""spot3"":{""color"":""purple"",""discountPrice"":8,""regularPrice"":18},""spot4"":{""color"":""purple"",""discountPrice"":1,""regularPrice"":11}}",condition3,01HKT59JM09F763Y67MD8Y42P8,01HKT5N6NAZTJHTQ3WCKZHAA56,1,spot3,spot4,spot4,spot4,spot4,spot4,spot4,spot4,spot4,spot4,spot4,spot4,spot4,30,1,1,1,1,1,1,1,1,1,1,1,1,0.0,0.0,0.0,0.0,0.0,0.0,0.0,0.0,0.0,0.0,0.0,0.9166666666666670,0.0,0.0,0.0,0.0,0.0,0.0,0.0,0.0,0.0,0.0,0.0,0.0,0.0,0.0,0.0,0.0,0.08333333333333330,0.0,0.0,0.0,0.0,0.0,0.0,0.0,0.0,0.0,0.0,0.0,1.0,0.0,0.0,0.0,0.0,0.0,0.0,0.0,0.0,0.0,0.0,0.0,0.0,0.0,0.0,0.0,0.0,0.0,42.0,-84.0,1,1,"I will go for the 18 MU spot and hope they go for the 11 MU spot since I don't mind taking the slightly more expensive one, and if they pick up and always take the one with the lowest cost we will maximize the group outcomes.",0.0,0.9166666666666670,0.0,0.0,0.08333333333333330,0.0,1.0,0.0,0.0,0.0
39,2024-01-10_experiment-part-1,"{""numRounds"":13,""playerCount"":2,""spot1"":{""color"":""orange"",""discountPrice"":10,""regularPrice"":20},""spot2"":{""color"":""orange"",""discountPrice"":10,""regularPrice"":20},""spot3"":{""color"":""purple"",""discountPrice"":8,""regularPrice"":18},""spot4"":{""color"":""purple"",""discountPrice"":1,""regularPrice"":11}}",condition3,01HKT59JM09F763Y67MD8Y42P8,01HKT5QFBE66Y62Q4AN37EGBH9,2,spot3,spot3,spot3,spot3,spot3,spot3,spot3,spot3,spot3,spot3,spot3,spot3,spot3,30,8,8,8,8,8,8,8,8,8,8,8,8,0.0,0.0,0.0,0.0,0.0,0.0,0.0,0.0,0.0,0.0,0.0,0.9166666666666670,0.0,0.0,0.0,0.0,0.0,0.0,0.0,0.0,0.0,0.0,0.0,0.0,0.0,0.0,0.0,0.0,0.08333333333333330,0.0,0.0,0.0,0.0,0.0,0.0,0.0,0.0,0.0,0.0,0.0,1.0,0.0,0.0,0.0,0.0,0.0,0.0,0.0,0.0,0.0,0.0,0.0,0.0,0.0,0.0,0.0,0.0,0.0,126.0,84.0,1,0,Let's both pick purple. I will take the higher cost and you can have the cheaper spot,0.0,0.9166666666666670,0.0,0.0,0.08333333333333330,0.0,1.0,0.0,0.0,0.0
40,2024-01-10_experiment-part-1,"{""numRounds"":13,""playerCount"":2,""spot1"":{""color"":""orange"",""discountPrice"":10,""regularPrice"":20},""spot2"":{""color"":""orange"",""discountPrice"":10,""regularPrice"":20},""spot3"":{""color"":""purple"",""discountPrice"":8,""regularPrice"":18},""spot4"":{""color"":""purple"",""discountPrice"":1,""regularPrice"":11}}",condition3,01HKT59JM3PAZJ773DGH8ER3XT,01HKT5R4XMWYPAAAJ7GAY537PQ,1,spot3,spot4,spot4,spot4,spot4,spot4,spot4,spot4,spot4,spot4,spot4,spot4,spot4,30,1,1,1,1,1,1,1,1,1,1,1,1,0.0,0.0,0.0,0.0,0.0,0.0,0.0,0.0,0.0,0.0,0.0,0.9166666666666670,0.0,0.0,0.0,0.0,0.0,0.0,0.0,0.0,0.0,0.0,0.0,0.0,0.0,0.0,0.0,0.0,0.08333333333333330,0.0,0.0,0.0,0.0,0.0,0.0,0.0,0.0,0.0,0.0,0.0,1.0,0.0,0.0,0.0,0.0,0.0,0.0,0.0,0.0,0.0,0.0,0.0,0.0,0.0,0.0,0.0,0.0,0.0,42.0,-84.0,1,1,"We should take turns picking a spot in the purple side. I will take the one that cost 18/8 first, while you take the one on the end first. On the next turn, we will switch places. We will switch back and forth on each turn.",0.0,0.9166666666666670,0.0,0.0,0.08333333333333330,0.0,1.0,0.0,0.0,0.0
41,2024-01-10_experiment-part-1,"{""numRounds"":13,""playerCount"":2,""spot1"":{""color"":""orange"",""discountPrice"":10,""regularPrice"":20},""spot2"":{""color"":""orange"",""discountPrice"":10,""regularPrice"":20},""spot3"":{""color"":""purple"",""discountPrice"":8,""regularPrice"":18},""spot4"":{""color"":""purple"",""discountPrice"":1,""regularPrice"":11}}",condition3,01HKT59JM3PAZJ773DGH8ER3XT,01HKT5YEY9AZAYCZEGQEGKEHF3,2,spot3,spot3,spot3,spot3,spot3,spot3,spot3,spot3,spot3,spot3,spot3,spot3,spot3,30,8,8,8,8,8,8,8,8,8,8,8,8,0.0,0.0,0.0,0.0,0.0,0.0,0.0,0.0,0.0,0.0,0.0,0.9166666666666670,0.0,0.0,0.0,0.0,0.0,0.0,0.0,0.0,0.0,0.0,0.0,0.0,0.0,0.0,0.0,0.0,0.08333333333333330,0.0,0.0,0.0,0.0,0.0,0.0,0.0,0.0,0.0,0.0,0.0,1.0,0.0,0.0,0.0,0.0,0.0,0.0,0.0,0.0,0.0,0.0,0.0,0.0,0.0,0.0,0.0,0.0,0.0,126.0,84.0,1,0,"Pick the second purple, and I'll pick the first purple.",0.0,0.9166666666666670,0.0,0.0,0.08333333333333330,0.0,1.0,0.0,0.0,0.0
42,2024-01-10_experiment-part-1,"{""numRounds"":13,""playerCount"":2,""spot1"":{""color"":""orange"",""discountPrice"":10,""regularPrice"":20},""spot2"":{""color"":""orange"",""discountPrice"":10,""regularPrice"":20},""spot3"":{""color"":""purple"",""discountPrice"":8,""regularPrice"":18},""spot4"":{""color"":""purple"",""discountPrice"":1,""regularPrice"":11}}",condition3,01HKT59JM4FR6HFSZDG30R4ZZY,01HKT5HWV40R7K00QM9XCHR026,1,spot1,spot1,spot1,spot1,spot1,spot1,spot1,spot1,spot1,spot1,spot1,spot1,spot1,10,10,10,10,10,10,10,10,10,10,10,10,10,1.0,0.0,0.0,0.0,0.0,0.0,0.0,0.0,0.0,0.0,0.0,0.0,0.0,0.0,0.0,0.0,0.0,0.0,0.0,0.0,0.0,0.0,0.0,0.0,0.0,0.0,0.0,0.0,0.0,1.0,0.0,0.0,0.0,0.0,0.0,0.0,0.0,0.0,0.0,0.0,0.0,0.0,0.0,0.0,0.0,0.0,0.0,0.0,0.0,0.0,0.0,0.0,0.0,0.0,0.0,0.0,0.0,0.0,130.0,0.0,0,0,Always select the first option,1.0,0.0,0.0,0.0,0.0,1.0,0.0,0.0,0.0,0.0
43,2024-01-10_experiment-part-1,"{""numRounds"":13,""playerCount"":2,""spot1"":{""color"":""orange"",""discountPrice"":10,""regularPrice"":20},""spot2"":{""color"":""orange"",""discountPrice"":10,""regularPrice"":20},""spot3"":{""color"":""purple"",""discountPrice"":8,""regularPrice"":18},""spot4"":{""color"":""purple"",""discountPrice"":1,""regularPrice"":11}}",condition3,01HKT59JM4FR6HFSZDG30R4ZZY,01HKT5XHFG7KWM4BHTKF59EREF,2,spot2,spot2,spot2,spot2,spot2,spot2,spot2,spot2,spot2,spot2,spot2,spot2,spot2,10,10,10,10,10,10,10,10,10,10,10,10,10,1.0,0.0,0.0,0.0,0.0,0.0,0.0,0.0,0.0,0.0,0.0,0.0,0.0,0.0,0.0,0.0,0.0,0.0,0.0,0.0,0.0,0.0,0.0,0.0,0.0,0.0,0.0,0.0,0.0,1.0,0.0,0.0,0.0,0.0,0.0,0.0,0.0,0.0,0.0,0.0,0.0,0.0,0.0,0.0,0.0,0.0,0.0,0.0,0.0,0.0,0.0,0.0,0.0,0.0,0.0,0.0,0.0,0.0,130.0,0.0,0,0,I would avoid picking the obvious discount price everytime. I would go for a safe selection of different colors.,1.0,0.0,0.0,0.0,0.0,1.0,0.0,0.0,0.0,0.0
44,2024-01-10_experiment-part-1,"{""numRounds"":13,""playerCount"":2,""spot1"":{""color"":""orange"",""discountPrice"":10,""regularPrice"":20},""spot2"":{""color"":""orange"",""discountPrice"":10,""regularPrice"":20},""spot3"":{""color"":""purple"",""discountPrice"":8,""regularPrice"":18},""spot4"":{""color"":""purple"",""discountPrice"":1,""regularPrice"":11}}",condition3,01HKT59JM4FR6HFSZDGH72SZQW,01HKT5Q13BWHH3F9TY8QDSXT88,1,spot3,spot4,spot4,spot4,spot3,spot3,spot4,spot3,spot3,spot4,spot4,spot4,spot4,30,1,1,1,30,30,30,30,30,11,1,1,1,0.0,0.0,0.0,0.0,0.0,0.0,0.0,0.0,0.0,0.0,0.0,0.4166666666666670,0.0,0.0,0.0,0.0,0.0,0.0,0.0,0.0,0.0,0.0,0.0,0.0,0.0,0.0,0.3333333333333330,0.0,0.25,0.0,0.0,0.0,0.0,0.0,0.0,0.0,0.0,0.0,0.0,0.0,0.5,0.0,0.0,0.0,0.0,0.0,0.0,0.0,0.0,0.0,0.0,0.0,0.0,0.0,0.0,0.0,0.0,0.5,197.0,-51.0,6,5,"We switch each time on orange spaces, I do first spot first, then next time i do the second spot.",0.0,0.4166666666666670,0.0,0.0,0.5833333333333330,0.0,0.5,0.0,0.0,0.5
45,2024-01-10_experiment-part-1,"{""numRounds"":13,""playerCount"":2,""spot1"":{""color"":""orange"",""discountPrice"":10,""regularPrice"":20},""spot2"":{""color"":""orange"",""discountPrice"":10,""regularPrice"":20},""spot3"":{""color"":""purple"",""discountPrice"":8,""regularPrice"":18},""spot4"":{""color"":""purple"",""discountPrice"":1,""regularPrice"":11}}",condition3,01HKT59JM4FR6HFSZDGH72SZQW,01HKT5YZ3MQHHFF62KQ363DVBA,2,spot3,spot3,spot3,spot3,spot3,spot3,spot4,spot3,spot3,spot2,spot3,spot3,spot3,30,8,8,8,30,30,30,30,30,20,8,8,8,0.0,0.0,0.0,0.0,0.0,0.0,0.0,0.0,0.0,0.0,0.0,0.4166666666666670,0.0,0.0,0.0,0.0,0.0,0.0,0.0,0.0,0.0,0.0,0.0,0.0,0.0,0.0,0.3333333333333330,0.0,0.25,0.0,0.0,0.0,0.0,0.0,0.0,0.0,0.0,0.0,0.0,0.0,0.5,0.0,0.0,0.0,0.0,0.0,0.0,0.0,0.0,0.0,0.0,0.0,0.0,0.0,0.0,0.0,0.0,0.5,248.0,51.0,6,4,"We should each only select one space, one person on the left and one on the right. So, if we are going to choose the purple zone, then I would select the option on the left and my partner select the one on the left every time. That way, there would be no chance for a crash, and we would both get the discounted rate.",0.0,0.4166666666666670,0.0,0.0,0.5833333333333330,0.0,0.5,0.0,0.0,0.5
46,2024-01-10_experiment-part-1,"{""numRounds"":13,""playerCount"":2,""spot1"":{""color"":""orange"",""discountPrice"":10,""regularPrice"":20},""spot2"":{""color"":""orange"",""discountPrice"":10,""regularPrice"":20},""spot3"":{""color"":""purple"",""discountPrice"":8,""regularPrice"":18},""spot4"":{""color"":""purple"",""discountPrice"":1,""regularPrice"":11}}",condition3,01HKT59JM5VHVBDHBGTXK2J0T2,01HKT5QWRGH5WZ0Q7QSFT3B80K,1,spot3,spot3,spot3,spot3,spot2,spot3,spot3,spot3,spot3,spot3,spot3,spot3,spot3,18,18,30,8,20,18,8,30,8,18,8,8,8,0.0,0.0,0.0,0.0,0.0,0.16666666666666700,0.0,0.0,0.0,0.0,0.0,0.0,0.0,0.0,0.0,0.0,0.0,0.0,0.0,0.0,0.0,0.0,0.0,0.0,0.0,0.0,0.0,0.0,0.8333333333333330,0.0,0.0,0.0,0.0,0.0,0.5,0.0,0.0,0.0,0.0,0.0,0.0,0.0,0.0,0.0,0.0,0.0,0.0,0.0,0.0,0.0,0.0,0.0,0.0,0.0,0.0,0.0,0.0,0.5,200.0,43.0,2,2,"I will pick the inner spot and my partmer will pick the far right spot that costs the least to park in,",0.0,0.16666666666666700,0.0,0.0,0.8333333333333330,0.0,0.5,0.0,0.0,0.5
47,2024-01-10_experiment-part-1,"{""numRounds"":13,""playerCount"":2,""spot1"":{""color"":""orange"",""discountPrice"":10,""regularPrice"":20},""spot2"":{""color"":""orange"",""discountPrice"":10,""regularPrice"":20},""spot3"":{""color"":""purple"",""discountPrice"":8,""regularPrice"":18},""spot4"":{""color"":""purple"",""discountPrice"":1,""regularPrice"":11}}",condition3,01HKT59JM5VHVBDHBGTXK2J0T2,01HKT5TRD33XX91KAFA7SG7HP8,2,spot1,spot2,spot3,spot4,spot4,spot1,spot4,spot3,spot4,spot2,spot4,spot4,spot4,20,20,30,1,11,20,1,30,1,20,1,1,1,0.0,0.0,0.0,0.0,0.0,0.16666666666666700,0.0,0.0,0.0,0.0,0.0,0.0,0.0,0.0,0.0,0.0,0.0,0.0,0.0,0.0,0.0,0.0,0.0,0.0,0.0,0.0,0.0,0.0,0.8333333333333330,0.0,0.0,0.0,0.0,0.0,0.5,0.0,0.0,0.0,0.0,0.0,0.0,0.0,0.0,0.0,0.0,0.0,0.0,0.0,0.0,0.0,0.0,0.0,0.0,0.0,0.0,0.0,0.0,0.5,157.0,-43.0,2,9,Player 1 always selects the left parking spot. Player 2 selects immediate right in the same color. Repeat every day.,0.0,0.16666666666666700,0.0,0.0,0.8333333333333330,0.0,0.5,0.0,0.0,0.5
48,2024-01-10_experiment-part-1,"{""numRounds"":13,""playerCount"":2,""spot1"":{""color"":""orange"",""discountPrice"":10,""regularPrice"":20},""spot2"":{""color"":""orange"",""discountPrice"":10,""regularPrice"":20},""spot3"":{""color"":""purple"",""discountPrice"":8,""regularPrice"":18},""spot4"":{""color"":""purple"",""discountPrice"":1,""regularPrice"":11}}",condition3,01HKT59JM62GFM4PYA66YH9MAC,01HKT5PMJ4A9FY02KVN8ZC6MAE,1,spot3,spot3,spot3,spot3,spot3,spot3,spot3,spot3,spot4,spot4,spot4,spot4,spot4,18,8,8,18,8,30,8,30,30,1,30,30,30,0.0,0.0,0.0,0.0,0.0,0.16666666666666700,0.0,0.0,0.0,0.0,0.0,0.0,0.0,0.0,0.0,0.0,0.0,0.0,0.0,0.0,0.0,0.0,0.0,0.0,0.0,0.0,0.0,0.16666666666666700,0.6666666666666670,0.0,0.0,0.0,0.0,0.0,0.0,0.0,0.0,0.0,0.0,0.0,0.0,0.0,0.0,0.0,0.0,0.0,0.0,0.0,0.0,0.0,0.0,0.0,0.0,0.0,0.0,0.0,0.5,0.5,249.0,17.0,6,1,I would pick the higher priced purple option to leave the cheaper purple for the other player so we can get the group discount. This would lead to us both getting the group discount and paying less. I would switch to the orange spaces if I see the other player parking there so while we pay a bit more the discount would be spread equally.,0.0,0.16666666666666700,0.0,0.0,0.8333333333333330,0.0,0.0,0.0,0.0,1.0
49,2024-01-10_experiment-part-1,"{""numRounds"":13,""playerCount"":2,""spot1"":{""color"":""orange"",""discountPrice"":10,""regularPrice"":20},""spot2"":{""color"":""orange"",""discountPrice"":10,""regularPrice"":20},""spot3"":{""color"":""purple"",""discountPrice"":8,""regularPrice"":18},""spot4"":{""color"":""purple"",""discountPrice"":1,""regularPrice"":11}}",condition3,01HKT59JM62GFM4PYA66YH9MAC,01HKT5YX1P86XY3QR0H1PGY3P6,2,spot2,spot4,spot4,spot1,spot4,spot3,spot4,spot3,spot4,spot3,spot4,spot4,spot4,20,1,1,20,1,30,1,30,30,8,30,30,30,0.0,0.0,0.0,0.0,0.0,0.16666666666666700,0.0,0.0,0.0,0.0,0.0,0.0,0.0,0.0,0.0,0.0,0.0,0.0,0.0,0.0,0.0,0.0,0.0,0.0,0.0,0.0,0.0,0.16666666666666700,0.6666666666666670,0.0,0.0,0.0,0.0,0.0,0.0,0.0,0.0,0.0,0.0,0.0,0.0,0.0,0.0,0.0,0.0,0.0,0.0,0.0,0.0,0.0,0.0,0.0,0.0,0.0,0.0,0.0,0.5,0.5,232.0,-17.0,6,9,I would pick my spot randomly over the several days.,0.0,0.16666666666666700,0.0,0.0,0.8333333333333330,0.0,0.0,0.0,0.0,1.0
50,2024-01-10_experiment-part-1,"{""numRounds"":13,""playerCount"":2,""spot1"":{""color"":""orange"",""discountPrice"":10,""regularPrice"":20},""spot2"":{""color"":""orange"",""discountPrice"":10,""regularPrice"":20},""spot3"":{""color"":""purple"",""discountPrice"":8,""regularPrice"":18},""spot4"":{""color"":""purple"",""discountPrice"":1,""regularPrice"":11}}",condition3,01HKT59JM8EZRTZQ3E8BYWC9E7,01HKT5PMJ1Z1M7W1B1SQFRWQGG,1,spot3,spot3,spot3,spot3,spot3,spot3,spot3,spot3,spot3,spot3,spot3,spot3,spot3,18,8,8,8,8,8,8,8,8,8,8,8,8,0.0,0.0,0.0,0.0,0.0,0.9166666666666670,0.0,0.0,0.0,0.0,0.0,0.0,0.0,0.0,0.0,0.0,0.0,0.0,0.0,0.0,0.0,0.0,0.0,0.0,0.0,0.0,0.0,0.0,0.08333333333333330,0.0,0.0,0.0,0.0,0.0,1.0,0.0,0.0,0.0,0.0,0.0,0.0,0.0,0.0,0.0,0.0,0.0,0.0,0.0,0.0,0.0,0.0,0.0,0.0,0.0,0.0,0.0,0.0,0.0,114.0,82.0,0,0,"It is best to choose between the last two. The costs are less the 20, so it is beneficial for us, even though it would cost more for one player. Ideally it would be best to trade off. One of us pick the last one then the other pick the last one in the next round. However, to keep it simple I guess I would choose #3. You can get #4.",0.0,0.9166666666666670,0.0,0.0,0.08333333333333330,0.0,1.0,0.0,0.0,0.0
51,2024-01-10_experiment-part-1,"{""numRounds"":13,""playerCount"":2,""spot1"":{""color"":""orange"",""discountPrice"":10,""regularPrice"":20},""spot2"":{""color"":""orange"",""discountPrice"":10,""regularPrice"":20},""spot3"":{""color"":""purple"",""discountPrice"":8,""regularPrice"":18},""spot4"":{""color"":""purple"",""discountPrice"":1,""regularPrice"":11}}",condition3,01HKT59JM8EZRTZQ3E8BYWC9E7,01HKT60V6F2H9PBZZTP9BMJJ00,2,spot2,spot4,spot4,spot4,spot4,spot4,spot4,spot4,spot4,spot4,spot4,spot4,spot4,20,1,1,1,1,1,1,1,1,1,1,1,1,0.0,0.0,0.0,0.0,0.0,0.9166666666666670,0.0,0.0,0.0,0.0,0.0,0.0,0.0,0.0,0.0,0.0,0.0,0.0,0.0,0.0,0.0,0.0,0.0,0.0,0.0,0.0,0.0,0.0,0.08333333333333330,0.0,0.0,0.0,0.0,0.0,1.0,0.0,0.0,0.0,0.0,0.0,0.0,0.0,0.0,0.0,0.0,0.0,0.0,0.0,0.0,0.0,0.0,0.0,0.0,0.0,0.0,0.0,0.0,0.0,32.0,-82.0,0,1,We should plan to always pick yellow and i will always pick the left most spot.,0.0,0.9166666666666670,0.0,0.0,0.08333333333333330,0.0,1.0,0.0,0.0,0.0
52,2024-01-11_experiment-part-2,"{""numRounds"":13,""playerCount"":2,""spot1"":{""color"":""orange"",""discountPrice"":10,""regularPrice"":20},""spot2"":{""color"":""orange"",""discountPrice"":10,""regularPrice"":20},""spot3"":{""color"":""purple"",""discountPrice"":8,""regularPrice"":18},""spot4"":{""color"":""purple"",""discountPrice"":13,""regularPrice"":23}}",condition1,01HKWQAYQ17GQ448JM61PGPRA8,01HKWQN0ZNZGAD4ARS7HDFT3QX,1,spot2,spot2,spot2,spot2,spot2,spot2,spot2,spot2,spot2,spot2,spot2,spot2,spot3,20,10,10,10,10,10,10,10,10,10,10,10,8,0.0,0.0,0.0,0.0,0.0,0.0,0.9166666666666670,0.0,0.0,0.0,0.0,0.0,0.0,0.0,0.0,0.0,0.0,0.0,0.0,0.0,0.0,0.0,0.0,0.0,0.0,0.0,0.0,0.0,0.08333333333333330,0.0,0.0,0.0,0.0,0.0,0.0,1.0,0.0,0.0,0.0,0.0,0.0,0.0,0.0,0.0,0.0,0.0,0.0,0.0,0.0,0.0,0.0,0.0,0.0,0.0,0.0,0.0,0.0,0.0,138.0,-15.0,0,1,"You take odd numbered spaces, 1 or 3 and I will take even, 2 or 4",0.9166666666666670,0.0,0.0,0.0,0.08333333333333330,1.0,0.0,0.0,0.0,0.0
53,2024-01-11_experiment-part-2,"{""numRounds"":13,""playerCount"":2,""spot1"":{""color"":""orange"",""discountPrice"":10,""regularPrice"":20},""spot2"":{""color"":""orange"",""discountPrice"":10,""regularPrice"":20},""spot3"":{""color"":""purple"",""discountPrice"":8,""regularPrice"":18},""spot4"":{""color"":""purple"",""discountPrice"":13,""regularPrice"":23}}",condition1,01HKWQAYQ17GQ448JM61PGPRA8,01HKWQNG9AY0AZB564P57HEX45,2,spot4,spot1,spot1,spot1,spot1,spot1,spot1,spot1,spot1,spot1,spot1,spot1,spot1,23,10,10,10,10,10,10,10,10,10,10,10,20,0.0,0.0,0.0,0.0,0.0,0.0,0.9166666666666670,0.0,0.0,0.0,0.0,0.0,0.0,0.0,0.0,0.0,0.0,0.0,0.0,0.0,0.0,0.0,0.0,0.0,0.0,0.0,0.0,0.0,0.08333333333333330,0.0,0.0,0.0,0.0,0.0,0.0,1.0,0.0,0.0,0.0,0.0,0.0,0.0,0.0,0.0,0.0,0.0,0.0,0.0,0.0,0.0,0.0,0.0,0.0,0.0,0.0,0.0,0.0,0.0,153.0,15.0,0,1,"Each time we both pick whichever color has the lowest discount price. We will switch off each time, first I go left, they go right. Next round, I go right, they go left. Etc",0.9166666666666670,0.0,0.0,0.0,0.08333333333333330,1.0,0.0,0.0,0.0,0.0
54,2024-01-11_experiment-part-2,"{""numRounds"":13,""playerCount"":2,""spot1"":{""color"":""orange"",""discountPrice"":10,""regularPrice"":20},""spot2"":{""color"":""orange"",""discountPrice"":10,""regularPrice"":20},""spot3"":{""color"":""purple"",""discountPrice"":8,""regularPrice"":18},""spot4"":{""color"":""purple"",""discountPrice"":13,""regularPrice"":23}}",condition1,01HKWQAYQ2KWDZBHQ3KFXEGHM1,01HKWQN3P2PKSRJSS8G42SQSP0,1,spot1,spot1,spot1,spot1,spot1,spot1,spot1,spot1,spot1,spot1,spot1,spot1,spot1,30,20,20,20,20,10,10,10,10,10,10,10,10,0.5833333333333330,0.3333333333333330,0.0,0.0,0.0,0.0,0.0,0.0,0.0,0.0,0.0,0.0,0.0,0.0,0.0,0.0,0.0,0.0,0.0,0.0,0.0,0.0,0.0,0.0,0.0,0.0,0.0,0.0,0.08333333333333330,1.0,0.0,0.0,0.0,0.0,0.0,0.0,0.0,0.0,0.0,0.0,0.0,0.0,0.0,0.0,0.0,0.0,0.0,0.0,0.0,0.0,0.0,0.0,0.0,0.0,0.0,0.0,0.0,0.0,190.0,8.0,1,0,I will always pick the left most orange. You always select the same orange color on the right side.,0.5833333333333330,0.0,0.0,0.3333333333333330,0.08333333333333330,1.0,0.0,0.0,0.0,0.0
55,2024-01-11_experiment-part-2,"{""numRounds"":13,""playerCount"":2,""spot1"":{""color"":""orange"",""discountPrice"":10,""regularPrice"":20},""spot2"":{""color"":""orange"",""discountPrice"":10,""regularPrice"":20},""spot3"":{""color"":""purple"",""discountPrice"":8,""regularPrice"":18},""spot4"":{""color"":""purple"",""discountPrice"":13,""regularPrice"":23}}",condition1,01HKWQAYQ2KWDZBHQ3KFXEGHM1,01HKWQNHHG90H9E74WF9CQ696S,2,spot1,spot3,spot3,spot3,spot3,spot2,spot2,spot2,spot2,spot2,spot2,spot2,spot2,30,18,18,18,18,10,10,10,10,10,10,10,10,0.5833333333333330,0.3333333333333330,0.0,0.0,0.0,0.0,0.0,0.0,0.0,0.0,0.0,0.0,0.0,0.0,0.0,0.0,0.0,0.0,0.0,0.0,0.0,0.0,0.0,0.0,0.0,0.0,0.0,0.0,0.08333333333333330,1.0,0.0,0.0,0.0,0.0,0.0,0.0,0.0,0.0,0.0,0.0,0.0,0.0,0.0,0.0,0.0,0.0,0.0,0.0,0.0,0.0,0.0,0.0,0.0,0.0,0.0,0.0,0.0,0.0,182.0,-8.0,1,2,I will always choose orange and you always choose purple so there is no chance of a wreck. ,0.5833333333333330,0.0,0.0,0.3333333333333330,0.08333333333333330,1.0,0.0,0.0,0.0,0.0
56,2024-01-11_experiment-part-2,"{""numRounds"":13,""playerCount"":2,""spot1"":{""color"":""orange"",""discountPrice"":10,""regularPrice"":20},""spot2"":{""color"":""orange"",""discountPrice"":10,""regularPrice"":20},""spot3"":{""color"":""purple"",""discountPrice"":8,""regularPrice"":18},""spot4"":{""color"":""purple"",""discountPrice"":13,""regularPrice"":23}}",condition1,01HKWQAYQ2KWDZBHQ3KY19JAKY,01HKWQNM9TDVWYSEJBRDC2H5N7,1,spot1,spot1,spot1,spot1,spot1,spot1,spot1,spot1,spot1,spot1,spot1,spot1,spot3,10,10,10,10,10,10,10,10,10,10,10,10,8,1.0,0.0,0.0,0.0,0.0,0.0,0.0,0.0,0.0,0.0,0.0,0.0,0.0,0.0,0.0,0.0,0.0,0.0,0.0,0.0,0.0,0.0,0.0,0.0,0.0,0.0,0.0,0.0,0.0,1.0,0.0,0.0,0.0,0.0,0.0,0.0,0.0,0.0,0.0,0.0,0.0,0.0,0.0,0.0,0.0,0.0,0.0,0.0,0.0,0.0,0.0,0.0,0.0,0.0,0.0,0.0,0.0,0.0,128.0,-12.0,0,1,My plan is to go with the first parking spot.,1.0,0.0,0.0,0.0,0.0,1.0,0.0,0.0,0.0,0.0
57,2024-01-11_experiment-part-2,"{""numRounds"":13,""playerCount"":2,""spot1"":{""color"":""orange"",""discountPrice"":10,""regularPrice"":20},""spot2"":{""color"":""orange"",""discountPrice"":10,""regularPrice"":20},""spot3"":{""color"":""purple"",""discountPrice"":8,""regularPrice"":18},""spot4"":{""color"":""purple"",""discountPrice"":13,""regularPrice"":23}}",condition1,01HKWQAYQ2KWDZBHQ3KY19JAKY,01HKWQPHQ0R93XSFGGNVWQXG8B,2,spot2,spot2,spot2,spot2,spot2,spot2,spot2,spot2,spot2,spot2,spot2,spot2,spot2,10,10,10,10,10,10,10,10,10,10,10,10,20,1.0,0.0,0.0,0.0,0.0,0.0,0.0,0.0,0.0,0.0,0.0,0.0,0.0,0.0,0.0,0.0,0.0,0.0,0.0,0.0,0.0,0.0,0.0,0.0,0.0,0.0,0.0,0.0,0.0,1.0,0.0,0.0,0.0,0.0,0.0,0.0,0.0,0.0,0.0,0.0,0.0,0.0,0.0,0.0,0.0,0.0,0.0,0.0,0.0,0.0,0.0,0.0,0.0,0.0,0.0,0.0,0.0,0.0,140.0,12.0,0,0,I will ALWAYS select the second spot in the yellow zone )one closest to the purple! ,1.0,0.0,0.0,0.0,0.0,1.0,0.0,0.0,0.0,0.0
58,2024-01-11_experiment-part-2,"{""numRounds"":13,""playerCount"":2,""spot1"":{""color"":""orange"",""discountPrice"":10,""regularPrice"":20},""spot2"":{""color"":""orange"",""discountPrice"":10,""regularPrice"":20},""spot3"":{""color"":""purple"",""discountPrice"":8,""regularPrice"":18},""spot4"":{""color"":""purple"",""discountPrice"":13,""regularPrice"":23}}",condition1,01HKWQAYQ2KWDZBHQ3MH6BGFY9,01HKWQMVSP7F3N5MTMRH4BTAPV,1,spot2,spot2,spot3,spot2,spot2,spot2,spot2,spot2,spot2,spot2,spot2,spot2,spot2,20,20,18,10,10,10,10,10,10,10,10,10,10,0.0,0.0,0.0,0.0,0.16666666666666700,0.0,0.75,0.0,0.0,0.0,0.0,0.0,0.0,0.0,0.0,0.0,0.0,0.0,0.0,0.0,0.0,0.0,0.0,0.0,0.0,0.0,0.0,0.0,0.08333333333333330,0.0,0.0,0.0,0.0,0.0,0.0,1.0,0.0,0.0,0.0,0.0,0.0,0.0,0.0,0.0,0.0,0.0,0.0,0.0,0.0,0.0,0.0,0.0,0.0,0.0,0.0,0.0,0.0,0.0,158.0,-8.0,0,2,"Let's just stick to taking the two orange slots, since that will give us the 10MU discount price. It'll be cheaper in the long run to stick to these rather than alternate with purple. I'll take the first orange slot and you take the second orange slot.",0.75,0.0,0.0,0.16666666666666700,0.08333333333333330,1.0,0.0,0.0,0.0,0.0
59,2024-01-11_experiment-part-2,"{""numRounds"":13,""playerCount"":2,""spot1"":{""color"":""orange"",""discountPrice"":10,""regularPrice"":20},""spot2"":{""color"":""orange"",""discountPrice"":10,""regularPrice"":20},""spot3"":{""color"":""purple"",""discountPrice"":8,""regularPrice"":18},""spot4"":{""color"":""purple"",""discountPrice"":13,""regularPrice"":23}}",condition1,01HKWQAYQ2KWDZBHQ3MH6BGFY9,01HKWQN7VP4AWG35YWX6NA3G51,2,spot4,spot4,spot1,spot1,spot1,spot1,spot1,spot1,spot1,spot1,spot1,spot1,spot1,23,23,20,10,10,10,10,10,10,10,10,10,10,0.0,0.0,0.0,0.0,0.16666666666666700,0.0,0.75,0.0,0.0,0.0,0.0,0.0,0.0,0.0,0.0,0.0,0.0,0.0,0.0,0.0,0.0,0.0,0.0,0.0,0.0,0.0,0.0,0.0,0.08333333333333330,0.0,0.0,0.0,0.0,0.0,0.0,1.0,0.0,0.0,0.0,0.0,0.0,0.0,0.0,0.0,0.0,0.0,0.0,0.0,0.0,0.0,0.0,0.0,0.0,0.0,0.0,0.0,0.0,0.0,166.0,8.0,0,1,Select the parking spot with the lowest regular/discount price. I will then select the space next to it.,0.75,0.0,0.0,0.16666666666666700,0.08333333333333330,1.0,0.0,0.0,0.0,0.0
60,2024-01-11_experiment-part-2,"{""numRounds"":13,""playerCount"":2,""spot1"":{""color"":""orange"",""discountPrice"":10,""regularPrice"":20},""spot2"":{""color"":""orange"",""discountPrice"":10,""regularPrice"":20},""spot3"":{""color"":""purple"",""discountPrice"":8,""regularPrice"":18},""spot4"":{""color"":""purple"",""discountPrice"":13,""regularPrice"":23}}",condition1,01HKWQAYQ4V1JX56KEDSBTF0ZC,01HKWQN4Y15X9TJ4YSTRGYEE3Z,1,spot1,spot2,spot3,spot1,spot1,spot1,spot1,spot1,spot1,spot1,spot1,spot1,spot1,10,30,18,10,10,10,10,10,10,10,10,10,10,0.75,0.0,0.0,0.0,0.0,0.0,0.0,0.0,0.0,0.0,0.0,0.0,0.0,0.0,0.0,0.0,0.0,0.0,0.0,0.0,0.0,0.0,0.0,0.0,0.0,0.0,0.0,0.0,0.25,1.0,0.0,0.0,0.0,0.0,0.0,0.0,0.0,0.0,0.0,0.0,0.0,0.0,0.0,0.0,0.0,0.0,0.0,0.0,0.0,0.0,0.0,0.0,0.0,0.0,0.0,0.0,0.0,0.0,158.0,-2.0,1,3,"sticking to the yellow spaces where the prices are the same, purple has a higher chance of collision happening.",0.75,0.0,0.0,0.0,0.25,1.0,0.0,0.0,0.0,0.0
61,2024-01-11_experiment-part-2,"{""numRounds"":13,""playerCount"":2,""spot1"":{""color"":""orange"",""discountPrice"":10,""regularPrice"":20},""spot2"":{""color"":""orange"",""discountPrice"":10,""regularPrice"":20},""spot3"":{""color"":""purple"",""discountPrice"":8,""regularPrice"":18},""spot4"":{""color"":""purple"",""discountPrice"":13,""regularPrice"":23}}",condition1,01HKWQAYQ4V1JX56KEDSBTF0ZC,01HKWQPASMTF54YYQ6XWA42XJS,2,spot2,spot2,spot2,spot2,spot2,spot2,spot2,spot2,spot2,spot2,spot2,spot2,spot2,10,30,20,10,10,10,10,10,10,10,10,10,10,0.75,0.0,0.0,0.0,0.0,0.0,0.0,0.0,0.0,0.0,0.0,0.0,0.0,0.0,0.0,0.0,0.0,0.0,0.0,0.0,0.0,0.0,0.0,0.0,0.0,0.0,0.0,0.0,0.25,1.0,0.0,0.0,0.0,0.0,0.0,0.0,0.0,0.0,0.0,0.0,0.0,0.0,0.0,0.0,0.0,0.0,0.0,0.0,0.0,0.0,0.0,0.0,0.0,0.0,0.0,0.0,0.0,0.0,160.0,2.0,1,0,Try to find a pattern where we each choose the same spots to ensure maximum profits,0.75,0.0,0.0,0.0,0.25,1.0,0.0,0.0,0.0,0.0
62,2024-01-11_experiment-part-2,"{""numRounds"":13,""playerCount"":2,""spot1"":{""color"":""orange"",""discountPrice"":10,""regularPrice"":20},""spot2"":{""color"":""orange"",""discountPrice"":10,""regularPrice"":20},""spot3"":{""color"":""purple"",""discountPrice"":8,""regularPrice"":18},""spot4"":{""color"":""purple"",""discountPrice"":13,""regularPrice"":23}}",condition1,01HKWQAYQ4V1JX56KEE3K5S4EN,01HKWQNQZ3FTZ19A3W78TP8JA3,1,spot1,spot2,spot2,spot2,spot2,spot2,spot2,spot2,spot2,spot2,spot2,spot2,spot2,30,10,10,10,10,10,10,10,10,10,10,10,10,0.0,0.0,0.0,0.0,0.0,0.0,0.9166666666666670,0.0,0.0,0.0,0.0,0.0,0.0,0.0,0.0,0.0,0.0,0.0,0.0,0.0,0.0,0.0,0.0,0.0,0.0,0.0,0.0,0.0,0.08333333333333330,0.0,0.0,0.0,0.0,0.0,0.0,1.0,0.0,0.0,0.0,0.0,0.0,0.0,0.0,0.0,0.0,0.0,0.0,0.0,0.0,0.0,0.0,0.0,0.0,0.0,0.0,0.0,0.0,0.0,150.0,0.0,1,1,I would park in the first orange spot and my partner would park in the second orange spot.,0.9166666666666670,0.0,0.0,0.0,0.08333333333333330,1.0,0.0,0.0,0.0,0.0
63,2024-01-11_experiment-part-2,"{""numRounds"":13,""playerCount"":2,""spot1"":{""color"":""orange"",""discountPrice"":10,""regularPrice"":20},""spot2"":{""color"":""orange"",""discountPrice"":10,""regularPrice"":20},""spot3"":{""color"":""purple"",""discountPrice"":8,""regularPrice"":18},""spot4"":{""color"":""purple"",""discountPrice"":13,""regularPrice"":23}}",condition1,01HKWQAYQ4V1JX56KEE3K5S4EN,01HKWQQQ1F30P11XZZ017584N8,2,spot1,spot1,spot1,spot1,spot1,spot1,spot1,spot1,spot1,spot1,spot1,spot1,spot1,30,10,10,10,10,10,10,10,10,10,10,10,10,0.0,0.0,0.0,0.0,0.0,0.0,0.9166666666666670,0.0,0.0,0.0,0.0,0.0,0.0,0.0,0.0,0.0,0.0,0.0,0.0,0.0,0.0,0.0,0.0,0.0,0.0,0.0,0.0,0.0,0.08333333333333330,0.0,0.0,0.0,0.0,0.0,0.0,1.0,0.0,0.0,0.0,0.0,0.0,0.0,0.0,0.0,0.0,0.0,0.0,0.0,0.0,0.0,0.0,0.0,0.0,0.0,0.0,0.0,0.0,0.0,150.0,0.0,1,0,We should pick the orange spots. I'll pick the 1st orange spot and you can pick the 2nd orange spot.,0.9166666666666670,0.0,0.0,0.0,0.08333333333333330,1.0,0.0,0.0,0.0,0.0
64,2024-01-11_experiment-part-2,"{""numRounds"":13,""playerCount"":2,""spot1"":{""color"":""orange"",""discountPrice"":10,""regularPrice"":20},""spot2"":{""color"":""orange"",""discountPrice"":10,""regularPrice"":20},""spot3"":{""color"":""purple"",""discountPrice"":8,""regularPrice"":18},""spot4"":{""color"":""purple"",""discountPrice"":13,""regularPrice"":23}}",condition1,01HKWQAYQ4V1JX56KEEEE26AD4,01HKWQNNANCEP2WQBF16S794GX,1,spot2,spot2,spot2,spot2,spot2,spot2,spot2,spot2,spot2,spot2,spot2,spot2,spot2,10,10,10,10,10,10,10,10,10,10,10,10,10,0.0,0.0,0.0,0.0,0.0,0.0,1.0,0.0,0.0,0.0,0.0,0.0,0.0,0.0,0.0,0.0,0.0,0.0,0.0,0.0,0.0,0.0,0.0,0.0,0.0,0.0,0.0,0.0,0.0,0.0,0.0,0.0,0.0,0.0,0.0,1.0,0.0,0.0,0.0,0.0,0.0,0.0,0.0,0.0,0.0,0.0,0.0,0.0,0.0,0.0,0.0,0.0,0.0,0.0,0.0,0.0,0.0,0.0,130.0,0.0,0,0,"The best parking spots for both players are the orange spots. I propose whoever is designated player 1 to use the leftmost orange spot, and player 2 to use the rightmost orange spot.",1.0,0.0,0.0,0.0,0.0,1.0,0.0,0.0,0.0,0.0
65,2024-01-11_experiment-part-2,"{""numRounds"":13,""playerCount"":2,""spot1"":{""color"":""orange"",""discountPrice"":10,""regularPrice"":20},""spot2"":{""color"":""orange"",""discountPrice"":10,""regularPrice"":20},""spot3"":{""color"":""purple"",""discountPrice"":8,""regularPrice"":18},""spot4"":{""color"":""purple"",""discountPrice"":13,""regularPrice"":23}}",condition1,01HKWQAYQ4V1JX56KEEEE26AD4,01HKWQQ2X1MMK7QRA57F7MR006,2,spot1,spot1,spot1,spot1,spot1,spot1,spot1,spot1,spot1,spot1,spot1,spot1,spot1,10,10,10,10,10,10,10,10,10,10,10,10,10,0.0,0.0,0.0,0.0,0.0,0.0,1.0,0.0,0.0,0.0,0.0,0.0,0.0,0.0,0.0,0.0,0.0,0.0,0.0,0.0,0.0,0.0,0.0,0.0,0.0,0.0,0.0,0.0,0.0,0.0,0.0,0.0,0.0,0.0,0.0,1.0,0.0,0.0,0.0,0.0,0.0,0.0,0.0,0.0,0.0,0.0,0.0,0.0,0.0,0.0,0.0,0.0,0.0,0.0,0.0,0.0,0.0,0.0,130.0,0.0,0,0,I will pick the spot on the far left (yellow) and you can pick the second yellow spot each time.,1.0,0.0,0.0,0.0,0.0,1.0,0.0,0.0,0.0,0.0
66,2024-01-11_experiment-part-2,"{""numRounds"":13,""playerCount"":2,""spot1"":{""color"":""orange"",""discountPrice"":10,""regularPrice"":20},""spot2"":{""color"":""orange"",""discountPrice"":10,""regularPrice"":20},""spot3"":{""color"":""purple"",""discountPrice"":8,""regularPrice"":18},""spot4"":{""color"":""purple"",""discountPrice"":13,""regularPrice"":23}}",condition1,01HKWQAYQ5MQ23J0770G4Z2TWN,01HKWQVM1H4BMZ1AX438G89H2H,1,spot1,spot1,spot1,spot1,spot1,spot1,spot1,spot1,spot1,spot1,spot1,spot1,spot1,10,10,10,10,10,10,10,10,10,10,10,10,10,1.0,0.0,0.0,0.0,0.0,0.0,0.0,0.0,0.0,0.0,0.0,0.0,0.0,0.0,0.0,0.0,0.0,0.0,0.0,0.0,0.0,0.0,0.0,0.0,0.0,0.0,0.0,0.0,0.0,1.0,0.0,0.0,0.0,0.0,0.0,0.0,0.0,0.0,0.0,0.0,0.0,0.0,0.0,0.0,0.0,0.0,0.0,0.0,0.0,0.0,0.0,0.0,0.0,0.0,0.0,0.0,0.0,0.0,130.0,0.0,0,0,I will always pick the second cheapest parking because I assume that my partner will pick the cheapest,1.0,0.0,0.0,0.0,0.0,1.0,0.0,0.0,0.0,0.0
67,2024-01-11_experiment-part-2,"{""numRounds"":13,""playerCount"":2,""spot1"":{""color"":""orange"",""discountPrice"":10,""regularPrice"":20},""spot2"":{""color"":""orange"",""discountPrice"":10,""regularPrice"":20},""spot3"":{""color"":""purple"",""discountPrice"":8,""regularPrice"":18},""spot4"":{""color"":""purple"",""discountPrice"":13,""regularPrice"":23}}",condition1,01HKWQAYQ5MQ23J0770G4Z2TWN,01HKWQY8QYMJPJM5SVHSYDMZFR,2,spot2,spot2,spot2,spot2,spot2,spot2,spot2,spot2,spot2,spot2,spot2,spot2,spot2,10,10,10,10,10,10,10,10,10,10,10,10,10,1.0,0.0,0.0,0.0,0.0,0.0,0.0,0.0,0.0,0.0,0.0,0.0,0.0,0.0,0.0,0.0,0.0,0.0,0.0,0.0,0.0,0.0,0.0,0.0,0.0,0.0,0.0,0.0,0.0,1.0,0.0,0.0,0.0,0.0,0.0,0.0,0.0,0.0,0.0,0.0,0.0,0.0,0.0,0.0,0.0,0.0,0.0,0.0,0.0,0.0,0.0,0.0,0.0,0.0,0.0,0.0,0.0,0.0,130.0,0.0,0,0,I think picking orange parking would be the best way to go about this game.,1.0,0.0,0.0,0.0,0.0,1.0,0.0,0.0,0.0,0.0
68,2024-01-11_experiment-part-2,"{""numRounds"":13,""playerCount"":2,""spot1"":{""color"":""orange"",""discountPrice"":10,""regularPrice"":20},""spot2"":{""color"":""orange"",""discountPrice"":10,""regularPrice"":20},""spot3"":{""color"":""purple"",""discountPrice"":1,""regularPrice"":11},""spot4"":{""color"":""purple"",""discountPrice"":13,""regularPrice"":23}}",condition2,01HKWQAYQ8JCPBC3NAHK3809XV,01HKWQNCKSGD84K1RNMHXT1GP3,1,spot4,spot4,spot1,spot4,spot3,spot3,spot3,spot3,spot4,spot4,spot4,spot3,spot3,23,23,20,23,30,11,11,1,30,30,30,1,30,0.0,0.0,0.0,0.0,0.0,0.0,0.0,0.0,0.0,0.16666666666666700,0.16666666666666700,0.0,0.0,0.0,0.0,0.0,0.0,0.0,0.0,0.0,0.0,0.0,0.0,0.0,0.0,0.0,0.0,0.25,0.4166666666666670,0.0,0.0,0.0,0.0,0.0,0.0,0.0,0.0,0.0,0.0,0.0,0.0,0.0,0.0,0.0,0.0,0.0,0.0,0.0,0.0,0.0,0.0,0.0,0.0,0.0,0.0,0.0,0.75,0.25,263.0,-24.0,5,5,"The purple spot with the discounted price of 1MU is obviously best, I think the most optimal thing we could do for both of us is to park in purple the whole time, alternating who gets the 1MU slot every other turn.",0.0,0.0,0.0,0.3333333333333330,0.6666666666666670,0.0,0.0,0.0,0.0,1.0
69,2024-01-11_experiment-part-2,"{""numRounds"":13,""playerCount"":2,""spot1"":{""color"":""orange"",""discountPrice"":10,""regularPrice"":20},""spot2"":{""color"":""orange"",""discountPrice"":10,""regularPrice"":20},""spot3"":{""color"":""purple"",""discountPrice"":1,""regularPrice"":11},""spot4"":{""color"":""purple"",""discountPrice"":13,""regularPrice"":23}}",condition2,01HKWQAYQ8JCPBC3NAHK3809XV,01HKWQNW62GF1DTZV8KE8491SW,2,spot2,spot2,spot3,spot2,spot3,spot2,spot2,spot4,spot4,spot4,spot4,spot4,spot3,20,20,11,20,30,20,20,13,30,30,30,13,30,0.0,0.0,0.0,0.0,0.0,0.0,0.0,0.0,0.0,0.16666666666666700,0.16666666666666700,0.0,0.0,0.0,0.0,0.0,0.0,0.0,0.0,0.0,0.0,0.0,0.0,0.0,0.0,0.0,0.0,0.25,0.4166666666666670,0.0,0.0,0.0,0.0,0.0,0.0,0.0,0.0,0.0,0.0,0.0,0.0,0.0,0.0,0.0,0.0,0.0,0.0,0.0,0.0,0.0,0.0,0.0,0.0,0.0,0.0,0.0,0.75,0.25,287.0,24.0,5,6,Picking the same spot all days in the same color. partner picks first spot and I continue to pick second,0.0,0.0,0.0,0.3333333333333330,0.6666666666666670,0.0,0.0,0.0,0.0,1.0
70,2024-01-11_experiment-part-2,"{""numRounds"":13,""playerCount"":2,""spot1"":{""color"":""orange"",""discountPrice"":10,""regularPrice"":20},""spot2"":{""color"":""orange"",""discountPrice"":10,""regularPrice"":20},""spot3"":{""color"":""purple"",""discountPrice"":1,""regularPrice"":11},""spot4"":{""color"":""purple"",""discountPrice"":13,""regularPrice"":23}}",condition2,01HKWQAYQ9V8WCEK9A3KD9QPR7,01HKWQNCAR68JHVN0KK6FRM9SS,1,spot1,spot1,spot1,spot1,spot1,spot1,spot1,spot1,spot1,spot1,spot1,spot1,spot3,20,10,10,10,10,10,10,10,10,10,10,10,1,0.9166666666666670,0.0,0.0,0.0,0.0,0.0,0.0,0.0,0.0,0.0,0.0,0.0,0.0,0.0,0.0,0.0,0.0,0.0,0.0,0.0,0.0,0.0,0.0,0.0,0.0,0.0,0.0,0.0,0.08333333333333330,1.0,0.0,0.0,0.0,0.0,0.0,0.0,0.0,0.0,0.0,0.0,0.0,0.0,0.0,0.0,0.0,0.0,0.0,0.0,0.0,0.0,0.0,0.0,0.0,0.0,0.0,0.0,0.0,0.0,131.0,-22.0,0,1,I will choose the left hand space in both colors. If you choose the right side we can get the discount. I will pick spots 1 and 3. You pick spots 2 and 4.,0.9166666666666670,0.0,0.0,0.0,0.08333333333333330,1.0,0.0,0.0,0.0,0.0
71,2024-01-11_experiment-part-2,"{""numRounds"":13,""playerCount"":2,""spot1"":{""color"":""orange"",""discountPrice"":10,""regularPrice"":20},""spot2"":{""color"":""orange"",""discountPrice"":10,""regularPrice"":20},""spot3"":{""color"":""purple"",""discountPrice"":1,""regularPrice"":11},""spot4"":{""color"":""purple"",""discountPrice"":13,""regularPrice"":23}}",condition2,01HKWQAYQ9V8WCEK9A3KD9QPR7,01HKWQPW1W2PNJ988D6TREF7KK,2,spot4,spot2,spot2,spot2,spot2,spot2,spot2,spot2,spot2,spot2,spot2,spot2,spot2,23,10,10,10,10,10,10,10,10,10,10,10,20,0.9166666666666670,0.0,0.0,0.0,0.0,0.0,0.0,0.0,0.0,0.0,0.0,0.0,0.0,0.0,0.0,0.0,0.0,0.0,0.0,0.0,0.0,0.0,0.0,0.0,0.0,0.0,0.0,0.0,0.08333333333333330,1.0,0.0,0.0,0.0,0.0,0.0,0.0,0.0,0.0,0.0,0.0,0.0,0.0,0.0,0.0,0.0,0.0,0.0,0.0,0.0,0.0,0.0,0.0,0.0,0.0,0.0,0.0,0.0,0.0,153.0,22.0,0,1,"The best option would be to alternate between spots 3 and 4 each day since those are the cheapest options. I would let my partner take spot 3 the first day, then I would take it the next day alternating until the study ends.",0.9166666666666670,0.0,0.0,0.0,0.08333333333333330,1.0,0.0,0.0,0.0,0.0
72,2024-01-11_experiment-part-2,"{""numRounds"":13,""playerCount"":2,""spot1"":{""color"":""orange"",""discountPrice"":10,""regularPrice"":20},""spot2"":{""color"":""orange"",""discountPrice"":10,""regularPrice"":20},""spot3"":{""color"":""purple"",""discountPrice"":1,""regularPrice"":11},""spot4"":{""color"":""purple"",""discountPrice"":13,""regularPrice"":23}}",condition2,01HKWQAYQAEFHSKM4DD2QCM7TX,01HKWQMWNSXD26CWHGQWJ1P67Q,1,spot2,spot2,spot2,spot2,spot2,spot2,spot2,spot2,spot2,spot2,spot2,spot2,spot2,10,10,10,10,10,10,10,10,10,10,10,10,10,0.0,0.0,0.0,0.0,0.0,0.0,1.0,0.0,0.0,0.0,0.0,0.0,0.0,0.0,0.0,0.0,0.0,0.0,0.0,0.0,0.0,0.0,0.0,0.0,0.0,0.0,0.0,0.0,0.0,0.0,0.0,0.0,0.0,0.0,0.0,1.0,0.0,0.0,0.0,0.0,0.0,0.0,0.0,0.0,0.0,0.0,0.0,0.0,0.0,0.0,0.0,0.0,0.0,0.0,0.0,0.0,0.0,0.0,130.0,0.0,0,0,"A good plan would be to park in the purple and take advantage of the discount price. I could park in the one costing 13MU the first day, and 1MU the next day. Therefore we would alternate so we could each take advantage of the 1MU.",1.0,0.0,0.0,0.0,0.0,1.0,0.0,0.0,0.0,0.0
73,2024-01-11_experiment-part-2,"{""numRounds"":13,""playerCount"":2,""spot1"":{""color"":""orange"",""discountPrice"":10,""regularPrice"":20},""spot2"":{""color"":""orange"",""discountPrice"":10,""regularPrice"":20},""spot3"":{""color"":""purple"",""discountPrice"":1,""regularPrice"":11},""spot4"":{""color"":""purple"",""discountPrice"":13,""regularPrice"":23}}",condition2,01HKWQAYQAEFHSKM4DD2QCM7TX,01HKWQNRF48SCQDFK26BNR71KY,2,spot1,spot1,spot1,spot1,spot1,spot1,spot1,spot1,spot1,spot1,spot1,spot1,spot1,10,10,10,10,10,10,10,10,10,10,10,10,10,0.0,0.0,0.0,0.0,0.0,0.0,1.0,0.0,0.0,0.0,0.0,0.0,0.0,0.0,0.0,0.0,0.0,0.0,0.0,0.0,0.0,0.0,0.0,0.0,0.0,0.0,0.0,0.0,0.0,0.0,0.0,0.0,0.0,0.0,0.0,1.0,0.0,0.0,0.0,0.0,0.0,0.0,0.0,0.0,0.0,0.0,0.0,0.0,0.0,0.0,0.0,0.0,0.0,0.0,0.0,0.0,0.0,0.0,130.0,0.0,0,0,"We can each start on the first of a different color (one orange and one purple) and then move to the right each day one space, when getting to the furthest right space, would go to space 1.",1.0,0.0,0.0,0.0,0.0,1.0,0.0,0.0,0.0,0.0
74,2024-01-11_experiment-part-2,"{""numRounds"":13,""playerCount"":2,""spot1"":{""color"":""orange"",""discountPrice"":10,""regularPrice"":20},""spot2"":{""color"":""orange"",""discountPrice"":10,""regularPrice"":20},""spot3"":{""color"":""purple"",""discountPrice"":1,""regularPrice"":11},""spot4"":{""color"":""purple"",""discountPrice"":13,""regularPrice"":23}}",condition2,01HKWQAYQBJ2HRYGVAEGCBC197,01HKWQQ4XYWK038P0S3MBZVHWH,1,spot3,spot2,spot2,spot2,spot2,spot2,spot2,spot2,spot2,spot2,spot2,spot3,spot3,11,30,20,10,20,10,10,20,10,20,20,11,1,0.0,0.0,0.0,0.0,0.0,0.0,0.16666666666666700,0.0,0.0,0.0,0.0,0.0,0.0,0.0,0.0,0.0,0.0,0.0,0.0,0.0,0.0,0.0,0.0,0.0,0.0,0.0,0.0,0.0,0.8333333333333330,0.0,0.0,0.0,0.0,0.0,0.0,0.0,0.0,0.0,0.0,0.0,0.0,0.0,0.0,0.0,0.0,0.0,0.0,0.0,0.0,0.0,0.0,0.0,0.0,0.0,0.0,0.0,0.0,1.0,193.0,-16.0,1,2,I plan to alternate between orange and purple spots,0.16666666666666700,0.0,0.0,0.0,0.8333333333333330,0.0,0.0,0.0,0.0,1.0
75,2024-01-11_experiment-part-2,"{""numRounds"":13,""playerCount"":2,""spot1"":{""color"":""orange"",""discountPrice"":10,""regularPrice"":20},""spot2"":{""color"":""orange"",""discountPrice"":10,""regularPrice"":20},""spot3"":{""color"":""purple"",""discountPrice"":1,""regularPrice"":11},""spot4"":{""color"":""purple"",""discountPrice"":13,""regularPrice"":23}}",condition2,01HKWQAYQBJ2HRYGVAEGCBC197,01HKWQR4144S7AYG2B26829HPC,2,spot1,spot2,spot4,spot1,spot3,spot1,spot1,spot3,spot1,spot4,spot3,spot1,spot1,20,30,23,10,11,10,10,11,10,23,11,20,20,0.0,0.0,0.0,0.0,0.0,0.0,0.16666666666666700,0.0,0.0,0.0,0.0,0.0,0.0,0.0,0.0,0.0,0.0,0.0,0.0,0.0,0.0,0.0,0.0,0.0,0.0,0.0,0.0,0.0,0.8333333333333330,0.0,0.0,0.0,0.0,0.0,0.0,0.0,0.0,0.0,0.0,0.0,0.0,0.0,0.0,0.0,0.0,0.0,0.0,0.0,0.0,0.0,0.0,0.0,0.0,0.0,0.0,0.0,0.0,1.0,209.0,16.0,1,10,A good outcome of this game can be me and my partner selecting spots with different colors for cheaper prices.,0.16666666666666700,0.0,0.0,0.0,0.8333333333333330,0.0,0.0,0.0,0.0,1.0
76,2024-01-11_experiment-part-2,"{""numRounds"":13,""playerCount"":2,""spot1"":{""color"":""orange"",""discountPrice"":10,""regularPrice"":20},""spot2"":{""color"":""orange"",""discountPrice"":10,""regularPrice"":20},""spot3"":{""color"":""purple"",""discountPrice"":1,""regularPrice"":11},""spot4"":{""color"":""purple"",""discountPrice"":13,""regularPrice"":23}}",condition2,01HKWQAYQBJ2HRYGVAEYRXP6WV,01HKWQNQ8B3YT8BHFQHC23VEH9,1,spot4,spot2,spot2,spot2,spot2,spot2,spot2,spot2,spot2,spot2,spot2,spot2,spot2,23,10,10,10,10,10,10,10,10,10,10,10,10,0.0,0.0,0.0,0.0,0.0,0.0,0.9166666666666670,0.0,0.0,0.0,0.0,0.0,0.0,0.0,0.0,0.0,0.0,0.0,0.0,0.0,0.0,0.0,0.0,0.0,0.0,0.0,0.0,0.0,0.08333333333333330,0.0,0.0,0.0,0.0,0.0,0.0,1.0,0.0,0.0,0.0,0.0,0.0,0.0,0.0,0.0,0.0,0.0,0.0,0.0,0.0,0.0,0.0,0.0,0.0,0.0,0.0,0.0,0.0,0.0,143.0,3.0,0,1,"If we both park in the purple spots, but swap spots each day, we will only have to pay 14 MU over the course of 2 days, which is the best price and fairest for both of us. I will take the discount 13 MU spot first, and you take the 1 MU spot first. On the second round, we swap and I will take the 1 MU spot and you will take the 13 MU spot. Just keep swapping!",0.9166666666666670,0.0,0.0,0.0,0.08333333333333330,1.0,0.0,0.0,0.0,0.0
77,2024-01-11_experiment-part-2,"{""numRounds"":13,""playerCount"":2,""spot1"":{""color"":""orange"",""discountPrice"":10,""regularPrice"":20},""spot2"":{""color"":""orange"",""discountPrice"":10,""regularPrice"":20},""spot3"":{""color"":""purple"",""discountPrice"":1,""regularPrice"":11},""spot4"":{""color"":""purple"",""discountPrice"":13,""regularPrice"":23}}",condition2,01HKWQAYQBJ2HRYGVAEYRXP6WV,01HKWQRT22VPHA4K7ABW5E0DHW,2,spot1,spot1,spot1,spot1,spot1,spot1,spot1,spot1,spot1,spot1,spot1,spot1,spot1,20,10,10,10,10,10,10,10,10,10,10,10,10,0.0,0.0,0.0,0.0,0.0,0.0,0.9166666666666670,0.0,0.0,0.0,0.0,0.0,0.0,0.0,0.0,0.0,0.0,0.0,0.0,0.0,0.0,0.0,0.0,0.0,0.0,0.0,0.0,0.0,0.08333333333333330,0.0,0.0,0.0,0.0,0.0,0.0,1.0,0.0,0.0,0.0,0.0,0.0,0.0,0.0,0.0,0.0,0.0,0.0,0.0,0.0,0.0,0.0,0.0,0.0,0.0,0.0,0.0,0.0,0.0,140.0,-3.0,0,0,To me the most fair option is to pick the first 2 spots.  Even payout for each person.,0.9166666666666670,0.0,0.0,0.0,0.08333333333333330,1.0,0.0,0.0,0.0,0.0
78,2024-01-11_experiment-part-2,"{""numRounds"":13,""playerCount"":2,""spot1"":{""color"":""orange"",""discountPrice"":10,""regularPrice"":20},""spot2"":{""color"":""orange"",""discountPrice"":10,""regularPrice"":20},""spot3"":{""color"":""purple"",""discountPrice"":1,""regularPrice"":11},""spot4"":{""color"":""purple"",""discountPrice"":13,""regularPrice"":23}}",condition2,01HKWQAYQDCTHZZQG4MZW9QMEC,01HKWQNBD0W4FXQN312MWKM2Y2,1,spot4,spot3,spot1,spot3,spot2,spot1,spot1,spot1,spot1,spot1,spot1,spot1,spot1,23,30,20,11,30,10,10,10,10,10,10,10,10,0.5833333333333330,0.0,0.0,0.0,0.0,0.0,0.0,0.0,0.0,0.0,0.0,0.0,0.0,0.0,0.0,0.0,0.0,0.0,0.0,0.0,0.0,0.0,0.0,0.0,0.0,0.0,0.0,0.0,0.4166666666666670,1.0,0.0,0.0,0.0,0.0,0.0,0.0,0.0,0.0,0.0,0.0,0.0,0.0,0.0,0.0,0.0,0.0,0.0,0.0,0.0,0.0,0.0,0.0,0.0,0.0,0.0,0.0,0.0,0.0,194.0,-9.0,2,5,Try to predict what my would choose. From there I would pick the same color group but not the same parking spot.,0.5833333333333330,0.0,0.0,0.0,0.4166666666666670,1.0,0.0,0.0,0.0,0.0
79,2024-01-11_experiment-part-2,"{""numRounds"":13,""playerCount"":2,""spot1"":{""color"":""orange"",""discountPrice"":10,""regularPrice"":20},""spot2"":{""color"":""orange"",""discountPrice"":10,""regularPrice"":20},""spot3"":{""color"":""purple"",""discountPrice"":1,""regularPrice"":11},""spot4"":{""color"":""purple"",""discountPrice"":13,""regularPrice"":23}}",condition2,01HKWQAYQDCTHZZQG4MZW9QMEC,01HKWQQ4J00KGZ2THAFAMPA1G7,2,spot2,spot3,spot4,spot2,spot2,spot2,spot2,spot2,spot2,spot2,spot2,spot2,spot2,20,30,23,20,30,10,10,10,10,10,10,10,10,0.5833333333333330,0.0,0.0,0.0,0.0,0.0,0.0,0.0,0.0,0.0,0.0,0.0,0.0,0.0,0.0,0.0,0.0,0.0,0.0,0.0,0.0,0.0,0.0,0.0,0.0,0.0,0.0,0.0,0.4166666666666670,1.0,0.0,0.0,0.0,0.0,0.0,0.0,0.0,0.0,0.0,0.0,0.0,0.0,0.0,0.0,0.0,0.0,0.0,0.0,0.0,0.0,0.0,0.0,0.0,0.0,0.0,0.0,0.0,0.0,203.0,9.0,2,3,"To keep it fair and safe, you take the orange spot to the far left and I'll take the other orange spot in the second from the left position.",0.5833333333333330,0.0,0.0,0.0,0.4166666666666670,1.0,0.0,0.0,0.0,0.0
80,2024-01-11_experiment-part-2,"{""numRounds"":13,""playerCount"":2,""spot1"":{""color"":""orange"",""discountPrice"":10,""regularPrice"":20},""spot2"":{""color"":""orange"",""discountPrice"":10,""regularPrice"":20},""spot3"":{""color"":""purple"",""discountPrice"":1,""regularPrice"":11},""spot4"":{""color"":""purple"",""discountPrice"":13,""regularPrice"":23}}",condition2,01HKWQAYQEN2RQKFCQ561BY8RV,01HKWQQHGW6HBW1EREHXFK647D,1,spot2,spot3,spot1,spot2,spot1,spot3,spot1,spot3,spot1,spot3,spot1,spot3,spot1,20,30,20,30,10,11,20,11,20,1,20,1,10,0.0,0.0,0.0,0.0,0.0,0.0,0.0,0.0,0.0,0.0,0.0,0.0,0.0,0.0,0.0,0.0,0.0,0.0,0.0,0.0,0.0,0.0,0.0,0.0,0.0,0.0,0.0,0.0,1.0,0.0,0.0,0.0,0.0,0.0,0.0,0.0,0.0,0.0,0.0,0.0,0.0,0.0,0.0,0.0,0.0,0.0,0.0,0.0,0.0,0.0,0.0,0.0,0.0,0.0,0.0,0.0,0.0,1.0,204.0,-58.0,2,12,you take the left side of a color and i will take the righy sid,0.0,0.0,0.0,0.0,1.0,0.0,0.0,0.0,0.0,1.0
81,2024-01-11_experiment-part-2,"{""numRounds"":13,""playerCount"":2,""spot1"":{""color"":""orange"",""discountPrice"":10,""regularPrice"":20},""spot2"":{""color"":""orange"",""discountPrice"":10,""regularPrice"":20},""spot3"":{""color"":""purple"",""discountPrice"":1,""regularPrice"":11},""spot4"":{""color"":""purple"",""discountPrice"":13,""regularPrice"":23}}",condition2,01HKWQAYQEN2RQKFCQ561BY8RV,01HKWQZ8B1CD4ZEH1AQSHQQTR0,2,spot4,spot3,spot3,spot2,spot2,spot2,spot4,spot2,spot4,spot4,spot4,spot4,spot4,23,30,11,30,10,20,23,20,23,13,23,13,23,0.0,0.0,0.0,0.0,0.0,0.0,0.0,0.0,0.0,0.0,0.0,0.0,0.0,0.0,0.0,0.0,0.0,0.0,0.0,0.0,0.0,0.0,0.0,0.0,0.0,0.0,0.0,0.0,1.0,0.0,0.0,0.0,0.0,0.0,0.0,0.0,0.0,0.0,0.0,0.0,0.0,0.0,0.0,0.0,0.0,0.0,0.0,0.0,0.0,0.0,0.0,0.0,0.0,0.0,0.0,0.0,0.0,1.0,262.0,58.0,2,5,Higher priced purple,0.0,0.0,0.0,0.0,1.0,0.0,0.0,0.0,0.0,1.0
82,2024-01-11_experiment-part-2,"{""numRounds"":13,""playerCount"":2,""spot1"":{""color"":""orange"",""discountPrice"":10,""regularPrice"":20},""spot2"":{""color"":""orange"",""discountPrice"":10,""regularPrice"":20},""spot3"":{""color"":""purple"",""discountPrice"":1,""regularPrice"":11},""spot4"":{""color"":""purple"",""discountPrice"":13,""regularPrice"":23}}",condition2,01HKWQAYQEN2RQKFCQ5HRJVV93,01HKWQNRKJHAA5ATMYT766RM4C,1,spot3,spot2,spot2,spot2,spot2,spot2,spot2,spot2,spot2,spot2,spot2,spot2,spot3,11,10,10,10,10,10,10,10,10,10,10,10,1,0.0,0.0,0.0,0.0,0.0,0.0,0.9166666666666670,0.0,0.0,0.0,0.0,0.0,0.0,0.0,0.0,0.0,0.0,0.0,0.0,0.0,0.0,0.0,0.0,0.0,0.0,0.0,0.0,0.0,0.08333333333333330,0.0,0.0,0.0,0.0,0.0,0.0,1.0,0.0,0.0,0.0,0.0,0.0,0.0,0.0,0.0,0.0,0.0,0.0,0.0,0.0,0.0,0.0,0.0,0.0,0.0,0.0,0.0,0.0,0.0,122.0,-28.0,0,2,Both of us always pick purple to lower overall costs.,0.9166666666666670,0.0,0.0,0.0,0.08333333333333330,1.0,0.0,0.0,0.0,0.0
83,2024-01-11_experiment-part-2,"{""numRounds"":13,""playerCount"":2,""spot1"":{""color"":""orange"",""discountPrice"":10,""regularPrice"":20},""spot2"":{""color"":""orange"",""discountPrice"":10,""regularPrice"":20},""spot3"":{""color"":""purple"",""discountPrice"":1,""regularPrice"":11},""spot4"":{""color"":""purple"",""discountPrice"":13,""regularPrice"":23}}",condition2,01HKWQAYQEN2RQKFCQ5HRJVV93,01HKWQR7ATAM1QRAJAC9NPWG4C,2,spot1,spot1,spot1,spot1,spot1,spot1,spot1,spot1,spot1,spot1,spot1,spot1,spot1,20,10,10,10,10,10,10,10,10,10,10,10,20,0.0,0.0,0.0,0.0,0.0,0.0,0.9166666666666670,0.0,0.0,0.0,0.0,0.0,0.0,0.0,0.0,0.0,0.0,0.0,0.0,0.0,0.0,0.0,0.0,0.0,0.0,0.0,0.0,0.0,0.08333333333333330,0.0,0.0,0.0,0.0,0.0,0.0,1.0,0.0,0.0,0.0,0.0,0.0,0.0,0.0,0.0,0.0,0.0,0.0,0.0,0.0,0.0,0.0,0.0,0.0,0.0,0.0,0.0,0.0,0.0,150.0,28.0,0,0,I will park in the 1st space to the left and my partner will park in the 2nd space to the right of me.,0.9166666666666670,0.0,0.0,0.0,0.08333333333333330,1.0,0.0,0.0,0.0,0.0
84,2024-01-11_experiment-part-2,"{""numRounds"":13,""playerCount"":2,""spot1"":{""color"":""orange"",""discountPrice"":10,""regularPrice"":20},""spot2"":{""color"":""orange"",""discountPrice"":10,""regularPrice"":20},""spot3"":{""color"":""purple"",""discountPrice"":1,""regularPrice"":11},""spot4"":{""color"":""purple"",""discountPrice"":13,""regularPrice"":23}}",condition2,01HKWQAYQHNWZ0EWXDKCRK1ZA9,01HKWQMTJP6BES33CE25G2TPKJ,1,spot1,spot2,spot2,spot2,spot4,spot4,spot4,spot4,spot4,spot4,spot2,spot4,spot1,30,20,20,20,13,13,13,13,13,13,20,13,10,0.0,0.0,0.0,0.25,0.0,0.0,0.0,0.0,0.0,0.0,0.0,0.5,0.0,0.0,0.0,0.0,0.0,0.0,0.0,0.0,0.0,0.0,0.0,0.0,0.0,0.0,0.0,0.0,0.25,0.0,0.0,0.0,0.0,0.0,0.0,0.0,0.0,0.0,0.0,0.0,0.5,0.0,0.0,0.0,0.0,0.0,0.0,0.0,0.0,0.0,0.0,0.0,0.0,0.0,0.0,0.0,0.0,0.5,211.0,119.0,1,5,"I think it would be best if we stick with the orange parking spaces. It will be fair and low cost for both. I can take the far left, so we avoid a crash. ",0.0,0.5,0.0,0.25,0.25,0.0,0.5,0.0,0.0,0.5
85,2024-01-11_experiment-part-2,"{""numRounds"":13,""playerCount"":2,""spot1"":{""color"":""orange"",""discountPrice"":10,""regularPrice"":20},""spot2"":{""color"":""orange"",""discountPrice"":10,""regularPrice"":20},""spot3"":{""color"":""purple"",""discountPrice"":1,""regularPrice"":11},""spot4"":{""color"":""purple"",""discountPrice"":13,""regularPrice"":23}}",condition2,01HKWQAYQHNWZ0EWXDKCRK1ZA9,01HKWQN2B2TZHTCBRFVC9B4QF2,2,spot1,spot3,spot3,spot3,spot3,spot3,spot3,spot3,spot3,spot3,spot3,spot3,spot3,30,11,11,11,1,1,1,1,1,1,11,1,11,0.0,0.0,0.0,0.25,0.0,0.0,0.0,0.0,0.0,0.0,0.0,0.5,0.0,0.0,0.0,0.0,0.0,0.0,0.0,0.0,0.0,0.0,0.0,0.0,0.0,0.0,0.0,0.0,0.25,0.0,0.0,0.0,0.0,0.0,0.0,0.0,0.0,0.0,0.0,0.0,0.5,0.0,0.0,0.0,0.0,0.0,0.0,0.0,0.0,0.0,0.0,0.0,0.0,0.0,0.0,0.0,0.0,0.5,92.0,-119.0,1,1,make sure we pick a good spot each day and hopefully we get the discount rate by choosing the same thing so we can get the discount,0.0,0.5,0.0,0.25,0.25,0.0,0.5,0.0,0.0,0.5
86,2024-01-11_experiment-part-2,"{""numRounds"":13,""playerCount"":2,""spot1"":{""color"":""orange"",""discountPrice"":10,""regularPrice"":20},""spot2"":{""color"":""orange"",""discountPrice"":10,""regularPrice"":20},""spot3"":{""color"":""purple"",""discountPrice"":1,""regularPrice"":11},""spot4"":{""color"":""purple"",""discountPrice"":13,""regularPrice"":23}}",condition2,01HKWQAYQHNWZ0EWXDKN0X3SHY,01HKWQRRQFE78VDGY8G2Q17PWW,1,spot1,spot1,spot1,spot1,spot1,spot1,spot1,spot1,spot1,spot1,spot1,spot4,spot3,20,10,10,10,10,10,10,10,10,20,20,13,30,0.6666666666666670,0.16666666666666700,0.0,0.0,0.0,0.0,0.0,0.0,0.0,0.0,0.0,0.0,0.0,0.0,0.0,0.0,0.0,0.0,0.0,0.0,0.0,0.0,0.0,0.0,0.0,0.0,0.0,0.0,0.16666666666666700,0.0,0.5,0.0,0.0,0.0,0.0,0.0,0.0,0.0,0.0,0.0,0.0,0.0,0.0,0.0,0.0,0.0,0.0,0.0,0.0,0.0,0.0,0.0,0.0,0.0,0.0,0.0,0.0,0.5,183.0,27.0,1,2,"We could agree to always choose the orange parking spots and that I will choose the first one, and they will choose the second one.",0.6666666666666670,0.0,0.0,0.16666666666666700,0.16666666666666700,0.0,0.0,0.0,0.5,0.5
87,2024-01-11_experiment-part-2,"{""numRounds"":13,""playerCount"":2,""spot1"":{""color"":""orange"",""discountPrice"":10,""regularPrice"":20},""spot2"":{""color"":""orange"",""discountPrice"":10,""regularPrice"":20},""spot3"":{""color"":""purple"",""discountPrice"":1,""regularPrice"":11},""spot4"":{""color"":""purple"",""discountPrice"":13,""regularPrice"":23}}",condition2,01HKWQAYQHNWZ0EWXDKN0X3SHY,01HKWQXYBAHZ1MN4CATS303DRW,2,spot4,spot2,spot2,spot2,spot2,spot2,spot2,spot2,spot2,spot3,spot3,spot3,spot3,23,10,10,10,10,10,10,10,10,11,11,1,30,0.6666666666666670,0.16666666666666700,0.0,0.0,0.0,0.0,0.0,0.0,0.0,0.0,0.0,0.0,0.0,0.0,0.0,0.0,0.0,0.0,0.0,0.0,0.0,0.0,0.0,0.0,0.0,0.0,0.0,0.0,0.16666666666666700,0.0,0.5,0.0,0.0,0.0,0.0,0.0,0.0,0.0,0.0,0.0,0.0,0.0,0.0,0.0,0.0,0.0,0.0,0.0,0.0,0.0,0.0,0.0,0.0,0.0,0.0,0.0,0.0,0.5,156.0,-27.0,1,2,We should always pick the same color parking spot. We should alternate with each day who picks the first and who picks the second so we come out pretty even in the end. We should go with the color that gets the cheapest discount price.,0.6666666666666670,0.0,0.0,0.16666666666666700,0.16666666666666700,0.0,0.0,0.0,0.5,0.5
88,2024-01-11_experiment-part-2,"{""numRounds"":13,""playerCount"":2,""spot1"":{""color"":""orange"",""discountPrice"":10,""regularPrice"":20},""spot2"":{""color"":""orange"",""discountPrice"":10,""regularPrice"":20},""spot3"":{""color"":""purple"",""discountPrice"":1,""regularPrice"":11},""spot4"":{""color"":""purple"",""discountPrice"":13,""regularPrice"":23}}",condition2,01HKWQAYQJACXMHB7BXBFNWQC3,01HKWQND49D5HD8DVH5JC3T3J1,1,spot2,spot2,spot2,spot2,spot2,spot2,spot2,spot2,spot2,spot2,spot2,spot2,spot2,10,10,10,10,10,10,10,10,10,10,10,10,10,0.0,0.0,0.0,0.0,0.0,0.0,1.0,0.0,0.0,0.0,0.0,0.0,0.0,0.0,0.0,0.0,0.0,0.0,0.0,0.0,0.0,0.0,0.0,0.0,0.0,0.0,0.0,0.0,0.0,0.0,0.0,0.0,0.0,0.0,0.0,1.0,0.0,0.0,0.0,0.0,0.0,0.0,0.0,0.0,0.0,0.0,0.0,0.0,0.0,0.0,0.0,0.0,0.0,0.0,0.0,0.0,0.0,0.0,130.0,0.0,0,0,I am going to pick the yellow parking space and if you also that we will have to pay is 10MU. It is the simplist way for both of us to get a reasonable price,1.0,0.0,0.0,0.0,0.0,1.0,0.0,0.0,0.0,0.0
89,2024-01-11_experiment-part-2,"{""numRounds"":13,""playerCount"":2,""spot1"":{""color"":""orange"",""discountPrice"":10,""regularPrice"":20},""spot2"":{""color"":""orange"",""discountPrice"":10,""regularPrice"":20},""spot3"":{""color"":""purple"",""discountPrice"":1,""regularPrice"":11},""spot4"":{""color"":""purple"",""discountPrice"":13,""regularPrice"":23}}",condition2,01HKWQAYQJACXMHB7BXBFNWQC3,01HKWR04VV8RR4QVJJCY1PVJDK,2,spot1,spot1,spot1,spot1,spot1,spot1,spot1,spot1,spot1,spot1,spot1,spot1,spot1,10,10,10,10,10,10,10,10,10,10,10,10,10,0.0,0.0,0.0,0.0,0.0,0.0,1.0,0.0,0.0,0.0,0.0,0.0,0.0,0.0,0.0,0.0,0.0,0.0,0.0,0.0,0.0,0.0,0.0,0.0,0.0,0.0,0.0,0.0,0.0,0.0,0.0,0.0,0.0,0.0,0.0,1.0,0.0,0.0,0.0,0.0,0.0,0.0,0.0,0.0,0.0,0.0,0.0,0.0,0.0,0.0,0.0,0.0,0.0,0.0,0.0,0.0,0.0,0.0,130.0,0.0,0,0,Both of us park in the orange parking spaces side by side in order to benefit from the group discount,1.0,0.0,0.0,0.0,0.0,1.0,0.0,0.0,0.0,0.0
90,2024-01-11_experiment-part-2,"{""numRounds"":13,""playerCount"":2,""spot1"":{""color"":""orange"",""discountPrice"":10,""regularPrice"":20},""spot2"":{""color"":""orange"",""discountPrice"":10,""regularPrice"":20},""spot3"":{""color"":""purple"",""discountPrice"":1,""regularPrice"":11},""spot4"":{""color"":""purple"",""discountPrice"":13,""regularPrice"":23}}",condition2,01HKWQAYQJACXMHB7BXQ6XMD6G,01HKWQQM14AG2ZKV8131PPEPF3,1,spot1,spot3,spot3,spot3,spot3,spot3,spot3,spot3,spot3,spot3,spot3,spot3,spot3,10,11,1,1,11,1,1,1,1,1,1,1,1,0.0,0.0,0.0,0.0,0.0,0.75,0.0,0.0,0.0,0.0,0.0,0.0,0.0,0.0,0.0,0.0,0.0,0.0,0.0,0.0,0.0,0.0,0.0,0.0,0.0,0.0,0.0,0.0,0.25,0.0,0.0,0.0,0.0,0.0,1.0,0.0,0.0,0.0,0.0,0.0,0.0,0.0,0.0,0.0,0.0,0.0,0.0,0.0,0.0,0.0,0.0,0.0,0.0,0.0,0.0,0.0,0.0,0.0,42.0,-138.0,0,1,A good outcome will be for the other person to stay in the purple while I stay in the orange so a crash will never happen.,0.0,0.75,0.0,0.0,0.25,0.0,1.0,0.0,0.0,0.0
91,2024-01-11_experiment-part-2,"{""numRounds"":13,""playerCount"":2,""spot1"":{""color"":""orange"",""discountPrice"":10,""regularPrice"":20},""spot2"":{""color"":""orange"",""discountPrice"":10,""regularPrice"":20},""spot3"":{""color"":""purple"",""discountPrice"":1,""regularPrice"":11},""spot4"":{""color"":""purple"",""discountPrice"":13,""regularPrice"":23}}",condition2,01HKWQAYQJACXMHB7BXQ6XMD6G,01HKWQZVKBPC27B36JQ5HXWNGB,2,spot2,spot2,spot4,spot4,spot2,spot4,spot4,spot4,spot4,spot4,spot4,spot4,spot4,10,20,13,13,20,13,13,13,13,13,13,13,13,0.0,0.0,0.0,0.0,0.0,0.75,0.0,0.0,0.0,0.0,0.0,0.0,0.0,0.0,0.0,0.0,0.0,0.0,0.0,0.0,0.0,0.0,0.0,0.0,0.0,0.0,0.0,0.0,0.25,0.0,0.0,0.0,0.0,0.0,1.0,0.0,0.0,0.0,0.0,0.0,0.0,0.0,0.0,0.0,0.0,0.0,0.0,0.0,0.0,0.0,0.0,0.0,0.0,0.0,0.0,0.0,0.0,0.0,180.0,138.0,0,3,"We always pick the color with the lowest price when discounted. You take the cheaper option, I'll take the other (for that color).",0.0,0.75,0.0,0.0,0.25,0.0,1.0,0.0,0.0,0.0
92,2024-01-11_experiment-part-2,"{""numRounds"":13,""playerCount"":2,""spot1"":{""color"":""orange"",""discountPrice"":10,""regularPrice"":20},""spot2"":{""color"":""orange"",""discountPrice"":10,""regularPrice"":20},""spot3"":{""color"":""purple"",""discountPrice"":8,""regularPrice"":18},""spot4"":{""color"":""purple"",""discountPrice"":1,""regularPrice"":11}}",condition3,01HKWQAYQKKJVG9PCY0CVNWYCE,01HKWQN4E27YQ27XAZRCN2HCJ8,1,spot3,spot4,spot4,spot3,spot4,spot4,spot4,spot4,spot3,spot3,spot3,spot3,spot3,18,11,1,30,1,1,1,30,8,8,8,8,8,0.0,0.0,0.0,0.0,0.0,0.3333333333333330,0.0,0.0,0.0,0.0,0.0,0.25,0.0,0.0,0.0,0.0,0.0,0.0,0.0,0.0,0.0,0.0,0.0,0.0,0.0,0.0,0.0,0.0,0.4166666666666670,0.0,0.0,0.0,0.0,0.0,1.0,0.0,0.0,0.0,0.0,0.0,0.0,0.0,0.0,0.0,0.0,0.0,0.0,0.0,0.0,0.0,0.0,0.0,0.0,0.0,0.0,0.0,0.0,0.0,133.0,-4.0,2,4,We can alternate picking the two cheapest spots. You pick the 1MU discount spot and I'll pick the 8 MU discount spot; then we'll switch.,0.0,0.5833333333333330,0.0,0.0,0.4166666666666670,0.0,1.0,0.0,0.0,0.0
93,2024-01-11_experiment-part-2,"{""numRounds"":13,""playerCount"":2,""spot1"":{""color"":""orange"",""discountPrice"":10,""regularPrice"":20},""spot2"":{""color"":""orange"",""discountPrice"":10,""regularPrice"":20},""spot3"":{""color"":""purple"",""discountPrice"":8,""regularPrice"":18},""spot4"":{""color"":""purple"",""discountPrice"":1,""regularPrice"":11}}",condition3,01HKWQAYQKKJVG9PCY0CVNWYCE,01HKWQP4JZVV3DJX55GDD9EKB3,2,spot1,spot1,spot3,spot3,spot3,spot3,spot3,spot4,spot4,spot4,spot4,spot4,spot4,20,20,8,30,8,8,8,30,1,1,1,1,1,0.0,0.0,0.0,0.0,0.0,0.3333333333333330,0.0,0.0,0.0,0.0,0.0,0.25,0.0,0.0,0.0,0.0,0.0,0.0,0.0,0.0,0.0,0.0,0.0,0.0,0.0,0.0,0.0,0.0,0.4166666666666670,0.0,0.0,0.0,0.0,0.0,1.0,0.0,0.0,0.0,0.0,0.0,0.0,0.0,0.0,0.0,0.0,0.0,0.0,0.0,0.0,0.0,0.0,0.0,0.0,0.0,0.0,0.0,0.0,0.0,137.0,4.0,2,2,i will pick the first yellow option every other time,0.0,0.5833333333333330,0.0,0.0,0.4166666666666670,0.0,1.0,0.0,0.0,0.0
94,2024-01-11_experiment-part-2,"{""numRounds"":13,""playerCount"":2,""spot1"":{""color"":""orange"",""discountPrice"":10,""regularPrice"":20},""spot2"":{""color"":""orange"",""discountPrice"":10,""regularPrice"":20},""spot3"":{""color"":""purple"",""discountPrice"":8,""regularPrice"":18},""spot4"":{""color"":""purple"",""discountPrice"":1,""regularPrice"":11}}",condition3,01HKWQAYQMCV8GYQ16XBAQ9S5V,01HKWQMWMYKYZ7PMWVN8ECN0WH,1,spot3,spot3,spot3,spot3,spot3,spot3,spot3,spot3,spot3,spot3,spot4,spot4,spot4,30,8,8,8,8,8,8,8,8,8,30,1,1,0.0,0.0,0.0,0.0,0.0,0.75,0.0,0.0,0.0,0.0,0.0,0.0,0.0,0.0,0.0,0.0,0.0,0.0,0.0,0.0,0.0,0.0,0.0,0.0,0.0,0.0,0.0,0.0,0.25,0.0,0.0,0.0,0.0,0.0,0.5,0.0,0.0,0.0,0.0,0.0,0.0,0.0,0.0,0.0,0.0,0.0,0.0,0.0,0.0,0.0,0.0,0.0,0.0,0.0,0.0,0.0,0.0,0.5,134.0,49.0,2,1,"Pick the second spot in purple that only costs 1, and I'll take the first one that costs 8. We can switch off if we get to do this repeatedly.",0.0,0.75,0.0,0.0,0.25,0.0,0.5,0.0,0.0,0.5
95,2024-01-11_experiment-part-2,"{""numRounds"":13,""playerCount"":2,""spot1"":{""color"":""orange"",""discountPrice"":10,""regularPrice"":20},""spot2"":{""color"":""orange"",""discountPrice"":10,""regularPrice"":20},""spot3"":{""color"":""purple"",""discountPrice"":8,""regularPrice"":18},""spot4"":{""color"":""purple"",""discountPrice"":1,""regularPrice"":11}}",condition3,01HKWQAYQMCV8GYQ16XBAQ9S5V,01HKWQP2ZHP8WGMZQP45K1XBST,2,spot3,spot4,spot4,spot4,spot4,spot4,spot4,spot4,spot4,spot4,spot4,spot3,spot3,30,1,1,1,1,1,1,1,1,1,30,8,8,0.0,0.0,0.0,0.0,0.0,0.75,0.0,0.0,0.0,0.0,0.0,0.0,0.0,0.0,0.0,0.0,0.0,0.0,0.0,0.0,0.0,0.0,0.0,0.0,0.0,0.0,0.0,0.0,0.25,0.0,0.0,0.0,0.0,0.0,0.5,0.0,0.0,0.0,0.0,0.0,0.0,0.0,0.0,0.0,0.0,0.0,0.0,0.0,0.0,0.0,0.0,0.0,0.0,0.0,0.0,0.0,0.0,0.5,85.0,-49.0,2,2,"I'll take the spot in the middle purple, you can take the one on the far right.",0.0,0.75,0.0,0.0,0.25,0.0,0.5,0.0,0.0,0.5
96,2024-01-11_experiment-part-2,"{""numRounds"":13,""playerCount"":2,""spot1"":{""color"":""orange"",""discountPrice"":10,""regularPrice"":20},""spot2"":{""color"":""orange"",""discountPrice"":10,""regularPrice"":20},""spot3"":{""color"":""purple"",""discountPrice"":8,""regularPrice"":18},""spot4"":{""color"":""purple"",""discountPrice"":1,""regularPrice"":11}}",condition3,01HKWQAYQMCV8GYQ16XSQQQFJJ,01HKWQNHHN5RDA050VTRVGV1GD,1,spot2,spot2,spot2,spot2,spot3,spot2,spot2,spot2,spot2,spot4,spot4,spot4,spot4,10,10,10,20,18,10,10,20,20,30,30,11,1,0.0,0.0,0.0,0.0,0.16666666666666700,0.0,0.4166666666666670,0.0,0.0,0.0,0.0,0.0,0.0,0.0,0.0,0.0,0.0,0.0,0.0,0.0,0.0,0.0,0.0,0.0,0.0,0.0,0.0,0.16666666666666700,0.25,0.0,0.0,0.0,0.0,0.0,0.0,0.0,0.0,0.0,0.0,0.0,0.0,0.0,0.0,0.0,0.0,0.0,0.0,0.0,0.0,0.0,0.0,0.0,0.0,0.0,0.0,0.0,0.5,0.5,200.0,-3.0,2,3,I plan to park in the orange spot in the second of the four spots.,0.4166666666666670,0.0,0.0,0.16666666666666700,0.41666666666666700,0.0,0.0,0.0,0.0,1.0
97,2024-01-11_experiment-part-2,"{""numRounds"":13,""playerCount"":2,""spot1"":{""color"":""orange"",""discountPrice"":10,""regularPrice"":20},""spot2"":{""color"":""orange"",""discountPrice"":10,""regularPrice"":20},""spot3"":{""color"":""purple"",""discountPrice"":8,""regularPrice"":18},""spot4"":{""color"":""purple"",""discountPrice"":1,""regularPrice"":11}}",condition3,01HKWQAYQMCV8GYQ16XSQQQFJJ,01HKWQNKDTXVKEY0PE2NQD1CJB,2,spot1,spot1,spot1,spot4,spot1,spot1,spot1,spot4,spot4,spot4,spot4,spot1,spot1,10,10,10,11,20,10,10,11,11,30,30,20,20,0.0,0.0,0.0,0.0,0.16666666666666700,0.0,0.4166666666666670,0.0,0.0,0.0,0.0,0.0,0.0,0.0,0.0,0.0,0.0,0.0,0.0,0.0,0.0,0.0,0.0,0.0,0.0,0.0,0.0,0.16666666666666700,0.25,0.0,0.0,0.0,0.0,0.0,0.0,0.0,0.0,0.0,0.0,0.0,0.0,0.0,0.0,0.0,0.0,0.0,0.0,0.0,0.0,0.0,0.0,0.0,0.0,0.0,0.0,0.0,0.5,0.5,203.0,3.0,2,4,I plan to go for the higher priced ones with hopes that they go for the lower priced ones of a different color and we both get discounts.,0.4166666666666670,0.0,0.0,0.16666666666666700,0.41666666666666700,0.0,0.0,0.0,0.0,1.0
98,2024-01-11_experiment-part-2,"{""numRounds"":13,""playerCount"":2,""spot1"":{""color"":""orange"",""discountPrice"":10,""regularPrice"":20},""spot2"":{""color"":""orange"",""discountPrice"":10,""regularPrice"":20},""spot3"":{""color"":""purple"",""discountPrice"":8,""regularPrice"":18},""spot4"":{""color"":""purple"",""discountPrice"":1,""regularPrice"":11}}",condition3,01HKWQAYQMCV8GYQ16Y6NY66K7,01HKWQMTBBH6J6KJPYRRMD0FA8,1,spot3,spot3,spot3,spot3,spot3,spot3,spot3,spot3,spot3,spot3,spot3,spot3,spot3,18,18,8,8,8,8,8,8,8,8,8,8,8,0.0,0.0,0.0,0.0,0.0,0.8333333333333330,0.0,0.0,0.0,0.16666666666666700,0.0,0.0,0.0,0.0,0.0,0.0,0.0,0.0,0.0,0.0,0.0,0.0,0.0,0.0,0.0,0.0,0.0,0.0,0.0,0.0,0.0,0.0,0.0,0.0,1.0,0.0,0.0,0.0,0.0,0.0,0.0,0.0,0.0,0.0,0.0,0.0,0.0,0.0,0.0,0.0,0.0,0.0,0.0,0.0,0.0,0.0,0.0,0.0,124.0,73.0,0,0,"With this specific parking lot, the purple spots are always the correct choice. I will volunteer to take the 18MU spot if you take the 11MU spot, then we can both get a major discount on the parking costs of 8MU for me and 1 MU for you.",0.0,0.8333333333333330,0.0,0.16666666666666700,0.0,0.0,1.0,0.0,0.0,0.0
99,2024-01-11_experiment-part-2,"{""numRounds"":13,""playerCount"":2,""spot1"":{""color"":""orange"",""discountPrice"":10,""regularPrice"":20},""spot2"":{""color"":""orange"",""discountPrice"":10,""regularPrice"":20},""spot3"":{""color"":""purple"",""discountPrice"":8,""regularPrice"":18},""spot4"":{""color"":""purple"",""discountPrice"":1,""regularPrice"":11}}",condition3,01HKWQAYQMCV8GYQ16Y6NY66K7,01HKWQR1711SF945Q8PH6A145E,2,spot2,spot2,spot4,spot4,spot4,spot4,spot4,spot4,spot4,spot4,spot4,spot4,spot4,20,20,1,1,1,1,1,1,1,1,1,1,1,0.0,0.0,0.0,0.0,0.0,0.8333333333333330,0.0,0.0,0.0,0.16666666666666700,0.0,0.0,0.0,0.0,0.0,0.0,0.0,0.0,0.0,0.0,0.0,0.0,0.0,0.0,0.0,0.0,0.0,0.0,0.0,0.0,0.0,0.0,0.0,0.0,1.0,0.0,0.0,0.0,0.0,0.0,0.0,0.0,0.0,0.0,0.0,0.0,0.0,0.0,0.0,0.0,0.0,0.0,0.0,0.0,0.0,0.0,0.0,0.0,51.0,-73.0,0,1,I'm going to assume the other player is trying to get the discount. So I will always choose the second orange so we both benefit,0.0,0.8333333333333330,0.0,0.16666666666666700,0.0,0.0,1.0,0.0,0.0,0.0
100,2024-01-11_experiment-part-2,"{""numRounds"":13,""playerCount"":2,""spot1"":{""color"":""orange"",""discountPrice"":10,""regularPrice"":20},""spot2"":{""color"":""orange"",""discountPrice"":10,""regularPrice"":20},""spot3"":{""color"":""purple"",""discountPrice"":8,""regularPrice"":18},""spot4"":{""color"":""purple"",""discountPrice"":1,""regularPrice"":11}}",condition3,01HKWQAYQPMPPM5JZ3VRKP8FB4,01HKWQNC1WQFT4CVCE4AKAW0T6,1,spot1,spot4,spot4,spot4,spot4,spot4,spot4,spot4,spot4,spot4,spot3,spot3,spot4,20,1,1,1,1,1,1,1,1,30,30,8,1,0.0,0.0,0.0,0.0,0.0,0.0,0.0,0.0,0.0,0.0,0.0,0.6666666666666670,0.0,0.0,0.0,0.0,0.0,0.0,0.0,0.0,0.0,0.0,0.0,0.0,0.0,0.0,0.0,0.0,0.3333333333333330,0.0,0.0,0.0,0.0,0.0,0.0,0.0,0.0,0.0,0.0,0.0,0.0,0.0,0.0,0.0,0.0,0.0,0.0,0.0,0.0,0.0,0.0,0.0,0.0,0.0,0.0,0.0,0.0,1.0,97.0,-54.0,2,3,If one of us chooses one of the orange squares and the other person chooses the purple square with the 1MU discount price,0.0,0.6666666666666670,0.0,0.0,0.3333333333333330,0.0,0.0,0.0,0.0,1.0
101,2024-01-11_experiment-part-2,"{""numRounds"":13,""playerCount"":2,""spot1"":{""color"":""orange"",""discountPrice"":10,""regularPrice"":20},""spot2"":{""color"":""orange"",""discountPrice"":10,""regularPrice"":20},""spot3"":{""color"":""purple"",""discountPrice"":8,""regularPrice"":18},""spot4"":{""color"":""purple"",""discountPrice"":1,""regularPrice"":11}}",condition3,01HKWQAYQPMPPM5JZ3VRKP8FB4,01HKWQNJ8HNA7JE4JJX27MWRNJ,2,spot3,spot3,spot3,spot3,spot3,spot3,spot3,spot3,spot3,spot4,spot3,spot4,spot3,18,8,8,8,8,8,8,8,8,30,30,1,8,0.0,0.0,0.0,0.0,0.0,0.0,0.0,0.0,0.0,0.0,0.0,0.6666666666666670,0.0,0.0,0.0,0.0,0.0,0.0,0.0,0.0,0.0,0.0,0.0,0.0,0.0,0.0,0.0,0.0,0.3333333333333330,0.0,0.0,0.0,0.0,0.0,0.0,0.0,0.0,0.0,0.0,0.0,0.0,0.0,0.0,0.0,0.0,0.0,0.0,0.0,0.0,0.0,0.0,0.0,0.0,0.0,0.0,0.0,0.0,1.0,151.0,54.0,2,4,"My partner will pick parking space 3 and I will pick parking space 4. Therefore, we would get the group discount and both save more money.",0.0,0.6666666666666670,0.0,0.0,0.3333333333333330,0.0,0.0,0.0,0.0,1.0
102,2024-01-11_experiment-part-2,"{""numRounds"":13,""playerCount"":2,""spot1"":{""color"":""orange"",""discountPrice"":10,""regularPrice"":20},""spot2"":{""color"":""orange"",""discountPrice"":10,""regularPrice"":20},""spot3"":{""color"":""purple"",""discountPrice"":8,""regularPrice"":18},""spot4"":{""color"":""purple"",""discountPrice"":1,""regularPrice"":11}}",condition3,01HKWQAYQPMPPM5JZ3W6SGYDF5,01HKWQNJFPC4RRBGTV0Q0H0NM1,1,spot3,spot2,spot3,spot3,spot3,spot4,spot4,spot4,spot4,spot4,spot4,spot4,spot4,8,20,8,8,8,30,30,1,1,1,1,1,1,0.0,0.0,0.0,0.0,0.0,0.25,0.0,0.0,0.0,0.0,0.0,0.4166666666666670,0.0,0.0,0.0,0.0,0.0,0.0,0.0,0.0,0.0,0.0,0.0,0.0,0.0,0.0,0.0,0.16666666666666700,0.16666666666666700,0.0,0.0,0.0,0.0,0.0,0.0,0.0,0.0,0.0,0.0,0.0,1.0,0.0,0.0,0.0,0.0,0.0,0.0,0.0,0.0,0.0,0.0,0.0,0.0,0.0,0.0,0.0,0.0,0.0,118.0,-5.0,2,3,I would try to get the best price while avoiding the crash even if I have to pay more anything to avoid the crash.,0.0,0.6666666666666670,0.0,0.0,0.3333333333333330,0.0,1.0,0.0,0.0,0.0
103,2024-01-11_experiment-part-2,"{""numRounds"":13,""playerCount"":2,""spot1"":{""color"":""orange"",""discountPrice"":10,""regularPrice"":20},""spot2"":{""color"":""orange"",""discountPrice"":10,""regularPrice"":20},""spot3"":{""color"":""purple"",""discountPrice"":8,""regularPrice"":18},""spot4"":{""color"":""purple"",""discountPrice"":1,""regularPrice"":11}}",condition3,01HKWQAYQPMPPM5JZ3W6SGYDF5,01HKWQPAQ7C8Y16Y4B9HHHP5GQ,2,spot4,spot4,spot4,spot4,spot4,spot4,spot4,spot3,spot3,spot3,spot3,spot3,spot3,1,11,1,1,1,30,30,8,8,8,8,8,8,0.0,0.0,0.0,0.0,0.0,0.25,0.0,0.0,0.0,0.0,0.0,0.4166666666666670,0.0,0.0,0.0,0.0,0.0,0.0,0.0,0.0,0.0,0.0,0.0,0.0,0.0,0.0,0.0,0.16666666666666700,0.16666666666666700,0.0,0.0,0.0,0.0,0.0,0.0,0.0,0.0,0.0,0.0,0.0,1.0,0.0,0.0,0.0,0.0,0.0,0.0,0.0,0.0,0.0,0.0,0.0,0.0,0.0,0.0,0.0,0.0,0.0,123.0,5.0,2,1,choose purple discount price 8MU. I'll choose 1 MU.,0.0,0.6666666666666670,0.0,0.0,0.3333333333333330,0.0,1.0,0.0,0.0,0.0
104,2024-01-11_experiment-part-2,"{""numRounds"":13,""playerCount"":2,""spot1"":{""color"":""orange"",""discountPrice"":10,""regularPrice"":20},""spot2"":{""color"":""orange"",""discountPrice"":10,""regularPrice"":20},""spot3"":{""color"":""purple"",""discountPrice"":8,""regularPrice"":18},""spot4"":{""color"":""purple"",""discountPrice"":1,""regularPrice"":11}}",condition3,01HKWQAYQQG3GDY8T43ZZCK6VK,01HKWQTR5YEAXMD536GDQ40EK1,1,spot4,spot4,spot4,spot4,spot4,spot4,spot4,spot4,spot4,spot4,spot4,spot4,spot4,1,1,1,1,1,1,1,1,1,1,1,1,1,0.0,0.0,0.0,0.0,0.0,0.0,0.0,0.0,0.0,0.0,0.0,1.0,0.0,0.0,0.0,0.0,0.0,0.0,0.0,0.0,0.0,0.0,0.0,0.0,0.0,0.0,0.0,0.0,0.0,0.0,0.0,0.0,0.0,0.0,0.0,0.0,0.0,0.0,0.0,0.0,1.0,0.0,0.0,0.0,0.0,0.0,0.0,0.0,0.0,0.0,0.0,0.0,0.0,0.0,0.0,0.0,0.0,0.0,13.0,-91.0,0,0,"After t round I would make choices according to the choices made in round 1, hoping the other player understands and does the same. We need to not pick the same space, yet pick the same color...difficult but possible",0.0,1.0,0.0,0.0,0.0,0.0,1.0,0.0,0.0,0.0
105,2024-01-11_experiment-part-2,"{""numRounds"":13,""playerCount"":2,""spot1"":{""color"":""orange"",""discountPrice"":10,""regularPrice"":20},""spot2"":{""color"":""orange"",""discountPrice"":10,""regularPrice"":20},""spot3"":{""color"":""purple"",""discountPrice"":8,""regularPrice"":18},""spot4"":{""color"":""purple"",""discountPrice"":1,""regularPrice"":11}}",condition3,01HKWQAYQQG3GDY8T43ZZCK6VK,01HKWQX8C1K8NEJSJ24GDHQ2K4,2,spot3,spot3,spot3,spot3,spot3,spot3,spot3,spot3,spot3,spot3,spot3,spot3,spot3,8,8,8,8,8,8,8,8,8,8,8,8,8,0.0,0.0,0.0,0.0,0.0,0.0,0.0,0.0,0.0,0.0,0.0,1.0,0.0,0.0,0.0,0.0,0.0,0.0,0.0,0.0,0.0,0.0,0.0,0.0,0.0,0.0,0.0,0.0,0.0,0.0,0.0,0.0,0.0,0.0,0.0,0.0,0.0,0.0,0.0,0.0,1.0,0.0,0.0,0.0,0.0,0.0,0.0,0.0,0.0,0.0,0.0,0.0,0.0,0.0,0.0,0.0,0.0,0.0,104.0,91.0,0,0,I will pick orange and you pick purple,0.0,1.0,0.0,0.0,0.0,0.0,1.0,0.0,0.0,0.0
106,2024-01-11_experiment-part-2,"{""numRounds"":13,""playerCount"":2,""spot1"":{""color"":""orange"",""discountPrice"":10,""regularPrice"":20},""spot2"":{""color"":""orange"",""discountPrice"":10,""regularPrice"":20},""spot3"":{""color"":""purple"",""discountPrice"":8,""regularPrice"":18},""spot4"":{""color"":""purple"",""discountPrice"":1,""regularPrice"":11}}",condition3,01HKWQAYQSH5FQWTGY9RZ3WJH6,01HKWRVFE50W5ZE0R4VT6K0C6K,1,spot4,spot4,spot4,spot4,spot2,spot2,spot4,spot2,spot4,spot4,spot4,spot4,spot1,30,1,1,1,20,20,30,20,11,1,1,1,10,0.0,0.0,0.0,0.16666666666666700,0.0,0.0,0.0,0.0,0.0,0.0,0.0,0.5,0.0,0.0,0.0,0.0,0.0,0.0,0.0,0.0,0.0,0.0,0.0,0.0,0.0,0.0,0.0,0.0,0.3333333333333330,0.0,0.0,0.0,0.0,0.0,0.0,0.0,0.0,0.0,0.0,0.0,0.75,0.0,0.0,0.0,0.0,0.0,0.0,0.0,0.0,0.0,0.0,0.0,0.0,0.0,0.0,0.0,0.0,0.25,147.0,-53.0,2,5,A good outcome would be if I always chose purple parking and my partner always chose an orange spot.,0.0,0.5,0.0,0.16666666666666700,0.3333333333333330,0.0,0.75,0.0,0.0,0.25
107,2024-01-11_experiment-part-2,"{""numRounds"":13,""playerCount"":2,""spot1"":{""color"":""orange"",""discountPrice"":10,""regularPrice"":20},""spot2"":{""color"":""orange"",""discountPrice"":10,""regularPrice"":20},""spot3"":{""color"":""purple"",""discountPrice"":8,""regularPrice"":18},""spot4"":{""color"":""purple"",""discountPrice"":1,""regularPrice"":11}}",condition3,01HKWQAYQSH5FQWTGY9RZ3WJH6,01HKWS1PSYM6VAJGE03PDE657F,2,spot4,spot3,spot3,spot3,spot3,spot3,spot4,spot3,spot1,spot3,spot3,spot3,spot3,30,8,8,8,18,18,30,18,20,8,8,8,18,0.0,0.0,0.0,0.16666666666666700,0.0,0.0,0.0,0.0,0.0,0.0,0.0,0.5,0.0,0.0,0.0,0.0,0.0,0.0,0.0,0.0,0.0,0.0,0.0,0.0,0.0,0.0,0.0,0.0,0.3333333333333330,0.0,0.0,0.0,0.0,0.0,0.0,0.0,0.0,0.0,0.0,0.0,0.75,0.0,0.0,0.0,0.0,0.0,0.0,0.0,0.0,0.0,0.0,0.0,0.0,0.0,0.0,0.0,0.0,0.25,200.0,53.0,2,5,"If my partner does not know my plan I would pick the cheapest spot for 11mu/1mu because the other participant is going to think I am going to chose it, so they wont park in the cheapest spot to try to avoid and crashes, yet I will park there and get the cheapest price. If my partner does happen to read my strategy I would say we shall both rotate between the purple parking spots each round, I will start with the left purple spot and we will alternate each round to maximize our savings.",0.0,0.5,0.0,0.16666666666666700,0.3333333333333330,0.0,0.75,0.0,0.0,0.25
108,2024-01-12_experiment-part-3,"{""numRounds"":13,""playerCount"":2,""spot1"":{""color"":""orange"",""discountPrice"":10,""regularPrice"":20},""spot2"":{""color"":""orange"",""discountPrice"":10,""regularPrice"":20},""spot3"":{""color"":""purple"",""discountPrice"":8,""regularPrice"":18},""spot4"":{""color"":""purple"",""discountPrice"":13,""regularPrice"":23}}",condition1,01HKZ54P3ZQFH8JZSKT839ABFP,01HKZ5G6KNQVR1DAZYZQ608XB8,1,spot2,spot2,spot2,spot2,spot2,spot2,spot2,spot2,spot2,spot2,spot2,spot2,spot2,30,20,10,10,10,10,10,10,10,10,10,10,10,0.0,0.0,0.0,0.0,0.0,0.0,0.8333333333333330,0.0,0.0,0.0,0.0,0.0,0.0,0.0,0.0,0.0,0.0,0.0,0.0,0.0,0.0,0.0,0.0,0.0,0.0,0.0,0.0,0.0,0.16666666666666700,0.0,0.0,0.0,0.0,0.0,0.0,1.0,0.0,0.0,0.0,0.0,0.0,0.0,0.0,0.0,0.0,0.0,0.0,0.0,0.0,0.0,0.0,0.0,0.0,0.0,0.0,0.0,0.0,0.0,160.0,2.0,1,0,"I think it'd be best for us to both choose the orange spots so we can get the discount that is fairest to us both. So, for example, you could use the first spot and I could use the second spot every day to get the discount and avoid a collision.",0.8333333333333330,0.0,0.0,0.0,0.16666666666666700,1.0,0.0,0.0,0.0,0.0
109,2024-01-12_experiment-part-3,"{""numRounds"":13,""playerCount"":2,""spot1"":{""color"":""orange"",""discountPrice"":10,""regularPrice"":20},""spot2"":{""color"":""orange"",""discountPrice"":10,""regularPrice"":20},""spot3"":{""color"":""purple"",""discountPrice"":8,""regularPrice"":18},""spot4"":{""color"":""purple"",""discountPrice"":13,""regularPrice"":23}}",condition1,01HKZ54P3ZQFH8JZSKT839ABFP,01HKZ5GGACRKFVFSCS6GKQ5TVD,2,spot2,spot3,spot1,spot1,spot1,spot1,spot1,spot1,spot1,spot1,spot1,spot1,spot1,30,18,10,10,10,10,10,10,10,10,10,10,10,0.0,0.0,0.0,0.0,0.0,0.0,0.8333333333333330,0.0,0.0,0.0,0.0,0.0,0.0,0.0,0.0,0.0,0.0,0.0,0.0,0.0,0.0,0.0,0.0,0.0,0.0,0.0,0.0,0.0,0.16666666666666700,0.0,0.0,0.0,0.0,0.0,0.0,1.0,0.0,0.0,0.0,0.0,0.0,0.0,0.0,0.0,0.0,0.0,0.0,0.0,0.0,0.0,0.0,0.0,0.0,0.0,0.0,0.0,0.0,0.0,158.0,-2.0,1,2,You park in the first spot and I will park in the second one every day.,0.8333333333333330,0.0,0.0,0.0,0.16666666666666700,1.0,0.0,0.0,0.0,0.0
110,2024-01-12_experiment-part-3,"{""numRounds"":13,""playerCount"":2,""spot1"":{""color"":""orange"",""discountPrice"":10,""regularPrice"":20},""spot2"":{""color"":""orange"",""discountPrice"":10,""regularPrice"":20},""spot3"":{""color"":""purple"",""discountPrice"":8,""regularPrice"":18},""spot4"":{""color"":""purple"",""discountPrice"":13,""regularPrice"":23}}",condition1,01HKZ54P3ZQFH8JZSKTK807AK3,01HKZ5FJNYBTGHYH5SC168CE1F,1,spot4,spot4,spot4,spot4,spot4,spot4,spot4,spot4,spot4,spot4,spot4,spot4,spot4,23,23,13,13,13,13,13,13,13,13,13,13,13,0.0,0.0,0.0,0.0,0.0,0.0,0.0,0.0,0.0,0.0,0.16666666666666700,0.8333333333333330,0.0,0.0,0.0,0.0,0.0,0.0,0.0,0.0,0.0,0.0,0.0,0.0,0.0,0.0,0.0,0.0,0.0,0.0,0.0,0.0,0.0,0.0,0.0,0.0,0.0,0.0,0.0,0.0,1.0,0.0,0.0,0.0,0.0,0.0,0.0,0.0,0.0,0.0,0.0,0.0,0.0,0.0,0.0,0.0,0.0,0.0,189.0,61.0,0,0,"I will choose the most expensive parking spot everytime, assuming other people won't choose it.",0.0,0.8333333333333330,0.0,0.16666666666666700,0.0,0.0,1.0,0.0,0.0,0.0
111,2024-01-12_experiment-part-3,"{""numRounds"":13,""playerCount"":2,""spot1"":{""color"":""orange"",""discountPrice"":10,""regularPrice"":20},""spot2"":{""color"":""orange"",""discountPrice"":10,""regularPrice"":20},""spot3"":{""color"":""purple"",""discountPrice"":8,""regularPrice"":18},""spot4"":{""color"":""purple"",""discountPrice"":13,""regularPrice"":23}}",condition1,01HKZ54P3ZQFH8JZSKTK807AK3,01HKZ5G5Z4JYG7N28F7VRC22KB,2,spot2,spot2,spot3,spot3,spot3,spot3,spot3,spot3,spot3,spot3,spot3,spot3,spot3,20,20,8,8,8,8,8,8,8,8,8,8,8,0.0,0.0,0.0,0.0,0.0,0.0,0.0,0.0,0.0,0.0,0.16666666666666700,0.8333333333333330,0.0,0.0,0.0,0.0,0.0,0.0,0.0,0.0,0.0,0.0,0.0,0.0,0.0,0.0,0.0,0.0,0.0,0.0,0.0,0.0,0.0,0.0,0.0,0.0,0.0,0.0,0.0,0.0,1.0,0.0,0.0,0.0,0.0,0.0,0.0,0.0,0.0,0.0,0.0,0.0,0.0,0.0,0.0,0.0,0.0,0.0,128.0,-61.0,0,1,I plan to park in the orange spot on the right. That is the second spot from the left.,0.0,0.8333333333333330,0.0,0.16666666666666700,0.0,0.0,1.0,0.0,0.0,0.0
112,2024-01-12_experiment-part-3,"{""numRounds"":13,""playerCount"":2,""spot1"":{""color"":""orange"",""discountPrice"":10,""regularPrice"":20},""spot2"":{""color"":""orange"",""discountPrice"":10,""regularPrice"":20},""spot3"":{""color"":""purple"",""discountPrice"":8,""regularPrice"":18},""spot4"":{""color"":""purple"",""discountPrice"":13,""regularPrice"":23}}",condition1,01HKZ54P404PTEXG4GKVD1GXSG,01HKZ5H3H54VR4GTWTXNCBP049,1,spot1,spot1,spot1,spot1,spot1,spot1,spot1,spot1,spot1,spot1,spot1,spot1,spot3,30,30,10,10,10,10,10,20,10,10,10,10,8,0.75,0.0,0.0,0.0,0.0,0.0,0.0,0.0,0.0,0.0,0.0,0.0,0.0,0.0,0.0,0.0,0.0,0.0,0.0,0.0,0.0,0.0,0.0,0.0,0.16666666666666700,0.0,0.0,0.0,0.08333333333333330,1.0,0.0,0.0,0.0,0.0,0.0,0.0,0.0,0.0,0.0,0.0,0.0,0.0,0.0,0.0,0.0,0.0,0.0,0.0,0.0,0.0,0.0,0.0,0.0,0.0,0.0,0.0,0.0,0.0,178.0,-10.0,2,1,"If we have a car crash, pick the rightmost orange spot on every subsequent day - I will be picking the left orange spot every day no matter what and hoping you will follow my advice.",0.75,0.0,0.0,0.0,0.25,1.0,0.0,0.0,0.0,0.0
113,2024-01-12_experiment-part-3,"{""numRounds"":13,""playerCount"":2,""spot1"":{""color"":""orange"",""discountPrice"":10,""regularPrice"":20},""spot2"":{""color"":""orange"",""discountPrice"":10,""regularPrice"":20},""spot3"":{""color"":""purple"",""discountPrice"":8,""regularPrice"":18},""spot4"":{""color"":""purple"",""discountPrice"":13,""regularPrice"":23}}",condition1,01HKZ54P404PTEXG4GKVD1GXSG,01HKZ5H6MKYR5PK3SHHB3ZFVY2,2,spot1,spot1,spot2,spot2,spot2,spot2,spot2,spot3,spot2,spot2,spot2,spot2,spot2,30,30,10,10,10,10,10,18,10,10,10,10,20,0.75,0.0,0.0,0.0,0.0,0.0,0.0,0.0,0.0,0.0,0.0,0.0,0.0,0.0,0.0,0.0,0.0,0.0,0.0,0.0,0.0,0.0,0.0,0.0,0.16666666666666700,0.0,0.0,0.0,0.08333333333333330,1.0,0.0,0.0,0.0,0.0,0.0,0.0,0.0,0.0,0.0,0.0,0.0,0.0,0.0,0.0,0.0,0.0,0.0,0.0,0.0,0.0,0.0,0.0,0.0,0.0,0.0,0.0,0.0,0.0,188.0,10.0,2,3,Player 1 chooses first orange spo and player 2 chooses 2nd orange spot. Then we get discounted rate.,0.75,0.0,0.0,0.0,0.25,1.0,0.0,0.0,0.0,0.0
114,2024-01-12_experiment-part-3,"{""numRounds"":13,""playerCount"":2,""spot1"":{""color"":""orange"",""discountPrice"":10,""regularPrice"":20},""spot2"":{""color"":""orange"",""discountPrice"":10,""regularPrice"":20},""spot3"":{""color"":""purple"",""discountPrice"":8,""regularPrice"":18},""spot4"":{""color"":""purple"",""discountPrice"":13,""regularPrice"":23}}",condition1,01HKZ54P404PTEXG4GM93P1V5Y,01HKZ5GTDW4QAW5KY371904KPC,1,spot2,spot3,spot2,spot2,spot2,spot2,spot2,spot2,spot2,spot2,spot2,spot2,spot2,30,30,10,20,30,10,10,10,10,10,10,10,10,0.0,0.0,0.0,0.0,0.0,0.0,0.5833333333333330,0.0,0.0,0.0,0.0,0.0,0.0,0.0,0.0,0.0,0.0,0.0,0.0,0.0,0.0,0.0,0.0,0.0,0.0,0.0,0.0,0.0,0.4166666666666670,0.0,0.0,0.0,0.0,0.0,0.0,1.0,0.0,0.0,0.0,0.0,0.0,0.0,0.0,0.0,0.0,0.0,0.0,0.0,0.0,0.0,0.0,0.0,0.0,0.0,0.0,0.0,0.0,0.0,200.0,2.0,3,2,"Try to adjust to the opposing side's pattern, to gain the most benefits and discount.",0.5833333333333330,0.0,0.0,0.0,0.4166666666666670,1.0,0.0,0.0,0.0,0.0
115,2024-01-12_experiment-part-3,"{""numRounds"":13,""playerCount"":2,""spot1"":{""color"":""orange"",""discountPrice"":10,""regularPrice"":20},""spot2"":{""color"":""orange"",""discountPrice"":10,""regularPrice"":20},""spot3"":{""color"":""purple"",""discountPrice"":8,""regularPrice"":18},""spot4"":{""color"":""purple"",""discountPrice"":13,""regularPrice"":23}}",condition1,01HKZ54P404PTEXG4GM93P1V5Y,01HKZ5GZNPZRMHGJXHJ0Q11C7A,2,spot2,spot3,spot1,spot3,spot2,spot1,spot1,spot1,spot1,spot1,spot1,spot1,spot1,30,30,10,18,30,10,10,10,10,10,10,10,10,0.0,0.0,0.0,0.0,0.0,0.0,0.5833333333333330,0.0,0.0,0.0,0.0,0.0,0.0,0.0,0.0,0.0,0.0,0.0,0.0,0.0,0.0,0.0,0.0,0.0,0.0,0.0,0.0,0.0,0.4166666666666670,0.0,0.0,0.0,0.0,0.0,0.0,1.0,0.0,0.0,0.0,0.0,0.0,0.0,0.0,0.0,0.0,0.0,0.0,0.0,0.0,0.0,0.0,0.0,0.0,0.0,0.0,0.0,0.0,0.0,198.0,-2.0,3,5,I will pay the second lowest price so we can get the discount.,0.5833333333333330,0.0,0.0,0.0,0.4166666666666670,1.0,0.0,0.0,0.0,0.0
116,2024-01-12_experiment-part-3,"{""numRounds"":13,""playerCount"":2,""spot1"":{""color"":""orange"",""discountPrice"":10,""regularPrice"":20},""spot2"":{""color"":""orange"",""discountPrice"":10,""regularPrice"":20},""spot3"":{""color"":""purple"",""discountPrice"":8,""regularPrice"":18},""spot4"":{""color"":""purple"",""discountPrice"":13,""regularPrice"":23}}",condition1,01HKZ54P43S84FJSHSQTEM7RME,01HKZ5GBH1TR9T2S4FD9C5SMG5,1,spot1,spot1,spot1,spot1,spot1,spot1,spot1,spot1,spot1,spot1,spot1,spot1,spot1,30,10,10,10,10,10,10,10,10,10,10,10,10,0.9166666666666670,0.0,0.0,0.0,0.0,0.0,0.0,0.0,0.0,0.0,0.0,0.0,0.0,0.0,0.0,0.0,0.0,0.0,0.0,0.0,0.0,0.0,0.0,0.0,0.0,0.0,0.0,0.0,0.08333333333333330,1.0,0.0,0.0,0.0,0.0,0.0,0.0,0.0,0.0,0.0,0.0,0.0,0.0,0.0,0.0,0.0,0.0,0.0,0.0,0.0,0.0,0.0,0.0,0.0,0.0,0.0,0.0,0.0,0.0,150.0,0.0,1,0,"We each keep selecting the same parking spot and go for the group discount. I would select the first orange spot, and someone else the next orange spot.",0.9166666666666670,0.0,0.0,0.0,0.08333333333333330,1.0,0.0,0.0,0.0,0.0
117,2024-01-12_experiment-part-3,"{""numRounds"":13,""playerCount"":2,""spot1"":{""color"":""orange"",""discountPrice"":10,""regularPrice"":20},""spot2"":{""color"":""orange"",""discountPrice"":10,""regularPrice"":20},""spot3"":{""color"":""purple"",""discountPrice"":8,""regularPrice"":18},""spot4"":{""color"":""purple"",""discountPrice"":13,""regularPrice"":23}}",condition1,01HKZ54P43S84FJSHSQTEM7RME,01HKZ5H1F6EAPD5289MPV5B3HW,2,spot1,spot2,spot2,spot2,spot2,spot2,spot2,spot2,spot2,spot2,spot2,spot2,spot2,30,10,10,10,10,10,10,10,10,10,10,10,10,0.9166666666666670,0.0,0.0,0.0,0.0,0.0,0.0,0.0,0.0,0.0,0.0,0.0,0.0,0.0,0.0,0.0,0.0,0.0,0.0,0.0,0.0,0.0,0.0,0.0,0.0,0.0,0.0,0.0,0.08333333333333330,1.0,0.0,0.0,0.0,0.0,0.0,0.0,0.0,0.0,0.0,0.0,0.0,0.0,0.0,0.0,0.0,0.0,0.0,0.0,0.0,0.0,0.0,0.0,0.0,0.0,0.0,0.0,0.0,0.0,150.0,0.0,1,1,pick different colors every round,0.9166666666666670,0.0,0.0,0.0,0.08333333333333330,1.0,0.0,0.0,0.0,0.0
118,2024-01-12_experiment-part-3,"{""numRounds"":13,""playerCount"":2,""spot1"":{""color"":""orange"",""discountPrice"":10,""regularPrice"":20},""spot2"":{""color"":""orange"",""discountPrice"":10,""regularPrice"":20},""spot3"":{""color"":""purple"",""discountPrice"":8,""regularPrice"":18},""spot4"":{""color"":""purple"",""discountPrice"":13,""regularPrice"":23}}",condition1,01HKZ54P43S84FJSHSR771H7A8,01HKZ5GXYAYJ2F2FDR28N47N77,1,spot1,spot1,spot1,spot1,spot1,spot1,spot1,spot1,spot1,spot1,spot1,spot1,spot1,20,10,10,10,10,10,10,10,10,10,10,10,10,0.9166666666666670,0.0,0.0,0.0,0.0,0.0,0.0,0.0,0.0,0.0,0.0,0.0,0.0,0.0,0.0,0.0,0.0,0.0,0.0,0.0,0.0,0.0,0.0,0.0,0.0,0.0,0.0,0.0,0.08333333333333330,1.0,0.0,0.0,0.0,0.0,0.0,0.0,0.0,0.0,0.0,0.0,0.0,0.0,0.0,0.0,0.0,0.0,0.0,0.0,0.0,0.0,0.0,0.0,0.0,0.0,0.0,0.0,0.0,0.0,140.0,-3.0,0,0,We should each pick a same color with the same discounts. I will pick the first box.,0.9166666666666670,0.0,0.0,0.0,0.08333333333333330,1.0,0.0,0.0,0.0,0.0
119,2024-01-12_experiment-part-3,"{""numRounds"":13,""playerCount"":2,""spot1"":{""color"":""orange"",""discountPrice"":10,""regularPrice"":20},""spot2"":{""color"":""orange"",""discountPrice"":10,""regularPrice"":20},""spot3"":{""color"":""purple"",""discountPrice"":8,""regularPrice"":18},""spot4"":{""color"":""purple"",""discountPrice"":13,""regularPrice"":23}}",condition1,01HKZ54P43S84FJSHSR771H7A8,01HKZ5H2A33PVKP0E1FMVTXYD8,2,spot4,spot2,spot2,spot2,spot2,spot2,spot2,spot2,spot2,spot2,spot2,spot2,spot2,23,10,10,10,10,10,10,10,10,10,10,10,10,0.9166666666666670,0.0,0.0,0.0,0.0,0.0,0.0,0.0,0.0,0.0,0.0,0.0,0.0,0.0,0.0,0.0,0.0,0.0,0.0,0.0,0.0,0.0,0.0,0.0,0.0,0.0,0.0,0.0,0.08333333333333330,1.0,0.0,0.0,0.0,0.0,0.0,0.0,0.0,0.0,0.0,0.0,0.0,0.0,0.0,0.0,0.0,0.0,0.0,0.0,0.0,0.0,0.0,0.0,0.0,0.0,0.0,0.0,0.0,0.0,143.0,3.0,0,1,Let's do pick purples and I will select the one with the higher regular price each time.,0.9166666666666670,0.0,0.0,0.0,0.08333333333333330,1.0,0.0,0.0,0.0,0.0
120,2024-01-12_experiment-part-3,"{""numRounds"":13,""playerCount"":2,""spot1"":{""color"":""orange"",""discountPrice"":10,""regularPrice"":20},""spot2"":{""color"":""orange"",""discountPrice"":10,""regularPrice"":20},""spot3"":{""color"":""purple"",""discountPrice"":8,""regularPrice"":18},""spot4"":{""color"":""purple"",""discountPrice"":13,""regularPrice"":23}}",condition1,01HKZ54P44QPDDFYT6ZVK8QST8,01HKZ5CCXJBYC71X6HY4RKND4D,1,spot4,spot1,spot1,spot1,spot1,spot1,spot1,spot1,spot1,spot1,spot1,spot1,spot1,23,10,10,10,10,10,10,10,10,10,10,10,10,0.9166666666666670,0.0,0.0,0.0,0.0,0.0,0.0,0.0,0.0,0.0,0.0,0.0,0.0,0.0,0.0,0.0,0.0,0.0,0.0,0.0,0.0,0.0,0.0,0.0,0.0,0.0,0.0,0.0,0.08333333333333330,1.0,0.0,0.0,0.0,0.0,0.0,0.0,0.0,0.0,0.0,0.0,0.0,0.0,0.0,0.0,0.0,0.0,0.0,0.0,0.0,0.0,0.0,0.0,0.0,0.0,0.0,0.0,0.0,0.0,143.0,3.0,0,1,"Choose the same option every day so there isn't any confusion or chance of a crash. Opt for the the lowest possible option, and I will choose the other matching color option.",0.9166666666666670,0.0,0.0,0.0,0.08333333333333330,1.0,0.0,0.0,0.0,0.0
121,2024-01-12_experiment-part-3,"{""numRounds"":13,""playerCount"":2,""spot1"":{""color"":""orange"",""discountPrice"":10,""regularPrice"":20},""spot2"":{""color"":""orange"",""discountPrice"":10,""regularPrice"":20},""spot3"":{""color"":""purple"",""discountPrice"":8,""regularPrice"":18},""spot4"":{""color"":""purple"",""discountPrice"":13,""regularPrice"":23}}",condition1,01HKZ54P44QPDDFYT6ZVK8QST8,01HKZ5G81B3XQH3J9Y0GX582F7,2,spot2,spot2,spot2,spot2,spot2,spot2,spot2,spot2,spot2,spot2,spot2,spot2,spot2,20,10,10,10,10,10,10,10,10,10,10,10,10,0.9166666666666670,0.0,0.0,0.0,0.0,0.0,0.0,0.0,0.0,0.0,0.0,0.0,0.0,0.0,0.0,0.0,0.0,0.0,0.0,0.0,0.0,0.0,0.0,0.0,0.0,0.0,0.0,0.0,0.08333333333333330,1.0,0.0,0.0,0.0,0.0,0.0,0.0,0.0,0.0,0.0,0.0,0.0,0.0,0.0,0.0,0.0,0.0,0.0,0.0,0.0,0.0,0.0,0.0,0.0,0.0,0.0,0.0,0.0,0.0,140.0,-3.0,0,0,"I will always pick the second yellow spot. You should always pick the first yellow spot . This way, we will both receive the discount (10MU) every time.",0.9166666666666670,0.0,0.0,0.0,0.08333333333333330,1.0,0.0,0.0,0.0,0.0
122,2024-01-12_experiment-part-3,"{""numRounds"":13,""playerCount"":2,""spot1"":{""color"":""orange"",""discountPrice"":10,""regularPrice"":20},""spot2"":{""color"":""orange"",""discountPrice"":10,""regularPrice"":20},""spot3"":{""color"":""purple"",""discountPrice"":8,""regularPrice"":18},""spot4"":{""color"":""purple"",""discountPrice"":13,""regularPrice"":23}}",condition1,01HKZ54P45K60K49WYA7SRCATM,01HKZ5G56JGWGAN005NWFXHK8R,1,spot2,spot2,spot2,spot2,spot2,spot2,spot2,spot2,spot2,spot2,spot2,spot2,spot2,20,20,10,10,10,10,10,10,10,10,10,10,10,0.0,0.0,0.0,0.0,0.16666666666666700,0.0,0.8333333333333330,0.0,0.0,0.0,0.0,0.0,0.0,0.0,0.0,0.0,0.0,0.0,0.0,0.0,0.0,0.0,0.0,0.0,0.0,0.0,0.0,0.0,0.0,0.0,0.0,0.0,0.0,0.0,0.0,1.0,0.0,0.0,0.0,0.0,0.0,0.0,0.0,0.0,0.0,0.0,0.0,0.0,0.0,0.0,0.0,0.0,0.0,0.0,0.0,0.0,0.0,0.0,150.0,-6.0,0,0,"You should pick the left orange space each time and I will pick the right orange space each time. That way, we agree to pay the cheapest and fairest amount overall. If we took turns taking the cheaper purple and the more expensive purple, one day we would save $2 but the next day we would pay $3 more, paying more overall than just picking orange.",0.8333333333333330,0.0,0.0,0.16666666666666700,0.0,1.0,0.0,0.0,0.0,0.0
123,2024-01-12_experiment-part-3,"{""numRounds"":13,""playerCount"":2,""spot1"":{""color"":""orange"",""discountPrice"":10,""regularPrice"":20},""spot2"":{""color"":""orange"",""discountPrice"":10,""regularPrice"":20},""spot3"":{""color"":""purple"",""discountPrice"":8,""regularPrice"":18},""spot4"":{""color"":""purple"",""discountPrice"":13,""regularPrice"":23}}",condition1,01HKZ54P45K60K49WYA7SRCATM,01HKZ5H182R7G3J2HNFERW9Q7F,2,spot4,spot4,spot1,spot1,spot1,spot1,spot1,spot1,spot1,spot1,spot1,spot1,spot1,23,23,10,10,10,10,10,10,10,10,10,10,10,0.0,0.0,0.0,0.0,0.16666666666666700,0.0,0.8333333333333330,0.0,0.0,0.0,0.0,0.0,0.0,0.0,0.0,0.0,0.0,0.0,0.0,0.0,0.0,0.0,0.0,0.0,0.0,0.0,0.0,0.0,0.0,0.0,0.0,0.0,0.0,0.0,0.0,1.0,0.0,0.0,0.0,0.0,0.0,0.0,0.0,0.0,0.0,0.0,0.0,0.0,0.0,0.0,0.0,0.0,0.0,0.0,0.0,0.0,0.0,0.0,156.0,6.0,0,1,I will allways choose the highest price of the color purple.,0.8333333333333330,0.0,0.0,0.16666666666666700,0.0,1.0,0.0,0.0,0.0,0.0
124,2024-01-12_experiment-part-3,"{""numRounds"":13,""playerCount"":2,""spot1"":{""color"":""orange"",""discountPrice"":10,""regularPrice"":20},""spot2"":{""color"":""orange"",""discountPrice"":10,""regularPrice"":20},""spot3"":{""color"":""purple"",""discountPrice"":8,""regularPrice"":18},""spot4"":{""color"":""purple"",""discountPrice"":13,""regularPrice"":23}}",condition1,01HKZ54P46T3QNDTNK6HAHT0V3,01HKZ5GBB3DQK4QEHQY8K6WXE8,1,spot1,spot2,spot2,spot3,spot2,spot2,spot2,spot2,spot2,spot2,spot2,spot2,spot2,30,10,10,18,10,10,10,10,10,10,10,10,10,0.0,0.0,0.0,0.0,0.0,0.0,0.8333333333333330,0.0,0.0,0.0,0.0,0.0,0.0,0.0,0.0,0.0,0.0,0.0,0.0,0.0,0.0,0.0,0.0,0.0,0.0,0.0,0.0,0.0,0.16666666666666700,0.0,0.0,0.0,0.0,0.0,0.0,1.0,0.0,0.0,0.0,0.0,0.0,0.0,0.0,0.0,0.0,0.0,0.0,0.0,0.0,0.0,0.0,0.0,0.0,0.0,0.0,0.0,0.0,0.0,158.0,-2.0,1,3,we alternate between 1st and 2nd in the lowest discount group,0.8333333333333330,0.0,0.0,0.0,0.16666666666666700,1.0,0.0,0.0,0.0,0.0
125,2024-01-12_experiment-part-3,"{""numRounds"":13,""playerCount"":2,""spot1"":{""color"":""orange"",""discountPrice"":10,""regularPrice"":20},""spot2"":{""color"":""orange"",""discountPrice"":10,""regularPrice"":20},""spot3"":{""color"":""purple"",""discountPrice"":8,""regularPrice"":18},""spot4"":{""color"":""purple"",""discountPrice"":13,""regularPrice"":23}}",condition1,01HKZ54P46T3QNDTNK6HAHT0V3,01HKZ5H2AH2VGTJRD82NBF7MRC,2,spot1,spot1,spot1,spot1,spot1,spot1,spot1,spot1,spot1,spot1,spot1,spot1,spot1,30,10,10,20,10,10,10,10,10,10,10,10,10,0.0,0.0,0.0,0.0,0.0,0.0,0.8333333333333330,0.0,0.0,0.0,0.0,0.0,0.0,0.0,0.0,0.0,0.0,0.0,0.0,0.0,0.0,0.0,0.0,0.0,0.0,0.0,0.0,0.0,0.16666666666666700,0.0,0.0,0.0,0.0,0.0,0.0,1.0,0.0,0.0,0.0,0.0,0.0,0.0,0.0,0.0,0.0,0.0,0.0,0.0,0.0,0.0,0.0,0.0,0.0,0.0,0.0,0.0,0.0,0.0,160.0,2.0,1,0,  In this case it would be fair for both of us to go for orange spots and I would say - I will always pick first one and you always pick second one and both of us get the best deal!,0.8333333333333330,0.0,0.0,0.0,0.16666666666666700,1.0,0.0,0.0,0.0,0.0
126,2024-01-12_experiment-part-3,"{""numRounds"":13,""playerCount"":2,""spot1"":{""color"":""orange"",""discountPrice"":10,""regularPrice"":20},""spot2"":{""color"":""orange"",""discountPrice"":10,""regularPrice"":20},""spot3"":{""color"":""purple"",""discountPrice"":8,""regularPrice"":18},""spot4"":{""color"":""purple"",""discountPrice"":13,""regularPrice"":23}}",condition1,01HKZ54P46T3QNDTNK6ZKQ4BJY,01HKZ5FRENZG2CY0MCKH53TS4Y,1,spot2,spot2,spot2,spot2,spot2,spot2,spot2,spot2,spot2,spot2,spot2,spot2,spot2,30,20,10,10,10,10,10,10,10,10,10,10,10,0.0,0.0,0.0,0.0,0.0,0.0,0.8333333333333330,0.0,0.0,0.0,0.0,0.0,0.0,0.0,0.0,0.0,0.0,0.0,0.0,0.0,0.0,0.0,0.0,0.0,0.0,0.0,0.0,0.0,0.16666666666666700,0.0,0.0,0.0,0.0,0.0,0.0,1.0,0.0,0.0,0.0,0.0,0.0,0.0,0.0,0.0,0.0,0.0,0.0,0.0,0.0,0.0,0.0,0.0,0.0,0.0,0.0,0.0,0.0,0.0,160.0,-3.0,1,0,"I'll pick the right spot and you can pick the left spot of the yellow spots.  In the example listed, I'd pick the right purple spot, and you would pick the left",0.8333333333333330,0.0,0.0,0.0,0.16666666666666700,1.0,0.0,0.0,0.0,0.0
127,2024-01-12_experiment-part-3,"{""numRounds"":13,""playerCount"":2,""spot1"":{""color"":""orange"",""discountPrice"":10,""regularPrice"":20},""spot2"":{""color"":""orange"",""discountPrice"":10,""regularPrice"":20},""spot3"":{""color"":""purple"",""discountPrice"":8,""regularPrice"":18},""spot4"":{""color"":""purple"",""discountPrice"":13,""regularPrice"":23}}",condition1,01HKZ54P46T3QNDTNK6ZKQ4BJY,01HKZ5PQXNVBP69G2F5QK5VRG5,2,spot2,spot4,spot1,spot1,spot1,spot1,spot1,spot1,spot1,spot1,spot1,spot1,spot1,30,23,10,10,10,10,10,10,10,10,10,10,10,0.0,0.0,0.0,0.0,0.0,0.0,0.8333333333333330,0.0,0.0,0.0,0.0,0.0,0.0,0.0,0.0,0.0,0.0,0.0,0.0,0.0,0.0,0.0,0.0,0.0,0.0,0.0,0.0,0.0,0.16666666666666700,0.0,0.0,0.0,0.0,0.0,0.0,1.0,0.0,0.0,0.0,0.0,0.0,0.0,0.0,0.0,0.0,0.0,0.0,0.0,0.0,0.0,0.0,0.0,0.0,0.0,0.0,0.0,0.0,0.0,163.0,3.0,1,2,I plan on picking the second spots,0.8333333333333330,0.0,0.0,0.0,0.16666666666666700,1.0,0.0,0.0,0.0,0.0
128,2024-01-12_experiment-part-3,"{""numRounds"":13,""playerCount"":2,""spot1"":{""color"":""orange"",""discountPrice"":10,""regularPrice"":20},""spot2"":{""color"":""orange"",""discountPrice"":10,""regularPrice"":20},""spot3"":{""color"":""purple"",""discountPrice"":8,""regularPrice"":18},""spot4"":{""color"":""purple"",""discountPrice"":13,""regularPrice"":23}}",condition1,01HKZ54P46T3QNDTNK79JJT9M1,01HKZ5H56C96NKGB9ZN5Q5VQC8,1,spot1,spot1,spot1,spot1,spot1,spot1,spot3,spot1,spot1,spot2,spot1,spot3,spot1,20,10,10,10,10,10,18,10,10,30,10,18,10,0.5833333333333330,0.0,0.0,0.0,0.0,0.0,0.0,0.0,0.0,0.0,0.0,0.0,0.0,0.0,0.0,0.0,0.0,0.0,0.0,0.0,0.0,0.0,0.0,0.0,0.0,0.0,0.0,0.0,0.4166666666666670,0.0,0.0,0.0,0.0,0.0,0.0,0.0,0.0,0.0,0.0,0.0,0.0,0.0,0.0,0.0,0.0,0.0,0.0,0.0,0.0,0.0,0.0,0.0,0.0,0.0,0.0,0.0,0.0,1.0,176.0,-7.0,1,6,pick the color  on the right always,0.5833333333333330,0.0,0.0,0.0,0.4166666666666670,0.0,0.0,0.0,0.0,1.0
129,2024-01-12_experiment-part-3,"{""numRounds"":13,""playerCount"":2,""spot1"":{""color"":""orange"",""discountPrice"":10,""regularPrice"":20},""spot2"":{""color"":""orange"",""discountPrice"":10,""regularPrice"":20},""spot3"":{""color"":""purple"",""discountPrice"":8,""regularPrice"":18},""spot4"":{""color"":""purple"",""discountPrice"":13,""regularPrice"":23}}",condition1,01HKZ54P46T3QNDTNK79JJT9M1,01HKZ5HQ602X164JYJK5NHKQZB,2,spot4,spot2,spot2,spot2,spot2,spot2,spot2,spot2,spot2,spot2,spot2,spot2,spot2,23,10,10,10,10,10,20,10,10,30,10,20,10,0.5833333333333330,0.0,0.0,0.0,0.0,0.0,0.0,0.0,0.0,0.0,0.0,0.0,0.0,0.0,0.0,0.0,0.0,0.0,0.0,0.0,0.0,0.0,0.0,0.0,0.0,0.0,0.0,0.0,0.4166666666666670,0.0,0.0,0.0,0.0,0.0,0.0,0.0,0.0,0.0,0.0,0.0,0.0,0.0,0.0,0.0,0.0,0.0,0.0,0.0,0.0,0.0,0.0,0.0,0.0,0.0,0.0,0.0,0.0,1.0,183.0,7.0,1,1,"Fighting over the best discount price will be counterproductive, so here is what I suggest: I'll assume you always will pick the space with the lowest discount price, and then I will pick the other space of that color. I'm willing to give up the most beneficial space to ensure we both always get a discounted price without us undermining each other.",0.5833333333333330,0.0,0.0,0.0,0.4166666666666670,0.0,0.0,0.0,0.0,1.0
130,2024-01-12_experiment-part-3,"{""numRounds"":13,""playerCount"":2,""spot1"":{""color"":""orange"",""discountPrice"":10,""regularPrice"":20},""spot2"":{""color"":""orange"",""discountPrice"":10,""regularPrice"":20},""spot3"":{""color"":""purple"",""discountPrice"":1,""regularPrice"":11},""spot4"":{""color"":""purple"",""discountPrice"":13,""regularPrice"":23}}",condition2,01HKZ54P475EF6JJDSHSAM0K9K,01HKZ5G4327X9QAABXFDY3AZ4Z,1,spot2,spot3,spot3,spot2,spot3,spot3,spot3,spot1,spot1,spot1,spot1,spot1,spot3,20,30,30,20,30,30,30,20,10,10,10,10,1,0.3333333333333330,0.0,0.0,0.0,0.0,0.0,0.0,0.0,0.0,0.0,0.0,0.0,0.0,0.0,0.0,0.0,0.0,0.0,0.0,0.0,0.0,0.0,0.0,0.0,0.0,0.0,0.4166666666666670,0.0,0.25,1.0,0.0,0.0,0.0,0.0,0.0,0.0,0.0,0.0,0.0,0.0,0.0,0.0,0.0,0.0,0.0,0.0,0.0,0.0,0.0,0.0,0.0,0.0,0.0,0.0,0.0,0.0,0.0,0.0,251.0,-28.0,5,5,"If we both pick orange we will both save money. You pick Orange #1 (furthest left) and I will take Orange #2 (second from the left) EVERY day. The same spot, every day",0.3333333333333330,0.0,0.0,0.0,0.6666666666666670,1.0,0.0,0.0,0.0,0.0
131,2024-01-12_experiment-part-3,"{""numRounds"":13,""playerCount"":2,""spot1"":{""color"":""orange"",""discountPrice"":10,""regularPrice"":20},""spot2"":{""color"":""orange"",""discountPrice"":10,""regularPrice"":20},""spot3"":{""color"":""purple"",""discountPrice"":1,""regularPrice"":11},""spot4"":{""color"":""purple"",""discountPrice"":13,""regularPrice"":23}}",condition2,01HKZ54P475EF6JJDSHSAM0K9K,01HKZ5HC7AV9MZ8G9RFQBZMM29,2,spot4,spot3,spot3,spot4,spot3,spot3,spot3,spot4,spot2,spot2,spot2,spot2,spot2,23,30,30,23,30,30,30,23,10,10,10,10,20,0.3333333333333330,0.0,0.0,0.0,0.0,0.0,0.0,0.0,0.0,0.0,0.0,0.0,0.0,0.0,0.0,0.0,0.0,0.0,0.0,0.0,0.0,0.0,0.0,0.0,0.0,0.0,0.4166666666666670,0.0,0.25,1.0,0.0,0.0,0.0,0.0,0.0,0.0,0.0,0.0,0.0,0.0,0.0,0.0,0.0,0.0,0.0,0.0,0.0,0.0,0.0,0.0,0.0,0.0,0.0,0.0,0.0,0.0,0.0,0.0,279.0,28.0,5,5,"We will both chose the cheaper option. I will take the left option, you will take the right.",0.3333333333333330,0.0,0.0,0.0,0.6666666666666670,1.0,0.0,0.0,0.0,0.0
132,2024-01-12_experiment-part-3,"{""numRounds"":13,""playerCount"":2,""spot1"":{""color"":""orange"",""discountPrice"":10,""regularPrice"":20},""spot2"":{""color"":""orange"",""discountPrice"":10,""regularPrice"":20},""spot3"":{""color"":""purple"",""discountPrice"":1,""regularPrice"":11},""spot4"":{""color"":""purple"",""discountPrice"":13,""regularPrice"":23}}",condition2,01HKZ54P475EF6JJDSJ72H4KR3,01HKZ5GA4ASDRRE1TR3D7Q6RZD,1,spot4,spot1,spot3,spot3,spot4,spot3,spot4,spot3,spot4,spot3,spot4,spot3,spot4,23,20,30,1,13,1,13,1,13,1,13,1,13,0.0,0.0,0.0,0.0,0.0,0.0,0.0,0.0,0.0,0.0,0.0,0.0,0.0,0.0,0.0,0.0,0.0,0.0,0.0,0.0,0.0,0.0,0.0,0.75,0.0,0.0,0.0,0.0,0.25,0.0,0.0,0.0,0.0,0.0,0.0,0.0,0.0,0.0,0.0,0.0,0.0,0.0,0.0,0.0,0.0,0.0,0.0,0.0,0.0,0.0,0.0,0.0,1.0,0.0,0.0,0.0,0.0,0.0,143.0,12.0,1,11,"To pay the least, we should both aim for the purple spots, but it is hard to know which one of the two my partner would pick. That said, I will just always choose for myself the one on the far right. ",0.0,0.0,0.75,0.0,0.25,0.0,0.0,1.0,0.0,0.0
133,2024-01-12_experiment-part-3,"{""numRounds"":13,""playerCount"":2,""spot1"":{""color"":""orange"",""discountPrice"":10,""regularPrice"":20},""spot2"":{""color"":""orange"",""discountPrice"":10,""regularPrice"":20},""spot3"":{""color"":""purple"",""discountPrice"":1,""regularPrice"":11},""spot4"":{""color"":""purple"",""discountPrice"":13,""regularPrice"":23}}",condition2,01HKZ54P475EF6JJDSJ72H4KR3,01HKZ5GBHJ44W909N6K5KS9NXP,2,spot2,spot3,spot3,spot4,spot3,spot4,spot3,spot4,spot3,spot4,spot3,spot4,spot3,20,11,30,13,1,13,1,13,1,13,1,13,1,0.0,0.0,0.0,0.0,0.0,0.0,0.0,0.0,0.0,0.0,0.0,0.0,0.0,0.0,0.0,0.0,0.0,0.0,0.0,0.0,0.0,0.0,0.0,0.75,0.0,0.0,0.0,0.0,0.25,0.0,0.0,0.0,0.0,0.0,0.0,0.0,0.0,0.0,0.0,0.0,0.0,0.0,0.0,0.0,0.0,0.0,0.0,0.0,0.0,0.0,0.0,0.0,1.0,0.0,0.0,0.0,0.0,0.0,131.0,-12.0,1,11,"always pick orange. i will pick the more expensive spot, you pick cheaper. if the cost is the same, you pick the leftmost orange spot, i pick the rightmost orange spot",0.0,0.0,0.75,0.0,0.25,0.0,0.0,1.0,0.0,0.0
134,2024-01-12_experiment-part-3,"{""numRounds"":13,""playerCount"":2,""spot1"":{""color"":""orange"",""discountPrice"":10,""regularPrice"":20},""spot2"":{""color"":""orange"",""discountPrice"":10,""regularPrice"":20},""spot3"":{""color"":""purple"",""discountPrice"":1,""regularPrice"":11},""spot4"":{""color"":""purple"",""discountPrice"":13,""regularPrice"":23}}",condition2,01HKZ54P475EF6JJDSJCMBR3Y7,01HKZ5E0KFG7331B7NT59YK11M,1,spot3,spot4,spot3,spot4,spot3,spot4,spot3,spot4,spot3,spot4,spot3,spot4,spot3,1,13,1,13,1,13,1,13,1,13,1,13,1,0.0,0.0,0.0,0.0,0.0,0.0,0.0,0.0,0.0,0.0,0.0,0.0,0.0,0.0,0.0,0.0,0.0,0.0,0.0,0.0,0.0,0.0,0.0,1.0,0.0,0.0,0.0,0.0,0.0,0.0,0.0,0.0,0.0,0.0,0.0,0.0,0.0,0.0,0.0,0.0,0.0,0.0,0.0,0.0,0.0,0.0,0.0,0.0,0.0,0.0,0.0,0.0,1.0,0.0,0.0,0.0,0.0,0.0,85.0,-12.0,0,12,I would alternate between the purple spots I pick the 1Mu first then the 13MU second.  The other picks the opposite purple space and we alternate to maximize our savings,0.0,0.0,1.0,0.0,0.0,0.0,0.0,1.0,0.0,0.0
135,2024-01-12_experiment-part-3,"{""numRounds"":13,""playerCount"":2,""spot1"":{""color"":""orange"",""discountPrice"":10,""regularPrice"":20},""spot2"":{""color"":""orange"",""discountPrice"":10,""regularPrice"":20},""spot3"":{""color"":""purple"",""discountPrice"":1,""regularPrice"":11},""spot4"":{""color"":""purple"",""discountPrice"":13,""regularPrice"":23}}",condition2,01HKZ54P475EF6JJDSJCMBR3Y7,01HKZ5J9KZQW0PEYHPMXBN2D4A,2,spot4,spot3,spot4,spot3,spot4,spot3,spot4,spot3,spot4,spot3,spot4,spot3,spot4,13,1,13,1,13,1,13,1,13,1,13,1,13,0.0,0.0,0.0,0.0,0.0,0.0,0.0,0.0,0.0,0.0,0.0,0.0,0.0,0.0,0.0,0.0,0.0,0.0,0.0,0.0,0.0,0.0,0.0,1.0,0.0,0.0,0.0,0.0,0.0,0.0,0.0,0.0,0.0,0.0,0.0,0.0,0.0,0.0,0.0,0.0,0.0,0.0,0.0,0.0,0.0,0.0,0.0,0.0,0.0,0.0,0.0,0.0,1.0,0.0,0.0,0.0,0.0,0.0,97.0,12.0,0,12,"We should both pick yellow parking spots, the cost wih a discount is slightly higher but it is the fair choice, and we will avoid crashing",0.0,0.0,1.0,0.0,0.0,0.0,0.0,1.0,0.0,0.0
136,2024-01-12_experiment-part-3,"{""numRounds"":13,""playerCount"":2,""spot1"":{""color"":""orange"",""discountPrice"":10,""regularPrice"":20},""spot2"":{""color"":""orange"",""discountPrice"":10,""regularPrice"":20},""spot3"":{""color"":""purple"",""discountPrice"":1,""regularPrice"":11},""spot4"":{""color"":""purple"",""discountPrice"":13,""regularPrice"":23}}",condition2,01HKZ54P481CDHVX7HJ5VSRMKF,01HKZ5GAH59HC3WWPNQ2YGR17N,1,spot3,spot1,spot2,spot2,spot3,spot3,spot1,spot2,spot3,spot2,spot3,spot2,spot3,11,20,30,30,11,30,10,30,11,20,11,30,30,0.0,0.0,0.0,0.0,0.0,0.0,0.0,0.0,0.0,0.0,0.0,0.0,0.0,0.0,0.0,0.0,0.0,0.0,0.0,0.0,0.0,0.25,0.0,0.0,0.0,0.16666666666666700,0.0,0.0,0.5833333333333330,0.0,0.0,0.0,0.0,0.0,0.0,0.0,0.0,0.0,0.0,0.0,0.0,0.0,0.0,0.0,0.0,0.0,0.0,0.0,0.0,0.0,0.75,0.0,0.0,0.0,0.0,0.0,0.0,0.25,274.0,-18.0,6,10,I believe that the best plan is to consistently pick the yellow color on the left. Player one selects the left and player 2 selects the right. Then we would always get the discount and never crash.,0.0,0.0,0.0,0.25,0.75,0.0,0.0,0.0,0.75,0.25
137,2024-01-12_experiment-part-3,"{""numRounds"":13,""playerCount"":2,""spot1"":{""color"":""orange"",""discountPrice"":10,""regularPrice"":20},""spot2"":{""color"":""orange"",""discountPrice"":10,""regularPrice"":20},""spot3"":{""color"":""purple"",""discountPrice"":1,""regularPrice"":11},""spot4"":{""color"":""purple"",""discountPrice"":13,""regularPrice"":23}}",condition2,01HKZ54P481CDHVX7HJ5VSRMKF,01HKZ5H9H0BQYSZWEX74PFFCYG,2,spot2,spot3,spot2,spot2,spot2,spot3,spot2,spot2,spot2,spot3,spot2,spot2,spot3,20,11,30,30,20,30,10,30,20,11,20,30,30,0.0,0.0,0.0,0.0,0.0,0.0,0.0,0.0,0.0,0.0,0.0,0.0,0.0,0.0,0.0,0.0,0.0,0.0,0.0,0.0,0.0,0.25,0.0,0.0,0.0,0.16666666666666700,0.0,0.0,0.5833333333333330,0.0,0.0,0.0,0.0,0.0,0.0,0.0,0.0,0.0,0.0,0.0,0.0,0.0,0.0,0.0,0.0,0.0,0.0,0.0,0.0,0.0,0.75,0.0,0.0,0.0,0.0,0.0,0.0,0.25,292.0,18.0,6,7,"I think if want to maximize our bonuses, we should attempt to stick with the same color.  I would stick with one of the yellow spots, and stay consistent throughout the game.",0.0,0.0,0.0,0.25,0.75,0.0,0.0,0.0,0.75,0.25
138,2024-01-12_experiment-part-3,"{""numRounds"":13,""playerCount"":2,""spot1"":{""color"":""orange"",""discountPrice"":10,""regularPrice"":20},""spot2"":{""color"":""orange"",""discountPrice"":10,""regularPrice"":20},""spot3"":{""color"":""purple"",""discountPrice"":8,""regularPrice"":18},""spot4"":{""color"":""purple"",""discountPrice"":1,""regularPrice"":11}}",condition3,01HKZ54P4FKCJV7TRJ0Y78AG0K,01HKZ5GS5D3CDYAJDV1Z6Q8AB0,1,spot3,spot4,spot3,spot4,spot1,spot4,spot3,spot4,spot3,spot4,spot2,spot4,spot4,18,30,18,11,20,1,30,11,30,1,20,1,1,0.0,0.0,0.0,0.0,0.0,0.0,0.0,0.0,0.0,0.0,0.0,0.0,0.0,0.0,0.0,0.0,0.0,0.0,0.0,0.0,0.0,0.0,0.0,0.0,0.0,0.0,0.0,0.0,1.0,0.0,0.0,0.0,0.0,0.0,0.0,0.0,0.0,0.0,0.0,0.0,0.0,0.0,0.0,0.0,0.0,0.0,0.0,0.0,0.0,0.0,0.0,0.0,0.0,0.0,0.0,0.0,0.0,1.0,192.0,-46.0,3,11,I think it's important to avoid banking all the time on the cheapest spot. You have to be strategic and be diverse in your choices.,0.0,0.0,0.0,0.0,1.0,0.0,0.0,0.0,0.0,1.0
139,2024-01-12_experiment-part-3,"{""numRounds"":13,""playerCount"":2,""spot1"":{""color"":""orange"",""discountPrice"":10,""regularPrice"":20},""spot2"":{""color"":""orange"",""discountPrice"":10,""regularPrice"":20},""spot3"":{""color"":""purple"",""discountPrice"":8,""regularPrice"":18},""spot4"":{""color"":""purple"",""discountPrice"":1,""regularPrice"":11}}",condition3,01HKZ54P4FKCJV7TRJ0Y78AG0K,01HKZ5HNXX44XVPJGX13GHMA98,2,spot1,spot4,spot2,spot1,spot3,spot3,spot3,spot2,spot3,spot3,spot3,spot3,spot3,20,30,20,20,18,8,30,20,30,8,18,8,8,0.0,0.0,0.0,0.0,0.0,0.0,0.0,0.0,0.0,0.0,0.0,0.0,0.0,0.0,0.0,0.0,0.0,0.0,0.0,0.0,0.0,0.0,0.0,0.0,0.0,0.0,0.0,0.0,1.0,0.0,0.0,0.0,0.0,0.0,0.0,0.0,0.0,0.0,0.0,0.0,0.0,0.0,0.0,0.0,0.0,0.0,0.0,0.0,0.0,0.0,0.0,0.0,0.0,0.0,0.0,0.0,0.0,1.0,238.0,46.0,3,6,"I would pick the orange spaces since they both have the same price, but a better discount.",0.0,0.0,0.0,0.0,1.0,0.0,0.0,0.0,0.0,1.0
140,2024-01-12_experiment-part-3,"{""numRounds"":13,""playerCount"":2,""spot1"":{""color"":""orange"",""discountPrice"":10,""regularPrice"":20},""spot2"":{""color"":""orange"",""discountPrice"":10,""regularPrice"":20},""spot3"":{""color"":""purple"",""discountPrice"":8,""regularPrice"":18},""spot4"":{""color"":""purple"",""discountPrice"":1,""regularPrice"":11}}",condition3,01HKZ54P4GR20R6QJF40R0WBZY,01HKZ5GJH92YEFGMW04CK7PVX7,1,spot4,spot3,spot4,spot4,spot3,spot3,spot3,spot3,spot4,spot3,spot4,spot3,spot4,1,30,1,30,30,30,30,8,1,8,1,8,1,0.0,0.0,0.0,0.0,0.0,0.0,0.0,0.0,0.0,0.0,0.0,0.0,0.0,0.0,0.0,0.0,0.0,0.0,0.0,0.0,0.0,0.0,0.0,0.4166666666666670,0.0,0.0,0.25,0.0,0.3333333333333330,0.0,0.0,0.0,0.0,0.0,0.0,0.0,0.0,0.0,0.0,0.0,0.0,0.0,0.0,0.0,0.0,0.0,0.0,0.0,0.0,0.0,0.0,0.0,1.0,0.0,0.0,0.0,0.0,0.0,179.0,-14.0,5,8,"We alternate between most discounted price, I start first with the 1MC, then you do it, then I, then you, etc...",0.0,0.0,0.4166666666666670,0.0,0.5833333333333330,0.0,0.0,1.0,0.0,0.0
141,2024-01-12_experiment-part-3,"{""numRounds"":13,""playerCount"":2,""spot1"":{""color"":""orange"",""discountPrice"":10,""regularPrice"":20},""spot2"":{""color"":""orange"",""discountPrice"":10,""regularPrice"":20},""spot3"":{""color"":""purple"",""discountPrice"":8,""regularPrice"":18},""spot4"":{""color"":""purple"",""discountPrice"":1,""regularPrice"":11}}",condition3,01HKZ54P4GR20R6QJF40R0WBZY,01HKZ5H5PB66KZK3DZBDF7W6P9,2,spot3,spot3,spot3,spot4,spot3,spot3,spot3,spot4,spot3,spot4,spot3,spot4,spot3,8,30,8,30,30,30,30,1,8,1,8,1,8,0.0,0.0,0.0,0.0,0.0,0.0,0.0,0.0,0.0,0.0,0.0,0.0,0.0,0.0,0.0,0.0,0.0,0.0,0.0,0.0,0.0,0.0,0.0,0.4166666666666670,0.0,0.0,0.25,0.0,0.3333333333333330,0.0,0.0,0.0,0.0,0.0,0.0,0.0,0.0,0.0,0.0,0.0,0.0,0.0,0.0,0.0,0.0,0.0,0.0,0.0,0.0,0.0,0.0,0.0,1.0,0.0,0.0,0.0,0.0,0.0,193.0,14.0,5,8,"You can the lowest discount price on the first day, and I'll pick the same color. Then we'll switch roles until the game is over.",0.0,0.0,0.4166666666666670,0.0,0.5833333333333330,0.0,0.0,1.0,0.0,0.0
142,2024-01-12_experiment-part-3,"{""numRounds"":13,""playerCount"":2,""spot1"":{""color"":""orange"",""discountPrice"":10,""regularPrice"":20},""spot2"":{""color"":""orange"",""discountPrice"":10,""regularPrice"":20},""spot3"":{""color"":""purple"",""discountPrice"":8,""regularPrice"":18},""spot4"":{""color"":""purple"",""discountPrice"":1,""regularPrice"":11}}",condition3,01HKZ54P4H97KDC6HX00CH31E8,01HKZ5GK7Z0MAMWKZZVPNRJJ47,1,spot1,spot3,spot3,spot3,spot3,spot3,spot3,spot1,spot3,spot3,spot3,spot3,spot3,20,8,8,8,8,8,8,20,8,8,8,8,8,0.0,0.0,0.0,0.0,0.0,0.8333333333333330,0.0,0.0,0.0,0.0,0.0,0.0,0.0,0.0,0.0,0.0,0.0,0.0,0.0,0.0,0.0,0.0,0.0,0.0,0.0,0.0,0.0,0.0,0.16666666666666700,0.0,0.0,0.0,0.0,0.0,1.0,0.0,0.0,0.0,0.0,0.0,0.0,0.0,0.0,0.0,0.0,0.0,0.0,0.0,0.0,0.0,0.0,0.0,0.0,0.0,0.0,0.0,0.0,0.0,128.0,95.0,0,3,"If we both picked the purple parking spots, we could pay 9 for the day combined. We could split the cost of that and it would be much cheaper than paying the combined 20 for each day of purple.",0.0,0.8333333333333330,0.0,0.0,0.16666666666666700,0.0,1.0,0.0,0.0,0.0
143,2024-01-12_experiment-part-3,"{""numRounds"":13,""playerCount"":2,""spot1"":{""color"":""orange"",""discountPrice"":10,""regularPrice"":20},""spot2"":{""color"":""orange"",""discountPrice"":10,""regularPrice"":20},""spot3"":{""color"":""purple"",""discountPrice"":8,""regularPrice"":18},""spot4"":{""color"":""purple"",""discountPrice"":1,""regularPrice"":11}}",condition3,01HKZ54P4H97KDC6HX00CH31E8,01HKZ5JQPBKJKRGMJSBHPJRK5X,2,spot4,spot4,spot4,spot4,spot4,spot4,spot4,spot4,spot4,spot4,spot4,spot4,spot4,11,1,1,1,1,1,1,11,1,1,1,1,1,0.0,0.0,0.0,0.0,0.0,0.8333333333333330,0.0,0.0,0.0,0.0,0.0,0.0,0.0,0.0,0.0,0.0,0.0,0.0,0.0,0.0,0.0,0.0,0.0,0.0,0.0,0.0,0.0,0.0,0.16666666666666700,0.0,0.0,0.0,0.0,0.0,1.0,0.0,0.0,0.0,0.0,0.0,0.0,0.0,0.0,0.0,0.0,0.0,0.0,0.0,0.0,0.0,0.0,0.0,0.0,0.0,0.0,0.0,0.0,0.0,33.0,-95.0,0,0,I'm going for the low priced one so hopefully we crash a bunch. ,0.0,0.8333333333333330,0.0,0.0,0.16666666666666700,0.0,1.0,0.0,0.0,0.0
144,2024-01-12_experiment-part-3,"{""numRounds"":13,""playerCount"":2,""spot1"":{""color"":""orange"",""discountPrice"":10,""regularPrice"":20},""spot2"":{""color"":""orange"",""discountPrice"":10,""regularPrice"":20},""spot3"":{""color"":""purple"",""discountPrice"":8,""regularPrice"":18},""spot4"":{""color"":""purple"",""discountPrice"":1,""regularPrice"":11}}",condition3,01HKZ54P4H97KDC6HX08AZWX99,01HKZ5GN9001X9PZZQSP8QR1YN,1,spot3,spot3,spot4,spot4,spot4,spot2,spot3,spot3,spot4,spot4,spot4,spot3,spot4,30,18,30,30,30,10,18,8,30,1,1,30,30,0.0,0.0,0.0,0.0,0.0,0.0,0.0,0.0,0.0,0.0,0.0,0.16666666666666700,0.0,0.0,0.0,0.0,0.0,0.0,0.0,0.0,0.0,0.0,0.0,0.0,0.0,0.0,0.0,0.25,0.5833333333333330,0.0,0.0,0.0,0.0,0.0,0.0,0.0,0.0,0.0,0.0,0.0,0.5,0.0,0.0,0.0,0.0,0.0,0.0,0.0,0.0,0.0,0.0,0.0,0.0,0.0,0.0,0.0,0.0,0.5,266.0,-11.0,7,6,second lowest discount because the other may select the lowest,0.0,0.16666666666666700,0.0,0.0,0.8333333333333330,0.0,0.5,0.0,0.0,0.5
145,2024-01-12_experiment-part-3,"{""numRounds"":13,""playerCount"":2,""spot1"":{""color"":""orange"",""discountPrice"":10,""regularPrice"":20},""spot2"":{""color"":""orange"",""discountPrice"":10,""regularPrice"":20},""spot3"":{""color"":""purple"",""discountPrice"":8,""regularPrice"":18},""spot4"":{""color"":""purple"",""discountPrice"":1,""regularPrice"":11}}",condition3,01HKZ54P4H97KDC6HX08AZWX99,01HKZ5H1ERTS6TQQBDVNK64DHY,2,spot3,spot2,spot4,spot4,spot4,spot1,spot1,spot4,spot4,spot3,spot3,spot3,spot4,30,20,30,30,30,10,20,1,30,8,8,30,30,0.0,0.0,0.0,0.0,0.0,0.0,0.0,0.0,0.0,0.0,0.0,0.16666666666666700,0.0,0.0,0.0,0.0,0.0,0.0,0.0,0.0,0.0,0.0,0.0,0.0,0.0,0.0,0.0,0.25,0.5833333333333330,0.0,0.0,0.0,0.0,0.0,0.0,0.0,0.0,0.0,0.0,0.0,0.5,0.0,0.0,0.0,0.0,0.0,0.0,0.0,0.0,0.0,0.0,0.0,0.0,0.0,0.0,0.0,0.0,0.5,277.0,11.0,7,6,We should each alway choose a purple square. You start with 1 mu and i start with 8MU then we switch each round,0.0,0.16666666666666700,0.0,0.0,0.8333333333333330,0.0,0.5,0.0,0.0,0.5
146,2024-01-12_experiment-part-3,"{""numRounds"":13,""playerCount"":2,""spot1"":{""color"":""orange"",""discountPrice"":10,""regularPrice"":20},""spot2"":{""color"":""orange"",""discountPrice"":10,""regularPrice"":20},""spot3"":{""color"":""purple"",""discountPrice"":8,""regularPrice"":18},""spot4"":{""color"":""purple"",""discountPrice"":1,""regularPrice"":11}}",condition3,01HKZ54P4K9WGYC9YHBA1XHCST,01HKZ5M69KRA6149SGKERPWTNQ,1,spot3,spot3,spot3,spot3,spot3,spot3,spot3,spot3,spot3,spot3,spot3,spot3,spot3,30,30,8,8,8,8,8,8,8,8,8,8,8,0.0,0.0,0.0,0.0,0.0,0.8333333333333330,0.0,0.0,0.0,0.0,0.0,0.0,0.0,0.0,0.0,0.0,0.0,0.0,0.0,0.0,0.0,0.0,0.0,0.0,0.0,0.0,0.16666666666666700,0.0,0.0,0.0,0.0,0.0,0.0,0.0,1.0,0.0,0.0,0.0,0.0,0.0,0.0,0.0,0.0,0.0,0.0,0.0,0.0,0.0,0.0,0.0,0.0,0.0,0.0,0.0,0.0,0.0,0.0,0.0,148.0,77.0,2,0,Go with the parking spots on the right(purple). I'll take the Left purple spot.,0.0,0.8333333333333330,0.0,0.0,0.16666666666666700,0.0,1.0,0.0,0.0,0.0
147,2024-01-12_experiment-part-3,"{""numRounds"":13,""playerCount"":2,""spot1"":{""color"":""orange"",""discountPrice"":10,""regularPrice"":20},""spot2"":{""color"":""orange"",""discountPrice"":10,""regularPrice"":20},""spot3"":{""color"":""purple"",""discountPrice"":8,""regularPrice"":18},""spot4"":{""color"":""purple"",""discountPrice"":1,""regularPrice"":11}}",condition3,01HKZ54P4K9WGYC9YHBA1XHCST,01HKZ5MQH140H3RC27MPPSW5HZ,2,spot3,spot3,spot4,spot4,spot4,spot4,spot4,spot4,spot4,spot4,spot4,spot4,spot4,30,30,1,1,1,1,1,1,1,1,1,1,1,0.0,0.0,0.0,0.0,0.0,0.8333333333333330,0.0,0.0,0.0,0.0,0.0,0.0,0.0,0.0,0.0,0.0,0.0,0.0,0.0,0.0,0.0,0.0,0.0,0.0,0.0,0.0,0.16666666666666700,0.0,0.0,0.0,0.0,0.0,0.0,0.0,1.0,0.0,0.0,0.0,0.0,0.0,0.0,0.0,0.0,0.0,0.0,0.0,0.0,0.0,0.0,0.0,0.0,0.0,0.0,0.0,0.0,0.0,0.0,0.0,71.0,-77.0,2,1,"We will take turns. First turn I will take the 8MU and you take the 1MU spot. The next time we switch, I take the 1MU and you take the 8MU.",0.0,0.8333333333333330,0.0,0.0,0.16666666666666700,0.0,1.0,0.0,0.0,0.0
148,2024-01-12_experiment-part-3,"{""numRounds"":13,""playerCount"":2,""spot1"":{""color"":""orange"",""discountPrice"":10,""regularPrice"":20},""spot2"":{""color"":""orange"",""discountPrice"":10,""regularPrice"":20},""spot3"":{""color"":""purple"",""discountPrice"":8,""regularPrice"":18},""spot4"":{""color"":""purple"",""discountPrice"":1,""regularPrice"":11}}",condition3,01HKZ54P4M1JCZMD7728JQ2JST,01HKZ5H4F2G3TZP0T6C5DN6ZK9,1,spot2,spot2,spot2,spot2,spot2,spot2,spot2,spot2,spot2,spot2,spot2,spot2,spot2,20,20,10,10,10,10,10,10,10,10,10,10,10,0.0,0.0,0.0,0.16666666666666700,0.0,0.0,0.8333333333333330,0.0,0.0,0.0,0.0,0.0,0.0,0.0,0.0,0.0,0.0,0.0,0.0,0.0,0.0,0.0,0.0,0.0,0.0,0.0,0.0,0.0,0.0,0.0,0.0,0.0,0.0,0.0,0.0,1.0,0.0,0.0,0.0,0.0,0.0,0.0,0.0,0.0,0.0,0.0,0.0,0.0,0.0,0.0,0.0,0.0,0.0,0.0,0.0,0.0,0.0,0.0,150.0,4.0,0,0,I plan to pick the second 10mu/yellow discount plan for every round hoping that my partner will choose the first 10mu/yellow discount plan every round.,0.8333333333333330,0.0,0.0,0.16666666666666700,0.0,1.0,0.0,0.0,0.0,0.0
149,2024-01-12_experiment-part-3,"{""numRounds"":13,""playerCount"":2,""spot1"":{""color"":""orange"",""discountPrice"":10,""regularPrice"":20},""spot2"":{""color"":""orange"",""discountPrice"":10,""regularPrice"":20},""spot3"":{""color"":""purple"",""discountPrice"":8,""regularPrice"":18},""spot4"":{""color"":""purple"",""discountPrice"":1,""regularPrice"":11}}",condition3,01HKZ54P4M1JCZMD7728JQ2JST,01HKZ5JK1N942N9GM66FYNK4A1,2,spot3,spot3,spot1,spot1,spot1,spot1,spot1,spot1,spot1,spot1,spot1,spot1,spot1,18,18,10,10,10,10,10,10,10,10,10,10,10,0.0,0.0,0.0,0.16666666666666700,0.0,0.0,0.8333333333333330,0.0,0.0,0.0,0.0,0.0,0.0,0.0,0.0,0.0,0.0,0.0,0.0,0.0,0.0,0.0,0.0,0.0,0.0,0.0,0.0,0.0,0.0,0.0,0.0,0.0,0.0,0.0,0.0,1.0,0.0,0.0,0.0,0.0,0.0,0.0,0.0,0.0,0.0,0.0,0.0,0.0,0.0,0.0,0.0,0.0,0.0,0.0,0.0,0.0,0.0,0.0,146.0,-4.0,0,1,I am going to go for the 8MU discount spot because I feel like my partner will want the smallest amount.,0.8333333333333330,0.0,0.0,0.16666666666666700,0.0,1.0,0.0,0.0,0.0,0.0
150,2024-01-12_experiment-part-3,"{""numRounds"":13,""playerCount"":2,""spot1"":{""color"":""orange"",""discountPrice"":10,""regularPrice"":20},""spot2"":{""color"":""orange"",""discountPrice"":10,""regularPrice"":20},""spot3"":{""color"":""purple"",""discountPrice"":8,""regularPrice"":18},""spot4"":{""color"":""purple"",""discountPrice"":1,""regularPrice"":11}}",condition3,01HKZ54P4P5C6HB80N155WCMRF,01HKZ5H4C7SWV7S0Q3T9301622,1,spot4,spot3,spot3,spot3,spot3,spot3,spot3,spot3,spot3,spot3,spot3,spot4,spot4,30,8,8,8,8,8,8,8,8,8,8,30,30,0.0,0.0,0.0,0.0,0.0,0.8333333333333330,0.0,0.0,0.0,0.0,0.0,0.0,0.0,0.0,0.0,0.0,0.0,0.0,0.0,0.0,0.0,0.0,0.0,0.0,0.0,0.0,0.0,0.0,0.16666666666666700,0.0,0.0,0.0,0.0,0.0,0.75,0.0,0.0,0.0,0.0,0.0,0.0,0.0,0.0,0.0,0.0,0.0,0.0,0.0,0.0,0.0,0.0,0.0,0.0,0.0,0.0,0.0,0.0,0.25,170.0,70.0,3,2,We should both choose purple. ,0.0,0.8333333333333330,0.0,0.0,0.16666666666666700,0.0,0.75,0.0,0.0,0.25
151,2024-01-12_experiment-part-3,"{""numRounds"":13,""playerCount"":2,""spot1"":{""color"":""orange"",""discountPrice"":10,""regularPrice"":20},""spot2"":{""color"":""orange"",""discountPrice"":10,""regularPrice"":20},""spot3"":{""color"":""purple"",""discountPrice"":8,""regularPrice"":18},""spot4"":{""color"":""purple"",""discountPrice"":1,""regularPrice"":11}}",condition3,01HKZ54P4P5C6HB80N155WCMRF,01HKZ5VKRVBXEJK0Q8JJJJ8BQ3,2,spot4,spot4,spot4,spot4,spot4,spot4,spot4,spot4,spot4,spot4,spot4,spot4,spot4,30,1,1,1,1,1,1,1,1,1,1,30,30,0.0,0.0,0.0,0.0,0.0,0.8333333333333330,0.0,0.0,0.0,0.0,0.0,0.0,0.0,0.0,0.0,0.0,0.0,0.0,0.0,0.0,0.0,0.0,0.0,0.0,0.0,0.0,0.0,0.0,0.16666666666666700,0.0,0.0,0.0,0.0,0.0,0.75,0.0,0.0,0.0,0.0,0.0,0.0,0.0,0.0,0.0,0.0,0.0,0.0,0.0,0.0,0.0,0.0,0.0,0.0,0.0,0.0,0.0,0.0,0.25,100.0,-70.0,3,0,"always choose the first purple and I choose the last, in the first round, in the second we change",0.0,0.8333333333333330,0.0,0.0,0.16666666666666700,0.0,0.75,0.0,0.0,0.25
152,2024-01-12_experiment-part-3,"{""numRounds"":13,""playerCount"":2,""spot1"":{""color"":""orange"",""discountPrice"":10,""regularPrice"":20},""spot2"":{""color"":""orange"",""discountPrice"":10,""regularPrice"":20},""spot3"":{""color"":""purple"",""discountPrice"":8,""regularPrice"":18},""spot4"":{""color"":""purple"",""discountPrice"":1,""regularPrice"":11}}",condition3,01HKZ54P4P5C6HB80N1GPJD6VX,01HKZ5GDH7AWXBKAJJTWEJRP93,1,spot2,spot2,spot1,spot4,spot2,spot3,spot1,spot1,spot2,spot2,spot4,spot4,spot1,20,20,20,30,20,8,20,20,20,20,30,30,10,0.0,0.0,0.0,0.0,0.16666666666666700,0.0,0.0,0.0,0.0,0.0,0.0,0.0,0.0,0.0,0.0,0.0,0.0,0.0,0.0,0.0,0.0,0.0,0.0,0.0,0.0,0.0,0.0,0.16666666666666700,0.6666666666666670,0.0,0.0,0.0,0.0,0.5,0.0,0.0,0.0,0.0,0.0,0.0,0.0,0.0,0.0,0.0,0.0,0.0,0.0,0.0,0.0,0.0,0.0,0.0,0.0,0.0,0.0,0.0,0.5,0.0,268.0,64.0,3,8,Always pick the lowest spot,0.0,0.0,0.0,0.16666666666666700,0.8333333333333330,0.0,0.0,0.0,0.5,0.5
153,2024-01-12_experiment-part-3,"{""numRounds"":13,""playerCount"":2,""spot1"":{""color"":""orange"",""discountPrice"":10,""regularPrice"":20},""spot2"":{""color"":""orange"",""discountPrice"":10,""regularPrice"":20},""spot3"":{""color"":""purple"",""discountPrice"":8,""regularPrice"":18},""spot4"":{""color"":""purple"",""discountPrice"":1,""regularPrice"":11}}",condition3,01HKZ54P4P5C6HB80N1GPJD6VX,01HKZ5GJRY181KA9MWB9S0GTVP,2,spot4,spot3,spot4,spot4,spot4,spot4,spot3,spot4,spot4,spot4,spot4,spot4,spot4,11,18,11,30,11,1,18,11,11,11,30,30,11,0.0,0.0,0.0,0.0,0.16666666666666700,0.0,0.0,0.0,0.0,0.0,0.0,0.0,0.0,0.0,0.0,0.0,0.0,0.0,0.0,0.0,0.0,0.0,0.0,0.0,0.0,0.0,0.0,0.16666666666666700,0.6666666666666670,0.0,0.0,0.0,0.0,0.5,0.0,0.0,0.0,0.0,0.0,0.0,0.0,0.0,0.0,0.0,0.0,0.0,0.0,0.0,0.0,0.0,0.0,0.0,0.0,0.0,0.0,0.0,0.5,0.0,204.0,-64.0,3,4,We would alternate between spaces every other day.  One day I'd take the 1MU space and they'd take the 8MU.  The next day we'd switch.  This would allow us to both take advantage of the group discount and share the 1MU spot to help reduce our expense.,0.0,0.0,0.0,0.16666666666666700,0.8333333333333330,0.0,0.0,0.0,0.5,0.5
154,2024-01-12_experiment-part-4,"{""numRounds"":13,""playerCount"":2,""spot1"":{""color"":""orange"",""discountPrice"":10,""regularPrice"":20},""spot2"":{""color"":""orange"",""discountPrice"":10,""regularPrice"":20},""spot3"":{""color"":""purple"",""discountPrice"":8,""regularPrice"":18},""spot4"":{""color"":""purple"",""discountPrice"":13,""regularPrice"":23}}",condition1,01HKZA9778VPFMF2J6GR4Y7PJ1,01HKZAD8QKH9PS01VZD3RSM9E9,1,spot1,spot1,spot1,spot1,spot1,spot1,spot1,spot1,spot1,spot1,spot1,spot1,spot1,30,20,10,10,10,10,10,10,10,10,20,10,10,0.6666666666666670,0.0,0.0,0.0,0.0,0.0,0.0,0.0,0.0,0.0,0.0,0.0,0.0,0.0,0.0,0.0,0.0,0.0,0.0,0.0,0.0,0.0,0.0,0.0,0.0,0.0,0.0,0.0,0.3333333333333330,0.5,0.0,0.0,0.0,0.0,0.0,0.0,0.0,0.0,0.0,0.0,0.0,0.0,0.0,0.0,0.0,0.0,0.0,0.0,0.0,0.0,0.0,0.0,0.0,0.0,0.0,0.0,0.0,0.5,170.0,-1.0,1,0,Let's just pick the green spots and have fair outcomes for both of us. I'll pick the left you pick the right.,0.6666666666666670,0.0,0.0,0.0,0.3333333333333330,0.5,0.0,0.0,0.0,0.5
155,2024-01-12_experiment-part-4,"{""numRounds"":13,""playerCount"":2,""spot1"":{""color"":""orange"",""discountPrice"":10,""regularPrice"":20},""spot2"":{""color"":""orange"",""discountPrice"":10,""regularPrice"":20},""spot3"":{""color"":""purple"",""discountPrice"":8,""regularPrice"":18},""spot4"":{""color"":""purple"",""discountPrice"":13,""regularPrice"":23}}",condition1,01HKZA9778VPFMF2J6GR4Y7PJ1,01HKZADAY4KKSEYWYBHMTNHYC0,2,spot1,spot4,spot2,spot2,spot2,spot2,spot2,spot2,spot2,spot2,spot3,spot2,spot2,30,23,10,10,10,10,10,10,10,10,18,10,10,0.6666666666666670,0.0,0.0,0.0,0.0,0.0,0.0,0.0,0.0,0.0,0.0,0.0,0.0,0.0,0.0,0.0,0.0,0.0,0.0,0.0,0.0,0.0,0.0,0.0,0.0,0.0,0.0,0.0,0.3333333333333330,0.5,0.0,0.0,0.0,0.0,0.0,0.0,0.0,0.0,0.0,0.0,0.0,0.0,0.0,0.0,0.0,0.0,0.0,0.0,0.0,0.0,0.0,0.0,0.0,0.0,0.0,0.0,0.0,0.5,171.0,1.0,1,4,"You will always pick the rightmost spot of the color in the parking lot, I will always choose the leftmost spot. Ideally always choose orange.",0.6666666666666670,0.0,0.0,0.0,0.3333333333333330,0.5,0.0,0.0,0.0,0.5
156,2024-01-12_experiment-part-4,"{""numRounds"":13,""playerCount"":2,""spot1"":{""color"":""orange"",""discountPrice"":10,""regularPrice"":20},""spot2"":{""color"":""orange"",""discountPrice"":10,""regularPrice"":20},""spot3"":{""color"":""purple"",""discountPrice"":8,""regularPrice"":18},""spot4"":{""color"":""purple"",""discountPrice"":13,""regularPrice"":23}}",condition1,01HKZA9778VPFMF2J6H57KEZ73,01HKZADXP1S4G8SC5FK0098JY5,1,spot4,spot4,spot1,spot1,spot1,spot1,spot1,spot1,spot1,spot1,spot1,spot1,spot3,23,23,20,10,10,10,10,10,10,10,10,10,8,0.75,0.0,0.0,0.0,0.0,0.0,0.0,0.0,0.0,0.0,0.16666666666666700,0.0,0.0,0.0,0.0,0.0,0.0,0.0,0.0,0.0,0.0,0.0,0.0,0.0,0.0,0.0,0.0,0.0,0.08333333333333330,1.0,0.0,0.0,0.0,0.0,0.0,0.0,0.0,0.0,0.0,0.0,0.0,0.0,0.0,0.0,0.0,0.0,0.0,0.0,0.0,0.0,0.0,0.0,0.0,0.0,0.0,0.0,0.0,0.0,164.0,-4.0,0,2,"We could alternate turns parking in the purple zone. I can pick the 18MU spot first and you the 23MU. Then the next time I would choose the 23/13MU spot and you the 18/8MU spot, and we'd continue to alternate.",0.75,0.0,0.0,0.16666666666666700,0.08333333333333330,1.0,0.0,0.0,0.0,0.0
157,2024-01-12_experiment-part-4,"{""numRounds"":13,""playerCount"":2,""spot1"":{""color"":""orange"",""discountPrice"":10,""regularPrice"":20},""spot2"":{""color"":""orange"",""discountPrice"":10,""regularPrice"":20},""spot3"":{""color"":""purple"",""discountPrice"":8,""regularPrice"":18},""spot4"":{""color"":""purple"",""discountPrice"":13,""regularPrice"":23}}",condition1,01HKZA9778VPFMF2J6H57KEZ73,01HKZAE4SP4307T5GVN81PQ6CH,2,spot2,spot2,spot3,spot2,spot2,spot2,spot2,spot2,spot2,spot2,spot2,spot2,spot2,20,20,18,10,10,10,10,10,10,10,10,10,20,0.75,0.0,0.0,0.0,0.0,0.0,0.0,0.0,0.0,0.0,0.16666666666666700,0.0,0.0,0.0,0.0,0.0,0.0,0.0,0.0,0.0,0.0,0.0,0.0,0.0,0.0,0.0,0.0,0.0,0.08333333333333330,1.0,0.0,0.0,0.0,0.0,0.0,0.0,0.0,0.0,0.0,0.0,0.0,0.0,0.0,0.0,0.0,0.0,0.0,0.0,0.0,0.0,0.0,0.0,0.0,0.0,0.0,0.0,0.0,0.0,168.0,4.0,0,2,Always choose your same yellow parking spot and I will too. Then we can get the discount and bonus. I will choose the 2nd yellow spot always.,0.75,0.0,0.0,0.16666666666666700,0.08333333333333330,1.0,0.0,0.0,0.0,0.0
158,2024-01-12_experiment-part-4,"{""numRounds"":13,""playerCount"":2,""spot1"":{""color"":""orange"",""discountPrice"":10,""regularPrice"":20},""spot2"":{""color"":""orange"",""discountPrice"":10,""regularPrice"":20},""spot3"":{""color"":""purple"",""discountPrice"":8,""regularPrice"":18},""spot4"":{""color"":""purple"",""discountPrice"":13,""regularPrice"":23}}",condition1,01HKZA97792T7YP658EBCTM04W,01HKZAD9QV79N5KB9ZFMSXYXQ2,1,spot1,spot2,spot3,spot4,spot1,spot2,spot3,spot4,spot1,spot2,spot3,spot4,spot1,30,30,18,23,10,30,18,23,10,10,8,13,10,0.0,0.0,0.0,0.0,0.0,0.0,0.0,0.0,0.0,0.0,0.0,0.0,0.0,0.0,0.0,0.0,0.0,0.0,0.16666666666666700,0.0,0.0,0.0,0.0,0.16666666666666700,0.0,0.0,0.0,0.0,0.6666666666666670,0.0,0.0,0.0,0.0,0.0,0.0,0.0,0.0,0.0,0.0,0.0,0.0,0.0,0.0,0.0,0.0,0.0,0.0,0.5,0.0,0.0,0.0,0.0,0.5,0.0,0.0,0.0,0.0,0.0,233.0,2.0,3,12,I would choose a different spot of the course of the several days. Starting from the left side to the right side.,0.0,0.0,0.16666666666666700,0.16666666666666700,0.6666666666666670,0.0,0.0,0.5,0.5,0.0
159,2024-01-12_experiment-part-4,"{""numRounds"":13,""playerCount"":2,""spot1"":{""color"":""orange"",""discountPrice"":10,""regularPrice"":20},""spot2"":{""color"":""orange"",""discountPrice"":10,""regularPrice"":20},""spot3"":{""color"":""purple"",""discountPrice"":8,""regularPrice"":18},""spot4"":{""color"":""purple"",""discountPrice"":13,""regularPrice"":23}}",condition1,01HKZA97792T7YP658EBCTM04W,01HKZADK5AQ7GCASNGFGD9400W,2,spot1,spot2,spot2,spot2,spot2,spot2,spot2,spot2,spot2,spot1,spot4,spot3,spot2,30,30,20,20,10,30,20,20,10,10,13,8,10,0.0,0.0,0.0,0.0,0.0,0.0,0.0,0.0,0.0,0.0,0.0,0.0,0.0,0.0,0.0,0.0,0.0,0.0,0.16666666666666700,0.0,0.0,0.0,0.0,0.16666666666666700,0.0,0.0,0.0,0.0,0.6666666666666670,0.0,0.0,0.0,0.0,0.0,0.0,0.0,0.0,0.0,0.0,0.0,0.0,0.0,0.0,0.0,0.0,0.0,0.0,0.5,0.0,0.0,0.0,0.0,0.5,0.0,0.0,0.0,0.0,0.0,231.0,-2.0,3,5,If you take the highest discounted spot I'll take the second spot,0.0,0.0,0.16666666666666700,0.16666666666666700,0.6666666666666670,0.0,0.0,0.5,0.5,0.0
160,2024-01-12_experiment-part-4,"{""numRounds"":13,""playerCount"":2,""spot1"":{""color"":""orange"",""discountPrice"":10,""regularPrice"":20},""spot2"":{""color"":""orange"",""discountPrice"":10,""regularPrice"":20},""spot3"":{""color"":""purple"",""discountPrice"":8,""regularPrice"":18},""spot4"":{""color"":""purple"",""discountPrice"":13,""regularPrice"":23}}",condition1,01HKZA97792T7YP658ER840T2S,01HKZAD4A1Q89TW53NB8EEBMX0,1,spot2,spot2,spot2,spot2,spot2,spot2,spot2,spot2,spot2,spot2,spot2,spot2,spot2,30,10,10,10,10,10,10,10,10,10,10,10,10,0.0,0.0,0.0,0.0,0.0,0.0,0.9166666666666670,0.0,0.0,0.0,0.0,0.0,0.0,0.0,0.0,0.0,0.0,0.0,0.0,0.0,0.0,0.0,0.0,0.0,0.0,0.0,0.0,0.0,0.08333333333333330,0.0,0.0,0.0,0.0,0.0,0.0,1.0,0.0,0.0,0.0,0.0,0.0,0.0,0.0,0.0,0.0,0.0,0.0,0.0,0.0,0.0,0.0,0.0,0.0,0.0,0.0,0.0,0.0,0.0,150.0,0.0,1,0,"You choose Spot 1 (Far Left; Orange) and I will take Spot 2 (Second from Left; Orange). This means we will both only spend 10 MU, which maximizes the benefit for both of us fairly.",0.9166666666666670,0.0,0.0,0.0,0.08333333333333330,1.0,0.0,0.0,0.0,0.0
161,2024-01-12_experiment-part-4,"{""numRounds"":13,""playerCount"":2,""spot1"":{""color"":""orange"",""discountPrice"":10,""regularPrice"":20},""spot2"":{""color"":""orange"",""discountPrice"":10,""regularPrice"":20},""spot3"":{""color"":""purple"",""discountPrice"":8,""regularPrice"":18},""spot4"":{""color"":""purple"",""discountPrice"":13,""regularPrice"":23}}",condition1,01HKZA97792T7YP658ER840T2S,01HKZAF85YFGPD2VH8TRJ7TZZT,2,spot2,spot1,spot1,spot1,spot1,spot1,spot1,spot1,spot1,spot1,spot1,spot1,spot1,30,10,10,10,10,10,10,10,10,10,10,10,10,0.0,0.0,0.0,0.0,0.0,0.0,0.9166666666666670,0.0,0.0,0.0,0.0,0.0,0.0,0.0,0.0,0.0,0.0,0.0,0.0,0.0,0.0,0.0,0.0,0.0,0.0,0.0,0.0,0.0,0.08333333333333330,0.0,0.0,0.0,0.0,0.0,0.0,1.0,0.0,0.0,0.0,0.0,0.0,0.0,0.0,0.0,0.0,0.0,0.0,0.0,0.0,0.0,0.0,0.0,0.0,0.0,0.0,0.0,0.0,0.0,150.0,0.0,1,1,I will always take the far left space and you can take the one directly to the right of it. It is the most fair for the both of us.,0.9166666666666670,0.0,0.0,0.0,0.08333333333333330,1.0,0.0,0.0,0.0,0.0
162,2024-01-12_experiment-part-4,"{""numRounds"":13,""playerCount"":2,""spot1"":{""color"":""orange"",""discountPrice"":10,""regularPrice"":20},""spot2"":{""color"":""orange"",""discountPrice"":10,""regularPrice"":20},""spot3"":{""color"":""purple"",""discountPrice"":8,""regularPrice"":18},""spot4"":{""color"":""purple"",""discountPrice"":13,""regularPrice"":23}}",condition1,01HKZA977ADXVZ0VAQNRSMDE95,01HKZADQHD7Y34GZ9MCZHMA3CB,1,spot2,spot2,spot2,spot2,spot2,spot2,spot2,spot2,spot2,spot2,spot2,spot2,spot2,10,10,10,10,10,10,10,10,10,10,10,10,10,0.0,0.0,0.0,0.0,0.0,0.0,1.0,0.0,0.0,0.0,0.0,0.0,0.0,0.0,0.0,0.0,0.0,0.0,0.0,0.0,0.0,0.0,0.0,0.0,0.0,0.0,0.0,0.0,0.0,0.0,0.0,0.0,0.0,0.0,0.0,1.0,0.0,0.0,0.0,0.0,0.0,0.0,0.0,0.0,0.0,0.0,0.0,0.0,0.0,0.0,0.0,0.0,0.0,0.0,0.0,0.0,0.0,0.0,130.0,0.0,0,0,"Let's both agree to use the orange spots, I'll choose the one on the right, you choose the one on the left.  This way we both equitably save money and avoid accidents.",1.0,0.0,0.0,0.0,0.0,1.0,0.0,0.0,0.0,0.0
163,2024-01-12_experiment-part-4,"{""numRounds"":13,""playerCount"":2,""spot1"":{""color"":""orange"",""discountPrice"":10,""regularPrice"":20},""spot2"":{""color"":""orange"",""discountPrice"":10,""regularPrice"":20},""spot3"":{""color"":""purple"",""discountPrice"":8,""regularPrice"":18},""spot4"":{""color"":""purple"",""discountPrice"":13,""regularPrice"":23}}",condition1,01HKZA977ADXVZ0VAQNRSMDE95,01HKZAETKG7EPXKDZX7PD4PEH6,2,spot1,spot1,spot1,spot1,spot1,spot1,spot1,spot1,spot1,spot1,spot1,spot1,spot1,10,10,10,10,10,10,10,10,10,10,10,10,10,0.0,0.0,0.0,0.0,0.0,0.0,1.0,0.0,0.0,0.0,0.0,0.0,0.0,0.0,0.0,0.0,0.0,0.0,0.0,0.0,0.0,0.0,0.0,0.0,0.0,0.0,0.0,0.0,0.0,0.0,0.0,0.0,0.0,0.0,0.0,1.0,0.0,0.0,0.0,0.0,0.0,0.0,0.0,0.0,0.0,0.0,0.0,0.0,0.0,0.0,0.0,0.0,0.0,0.0,0.0,0.0,0.0,0.0,130.0,0.0,0,0,"We both park in the yellow spots on MWF. On T and Th, we park in the purple spots, Because one of the purple is higher than the other, whoever parks in the cheaper spot one day parks in the xpensive one on the other",1.0,0.0,0.0,0.0,0.0,1.0,0.0,0.0,0.0,0.0
164,2024-01-12_experiment-part-4,"{""numRounds"":13,""playerCount"":2,""spot1"":{""color"":""orange"",""discountPrice"":10,""regularPrice"":20},""spot2"":{""color"":""orange"",""discountPrice"":10,""regularPrice"":20},""spot3"":{""color"":""purple"",""discountPrice"":8,""regularPrice"":18},""spot4"":{""color"":""purple"",""discountPrice"":13,""regularPrice"":23}}",condition1,01HKZA977BZAKNPHEJH3S23537,01HKZAE618ZDX45GVN3DD7NGSM,1,spot2,spot2,spot2,spot2,spot2,spot2,spot2,spot2,spot2,spot2,spot2,spot2,spot2,10,10,10,10,10,10,10,10,10,10,10,10,10,0.0,0.0,0.0,0.0,0.0,0.0,1.0,0.0,0.0,0.0,0.0,0.0,0.0,0.0,0.0,0.0,0.0,0.0,0.0,0.0,0.0,0.0,0.0,0.0,0.0,0.0,0.0,0.0,0.0,0.0,0.0,0.0,0.0,0.0,0.0,1.0,0.0,0.0,0.0,0.0,0.0,0.0,0.0,0.0,0.0,0.0,0.0,0.0,0.0,0.0,0.0,0.0,0.0,0.0,0.0,0.0,0.0,0.0,130.0,0.0,0,0,You park in the orange left parking place. I will park in the orange right parking place. Too complicated to figure out the purple ones to benefit both of us.,1.0,0.0,0.0,0.0,0.0,1.0,0.0,0.0,0.0,0.0
165,2024-01-12_experiment-part-4,"{""numRounds"":13,""playerCount"":2,""spot1"":{""color"":""orange"",""discountPrice"":10,""regularPrice"":20},""spot2"":{""color"":""orange"",""discountPrice"":10,""regularPrice"":20},""spot3"":{""color"":""purple"",""discountPrice"":8,""regularPrice"":18},""spot4"":{""color"":""purple"",""discountPrice"":13,""regularPrice"":23}}",condition1,01HKZA977BZAKNPHEJH3S23537,01HKZAKWREZPYSBS3Y62NMR5NR,2,spot1,spot1,spot1,spot1,spot1,spot1,spot1,spot1,spot1,spot1,spot1,spot1,spot1,10,10,10,10,10,10,10,10,10,10,10,10,10,0.0,0.0,0.0,0.0,0.0,0.0,1.0,0.0,0.0,0.0,0.0,0.0,0.0,0.0,0.0,0.0,0.0,0.0,0.0,0.0,0.0,0.0,0.0,0.0,0.0,0.0,0.0,0.0,0.0,0.0,0.0,0.0,0.0,0.0,0.0,1.0,0.0,0.0,0.0,0.0,0.0,0.0,0.0,0.0,0.0,0.0,0.0,0.0,0.0,0.0,0.0,0.0,0.0,0.0,0.0,0.0,0.0,0.0,130.0,0.0,0,0,"Let's select the cheapest color, and I'll take the left spot and you take the right. That way, we can get the discount price each time.",1.0,0.0,0.0,0.0,0.0,1.0,0.0,0.0,0.0,0.0
166,2024-01-12_experiment-part-4,"{""numRounds"":13,""playerCount"":2,""spot1"":{""color"":""orange"",""discountPrice"":10,""regularPrice"":20},""spot2"":{""color"":""orange"",""discountPrice"":10,""regularPrice"":20},""spot3"":{""color"":""purple"",""discountPrice"":8,""regularPrice"":18},""spot4"":{""color"":""purple"",""discountPrice"":13,""regularPrice"":23}}",condition1,01HKZA977BZAKNPHEJHEJ34B2Q,01HKZAQKE6SCA4JDHW0SBAEATR,1,spot4,spot4,spot1,spot1,spot1,spot1,spot1,spot1,spot1,spot1,spot1,spot1,spot1,23,23,10,10,10,10,10,10,10,10,10,10,10,0.8333333333333330,0.0,0.0,0.0,0.0,0.0,0.0,0.0,0.0,0.0,0.16666666666666700,0.0,0.0,0.0,0.0,0.0,0.0,0.0,0.0,0.0,0.0,0.0,0.0,0.0,0.0,0.0,0.0,0.0,0.0,1.0,0.0,0.0,0.0,0.0,0.0,0.0,0.0,0.0,0.0,0.0,0.0,0.0,0.0,0.0,0.0,0.0,0.0,0.0,0.0,0.0,0.0,0.0,0.0,0.0,0.0,0.0,0.0,0.0,156.0,6.0,0,1,We have to try to pick the same color and so I will always pick the color with the 2nd highest discount price.,0.8333333333333330,0.0,0.0,0.16666666666666700,0.0,1.0,0.0,0.0,0.0,0.0
167,2024-01-12_experiment-part-4,"{""numRounds"":13,""playerCount"":2,""spot1"":{""color"":""orange"",""discountPrice"":10,""regularPrice"":20},""spot2"":{""color"":""orange"",""discountPrice"":10,""regularPrice"":20},""spot3"":{""color"":""purple"",""discountPrice"":8,""regularPrice"":18},""spot4"":{""color"":""purple"",""discountPrice"":13,""regularPrice"":23}}",condition1,01HKZA977BZAKNPHEJHEJ34B2Q,01HKZATFXWT7Y945B5JVEJ0YXW,2,spot2,spot2,spot2,spot2,spot2,spot2,spot2,spot2,spot2,spot2,spot2,spot2,spot2,20,20,10,10,10,10,10,10,10,10,10,10,10,0.8333333333333330,0.0,0.0,0.0,0.0,0.0,0.0,0.0,0.0,0.0,0.16666666666666700,0.0,0.0,0.0,0.0,0.0,0.0,0.0,0.0,0.0,0.0,0.0,0.0,0.0,0.0,0.0,0.0,0.0,0.0,1.0,0.0,0.0,0.0,0.0,0.0,0.0,0.0,0.0,0.0,0.0,0.0,0.0,0.0,0.0,0.0,0.0,0.0,0.0,0.0,0.0,0.0,0.0,0.0,0.0,0.0,0.0,0.0,0.0,150.0,-6.0,0,0,Hi! I think throughout the game you should choose yellow box 1 and i will choose yellow box 2 or you choose purple box 1 and i choose purple box 2.,0.8333333333333330,0.0,0.0,0.16666666666666700,0.0,1.0,0.0,0.0,0.0,0.0
168,2024-01-12_experiment-part-4,"{""numRounds"":13,""playerCount"":2,""spot1"":{""color"":""orange"",""discountPrice"":10,""regularPrice"":20},""spot2"":{""color"":""orange"",""discountPrice"":10,""regularPrice"":20},""spot3"":{""color"":""purple"",""discountPrice"":8,""regularPrice"":18},""spot4"":{""color"":""purple"",""discountPrice"":13,""regularPrice"":23}}",condition1,01HKZA977CKYF1V7QRJN4844Y0,01HKZADEZ8YP1CR4ZDGXJW3XQP,1,spot2,spot2,spot2,spot2,spot2,spot2,spot2,spot2,spot2,spot2,spot2,spot2,spot2,20,10,10,10,10,10,10,10,10,10,10,10,10,0.0,0.0,0.0,0.0,0.0,0.0,0.9166666666666670,0.0,0.0,0.0,0.0,0.0,0.0,0.0,0.0,0.0,0.0,0.0,0.0,0.0,0.0,0.0,0.0,0.0,0.0,0.0,0.0,0.0,0.08333333333333330,0.0,0.0,0.0,0.0,0.0,0.0,1.0,0.0,0.0,0.0,0.0,0.0,0.0,0.0,0.0,0.0,0.0,0.0,0.0,0.0,0.0,0.0,0.0,0.0,0.0,0.0,0.0,0.0,0.0,140.0,2.0,0,0,You can always choose the first yellow space and I will always choose the second yellow space.,0.9166666666666670,0.0,0.0,0.0,0.08333333333333330,1.0,0.0,0.0,0.0,0.0
169,2024-01-12_experiment-part-4,"{""numRounds"":13,""playerCount"":2,""spot1"":{""color"":""orange"",""discountPrice"":10,""regularPrice"":20},""spot2"":{""color"":""orange"",""discountPrice"":10,""regularPrice"":20},""spot3"":{""color"":""purple"",""discountPrice"":8,""regularPrice"":18},""spot4"":{""color"":""purple"",""discountPrice"":13,""regularPrice"":23}}",condition1,01HKZA977CKYF1V7QRJN4844Y0,01HKZAZRD1CC02CBTW113C2YN1,2,spot3,spot1,spot1,spot1,spot1,spot1,spot1,spot1,spot1,spot1,spot1,spot1,spot1,18,10,10,10,10,10,10,10,10,10,10,10,10,0.0,0.0,0.0,0.0,0.0,0.0,0.9166666666666670,0.0,0.0,0.0,0.0,0.0,0.0,0.0,0.0,0.0,0.0,0.0,0.0,0.0,0.0,0.0,0.0,0.0,0.0,0.0,0.0,0.0,0.08333333333333330,0.0,0.0,0.0,0.0,0.0,0.0,1.0,0.0,0.0,0.0,0.0,0.0,0.0,0.0,0.0,0.0,0.0,0.0,0.0,0.0,0.0,0.0,0.0,0.0,0.0,0.0,0.0,0.0,0.0,138.0,-2.0,0,1,"We both choose the yellow spaces so we both make the same amount, which is fair. I'll take the far left space and you take the space to the right of it. ",0.9166666666666670,0.0,0.0,0.0,0.08333333333333330,1.0,0.0,0.0,0.0,0.0
170,2024-01-12_experiment-part-4,"{""numRounds"":13,""playerCount"":2,""spot1"":{""color"":""orange"",""discountPrice"":10,""regularPrice"":20},""spot2"":{""color"":""orange"",""discountPrice"":10,""regularPrice"":20},""spot3"":{""color"":""purple"",""discountPrice"":8,""regularPrice"":18},""spot4"":{""color"":""purple"",""discountPrice"":13,""regularPrice"":23}}",condition1,01HKZA977CKYF1V7QRK8SRN5P4,01HKZAZ6X0TFA4ZZWFJJTVMB6W,1,spot1,spot1,spot1,spot1,spot1,spot1,spot1,spot1,spot1,spot1,spot1,spot1,spot1,30,30,10,10,10,10,10,10,10,10,10,10,10,0.8333333333333330,0.0,0.0,0.0,0.0,0.0,0.0,0.0,0.0,0.0,0.0,0.0,0.0,0.0,0.0,0.0,0.0,0.0,0.0,0.0,0.0,0.0,0.0,0.0,0.16666666666666700,0.0,0.0,0.0,0.0,1.0,0.0,0.0,0.0,0.0,0.0,0.0,0.0,0.0,0.0,0.0,0.0,0.0,0.0,0.0,0.0,0.0,0.0,0.0,0.0,0.0,0.0,0.0,0.0,0.0,0.0,0.0,0.0,0.0,170.0,0.0,2,0,I will always pick the first orange. You pick the second orange. Do not swap to purple that will just end up in a net loss for the both of us. ,0.8333333333333330,0.0,0.0,0.0,0.16666666666666700,1.0,0.0,0.0,0.0,0.0
171,2024-01-12_experiment-part-4,"{""numRounds"":13,""playerCount"":2,""spot1"":{""color"":""orange"",""discountPrice"":10,""regularPrice"":20},""spot2"":{""color"":""orange"",""discountPrice"":10,""regularPrice"":20},""spot3"":{""color"":""purple"",""discountPrice"":8,""regularPrice"":18},""spot4"":{""color"":""purple"",""discountPrice"":13,""regularPrice"":23}}",condition1,01HKZA977CKYF1V7QRK8SRN5P4,01HKZB157BVPM8TTHHRMMV11TH,2,spot1,spot1,spot2,spot2,spot2,spot2,spot2,spot2,spot2,spot2,spot2,spot2,spot2,30,30,10,10,10,10,10,10,10,10,10,10,10,0.8333333333333330,0.0,0.0,0.0,0.0,0.0,0.0,0.0,0.0,0.0,0.0,0.0,0.0,0.0,0.0,0.0,0.0,0.0,0.0,0.0,0.0,0.0,0.0,0.0,0.16666666666666700,0.0,0.0,0.0,0.0,1.0,0.0,0.0,0.0,0.0,0.0,0.0,0.0,0.0,0.0,0.0,0.0,0.0,0.0,0.0,0.0,0.0,0.0,0.0,0.0,0.0,0.0,0.0,0.0,0.0,0.0,0.0,0.0,0.0,170.0,0.0,2,1,"We are best off if we do two things: 1. avoid crashing, and 2. always pick the same color to get the discount rate. If you take the first purple every time, I am willing to take second purple- It might incur a slight cost, but the long term benefits are worth it to me.",0.8333333333333330,0.0,0.0,0.0,0.16666666666666700,1.0,0.0,0.0,0.0,0.0
172,2024-01-12_experiment-part-4,"{""numRounds"":13,""playerCount"":2,""spot1"":{""color"":""orange"",""discountPrice"":10,""regularPrice"":20},""spot2"":{""color"":""orange"",""discountPrice"":10,""regularPrice"":20},""spot3"":{""color"":""purple"",""discountPrice"":8,""regularPrice"":18},""spot4"":{""color"":""purple"",""discountPrice"":13,""regularPrice"":23}}",condition1,01HKZA977D1HFY4WEW97CRE7YR,01HKZB1VJGRK5FANAYA3EJDN3B,1,spot4,spot2,spot3,spot3,spot3,spot3,spot3,spot3,spot3,spot3,spot3,spot3,spot3,30,30,8,18,8,8,8,8,8,8,8,8,8,0.0,0.0,0.0,0.0,0.0,0.6666666666666670,0.0,0.0,0.0,0.0,0.0,0.0,0.0,0.0,0.0,0.0,0.0,0.0,0.0,0.0,0.0,0.0,0.0,0.0,0.0,0.0,0.0,0.0,0.3333333333333330,0.0,0.0,0.0,0.0,0.0,1.0,0.0,0.0,0.0,0.0,0.0,0.0,0.0,0.0,0.0,0.0,0.0,0.0,0.0,0.0,0.0,0.0,0.0,0.0,0.0,0.0,0.0,0.0,0.0,158.0,-52.0,2,2,I will choose the one that is next to the cheapest one (to get the discount).,0.0,0.6666666666666670,0.0,0.0,0.3333333333333330,0.0,1.0,0.0,0.0,0.0
173,2024-01-12_experiment-part-4,"{""numRounds"":13,""playerCount"":2,""spot1"":{""color"":""orange"",""discountPrice"":10,""regularPrice"":20},""spot2"":{""color"":""orange"",""discountPrice"":10,""regularPrice"":20},""spot3"":{""color"":""purple"",""discountPrice"":8,""regularPrice"":18},""spot4"":{""color"":""purple"",""discountPrice"":13,""regularPrice"":23}}",condition1,01HKZA977D1HFY4WEW97CRE7YR,01HKZBA9GNYD94YMFEXKY386M5,2,spot4,spot2,spot4,spot2,spot4,spot4,spot4,spot4,spot4,spot4,spot4,spot4,spot4,30,30,13,20,13,13,13,13,13,13,13,13,13,0.0,0.0,0.0,0.0,0.0,0.6666666666666670,0.0,0.0,0.0,0.0,0.0,0.0,0.0,0.0,0.0,0.0,0.0,0.0,0.0,0.0,0.0,0.0,0.0,0.0,0.0,0.0,0.0,0.0,0.3333333333333330,0.0,0.0,0.0,0.0,0.0,1.0,0.0,0.0,0.0,0.0,0.0,0.0,0.0,0.0,0.0,0.0,0.0,0.0,0.0,0.0,0.0,0.0,0.0,0.0,0.0,0.0,0.0,0.0,0.0,210.0,52.0,2,4,"I will assume the other participant will opt for the cheapest space, so I will pick the space of the same color of the second lowest discount cost.",0.0,0.6666666666666670,0.0,0.0,0.3333333333333330,0.0,1.0,0.0,0.0,0.0
174,2024-01-12_experiment-part-4,"{""numRounds"":13,""playerCount"":2,""spot1"":{""color"":""orange"",""discountPrice"":10,""regularPrice"":20},""spot2"":{""color"":""orange"",""discountPrice"":10,""regularPrice"":20},""spot3"":{""color"":""purple"",""discountPrice"":1,""regularPrice"":11},""spot4"":{""color"":""purple"",""discountPrice"":13,""regularPrice"":23}}",condition2,01HKZA977E3M51NMTF0JVHA7Z5,01HKZAD9S6E6WKX51Q6DXG71M6,1,spot4,spot4,spot4,spot3,spot4,spot4,spot3,spot3,spot3,spot4,spot4,spot4,spot4,13,30,13,30,30,30,30,30,30,13,13,13,13,0.0,0.0,0.0,0.0,0.0,0.0,0.0,0.0,0.0,0.0,0.0,0.25,0.0,0.0,0.0,0.0,0.0,0.0,0.0,0.0,0.0,0.0,0.0,0.0,0.0,0.0,0.25,0.16666666666666700,0.3333333333333330,0.0,0.0,0.0,0.0,0.0,0.0,0.0,0.0,0.0,0.0,0.0,0.75,0.0,0.0,0.0,0.0,0.0,0.0,0.0,0.0,0.0,0.0,0.0,0.0,0.0,0.0,0.0,0.0,0.25,288.0,72.0,7,4,I will park in the purple spot farthest to the right if you park in the other purple spot.,0.0,0.25,0.0,0.0,0.75,0.0,0.75,0.0,0.0,0.25
175,2024-01-12_experiment-part-4,"{""numRounds"":13,""playerCount"":2,""spot1"":{""color"":""orange"",""discountPrice"":10,""regularPrice"":20},""spot2"":{""color"":""orange"",""discountPrice"":10,""regularPrice"":20},""spot3"":{""color"":""purple"",""discountPrice"":1,""regularPrice"":11},""spot4"":{""color"":""purple"",""discountPrice"":13,""regularPrice"":23}}",condition2,01HKZA977E3M51NMTF0JVHA7Z5,01HKZADFN54JMF4G8438CNQGAK,2,spot3,spot4,spot3,spot3,spot4,spot4,spot3,spot3,spot3,spot3,spot3,spot3,spot3,1,30,1,30,30,30,30,30,30,1,1,1,1,0.0,0.0,0.0,0.0,0.0,0.0,0.0,0.0,0.0,0.0,0.0,0.25,0.0,0.0,0.0,0.0,0.0,0.0,0.0,0.0,0.0,0.0,0.0,0.0,0.0,0.0,0.25,0.16666666666666700,0.3333333333333330,0.0,0.0,0.0,0.0,0.0,0.0,0.0,0.0,0.0,0.0,0.0,0.75,0.0,0.0,0.0,0.0,0.0,0.0,0.0,0.0,0.0,0.0,0.0,0.0,0.0,0.0,0.0,0.0,0.25,216.0,-72.0,7,4,I think we could make a plan to take turns in the purple spaces so that we are only paying 1MU every other time.,0.0,0.25,0.0,0.0,0.75,0.0,0.75,0.0,0.0,0.25
176,2024-01-12_experiment-part-4,"{""numRounds"":13,""playerCount"":2,""spot1"":{""color"":""orange"",""discountPrice"":10,""regularPrice"":20},""spot2"":{""color"":""orange"",""discountPrice"":10,""regularPrice"":20},""spot3"":{""color"":""purple"",""discountPrice"":1,""regularPrice"":11},""spot4"":{""color"":""purple"",""discountPrice"":13,""regularPrice"":23}}",condition2,01HKZA977E3M51NMTF0ZWZ5B9R,01HKZAF960CC12S27XJF376BVS,1,spot4,spot4,spot4,spot4,spot4,spot4,spot4,spot4,spot4,spot4,spot4,spot4,spot4,30,13,13,13,13,13,13,13,13,13,13,13,13,0.0,0.0,0.0,0.0,0.0,0.0,0.0,0.0,0.0,0.0,0.0,0.9166666666666670,0.0,0.0,0.0,0.0,0.0,0.0,0.0,0.0,0.0,0.0,0.0,0.0,0.0,0.0,0.0,0.0,0.08333333333333330,0.0,0.0,0.0,0.0,0.0,0.0,0.0,0.0,0.0,0.0,0.0,1.0,0.0,0.0,0.0,0.0,0.0,0.0,0.0,0.0,0.0,0.0,0.0,0.0,0.0,0.0,0.0,0.0,0.0,186.0,144.0,1,0,I will always choose the RIGHTmost option of whatever of the two colors is the better choice.,0.0,0.9166666666666670,0.0,0.0,0.08333333333333330,0.0,1.0,0.0,0.0,0.0
177,2024-01-12_experiment-part-4,"{""numRounds"":13,""playerCount"":2,""spot1"":{""color"":""orange"",""discountPrice"":10,""regularPrice"":20},""spot2"":{""color"":""orange"",""discountPrice"":10,""regularPrice"":20},""spot3"":{""color"":""purple"",""discountPrice"":1,""regularPrice"":11},""spot4"":{""color"":""purple"",""discountPrice"":13,""regularPrice"":23}}",condition2,01HKZA977E3M51NMTF0ZWZ5B9R,01HKZAFD4RG8H0W8RMAZNYYJVD,2,spot4,spot3,spot3,spot3,spot3,spot3,spot3,spot3,spot3,spot3,spot3,spot3,spot3,30,1,1,1,1,1,1,1,1,1,1,1,1,0.0,0.0,0.0,0.0,0.0,0.0,0.0,0.0,0.0,0.0,0.0,0.9166666666666670,0.0,0.0,0.0,0.0,0.0,0.0,0.0,0.0,0.0,0.0,0.0,0.0,0.0,0.0,0.0,0.0,0.08333333333333330,0.0,0.0,0.0,0.0,0.0,0.0,0.0,0.0,0.0,0.0,0.0,1.0,0.0,0.0,0.0,0.0,0.0,0.0,0.0,0.0,0.0,0.0,0.0,0.0,0.0,0.0,0.0,0.0,0.0,42.0,-144.0,1,1,"I am going to look at the cheapest color choice and then choose the second or more expensive option in that choice, hoping that I will end up with the discounted price.",0.0,0.9166666666666670,0.0,0.0,0.08333333333333330,0.0,1.0,0.0,0.0,0.0
178,2024-01-12_experiment-part-4,"{""numRounds"":13,""playerCount"":2,""spot1"":{""color"":""orange"",""discountPrice"":10,""regularPrice"":20},""spot2"":{""color"":""orange"",""discountPrice"":10,""regularPrice"":20},""spot3"":{""color"":""purple"",""discountPrice"":1,""regularPrice"":11},""spot4"":{""color"":""purple"",""discountPrice"":13,""regularPrice"":23}}",condition2,01HKZA977FGKJQC29NTPMQDXQ7,01HKZACYNS7517566FRMJH7VTC,1,spot2,spot2,spot2,spot2,spot2,spot2,spot2,spot2,spot2,spot2,spot2,spot2,spot2,10,10,10,10,10,10,10,10,10,10,10,10,10,0.0,0.0,0.0,0.0,0.0,0.0,1.0,0.0,0.0,0.0,0.0,0.0,0.0,0.0,0.0,0.0,0.0,0.0,0.0,0.0,0.0,0.0,0.0,0.0,0.0,0.0,0.0,0.0,0.0,0.0,0.0,0.0,0.0,0.0,0.0,1.0,0.0,0.0,0.0,0.0,0.0,0.0,0.0,0.0,0.0,0.0,0.0,0.0,0.0,0.0,0.0,0.0,0.0,0.0,0.0,0.0,0.0,0.0,130.0,0.0,0,0,"e.Let's always pick the orange spaces. I will pick the left and you pick the right. This equals the exact same wages for both of us. If either of us deviates and picks the purple, it will end up being high unless both of us agree to pick purple. ",1.0,0.0,0.0,0.0,0.0,1.0,0.0,0.0,0.0,0.0
179,2024-01-12_experiment-part-4,"{""numRounds"":13,""playerCount"":2,""spot1"":{""color"":""orange"",""discountPrice"":10,""regularPrice"":20},""spot2"":{""color"":""orange"",""discountPrice"":10,""regularPrice"":20},""spot3"":{""color"":""purple"",""discountPrice"":1,""regularPrice"":11},""spot4"":{""color"":""purple"",""discountPrice"":13,""regularPrice"":23}}",condition2,01HKZA977FGKJQC29NTPMQDXQ7,01HKZADFTC93A3W6TC5DSQ5N8X,2,spot1,spot1,spot1,spot1,spot1,spot1,spot1,spot1,spot1,spot1,spot1,spot1,spot1,10,10,10,10,10,10,10,10,10,10,10,10,10,0.0,0.0,0.0,0.0,0.0,0.0,1.0,0.0,0.0,0.0,0.0,0.0,0.0,0.0,0.0,0.0,0.0,0.0,0.0,0.0,0.0,0.0,0.0,0.0,0.0,0.0,0.0,0.0,0.0,0.0,0.0,0.0,0.0,0.0,0.0,1.0,0.0,0.0,0.0,0.0,0.0,0.0,0.0,0.0,0.0,0.0,0.0,0.0,0.0,0.0,0.0,0.0,0.0,0.0,0.0,0.0,0.0,0.0,130.0,0.0,0,0,I will analyze which color is fair to both of us and I will always pick the left one of that color. I will be as fair as possible even.,1.0,0.0,0.0,0.0,0.0,1.0,0.0,0.0,0.0,0.0
180,2024-01-12_experiment-part-4,"{""numRounds"":13,""playerCount"":2,""spot1"":{""color"":""orange"",""discountPrice"":10,""regularPrice"":20},""spot2"":{""color"":""orange"",""discountPrice"":10,""regularPrice"":20},""spot3"":{""color"":""purple"",""discountPrice"":1,""regularPrice"":11},""spot4"":{""color"":""purple"",""discountPrice"":13,""regularPrice"":23}}",condition2,01HKZA977FGKJQC29NV4VAN1F3,01HKZADC7B0E6ECJABDB7BNGDC,1,spot2,spot2,spot2,spot2,spot3,spot2,spot2,spot2,spot2,spot2,spot2,spot2,spot2,10,10,10,10,11,10,10,10,10,10,10,10,10,0.0,0.0,0.0,0.0,0.0,0.0,0.9166666666666670,0.0,0.0,0.0,0.0,0.0,0.0,0.0,0.0,0.0,0.0,0.0,0.0,0.0,0.0,0.0,0.0,0.0,0.0,0.0,0.0,0.0,0.08333333333333330,0.0,0.0,0.0,0.0,0.0,0.0,1.0,0.0,0.0,0.0,0.0,0.0,0.0,0.0,0.0,0.0,0.0,0.0,0.0,0.0,0.0,0.0,0.0,0.0,0.0,0.0,0.0,0.0,0.0,131.0,-9.0,0,2,"We could each agree to always pick from the same color (whatever has the cheaper total with the discount), and I would always pick the more expensive of the two spots and you the cheaper.",0.9166666666666670,0.0,0.0,0.0,0.08333333333333330,1.0,0.0,0.0,0.0,0.0
181,2024-01-12_experiment-part-4,"{""numRounds"":13,""playerCount"":2,""spot1"":{""color"":""orange"",""discountPrice"":10,""regularPrice"":20},""spot2"":{""color"":""orange"",""discountPrice"":10,""regularPrice"":20},""spot3"":{""color"":""purple"",""discountPrice"":1,""regularPrice"":11},""spot4"":{""color"":""purple"",""discountPrice"":13,""regularPrice"":23}}",condition2,01HKZA977FGKJQC29NV4VAN1F3,01HKZAE6HJA2SSJZ84452JWQTR,2,spot1,spot1,spot1,spot1,spot1,spot1,spot1,spot1,spot1,spot1,spot1,spot1,spot1,10,10,10,10,20,10,10,10,10,10,10,10,10,0.0,0.0,0.0,0.0,0.0,0.0,0.9166666666666670,0.0,0.0,0.0,0.0,0.0,0.0,0.0,0.0,0.0,0.0,0.0,0.0,0.0,0.0,0.0,0.0,0.0,0.0,0.0,0.0,0.0,0.08333333333333330,0.0,0.0,0.0,0.0,0.0,0.0,1.0,0.0,0.0,0.0,0.0,0.0,0.0,0.0,0.0,0.0,0.0,0.0,0.0,0.0,0.0,0.0,0.0,0.0,0.0,0.0,0.0,0.0,0.0,140.0,9.0,0,0,"we should pick the yellow lot and I will always pick the spot on the left, and you pick the one on the right in the yellow lot.",0.9166666666666670,0.0,0.0,0.0,0.08333333333333330,1.0,0.0,0.0,0.0,0.0
182,2024-01-12_experiment-part-4,"{""numRounds"":13,""playerCount"":2,""spot1"":{""color"":""orange"",""discountPrice"":10,""regularPrice"":20},""spot2"":{""color"":""orange"",""discountPrice"":10,""regularPrice"":20},""spot3"":{""color"":""purple"",""discountPrice"":1,""regularPrice"":11},""spot4"":{""color"":""purple"",""discountPrice"":13,""regularPrice"":23}}",condition2,01HKZA977GAPVV5036EE471YGW,01HKZADWBBXZ7ZP760J0B8H53M,1,spot3,spot3,spot3,spot4,spot3,spot3,spot3,spot3,spot3,spot4,spot3,spot3,spot2,1,30,1,30,11,11,30,30,30,13,30,30,10,0.0,0.0,0.0,0.0,0.0,0.0,0.0,0.16666666666666700,0.0,0.0,0.0,0.0,0.0,0.0,0.0,0.0,0.0,0.0,0.0,0.0,0.0,0.0,0.0,0.0,0.0,0.0,0.4166666666666670,0.0,0.4166666666666670,0.0,0.0,0.0,0.0,0.0,0.0,0.0,0.0,0.0,0.0,0.0,0.0,0.0,0.0,0.0,0.0,0.0,0.0,0.0,0.0,0.0,0.0,0.0,0.0,0.0,0.0,0.5,0.0,0.5,257.0,-31.0,7,5,Let's go for the discount. Let's choose the lower price parking spots you always take the left side I'll take the right side.,0.0,0.0,0.0,0.16666666666666700,0.8333333333333330,0.0,0.0,0.0,0.0,1.0
183,2024-01-12_experiment-part-4,"{""numRounds"":13,""playerCount"":2,""spot1"":{""color"":""orange"",""discountPrice"":10,""regularPrice"":20},""spot2"":{""color"":""orange"",""discountPrice"":10,""regularPrice"":20},""spot3"":{""color"":""purple"",""discountPrice"":1,""regularPrice"":11},""spot4"":{""color"":""purple"",""discountPrice"":13,""regularPrice"":23}}",condition2,01HKZA977GAPVV5036EE471YGW,01HKZAEXWBVRFHPS1SBTXH8HJ5,2,spot4,spot3,spot4,spot4,spot1,spot1,spot3,spot3,spot3,spot3,spot3,spot3,spot3,13,30,13,30,20,20,30,30,30,1,30,30,11,0.0,0.0,0.0,0.0,0.0,0.0,0.0,0.16666666666666700,0.0,0.0,0.0,0.0,0.0,0.0,0.0,0.0,0.0,0.0,0.0,0.0,0.0,0.0,0.0,0.0,0.0,0.0,0.4166666666666670,0.0,0.4166666666666670,0.0,0.0,0.0,0.0,0.0,0.0,0.0,0.0,0.0,0.0,0.0,0.0,0.0,0.0,0.0,0.0,0.0,0.0,0.0,0.0,0.0,0.0,0.0,0.0,0.0,0.0,0.5,0.0,0.5,288.0,31.0,7,4,"If we alternate picking the purple spots, we should be good. You pick the left purple spot first, then I'll pick it second, and we'll go back and forth in that manner.",0.0,0.0,0.0,0.16666666666666700,0.8333333333333330,0.0,0.0,0.0,0.0,1.0
184,2024-01-12_experiment-part-4,"{""numRounds"":13,""playerCount"":2,""spot1"":{""color"":""orange"",""discountPrice"":10,""regularPrice"":20},""spot2"":{""color"":""orange"",""discountPrice"":10,""regularPrice"":20},""spot3"":{""color"":""purple"",""discountPrice"":1,""regularPrice"":11},""spot4"":{""color"":""purple"",""discountPrice"":13,""regularPrice"":23}}",condition2,01HKZA977HXSYQ6XJEGVACJMSF,01HKZADH75AQJVS9KT361T0V8F,1,spot1,spot1,spot4,spot4,spot3,spot3,spot3,spot3,spot3,spot3,spot3,spot3,spot3,30,20,13,23,30,30,30,11,1,30,30,11,30,0.0,0.0,0.0,0.0,0.0,0.0,0.0,0.0,0.0,0.0,0.0,0.0,0.0,0.0,0.0,0.0,0.0,0.0,0.0,0.0,0.0,0.0,0.0,0.0,0.0,0.0,0.4166666666666670,0.0,0.5833333333333330,0.0,0.0,0.0,0.0,0.0,0.0,0.0,0.0,0.0,0.0,0.0,0.0,0.0,0.0,0.0,0.0,0.0,0.0,0.0,0.0,0.0,0.0,0.0,0.0,0.0,0.0,0.5,0.0,0.5,289.0,-6.0,7,2,"It is going to be hard to coordinate this with someone if I can't communicate with them, but I think what I want to do is have both of us pick a different yellow square. If we can pay 10MU every time I think we will do pretty well.",0.0,0.0,0.0,0.0,1.0,0.0,0.0,0.0,0.0,1.0
185,2024-01-12_experiment-part-4,"{""numRounds"":13,""playerCount"":2,""spot1"":{""color"":""orange"",""discountPrice"":10,""regularPrice"":20},""spot2"":{""color"":""orange"",""discountPrice"":10,""regularPrice"":20},""spot3"":{""color"":""purple"",""discountPrice"":1,""regularPrice"":11},""spot4"":{""color"":""purple"",""discountPrice"":13,""regularPrice"":23}}",condition2,01HKZA977HXSYQ6XJEGVACJMSF,01HKZAFF7NY34CS92EHYQJW7K4,2,spot1,spot3,spot3,spot1,spot3,spot3,spot3,spot1,spot4,spot3,spot3,spot1,spot3,30,11,1,20,30,30,30,20,13,30,30,20,30,0.0,0.0,0.0,0.0,0.0,0.0,0.0,0.0,0.0,0.0,0.0,0.0,0.0,0.0,0.0,0.0,0.0,0.0,0.0,0.0,0.0,0.0,0.0,0.0,0.0,0.0,0.4166666666666670,0.0,0.5833333333333330,0.0,0.0,0.0,0.0,0.0,0.0,0.0,0.0,0.0,0.0,0.0,0.0,0.0,0.0,0.0,0.0,0.0,0.0,0.0,0.0,0.0,0.0,0.0,0.0,0.0,0.0,0.5,0.0,0.5,295.0,6.0,7,8,I am lefty I like orange color ,0.0,0.0,0.0,0.0,1.0,0.0,0.0,0.0,0.0,1.0
186,2024-01-12_experiment-part-4,"{""numRounds"":13,""playerCount"":2,""spot1"":{""color"":""orange"",""discountPrice"":10,""regularPrice"":20},""spot2"":{""color"":""orange"",""discountPrice"":10,""regularPrice"":20},""spot3"":{""color"":""purple"",""discountPrice"":1,""regularPrice"":11},""spot4"":{""color"":""purple"",""discountPrice"":13,""regularPrice"":23}}",condition2,01HKZA977HXSYQ6XJEHAY1HTQX,01HKZAEKJV67P607BVXWNC5VHJ,1,spot1,spot1,spot1,spot1,spot1,spot1,spot1,spot1,spot1,spot1,spot1,spot1,spot3,10,10,10,10,10,10,10,10,10,10,10,10,1,1.0,0.0,0.0,0.0,0.0,0.0,0.0,0.0,0.0,0.0,0.0,0.0,0.0,0.0,0.0,0.0,0.0,0.0,0.0,0.0,0.0,0.0,0.0,0.0,0.0,0.0,0.0,0.0,0.0,1.0,0.0,0.0,0.0,0.0,0.0,0.0,0.0,0.0,0.0,0.0,0.0,0.0,0.0,0.0,0.0,0.0,0.0,0.0,0.0,0.0,0.0,0.0,0.0,0.0,0.0,0.0,0.0,0.0,121.0,-19.0,0,1,I am going to pick the first orange one each time. Hopefully my p will pick the second orange one. ,1.0,0.0,0.0,0.0,0.0,1.0,0.0,0.0,0.0,0.0
187,2024-01-12_experiment-part-4,"{""numRounds"":13,""playerCount"":2,""spot1"":{""color"":""orange"",""discountPrice"":10,""regularPrice"":20},""spot2"":{""color"":""orange"",""discountPrice"":10,""regularPrice"":20},""spot3"":{""color"":""purple"",""discountPrice"":1,""regularPrice"":11},""spot4"":{""color"":""purple"",""discountPrice"":13,""regularPrice"":23}}",condition2,01HKZA977HXSYQ6XJEHAY1HTQX,01HKZAJE1D1Z23SEQZXZ4DMD5R,2,spot2,spot2,spot2,spot2,spot2,spot2,spot2,spot2,spot2,spot2,spot2,spot2,spot2,10,10,10,10,10,10,10,10,10,10,10,10,20,1.0,0.0,0.0,0.0,0.0,0.0,0.0,0.0,0.0,0.0,0.0,0.0,0.0,0.0,0.0,0.0,0.0,0.0,0.0,0.0,0.0,0.0,0.0,0.0,0.0,0.0,0.0,0.0,0.0,1.0,0.0,0.0,0.0,0.0,0.0,0.0,0.0,0.0,0.0,0.0,0.0,0.0,0.0,0.0,0.0,0.0,0.0,0.0,0.0,0.0,0.0,0.0,0.0,0.0,0.0,0.0,0.0,0.0,140.0,19.0,0,0,pick the color of parking spots that is the less for both players.,1.0,0.0,0.0,0.0,0.0,1.0,0.0,0.0,0.0,0.0
188,2024-01-12_experiment-part-4,"{""numRounds"":13,""playerCount"":2,""spot1"":{""color"":""orange"",""discountPrice"":10,""regularPrice"":20},""spot2"":{""color"":""orange"",""discountPrice"":10,""regularPrice"":20},""spot3"":{""color"":""purple"",""discountPrice"":1,""regularPrice"":11},""spot4"":{""color"":""purple"",""discountPrice"":13,""regularPrice"":23}}",condition2,01HKZA977JT4694VG5DRNDC7YF,01HKZADSHA8S2A00KV7M8RPZN0,1,spot1,spot1,spot1,spot1,spot1,spot1,spot1,spot1,spot1,spot1,spot1,spot1,spot1,10,10,10,10,10,10,10,10,10,10,10,10,10,1.0,0.0,0.0,0.0,0.0,0.0,0.0,0.0,0.0,0.0,0.0,0.0,0.0,0.0,0.0,0.0,0.0,0.0,0.0,0.0,0.0,0.0,0.0,0.0,0.0,0.0,0.0,0.0,0.0,1.0,0.0,0.0,0.0,0.0,0.0,0.0,0.0,0.0,0.0,0.0,0.0,0.0,0.0,0.0,0.0,0.0,0.0,0.0,0.0,0.0,0.0,0.0,0.0,0.0,0.0,0.0,0.0,0.0,130.0,0.0,0,0,"Let's go for the deal that is best for both of us, and given the circumstances of identical numbers, I'll take the left one. ",1.0,0.0,0.0,0.0,0.0,1.0,0.0,0.0,0.0,0.0
189,2024-01-12_experiment-part-4,"{""numRounds"":13,""playerCount"":2,""spot1"":{""color"":""orange"",""discountPrice"":10,""regularPrice"":20},""spot2"":{""color"":""orange"",""discountPrice"":10,""regularPrice"":20},""spot3"":{""color"":""purple"",""discountPrice"":1,""regularPrice"":11},""spot4"":{""color"":""purple"",""discountPrice"":13,""regularPrice"":23}}",condition2,01HKZA977JT4694VG5DRNDC7YF,01HKZADYB5711705TB1H2CK5F0,2,spot2,spot2,spot2,spot2,spot2,spot2,spot2,spot2,spot2,spot2,spot2,spot2,spot2,10,10,10,10,10,10,10,10,10,10,10,10,10,1.0,0.0,0.0,0.0,0.0,0.0,0.0,0.0,0.0,0.0,0.0,0.0,0.0,0.0,0.0,0.0,0.0,0.0,0.0,0.0,0.0,0.0,0.0,0.0,0.0,0.0,0.0,0.0,0.0,1.0,0.0,0.0,0.0,0.0,0.0,0.0,0.0,0.0,0.0,0.0,0.0,0.0,0.0,0.0,0.0,0.0,0.0,0.0,0.0,0.0,0.0,0.0,0.0,0.0,0.0,0.0,0.0,0.0,130.0,0.0,0,0,"We both go for the lowest cost options, but I will select the more expensive spot of the two so that we can avoid an accident. ",1.0,0.0,0.0,0.0,0.0,1.0,0.0,0.0,0.0,0.0
190,2024-01-12_experiment-part-4,"{""numRounds"":13,""playerCount"":2,""spot1"":{""color"":""orange"",""discountPrice"":10,""regularPrice"":20},""spot2"":{""color"":""orange"",""discountPrice"":10,""regularPrice"":20},""spot3"":{""color"":""purple"",""discountPrice"":1,""regularPrice"":11},""spot4"":{""color"":""purple"",""discountPrice"":13,""regularPrice"":23}}",condition2,01HKZA977KYS98M93YEWG1WQHQ,01HKZADNTDPPQAK1HD8QV0ZZF4,1,spot1,spot2,spot4,spot1,spot4,spot3,spot2,spot4,spot1,spot2,spot4,spot3,spot4,20,30,13,20,13,30,20,13,20,20,13,30,13,0.0,0.0,0.0,0.0,0.0,0.0,0.0,0.0,0.0,0.0,0.0,0.0,0.0,0.0,0.0,0.0,0.0,0.0,0.0,0.0,0.0,0.0,0.0,0.0,0.0,0.0,0.0,0.0,1.0,0.0,0.0,0.0,0.0,0.0,0.0,0.0,0.0,0.0,0.0,0.0,0.0,0.0,0.0,0.0,0.0,0.0,0.0,0.0,0.0,0.0,0.0,0.0,0.0,0.0,0.0,0.0,0.0,1.0,255.0,105.0,3,12,alternate between colors. You start with purple first,0.0,0.0,0.0,0.0,1.0,0.0,0.0,0.0,0.0,1.0
191,2024-01-12_experiment-part-4,"{""numRounds"":13,""playerCount"":2,""spot1"":{""color"":""orange"",""discountPrice"":10,""regularPrice"":20},""spot2"":{""color"":""orange"",""discountPrice"":10,""regularPrice"":20},""spot3"":{""color"":""purple"",""discountPrice"":1,""regularPrice"":11},""spot4"":{""color"":""purple"",""discountPrice"":13,""regularPrice"":23}}",condition2,01HKZA977KYS98M93YEWG1WQHQ,01HKZAE0GC1AHGFKH3QA6K7F72,2,spot3,spot2,spot3,spot3,spot3,spot3,spot3,spot3,spot3,spot3,spot3,spot3,spot3,11,30,1,11,1,30,11,1,11,11,1,30,1,0.0,0.0,0.0,0.0,0.0,0.0,0.0,0.0,0.0,0.0,0.0,0.0,0.0,0.0,0.0,0.0,0.0,0.0,0.0,0.0,0.0,0.0,0.0,0.0,0.0,0.0,0.0,0.0,1.0,0.0,0.0,0.0,0.0,0.0,0.0,0.0,0.0,0.0,0.0,0.0,0.0,0.0,0.0,0.0,0.0,0.0,0.0,0.0,0.0,0.0,0.0,0.0,0.0,0.0,0.0,0.0,0.0,1.0,150.0,-105.0,3,2,We should both go for orange,0.0,0.0,0.0,0.0,1.0,0.0,0.0,0.0,0.0,1.0
192,2024-01-12_experiment-part-4,"{""numRounds"":13,""playerCount"":2,""spot1"":{""color"":""orange"",""discountPrice"":10,""regularPrice"":20},""spot2"":{""color"":""orange"",""discountPrice"":10,""regularPrice"":20},""spot3"":{""color"":""purple"",""discountPrice"":1,""regularPrice"":11},""spot4"":{""color"":""purple"",""discountPrice"":13,""regularPrice"":23}}",condition2,01HKZA977NSVCT5WCQW24F3PJV,01HKZAFBKATDD1MDJH7X7VB69Q,1,spot1,spot2,spot3,spot2,spot2,spot2,spot3,spot3,spot3,spot3,spot3,spot3,spot1,30,20,11,20,20,20,1,1,1,1,1,1,10,0.0,0.0,0.0,0.0,0.25,0.5,0.0,0.0,0.0,0.0,0.0,0.0,0.0,0.0,0.0,0.0,0.0,0.0,0.0,0.0,0.0,0.0,0.0,0.0,0.0,0.0,0.0,0.0,0.25,0.0,0.0,0.0,0.0,0.0,1.0,0.0,0.0,0.0,0.0,0.0,0.0,0.0,0.0,0.0,0.0,0.0,0.0,0.0,0.0,0.0,0.0,0.0,0.0,0.0,0.0,0.0,0.0,0.0,137.0,-106.0,1,5,Try to make a selection in sync with same group the other participant select,0.0,0.5,0.0,0.25,0.25,0.0,1.0,0.0,0.0,0.0
193,2024-01-12_experiment-part-4,"{""numRounds"":13,""playerCount"":2,""spot1"":{""color"":""orange"",""discountPrice"":10,""regularPrice"":20},""spot2"":{""color"":""orange"",""discountPrice"":10,""regularPrice"":20},""spot3"":{""color"":""purple"",""discountPrice"":1,""regularPrice"":11},""spot4"":{""color"":""purple"",""discountPrice"":13,""regularPrice"":23}}",condition2,01HKZA977NSVCT5WCQW24F3PJV,01HKZAT82YW7FGP4WS02B4CVCZ,2,spot1,spot4,spot1,spot4,spot4,spot4,spot4,spot4,spot4,spot4,spot4,spot4,spot4,30,23,20,23,23,23,13,13,13,13,13,13,23,0.0,0.0,0.0,0.0,0.25,0.5,0.0,0.0,0.0,0.0,0.0,0.0,0.0,0.0,0.0,0.0,0.0,0.0,0.0,0.0,0.0,0.0,0.0,0.0,0.0,0.0,0.0,0.0,0.25,0.0,0.0,0.0,0.0,0.0,1.0,0.0,0.0,0.0,0.0,0.0,0.0,0.0,0.0,0.0,0.0,0.0,0.0,0.0,0.0,0.0,0.0,0.0,0.0,0.0,0.0,0.0,0.0,0.0,243.0,106.0,1,3,always pick orange parking spot. i'll pick the 1st orange and you pick the middle orange,0.0,0.5,0.0,0.25,0.25,0.0,1.0,0.0,0.0,0.0
194,2024-01-12_experiment-part-4,"{""numRounds"":13,""playerCount"":2,""spot1"":{""color"":""orange"",""discountPrice"":10,""regularPrice"":20},""spot2"":{""color"":""orange"",""discountPrice"":10,""regularPrice"":20},""spot3"":{""color"":""purple"",""discountPrice"":1,""regularPrice"":11},""spot4"":{""color"":""purple"",""discountPrice"":13,""regularPrice"":23}}",condition2,01HKZA977NSVCT5WCQWJ9YW8XF,01HKZAEN24MSW69KDR319NB786,1,spot3,spot3,spot3,spot3,spot3,spot3,spot3,spot3,spot3,spot3,spot3,spot3,spot3,11,1,1,1,1,1,1,1,1,1,1,1,1,0.0,0.0,0.0,0.0,0.0,0.9166666666666670,0.0,0.0,0.0,0.0,0.0,0.0,0.0,0.0,0.0,0.0,0.0,0.0,0.0,0.0,0.0,0.0,0.0,0.0,0.0,0.0,0.0,0.0,0.08333333333333330,0.0,0.0,0.0,0.0,0.0,1.0,0.0,0.0,0.0,0.0,0.0,0.0,0.0,0.0,0.0,0.0,0.0,0.0,0.0,0.0,0.0,0.0,0.0,0.0,0.0,0.0,0.0,0.0,0.0,23.0,-153.0,0,0,"One of us should choose the 11MU space, and the other should choose one of the orange spaces. That way we'd not have a car crash.",0.0,0.9166666666666670,0.0,0.0,0.08333333333333330,0.0,1.0,0.0,0.0,0.0
195,2024-01-12_experiment-part-4,"{""numRounds"":13,""playerCount"":2,""spot1"":{""color"":""orange"",""discountPrice"":10,""regularPrice"":20},""spot2"":{""color"":""orange"",""discountPrice"":10,""regularPrice"":20},""spot3"":{""color"":""purple"",""discountPrice"":1,""regularPrice"":11},""spot4"":{""color"":""purple"",""discountPrice"":13,""regularPrice"":23}}",condition2,01HKZA977NSVCT5WCQWJ9YW8XF,01HKZAFQJJMNGAFXGP7PRREK5D,2,spot1,spot4,spot4,spot4,spot4,spot4,spot4,spot4,spot4,spot4,spot4,spot4,spot4,20,13,13,13,13,13,13,13,13,13,13,13,13,0.0,0.0,0.0,0.0,0.0,0.9166666666666670,0.0,0.0,0.0,0.0,0.0,0.0,0.0,0.0,0.0,0.0,0.0,0.0,0.0,0.0,0.0,0.0,0.0,0.0,0.0,0.0,0.0,0.0,0.08333333333333330,0.0,0.0,0.0,0.0,0.0,1.0,0.0,0.0,0.0,0.0,0.0,0.0,0.0,0.0,0.0,0.0,0.0,0.0,0.0,0.0,0.0,0.0,0.0,0.0,0.0,0.0,0.0,0.0,0.0,176.0,153.0,0,1,"Our plan should be to always park in the same color parking space. To avoid a crash and the -30MU penalty, I will always choose the outer parking space of the same color and you should pick the inner color parking space of the same color regardless of MU price since we will be getting the discount for choosing the same color parking space. Follow my lead.",0.0,0.9166666666666670,0.0,0.0,0.08333333333333330,0.0,1.0,0.0,0.0,0.0
196,2024-01-12_experiment-part-4,"{""numRounds"":13,""playerCount"":2,""spot1"":{""color"":""orange"",""discountPrice"":10,""regularPrice"":20},""spot2"":{""color"":""orange"",""discountPrice"":10,""regularPrice"":20},""spot3"":{""color"":""purple"",""discountPrice"":1,""regularPrice"":11},""spot4"":{""color"":""purple"",""discountPrice"":13,""regularPrice"":23}}",condition2,01HKZA977P248QJV23ATHS5H1S,01HKZAE7B0D3RQSGYZR28WWT0F,1,spot3,spot3,spot3,spot3,spot3,spot3,spot3,spot3,spot3,spot3,spot3,spot3,spot4,11,11,11,1,1,1,1,1,1,1,1,1,30,0.0,0.0,0.0,0.0,0.0,0.75,0.0,0.25,0.0,0.0,0.0,0.0,0.0,0.0,0.0,0.0,0.0,0.0,0.0,0.0,0.0,0.0,0.0,0.0,0.0,0.0,0.0,0.0,0.0,0.0,0.0,0.0,0.0,0.0,1.0,0.0,0.0,0.0,0.0,0.0,0.0,0.0,0.0,0.0,0.0,0.0,0.0,0.0,0.0,0.0,0.0,0.0,0.0,0.0,0.0,0.0,0.0,0.0,72.0,-135.0,1,1, how about pick purple,0.0,0.75,0.0,0.25,0.0,0.0,1.0,0.0,0.0,0.0
197,2024-01-12_experiment-part-4,"{""numRounds"":13,""playerCount"":2,""spot1"":{""color"":""orange"",""discountPrice"":10,""regularPrice"":20},""spot2"":{""color"":""orange"",""discountPrice"":10,""regularPrice"":20},""spot3"":{""color"":""purple"",""discountPrice"":1,""regularPrice"":11},""spot4"":{""color"":""purple"",""discountPrice"":13,""regularPrice"":23}}",condition2,01HKZA977P248QJV23ATHS5H1S,01HKZAHY0RJGMK2AXX0B3XH530,2,spot1,spot1,spot1,spot4,spot4,spot4,spot4,spot4,spot4,spot4,spot4,spot4,spot4,20,20,20,13,13,13,13,13,13,13,13,13,30,0.0,0.0,0.0,0.0,0.0,0.75,0.0,0.25,0.0,0.0,0.0,0.0,0.0,0.0,0.0,0.0,0.0,0.0,0.0,0.0,0.0,0.0,0.0,0.0,0.0,0.0,0.0,0.0,0.0,0.0,0.0,0.0,0.0,0.0,1.0,0.0,0.0,0.0,0.0,0.0,0.0,0.0,0.0,0.0,0.0,0.0,0.0,0.0,0.0,0.0,0.0,0.0,0.0,0.0,0.0,0.0,0.0,0.0,207.0,135.0,1,1,I would choose the yellow space because that seems fair.,0.0,0.75,0.0,0.25,0.0,0.0,1.0,0.0,0.0,0.0
198,2024-01-12_experiment-part-4,"{""numRounds"":13,""playerCount"":2,""spot1"":{""color"":""orange"",""discountPrice"":10,""regularPrice"":20},""spot2"":{""color"":""orange"",""discountPrice"":10,""regularPrice"":20},""spot3"":{""color"":""purple"",""discountPrice"":1,""regularPrice"":11},""spot4"":{""color"":""purple"",""discountPrice"":13,""regularPrice"":23}}",condition2,01HKZA977P248QJV23BBPNWHW4,01HKZAXS3MVDVJ9RBDH93KVSMX,1,spot2,spot2,spot1,spot3,spot2,spot3,spot3,spot3,spot3,spot3,spot3,spot3,spot3,30,30,20,11,20,11,11,1,1,1,1,1,1,0.0,0.0,0.0,0.0,0.0,0.4166666666666670,0.0,0.16666666666666700,0.0,0.0,0.0,0.0,0.0,0.0,0.0,0.0,0.0,0.0,0.0,0.0,0.0,0.0,0.0,0.0,0.0,0.16666666666666700,0.0,0.0,0.25,0.0,0.0,0.0,0.0,0.0,1.0,0.0,0.0,0.0,0.0,0.0,0.0,0.0,0.0,0.0,0.0,0.0,0.0,0.0,0.0,0.0,0.0,0.0,0.0,0.0,0.0,0.0,0.0,0.0,139.0,-93.0,2,4,lets just stick with orange.l will chose the left and you choose the right.,0.0,0.4166666666666670,0.0,0.16666666666666700,0.41666666666666700,0.0,1.0,0.0,0.0,0.0
199,2024-01-12_experiment-part-4,"{""numRounds"":13,""playerCount"":2,""spot1"":{""color"":""orange"",""discountPrice"":10,""regularPrice"":20},""spot2"":{""color"":""orange"",""discountPrice"":10,""regularPrice"":20},""spot3"":{""color"":""purple"",""discountPrice"":1,""regularPrice"":11},""spot4"":{""color"":""purple"",""discountPrice"":13,""regularPrice"":23}}",condition2,01HKZA977P248QJV23BBPNWHW4,01HKZB27GPMX13Y0ZRZCPM27XS,2,spot2,spot2,spot3,spot2,spot4,spot1,spot1,spot4,spot4,spot4,spot4,spot4,spot4,30,30,11,20,23,20,20,13,13,13,13,13,13,0.0,0.0,0.0,0.0,0.0,0.4166666666666670,0.0,0.16666666666666700,0.0,0.0,0.0,0.0,0.0,0.0,0.0,0.0,0.0,0.0,0.0,0.0,0.0,0.0,0.0,0.0,0.0,0.16666666666666700,0.0,0.0,0.25,0.0,0.0,0.0,0.0,0.0,1.0,0.0,0.0,0.0,0.0,0.0,0.0,0.0,0.0,0.0,0.0,0.0,0.0,0.0,0.0,0.0,0.0,0.0,0.0,0.0,0.0,0.0,0.0,0.0,232.0,93.0,2,5,We could alternate in the purple spots with each of us taking the cheap spot on the left every other turn. You can park there the first turn,0.0,0.4166666666666670,0.0,0.16666666666666700,0.41666666666666700,0.0,1.0,0.0,0.0,0.0
200,2024-01-12_experiment-part-4,"{""numRounds"":13,""playerCount"":2,""spot1"":{""color"":""orange"",""discountPrice"":10,""regularPrice"":20},""spot2"":{""color"":""orange"",""discountPrice"":10,""regularPrice"":20},""spot3"":{""color"":""purple"",""discountPrice"":1,""regularPrice"":11},""spot4"":{""color"":""purple"",""discountPrice"":13,""regularPrice"":23}}",condition2,01HKZA977RMDW94010QQM064W4,01HKZADAPKGCQJA5X108ZCRRZ9,1,spot4,spot3,spot4,spot3,spot4,spot4,spot2,spot4,spot4,spot2,spot2,spot2,spot4,13,30,13,30,13,23,20,23,13,10,30,20,13,0.0,0.0,0.0,0.0,0.0,0.0,0.0,0.0,0.0,0.0,0.0,0.0,0.0,0.0,0.0,0.0,0.0,0.0,0.0,0.0,0.0,0.0,0.0,0.0,0.0,0.0,0.0,0.0,1.0,0.0,0.0,0.0,0.0,0.0,0.0,0.0,0.0,0.0,0.0,0.0,0.0,0.0,0.0,0.0,0.0,0.0,0.0,0.0,0.0,0.0,0.0,0.0,0.0,0.0,0.0,0.0,0.0,1.0,251.0,84.0,3,8,"We both always select one of the purple spots, each round we alternate which one we pick. I will start with choosing the right most spot, (13mu), and you will choose the left purple spot (1mu). The next round, we will switch what we choose, and so one. Back and forth, we will save the most money this way.",0.0,0.0,0.0,0.0,1.0,0.0,0.0,0.0,0.0,1.0
201,2024-01-12_experiment-part-4,"{""numRounds"":13,""playerCount"":2,""spot1"":{""color"":""orange"",""discountPrice"":10,""regularPrice"":20},""spot2"":{""color"":""orange"",""discountPrice"":10,""regularPrice"":20},""spot3"":{""color"":""purple"",""discountPrice"":1,""regularPrice"":11},""spot4"":{""color"":""purple"",""discountPrice"":13,""regularPrice"":23}}",condition2,01HKZA977RMDW94010QQM064W4,01HKZB0E2KPDRQCR9CFZZDQT9J,2,spot3,spot3,spot3,spot3,spot3,spot1,spot3,spot1,spot3,spot1,spot2,spot3,spot3,1,30,1,30,1,20,11,20,1,10,30,11,1,0.0,0.0,0.0,0.0,0.0,0.0,0.0,0.0,0.0,0.0,0.0,0.0,0.0,0.0,0.0,0.0,0.0,0.0,0.0,0.0,0.0,0.0,0.0,0.0,0.0,0.0,0.0,0.0,1.0,0.0,0.0,0.0,0.0,0.0,0.0,0.0,0.0,0.0,0.0,0.0,0.0,0.0,0.0,0.0,0.0,0.0,0.0,0.0,0.0,0.0,0.0,0.0,0.0,0.0,0.0,0.0,0.0,1.0,167.0,-84.0,3,7,"I would like for us to park in the two purple parking spots. Player 1 parks in the first purple spot, and player 2 parks in the second purple spot.",0.0,0.0,0.0,0.0,1.0,0.0,0.0,0.0,0.0,1.0
202,2024-01-12_experiment-part-4,"{""numRounds"":13,""playerCount"":2,""spot1"":{""color"":""orange"",""discountPrice"":10,""regularPrice"":20},""spot2"":{""color"":""orange"",""discountPrice"":10,""regularPrice"":20},""spot3"":{""color"":""purple"",""discountPrice"":1,""regularPrice"":11},""spot4"":{""color"":""purple"",""discountPrice"":13,""regularPrice"":23}}",condition2,01HKZA977RMDW94010R3K38ZK4,01HKZB2WJ2GR1R3V1PM9XYB27E,1,spot4,spot4,spot4,spot4,spot4,spot4,spot4,spot2,spot3,spot3,spot3,spot3,spot3,13,30,13,13,13,13,13,20,30,30,30,30,1,0.0,0.0,0.0,0.0,0.0,0.0,0.0,0.0,0.0,0.0,0.0,0.4166666666666670,0.0,0.0,0.0,0.0,0.0,0.0,0.0,0.0,0.0,0.0,0.0,0.0,0.0,0.0,0.3333333333333330,0.0,0.25,0.0,0.0,0.0,0.0,0.0,0.0,0.0,0.0,0.0,0.0,0.0,0.0,0.0,0.0,0.0,0.0,0.0,0.0,0.0,0.0,0.0,0.0,0.0,0.0,0.0,0.0,1.0,0.0,0.0,249.0,69.0,5,2,"In order to be efficient, I would always choose the the color that have the least discount price. So if you see a color that have a discount price of 1, I will pick that and all you have to do is pick the other one that goes with it. For instance, if the color is purple and the discount price for one is 1 and the discount price for the other purple is 10, I would choose the 1MU so all you have to do is choose the other.",0.0,0.4166666666666670,0.0,0.0,0.5833333333333330,0.0,0.0,0.0,0.0,1.0
203,2024-01-12_experiment-part-4,"{""numRounds"":13,""playerCount"":2,""spot1"":{""color"":""orange"",""discountPrice"":10,""regularPrice"":20},""spot2"":{""color"":""orange"",""discountPrice"":10,""regularPrice"":20},""spot3"":{""color"":""purple"",""discountPrice"":1,""regularPrice"":11},""spot4"":{""color"":""purple"",""discountPrice"":13,""regularPrice"":23}}",condition2,01HKZA977RMDW94010R3K38ZK4,01HKZB4WEKNCH43BNH3HP6JV2D,2,spot3,spot4,spot3,spot3,spot3,spot3,spot3,spot3,spot3,spot3,spot3,spot3,spot4,1,30,1,1,1,1,1,11,30,30,30,30,13,0.0,0.0,0.0,0.0,0.0,0.0,0.0,0.0,0.0,0.0,0.0,0.4166666666666670,0.0,0.0,0.0,0.0,0.0,0.0,0.0,0.0,0.0,0.0,0.0,0.0,0.0,0.0,0.3333333333333330,0.0,0.25,0.0,0.0,0.0,0.0,0.0,0.0,0.0,0.0,0.0,0.0,0.0,0.0,0.0,0.0,0.0,0.0,0.0,0.0,0.0,0.0,0.0,0.0,0.0,0.0,0.0,0.0,1.0,0.0,0.0,180.0,-69.0,5,3,"We should focus on the purple spots. How about ever 5 rounds we switch to the other purple spot so we can both get the discounted price. So you start at the 1MU spot for 5 rounds, we switch for 5 rounds, then keep on going",0.0,0.4166666666666670,0.0,0.0,0.5833333333333330,0.0,0.0,0.0,0.0,1.0
204,2024-01-12_experiment-part-4,"{""numRounds"":13,""playerCount"":2,""spot1"":{""color"":""orange"",""discountPrice"":10,""regularPrice"":20},""spot2"":{""color"":""orange"",""discountPrice"":10,""regularPrice"":20},""spot3"":{""color"":""purple"",""discountPrice"":8,""regularPrice"":18},""spot4"":{""color"":""purple"",""discountPrice"":1,""regularPrice"":11}}",condition3,01HKZA977V8ZT46VRZMWJ1A5G1,01HKZACYY1FV1VTS56FBTETRWM,1,spot3,spot3,spot1,spot3,spot3,spot3,spot3,spot3,spot3,spot3,spot3,spot3,spot3,18,18,20,8,8,8,8,8,8,8,8,8,8,0.0,0.0,0.0,0.0,0.0,0.75,0.0,0.0,0.0,0.16666666666666700,0.0,0.0,0.0,0.0,0.0,0.0,0.0,0.0,0.0,0.0,0.0,0.0,0.0,0.0,0.0,0.0,0.0,0.0,0.08333333333333330,0.0,0.0,0.0,0.0,0.0,1.0,0.0,0.0,0.0,0.0,0.0,0.0,0.0,0.0,0.0,0.0,0.0,0.0,0.0,0.0,0.0,0.0,0.0,0.0,0.0,0.0,0.0,0.0,0.0,136.0,75.0,0,2,I will pick the spot of the same color of the lowest priced option and allow the partner to pick the lowest priced option,0.0,0.75,0.0,0.16666666666666700,0.08333333333333330,0.0,1.0,0.0,0.0,0.0
205,2024-01-12_experiment-part-4,"{""numRounds"":13,""playerCount"":2,""spot1"":{""color"":""orange"",""discountPrice"":10,""regularPrice"":20},""spot2"":{""color"":""orange"",""discountPrice"":10,""regularPrice"":20},""spot3"":{""color"":""purple"",""discountPrice"":8,""regularPrice"":18},""spot4"":{""color"":""purple"",""discountPrice"":1,""regularPrice"":11}}",condition3,01HKZA977V8ZT46VRZMWJ1A5G1,01HKZADEMPB0VRE7Q435T4BHFG,2,spot2,spot2,spot4,spot4,spot4,spot4,spot4,spot4,spot4,spot4,spot4,spot4,spot4,20,20,11,1,1,1,1,1,1,1,1,1,1,0.0,0.0,0.0,0.0,0.0,0.75,0.0,0.0,0.0,0.16666666666666700,0.0,0.0,0.0,0.0,0.0,0.0,0.0,0.0,0.0,0.0,0.0,0.0,0.0,0.0,0.0,0.0,0.0,0.0,0.08333333333333330,0.0,0.0,0.0,0.0,0.0,1.0,0.0,0.0,0.0,0.0,0.0,0.0,0.0,0.0,0.0,0.0,0.0,0.0,0.0,0.0,0.0,0.0,0.0,0.0,0.0,0.0,0.0,0.0,0.0,61.0,-75.0,0,1,Let's pick purple every time. We can switch who gets the first and second spot for the best results.,0.0,0.75,0.0,0.16666666666666700,0.08333333333333330,0.0,1.0,0.0,0.0,0.0
206,2024-01-12_experiment-part-4,"{""numRounds"":13,""playerCount"":2,""spot1"":{""color"":""orange"",""discountPrice"":10,""regularPrice"":20},""spot2"":{""color"":""orange"",""discountPrice"":10,""regularPrice"":20},""spot3"":{""color"":""purple"",""discountPrice"":8,""regularPrice"":18},""spot4"":{""color"":""purple"",""discountPrice"":1,""regularPrice"":11}}",condition3,01HKZA977W76SAB2ZQSZTD6B6H,01HKZAD67GAS0XX3MYSJEN7104,1,spot4,spot4,spot4,spot4,spot4,spot4,spot4,spot4,spot4,spot3,spot4,spot3,spot4,1,30,1,30,1,30,1,30,1,8,1,8,1,0.0,0.0,0.0,0.0,0.0,0.0,0.0,0.0,0.0,0.0,0.0,0.0,0.0,0.0,0.0,0.0,0.0,0.0,0.0,0.0,0.0,0.0,0.0,0.3333333333333330,0.0,0.0,0.0,0.0,0.6666666666666670,0.0,0.0,0.0,0.0,0.0,0.0,0.0,0.0,0.0,0.0,0.0,0.0,0.0,0.0,0.0,0.0,0.0,0.0,0.0,0.0,0.0,0.0,0.0,1.0,0.0,0.0,0.0,0.0,0.0,143.0,-35.0,4,4,I will always park in the 8MU purple spot and you can always park in the 1MU purple spot. I'm happy to give you the cheapest spot and then I also get a slight discount over the orange spots.,0.0,0.0,0.3333333333333330,0.0,0.6666666666666670,0.0,0.0,1.0,0.0,0.0
207,2024-01-12_experiment-part-4,"{""numRounds"":13,""playerCount"":2,""spot1"":{""color"":""orange"",""discountPrice"":10,""regularPrice"":20},""spot2"":{""color"":""orange"",""discountPrice"":10,""regularPrice"":20},""spot3"":{""color"":""purple"",""discountPrice"":8,""regularPrice"":18},""spot4"":{""color"":""purple"",""discountPrice"":1,""regularPrice"":11}}",condition3,01HKZA977W76SAB2ZQSZTD6B6H,01HKZADN1G5JRXQ9N095WGCJQ8,2,spot3,spot4,spot3,spot4,spot3,spot4,spot3,spot4,spot3,spot4,spot3,spot4,spot3,8,30,8,30,8,30,8,30,8,1,8,1,8,0.0,0.0,0.0,0.0,0.0,0.0,0.0,0.0,0.0,0.0,0.0,0.0,0.0,0.0,0.0,0.0,0.0,0.0,0.0,0.0,0.0,0.0,0.0,0.3333333333333330,0.0,0.0,0.0,0.0,0.6666666666666670,0.0,0.0,0.0,0.0,0.0,0.0,0.0,0.0,0.0,0.0,0.0,0.0,0.0,0.0,0.0,0.0,0.0,0.0,0.0,0.0,0.0,0.0,0.0,1.0,0.0,0.0,0.0,0.0,0.0,178.0,35.0,4,12,"I believe we should go with the cheapest lot which is purple. First, we should decide on which side to take and alternate for the purple side. ",0.0,0.0,0.3333333333333330,0.0,0.6666666666666670,0.0,0.0,1.0,0.0,0.0
208,2024-01-12_experiment-part-4,"{""numRounds"":13,""playerCount"":2,""spot1"":{""color"":""orange"",""discountPrice"":10,""regularPrice"":20},""spot2"":{""color"":""orange"",""discountPrice"":10,""regularPrice"":20},""spot3"":{""color"":""purple"",""discountPrice"":8,""regularPrice"":18},""spot4"":{""color"":""purple"",""discountPrice"":1,""regularPrice"":11}}",condition3,01HKZA977W76SAB2ZQTDHAHBAV,01HKZADHCBDJJB9C2DVMD1ZWWV,1,spot3,spot3,spot4,spot4,spot4,spot4,spot4,spot4,spot4,spot4,spot4,spot4,spot4,30,30,1,1,1,1,1,1,1,1,1,1,1,0.0,0.0,0.0,0.0,0.0,0.0,0.0,0.0,0.0,0.0,0.0,0.8333333333333330,0.0,0.0,0.0,0.0,0.0,0.0,0.0,0.0,0.0,0.0,0.0,0.0,0.0,0.0,0.16666666666666700,0.0,0.0,0.0,0.0,0.0,0.0,0.0,0.0,0.0,0.0,0.0,0.0,0.0,1.0,0.0,0.0,0.0,0.0,0.0,0.0,0.0,0.0,0.0,0.0,0.0,0.0,0.0,0.0,0.0,0.0,0.0,71.0,-77.0,2,1,I will always take the spot third from the right. The spot that costs 8MU. You always take the spot at the far right. The one that costs 1MU. This way we can always get the lowest price,0.0,0.8333333333333330,0.0,0.0,0.16666666666666700,0.0,1.0,0.0,0.0,0.0
209,2024-01-12_experiment-part-4,"{""numRounds"":13,""playerCount"":2,""spot1"":{""color"":""orange"",""discountPrice"":10,""regularPrice"":20},""spot2"":{""color"":""orange"",""discountPrice"":10,""regularPrice"":20},""spot3"":{""color"":""purple"",""discountPrice"":8,""regularPrice"":18},""spot4"":{""color"":""purple"",""discountPrice"":1,""regularPrice"":11}}",condition3,01HKZA977W76SAB2ZQTDHAHBAV,01HKZAECNYA5ZQ3TY94AXFM76W,2,spot3,spot3,spot3,spot3,spot3,spot3,spot3,spot3,spot3,spot3,spot3,spot3,spot3,30,30,8,8,8,8,8,8,8,8,8,8,8,0.0,0.0,0.0,0.0,0.0,0.0,0.0,0.0,0.0,0.0,0.0,0.8333333333333330,0.0,0.0,0.0,0.0,0.0,0.0,0.0,0.0,0.0,0.0,0.0,0.0,0.0,0.0,0.16666666666666700,0.0,0.0,0.0,0.0,0.0,0.0,0.0,0.0,0.0,0.0,0.0,0.0,0.0,1.0,0.0,0.0,0.0,0.0,0.0,0.0,0.0,0.0,0.0,0.0,0.0,0.0,0.0,0.0,0.0,0.0,0.0,148.0,77.0,2,0,I will pick the 18/8 slot every time,0.0,0.8333333333333330,0.0,0.0,0.16666666666666700,0.0,1.0,0.0,0.0,0.0
210,2024-01-12_experiment-part-4,"{""numRounds"":13,""playerCount"":2,""spot1"":{""color"":""orange"",""discountPrice"":10,""regularPrice"":20},""spot2"":{""color"":""orange"",""discountPrice"":10,""regularPrice"":20},""spot3"":{""color"":""purple"",""discountPrice"":8,""regularPrice"":18},""spot4"":{""color"":""purple"",""discountPrice"":1,""regularPrice"":11}}",condition3,01HKZA977XVS14QPBK9Z23K7AX,01HKZADCPQC4E241TGAN30WTGF,1,spot3,spot4,spot4,spot4,spot4,spot4,spot4,spot4,spot4,spot4,spot4,spot4,spot4,30,30,1,1,1,1,1,1,1,1,1,1,1,0.0,0.0,0.0,0.0,0.0,0.0,0.0,0.0,0.0,0.0,0.0,0.8333333333333330,0.0,0.0,0.0,0.0,0.0,0.0,0.0,0.0,0.0,0.0,0.0,0.0,0.0,0.0,0.0,0.0,0.16666666666666700,0.0,0.0,0.0,0.0,0.0,0.0,0.0,0.0,0.0,0.0,0.0,1.0,0.0,0.0,0.0,0.0,0.0,0.0,0.0,0.0,0.0,0.0,0.0,0.0,0.0,0.0,0.0,0.0,0.0,71.0,-77.0,2,1,My partner can go with the lowest 11mu and I would go with 18 because both would still be 10 difference and it would work out for the best.,0.0,0.8333333333333330,0.0,0.0,0.16666666666666700,0.0,1.0,0.0,0.0,0.0
211,2024-01-12_experiment-part-4,"{""numRounds"":13,""playerCount"":2,""spot1"":{""color"":""orange"",""discountPrice"":10,""regularPrice"":20},""spot2"":{""color"":""orange"",""discountPrice"":10,""regularPrice"":20},""spot3"":{""color"":""purple"",""discountPrice"":8,""regularPrice"":18},""spot4"":{""color"":""purple"",""discountPrice"":1,""regularPrice"":11}}",condition3,01HKZA977XVS14QPBK9Z23K7AX,01HKZADZ7GEHGRTA8ZBWYHM9XH,2,spot3,spot4,spot3,spot3,spot3,spot3,spot3,spot3,spot3,spot3,spot3,spot3,spot3,30,30,8,8,8,8,8,8,8,8,8,8,8,0.0,0.0,0.0,0.0,0.0,0.0,0.0,0.0,0.0,0.0,0.0,0.8333333333333330,0.0,0.0,0.0,0.0,0.0,0.0,0.0,0.0,0.0,0.0,0.0,0.0,0.0,0.0,0.0,0.0,0.16666666666666700,0.0,0.0,0.0,0.0,0.0,0.0,0.0,0.0,0.0,0.0,0.0,1.0,0.0,0.0,0.0,0.0,0.0,0.0,0.0,0.0,0.0,0.0,0.0,0.0,0.0,0.0,0.0,0.0,0.0,148.0,77.0,2,2,"My plan is we each rotate into the cheapest discount spot, the 1MU, starting with you. The other player will take the other purple spot, the 8mu. For the second round we swap (I get 1MU and you get 8MU). Then we revert back for the final round: you get 1MU and I get 8MU.\n\n",0.0,0.8333333333333330,0.0,0.0,0.16666666666666700,0.0,1.0,0.0,0.0,0.0
212,2024-01-12_experiment-part-4,"{""numRounds"":13,""playerCount"":2,""spot1"":{""color"":""orange"",""discountPrice"":10,""regularPrice"":20},""spot2"":{""color"":""orange"",""discountPrice"":10,""regularPrice"":20},""spot3"":{""color"":""purple"",""discountPrice"":8,""regularPrice"":18},""spot4"":{""color"":""purple"",""discountPrice"":1,""regularPrice"":11}}",condition3,01HKZA977YN30RJC69SRMQS274,01HKZAE2Q87MAWH33SF550FT1D,1,spot3,spot4,spot3,spot3,spot4,spot3,spot4,spot3,spot4,spot3,spot4,spot3,spot4,8,30,18,30,1,8,1,8,1,8,1,8,1,0.0,0.0,0.0,0.0,0.0,0.0,0.0,0.0,0.0,0.0,0.0,0.0,0.0,0.0,0.0,0.0,0.0,0.0,0.0,0.0,0.0,0.0,0.0,0.6666666666666670,0.0,0.0,0.0,0.0,0.3333333333333330,0.0,0.0,0.0,0.0,0.0,0.0,0.0,0.0,0.0,0.0,0.0,0.0,0.0,0.0,0.0,0.0,0.0,0.0,0.0,0.0,0.0,0.0,0.0,1.0,0.0,0.0,0.0,0.0,0.0,123.0,-2.0,2,11,"We should alternate choosing purple spots. You take the 1MU spot the 1st day and I'll take the 8MU spot, then the next time we'll reverse.",0.0,0.0,0.6666666666666670,0.0,0.3333333333333330,0.0,0.0,1.0,0.0,0.0
213,2024-01-12_experiment-part-4,"{""numRounds"":13,""playerCount"":2,""spot1"":{""color"":""orange"",""discountPrice"":10,""regularPrice"":20},""spot2"":{""color"":""orange"",""discountPrice"":10,""regularPrice"":20},""spot3"":{""color"":""purple"",""discountPrice"":8,""regularPrice"":18},""spot4"":{""color"":""purple"",""discountPrice"":1,""regularPrice"":11}}",condition3,01HKZA977YN30RJC69SRMQS274,01HKZAE8S1HFZRVDP0YYKM7A4Y,2,spot4,spot4,spot2,spot3,spot3,spot4,spot3,spot4,spot3,spot4,spot3,spot4,spot3,1,30,20,30,8,1,8,1,8,1,8,1,8,0.0,0.0,0.0,0.0,0.0,0.0,0.0,0.0,0.0,0.0,0.0,0.0,0.0,0.0,0.0,0.0,0.0,0.0,0.0,0.0,0.0,0.0,0.0,0.6666666666666670,0.0,0.0,0.0,0.0,0.3333333333333330,0.0,0.0,0.0,0.0,0.0,0.0,0.0,0.0,0.0,0.0,0.0,0.0,0.0,0.0,0.0,0.0,0.0,0.0,0.0,0.0,0.0,0.0,0.0,1.0,0.0,0.0,0.0,0.0,0.0,125.0,2.0,2,10, Ill be choosing the right spot of both groups always and hopefully they will take the left spot.,0.0,0.0,0.6666666666666670,0.0,0.3333333333333330,0.0,0.0,1.0,0.0,0.0
214,2024-01-12_experiment-part-4,"{""numRounds"":13,""playerCount"":2,""spot1"":{""color"":""orange"",""discountPrice"":10,""regularPrice"":20},""spot2"":{""color"":""orange"",""discountPrice"":10,""regularPrice"":20},""spot3"":{""color"":""purple"",""discountPrice"":8,""regularPrice"":18},""spot4"":{""color"":""purple"",""discountPrice"":1,""regularPrice"":11}}",condition3,01HKZA977YN30RJC69SYNPD1G2,01HKZAD7ABS9GWJRMHPN6GXEK6,1,spot1,spot1,spot1,spot4,spot4,spot4,spot4,spot4,spot4,spot4,spot4,spot4,spot4,20,20,20,1,1,1,1,1,1,1,1,1,1,0.0,0.25,0.0,0.0,0.0,0.0,0.0,0.0,0.0,0.0,0.0,0.75,0.0,0.0,0.0,0.0,0.0,0.0,0.0,0.0,0.0,0.0,0.0,0.0,0.0,0.0,0.0,0.0,0.0,0.0,0.0,0.0,0.0,0.0,0.0,0.0,0.0,0.0,0.0,0.0,1.0,0.0,0.0,0.0,0.0,0.0,0.0,0.0,0.0,0.0,0.0,0.0,0.0,0.0,0.0,0.0,0.0,0.0,70.0,-64.0,0,1,I could always pick furthest left and they could pick 2nd from left every day.,0.0,0.75,0.0,0.25,0.0,0.0,1.0,0.0,0.0,0.0
215,2024-01-12_experiment-part-4,"{""numRounds"":13,""playerCount"":2,""spot1"":{""color"":""orange"",""discountPrice"":10,""regularPrice"":20},""spot2"":{""color"":""orange"",""discountPrice"":10,""regularPrice"":20},""spot3"":{""color"":""purple"",""discountPrice"":8,""regularPrice"":18},""spot4"":{""color"":""purple"",""discountPrice"":1,""regularPrice"":11}}",condition3,01HKZA977YN30RJC69SYNPD1G2,01HKZAGMV3795TK4JB7PH82J1T,2,spot3,spot3,spot3,spot3,spot3,spot3,spot3,spot3,spot3,spot3,spot3,spot3,spot3,18,18,18,8,8,8,8,8,8,8,8,8,8,0.0,0.25,0.0,0.0,0.0,0.0,0.0,0.0,0.0,0.0,0.0,0.75,0.0,0.0,0.0,0.0,0.0,0.0,0.0,0.0,0.0,0.0,0.0,0.0,0.0,0.0,0.0,0.0,0.0,0.0,0.0,0.0,0.0,0.0,0.0,0.0,0.0,0.0,0.0,0.0,1.0,0.0,0.0,0.0,0.0,0.0,0.0,0.0,0.0,0.0,0.0,0.0,0.0,0.0,0.0,0.0,0.0,0.0,134.0,64.0,0,0,I'll always take the left purple if you consistentl,0.0,0.75,0.0,0.25,0.0,0.0,1.0,0.0,0.0,0.0
216,2024-01-12_experiment-part-4,"{""numRounds"":13,""playerCount"":2,""spot1"":{""color"":""orange"",""discountPrice"":10,""regularPrice"":20},""spot2"":{""color"":""orange"",""discountPrice"":10,""regularPrice"":20},""spot3"":{""color"":""purple"",""discountPrice"":8,""regularPrice"":18},""spot4"":{""color"":""purple"",""discountPrice"":1,""regularPrice"":11}}",condition3,01HKZA977ZK0YB4F7JZA728SR8,01HKZADPGJ06EVT3GJJRCKFXK0,1,spot3,spot3,spot3,spot3,spot3,spot3,spot3,spot3,spot3,spot3,spot3,spot3,spot3,8,8,8,8,8,8,8,8,8,8,8,8,8,0.0,0.0,0.0,0.0,0.0,1.0,0.0,0.0,0.0,0.0,0.0,0.0,0.0,0.0,0.0,0.0,0.0,0.0,0.0,0.0,0.0,0.0,0.0,0.0,0.0,0.0,0.0,0.0,0.0,0.0,0.0,0.0,0.0,0.0,1.0,0.0,0.0,0.0,0.0,0.0,0.0,0.0,0.0,0.0,0.0,0.0,0.0,0.0,0.0,0.0,0.0,0.0,0.0,0.0,0.0,0.0,0.0,0.0,104.0,91.0,0,0,My plan is to take the far right purple parking lot. ,0.0,1.0,0.0,0.0,0.0,0.0,1.0,0.0,0.0,0.0
217,2024-01-12_experiment-part-4,"{""numRounds"":13,""playerCount"":2,""spot1"":{""color"":""orange"",""discountPrice"":10,""regularPrice"":20},""spot2"":{""color"":""orange"",""discountPrice"":10,""regularPrice"":20},""spot3"":{""color"":""purple"",""discountPrice"":8,""regularPrice"":18},""spot4"":{""color"":""purple"",""discountPrice"":1,""regularPrice"":11}}",condition3,01HKZA977ZK0YB4F7JZA728SR8,01HKZAJF6T49YRZDDN51YYV6VS,2,spot4,spot4,spot4,spot4,spot4,spot4,spot4,spot4,spot4,spot4,spot4,spot4,spot4,1,1,1,1,1,1,1,1,1,1,1,1,1,0.0,0.0,0.0,0.0,0.0,1.0,0.0,0.0,0.0,0.0,0.0,0.0,0.0,0.0,0.0,0.0,0.0,0.0,0.0,0.0,0.0,0.0,0.0,0.0,0.0,0.0,0.0,0.0,0.0,0.0,0.0,0.0,0.0,0.0,1.0,0.0,0.0,0.0,0.0,0.0,0.0,0.0,0.0,0.0,0.0,0.0,0.0,0.0,0.0,0.0,0.0,0.0,0.0,0.0,0.0,0.0,0.0,0.0,13.0,-91.0,0,0,We should both choose the cheapest option always. You should choose the first option in our cheaper color group and I will choose the second.,0.0,1.0,0.0,0.0,0.0,0.0,1.0,0.0,0.0,0.0
218,2024-01-12_experiment-part-4,"{""numRounds"":13,""playerCount"":2,""spot1"":{""color"":""orange"",""discountPrice"":10,""regularPrice"":20},""spot2"":{""color"":""orange"",""discountPrice"":10,""regularPrice"":20},""spot3"":{""color"":""purple"",""discountPrice"":8,""regularPrice"":18},""spot4"":{""color"":""purple"",""discountPrice"":1,""regularPrice"":11}}",condition3,01HKZA9780Z7EZ1W659Q0S3Z6A,01HKZADBVS7PGR92HCNQKVHXZ8,1,spot4,spot1,spot4,spot4,spot3,spot1,spot4,spot4,spot4,spot4,spot4,spot4,spot4,1,20,1,30,30,20,1,1,1,1,1,1,1,0.0,0.0,0.0,0.0,0.0,0.0,0.0,0.0,0.0,0.0,0.0,0.5,0.0,0.0,0.0,0.0,0.0,0.0,0.0,0.0,0.0,0.0,0.0,0.0,0.0,0.0,0.0,0.0,0.5,0.0,0.0,0.0,0.0,0.0,0.0,0.0,0.0,0.0,0.0,0.0,1.0,0.0,0.0,0.0,0.0,0.0,0.0,0.0,0.0,0.0,0.0,0.0,0.0,0.0,0.0,0.0,0.0,0.0,109.0,-52.0,2,5,e could choose the parking spots that have the lowest cost,0.0,0.5,0.0,0.0,0.5,0.0,1.0,0.0,0.0,0.0
219,2024-01-12_experiment-part-4,"{""numRounds"":13,""playerCount"":2,""spot1"":{""color"":""orange"",""discountPrice"":10,""regularPrice"":20},""spot2"":{""color"":""orange"",""discountPrice"":10,""regularPrice"":20},""spot3"":{""color"":""purple"",""discountPrice"":8,""regularPrice"":18},""spot4"":{""color"":""purple"",""discountPrice"":1,""regularPrice"":11}}",condition3,01HKZA9780Z7EZ1W659Q0S3Z6A,01HKZAHKNVJG530QKWMYYESDWC,2,spot3,spot4,spot3,spot4,spot3,spot3,spot3,spot3,spot3,spot3,spot3,spot3,spot3,8,11,8,30,30,18,8,8,8,8,8,8,8,0.0,0.0,0.0,0.0,0.0,0.0,0.0,0.0,0.0,0.0,0.0,0.5,0.0,0.0,0.0,0.0,0.0,0.0,0.0,0.0,0.0,0.0,0.0,0.0,0.0,0.0,0.0,0.0,0.5,0.0,0.0,0.0,0.0,0.0,0.0,0.0,0.0,0.0,0.0,0.0,1.0,0.0,0.0,0.0,0.0,0.0,0.0,0.0,0.0,0.0,0.0,0.0,0.0,0.0,0.0,0.0,0.0,0.0,161.0,52.0,2,4,Let's park in the purple spots.  I'll park in 8MU first and you in 1MU and then we switch each day.,0.0,0.5,0.0,0.0,0.5,0.0,1.0,0.0,0.0,0.0
220,2024-01-12_experiment-part-4,"{""numRounds"":13,""playerCount"":2,""spot1"":{""color"":""orange"",""discountPrice"":10,""regularPrice"":20},""spot2"":{""color"":""orange"",""discountPrice"":10,""regularPrice"":20},""spot3"":{""color"":""purple"",""discountPrice"":8,""regularPrice"":18},""spot4"":{""color"":""purple"",""discountPrice"":1,""regularPrice"":11}}",condition3,01HKZA9780Z7EZ1W65A2VSSJ6G,01HKZAE856Z4687MAY69F8Q2QJ,1,spot1,spot1,spot2,spot2,spot2,spot2,spot2,spot2,spot2,spot2,spot2,spot2,spot4,30,30,10,10,10,10,10,10,10,10,10,10,1,0.0,0.0,0.0,0.0,0.0,0.0,0.8333333333333330,0.0,0.0,0.0,0.0,0.0,0.0,0.0,0.0,0.0,0.0,0.0,0.0,0.0,0.0,0.0,0.0,0.0,0.16666666666666700,0.0,0.0,0.0,0.0,0.0,0.0,0.0,0.0,0.0,0.0,1.0,0.0,0.0,0.0,0.0,0.0,0.0,0.0,0.0,0.0,0.0,0.0,0.0,0.0,0.0,0.0,0.0,0.0,0.0,0.0,0.0,0.0,0.0,161.0,-19.0,2,2,"I think if player 1 picks spot 1 and player 2 picks spot 2, then we will both get the cheapest cost and avoid a crash.",0.8333333333333330,0.0,0.0,0.0,0.16666666666666700,1.0,0.0,0.0,0.0,0.0
221,2024-01-12_experiment-part-4,"{""numRounds"":13,""playerCount"":2,""spot1"":{""color"":""orange"",""discountPrice"":10,""regularPrice"":20},""spot2"":{""color"":""orange"",""discountPrice"":10,""regularPrice"":20},""spot3"":{""color"":""purple"",""discountPrice"":8,""regularPrice"":18},""spot4"":{""color"":""purple"",""discountPrice"":1,""regularPrice"":11}}",condition3,01HKZA9780Z7EZ1W65A2VSSJ6G,01HKZAEQ28BJZ7FVQ4KPZQFBJJ,2,spot1,spot1,spot1,spot1,spot1,spot1,spot1,spot1,spot1,spot1,spot1,spot1,spot1,30,30,10,10,10,10,10,10,10,10,10,10,20,0.0,0.0,0.0,0.0,0.0,0.0,0.8333333333333330,0.0,0.0,0.0,0.0,0.0,0.0,0.0,0.0,0.0,0.0,0.0,0.0,0.0,0.0,0.0,0.0,0.0,0.16666666666666700,0.0,0.0,0.0,0.0,0.0,0.0,0.0,0.0,0.0,0.0,1.0,0.0,0.0,0.0,0.0,0.0,0.0,0.0,0.0,0.0,0.0,0.0,0.0,0.0,0.0,0.0,0.0,0.0,0.0,0.0,0.0,0.0,0.0,180.0,19.0,2,0,i will pick the first option in both color columns.,0.8333333333333330,0.0,0.0,0.0,0.16666666666666700,1.0,0.0,0.0,0.0,0.0
222,2024-01-12_experiment-part-4,"{""numRounds"":13,""playerCount"":2,""spot1"":{""color"":""orange"",""discountPrice"":10,""regularPrice"":20},""spot2"":{""color"":""orange"",""discountPrice"":10,""regularPrice"":20},""spot3"":{""color"":""purple"",""discountPrice"":8,""regularPrice"":18},""spot4"":{""color"":""purple"",""discountPrice"":1,""regularPrice"":11}}",condition3,01HKZA97810R1SEPGB72H67DBG,01HKZADKX29ZY801PNH2M93MAD,1,spot4,spot4,spot2,spot2,spot4,spot2,spot4,spot4,spot4,spot2,spot1,spot2,spot3,11,11,10,20,30,20,30,11,1,20,20,20,8,0.0,0.0,0.0,0.0,0.0,0.0,0.0,0.0,0.16666666666666700,0.0,0.0,0.0,0.0,0.0,0.0,0.0,0.0,0.0,0.0,0.0,0.0,0.0,0.0,0.0,0.0,0.0,0.0,0.0,0.8333333333333330,0.0,0.0,0.0,0.0,0.0,0.0,0.0,0.0,0.0,0.0,0.0,0.0,0.0,0.0,0.0,0.0,0.0,0.0,0.0,0.0,0.0,0.0,0.0,0.0,0.0,0.0,0.0,0.0,1.0,212.0,11.0,2,8,I would select the spot with the lowest discount.,0.0,0.0,0.0,0.16666666666666700,0.8333333333333330,0.0,0.0,0.0,0.0,1.0
223,2024-01-12_experiment-part-4,"{""numRounds"":13,""playerCount"":2,""spot1"":{""color"":""orange"",""discountPrice"":10,""regularPrice"":20},""spot2"":{""color"":""orange"",""discountPrice"":10,""regularPrice"":20},""spot3"":{""color"":""purple"",""discountPrice"":8,""regularPrice"":18},""spot4"":{""color"":""purple"",""discountPrice"":1,""regularPrice"":11}}",condition3,01HKZA97810R1SEPGB72H67DBG,01HKZAF363DPFT6856C6HC8P6J,2,spot1,spot1,spot1,spot4,spot4,spot3,spot4,spot1,spot3,spot4,spot4,spot4,spot4,20,20,10,11,30,18,30,20,8,11,11,11,1,0.0,0.0,0.0,0.0,0.0,0.0,0.0,0.0,0.16666666666666700,0.0,0.0,0.0,0.0,0.0,0.0,0.0,0.0,0.0,0.0,0.0,0.0,0.0,0.0,0.0,0.0,0.0,0.0,0.0,0.8333333333333330,0.0,0.0,0.0,0.0,0.0,0.0,0.0,0.0,0.0,0.0,0.0,0.0,0.0,0.0,0.0,0.0,0.0,0.0,0.0,0.0,0.0,0.0,0.0,0.0,0.0,0.0,0.0,0.0,1.0,201.0,-11.0,2,6,i will pick the parking lot with a good discount pric,0.0,0.0,0.0,0.16666666666666700,0.8333333333333330,0.0,0.0,0.0,0.0,1.0
224,2024-01-12_experiment-part-5,"{""numRounds"":13,""playerCount"":2,""spot1"":{""color"":""orange"",""discountPrice"":10,""regularPrice"":20},""spot2"":{""color"":""orange"",""discountPrice"":10,""regularPrice"":20},""spot3"":{""color"":""purple"",""discountPrice"":8,""regularPrice"":18},""spot4"":{""color"":""purple"",""discountPrice"":13,""regularPrice"":23}}",condition1,01HKZDV54SERBNCWEN7ZYKQX54,01HKZE3T3ZC588RKGMDMFHW4PW,1,spot1,spot1,spot3,spot2,spot2,spot2,spot2,spot2,spot2,spot2,spot2,spot2,spot3,30,30,30,20,10,10,10,10,10,10,10,10,8,0.0,0.0,0.0,0.0,0.0,0.0,0.6666666666666670,0.0,0.0,0.0,0.0,0.0,0.0,0.0,0.0,0.0,0.0,0.0,0.0,0.0,0.0,0.0,0.0,0.0,0.16666666666666700,0.0,0.0,0.0,0.16666666666666700,0.0,0.0,0.0,0.0,0.0,0.0,1.0,0.0,0.0,0.0,0.0,0.0,0.0,0.0,0.0,0.0,0.0,0.0,0.0,0.0,0.0,0.0,0.0,0.0,0.0,0.0,0.0,0.0,0.0,198.0,-10.0,3,3,Let's choose the color that has the cheapest price overall. I will choose the left one and you choose the right one.,0.6666666666666670,0.0,0.0,0.0,0.3333333333333330,1.0,0.0,0.0,0.0,0.0
225,2024-01-12_experiment-part-5,"{""numRounds"":13,""playerCount"":2,""spot1"":{""color"":""orange"",""discountPrice"":10,""regularPrice"":20},""spot2"":{""color"":""orange"",""discountPrice"":10,""regularPrice"":20},""spot3"":{""color"":""purple"",""discountPrice"":8,""regularPrice"":18},""spot4"":{""color"":""purple"",""discountPrice"":13,""regularPrice"":23}}",condition1,01HKZDV54SERBNCWEN7ZYKQX54,01HKZE3ZVYZC4MJFR4769EQSBZ,2,spot1,spot1,spot3,spot3,spot1,spot1,spot1,spot1,spot1,spot1,spot1,spot1,spot1,30,30,30,18,10,10,10,10,10,10,10,10,20,0.0,0.0,0.0,0.0,0.0,0.0,0.6666666666666670,0.0,0.0,0.0,0.0,0.0,0.0,0.0,0.0,0.0,0.0,0.0,0.0,0.0,0.0,0.0,0.0,0.0,0.16666666666666700,0.0,0.0,0.0,0.16666666666666700,0.0,0.0,0.0,0.0,0.0,0.0,1.0,0.0,0.0,0.0,0.0,0.0,0.0,0.0,0.0,0.0,0.0,0.0,0.0,0.0,0.0,0.0,0.0,0.0,0.0,0.0,0.0,0.0,0.0,208.0,10.0,3,2,We both pick yellow spots.,0.6666666666666670,0.0,0.0,0.0,0.3333333333333330,1.0,0.0,0.0,0.0,0.0
226,2024-01-12_experiment-part-5,"{""numRounds"":13,""playerCount"":2,""spot1"":{""color"":""orange"",""discountPrice"":10,""regularPrice"":20},""spot2"":{""color"":""orange"",""discountPrice"":10,""regularPrice"":20},""spot3"":{""color"":""purple"",""discountPrice"":8,""regularPrice"":18},""spot4"":{""color"":""purple"",""discountPrice"":13,""regularPrice"":23}}",condition1,01HKZDV54SERBNCWEN8C3ZXCDY,01HKZE2VNSFCAYYDNJ0H8Y3PJH,1,spot4,spot2,spot2,spot2,spot2,spot2,spot2,spot2,spot2,spot2,spot2,spot2,spot3,30,30,20,10,10,20,30,10,10,10,10,10,8,0.0,0.0,0.0,0.0,0.0,0.0,0.5833333333333330,0.0,0.0,0.0,0.0,0.0,0.0,0.0,0.0,0.0,0.0,0.0,0.0,0.0,0.0,0.0,0.0,0.0,0.0,0.0,0.0,0.0,0.4166666666666670,0.0,0.0,0.0,0.0,0.0,0.0,1.0,0.0,0.0,0.0,0.0,0.0,0.0,0.0,0.0,0.0,0.0,0.0,0.0,0.0,0.0,0.0,0.0,0.0,0.0,0.0,0.0,0.0,0.0,208.0,-8.0,3,2,I will always choose the right space,0.5833333333333330,0.0,0.0,0.0,0.4166666666666670,1.0,0.0,0.0,0.0,0.0
227,2024-01-12_experiment-part-5,"{""numRounds"":13,""playerCount"":2,""spot1"":{""color"":""orange"",""discountPrice"":10,""regularPrice"":20},""spot2"":{""color"":""orange"",""discountPrice"":10,""regularPrice"":20},""spot3"":{""color"":""purple"",""discountPrice"":8,""regularPrice"":18},""spot4"":{""color"":""purple"",""discountPrice"":13,""regularPrice"":23}}",condition1,01HKZDV54SERBNCWEN8C3ZXCDY,01HKZE333TJDNC9W18K1FBVMKH,2,spot4,spot2,spot3,spot1,spot1,spot3,spot2,spot1,spot1,spot1,spot1,spot1,spot1,30,30,18,10,10,18,30,10,10,10,10,10,20,0.0,0.0,0.0,0.0,0.0,0.0,0.5833333333333330,0.0,0.0,0.0,0.0,0.0,0.0,0.0,0.0,0.0,0.0,0.0,0.0,0.0,0.0,0.0,0.0,0.0,0.0,0.0,0.0,0.0,0.4166666666666670,0.0,0.0,0.0,0.0,0.0,0.0,1.0,0.0,0.0,0.0,0.0,0.0,0.0,0.0,0.0,0.0,0.0,0.0,0.0,0.0,0.0,0.0,0.0,0.0,0.0,0.0,0.0,0.0,0.0,216.0,8.0,3,6,I will try and take the purple spots as they are cheaper but alwasy take the farthest one,0.5833333333333330,0.0,0.0,0.0,0.4166666666666670,1.0,0.0,0.0,0.0,0.0
228,2024-01-12_experiment-part-5,"{""numRounds"":13,""playerCount"":2,""spot1"":{""color"":""orange"",""discountPrice"":10,""regularPrice"":20},""spot2"":{""color"":""orange"",""discountPrice"":10,""regularPrice"":20},""spot3"":{""color"":""purple"",""discountPrice"":8,""regularPrice"":18},""spot4"":{""color"":""purple"",""discountPrice"":13,""regularPrice"":23}}",condition1,01HKZDV54SERBNCWEN8V7YX5A9,01HKZE3RWA203VZEDX4Z28GVCN,1,spot4,spot2,spot2,spot4,spot4,spot4,spot4,spot4,spot4,spot4,spot4,spot4,spot4,23,20,20,13,13,13,13,13,13,13,13,13,13,0.0,0.0,0.0,0.16666666666666700,0.0,0.0,0.0,0.0,0.0,0.0,0.0,0.75,0.0,0.0,0.0,0.0,0.0,0.0,0.0,0.0,0.0,0.0,0.0,0.0,0.0,0.0,0.0,0.0,0.08333333333333330,0.0,0.0,0.0,0.0,0.0,0.0,0.0,0.0,0.0,0.0,0.0,1.0,0.0,0.0,0.0,0.0,0.0,0.0,0.0,0.0,0.0,0.0,0.0,0.0,0.0,0.0,0.0,0.0,0.0,193.0,57.0,0,2,"Park in the cheapest spot, I will take the most expensive one",0.0,0.75,0.0,0.16666666666666700,0.08333333333333330,0.0,1.0,0.0,0.0,0.0
229,2024-01-12_experiment-part-5,"{""numRounds"":13,""playerCount"":2,""spot1"":{""color"":""orange"",""discountPrice"":10,""regularPrice"":20},""spot2"":{""color"":""orange"",""discountPrice"":10,""regularPrice"":20},""spot3"":{""color"":""purple"",""discountPrice"":8,""regularPrice"":18},""spot4"":{""color"":""purple"",""discountPrice"":13,""regularPrice"":23}}",condition1,01HKZDV54SERBNCWEN8V7YX5A9,01HKZE42PYG0X0MTEQZKPPA2FT,2,spot1,spot3,spot3,spot3,spot3,spot3,spot3,spot3,spot3,spot3,spot3,spot3,spot3,20,18,18,8,8,8,8,8,8,8,8,8,8,0.0,0.0,0.0,0.16666666666666700,0.0,0.0,0.0,0.0,0.0,0.0,0.0,0.75,0.0,0.0,0.0,0.0,0.0,0.0,0.0,0.0,0.0,0.0,0.0,0.0,0.0,0.0,0.0,0.0,0.08333333333333330,0.0,0.0,0.0,0.0,0.0,0.0,0.0,0.0,0.0,0.0,0.0,1.0,0.0,0.0,0.0,0.0,0.0,0.0,0.0,0.0,0.0,0.0,0.0,0.0,0.0,0.0,0.0,0.0,0.0,136.0,-57.0,0,1,Both parties should pick yellow spots,0.0,0.75,0.0,0.16666666666666700,0.08333333333333330,0.0,1.0,0.0,0.0,0.0
230,2024-01-12_experiment-part-5,"{""numRounds"":13,""playerCount"":2,""spot1"":{""color"":""orange"",""discountPrice"":10,""regularPrice"":20},""spot2"":{""color"":""orange"",""discountPrice"":10,""regularPrice"":20},""spot3"":{""color"":""purple"",""discountPrice"":8,""regularPrice"":18},""spot4"":{""color"":""purple"",""discountPrice"":13,""regularPrice"":23}}",condition1,01HKZDV54TQTNCP1T00KFGK10M,01HKZE3AZ6QSHN98WWGKAGPXM4,1,spot2,spot2,spot2,spot2,spot2,spot2,spot2,spot2,spot2,spot2,spot2,spot2,spot3,10,10,10,10,10,10,10,10,10,10,10,10,8,0.0,0.0,0.0,0.0,0.0,0.0,1.0,0.0,0.0,0.0,0.0,0.0,0.0,0.0,0.0,0.0,0.0,0.0,0.0,0.0,0.0,0.0,0.0,0.0,0.0,0.0,0.0,0.0,0.0,0.0,0.0,0.0,0.0,0.0,0.0,1.0,0.0,0.0,0.0,0.0,0.0,0.0,0.0,0.0,0.0,0.0,0.0,0.0,0.0,0.0,0.0,0.0,0.0,0.0,0.0,0.0,0.0,0.0,128.0,-12.0,0,1,You always pick the first orange and I will always pick the second orange.,1.0,0.0,0.0,0.0,0.0,1.0,0.0,0.0,0.0,0.0
231,2024-01-12_experiment-part-5,"{""numRounds"":13,""playerCount"":2,""spot1"":{""color"":""orange"",""discountPrice"":10,""regularPrice"":20},""spot2"":{""color"":""orange"",""discountPrice"":10,""regularPrice"":20},""spot3"":{""color"":""purple"",""discountPrice"":8,""regularPrice"":18},""spot4"":{""color"":""purple"",""discountPrice"":13,""regularPrice"":23}}",condition1,01HKZDV54TQTNCP1T00KFGK10M,01HKZE432EMM4DZJ5ZQWQR4ZG4,2,spot1,spot1,spot1,spot1,spot1,spot1,spot1,spot1,spot1,spot1,spot1,spot1,spot1,10,10,10,10,10,10,10,10,10,10,10,10,20,0.0,0.0,0.0,0.0,0.0,0.0,1.0,0.0,0.0,0.0,0.0,0.0,0.0,0.0,0.0,0.0,0.0,0.0,0.0,0.0,0.0,0.0,0.0,0.0,0.0,0.0,0.0,0.0,0.0,0.0,0.0,0.0,0.0,0.0,0.0,1.0,0.0,0.0,0.0,0.0,0.0,0.0,0.0,0.0,0.0,0.0,0.0,0.0,0.0,0.0,0.0,0.0,0.0,0.0,0.0,0.0,0.0,0.0,140.0,12.0,0,0,"Let's both choose the purple spots. I'll take 18MU, you take 23MU.",1.0,0.0,0.0,0.0,0.0,1.0,0.0,0.0,0.0,0.0
232,2024-01-12_experiment-part-5,"{""numRounds"":13,""playerCount"":2,""spot1"":{""color"":""orange"",""discountPrice"":10,""regularPrice"":20},""spot2"":{""color"":""orange"",""discountPrice"":10,""regularPrice"":20},""spot3"":{""color"":""purple"",""discountPrice"":8,""regularPrice"":18},""spot4"":{""color"":""purple"",""discountPrice"":13,""regularPrice"":23}}",condition1,01HKZDV54TQTNCP1T012YPE4WR,01HKZE3NHN0S2R8DR0B31AAYYQ,1,spot2,spot3,spot1,spot2,spot2,spot2,spot2,spot2,spot2,spot2,spot2,spot2,spot3,20,18,30,10,10,10,10,10,10,10,10,10,8,0.0,0.0,0.0,0.0,0.0,0.0,0.75,0.0,0.0,0.0,0.0,0.0,0.0,0.0,0.0,0.0,0.0,0.0,0.0,0.0,0.0,0.0,0.0,0.0,0.0,0.0,0.0,0.0,0.25,0.0,0.0,0.0,0.0,0.0,0.0,1.0,0.0,0.0,0.0,0.0,0.0,0.0,0.0,0.0,0.0,0.0,0.0,0.0,0.0,0.0,0.0,0.0,0.0,0.0,0.0,0.0,0.0,0.0,166.0,-17.0,1,4,I will take the inner yellow spot at all times and you take the outer yellow spot at all times. We get the discount that way and is fairest.,0.75,0.0,0.0,0.0,0.25,1.0,0.0,0.0,0.0,0.0
233,2024-01-12_experiment-part-5,"{""numRounds"":13,""playerCount"":2,""spot1"":{""color"":""orange"",""discountPrice"":10,""regularPrice"":20},""spot2"":{""color"":""orange"",""discountPrice"":10,""regularPrice"":20},""spot3"":{""color"":""purple"",""discountPrice"":8,""regularPrice"":18},""spot4"":{""color"":""purple"",""discountPrice"":13,""regularPrice"":23}}",condition1,01HKZDV54TQTNCP1T012YPE4WR,01HKZE416T3MZWV010CGQJB1X6,2,spot4,spot1,spot1,spot1,spot1,spot1,spot1,spot1,spot1,spot1,spot1,spot1,spot1,23,20,30,10,10,10,10,10,10,10,10,10,20,0.0,0.0,0.0,0.0,0.0,0.0,0.75,0.0,0.0,0.0,0.0,0.0,0.0,0.0,0.0,0.0,0.0,0.0,0.0,0.0,0.0,0.0,0.0,0.0,0.0,0.0,0.0,0.0,0.25,0.0,0.0,0.0,0.0,0.0,0.0,1.0,0.0,0.0,0.0,0.0,0.0,0.0,0.0,0.0,0.0,0.0,0.0,0.0,0.0,0.0,0.0,0.0,0.0,0.0,0.0,0.0,0.0,0.0,183.0,17.0,1,1,I will park orange spot on the far left every time. My partner would park in the orange spot to the right every time. We would both receive the discount and avoid crashes.,0.75,0.0,0.0,0.0,0.25,1.0,0.0,0.0,0.0,0.0
234,2024-01-12_experiment-part-5,"{""numRounds"":13,""playerCount"":2,""spot1"":{""color"":""orange"",""discountPrice"":10,""regularPrice"":20},""spot2"":{""color"":""orange"",""discountPrice"":10,""regularPrice"":20},""spot3"":{""color"":""purple"",""discountPrice"":8,""regularPrice"":18},""spot4"":{""color"":""purple"",""discountPrice"":13,""regularPrice"":23}}",condition1,01HKZDV54VBX8JKVTYSKJ7DH0R,01HKZE45DXZN511S1SVN9HZ6NN,1,spot1,spot2,spot4,spot1,spot3,spot1,spot1,spot1,spot1,spot1,spot1,spot1,spot3,30,30,23,10,18,10,10,10,10,10,10,10,8,0.5833333333333330,0.0,0.0,0.0,0.0,0.0,0.0,0.0,0.0,0.0,0.0,0.0,0.0,0.0,0.0,0.0,0.0,0.0,0.0,0.0,0.0,0.0,0.0,0.0,0.0,0.0,0.0,0.0,0.4166666666666670,1.0,0.0,0.0,0.0,0.0,0.0,0.0,0.0,0.0,0.0,0.0,0.0,0.0,0.0,0.0,0.0,0.0,0.0,0.0,0.0,0.0,0.0,0.0,0.0,0.0,0.0,0.0,0.0,0.0,189.0,-11.0,2,6,We Should always pick the same color at least to get the discount but avoid cras,0.5833333333333330,0.0,0.0,0.0,0.4166666666666670,1.0,0.0,0.0,0.0,0.0
235,2024-01-12_experiment-part-5,"{""numRounds"":13,""playerCount"":2,""spot1"":{""color"":""orange"",""discountPrice"":10,""regularPrice"":20},""spot2"":{""color"":""orange"",""discountPrice"":10,""regularPrice"":20},""spot3"":{""color"":""purple"",""discountPrice"":8,""regularPrice"":18},""spot4"":{""color"":""purple"",""discountPrice"":13,""regularPrice"":23}}",condition1,01HKZDV54VBX8JKVTYSKJ7DH0R,01HKZE4TKS7JTZS7QC90JS8J6T,2,spot1,spot2,spot2,spot2,spot2,spot2,spot2,spot2,spot2,spot2,spot2,spot2,spot2,30,30,20,10,20,10,10,10,10,10,10,10,20,0.5833333333333330,0.0,0.0,0.0,0.0,0.0,0.0,0.0,0.0,0.0,0.0,0.0,0.0,0.0,0.0,0.0,0.0,0.0,0.0,0.0,0.0,0.0,0.0,0.0,0.0,0.0,0.0,0.0,0.4166666666666670,1.0,0.0,0.0,0.0,0.0,0.0,0.0,0.0,0.0,0.0,0.0,0.0,0.0,0.0,0.0,0.0,0.0,0.0,0.0,0.0,0.0,0.0,0.0,0.0,0.0,0.0,0.0,0.0,0.0,200.0,11.0,2,1,"I will select the spots that have the same regular price. If we crush one time, I will select the spot next to ir with the same color.",0.5833333333333330,0.0,0.0,0.0,0.4166666666666670,1.0,0.0,0.0,0.0,0.0
236,2024-01-12_experiment-part-5,"{""numRounds"":13,""playerCount"":2,""spot1"":{""color"":""orange"",""discountPrice"":10,""regularPrice"":20},""spot2"":{""color"":""orange"",""discountPrice"":10,""regularPrice"":20},""spot3"":{""color"":""purple"",""discountPrice"":8,""regularPrice"":18},""spot4"":{""color"":""purple"",""discountPrice"":13,""regularPrice"":23}}",condition1,01HKZDV54WWWYM1HRNZQ4K8DS2,01HKZE3HSX47EWZ4JZ2CVMA0B7,1,spot2,spot2,spot2,spot2,spot2,spot2,spot2,spot2,spot2,spot2,spot2,spot2,spot2,10,10,10,10,10,10,10,10,10,10,10,10,10,0.0,0.0,0.0,0.0,0.0,0.0,1.0,0.0,0.0,0.0,0.0,0.0,0.0,0.0,0.0,0.0,0.0,0.0,0.0,0.0,0.0,0.0,0.0,0.0,0.0,0.0,0.0,0.0,0.0,0.0,0.0,0.0,0.0,0.0,0.0,1.0,0.0,0.0,0.0,0.0,0.0,0.0,0.0,0.0,0.0,0.0,0.0,0.0,0.0,0.0,0.0,0.0,0.0,0.0,0.0,0.0,0.0,0.0,130.0,0.0,0,0,I think we should choose the same colors to get the discount price. It would be more fair to choose the orange spots so we get an equal discount. I would pick the first orange spot.,1.0,0.0,0.0,0.0,0.0,1.0,0.0,0.0,0.0,0.0
237,2024-01-12_experiment-part-5,"{""numRounds"":13,""playerCount"":2,""spot1"":{""color"":""orange"",""discountPrice"":10,""regularPrice"":20},""spot2"":{""color"":""orange"",""discountPrice"":10,""regularPrice"":20},""spot3"":{""color"":""purple"",""discountPrice"":8,""regularPrice"":18},""spot4"":{""color"":""purple"",""discountPrice"":13,""regularPrice"":23}}",condition1,01HKZDV54WWWYM1HRNZQ4K8DS2,01HKZE46Y9C1M5ASGE9XNF7N8K,2,spot1,spot1,spot1,spot1,spot1,spot1,spot1,spot1,spot1,spot1,spot1,spot1,spot1,10,10,10,10,10,10,10,10,10,10,10,10,10,0.0,0.0,0.0,0.0,0.0,0.0,1.0,0.0,0.0,0.0,0.0,0.0,0.0,0.0,0.0,0.0,0.0,0.0,0.0,0.0,0.0,0.0,0.0,0.0,0.0,0.0,0.0,0.0,0.0,0.0,0.0,0.0,0.0,0.0,0.0,1.0,0.0,0.0,0.0,0.0,0.0,0.0,0.0,0.0,0.0,0.0,0.0,0.0,0.0,0.0,0.0,0.0,0.0,0.0,0.0,0.0,0.0,0.0,130.0,0.0,0,0,I'll pick orange and hope they do the same,1.0,0.0,0.0,0.0,0.0,1.0,0.0,0.0,0.0,0.0
238,2024-01-12_experiment-part-5,"{""numRounds"":13,""playerCount"":2,""spot1"":{""color"":""orange"",""discountPrice"":10,""regularPrice"":20},""spot2"":{""color"":""orange"",""discountPrice"":10,""regularPrice"":20},""spot3"":{""color"":""purple"",""discountPrice"":8,""regularPrice"":18},""spot4"":{""color"":""purple"",""discountPrice"":13,""regularPrice"":23}}",condition1,01HKZDV54WWWYM1HRP049PP2QM,01HKZE3P2G0AM12KE68YQBRWY1,1,spot4,spot2,spot2,spot2,spot2,spot2,spot2,spot2,spot2,spot2,spot2,spot2,spot2,23,10,10,10,10,10,10,10,10,10,10,10,10,0.0,0.0,0.0,0.0,0.0,0.0,0.9166666666666670,0.0,0.0,0.0,0.0,0.0,0.0,0.0,0.0,0.0,0.0,0.0,0.0,0.0,0.0,0.0,0.0,0.0,0.0,0.0,0.0,0.0,0.08333333333333330,0.0,0.0,0.0,0.0,0.0,0.0,1.0,0.0,0.0,0.0,0.0,0.0,0.0,0.0,0.0,0.0,0.0,0.0,0.0,0.0,0.0,0.0,0.0,0.0,0.0,0.0,0.0,0.0,0.0,143.0,3.0,0,1,Pick the orange spot on the left and and Ill pick the orange on the right. This way we both save the same amount of money and get the same discount and bonus,0.9166666666666670,0.0,0.0,0.0,0.08333333333333330,1.0,0.0,0.0,0.0,0.0
239,2024-01-12_experiment-part-5,"{""numRounds"":13,""playerCount"":2,""spot1"":{""color"":""orange"",""discountPrice"":10,""regularPrice"":20},""spot2"":{""color"":""orange"",""discountPrice"":10,""regularPrice"":20},""spot3"":{""color"":""purple"",""discountPrice"":8,""regularPrice"":18},""spot4"":{""color"":""purple"",""discountPrice"":13,""regularPrice"":23}}",condition1,01HKZDV54WWWYM1HRP049PP2QM,01HKZE4868FD9EBCEQJXY262A0,2,spot1,spot1,spot1,spot1,spot1,spot1,spot1,spot1,spot1,spot1,spot1,spot1,spot1,20,10,10,10,10,10,10,10,10,10,10,10,10,0.0,0.0,0.0,0.0,0.0,0.0,0.9166666666666670,0.0,0.0,0.0,0.0,0.0,0.0,0.0,0.0,0.0,0.0,0.0,0.0,0.0,0.0,0.0,0.0,0.0,0.0,0.0,0.0,0.0,0.08333333333333330,0.0,0.0,0.0,0.0,0.0,0.0,1.0,0.0,0.0,0.0,0.0,0.0,0.0,0.0,0.0,0.0,0.0,0.0,0.0,0.0,0.0,0.0,0.0,0.0,0.0,0.0,0.0,0.0,0.0,140.0,-3.0,0,0,orange space every day and always pay the discounted 10 mu price each,0.9166666666666670,0.0,0.0,0.0,0.08333333333333330,1.0,0.0,0.0,0.0,0.0
240,2024-01-12_experiment-part-5,"{""numRounds"":13,""playerCount"":2,""spot1"":{""color"":""orange"",""discountPrice"":10,""regularPrice"":20},""spot2"":{""color"":""orange"",""discountPrice"":10,""regularPrice"":20},""spot3"":{""color"":""purple"",""discountPrice"":8,""regularPrice"":18},""spot4"":{""color"":""purple"",""discountPrice"":13,""regularPrice"":23}}",condition1,01HKZDV54XM56D5RPTB7R0GDHS,01HKZE3FKW14E71H3JK0SWP02E,1,spot1,spot3,spot3,spot1,spot1,spot1,spot1,spot1,spot1,spot1,spot1,spot1,spot1,20,18,18,20,20,20,20,10,10,10,10,10,10,0.4166666666666670,0.0,0.3333333333333330,0.0,0.0,0.0,0.0,0.0,0.0,0.16666666666666700,0.0,0.0,0.0,0.0,0.0,0.0,0.0,0.0,0.0,0.0,0.0,0.0,0.0,0.0,0.0,0.0,0.0,0.0,0.08333333333333330,1.0,0.0,0.0,0.0,0.0,0.0,0.0,0.0,0.0,0.0,0.0,0.0,0.0,0.0,0.0,0.0,0.0,0.0,0.0,0.0,0.0,0.0,0.0,0.0,0.0,0.0,0.0,0.0,0.0,196.0,-19.0,0,2,I will always select the farthest left option and you select the option that will give that option a discount.,0.4166666666666670,0.0,0.0,0.5,0.08333333333333330,1.0,0.0,0.0,0.0,0.0
241,2024-01-12_experiment-part-5,"{""numRounds"":13,""playerCount"":2,""spot1"":{""color"":""orange"",""discountPrice"":10,""regularPrice"":20},""spot2"":{""color"":""orange"",""discountPrice"":10,""regularPrice"":20},""spot3"":{""color"":""purple"",""discountPrice"":8,""regularPrice"":18},""spot4"":{""color"":""purple"",""discountPrice"":13,""regularPrice"":23}}",condition1,01HKZDV54XM56D5RPTB7R0GDHS,01HKZE49X6VT5MTWWJK7WJB670,2,spot4,spot2,spot2,spot4,spot4,spot4,spot4,spot2,spot2,spot2,spot2,spot2,spot2,23,20,20,23,23,23,23,10,10,10,10,10,10,0.4166666666666670,0.0,0.3333333333333330,0.0,0.0,0.0,0.0,0.0,0.0,0.16666666666666700,0.0,0.0,0.0,0.0,0.0,0.0,0.0,0.0,0.0,0.0,0.0,0.0,0.0,0.0,0.0,0.0,0.0,0.0,0.08333333333333330,1.0,0.0,0.0,0.0,0.0,0.0,0.0,0.0,0.0,0.0,0.0,0.0,0.0,0.0,0.0,0.0,0.0,0.0,0.0,0.0,0.0,0.0,0.0,0.0,0.0,0.0,0.0,0.0,0.0,215.0,19.0,0,3,I will select the highest plan day 1 and see what my partner picks. I'll pick the discount for my partner day 2. If my partner changes for day 2 I will keep picking the highest amount.,0.4166666666666670,0.0,0.0,0.5,0.08333333333333330,1.0,0.0,0.0,0.0,0.0
242,2024-01-12_experiment-part-5,"{""numRounds"":13,""playerCount"":2,""spot1"":{""color"":""orange"",""discountPrice"":10,""regularPrice"":20},""spot2"":{""color"":""orange"",""discountPrice"":10,""regularPrice"":20},""spot3"":{""color"":""purple"",""discountPrice"":8,""regularPrice"":18},""spot4"":{""color"":""purple"",""discountPrice"":13,""regularPrice"":23}}",condition1,01HKZDV54YK6J8NNRRK7R1EN3T,01HKZE2X39V2QHYRGQ7YN7AQD1,1,spot2,spot2,spot1,spot2,spot2,spot2,spot2,spot2,spot2,spot2,spot2,spot2,spot2,30,30,30,10,10,10,10,10,10,10,10,10,10,0.0,0.0,0.0,0.0,0.0,0.0,0.75,0.0,0.0,0.0,0.0,0.0,0.0,0.0,0.0,0.0,0.0,0.0,0.0,0.0,0.0,0.0,0.0,0.0,0.0,0.16666666666666700,0.0,0.0,0.08333333333333330,0.0,0.0,0.0,0.0,0.0,0.0,1.0,0.0,0.0,0.0,0.0,0.0,0.0,0.0,0.0,0.0,0.0,0.0,0.0,0.0,0.0,0.0,0.0,0.0,0.0,0.0,0.0,0.0,0.0,190.0,0.0,3,2,"I suggest we select the orange/yellow group.  You can park on the outside, I'll park on the inner.",0.75,0.0,0.0,0.0,0.25,1.0,0.0,0.0,0.0,0.0
243,2024-01-12_experiment-part-5,"{""numRounds"":13,""playerCount"":2,""spot1"":{""color"":""orange"",""discountPrice"":10,""regularPrice"":20},""spot2"":{""color"":""orange"",""discountPrice"":10,""regularPrice"":20},""spot3"":{""color"":""purple"",""discountPrice"":8,""regularPrice"":18},""spot4"":{""color"":""purple"",""discountPrice"":13,""regularPrice"":23}}",condition1,01HKZDV54YK6J8NNRRK7R1EN3T,01HKZE4Y792BQ70V585995TQ81,2,spot2,spot2,spot1,spot1,spot1,spot1,spot1,spot1,spot1,spot1,spot1,spot1,spot1,30,30,30,10,10,10,10,10,10,10,10,10,10,0.0,0.0,0.0,0.0,0.0,0.0,0.75,0.0,0.0,0.0,0.0,0.0,0.0,0.0,0.0,0.0,0.0,0.0,0.0,0.0,0.0,0.0,0.0,0.0,0.0,0.16666666666666700,0.0,0.0,0.08333333333333330,0.0,0.0,0.0,0.0,0.0,0.0,1.0,0.0,0.0,0.0,0.0,0.0,0.0,0.0,0.0,0.0,0.0,0.0,0.0,0.0,0.0,0.0,0.0,0.0,0.0,0.0,0.0,0.0,0.0,190.0,0.0,3,1,"We would always choose the parking lot with the highest discount, but one of us but always choose the parking lot closest to the left, the other one would be to the right",0.75,0.0,0.0,0.0,0.25,1.0,0.0,0.0,0.0,0.0
244,2024-01-12_experiment-part-5,"{""numRounds"":13,""playerCount"":2,""spot1"":{""color"":""orange"",""discountPrice"":10,""regularPrice"":20},""spot2"":{""color"":""orange"",""discountPrice"":10,""regularPrice"":20},""spot3"":{""color"":""purple"",""discountPrice"":8,""regularPrice"":18},""spot4"":{""color"":""purple"",""discountPrice"":13,""regularPrice"":23}}",condition1,01HKZDV54YK6J8NNRRKHDW56C3,01HKZE4DJCRWQ6CEJM5C0CQ247,1,spot1,spot3,spot3,spot3,spot3,spot3,spot3,spot3,spot3,spot1,spot1,spot4,spot1,20,18,8,8,8,8,8,18,18,20,20,13,10,0.0,0.16666666666666700,0.0,0.0,0.0,0.4166666666666670,0.0,0.0,0.0,0.16666666666666700,0.0,0.0,0.0,0.0,0.0,0.0,0.0,0.0,0.0,0.0,0.0,0.0,0.0,0.0,0.0,0.0,0.0,0.0,0.25,0.0,0.5,0.0,0.0,0.0,0.0,0.0,0.0,0.0,0.0,0.0,0.0,0.0,0.0,0.0,0.0,0.0,0.0,0.0,0.0,0.0,0.0,0.0,0.0,0.0,0.0,0.0,0.0,0.5,177.0,-33.0,0,4,park on the middle orange option. ill park on the outside orana,0.0,0.4166666666666670,0.0,0.3333333333333330,0.25,0.0,0.0,0.0,0.5,0.5
245,2024-01-12_experiment-part-5,"{""numRounds"":13,""playerCount"":2,""spot1"":{""color"":""orange"",""discountPrice"":10,""regularPrice"":20},""spot2"":{""color"":""orange"",""discountPrice"":10,""regularPrice"":20},""spot3"":{""color"":""purple"",""discountPrice"":8,""regularPrice"":18},""spot4"":{""color"":""purple"",""discountPrice"":13,""regularPrice"":23}}",condition1,01HKZDV54YK6J8NNRRKHDW56C3,01HKZE7VY6G4HKS9SKJ637E394,2,spot4,spot2,spot4,spot4,spot4,spot4,spot4,spot2,spot2,spot3,spot3,spot3,spot3,23,20,13,13,13,13,13,20,20,18,18,8,18,0.0,0.16666666666666700,0.0,0.0,0.0,0.4166666666666670,0.0,0.0,0.0,0.16666666666666700,0.0,0.0,0.0,0.0,0.0,0.0,0.0,0.0,0.0,0.0,0.0,0.0,0.0,0.0,0.0,0.0,0.0,0.0,0.25,0.0,0.5,0.0,0.0,0.0,0.0,0.0,0.0,0.0,0.0,0.0,0.0,0.0,0.0,0.0,0.0,0.0,0.0,0.0,0.0,0.0,0.0,0.0,0.0,0.0,0.0,0.0,0.0,0.5,210.0,33.0,0,4,we both park in the purple and alternate days you take the 8MU first day. i take it the second,0.0,0.4166666666666670,0.0,0.3333333333333330,0.25,0.0,0.0,0.0,0.5,0.5
246,2024-01-12_experiment-part-5,"{""numRounds"":13,""playerCount"":2,""spot1"":{""color"":""orange"",""discountPrice"":10,""regularPrice"":20},""spot2"":{""color"":""orange"",""discountPrice"":10,""regularPrice"":20},""spot3"":{""color"":""purple"",""discountPrice"":8,""regularPrice"":18},""spot4"":{""color"":""purple"",""discountPrice"":13,""regularPrice"":23}}",condition1,01HKZDV54ZB7C2MG035N92866P,01HKZE45VH09HQ0XG9QNF7N105,1,spot2,spot2,spot2,spot3,spot2,spot2,spot2,spot2,spot2,spot2,spot2,spot2,spot3,10,10,10,18,10,10,10,10,10,10,10,10,8,0.0,0.0,0.0,0.0,0.0,0.0,0.9166666666666670,0.0,0.0,0.0,0.0,0.0,0.0,0.0,0.0,0.0,0.0,0.0,0.0,0.0,0.0,0.0,0.0,0.0,0.0,0.0,0.0,0.0,0.08333333333333330,0.0,0.0,0.0,0.0,0.0,0.0,1.0,0.0,0.0,0.0,0.0,0.0,0.0,0.0,0.0,0.0,0.0,0.0,0.0,0.0,0.0,0.0,0.0,0.0,0.0,0.0,0.0,0.0,0.0,136.0,-14.0,0,3,"I would probably pick the parking spot that has the best price for both of us, as the second player would hopefully do the same.",0.9166666666666670,0.0,0.0,0.0,0.08333333333333330,1.0,0.0,0.0,0.0,0.0
247,2024-01-12_experiment-part-5,"{""numRounds"":13,""playerCount"":2,""spot1"":{""color"":""orange"",""discountPrice"":10,""regularPrice"":20},""spot2"":{""color"":""orange"",""discountPrice"":10,""regularPrice"":20},""spot3"":{""color"":""purple"",""discountPrice"":8,""regularPrice"":18},""spot4"":{""color"":""purple"",""discountPrice"":13,""regularPrice"":23}}",condition1,01HKZDV54ZB7C2MG035N92866P,01HKZE4Z81SXDTDPXYY1N0RDBF,2,spot1,spot1,spot1,spot1,spot1,spot1,spot1,spot1,spot1,spot1,spot1,spot1,spot1,10,10,10,20,10,10,10,10,10,10,10,10,20,0.0,0.0,0.0,0.0,0.0,0.0,0.9166666666666670,0.0,0.0,0.0,0.0,0.0,0.0,0.0,0.0,0.0,0.0,0.0,0.0,0.0,0.0,0.0,0.0,0.0,0.0,0.0,0.0,0.0,0.08333333333333330,0.0,0.0,0.0,0.0,0.0,0.0,1.0,0.0,0.0,0.0,0.0,0.0,0.0,0.0,0.0,0.0,0.0,0.0,0.0,0.0,0.0,0.0,0.0,0.0,0.0,0.0,0.0,0.0,0.0,150.0,14.0,0,0,"Since I'm player 1, I will choose the first parking space each day and player 2 can choose the second parking space each day.",0.9166666666666670,0.0,0.0,0.0,0.08333333333333330,1.0,0.0,0.0,0.0,0.0
248,2024-01-12_experiment-part-5,"{""numRounds"":13,""playerCount"":2,""spot1"":{""color"":""orange"",""discountPrice"":10,""regularPrice"":20},""spot2"":{""color"":""orange"",""discountPrice"":10,""regularPrice"":20},""spot3"":{""color"":""purple"",""discountPrice"":8,""regularPrice"":18},""spot4"":{""color"":""purple"",""discountPrice"":13,""regularPrice"":23}}",condition1,01HKZDV54ZB7C2MG0362QEE432,01HKZE3JCXJWQSCX62RMK5K2AT,1,spot1,spot1,spot1,spot1,spot1,spot1,spot1,spot1,spot1,spot1,spot1,spot1,spot1,20,30,20,20,10,10,10,10,10,10,10,10,10,0.6666666666666670,0.16666666666666700,0.0,0.0,0.0,0.0,0.0,0.0,0.0,0.0,0.0,0.0,0.0,0.0,0.0,0.0,0.0,0.0,0.0,0.0,0.0,0.0,0.0,0.0,0.0,0.0,0.0,0.0,0.16666666666666700,1.0,0.0,0.0,0.0,0.0,0.0,0.0,0.0,0.0,0.0,0.0,0.0,0.0,0.0,0.0,0.0,0.0,0.0,0.0,0.0,0.0,0.0,0.0,0.0,0.0,0.0,0.0,0.0,0.0,180.0,6.0,1,0,"Since the discounted cost of the orange spots are 20 in total , 10 each and purple is 21 we should simply always choose the same spot once we get it right considering we may choose the same. I will choose left",0.6666666666666670,0.0,0.0,0.16666666666666700,0.16666666666666700,1.0,0.0,0.0,0.0,0.0
249,2024-01-12_experiment-part-5,"{""numRounds"":13,""playerCount"":2,""spot1"":{""color"":""orange"",""discountPrice"":10,""regularPrice"":20},""spot2"":{""color"":""orange"",""discountPrice"":10,""regularPrice"":20},""spot3"":{""color"":""purple"",""discountPrice"":8,""regularPrice"":18},""spot4"":{""color"":""purple"",""discountPrice"":13,""regularPrice"":23}}",condition1,01HKZDV54ZB7C2MG0362QEE432,01HKZE45WY71Y8N78KFWTDRECA,2,spot3,spot1,spot3,spot3,spot2,spot2,spot2,spot2,spot2,spot2,spot2,spot2,spot2,18,30,18,18,10,10,10,10,10,10,10,10,10,0.6666666666666670,0.16666666666666700,0.0,0.0,0.0,0.0,0.0,0.0,0.0,0.0,0.0,0.0,0.0,0.0,0.0,0.0,0.0,0.0,0.0,0.0,0.0,0.0,0.0,0.0,0.0,0.0,0.0,0.0,0.16666666666666700,1.0,0.0,0.0,0.0,0.0,0.0,0.0,0.0,0.0,0.0,0.0,0.0,0.0,0.0,0.0,0.0,0.0,0.0,0.0,0.0,0.0,0.0,0.0,0.0,0.0,0.0,0.0,0.0,0.0,174.0,-6.0,1,3,I will always take the xpot to the left of the cheapest combination.,0.6666666666666670,0.0,0.0,0.16666666666666700,0.16666666666666700,1.0,0.0,0.0,0.0,0.0
250,2024-01-12_experiment-part-5,"{""numRounds"":13,""playerCount"":2,""spot1"":{""color"":""orange"",""discountPrice"":10,""regularPrice"":20},""spot2"":{""color"":""orange"",""discountPrice"":10,""regularPrice"":20},""spot3"":{""color"":""purple"",""discountPrice"":8,""regularPrice"":18},""spot4"":{""color"":""purple"",""discountPrice"":13,""regularPrice"":23}}",condition1,01HKZDV54ZB7C2MG036FFCH7JE,01HKZEHDW3MGM74HMQRKPJ69EJ,1,spot2,spot2,spot2,spot2,spot2,spot2,spot2,spot2,spot2,spot2,spot2,spot2,spot2,10,20,10,30,10,10,20,10,10,10,10,10,10,0.0,0.0,0.0,0.0,0.0,0.0,0.5833333333333330,0.0,0.0,0.0,0.0,0.0,0.0,0.0,0.0,0.0,0.0,0.0,0.0,0.0,0.0,0.0,0.0,0.0,0.0,0.0,0.0,0.0,0.4166666666666670,0.0,0.0,0.0,0.0,0.0,0.0,1.0,0.0,0.0,0.0,0.0,0.0,0.0,0.0,0.0,0.0,0.0,0.0,0.0,0.0,0.0,0.0,0.0,0.0,0.0,0.0,0.0,0.0,0.0,170.0,4.0,1,0,my plan is to select a middle option all the time ,0.5833333333333330,0.0,0.0,0.0,0.4166666666666670,1.0,0.0,0.0,0.0,0.0
251,2024-01-12_experiment-part-5,"{""numRounds"":13,""playerCount"":2,""spot1"":{""color"":""orange"",""discountPrice"":10,""regularPrice"":20},""spot2"":{""color"":""orange"",""discountPrice"":10,""regularPrice"":20},""spot3"":{""color"":""purple"",""discountPrice"":8,""regularPrice"":18},""spot4"":{""color"":""purple"",""discountPrice"":13,""regularPrice"":23}}",condition1,01HKZDV54ZB7C2MG036FFCH7JE,01HKZF2N43KEERK305YVPC4QQ9,2,spot1,spot3,spot1,spot2,spot1,spot1,spot3,spot1,spot1,spot1,spot1,spot1,spot1,10,18,10,30,10,10,18,10,10,10,10,10,10,0.0,0.0,0.0,0.0,0.0,0.0,0.5833333333333330,0.0,0.0,0.0,0.0,0.0,0.0,0.0,0.0,0.0,0.0,0.0,0.0,0.0,0.0,0.0,0.0,0.0,0.0,0.0,0.0,0.0,0.4166666666666670,0.0,0.0,0.0,0.0,0.0,0.0,1.0,0.0,0.0,0.0,0.0,0.0,0.0,0.0,0.0,0.0,0.0,0.0,0.0,0.0,0.0,0.0,0.0,0.0,0.0,0.0,0.0,0.0,0.0,166.0,-4.0,1,6,"I go left on a choice, you go right on a choice",0.5833333333333330,0.0,0.0,0.0,0.4166666666666670,1.0,0.0,0.0,0.0,0.0
252,2024-01-12_experiment-part-5,"{""numRounds"":13,""playerCount"":2,""spot1"":{""color"":""orange"",""discountPrice"":10,""regularPrice"":20},""spot2"":{""color"":""orange"",""discountPrice"":10,""regularPrice"":20},""spot3"":{""color"":""purple"",""discountPrice"":1,""regularPrice"":11},""spot4"":{""color"":""purple"",""discountPrice"":13,""regularPrice"":23}}",condition2,01HKZDV5554Y11F11Q2M8MVP16,01HKZE41BGYY6RXEJZVY5KR35C,1,spot2,spot1,spot1,spot1,spot1,spot1,spot1,spot1,spot1,spot1,spot1,spot1,spot1,30,30,30,10,10,10,10,10,10,10,10,10,10,0.75,0.0,0.0,0.0,0.0,0.0,0.0,0.0,0.0,0.0,0.0,0.0,0.0,0.0,0.0,0.0,0.0,0.0,0.0,0.0,0.0,0.0,0.0,0.0,0.16666666666666700,0.0,0.0,0.0,0.08333333333333330,1.0,0.0,0.0,0.0,0.0,0.0,0.0,0.0,0.0,0.0,0.0,0.0,0.0,0.0,0.0,0.0,0.0,0.0,0.0,0.0,0.0,0.0,0.0,0.0,0.0,0.0,0.0,0.0,0.0,190.0,0.0,3,1,Just try to pick one spot and stick with it the whole time.,0.75,0.0,0.0,0.0,0.25,1.0,0.0,0.0,0.0,0.0
253,2024-01-12_experiment-part-5,"{""numRounds"":13,""playerCount"":2,""spot1"":{""color"":""orange"",""discountPrice"":10,""regularPrice"":20},""spot2"":{""color"":""orange"",""discountPrice"":10,""regularPrice"":20},""spot3"":{""color"":""purple"",""discountPrice"":1,""regularPrice"":11},""spot4"":{""color"":""purple"",""discountPrice"":13,""regularPrice"":23}}",condition2,01HKZDV5554Y11F11Q2M8MVP16,01HKZE42M4W4FA1N78KM6BCRTP,2,spot2,spot1,spot1,spot2,spot2,spot2,spot2,spot2,spot2,spot2,spot2,spot2,spot2,30,30,30,10,10,10,10,10,10,10,10,10,10,0.75,0.0,0.0,0.0,0.0,0.0,0.0,0.0,0.0,0.0,0.0,0.0,0.0,0.0,0.0,0.0,0.0,0.0,0.0,0.0,0.0,0.0,0.0,0.0,0.16666666666666700,0.0,0.0,0.0,0.08333333333333330,1.0,0.0,0.0,0.0,0.0,0.0,0.0,0.0,0.0,0.0,0.0,0.0,0.0,0.0,0.0,0.0,0.0,0.0,0.0,0.0,0.0,0.0,0.0,0.0,0.0,0.0,0.0,0.0,0.0,190.0,0.0,3,2,I would try to maximize our mutual benefit. I would probably pick the option to the right where the discount prices are the same,0.75,0.0,0.0,0.0,0.25,1.0,0.0,0.0,0.0,0.0
254,2024-01-12_experiment-part-5,"{""numRounds"":13,""playerCount"":2,""spot1"":{""color"":""orange"",""discountPrice"":10,""regularPrice"":20},""spot2"":{""color"":""orange"",""discountPrice"":10,""regularPrice"":20},""spot3"":{""color"":""purple"",""discountPrice"":1,""regularPrice"":11},""spot4"":{""color"":""purple"",""discountPrice"":13,""regularPrice"":23}}",condition2,01HKZDV55677CKMWCTMTJ31QVW,01HKZE2YX1JBWBK6Y5C7QWJWSQ,1,spot1,spot1,spot3,spot3,spot1,spot3,spot1,spot1,spot1,spot1,spot1,spot1,spot3,30,30,1,11,10,11,10,10,10,10,10,10,1,0.5,0.0,0.0,0.0,0.0,0.0,0.0,0.0,0.0,0.0,0.0,0.0,0.0,0.0,0.0,0.0,0.0,0.0,0.0,0.0,0.0,0.0,0.0,0.0,0.16666666666666700,0.0,0.0,0.0,0.3333333333333330,1.0,0.0,0.0,0.0,0.0,0.0,0.0,0.0,0.0,0.0,0.0,0.0,0.0,0.0,0.0,0.0,0.0,0.0,0.0,0.0,0.0,0.0,0.0,0.0,0.0,0.0,0.0,0.0,0.0,154.0,-49.0,2,5,"The plan would be to focus on one color. Player one would choose the first spot in that color (from the left) and player two would choose the second spot. The color would be determined by the cost of the discount price, whichever the better deal would be for both players.",0.5,0.0,0.0,0.0,0.5,1.0,0.0,0.0,0.0,0.0
255,2024-01-12_experiment-part-5,"{""numRounds"":13,""playerCount"":2,""spot1"":{""color"":""orange"",""discountPrice"":10,""regularPrice"":20},""spot2"":{""color"":""orange"",""discountPrice"":10,""regularPrice"":20},""spot3"":{""color"":""purple"",""discountPrice"":1,""regularPrice"":11},""spot4"":{""color"":""purple"",""discountPrice"":13,""regularPrice"":23}}",condition2,01HKZDV55677CKMWCTMTJ31QVW,01HKZE3R24T71AP7AQ8PQ67R18,2,spot1,spot1,spot4,spot2,spot2,spot2,spot2,spot2,spot2,spot2,spot2,spot2,spot2,30,30,13,20,10,20,10,10,10,10,10,10,20,0.5,0.0,0.0,0.0,0.0,0.0,0.0,0.0,0.0,0.0,0.0,0.0,0.0,0.0,0.0,0.0,0.0,0.0,0.0,0.0,0.0,0.0,0.0,0.0,0.16666666666666700,0.0,0.0,0.0,0.3333333333333330,1.0,0.0,0.0,0.0,0.0,0.0,0.0,0.0,0.0,0.0,0.0,0.0,0.0,0.0,0.0,0.0,0.0,0.0,0.0,0.0,0.0,0.0,0.0,0.0,0.0,0.0,0.0,0.0,0.0,203.0,49.0,2,2,"We both get an equal low price if we go yellow. I'll take the spot on the left, you take the spot on the right.",0.5,0.0,0.0,0.0,0.5,1.0,0.0,0.0,0.0,0.0
256,2024-01-12_experiment-part-5,"{""numRounds"":13,""playerCount"":2,""spot1"":{""color"":""orange"",""discountPrice"":10,""regularPrice"":20},""spot2"":{""color"":""orange"",""discountPrice"":10,""regularPrice"":20},""spot3"":{""color"":""purple"",""discountPrice"":1,""regularPrice"":11},""spot4"":{""color"":""purple"",""discountPrice"":13,""regularPrice"":23}}",condition2,01HKZDV55677CKMWCTN8AZ3QA0,01HKZE3CXHE6P4E505AYAJGM8G,1,spot2,spot2,spot2,spot3,spot3,spot3,spot3,spot3,spot3,spot3,spot3,spot2,spot2,20,10,20,30,30,30,30,30,1,30,1,20,10,0.0,0.0,0.0,0.0,0.0,0.0,0.0,0.0,0.0,0.0,0.0,0.0,0.0,0.0,0.0,0.0,0.0,0.0,0.0,0.0,0.0,0.0,0.0,0.0,0.0,0.0,0.4166666666666670,0.0,0.5833333333333330,0.0,0.0,0.0,0.0,0.0,0.0,0.0,0.0,0.0,0.0,0.0,0.0,0.0,0.0,0.0,0.0,0.0,0.0,0.0,0.0,0.0,0.0,0.0,0.0,0.0,0.0,0.0,0.0,1.0,262.0,-22.0,6,2,"Park in the 1st spot, I'll park in the 2nd.",0.0,0.0,0.0,0.0,1.0,0.0,0.0,0.0,0.0,1.0
257,2024-01-12_experiment-part-5,"{""numRounds"":13,""playerCount"":2,""spot1"":{""color"":""orange"",""discountPrice"":10,""regularPrice"":20},""spot2"":{""color"":""orange"",""discountPrice"":10,""regularPrice"":20},""spot3"":{""color"":""purple"",""discountPrice"":1,""regularPrice"":11},""spot4"":{""color"":""purple"",""discountPrice"":13,""regularPrice"":23}}",condition2,01HKZDV55677CKMWCTN8AZ3QA0,01HKZE4BTXXR87G6K24S5SP4TR,2,spot4,spot1,spot3,spot3,spot3,spot3,spot3,spot3,spot4,spot3,spot4,spot4,spot3,23,10,11,30,30,30,30,30,13,30,13,23,11,0.0,0.0,0.0,0.0,0.0,0.0,0.0,0.0,0.0,0.0,0.0,0.0,0.0,0.0,0.0,0.0,0.0,0.0,0.0,0.0,0.0,0.0,0.0,0.0,0.0,0.0,0.4166666666666670,0.0,0.5833333333333330,0.0,0.0,0.0,0.0,0.0,0.0,0.0,0.0,0.0,0.0,0.0,0.0,0.0,0.0,0.0,0.0,0.0,0.0,0.0,0.0,0.0,0.0,0.0,0.0,0.0,0.0,0.0,0.0,1.0,284.0,22.0,6,6,"I will try and always pick the 2nd spot for each color, for example: I will pick the 2nd spot from the left, which is orange, and then I will pick the 4spot from the left, which is purple",0.0,0.0,0.0,0.0,1.0,0.0,0.0,0.0,0.0,1.0
258,2024-01-12_experiment-part-5,"{""numRounds"":13,""playerCount"":2,""spot1"":{""color"":""orange"",""discountPrice"":10,""regularPrice"":20},""spot2"":{""color"":""orange"",""discountPrice"":10,""regularPrice"":20},""spot3"":{""color"":""purple"",""discountPrice"":1,""regularPrice"":11},""spot4"":{""color"":""purple"",""discountPrice"":13,""regularPrice"":23}}",condition2,01HKZDV557JB7FZD22HKQE2N29,01HKZE3GX9064FKP0K8FN1K1ZB,1,spot2,spot2,spot2,spot2,spot2,spot2,spot2,spot2,spot2,spot2,spot2,spot2,spot2,10,10,10,10,10,10,10,10,10,10,10,10,10,0.0,0.0,0.0,0.0,0.0,0.0,1.0,0.0,0.0,0.0,0.0,0.0,0.0,0.0,0.0,0.0,0.0,0.0,0.0,0.0,0.0,0.0,0.0,0.0,0.0,0.0,0.0,0.0,0.0,0.0,0.0,0.0,0.0,0.0,0.0,1.0,0.0,0.0,0.0,0.0,0.0,0.0,0.0,0.0,0.0,0.0,0.0,0.0,0.0,0.0,0.0,0.0,0.0,0.0,0.0,0.0,0.0,0.0,130.0,0.0,0,0,"You pick orange left, and I'll pick orange right.  We'll both pay only 10",1.0,0.0,0.0,0.0,0.0,1.0,0.0,0.0,0.0,0.0
259,2024-01-12_experiment-part-5,"{""numRounds"":13,""playerCount"":2,""spot1"":{""color"":""orange"",""discountPrice"":10,""regularPrice"":20},""spot2"":{""color"":""orange"",""discountPrice"":10,""regularPrice"":20},""spot3"":{""color"":""purple"",""discountPrice"":1,""regularPrice"":11},""spot4"":{""color"":""purple"",""discountPrice"":13,""regularPrice"":23}}",condition2,01HKZDV557JB7FZD22HKQE2N29,01HKZE4HPQ3MG7HJZWERBQJK7X,2,spot1,spot1,spot1,spot1,spot1,spot1,spot1,spot1,spot1,spot1,spot1,spot1,spot1,10,10,10,10,10,10,10,10,10,10,10,10,10,0.0,0.0,0.0,0.0,0.0,0.0,1.0,0.0,0.0,0.0,0.0,0.0,0.0,0.0,0.0,0.0,0.0,0.0,0.0,0.0,0.0,0.0,0.0,0.0,0.0,0.0,0.0,0.0,0.0,0.0,0.0,0.0,0.0,0.0,0.0,1.0,0.0,0.0,0.0,0.0,0.0,0.0,0.0,0.0,0.0,0.0,0.0,0.0,0.0,0.0,0.0,0.0,0.0,0.0,0.0,0.0,0.0,0.0,130.0,0.0,0,0,"To get the most consistent good outcome, we should both pick the orange spots. I will pick the first spot and you the second spot.",1.0,0.0,0.0,0.0,0.0,1.0,0.0,0.0,0.0,0.0
260,2024-01-12_experiment-part-5,"{""numRounds"":13,""playerCount"":2,""spot1"":{""color"":""orange"",""discountPrice"":10,""regularPrice"":20},""spot2"":{""color"":""orange"",""discountPrice"":10,""regularPrice"":20},""spot3"":{""color"":""purple"",""discountPrice"":1,""regularPrice"":11},""spot4"":{""color"":""purple"",""discountPrice"":13,""regularPrice"":23}}",condition2,01HKZDV559SSZ5C8ZYJPX6SHKM,01HKZE37MAE4260BCX9CC3QJRC,1,spot4,spot4,spot3,spot4,spot4,spot4,spot4,spot4,spot4,spot4,spot4,spot4,spot1,13,30,30,13,13,13,13,13,13,13,13,13,10,0.0,0.0,0.0,0.0,0.0,0.0,0.0,0.0,0.0,0.0,0.0,0.75,0.0,0.0,0.0,0.0,0.0,0.0,0.0,0.0,0.0,0.0,0.0,0.0,0.0,0.0,0.0,0.0,0.25,0.0,0.0,0.0,0.0,0.0,0.0,0.0,0.0,0.0,0.0,0.0,1.0,0.0,0.0,0.0,0.0,0.0,0.0,0.0,0.0,0.0,0.0,0.0,0.0,0.0,0.0,0.0,0.0,0.0,200.0,119.0,2,3,"A good outcome would be for each of us to pick a purple one, but not the same purple one. We would get the group discount and save the most money.",0.0,0.75,0.0,0.0,0.25,0.0,1.0,0.0,0.0,0.0
261,2024-01-12_experiment-part-5,"{""numRounds"":13,""playerCount"":2,""spot1"":{""color"":""orange"",""discountPrice"":10,""regularPrice"":20},""spot2"":{""color"":""orange"",""discountPrice"":10,""regularPrice"":20},""spot3"":{""color"":""purple"",""discountPrice"":1,""regularPrice"":11},""spot4"":{""color"":""purple"",""discountPrice"":13,""regularPrice"":23}}",condition2,01HKZDV559SSZ5C8ZYJPX6SHKM,01HKZE414N62JHTCA6SFXPSBDA,2,spot3,spot4,spot3,spot3,spot3,spot3,spot3,spot3,spot3,spot3,spot3,spot3,spot3,1,30,30,1,1,1,1,1,1,1,1,1,11,0.0,0.0,0.0,0.0,0.0,0.0,0.0,0.0,0.0,0.0,0.0,0.75,0.0,0.0,0.0,0.0,0.0,0.0,0.0,0.0,0.0,0.0,0.0,0.0,0.0,0.0,0.0,0.0,0.25,0.0,0.0,0.0,0.0,0.0,0.0,0.0,0.0,0.0,0.0,0.0,1.0,0.0,0.0,0.0,0.0,0.0,0.0,0.0,0.0,0.0,0.0,0.0,0.0,0.0,0.0,0.0,0.0,0.0,81.0,-119.0,2,2,always pick purple and alternate with 1 mu and 13 mu with me pciking 1 mu first,0.0,0.75,0.0,0.0,0.25,0.0,1.0,0.0,0.0,0.0
262,2024-01-12_experiment-part-5,"{""numRounds"":13,""playerCount"":2,""spot1"":{""color"":""orange"",""discountPrice"":10,""regularPrice"":20},""spot2"":{""color"":""orange"",""discountPrice"":10,""regularPrice"":20},""spot3"":{""color"":""purple"",""discountPrice"":1,""regularPrice"":11},""spot4"":{""color"":""purple"",""discountPrice"":13,""regularPrice"":23}}",condition2,01HKZDV559SSZ5C8ZYK3VRSYAD,01HKZE38SH64EJ2V54Z4R1JQ3V,1,spot2,spot2,spot2,spot2,spot2,spot2,spot2,spot2,spot2,spot2,spot2,spot2,spot3,10,20,10,10,10,10,20,20,20,20,10,20,1,0.0,0.0,0.0,0.3333333333333330,0.0,0.0,0.3333333333333330,0.0,0.0,0.0,0.0,0.0,0.0,0.0,0.0,0.0,0.0,0.0,0.0,0.0,0.0,0.0,0.0,0.0,0.0,0.0,0.0,0.0,0.3333333333333330,0.0,0.0,0.0,0.5,0.0,0.0,0.0,0.0,0.0,0.0,0.0,0.0,0.0,0.0,0.0,0.0,0.0,0.0,0.0,0.0,0.0,0.0,0.0,0.0,0.0,0.0,0.0,0.0,0.5,181.0,23.0,0,1,We should always pick the same color so we get a discount. One of us should always pick the cheaper parking spot.,0.3333333333333330,0.0,0.0,0.3333333333333330,0.3333333333333330,0.0,0.0,0.0,0.5,0.5
263,2024-01-12_experiment-part-5,"{""numRounds"":13,""playerCount"":2,""spot1"":{""color"":""orange"",""discountPrice"":10,""regularPrice"":20},""spot2"":{""color"":""orange"",""discountPrice"":10,""regularPrice"":20},""spot3"":{""color"":""purple"",""discountPrice"":1,""regularPrice"":11},""spot4"":{""color"":""purple"",""discountPrice"":13,""regularPrice"":23}}",condition2,01HKZDV559SSZ5C8ZYK3VRSYAD,01HKZE8QJP5BREA1WTHB0G2KRF,2,spot1,spot4,spot1,spot1,spot1,spot1,spot3,spot3,spot3,spot3,spot1,spot3,spot1,10,23,10,10,10,10,11,11,11,11,10,11,20,0.0,0.0,0.0,0.3333333333333330,0.0,0.0,0.3333333333333330,0.0,0.0,0.0,0.0,0.0,0.0,0.0,0.0,0.0,0.0,0.0,0.0,0.0,0.0,0.0,0.0,0.0,0.0,0.0,0.0,0.0,0.3333333333333330,0.0,0.0,0.0,0.5,0.0,0.0,0.0,0.0,0.0,0.0,0.0,0.0,0.0,0.0,0.0,0.0,0.0,0.0,0.0,0.0,0.0,0.0,0.0,0.0,0.0,0.0,0.0,0.0,0.5,158.0,-23.0,0,6,"I will take the higher cost orange and you can take the lower cost, that insures we both get a discoun",0.3333333333333330,0.0,0.0,0.3333333333333330,0.3333333333333330,0.0,0.0,0.0,0.5,0.5
264,2024-01-12_experiment-part-5,"{""numRounds"":13,""playerCount"":2,""spot1"":{""color"":""orange"",""discountPrice"":10,""regularPrice"":20},""spot2"":{""color"":""orange"",""discountPrice"":10,""regularPrice"":20},""spot3"":{""color"":""purple"",""discountPrice"":1,""regularPrice"":11},""spot4"":{""color"":""purple"",""discountPrice"":13,""regularPrice"":23}}",condition2,01HKZDV55AE4S55K5NQBESBS3V,01HKZE4JV5P2Q9ECRAFWA5M5R2,1,spot4,spot2,spot2,spot2,spot2,spot2,spot2,spot2,spot2,spot2,spot2,spot2,spot2,23,20,10,10,10,10,10,10,10,10,10,10,10,0.0,0.0,0.0,0.0,0.0,0.0,0.8333333333333330,0.0,0.0,0.0,0.0,0.0,0.0,0.0,0.0,0.0,0.0,0.0,0.0,0.0,0.0,0.0,0.0,0.0,0.0,0.0,0.0,0.0,0.16666666666666700,0.0,0.0,0.0,0.0,0.0,0.0,1.0,0.0,0.0,0.0,0.0,0.0,0.0,0.0,0.0,0.0,0.0,0.0,0.0,0.0,0.0,0.0,0.0,0.0,0.0,0.0,0.0,0.0,0.0,153.0,12.0,0,1,"I will always pick the second space in either group so we don't crash, you should pick the first space.",0.8333333333333330,0.0,0.0,0.0,0.16666666666666700,1.0,0.0,0.0,0.0,0.0
265,2024-01-12_experiment-part-5,"{""numRounds"":13,""playerCount"":2,""spot1"":{""color"":""orange"",""discountPrice"":10,""regularPrice"":20},""spot2"":{""color"":""orange"",""discountPrice"":10,""regularPrice"":20},""spot3"":{""color"":""purple"",""discountPrice"":1,""regularPrice"":11},""spot4"":{""color"":""purple"",""discountPrice"":13,""regularPrice"":23}}",condition2,01HKZDV55AE4S55K5NQBESBS3V,01HKZE5SZG0QB1TCB9QXM2KPAT,2,spot1,spot3,spot1,spot1,spot1,spot1,spot1,spot1,spot1,spot1,spot1,spot1,spot1,20,11,10,10,10,10,10,10,10,10,10,10,10,0.0,0.0,0.0,0.0,0.0,0.0,0.8333333333333330,0.0,0.0,0.0,0.0,0.0,0.0,0.0,0.0,0.0,0.0,0.0,0.0,0.0,0.0,0.0,0.0,0.0,0.0,0.0,0.0,0.0,0.16666666666666700,0.0,0.0,0.0,0.0,0.0,0.0,1.0,0.0,0.0,0.0,0.0,0.0,0.0,0.0,0.0,0.0,0.0,0.0,0.0,0.0,0.0,0.0,0.0,0.0,0.0,0.0,0.0,0.0,0.0,141.0,-12.0,0,2,Best outcome is if we pick the same color but avoid the same spot. I'll pick the orange on the left and you pick the orange on the right if the game looks the same as this e,0.8333333333333330,0.0,0.0,0.0,0.16666666666666700,1.0,0.0,0.0,0.0,0.0
266,2024-01-12_experiment-part-5,"{""numRounds"":13,""playerCount"":2,""spot1"":{""color"":""orange"",""discountPrice"":10,""regularPrice"":20},""spot2"":{""color"":""orange"",""discountPrice"":10,""regularPrice"":20},""spot3"":{""color"":""purple"",""discountPrice"":1,""regularPrice"":11},""spot4"":{""color"":""purple"",""discountPrice"":13,""regularPrice"":23}}",condition2,01HKZDV55AE4S55K5NQPHJW4ZA,01HKZE8JJ034M0F62F6QTZRVBX,1,spot4,spot4,spot4,spot4,spot2,spot2,spot2,spot2,spot2,spot2,spot2,spot2,spot2,30,30,23,23,20,20,20,20,20,10,10,10,10,0.0,0.0,0.0,0.4166666666666670,0.0,0.0,0.25,0.0,0.16666666666666700,0.0,0.0,0.0,0.0,0.0,0.0,0.0,0.0,0.0,0.0,0.0,0.0,0.0,0.0,0.0,0.0,0.0,0.0,0.16666666666666700,0.0,0.0,0.0,0.0,0.0,0.0,0.0,0.75,0.0,0.0,0.0,0.0,0.0,0.0,0.0,0.0,0.0,0.0,0.0,0.0,0.0,0.0,0.0,0.0,0.0,0.0,0.0,0.0,0.0,0.25,246.0,51.0,2,1,Select the color with the lowest combined discount price. Of that color select the lower price. ,0.25,0.0,0.0,0.5833333333333330,0.16666666666666700,0.75,0.0,0.0,0.0,0.25
267,2024-01-12_experiment-part-5,"{""numRounds"":13,""playerCount"":2,""spot1"":{""color"":""orange"",""discountPrice"":10,""regularPrice"":20},""spot2"":{""color"":""orange"",""discountPrice"":10,""regularPrice"":20},""spot3"":{""color"":""purple"",""discountPrice"":1,""regularPrice"":11},""spot4"":{""color"":""purple"",""discountPrice"":13,""regularPrice"":23}}",condition2,01HKZDV55AE4S55K5NQPHJW4ZA,01HKZE9VXC4S4GB5GGTJXXM5H4,2,spot4,spot4,spot1,spot1,spot3,spot3,spot3,spot3,spot3,spot1,spot1,spot1,spot1,30,30,20,20,11,11,11,11,11,10,10,10,10,0.0,0.0,0.0,0.4166666666666670,0.0,0.0,0.25,0.0,0.16666666666666700,0.0,0.0,0.0,0.0,0.0,0.0,0.0,0.0,0.0,0.0,0.0,0.0,0.0,0.0,0.0,0.0,0.0,0.0,0.16666666666666700,0.0,0.0,0.0,0.0,0.0,0.0,0.0,0.75,0.0,0.0,0.0,0.0,0.0,0.0,0.0,0.0,0.0,0.0,0.0,0.0,0.0,0.0,0.0,0.0,0.0,0.0,0.0,0.0,0.0,0.25,195.0,-51.0,2,3,"I feel that I should just assume its best if I take the most expensive spot to ensure that my partner does not select that and thus cause a crash. If we end up getting the group discount that would be great. But as I do not trust my partner to take the most expensive, that may be the best strategy to end up ensuring I pay the least.",0.25,0.0,0.0,0.5833333333333330,0.16666666666666700,0.75,0.0,0.0,0.0,0.25
268,2024-01-12_experiment-part-5,"{""numRounds"":13,""playerCount"":2,""spot1"":{""color"":""orange"",""discountPrice"":10,""regularPrice"":20},""spot2"":{""color"":""orange"",""discountPrice"":10,""regularPrice"":20},""spot3"":{""color"":""purple"",""discountPrice"":1,""regularPrice"":11},""spot4"":{""color"":""purple"",""discountPrice"":13,""regularPrice"":23}}",condition2,01HKZDV55BCPDT96X58FBCWWDG,01HKZE9WGNBKVXFFWN2X3ZAC1R,1,spot1,spot2,spot3,spot3,spot3,spot3,spot3,spot3,spot3,spot3,spot3,spot3,spot4,30,10,11,11,1,1,1,1,1,1,1,1,30,0.0,0.0,0.0,0.0,0.0,0.6666666666666670,0.0,0.16666666666666700,0.0,0.0,0.0,0.0,0.0,0.0,0.0,0.0,0.0,0.0,0.0,0.0,0.0,0.0,0.0,0.0,0.0,0.0,0.0,0.0,0.16666666666666700,0.0,0.0,0.0,0.0,0.0,1.0,0.0,0.0,0.0,0.0,0.0,0.0,0.0,0.0,0.0,0.0,0.0,0.0,0.0,0.0,0.0,0.0,0.0,0.0,0.0,0.0,0.0,0.0,0.0,100.0,-114.0,2,3,My plan is to click the corners to avoid my partner of choosing the same thing,0.0,0.6666666666666670,0.0,0.16666666666666700,0.16666666666666700,0.0,1.0,0.0,0.0,0.0
269,2024-01-12_experiment-part-5,"{""numRounds"":13,""playerCount"":2,""spot1"":{""color"":""orange"",""discountPrice"":10,""regularPrice"":20},""spot2"":{""color"":""orange"",""discountPrice"":10,""regularPrice"":20},""spot3"":{""color"":""purple"",""discountPrice"":1,""regularPrice"":11},""spot4"":{""color"":""purple"",""discountPrice"":13,""regularPrice"":23}}",condition2,01HKZDV55BCPDT96X58FBCWWDG,01HKZERFJ2YFKD0ZR9RRDNR15K,2,spot1,spot1,spot1,spot1,spot4,spot4,spot4,spot4,spot4,spot4,spot4,spot4,spot4,30,10,20,20,13,13,13,13,13,13,13,13,30,0.0,0.0,0.0,0.0,0.0,0.6666666666666670,0.0,0.16666666666666700,0.0,0.0,0.0,0.0,0.0,0.0,0.0,0.0,0.0,0.0,0.0,0.0,0.0,0.0,0.0,0.0,0.0,0.0,0.0,0.0,0.16666666666666700,0.0,0.0,0.0,0.0,0.0,1.0,0.0,0.0,0.0,0.0,0.0,0.0,0.0,0.0,0.0,0.0,0.0,0.0,0.0,0.0,0.0,0.0,0.0,0.0,0.0,0.0,0.0,0.0,0.0,214.0,114.0,2,1,"I will pick the left-most space with the cheapest prices (highest discount), in every case. If you pick the right one, we will always get the best discount, at least.",0.0,0.6666666666666670,0.0,0.16666666666666700,0.16666666666666700,0.0,1.0,0.0,0.0,0.0
270,2024-01-12_experiment-part-5,"{""numRounds"":13,""playerCount"":2,""spot1"":{""color"":""orange"",""discountPrice"":10,""regularPrice"":20},""spot2"":{""color"":""orange"",""discountPrice"":10,""regularPrice"":20},""spot3"":{""color"":""purple"",""discountPrice"":1,""regularPrice"":11},""spot4"":{""color"":""purple"",""discountPrice"":13,""regularPrice"":23}}",condition2,01HKZDV55C5FMGYWFQ6943N5AY,01HKZEBM6PNQFSXK750X68RVGV,1,spot1,spot4,spot4,spot4,spot4,spot4,spot4,spot4,spot4,spot3,spot4,spot2,spot3,20,13,13,13,13,13,13,13,13,30,13,20,1,0.0,0.0,0.0,0.0,0.0,0.0,0.0,0.0,0.0,0.0,0.0,0.6666666666666670,0.0,0.0,0.0,0.0,0.0,0.0,0.0,0.0,0.0,0.0,0.0,0.0,0.0,0.0,0.0,0.0,0.3333333333333330,0.0,0.0,0.0,0.0,0.0,0.0,0.0,0.0,0.0,0.0,0.0,0.0,0.0,0.0,0.0,0.0,0.0,0.0,0.0,0.0,0.0,0.0,0.0,0.0,0.0,0.0,0.0,0.0,1.0,188.0,107.0,1,5,Pick the lot with the lightest color (yellow)  and the cheapest price.  I will pick tht color and the higher price,0.0,0.6666666666666670,0.0,0.0,0.3333333333333330,0.0,0.0,0.0,0.0,1.0
271,2024-01-12_experiment-part-5,"{""numRounds"":13,""playerCount"":2,""spot1"":{""color"":""orange"",""discountPrice"":10,""regularPrice"":20},""spot2"":{""color"":""orange"",""discountPrice"":10,""regularPrice"":20},""spot3"":{""color"":""purple"",""discountPrice"":1,""regularPrice"":11},""spot4"":{""color"":""purple"",""discountPrice"":13,""regularPrice"":23}}",condition2,01HKZDV55C5FMGYWFQ6943N5AY,01HKZEZHQ6PY8D940E7ZFYJZQA,2,spot3,spot3,spot3,spot3,spot3,spot3,spot3,spot3,spot3,spot3,spot3,spot3,spot1,11,1,1,1,1,1,1,1,1,30,1,11,20,0.0,0.0,0.0,0.0,0.0,0.0,0.0,0.0,0.0,0.0,0.0,0.6666666666666670,0.0,0.0,0.0,0.0,0.0,0.0,0.0,0.0,0.0,0.0,0.0,0.0,0.0,0.0,0.0,0.0,0.3333333333333330,0.0,0.0,0.0,0.0,0.0,0.0,0.0,0.0,0.0,0.0,0.0,0.0,0.0,0.0,0.0,0.0,0.0,0.0,0.0,0.0,0.0,0.0,0.0,0.0,0.0,0.0,0.0,0.0,1.0,81.0,-107.0,1,1,I always pick low orange and you always pick low purple. ,0.0,0.6666666666666670,0.0,0.0,0.3333333333333330,0.0,0.0,0.0,0.0,1.0
272,2024-01-12_experiment-part-5,"{""numRounds"":13,""playerCount"":2,""spot1"":{""color"":""orange"",""discountPrice"":10,""regularPrice"":20},""spot2"":{""color"":""orange"",""discountPrice"":10,""regularPrice"":20},""spot3"":{""color"":""purple"",""discountPrice"":8,""regularPrice"":18},""spot4"":{""color"":""purple"",""discountPrice"":1,""regularPrice"":11}}",condition3,01HKZDV55H791J1NMGR8V10BX7,01HKZE30RX5GE83DS3V4HAWXYS,1,spot4,spot3,spot2,spot2,spot3,spot3,spot3,spot3,spot3,spot3,spot3,spot3,spot4,30,30,20,20,18,18,8,8,8,8,8,8,30,0.0,0.0,0.0,0.0,0.0,0.5,0.0,0.16666666666666700,0.0,0.0,0.0,0.0,0.0,0.0,0.0,0.0,0.0,0.0,0.0,0.0,0.0,0.0,0.0,0.0,0.0,0.0,0.0,0.0,0.3333333333333330,0.0,0.0,0.0,0.0,0.0,1.0,0.0,0.0,0.0,0.0,0.0,0.0,0.0,0.0,0.0,0.0,0.0,0.0,0.0,0.0,0.0,0.0,0.0,0.0,0.0,0.0,0.0,0.0,0.0,214.0,49.0,3,4,Just pick orange full send.,0.0,0.5,0.0,0.16666666666666700,0.3333333333333330,0.0,1.0,0.0,0.0,0.0
273,2024-01-12_experiment-part-5,"{""numRounds"":13,""playerCount"":2,""spot1"":{""color"":""orange"",""discountPrice"":10,""regularPrice"":20},""spot2"":{""color"":""orange"",""discountPrice"":10,""regularPrice"":20},""spot3"":{""color"":""purple"",""discountPrice"":8,""regularPrice"":18},""spot4"":{""color"":""purple"",""discountPrice"":1,""regularPrice"":11}}",condition3,01HKZDV55H791J1NMGR8V10BX7,01HKZE3K0Q1BENAKBGW2T4R1N2,2,spot4,spot3,spot3,spot4,spot1,spot1,spot4,spot4,spot4,spot4,spot4,spot4,spot4,30,30,18,11,20,20,1,1,1,1,1,1,30,0.0,0.0,0.0,0.0,0.0,0.5,0.0,0.16666666666666700,0.0,0.0,0.0,0.0,0.0,0.0,0.0,0.0,0.0,0.0,0.0,0.0,0.0,0.0,0.0,0.0,0.0,0.0,0.0,0.0,0.3333333333333330,0.0,0.0,0.0,0.0,0.0,1.0,0.0,0.0,0.0,0.0,0.0,0.0,0.0,0.0,0.0,0.0,0.0,0.0,0.0,0.0,0.0,0.0,0.0,0.0,0.0,0.0,0.0,0.0,0.0,165.0,-49.0,3,4,i would say i chose the rightmost option and they chose the second rightmost option,0.0,0.5,0.0,0.16666666666666700,0.3333333333333330,0.0,1.0,0.0,0.0,0.0
274,2024-01-12_experiment-part-5,"{""numRounds"":13,""playerCount"":2,""spot1"":{""color"":""orange"",""discountPrice"":10,""regularPrice"":20},""spot2"":{""color"":""orange"",""discountPrice"":10,""regularPrice"":20},""spot3"":{""color"":""purple"",""discountPrice"":8,""regularPrice"":18},""spot4"":{""color"":""purple"",""discountPrice"":1,""regularPrice"":11}}",condition3,01HKZDV55JM0KWD1EBEBTVRE9E,01HKZE2NE66ZK9MZYFF1Q9137N,1,spot3,spot4,spot4,spot4,spot4,spot4,spot4,spot4,spot4,spot4,spot4,spot4,spot4,30,30,11,11,11,1,1,1,1,1,1,1,1,0.0,0.0,0.0,0.0,0.0,0.0,0.0,0.0,0.0,0.0,0.25,0.5833333333333330,0.0,0.0,0.0,0.0,0.0,0.0,0.0,0.0,0.0,0.0,0.0,0.0,0.0,0.0,0.0,0.0,0.16666666666666700,0.0,0.0,0.0,0.0,0.0,0.0,0.0,0.0,0.0,0.0,0.0,1.0,0.0,0.0,0.0,0.0,0.0,0.0,0.0,0.0,0.0,0.0,0.0,0.0,0.0,0.0,0.0,0.0,0.0,101.0,-83.0,2,1,"I think I will definitely try to place myself in the purple zone, hopefully over the first round the other player will realize my plan and try to conform as to get the lowest discount price possible",0.0,0.5833333333333330,0.0,0.25,0.16666666666666700,0.0,1.0,0.0,0.0,0.0
275,2024-01-12_experiment-part-5,"{""numRounds"":13,""playerCount"":2,""spot1"":{""color"":""orange"",""discountPrice"":10,""regularPrice"":20},""spot2"":{""color"":""orange"",""discountPrice"":10,""regularPrice"":20},""spot3"":{""color"":""purple"",""discountPrice"":8,""regularPrice"":18},""spot4"":{""color"":""purple"",""discountPrice"":1,""regularPrice"":11}}",condition3,01HKZDV55JM0KWD1EBEBTVRE9E,01HKZE2Y0PN6KXX66YW94QMG44,2,spot3,spot4,spot2,spot2,spot2,spot3,spot3,spot3,spot3,spot3,spot3,spot3,spot3,30,30,20,20,20,8,8,8,8,8,8,8,8,0.0,0.0,0.0,0.0,0.0,0.0,0.0,0.0,0.0,0.0,0.25,0.5833333333333330,0.0,0.0,0.0,0.0,0.0,0.0,0.0,0.0,0.0,0.0,0.0,0.0,0.0,0.0,0.0,0.0,0.16666666666666700,0.0,0.0,0.0,0.0,0.0,0.0,0.0,0.0,0.0,0.0,0.0,1.0,0.0,0.0,0.0,0.0,0.0,0.0,0.0,0.0,0.0,0.0,0.0,0.0,0.0,0.0,0.0,0.0,0.0,184.0,83.0,2,3,I will choose the left orange sport and you choose the right.,0.0,0.5833333333333330,0.0,0.25,0.16666666666666700,0.0,1.0,0.0,0.0,0.0
276,2024-01-12_experiment-part-5,"{""numRounds"":13,""playerCount"":2,""spot1"":{""color"":""orange"",""discountPrice"":10,""regularPrice"":20},""spot2"":{""color"":""orange"",""discountPrice"":10,""regularPrice"":20},""spot3"":{""color"":""purple"",""discountPrice"":8,""regularPrice"":18},""spot4"":{""color"":""purple"",""discountPrice"":1,""regularPrice"":11}}",condition3,01HKZDV55KW46GQP4N5WH3TW5B,01HKZE2JHV563X651G72X7BCFX,1,spot4,spot4,spot4,spot4,spot4,spot4,spot4,spot4,spot4,spot4,spot4,spot4,spot4,11,1,1,1,1,1,1,1,1,1,1,1,1,0.0,0.0,0.0,0.0,0.0,0.0,0.0,0.0,0.0,0.0,0.0,0.9166666666666670,0.0,0.0,0.0,0.0,0.0,0.0,0.0,0.0,0.0,0.0,0.0,0.0,0.0,0.0,0.0,0.0,0.08333333333333330,0.0,0.0,0.0,0.0,0.0,0.0,0.0,0.0,0.0,0.0,0.0,1.0,0.0,0.0,0.0,0.0,0.0,0.0,0.0,0.0,0.0,0.0,0.0,0.0,0.0,0.0,0.0,0.0,0.0,23.0,-93.0,0,0,Pick the first purple space and I will pick the second purple space,0.0,0.9166666666666670,0.0,0.0,0.08333333333333330,0.0,1.0,0.0,0.0,0.0
277,2024-01-12_experiment-part-5,"{""numRounds"":13,""playerCount"":2,""spot1"":{""color"":""orange"",""discountPrice"":10,""regularPrice"":20},""spot2"":{""color"":""orange"",""discountPrice"":10,""regularPrice"":20},""spot3"":{""color"":""purple"",""discountPrice"":8,""regularPrice"":18},""spot4"":{""color"":""purple"",""discountPrice"":1,""regularPrice"":11}}",condition3,01HKZDV55KW46GQP4N5WH3TW5B,01HKZE44D6N3DJZK9PZFT24VAK,2,spot2,spot3,spot3,spot3,spot3,spot3,spot3,spot3,spot3,spot3,spot3,spot3,spot3,20,8,8,8,8,8,8,8,8,8,8,8,8,0.0,0.0,0.0,0.0,0.0,0.0,0.0,0.0,0.0,0.0,0.0,0.9166666666666670,0.0,0.0,0.0,0.0,0.0,0.0,0.0,0.0,0.0,0.0,0.0,0.0,0.0,0.0,0.0,0.0,0.08333333333333330,0.0,0.0,0.0,0.0,0.0,0.0,0.0,0.0,0.0,0.0,0.0,1.0,0.0,0.0,0.0,0.0,0.0,0.0,0.0,0.0,0.0,0.0,0.0,0.0,0.0,0.0,0.0,0.0,0.0,116.0,93.0,0,1,"I'd attempt to go for the group that gave us the total net discount. I'd probably trust they can adapt or have a similar plan. If they don't move shortly, I'll move to the group they're in",0.0,0.9166666666666670,0.0,0.0,0.08333333333333330,0.0,1.0,0.0,0.0,0.0
278,2024-01-12_experiment-part-5,"{""numRounds"":13,""playerCount"":2,""spot1"":{""color"":""orange"",""discountPrice"":10,""regularPrice"":20},""spot2"":{""color"":""orange"",""discountPrice"":10,""regularPrice"":20},""spot3"":{""color"":""purple"",""discountPrice"":8,""regularPrice"":18},""spot4"":{""color"":""purple"",""discountPrice"":1,""regularPrice"":11}}",condition3,01HKZDV55M094B4Z7WR9Z03GZM,01HKZE2PWMCYK6P6941YDVVPJD,1,spot3,spot3,spot4,spot4,spot3,spot3,spot4,spot4,spot3,spot4,spot4,spot3,spot2,30,30,30,1,30,8,30,1,30,30,1,30,10,0.0,0.0,0.0,0.0,0.0,0.0,0.0,0.0,0.0,0.0,0.0,0.0,0.0,0.0,0.0,0.0,0.0,0.0,0.0,0.0,0.0,0.0,0.0,0.0,0.0,0.0,0.16666666666666700,0.0,0.8333333333333330,0.0,0.0,0.0,0.0,0.0,0.0,0.0,0.0,0.0,0.0,0.0,0.0,0.0,0.0,0.0,0.0,0.0,0.0,0.0,0.0,0.0,0.0,0.0,0.0,0.0,0.0,0.0,0.0,1.0,261.0,-15.0,8,7,"I would start by taking the first purple spot, and we can switch off taking the best purple spot each time after. ",0.0,0.0,0.0,0.0,1.0,0.0,0.0,0.0,0.0,1.0
279,2024-01-12_experiment-part-5,"{""numRounds"":13,""playerCount"":2,""spot1"":{""color"":""orange"",""discountPrice"":10,""regularPrice"":20},""spot2"":{""color"":""orange"",""discountPrice"":10,""regularPrice"":20},""spot3"":{""color"":""purple"",""discountPrice"":8,""regularPrice"":18},""spot4"":{""color"":""purple"",""discountPrice"":1,""regularPrice"":11}}",condition3,01HKZDV55M094B4Z7WR9Z03GZM,01HKZE607CAXEFZJ9QP0A8VGGA,2,spot3,spot3,spot4,spot3,spot3,spot4,spot4,spot3,spot3,spot4,spot3,spot3,spot4,30,30,30,8,30,1,30,8,30,30,8,30,11,0.0,0.0,0.0,0.0,0.0,0.0,0.0,0.0,0.0,0.0,0.0,0.0,0.0,0.0,0.0,0.0,0.0,0.0,0.0,0.0,0.0,0.0,0.0,0.0,0.0,0.0,0.16666666666666700,0.0,0.8333333333333330,0.0,0.0,0.0,0.0,0.0,0.0,0.0,0.0,0.0,0.0,0.0,0.0,0.0,0.0,0.0,0.0,0.0,0.0,0.0,0.0,0.0,0.0,0.0,0.0,0.0,0.0,0.0,0.0,1.0,276.0,15.0,8,7,I park in the purple regular price 11 mu and you park in the purple regular price 18mu.,0.0,0.0,0.0,0.0,1.0,0.0,0.0,0.0,0.0,1.0
280,2024-01-12_experiment-part-5,"{""numRounds"":13,""playerCount"":2,""spot1"":{""color"":""orange"",""discountPrice"":10,""regularPrice"":20},""spot2"":{""color"":""orange"",""discountPrice"":10,""regularPrice"":20},""spot3"":{""color"":""purple"",""discountPrice"":8,""regularPrice"":18},""spot4"":{""color"":""purple"",""discountPrice"":1,""regularPrice"":11}}",condition3,01HKZDV55NC7Q0SR2QZ2TC59A5,01HKZE1ADMMAWXDSZEQCC9BRYK,1,spot3,spot4,spot3,spot4,spot3,spot4,spot3,spot4,spot3,spot4,spot3,spot4,spot3,30,11,8,11,8,11,8,30,18,1,8,1,8,0.0,0.0,0.0,0.0,0.0,0.0,0.0,0.0,0.0,0.0,0.0,0.0,0.0,0.0,0.0,0.0,0.0,0.0,0.0,0.0,0.0,0.0,0.0,0.25,0.0,0.0,0.0,0.0,0.75,0.0,0.0,0.0,0.0,0.0,0.0,0.0,0.0,0.0,0.0,0.0,0.0,0.0,0.0,0.0,0.0,0.0,0.0,0.0,0.0,0.0,0.0,0.0,0.75,0.0,0.0,0.0,0.0,0.25,153.0,-8.0,2,12,The best outcome for both of us would be to both park in the purple and alternate spots. I will choose the left spot first,0.0,0.0,0.25,0.0,0.75,0.0,0.0,0.75,0.0,0.25
281,2024-01-12_experiment-part-5,"{""numRounds"":13,""playerCount"":2,""spot1"":{""color"":""orange"",""discountPrice"":10,""regularPrice"":20},""spot2"":{""color"":""orange"",""discountPrice"":10,""regularPrice"":20},""spot3"":{""color"":""purple"",""discountPrice"":8,""regularPrice"":18},""spot4"":{""color"":""purple"",""discountPrice"":1,""regularPrice"":11}}",condition3,01HKZDV55NC7Q0SR2QZ2TC59A5,01HKZE3RKY6QTRRJP18QE09W6E,2,spot3,spot1,spot4,spot2,spot4,spot1,spot4,spot4,spot2,spot3,spot4,spot3,spot4,30,20,1,20,1,20,1,30,20,8,1,8,1,0.0,0.0,0.0,0.0,0.0,0.0,0.0,0.0,0.0,0.0,0.0,0.0,0.0,0.0,0.0,0.0,0.0,0.0,0.0,0.0,0.0,0.0,0.0,0.25,0.0,0.0,0.0,0.0,0.75,0.0,0.0,0.0,0.0,0.0,0.0,0.0,0.0,0.0,0.0,0.0,0.0,0.0,0.0,0.0,0.0,0.0,0.0,0.0,0.0,0.0,0.0,0.0,0.75,0.0,0.0,0.0,0.0,0.25,161.0,8.0,2,11,A good plan would be to vary the parking spots that we pick every day so that there is a lower chance that we will get into a crash. We would have a decent chance of both picking orange or both picking purple and earning the discount.,0.0,0.0,0.25,0.0,0.75,0.0,0.0,0.75,0.0,0.25
282,2024-01-12_experiment-part-5,"{""numRounds"":13,""playerCount"":2,""spot1"":{""color"":""orange"",""discountPrice"":10,""regularPrice"":20},""spot2"":{""color"":""orange"",""discountPrice"":10,""regularPrice"":20},""spot3"":{""color"":""purple"",""discountPrice"":8,""regularPrice"":18},""spot4"":{""color"":""purple"",""discountPrice"":1,""regularPrice"":11}}",condition3,01HKZDV55PHEFM6K1GAJXWYXR3,01HKZE3SBATZECFWBRH4ZYWSB0,1,spot3,spot3,spot4,spot1,spot2,spot4,spot4,spot4,spot4,spot4,spot4,spot4,spot4,30,30,30,20,20,1,1,1,1,1,1,1,1,0.0,0.0,0.0,0.0,0.0,0.0,0.0,0.0,0.0,0.0,0.0,0.5833333333333330,0.0,0.0,0.0,0.0,0.0,0.0,0.0,0.0,0.0,0.0,0.0,0.0,0.0,0.0,0.16666666666666700,0.0,0.25,0.0,0.0,0.0,0.0,0.0,0.0,0.0,0.0,0.0,0.0,0.0,1.0,0.0,0.0,0.0,0.0,0.0,0.0,0.0,0.0,0.0,0.0,0.0,0.0,0.0,0.0,0.0,0.0,0.0,138.0,-52.0,3,4, I will probably go for the mid-prices spaces to avoid high costs as well as collision. ,0.0,0.5833333333333330,0.0,0.0,0.41666666666666700,0.0,1.0,0.0,0.0,0.0
283,2024-01-12_experiment-part-5,"{""numRounds"":13,""playerCount"":2,""spot1"":{""color"":""orange"",""discountPrice"":10,""regularPrice"":20},""spot2"":{""color"":""orange"",""discountPrice"":10,""regularPrice"":20},""spot3"":{""color"":""purple"",""discountPrice"":8,""regularPrice"":18},""spot4"":{""color"":""purple"",""discountPrice"":1,""regularPrice"":11}}",condition3,01HKZDV55PHEFM6K1GAJXWYXR3,01HKZE47JTZPJDYR47CSAGVB9J,2,spot3,spot3,spot4,spot3,spot3,spot3,spot3,spot3,spot3,spot3,spot3,spot3,spot3,30,30,30,18,18,8,8,8,8,8,8,8,8,0.0,0.0,0.0,0.0,0.0,0.0,0.0,0.0,0.0,0.0,0.0,0.5833333333333330,0.0,0.0,0.0,0.0,0.0,0.0,0.0,0.0,0.0,0.0,0.0,0.0,0.0,0.0,0.16666666666666700,0.0,0.25,0.0,0.0,0.0,0.0,0.0,0.0,0.0,0.0,0.0,0.0,0.0,1.0,0.0,0.0,0.0,0.0,0.0,0.0,0.0,0.0,0.0,0.0,0.0,0.0,0.0,0.0,0.0,0.0,0.0,190.0,52.0,3,2,I will pick the first orange if you select the second orange each time.,0.0,0.5833333333333330,0.0,0.0,0.41666666666666700,0.0,1.0,0.0,0.0,0.0
284,2024-01-12_experiment-part-5,"{""numRounds"":13,""playerCount"":2,""spot1"":{""color"":""orange"",""discountPrice"":10,""regularPrice"":20},""spot2"":{""color"":""orange"",""discountPrice"":10,""regularPrice"":20},""spot3"":{""color"":""purple"",""discountPrice"":8,""regularPrice"":18},""spot4"":{""color"":""purple"",""discountPrice"":1,""regularPrice"":11}}",condition3,01HKZDV55Q8XC5ZWZR7DBZH7CE,01HKZE4DD142FDZ4JDTP81SP8M,1,spot3,spot1,spot1,spot1,spot1,spot1,spot1,spot1,spot1,spot1,spot1,spot1,spot1,18,10,10,10,10,10,10,10,10,10,10,10,10,0.9166666666666670,0.0,0.0,0.0,0.0,0.0,0.0,0.0,0.0,0.0,0.0,0.0,0.0,0.0,0.0,0.0,0.0,0.0,0.0,0.0,0.0,0.0,0.0,0.0,0.0,0.0,0.0,0.0,0.08333333333333330,1.0,0.0,0.0,0.0,0.0,0.0,0.0,0.0,0.0,0.0,0.0,0.0,0.0,0.0,0.0,0.0,0.0,0.0,0.0,0.0,0.0,0.0,0.0,0.0,0.0,0.0,0.0,0.0,0.0,138.0,-2.0,0,1,I would say pick the lowest priced parking spot and hope that I don't pick the same color as you. I would say pick the second priced lowest cost parking spot so that I can pick the lowest one.,0.9166666666666670,0.0,0.0,0.0,0.08333333333333330,1.0,0.0,0.0,0.0,0.0
285,2024-01-12_experiment-part-5,"{""numRounds"":13,""playerCount"":2,""spot1"":{""color"":""orange"",""discountPrice"":10,""regularPrice"":20},""spot2"":{""color"":""orange"",""discountPrice"":10,""regularPrice"":20},""spot3"":{""color"":""purple"",""discountPrice"":8,""regularPrice"":18},""spot4"":{""color"":""purple"",""discountPrice"":1,""regularPrice"":11}}",condition3,01HKZDV55Q8XC5ZWZR7DBZH7CE,01HKZEDG2ADJSTMBS6W911ZJWT,2,spot2,spot2,spot2,spot2,spot2,spot2,spot2,spot2,spot2,spot2,spot2,spot2,spot2,20,10,10,10,10,10,10,10,10,10,10,10,10,0.9166666666666670,0.0,0.0,0.0,0.0,0.0,0.0,0.0,0.0,0.0,0.0,0.0,0.0,0.0,0.0,0.0,0.0,0.0,0.0,0.0,0.0,0.0,0.0,0.0,0.0,0.0,0.0,0.0,0.08333333333333330,1.0,0.0,0.0,0.0,0.0,0.0,0.0,0.0,0.0,0.0,0.0,0.0,0.0,0.0,0.0,0.0,0.0,0.0,0.0,0.0,0.0,0.0,0.0,0.0,0.0,0.0,0.0,0.0,0.0,140.0,2.0,0,0,"I'm hoping the other participant understands that picking orange is the best for both of us. If we each pick the first two every time we both get the best results overall. I will probably pick the second orange tab repeatedly, hoping the other participant will realize that and pick the first one.",0.9166666666666670,0.0,0.0,0.0,0.08333333333333330,1.0,0.0,0.0,0.0,0.0
286,2024-01-12_experiment-part-5,"{""numRounds"":13,""playerCount"":2,""spot1"":{""color"":""orange"",""discountPrice"":10,""regularPrice"":20},""spot2"":{""color"":""orange"",""discountPrice"":10,""regularPrice"":20},""spot3"":{""color"":""purple"",""discountPrice"":8,""regularPrice"":18},""spot4"":{""color"":""purple"",""discountPrice"":1,""regularPrice"":11}}",condition3,01HKZDV55R0BJYA4TFYC9KJNX1,01HKZE4TFDCMV1PB88TZS8QQN9,1,spot2,spot4,spot4,spot4,spot4,spot4,spot4,spot4,spot4,spot4,spot4,spot4,spot4,20,1,1,1,1,1,1,1,1,1,1,1,1,0.0,0.0,0.0,0.0,0.0,0.0,0.0,0.0,0.0,0.0,0.0,0.9166666666666670,0.0,0.0,0.0,0.0,0.0,0.0,0.0,0.0,0.0,0.0,0.0,0.0,0.0,0.0,0.0,0.0,0.08333333333333330,0.0,0.0,0.0,0.0,0.0,0.0,0.0,0.0,0.0,0.0,0.0,1.0,0.0,0.0,0.0,0.0,0.0,0.0,0.0,0.0,0.0,0.0,0.0,0.0,0.0,0.0,0.0,0.0,0.0,32.0,-82.0,0,1,I will pick the first spot and you can pick the second spot (orange) which will save us the most money.,0.0,0.9166666666666670,0.0,0.0,0.08333333333333330,0.0,1.0,0.0,0.0,0.0
287,2024-01-12_experiment-part-5,"{""numRounds"":13,""playerCount"":2,""spot1"":{""color"":""orange"",""discountPrice"":10,""regularPrice"":20},""spot2"":{""color"":""orange"",""discountPrice"":10,""regularPrice"":20},""spot3"":{""color"":""purple"",""discountPrice"":8,""regularPrice"":18},""spot4"":{""color"":""purple"",""discountPrice"":1,""regularPrice"":11}}",condition3,01HKZDV55R0BJYA4TFYC9KJNX1,01HKZEKM70PN899C64B5XHM6NH,2,spot3,spot3,spot3,spot3,spot3,spot3,spot3,spot3,spot3,spot3,spot3,spot3,spot3,18,8,8,8,8,8,8,8,8,8,8,8,8,0.0,0.0,0.0,0.0,0.0,0.0,0.0,0.0,0.0,0.0,0.0,0.9166666666666670,0.0,0.0,0.0,0.0,0.0,0.0,0.0,0.0,0.0,0.0,0.0,0.0,0.0,0.0,0.0,0.0,0.08333333333333330,0.0,0.0,0.0,0.0,0.0,0.0,0.0,0.0,0.0,0.0,0.0,1.0,0.0,0.0,0.0,0.0,0.0,0.0,0.0,0.0,0.0,0.0,0.0,0.0,0.0,0.0,0.0,0.0,0.0,114.0,82.0,0,0,"The strategy would be: in each round look for the color with the lowest combined discount price for both spots. You always pick the first spot of that color, and I will always pick the second spot of that color. That way we always get a discount and never crash.",0.0,0.9166666666666670,0.0,0.0,0.08333333333333330,0.0,1.0,0.0,0.0,0.0