"id","actualPlayerCount","actualPlayerCountLastChangedAt","batchID","batchIDLastChangedAt","ended","endedLastChangedAt","endedReason","endedReasonLastChangedAt","groupID","groupIDLastChangedAt","lobbyTimerID","lobbyTimerIDLastChangedAt","roundIndex","roundIndexLastChangedAt","stageID","stageIDLastChangedAt","start","startLastChangedAt","starting","startingLastChangedAt","status","statusLastChangedAt","treatment","treatmentLastChangedAt","treatmentName","treatmentNameLastChangedAt"
"01KFY9K4W8CS4910XBJFRDG1S8",2,"2026-01-26T23:43:48.215190215Z","01KFY9K4W2E7WPYD3BXTXVHG57","2026-01-26T23:18:01.864851952Z","true","2026-01-26T23:46:06.080119717Z","end of game","2026-01-26T23:46:06.086639628Z","01KFY9K4WHEWH57XX5WKMJBJV8","2026-01-26T23:18:01.875352678Z","01KFYB195YJ6X5HNGJR2GP24JW","2026-01-26T23:43:13.601241271Z",12,"2026-01-26T23:43:48.243217921Z","null","2026-01-26T23:46:06.080119717Z","true","2026-01-26T23:43:48.215190215Z","true","2026-01-26T23:43:48.215190215Z","ended","2026-01-26T23:46:06.086639628Z","{""advice"":""Try to find an outcome that's fair for both of you."",""adviceType"":""CG"",""chatEnabled"":false,""numRounds"":13,""playerCount"":2}","2026-01-26T23:18:01.864851952Z","CG_cooperate","2026-01-26T23:18:01.864851952Z"
"01KFYB2F0VT86G75RZSSQ427N5",2,"2026-01-26T23:47:38.45199817Z","01KFYB2F0MZF5DBBHETCFCZHVH","2026-01-26T23:43:52.347976003Z","true","2026-01-26T23:49:05.780943835Z","end of game","2026-01-26T23:49:05.790265082Z","01KFYB2F182JB04YZY0TZ655TZ","2026-01-26T23:43:52.361292926Z","01KFYB7X1TKTQ4R1379BDVQ0W6","2026-01-26T23:46:50.558623472Z",12,"2026-01-26T23:47:38.49327406Z","null","2026-01-26T23:49:05.780943835Z","true","2026-01-26T23:47:38.45199817Z","true","2026-01-26T23:47:38.45199817Z","ended","2026-01-26T23:49:05.790265082Z","{""advice"":""Try to find an outcome that's fair for both of you."",""adviceType"":""CG"",""chatEnabled"":false,""numRounds"":13,""playerCount"":2}","2026-01-26T23:43:52.347976003Z","CG_cooperate","2026-01-26T23:43:52.347976003Z"
"01KFY9HTK0EK1PCHVKAZEZ3J5Q",2,"2026-01-26T23:34:25.939982743Z","01KFY9HTJJ4QFNK0GT580T7CHT","2026-01-26T23:17:18.56044251Z","true","2026-01-26T23:38:47.209023038Z","end of game","2026-01-26T23:38:47.212746426Z","01KFY9HTKFSYN8KRSW9JK71M9R","2026-01-26T23:17:18.577932199Z","01KFYAGDN5HC8NFRMDX5ZFRM1C","2026-01-26T23:34:01.129882666Z",12,"2026-01-26T23:34:25.964009693Z","null","2026-01-26T23:38:47.209023038Z","true","2026-01-26T23:34:25.939982743Z","true","2026-01-26T23:34:25.939982743Z","ended","2026-01-26T23:38:47.212746426Z","{""advice"":""Try to find an outcome that's fair for both of you."",""adviceType"":""CG"",""chatEnabled"":false,""numRounds"":13,""playerCount"":2}","2026-01-26T23:17:18.56044251Z","CG_cooperate","2026-01-26T23:17:18.56044251Z"
"01KFYB4CPT3WCXNEGK2FSZ9Z0J",2,"2026-01-26T23:58:55.916712012Z","01KFYB4CPGHZ33P7TDQEHX4900","2026-01-26T23:44:55.514937101Z","true","2026-01-27T00:00:52.219540284Z","end of game","2026-01-27T00:00:52.232108845Z","01KFYB4CQ9PXFHFSHAH21H5TGK","2026-01-26T23:44:55.530096017Z","01KFYBXGQFS24JG22E4FZ7KDBW","2026-01-26T23:58:38.836038265Z",12,"2026-01-26T23:58:55.987081896Z","null","2026-01-27T00:00:52.219540284Z","true","2026-01-26T23:58:55.916712012Z","true","2026-01-26T23:58:55.916712012Z","ended","2026-01-27T00:00:52.232108845Z","{""advice"":""Try to find an outcome that's fair for both of you."",""adviceType"":""CG"",""chatEnabled"":false,""numRounds"":13,""playerCount"":2}","2026-01-26T23:44:55.514937101Z","CG_cooperate","2026-01-26T23:44:55.514937101Z"
"01KFYB4CK59YSD539EMMQ4H53N",2,"2026-01-26T23:55:37.891570962Z","01KFYB4CJVK0E9CM7VJS8SEE5D","2026-01-26T23:44:55.397376311Z","true","2026-01-27T00:00:21.773292705Z","end of game","2026-01-27T00:00:21.784431665Z","01KFYB4CKJ1FF1PEA6QFYHVY81","2026-01-26T23:44:55.411862173Z","01KFYBP8TSY7FGDT25YTVGVNZD","2026-01-26T23:54:41.372203562Z",12,"2026-01-26T23:55:37.947413304Z","null","2026-01-27T00:00:21.773292705Z","true","2026-01-26T23:55:37.891570962Z","true","2026-01-26T23:55:37.891570962Z","ended","2026-01-27T00:00:21.784431665Z","{""advice"":""Try to find an outcome that's fair for both of you."",""adviceType"":""CG"",""chatEnabled"":false,""numRounds"":13,""playerCount"":2}","2026-01-26T23:44:55.397376311Z","CG_cooperate","2026-01-26T23:44:55.397376311Z"
"01KFYB3WF3TYJE8PQD5KPHR31A",2,"2026-01-26T23:51:21.567122082Z","01KFYB3WETAE3NX4MNQRZ0H054","2026-01-26T23:44:38.88337731Z","true","2026-01-26T23:54:00.464423879Z","end of game","2026-01-26T23:54:00.473536054Z","01KFYB3WFHSTS86BHY489H3G40","2026-01-26T23:44:38.898449807Z","01KFYBG5M5D72AZFMAV1HDSCER","2026-01-26T23:51:21.479894436Z",12,"2026-01-26T23:51:21.622482228Z","null","2026-01-26T23:54:00.464423879Z","true","2026-01-26T23:51:21.567122082Z","true","2026-01-26T23:51:21.567122082Z","ended","2026-01-26T23:54:00.473536054Z","{""advice"":""Try to find an outcome that's fair for both of you."",""adviceType"":""CG"",""chatEnabled"":false,""numRounds"":13,""playerCount"":2}","2026-01-26T23:44:38.88337731Z","CG_cooperate","2026-01-26T23:44:38.88337731Z"
"01KFYB2FBWSZHHMASWSC1DBXFY",2,"2026-01-26T23:49:33.791348509Z","01KFYB2FBKD7JXPFCMWPMFS0BZ","2026-01-26T23:43:52.700946436Z","true","2026-01-26T23:53:01.74897109Z","end of game","2026-01-26T23:53:01.758331619Z","01KFYB2FC9GQSJD81M75YX3YD1","2026-01-26T23:43:52.714995758Z","01KFYBB26MVAF09EHKA25ZNA8T","2026-01-26T23:48:34.1346459Z",12,"2026-01-26T23:49:33.844764454Z","null","2026-01-26T23:53:01.74897109Z","true","2026-01-26T23:49:33.791348509Z","true","2026-01-26T23:49:33.791348509Z","ended","2026-01-26T23:53:01.758331619Z","{""advice"":""Try to find an outcome that's fair for both of you."",""adviceType"":""CG"",""chatEnabled"":false,""numRounds"":13,""playerCount"":2}","2026-01-26T23:43:52.700946436Z","CG_cooperate","2026-01-26T23:43:52.700946436Z"
"01KFYB3W7FY6N2QQZCZ02XNG5B",2,"2026-01-26T23:50:57.791740065Z","01KFYB3W748Z68X977A3EWG1EX","2026-01-26T23:44:38.63923749Z","true","2026-01-26T23:54:32.265766552Z","end of game","2026-01-26T23:54:32.275700867Z","01KFYB3W7WDND3TY306QZHG80H","2026-01-26T23:44:38.654689822Z","01KFYBF04BG038917TAVHDDVYW","2026-01-26T23:50:43.087149165Z",12,"2026-01-26T23:50:57.832083445Z","null","2026-01-26T23:54:32.265766552Z","true","2026-01-26T23:50:57.791740065Z","true","2026-01-26T23:50:57.791740065Z","ended","2026-01-26T23:54:32.275700867Z","{""advice"":""Try to find an outcome that's fair for both of you."",""adviceType"":""CG"",""chatEnabled"":false,""numRounds"":13,""playerCount"":2}","2026-01-26T23:44:38.63923749Z","CG_cooperate","2026-01-26T23:44:38.63923749Z"
"01KFYB4CB1G2R7A023X1DQ936J",2,"2026-01-26T23:54:11.252027467Z","01KFYB4CANT90CFKYK313QFXK0","2026-01-26T23:44:55.137922608Z","true","2026-01-26T23:55:56.06838024Z","end of game","2026-01-26T23:55:56.078774106Z","01KFYB4CBGZAKKJMN7DTJ8G5NR","2026-01-26T23:44:55.153622868Z","01KFYBMD52MPVAFB14GG1SAYY2","2026-01-26T23:53:40.261846419Z",12,"2026-01-26T23:54:11.317130421Z","null","2026-01-26T23:55:56.06838024Z","true","2026-01-26T23:54:11.252027467Z","true","2026-01-26T23:54:11.252027467Z","ended","2026-01-26T23:55:56.078774106Z","{""advice"":""Try to find an outcome that's fair for both of you."",""adviceType"":""CG"",""chatEnabled"":false,""numRounds"":13,""playerCount"":2}","2026-01-26T23:44:55.137922608Z","CG_cooperate","2026-01-26T23:44:55.137922608Z"
"01KFYB4CEZB47EAXPBNJFZR78B",2,"2026-01-26T23:54:30.184601791Z","01KFYB4CEQET274VCHE07WC6NK","2026-01-26T23:44:55.263600155Z","true","2026-01-26T23:56:48.596143145Z","end of game","2026-01-26T23:56:48.607021644Z","01KFYB4CFDFMMKXQE3TT8BBJB6","2026-01-26T23:44:55.278454931Z","01KFYBNRMKJTHDM6ZRTVBZ6HT5","2026-01-26T23:54:24.791050746Z",12,"2026-01-26T23:54:30.253539933Z","null","2026-01-26T23:56:48.596143145Z","true","2026-01-26T23:54:30.184601791Z","true","2026-01-26T23:54:30.184601791Z","ended","2026-01-26T23:56:48.607021644Z","{""advice"":""Try to find an outcome that's fair for both of you."",""adviceType"":""CG"",""chatEnabled"":false,""numRounds"":13,""playerCount"":2}","2026-01-26T23:44:55.263600155Z","CG_cooperate","2026-01-26T23:44:55.263600155Z"
"01KFYB2F6CJQFAY8SNS54WMQNW",2,"2026-01-26T23:48:21.693055108Z","01KFYB2F63Y8T7GYEFR4MBJAR4","2026-01-26T23:43:52.524303774Z","true","2026-01-26T23:50:29.457393478Z","end of game","2026-01-26T23:50:29.465956998Z","01KFYB2F6QSTT2D1RBB66Z17DS","2026-01-26T23:43:52.536861247Z","01KFYB9FA2CP2JB8T9462WEPQH","2026-01-26T23:47:42.021333499Z",12,"2026-01-26T23:48:21.732043409Z","null","2026-01-26T23:50:29.457393478Z","true","2026-01-26T23:48:21.693055108Z","true","2026-01-26T23:48:21.693055108Z","ended","2026-01-26T23:50:29.465956998Z","{""advice"":""Try to find an outcome that's fair for both of you."",""adviceType"":""CG"",""chatEnabled"":false,""numRounds"":13,""playerCount"":2}","2026-01-26T23:43:52.524303774Z","CG_cooperate","2026-01-26T23:43:52.524303774Z"
"01KFYB3WWWMA31YM2R8S0EP230",2,"2026-01-26T23:53:04.537828139Z","01KFYB3WWM67RP7FMRKVWMRND7","2026-01-26T23:44:39.324579919Z","true","2026-01-26T23:55:00.298853962Z","end of game","2026-01-26T23:55:00.308323462Z","01KFYB3WXARZ5XKX48NQRWY074","2026-01-26T23:44:39.339338671Z","01KFYBJG9NSFWBX7H0XJYF7T5F","2026-01-26T23:52:37.94489192Z",12,"2026-01-26T23:53:04.586792281Z","null","2026-01-26T23:55:00.298853962Z","true","2026-01-26T23:53:04.537828139Z","true","2026-01-26T23:53:04.537828139Z","ended","2026-01-26T23:55:00.308323462Z","{""advice"":""Try to find an outcome that's fair for both of you."",""adviceType"":""CG"",""chatEnabled"":false,""numRounds"":13,""playerCount"":2}","2026-01-26T23:44:39.324579919Z","CG_cooperate","2026-01-26T23:44:39.324579919Z"
"01KFY9K3FN5263WR0FAQX9QS28",2,"2026-01-26T23:38:59.694458727Z","01KFY9K3FECGDJ0FHHKXFE01J3","2026-01-26T23:18:00.437463887Z","true","2026-01-26T23:42:45.39900533Z","end of game","2026-01-26T23:42:45.404202164Z","01KFY9K3FZC688Q60P3P7GC52N","2026-01-26T23:18:00.448416217Z","01KFYAQDHF43P1TN4FFBYNYG5P","2026-01-26T23:37:50.386109622Z",12,"2026-01-26T23:38:59.718527298Z","null","2026-01-26T23:42:45.39900533Z","true","2026-01-26T23:38:59.694458727Z","true","2026-01-26T23:38:59.694458727Z","ended","2026-01-26T23:42:45.404202164Z","{""advice"":""Try to find an outcome that's fair for both of you."",""adviceType"":""CG"",""chatEnabled"":false,""numRounds"":13,""playerCount"":2}","2026-01-26T23:18:00.437463887Z","CG_cooperate","2026-01-26T23:18:00.437463887Z"
"01KFYB4CSXW0KBA31W5D250BT6",2,"2026-01-27T00:05:55.02683806Z","01KFYB4CSMRTXHJAQAWH5JF6WN","2026-01-26T23:44:55.613099802Z","true","2026-01-27T00:08:51.858014833Z","end of game","2026-01-27T00:08:51.869595341Z","01KFYB4CTA1QJE1PEZX6N90PZD","2026-01-26T23:44:55.628096668Z","01KFYC40Q6QAVEX2EXJW7SW7Z8","2026-01-27T00:02:11.818766109Z",12,"2026-01-27T00:05:55.100987385Z","null","2026-01-27T00:08:51.858014833Z","true","2026-01-27T00:05:55.02683806Z","true","2026-01-27T00:05:55.02683806Z","ended","2026-01-27T00:08:51.869595341Z","{""advice"":""Try to find an outcome that's fair for both of you."",""adviceType"":""CG"",""chatEnabled"":false,""numRounds"":13,""playerCount"":2}","2026-01-26T23:44:55.613099802Z","CG_cooperate","2026-01-26T23:44:55.613099802Z"
"01KFY9K38ZXYCWCYYG4A3WMAZW",2,"2026-01-26T23:37:31.574510631Z","01KFY9K38R9B0V2KDXTE5BW1TW","2026-01-26T23:18:00.22379802Z","true","2026-01-26T23:39:26.433488624Z","end of game","2026-01-26T23:39:26.437605158Z","01KFY9K39ANVC9YGPCG615F6SJ","2026-01-26T23:18:00.236328257Z","01KFYANJ0GHYKH70JG5NDKP2Y0","2026-01-26T23:36:49.426982819Z",12,"2026-01-26T23:37:31.593544308Z","null","2026-01-26T23:39:26.433488624Z","true","2026-01-26T23:37:31.574510631Z","true","2026-01-26T23:37:31.574510631Z","ended","2026-01-26T23:39:26.437605158Z","{""advice"":""Try to find an outcome that's fair for both of you."",""adviceType"":""CG"",""chatEnabled"":false,""numRounds"":13,""playerCount"":2}","2026-01-26T23:18:00.22379802Z","CG_cooperate","2026-01-26T23:18:00.22379802Z"
"01KFYB2EVG398299GP4TR87MGB",2,"2026-01-26T23:46:26.62182751Z","01KFYB2EV7WTMQDNWMACYR8165","2026-01-26T23:43:52.17663715Z","true","2026-01-26T23:50:28.583675814Z","end of game","2026-01-26T23:50:28.592232925Z","01KFYB2EVWXWP0XWXTJX2YMNAZ","2026-01-26T23:43:52.189424184Z","01KFYB64BBCMD0GR8W2H4KY3TF","2026-01-26T23:45:52.494955479Z",12,"2026-01-26T23:46:26.654466037Z","null","2026-01-26T23:50:28.583675814Z","true","2026-01-26T23:46:26.62182751Z","true","2026-01-26T23:46:26.62182751Z","ended","2026-01-26T23:50:28.592232925Z","{""advice"":""Try to find an outcome that's fair for both of you."",""adviceType"":""CG"",""chatEnabled"":false,""numRounds"":13,""playerCount"":2}","2026-01-26T23:43:52.17663715Z","CG_cooperate","2026-01-26T23:43:52.17663715Z"
"01KFY9K42AHW7GHFTXMN7EGHFW",2,"2026-01-26T23:41:23.356978394Z","01KFY9K424A0E7V1JVKHK6VWM4","2026-01-26T23:18:01.034794804Z","true","2026-01-26T23:44:28.562203532Z","end of game","2026-01-26T23:44:28.567965465Z","01KFY9K42KMZXASY9RTK3RECD1","2026-01-26T23:18:01.044849393Z","01KFYAXS8YETS7WKVRPTQB0PV6","2026-01-26T23:41:19.009662311Z",12,"2026-01-26T23:41:23.380852979Z","null","2026-01-26T23:44:28.562203532Z","true","2026-01-26T23:41:23.356978394Z","true","2026-01-26T23:41:23.356978394Z","ended","2026-01-26T23:44:28.567965465Z","{""advice"":""Try to find an outcome that's fair for both of you."",""adviceType"":""CG"",""chatEnabled"":false,""numRounds"":13,""playerCount"":2}","2026-01-26T23:18:01.034794804Z","CG_cooperate","2026-01-26T23:18:01.034794804Z"
"01KFYD2YN7VEC7BDJ1BWXKX8PF",2,"2026-01-27T00:23:58.694703888Z","01KFYD2YMXZVCAAGE118S4N5GE","2026-01-27T00:19:05.511833998Z","true","2026-01-27T00:26:01.92983348Z","end of game","2026-01-27T00:26:01.939330384Z","01KFYD2YNWE801JBRX7RR1C8ZV","2026-01-27T00:19:05.533683922Z","01KFYDBSX1A32S90V940QBEQJB","2026-01-27T00:23:55.556536538Z",12,"2026-01-27T00:23:58.728296618Z","null","2026-01-27T00:26:01.92983348Z","true","2026-01-27T00:23:58.694703888Z","true","2026-01-27T00:23:58.694703888Z","ended","2026-01-27T00:26:01.939330384Z","{""advice"":""Try to find an outcome that's fair for both of you."",""adviceType"":""CG"",""chatEnabled"":false,""numRounds"":13,""playerCount"":2}","2026-01-27T00:19:05.511833998Z","CG_cooperate","2026-01-27T00:19:05.511833998Z"
"01KFYHW0TS9R73EK2NP1YWYFF4",2,"2026-01-27T01:53:13.113637257Z","01KFYHW0T1Z4C4J4HN7MYXTSVX","2026-01-27T01:42:41.241103639Z","true","2026-01-27T01:56:27.566618909Z","end of game","2026-01-27T01:56:27.601161552Z","01KFYHW0W8JK3Z7FND8NZ7ZHTM","2026-01-27T01:42:41.289244762Z","01KFYJE7FZE5DBXZHZ5XJPKHSE","2026-01-27T01:52:37.891974218Z",12,"2026-01-27T01:53:13.294013088Z","null","2026-01-27T01:56:27.566618909Z","true","2026-01-27T01:53:13.113637257Z","true","2026-01-27T01:53:13.113637257Z","ended","2026-01-27T01:56:27.601161552Z","{""advice"":""Try to get the best outcome for yourself."",""adviceType"":""CG"",""numRounds"":13,""playerCount"":2}","2026-01-27T01:42:41.241103639Z","CG_selfish","2026-01-27T01:42:41.241103639Z"
"01KFYEZATZ6P6AZJVAASBTY5FN",2,"2026-01-27T01:01:10.418388181Z","01KFYEZATQF339M6M99D954CCM","2026-01-27T00:52:04.063223019Z","true","2026-01-27T01:03:22.471869115Z","end of game","2026-01-27T01:03:22.476299342Z","01KFYEZAV8HA4RXREEE5E5TP5M","2026-01-27T00:52:04.074239483Z","01KFYFFC3X897ZGFAH4N5X8QSN","2026-01-27T01:00:49.663601067Z",12,"2026-01-27T01:01:10.441752287Z","null","2026-01-27T01:03:22.471869115Z","true","2026-01-27T01:01:10.418388181Z","true","2026-01-27T01:01:10.418388181Z","ended","2026-01-27T01:03:22.476299342Z","{""advice"":""Try to get the best outcome for yourself."",""adviceType"":""CG"",""numRounds"":13,""playerCount"":2}","2026-01-27T00:52:04.063223019Z","CG_selfish","2026-01-27T00:52:04.063223019Z"
"01KFYGC3HRC022MB4ASCC65NXG",2,"2026-01-27T01:24:17.156036299Z","01KFYGC3HE6BJ03NYN12S1ZM48","2026-01-27T01:16:31.160450531Z","true","2026-01-27T01:26:49.280309501Z","end of game","2026-01-27T01:26:49.289786841Z","01KFYGC3J8H1TTAWQ8CNGR1PVB","2026-01-27T01:16:31.178101809Z","01KFYGSAFQ92SQJFMXG0XRB4GE","2026-01-27T01:23:44.250590144Z",12,"2026-01-27T01:24:17.213915178Z","null","2026-01-27T01:26:49.280309501Z","true","2026-01-27T01:24:17.156036299Z","true","2026-01-27T01:24:17.156036299Z","ended","2026-01-27T01:26:49.289786841Z","{""advice"":""Try to get the best outcome for yourself."",""adviceType"":""CG"",""numRounds"":13,""playerCount"":2}","2026-01-27T01:16:31.160450531Z","CG_selfish","2026-01-27T01:16:31.160450531Z"
"01KFYEZABGKDVDY2ZXA7MBRJS3",2,"2026-01-27T00:58:43.538871774Z","01KFYEZAB7NCQWBV12R9VNEGK2","2026-01-27T00:52:03.568536183Z","true","2026-01-27T01:02:15.105032472Z","end of game","2026-01-27T01:02:15.109628633Z","01KFYEZABX5GQFQ3X64WC3SHYJ","2026-01-27T00:52:03.583971982Z","01KFYFA9P1QCEKBD0FM7E0E5QA","2026-01-27T00:58:03.333311521Z",12,"2026-01-27T00:58:43.559810358Z","null","2026-01-27T01:02:15.105032472Z","true","2026-01-27T00:58:43.538871774Z","true","2026-01-27T00:58:43.538871774Z","ended","2026-01-27T01:02:15.109628633Z","{""advice"":""Try to get the best outcome for yourself."",""adviceType"":""CG"",""numRounds"":13,""playerCount"":2}","2026-01-27T00:52:03.568536183Z","CG_selfish","2026-01-27T00:52:03.568536183Z"
"01KFYEZAY0J21RE390G3VDH3Z2",2,"2026-01-27T01:02:01.014565958Z","01KFYEZAXT602QEBTQ34332PE8","2026-01-27T00:52:04.160432562Z","true","2026-01-27T01:07:01.396868232Z","end of game","2026-01-27T01:07:01.401678332Z","01KFYEZAY9G1AG8CBZ3XH6J2H6","2026-01-27T00:52:04.170942786Z","01KFYFG8WZQ1PEJZJMVB9CNC2G","2026-01-27T01:01:19.13763155Z",12,"2026-01-27T01:02:01.034141635Z","null","2026-01-27T01:07:01.396868232Z","true","2026-01-27T01:02:01.014565958Z","true","2026-01-27T01:02:01.014565958Z","ended","2026-01-27T01:07:01.401678332Z","{""advice"":""Try to get the best outcome for yourself."",""adviceType"":""CG"",""numRounds"":13,""playerCount"":2}","2026-01-27T00:52:04.160432562Z","CG_selfish","2026-01-27T00:52:04.160432562Z"
"01KFYG3ZDHR3XAW594V5BAYKHS",2,"2026-01-27T01:21:10.73430431Z","01KFYG3ZD61CG0Q69Z1T48Z7F1","2026-01-27T01:12:04.785265814Z","true","2026-01-27T01:22:43.069869535Z","end of game","2026-01-27T01:22:43.07845848Z","01KFYG3ZDYZ6C93GAQ261S4CMM","2026-01-27T01:12:04.799165376Z","01KFYGJ63FH8NKYP4J5NB6T787","2026-01-27T01:19:50.386370635Z",12,"2026-01-27T01:21:10.78439773Z","null","2026-01-27T01:22:43.069869535Z","true","2026-01-27T01:21:10.73430431Z","true","2026-01-27T01:21:10.73430431Z","ended","2026-01-27T01:22:43.07845848Z","{""advice"":""Try to get the best outcome for yourself."",""adviceType"":""CG"",""numRounds"":13,""playerCount"":2}","2026-01-27T01:12:04.785265814Z","CG_selfish","2026-01-27T01:12:04.785265814Z"
"01KFYGXS7Z4MM7JQSJWG2ABW0P",2,"2026-01-27T01:38:19.364624274Z","01KFYGXS7HX3GY9HC2T2QM56AY","2026-01-27T01:26:10.431583275Z","true","2026-01-27T01:40:17.895448926Z","end of game","2026-01-27T01:40:17.91133349Z","01KFYGXS8TZENEDWWVJECX71RS","2026-01-27T01:26:10.459821749Z","01KFYHK7CP6KF87ZY4K29667PE","2026-01-27T01:37:53.05055611Z",12,"2026-01-27T01:38:19.459751879Z","null","2026-01-27T01:40:17.895448926Z","true","2026-01-27T01:38:19.364624274Z","true","2026-01-27T01:38:19.364624274Z","ended","2026-01-27T01:40:17.91133349Z","{""advice"":""Try to get the best outcome for yourself."",""adviceType"":""CG"",""numRounds"":13,""playerCount"":2}","2026-01-27T01:26:10.431583275Z","CG_selfish","2026-01-27T01:26:10.431583275Z"
"01KFYK0A5NETQNPPD7SMCM13TX",2,"2026-01-27T02:06:35.502006128Z","01KFYK0A3ZVEZ1WGCR22HZMG0B","2026-01-27T02:02:30.453479902Z","true","2026-01-27T02:10:33.56846271Z","end of game","2026-01-27T02:10:33.60131168Z","01KFYK0A8JMV16PEBJ22JT9DKT","2026-01-27T02:02:30.549425161Z","01KFYK5NT4SNJG1NG1NMWX3NXC","2026-01-27T02:05:26.217344526Z",12,"2026-01-27T02:06:35.721198149Z","null","2026-01-27T02:10:33.56846271Z","true","2026-01-27T02:06:35.502006128Z","true","2026-01-27T02:06:35.502006128Z","ended","2026-01-27T02:10:33.60131168Z","{""advice"":""Try to get the best outcome for yourself."",""adviceType"":""CG"",""numRounds"":13,""playerCount"":2}","2026-01-27T02:02:30.453479902Z","CG_selfish","2026-01-27T02:02:30.453479902Z"
"01KFYGXS322077JSW0GTR8X4TB",2,"2026-01-27T01:37:49.541194173Z","01KFYGXS2HBB5FRMDGADZPQ74D","2026-01-27T01:26:10.274645121Z","true","2026-01-27T01:39:58.420320344Z","end of game","2026-01-27T01:39:58.435178421Z","01KFYGXS3V6Z94F27D18XYAG8V","2026-01-27T01:26:10.300579671Z","01KFYHJX9QJ9VFP11R5JFPHGR2","2026-01-27T01:37:42.716356795Z",12,"2026-01-27T01:37:49.618983903Z","null","2026-01-27T01:39:58.420320344Z","true","2026-01-27T01:37:49.541194173Z","true","2026-01-27T01:37:49.541194173Z","ended","2026-01-27T01:39:58.435178421Z","{""advice"":""Try to get the best outcome for yourself."",""adviceType"":""CG"",""numRounds"":13,""playerCount"":2}","2026-01-27T01:26:10.274645121Z","CG_selfish","2026-01-27T01:26:10.274645121Z"
"01KFYGXSDZRH1J5Z85KR5P6S20",2,"2026-01-27T01:43:19.518277469Z","01KFYGXSDE18PQP5SJ7KR2J86Q","2026-01-27T01:26:10.623687529Z","true","2026-01-27T01:46:18.274469942Z","end of game","2026-01-27T01:46:18.294542392Z","01KFYGXSERKZJQZTSMNMQXR7KE","2026-01-27T01:26:10.64953958Z","01KFYHTECXWD8FKKGBGA5FYQ8G","2026-01-27T01:41:49.602389401Z",12,"2026-01-27T01:43:19.63501688Z","null","2026-01-27T01:46:18.274469942Z","true","2026-01-27T01:43:19.518277469Z","true","2026-01-27T01:43:19.518277469Z","ended","2026-01-27T01:46:18.294542392Z","{""advice"":""Try to get the best outcome for yourself."",""adviceType"":""CG"",""numRounds"":13,""playerCount"":2}","2026-01-27T01:26:10.623687529Z","CG_selfish","2026-01-27T01:26:10.623687529Z"
"01KFYHVZZ815N08CSKK5HYNFNC",2,"2026-01-27T01:51:05.32415407Z","01KFYHVZYCDPE8NAKSPBFH7TVN","2026-01-27T01:42:40.360404208Z","true","2026-01-27T01:53:49.504700238Z","end of game","2026-01-27T01:53:49.530759682Z","01KFYHW00H7NW6TJAZ21EPTNZ8","2026-01-27T01:42:40.40221813Z","01KFYJAAZK0EW51QXENH7V9QJ4","2026-01-27T01:50:30.391178965Z",12,"2026-01-27T01:51:05.483737106Z","null","2026-01-27T01:53:49.504700238Z","true","2026-01-27T01:51:05.32415407Z","true","2026-01-27T01:51:05.32415407Z","ended","2026-01-27T01:53:49.530759682Z","{""advice"":""Try to get the best outcome for yourself."",""adviceType"":""CG"",""numRounds"":13,""playerCount"":2}","2026-01-27T01:42:40.360404208Z","CG_selfish","2026-01-27T01:42:40.360404208Z"
"01KFYHW11EQM77YF0KHPKGDM6R",2,"2026-01-27T01:54:25.255753778Z","01KFYHW10H0B6MDC3FMVAZ4030","2026-01-27T01:42:41.454024311Z","true","2026-01-27T01:58:03.504227881Z","end of game","2026-01-27T01:58:03.532501596Z","01KFYHW12SY0SN2KN5GRZ5XFEH","2026-01-27T01:42:41.498651688Z","01KFYJHBSB7M2GBTV1BYJ44907","2026-01-27T01:54:20.593794497Z",12,"2026-01-27T01:54:25.416643851Z","null","2026-01-27T01:58:03.504227881Z","true","2026-01-27T01:54:25.255753778Z","true","2026-01-27T01:54:25.255753778Z","ended","2026-01-27T01:58:03.532501596Z","{""advice"":""Try to get the best outcome for yourself."",""adviceType"":""CG"",""numRounds"":13,""playerCount"":2}","2026-01-27T01:42:41.454024311Z","CG_selfish","2026-01-27T01:42:41.454024311Z"
"01KFYJZKBQ9NWC8AJXCX6DN87T",2,"2026-01-27T02:04:36.286235531Z","01KFYJZKA2YT7NQRAPP1NMEZPC","2026-01-27T02:02:07.095142282Z","true","2026-01-27T02:06:58.800214864Z","end of game","2026-01-27T02:06:58.833564498Z","01KFYJZKE7H15257956WFTX3YH","2026-01-27T02:02:07.178560985Z","01KFYK33K97XY6RVJFCZK40X60","2026-01-27T02:04:02.031681238Z",12,"2026-01-27T02:04:36.502926579Z","null","2026-01-27T02:06:58.800214864Z","true","2026-01-27T02:04:36.286235531Z","true","2026-01-27T02:04:36.286235531Z","ended","2026-01-27T02:06:58.833564498Z","{""advice"":""Try to get the best outcome for yourself."",""adviceType"":""CG"",""numRounds"":13,""playerCount"":2}","2026-01-27T02:02:07.095142282Z","CG_selfish","2026-01-27T02:02:07.095142282Z"
"01KFYFQ8A5NBDYZAY6KZKMJENW",2,"2026-01-27T01:16:19.465187986Z","01KFYFQ89YEET4RH0S954QZG7A","2026-01-27T01:05:07.909690717Z","true","2026-01-27T01:18:34.853124094Z","end of game","2026-01-27T01:18:34.859866747Z","01KFYFQ8AE9H229VZ4E5PVZCGP","2026-01-27T01:05:07.920084022Z","01KFYGBA4K8QKANQNJ91QG7H80","2026-01-27T01:16:05.143649509Z",12,"2026-01-27T01:16:19.494398519Z","null","2026-01-27T01:18:34.853124094Z","true","2026-01-27T01:16:19.465187986Z","true","2026-01-27T01:16:19.465187986Z","ended","2026-01-27T01:18:34.859866747Z","{""advice"":""Try to get the best outcome for yourself."",""adviceType"":""CG"",""numRounds"":13,""playerCount"":2}","2026-01-27T01:05:07.909690717Z","CG_selfish","2026-01-27T01:05:07.909690717Z"
"01KFYFQ8X02XGV9FDXQQ5ZT7WW",2,"2026-01-27T01:19:46.55212962Z","01KFYFQ8WRX9KGNG5QJH7G86AE","2026-01-27T01:05:08.512378324Z","true","2026-01-27T01:22:01.225580418Z","end of game","2026-01-27T01:22:01.234218887Z","01KFYFQ8XAZQQS0Q2AY9VYSB0Z","2026-01-27T01:05:08.523492145Z","01KFYGH35CRC0XBD632ZBHCZ1T","2026-01-27T01:19:14.608078942Z",12,"2026-01-27T01:19:46.606502125Z","null","2026-01-27T01:22:01.225580418Z","true","2026-01-27T01:19:46.55212962Z","true","2026-01-27T01:19:46.55212962Z","ended","2026-01-27T01:22:01.234218887Z","{""advice"":""Try to get the best outcome for yourself."",""adviceType"":""CG"",""numRounds"":13,""playerCount"":2}","2026-01-27T01:05:08.512378324Z","CG_selfish","2026-01-27T01:05:08.512378324Z"
"01KFYGF6VWCQESPSC892CEK7ZS",2,"2026-01-27T01:29:46.835258356Z","01KFYGF6VHWQH3BPAAY0ZEE9KD","2026-01-27T01:18:12.861013691Z","true","2026-01-27T01:32:22.083667239Z","end of game","2026-01-27T01:32:22.096265202Z","01KFYGF6WE6Z0F0WDJHP9RKMDJ","2026-01-27T01:18:12.879310796Z","01KFYH45Z7V5GMGG8WFNTKRW75","2026-01-27T01:29:40.075630982Z",12,"2026-01-27T01:29:46.903237719Z","null","2026-01-27T01:32:22.083667239Z","true","2026-01-27T01:29:46.835258356Z","true","2026-01-27T01:29:46.835258356Z","ended","2026-01-27T01:32:22.096265202Z","{""advice"":""Try to get the best outcome for yourself."",""adviceType"":""CG"",""numRounds"":13,""playerCount"":2}","2026-01-27T01:18:12.861013691Z","CG_selfish","2026-01-27T01:18:12.861013691Z"
"01KFYGXRQFQ19FPXGBMBGA2HJ5",2,"2026-01-27T01:33:18.241616468Z","01KFYGXRPYD1ZG8KV76FH9YT7V","2026-01-27T01:26:09.903710708Z","true","2026-01-27T01:35:15.310572856Z","end of game","2026-01-27T01:35:15.324073649Z","01KFYGXRRBQQY1CJ2GP7SFE7DJ","2026-01-27T01:26:09.93302924Z","01KFYHARE4JJB6E72TMEY2MFZ7","2026-01-27T01:33:15.592981108Z",12,"2026-01-27T01:33:18.322387361Z","null","2026-01-27T01:35:15.310572856Z","true","2026-01-27T01:33:18.241616468Z","true","2026-01-27T01:33:18.241616468Z","ended","2026-01-27T01:35:15.324073649Z","{""advice"":""Try to get the best outcome for yourself."",""adviceType"":""CG"",""numRounds"":13,""playerCount"":2}","2026-01-27T01:26:09.903710708Z","CG_selfish","2026-01-27T01:26:09.903710708Z"
"01KFYHW040CZCH2ZEB3SG1WJRP",2,"2026-01-27T01:52:20.715035919Z","01KFYHW035ZVSM48CTW25A5PAR","2026-01-27T01:42:40.512325589Z","true","2026-01-27T01:56:03.724419405Z","end of game","2026-01-27T01:56:03.752404777Z","01KFYHW05A75GC1CW0VX0R46AQ","2026-01-27T01:42:40.555867144Z","01KFYJBM9ZB9N9VRSB59QDFB65","2026-01-27T01:51:12.707489519Z",12,"2026-01-27T01:52:20.877713509Z","null","2026-01-27T01:56:03.724419405Z","true","2026-01-27T01:52:20.715035919Z","true","2026-01-27T01:52:20.715035919Z","ended","2026-01-27T01:56:03.752404777Z","{""advice"":""Try to get the best outcome for yourself."",""adviceType"":""CG"",""numRounds"":13,""playerCount"":2}","2026-01-27T01:42:40.512325589Z","CG_selfish","2026-01-27T01:42:40.512325589Z"
"01KFYHXKT7NZQ9DAP27HCY6QDT",2,"2026-01-27T02:01:03.081008065Z","01KFYHXKS6QWTK0P8W648YB8FS","2026-01-27T01:43:33.447359398Z","true","2026-01-27T02:04:56.295620479Z","end of game","2026-01-27T02:04:56.328340008Z","01KFYHXKVPE1PM9H30ECQP711F","2026-01-27T01:43:33.496399828Z","01KFYJXBYXEVB4Q3DBHZHJSZG2","2026-01-27T02:00:53.984829307Z",12,"2026-01-27T02:01:03.30419696Z","null","2026-01-27T02:04:56.295620479Z","true","2026-01-27T02:01:03.081008065Z","true","2026-01-27T02:01:03.081008065Z","ended","2026-01-27T02:04:56.328340008Z","{""advice"":""Try to get the best outcome for yourself."",""adviceType"":""CG"",""numRounds"":13,""playerCount"":2}","2026-01-27T01:43:33.447359398Z","CG_selfish","2026-01-27T01:43:33.447359398Z"
"01KFYEZB5P2PNKY5A161X8FJXB",2,"2026-01-27T01:05:24.457639386Z","01KFYEZB5F4ZCAKE88Y7SVWBN1","2026-01-27T00:52:04.40693838Z","true","2026-01-27T01:08:10.907415592Z","end of game","2026-01-27T01:08:10.912791172Z","01KFYEZB5Z49FRC8DENZCR937S","2026-01-27T00:52:04.41761758Z","01KFYFQ1DF8XD5WPDCZY315CBS","2026-01-27T01:05:00.850427561Z",12,"2026-01-27T01:05:24.480757213Z","null","2026-01-27T01:08:10.907415592Z","true","2026-01-27T01:05:24.457639386Z","true","2026-01-27T01:05:24.457639386Z","ended","2026-01-27T01:08:10.912791172Z","{""advice"":""Try to get the best outcome for yourself."",""adviceType"":""CG"",""numRounds"":13,""playerCount"":2}","2026-01-27T00:52:04.40693838Z","CG_selfish","2026-01-27T00:52:04.40693838Z"
"01KFYEZBD6FQ226DY7XGPEMYAD",2,"2026-01-27T01:07:09.709806816Z","01KFYEZBD0RHFWVW7HQ0K1MCEG","2026-01-27T00:52:04.646102307Z","true","2026-01-27T01:09:49.63581481Z","end of game","2026-01-27T01:09:49.641026634Z","01KFYEZBDF3P96AWWZPM7NPAF7","2026-01-27T00:52:04.657235794Z","01KFYFQTT4TZCE53E6Y99QKM57","2026-01-27T01:05:26.855299348Z",12,"2026-01-27T01:07:09.732780115Z","null","2026-01-27T01:09:49.63581481Z","true","2026-01-27T01:07:09.709806816Z","true","2026-01-27T01:07:09.709806816Z","ended","2026-01-27T01:09:49.641026634Z","{""advice"":""Try to get the best outcome for yourself."",""adviceType"":""CG"",""numRounds"":13,""playerCount"":2}","2026-01-27T00:52:04.646102307Z","CG_selfish","2026-01-27T00:52:04.646102307Z"
"01KFYEZBYYBK1DNH4PW6YXT702",2,"2026-01-27T01:12:55.718312295Z","01KFYEZBYR34CRT5G3X199WSZB","2026-01-27T00:52:05.214418905Z","true","2026-01-27T01:17:51.739010594Z","end of game","2026-01-27T01:17:51.745335346Z","01KFYEZBZ67MW9SWFW7JVTKN9K","2026-01-27T00:52:05.224239693Z","01KFYG4X8Y65SPNMNKCG1WM8AD","2026-01-27T01:12:35.36140247Z",12,"2026-01-27T01:12:55.747549303Z","null","2026-01-27T01:17:51.739010594Z","true","2026-01-27T01:12:55.718312295Z","true","2026-01-27T01:12:55.718312295Z","ended","2026-01-27T01:17:51.745335346Z","{""advice"":""Try to get the best outcome for yourself."",""adviceType"":""CG"",""numRounds"":13,""playerCount"":2}","2026-01-27T00:52:05.214418905Z","CG_selfish","2026-01-27T00:52:05.214418905Z"
"01KFYHVZT48HXCHWBXETP3GFGZ",2,"2026-01-27T01:50:00.476052111Z","01KFYHVZSC30CBJJ87KZC47XEZ","2026-01-27T01:42:40.196947929Z","true","2026-01-27T01:53:39.94863871Z","end of game","2026-01-27T01:53:39.975529723Z","01KFYHVZVJ71HY36AYFDH4BCJV","2026-01-27T01:42:40.24531716Z","01KFYJ91GNYHQ9TA0ACR6B8HFF","2026-01-27T01:49:47.928729Z",12,"2026-01-27T01:50:00.618963718Z","null","2026-01-27T01:53:39.94863871Z","true","2026-01-27T01:50:00.476052111Z","true","2026-01-27T01:50:00.476052111Z","ended","2026-01-27T01:53:39.975529723Z","{""advice"":""Try to get the best outcome for yourself."",""adviceType"":""CG"",""numRounds"":13,""playerCount"":2}","2026-01-27T01:42:40.196947929Z","CG_selfish","2026-01-27T01:42:40.196947929Z"
"01KFYGC3CNANZ4MJKSN596XTZH",2,"2026-01-27T01:22:31.403073169Z","01KFYGC3CCPZW7MTFJJY0587QE","2026-01-27T01:16:30.997103427Z","true","2026-01-27T01:25:48.977158497Z","end of game","2026-01-27T01:25:48.987052357Z","01KFYGC3D5GMAYAAHQJ88RNK4X","2026-01-27T01:16:31.014234541Z","01KFYGNPM7PNXNNZCXPZA198PV","2026-01-27T01:21:45.610632645Z",12,"2026-01-27T01:22:31.453160939Z","null","2026-01-27T01:25:48.977158497Z","true","2026-01-27T01:22:31.403073169Z","true","2026-01-27T01:22:31.403073169Z","ended","2026-01-27T01:25:48.987052357Z","{""advice"":""Try to get the best outcome for yourself."",""adviceType"":""CG"",""numRounds"":13,""playerCount"":2}","2026-01-27T01:16:30.997103427Z","CG_selfish","2026-01-27T01:16:30.997103427Z"
"01KFYGC3TH691TC9GAK79DZ00F",2,"2026-01-27T01:25:00.499076579Z","01KFYGC3T71BYXHTWM3MXDDMRD","2026-01-27T01:16:31.441547814Z","true","2026-01-27T01:28:16.429476433Z","end of game","2026-01-27T01:28:16.440814894Z","01KFYGC3V0W621Z8XKB9K0YZQZ","2026-01-27T01:16:31.457808728Z","01KFYGTE7B2RP2KC2ZJ2QRQNNH","2026-01-27T01:24:20.846692222Z",12,"2026-01-27T01:25:00.554010898Z","null","2026-01-27T01:28:16.429476433Z","true","2026-01-27T01:25:00.499076579Z","true","2026-01-27T01:25:00.499076579Z","ended","2026-01-27T01:28:16.440814894Z","{""advice"":""Try to get the best outcome for yourself."",""adviceType"":""CG"",""numRounds"":13,""playerCount"":2}","2026-01-27T01:16:31.441547814Z","CG_selfish","2026-01-27T01:16:31.441547814Z"
"01KFYGF76MH94CXZWFP7KMYY3B",2,"2026-01-27T01:31:38.128503156Z","01KFYGF76BSBV9B6ABSERCQFFM","2026-01-27T01:18:13.204767014Z","true","2026-01-27T01:33:31.997051819Z","end of game","2026-01-27T01:33:32.01210857Z","01KFYGF7751A82X1P1AHB5VJ96","2026-01-27T01:18:13.222841408Z","01KFYH7KZRP27YCX03THQX7GFV","2026-01-27T01:31:32.732296855Z",12,"2026-01-27T01:31:38.188222244Z","null","2026-01-27T01:33:31.997051819Z","true","2026-01-27T01:31:38.128503156Z","true","2026-01-27T01:31:38.128503156Z","ended","2026-01-27T01:33:32.01210857Z","{""advice"":""Try to get the best outcome for yourself."",""adviceType"":""CG"",""numRounds"":13,""playerCount"":2}","2026-01-27T01:18:13.204767014Z","CG_selfish","2026-01-27T01:18:13.204767014Z"
"01KFYHVREHQWS7VE1FA0N252YQ",2,"2026-01-27T01:49:40.748401277Z","01KFYHVRDJA9EFCDRG8ZYW5562","2026-01-27T01:42:32.657143551Z","true","2026-01-27T01:52:57.86368155Z","end of game","2026-01-27T01:52:57.897753397Z","01KFYHVRFSQSRK9SRSG010CSGD","2026-01-27T01:42:32.699243827Z","01KFYJ52M9KKTJHJK9NMMBZMGY","2026-01-27T01:47:37.997883971Z",12,"2026-01-27T01:49:40.904753133Z","null","2026-01-27T01:52:57.86368155Z","true","2026-01-27T01:49:40.748401277Z","true","2026-01-27T01:49:40.748401277Z","ended","2026-01-27T01:52:57.897753397Z","{""advice"":""Try to get the best outcome for yourself."",""adviceType"":""CG"",""numRounds"":13,""playerCount"":2}","2026-01-27T01:42:32.657143551Z","CG_selfish","2026-01-27T01:42:32.657143551Z"
"01KFYFQ8GRGYWQRNR9FAZW4Z3W",2,"2026-01-27T01:17:40.387190105Z","01KFYFQ8GHAQJBXTT3DC1G06BD","2026-01-27T01:05:08.120867898Z","true","2026-01-27T01:21:33.178522245Z","end of game","2026-01-27T01:21:33.186044191Z","01KFYFQ8H2JDJE9H0VFTTFS2F0","2026-01-27T01:05:08.131544996Z","01KFYGD9QJMQP73MKZMDQN1GAE","2026-01-27T01:17:10.26147846Z",12,"2026-01-27T01:17:40.417894123Z","null","2026-01-27T01:21:33.178522245Z","true","2026-01-27T01:17:40.387190105Z","true","2026-01-27T01:17:40.387190105Z","ended","2026-01-27T01:21:33.186044191Z","{""advice"":""Try to get the best outcome for yourself."",""adviceType"":""CG"",""numRounds"":13,""playerCount"":2}","2026-01-27T01:05:08.120867898Z","CG_selfish","2026-01-27T01:05:08.120867898Z"
"01KFYFQ8PC2ST8D79S5HJCN75J",2,"2026-01-27T01:18:51.668224194Z","01KFYFQ8P504GF49D0RMN6DBBB","2026-01-27T01:05:08.300082565Z","true","2026-01-27T01:23:13.013630755Z","end of game","2026-01-27T01:23:13.02310205Z","01KFYFQ8PQTBK8R6XDCCET4KPZ","2026-01-27T01:05:08.312677578Z","01KFYGFQXEA1X75JEGMQWSYJ4G","2026-01-27T01:18:30.321526257Z",12,"2026-01-27T01:18:51.706290153Z","null","2026-01-27T01:23:13.013630755Z","true","2026-01-27T01:18:51.668224194Z","true","2026-01-27T01:18:51.668224194Z","ended","2026-01-27T01:23:13.02310205Z","{""advice"":""Try to get the best outcome for yourself."",""adviceType"":""CG"",""numRounds"":13,""playerCount"":2}","2026-01-27T01:05:08.300082565Z","CG_selfish","2026-01-27T01:05:08.300082565Z"
"01KFYGC41G1JFWR1WD0YSTXT52",2,"2026-01-27T01:25:44.0794502Z","01KFYGC415C0P4PA3H6WM218YB","2026-01-27T01:16:31.664328596Z","true","2026-01-27T01:28:33.030526934Z","end of game","2026-01-27T01:28:33.041197149Z","01KFYGC41ZFXVY72NWE8KTC6K3","2026-01-27T01:16:31.681278924Z","01KFYGVVDM1GQZEJQCMV32FM8K","2026-01-27T01:25:07.127583271Z",12,"2026-01-27T01:25:44.134885316Z","null","2026-01-27T01:28:33.030526934Z","true","2026-01-27T01:25:44.0794502Z","true","2026-01-27T01:25:44.0794502Z","ended","2026-01-27T01:28:33.041197149Z","{""advice"":""Try to get the best outcome for yourself."",""adviceType"":""CG"",""numRounds"":13,""playerCount"":2}","2026-01-27T01:16:31.664328596Z","CG_selfish","2026-01-27T01:16:31.664328596Z"
"01KFZZNGK4GRP0EKB0GKC1MD04",2,"2026-01-27T15:13:51.565956866Z","01KFZZNGJXGMQYS33YBGGGZVTQ","2026-01-27T15:03:02.50007062Z","true","2026-01-27T15:17:04.711186601Z","end of game","2026-01-27T15:17:04.717029304Z","01KFZZNGKDS39NG8VTQABJ1DXQ","2026-01-27T15:03:02.510934753Z","01KG007WPYRWRX7ER96SZE667J","2026-01-27T15:13:04.737245323Z",12,"2026-01-27T15:13:51.593299479Z","null","2026-01-27T15:17:04.711186601Z","true","2026-01-27T15:13:51.565956866Z","true","2026-01-27T15:13:51.565956866Z","ended","2026-01-27T15:17:04.717029304Z","{""advice"":""Try to find an outcome that's fair for both of you."",""adviceType"":""CG"",""chatEnabled"":false,""numRounds"":13,""playerCount"":2}","2026-01-27T15:03:02.50007062Z","CG_cooperate","2026-01-27T15:03:02.50007062Z"
"01KFZZNRJC25S6CR8RPMWSC361",2,"2026-01-27T15:14:30.205778252Z","01KFZZNRJ6G15P1XSMMDHMS9VC","2026-01-27T15:03:10.668971731Z","true","2026-01-27T15:16:30.751914203Z","end of game","2026-01-27T15:16:30.757941867Z","01KFZZNRJP9J52VPC1RNXDT9YC","2026-01-27T15:03:10.680194695Z","01KG009KWN3YYMJ83E5JA4EQAK","2026-01-27T15:14:01.240429751Z",12,"2026-01-27T15:14:30.234859824Z","null","2026-01-27T15:16:30.751914203Z","true","2026-01-27T15:14:30.205778252Z","true","2026-01-27T15:14:30.205778252Z","ended","2026-01-27T15:16:30.757941867Z","{""advice"":""Try to find an outcome that's fair for both of you."",""adviceType"":""CG"",""chatEnabled"":false,""numRounds"":13,""playerCount"":2}","2026-01-27T15:03:10.668971731Z","CG_cooperate","2026-01-27T15:03:10.668971731Z"
"01KFZZP8R9H61JJ718Q0YKWQQ5",2,"2026-01-27T15:27:33.916669472Z","01KFZZP8R2ARDR5X4DFSNF31ZY","2026-01-27T15:03:27.241675705Z","true","2026-01-27T15:32:02.655486999Z","end of game","2026-01-27T15:32:02.665908667Z","01KFZZP8RJJZJ5PF45Q00M6SMZ","2026-01-27T15:03:27.252682978Z","01KG00YBJWNWEJ4X1P3C9E65BW","2026-01-27T15:25:20.863294567Z",12,"2026-01-27T15:27:33.96272949Z","null","2026-01-27T15:32:02.655486999Z","true","2026-01-27T15:27:33.916669472Z","true","2026-01-27T15:27:33.916669472Z","ended","2026-01-27T15:32:02.665908667Z","{""advice"":""Try to find an outcome that's fair for both of you."",""adviceType"":""CG"",""chatEnabled"":false,""numRounds"":13,""playerCount"":2}","2026-01-27T15:03:27.241675705Z","CG_cooperate","2026-01-27T15:03:27.241675705Z"
"01KFZZPA04JVQSFGZ521YR3S0W",2,"2026-01-27T15:29:39.13983661Z","01KFZZP9ZYZW1WJM6RD7XJGP4E","2026-01-27T15:03:28.516733434Z","true","2026-01-27T15:35:41.661479822Z","end of game","2026-01-27T15:35:41.672080856Z","01KFZZPA0GGE7PZ8BYB2VTQZJD","2026-01-27T15:03:28.532519444Z","01KG01568G0YJXZX2XSYZK294Z","2026-01-27T15:29:04.788031332Z",12,"2026-01-27T15:29:39.186026369Z","null","2026-01-27T15:35:41.661479822Z","true","2026-01-27T15:29:39.13983661Z","true","2026-01-27T15:29:39.13983661Z","ended","2026-01-27T15:35:41.672080856Z","{""advice"":""Try to find an outcome that's fair for both of you."",""adviceType"":""CG"",""chatEnabled"":false,""numRounds"":13,""playerCount"":2}","2026-01-27T15:03:28.516733434Z","CG_cooperate","2026-01-27T15:03:28.516733434Z"
"01KFZZPAMNDB04K7EDK0YK0HNH",2,"2026-01-27T15:31:04.04453369Z","01KFZZPAMF538QT740NFH028A0","2026-01-27T15:03:29.173948867Z","true","2026-01-27T15:34:29.330652269Z","end of game","2026-01-27T15:34:29.340412126Z","01KFZZPAMY1SFQPW5HHMM5001K","2026-01-27T15:03:29.183801434Z","01KG017NG89DNSRK7HBM26SB5K","2026-01-27T15:30:25.931337758Z",12,"2026-01-27T15:31:04.096892558Z","null","2026-01-27T15:34:29.330652269Z","true","2026-01-27T15:31:04.04453369Z","true","2026-01-27T15:31:04.04453369Z","ended","2026-01-27T15:34:29.340412126Z","{""advice"":""Try to find an outcome that's fair for both of you."",""adviceType"":""CG"",""chatEnabled"":false,""numRounds"":13,""playerCount"":2}","2026-01-27T15:03:29.173948867Z","CG_cooperate","2026-01-27T15:03:29.173948867Z"
"01KFZZNFFXYKX3FJHNDQFDC3VV",2,"2026-01-27T15:09:01.931311671Z","01KFZZNFFNWQY87RT3TDZF5GW8","2026-01-27T15:03:01.373149713Z","true","2026-01-27T15:11:25.361182279Z","end of game","2026-01-27T15:11:25.365387347Z","01KFZZNFG9ZMNNDXWZ8ZTGQYDA","2026-01-27T15:03:01.386759938Z","01KG0008EFQZTMQW57APSQKCCG","2026-01-27T15:08:54.609850543Z",12,"2026-01-27T15:09:01.953944455Z","null","2026-01-27T15:11:25.361182279Z","true","2026-01-27T15:09:01.931311671Z","true","2026-01-27T15:09:01.931311671Z","ended","2026-01-27T15:11:25.365387347Z","{""advice"":""Try to find an outcome that's fair for both of you."",""adviceType"":""CG"",""chatEnabled"":false,""numRounds"":13,""playerCount"":2}","2026-01-27T15:03:01.373149713Z","CG_cooperate","2026-01-27T15:03:01.373149713Z"
"01KFZZNG7B16R900DHP3AXV9QK",2,"2026-01-27T15:12:52.468909738Z","01KFZZNG73EMF8P70RQPZ206V1","2026-01-27T15:03:02.12302914Z","true","2026-01-27T15:16:24.790637127Z","end of game","2026-01-27T15:16:24.796796173Z","01KFZZNG7MTX3YMDAD39F6EHJH","2026-01-27T15:03:02.134269742Z","01KG005EF6GX1RG052KBFTHAAV","2026-01-27T15:11:44.617556697Z",12,"2026-01-27T15:12:52.491566263Z","null","2026-01-27T15:16:24.790637127Z","true","2026-01-27T15:12:52.468909738Z","true","2026-01-27T15:12:52.468909738Z","ended","2026-01-27T15:16:24.796796173Z","{""advice"":""Try to find an outcome that's fair for both of you."",""adviceType"":""CG"",""chatEnabled"":false,""numRounds"":13,""playerCount"":2}","2026-01-27T15:03:02.12302914Z","CG_cooperate","2026-01-27T15:03:02.12302914Z"
"01KFZZNF26JTW20VD892KV6Z16",2,"2026-01-27T15:08:37.053080948Z","01KFZZNF1TNT5C35H26X2067N1","2026-01-27T15:03:00.934340058Z","true","2026-01-27T15:12:40.723780428Z","end of game","2026-01-27T15:12:40.728386165Z","01KFZZNF2NPJZ4HRNPEPA9KA10","2026-01-27T15:03:00.951343328Z","01KFZZZCDXG16TC7JVY2J9BDZ9","2026-01-27T15:08:25.92088239Z",12,"2026-01-27T15:08:37.076002481Z","null","2026-01-27T15:12:40.723780428Z","true","2026-01-27T15:08:37.053080948Z","true","2026-01-27T15:08:37.053080948Z","ended","2026-01-27T15:12:40.728386165Z","{""advice"":""Try to find an outcome that's fair for both of you."",""adviceType"":""CG"",""chatEnabled"":false,""numRounds"":13,""playerCount"":2}","2026-01-27T15:03:00.934340058Z","CG_cooperate","2026-01-27T15:03:00.934340058Z"
"01KFZZNFXD80V1S796DBB881W6",2,"2026-01-27T15:11:41.721710282Z","01KFZZNFX65FDMJFD0EM7MNEYA","2026-01-27T15:03:01.805615347Z","true","2026-01-27T15:16:00.703450127Z","end of game","2026-01-27T15:16:00.709503139Z","01KFZZNFXR211D7D81RPNACXC0","2026-01-27T15:03:01.818221661Z","01KG0056KJ0XHA4JQPJ60YS75B","2026-01-27T15:11:36.565149366Z",12,"2026-01-27T15:11:41.744744867Z","null","2026-01-27T15:16:00.703450127Z","true","2026-01-27T15:11:41.721710282Z","true","2026-01-27T15:11:41.721710282Z","ended","2026-01-27T15:16:00.709503139Z","{""advice"":""Try to find an outcome that's fair for both of you."",""adviceType"":""CG"",""chatEnabled"":false,""numRounds"":13,""playerCount"":2}","2026-01-27T15:03:01.805615347Z","CG_cooperate","2026-01-27T15:03:01.805615347Z"
"01KFYMC4MWXBBNEASC6S93NNP6",2,"2026-01-27T15:08:06.887415221Z","01KFYMC4MFTBDQAGB78XDZVZB7","2026-01-27T02:26:26.588593302Z","true","2026-01-27T15:12:26.060959112Z","end of game","2026-01-27T15:12:26.065595002Z","01KFYMC4NBZXWFNGA9DRMTZTS1","2026-01-27T02:26:26.605955435Z","01KFZZWZVA1SZFAR5DCMZVDB8E","2026-01-27T15:07:07.501793179Z",12,"2026-01-27T15:08:06.910774514Z","null","2026-01-27T15:12:26.060959112Z","true","2026-01-27T15:08:06.887415221Z","true","2026-01-27T15:08:06.887415221Z","ended","2026-01-27T15:12:26.065595002Z","{""advice"":""Try to find an outcome that's fair for both of you."",""adviceType"":""CG"",""chatEnabled"":false,""numRounds"":13,""playerCount"":2}","2026-01-27T02:26:26.588593302Z","CG_cooperate","2026-01-27T02:26:26.588593302Z"
"01KFZZP5MRRJ9SFHH91GQ3PHPK",2,"2026-01-27T15:19:04.577048252Z","01KFZZP5MFTAYSJXR4J84A1Q4W","2026-01-27T15:03:24.056238187Z","true","2026-01-27T15:22:25.139067323Z","end of game","2026-01-27T15:22:25.146536357Z","01KFZZP5N29KG24JBXTACS98GH","2026-01-27T15:03:24.068297763Z","01KG00JR1J5PEY8YQT2X7ABGQN","2026-01-27T15:19:00.406226966Z",12,"2026-01-27T15:19:04.612554254Z","null","2026-01-27T15:22:25.139067323Z","true","2026-01-27T15:19:04.577048252Z","true","2026-01-27T15:19:04.577048252Z","ended","2026-01-27T15:22:25.146536357Z","{""advice"":""Try to find an outcome that's fair for both of you."",""adviceType"":""CG"",""chatEnabled"":false,""numRounds"":13,""playerCount"":2}","2026-01-27T15:03:24.056238187Z","CG_cooperate","2026-01-27T15:03:24.056238187Z"
"01KG02K3JX0WAJE45A0SPR7MQ0",2,"2026-01-27T16:00:37.018924572Z","01KG02K3JKD1QJ0G1V6EXZQ4YD","2026-01-27T15:54:09.373104983Z","true","2026-01-27T16:06:03.057958964Z","end of game","2026-01-27T16:06:03.063151677Z","01KG02K3K8JYM5MHYSV33206B7","2026-01-27T15:54:09.387279531Z","01KG02Y0DX6NZA023AQSXZC0P6","2026-01-27T16:00:06.593063889Z",12,"2026-01-27T16:00:37.041399562Z","null","2026-01-27T16:06:03.057958964Z","true","2026-01-27T16:00:37.018924572Z","true","2026-01-27T16:00:37.018924572Z","ended","2026-01-27T16:06:03.063151677Z","{""advice"":""Try to get the best outcome for yourself."",""adviceType"":""noCG"",""chatEnabled"":false,""numRounds"":13,""playerCount"":2}","2026-01-27T15:54:09.373104983Z","noCG_selfish","2026-01-27T15:54:09.373104983Z"
"01KG034JG52JZXA6ZR8PFSJ9DF",2,"2026-01-27T16:28:01.337079354Z","01KG034JC4WYE04X1EJ28TK80M","2026-01-27T16:03:41.701438356Z","true","2026-01-27T16:33:06.85379029Z","end of game","2026-01-27T16:33:06.86522927Z","01KG034JGZEE4C2DJANVBN0SXD","2026-01-27T16:03:41.728540172Z","01KG04GYH1HDY9F44HFDKEV420","2026-01-27T16:27:55.813594827Z",12,"2026-01-27T16:28:01.386331953Z","null","2026-01-27T16:33:06.85379029Z","true","2026-01-27T16:28:01.337079354Z","true","2026-01-27T16:28:01.337079354Z","ended","2026-01-27T16:33:06.86522927Z","{""advice"":""Try to get the best outcome for yourself."",""adviceType"":""noCG"",""chatEnabled"":false,""numRounds"":13,""playerCount"":2}","2026-01-27T16:03:41.701438356Z","noCG_selfish","2026-01-27T16:03:41.701438356Z"
"01KG0EFG9RXS709H821K0BYM0B",2,"2026-01-27T19:30:42.218423303Z","01KG0EFG9HBQMHGGSHSTJ75BJV","2026-01-27T19:21:54.232975976Z","true","2026-01-27T19:34:46.410930079Z","end of game","2026-01-27T19:34:46.417147158Z","01KG0EFGA61Q4RWHFG6W8KZB1A","2026-01-27T19:21:54.248110542Z","01KG0EX9NMX6G2S586FNN9S1XW","2026-01-27T19:29:26.199239157Z",12,"2026-01-27T19:30:42.236616958Z","null","2026-01-27T19:34:46.410930079Z","true","2026-01-27T19:30:42.218423303Z","true","2026-01-27T19:30:42.218423303Z","ended","2026-01-27T19:34:46.417147158Z","{""advice"":""Try to get the best outcome for yourself."",""adviceType"":""noCG"",""chatEnabled"":false,""numRounds"":13,""playerCount"":2}","2026-01-27T19:21:54.232975976Z","noCG_selfish","2026-01-27T19:21:54.232975976Z"
"01KG0EFH510F6Y288MFBB6DQRX",2,"2026-01-27T19:33:33.115781399Z","01KG0EFH4TR2RCZM57BPDYXJM1","2026-01-27T19:21:55.105172179Z","true","2026-01-27T19:35:41.379128292Z","end of game","2026-01-27T19:35:41.384957812Z","01KG0EFH5AHCQ2FS5DTBZTGZ05","2026-01-27T19:21:55.115417585Z","01KG0F4Q2M8TX4H7AZCEWD4WKH","2026-01-27T19:33:29.303228205Z",12,"2026-01-27T19:33:33.144304712Z","null","2026-01-27T19:35:41.379128292Z","true","2026-01-27T19:33:33.115781399Z","true","2026-01-27T19:33:33.115781399Z","ended","2026-01-27T19:35:41.384957812Z","{""advice"":""Try to get the best outcome for yourself."",""adviceType"":""noCG"",""chatEnabled"":false,""numRounds"":13,""playerCount"":2}","2026-01-27T19:21:55.105172179Z","noCG_selfish","2026-01-27T19:21:55.105172179Z"
"01KG0EFHD6YWB9R4YDG8M04041",2,"2026-01-27T19:33:48.946461183Z","01KG0EFHCZKZR7TFNRBRX4CDH1","2026-01-27T19:21:55.366518437Z","true","2026-01-27T19:35:54.16061055Z","end of game","2026-01-27T19:35:54.170429392Z","01KG0EFHDFFNRMSPXMGZ580KE2","2026-01-27T19:21:55.376515614Z","01KG0F557EFHHXA66D1394Q6KR","2026-01-27T19:33:43.793283236Z",12,"2026-01-27T19:33:48.973757487Z","null","2026-01-27T19:35:54.16061055Z","true","2026-01-27T19:33:48.946461183Z","true","2026-01-27T19:33:48.946461183Z","ended","2026-01-27T19:35:54.170429392Z","{""advice"":""Try to get the best outcome for yourself."",""adviceType"":""noCG"",""chatEnabled"":false,""numRounds"":13,""playerCount"":2}","2026-01-27T19:21:55.366518437Z","noCG_selfish","2026-01-27T19:21:55.366518437Z"
"01KG0EGFTMXB9EAF0AVTM2CDWX",2,"2026-01-27T19:38:48.009894312Z","01KG0EGFTABHW8SNE94HNWZK7X","2026-01-27T19:22:26.51603327Z","true","2026-01-27T19:42:20.523011982Z","end of game","2026-01-27T19:42:20.53230917Z","01KG0EGFTX1GVYD3KVZJSKC43M","2026-01-27T19:22:26.527367709Z","01KG0FD7K5KDJVKP9ARYTD0HTQ","2026-01-27T19:38:08.360080275Z",12,"2026-01-27T19:38:48.04883679Z","null","2026-01-27T19:42:20.523011982Z","true","2026-01-27T19:38:48.009894312Z","true","2026-01-27T19:38:48.009894312Z","ended","2026-01-27T19:42:20.53230917Z","{""advice"":""Try to get the best outcome for yourself."",""adviceType"":""noCG"",""chatEnabled"":false,""numRounds"":13,""playerCount"":2}","2026-01-27T19:22:26.51603327Z","noCG_selfish","2026-01-27T19:22:26.51603327Z"
"01KG0GBDHZP1S541V6NXFSRGZP",2,"2026-01-27T20:08:44.574396991Z","01KG0GBDH8PSTHQ8NA0TMB7YBF","2026-01-27T19:54:37.50379123Z","true","2026-01-27T20:10:56.052026216Z","end of game","2026-01-27T20:10:56.06957717Z","01KG0GBDK085S3J8QNM9H4AXBQ","2026-01-27T19:54:37.53727239Z","01KG0GXW9AHZAMPXWK1HKQH0JC","2026-01-27T20:04:42.413004768Z",12,"2026-01-27T20:08:44.686470548Z","null","2026-01-27T20:10:56.052026216Z","true","2026-01-27T20:08:44.574396991Z","true","2026-01-27T20:08:44.574396991Z","ended","2026-01-27T20:10:56.06957717Z","{""advice"":""Try to get the best outcome for yourself."",""adviceType"":""noCG"",""chatEnabled"":false,""numRounds"":13,""playerCount"":2}","2026-01-27T19:54:37.50379123Z","noCG_selfish","2026-01-27T19:54:37.50379123Z"
"01KG0EGK6CAMXTEYNXMXXM4F0K",2,"2026-01-27T19:49:43.623410916Z","01KG0EGK66598ASTTQJ5NWEC1J","2026-01-27T19:22:29.964121019Z","true","2026-01-27T19:52:55.78979544Z","end of game","2026-01-27T19:52:55.800448964Z","01KG0EGK6NZ94W3B8KV8HV19SC","2026-01-27T19:22:29.974590578Z","01KG0FTX4RD5GVTTPP8R77R64Y","2026-01-27T19:45:36.411237329Z",12,"2026-01-27T19:49:43.71174312Z","null","2026-01-27T19:52:55.78979544Z","true","2026-01-27T19:49:43.623410916Z","true","2026-01-27T19:49:43.623410916Z","ended","2026-01-27T19:52:55.800448964Z","{""advice"":""Try to get the best outcome for yourself."",""adviceType"":""noCG"",""chatEnabled"":false,""numRounds"":13,""playerCount"":2}","2026-01-27T19:22:29.964121019Z","noCG_selfish","2026-01-27T19:22:29.964121019Z"
"01KG0FSR4HXAGN374M1AS5N9J3",2,"2026-01-27T19:54:15.192516966Z","01KG0FSR3Y2W3DZ74ZSE7NGPQ9","2026-01-27T19:44:58.513258188Z","true","2026-01-27T19:56:14.886014163Z","end of game","2026-01-27T19:56:14.898765678Z","01KG0FSR59HJ131HXWF40NH7ZC","2026-01-27T19:44:58.539454317Z","01KG0GAHV9QF008N2W05QEDAJZ","2026-01-27T19:54:09.133090855Z",12,"2026-01-27T19:54:15.279528069Z","null","2026-01-27T19:56:14.886014163Z","true","2026-01-27T19:54:15.192516966Z","true","2026-01-27T19:54:15.192516966Z","ended","2026-01-27T19:56:14.898765678Z","{""advice"":""Try to get the best outcome for yourself."",""adviceType"":""noCG"",""chatEnabled"":false,""numRounds"":13,""playerCount"":2}","2026-01-27T19:44:58.513258188Z","noCG_selfish","2026-01-27T19:44:58.513258188Z"
"01KG0GBDVRJEASFEDKMVGJ42H6",2,"2026-01-27T20:09:12.114039991Z","01KG0GBDV7JAAKB3KQXG2AK0N3","2026-01-27T19:54:37.816403686Z","true","2026-01-27T20:11:50.224107482Z","end of game","2026-01-27T20:11:50.242799837Z","01KG0GBDWY0YMSEF67V9TG4NDB","2026-01-27T19:54:37.855476164Z","01KG0H5X50AY584ZEEW5WPYDXF","2026-01-27T20:09:05.443499572Z",12,"2026-01-27T20:09:12.237189076Z","null","2026-01-27T20:11:50.224107482Z","true","2026-01-27T20:09:12.114039991Z","true","2026-01-27T20:09:12.114039991Z","ended","2026-01-27T20:11:50.242799837Z","{""advice"":""Try to get the best outcome for yourself."",""adviceType"":""noCG"",""chatEnabled"":false,""numRounds"":13,""playerCount"":2}","2026-01-27T19:54:37.816403686Z","noCG_selfish","2026-01-27T19:54:37.816403686Z"
"01KG0EGJ074E4JT2393Y4Y2Z5Z",2,"2026-01-27T19:43:36.408766841Z","01KG0EGJ00F05C5924QGQ11341","2026-01-27T19:22:28.743312159Z","true","2026-01-27T19:45:56.492443925Z","end of game","2026-01-27T19:45:56.503344211Z","01KG0EGJ0F8TTJ9EN44QQ7JYKW","2026-01-27T19:22:28.752559517Z","01KG0FNP84N4KRPDC5S2KJSYNK","2026-01-27T19:42:45.512080017Z",12,"2026-01-27T19:43:36.464936908Z","null","2026-01-27T19:45:56.492443925Z","true","2026-01-27T19:43:36.408766841Z","true","2026-01-27T19:43:36.408766841Z","ended","2026-01-27T19:45:56.503344211Z","{""advice"":""Try to get the best outcome for yourself."",""adviceType"":""noCG"",""chatEnabled"":false,""numRounds"":13,""playerCount"":2}","2026-01-27T19:22:28.743312159Z","noCG_selfish","2026-01-27T19:22:28.743312159Z"
"01KG0EGJED17V80726K3S4Y8Q1",2,"2026-01-27T19:43:57.469650864Z","01KG0EGJE7GPWJVS0C4ZS5RT9J","2026-01-27T19:22:29.197875574Z","true","2026-01-27T19:45:54.056066499Z","end of game","2026-01-27T19:45:54.066779127Z","01KG0EGJEPY7Y6G9RN9C0BCKQ9","2026-01-27T19:22:29.208351811Z","01KG0FQSDS2BSJ17GR28S4AX8K","2026-01-27T19:43:54.300118592Z",12,"2026-01-27T19:43:57.527448021Z","null","2026-01-27T19:45:54.056066499Z","true","2026-01-27T19:43:57.469650864Z","true","2026-01-27T19:43:57.469650864Z","ended","2026-01-27T19:45:54.066779127Z","{""advice"":""Try to get the best outcome for yourself."",""adviceType"":""noCG"",""chatEnabled"":false,""numRounds"":13,""playerCount"":2}","2026-01-27T19:22:29.197875574Z","noCG_selfish","2026-01-27T19:22:29.197875574Z"
"01KG0EFF5ZK0H6TN0SEC028EP7",2,"2026-01-27T19:28:30.71151088Z","01KG0EFF5JTHB83FGEHENR7RGK","2026-01-27T19:21:53.087389743Z","true","2026-01-27T19:31:12.72108726Z","end of game","2026-01-27T19:31:12.725026583Z","01KG0EFF6E21P74XNQRPV9X33Q","2026-01-27T19:21:53.104771213Z","01KG0ESYDS1Z63PZ57P416A3M7","2026-01-27T19:27:36.381569629Z",12,"2026-01-27T19:28:30.737027086Z","null","2026-01-27T19:31:12.72108726Z","true","2026-01-27T19:28:30.71151088Z","true","2026-01-27T19:28:30.71151088Z","ended","2026-01-27T19:31:12.725026583Z","{""advice"":""Try to get the best outcome for yourself."",""adviceType"":""noCG"",""chatEnabled"":false,""numRounds"":13,""playerCount"":2}","2026-01-27T19:21:53.087389743Z","noCG_selfish","2026-01-27T19:21:53.087389743Z"
"01KG0EFHYGM9PG6X1953BD4XSY",2,"2026-01-27T19:36:00.532972333Z","01KG0EFHYBEYWK1RA7QHSJ0GZ9","2026-01-27T19:21:55.920234699Z","true","2026-01-27T19:39:42.368689529Z","end of game","2026-01-27T19:39:42.376031692Z","01KG0EFHYSHHPZG465JABGGV4V","2026-01-27T19:21:55.930779816Z","01KG0F92JR01412S3S6ACZRGZC","2026-01-27T19:35:52.155623857Z",12,"2026-01-27T19:36:00.567911705Z","null","2026-01-27T19:39:42.368689529Z","true","2026-01-27T19:36:00.532972333Z","true","2026-01-27T19:36:00.532972333Z","ended","2026-01-27T19:39:42.376031692Z","{""advice"":""Try to get the best outcome for yourself."",""adviceType"":""noCG"",""chatEnabled"":false,""numRounds"":13,""playerCount"":2}","2026-01-27T19:21:55.920234699Z","noCG_selfish","2026-01-27T19:21:55.920234699Z"
"01KG0EGJWVX3RSQWDRHRASS17C",2,"2026-01-27T19:44:45.714477591Z","01KG0EGJWMRZ5SXPKE1CNBFE72","2026-01-27T19:22:29.659249535Z","true","2026-01-27T19:48:26.9895507Z","end of game","2026-01-27T19:48:27.001709047Z","01KG0EGJX3YRXBKCSA9GGGVCAD","2026-01-27T19:22:29.66854666Z","01KG0FR6S8M81VX7S933YQYJR7","2026-01-27T19:44:07.979626573Z",12,"2026-01-27T19:44:45.774065346Z","null","2026-01-27T19:48:26.9895507Z","true","2026-01-27T19:44:45.714477591Z","true","2026-01-27T19:44:45.714477591Z","ended","2026-01-27T19:48:27.001709047Z","{""advice"":""Try to get the best outcome for yourself."",""adviceType"":""noCG"",""chatEnabled"":false,""numRounds"":13,""playerCount"":2}","2026-01-27T19:22:29.659249535Z","noCG_selfish","2026-01-27T19:22:29.659249535Z"
"01KG0FSRKAF2X4JE14WNDVJHP1",2,"2026-01-27T19:49:49.445141072Z","01KG0FSRJWRX31VER40ZCDJ9TG","2026-01-27T19:44:58.986807471Z","true","2026-01-27T19:52:49.999679218Z","end of game","2026-01-27T19:52:50.010625504Z","01KG0FSRM60XK44N64AH1MXKBR","2026-01-27T19:44:59.016503981Z","01KG0G2KDW3G1DM9J28PHGR7AY","2026-01-27T19:49:48.607418534Z",12,"2026-01-27T19:49:49.532396598Z","null","2026-01-27T19:52:49.999679218Z","true","2026-01-27T19:49:49.445141072Z","true","2026-01-27T19:49:49.445141072Z","ended","2026-01-27T19:52:50.010625504Z","{""advice"":""Try to get the best outcome for yourself."",""adviceType"":""noCG"",""chatEnabled"":false,""numRounds"":13,""playerCount"":2}","2026-01-27T19:44:58.986807471Z","noCG_selfish","2026-01-27T19:44:58.986807471Z"
"01KG0EGH5BZX0NYAFE23EYTYHM",2,"2026-01-27T19:41:52.725255057Z","01KG0EGH547CAA4WG4K0ZEACEE","2026-01-27T19:22:27.883211123Z","true","2026-01-27T19:45:01.345216601Z","end of game","2026-01-27T19:45:01.356050916Z","01KG0EGH5NSDNW0JRHA0TPG3B3","2026-01-27T19:22:27.894315348Z","01KG0FJFHWRFQFNHVRPWKPF69E","2026-01-27T19:41:00.351455184Z",12,"2026-01-27T19:41:52.772901034Z","null","2026-01-27T19:45:01.345216601Z","true","2026-01-27T19:41:52.725255057Z","true","2026-01-27T19:41:52.725255057Z","ended","2026-01-27T19:45:01.356050916Z","{""advice"":""Try to get the best outcome for yourself."",""adviceType"":""noCG"",""chatEnabled"":false,""numRounds"":13,""playerCount"":2}","2026-01-27T19:22:27.883211123Z","noCG_selfish","2026-01-27T19:22:27.883211123Z"
"01KG0EGHJVN0WCX7BHMR1Y9JN7",2,"2026-01-27T19:42:31.744457253Z","01KG0EGHJN73K64JE4DV69FJ24","2026-01-27T19:22:28.315176516Z","true","2026-01-27T19:45:00.471970184Z","end of game","2026-01-27T19:45:00.482610134Z","01KG0EGHK39E1T2DM2QEZJVT30","2026-01-27T19:22:28.325170106Z","01KG0FM58GPT2KE7KRB6Q7870W","2026-01-27T19:41:55.347691401Z",12,"2026-01-27T19:42:31.7885869Z","null","2026-01-27T19:45:00.471970184Z","true","2026-01-27T19:42:31.744457253Z","true","2026-01-27T19:42:31.744457253Z","ended","2026-01-27T19:45:00.482610134Z","{""advice"":""Try to get the best outcome for yourself."",""adviceType"":""noCG"",""chatEnabled"":false,""numRounds"":13,""playerCount"":2}","2026-01-27T19:22:28.315176516Z","noCG_selfish","2026-01-27T19:22:28.315176516Z"
"01KG0FSRAF37S2RFVF8X440S2N",2,"2026-01-27T19:57:01.786001739Z","01KG0FSRA13BEKDXFFEW8A56S6","2026-01-27T19:44:58.703075624Z","true","2026-01-27T20:00:01.70121815Z","end of game","2026-01-27T20:00:01.715595724Z","01KG0FSRBB9ZZN10ACEK0Y3Q42","2026-01-27T19:44:58.733531215Z","01KG0GBBDA9FAM2GGSQE51VZY6","2026-01-27T19:54:35.309794009Z",12,"2026-01-27T19:57:01.88495024Z","null","2026-01-27T20:00:01.70121815Z","true","2026-01-27T19:57:01.786001739Z","true","2026-01-27T19:57:01.786001739Z","ended","2026-01-27T20:00:01.715595724Z","{""advice"":""Try to get the best outcome for yourself."",""adviceType"":""noCG"",""chatEnabled"":false,""numRounds"":13,""playerCount"":2}","2026-01-27T19:44:58.703075624Z","noCG_selfish","2026-01-27T19:44:58.703075624Z"
"01KG0EFGKAW1KABRA124NK0G3Q",2,"2026-01-27T19:30:51.564346865Z","01KG0EFGK2DMM0YK81VX2QMTAE","2026-01-27T19:21:54.5386778Z","true","2026-01-27T19:32:57.774097524Z","end of game","2026-01-27T19:32:57.779269576Z","01KG0EFGKNS7S1HEM177X1KWXK","2026-01-27T19:21:54.550410987Z","01KG0EZMY651XN9EAW43MHE8W7","2026-01-27T19:30:43.273471318Z",12,"2026-01-27T19:30:51.606879665Z","null","2026-01-27T19:32:57.774097524Z","true","2026-01-27T19:30:51.564346865Z","true","2026-01-27T19:30:51.564346865Z","ended","2026-01-27T19:32:57.779269576Z","{""advice"":""Try to get the best outcome for yourself."",""adviceType"":""noCG"",""chatEnabled"":false,""numRounds"":13,""playerCount"":2}","2026-01-27T19:21:54.5386778Z","noCG_selfish","2026-01-27T19:21:54.5386778Z"
"01KG0EFGQ6JR9TEDW0C4YZR0DF",2,"2026-01-27T19:31:09.418207105Z","01KG0EFGQ03G47P7N32TCZ9RR8","2026-01-27T19:21:54.662276699Z","true","2026-01-27T19:32:58.324836954Z","end of game","2026-01-27T19:32:58.330127009Z","01KG0EFGQFAG9JPRDN01ZN4X5G","2026-01-27T19:21:54.672731321Z","01KG0F04HPE699PDVW7CCFW3GM","2026-01-27T19:30:59.257421959Z",12,"2026-01-27T19:31:09.43768005Z","null","2026-01-27T19:32:58.324836954Z","true","2026-01-27T19:31:09.418207105Z","true","2026-01-27T19:31:09.418207105Z","ended","2026-01-27T19:32:58.330127009Z","{""advice"":""Try to get the best outcome for yourself."",""adviceType"":""noCG"",""chatEnabled"":false,""numRounds"":13,""playerCount"":2}","2026-01-27T19:21:54.662276699Z","noCG_selfish","2026-01-27T19:21:54.662276699Z"
"01KG0EFHQP8YD8GWXRPHFJY93S",2,"2026-01-27T19:34:56.26978707Z","01KG0EFHQG5XYAJ9Z4B752YE53","2026-01-27T19:21:55.702475127Z","true","2026-01-27T19:37:26.240238507Z","end of game","2026-01-27T19:37:26.24708846Z","01KG0EFHQY817QYDWYJQDDS1G9","2026-01-27T19:21:55.712526525Z","01KG0F6D4V7PSBP8P37S941H9X","2026-01-27T19:34:24.670038463Z",12,"2026-01-27T19:34:56.294548986Z","null","2026-01-27T19:37:26.240238507Z","true","2026-01-27T19:34:56.26978707Z","true","2026-01-27T19:34:56.26978707Z","ended","2026-01-27T19:37:26.24708846Z","{""advice"":""Try to get the best outcome for yourself."",""adviceType"":""noCG"",""chatEnabled"":false,""numRounds"":13,""playerCount"":2}","2026-01-27T19:21:55.702475127Z","noCG_selfish","2026-01-27T19:21:55.702475127Z"
"01KG0EFJ9TRGH65R6J6EX1CMSR",2,"2026-01-27T19:36:35.84830242Z","01KG0EFJ9KRD9V260A3GMNTMQB","2026-01-27T19:21:56.282275392Z","true","2026-01-27T19:39:30.969103806Z","end of game","2026-01-27T19:39:30.976578783Z","01KG0EFJA3G5W78TMRNRP7RSY1","2026-01-27T19:21:56.292347677Z","01KG0FA1HPKMDHGTXFACB5C0PR","2026-01-27T19:36:23.865259043Z",12,"2026-01-27T19:36:35.878541938Z","null","2026-01-27T19:39:30.969103806Z","true","2026-01-27T19:36:35.84830242Z","true","2026-01-27T19:36:35.84830242Z","ended","2026-01-27T19:39:30.976578783Z","{""advice"":""Try to get the best outcome for yourself."",""adviceType"":""noCG"",""chatEnabled"":false,""numRounds"":13,""playerCount"":2}","2026-01-27T19:21:56.282275392Z","noCG_selfish","2026-01-27T19:21:56.282275392Z"
"01KG0EGGPZEK1Q55WGS3P0EKSY",2,"2026-01-27T19:40:50.95257449Z","01KG0EGGPRSQQE5YQYC1RG5G8B","2026-01-27T19:22:27.423584999Z","true","2026-01-27T19:44:15.01229255Z","end of game","2026-01-27T19:44:15.021936979Z","01KG0EGGQ9ZEK8KA223KA32K18","2026-01-27T19:22:27.434447659Z","01KG0FGPA8810TZ1ZWYJM8C2TP","2026-01-27T19:40:01.740721207Z",12,"2026-01-27T19:40:51.001965472Z","null","2026-01-27T19:44:15.01229255Z","true","2026-01-27T19:40:50.95257449Z","true","2026-01-27T19:40:50.95257449Z","ended","2026-01-27T19:44:15.021936979Z","{""advice"":""Try to get the best outcome for yourself."",""adviceType"":""noCG"",""chatEnabled"":false,""numRounds"":13,""playerCount"":2}","2026-01-27T19:22:27.423584999Z","noCG_selfish","2026-01-27T19:22:27.423584999Z"
"01KG0FSRR7DBMJNVTBT0RD4V2V",2,"2026-01-27T19:53:48.828970788Z","01KG0FSRQPBPKGCMPTKSYK0GQJ","2026-01-27T19:44:59.143286625Z","true","2026-01-27T19:56:22.977824807Z","end of game","2026-01-27T19:56:22.991780897Z","01KG0FSRS3SJ0X3G8D7DD7W13Y","2026-01-27T19:44:59.173218941Z","01KG0G37YBT5PXFHP2TVT98C52","2026-01-27T19:50:09.61432371Z",12,"2026-01-27T19:53:48.918384542Z","null","2026-01-27T19:56:22.977824807Z","true","2026-01-27T19:53:48.828970788Z","true","2026-01-27T19:53:48.828970788Z","ended","2026-01-27T19:56:22.991780897Z","{""advice"":""Try to get the best outcome for yourself."",""adviceType"":""noCG"",""chatEnabled"":false,""numRounds"":13,""playerCount"":2}","2026-01-27T19:44:59.143286625Z","noCG_selfish","2026-01-27T19:44:59.143286625Z"
"01KG0GBD7TXN9EWYTW1P9R6WPS",2,"2026-01-27T20:04:16.721569875Z","01KG0GBD747PZHTC56298K46VW","2026-01-27T19:54:37.178514236Z","true","2026-01-27T20:07:05.626321394Z","end of game","2026-01-27T20:07:05.641428789Z","01KG0GBD8W48YKJQDR22MEN8ZP","2026-01-27T19:54:37.214226862Z","01KG0GS9664DSANSGA5E8K0ZD8","2026-01-27T20:02:11.786559005Z",12,"2026-01-27T20:04:16.829059005Z","null","2026-01-27T20:07:05.626321394Z","true","2026-01-27T20:04:16.721569875Z","true","2026-01-27T20:04:16.721569875Z","ended","2026-01-27T20:07:05.641428789Z","{""advice"":""Try to get the best outcome for yourself."",""adviceType"":""noCG"",""chatEnabled"":false,""numRounds"":13,""playerCount"":2}","2026-01-27T19:54:37.178514236Z","noCG_selfish","2026-01-27T19:54:37.178514236Z"
"01KG0EFGYA756P3RP1XW89TSRY",2,"2026-01-27T19:32:32.627743236Z","01KG0EFGY4E5MPV0KH12VQV3JQ","2026-01-27T19:21:54.890556479Z","true","2026-01-27T19:35:51.488405765Z","end of game","2026-01-27T19:35:51.494259098Z","01KG0EFGYMC09466TB58NF01JV","2026-01-27T19:21:54.90147631Z","01KG0F1CVYC2ASCERZHX1QJXF6","2026-01-27T19:31:40.546263192Z",12,"2026-01-27T19:32:32.654263223Z","null","2026-01-27T19:35:51.488405765Z","true","2026-01-27T19:32:32.627743236Z","true","2026-01-27T19:32:32.627743236Z","ended","2026-01-27T19:35:51.494259098Z","{""advice"":""Try to get the best outcome for yourself."",""adviceType"":""noCG"",""chatEnabled"":false,""numRounds"":13,""playerCount"":2}","2026-01-27T19:21:54.890556479Z","noCG_selfish","2026-01-27T19:21:54.890556479Z"
"01KG0EFJGNZ073HJSXY9M0CMSZ",2,"2026-01-27T19:38:05.673460894Z","01KG0EFJGF6NB5JJA8P81628CZ","2026-01-27T19:21:56.501873364Z","true","2026-01-27T19:40:07.95327281Z","end of game","2026-01-27T19:40:07.961996031Z","01KG0EFJGZ63YSYT8MKGKGFJYN","2026-01-27T19:21:56.512633844Z","01KG0FBNKHZHSEMWM5PT6S224Z","2026-01-27T19:37:17.172408161Z",12,"2026-01-27T19:38:05.711104544Z","null","2026-01-27T19:40:07.95327281Z","true","2026-01-27T19:38:05.673460894Z","true","2026-01-27T19:38:05.673460894Z","ended","2026-01-27T19:40:07.961996031Z","{""advice"":""Try to get the best outcome for yourself."",""adviceType"":""noCG"",""chatEnabled"":false,""numRounds"":13,""playerCount"":2}","2026-01-27T19:21:56.501873364Z","noCG_selfish","2026-01-27T19:21:56.501873364Z"
"01KG0FSRZ49FECYRF87D7EHWQ2",2,"2026-01-27T19:58:40.999564944Z","01KG0FSRYK8DHZJT56K1ETVDBY","2026-01-27T19:44:59.364715051Z","true","2026-01-27T20:03:44.837471844Z","end of game","2026-01-27T20:03:44.85362799Z","01KG0FSS001DWETSRDR5GHP5T7","2026-01-27T19:44:59.393985957Z","01KG0GJ8AEH9ZFYB4176RKBWWE","2026-01-27T19:58:21.521811669Z",12,"2026-01-27T19:58:41.099567624Z","null","2026-01-27T20:03:44.837471844Z","true","2026-01-27T19:58:40.999564944Z","true","2026-01-27T19:58:40.999564944Z","ended","2026-01-27T20:03:44.85362799Z","{""advice"":""Try to get the best outcome for yourself."",""adviceType"":""noCG"",""chatEnabled"":false,""numRounds"":13,""playerCount"":2}","2026-01-27T19:44:59.364715051Z","noCG_selfish","2026-01-27T19:44:59.364715051Z"
"01KG0H3X9S8ZR8HTJY0HSJCWW9",2,"2026-01-27T20:10:01.497577999Z","01KG0H3X8Z8B4KP3QY1KF17BGE","2026-01-27T20:08:00.057825861Z","true","2026-01-27T20:12:09.240972211Z","end of game","2026-01-27T20:12:09.25955091Z","01KG0H3XBG0YE60KDD5HB7YDZ0","2026-01-27T20:08:00.113596494Z","01KG0H7JRT0WT9MBS53622G1MM","2026-01-27T20:10:00.349631239Z",12,"2026-01-27T20:10:01.611256309Z","null","2026-01-27T20:12:09.240972211Z","true","2026-01-27T20:10:01.497577999Z","true","2026-01-27T20:10:01.497577999Z","ended","2026-01-27T20:12:09.25955091Z","{""advice"":""Try to get the best outcome for yourself."",""adviceType"":""noCG"",""chatEnabled"":false,""numRounds"":13,""playerCount"":2}","2026-01-27T20:08:00.057825861Z","noCG_selfish","2026-01-27T20:08:00.057825861Z"
"01KG0HZ4TE1ZCYJHAFNP77DY36",2,"2026-01-27T20:45:52.697784613Z","01KG0HZ4T7R7N10WH9FSK96SP1","2026-01-27T20:22:52.494307553Z","true","2026-01-27T20:52:50.899720489Z","end of game","2026-01-27T20:52:50.912003737Z","01KG0HZ4TQF539KY5GBED8VX9Y","2026-01-27T20:22:52.504919317Z","01KG0K7QCAZXA7SN5G6Z9KR8XN","2026-01-27T20:45:02.221902394Z",12,"2026-01-27T20:45:52.756523455Z","null","2026-01-27T20:52:50.899720489Z","true","2026-01-27T20:45:52.697784613Z","true","2026-01-27T20:45:52.697784613Z","ended","2026-01-27T20:52:50.912003737Z","{""advice"":""Try to find an outcome that's fair for both of you."",""adviceType"":""noCG"",""chatEnabled"":false,""numRounds"":13,""playerCount"":2}","2026-01-27T20:22:52.494307553Z","noCG_cooperate","2026-01-27T20:22:52.494307553Z"
"01KG0JENQY0NJ9KHK3XY3FZJSJ",2,"2026-01-27T20:55:52.635008154Z","01KG0JENQQ1E73B9EA6FKEAXSM","2026-01-27T20:31:21.34205253Z","true","2026-01-27T21:00:18.011715206Z","end of game","2026-01-27T21:00:18.026260125Z","01KG0JENR99WFGX0PDFR31Q6NX","2026-01-27T20:31:21.355271545Z","01KG0KPX3Q60QWQZEY27PF0ASD","2026-01-27T20:53:19.611126891Z",12,"2026-01-27T20:55:52.740788016Z","null","2026-01-27T21:00:18.011715206Z","true","2026-01-27T20:55:52.635008154Z","true","2026-01-27T20:55:52.635008154Z","ended","2026-01-27T21:00:18.026260125Z","{""advice"":""Try to find an outcome that's fair for both of you."",""adviceType"":""noCG"",""chatEnabled"":false,""numRounds"":13,""playerCount"":2}","2026-01-27T20:31:21.34205253Z","noCG_cooperate","2026-01-27T20:31:21.34205253Z"
"01KG0JEPGXHW1Q541B52KJYTHB",2,"2026-01-27T21:03:49.972372472Z","01KG0JEPGNZZ4FVBQ3TY0229YH","2026-01-27T20:31:22.141086642Z","true","2026-01-27T21:06:24.983795974Z","end of game","2026-01-27T21:06:25.002006064Z","01KG0JEPH8M9SYGA00PK04N9JF","2026-01-27T20:31:22.153594701Z","01KG0M9NM37CZG86ZBVNCWRHXK","2026-01-27T21:03:34.535950145Z",12,"2026-01-27T21:03:50.063253708Z","null","2026-01-27T21:06:24.983795974Z","true","2026-01-27T21:03:49.972372472Z","true","2026-01-27T21:03:49.972372472Z","ended","2026-01-27T21:06:25.002006064Z","{""advice"":""Try to find an outcome that's fair for both of you."",""adviceType"":""noCG"",""chatEnabled"":false,""numRounds"":13,""playerCount"":2}","2026-01-27T20:31:22.141086642Z","noCG_cooperate","2026-01-27T20:31:22.141086642Z"
"01KG0HYK42FGNCGK7JVTEKKNND",2,"2026-01-27T20:31:50.3423126Z","01KG0HYK3WS7WBQQGM3YJ106FZ","2026-01-27T20:22:34.370964174Z","true","2026-01-27T20:34:50.31614165Z","end of game","2026-01-27T20:34:50.322716771Z","01KG0HYK4CM1CH6Z37S6F980YT","2026-01-27T20:22:34.382029841Z","01KG0JEYZGPB0XMA6AJABQ0FRN","2026-01-27T20:31:30.802836608Z",12,"2026-01-27T20:31:50.37263763Z","null","2026-01-27T20:34:50.31614165Z","true","2026-01-27T20:31:50.3423126Z","true","2026-01-27T20:31:50.3423126Z","ended","2026-01-27T20:34:50.322716771Z","{""advice"":""Try to find an outcome that's fair for both of you."",""adviceType"":""noCG"",""chatEnabled"":false,""numRounds"":13,""playerCount"":2}","2026-01-27T20:22:34.370964174Z","noCG_cooperate","2026-01-27T20:22:34.370964174Z"
"01KG0HZ5947AQZWZAGXN50BA5D",2,"2026-01-27T20:47:44.125452246Z","01KG0HZ58VSWCZVKB7RGRP2962","2026-01-27T20:22:52.964341008Z","true","2026-01-27T20:50:12.888024902Z","end of game","2026-01-27T20:50:12.90013462Z","01KG0HZ59DXA37M3BN1TZQNCW4","2026-01-27T20:22:52.974403326Z","01KG0K9ZCNEE6ER3AJTSQZD7D5","2026-01-27T20:46:15.961391448Z",12,"2026-01-27T20:47:44.203353907Z","null","2026-01-27T20:50:12.888024902Z","true","2026-01-27T20:47:44.125452246Z","true","2026-01-27T20:47:44.125452246Z","ended","2026-01-27T20:50:12.90013462Z","{""advice"":""Try to find an outcome that's fair for both of you."",""adviceType"":""noCG"",""chatEnabled"":false,""numRounds"":13,""playerCount"":2}","2026-01-27T20:22:52.964341008Z","noCG_cooperate","2026-01-27T20:22:52.964341008Z"
"01KG0HZ65A4V7R0PM4QM4CEQHM",2,"2026-01-27T20:50:06.210682625Z","01KG0HZ6543FB723D35D2KDVQ3","2026-01-27T20:22:53.866192181Z","true","2026-01-27T20:52:52.880869082Z","end of game","2026-01-27T20:52:52.898881492Z","01KG0HZ65JSNZEQM5E6V6JS3MX","2026-01-27T20:22:53.875452242Z","01KG0KF6QZ9V9RF5H5J439H523","2026-01-27T20:49:07.330588456Z",12,"2026-01-27T20:50:06.276511952Z","null","2026-01-27T20:52:52.880869082Z","true","2026-01-27T20:50:06.210682625Z","true","2026-01-27T20:50:06.210682625Z","ended","2026-01-27T20:52:52.898881492Z","{""advice"":""Try to find an outcome that's fair for both of you."",""adviceType"":""noCG"",""chatEnabled"":false,""numRounds"":13,""playerCount"":2}","2026-01-27T20:22:53.866192181Z","noCG_cooperate","2026-01-27T20:22:53.866192181Z"
"01KG0HYKATCWRQPV666K9PTHB8",2,"2026-01-27T20:32:06.45129454Z","01KG0HYKAKWQZMNXWKZ70PXTX4","2026-01-27T20:22:34.586348631Z","true","2026-01-27T20:35:15.35442013Z","end of game","2026-01-27T20:35:15.361402222Z","01KG0HYKB3RHNC7P8A26X4V6TH","2026-01-27T20:22:34.59704632Z","01KG0JFMV533YBX48JARTTT7F2","2026-01-27T20:31:53.192592848Z",12,"2026-01-27T20:32:06.47581306Z","null","2026-01-27T20:35:15.35442013Z","true","2026-01-27T20:32:06.45129454Z","true","2026-01-27T20:32:06.45129454Z","ended","2026-01-27T20:35:15.361402222Z","{""advice"":""Try to find an outcome that's fair for both of you."",""adviceType"":""noCG"",""chatEnabled"":false,""numRounds"":13,""playerCount"":2}","2026-01-27T20:22:34.586348631Z","noCG_cooperate","2026-01-27T20:22:34.586348631Z"
"01KG0JEP8RVT31XAYVHGV731PT",2,"2026-01-27T21:02:44.149649737Z","01KG0JEP8FN5XWXR41TA8RGZ5J","2026-01-27T20:31:21.880348872Z","true","2026-01-27T21:07:36.864165497Z","end of game","2026-01-27T21:07:36.882697137Z","01KG0JEP933ANC7ZT57T9VDDDF","2026-01-27T20:31:21.89228008Z","01KG0M0C65Z8W0V9F2KB0ZQGZY","2026-01-27T20:58:29.961636193Z",12,"2026-01-27T21:02:44.259840415Z","null","2026-01-27T21:07:36.864165497Z","true","2026-01-27T21:02:44.149649737Z","true","2026-01-27T21:02:44.149649737Z","ended","2026-01-27T21:07:36.882697137Z","{""advice"":""Try to find an outcome that's fair for both of you."",""adviceType"":""noCG"",""chatEnabled"":false,""numRounds"":13,""playerCount"":2}","2026-01-27T20:31:21.880348872Z","noCG_cooperate","2026-01-27T20:31:21.880348872Z"
"01KG0JEMMA43ZRYQNQS5PK6J0K",2,"2026-01-27T20:53:18.076632512Z","01KG0JEMM1V55PWPN860PZ0VCT","2026-01-27T20:31:20.202500406Z","true","2026-01-27T20:56:50.628919157Z","end of game","2026-01-27T20:56:50.645540267Z","01KG0JEMMN0W5EKS1QEP38F2FX","2026-01-27T20:31:20.214864646Z","01KG0KP4X0F750YDHJ2A0RBAT5","2026-01-27T20:52:54.821410072Z",12,"2026-01-27T20:53:18.161087212Z","null","2026-01-27T20:56:50.628919157Z","true","2026-01-27T20:53:18.076632512Z","true","2026-01-27T20:53:18.076632512Z","ended","2026-01-27T20:56:50.645540267Z","{""advice"":""Try to find an outcome that's fair for both of you."",""adviceType"":""noCG"",""chatEnabled"":false,""numRounds"":13,""playerCount"":2}","2026-01-27T20:31:20.202500406Z","noCG_cooperate","2026-01-27T20:31:20.202500406Z"
"01KG0HYCCPTDP48D6FBC84DKHC",2,"2026-01-27T20:27:55.455112254Z","01KG0HYCCA8S4B3SFN1CKDVV7G","2026-01-27T20:22:27.47898574Z","true","2026-01-27T20:29:53.777145579Z","end of game","2026-01-27T20:29:53.781775208Z","01KG0HYCD587RC2F8VG3VPSQCA","2026-01-27T20:22:27.496034457Z","01KG0J6YQMH0YRHXMX19STF5AD","2026-01-27T20:27:08.408305811Z",12,"2026-01-27T20:27:55.477963606Z","null","2026-01-27T20:29:53.777145579Z","true","2026-01-27T20:27:55.455112254Z","true","2026-01-27T20:27:55.455112254Z","ended","2026-01-27T20:29:53.781775208Z","{""advice"":""Try to find an outcome that's fair for both of you."",""adviceType"":""noCG"",""chatEnabled"":false,""numRounds"":13,""playerCount"":2}","2026-01-27T20:22:27.47898574Z","noCG_cooperate","2026-01-27T20:22:27.47898574Z"
"01KG0HYMHANVDAD126BEZ97SKF",2,"2026-01-27T20:38:04.193440196Z","01KG0HYMH4EFF1BZ0J06FQSKP4","2026-01-27T20:22:35.818633807Z","true","2026-01-27T20:48:56.993425131Z","end of game","2026-01-27T20:48:57.016877186Z","01KG0HYMHK66JJJ6AHMQ6PZ56C","2026-01-27T20:22:35.828634453Z","01KG0JTXQWHSDV7Z7AT98DBJFJ","2026-01-27T20:38:02.750807295Z",12,"2026-01-27T20:38:04.213402075Z","null","2026-01-27T20:48:56.993425131Z","true","2026-01-27T20:38:04.193440196Z","true","2026-01-27T20:38:04.193440196Z","ended","2026-01-27T20:48:57.016877186Z","{""advice"":""Try to find an outcome that's fair for both of you."",""adviceType"":""noCG"",""chatEnabled"":false,""numRounds"":13,""playerCount"":2}","2026-01-27T20:22:35.818633807Z","noCG_cooperate","2026-01-27T20:22:35.818633807Z"
"01KG0HZ6JN44KFKZRP5XJJ3C8T",2,"2026-01-27T20:51:00.399469788Z","01KG0HZ6JF7X89JZG7F0QD6E4X","2026-01-27T20:22:54.293468019Z","true","2026-01-27T20:56:15.056235807Z","end of game","2026-01-27T20:56:15.070092895Z","01KG0HZ6JX1TXE766D6D8P7KAN","2026-01-27T20:22:54.302702432Z","01KG0KHQN5HE678V4C8XF5NWEM","2026-01-27T20:50:30.18386454Z",12,"2026-01-27T20:51:00.477172076Z","null","2026-01-27T20:56:15.056235807Z","true","2026-01-27T20:51:00.399469788Z","true","2026-01-27T20:51:00.399469788Z","ended","2026-01-27T20:56:15.070092895Z","{""advice"":""Try to find an outcome that's fair for both of you."",""adviceType"":""noCG"",""chatEnabled"":false,""numRounds"":13,""playerCount"":2}","2026-01-27T20:22:54.293468019Z","noCG_cooperate","2026-01-27T20:22:54.293468019Z"
"01KG0JEMX3GYEWV3AASF7JZV35",2,"2026-01-27T20:59:44.421101768Z","01KG0JEMWVZZ1M4GHRCKC88TXQ","2026-01-27T20:31:20.483944083Z","true","2026-01-27T21:02:51.648234277Z","end of game","2026-01-27T21:02:51.664989735Z","01KG0JEMXF2PXD20KMDKS0BXVJ","2026-01-27T20:31:20.496470402Z","01KG0M1TH9F2N56HWPMB6MF8MS","2026-01-27T20:59:17.420234029Z",12,"2026-01-27T20:59:44.519909138Z","null","2026-01-27T21:02:51.648234277Z","true","2026-01-27T20:59:44.421101768Z","true","2026-01-27T20:59:44.421101768Z","ended","2026-01-27T21:02:51.664989735Z","{""advice"":""Try to find an outcome that's fair for both of you."",""adviceType"":""noCG"",""chatEnabled"":false,""numRounds"":13,""playerCount"":2}","2026-01-27T20:31:20.483944083Z","noCG_cooperate","2026-01-27T20:31:20.483944083Z"
"01KG0JENF501MR461J1V60BGP8",2,"2026-01-27T21:01:57.995173671Z","01KG0JENEW15X8EWDYQJ494TGR","2026-01-27T20:31:21.061258729Z","true","2026-01-27T21:06:52.919738797Z","end of game","2026-01-27T21:06:52.945233531Z","01KG0JENFGQ6QVGKTBRB9V6CV0","2026-01-27T20:31:21.073571549Z","01KG0M51ZZYK7Y9FABH941RSEA","2026-01-27T21:01:03.362191859Z",12,"2026-01-27T21:01:58.079229803Z","null","2026-01-27T21:06:52.919738797Z","true","2026-01-27T21:01:57.995173671Z","true","2026-01-27T21:01:57.995173671Z","ended","2026-01-27T21:06:52.945233531Z","{""advice"":""Try to find an outcome that's fair for both of you."",""adviceType"":""noCG"",""chatEnabled"":false,""numRounds"":13,""playerCount"":2}","2026-01-27T20:31:21.061258729Z","noCG_cooperate","2026-01-27T20:31:21.061258729Z"
"01KG0HYJQ0G51ZWNTKDMBHJAFF",2,"2026-01-27T20:28:49.155012079Z","01KG0HYJPRSAXF0CJ4F2FPSZHX","2026-01-27T20:22:33.952469519Z","true","2026-01-27T20:32:26.46007247Z","end of game","2026-01-27T20:32:26.466124152Z","01KG0HYJQEWPV1FSV002XW2EBV","2026-01-27T20:22:33.96859752Z","01KG0J9K6NSHNBR4S9VVRV4DQ8","2026-01-27T20:28:34.904325008Z",12,"2026-01-27T20:28:49.172286587Z","null","2026-01-27T20:32:26.46007247Z","true","2026-01-27T20:28:49.155012079Z","true","2026-01-27T20:28:49.155012079Z","ended","2026-01-27T20:32:26.466124152Z","{""advice"":""Try to find an outcome that's fair for both of you."",""adviceType"":""noCG"",""chatEnabled"":false,""numRounds"":13,""playerCount"":2}","2026-01-27T20:22:33.952469519Z","noCG_cooperate","2026-01-27T20:22:33.952469519Z"
"01KG0HYJWY04AHAT4WMTXAVD3R",2,"2026-01-27T20:30:30.764101639Z","01KG0HYJWQS2F7AC9RA9TSBMP8","2026-01-27T20:22:34.142369802Z","true","2026-01-27T20:33:43.116321757Z","end of game","2026-01-27T20:33:43.123716814Z","01KG0HYJX8EQ1RX9JQYP19AEQY","2026-01-27T20:22:34.154435992Z","01KG0JBQFMQPMCZKT9450GCXDH","2026-01-27T20:29:44.823030322Z",12,"2026-01-27T20:30:30.783770358Z","null","2026-01-27T20:33:43.116321757Z","true","2026-01-27T20:30:30.764101639Z","true","2026-01-27T20:30:30.764101639Z","ended","2026-01-27T20:33:43.123716814Z","{""advice"":""Try to find an outcome that's fair for both of you."",""adviceType"":""noCG"",""chatEnabled"":false,""numRounds"":13,""playerCount"":2}","2026-01-27T20:22:34.142369802Z","noCG_cooperate","2026-01-27T20:22:34.142369802Z"
"01KG0HYKS4TF1CGBJW8EKW4ZR5",2,"2026-01-27T20:33:31.286654767Z","01KG0HYKRXYZ0XKEVEH7YYYNTH","2026-01-27T20:22:35.044383741Z","true","2026-01-27T20:37:16.510852097Z","end of game","2026-01-27T20:37:16.517826961Z","01KG0HYKSDEAW846ZEVNT35BGB","2026-01-27T20:22:35.054216249Z","01KG0JHFMGTDTSDZDVA1MJ0MQG","2026-01-27T20:32:53.394716484Z",12,"2026-01-27T20:33:31.318418549Z","null","2026-01-27T20:37:16.510852097Z","true","2026-01-27T20:33:31.286654767Z","true","2026-01-27T20:33:31.286654767Z","ended","2026-01-27T20:37:16.517826961Z","{""advice"":""Try to find an outcome that's fair for both of you."",""adviceType"":""noCG"",""chatEnabled"":false,""numRounds"":13,""playerCount"":2}","2026-01-27T20:22:35.044383741Z","noCG_cooperate","2026-01-27T20:22:35.044383741Z"
"01KG0HYKZR54Y9XP593BD6ZRJH",2,"2026-01-27T20:36:55.322333932Z","01KG0HYKZHHB1QXHHCR4A4BSP7","2026-01-27T20:22:35.256440899Z","true","2026-01-27T20:38:34.607710951Z","end of game","2026-01-27T20:38:34.615429505Z","01KG0HYM00ZBKBWMTC5RPMAWXG","2026-01-27T20:22:35.266502018Z","01KG0JN95YV8E1JCGVF5GK63ZQ","2026-01-27T20:34:57.857004917Z",12,"2026-01-27T20:36:55.361746966Z","null","2026-01-27T20:38:34.607710951Z","true","2026-01-27T20:36:55.322333932Z","true","2026-01-27T20:36:55.322333932Z","ended","2026-01-27T20:38:34.615429505Z","{""advice"":""Try to find an outcome that's fair for both of you."",""adviceType"":""noCG"",""chatEnabled"":false,""numRounds"":13,""playerCount"":2}","2026-01-27T20:22:35.256440899Z","noCG_cooperate","2026-01-27T20:22:35.256440899Z"
"01KG0HYNGDZNEMXAKZ313Q14EH",2,"2026-01-27T20:41:54.142839721Z","01KG0HYNG73F54J4QYR1WQ88FX","2026-01-27T20:22:36.813549676Z","true","2026-01-27T20:45:29.284450156Z","end of game","2026-01-27T20:45:29.293273577Z","01KG0HYNGPY1PYZCV1CZ3YC4EB","2026-01-27T20:22:36.82394768Z","01KG0K0T313JWYYJVNGGS5N71D","2026-01-27T20:41:15.621699545Z",12,"2026-01-27T20:41:54.193961083Z","null","2026-01-27T20:45:29.284450156Z","true","2026-01-27T20:41:54.142839721Z","true","2026-01-27T20:41:54.142839721Z","ended","2026-01-27T20:45:29.293273577Z","{""advice"":""Try to find an outcome that's fair for both of you."",""adviceType"":""noCG"",""chatEnabled"":false,""numRounds"":13,""playerCount"":2}","2026-01-27T20:22:36.813549676Z","noCG_cooperate","2026-01-27T20:22:36.813549676Z"
"01KG0HZ5QC20NJ7P2HJA5PDW62",2,"2026-01-27T20:48:57.007604521Z","01KG0HZ5Q5ZG71A51AWR62FA31","2026-01-27T20:22:53.420244332Z","true","2026-01-27T20:51:53.072703185Z","end of game","2026-01-27T20:51:53.084780312Z","01KG0HZ5QM8R0DE3Z4RDAZR25Q","2026-01-27T20:22:53.430161118Z","01KG0KDD15X8E8SZ3GSE7KW3JS","2026-01-27T20:48:08.233434512Z",12,"2026-01-27T20:48:57.077767173Z","null","2026-01-27T20:51:53.072703185Z","true","2026-01-27T20:48:57.007604521Z","true","2026-01-27T20:48:57.007604521Z","ended","2026-01-27T20:51:53.084780312Z","{""advice"":""Try to find an outcome that's fair for both of you."",""adviceType"":""noCG"",""chatEnabled"":false,""numRounds"":13,""playerCount"":2}","2026-01-27T20:22:53.420244332Z","noCG_cooperate","2026-01-27T20:22:53.420244332Z"
"01KG0JEN6Q1SEXXD9ZC14ND3V5",2,"2026-01-27T21:00:03.027306675Z","01KG0JEN6FCYXH8RZWF6W95HAW","2026-01-27T20:31:20.791388343Z","true","2026-01-27T21:02:48.616344458Z","end of game","2026-01-27T21:02:48.638510163Z","01KG0JEN73YE4JHTE2XWQNJD61","2026-01-27T20:31:20.804648372Z","01KG0M2RHT1R9TV6MQ8WTMKJ4Q","2026-01-27T20:59:48.157248195Z",12,"2026-01-27T21:00:03.123449186Z","null","2026-01-27T21:02:48.616344458Z","true","2026-01-27T21:00:03.027306675Z","true","2026-01-27T21:00:03.027306675Z","ended","2026-01-27T21:02:48.638510163Z","{""advice"":""Try to find an outcome that's fair for both of you."",""adviceType"":""noCG"",""chatEnabled"":false,""numRounds"":13,""playerCount"":2}","2026-01-27T20:31:20.791388343Z","noCG_cooperate","2026-01-27T20:31:20.791388343Z"
"01KG0JEP109HE85EPXVB32E3SX",2,"2026-01-27T21:03:28.969713297Z","01KG0JEP0T8N4HXBYPFHCDCTR6","2026-01-27T20:31:21.632991125Z","true","2026-01-27T21:05:36.421233278Z","end of game","2026-01-27T21:05:36.440119643Z","01KG0JEP1CQT4C821W24WMF9SR","2026-01-27T20:31:21.645598056Z","01KG0M89Y72Z7R7NY8FKE332G0","2026-01-27T21:02:49.802269351Z",12,"2026-01-27T21:03:29.083062011Z","null","2026-01-27T21:05:36.421233278Z","true","2026-01-27T21:03:28.969713297Z","true","2026-01-27T21:03:28.969713297Z","ended","2026-01-27T21:05:36.440119643Z","{""advice"":""Try to find an outcome that's fair for both of you."",""adviceType"":""noCG"",""chatEnabled"":false,""numRounds"":13,""playerCount"":2}","2026-01-27T20:31:21.632991125Z","noCG_cooperate","2026-01-27T20:31:21.632991125Z"
"01KG0HYKHYVRMWKW26GRCAHB9G",2,"2026-01-27T20:32:41.539549928Z","01KG0HYKHRDYNPK0QD4A0FMF13","2026-01-27T20:22:34.814076358Z","true","2026-01-27T20:36:20.71766668Z","end of game","2026-01-27T20:36:20.724031854Z","01KG0HYKJ7C88BYTVJNY0FE01T","2026-01-27T20:22:34.824669947Z","01KG0JGVXMNG8DRHM06K4AFRVQ","2026-01-27T20:32:33.20699442Z",12,"2026-01-27T20:32:41.569381847Z","null","2026-01-27T20:36:20.71766668Z","true","2026-01-27T20:32:41.539549928Z","true","2026-01-27T20:32:41.539549928Z","ended","2026-01-27T20:36:20.724031854Z","{""advice"":""Try to find an outcome that's fair for both of you."",""adviceType"":""noCG"",""chatEnabled"":false,""numRounds"":13,""playerCount"":2}","2026-01-27T20:22:34.814076358Z","noCG_cooperate","2026-01-27T20:22:34.814076358Z"
"01KG2EWMFZB1DHVPFWKB1M9G68",2,"2026-01-28T14:12:22.811906344Z","01KG2EWMFHAWG7TYTQSTZCZ9R7","2026-01-28T14:07:33.375449959Z","true","2026-01-28T14:16:16.819348887Z","end of game","2026-01-28T14:16:16.824075111Z","01KG2EWMGFBXNWWWPF7263TV8M","2026-01-28T14:07:33.39388208Z","01KG2F3ACT7NGVNAEC522K6VPJ","2026-01-28T14:11:12.415169388Z",12,"2026-01-28T14:12:22.836837741Z","null","2026-01-28T14:16:16.819348887Z","true","2026-01-28T14:12:22.811906344Z","true","2026-01-28T14:12:22.811906344Z","ended","2026-01-28T14:16:16.824075111Z","{""advice"":""Try to find an outcome that's fair for both of you."",""adviceType"":""noCG"",""chatEnabled"":false,""numRounds"":13,""playerCount"":2}","2026-01-28T14:07:33.375449959Z","noCG_cooperate","2026-01-28T14:07:33.375449959Z"
"01KG2EWRCNJXTQXN5ZVGE1H4ZP",2,"2026-01-28T14:17:10.816533307Z","01KG2EWRCFNBM53MRA89J812PD","2026-01-28T14:07:37.365408058Z","true","2026-01-28T14:19:43.492425935Z","end of game","2026-01-28T14:19:43.502317165Z","01KG2EWRCY8PMCRVVMVFK5G55K","2026-01-28T14:07:37.375977543Z","01KG2FE6G3MEKCAQANPWS3CT7Y","2026-01-28T14:17:08.870765118Z",12,"2026-01-28T14:17:10.841788376Z","null","2026-01-28T14:19:43.492425935Z","true","2026-01-28T14:17:10.816533307Z","true","2026-01-28T14:17:10.816533307Z","ended","2026-01-28T14:19:43.502317165Z","{""advice"":""Try to find an outcome that's fair for both of you."",""adviceType"":""noCG"",""chatEnabled"":false,""numRounds"":13,""playerCount"":2}","2026-01-28T14:07:37.365408058Z","noCG_cooperate","2026-01-28T14:07:37.365408058Z"
"01KG2GQ8Q89C2BR1YJK7VHA1AX",2,"2026-01-28T14:45:32.470760135Z","01KG2GQ8PR2K2PEABZWCXQDF8T","2026-01-28T14:39:34.632656373Z","true","2026-01-28T14:47:54.503560082Z","end of game","2026-01-28T14:47:54.514993016Z","01KG2GQ8QW9VZGP5A2XK5D48R6","2026-01-28T14:39:34.653800664Z","01KG2H1XWDA80V0TFHQDEB15ZX","2026-01-28T14:45:23.988251874Z",12,"2026-01-28T14:45:32.531497924Z","null","2026-01-28T14:47:54.503560082Z","true","2026-01-28T14:45:32.470760135Z","true","2026-01-28T14:45:32.470760135Z","ended","2026-01-28T14:47:54.514993016Z","{""advice"":""Try to get the best outcome for yourself."",""adviceType"":""noCG"",""chatEnabled"":false,""numRounds"":13,""playerCount"":2}","2026-01-28T14:39:34.632656373Z","noCG_selfish","2026-01-28T14:39:34.632656373Z"
"01KG2HA11M23CN2TNAZYGN6MJC",2,"2026-01-28T15:00:05.998671941Z","01KG2HA10XKM7BV07F7S9F173J","2026-01-28T14:49:49.364993472Z","true","2026-01-28T15:02:50.690054497Z","end of game","2026-01-28T15:02:50.706940882Z","01KG2HA12NMHDJBW4NFPK94HXN","2026-01-28T14:49:49.399281945Z","01KG2HW3XY9QZ66ZR3M390W8NV","2026-01-28T14:59:42.146083517Z",12,"2026-01-28T15:00:06.084701781Z","null","2026-01-28T15:02:50.690054497Z","true","2026-01-28T15:00:05.998671941Z","true","2026-01-28T15:00:05.998671941Z","ended","2026-01-28T15:02:50.706940882Z","{""advice"":""Try to get the best outcome for yourself."",""adviceType"":""CG"",""numRounds"":13,""playerCount"":2}","2026-01-28T14:49:49.364993472Z","CG_selfish","2026-01-28T14:49:49.364993472Z"
"01KG2HAD3J8A22EQWYV6TZYRCV",2,"2026-01-28T15:06:43.516307615Z","01KG2HAD2YSGEYWF9HGEQZMKGG","2026-01-28T14:50:01.714861194Z","true","2026-01-28T15:09:39.192310955Z","end of game","2026-01-28T15:09:39.214159758Z","01KG2HAD4RGAFAJF9PKQ3KQFQQ","2026-01-28T14:50:01.754738139Z","01KG2J8Z17XGPSS5CC55B75YYZ","2026-01-28T15:06:43.11669687Z",12,"2026-01-28T15:06:43.634929782Z","null","2026-01-28T15:09:39.192310955Z","true","2026-01-28T15:06:43.516307615Z","true","2026-01-28T15:06:43.516307615Z","ended","2026-01-28T15:09:39.214159758Z","{""advice"":""Try to get the best outcome for yourself."",""adviceType"":""CG"",""numRounds"":13,""playerCount"":2}","2026-01-28T14:50:01.714861194Z","CG_selfish","2026-01-28T14:50:01.714861194Z"
"01KG2HAAFQS07NM7VDRPFXCADF",2,"2026-01-28T15:00:30.526860492Z","01KG2HAAEXMR1N1RPVP63NQS29","2026-01-28T14:49:59.03114309Z","true","2026-01-28T15:02:53.762876054Z","end of game","2026-01-28T15:02:53.786007128Z","01KG2HAAGRMQ98B65V12C13FEV","2026-01-28T14:49:59.066032702Z","01KG2HX81EP2CC6K2330W3DDYC","2026-01-28T15:00:19.12267243Z",12,"2026-01-28T15:00:30.629801393Z","null","2026-01-28T15:02:53.762876054Z","true","2026-01-28T15:00:30.526860492Z","true","2026-01-28T15:00:30.526860492Z","ended","2026-01-28T15:02:53.786007128Z","{""advice"":""Try to get the best outcome for yourself."",""adviceType"":""CG"",""numRounds"":13,""playerCount"":2}","2026-01-28T14:49:59.03114309Z","CG_selfish","2026-01-28T14:49:59.03114309Z"
"01KG2EWQHS78HPYFKME7C0A742",2,"2026-01-28T14:15:07.236846844Z","01KG2EWQHJQ1S1K55X0BMWQ6Q6","2026-01-28T14:07:36.505313506Z","true","2026-01-28T14:19:47.944995269Z","end of game","2026-01-28T14:19:47.951879437Z","01KG2EWQJ2E3N2XDCQGV10Z5YA","2026-01-28T14:07:36.515505008Z","01KG2FABZJC33YNYMJK14RCBNM","2026-01-28T14:15:03.412641562Z",12,"2026-01-28T14:15:07.259672836Z","null","2026-01-28T14:19:47.944995269Z","true","2026-01-28T14:15:07.236846844Z","true","2026-01-28T14:15:07.236846844Z","ended","2026-01-28T14:19:47.951879437Z","{""advice"":""Try to find an outcome that's fair for both of you."",""adviceType"":""noCG"",""chatEnabled"":false,""numRounds"":13,""playerCount"":2}","2026-01-28T14:07:36.505313506Z","noCG_cooperate","2026-01-28T14:07:36.505313506Z"
"01KG2EWRH89R7Q3JDEHPHT2YQS",2,"2026-01-28T14:17:27.14955599Z","01KG2EWRH2PBWQ3YP4V8BG62AT","2026-01-28T14:07:37.512046532Z","true","2026-01-28T14:20:40.963640709Z","end of game","2026-01-28T14:20:40.96964849Z","01KG2EWRHH6905NF7VZX89HCH7","2026-01-28T14:07:37.523333991Z","01KG2FER9S8T7G4F3J4CEWDS0R","2026-01-28T14:17:27.100369847Z",12,"2026-01-28T14:17:27.177078306Z","null","2026-01-28T14:20:40.963640709Z","true","2026-01-28T14:17:27.14955599Z","true","2026-01-28T14:17:27.14955599Z","ended","2026-01-28T14:20:40.96964849Z","{""advice"":""Try to find an outcome that's fair for both of you."",""adviceType"":""noCG"",""chatEnabled"":false,""numRounds"":13,""playerCount"":2}","2026-01-28T14:07:37.512046532Z","noCG_cooperate","2026-01-28T14:07:37.512046532Z"
"01KG2EX7W7ZKJDCS60MH32XQME",2,"2026-01-28T14:23:08.778364388Z","01KG2EX7W0FT14T80ENSCSK1Q7","2026-01-28T14:07:53.223570952Z","true","2026-01-28T14:26:03.77713728Z","end of game","2026-01-28T14:26:03.784480026Z","01KG2EX7WHS7BFJS72GRXA3WWW","2026-01-28T14:07:53.235191012Z","01KG2FRHZ9QHMQ6CCWX7JT50RR","2026-01-28T14:22:48.299737392Z",12,"2026-01-28T14:23:08.821133058Z","null","2026-01-28T14:26:03.77713728Z","true","2026-01-28T14:23:08.778364388Z","true","2026-01-28T14:23:08.778364388Z","ended","2026-01-28T14:26:03.784480026Z","{""advice"":""Try to find an outcome that's fair for both of you."",""adviceType"":""noCG"",""chatEnabled"":false,""numRounds"":13,""playerCount"":2}","2026-01-28T14:07:53.223570952Z","noCG_cooperate","2026-01-28T14:07:53.223570952Z"
"01KG2EX9QVJVXCC30JSRWNFP9B",2,"2026-01-28T14:28:04.181980774Z","01KG2EX9QN0AEZB3R7JG1TVXPX","2026-01-28T14:07:55.131788353Z","true","2026-01-28T14:31:56.721972397Z","end of game","2026-01-28T14:31:56.729517496Z","01KG2EX9R5XAA3K9AYTZ37NC18","2026-01-28T14:07:55.142809678Z","01KG2G0NYK09S9MZSGN4G95SRC","2026-01-28T14:27:14.518951632Z",12,"2026-01-28T14:28:04.226459946Z","null","2026-01-28T14:31:56.721972397Z","true","2026-01-28T14:28:04.181980774Z","true","2026-01-28T14:28:04.181980774Z","ended","2026-01-28T14:31:56.729517496Z","{""advice"":""Try to find an outcome that's fair for both of you."",""adviceType"":""noCG"",""chatEnabled"":false,""numRounds"":13,""playerCount"":2}","2026-01-28T14:07:55.131788353Z","noCG_cooperate","2026-01-28T14:07:55.131788353Z"
"01KG2GQ1XN7XGFT1R0TDJMHZ68",2,"2026-01-28T14:44:08.273650117Z","01KG2GQ1X5XAHCHXZVWM5785M4","2026-01-28T14:39:27.669750532Z","true","2026-01-28T14:46:57.273681812Z","end of game","2026-01-28T14:46:57.285152187Z","01KG2GQ1Y9MH1TSMYYT6FNR7SW","2026-01-28T14:39:27.691178906Z","01KG2GXC1DJV8Y261M9KSWV9NZ","2026-01-28T14:42:54.641236944Z",12,"2026-01-28T14:44:08.328196609Z","null","2026-01-28T14:46:57.273681812Z","true","2026-01-28T14:44:08.273650117Z","true","2026-01-28T14:44:08.273650117Z","ended","2026-01-28T14:46:57.285152187Z","{""advice"":""Try to get the best outcome for yourself."",""adviceType"":""noCG"",""chatEnabled"":false,""numRounds"":13,""playerCount"":2}","2026-01-28T14:39:27.669750532Z","noCG_selfish","2026-01-28T14:39:27.669750532Z"
"01KG2GQ850Q27G63CHA1ZC12GV",2,"2026-01-28T14:44:49.951603321Z","01KG2GQ84G3VE4N69ZN9WM76XE","2026-01-28T14:39:34.048096951Z","true","2026-01-28T14:48:15.306849169Z","end of game","2026-01-28T14:48:15.318961727Z","01KG2GQ85MEGM3EW0555F6Q1AF","2026-01-28T14:39:34.069265446Z","01KG2H036TZW47NE2AATKS3GFZ","2026-01-28T14:44:23.9022069Z",12,"2026-01-28T14:44:50.001402384Z","null","2026-01-28T14:48:15.306849169Z","true","2026-01-28T14:44:49.951603321Z","true","2026-01-28T14:44:49.951603321Z","ended","2026-01-28T14:48:15.318961727Z","{""advice"":""Try to get the best outcome for yourself."",""adviceType"":""noCG"",""chatEnabled"":false,""numRounds"":13,""playerCount"":2}","2026-01-28T14:39:34.048096951Z","noCG_selfish","2026-01-28T14:39:34.048096951Z"
"01KG2EWQ34W84TRCM9SJX7WW6H",2,"2026-01-28T14:14:05.060189062Z","01KG2EWQ2XH0A35TRGZSGS95XM","2026-01-28T14:07:36.036198327Z","true","2026-01-28T14:19:50.750702544Z","end of game","2026-01-28T14:19:50.757449606Z","01KG2EWQ3EQTZDTY5M5VWA4C7Z","2026-01-28T14:07:36.047593959Z","01KG2F8G51TM38TRGN1H85TY38","2026-01-28T14:14:02.14768417Z",12,"2026-01-28T14:14:05.083341744Z","null","2026-01-28T14:19:50.750702544Z","true","2026-01-28T14:14:05.060189062Z","true","2026-01-28T14:14:05.060189062Z","ended","2026-01-28T14:19:50.757449606Z","{""advice"":""Try to find an outcome that's fair for both of you."",""adviceType"":""noCG"",""chatEnabled"":false,""numRounds"":13,""playerCount"":2}","2026-01-28T14:07:36.036198327Z","noCG_cooperate","2026-01-28T14:07:36.036198327Z"
"01KG2EWQW86NTXWV4S8KSC0Z5F",2,"2026-01-28T14:15:41.807327108Z","01KG2EWQW1JDDGRHD39R9TQXKC","2026-01-28T14:07:36.840478399Z","true","2026-01-28T14:19:56.556010202Z","end of game","2026-01-28T14:19:56.580287686Z","01KG2EWQWH8HDHE0E1PFMG3KSR","2026-01-28T14:07:36.85085709Z","01KG2FAG89MSB9T9X6XPM2ZHK5","2026-01-28T14:15:07.790051651Z",12,"2026-01-28T14:15:41.83704475Z","null","2026-01-28T14:19:56.556010202Z","true","2026-01-28T14:15:41.807327108Z","true","2026-01-28T14:15:41.807327108Z","ended","2026-01-28T14:19:56.580287686Z","{""advice"":""Try to find an outcome that's fair for both of you."",""adviceType"":""noCG"",""chatEnabled"":false,""numRounds"":13,""playerCount"":2}","2026-01-28T14:07:36.840478399Z","noCG_cooperate","2026-01-28T14:07:36.840478399Z"
"01KG2GQ978B17WQFN80SP8Z0ZF",2,"2026-01-28T14:46:49.201390798Z","01KG2GQ96S41YGX5ERDTBCHWXP","2026-01-28T14:39:35.144689268Z","true","2026-01-28T14:50:26.305734803Z","end of game","2026-01-28T14:50:26.319170481Z","01KG2GQ97XMRYADZGZ0XJ6G0FM","2026-01-28T14:39:35.167049046Z","01KG2H290B0G7YDQ1YR7XF7EHZ","2026-01-28T14:45:35.37436604Z",12,"2026-01-28T14:46:49.256616967Z","null","2026-01-28T14:50:26.305734803Z","true","2026-01-28T14:46:49.201390798Z","true","2026-01-28T14:46:49.201390798Z","ended","2026-01-28T14:50:26.319170481Z","{""advice"":""Try to get the best outcome for yourself."",""adviceType"":""noCG"",""chatEnabled"":false,""numRounds"":13,""playerCount"":2}","2026-01-28T14:39:35.144689268Z","noCG_selfish","2026-01-28T14:39:35.144689268Z"
"01KG2EWPY98DYYWXCFXPGDC9KM",2,"2026-01-28T14:12:53.408308436Z","01KG2EWPY1HMMVN9ZKVVT2SEJ2","2026-01-28T14:07:35.881984256Z","true","2026-01-28T14:15:27.878473109Z","end of game","2026-01-28T14:15:27.883618918Z","01KG2EWPYPRAQG475MBYE2TWWE","2026-01-28T14:07:35.896362399Z","01KG2F60CDDK7HTZPZQ4JW60KF","2026-01-28T14:12:40.464703366Z",12,"2026-01-28T14:12:53.428126995Z","null","2026-01-28T14:15:27.878473109Z","true","2026-01-28T14:12:53.408308436Z","true","2026-01-28T14:12:53.408308436Z","ended","2026-01-28T14:15:27.883618918Z","{""advice"":""Try to find an outcome that's fair for both of you."",""adviceType"":""noCG"",""chatEnabled"":false,""numRounds"":13,""playerCount"":2}","2026-01-28T14:07:35.881984256Z","noCG_cooperate","2026-01-28T14:07:35.881984256Z"
"01KG2EWQ9TM473B15S6K7315FV",2,"2026-01-28T14:14:58.678553786Z","01KG2EWQ9KJ402QDX79TGHEA23","2026-01-28T14:07:36.25003458Z","true","2026-01-28T14:16:33.710833932Z","end of game","2026-01-28T14:16:33.718517626Z","01KG2EWQA3XZQEH4KN63S44WY6","2026-01-28T14:07:36.261249592Z","01KG2F9F3C7VCXQ795JTJ7VWR4","2026-01-28T14:14:33.839093645Z",12,"2026-01-28T14:14:58.694085474Z","null","2026-01-28T14:16:33.710833932Z","true","2026-01-28T14:14:58.678553786Z","true","2026-01-28T14:14:58.678553786Z","ended","2026-01-28T14:16:33.718517626Z","{""advice"":""Try to find an outcome that's fair for both of you."",""adviceType"":""noCG"",""chatEnabled"":false,""numRounds"":13,""playerCount"":2}","2026-01-28T14:07:36.25003458Z","noCG_cooperate","2026-01-28T14:07:36.25003458Z"
"01KG2EWR0HV4HYSXNXWSG7BFM0",2,"2026-01-28T14:16:52.920925111Z","01KG2EWR0BW2AKBZT0Z9X5V6VG","2026-01-28T14:07:36.977999051Z","true","2026-01-28T14:20:16.49084802Z","end of game","2026-01-28T14:20:16.497365279Z","01KG2EWR0T1GVW3HS7DDDPZMH6","2026-01-28T14:07:36.987709753Z","01KG2FCNTTP29JEZRM8JB138M0","2026-01-28T14:16:19.036362142Z",12,"2026-01-28T14:16:52.948333922Z","null","2026-01-28T14:20:16.49084802Z","true","2026-01-28T14:16:52.920925111Z","true","2026-01-28T14:16:52.920925111Z","ended","2026-01-28T14:20:16.497365279Z","{""advice"":""Try to find an outcome that's fair for both of you."",""adviceType"":""noCG"",""chatEnabled"":false,""numRounds"":13,""playerCount"":2}","2026-01-28T14:07:36.977999051Z","noCG_cooperate","2026-01-28T14:07:36.977999051Z"
"01KG2HACERQ5WQB3F9G5CB2P9Q",2,"2026-01-28T15:05:11.519666685Z","01KG2HACE57E2R0ATXX63K8M2N","2026-01-28T14:50:01.048885168Z","true","2026-01-28T15:09:47.791128974Z","end of game","2026-01-28T15:09:47.813831236Z","01KG2HACFZ1319CK5T0Y6JWNXB","2026-01-28T14:50:01.089950965Z","01KG2J4VSBPKSPPB4JFAGXPCZV","2026-01-28T15:04:28.718664506Z",12,"2026-01-28T15:05:11.638229485Z","null","2026-01-28T15:09:47.791128974Z","true","2026-01-28T15:05:11.519666685Z","true","2026-01-28T15:05:11.519666685Z","ended","2026-01-28T15:09:47.813831236Z","{""advice"":""Try to get the best outcome for yourself."",""adviceType"":""CG"",""numRounds"":13,""playerCount"":2}","2026-01-28T14:50:01.048885168Z","CG_selfish","2026-01-28T14:50:01.048885168Z"
"01KG2HADS5660G8KTZGRJFCEY7",2,"2026-01-28T15:06:57.337601741Z","01KG2HADRBBP618QSMFDZPH37Q","2026-01-28T14:50:02.405151556Z","true","2026-01-28T15:09:44.633308686Z","end of game","2026-01-28T15:09:44.660281792Z","01KG2HADTEQ40CCBTEFG37C5NV","2026-01-28T14:50:02.448909607Z","01KG2J9BCNVYSX9RZ6E49CZ0W3","2026-01-28T15:06:55.77071711Z",12,"2026-01-28T15:06:57.459321767Z","null","2026-01-28T15:09:44.633308686Z","true","2026-01-28T15:06:57.337601741Z","true","2026-01-28T15:06:57.337601741Z","ended","2026-01-28T15:09:44.660281792Z","{""advice"":""Try to get the best outcome for yourself."",""adviceType"":""CG"",""numRounds"":13,""playerCount"":2}","2026-01-28T14:50:02.405151556Z","CG_selfish","2026-01-28T14:50:02.405151556Z"
"01KG2EWRP5M56DESD71W1J6C31",2,"2026-01-28T14:17:35.326343295Z","01KG2EWRNZ7ZB3ZEZ4DEVG9QMB","2026-01-28T14:07:37.669525968Z","true","2026-01-28T14:20:21.431824582Z","end of game","2026-01-28T14:20:21.43828985Z","01KG2EWRPFSY9RWRQHMKTVQPD3","2026-01-28T14:07:37.680700621Z","01KG2FEWP0V0W4099MKZXYJTGW","2026-01-28T14:17:31.586649384Z",12,"2026-01-28T14:17:35.356472742Z","null","2026-01-28T14:20:21.431824582Z","true","2026-01-28T14:17:35.326343295Z","true","2026-01-28T14:17:35.326343295Z","ended","2026-01-28T14:20:21.43828985Z","{""advice"":""Try to find an outcome that's fair for both of you."",""adviceType"":""noCG"",""chatEnabled"":false,""numRounds"":13,""playerCount"":2}","2026-01-28T14:07:37.669525968Z","noCG_cooperate","2026-01-28T14:07:37.669525968Z"
"01KG2EX7B2RDDC05XWYRVV83Q7",2,"2026-01-28T14:22:02.405939838Z","01KG2EX7ATVDW5M3QQACQNAW3G","2026-01-28T14:07:52.674777222Z","true","2026-01-28T14:24:47.93044446Z","end of game","2026-01-28T14:24:47.93761283Z","01KG2EX7BC85EPC4KSHDP2N1QQ","2026-01-28T14:07:52.68585086Z","01KG2FNKHH735M782VER24G24P","2026-01-28T14:21:11.604407566Z",12,"2026-01-28T14:22:02.449220134Z","null","2026-01-28T14:24:47.93044446Z","true","2026-01-28T14:22:02.405939838Z","true","2026-01-28T14:22:02.405939838Z","ended","2026-01-28T14:24:47.93761283Z","{""advice"":""Try to find an outcome that's fair for both of you."",""adviceType"":""noCG"",""chatEnabled"":false,""numRounds"":13,""playerCount"":2}","2026-01-28T14:07:52.674777222Z","noCG_cooperate","2026-01-28T14:07:52.674777222Z"
"01KG2GQ9XCWARKTEZGNJXGKQ0M",2,"2026-01-28T14:47:31.147669757Z","01KG2GQ9WXE8N94W4Q9T0YPB7C","2026-01-28T14:39:35.852060034Z","true","2026-01-28T14:54:25.740912976Z","end of game","2026-01-28T14:54:25.755041235Z","01KG2GQ9Y2B9QA78NS3T3C6EG7","2026-01-28T14:39:35.875333833Z","01KG2H5QZHS2DXFJT5YG7YCB3S","2026-01-28T14:47:29.012677848Z",12,"2026-01-28T14:47:31.203847577Z","null","2026-01-28T14:54:25.740912976Z","true","2026-01-28T14:47:31.147669757Z","true","2026-01-28T14:47:31.147669757Z","ended","2026-01-28T14:54:25.755041235Z","{""advice"":""Try to get the best outcome for yourself."",""adviceType"":""noCG"",""chatEnabled"":false,""numRounds"":13,""playerCount"":2}","2026-01-28T14:39:35.852060034Z","noCG_selfish","2026-01-28T14:39:35.852060034Z"
"01KG2GQADJDDEC1P4659B9WVFR",2,"2026-01-28T14:54:10.870638647Z","01KG2GQAD27JYACM5ZA8DFDKN6","2026-01-28T14:39:36.370560514Z","true","2026-01-28T14:58:32.392746396Z","end of game","2026-01-28T14:58:32.407846955Z","01KG2GQAE99A2X6KHR8C4V2988","2026-01-28T14:39:36.394369458Z","01KG2H9RASGF8YA2T1CKP2P8DS","2026-01-28T14:49:40.444746942Z",12,"2026-01-28T14:54:10.957924707Z","null","2026-01-28T14:58:32.392746396Z","true","2026-01-28T14:54:10.870638647Z","true","2026-01-28T14:54:10.870638647Z","ended","2026-01-28T14:58:32.407846955Z","{""advice"":""Try to get the best outcome for yourself."",""adviceType"":""noCG"",""chatEnabled"":false,""numRounds"":13,""playerCount"":2}","2026-01-28T14:39:36.370560514Z","noCG_selfish","2026-01-28T14:39:36.370560514Z"
"01KG2K2KT5QWV8VNC6AGBWC574",2,"2026-01-28T15:27:09.78350006Z","01KG2K2KSX84V06AGD91SWQ1B3","2026-01-28T15:20:43.589680854Z","true","2026-01-28T15:30:09.323621345Z","end of game","2026-01-28T15:30:09.32807286Z","01KG2K2KTG77ZFK3NZ6C1WC4Z6","2026-01-28T15:20:43.601394841Z","01KG2KCYRBAKJJ00RTQHW3MMQ9","2026-01-28T15:26:22.47977047Z",12,"2026-01-28T15:27:09.803321467Z","null","2026-01-28T15:30:09.323621345Z","true","2026-01-28T15:27:09.78350006Z","true","2026-01-28T15:27:09.78350006Z","ended","2026-01-28T15:30:09.32807286Z","{""advice"":""Try to find an outcome that's fair for both of you."",""adviceType"":""CG"",""chatEnabled"":false,""numRounds"":13,""playerCount"":2}","2026-01-28T15:20:43.589680854Z","CG_cooperate","2026-01-28T15:20:43.589680854Z"
"01KG2K2N9TP8FEAWNG70F9KYJT",2,"2026-01-28T15:31:10.402210698Z","01KG2K2N9MQZNH2F59EZMYX3TV","2026-01-28T15:20:45.114093297Z","true","2026-01-28T15:36:16.412937654Z","end of game","2026-01-28T15:36:16.418271749Z","01KG2K2NA2X9YS5DSZYYYWHP5Y","2026-01-28T15:20:45.124552156Z","01KG2KMPFQXNHBZ7MG2ZKHJYR4","2026-01-28T15:30:36.153832847Z",12,"2026-01-28T15:31:10.425952929Z","null","2026-01-28T15:36:16.412937654Z","true","2026-01-28T15:31:10.402210698Z","true","2026-01-28T15:31:10.402210698Z","ended","2026-01-28T15:36:16.418271749Z","{""advice"":""Try to find an outcome that's fair for both of you."",""adviceType"":""CG"",""chatEnabled"":false,""numRounds"":13,""playerCount"":2}","2026-01-28T15:20:45.114093297Z","CG_cooperate","2026-01-28T15:20:45.114093297Z"
"01KG2K2NPC7NFAY8DAKFA4TPHD",2,"2026-01-28T15:33:36.317592232Z","01KG2K2NP69CKHYBXZDPXN1RX4","2026-01-28T15:20:45.516393984Z","true","2026-01-28T15:37:04.773874342Z","end of game","2026-01-28T15:37:04.779172429Z","01KG2K2NPN4QR0ACE1MZGC5C9A","2026-01-28T15:20:45.526899018Z","01KG2KT13EY23EJ6Y88KRM0DNQ","2026-01-28T15:33:30.864690536Z",12,"2026-01-28T15:33:36.342417207Z","null","2026-01-28T15:37:04.773874342Z","true","2026-01-28T15:33:36.317592232Z","true","2026-01-28T15:33:36.317592232Z","ended","2026-01-28T15:37:04.779172429Z","{""advice"":""Try to find an outcome that's fair for both of you."",""adviceType"":""CG"",""chatEnabled"":false,""numRounds"":13,""playerCount"":2}","2026-01-28T15:20:45.516393984Z","CG_cooperate","2026-01-28T15:20:45.516393984Z"
"01KG2K2HXX7R1Q98JCT1ZH5T9A",2,"2026-01-28T15:25:08.814476709Z","01KG2K2HXFYJXZJMXKG4G7W0RY","2026-01-28T15:20:41.66168769Z","true","2026-01-28T15:28:23.981945076Z","end of game","2026-01-28T15:28:23.988245268Z","01KG2K2HYDW8PV6HGM8TE1AMR8","2026-01-28T15:20:41.679904353Z","01KG2K9F847G947TZFDPDT676D","2026-01-28T15:24:28.295732606Z",12,"2026-01-28T15:25:08.866948526Z","null","2026-01-28T15:28:23.981945076Z","true","2026-01-28T15:25:08.814476709Z","true","2026-01-28T15:25:08.814476709Z","ended","2026-01-28T15:28:23.988245268Z","{""advice"":""Try to find an outcome that's fair for both of you."",""adviceType"":""CG"",""chatEnabled"":false,""numRounds"":13,""playerCount"":2}","2026-01-28T15:20:41.66168769Z","CG_cooperate","2026-01-28T15:20:41.66168769Z"
"01KG2K2KES3DJAT7XF0Q9ZTR27",2,"2026-01-28T15:26:03.540044029Z","01KG2K2KEG4JHMGDD3PRH4D5G9","2026-01-28T15:20:43.225049454Z","true","2026-01-28T15:28:36.540651246Z","end of game","2026-01-28T15:28:36.544643533Z","01KG2K2KF648V8XFE2GYQGZB0N","2026-01-28T15:20:43.240154924Z","01KG2KAXA5QPN95QNNPN61SRWS","2026-01-28T15:25:15.463902857Z",12,"2026-01-28T15:26:03.558474597Z","null","2026-01-28T15:28:36.540651246Z","true","2026-01-28T15:26:03.540044029Z","true","2026-01-28T15:26:03.540044029Z","ended","2026-01-28T15:28:36.544643533Z","{""advice"":""Try to find an outcome that's fair for both of you."",""adviceType"":""CG"",""chatEnabled"":false,""numRounds"":13,""playerCount"":2}","2026-01-28T15:20:43.225049454Z","CG_cooperate","2026-01-28T15:20:43.225049454Z"
"01KG2K2M5C1E1D3DDSR30CX11J",2,"2026-01-28T15:27:22.216844633Z","01KG2K2M55HM1YGHDERDNR96T4","2026-01-28T15:20:43.948663277Z","true","2026-01-28T15:30:39.676564229Z","end of game","2026-01-28T15:30:39.685196527Z","01KG2K2M5NAJKAE0GHF1F2CFNW","2026-01-28T15:20:43.959503257Z","01KG2KEMFN8GFGQQ56YYJ4YXK6","2026-01-28T15:27:17.496276676Z",12,"2026-01-28T15:27:22.239093435Z","null","2026-01-28T15:30:39.676564229Z","true","2026-01-28T15:27:22.216844633Z","true","2026-01-28T15:27:22.216844633Z","ended","2026-01-28T15:30:39.685196527Z","{""advice"":""Try to find an outcome that's fair for both of you."",""adviceType"":""CG"",""chatEnabled"":false,""numRounds"":13,""playerCount"":2}","2026-01-28T15:20:43.948663277Z","CG_cooperate","2026-01-28T15:20:43.948663277Z"
