"id","advice","adviceLastChangedAt","bonus","bonusLastChangedAt","endReason","endReasonLastChangedAt","ended","endedLastChangedAt","exitStep","exitStepLastChangedAt","exitSurvey","exitSurveyLastChangedAt","gameID","gameIDLastChangedAt","intro","introLastChangedAt","introDone","introDoneLastChangedAt","participantID","participantIDLastChangedAt","participantIdentifier","participantIdentifierLastChangedAt","treatment","treatmentLastChangedAt","treatmentName","treatmentNameLastChangedAt","urlParams","urlParamsLastChangedAt","writtenPlan","writtenPlanLastChangedAt","exitStepDone","exitStepDoneLastChangedAt"
"01KFYAFSQ32E1S8JVCSQNTKSTN","{""advice"":""Try to find an outcome that's fair for both of you.""}","2026-01-26T23:36:11.232847203Z",173,"2026-01-26T23:42:29.573704411Z","","","game ended","2026-01-26T23:42:45.407951387Z",1,"2026-01-26T23:43:27.368864516Z","{""adviceFollowed"":""My partner only kept going for the highest amount and wasn't trying to even share the earnings by moving around!!"",""partnerAdvice"":"""",""feedback"":""""}","2026-01-26T23:43:27.367614819Z","01KFY9K3FN5263WR0FAQX9QS28","2026-01-26T23:37:31.574510631Z",3,"2026-01-26T23:36:11.235316596Z","true","2026-01-26T23:37:50.382043316Z","01KFYAFSE7BRFPJKDXBFSZD7RH","2026-01-26T23:33:40.707934332Z","596f003434773e0001fc0d28","2026-01-26T23:33:40.707934332Z","{""advice"":""Try to find an outcome that's fair for both of you."",""adviceType"":""CG"",""chatEnabled"":false,""numRounds"":13,""playerCount"":2}","2026-01-26T23:33:40.713045095Z","CG_cooperate","2026-01-26T23:33:40.713045095Z","{""PROLIFIC_PID"":""596f003434773e0001fc0d28"",""STUDY_ID"":""6976b36e15b09b93b6b74098"",""SESSION_ID"":""6977f9b2dbbfcff4c238fcdc""}","2026-01-26T23:33:40.866863578Z","{""plan"":""I will try to move around where I am parking during the game.""}","2026-01-26T23:37:50.380363957Z",NA,NA
"01KFYARN7DV6PVPV4SYYPED9PC","{""advice"":""Try to find an outcome that's fair for both of you.""}","2026-01-26T23:40:35.26320107Z",134,"2026-01-26T23:44:18.074179931Z","","","game ended","2026-01-26T23:44:28.571415093Z",1,"2026-01-26T23:44:48.912812984Z","{""adviceFollowed"":""Not really."",""partnerAdvice"":"""",""feedback"":""""}","2026-01-26T23:44:48.915120043Z","01KFY9K42AHW7GHFTXMN7EGHFW","2026-01-26T23:41:03.303595555Z",3,"2026-01-26T23:40:35.260183743Z","true","2026-01-26T23:41:23.347938731Z","01KFYARMRNYJQ1DK334KJ7JR6Q","2026-01-26T23:38:31.0219364Z","5cf9de227cb81800012766ef","2026-01-26T23:38:31.0219364Z","{""advice"":""Try to find an outcome that's fair for both of you."",""adviceType"":""CG"",""chatEnabled"":false,""numRounds"":13,""playerCount"":2}","2026-01-26T23:38:31.025611811Z","CG_cooperate","2026-01-26T23:38:31.025611811Z","{""PROLIFIC_PID"":""5cf9de227cb81800012766ef"",""STUDY_ID"":""6976b36e15b09b93b6b74098"",""SESSION_ID"":""6977fac1eac01be6adebd922""}","2026-01-26T23:38:31.221327879Z","{""plan"":""I'll try and be fair while choosing. But I also want to maximize the profit.""}","2026-01-26T23:41:23.344812541Z",NA,NA
"01KFYAT7APHWYKS5FEJV3MQHMR","{""advice"":""Try to find an outcome that's fair for both of you.""}","2026-01-26T23:41:36.225003633Z",222,"2026-01-26T23:45:55.444804278Z","","","game ended","2026-01-26T23:46:06.094649157Z",1,"2026-01-26T23:47:23.987813453Z","{""adviceFollowed"":""Yes! We tried to avoid collisions and alternate places to allow the other to try different things too and gain more points."",""partnerAdvice"":"""",""feedback"":""No issues. Like to hear the results - thank you!""}","2026-01-26T23:47:23.891798527Z","01KFY9K4W8CS4910XBJFRDG1S8","2026-01-26T23:42:25.552513088Z",3,"2026-01-26T23:41:36.237703091Z","true","2026-01-26T23:43:13.594645292Z","01KFYAT6ZW8390JZAP457VD1YA","2026-01-26T23:39:22.326754988Z","69136dffc23976053d4a4166","2026-01-26T23:39:22.326754988Z","{""advice"":""Try to find an outcome that's fair for both of you."",""adviceType"":""CG"",""chatEnabled"":false,""numRounds"":13,""playerCount"":2}","2026-01-26T23:39:22.331818955Z","CG_cooperate","2026-01-26T23:39:22.331818955Z","{""PROLIFIC_PID"":""69136dffc23976053d4a4166"",""STUDY_ID"":""6976b36e15b09b93b6b74098"",""SESSION_ID"":""6977fa94f65290cc3be7ce39""}","2026-01-26T23:39:22.492073315Z","{""plan"":""My plan is to prioritize high-paying outcomes while avoiding collisions. I will start by choosing spot C, since it has the highest regular payoff, and adjust if collisions occur.""}","2026-01-26T23:43:13.543871827Z",NA,NA
"01KFYAVAXJQCZ685PA8QRNKE9E","{""advice"":""Try to find an outcome that's fair for both of you.""}","2026-01-26T23:42:32.616673309Z",129,"2026-01-26T23:45:55.444804278Z","","","game ended","2026-01-26T23:46:06.094649157Z",1,"2026-01-26T23:47:16.042952648Z","{""adviceFollowed"":""I tried to follow the advice, but I also tried to minimize my losses. It would have been nice if we could communicate and take turns getting the best outcome."",""partnerAdvice"":"""",""feedback"":""""}","2026-01-26T23:47:16.040887163Z","01KFY9K4W8CS4910XBJFRDG1S8","2026-01-26T23:42:25.552513088Z",3,"2026-01-26T23:42:32.61772347Z","true","2026-01-26T23:43:48.207249537Z","01KFYAVAPTT5J4EG5VAP52YBP9","2026-01-26T23:39:58.771012172Z","623a4d7294028cfe9638272f","2026-01-26T23:39:58.771012172Z","{""advice"":""Try to find an outcome that's fair for both of you."",""adviceType"":""CG"",""chatEnabled"":false,""numRounds"":13,""playerCount"":2}","2026-01-26T23:39:58.775778363Z","CG_cooperate","2026-01-26T23:39:58.775778363Z","{""PROLIFIC_PID"":""623a4d7294028cfe9638272f"",""STUDY_ID"":""6976b36e15b09b93b6b74098"",""SESSION_ID"":""6977fb0ef9404838616f7da8""}","2026-01-26T23:39:58.915160869Z","{""plan"":""I think the fairest outcome is if we both park in the orange spots. Both of us parking in the purple spots is the second best outcome.""}","2026-01-26T23:43:48.206358824Z",NA,NA
"01KFYB42AQTC4R2X1BFHMZEZZT","{""advice"":""Try to find an outcome that's fair for both of you.""}","2026-01-26T23:46:54.149388992Z",224,"2026-01-26T23:52:49.13864084Z","","","game ended","2026-01-26T23:53:01.763396081Z",1,"2026-01-26T23:57:13.0100312Z","{""adviceFollowed"":""The advice was to aim for a favorable outcome for both sides, and I feel we both kinda followed that advice."",""partnerAdvice"":"""",""feedback"":""No technical issues. Everything went smoothly.""}","2026-01-26T23:57:13.005775645Z","01KFYB2FBWSZHHMASWSC1DBXFY","2026-01-26T23:48:21.693055108Z",3,"2026-01-26T23:46:54.147226005Z","true","2026-01-26T23:48:34.128223739Z","01KFYB4146DS1SPAN9B61MAQ7P","2026-01-26T23:44:44.887405025Z","611d762287bd19587be1b399","2026-01-26T23:44:44.887405025Z","{""advice"":""Try to find an outcome that's fair for both of you."",""adviceType"":""CG"",""chatEnabled"":false,""numRounds"":13,""playerCount"":2}","2026-01-26T23:44:44.892833172Z","CG_cooperate","2026-01-26T23:44:44.892833172Z","{""PROLIFIC_PID"":""611d762287bd19587be1b399"",""STUDY_ID"":""6976b36e15b09b93b6b74098"",""SESSION_ID"":""6977fc1a27c30bfcfc2a92fa""}","2026-01-26T23:44:45.43261958Z","{""plan"":""I'm aiming for an outcome that will benefit us both""}","2026-01-26T23:48:34.126387017Z",NA,NA
"01KFYC751ZMD08DC3S1SFSF1GR","{""advice"":""Try to find an outcome that's fair for both of you.""}","2026-01-27T00:05:33.803312543Z",58,"2026-01-27T00:07:48.371369744Z","","","game ended","2026-01-27T00:08:51.87740408Z",1,"2026-01-27T00:09:13.246200277Z","{""adviceFollowed"":""No, my partner would only choose the highest cost one for him and wouldn't alternate"",""partnerAdvice"":"""",""feedback"":""""}","2026-01-27T00:09:13.251076959Z","01KFYB4CSXW0KBA31W5D250BT6","2026-01-27T00:03:54.570903886Z",3,"2026-01-27T00:05:33.807737206Z","true","2026-01-27T00:05:55.014340219Z","01KFYC74XFCTW4SZJM30AAMBE1","2026-01-27T00:03:54.559588286Z","695fbbc7e88ed91502f1001f","2026-01-27T00:03:54.559588286Z","{""advice"":""Try to find an outcome that's fair for both of you."",""adviceType"":""CG"",""chatEnabled"":false,""numRounds"":13,""playerCount"":2}","2026-01-27T00:03:54.570903886Z","CG_cooperate","2026-01-27T00:03:54.570903886Z","{""PROLIFIC_PID"":""695fbbc7e88ed91502f1001f"",""STUDY_ID"":""6976b36e15b09b93b6b74098"",""SESSION_ID"":""697800d9f858d0ae4c5c5a29""}","2026-01-27T00:03:54.65019082Z","{""plan"":""I will try to pick a different spot and color""}","2026-01-27T00:05:55.018746965Z",NA,NA
"01KFYB26EKH27XP57V9QHTQDVQ","{""advice"":""Try to find an outcome that's fair for both of you.""}","2026-01-26T23:50:05.632588304Z",230,"2026-01-26T23:55:48.582996663Z","","","game ended","2026-01-26T23:55:56.084666255Z",1,"2026-01-26T23:56:41.092985459Z","{""adviceFollowed"":""I think we did yes. I think my partner would agree as well."",""partnerAdvice"":"""",""feedback"":""The study went well, thank you!""}","2026-01-26T23:56:41.088602687Z","01KFYB4CB1G2R7A023X1DQ936J","2026-01-26T23:53:04.537828139Z",3,"2026-01-26T23:50:05.705804643Z","true","2026-01-26T23:53:40.25297443Z","01KFYB264V2HKXTPAN2F7M09CS","2026-01-26T23:43:43.571078598Z","5fb0a3d6a8e4224b973e750b","2026-01-26T23:43:43.571078598Z","{""advice"":""Try to find an outcome that's fair for both of you."",""adviceType"":""CG"",""chatEnabled"":false,""numRounds"":13,""playerCount"":2}","2026-01-26T23:43:43.576583109Z","CG_cooperate","2026-01-26T23:43:43.576583109Z","{""PROLIFIC_PID"":""5fb0a3d6a8e4224b973e750b"",""STUDY_ID"":""6976b36e15b09b93b6b74098"",""SESSION_ID"":""6977fb901b52f21093d7eacf""}","2026-01-26T23:43:43.749159602Z","{""plan"":""My game plan is probably just listen to the advice of the person who did this before. I will also hope that maybe the person I get paired with chooses B ornge so that I can choose A to me that's the best case for us both. However if they want to choose purple with the most MU that's fine as well. ""}","2026-01-26T23:53:40.249723776Z",NA,NA
"01KFYBQPMACNM81HRXG3C0GCXF","{""advice"":""Try to find an outcome that's fair for both of you.""}","2026-01-26T23:59:37.096357005Z",58,"2026-01-27T00:07:48.371369744Z","","","game ended","2026-01-27T00:08:51.87740408Z",1,"2026-01-27T00:09:43.873119662Z","{""adviceFollowed"":""I tried to, but my partner seemingly didn't"",""partnerAdvice"":"""",""feedback"":""""}","2026-01-27T00:09:43.879234873Z","01KFYB4CSXW0KBA31W5D250BT6","2026-01-26T23:58:55.916712012Z",3,"2026-01-26T23:59:37.226824292Z","true","2026-01-27T00:02:11.805605456Z","01KFYBQP2AJSJA5ECZRCX1K99R","2026-01-26T23:55:28.266856319Z","682b23f345fc428cc9586a06","2026-01-26T23:55:28.266856319Z","{""advice"":""Try to find an outcome that's fair for both of you."",""adviceType"":""CG"",""chatEnabled"":false,""numRounds"":13,""playerCount"":2}","2026-01-26T23:55:28.274214993Z","CG_cooperate","2026-01-26T23:55:28.274214993Z","{""PROLIFIC_PID"":""682b23f345fc428cc9586a06"",""STUDY_ID"":""6976b36e15b09b93b6b74098"",""SESSION_ID"":""6977fe2df858d0ae4c5c59c3""}","2026-01-26T23:55:28.566738745Z","{""plan"":""I plan to avoid collisions and coordinate on the same color to earn the bonus. I will aim for a fair outcomes for both of us while prioritizing options that give high total earnings""}","2026-01-27T00:02:11.809972787Z",NA,NA
"01KFYBC21GPAT6RH2B7BZSEQ7X","{""advice"":""Try to find an outcome that's fair for both of you.""}","2026-01-26T23:51:06.226570202Z",76,"2026-01-26T23:54:48.327867414Z","","","game ended","2026-01-26T23:55:00.315214516Z",1,"2026-01-26T23:57:23.009030062Z","{""adviceFollowed"":""I did, my partner did not"",""partnerAdvice"":"""",""feedback"":""Everything was fine""}","2026-01-26T23:57:23.005048321Z","01KFYB3WWWMA31YM2R8S0EP230","2026-01-26T23:52:25.817206712Z",3,"2026-01-26T23:51:06.229696778Z","true","2026-01-26T23:52:37.935103504Z","01KFYBC1GT90ZC1HKQCKZQ99EP","2026-01-26T23:49:06.736604952Z","65dc99d0191a135ab835bf69","2026-01-26T23:49:06.736604952Z","{""advice"":""Try to find an outcome that's fair for both of you."",""adviceType"":""CG"",""chatEnabled"":false,""numRounds"":13,""playerCount"":2}","2026-01-26T23:49:06.743631559Z","CG_cooperate","2026-01-26T23:49:06.743631559Z","{""PROLIFIC_PID"":""65dc99d0191a135ab835bf69"",""STUDY_ID"":""6976b36e15b09b93b6b74098"",""SESSION_ID"":""6977fd366bbb28d36dc93684""}","2026-01-26T23:49:07.130300671Z","{""plan"":""My plan is to try and be as fair as possible. I will be happy to work together to try and get the most point for both of us possible. I will prioritize picking the orange spaces""}","2026-01-26T23:52:37.938244347Z",NA,NA
"01KFYBPCC45WPJYS8KZKKCR78Q","{""advice"":""Try to find an outcome that's fair for both of you.""}","2026-01-26T23:57:28.954554533Z",260,"2026-01-27T00:00:43.587281624Z","","","game ended","2026-01-27T00:00:52.238837088Z",1,"2026-01-27T00:01:53.267810832Z","{""adviceFollowed"":""Yes, I picked B consistently and my partner picked A consistently. We were fair to each other."",""partnerAdvice"":"""",""feedback"":""Everything went smoothly so far. Thank you for offering this interesting and unique parking study.""}","2026-01-27T00:01:53.26344519Z","01KFYB4CPT3WCXNEGK2FSZ9Z0J","2026-01-26T23:55:37.891570962Z",3,"2026-01-26T23:57:29.013765088Z","true","2026-01-26T23:58:55.90624233Z","01KFYBPC4BRNR8WK60QJPCK2F5","2026-01-26T23:54:44.996094447Z","5c388683fb3f0f0001fdf65a","2026-01-26T23:54:44.996094447Z","{""advice"":""Try to find an outcome that's fair for both of you."",""adviceType"":""CG"",""chatEnabled"":false,""numRounds"":13,""playerCount"":2}","2026-01-26T23:54:45.005894016Z","CG_cooperate","2026-01-26T23:54:45.005894016Z","{""PROLIFIC_PID"":""5c388683fb3f0f0001fdf65a"",""STUDY_ID"":""6976b36e15b09b93b6b74098"",""SESSION_ID"":""6977fe96da2498b5345cfc8c""}","2026-01-26T23:54:45.130871837Z","{""plan"":""I want to try to be fair so I will start by parking at B. If my partner decides to be unfair and go for C, I will also go for C. ""}","2026-01-26T23:58:55.910152192Z",NA,NA
"01KFYB99KNWSSVSZH2Z8AR5BF6","{""advice"":""Try to find an outcome that's fair for both of you.""}","2026-01-26T23:50:06.29846533Z",169,"2026-01-26T23:56:41.873151143Z","","","game ended","2026-01-26T23:56:52.805362614Z",1,"2026-01-26T23:57:58.83200562Z","{""adviceFollowed"":""yes as we only had one collision. "",""partnerAdvice"":"""",""feedback"":""My partner kept picking C it seemed to maximize the bonus. ""}","2026-01-26T23:57:58.835894637Z","01KFYB3WPHEABJK40AH8192H19","2026-01-26T23:51:21.567122082Z",3,"2026-01-26T23:50:06.361066052Z","true","2026-01-26T23:51:45.28647787Z","01KFYB99AQGR3ATGNE9BKW2QGH","2026-01-26T23:47:36.181444313Z","5831f08ebfb3b400015a6ad4","2026-01-26T23:47:36.181444313Z","{""advice"":""Try to find an outcome that's fair for both of you."",""adviceType"":""CG"",""chatEnabled"":false,""numRounds"":13,""playerCount"":2}","2026-01-26T23:47:36.187928403Z","CG_cooperate","2026-01-26T23:47:36.187928403Z","{""PROLIFIC_PID"":""5831f08ebfb3b400015a6ad4"",""STUDY_ID"":""6976b36e15b09b93b6b74098"",""SESSION_ID"":""6977fcfb8eb34c0633afaf5a""}","2026-01-26T23:47:36.377044154Z","{""plan"":""I will tell the partner to park in different spots and different colors to avoid collisions. ""}","2026-01-26T23:51:45.289420826Z",NA,NA
"01KFYAJQA3C62WKZFY3CH3P1MW","{""advice"":""Try to find an outcome that's fair for both of you.""}","2026-01-26T23:36:56.162128697Z",148,"2026-01-26T23:39:15.703896469Z","","","game ended","2026-01-26T23:39:26.44022858Z",1,"2026-01-26T23:39:55.561036481Z","{""adviceFollowed"":""My partner started getting very selfish, so I had to adapt my strategy and get selfish too"",""partnerAdvice"":"""",""feedback"":""""}","2026-01-26T23:39:55.56182388Z","01KFY9K38ZXYCWCYYG4A3WMAZW","2026-01-26T23:36:46.035440294Z",3,"2026-01-26T23:36:56.16321243Z","true","2026-01-26T23:37:31.563836748Z","01KFYAJPVRCF5SNY5MQG4YN4DM","2026-01-26T23:35:16.547886507Z","6932ee92a41f886467ca2fa6","2026-01-26T23:35:16.547886507Z","{""advice"":""Try to find an outcome that's fair for both of you."",""adviceType"":""CG"",""chatEnabled"":false,""numRounds"":13,""playerCount"":2}","2026-01-26T23:35:16.552201488Z","CG_cooperate","2026-01-26T23:35:16.552201488Z","{""PROLIFIC_PID"":""6932ee92a41f886467ca2fa6"",""STUDY_ID"":""6976b36e15b09b93b6b74098"",""SESSION_ID"":""6977fa1889855cd3abb01f5d""}","2026-01-26T23:35:16.798411767Z","{""plan"":""I will try to go for the orange parking spots. Mainly for B (unless I see my partner is choosing B consistently)""}","2026-01-26T23:37:31.564301887Z",NA,NA
"01KFYBBBMECEDYFV4C62CFDJYT","{""advice"":""Try to find an outcome that's fair for both of you.""}","2026-01-26T23:50:14.877566252Z",210,"2026-01-26T23:53:52.796627337Z","","","game ended","2026-01-26T23:54:00.478676352Z",1,"2026-01-26T23:54:44.396761408Z","{""adviceFollowed"":""Once it was figured out yes we followed advice well."",""partnerAdvice"":"""",""feedback"":""No problems encountered.""}","2026-01-26T23:54:44.392961787Z","01KFYB3WF3TYJE8PQD5KPHR31A","2026-01-26T23:50:57.791740065Z",3,"2026-01-26T23:50:14.889719906Z","true","2026-01-26T23:51:21.553932005Z","01KFYBBB8YHSRCY1S7Z0NGM330","2026-01-26T23:48:43.790621038Z","67ad21a9ed8136d6c3b73129","2026-01-26T23:48:43.790621038Z","{""advice"":""Try to find an outcome that's fair for both of you."",""adviceType"":""CG"",""chatEnabled"":false,""numRounds"":13,""playerCount"":2}","2026-01-26T23:48:43.797944655Z","CG_cooperate","2026-01-26T23:48:43.797944655Z","{""PROLIFIC_PID"":""67ad21a9ed8136d6c3b73129"",""STUDY_ID"":""6976b36e15b09b93b6b74098"",""SESSION_ID"":""6977fd25bae7e58ecca8f564""}","2026-01-26T23:48:44.019885024Z","{""plan"":""My game plan is to find an outcome that is fair for both of us. This means part in the A or B slots as the regular earnings are the same.""}","2026-01-26T23:51:21.544812359Z",NA,NA
"01KFYBC383YX5QMY6R7S8BNN1P","{""advice"":""Try to find an outcome that's fair for both of you.""}","2026-01-26T23:50:29.783768592Z",240,"2026-01-26T23:54:23.236706043Z","","","game ended","2026-01-26T23:54:32.284669191Z",1,"2026-01-26T23:54:57.022556964Z","{""adviceFollowed"":""Yes, we cooperated well I think"",""partnerAdvice"":"""",""feedback"":""Not really""}","2026-01-26T23:54:57.018245614Z","01KFYB3W7FY6N2QQZCZ02XNG5B","2026-01-26T23:49:33.791348509Z",3,"2026-01-26T23:50:29.786335644Z","true","2026-01-26T23:50:57.774182425Z","01KFYBC2QFC9BPNW1MVA01NJ0F","2026-01-26T23:49:07.971390707Z","5fdbbf98516177026985ad36","2026-01-26T23:49:07.971390707Z","{""advice"":""Try to find an outcome that's fair for both of you."",""adviceType"":""CG"",""chatEnabled"":false,""numRounds"":13,""playerCount"":2}","2026-01-26T23:49:07.97897745Z","CG_cooperate","2026-01-26T23:49:07.97897745Z","{""PROLIFIC_PID"":""5fdbbf98516177026985ad36"",""STUDY_ID"":""6976b36e15b09b93b6b74098"",""SESSION_ID"":""6977fbe227f0cb76e60a5e5b""}","2026-01-26T23:49:08.410155157Z","{""plan"":""I would try to make us both park in orange colour, different spots, to maximize the payout""}","2026-01-26T23:50:57.771432572Z",NA,NA
"01KFYBGSQ1W76F4WSGYP9B5TVC","{""advice"":""Try to find an outcome that's fair for both of you.""}","2026-01-26T23:53:53.755153532Z",228,"2026-01-26T23:56:41.398079682Z","","","game ended","2026-01-26T23:56:48.613078881Z",1,"2026-01-26T23:57:39.019489552Z","{""adviceFollowed"":""no. i was selfish and did not follow the advice. i think the right thing would've been to both go yellow each time, one A, the oher B"",""partnerAdvice"":"""",""feedback"":""""}","2026-01-26T23:57:39.023465712Z","01KFYB4CEZB47EAXPBNJFZR78B","2026-01-26T23:54:11.252027467Z",3,"2026-01-26T23:53:53.758354744Z","true","2026-01-26T23:54:24.781030571Z","01KFYBGS6KX1XG6ZFWSNH19QX5","2026-01-26T23:51:42.049774996Z","5730f0a7dd6617000ed945c9","2026-01-26T23:51:42.049774996Z","{""advice"":""Try to find an outcome that's fair for both of you."",""adviceType"":""CG"",""chatEnabled"":false,""numRounds"":13,""playerCount"":2}","2026-01-26T23:51:42.058524396Z","CG_cooperate","2026-01-26T23:51:42.058524396Z","{""PROLIFIC_PID"":""5730f0a7dd6617000ed945c9"",""STUDY_ID"":""6976b36e15b09b93b6b74098"",""SESSION_ID"":""6977fdf1b3985e7b62ce7611""}","2026-01-26T23:51:42.334682873Z","{""plan"":""i'll try to maximise my bonus and go for C""}","2026-01-26T23:54:24.784350124Z",NA,NA
"01KFYAPM9Y8C29J4GGCK38PQBZ","{""advice"":""Try to find an outcome that's fair for both of you.""}","2026-01-26T23:38:20.83547861Z",236,"2026-01-26T23:42:29.573704411Z","","","game ended","2026-01-26T23:42:45.407951387Z",1,"2026-01-26T23:43:35.415548665Z","{""adviceFollowed"":""I think we tried to alternate to give the other the chance to get more points."",""partnerAdvice"":"""",""feedback"":""Nope.""}","2026-01-26T23:43:35.408921025Z","01KFY9K3FN5263WR0FAQX9QS28","2026-01-26T23:37:31.574510631Z",3,"2026-01-26T23:38:20.840374907Z","true","2026-01-26T23:38:59.683340729Z","01KFYAPM2M4P53M5G3BW4XZGMH","2026-01-26T23:37:24.542870088Z","66eb1a41306925cf993d6490","2026-01-26T23:37:24.542870088Z","{""advice"":""Try to find an outcome that's fair for both of you."",""adviceType"":""CG"",""chatEnabled"":false,""numRounds"":13,""playerCount"":2}","2026-01-26T23:37:24.546691964Z","CG_cooperate","2026-01-26T23:37:24.546691964Z","{""PROLIFIC_PID"":""66eb1a41306925cf993d6490"",""STUDY_ID"":""6976b36e15b09b93b6b74098"",""SESSION_ID"":""6977fa8b2f8d1edf7f6e0e64""}","2026-01-26T23:37:24.712603626Z","{""plan"":""Park is the second highest point parking space.""}","2026-01-26T23:38:59.674794753Z",NA,NA
"01KFYB42CMQ2FE9CDCWNCB7T5G","{""advice"":""Try to find an outcome that's fair for both of you.""}","2026-01-26T23:46:08.522964372Z",254,"2026-01-26T23:48:54.674434399Z","","","game ended","2026-01-26T23:49:05.795061499Z",1,"2026-01-26T23:49:25.34977474Z","{""adviceFollowed"":""I don't really know"",""partnerAdvice"":"""",""feedback"":""None?""}","2026-01-26T23:49:25.353736737Z","01KFYB2F0VT86G75RZSSQ427N5","2026-01-26T23:46:26.62182751Z",3,"2026-01-26T23:46:08.527810627Z","true","2026-01-26T23:46:50.547592878Z","01KFYB41SAA43DSXYYFY99G69T","2026-01-26T23:44:44.948052407Z","5f8eeac767e1c50ab098f20c","2026-01-26T23:44:44.948052407Z","{""advice"":""Try to find an outcome that's fair for both of you."",""adviceType"":""CG"",""chatEnabled"":false,""numRounds"":13,""playerCount"":2}","2026-01-26T23:44:44.952502428Z","CG_cooperate","2026-01-26T23:44:44.952502428Z","{""PROLIFIC_PID"":""5f8eeac767e1c50ab098f20c"",""STUDY_ID"":""6976b36e15b09b93b6b74098"",""SESSION_ID"":""6977fc4f8f80ef3613f579f8""}","2026-01-26T23:44:45.277128135Z","{""plan"":""Repeat C-D / D-C""}","2026-01-26T23:46:50.54262276Z",NA,NA
"01KFYB69ZXZZRYB8H8P54B5964","{""advice"":""Try to find an outcome that's fair for both of you.""}","2026-01-26T23:47:10.726234109Z",240,"2026-01-26T23:50:22.370179691Z","","","game ended","2026-01-26T23:50:29.471008638Z",1,"2026-01-26T23:51:35.125633898Z","{""adviceFollowed"":""Yes, once we found an agreement we kept picking the same spots to maximise earnings"",""partnerAdvice"":"""",""feedback"":""Everything went smooth, the examples were helpful. Maybe remind more what \""MU\"" means would be even more helpful""}","2026-01-26T23:51:35.122752009Z","01KFYB2F6CJQFAY8SNS54WMQNW","2026-01-26T23:47:38.45199817Z",3,"2026-01-26T23:47:10.728179281Z","true","2026-01-26T23:47:42.014576453Z","01KFYB69EV34XX6JWRKSY29QTP","2026-01-26T23:45:58.269855513Z","5b70f979b719140001ee93b9","2026-01-26T23:45:58.269855513Z","{""advice"":""Try to find an outcome that's fair for both of you."",""adviceType"":""CG"",""chatEnabled"":false,""numRounds"":13,""playerCount"":2}","2026-01-26T23:45:58.276316401Z","CG_cooperate","2026-01-26T23:45:58.276316401Z","{""PROLIFIC_PID"":""5b70f979b719140001ee93b9"",""STUDY_ID"":""6976b36e15b09b93b6b74098"",""SESSION_ID"":""6977fc99550978c0696bec10""}","2026-01-26T23:45:58.551266872Z","{""plan"":""I will try to pick a spot that gives fair earnings to both.""}","2026-01-26T23:47:42.012466856Z",NA,NA
"01KFYB6HP9C8PTA12DQZ5FKSWY","{""advice"":""Try to find an outcome that's fair for both of you.""}","2026-01-26T23:49:11.781590847Z",179,"2026-01-26T23:52:49.13864084Z","","","game ended","2026-01-26T23:53:01.763396081Z",1,"2026-01-26T23:53:24.930079167Z","{""adviceFollowed"":""Reasonably well we figured it out in the end "",""partnerAdvice"":"""",""feedback"":""""}","2026-01-26T23:53:24.921752101Z","01KFYB2FBWSZHHMASWSC1DBXFY","2026-01-26T23:48:21.693055108Z",3,"2026-01-26T23:49:11.784061858Z","true","2026-01-26T23:49:33.772472317Z","01KFYB6GT496V880VATVXYP1AX","2026-01-26T23:46:06.15392059Z","610b1f14463b800b75ec7b44","2026-01-26T23:46:06.15392059Z","{""advice"":""Try to find an outcome that's fair for both of you."",""adviceType"":""CG"",""chatEnabled"":false,""numRounds"":13,""playerCount"":2}","2026-01-26T23:46:06.158992503Z","CG_cooperate","2026-01-26T23:46:06.158992503Z","{""PROLIFIC_PID"":""610b1f14463b800b75ec7b44"",""STUDY_ID"":""6976b36e15b09b93b6b74098"",""SESSION_ID"":""6977fc9b6c495ecb4b5d7fa8""}","2026-01-26T23:46:06.605714362Z","{""plan"":""maximise earnings for both players wherever possible ""}","2026-01-26T23:49:33.769026314Z",NA,NA
"01KFYB8G53HNHQJ97AP2S3KDH0","{""advice"":""Try to find an outcome that's fair for both of you.""}","2026-01-26T23:50:02.158880375Z",225,"2026-01-26T23:53:52.796627337Z","","","game ended","2026-01-26T23:54:00.478676352Z",1,"2026-01-26T23:54:23.486992761Z","{""adviceFollowed"":""Yes, we stayed at the same parking spot so we know where to park"",""partnerAdvice"":"""",""feedback"":""""}","2026-01-26T23:54:23.484120925Z","01KFYB3WF3TYJE8PQD5KPHR31A","2026-01-26T23:50:57.791740065Z",3,"2026-01-26T23:50:02.167348368Z","true","2026-01-26T23:51:21.47236566Z","01KFYB8FXSP93MZJT7D4P4Q7HH","2026-01-26T23:47:10.115582211Z","659c0682d109f8537a89fdd3","2026-01-26T23:47:10.115582211Z","{""advice"":""Try to find an outcome that's fair for both of you."",""adviceType"":""CG"",""chatEnabled"":false,""numRounds"":13,""playerCount"":2}","2026-01-26T23:47:10.122902983Z","CG_cooperate","2026-01-26T23:47:10.122902983Z","{""PROLIFIC_PID"":""659c0682d109f8537a89fdd3"",""STUDY_ID"":""6976b36e15b09b93b6b74098"",""SESSION_ID"":""6977fce28593b18dce5ffd09""}","2026-01-26T23:47:10.242108992Z","{""plan"":""Park at the same blue colour, but alternate between C and D""}","2026-01-26T23:51:21.469593925Z",NA,NA
"01KFYASXNBDJ4R3MWYBDS7YMRK","{""advice"":""Try to find an outcome that's fair for both of you.""}","2026-01-26T23:40:25.051256576Z",98,"2026-01-26T23:44:18.074179931Z","","","game ended","2026-01-26T23:44:28.571415093Z",1,"2026-01-26T23:45:02.012651452Z","{""adviceFollowed"":""yes we did."",""partnerAdvice"":"""",""feedback"":""wish I knew the purpose of this game?""}","2026-01-26T23:45:02.010949966Z","01KFY9K42AHW7GHFTXMN7EGHFW","2026-01-26T23:41:03.303595555Z",3,"2026-01-26T23:40:25.051941041Z","true","2026-01-26T23:41:19.00229184Z","01KFYASXDV5T8JFJH00JV9BG5A","2026-01-26T23:39:12.427485499Z","5c6ae4c31b9d0e000190bacc","2026-01-26T23:39:12.427485499Z","{""advice"":""Try to find an outcome that's fair for both of you."",""adviceType"":""CG"",""chatEnabled"":false,""numRounds"":13,""playerCount"":2}","2026-01-26T23:39:12.431605319Z","CG_cooperate","2026-01-26T23:39:12.431605319Z","{""PROLIFIC_PID"":""5c6ae4c31b9d0e000190bacc"",""STUDY_ID"":""6976b36e15b09b93b6b74098"",""SESSION_ID"":""6977fb09d9955eb343c6b4e7""}","2026-01-26T23:39:12.556062201Z","{""plan"":""I will try to see how his gameplay is and take it from there.""}","2026-01-26T23:41:19.001521114Z",NA,NA
"01KFYBM7Q48ZQGBHDWZ6BBJSV4","{""advice"":""Try to find an outcome that's fair for both of you.""}","2026-01-26T23:54:12.340317971Z",120,"2026-01-26T23:56:41.398079682Z","","","game ended","2026-01-26T23:56:48.613078881Z",1,"2026-01-26T23:57:17.641654669Z","{""adviceFollowed"":""I think so."",""partnerAdvice"":"""",""feedback"":""""}","2026-01-26T23:57:17.637555523Z","01KFYB4CEZB47EAXPBNJFZR78B","2026-01-26T23:54:11.252027467Z",3,"2026-01-26T23:54:12.349600618Z","true","2026-01-26T23:54:30.173604058Z","01KFYBM7H1ZEKH67Y5SDH87XHN","2026-01-26T23:53:34.69256638Z","69615a3b6d4028f4b505c75e","2026-01-26T23:53:34.69256638Z","{""advice"":""Try to find an outcome that's fair for both of you."",""adviceType"":""CG"",""chatEnabled"":false,""numRounds"":13,""playerCount"":2}","2026-01-26T23:53:34.701735662Z","CG_cooperate","2026-01-26T23:53:34.701735662Z","{""PROLIFIC_PID"":""69615a3b6d4028f4b505c75e"",""STUDY_ID"":""6976b36e15b09b93b6b74098"",""SESSION_ID"":""6977fe6c778f686c1d533615""}","2026-01-26T23:53:34.801063336Z","{""plan"":""Riding on pure vibes.""}","2026-01-26T23:54:30.177056549Z",NA,NA
"01KFYBTYPJZS5VP0D5062RBF1G","{""advice"":""Try to find an outcome that's fair for both of you.""}","2026-01-26T23:58:11.719653296Z",260,"2026-01-27T00:00:43.587281624Z","","","game ended","2026-01-27T00:00:52.238837088Z",1,"2026-01-27T00:01:32.927790884Z","{""adviceFollowed"":""yes, we both chose different parking spots and kept our choice until the end"",""partnerAdvice"":"""",""feedback"":""no problems""}","2026-01-27T00:01:32.932080652Z","01KFYB4CPT3WCXNEGK2FSZ9Z0J","2026-01-26T23:57:14.845094733Z",3,"2026-01-26T23:58:11.726441589Z","true","2026-01-26T23:58:38.824890055Z","01KFYBTYDEYY32WFW6MKWPRRB4","2026-01-26T23:57:14.834483526Z","66b28880dc21e9ed4061d615","2026-01-26T23:57:14.834483526Z","{""advice"":""Try to find an outcome that's fair for both of you."",""adviceType"":""CG"",""chatEnabled"":false,""numRounds"":13,""playerCount"":2}","2026-01-26T23:57:14.845094733Z","CG_cooperate","2026-01-26T23:57:14.845094733Z","{""PROLIFIC_PID"":""66b28880dc21e9ed4061d615"",""STUDY_ID"":""6976b36e15b09b93b6b74098"",""SESSION_ID"":""6977fd995bee6b5256c67eac""}","2026-01-26T23:57:15.157524395Z","{""plan"":""I will try to maximize the chance to park in different spots of the same color""}","2026-01-26T23:58:38.820936451Z",NA,NA
"01KFYBA3M2668EBA70MXY57ST4","{""advice"":""Try to find an outcome that's fair for both of you.""}","2026-01-26T23:51:03.562473346Z",298,"2026-01-26T23:56:41.873151143Z","","","game ended","2026-01-26T23:56:52.805362614Z",1,"2026-01-26T23:57:59.565727958Z","{""adviceFollowed"":""YES, we both got bonus. "",""partnerAdvice"":"""",""feedback"":""None, Thanks""}","2026-01-26T23:57:59.569884041Z","01KFYB3WPHEABJK40AH8192H19","2026-01-26T23:51:21.567122082Z",3,"2026-01-26T23:51:03.55970455Z","true","2026-01-26T23:52:25.800633628Z","01KFYBA350PZGNZ6NWGNTF81S9","2026-01-26T23:48:02.818071875Z","5d6e3802ec4df400153b7ed4","2026-01-26T23:48:02.818071875Z","{""advice"":""Try to find an outcome that's fair for both of you."",""adviceType"":""CG"",""chatEnabled"":false,""numRounds"":13,""playerCount"":2}","2026-01-26T23:48:02.822776285Z","CG_cooperate","2026-01-26T23:48:02.822776285Z","{""PROLIFIC_PID"":""5d6e3802ec4df400153b7ed4"",""STUDY_ID"":""6976b36e15b09b93b6b74098"",""SESSION_ID"":""6977fcad6c495ecb4b5d7fad""}","2026-01-26T23:48:03.088193138Z","{""plan"":""I am taking a strategy to park in high bonus to trick my partner""}","2026-01-26T23:52:25.806514263Z",NA,NA
"01KFYBFBQ938JGQZ9B23SJFTQ1","{""advice"":""Try to find an outcome that's fair for both of you.""}","2026-01-26T23:53:27.610249805Z",227,"2026-01-26T23:55:48.582996663Z","","","game ended","2026-01-26T23:55:56.084666255Z",1,"2026-01-26T23:56:23.345264133Z","{""adviceFollowed"":""Yes, we both kept parking in A and B."",""partnerAdvice"":"""",""feedback"":""""}","2026-01-26T23:56:23.330303731Z","01KFYB4CB1G2R7A023X1DQ936J","2026-01-26T23:53:04.537828139Z",3,"2026-01-26T23:53:27.621078075Z","true","2026-01-26T23:54:11.239383575Z","01KFYBFBGH2SGYEYRHAZA89N3D","2026-01-26T23:50:54.953613959Z","66318a453cf195962fd393ba","2026-01-26T23:50:54.953613959Z","{""advice"":""Try to find an outcome that's fair for both of you."",""adviceType"":""CG"",""chatEnabled"":false,""numRounds"":13,""playerCount"":2}","2026-01-26T23:50:54.961833482Z","CG_cooperate","2026-01-26T23:50:54.961833482Z","{""PROLIFIC_PID"":""66318a453cf195962fd393ba"",""STUDY_ID"":""6976b36e15b09b93b6b74098"",""SESSION_ID"":""6977fdb3ea9ad90b4c064ffe""}","2026-01-26T23:50:55.091121324Z","{""plan"":""We should both just keep parking in A and B.""}","2026-01-26T23:54:11.236838267Z",NA,NA
"01KFYAC23P63FQXW0M94C6K5F1","{""advice"":""Try to find an outcome that's fair for both of you.""}","2026-01-26T23:33:22.793134129Z",187,"2026-01-26T23:38:29.361256613Z","","","game ended","2026-01-26T23:38:47.215069389Z",1,"2026-01-26T23:39:52.956215042Z","{""adviceFollowed"":""Yes, i think we followed my initial plan "",""partnerAdvice"":"""",""feedback"":""No""}","2026-01-26T23:39:52.955407977Z","01KFY9HTK0EK1PCHVKAZEZ3J5Q","2026-01-26T23:31:38.235561422Z",3,"2026-01-26T23:33:22.792861296Z","true","2026-01-26T23:34:01.121746277Z","01KFYAC1FDKPEVCMFY55PFP86P","2026-01-26T23:31:38.230767177Z","5e3c565bd3245203baf54ad7","2026-01-26T23:31:38.230767177Z","{""advice"":""Try to find an outcome that's fair for both of you."",""adviceType"":""CG"",""chatEnabled"":false,""numRounds"":13,""playerCount"":2}","2026-01-26T23:31:38.235561422Z","CG_cooperate","2026-01-26T23:31:38.235561422Z","{""PROLIFIC_PID"":""5e3c565bd3245203baf54ad7"",""STUDY_ID"":""6976b36e15b09b93b6b74098"",""SESSION_ID"":""6977f935f47feb3a0156853c""}","2026-01-26T23:31:38.57089796Z","{""plan"":""Try to find a plan to maximize earning for both""}","2026-01-26T23:34:01.121511706Z",NA,NA
"01KFYAXC47RDBBPX64WAKXNAG7","{""advice"":""Try to find an outcome that's fair for both of you.""}","2026-01-26T23:44:51.779384267Z",222,"2026-01-26T23:50:19.130344823Z","","","game ended","2026-01-26T23:50:28.596992257Z",1,"2026-01-26T23:51:05.130333424Z","{""adviceFollowed"":""Yes I do. I was happy to give my partner a little bit more if it meant I was able to get more than trying to fight over the maximum amount. Very happy"",""partnerAdvice"":"""",""feedback"":""None""}","2026-01-26T23:51:05.13305214Z","01KFYB2EVG398299GP4TR87MGB","2026-01-26T23:45:43.34741785Z",3,"2026-01-26T23:44:51.784548762Z","true","2026-01-26T23:45:52.487357093Z","01KFYAXBW24VP9DWTG59J34G7Z","2026-01-26T23:41:05.543481Z","64136140e1cce438bf993257","2026-01-26T23:41:05.543481Z","{""advice"":""Try to find an outcome that's fair for both of you."",""adviceType"":""CG"",""chatEnabled"":false,""numRounds"":13,""playerCount"":2}","2026-01-26T23:41:05.547925683Z","CG_cooperate","2026-01-26T23:41:05.547925683Z","{""PROLIFIC_PID"":""64136140e1cce438bf993257"",""STUDY_ID"":""6976b36e15b09b93b6b74098"",""SESSION_ID"":""6977f9564c1af173069deb3f""}","2026-01-26T23:41:05.697162207Z","{""plan"":""I want to maximize the amount of money I make and I don't care if my partner makes more me than me so I'll recommend him to park in orange every time so we can not fight over who makes more.""}","2026-01-26T23:45:52.485481039Z",NA,NA
"01KFYBBACTTJ7QBHA9H2J74KE1","{""advice"":""Try to find an outcome that's fair for both of you.""}","2026-01-26T23:52:35.521488524Z",115,"2026-01-26T23:54:48.327867414Z","","","game ended","2026-01-26T23:55:00.315214516Z",1,"2026-01-26T23:55:39.94209044Z","{""adviceFollowed"":""No, my partner kept picking the same thing as me."",""partnerAdvice"":"""",""feedback"":""""}","2026-01-26T23:55:39.938241471Z","01KFYB3WWWMA31YM2R8S0EP230","2026-01-26T23:52:25.817206712Z",3,"2026-01-26T23:52:35.518799315Z","true","2026-01-26T23:53:04.524190648Z","01KFYBB9ZT222VDQVJY1HSK5NS","2026-01-26T23:48:42.522144947Z","669d8b26896ecc9457727c9f","2026-01-26T23:48:42.522144947Z","{""advice"":""Try to find an outcome that's fair for both of you."",""adviceType"":""CG"",""chatEnabled"":false,""numRounds"":13,""playerCount"":2}","2026-01-26T23:48:42.531639634Z","CG_cooperate","2026-01-26T23:48:42.531639634Z","{""PROLIFIC_PID"":""669d8b26896ecc9457727c9f"",""STUDY_ID"":""6976b36e15b09b93b6b74098"",""SESSION_ID"":""6977fd310a3d654cc9bdcb82""}","2026-01-26T23:48:42.697141283Z","{""plan"":""I am going to pick C every time to maximize my profits.""}","2026-01-26T23:53:04.359440234Z",NA,NA
"01KFYBJB24E0V13SFYEY1T6PV1","{""advice"":""Try to find an outcome that's fair for both of you.""}","2026-01-26T23:54:52.441410731Z",200,"2026-01-27T00:00:03.03618674Z","","","game ended","2026-01-27T00:00:21.790434792Z",1,"2026-01-27T00:01:06.317551181Z","{""adviceFollowed"":""yes, i followed the advice well and answered properly"",""partnerAdvice"":"""",""feedback"":""no""}","2026-01-27T00:01:06.311698224Z","01KFYB4CK59YSD539EMMQ4H53N","2026-01-26T23:54:30.184601791Z",3,"2026-01-26T23:54:52.444929144Z","true","2026-01-26T23:55:37.880308468Z","01KFYBJ9YDDD7DGZZSNN1K5YB3","2026-01-26T23:52:32.58084144Z","61767385d5bf6ad7a176572c","2026-01-26T23:52:32.58084144Z","{""advice"":""Try to find an outcome that's fair for both of you."",""adviceType"":""CG"",""chatEnabled"":false,""numRounds"":13,""playerCount"":2}","2026-01-26T23:52:32.58856257Z","CG_cooperate","2026-01-26T23:52:32.58856257Z","{""PROLIFIC_PID"":""61767385d5bf6ad7a176572c"",""STUDY_ID"":""6976b36e15b09b93b6b74098"",""SESSION_ID"":""6977fddf8a731a5240d7b899""}","2026-01-26T23:52:33.245448284Z","{""plan"":""i will choose c""}","2026-01-26T23:55:37.876433693Z",NA,NA
"01KFYAB4M3RBZX0JGFF3J238ZT","{""advice"":""Try to find an outcome that's fair for both of you.""}","2026-01-26T23:33:31.93888701Z",193,"2026-01-26T23:38:29.361256613Z","","","game ended","2026-01-26T23:38:47.215069389Z",1,"2026-01-26T23:39:17.571126599Z","{""adviceFollowed"":""yes, we only had one collision"",""partnerAdvice"":"""",""feedback"":""""}","2026-01-26T23:39:17.5680648Z","01KFY9HTK0EK1PCHVKAZEZ3J5Q","2026-01-26T23:31:08.041489276Z",3,"2026-01-26T23:33:31.93836236Z","true","2026-01-26T23:34:25.930125494Z","01KFYAB432QEF9P86D9QZSFWBX","2026-01-26T23:31:08.03543001Z","5fff0b0bcbc37a5f5928ed26","2026-01-26T23:31:08.03543001Z","{""advice"":""Try to find an outcome that's fair for both of you."",""adviceType"":""CG"",""chatEnabled"":false,""numRounds"":13,""playerCount"":2}","2026-01-26T23:31:08.041489276Z","CG_cooperate","2026-01-26T23:31:08.041489276Z","{""PROLIFIC_PID"":""5fff0b0bcbc37a5f5928ed26"",""STUDY_ID"":""6976b36e15b09b93b6b74098"",""SESSION_ID"":""6977f91da60a89603455df8c""}","2026-01-26T23:31:08.318292517Z","{""plan"":""I will try to always park at either A or C, but never B or D""}","2026-01-26T23:34:25.928378069Z",NA,NA
"01KFYARV8MEA9HK69XVH7F0GD3","{""advice"":""Try to find an outcome that's fair for both of you.""}","2026-01-26T23:49:31.284468156Z",240,"2026-01-26T23:54:23.236706043Z","","","game ended","2026-01-26T23:54:32.284669191Z",1,"2026-01-26T23:55:21.999342674Z","{""adviceFollowed"":""Always try to remain fair so that we can both win together."",""partnerAdvice"":"""",""feedback"":""n/a""}","2026-01-26T23:55:21.994847687Z","01KFYB3W7FY6N2QQZCZ02XNG5B","2026-01-26T23:49:33.791348509Z",3,"2026-01-26T23:49:31.57998088Z","true","2026-01-26T23:50:43.078475452Z","01KFYART4EVK50RF6DHB4Y9VF8","2026-01-26T23:38:37.20415204Z","612376826a580ca0368bb19f","2026-01-26T23:38:37.20415204Z","{""advice"":""Try to find an outcome that's fair for both of you."",""adviceType"":""CG"",""chatEnabled"":false,""numRounds"":13,""playerCount"":2}","2026-01-26T23:38:37.208037664Z","CG_cooperate","2026-01-26T23:38:37.208037664Z","{""PROLIFIC_PID"":""612376826a580ca0368bb19f"",""STUDY_ID"":""6976b36e15b09b93b6b74098"",""SESSION_ID"":""6977fa880be5906efe5c3289""}","2026-01-26T23:38:37.898001582Z","{""plan"":""Choose either A or B""}","2026-01-26T23:50:43.069882085Z",NA,NA
"01KFYB2G7TXS4VX1SAB2FED2W4","{""advice"":""Try to find an outcome that's fair for both of you.""}","2026-01-26T23:45:16.372102947Z",294,"2026-01-26T23:50:19.130344823Z","","","game ended","2026-01-26T23:50:28.596992257Z",1,"2026-01-26T23:52:01.397579418Z","{""adviceFollowed"":""Yes I think we worked quite well."",""partnerAdvice"":"""",""feedback"":""No issues at all thank you.""}","2026-01-26T23:52:01.394631642Z","01KFYB2EVG398299GP4TR87MGB","2026-01-26T23:45:43.34741785Z",3,"2026-01-26T23:45:16.483574755Z","true","2026-01-26T23:46:26.608493008Z","01KFYB2FSVKDRAGJR5EVBVYBEZ","2026-01-26T23:43:53.594794556Z","665a16dd2db5a0dff976ea9b","2026-01-26T23:43:53.594794556Z","{""advice"":""Try to find an outcome that's fair for both of you."",""adviceType"":""CG"",""chatEnabled"":false,""numRounds"":13,""playerCount"":2}","2026-01-26T23:43:53.599641551Z","CG_cooperate","2026-01-26T23:43:53.599641551Z","{""PROLIFIC_PID"":""665a16dd2db5a0dff976ea9b"",""STUDY_ID"":""6976b36e15b09b93b6b74098"",""SESSION_ID"":""6977fafde77e2bf13eb78bbd""}","2026-01-26T23:43:53.876925149Z","{""plan"":""I will try and aim to get the same-colour bonus in the A&B sections so both me and my partner gain the same amount.""}","2026-01-26T23:46:26.600835668Z",NA,NA
"01KFYB6JASQBJHBF6YYSMD9KTS","{""advice"":""Try to find an outcome that's fair for both of you.""}","2026-01-26T23:47:04.579100487Z",234,"2026-01-26T23:50:22.370179691Z","","","game ended","2026-01-26T23:50:29.471008638Z",1,"2026-01-26T23:52:55.411603731Z","{""adviceFollowed"":""Somewhat, except I just chose the same colored one next to the one my partner kept choosing to make sure we got the bonus MU."",""partnerAdvice"":"""",""feedback"":""I enjoyed the game and thought the study ran smoothly.""}","2026-01-26T23:52:55.414782855Z","01KFYB2F6CJQFAY8SNS54WMQNW","2026-01-26T23:47:38.45199817Z",3,"2026-01-26T23:47:04.576984959Z","true","2026-01-26T23:48:21.672865147Z","01KFYB6J21PA0J4M46T45Y76GQ","2026-01-26T23:46:06.809362587Z","662d7fba32d6a738b194d893","2026-01-26T23:46:06.809362587Z","{""advice"":""Try to find an outcome that's fair for both of you."",""adviceType"":""CG"",""chatEnabled"":false,""numRounds"":13,""playerCount"":2}","2026-01-26T23:46:06.815748557Z","CG_cooperate","2026-01-26T23:46:06.815748557Z","{""PROLIFIC_PID"":""662d7fba32d6a738b194d893"",""STUDY_ID"":""6976b36e15b09b93b6b74098"",""SESSION_ID"":""6977fca5d7fe42d2322c31f5""}","2026-01-26T23:46:06.966002949Z","{""plan"":""I plan to try and pick the parking spot with the highest MU every round and hope that my partner parks next to the highest MU spot of the same color.""}","2026-01-26T23:48:21.675084743Z",NA,NA
"01KFYAFJ55FDGFZ9S3KAFEYVJX","{""advice"":""Try to find an outcome that's fair for both of you.""}","2026-01-26T23:36:01.071470621Z",175,"2026-01-26T23:39:15.703896469Z","","","game ended","2026-01-26T23:39:26.44022858Z",1,"2026-01-26T23:39:58.218655864Z","{""adviceFollowed"":""The advice was not clear"",""partnerAdvice"":"""",""feedback"":""NA""}","2026-01-26T23:39:58.217886817Z","01KFY9K38ZXYCWCYYG4A3WMAZW","2026-01-26T23:36:46.035440294Z",3,"2026-01-26T23:36:01.071778528Z","true","2026-01-26T23:36:49.422039793Z","01KFYAFHVPDC19KTNNGCB23SKH","2026-01-26T23:33:32.96600197Z","69163607e65df2b5dbe294fa","2026-01-26T23:33:32.96600197Z","{""advice"":""Try to find an outcome that's fair for both of you."",""adviceType"":""CG"",""chatEnabled"":false,""numRounds"":13,""playerCount"":2}","2026-01-26T23:33:32.97144825Z","CG_cooperate","2026-01-26T23:33:32.97144825Z","{""PROLIFIC_PID"":""69163607e65df2b5dbe294fa"",""STUDY_ID"":""6976b36e15b09b93b6b74098"",""SESSION_ID"":""6977f9a07cc2dc3900e02885""}","2026-01-26T23:33:33.163280073Z","{""plan"":""Park C and the other player A or B, if the other player gets C move to B""}","2026-01-26T23:36:49.419278028Z",NA,NA
"01KFYB53TK4M3251P8YCTNN2SZ","{""advice"":""Try to find an outcome that's fair for both of you.""}","2026-01-26T23:46:57.37069798Z",155,"2026-01-26T23:48:54.674434399Z","","","game ended","2026-01-26T23:49:05.795061499Z",1,"2026-01-26T23:49:34.692113993Z","{""adviceFollowed"":""WE almost synced when he swapped to B but i swaped to D to match the color and then we just lost the sync"",""partnerAdvice"":"""",""feedback"":""""}","2026-01-26T23:49:34.684118956Z","01KFYB2F0VT86G75RZSSQ427N5","2026-01-26T23:46:26.62182751Z",3,"2026-01-26T23:46:57.372781412Z","true","2026-01-26T23:47:38.436789953Z","01KFYB53BKYADWRR7GBX2KRGM5","2026-01-26T23:45:19.187871532Z","673eb4b62c4758c59495e116","2026-01-26T23:45:19.187871532Z","{""advice"":""Try to find an outcome that's fair for both of you."",""adviceType"":""CG"",""chatEnabled"":false,""numRounds"":13,""playerCount"":2}","2026-01-26T23:45:19.19445877Z","CG_cooperate","2026-01-26T23:45:19.19445877Z","{""PROLIFIC_PID"":""673eb4b62c4758c59495e116"",""STUDY_ID"":""6976b36e15b09b93b6b74098"",""SESSION_ID"":""6977fc6d698fd86e5bdf8d1a""}","2026-01-26T23:45:19.456684527Z","{""plan"":""Try our best to park in different spots and same color thats the best outcome. if we manage to sync the first 2 games we can just loop it.""}","2026-01-26T23:47:38.432784488Z",NA,NA
"01KFYBC555J8P9TZFKQH8VSJ1H","{""advice"":""Try to find an outcome that's fair for both of you.""}","2026-01-26T23:52:21.646060768Z",191,"2026-01-27T00:00:03.03618674Z","","","game ended","2026-01-27T00:00:21.790434792Z",1,"2026-01-27T00:01:44.335717127Z","{""adviceFollowed"":""Yes, i am really happy with our pergormance"",""partnerAdvice"":"""",""feedback"":""no problems""}","2026-01-27T00:01:44.330435305Z","01KFYB4CK59YSD539EMMQ4H53N","2026-01-26T23:54:30.184601791Z",3,"2026-01-26T23:52:21.802395306Z","true","2026-01-26T23:54:41.363482067Z","01KFYBC4HGY2G5Y68YSX6WRVRZ","2026-01-26T23:49:09.92539555Z","5fc9ec3d0990d4501dfd7e05","2026-01-26T23:49:09.92539555Z","{""advice"":""Try to find an outcome that's fair for both of you."",""adviceType"":""CG"",""chatEnabled"":false,""numRounds"":13,""playerCount"":2}","2026-01-26T23:49:09.932132949Z","CG_cooperate","2026-01-26T23:49:09.932132949Z","{""PROLIFIC_PID"":""5fc9ec3d0990d4501dfd7e05"",""STUDY_ID"":""6976b36e15b09b93b6b74098"",""SESSION_ID"":""6977fd2e977bd891827b5d0f""}","2026-01-26T23:49:10.311951913Z","{""plan"":""My plan is to to park my car in certain spots to maximize my potential bonus.""}","2026-01-26T23:54:41.357664645Z",NA,NA
"01KFYD74N48ZV6J08FEVQV4CGJ","{""advice"":""Try to find an outcome that's fair for both of you.""}","2026-01-27T00:23:23.380975393Z",250,"2026-01-27T00:25:53.921861237Z","","","game ended","2026-01-27T00:26:01.942922338Z",1,"2026-01-27T00:26:32.555228404Z","{""adviceFollowed"":""Yes, we both got very good bonuses and very fairly"",""partnerAdvice"":"""",""feedback"":""N/A""}","2026-01-27T00:26:32.556544522Z","01KFYD2YN7VEC7BDJ1BWXKX8PF","2026-01-27T00:22:55.488793091Z",3,"2026-01-27T00:23:23.430108675Z","true","2026-01-27T00:23:55.548624533Z","01KFYD74EJFX640A8WPYHYFNA6","2026-01-27T00:21:22.724695493Z","60ee43925fe84147c9651df4","2026-01-27T00:21:22.724695493Z","{""advice"":""Try to find an outcome that's fair for both of you."",""adviceType"":""CG"",""chatEnabled"":false,""numRounds"":13,""playerCount"":2}","2026-01-27T00:21:22.729676048Z","CG_cooperate","2026-01-27T00:21:22.729676048Z","{""PROLIFIC_PID"":""60ee43925fe84147c9651df4"",""STUDY_ID"":""6976b36e15b09b93b6b74098"",""SESSION_ID"":""697804d0e88e91be15dd2715""}","2026-01-27T00:21:22.840623754Z","{""plan"":""I will try to Always park in A so he can always park in B and we can both optimize profits""}","2026-01-27T00:23:55.500820165Z","",""
"01KFYD65WQSPZTSN75RAJDKB0T","{""advice"":""Try to find an outcome that's fair for both of you.""}","2026-01-27T00:23:12.306749511Z",259,"2026-01-27T00:25:53.921861237Z","","","game ended","2026-01-27T00:26:01.942922338Z",1,"2026-01-27T00:26:42.457886424Z","{""adviceFollowed"":""Yes, my partner picked in a way that we both benefited equally. "",""partnerAdvice"":"""",""feedback"":""No""}","2026-01-27T00:26:42.452005899Z","01KFYD2YN7VEC7BDJ1BWXKX8PF","2026-01-27T00:22:40.055617846Z",3,"2026-01-27T00:23:12.305438829Z","true","2026-01-27T00:23:58.665434835Z","01KFYD65MX53YBKS6T0GM818JT","2026-01-27T00:20:51.223865204Z","5c1874146e26a30001dad2b5","2026-01-27T00:20:51.223865204Z","{""advice"":""Try to find an outcome that's fair for both of you."",""adviceType"":""CG"",""chatEnabled"":false,""numRounds"":13,""playerCount"":2}","2026-01-27T00:20:51.229629604Z","CG_cooperate","2026-01-27T00:20:51.229629604Z","{""PROLIFIC_PID"":""5c1874146e26a30001dad2b5"",""STUDY_ID"":""6976b36e15b09b93b6b74098"",""SESSION_ID"":""697804b1e7675c498e19168b""}","2026-01-27T00:20:51.358608314Z","{""plan"":""Alternate between B and C. ""}","2026-01-27T00:23:58.666723475Z","",""
"01KFYHAHAVF59HZ4J25NZYVJSX","{""advice"":""Try to get the best outcome for yourself.""}","2026-01-27T01:35:23.16815601Z",247,"2026-01-27T01:40:07.746877573Z","","","game ended","2026-01-27T01:40:17.919582907Z",1,"2026-01-27T01:42:16.179442177Z","{""adviceFollowed"":""I don't think we really tried to maximize what we could get, but we did pretty well without overcomplicating the coordination."",""partnerAdvice"":"""",""feedback"":""""}","2026-01-27T01:42:16.17302339Z","01KFYGXS7Z4MM7JQSJWG2ABW0P","2026-01-27T01:37:49.541194173Z",3,"2026-01-27T01:35:23.173655968Z","true","2026-01-27T01:37:53.038666685Z","01KFYHAH1XHJHS58W90MEW9VJR","2026-01-27T01:33:08.315074621Z","5c55b95b91c0ad0001cf86ab","2026-01-27T01:33:08.315074621Z","{""advice"":""Try to get the best outcome for yourself."",""adviceType"":""CG"",""numRounds"":13,""playerCount"":2}","2026-01-27T01:33:08.324958388Z","CG_selfish","2026-01-27T01:33:08.324958388Z","{""PROLIFIC_PID"":""5c55b95b91c0ad0001cf86ab"",""STUDY_ID"":""6976b36e15b09b93b6b74098"",""SESSION_ID"":""6978158952f4b8a7ec6a1e52""}","2026-01-27T01:33:08.47826713Z","{""plan"":""The best, fairest outcome would be to alternate C and D. I could try starting with D, then switching to C if we match. If it appears we won't be alternating, I might then switch to A or B.""}","2026-01-27T01:37:53.032930462Z","",""
"01KFYJ5PR01GA9HBP1P3CNB9SB","{""advice"":""Try to get the best outcome for yourself.""}","2026-01-27T01:49:28.995400093Z",329,"2026-01-27T01:53:29.328620459Z","","","game ended","2026-01-27T01:53:39.989453788Z",1,"2026-01-27T01:54:09.053369102Z","{""adviceFollowed"":""yes me and my partner followed the advice well"",""partnerAdvice"":"""",""feedback"":""no""}","2026-01-27T01:54:09.042238598Z","01KFYHVZT48HXCHWBXETP3GFGZ","2026-01-27T01:49:40.748401277Z",3,"2026-01-27T01:49:28.987571128Z","true","2026-01-27T01:50:00.444151817Z","01KFYJ5P75FSTC1HFK9ZJCJD5C","2026-01-27T01:47:58.592359307Z","5f18b5c77efb2f0d4acba916","2026-01-27T01:47:58.592359307Z","{""advice"":""Try to get the best outcome for yourself."",""adviceType"":""CG"",""numRounds"":13,""playerCount"":2}","2026-01-27T01:47:58.606522609Z","CG_selfish","2026-01-27T01:47:58.606522609Z","{""PROLIFIC_PID"":""5f18b5c77efb2f0d4acba916"",""STUDY_ID"":""6976b36e15b09b93b6b74098"",""SESSION_ID"":""6978192795b0c9de9b49a48f""}","2026-01-27T01:47:58.890031791Z","{""plan"":""different spots, different color""}","2026-01-27T01:50:00.453753429Z","",""
"01KFYK07Z6P2Z7ZAY1SW3GN3DV","{""advice"":""Try to get the best outcome for yourself.""}","2026-01-27T02:03:44.96816483Z",230,"2026-01-27T02:06:48.779976278Z","","","game ended","2026-01-27T02:06:58.851339516Z",1,"2026-01-27T02:08:12.988950499Z","{""adviceFollowed"":""yes. we went for the highest paying parking spots. "",""partnerAdvice"":"""",""feedback"":""the study stopped on a white screen at one point. I had to refresh the study to get back into the game. I think this freezing may have negatively impacted my final bonus.""}","2026-01-27T02:08:12.973629739Z","01KFYJZKBQ9NWC8AJXCX6DN87T","2026-01-27T02:02:28.21981578Z",3,"2026-01-27T02:03:44.982704925Z","true","2026-01-27T02:04:01.998150861Z","01KFYK07F5J505MZTN1TJCVA8R","2026-01-27T02:02:28.198168981Z","5c762ce8eda5da001662be0b","2026-01-27T02:02:28.198168981Z","{""advice"":""Try to get the best outcome for yourself."",""adviceType"":""CG"",""numRounds"":13,""playerCount"":2}","2026-01-27T02:02:28.21981578Z","CG_selfish","2026-01-27T02:02:28.21981578Z","{""PROLIFIC_PID"":""5c762ce8eda5da001662be0b"",""STUDY_ID"":""6976b36e15b09b93b6b74098"",""SESSION_ID"":""69781c481bc34ba923191e9e""}","2026-01-27T02:02:28.488933079Z","{""plan"":""I hope to swap around the same color with my partner ""}","2026-01-27T02:04:02.012395802Z","",""
"01KFYG9ARH2XMN0MFBJSE58ZQA","{""advice"":""Try to get the best outcome for yourself.""}","2026-01-27T01:15:35.250247114Z",226,"2026-01-27T01:18:27.336333562Z","","","game ended","2026-01-27T01:18:34.864268609Z",1,"2026-01-27T01:18:59.928032904Z","{""adviceFollowed"":""We were able to coordinate the best possible winnings early and succeeded "",""partnerAdvice"":"""",""feedback"":""""}","2026-01-27T01:18:59.930372029Z","01KFYFQ8A5NBDYZAY6KZKMJENW","2026-01-27T01:15:00.247336246Z",3,"2026-01-27T01:15:35.252725959Z","true","2026-01-27T01:16:19.45497539Z","01KFYG9AHKG5QPQ0H44BS0DEB4","2026-01-27T01:15:00.241744276Z","5e9e207c1af35c1edbf976ca","2026-01-27T01:15:00.241744276Z","{""advice"":""Try to get the best outcome for yourself."",""adviceType"":""CG"",""numRounds"":13,""playerCount"":2}","2026-01-27T01:15:00.247336246Z","CG_selfish","2026-01-27T01:15:00.247336246Z","{""PROLIFIC_PID"":""5e9e207c1af35c1edbf976ca"",""STUDY_ID"":""6976b36e15b09b93b6b74098"",""SESSION_ID"":""69781182be3bb5bcc9a3f633""}","2026-01-27T01:15:00.385048376Z","{""plan"":""For the highest earnings and see what happens""}","2026-01-27T01:16:19.452497454Z","",""
"01KFYGGVXB4J22GXND3TT9QKGG","{""advice"":""Try to get the best outcome for yourself.""}","2026-01-27T01:23:44.380171509Z",229,"2026-01-27T01:28:20.561271645Z","","","game ended","2026-01-27T01:28:33.047761086Z",1,"2026-01-27T01:29:36.189037917Z","{""adviceFollowed"":""Yes, we didn't match in the first choice but in the next rounds we kept choosing what was best for us"",""partnerAdvice"":"""",""feedback"":""No. Study was fun.""}","2026-01-27T01:29:36.192975843Z","01KFYGC41G1JFWR1WD0YSTXT52","2026-01-27T01:25:00.499076579Z",3,"2026-01-27T01:23:44.376641198Z","true","2026-01-27T01:25:07.119746637Z","01KFYGGVNB7FT04JTDW6S9Y0K7","2026-01-27T01:19:07.179203161Z","5c3d36edababef0001603f67","2026-01-27T01:19:07.179203161Z","{""advice"":""Try to get the best outcome for yourself."",""adviceType"":""CG"",""numRounds"":13,""playerCount"":2}","2026-01-27T01:19:07.187193401Z","CG_selfish","2026-01-27T01:19:07.187193401Z","{""PROLIFIC_PID"":""5c3d36edababef0001603f67"",""STUDY_ID"":""6976b36e15b09b93b6b74098"",""SESSION_ID"":""69781272d7fe42d2322c3523""}","2026-01-27T01:19:07.320601832Z","{""plan"":""My game plan is to go for the highest earnings in purple occasionally and go for the orange spots most of the time.""}","2026-01-27T01:25:07.121991766Z","",""
"01KFYH1GBA9S2SQG0ZY51E72M3","{""advice"":""Try to get the best outcome for yourself.""}","2026-01-27T01:29:38.263254596Z",148,"2026-01-27T01:36:05.312754694Z","","","game ended","2026-01-27T01:36:38.702650845Z",1,"2026-01-27T01:37:05.240063782Z","{""adviceFollowed"":""Sort of? Its kind of hard to be consistent with your choices and follow what the partner's strategy might've been."",""partnerAdvice"":"""",""feedback"":""It was a fun game! ""}","2026-01-27T01:37:05.235242163Z","01KFYGF6ZPQZAP9K5P7WV3ZATG","2026-01-27T01:29:46.835258356Z",3,"2026-01-27T01:29:38.301623819Z","true","2026-01-27T01:30:15.339560935Z","01KFYH1G5QGBYBA60NRE93Z526","2026-01-27T01:28:12.394976658Z","663a7b8fbe04db328f07f9a2","2026-01-27T01:28:12.394976658Z","{""advice"":""Try to get the best outcome for yourself."",""adviceType"":""CG"",""numRounds"":13,""playerCount"":2}","2026-01-27T01:28:12.409133978Z","CG_selfish","2026-01-27T01:28:12.409133978Z","{""PROLIFIC_PID"":""663a7b8fbe04db328f07f9a2"",""STUDY_ID"":""6976b36e15b09b93b6b74098"",""SESSION_ID"":""6978148fd648ae6f6457a017""}","2026-01-27T01:28:12.49714599Z","{""plan"":""I'd like to maximize my earnings somehow, so I will change my choice each pick. I'll target A or B mostly because they're not the highest earnings BUT there's two of them so my chances are better.""}","2026-01-27T01:30:15.333737192Z","",""
"01KFYH3WG0AEGWQ0GAW8ZBGS02","{""advice"":""Try to get the best outcome for yourself.""}","2026-01-27T01:32:04.646867948Z",158,"2026-01-27T01:37:30.727801915Z","","","game ended","2026-01-27T01:38:10.016743742Z",1,"2026-01-27T01:38:35.334751721Z","{""adviceFollowed"":""NOT SURE"",""partnerAdvice"":"""",""feedback"":""""}","2026-01-27T01:38:35.341082054Z","01KFYGXRW38A831KHWW0MX0DXJ","2026-01-27T01:33:18.241616468Z",3,"2026-01-27T01:32:04.639629537Z","true","2026-01-27T01:34:16.737865436Z","01KFYH3W0MB8QKVNSR8Q6T0X71","2026-01-27T01:29:30.368462Z","692d6d11e4a09694c5cebc1f@email.prolific.com","2026-01-27T01:29:30.368462Z","{""advice"":""Try to get the best outcome for yourself."",""adviceType"":""CG"",""numRounds"":13,""playerCount"":2}","2026-01-27T01:29:30.376869118Z","CG_selfish","2026-01-27T01:29:30.376869118Z","{""PROLIFIC_PID"":""692d6d11e4a09694c5cebc1f"",""STUDY_ID"":""6976b36e15b09b93b6b74098"",""SESSION_ID"":""697814c4885829e56e6719c9""}","2026-01-27T01:29:30.656842822Z","{""plan"":""I WILL PARK IN B\n""}","2026-01-27T01:34:16.732751246Z","",""
"01KFYJ8HBDBH15FA1MQEF0ZNKK","{""advice"":""Try to get the best outcome for yourself.""}","2026-01-27T01:51:22.894488133Z",108,"2026-01-27T01:56:14.952876049Z","","","game ended","2026-01-27T01:56:27.615769242Z",1,"2026-01-27T01:57:03.309436164Z","{""adviceFollowed"":""SI NOS ADAPTAMOS BIEN A LOS CONSEJOS\n"",""partnerAdvice"":"""",""feedback"":""NO ENCONTRE PROBLEMAS""}","2026-01-27T01:57:03.321561681Z","01KFYHW0TS9R73EK2NP1YWYFF4","2026-01-27T01:52:20.715035919Z",3,"2026-01-27T01:51:22.904007402Z","true","2026-01-27T01:52:37.865378696Z","01KFYJ8H3G1MEWFCM33C879JKW","2026-01-27T01:49:31.373174262Z","67198494472c20e8170bd714","2026-01-27T01:49:31.373174262Z","{""advice"":""Try to get the best outcome for yourself."",""adviceType"":""CG"",""numRounds"":13,""playerCount"":2}","2026-01-27T01:49:31.389142006Z","CG_selfish","2026-01-27T01:49:31.389142006Z","{""PROLIFIC_PID"":""67198494472c20e8170bd714"",""STUDY_ID"":""6976b36e15b09b93b6b74098"",""SESSION_ID"":""69781983ffadc967cc6177ab""}","2026-01-27T01:49:31.562452381Z","{""plan"":""SUERTE ELIGIENDO TCOLORES DISTINTOS""}","2026-01-27T01:52:37.877552379Z","",""
"01KFYGDSDSKXAWQVX7VT1KMS3M","{""advice"":""Try to get the best outcome for yourself.""}","2026-01-27T01:18:38.432739751Z",122,"2026-01-27T01:21:47.095472562Z","","","game ended","2026-01-27T01:22:01.238960445Z",1,"2026-01-27T01:22:23.898007466Z","{""adviceFollowed"":""Yes they only picked C the entire time"",""partnerAdvice"":"""",""feedback"":""""}","2026-01-27T01:22:23.894127134Z","01KFYFQ8X02XGV9FDXQQ5ZT7WW","2026-01-27T01:18:51.668224194Z",3,"2026-01-27T01:18:38.438574369Z","true","2026-01-27T01:19:14.599762317Z","01KFYGDS5NH4ZJM45TC9DH72S1","2026-01-27T01:17:26.329304706Z","66585ecc44201efc39f333bc","2026-01-27T01:17:26.329304706Z","{""advice"":""Try to get the best outcome for yourself."",""adviceType"":""CG"",""numRounds"":13,""playerCount"":2}","2026-01-27T01:17:26.334898557Z","CG_selfish","2026-01-27T01:17:26.334898557Z","{""PROLIFIC_PID"":""66585ecc44201efc39f333bc"",""STUDY_ID"":""6976b36e15b09b93b6b74098"",""SESSION_ID"":""69781205662993c10cc5c1ca""}","2026-01-27T01:17:26.491410369Z","{""plan"":""I am going to try to get the best outcome for myself.""}","2026-01-27T01:19:14.593134065Z","",""
"01KFYGP251NQTJP9GY0NSF51F4","{""advice"":""Try to get the best outcome for yourself.""}","2026-01-27T01:23:40.82487012Z",203,"2026-01-27T01:27:59.890299802Z","","","game ended","2026-01-27T01:28:16.447234817Z",1,"2026-01-27T01:29:41.765957213Z","{""adviceFollowed"":""Yeah. Partner did get a bit greedy and didn't feel like swapping but eventually got forced to swap so I could get the higher earnings for the same round that they did."",""partnerAdvice"":"""",""feedback"":""No issues at all""}","2026-01-27T01:29:41.760573674Z","01KFYGC3TH691TC9GAK79DZ00F","2026-01-27T01:24:17.156036299Z",3,"2026-01-27T01:23:40.954169856Z","true","2026-01-27T01:25:00.487834749Z","01KFYGP1NG5B87FC8XN2V97J8B","2026-01-27T01:21:57.409079332Z","66114a0b05f2eab8dffe8205","2026-01-27T01:21:57.409079332Z","{""advice"":""Try to get the best outcome for yourself."",""adviceType"":""CG"",""numRounds"":13,""playerCount"":2}","2026-01-27T01:21:57.416591833Z","CG_selfish","2026-01-27T01:21:57.416591833Z","{""PROLIFIC_PID"":""66114a0b05f2eab8dffe8205"",""STUDY_ID"":""6976b36e15b09b93b6b74098"",""SESSION_ID"":""6978131bdc010cc7e0385e59""}","2026-01-27T01:21:57.672020992Z","{""plan"":""Try and park in same color to maximize earnings. I'd focus on purple. Maybe start C and keep going C, hoping partner realises and parks D. ""}","2026-01-27T01:25:00.485024942Z","",""
"01KFYJFWZDPDQ0CNQJGN2XMQD9","{""advice"":""Try to get the best outcome for yourself.""}","2026-01-27T01:58:28.315999119Z",289,"2026-01-27T02:04:33.54516256Z","","","game ended","2026-01-27T02:04:56.345957705Z",1,"2026-01-27T02:07:28.92996271Z","{""adviceFollowed"":""Yes we followed the advice. I picked C and they did too originally because it pays the best. I decided to pick C every single time so that they would know what NOT to pick (C) and could pick the next best one. They would learn that I always pick the same one and we then can both avoid getting 0. Even though mine was better. I just happened to be the first person to pick C twice in a row. It could have backfired if they also thought to pick C every single time but it worked out well because they didn't. (even if they got a bit less bonus than me)"",""partnerAdvice"":"""",""feedback"":""""}","2026-01-27T02:07:28.914955544Z","01KFYHXKT7NZQ9DAP27HCY6QDT","2026-01-27T01:59:04.447085882Z",3,"2026-01-27T01:58:28.37676838Z","true","2026-01-27T02:00:53.964634574Z","01KFYJFWPBGKHXMXJE40FJCM50","2026-01-27T01:53:32.65353482Z","60d050a6a9531d817756e433","2026-01-27T01:53:32.65353482Z","{""advice"":""Try to get the best outcome for yourself."",""adviceType"":""CG"",""numRounds"":13,""playerCount"":2}","2026-01-27T01:53:32.678340275Z","CG_selfish","2026-01-27T01:53:32.678340275Z","{""PROLIFIC_PID"":""60d050a6a9531d817756e433"",""STUDY_ID"":""6976b36e15b09b93b6b74098"",""SESSION_ID"":""697819edefdbe71a61a557d9""}","2026-01-27T01:53:32.842663414Z","{""plan"":""Because the bonus amounts are so pathetic (half a cent? really??) I will simply try to get the highest amount. The bonuses are so low they may as well not exist. ""}","2026-01-27T02:00:53.951539443Z","",""
"01KFYG4BFXYPEKKDTJXE9YECFG","{""advice"":""Try to get the best outcome for yourself.""}","2026-01-27T01:14:21.629798999Z",282,"2026-01-27T01:21:20.364016072Z","","","game ended","2026-01-27T01:21:33.190694516Z",1,"2026-01-27T01:23:45.873023544Z","{""adviceFollowed"":""No, I did not get his/her strategy, mine was to maximize the bonus by choosing C most times.  "",""partnerAdvice"":"""",""feedback"":""All went ok. ""}","2026-01-27T01:23:45.869098932Z","01KFYFQ8GRGYWQRNR9FAZW4Z3W","2026-01-27T01:16:19.465187986Z",3,"2026-01-27T01:14:21.631229981Z","true","2026-01-27T01:17:10.254367244Z","01KFYG4B685NA2BTMCXQSN7BY9","2026-01-27T01:12:17.149569233Z","66324d7b75233b6df004695d","2026-01-27T01:12:17.149569233Z","{""advice"":""Try to get the best outcome for yourself."",""adviceType"":""CG"",""numRounds"":13,""playerCount"":2}","2026-01-27T01:12:17.154704336Z","CG_selfish","2026-01-27T01:12:17.154704336Z","{""PROLIFIC_PID"":""66324d7b75233b6df004695d"",""STUDY_ID"":""6976b36e15b09b93b6b74098"",""SESSION_ID"":""697810c0ece5c6ce2fe34cfc""}","2026-01-27T01:12:17.321609069Z","{""plan"":""As per the advice I will try get the best for me and park in different spots + different color all time as there is an option to get 19MU vs. parking in different spots  + same color ""}","2026-01-27T01:17:10.252629077Z","",""
"01KFYGJ9BXV4P6F4KZV3PXJRXA","{""advice"":""Try to get the best outcome for yourself.""}","2026-01-27T01:20:47.454293297Z",194,"2026-01-27T01:25:35.711762584Z","","","game ended","2026-01-27T01:25:48.992447941Z",1,"2026-01-27T01:26:05.881522844Z","{""adviceFollowed"":""No, we took turns taking the 29 MU."",""partnerAdvice"":"""",""feedback"":""No further feedback.""}","2026-01-27T01:26:05.87833065Z","01KFYGC3CNANZ4MJKSN596XTZH","2026-01-27T01:21:10.73430431Z",3,"2026-01-27T01:20:47.456622636Z","true","2026-01-27T01:21:45.603046065Z","01KFYGJ93WWNFJG8A68VRR3Z55","2026-01-27T01:19:53.725868555Z","63d84be2c9a21026d442e728","2026-01-27T01:19:53.725868555Z","{""advice"":""Try to get the best outcome for yourself."",""adviceType"":""CG"",""numRounds"":13,""playerCount"":2}","2026-01-27T01:19:53.732051506Z","CG_selfish","2026-01-27T01:19:53.732051506Z","{""PROLIFIC_PID"":""63d84be2c9a21026d442e728"",""STUDY_ID"":""6976b36e15b09b93b6b74098"",""SESSION_ID"":""697812a3cf5aa22f4815afb9""}","2026-01-27T01:19:53.895325144Z","{""plan"":""I will try to pick the highest amount of points in the opposite color considering my partner might just go for the highest payout parking spot always. In this case I would pick A or B because they both give 10 MU and my partner will likely pick the purple 19 MU spot.""}","2026-01-27T01:21:45.600357382Z","",""
"01KFYGJQGWFT7MNVFJPRPSKFCF","{""advice"":""Try to get the best outcome for yourself.""}","2026-01-27T01:20:37.980707878Z",348,"2026-01-27T01:22:36.429698245Z","","","game ended","2026-01-27T01:22:43.084161816Z",1,"2026-01-27T01:22:59.430369102Z","{""adviceFollowed"":""Yes I think we did!"",""partnerAdvice"":"""",""feedback"":""No""}","2026-01-27T01:22:59.427204732Z","01KFYG3ZDHR3XAW594V5BAYKHS","2026-01-27T01:20:08.227373078Z",3,"2026-01-27T01:20:37.978426263Z","true","2026-01-27T01:21:10.720288819Z","01KFYGJPZ3MRYMT6NFWMCN3F61","2026-01-27T01:20:08.220295761Z","6941786f9acdcc0131d758a9","2026-01-27T01:20:08.220295761Z","{""advice"":""Try to get the best outcome for yourself."",""adviceType"":""CG"",""numRounds"":13,""playerCount"":2}","2026-01-27T01:20:08.227373078Z","CG_selfish","2026-01-27T01:20:08.227373078Z","{""PROLIFIC_PID"":""6941786f9acdcc0131d758a9"",""STUDY_ID"":""6976b36e15b09b93b6b74098"",""SESSION_ID"":""69781187ac35166d54c6ff20""}","2026-01-27T01:20:08.504579371Z","{""plan"":""I am going to park in D. I think they will choose C. ""}","2026-01-27T01:21:10.722509812Z","",""
"01KFYH1GJRG48B4C79740EEG05","{""advice"":""Try to get the best outcome for yourself.""}","2026-01-27T01:30:57.316193464Z",160,"2026-01-27T01:33:19.995687795Z","","","game ended","2026-01-27T01:33:32.019709714Z",1,"2026-01-27T01:34:19.850315161Z","{""adviceFollowed"":""yes thou took my spot"",""partnerAdvice"":"""",""feedback"":""""}","2026-01-27T01:34:19.845003229Z","01KFYGF76MH94CXZWFP7KMYY3B","2026-01-27T01:30:48.500065631Z",3,"2026-01-27T01:30:57.3119095Z","true","2026-01-27T01:31:38.118386774Z","01KFYH1FRQJ6VX94ZRX0TA52VG","2026-01-27T01:28:12.632584935Z","6759cf4aa98832e7c32a61b3","2026-01-27T01:28:12.632584935Z","{""advice"":""Try to get the best outcome for yourself."",""adviceType"":""CG"",""numRounds"":13,""playerCount"":2}","2026-01-27T01:28:12.641596785Z","CG_selfish","2026-01-27T01:28:12.641596785Z","{""PROLIFIC_PID"":""6759cf4aa98832e7c32a61b3"",""STUDY_ID"":""6976b36e15b09b93b6b74098"",""SESSION_ID"":""6978146abd12552426428f6c""}","2026-01-27T01:28:13.418481408Z","{""plan"":""to park in C ""}","2026-01-27T01:31:38.11401572Z","",""
"01KFYJ50D32C8SESMDJ0BVK7AN","{""advice"":""Try to get the best outcome for yourself.""}","2026-01-27T01:49:47.762703732Z",129,"2026-01-27T01:55:48.93675385Z","","","game ended","2026-01-27T01:56:03.767165031Z",1,"2026-01-27T01:56:43.599700927Z","{""adviceFollowed"":""I think so"",""partnerAdvice"":"""",""feedback"":""No, it was fun""}","2026-01-27T01:56:43.587443973Z","01KFYHW040CZCH2ZEB3SG1WJRP","2026-01-27T01:51:05.32415407Z",3,"2026-01-27T01:49:48.0172069Z","true","2026-01-27T01:52:20.691695612Z","01KFYJ4ZBTFP4FZX9YV4N2ZXPM","2026-01-27T01:47:35.716006781Z","66ce678bbaaf120fe160a530","2026-01-27T01:47:35.716006781Z","{""advice"":""Try to get the best outcome for yourself."",""adviceType"":""CG"",""numRounds"":13,""playerCount"":2}","2026-01-27T01:47:35.738010861Z","CG_selfish","2026-01-27T01:47:35.738010861Z","{""PROLIFIC_PID"":""66ce678bbaaf120fe160a530"",""STUDY_ID"":""6976b36e15b09b93b6b74098"",""SESSION_ID"":""6978189c153c105dc969aa58""}","2026-01-27T01:47:36.37108433Z","{""plan"":""I'll park different spots, same color ""}","2026-01-27T01:52:20.681948041Z","",""
"01KFYFMWR1FXH45MR61RCHMCGT","{""advice"":""Try to get the best outcome for yourself.""}","2026-01-27T01:05:29.356676781Z",211,"2026-01-27T01:09:37.803345743Z","","","game ended","2026-01-27T01:09:49.644326018Z",1,"2026-01-27T01:10:41.754922242Z","{""adviceFollowed"":""I guess. It wasn't much of an advice. We maximized our earnings the best we could, I think."",""partnerAdvice"":"""",""feedback"":""""}","2026-01-27T01:10:41.753776747Z","01KFYEZBD6FQ226DY7XGPEMYAD","2026-01-27T01:05:24.457639386Z",3,"2026-01-27T01:05:29.355853019Z","true","2026-01-27T01:07:09.7042448Z","01KFYFMWH0EKJPBXNF11ABA91G","2026-01-27T01:03:50.529822836Z","5ec44da606cb7931f04a35e9","2026-01-27T01:03:50.529822836Z","{""advice"":""Try to get the best outcome for yourself."",""adviceType"":""CG"",""numRounds"":13,""playerCount"":2}","2026-01-27T01:03:50.534951478Z","CG_selfish","2026-01-27T01:03:50.534951478Z","{""PROLIFIC_PID"":""5ec44da606cb7931f04a35e9"",""STUDY_ID"":""6976b36e15b09b93b6b74098"",""SESSION_ID"":""69780ee3f1f68b83f659742f""}","2026-01-27T01:03:50.677638239Z","{""plan"":""If I chose D consistently, my partner would logically go for C. We would both get a decent bonus that way. Though the orange ones are good too. This will be tricky to avoid collisions.""}","2026-01-27T01:07:09.705142813Z","",""
"01KFYG8HSPVZXPQF3SWXEXTY3H","{""advice"":""Try to get the best outcome for yourself.""}","2026-01-27T01:17:36.607085026Z",128,"2026-01-27T01:22:55.069955223Z","","","game ended","2026-01-27T01:23:13.029294979Z",1,"2026-01-27T01:24:15.48535896Z","{""adviceFollowed"":""I felt he followed the advice better than me, I didn't really follow it, because I knew he will choose the best spot and I didn't want to cause the collision. "",""partnerAdvice"":"""",""feedback"":""No problems. ""}","2026-01-27T01:24:15.482199632Z","01KFYFQ8PC2ST8D79S5HJCN75J","2026-01-27T01:17:40.387190105Z",3,"2026-01-27T01:17:36.609622047Z","true","2026-01-27T01:18:51.657940109Z","01KFYG8H8354K344PXPZ106Z9T","2026-01-27T01:14:34.678580525Z","669f349c50e94fd78b7c3b66","2026-01-27T01:14:34.678580525Z","{""advice"":""Try to get the best outcome for yourself."",""adviceType"":""CG"",""numRounds"":13,""playerCount"":2}","2026-01-27T01:14:34.685039086Z","CG_selfish","2026-01-27T01:14:34.685039086Z","{""PROLIFIC_PID"":""669f349c50e94fd78b7c3b66"",""STUDY_ID"":""6976b36e15b09b93b6b74098"",""SESSION_ID"":""69780f7baa1803ce3ea413ad""}","2026-01-27T01:14:34.959576947Z","{""plan"":""I want to park without collision. I also want fair outcome for me and the other person, so no one will end the game being frustrated. ""}","2026-01-27T01:18:51.654707874Z","",""
"01KFYGGPD1ZTCRT8JVKDXRRQ5W","{""advice"":""Try to get the best outcome for yourself.""}","2026-01-27T01:22:09.503225905Z",319,"2026-01-27T01:26:36.825660069Z","","","game ended","2026-01-27T01:26:49.295638103Z",1,"2026-01-27T01:27:19.402306056Z","{""adviceFollowed"":""Yes, very well"",""partnerAdvice"":"""",""feedback"":""Fun survey!""}","2026-01-27T01:27:19.387769113Z","01KFYGC3HRC022MB4ASCC65NXG","2026-01-27T01:22:31.403073169Z",3,"2026-01-27T01:22:09.517974831Z","true","2026-01-27T01:24:17.142407653Z","01KFYGGP2912KTNT3P0MYSTZ56","2026-01-27T01:19:01.537177018Z","610008383c0a128712403745","2026-01-27T01:19:01.537177018Z","{""advice"":""Try to get the best outcome for yourself."",""adviceType"":""CG"",""numRounds"":13,""playerCount"":2}","2026-01-27T01:19:01.558101923Z","CG_selfish","2026-01-27T01:19:01.558101923Z","{""PROLIFIC_PID"":""610008383c0a128712403745"",""STUDY_ID"":""6976b36e15b09b93b6b74098"",""SESSION_ID"":""697811fc00d0e133ba499abd""}","2026-01-27T01:19:01.814512793Z","{""plan"":""I am going to try to park in C as often as I can. I will try to get a sense of their strategy as the game goes on. This is mostly a game of chance, so I do not have too much planned just yet.""}","2026-01-27T01:24:17.139560713Z","",""
"01KFYGEM332NA6WY38DYX8J2R0","{""advice"":""Try to get the best outcome for yourself.""}","2026-01-27T01:21:16.915122947Z",191,"2026-01-27T01:25:35.711762584Z","","","game ended","2026-01-27T01:25:48.992447941Z",1,"2026-01-27T01:26:10.767810646Z","{""adviceFollowed"":""yes, after they saw the trend."",""partnerAdvice"":"""",""feedback"":""""}","2026-01-27T01:26:10.7647175Z","01KFYGC3CNANZ4MJKSN596XTZH","2026-01-27T01:21:10.73430431Z",3,"2026-01-27T01:21:16.912641288Z","true","2026-01-27T01:22:31.38898426Z","01KFYGEKT5TMFDSTT0T3Y089T9","2026-01-27T01:17:53.635719998Z","67dc2c51f63afe496c0e7a0c","2026-01-27T01:17:53.635719998Z","{""advice"":""Try to get the best outcome for yourself."",""adviceType"":""CG"",""numRounds"":13,""playerCount"":2}","2026-01-27T01:17:53.64177573Z","CG_selfish","2026-01-27T01:17:53.64177573Z","{""PROLIFIC_PID"":""67dc2c51f63afe496c0e7a0c"",""STUDY_ID"":""6976b36e15b09b93b6b74098"",""SESSION_ID"":""6978122346faa455997e96b7""}","2026-01-27T01:17:53.811234143Z","{""plan"":"" rotate c and d each time you starting first on c, then your next d, then back to c and continue to end... I will do the same but opposite.""}","2026-01-27T01:22:31.386647331Z","",""
"01KFYHZHK4J4JWQZEKYM34WKHZ","{""advice"":""Try to get the best outcome for yourself.""}","2026-01-27T01:45:28.47065111Z",135,"2026-01-27T01:49:34.706867931Z","","","game ended","2026-01-27T01:49:50.095695315Z",1,"2026-01-27T01:50:02.489060696Z","{""adviceFollowed"":""Yes I stayed off C"",""partnerAdvice"":"""",""feedback"":""""}","2026-01-27T01:50:02.480734995Z","01KFYHVQZ3D6B27VVK82D7Q8KW","2026-01-27T01:45:37.609171863Z",3,"2026-01-27T01:45:28.478805661Z","true","2026-01-27T01:45:47.709475879Z","01KFYHZH5Q9SN5S45D3KFZXK41","2026-01-27T01:44:36.708919653Z","66958688126ae60131512012","2026-01-27T01:44:36.708919653Z","{""advice"":""Try to get the best outcome for yourself."",""adviceType"":""CG"",""numRounds"":13,""playerCount"":2}","2026-01-27T01:44:36.726324442Z","CG_selfish","2026-01-27T01:44:36.726324442Z","{""PROLIFIC_PID"":""66958688126ae60131512012"",""STUDY_ID"":""6976b36e15b09b93b6b74098"",""SESSION_ID"":""6978186f12115c97017d68e9""}","2026-01-27T01:44:36.960519408Z","{""plan"":""Aim for good spots""}","2026-01-27T01:45:47.718012332Z","",""
"01KFYF6NSAY19BY29RHJXYBESE","{""advice"":""Try to get the best outcome for yourself.""}","2026-01-27T00:58:22.687980524Z",136,"2026-01-27T01:01:44.926333643Z","","","game ended","2026-01-27T01:02:07.0140891Z",1,"2026-01-27T01:03:03.67149434Z","{""adviceFollowed"":""Yes, I think we followed the advice pretty well since we only had 2-3 collisions."",""partnerAdvice"":"""",""feedback"":""No""}","2026-01-27T01:03:03.66926009Z","01KFYEZAJZ7RPMQXAKJ69NC8W1","2026-01-27T00:58:43.538871774Z",3,"2026-01-27T00:58:22.690877804Z","true","2026-01-27T00:58:57.346026373Z","01KFYF6NG7KT0HFDXXNYZD9FBS","2026-01-27T00:56:04.650347814Z","695c430c1bb58a8e26f64565","2026-01-27T00:56:04.650347814Z","{""advice"":""Try to get the best outcome for yourself."",""adviceType"":""CG"",""numRounds"":13,""playerCount"":2}","2026-01-27T00:56:04.655825391Z","CG_selfish","2026-01-27T00:56:04.655825391Z","{""PROLIFIC_PID"":""695c430c1bb58a8e26f64565"",""STUDY_ID"":""6976b36e15b09b93b6b74098"",""SESSION_ID"":""69780cdbd99f9e9ba3acfcd4""}","2026-01-27T00:56:04.784761927Z","{""plan"":""I plan to pick the spot which rewards the most MU.""}","2026-01-27T00:58:57.345059179Z","",""
"01KFYF6RGK6DF19D76PDYN1BWR","{""advice"":""Try to get the best outcome for yourself.""}","2026-01-27T01:00:22.480564228Z",163,"2026-01-27T01:03:14.912583027Z","","","game ended","2026-01-27T01:03:22.478723991Z",1,"2026-01-27T01:04:00.59883256Z","{""adviceFollowed"":""Yes they constantly pick c and I picked D."",""partnerAdvice"":"""",""feedback"":""""}","2026-01-27T01:04:00.53010203Z","01KFYEZATZ6P6AZJVAASBTY5FN","2026-01-27T00:59:24.047357291Z",3,"2026-01-27T01:00:22.588929759Z","true","2026-01-27T01:00:49.658215819Z","01KFYF6R87J85G068TY48P6NH4","2026-01-27T00:56:07.443042749Z","6942dc14835d7d61b3693715","2026-01-27T00:56:07.443042749Z","{""advice"":""Try to get the best outcome for yourself."",""adviceType"":""CG"",""numRounds"":13,""playerCount"":2}","2026-01-27T00:56:07.448222614Z","CG_selfish","2026-01-27T00:56:07.448222614Z","{""PROLIFIC_PID"":""6942dc14835d7d61b3693715"",""STUDY_ID"":""6976b36e15b09b93b6b74098"",""SESSION_ID"":""69780d0ed7fe42d2322c3487""}","2026-01-27T00:56:07.589629943Z","{""plan"":""To get the best spot for myself""}","2026-01-27T01:00:49.658715128Z","",""
"01KFYGAF0QBWXB15T4XXTG406N","{""advice"":""Try to get the best outcome for yourself.""}","2026-01-27T01:17:02.627762467Z",189,"2026-01-27T01:21:20.364016072Z","","","game ended","2026-01-27T01:21:33.190694516Z",1,"2026-01-27T01:22:01.444778734Z","{""adviceFollowed"":""It was a bit confusing. I tried my best."",""partnerAdvice"":"""",""feedback"":""""}","2026-01-27T01:22:01.435470103Z","01KFYFQ8GRGYWQRNR9FAZW4Z3W","2026-01-27T01:16:19.465187986Z",3,"2026-01-27T01:17:02.629456692Z","true","2026-01-27T01:17:40.378920045Z","01KFYGAEM7V9VPW497SGS5RP53","2026-01-27T01:15:37.367077009Z","65f362ffea415d878f1f4f1d","2026-01-27T01:15:37.367077009Z","{""advice"":""Try to get the best outcome for yourself."",""adviceType"":""CG"",""numRounds"":13,""playerCount"":2}","2026-01-27T01:15:37.37310389Z","CG_selfish","2026-01-27T01:15:37.37310389Z","{""PROLIFIC_PID"":""65f362ffea415d878f1f4f1d"",""STUDY_ID"":""6976b36e15b09b93b6b74098"",""SESSION_ID"":""6978119900d0e133ba499aac""}","2026-01-27T01:15:37.744301673Z","{""plan"":""Will hope to be able to figure out how to select a different spot and different color to maximize earnings.""}","2026-01-27T01:17:40.376287764Z","",""
"01KFYHEWVD0MHPGE6QBVRPWA9N","{""advice"":""Try to get the best outcome for yourself.""}","2026-01-27T01:37:01.140464444Z",247,"2026-01-27T01:39:50.292720545Z","","","game ended","2026-01-27T01:39:58.445403024Z",1,"2026-01-27T01:40:37.013969572Z","{""adviceFollowed"":""Kind of, I feel neither of us was selfish."",""partnerAdvice"":"""",""feedback"":""""}","2026-01-27T01:40:37.006247446Z","01KFYGXS322077JSW0GTR8X4TB","2026-01-27T01:35:31.195307761Z",3,"2026-01-27T01:37:01.27943828Z","true","2026-01-27T01:37:42.696783857Z","01KFYHEWA48P518EYZXZ78W5T1","2026-01-27T01:35:31.18165877Z","6661c5d7981497312b728f44","2026-01-27T01:35:31.18165877Z","{""advice"":""Try to get the best outcome for yourself."",""adviceType"":""CG"",""numRounds"":13,""playerCount"":2}","2026-01-27T01:35:31.195307761Z","CG_selfish","2026-01-27T01:35:31.195307761Z","{""PROLIFIC_PID"":""6661c5d7981497312b728f44"",""STUDY_ID"":""6976b36e15b09b93b6b74098"",""SESSION_ID"":""69781638163031f994efea62""}","2026-01-27T01:35:31.483378431Z","{""plan"":""I will try to match my partner parking color even if I earn less.""}","2026-01-27T01:37:42.560630959Z","",""
"01KFYHSFWFF5M96Z6KE13XSMSM","{""advice"":""Try to get the best outcome for yourself.""}","2026-01-27T01:42:46.857815164Z",194,"2026-01-27T01:46:05.826546994Z","","","game ended","2026-01-27T01:46:18.305499818Z",1,"2026-01-27T01:47:00.90827212Z","{""adviceFollowed"":""yes we tried to get the most bonus"",""partnerAdvice"":"""",""feedback"":""thank you""}","2026-01-27T01:47:00.91705114Z","01KFYGXSDZRH1J5Z85KR5P6S20","2026-01-27T01:41:18.365041845Z",3,"2026-01-27T01:42:46.864935857Z","true","2026-01-27T01:43:19.503940792Z","01KFYHSEZESB9KX46AP8ZYJQMB","2026-01-27T01:41:18.351635006Z","5d37d2861566530016a061de","2026-01-27T01:41:18.351635006Z","{""advice"":""Try to get the best outcome for yourself."",""adviceType"":""CG"",""numRounds"":13,""playerCount"":2}","2026-01-27T01:41:18.365041845Z","CG_selfish","2026-01-27T01:41:18.365041845Z","{""PROLIFIC_PID"":""5d37d2861566530016a061de"",""STUDY_ID"":""6976b36e15b09b93b6b74098"",""SESSION_ID"":""697817a49e5dd4b95dc5d1f2""}","2026-01-27T01:41:18.7620611Z","{""plan"":""I am going to try to not park in the same spot as partner""}","2026-01-27T01:43:19.496902678Z","",""
"01KFYJ9TQWCAF4RCRWKQPABWFR","{""advice"":""Try to get the best outcome for yourself.""}","2026-01-27T01:52:08.699009404Z",180,"2026-01-27T01:56:14.952876049Z","","","game ended","2026-01-27T01:56:27.615769242Z",1,"2026-01-27T01:58:04.595940694Z","{""adviceFollowed"":""I think I followed the advice semi-well, however, I did try to figure out if there was a way to coordinate with my partner, which didn't really pan out for me. My partner didn't follow any sort of pattern that I could figure out. "",""partnerAdvice"":"""",""feedback"":""""}","2026-01-27T01:58:04.60801636Z","01KFYHW0TS9R73EK2NP1YWYFF4","2026-01-27T01:52:20.715035919Z",3,"2026-01-27T01:52:08.688732153Z","true","2026-01-27T01:53:13.081879462Z","01KFYJ9THF50NSE2J2D59ZGVBC","2026-01-27T01:50:13.756076227Z","63bce1f5fd754309a47160d8","2026-01-27T01:50:13.756076227Z","{""advice"":""Try to get the best outcome for yourself."",""adviceType"":""CG"",""numRounds"":13,""playerCount"":2}","2026-01-27T01:50:13.773996877Z","CG_selfish","2026-01-27T01:50:13.773996877Z","{""PROLIFIC_PID"":""63bce1f5fd754309a47160d8"",""STUDY_ID"":""6976b36e15b09b93b6b74098"",""SESSION_ID"":""697819bc2801017b58d357cb""}","2026-01-27T01:50:13.882439927Z","{""plan"":""I plan on parking in slots that are slightly under the highest MU, to hopefully avoid collision, because, I assume the other participant will think for themself and choose the one with the highest MU""}","2026-01-27T01:53:13.093093033Z","",""
"01KFYHG10M8GEFG9W3N51C78SJ","{""advice"":""Try to get the best outcome for yourself.""}","2026-01-27T01:37:38.296408603Z",250,"2026-01-27T01:40:07.746877573Z","","","game ended","2026-01-27T01:40:17.919582907Z",1,"2026-01-27T01:40:28.459163363Z","{""adviceFollowed"":""yes we did very well"",""partnerAdvice"":"""",""feedback"":""""}","2026-01-27T01:40:28.452910549Z","01KFYGXS7Z4MM7JQSJWG2ABW0P","2026-01-27T01:37:49.541194173Z",3,"2026-01-27T01:37:38.33685681Z","true","2026-01-27T01:38:19.347667092Z","01KFYHG0X42109BXH52SBGS7VA","2026-01-27T01:36:08.212457177Z","6941758c8d2a18b4b6b25c8f","2026-01-27T01:36:08.212457177Z","{""advice"":""Try to get the best outcome for yourself."",""adviceType"":""CG"",""numRounds"":13,""playerCount"":2}","2026-01-27T01:36:08.223630729Z","CG_selfish","2026-01-27T01:36:08.223630729Z","{""PROLIFIC_PID"":""6941758c8d2a18b4b6b25c8f"",""STUDY_ID"":""6976b36e15b09b93b6b74098"",""SESSION_ID"":""6978162ae31f7c2cf2d4f655""}","2026-01-27T01:36:08.34031363Z","{""plan"":""I think I either park in spot a or B ""}","2026-01-27T01:38:19.353722746Z","",""
"01KFYGJDJGYGMPQ5WDR6EPTT8R","{""advice"":""Try to get the best outcome for yourself.""}","2026-01-27T01:29:24.06415899Z",104,"2026-01-27T01:32:10.981784297Z","","","game ended","2026-01-27T01:32:22.103275258Z",1,"2026-01-27T01:32:57.653945798Z","{""adviceFollowed"":""Yes, I think we  did it well"",""partnerAdvice"":"""",""feedback"":""""}","2026-01-27T01:32:57.658754419Z","01KFYGF6VWCQESPSC892CEK7ZS","2026-01-27T01:25:44.0794502Z",3,"2026-01-27T01:29:24.246751446Z","true","2026-01-27T01:29:46.818877021Z","01KFYGJCRY2WCMW1NYJEQ9YYSC","2026-01-27T01:19:58.032295531Z","5ff3d64ce14422a059eaac63","2026-01-27T01:19:58.032295531Z","{""advice"":""Try to get the best outcome for yourself."",""adviceType"":""CG"",""numRounds"":13,""playerCount"":2}","2026-01-27T01:19:58.038836834Z","CG_selfish","2026-01-27T01:19:58.038836834Z","{""PROLIFIC_PID"":""5ff3d64ce14422a059eaac63"",""STUDY_ID"":""6976b36e15b09b93b6b74098"",""SESSION_ID"":""697811c912115c97017d686b""}","2026-01-27T01:19:59.22142265Z","{""plan"":""I plan to do it ramdonly""}","2026-01-27T01:29:46.814886888Z","",""
"01KFYF6GJ9GVETRNYFFM3NBVTH","{""advice"":""Try to get the best outcome for yourself.""}","2026-01-27T00:59:39.348172517Z",105,"2026-01-27T01:06:44.454579519Z","","","game ended","2026-01-27T01:07:01.404431336Z",1,"2026-01-27T01:07:44.156065712Z","{""adviceFollowed"":""Partner did. I tried to be fair."",""partnerAdvice"":"""",""feedback"":""""}","2026-01-27T01:07:44.157145677Z","01KFYEZAY0J21RE390G3VDH3Z2","2026-01-27T01:01:10.418388181Z",3,"2026-01-27T00:59:39.347452615Z","true","2026-01-27T01:01:19.133377491Z","01KFYF6G5TFA92S9262R7FFK94","2026-01-27T00:55:59.305218103Z","5f6e72f4f0d70a3c02af4ee6","2026-01-27T00:55:59.305218103Z","{""advice"":""Try to get the best outcome for yourself."",""adviceType"":""CG"",""numRounds"":13,""playerCount"":2}","2026-01-27T00:55:59.309938363Z","CG_selfish","2026-01-27T00:55:59.309938363Z","{""PROLIFIC_PID"":""5f6e72f4f0d70a3c02af4ee6"",""STUDY_ID"":""6976b36e15b09b93b6b74098"",""SESSION_ID"":""69780cd3401079f608e30f53""}","2026-01-27T00:55:59.522220429Z","{""plan"":""Be fair. Park in the spots that share the same outcomes.""}","2026-01-27T01:01:19.132664557Z","",""
"01KFYG0V9XM43ES11EMJRJBNVG","{""advice"":""Try to get the best outcome for yourself.""}","2026-01-27T01:11:20.080194097Z",140,"2026-01-27T01:17:38.302438521Z","","","game ended","2026-01-27T01:17:51.749328192Z",1,"2026-01-27T01:18:27.128333197Z","{""adviceFollowed"":""yes! i enjoyed a lot too!"",""partnerAdvice"":"""",""feedback"":""nope""}","2026-01-27T01:18:27.126115966Z","01KFYEZBYYBK1DNH4PW6YXT702","2026-01-27T01:12:11.53570124Z",3,"2026-01-27T01:11:20.297714912Z","true","2026-01-27T01:12:35.355368552Z","01KFYG0TPRVCY2BMNE9XTPK7FE","2026-01-27T01:10:22.269534801Z","6931ede7f6bdc3552d09e076","2026-01-27T01:10:22.269534801Z","{""advice"":""Try to get the best outcome for yourself."",""adviceType"":""CG"",""numRounds"":13,""playerCount"":2}","2026-01-27T01:10:22.275920691Z","CG_selfish","2026-01-27T01:10:22.275920691Z","{""PROLIFIC_PID"":""6931ede7f6bdc3552d09e076"",""STUDY_ID"":""6976b36e15b09b93b6b74098"",""SESSION_ID"":""69780ee8045e2d5eb60e1f4a""}","2026-01-27T01:10:22.577700546Z","{""plan"":""parking as described before in same spot 0MU, different spots/colors..""}","2026-01-27T01:12:35.354223217Z","",""
"01KFYG9F05BN005ZENKE6D17K1","{""advice"":""Try to get the best outcome for yourself.""}","2026-01-27T01:17:37.902694935Z",137,"2026-01-27T01:22:55.069955223Z","","","game ended","2026-01-27T01:23:13.029294979Z",1,"2026-01-27T01:23:49.355982841Z","{""adviceFollowed"":""no, we did not. we kind of free-styled in the middle"",""partnerAdvice"":"""",""feedback"":""n/a""}","2026-01-27T01:23:49.353218756Z","01KFYFQ8PC2ST8D79S5HJCN75J","2026-01-27T01:17:40.387190105Z",3,"2026-01-27T01:17:38.266868183Z","true","2026-01-27T01:18:30.314018341Z","01KFYG9DM8TAWDYRQD57KHRPK2","2026-01-27T01:15:04.581376506Z","615d50afaa1ddf26457e079c","2026-01-27T01:15:04.581376506Z","{""advice"":""Try to get the best outcome for yourself."",""adviceType"":""CG"",""numRounds"":13,""playerCount"":2}","2026-01-27T01:15:04.587133502Z","CG_selfish","2026-01-27T01:15:04.587133502Z","{""PROLIFIC_PID"":""615d50afaa1ddf26457e079c"",""STUDY_ID"":""6976b36e15b09b93b6b74098"",""SESSION_ID"":""697810d789855cd3abb024c3""}","2026-01-27T01:15:05.235498848Z","{""plan"":""i will utilise the advice and try to park in the parking spots with maximum MU and hope my partner will use the same strategy""}","2026-01-27T01:18:30.315950701Z","",""
"01KFYGG24XGTA54F55HY9J1HSC","{""advice"":""Try to get the best outcome for yourself.""}","2026-01-27T01:18:54.292361147Z",212,"2026-01-27T01:21:47.095472562Z","","","game ended","2026-01-27T01:22:01.238960445Z",1,"2026-01-27T01:23:25.662518782Z","{""adviceFollowed"":""Yes, I feel that my partner followed the advice well"",""partnerAdvice"":"""",""feedback"":""the survey was fun!""}","2026-01-27T01:23:25.658914893Z","01KFYFQ8X02XGV9FDXQQ5ZT7WW","2026-01-27T01:18:51.668224194Z",3,"2026-01-27T01:18:54.290279836Z","true","2026-01-27T01:19:46.539310613Z","01KFYGG1Y54BWN6BSXRQEBE0KK","2026-01-27T01:18:40.797802256Z","65c12aec64a50727ccd1ac6e","2026-01-27T01:18:40.797802256Z","{""advice"":""Try to get the best outcome for yourself."",""adviceType"":""CG"",""numRounds"":13,""playerCount"":2}","2026-01-27T01:18:40.807247787Z","CG_selfish","2026-01-27T01:18:40.807247787Z","{""PROLIFIC_PID"":""65c12aec64a50727ccd1ac6e"",""STUDY_ID"":""6976b36e15b09b93b6b74098"",""SESSION_ID"":""697811f4af02478466ad7864""}","2026-01-27T01:18:40.966476578Z","{""plan"":""I will try to get the most money by parking in spots C and D""}","2026-01-27T01:19:46.519532044Z","",""
"01KFYGHYQCCE3K6N7WJTVJ6TV2","{""advice"":""Try to get the best outcome for yourself.""}","2026-01-27T01:22:23.136468589Z",269,"2026-01-27T01:27:59.890299802Z","","","game ended","2026-01-27T01:28:16.447234817Z",1,"2026-01-27T01:29:59.824857075Z","{""adviceFollowed"":""yes we get to get the maximum profit possible. "",""partnerAdvice"":"""",""feedback"":""thank you so much for this opportunity.""}","2026-01-27T01:29:59.821091123Z","01KFYGC3TH691TC9GAK79DZ00F","2026-01-27T01:24:17.156036299Z",3,"2026-01-27T01:22:23.133782445Z","true","2026-01-27T01:24:20.838679002Z","01KFYGHXXBFB472MCYYX1FVE5X","2026-01-27T01:19:42.828855114Z","6654f5c576effabe847b5df1","2026-01-27T01:19:42.828855114Z","{""advice"":""Try to get the best outcome for yourself."",""adviceType"":""CG"",""numRounds"":13,""playerCount"":2}","2026-01-27T01:19:42.835711607Z","CG_selfish","2026-01-27T01:19:42.835711607Z","{""PROLIFIC_PID"":""6654f5c576effabe847b5df1"",""STUDY_ID"":""6976b36e15b09b93b6b74098"",""SESSION_ID"":""697811a1ac386723596408ee""}","2026-01-27T01:19:43.315841814Z","{""plan"":""My plan of action is try to maximize my profit. ""}","2026-01-27T01:24:20.835811836Z","",""
"01KFYH802ETARMBYFS7V4MC4E1","{""advice"":""Try to get the best outcome for yourself.""}","2026-01-27T01:32:23.516567232Z",136,"2026-01-27T01:35:06.287793969Z","","","game ended","2026-01-27T01:35:15.331826503Z",1,"2026-01-27T01:36:13.079034932Z","{""adviceFollowed"":""My partner seems to have followed the advice correctly, even though we had quite a few times where we chose the same option. They were able to get a good bonus anyway, maybe better than mine."",""partnerAdvice"":"""",""feedback"":""It was a fun experiment.""}","2026-01-27T01:36:13.084583033Z","01KFYGXRQFQ19FPXGBMBGA2HJ5","2026-01-27T01:31:45.110196709Z",3,"2026-01-27T01:32:23.511962501Z","true","2026-01-27T01:33:15.578185635Z","01KFYH7ZH9QNC081WRAX0Y9HXF","2026-01-27T01:31:45.10256507Z","66f89b4c71d80eb53a9bc75e","2026-01-27T01:31:45.10256507Z","{""advice"":""Try to get the best outcome for yourself."",""adviceType"":""CG"",""numRounds"":13,""playerCount"":2}","2026-01-27T01:31:45.110196709Z","CG_selfish","2026-01-27T01:31:45.110196709Z","{""PROLIFIC_PID"":""66f89b4c71d80eb53a9bc75e"",""STUDY_ID"":""6976b36e15b09b93b6b74098"",""SESSION_ID"":""6978155680b4569047b85665""}","2026-01-27T01:31:45.403756611Z","{""plan"":""I'll wing it. I'm not sure if I can predict what my partner will do, so I'll start with C and see what eles happens""}","2026-01-27T01:33:15.584513349Z","",""
"01KFYFM448S3GQ3ZFYE0785PFP","{""advice"":""Try to get the best outcome for yourself.""}","2026-01-27T01:04:25.85413665Z",151,"2026-01-27T01:08:01.967600578Z","","","game ended","2026-01-27T01:08:10.915888428Z",1,"2026-01-27T01:09:02.605734814Z","{""adviceFollowed"":""yes, he had the game plan earlier than me i saw the patern too late"",""partnerAdvice"":"""",""feedback"":""everything was ok i just saw the patern and game plan too late""}","2026-01-27T01:09:02.604666121Z","01KFYEZB5P2PNKY5A161X8FJXB","2026-01-27T01:03:25.325355778Z",3,"2026-01-27T01:04:25.855122677Z","true","2026-01-27T01:05:00.844264554Z","01KFYFM3JPAXG9WFH0J7C2AHE5","2026-01-27T01:03:25.320064818Z","667082a6f41d9cd93a6bc8f2","2026-01-27T01:03:25.320064818Z","{""advice"":""Try to get the best outcome for yourself."",""adviceType"":""CG"",""numRounds"":13,""playerCount"":2}","2026-01-27T01:03:25.325355778Z","CG_selfish","2026-01-27T01:03:25.325355778Z","{""PROLIFIC_PID"":""667082a6f41d9cd93a6bc8f2"",""STUDY_ID"":""6976b36e15b09b93b6b74098"",""SESSION_ID"":""69780ebc12115c97017d6813""}","2026-01-27T01:03:25.695374922Z","{""plan"":""see what moves my partner makes and figure out patern ""}","2026-01-27T01:05:00.843063853Z","",""
"01KFYFBC0PGCFQMJPT92MRXGFA","{""advice"":""Try to get the best outcome for yourself.""}","2026-01-27T01:00:08.946866037Z",268,"2026-01-27T01:03:14.912583027Z","","","game ended","2026-01-27T01:03:22.478723991Z",1,"2026-01-27T01:08:11.980918887Z","{""adviceFollowed"":""Yes, to a level. We figured out a strategy throughout the game of repetitively choosing the same parking spots and syncing our choices for the optimal result."",""partnerAdvice"":"""",""feedback"":""No problems. Thank you for the opportunity! :) ""}","2026-01-27T01:08:11.981911955Z","01KFYEZATZ6P6AZJVAASBTY5FN","2026-01-27T00:59:24.047357291Z",3,"2026-01-27T01:00:08.946471325Z","true","2026-01-27T01:01:10.412019753Z","01KFYFBBB4BA9AYHBYSK2V6MS4","2026-01-27T00:58:38.486080527Z","67cf04ef29c9f59a6b97bd72","2026-01-27T00:58:38.486080527Z","{""advice"":""Try to get the best outcome for yourself."",""adviceType"":""CG"",""numRounds"":13,""playerCount"":2}","2026-01-27T00:58:38.491331705Z","CG_selfish","2026-01-27T00:58:38.491331705Z","{""PROLIFIC_PID"":""67cf04ef29c9f59a6b97bd72"",""STUDY_ID"":""6976b36e15b09b93b6b74098"",""SESSION_ID"":""69780d80855121826fefeaf8""}","2026-01-27T00:58:38.875345178Z","{""plan"":""I will aim to park in the same colour constantly ""}","2026-01-27T01:01:10.411653362Z","",""
"01KFYGT64GRFZ46270E663ZJPB","{""advice"":""Try to get the best outcome for yourself.""}","2026-01-27T01:25:14.857240209Z",229,"2026-01-27T01:28:20.561271645Z","","","game ended","2026-01-27T01:28:33.047761086Z",1,"2026-01-27T01:29:03.959923917Z","{""adviceFollowed"":""No, I think we each chose a good medium balanced approach. Neither one of us was greedy."",""partnerAdvice"":"""",""feedback"":""""}","2026-01-27T01:29:03.963876811Z","01KFYGC41G1JFWR1WD0YSTXT52","2026-01-27T01:25:00.499076579Z",3,"2026-01-27T01:25:14.854187887Z","true","2026-01-27T01:25:44.069875978Z","01KFYGT5ZCYX7XRCBVAMMZMB3M","2026-01-27T01:24:12.560815415Z","67d9b924071234387a09f21b","2026-01-27T01:24:12.560815415Z","{""advice"":""Try to get the best outcome for yourself."",""adviceType"":""CG"",""numRounds"":13,""playerCount"":2}","2026-01-27T01:24:12.569835336Z","CG_selfish","2026-01-27T01:24:12.569835336Z","{""PROLIFIC_PID"":""67d9b924071234387a09f21b"",""STUDY_ID"":""6976b36e15b09b93b6b74098"",""SESSION_ID"":""6978139cfdac6411c232f5b4""}","2026-01-27T01:24:12.680940029Z","{""plan"":""I'm going for medium payout to avoid the other person who will probably take the highest one.""}","2026-01-27T01:25:44.072360108Z","",""
"01KFYJ887DPEDEV3JPPMH3H5DX","{""advice"":""Try to get the best outcome for yourself.""}","2026-01-27T01:50:51.159786251Z",152,"2026-01-27T01:53:31.919008774Z","","","game ended","2026-01-27T01:53:49.544757312Z",1,"2026-01-27T01:54:01.143887469Z","{""adviceFollowed"":""I think so!"",""partnerAdvice"":"""",""feedback"":""""}","2026-01-27T01:54:01.155510779Z","01KFYHVZZ815N08CSKK5HYNFNC","2026-01-27T01:50:00.476052111Z",3,"2026-01-27T01:50:51.181280267Z","true","2026-01-27T01:51:05.290708358Z","01KFYJ884N67X9J701A632SNJQ","2026-01-27T01:49:22.029244657Z","695fcd69c6fe6570b30efb65","2026-01-27T01:49:22.029244657Z","{""advice"":""Try to get the best outcome for yourself."",""adviceType"":""CG"",""numRounds"":13,""playerCount"":2}","2026-01-27T01:49:22.046114027Z","CG_selfish","2026-01-27T01:49:22.046114027Z","{""PROLIFIC_PID"":""695fcd69c6fe6570b30efb65"",""STUDY_ID"":""6976b36e15b09b93b6b74098"",""SESSION_ID"":""6978199498a665f4363a611c""}","2026-01-27T01:49:22.096290597Z","{""plan"":""I want to try to maximize my earnings.""}","2026-01-27T01:51:05.300523309Z","",""
"01KFYJ6DAM2YF61MMCF17C3AQ6","{""advice"":""Try to get the best outcome for yourself.""}","2026-01-27T01:49:46.49731343Z",176,"2026-01-27T01:53:31.919008774Z","","","game ended","2026-01-27T01:53:49.544757312Z",1,"2026-01-27T01:54:28.605266075Z","{""adviceFollowed"":""I think so for the most part. They were not picking the best option so I started to to try to win the most "",""partnerAdvice"":"""",""feedback"":""nil""}","2026-01-27T01:54:28.615666275Z","01KFYHVZZ815N08CSKK5HYNFNC","2026-01-27T01:50:00.476052111Z",3,"2026-01-27T01:49:46.701530524Z","true","2026-01-27T01:50:30.373486525Z","01KFYJ6CEKDPFV1QX6D6TF751B","2026-01-27T01:48:21.716276166Z","665f847f981f9a2e65a2c5d8","2026-01-27T01:48:21.716276166Z","{""advice"":""Try to get the best outcome for yourself."",""adviceType"":""CG"",""numRounds"":13,""playerCount"":2}","2026-01-27T01:48:21.733394708Z","CG_selfish","2026-01-27T01:48:21.733394708Z","{""PROLIFIC_PID"":""665f847f981f9a2e65a2c5d8"",""STUDY_ID"":""6976b36e15b09b93b6b74098"",""SESSION_ID"":""69781933db06136e66f17535""}","2026-01-27T01:48:22.623793647Z","{""plan"":""go for the best option for me thinking they will choose the 2nd best to avoid a collision ""}","2026-01-27T01:50:30.363709735Z","",""
"01KFYJCXMQW12HC6SGB7FMF454","{""advice"":""Try to get the best outcome for yourself.""}","2026-01-27T01:53:49.315804108Z",338,"2026-01-27T01:57:52.887804654Z","","","game ended","2026-01-27T01:58:03.547393231Z",1,"2026-01-27T01:58:40.628204923Z","{""adviceFollowed"":""yes, i feel that we managed to follow the advice"",""partnerAdvice"":"""",""feedback"":""nil""}","2026-01-27T01:58:40.641004054Z","01KFYHW11EQM77YF0KHPKGDM6R","2026-01-27T01:53:13.113637257Z",3,"2026-01-27T01:53:49.304526237Z","true","2026-01-27T01:54:20.565024383Z","01KFYJCWRW1AC8C2XXQSRWZAET","2026-01-27T01:51:55.031777435Z","664b44d8a11f1bcbba9e0494","2026-01-27T01:51:55.031777435Z","{""advice"":""Try to get the best outcome for yourself."",""adviceType"":""CG"",""numRounds"":13,""playerCount"":2}","2026-01-27T01:51:55.04848599Z","CG_selfish","2026-01-27T01:51:55.04848599Z","{""PROLIFIC_PID"":""664b44d8a11f1bcbba9e0494"",""STUDY_ID"":""6976b36e15b09b93b6b74098"",""SESSION_ID"":""697819ffd5e6d4e9233dfaa1""}","2026-01-27T01:51:55.55998413Z","{""plan"":""to earn the most possible mu for parking""}","2026-01-27T01:54:20.576772423Z","",""
"01KFYGPFTKA8XP9PKRG359MAHQ","{""advice"":""Try to get the best outcome for yourself.""}","2026-01-27T01:23:23.004418176Z",187,"2026-01-27T01:26:36.825660069Z","","","game ended","2026-01-27T01:26:49.295638103Z",1,"2026-01-27T01:27:33.708882898Z","{""adviceFollowed"":""my partner chose the best every time and I did what I knew what get me money. I messed up the first time I pressed C - meant to do D but blanked for a moment"",""partnerAdvice"":"""",""feedback"":""""}","2026-01-27T01:27:33.705098029Z","01KFYGC3HRC022MB4ASCC65NXG","2026-01-27T01:22:31.403073169Z",3,"2026-01-27T01:23:23.001393338Z","true","2026-01-27T01:23:44.239958065Z","01KFYGPFNY3H6ZFC55RV8DEG75","2026-01-27T01:22:11.411617956Z","6921ecd02bd2f70d30a9a555","2026-01-27T01:22:11.411617956Z","{""advice"":""Try to get the best outcome for yourself."",""adviceType"":""CG"",""numRounds"":13,""playerCount"":2}","2026-01-27T01:22:11.419033372Z","CG_selfish","2026-01-27T01:22:11.419033372Z","{""PROLIFIC_PID"":""6921ecd02bd2f70d30a9a555"",""STUDY_ID"":""6976b36e15b09b93b6b74098"",""SESSION_ID"":""69781331acc30fab600d6c2d""}","2026-01-27T01:22:11.510179055Z","{""plan"":""I am going to go for B and D hoping my partner goes for C""}","2026-01-27T01:23:44.243934919Z","",""
"01KFYH3WB9JC8AKPZNR13BHV03","{""advice"":""Try to get the best outcome for yourself.""}","2026-01-27T01:30:56.051418832Z",232,"2026-01-27T01:33:19.995687795Z","","","game ended","2026-01-27T01:33:32.019709714Z",1,"2026-01-27T01:34:43.974516447Z","{""adviceFollowed"":""My partner followed the advice right off the bat, but I wanted to try to be fair. Since they weren't budging I decided to take over selecting C and letting them choose whichever option they wanted."",""partnerAdvice"":"""",""feedback"":""No issues.""}","2026-01-27T01:34:43.96908788Z","01KFYGF76MH94CXZWFP7KMYY3B","2026-01-27T01:30:48.500065631Z",3,"2026-01-27T01:30:56.047510289Z","true","2026-01-27T01:31:32.720598514Z","01KFYH3VY5R4W30H7R4RQJSJZE","2026-01-27T01:29:30.217861861Z","634b26ce0aaab507fa36b71c","2026-01-27T01:29:30.217861861Z","{""advice"":""Try to get the best outcome for yourself."",""adviceType"":""CG"",""numRounds"":13,""playerCount"":2}","2026-01-27T01:29:30.230104251Z","CG_selfish","2026-01-27T01:29:30.230104251Z","{""PROLIFIC_PID"":""634b26ce0aaab507fa36b71c"",""STUDY_ID"":""6976b36e15b09b93b6b74098"",""SESSION_ID"":""697814dd85da7bb03946bde4""}","2026-01-27T01:29:30.472479119Z","{""plan"":""I think I'm going to stick with benefitting both of us, instead of thinking individualistically. ""}","2026-01-27T01:31:32.724734675Z","",""
"01KFYK3BGP53AASPF2DTCD8V3J","{""advice"":""Try to get the best outcome for yourself.""}","2026-01-27T02:05:57.158641016Z",170,"2026-01-27T02:10:18.065240262Z","","","game ended","2026-01-27T02:10:33.619520134Z",1,"2026-01-27T02:10:57.631374425Z","{""adviceFollowed"":""Somewhat, it seems there was some effort to try to get the same color bonus"",""partnerAdvice"":"""",""feedback"":""""}","2026-01-27T02:10:57.64703064Z","01KFYK0A5NETQNPPD7SMCM13TX","2026-01-27T02:04:36.286235531Z",3,"2026-01-27T02:05:57.173572698Z","true","2026-01-27T02:06:35.471466693Z","01KFYK3B6TAN9092J5QNWTC976","2026-01-27T02:04:10.134381954Z","695f9adb2064ccdd40b77cdd","2026-01-27T02:04:10.134381954Z","{""advice"":""Try to get the best outcome for yourself."",""adviceType"":""CG"",""numRounds"":13,""playerCount"":2}","2026-01-27T02:04:10.157557225Z","CG_selfish","2026-01-27T02:04:10.157557225Z","{""PROLIFIC_PID"":""695f9adb2064ccdd40b77cdd"",""STUDY_ID"":""6976b36e15b09b93b6b74098"",""SESSION_ID"":""69781c30e31f7c2cf2d4f72e""}","2026-01-27T02:04:10.350306229Z","{""plan"":""A and B look consistent, C looks enticing""}","2026-01-27T02:06:35.45629893Z","",""
"01KFYF7DN4N0P8G0Z12W4EXWPS","{""advice"":""Try to get the best outcome for yourself.""}","2026-01-27T00:58:07.887894426Z",206,"2026-01-27T01:01:48.334086267Z","","","game ended","2026-01-27T01:02:15.112175986Z",1,"2026-01-27T01:03:33.649071695Z","{""adviceFollowed"":""yes I felt we got = the best outcome "",""partnerAdvice"":"""",""feedback"":""""}","2026-01-27T01:03:33.647590222Z","01KFYEZABGKDVDY2ZXA7MBRJS3","2026-01-27T00:56:55.593761452Z",3,"2026-01-27T00:58:07.886373762Z","true","2026-01-27T00:58:43.526692333Z","01KFYF7CSSPWXHK0FPZCYE91C0","2026-01-27T00:56:29.092293419Z","6658dd700eb742f84c1ecd57","2026-01-27T00:56:29.092293419Z","{""advice"":""Try to get the best outcome for yourself."",""adviceType"":""CG"",""numRounds"":13,""playerCount"":2}","2026-01-27T00:56:29.097853986Z","CG_selfish","2026-01-27T00:56:29.097853986Z","{""PROLIFIC_PID"":""6658dd700eb742f84c1ecd57"",""STUDY_ID"":""6976b36e15b09b93b6b74098"",""SESSION_ID"":""69780cf7977bd891827b5e88""}","2026-01-27T00:56:29.622348481Z","{""plan"":""go for inside colours""}","2026-01-27T00:58:43.495887524Z","",""
"01KFYH8BFK2QG3W25SA5HH2RAA","{""advice"":""Try to get the best outcome for yourself.""}","2026-01-27T01:33:26.807662752Z",176,"2026-01-27T01:37:30.727801915Z","","","game ended","2026-01-27T01:38:10.016743742Z",1,"2026-01-27T01:38:37.038425737Z","{""adviceFollowed"":""partially"",""partnerAdvice"":"""",""feedback"":""no""}","2026-01-27T01:38:37.031739244Z","01KFYGXRW38A831KHWW0MX0DXJ","2026-01-27T01:33:18.241616468Z",3,"2026-01-27T01:33:26.801203076Z","true","2026-01-27T01:34:26.440465137Z","01KFYH8BAX2AC7GR4DGVCM65G2","2026-01-27T01:31:56.787872253Z","5c95493ddd325800166f838a","2026-01-27T01:31:56.787872253Z","{""advice"":""Try to get the best outcome for yourself."",""adviceType"":""CG"",""numRounds"":13,""playerCount"":2}","2026-01-27T01:31:56.797800118Z","CG_selfish","2026-01-27T01:31:56.797800118Z","{""PROLIFIC_PID"":""5c95493ddd325800166f838a"",""STUDY_ID"":""6976b36e15b09b93b6b74098"",""SESSION_ID"":""6978157246e371d644ed888a""}","2026-01-27T01:31:56.908955478Z","{""plan"":""I will try different ways, I might stick only with A or B, though. ""}","2026-01-27T01:34:26.44566549Z","",""
"01KFYHKE0Y3MZPK5MTH9636P3Z","{""advice"":""Try to get the best outcome for yourself.""}","2026-01-27T01:39:57.232559736Z",140,"2026-01-27T01:46:05.826546994Z","","","game ended","2026-01-27T01:46:18.305499818Z",1,"2026-01-27T01:47:08.94064462Z","{""adviceFollowed"":""i guess we managed to coordinate a little."",""partnerAdvice"":"""",""feedback"":""i tought i would communicate slightly more.""}","2026-01-27T01:47:08.931897241Z","01KFYGXSDZRH1J5Z85KR5P6S20","2026-01-27T01:38:19.364624274Z",3,"2026-01-27T01:39:57.227182365Z","true","2026-01-27T01:41:49.585000837Z","01KFYHKDBKH0V4PW3ZPX2GFCP5","2026-01-27T01:37:59.838030578Z","693c9b901f44d2c2081d71a0","2026-01-27T01:37:59.838030578Z","{""advice"":""Try to get the best outcome for yourself."",""adviceType"":""CG"",""numRounds"":13,""playerCount"":2}","2026-01-27T01:37:59.849323672Z","CG_selfish","2026-01-27T01:37:59.849323672Z","{""PROLIFIC_PID"":""693c9b901f44d2c2081d71a0"",""STUDY_ID"":""6976b36e15b09b93b6b74098"",""SESSION_ID"":""6978168e0dd377450c3ca974""}","2026-01-27T01:38:00.193914704Z","{""plan"":""Try to earn as much bonus as possible, preferably by going A+B with the player.""}","2026-01-27T01:41:49.591423418Z","",""
"01KFYF495B869D7P55FVYKKBVB","{""advice"":""Try to get the best outcome for yourself.""}","2026-01-27T00:58:49.31096137Z",165,"2026-01-27T01:06:44.454579519Z","","","game ended","2026-01-27T01:07:01.404431336Z",1,"2026-01-27T01:08:10.099554115Z","{""adviceFollowed"":""yes we followed that why we have earned some bonus"",""partnerAdvice"":"""",""feedback"":""N/A""}","2026-01-27T01:08:09.4677458Z","01KFYEZAY0J21RE390G3VDH3Z2","2026-01-27T01:01:10.418388181Z",3,"2026-01-27T00:58:49.313507162Z","true","2026-01-27T01:02:01.010532755Z","01KFYF488V11X9R2EENRAG4GSE","2026-01-27T00:54:46.187947021Z","664b65aa96495b522be699fb","2026-01-27T00:54:46.187947021Z","{""advice"":""Try to get the best outcome for yourself."",""adviceType"":""CG"",""numRounds"":13,""playerCount"":2}","2026-01-27T00:54:46.193282172Z","CG_selfish","2026-01-27T00:54:46.193282172Z","{""PROLIFIC_PID"":""664b65aa96495b522be699fb"",""STUDY_ID"":""6976b36e15b09b93b6b74098"",""SESSION_ID"":""69780c758f853575efdb71c7""}","2026-01-27T00:54:46.65099807Z","{""plan"":""My plan is to follow all game rules and try to park not on same spot as my partner.""}","2026-01-27T01:02:01.00916552Z","",""
"01KFYG0BQFG4173YQCE1VH5825","{""advice"":""Try to get the best outcome for yourself.""}","2026-01-27T01:12:04.65038195Z",137,"2026-01-27T01:17:38.302438521Z","","","game ended","2026-01-27T01:17:51.749328192Z",1,"2026-01-27T01:18:06.500265878Z","{""adviceFollowed"":""Yes, he did"",""partnerAdvice"":"""",""feedback"":""""}","2026-01-27T01:18:06.498415374Z","01KFYEZBYYBK1DNH4PW6YXT702","2026-01-27T01:12:11.53570124Z",3,"2026-01-27T01:12:04.651394496Z","true","2026-01-27T01:12:55.707735687Z","01KFYG0B5PHZE6XYP5VAS1RD1W","2026-01-27T01:10:06.319906955Z","67c0c3a324e0ee1bc1ed5cf1","2026-01-27T01:10:06.319906955Z","{""advice"":""Try to get the best outcome for yourself."",""adviceType"":""CG"",""numRounds"":13,""playerCount"":2}","2026-01-27T01:10:06.325891149Z","CG_selfish","2026-01-27T01:10:06.325891149Z","{""PROLIFIC_PID"":""67c0c3a324e0ee1bc1ed5cf1"",""STUDY_ID"":""6976b36e15b09b93b6b74098"",""SESSION_ID"":""6978103872d19d22efce6eed""}","2026-01-27T01:10:06.632779395Z","{""plan"":""To pick spot C every time, since it is the most profitable no matter the outcome""}","2026-01-27T01:12:55.706188009Z","",""
"01KFYJ4HXRNVGKMVXXDQY1KS1M","{""advice"":""Try to get the best outcome for yourself.""}","2026-01-27T01:49:11.415156389Z",194,"2026-01-27T01:53:29.328620459Z","","","game ended","2026-01-27T01:53:39.989453788Z",1,"2026-01-27T01:54:46.278526852Z","{""adviceFollowed"":""Yes, we seemed to do well on the task after the first try."",""partnerAdvice"":"""",""feedback"":""My page did not load i had to refresh the page.""}","2026-01-27T01:54:46.266657843Z","01KFYHVZT48HXCHWBXETP3GFGZ","2026-01-27T01:49:40.748401277Z",3,"2026-01-27T01:49:11.487194647Z","true","2026-01-27T01:49:47.912238071Z","01KFYJ4HPP5XWEBYT2PMYF7FQG","2026-01-27T01:47:20.888174655Z","66d3a3d08bda1d745f24f366","2026-01-27T01:47:20.888174655Z","{""advice"":""Try to get the best outcome for yourself."",""adviceType"":""CG"",""numRounds"":13,""playerCount"":2}","2026-01-27T01:47:20.903990318Z","CG_selfish","2026-01-27T01:47:20.903990318Z","{""PROLIFIC_PID"":""66d3a3d08bda1d745f24f366"",""STUDY_ID"":""6976b36e15b09b93b6b74098"",""SESSION_ID"":""6978188812115c97017d68eb""}","2026-01-27T01:47:21.079828345Z","{""plan"":""I will park in D""}","2026-01-27T01:49:47.902659117Z","",""
"01KFYJ69FXW61V82RM7ZAFEAW2","{""advice"":""Try to get the best outcome for yourself.""}","2026-01-27T01:50:33.760931644Z",147,"2026-01-27T01:55:48.93675385Z","","","game ended","2026-01-27T01:56:03.767165031Z",1,"2026-01-27T01:58:32.335009307Z","{""adviceFollowed"":""No. I feel we both just wanted to get some bonus rather than getting the most. If we both went for the most we would have been choosing the c response all the time and then received nothing."",""partnerAdvice"":"""",""feedback"":""Slow to load.""}","2026-01-27T01:58:32.347567967Z","01KFYHW040CZCH2ZEB3SG1WJRP","2026-01-27T01:51:05.32415407Z",3,"2026-01-27T01:50:33.751145047Z","true","2026-01-27T01:51:12.659469925Z","01KFYJ68H1E8SZYTRRGZXHF37W","2026-01-27T01:48:17.78974107Z","66c19251237692d2ae3bb12f","2026-01-27T01:48:17.78974107Z","{""advice"":""Try to get the best outcome for yourself."",""adviceType"":""CG"",""numRounds"":13,""playerCount"":2}","2026-01-27T01:48:17.806047744Z","CG_selfish","2026-01-27T01:48:17.806047744Z","{""PROLIFIC_PID"":""66c19251237692d2ae3bb12f"",""STUDY_ID"":""6976b36e15b09b93b6b74098"",""SESSION_ID"":""6978192160fb158e5877e97b""}","2026-01-27T01:48:18.319980192Z","{""plan"":""I am not going to be greedy and I am going to go for something that just gets me a payout.""}","2026-01-27T01:51:12.646791196Z","",""
"01KFYK2MP9XWNAF8S1K9RNDV5W","{""advice"":""Try to get the best outcome for yourself.""}","2026-01-27T02:04:52.288121638Z",182,"2026-01-27T02:10:18.065240262Z","","","game ended","2026-01-27T02:10:33.619520134Z",1,"2026-01-27T02:11:41.247073664Z","{""adviceFollowed"":""Maybe lol I am not sure"",""partnerAdvice"":"""",""feedback"":""The screen went black for a minute but refreshing the screen fixed it.""}","2026-01-27T02:11:41.262259389Z","01KFYK0A5NETQNPPD7SMCM13TX","2026-01-27T02:04:36.286235531Z",3,"2026-01-27T02:04:52.302951071Z","true","2026-01-27T02:05:26.18427691Z","01KFYK2MCS69RAMRXVR02G6M73","2026-01-27T02:03:46.761752835Z","655e7a52868948670d16b02a","2026-01-27T02:03:46.761752835Z","{""advice"":""Try to get the best outcome for yourself."",""adviceType"":""CG"",""numRounds"":13,""playerCount"":2}","2026-01-27T02:03:46.785914439Z","CG_selfish","2026-01-27T02:03:46.785914439Z","{""PROLIFIC_PID"":""655e7a52868948670d16b02a"",""STUDY_ID"":""6976b36e15b09b93b6b74098"",""SESSION_ID"":""69781caa6cd3835e17a268e1""}","2026-01-27T02:03:46.952977609Z","{""plan"":""Plan is to work backwards""}","2026-01-27T02:05:26.199149863Z","",""
"01KFYGZAZPCQM10T9MFRC21QQE","{""advice"":""Try to get the best outcome for yourself.""}","2026-01-27T01:28:51.442191767Z",191,"2026-01-27T01:32:10.981784297Z","","","game ended","2026-01-27T01:32:22.103275258Z",1,"2026-01-27T01:33:22.422021059Z","{""adviceFollowed"":""I followed the advice and remained constant so my partner knew what to avoid and most times did so"",""partnerAdvice"":"""",""feedback"":""""}","2026-01-27T01:33:22.416319598Z","01KFYGF6VWCQESPSC892CEK7ZS","2026-01-27T01:27:01.379780646Z",3,"2026-01-27T01:28:51.446123133Z","true","2026-01-27T01:29:40.064979496Z","01KFYGZAHYD996P6N6Q0TACJCR","2026-01-27T01:27:01.366896852Z","5b5f15f2fc072a00017da73d","2026-01-27T01:27:01.366896852Z","{""advice"":""Try to get the best outcome for yourself."",""adviceType"":""CG"",""numRounds"":13,""playerCount"":2}","2026-01-27T01:27:01.379780646Z","CG_selfish","2026-01-27T01:27:01.379780646Z","{""PROLIFIC_PID"":""5b5f15f2fc072a00017da73d"",""STUDY_ID"":""6976b36e15b09b93b6b74098"",""SESSION_ID"":""69781445924f07a7f95c32dd""}","2026-01-27T01:27:01.665357313Z","{""plan"":""All or nothing - go high""}","2026-01-27T01:29:40.060806035Z","",""
"01KFYH6GH68A1GD8X4N2V9X0PK","{""advice"":""Try to get the best outcome for yourself.""}","2026-01-27T01:32:44.645253145Z",118,"2026-01-27T01:35:06.287793969Z","","","game ended","2026-01-27T01:35:15.331826503Z",1,"2026-01-27T01:35:56.700477495Z","{""adviceFollowed"":""Not exactly"",""partnerAdvice"":"""",""feedback"":""no problems at all\nIt was really fun ""}","2026-01-27T01:35:56.694759643Z","01KFYGXRQFQ19FPXGBMBGA2HJ5","2026-01-27T01:31:38.128503156Z",3,"2026-01-27T01:32:44.864732162Z","true","2026-01-27T01:33:18.22904999Z","01KFYH6FRTE70QC8XFNAEPJCFK","2026-01-27T01:30:56.422244542Z","69728c6f8ba5cb2b5cf6f985","2026-01-27T01:30:56.422244542Z","{""advice"":""Try to get the best outcome for yourself."",""adviceType"":""CG"",""numRounds"":13,""playerCount"":2}","2026-01-27T01:30:56.431844541Z","CG_selfish","2026-01-27T01:30:56.431844541Z","{""PROLIFIC_PID"":""69728c6f8ba5cb2b5cf6f985"",""STUDY_ID"":""6976b36e15b09b93b6b74098"",""SESSION_ID"":""697814fb8ee08052ada48945""}","2026-01-27T01:30:56.854088632Z","{""plan"":""I do not have a game plan still.\nOnce i reach the game the plan will develop.""}","2026-01-27T01:33:18.224177185Z","",""
"01KFYJ1MFPEKJQDRXNT5FTF38S","{""advice"":""Try to get the best outcome for yourself.""}","2026-01-27T01:47:04.638999901Z",180,"2026-01-27T01:52:43.408453378Z","","","game ended","2026-01-27T01:52:57.932731886Z",1,"2026-01-27T01:54:32.279797433Z","{""adviceFollowed"":""I initially tried to minimize the risk of collision (that would be the best outcome for myself, as far as I'm concerned). \nThat went out of the window as soon as we had the 1st collision."",""partnerAdvice"":"""",""feedback"":""""}","2026-01-27T01:54:32.267947841Z","01KFYHVREHQWS7VE1FA0N252YQ","2026-01-27T01:47:12.28378779Z",3,"2026-01-27T01:47:04.647570504Z","true","2026-01-27T01:47:37.981797129Z","01KFYJ1KXBDH629AQ8ARC1YWKE","2026-01-27T01:45:45.20668177Z","69386728f25d0ebd41b2e896","2026-01-27T01:45:45.20668177Z","{""advice"":""Try to get the best outcome for yourself."",""adviceType"":""CG"",""numRounds"":13,""playerCount"":2}","2026-01-27T01:45:45.222170449Z","CG_selfish","2026-01-27T01:45:45.222170449Z","{""PROLIFIC_PID"":""69386728f25d0ebd41b2e896"",""STUDY_ID"":""6976b36e15b09b93b6b74098"",""SESSION_ID"":""6978189813e02685a8b469e6""}","2026-01-27T01:45:45.527296766Z","{""plan"":""I will pick the second-best option for myself to avoid collision at the start.""}","2026-01-27T01:47:37.973044055Z","",""
"01KFYFH4JDXWG2Y6VHRKXCH1YD","{""advice"":""Try to get the best outcome for yourself.""}","2026-01-27T01:04:16.646886842Z",142,"2026-01-27T01:08:01.967600578Z","","","game ended","2026-01-27T01:08:10.915888428Z",1,"2026-01-27T01:09:52.07689359Z","{""adviceFollowed"":""I do feel that we both followed the advice well.  We each seemed to randomly choose a parking spot."",""partnerAdvice"":"""",""feedback"":""no""}","2026-01-27T01:09:52.072372093Z","01KFYEZB5P2PNKY5A161X8FJXB","2026-01-27T01:02:01.014565958Z",3,"2026-01-27T01:04:16.705335707Z","true","2026-01-27T01:05:24.451024035Z","01KFYFH4AXF4CNJCZZDEH0JKHF","2026-01-27T01:01:47.469966763Z","6942e1d634d37d8b56f47144","2026-01-27T01:01:47.469966763Z","{""advice"":""Try to get the best outcome for yourself."",""adviceType"":""CG"",""numRounds"":13,""playerCount"":2}","2026-01-27T01:01:47.473855942Z","CG_selfish","2026-01-27T01:01:47.473855942Z","{""PROLIFIC_PID"":""6942e1d634d37d8b56f47144"",""STUDY_ID"":""6976b36e15b09b93b6b74098"",""SESSION_ID"":""69780e3db13a4cf325ac4319""}","2026-01-27T01:01:47.606789459Z","{""plan"":""I am likely going to use a \""gut reaction\"" to select by parking spot.  ""}","2026-01-27T01:05:24.445730673Z","",""
"01KFYJ2TN87SC9MG1DN3H1KA07","{""advice"":""Try to get the best outcome for yourself.""}","2026-01-27T01:48:16.594273543Z",177,"2026-01-27T01:52:43.408453378Z","","","game ended","2026-01-27T01:52:57.932731886Z",1,"2026-01-27T01:53:47.509266444Z","{""adviceFollowed"":""Honestly, no."",""partnerAdvice"":"""",""feedback"":""This is really fun!""}","2026-01-27T01:53:47.497496549Z","01KFYHVREHQWS7VE1FA0N252YQ","2026-01-27T01:47:12.28378779Z",3,"2026-01-27T01:48:16.60344193Z","true","2026-01-27T01:49:40.72203076Z","01KFYJ2S9G5KTBD6MVMXZ8T5JG","2026-01-27T01:46:24.296796248Z","68cabd50e25c5cf9f26afe44","2026-01-27T01:46:24.296796248Z","{""advice"":""Try to get the best outcome for yourself."",""adviceType"":""CG"",""numRounds"":13,""playerCount"":2}","2026-01-27T01:46:24.312478543Z","CG_selfish","2026-01-27T01:46:24.312478543Z","{""PROLIFIC_PID"":""68cabd50e25c5cf9f26afe44"",""STUDY_ID"":""6976b36e15b09b93b6b74098"",""SESSION_ID"":""6978188943109d614de29951""}","2026-01-27T01:46:24.734832086Z","{""plan"":""The game plan is no game plan. I think this is a game of luck. I have no idea who my partner is and how they think. Same goes to my partner to me as well. I don't have a clue on what their choices would be. I will chose a random parking spot. ""}","2026-01-27T01:49:40.712108776Z","",""
"01KFYFN9RVRXFHFEEDARGSTETM","{""advice"":""Try to get the best outcome for yourself.""}","2026-01-27T01:04:41.091513573Z",358,"2026-01-27T01:09:37.803345743Z","","","game ended","2026-01-27T01:09:49.644326018Z",1,"2026-01-27T01:10:53.287562006Z","{""adviceFollowed"":""Not sure. Rather hard to say."",""partnerAdvice"":"""",""feedback"":""I have no comments.""}","2026-01-27T01:10:53.286437886Z","01KFYEZBD6FQ226DY7XGPEMYAD","2026-01-27T01:05:24.457639386Z",3,"2026-01-27T01:04:41.090850968Z","true","2026-01-27T01:05:26.850066739Z","01KFYFN9JTS403KN04W2TR2SPA","2026-01-27T01:04:03.868000512Z","566a19b57da035000fb39b89","2026-01-27T01:04:03.868000512Z","{""advice"":""Try to get the best outcome for yourself."",""adviceType"":""CG"",""numRounds"":13,""playerCount"":2}","2026-01-27T01:04:03.87241986Z","CG_selfish","2026-01-27T01:04:03.87241986Z","{""PROLIFIC_PID"":""566a19b57da035000fb39b89"",""STUDY_ID"":""6976b36e15b09b93b6b74098"",""SESSION_ID"":""69780eec9ec6f352ecf7570c""}","2026-01-27T01:04:03.981558377Z","{""plan"":""I would want to maximize the most points, I can. Trying to get as much bonus spot but at the same time try not to be greedy.""}","2026-01-27T01:05:26.844343818Z","",""
"01KFYG4ZP85GRR5TQD8V83XGE6","{""advice"":""Try to get the best outcome for yourself.""}","2026-01-27T01:15:13.275584194Z",226,"2026-01-27T01:18:27.336333562Z","","","game ended","2026-01-27T01:18:34.864268609Z",1,"2026-01-27T01:20:14.086271316Z","{""adviceFollowed"":""Yes, we try to avoid getting in each other \""shoes\"" (selecting the same spot) to try to get the best outcome for both."",""partnerAdvice"":"""",""feedback"":""No, everything was perfect.\nBut maybe a suggestion would be try different colors the next time, for example, each letter a different one.""}","2026-01-27T01:20:14.084001522Z","01KFYFQ8A5NBDYZAY6KZKMJENW","2026-01-27T01:14:58.792823159Z",3,"2026-01-27T01:15:13.413488997Z","true","2026-01-27T01:16:05.133581795Z","01KFYG4Z4J17NTXGD8VMV0BH52","2026-01-27T01:12:37.832496489Z","5e954ba5e4531d3cb40a6ad5","2026-01-27T01:12:37.832496489Z","{""advice"":""Try to get the best outcome for yourself."",""adviceType"":""CG"",""numRounds"":13,""playerCount"":2}","2026-01-27T01:12:37.837649523Z","CG_selfish","2026-01-27T01:12:37.837649523Z","{""PROLIFIC_PID"":""5e954ba5e4531d3cb40a6ad5"",""STUDY_ID"":""6976b36e15b09b93b6b74098"",""SESSION_ID"":""697810eaffadc967cc6172f6""}","2026-01-27T01:12:38.124054723Z","{""plan"":""Try to avoid the same spot with your partner!\nDo your best for you and for him/her.""}","2026-01-27T01:16:05.13207618Z","",""
"01KFYGEFS8DTMT0HC90NV2NJSM","{""advice"":""Try to get the best outcome for yourself.""}","2026-01-27T01:19:06.450032951Z",204,"2026-01-27T01:22:36.429698245Z","","","game ended","2026-01-27T01:22:43.084161816Z",1,"2026-01-27T01:23:05.665041713Z","{""adviceFollowed"":""my partner did. i did not, because that would've caused us to win nothing."",""partnerAdvice"":"""",""feedback"":""""}","2026-01-27T01:23:05.667835418Z","01KFYG3ZDHR3XAW594V5BAYKHS","2026-01-27T01:19:46.55212962Z",3,"2026-01-27T01:19:06.451964707Z","true","2026-01-27T01:19:50.379240892Z","01KFYGEFP8RKDZ5SWKGV1R72SE","2026-01-27T01:17:49.224702777Z","66362c599c58570d437989ca","2026-01-27T01:17:49.224702777Z","{""advice"":""Try to get the best outcome for yourself."",""adviceType"":""CG"",""numRounds"":13,""playerCount"":2}","2026-01-27T01:17:49.22945231Z","CG_selfish","2026-01-27T01:17:49.22945231Z","{""PROLIFIC_PID"":""66362c599c58570d437989ca"",""STUDY_ID"":""6976b36e15b09b93b6b74098"",""SESSION_ID"":""6978122a8c8ce351b4c6c42a""}","2026-01-27T01:17:49.294502972Z","{""plan"":""pick the spot that is the same color as the highest regular earnings spot, since the partner will likely press the highest earning spot""}","2026-01-27T01:19:50.377034063Z","",""
"01KFYH0C0X11HK7C8EVWN1117C","{""advice"":""Try to get the best outcome for yourself.""}","2026-01-27T01:30:20.898369974Z",145,"2026-01-27T01:36:05.312754694Z","","","game ended","2026-01-27T01:36:38.702650845Z",1,"2026-01-27T01:37:52.147827711Z","{""adviceFollowed"":""Yes we did, we pretty much knew the rules and how to play the game. "",""partnerAdvice"":"""",""feedback"":""No problems, just I would like to play the game again  quite nice""}","2026-01-27T01:37:52.153837702Z","01KFYGF6ZPQZAP9K5P7WV3ZATG","2026-01-27T01:29:46.835258356Z",3,"2026-01-27T01:30:20.902392946Z","true","2026-01-27T01:30:48.488097489Z","01KFYH0AV4QR892C462DJ568HQ","2026-01-27T01:27:35.19720454Z","650c6e6ac5bf7a5563c604ee","2026-01-27T01:27:35.19720454Z","{""advice"":""Try to get the best outcome for yourself."",""adviceType"":""CG"",""numRounds"":13,""playerCount"":2}","2026-01-27T01:27:35.205281811Z","CG_selfish","2026-01-27T01:27:35.205281811Z","{""PROLIFIC_PID"":""650c6e6ac5bf7a5563c604ee"",""STUDY_ID"":""6976b36e15b09b93b6b74098"",""SESSION_ID"":""697813d741a9d2fbb2e83cbf""}","2026-01-27T01:27:35.775373035Z","{""plan"":""Let's aim higher ""}","2026-01-27T01:30:48.446318669Z","",""
"01KFYF6B97GZ0ZJZAN28BWDVNG","{""advice"":""Try to get the best outcome for yourself.""}","2026-01-27T00:57:21.482984353Z",215,"2026-01-27T01:01:48.334086267Z","","","game ended","2026-01-27T01:02:15.112175986Z",1,"2026-01-27T01:02:42.453972871Z","{""adviceFollowed"":""Somewhat! I think we did a good job"",""partnerAdvice"":"""",""feedback"":""Nope""}","2026-01-27T01:02:42.450861766Z","01KFYEZABGKDVDY2ZXA7MBRJS3","2026-01-27T00:56:55.593761452Z",3,"2026-01-27T00:57:21.484335353Z","true","2026-01-27T00:58:03.326715836Z","01KFYF6B3RVH1CNYYAB52AJJRG","2026-01-27T00:55:53.895231745Z","691cdeb0413c11b3d1908d57","2026-01-27T00:55:53.895231745Z","{""advice"":""Try to get the best outcome for yourself."",""adviceType"":""CG"",""numRounds"":13,""playerCount"":2}","2026-01-27T00:55:53.901324889Z","CG_selfish","2026-01-27T00:55:53.901324889Z","{""PROLIFIC_PID"":""691cdeb0413c11b3d1908d57"",""STUDY_ID"":""6976b36e15b09b93b6b74098"",""SESSION_ID"":""69780ccc10c733148d02238d""}","2026-01-27T00:55:54.025628219Z","{""plan"":""I am planning to be as random as possible, hoping that the other person may be more methodical and to lower the risk of crashing. ""}","2026-01-27T00:58:03.325362239Z","",""
"01KFYF9TH6VMXJFDC0T96VVYRD","{""advice"":""Try to get the best outcome for yourself.""}","2026-01-27T00:58:54.079810684Z",139,"2026-01-27T01:01:44.926333643Z","","","game ended","2026-01-27T01:02:07.0140891Z",1,"2026-01-27T01:02:26.366039137Z","{""adviceFollowed"":""Yes i think we both did really good."",""partnerAdvice"":"""",""feedback"":""Really fun.""}","2026-01-27T01:02:26.365423971Z","01KFYEZAJZ7RPMQXAKJ69NC8W1","2026-01-27T00:58:43.538871774Z",3,"2026-01-27T00:58:54.079544366Z","true","2026-01-27T00:59:24.039380914Z","01KFYF9T7Z512Y5QPAC8DT7VY0","2026-01-27T00:57:47.814616829Z","6685f1aad530199298298942","2026-01-27T00:57:47.814616829Z","{""advice"":""Try to get the best outcome for yourself."",""adviceType"":""CG"",""numRounds"":13,""playerCount"":2}","2026-01-27T00:57:47.818515827Z","CG_selfish","2026-01-27T00:57:47.818515827Z","{""PROLIFIC_PID"":""6685f1aad530199298298942"",""STUDY_ID"":""6976b36e15b09b93b6b74098"",""SESSION_ID"":""69780d5dac38672359640858""}","2026-01-27T00:57:48.079568829Z","{""plan"":""My plan is to just try to pick one that i dont think they will.""}","2026-01-27T00:59:24.03971801Z","",""
"01KFYJDV41R07WPZWC7JNXJJGK","{""advice"":""Try to get the best outcome for yourself.""}","2026-01-27T02:00:02.0216176Z",166,"2026-01-27T02:04:33.54516256Z","","","game ended","2026-01-27T02:04:56.345957705Z",1,"2026-01-27T02:06:03.835610735Z","{""adviceFollowed"":""Kind of "",""partnerAdvice"":"""",""feedback"":""""}","2026-01-27T02:06:03.850573855Z","01KFYHXKT7NZQ9DAP27HCY6QDT","2026-01-27T01:59:04.447085882Z",3,"2026-01-27T02:00:02.336099099Z","true","2026-01-27T02:01:03.054848376Z","01KFYJDTWD2K54293MYWKMPEDG","2026-01-27T01:52:25.217842285Z","613ab0960ff3efd039adf1e0","2026-01-27T01:52:25.217842285Z","{""advice"":""Try to get the best outcome for yourself."",""adviceType"":""CG"",""numRounds"":13,""playerCount"":2}","2026-01-27T01:52:25.234704896Z","CG_selfish","2026-01-27T01:52:25.234704896Z","{""PROLIFIC_PID"":""613ab0960ff3efd039adf1e0"",""STUDY_ID"":""6976b36e15b09b93b6b74098"",""SESSION_ID"":""697819252cd90326317ba877""}","2026-01-27T01:52:25.38002241Z","{""plan"":""I will choose spot C because it gives the highest payoff for me, even without coordination.""}","2026-01-27T02:01:03.042056714Z","",""
"01KFYK0FGMYB9SQDR9D0A6X5JN","{""advice"":""Try to get the best outcome for yourself.""}","2026-01-27T02:04:20.161020407Z",230,"2026-01-27T02:06:48.779976278Z","","","game ended","2026-01-27T02:06:58.851339516Z",1,"2026-01-27T02:07:27.133396822Z","{""adviceFollowed"":""yes, we eventually settled into a working pattern"",""partnerAdvice"":"""",""feedback"":""""}","2026-01-27T02:07:27.148594639Z","01KFYJZKBQ9NWC8AJXCX6DN87T","2026-01-27T02:02:35.942717111Z",3,"2026-01-27T02:04:20.175569685Z","true","2026-01-27T02:04:36.240934677Z","01KFYK0FAR6V6KHKW78P34K41M","2026-01-27T02:02:35.924177618Z","581d38509b5b8800014d507e","2026-01-27T02:02:35.924177618Z","{""advice"":""Try to get the best outcome for yourself."",""adviceType"":""CG"",""numRounds"":13,""playerCount"":2}","2026-01-27T02:02:35.942717111Z","CG_selfish","2026-01-27T02:02:35.942717111Z","{""PROLIFIC_PID"":""581d38509b5b8800014d507e"",""STUDY_ID"":""6976b36e15b09b93b6b74098"",""SESSION_ID"":""69781ca502a18ba4787d77a1""}","2026-01-27T02:02:36.067877419Z","{""plan"":""go for c if possible, if not, D""}","2026-01-27T02:04:36.255773771Z","",""
"01KFYHENQPA6BBAQX0P2YGZ6CW","{""advice"":""Try to get the best outcome for yourself.""}","2026-01-27T01:37:14.737006676Z",250,"2026-01-27T01:39:50.292720545Z","","","game ended","2026-01-27T01:39:58.445403024Z",1,"2026-01-27T01:40:54.302664809Z","{""adviceFollowed"":""Yes, we both came to the same conclusion of what was best"",""partnerAdvice"":"""",""feedback"":""""}","2026-01-27T01:40:54.296323739Z","01KFYGXS322077JSW0GTR8X4TB","2026-01-27T01:35:23.906683758Z",3,"2026-01-27T01:37:14.829203175Z","true","2026-01-27T01:37:49.526047859Z","01KFYHEN9Y1DVKQXNGVSA8ZCG5","2026-01-27T01:35:23.894780859Z","5af43b1ea37f390001276490","2026-01-27T01:35:23.894780859Z","{""advice"":""Try to get the best outcome for yourself."",""adviceType"":""CG"",""numRounds"":13,""playerCount"":2}","2026-01-27T01:35:23.906683758Z","CG_selfish","2026-01-27T01:35:23.906683758Z","{""PROLIFIC_PID"":""5af43b1ea37f390001276490"",""STUDY_ID"":""6976b36e15b09b93b6b74098"",""SESSION_ID"":""6978163e416a61cc4b880374""}","2026-01-27T01:35:24.140811088Z","{""plan"":""Going for a or b seems like the safest option""}","2026-01-27T01:37:49.428709512Z","",""
"01KFYHYNJ22X7G42NAXW553A51","{""advice"":""Try to get the best outcome for yourself.""}","2026-01-27T01:46:36.977770463Z",240,"2026-01-27T01:49:34.706867931Z","","","game ended","2026-01-27T01:49:50.095695315Z",1,"2026-01-27T01:50:57.104811397Z","{""adviceFollowed"":""Yes, I believe once they found that I always chose C they recognized my pattern."",""partnerAdvice"":"""",""feedback"":""Thank you for the bonus.""}","2026-01-27T01:50:57.095614326Z","01KFYHVQZ3D6B27VVK82D7Q8KW","2026-01-27T01:45:37.609171863Z",3,"2026-01-27T01:46:36.986591156Z","true","2026-01-27T01:47:12.264967625Z","01KFYHYN61XY4HQH775QBR773J","2026-01-27T01:44:08.002353238Z","65c10c2abe42175a96e3ef2f","2026-01-27T01:44:08.002353238Z","{""advice"":""Try to get the best outcome for yourself."",""adviceType"":""CG"",""numRounds"":13,""playerCount"":2}","2026-01-27T01:44:08.017353442Z","CG_selfish","2026-01-27T01:44:08.017353442Z","{""PROLIFIC_PID"":""65c10c2abe42175a96e3ef2f"",""STUDY_ID"":""6976b36e15b09b93b6b74098"",""SESSION_ID"":""69781851da2498b5345cfe21""}","2026-01-27T01:44:08.254321705Z","{""plan"":""To try not to overlap the parking using intuition.""}","2026-01-27T01:47:12.25606145Z","",""
"01KFYJ7GQ8VYR8G2Z3RTRG1641","{""advice"":""Try to get the best outcome for yourself.""}","2026-01-27T01:53:24.469710235Z",197,"2026-01-27T01:57:52.887804654Z","","","game ended","2026-01-27T01:58:03.547393231Z",1,"2026-01-27T01:59:54.808802485Z","{""adviceFollowed"":""Yes. I tested to see if crashing once would motivate them to try a different lane, but ultimately my initial choice to guarantee myself safe results worked. "",""partnerAdvice"":"""",""feedback"":""The page froze on a white screen near the end so I refreshed and it continued as normal. I hope that didn't cause any issues for the researchers - and if it did I apologize sincerely.""}","2026-01-27T01:59:54.757426716Z","01KFYHW11EQM77YF0KHPKGDM6R","2026-01-27T01:53:13.113637257Z",3,"2026-01-27T01:53:24.512404621Z","true","2026-01-27T01:54:25.229652045Z","01KFYJ7GHBCF1N3XXASYV7JG04","2026-01-27T01:48:57.960110458Z","5dddfef4e454cdd66baa895a","2026-01-27T01:48:57.960110458Z","{""advice"":""Try to get the best outcome for yourself."",""adviceType"":""CG"",""numRounds"":13,""playerCount"":2}","2026-01-27T01:48:57.977822839Z","CG_selfish","2026-01-27T01:48:57.977822839Z","{""PROLIFIC_PID"":""5dddfef4e454cdd66baa895a"",""STUDY_ID"":""6976b36e15b09b93b6b74098"",""SESSION_ID"":""6978192dffadc967cc6177a5""}","2026-01-27T01:48:58.089594359Z","{""plan"":""Go for the 2nd best potential parking spot as I can expect my partner to only go for the first. This way, we have a better chance of not crashing.""}","2026-01-27T01:54:25.218120282Z","",""
"01KG00TAJ3RZF57FANTGSZENK2","{""advice"":""Try to find an outcome that's fair for both of you.""}","2026-01-27T15:24:18.035978007Z",139,"2026-01-27T15:28:49.395007023Z","","","game ended","2026-01-27T15:29:02.927827394Z",1,"2026-01-27T15:29:31.250066128Z","{""adviceFollowed"":""Yes we followed up with everything "",""partnerAdvice"":"""",""feedback"":""No""}","2026-01-27T15:29:31.235089972Z","01KFZZP83XK80D0HQDQT162DER","2026-01-27T15:24:53.433500207Z",3,"2026-01-27T15:24:18.037816039Z","true","2026-01-27T15:25:07.447557776Z","01KG00T8YQS07DEWCKTPDQ50YT","2026-01-27T15:23:08.739439796Z","671ddd063e7c74b377de755a","2026-01-27T15:23:08.739439796Z","{""advice"":""Try to find an outcome that's fair for both of you."",""adviceType"":""CG"",""chatEnabled"":false,""numRounds"":13,""playerCount"":2}","2026-01-27T15:23:08.746761161Z","CG_cooperate","2026-01-27T15:23:08.746761161Z","{""PROLIFIC_PID"":""671ddd063e7c74b377de755a"",""STUDY_ID"":""6976b36e15b09b93b6b74098"",""SESSION_ID"":""6978d802bccc632050c81d07""}","2026-01-27T15:23:09.782161422Z","{""plan"":""I park in C""}","2026-01-27T15:25:07.440949237Z",NA,NA
"01KFZZSWQDKCK5QBQ08ZTQ12BE","{""advice"":""Try to find an outcome that's fair for both of you.""}","2026-01-27T15:06:56.597643281Z",201,"2026-01-27T15:12:28.80054548Z","","","game ended","2026-01-27T15:12:40.731441793Z",1,"2026-01-27T15:15:30.632816455Z","{""adviceFollowed"":""No. My partner was selecting spaces randomly. Since they weren't trying to co-operate, I just selected the spot with the highest rate (C)."",""partnerAdvice"":"""",""feedback"":""My partner didn't seem to understand the bonus system as they chose a different spot every round.""}","2026-01-27T15:15:30.634069942Z","01KFZZNF26JTW20VD892KV6Z16","2026-01-27T15:08:06.887415221Z",3,"2026-01-27T15:06:56.597021016Z","true","2026-01-27T15:08:37.041256348Z","01KFZZSWA1QPRTQ5KTRB10JM38","2026-01-27T15:05:25.997307093Z","5d68c8aa40524c00189e8ac2","2026-01-27T15:05:25.997307093Z","{""advice"":""Try to find an outcome that's fair for both of you."",""adviceType"":""CG"",""chatEnabled"":false,""numRounds"":13,""playerCount"":2}","2026-01-27T15:05:26.002573904Z","CG_cooperate","2026-01-27T15:05:26.002573904Z","{""PROLIFIC_PID"":""5d68c8aa40524c00189e8ac2"",""STUDY_ID"":""6976b36e15b09b93b6b74098"",""SESSION_ID"":""6978d41f14aa450dc1c37995""}","2026-01-27T15:05:26.242750923Z","{""plan"":""Go in B. If partner goes in C, go in C once to attempt to change their mind. If they are stubborn, go n D for the bonus, albeit unhappily.""}","2026-01-27T15:08:37.260039268Z",NA,NA
"01KFZZY1D3DH01VF64A0JACA18","{""advice"":""Try to find an outcome that's fair for both of you.""}","2026-01-27T15:08:32.448513234Z",234,"2026-01-27T15:11:16.097712078Z","","","game ended","2026-01-27T15:11:25.368042289Z",1,"2026-01-27T15:12:18.847612309Z","{""adviceFollowed"":""Yes! I caught on pretty fast and realized they were going for the 10/20 spot on the left and coordinated with them to pick the other spot so we both got an equal payout."",""partnerAdvice"":"""",""feedback"":""N/A""}","2026-01-27T15:12:18.875966243Z","01KFZZNFFXYKX3FJHNDQFDC3VV","2026-01-27T15:08:37.053080948Z",3,"2026-01-27T15:08:32.448161921Z","true","2026-01-27T15:09:01.920543677Z","01KFZZY1508V4D0RD2R7PBFPRA","2026-01-27T15:07:41.859189507Z","6578c0ce1348ad8e79a65d0b","2026-01-27T15:07:41.859189507Z","{""advice"":""Try to find an outcome that's fair for both of you."",""adviceType"":""CG"",""chatEnabled"":false,""numRounds"":13,""playerCount"":2}","2026-01-27T15:07:41.864863498Z","CG_cooperate","2026-01-27T15:07:41.864863498Z","{""PROLIFIC_PID"":""6578c0ce1348ad8e79a65d0b"",""STUDY_ID"":""6976b36e15b09b93b6b74098"",""SESSION_ID"":""6978d4a37de212412d147c62""}","2026-01-27T15:07:42.03332444Z","{""plan"":""I'm gonna try and figure out which color my partner leans toward and park in that color as well while minimizing colliding with them""}","2026-01-27T15:09:01.921318605Z",NA,NA
"01KG004C9ZGPC0YR8ZJF67VHBC","{""advice"":""Try to find an outcome that's fair for both of you.""}","2026-01-27T15:13:16.829899762Z",260,"2026-01-27T15:16:23.940608932Z","","","game ended","2026-01-27T15:16:30.761570971Z",1,"2026-01-27T15:17:42.831927062Z","{""adviceFollowed"":""Yes, I think that was appropriate."",""partnerAdvice"":"""",""feedback"":""no""}","2026-01-27T15:17:42.830331711Z","01KFZZNRJC25S6CR8RPMWSC361","2026-01-27T15:13:51.565956866Z",3,"2026-01-27T15:13:16.831466579Z","true","2026-01-27T15:14:30.19187744Z","01KG004BNKR70J56SX21GV7XRQ","2026-01-27T15:11:09.631319842Z","6731b9370d1b6f7ca55e0959","2026-01-27T15:11:09.631319842Z","{""advice"":""Try to find an outcome that's fair for both of you."",""adviceType"":""CG"",""chatEnabled"":false,""numRounds"":13,""playerCount"":2}","2026-01-27T15:11:09.635187809Z","CG_cooperate","2026-01-27T15:11:09.635187809Z","{""PROLIFIC_PID"":""6731b9370d1b6f7ca55e0959"",""STUDY_ID"":""6976b36e15b09b93b6b74098"",""SESSION_ID"":""6978d51d4938c7facfb0553b""}","2026-01-27T15:11:09.989960126Z","{""plan"":""I probably park in different places of the same color.""}","2026-01-27T15:14:30.190851456Z",NA,NA
"01KG00A8C00Q8X1FYE6B1V3JFV","{""advice"":""Try to find an outcome that's fair for both of you.""}","2026-01-27T15:16:48.168274832Z",309,"2026-01-27T15:33:21.848719227Z","","","game ended","2026-01-27T15:33:33.320795535Z",1,"2026-01-27T15:35:03.066955345Z","{""adviceFollowed"":""Yes we mostly cooperated very well a few problems did happen but overall we tried to follow the guidance."",""partnerAdvice"":"""",""feedback"":""""}","2026-01-27T15:35:03.041692346Z","01KFZZP668Y2RE7M76Y3V2C5Y0","2026-01-27T15:19:04.577048252Z",3,"2026-01-27T15:16:48.445131729Z","true","2026-01-27T15:22:06.259533443Z","01KG00A7A0ETAJ0EQ3BC9Z607H","2026-01-27T15:14:22.208990503Z","67dea73927324290d667874f","2026-01-27T15:14:22.208990503Z","{""advice"":""Try to find an outcome that's fair for both of you."",""adviceType"":""CG"",""chatEnabled"":false,""numRounds"":13,""playerCount"":2}","2026-01-27T15:14:22.214114791Z","CG_cooperate","2026-01-27T15:14:22.214114791Z","{""PROLIFIC_PID"":""67dea73927324290d667874f"",""STUDY_ID"":""6976b36e15b09b93b6b74098"",""SESSION_ID"":""6978d623ca58a68331447717""}","2026-01-27T15:14:22.785407098Z","{""plan"":""I'm going to choose Spot C because it has the highest possible earnings if my partner picks D. Since we both got the same advice, I’m hoping they’ll coordinate with me and go for D""}","2026-01-27T15:22:06.211931289Z",NA,NA
"01KFZZXMVJ55DG0NBW0VMBZNA1","{""advice"":""Try to find an outcome that's fair for both of you.""}","2026-01-27T15:09:45.098511446Z",158,"2026-01-27T15:15:46.403445206Z","","","game ended","2026-01-27T15:16:00.713130493Z",1,"2026-01-27T15:16:54.428803087Z","{""adviceFollowed"":""We followed the advice to the best of our ability, it was a bit unfortunate that we kept choosing the same parking spot. "",""partnerAdvice"":"""",""feedback"":""""}","2026-01-27T15:16:54.43068778Z","01KFZZNFXD80V1S796DBB881W6","2026-01-27T15:09:01.931311671Z",3,"2026-01-27T15:09:45.357040192Z","true","2026-01-27T15:11:41.710458457Z","01KFZZXKV58SET954JQ4B5ZE2D","2026-01-27T15:07:29.011011738Z","616d9e4722ecd6934bc0d09a","2026-01-27T15:07:29.011011738Z","{""advice"":""Try to find an outcome that's fair for both of you."",""adviceType"":""CG"",""chatEnabled"":false,""numRounds"":13,""playerCount"":2}","2026-01-27T15:07:29.016077789Z","CG_cooperate","2026-01-27T15:07:29.016077789Z","{""PROLIFIC_PID"":""616d9e4722ecd6934bc0d09a"",""STUDY_ID"":""6976b36e15b09b93b6b74098"",""SESSION_ID"":""6978d43e4af6794308665674""}","2026-01-27T15:07:29.546522871Z","{""plan"":""I think that my partner will park in the orange parking first followed by the purple, so I will in the purple parking first then followed by the orange parking. I will choose spots B then D to park. ""}","2026-01-27T15:11:41.709705028Z",NA,NA
"01KG00K3JXNZQB7GYMGBBFF4QV","{""advice"":""Try to find an outcome that's fair for both of you.""}","2026-01-27T15:21:39.418585055Z",180,"2026-01-27T15:33:21.848719227Z","","","game ended","2026-01-27T15:33:33.320795535Z",1,"2026-01-27T15:34:21.631974496Z","{""adviceFollowed"":""yes we followed the advice well"",""partnerAdvice"":"""",""feedback"":""no""}","2026-01-27T15:34:21.62880655Z","01KFZZP668Y2RE7M76Y3V2C5Y0","2026-01-27T15:19:12.225618842Z",3,"2026-01-27T15:21:39.691095751Z","true","2026-01-27T15:22:13.114778086Z","01KG00K2GBQR25NNRK7GX2QK8P","2026-01-27T15:19:12.221593026Z","66c3030545e4f44aebf477b7","2026-01-27T15:19:12.221593026Z","{""advice"":""Try to find an outcome that's fair for both of you."",""adviceType"":""CG"",""chatEnabled"":false,""numRounds"":13,""playerCount"":2}","2026-01-27T15:19:12.225618842Z","CG_cooperate","2026-01-27T15:19:12.225618842Z","{""PROLIFIC_PID"":""66c3030545e4f44aebf477b7"",""STUDY_ID"":""6976b36e15b09b93b6b74098"",""SESSION_ID"":""6978d71ad442fadacf55ede2""}","2026-01-27T15:19:12.789796271Z","{""plan"":""Choose a bigger number""}","2026-01-27T15:22:13.11309511Z",NA,NA
"01KG01HRGMVKVQS9ARCB3XE7HW","{""advice"":""Try to find an outcome that's fair for both of you.""}","2026-01-27T15:37:38.525447759Z",222,"2026-01-27T15:41:39.023081973Z","","","game ended","2026-01-27T15:41:51.550679423Z",1,"2026-01-27T15:42:25.964510504Z","{""adviceFollowed"":""I think so."",""partnerAdvice"":"""",""feedback"":""""}","2026-01-27T15:42:25.947130546Z","01KG01C973YK15Z9WPCP1VM03S","2026-01-27T15:36:22.887259332Z",3,"2026-01-27T15:37:38.529245152Z","true","2026-01-27T15:38:21.04022613Z","01KG01HQ7CXA8M7ATAP1AS2FQP","2026-01-27T15:35:56.692771125Z","60f56465fd0548429f9393c9","2026-01-27T15:35:56.692771125Z","{""advice"":""Try to find an outcome that's fair for both of you."",""adviceType"":""CG"",""chatEnabled"":false,""numRounds"":13,""playerCount"":2}","2026-01-27T15:35:56.702195878Z","CG_cooperate","2026-01-27T15:35:56.702195878Z","{""PROLIFIC_PID"":""60f56465fd0548429f9393c9"",""STUDY_ID"":""6976b36e15b09b93b6b74098"",""SESSION_ID"":""6978db1a501ad83e9eb227b9""}","2026-01-27T15:35:57.325389383Z","{""plan"":""try to think strategically.""}","2026-01-27T15:38:21.036423371Z",NA,NA
"01KFZZPRG4B98NVN9HJ7C8JGJ3","{""advice"":""Try to find an outcome that's fair for both of you.""}","2026-01-27T15:07:34.141211176Z",357,"2026-01-27T15:12:11.783995705Z","","","game ended","2026-01-27T15:12:26.068284332Z",1,"2026-01-27T15:12:43.81826267Z","{""adviceFollowed"":""Yeah we did well"",""partnerAdvice"":"""",""feedback"":""I dont like how you have to choose how much u earned""}","2026-01-27T15:12:43.813886274Z","01KFYMC4MWXBBNEASC6S93NNP6","2026-01-27T15:03:43.369800347Z",3,"2026-01-27T15:07:34.139098293Z","true","2026-01-27T15:08:06.872862606Z","01KFZZPR01WSRWW4AEF9JQR072","2026-01-27T15:03:43.364059989Z","65099c3588e3226e4fd4c3b6","2026-01-27T15:03:43.364059989Z","{""advice"":""Try to find an outcome that's fair for both of you."",""adviceType"":""CG"",""chatEnabled"":false,""numRounds"":13,""playerCount"":2}","2026-01-27T15:03:43.369800347Z","CG_cooperate","2026-01-27T15:03:43.369800347Z","{""PROLIFIC_PID"":""65099c3588e3226e4fd4c3b6"",""STUDY_ID"":""6976b36e15b09b93b6b74098"",""SESSION_ID"":""6978d3b223acbe6260c25d2b""}","2026-01-27T15:03:43.633400653Z","{""plan"":""Make most money dont care about othedr person lets go""}","2026-01-27T15:08:06.875127697Z",NA,NA
"01KFZZV7HTR7S3NC5298S8ASCW","{""advice"":""Try to find an outcome that's fair for both of you.""}","2026-01-27T15:06:57.245296801Z",207,"2026-01-27T15:12:11.783995705Z","","","game ended","2026-01-27T15:12:26.068284332Z",1,"2026-01-27T15:12:56.665829706Z","{""adviceFollowed"":""Yes - we stuck to our colours throughout"",""partnerAdvice"":"""",""feedback"":""None""}","2026-01-27T15:12:56.666719811Z","01KFYMC4MWXBBNEASC6S93NNP6","2026-01-27T15:06:09.855238006Z",3,"2026-01-27T15:06:57.245561934Z","true","2026-01-27T15:07:07.494172674Z","01KFZZV73KAB749YW3B8CPY7S8","2026-01-27T15:06:09.850570733Z","66797282e8fc8fbb1c67d1ae","2026-01-27T15:06:09.850570733Z","{""advice"":""Try to find an outcome that's fair for both of you."",""adviceType"":""CG"",""chatEnabled"":false,""numRounds"":13,""playerCount"":2}","2026-01-27T15:06:09.855238006Z","CG_cooperate","2026-01-27T15:06:09.855238006Z","{""PROLIFIC_PID"":""66797282e8fc8fbb1c67d1ae"",""STUDY_ID"":""6976b36e15b09b93b6b74098"",""SESSION_ID"":""6978d43595b708740ef198f0""}","2026-01-27T15:06:10.100351908Z","{""plan"":""I plan to stick to just A""}","2026-01-27T15:07:07.493515834Z",NA,NA
"01KG001R3A8S64K59TA80FPK7X","{""advice"":""Try to find an outcome that's fair for both of you.""}","2026-01-27T15:11:46.479328864Z",132,"2026-01-27T15:16:50.135624134Z","","","game ended","2026-01-27T15:17:04.720316529Z",1,"2026-01-27T15:17:45.667834388Z","{""adviceFollowed"":""no, partner did not"",""partnerAdvice"":"""",""feedback"":""none""}","2026-01-27T15:17:45.666306965Z","01KFZZNGK4GRP0EKB0GKC1MD04","2026-01-27T15:12:52.468909738Z",3,"2026-01-27T15:11:46.480072307Z","true","2026-01-27T15:13:04.731707993Z","01KG001QX90MVKNCPMMTP0VE2R","2026-01-27T15:09:43.402959236Z","60bd28cc95ab27d4f4f6ada3","2026-01-27T15:09:43.402959236Z","{""advice"":""Try to find an outcome that's fair for both of you."",""adviceType"":""CG"",""chatEnabled"":false,""numRounds"":13,""playerCount"":2}","2026-01-27T15:09:43.406994812Z","CG_cooperate","2026-01-27T15:09:43.406994812Z","{""PROLIFIC_PID"":""60bd28cc95ab27d4f4f6ada3"",""STUDY_ID"":""6976b36e15b09b93b6b74098"",""SESSION_ID"":""6978d51b33ce8b871c269dbb""}","2026-01-27T15:09:43.514525533Z","{""plan"":""Look for the best result that benefits both players. Pick spots where the chances of both of picking the same color are maximized""}","2026-01-27T15:13:04.730689507Z",NA,NA
"01KG00SJ11QQNK576739165ME5","{""advice"":""Try to find an outcome that's fair for both of you.""}","2026-01-27T15:25:31.668823605Z",165,"2026-01-27T15:31:44.296202566Z","","","game ended","2026-01-27T15:32:02.671028741Z",1,"2026-01-27T15:32:36.956750751Z","{""adviceFollowed"":""YES THEY DID"",""partnerAdvice"":"""",""feedback"":""NONE""}","2026-01-27T15:32:36.959697478Z","01KFZZP8R9H61JJ718Q0YKWQQ5","2026-01-27T15:25:11.543343379Z",3,"2026-01-27T15:25:31.666741009Z","true","2026-01-27T15:27:33.897604055Z","01KG00SH2BKHWCFEDWPE127HKB","2026-01-27T15:22:43.617164365Z","6744a5cf77ba7ceb3e00f2f3","2026-01-27T15:22:43.617164365Z","{""advice"":""Try to find an outcome that's fair for both of you."",""adviceType"":""CG"",""chatEnabled"":false,""numRounds"":13,""playerCount"":2}","2026-01-27T15:22:43.622980962Z","CG_cooperate","2026-01-27T15:22:43.622980962Z","{""PROLIFIC_PID"":""6744a5cf77ba7ceb3e00f2f3"",""STUDY_ID"":""6976b36e15b09b93b6b74098"",""SESSION_ID"":""6978d7dd01cb6a1ccd73da60""}","2026-01-27T15:22:44.144480998Z","{""plan"":""C\nregular earnings are 19MU\nEarning with bonus 29 MU""}","2026-01-27T15:27:33.899816876Z",NA,NA
"01KG01HQ28NS753DM34G6H8T5Q","{""advice"":""Try to find an outcome that's fair for both of you.""}","2026-01-27T15:37:48.520212231Z",203,"2026-01-27T15:42:30.375364638Z","","","game ended","2026-01-27T15:42:49.547066134Z",1,"2026-01-27T15:43:04.568433634Z","{""adviceFollowed"":""not really"",""partnerAdvice"":"""",""feedback"":""""}","2026-01-27T15:43:04.563927435Z","01KG01C9AP55SZ8N94B0D1HQSZ","2026-01-27T15:38:21.0573057Z",3,"2026-01-27T15:37:48.5240027Z","true","2026-01-27T15:38:23.002657933Z","01KG01HNWG6D7AECF570FAVRPQ","2026-01-27T15:35:55.208412746Z","6673449fbf485c8b3a66c015","2026-01-27T15:35:55.208412746Z","{""advice"":""Try to find an outcome that's fair for both of you."",""adviceType"":""CG"",""chatEnabled"":false,""numRounds"":13,""playerCount"":2}","2026-01-27T15:35:55.218492797Z","CG_cooperate","2026-01-27T15:35:55.218492797Z","{""PROLIFIC_PID"":""6673449fbf485c8b3a66c015"",""STUDY_ID"":""6976b36e15b09b93b6b74098"",""SESSION_ID"":""6978db038375d04ca90c538d""}","2026-01-27T15:35:55.83051856Z","{""plan"":""try to use different color mostly to avoid collision""}","2026-01-27T15:38:22.992872801Z",NA,NA
"01KG01NYWKFQ0VTTKF16DN3RPB","{""advice"":""Try to find an outcome that's fair for both of you.""}","2026-01-27T15:40:13.892633552Z",250,"2026-01-27T15:47:03.972785493Z","","","game ended","2026-01-27T15:47:27.778781563Z",1,"2026-01-27T15:48:37.151514568Z","{""adviceFollowed"":""yes we followed very well."",""partnerAdvice"":"""",""feedback"":""no""}","2026-01-27T15:48:37.146716052Z","01KG01K7YSJ14418F13Y0X55TA","2026-01-27T15:38:25.39945726Z",3,"2026-01-27T15:40:13.896927385Z","true","2026-01-27T15:40:35.662671602Z","01KG01NXP4XSN96B7CE7PQG91B","2026-01-27T15:38:14.291996139Z","67e697258443bf9d21d9ee09","2026-01-27T15:38:14.291996139Z","{""advice"":""Try to find an outcome that's fair for both of you."",""adviceType"":""CG"",""chatEnabled"":false,""numRounds"":13,""playerCount"":2}","2026-01-27T15:38:14.302349191Z","CG_cooperate","2026-01-27T15:38:14.302349191Z","{""PROLIFIC_PID"":""67e697258443bf9d21d9ee09"",""STUDY_ID"":""6976b36e15b09b93b6b74098"",""SESSION_ID"":""6978d84a76b3f88bba4cee63""}","2026-01-27T15:38:14.954708283Z","{""plan"":""randomly and big""}","2026-01-27T15:40:35.658112073Z",NA,NA
"01KFZZV261C6EKFWFFDN2GQCW4","{""advice"":""Try to find an outcome that's fair for both of you.""}","2026-01-27T15:07:15.559137818Z",111,"2026-01-27T15:12:28.80054548Z","","","game ended","2026-01-27T15:12:40.731441793Z",1,"2026-01-27T15:13:20.253975303Z","{""adviceFollowed"":""yes, there were a few hiccups but we understood each other clearly."",""partnerAdvice"":"""",""feedback"":""""}","2026-01-27T15:13:20.252465183Z","01KFZZNF26JTW20VD892KV6Z16","2026-01-27T15:08:06.887415221Z",3,"2026-01-27T15:07:17.643580231Z","true","2026-01-27T15:08:25.914878254Z","01KFZZV10JYMGSRPP52GHFDVJN","2026-01-27T15:06:04.353081779Z","672fabf000e147eef4790d45","2026-01-27T15:06:04.353081779Z","{""advice"":""Try to find an outcome that's fair for both of you."",""adviceType"":""CG"",""chatEnabled"":false,""numRounds"":13,""playerCount"":2}","2026-01-27T15:06:04.357971137Z","CG_cooperate","2026-01-27T15:06:04.357971137Z","{""PROLIFIC_PID"":""672fabf000e147eef4790d45"",""STUDY_ID"":""6976b36e15b09b93b6b74098"",""SESSION_ID"":""6978d41fe1a32759eb534ccd""}","2026-01-27T15:06:04.999160351Z","{""plan"":""my game plan is to park at every second spot. so I will focus on A and C and vice versa""}","2026-01-27T15:08:25.897877412Z",NA,NA
"01KG01MAE3X4R1VKKZYAC7X4HT","{""advice"":""Try to find an outcome that's fair for both of you.""}","2026-01-27T15:38:51.665892579Z",142,"2026-01-27T15:47:03.972785493Z","","","game ended","2026-01-27T15:47:27.778781563Z",1,"2026-01-27T15:48:09.910244355Z","{""adviceFollowed"":""yes he or she managed to play well"",""partnerAdvice"":"""",""feedback"":""the study was good""}","2026-01-27T15:48:09.920338023Z","01KG01K7YSJ14418F13Y0X55TA","2026-01-27T15:38:25.39945726Z",3,"2026-01-27T15:38:51.780374561Z","true","2026-01-27T15:39:25.8413192Z","01KG01M94F3A3PHJKCFYF2PHBF","2026-01-27T15:37:20.57922074Z","65e389a05a2803a51872fc7d","2026-01-27T15:37:20.57922074Z","{""advice"":""Try to find an outcome that's fair for both of you."",""adviceType"":""CG"",""chatEnabled"":false,""numRounds"":13,""playerCount"":2}","2026-01-27T15:37:20.589034109Z","CG_cooperate","2026-01-27T15:37:20.589034109Z","{""PROLIFIC_PID"":""65e389a05a2803a51872fc7d"",""STUDY_ID"":""6976b36e15b09b93b6b74098"",""SESSION_ID"":""6978d89e3cc0f15ded9abb9c""}","2026-01-27T15:37:21.170774934Z","{""plan"":""i will park according to my knowledge and skills""}","2026-01-27T15:39:25.835764976Z",NA,NA
"01KFZZS4C7MPFHWAB67XDG4K5M","{""advice"":""Try to find an outcome that's fair for both of you.""}","2026-01-27T15:07:57.833435874Z",240,"2026-01-27T15:11:16.097712078Z","","","game ended","2026-01-27T15:11:25.368042289Z",1,"2026-01-27T15:11:53.802759124Z","{""adviceFollowed"":""I guess... "",""partnerAdvice"":"""",""feedback"":""No. Everything went fine. ""}","2026-01-27T15:11:53.803539339Z","01KFZZNFFXYKX3FJHNDQFDC3VV","2026-01-27T15:08:37.053080948Z",3,"2026-01-27T15:07:57.833093678Z","true","2026-01-27T15:08:54.605154895Z","01KFZZS3XQM6FAGXTC7QPD92T2","2026-01-27T15:05:01.063076827Z","5ec6fb5376e1ca14198c2dd4","2026-01-27T15:05:01.063076827Z","{""advice"":""Try to find an outcome that's fair for both of you."",""adviceType"":""CG"",""chatEnabled"":false,""numRounds"":13,""playerCount"":2}","2026-01-27T15:05:01.068386903Z","CG_cooperate","2026-01-27T15:05:01.068386903Z","{""PROLIFIC_PID"":""5ec6fb5376e1ca14198c2dd4"",""STUDY_ID"":""6976b36e15b09b93b6b74098"",""SESSION_ID"":""6978d3c96c7fdf03507b0f1e""}","2026-01-27T15:05:01.314539813Z","{""plan"":""I'll choose the same parking spot every single time, that gives enough MU in the end. I hope the other person understands my strategy. I don't care if he earns more than me. ""}","2026-01-27T15:08:54.60397295Z",NA,NA
"01KG00SX3P8HXD230VRKXE44XQ","{""advice"":""Try to find an outcome that's fair for both of you.""}","2026-01-27T15:27:57.424098381Z",81,"2026-01-27T15:35:11.900887159Z","","","game ended","2026-01-27T15:35:41.677953954Z",1,"2026-01-27T15:37:10.257129412Z","{""adviceFollowed"":""Yes, partner stayed consistent "",""partnerAdvice"":"""",""feedback"":""No""}","2026-01-27T15:37:09.971178952Z","01KFZZPA04JVQSFGZ521YR3S0W","2026-01-27T15:28:56.952301978Z",3,"2026-01-27T15:27:57.428152569Z","true","2026-01-27T15:29:04.777344185Z","01KG00SVYCC513CV7XX55R7B48","2026-01-27T15:22:54.967003813Z","67f6b8ee8af987467b01ab3d","2026-01-27T15:22:54.967003813Z","{""advice"":""Try to find an outcome that's fair for both of you."",""adviceType"":""CG"",""chatEnabled"":false,""numRounds"":13,""playerCount"":2}","2026-01-27T15:22:54.973104276Z","CG_cooperate","2026-01-27T15:22:54.973104276Z","{""PROLIFIC_PID"":""67f6b8ee8af987467b01ab3d"",""STUDY_ID"":""6976b36e15b09b93b6b74098"",""SESSION_ID"":""6978d6f35f28d2390f9ef96c""}","2026-01-27T15:22:55.629202691Z","{""plan"":""Let's try to park in same color and different spot""}","2026-01-27T15:29:04.780906583Z",NA,NA
"01KG01BNME61ADDGQJFGPB3YVS","{""advice"":""Try to find an outcome that's fair for both of you.""}","2026-01-27T15:36:40.452868204Z",155,"2026-01-27T15:42:30.375364638Z","","","game ended","2026-01-27T15:42:49.547066134Z",1,"2026-01-27T15:44:15.247550729Z","{""adviceFollowed"":""Slightly "",""partnerAdvice"":"""",""feedback"":""The advice was useful ""}","2026-01-27T15:44:15.238231271Z","01KG01C9AP55SZ8N94B0D1HQSZ","2026-01-27T15:38:21.0573057Z",3,"2026-01-27T15:36:40.753137184Z","true","2026-01-27T15:38:25.383010607Z","01KG01BMA7CWYNJQDJC7KA3TV3","2026-01-27T15:32:37.134319889Z","6684796875fd5ec451ef3010","2026-01-27T15:32:37.134319889Z","{""advice"":""Try to find an outcome that's fair for both of you."",""adviceType"":""CG"",""chatEnabled"":false,""numRounds"":13,""playerCount"":2}","2026-01-27T15:32:37.142181553Z","CG_cooperate","2026-01-27T15:32:37.142181553Z","{""PROLIFIC_PID"":""6684796875fd5ec451ef3010"",""STUDY_ID"":""6976b36e15b09b93b6b74098"",""SESSION_ID"":""6978da081e572718b1eeb7d3""}","2026-01-27T15:32:37.742914432Z","{""plan"":""I will play in a way that will benefit me and my partner. Working together not against each other.""}","2026-01-27T15:38:25.386995428Z",NA,NA
"01KG00AE7KEXNJP0F5WN6PEHWJ","{""advice"":""Try to find an outcome that's fair for both of you.""}","2026-01-27T15:16:52.304166141Z",239,"2026-01-27T15:22:13.87071212Z","","","game ended","2026-01-27T15:22:25.150450479Z",1,"2026-01-27T15:24:01.91529236Z","{""adviceFollowed"":""Yes I think so, but I almost lost my strategy or plan "",""partnerAdvice"":"""",""feedback"":""It was intriguing and interesting to get to sync in mind with my partner and get to work on our bonus that we'll. Great study""}","2026-01-27T15:24:01.903987642Z","01KFZZP5MRRJ9SFHH91GQ3PHPK","2026-01-27T15:18:21.049612511Z",3,"2026-01-27T15:16:52.700369689Z","true","2026-01-27T15:19:00.399209069Z","01KG00ACPTQAVHT50198NY6JTR","2026-01-27T15:14:28.211194882Z","65e85a421f2dee53c62fbf45","2026-01-27T15:14:28.211194882Z","{""advice"":""Try to find an outcome that's fair for both of you."",""adviceType"":""CG"",""chatEnabled"":false,""numRounds"":13,""playerCount"":2}","2026-01-27T15:14:28.217271753Z","CG_cooperate","2026-01-27T15:14:28.217271753Z","{""PROLIFIC_PID"":""65e85a421f2dee53c62fbf45"",""STUDY_ID"":""6976b36e15b09b93b6b74098"",""SESSION_ID"":""6978d566aa58c1adeeb3f492""}","2026-01-27T15:14:28.851409785Z","{""plan"":""I plan to go with B  allow my partner the choice of A, then on the second attempt I'll try going for D and I think my partner might go to park at C, then if there'll be a third round I'll park at A.""}","2026-01-27T15:19:00.394401769Z",NA,NA
"01KG00WPCQQFZEQ83XBZ86281X","{""advice"":""Try to find an outcome that's fair for both of you.""}","2026-01-27T15:27:01.392731719Z",144,"2026-01-27T15:35:11.900887159Z","","","game ended","2026-01-27T15:35:41.677953954Z",1,"2026-01-27T15:36:34.200142586Z","{""adviceFollowed"":""Yes we tried to predict each other's next move."",""partnerAdvice"":"""",""feedback"":""""}","2026-01-27T15:36:34.196334478Z","01KFZZPA04JVQSFGZ521YR3S0W","2026-01-27T15:28:56.952301978Z",3,"2026-01-27T15:27:01.419629582Z","true","2026-01-27T15:29:39.12830505Z","01KG00WN7P3J7AN2VVKTDDA130","2026-01-27T15:24:26.391820393Z","6727c36d37e7c36841ff9174","2026-01-27T15:24:26.391820393Z","{""advice"":""Try to find an outcome that's fair for both of you."",""adviceType"":""CG"",""chatEnabled"":false,""numRounds"":13,""playerCount"":2}","2026-01-27T15:24:26.399534707Z","CG_cooperate","2026-01-27T15:24:26.399534707Z","{""PROLIFIC_PID"":""6727c36d37e7c36841ff9174"",""STUDY_ID"":""6976b36e15b09b93b6b74098"",""SESSION_ID"":""6978d72532594040485a8e90""}","2026-01-27T15:24:27.238358294Z","{""plan"":""I will make sure i follow my instincts and also mostly park on the spots with the highest earnings.""}","2026-01-27T15:29:39.125789578Z",NA,NA
"01KG01DZQT59RAME99TQZ9CDZP","{""advice"":""Try to find an outcome that's fair for both of you.""}","2026-01-27T15:36:13.671767522Z",129,"2026-01-27T15:41:39.023081973Z","","","game ended","2026-01-27T15:41:51.550679423Z",1,"2026-01-27T15:42:22.118362634Z","{""adviceFollowed"":""somewhat "",""partnerAdvice"":"""",""feedback"":""none ""}","2026-01-27T15:42:22.112447312Z","01KG01C973YK15Z9WPCP1VM03S","2026-01-27T15:36:22.887259332Z",3,"2026-01-27T15:36:13.675618274Z","true","2026-01-27T15:36:40.514290818Z","01KG01DYPEXJTF3K8YTVPSNG2C","2026-01-27T15:33:53.018829587Z","6109656bb28bc0fadcad52ca","2026-01-27T15:33:53.018829587Z","{""advice"":""Try to find an outcome that's fair for both of you."",""adviceType"":""CG"",""chatEnabled"":false,""numRounds"":13,""playerCount"":2}","2026-01-27T15:33:53.02711131Z","CG_cooperate","2026-01-27T15:33:53.02711131Z","{""PROLIFIC_PID"":""6109656bb28bc0fadcad52ca"",""STUDY_ID"":""6976b36e15b09b93b6b74098"",""SESSION_ID"":""6978daa63cc4abbc26480161""}","2026-01-27T15:33:53.57014399Z","{""plan"":""get high point""}","2026-01-27T15:36:40.509325244Z",NA,NA
"01KG002CYKTFNT6KF8Y3C47S77","{""advice"":""Try to find an outcome that's fair for both of you.""}","2026-01-27T15:13:03.502380856Z",260,"2026-01-27T15:16:23.940608932Z","","","game ended","2026-01-27T15:16:30.761570971Z",1,"2026-01-27T15:16:49.906413072Z","{""adviceFollowed"":""Yes, I believe so."",""partnerAdvice"":"""",""feedback"":""No issues.""}","2026-01-27T15:16:49.907750688Z","01KFZZNRJC25S6CR8RPMWSC361","2026-01-27T15:13:51.565956866Z",3,"2026-01-27T15:13:03.612731998Z","true","2026-01-27T15:14:01.234081552Z","01KG002CGEXSFFNHCTGYRVBE9T","2026-01-27T15:10:04.755029452Z","5bb7b83ab791890001f4fd90","2026-01-27T15:10:04.755029452Z","{""advice"":""Try to find an outcome that's fair for both of you."",""adviceType"":""CG"",""chatEnabled"":false,""numRounds"":13,""playerCount"":2}","2026-01-27T15:10:04.760314191Z","CG_cooperate","2026-01-27T15:10:04.760314191Z","{""PROLIFIC_PID"":""5bb7b83ab791890001f4fd90"",""STUDY_ID"":""6976b36e15b09b93b6b74098"",""SESSION_ID"":""6978d51f20491790232e6b4d""}","2026-01-27T15:10:05.021060787Z","{""plan"":""With no possibility to coordinate actions, it will be best to park in the Orange spots.""}","2026-01-27T15:14:01.232975969Z",NA,NA
"01KG002FQ5SSMJD3909PNDSM4T","{""advice"":""Try to find an outcome that's fair for both of you.""}","2026-01-27T15:11:49.190642795Z",73,"2026-01-27T15:16:08.664038691Z","","","game ended","2026-01-27T15:16:24.801098272Z",1,"2026-01-27T15:16:42.112249767Z","{""adviceFollowed"":""We were clashing alot. "",""partnerAdvice"":"""",""feedback"":""""}","2026-01-27T15:16:42.113564729Z","01KFZZNG7B16R900DHP3AXV9QK","2026-01-27T15:11:41.721710282Z",3,"2026-01-27T15:11:49.189760142Z","true","2026-01-27T15:12:52.456855323Z","01KG002FMC36FT4014FG5H2GH1","2026-01-27T15:10:07.589870234Z","695fabc5c97b62b67a80e1db","2026-01-27T15:10:07.589870234Z","{""advice"":""Try to find an outcome that's fair for both of you."",""adviceType"":""CG"",""chatEnabled"":false,""numRounds"":13,""playerCount"":2}","2026-01-27T15:10:07.59376929Z","CG_cooperate","2026-01-27T15:10:07.59376929Z","{""PROLIFIC_PID"":""695fabc5c97b62b67a80e1db"",""STUDY_ID"":""6976b36e15b09b93b6b74098"",""SESSION_ID"":""6978d530a95930cd1e6342d5""}","2026-01-27T15:10:07.652868712Z","{""plan"":""I want to park in the same color as my partner but not the same spot, which gives a 50% chance of parking in the same spot. I would rather park in purple in the 7MU spot so they can park in the 19MU spot and we both get the bonus.""}","2026-01-27T15:12:52.457742736Z",NA,NA
"01KFZZWWB7JKW4Y6ADC9BE31XD","{""advice"":""Try to find an outcome that's fair for both of you.""}","2026-01-27T15:09:16.6574324Z",164,"2026-01-27T15:15:46.403445206Z","","","game ended","2026-01-27T15:16:00.713130493Z",1,"2026-01-27T15:17:17.376666869Z","{""adviceFollowed"":""Yes, I think we both tried our best to choose different colors at a certain point we were stubborn to choose the same spot but then we gave up both \n"",""partnerAdvice"":"""",""feedback"":""""}","2026-01-27T15:17:17.373303225Z","01KFZZNFXD80V1S796DBB881W6","2026-01-27T15:09:01.931311671Z",3,"2026-01-27T15:09:16.658742316Z","true","2026-01-27T15:11:36.559850662Z","01KFZZWVKBF3DZMDZN7JWP4T01","2026-01-27T15:07:03.911551426Z","68e3cfc22688ddaae48dc6c3","2026-01-27T15:07:03.911551426Z","{""advice"":""Try to find an outcome that's fair for both of you."",""adviceType"":""CG"",""chatEnabled"":false,""numRounds"":13,""playerCount"":2}","2026-01-27T15:07:03.9168972Z","CG_cooperate","2026-01-27T15:07:03.9168972Z","{""PROLIFIC_PID"":""68e3cfc22688ddaae48dc6c3"",""STUDY_ID"":""6976b36e15b09b93b6b74098"",""SESSION_ID"":""6978d42943875e21757053b0""}","2026-01-27T15:07:04.463117642Z","{""plan"":""I park in B spot and my partner park in c spot so more than we park in the same color""}","2026-01-27T15:11:36.556436229Z",NA,NA
"01KG009Q8V1Y1BEHTYXPJ07P34","{""advice"":""Try to find an outcome that's fair for both of you.""}","2026-01-27T15:16:57.608506177Z",248,"2026-01-27T15:22:13.87071212Z","","","game ended","2026-01-27T15:22:25.150450479Z",1,"2026-01-27T15:23:57.07470145Z","{""adviceFollowed"":""Yes, we didn't choose the same parking spot at any time."",""partnerAdvice"":"""",""feedback"":""No.""}","2026-01-27T15:23:57.077756667Z","01KFZZP5MRRJ9SFHH91GQ3PHPK","2026-01-27T15:18:21.049612511Z",3,"2026-01-27T15:16:57.687245558Z","true","2026-01-27T15:19:04.56154114Z","01KG009Q06DB8G830FZ66SA4V2","2026-01-27T15:14:04.69952175Z","5df5b73cd52c7b4021e0d0b6","2026-01-27T15:14:04.69952175Z","{""advice"":""Try to find an outcome that's fair for both of you."",""adviceType"":""CG"",""chatEnabled"":false,""numRounds"":13,""playerCount"":2}","2026-01-27T15:14:04.704248225Z","CG_cooperate","2026-01-27T15:14:04.704248225Z","{""PROLIFIC_PID"":""5df5b73cd52c7b4021e0d0b6"",""STUDY_ID"":""6976b36e15b09b93b6b74098"",""SESSION_ID"":""6978d52bd0f484df1663b5db""}","2026-01-27T15:14:04.847136357Z","{""plan"":""I'll rotate my parking spots to avoid using the same one every time.""}","2026-01-27T15:19:04.56297906Z",NA,NA
"01KG00JA04SMW9BGGDK9H0S5YZ","{""advice"":""Try to find an outcome that's fair for both of you.""}","2026-01-27T15:23:24.966021884Z",184,"2026-01-27T15:28:49.395007023Z","","","game ended","2026-01-27T15:29:02.927827394Z",1,"2026-01-27T15:29:53.388423795Z","{""adviceFollowed"":""I tried, but I don't know if it was right. I didn't see any ground floor plan, it was more of a random thing."",""partnerAdvice"":"""",""feedback"":""""}","2026-01-27T15:29:53.391033452Z","01KFZZP83XK80D0HQDQT162DER","2026-01-27T15:24:53.433500207Z",3,"2026-01-27T15:23:24.96785418Z","true","2026-01-27T15:25:11.530038804Z","01KG00J9EYQPP8W2H038BHKS1H","2026-01-27T15:18:46.020688489Z","5e010ae14cac68cfeaa8612a","2026-01-27T15:18:46.020688489Z","{""advice"":""Try to find an outcome that's fair for both of you."",""adviceType"":""CG"",""chatEnabled"":false,""numRounds"":13,""playerCount"":2}","2026-01-27T15:18:46.025859035Z","CG_cooperate","2026-01-27T15:18:46.025859035Z","{""PROLIFIC_PID"":""5e010ae14cac68cfeaa8612a"",""STUDY_ID"":""6976b36e15b09b93b6b74098"",""SESSION_ID"":""6978d732136111d09ff59375""}","2026-01-27T15:18:46.31399134Z","{""plan"":""I plan to give A and D, and I hope my partner will not give the same""}","2026-01-27T15:25:11.527922396Z",NA,NA
"01KG010GJJMMDS9AR6F164K6QX","{""advice"":""Try to find an outcome that's fair for both of you.""}","2026-01-27T15:29:47.765769114Z",151,"2026-01-27T15:34:12.911730216Z","","","game ended","2026-01-27T15:34:29.345806643Z",1,"2026-01-27T15:35:10.633569534Z","{""adviceFollowed"":""Yes, we tried to play as a team"",""partnerAdvice"":"""",""feedback"":""No problems""}","2026-01-27T15:35:10.630268612Z","01KFZZPAMNDB04K7EDK0YK0HNH","2026-01-27T15:29:39.13983661Z",3,"2026-01-27T15:29:48.066467818Z","true","2026-01-27T15:31:04.03241927Z","01KG010FKBN7QG1DN3VAHSXZ8G","2026-01-27T15:26:31.506366028Z","682334c0bdfde372a4cf3ebe","2026-01-27T15:26:31.506366028Z","{""advice"":""Try to find an outcome that's fair for both of you."",""adviceType"":""CG"",""chatEnabled"":false,""numRounds"":13,""playerCount"":2}","2026-01-27T15:26:31.515045928Z","CG_cooperate","2026-01-27T15:26:31.515045928Z","{""PROLIFIC_PID"":""682334c0bdfde372a4cf3ebe"",""STUDY_ID"":""6976b36e15b09b93b6b74098"",""SESSION_ID"":""6978d88c85c01433aa775be2""}","2026-01-27T15:26:32.016576059Z","{""plan"":""My partner and I will park in A and B respectively. That way we will each receive 20MU.""}","2026-01-27T15:31:04.034985737Z",NA,NA
"01KG00RT5QBQYGMKZ2FYGGY6HC","{""advice"":""Try to find an outcome that's fair for both of you.""}","2026-01-27T15:29:56.511865076Z",97,"2026-01-27T15:34:12.911730216Z","","","game ended","2026-01-27T15:34:29.345806643Z",1,"2026-01-27T15:35:06.113004369Z","{""adviceFollowed"":""yes but it backfired at the end."",""partnerAdvice"":"""",""feedback"":""no""}","2026-01-27T15:35:06.109718154Z","01KFZZPAMNDB04K7EDK0YK0HNH","2026-01-27T15:29:39.13983661Z",3,"2026-01-27T15:29:56.509172242Z","true","2026-01-27T15:30:25.923172262Z","01KG00RS2BKPJ6DB3F5427CNEY","2026-01-27T15:22:19.191658042Z","67dc2076f3a330eb3c1f6901","2026-01-27T15:22:19.191658042Z","{""advice"":""Try to find an outcome that's fair for both of you."",""adviceType"":""CG"",""chatEnabled"":false,""numRounds"":13,""playerCount"":2}","2026-01-27T15:22:19.19804737Z","CG_cooperate","2026-01-27T15:22:19.19804737Z","{""PROLIFIC_PID"":""67dc2076f3a330eb3c1f6901"",""STUDY_ID"":""6976b36e15b09b93b6b74098"",""SESSION_ID"":""6978d6ef58dc8a8871f784a0""}","2026-01-27T15:22:20.050102198Z","{""plan"":""I will pick the first option and hope for the best\n""}","2026-01-27T15:30:25.919927189Z",NA,NA
"01KG00S43S1PQT5SZ1RDV7EVPV","{""advice"":""Try to find an outcome that's fair for both of you.""}","2026-01-27T15:23:45.503297233Z",105,"2026-01-27T15:31:44.296202566Z","","","game ended","2026-01-27T15:32:02.671028741Z",1,"2026-01-27T15:33:57.743281485Z","{""adviceFollowed"":""I think we did the best we could, the lack of communication considered. There were definitely a few times when I could tell we both thought of the same thing. Of course, a few of those times we also ended up crashing."",""partnerAdvice"":"""",""feedback"":""I enjoyed the task. It was fun and went by quickly. My partner and I had quite a few \""crashes\"" where we picked the same spot. It was funny more than frustrating.""}","2026-01-27T15:33:58.345080734Z","01KFZZP8R9H61JJ718Q0YKWQQ5","2026-01-27T15:25:11.543343379Z",3,"2026-01-27T15:23:45.519580999Z","true","2026-01-27T15:25:20.855645004Z","01KG00S2ER9DEJPYN1QDV3RX30","2026-01-27T15:22:29.369311908Z","696ba3ff5980d2375425c543","2026-01-27T15:22:29.369311908Z","{""advice"":""Try to find an outcome that's fair for both of you."",""adviceType"":""CG"",""chatEnabled"":false,""numRounds"":13,""playerCount"":2}","2026-01-27T15:22:29.374178714Z","CG_cooperate","2026-01-27T15:22:29.374178714Z","{""PROLIFIC_PID"":""696ba3ff5980d2375425c543"",""STUDY_ID"":""6976b36e15b09b93b6b74098"",""SESSION_ID"":""6978d7088206da0a49ead8ea""}","2026-01-27T15:22:35.247685729Z","{""plan"":""I will try to park near my partner but in a way that minimises collisions: the \""outer\"" two spots seem less likely to result in a collision, though that might not be based in maths, just my feelings.""}","2026-01-27T15:25:20.837176882Z",NA,NA
"01KFZZZESXNVEXN06HSMHYN8H4","{""advice"":""Try to find an outcome that's fair for both of you.""}","2026-01-27T15:11:08.977837329Z",82,"2026-01-27T15:16:08.664038691Z","","","game ended","2026-01-27T15:16:24.801098272Z",1,"2026-01-27T15:16:51.092606665Z","{""adviceFollowed"":""No. I don't think we followed the advice well."",""partnerAdvice"":"""",""feedback"":""The study had a problem loading halfway through.""}","2026-01-27T15:16:51.093903344Z","01KFZZNG7B16R900DHP3AXV9QK","2026-01-27T15:11:41.721710282Z",3,"2026-01-27T15:11:08.978615079Z","true","2026-01-27T15:11:44.611602358Z","01KFZZZEK9MPJM952EEB3YN7V5","2026-01-27T15:08:28.349959899Z","666f2488909bc0331b8563e6","2026-01-27T15:08:28.349959899Z","{""advice"":""Try to find an outcome that's fair for both of you."",""adviceType"":""CG"",""chatEnabled"":false,""numRounds"":13,""playerCount"":2}","2026-01-27T15:08:28.355034506Z","CG_cooperate","2026-01-27T15:08:28.355034506Z","{""PROLIFIC_PID"":""666f2488909bc0331b8563e6"",""STUDY_ID"":""6976b36e15b09b93b6b74098"",""SESSION_ID"":""6978d4d48fcbcefdb6a36baa""}","2026-01-27T15:08:28.474403775Z","{""plan"":""I think we can both try to park in the same color spots that have an equal bonus.""}","2026-01-27T15:11:44.610699081Z",NA,NA
"01KG0035XGDBYKFY585P5VEBFM","{""advice"":""Try to find an outcome that's fair for both of you.""}","2026-01-27T15:13:02.56842947Z",192,"2026-01-27T15:16:50.135624134Z","","","game ended","2026-01-27T15:17:04.720316529Z",1,"2026-01-27T15:18:17.825739809Z","{""adviceFollowed"":""No, my partner just picked random slots, without a clear strategy visible, but this then allowed me to stay on spot C to maximise my own profit."",""partnerAdvice"":"""",""feedback"":""""}","2026-01-27T15:18:17.824263946Z","01KFZZNGK4GRP0EKB0GKC1MD04","2026-01-27T15:12:52.468909738Z",3,"2026-01-27T15:13:02.687658878Z","true","2026-01-27T15:13:51.553935509Z","01KG0035DZ705318KSG0CRGAYG","2026-01-27T15:10:30.320137782Z","6914e9041381211d0252b059","2026-01-27T15:10:30.320137782Z","{""advice"":""Try to find an outcome that's fair for both of you."",""adviceType"":""CG"",""chatEnabled"":false,""numRounds"":13,""playerCount"":2}","2026-01-27T15:10:30.324631813Z","CG_cooperate","2026-01-27T15:10:30.324631813Z","{""PROLIFIC_PID"":""6914e9041381211d0252b059"",""STUDY_ID"":""6976b36e15b09b93b6b74098"",""SESSION_ID"":""6978d51d2dd5c22c9e517c8d""}","2026-01-27T15:10:30.592402404Z","{""plan"":""Swap between C and A/B with the other player so both of us get half  A/B and C spots for maximum rewards""}","2026-01-27T15:13:51.551491537Z",NA,NA
"01KG037D78XWDNTA8JT0Z93BW8","{""advice"":""Try to get the best outcome for yourself.""}","2026-01-27T16:07:42.039477341Z",77,"2026-01-27T16:21:47.356397993Z","","","game ended","2026-01-27T16:22:17.414888142Z",1,"2026-01-27T16:23:02.784841332Z","{""adviceFollowed"":"""",""partnerAdvice"":""to focus on the game"",""feedback"":""""}","2026-01-27T16:23:02.782301575Z","01KG02K4ZMFRXFHJEV50FDQSC5","2026-01-27T16:05:52.326955892Z",3,"2026-01-27T16:07:42.040524645Z","true","2026-01-27T16:08:49.400037693Z","01KG037C4QKMKT4FGSZ7T1QAKJ","2026-01-27T16:05:14.600543724Z","672e070e0a631ffab8d21860","2026-01-27T16:05:14.600543724Z","{""advice"":""Try to get the best outcome for yourself."",""adviceType"":""noCG"",""chatEnabled"":false,""numRounds"":13,""playerCount"":2}","2026-01-27T16:05:14.604415476Z","noCG_selfish","2026-01-27T16:05:14.604415476Z","{""PROLIFIC_PID"":""672e070e0a631ffab8d21860"",""STUDY_ID"":""6976b36e15b09b93b6b74098"",""SESSION_ID"":""6978e1c94c984e3f73a5c73f""}","2026-01-27T16:05:15.577676818Z","{""plan"":""I Will try memorising which spot does my partner like""}","2026-01-27T16:08:49.399042177Z","",""
"01KG02WXCBT6WSCNW5JDVCER9Z","{""advice"":""Try to get the best outcome for yourself.""}","2026-01-27T16:03:23.836016755Z",143,"2026-01-27T16:21:47.356397993Z","","","game ended","2026-01-27T16:22:17.414888142Z",1,"2026-01-27T16:26:56.94190902Z","{""adviceFollowed"":"""",""partnerAdvice"":""My partner likely got advice to pick D."",""feedback"":""Game was confusing but fun at the same time . I enjoy playing it.""}","2026-01-27T16:26:56.693638467Z","01KG02K4ZMFRXFHJEV50FDQSC5","2026-01-27T16:05:52.326955892Z",3,"2026-01-27T16:03:23.83670596Z","true","2026-01-27T16:08:55.397670822Z","01KG02WW8Q8KJFWETWXD6JCTXJ","2026-01-27T15:59:30.699347747Z","67d44f7b5aa0e4e0e803aadb","2026-01-27T15:59:30.699347747Z","{""advice"":""Try to get the best outcome for yourself."",""adviceType"":""noCG"",""chatEnabled"":false,""numRounds"":13,""playerCount"":2}","2026-01-27T15:59:30.704035754Z","noCG_selfish","2026-01-27T15:59:30.704035754Z","{""PROLIFIC_PID"":""67d44f7b5aa0e4e0e803aadb"",""STUDY_ID"":""6976b36e15b09b93b6b74098"",""SESSION_ID"":""6978e0020ef1ac264b46de02""}","2026-01-27T15:59:31.26003082Z","{""plan"":""My game plan is to choose spots C and D, parking different locations with different colours.ml will earn regular of 19 MU from C and  7 MU  form D, giving a total of 26 MU . This maximises  my overall earnings in the game""}","2026-01-27T16:08:55.395410105Z","",""
"01KG04EC9N3RPQEENTN5F33ZHR","{""advice"":""Try to get the best outcome for yourself.""}","2026-01-27T16:27:25.69991876Z",152,"2026-01-27T16:32:51.874951237Z","","","game ended","2026-01-27T16:33:06.871143536Z",1,"2026-01-27T16:33:55.002985479Z","{""adviceFollowed"":"""",""partnerAdvice"":""The same advice I was given, too."",""feedback"":""""}","2026-01-27T16:33:54.998111121Z","01KG034JG52JZXA6ZR8PFSJ9DF","2026-01-27T16:27:49.568493226Z",3,"2026-01-27T16:27:25.704276457Z","true","2026-01-27T16:28:01.327402236Z","01KG04EB9E19NFPSMKNXRCEYCX","2026-01-27T16:26:31.605998765Z","66977f10b79820806f993c71","2026-01-27T16:26:31.605998765Z","{""advice"":""Try to get the best outcome for yourself."",""adviceType"":""noCG"",""chatEnabled"":false,""numRounds"":13,""playerCount"":2}","2026-01-27T16:26:31.612178057Z","noCG_selfish","2026-01-27T16:26:31.612178057Z","{""PROLIFIC_PID"":""66977f10b79820806f993c71"",""STUDY_ID"":""6976b36e15b09b93b6b74098"",""SESSION_ID"":""6978e6ab7d6e7052f69efb9e""}","2026-01-27T16:26:32.143957034Z","{""plan"":""Trying to get the best outcome for myself.""}","2026-01-27T16:28:01.324576337Z","",""
"01KG02TKV7SD7TP36DF9CAST25","{""advice"":""Try to get the best outcome for yourself.""}","2026-01-27T15:59:09.067821498Z",127,"2026-01-27T16:03:53.371902321Z","","","game ended","2026-01-27T16:04:04.297474056Z",1,"2026-01-27T16:04:39.153617468Z","{""adviceFollowed"":"""",""partnerAdvice"":""I think he got that i was parking on the same spot"",""feedback"":""Its very hard since we have no communication at all""}","2026-01-27T16:04:39.154526839Z","01KG02K0AM6S5WCTAHZB0MHTC7","2026-01-27T15:58:15.404514008Z",3,"2026-01-27T15:59:09.070265221Z","true","2026-01-27T15:59:38.984722775Z","01KG02TK353F54N7032P4Y4R9N","2026-01-27T15:58:15.399652602Z","68eeef06a1e6a76c343f8572","2026-01-27T15:58:15.399652602Z","{""advice"":""Try to get the best outcome for yourself."",""adviceType"":""noCG"",""chatEnabled"":false,""numRounds"":13,""playerCount"":2}","2026-01-27T15:58:15.404514008Z","noCG_selfish","2026-01-27T15:58:15.404514008Z","{""PROLIFIC_PID"":""68eeef06a1e6a76c343f8572"",""STUDY_ID"":""6976b36e15b09b93b6b74098"",""SESSION_ID"":""6978e062bf357e026dbaa054""}","2026-01-27T15:58:15.825535541Z","{""plan"":""I will stick with one parking spot but if that doesnt work i move to other spots""}","2026-01-27T15:59:38.986411252Z","",""
"01KG02XBTZT08095FM3SB43X57","{""advice"":""Try to get the best outcome for yourself.""}","2026-01-27T16:02:42.27367224Z",153,"2026-01-27T16:06:54.236347003Z","","","game ended","2026-01-27T16:07:07.819440574Z",1,"2026-01-27T16:08:04.088935479Z","{""adviceFollowed"":"""",""partnerAdvice"":""change spots as you go"",""feedback"":""no""}","2026-01-27T16:08:04.088022375Z","01KG02K415VYVR25TPRZ2Y15B1","2026-01-27T16:02:07.325317238Z",3,"2026-01-27T16:02:41.767140072Z","true","2026-01-27T16:03:31.770675961Z","01KG02XAK3M9PCHYYDF5K1DH1D","2026-01-27T15:59:45.503442579Z","67caa7fe00179edfb74d3e1a","2026-01-27T15:59:45.503442579Z","{""advice"":""Try to get the best outcome for yourself."",""adviceType"":""noCG"",""chatEnabled"":false,""numRounds"":13,""playerCount"":2}","2026-01-27T15:59:45.508573284Z","noCG_selfish","2026-01-27T15:59:45.508573284Z","{""PROLIFIC_PID"":""67caa7fe00179edfb74d3e1a"",""STUDY_ID"":""6976b36e15b09b93b6b74098"",""SESSION_ID"":""6978e0501b1fd3672c7d04ac""}","2026-01-27T15:59:46.078114627Z","{""plan"":""I will be changing spots regularly ""}","2026-01-27T16:03:31.77014212Z","",""
"01KG02WWD4QY6DB5B2KMS1CNVT","{""advice"":""Try to get the best outcome for yourself.""}","2026-01-27T15:59:48.446618976Z",155,"2026-01-27T16:05:44.731475606Z","","","game ended","2026-01-27T16:06:03.066110552Z",1,"2026-01-27T16:07:40.747660864Z","{""adviceFollowed"":"""",""partnerAdvice"":""changing options makes you get various results"",""feedback"":""No""}","2026-01-27T16:07:40.672902487Z","01KG02K3JX0WAJE45A0SPR7MQ0","2026-01-27T15:59:38.999074016Z",3,"2026-01-27T15:59:48.792924925Z","true","2026-01-27T16:00:37.004599546Z","01KG02WTP4TKAK8R1WAHP8ZWBF","2026-01-27T15:59:29.700199069Z","66674eff867bcccdf7a346e6","2026-01-27T15:59:29.700199069Z","{""advice"":""Try to get the best outcome for yourself."",""adviceType"":""noCG"",""chatEnabled"":false,""numRounds"":13,""playerCount"":2}","2026-01-27T15:59:29.705584515Z","noCG_selfish","2026-01-27T15:59:29.705584515Z","{""PROLIFIC_PID"":""66674eff867bcccdf7a346e6"",""STUDY_ID"":""6976b36e15b09b93b6b74098"",""SESSION_ID"":""6978db0aba0cad717880be18""}","2026-01-27T15:59:30.588904979Z","{""plan"":""planning to park on a spot where i think my opponent won park on it""}","2026-01-27T16:00:36.879387348Z","",""
"01KG04DZ54C8E925VG6HN1KJXQ","{""advice"":""Try to get the best outcome for yourself.""}","2026-01-27T16:27:12.320276129Z",119,"2026-01-27T16:32:51.874951237Z","","","game ended","2026-01-27T16:33:06.871143536Z",1,"2026-01-27T16:33:23.996482988Z","{""adviceFollowed"":"""",""partnerAdvice"":""Trying every single parking spot."",""feedback"":""""}","2026-01-27T16:33:23.991689775Z","01KG034JG52JZXA6ZR8PFSJ9DF","2026-01-27T16:27:49.568493226Z",3,"2026-01-27T16:27:12.322801148Z","true","2026-01-27T16:27:55.803517961Z","01KG04DYN8NH5MMFQCH76N9N8N","2026-01-27T16:26:18.148914124Z","692d64a48c361f17b331521d","2026-01-27T16:26:18.148914124Z","{""advice"":""Try to get the best outcome for yourself."",""adviceType"":""noCG"",""chatEnabled"":false,""numRounds"":13,""playerCount"":2}","2026-01-27T16:26:18.156764637Z","noCG_selfish","2026-01-27T16:26:18.156764637Z","{""PROLIFIC_PID"":""692d64a48c361f17b331521d"",""STUDY_ID"":""6976b36e15b09b93b6b74098"",""SESSION_ID"":""6978e706923bbbc7be78dda0""}","2026-01-27T16:26:18.423995786Z","{""plan"":""I'm going to try and guess that the other person will be trying to get as much MU as possible instead of having a strategy of a steady possible income.""}","2026-01-27T16:27:55.806321488Z","",""
"01KG02V3Q83NT5BWP677M5QK80","{""advice"":""Try to get the best outcome for yourself.""}","2026-01-27T16:01:20.757889155Z",129,"2026-01-27T16:06:54.236347003Z","","","game ended","2026-01-27T16:07:07.819440574Z",1,"2026-01-27T16:07:45.029370381Z","{""adviceFollowed"":"""",""partnerAdvice"":""to look out for collission"",""feedback"":""no problem""}","2026-01-27T16:07:45.028351694Z","01KG02K415VYVR25TPRZ2Y15B1","2026-01-27T16:02:07.325317238Z",3,"2026-01-27T16:01:20.757491522Z","true","2026-01-27T16:03:41.189815883Z","01KG02V2C5NT8Q18CNPMGJB8T3","2026-01-27T15:58:31.656465764Z","67d003721583987bf8bea421","2026-01-27T15:58:31.656465764Z","{""advice"":""Try to get the best outcome for yourself."",""adviceType"":""noCG"",""chatEnabled"":false,""numRounds"":13,""playerCount"":2}","2026-01-27T15:58:31.661159263Z","noCG_selfish","2026-01-27T15:58:31.661159263Z","{""PROLIFIC_PID"":""67d003721583987bf8bea421"",""STUDY_ID"":""6976b36e15b09b93b6b74098"",""SESSION_ID"":""6978e03b54e8b8bbf957b66c""}","2026-01-27T15:58:32.372946329Z","{""plan"":""to be equally with my partner avoid collision""}","2026-01-27T16:03:41.189320771Z","",""
"01KG02N686MWQT4YM8SV6CBXN2","{""advice"":""Try to get the best outcome for yourself.""}","2026-01-27T15:55:55.759516778Z",166,"2026-01-27T16:03:53.371902321Z","","","game ended","2026-01-27T16:04:04.297474056Z",1,"2026-01-27T16:04:43.336002687Z","{""adviceFollowed"":"""",""partnerAdvice"":""Try to obtain the most positive result to avoid a collision. "",""feedback"":""""}","2026-01-27T16:04:43.334584069Z","01KG02K0AM6S5WCTAHZB0MHTC7","2026-01-27T15:55:17.644980605Z",3,"2026-01-27T15:55:55.759844164Z","true","2026-01-27T15:56:29.930040825Z","01KG02N60BR5F6HBMJDT44XA8W","2026-01-27T15:55:17.638873902Z","5dd2c9f2c925a82e5167ef8b","2026-01-27T15:55:17.638873902Z","{""advice"":""Try to get the best outcome for yourself."",""adviceType"":""noCG"",""chatEnabled"":false,""numRounds"":13,""playerCount"":2}","2026-01-27T15:55:17.644980605Z","noCG_selfish","2026-01-27T15:55:17.644980605Z","{""PROLIFIC_PID"":""5dd2c9f2c925a82e5167ef8b"",""STUDY_ID"":""6976b36e15b09b93b6b74098"",""SESSION_ID"":""6978dfcc71f79f1f390ab4f5""}","2026-01-27T15:55:17.76553731Z","{""plan"":""Try to get the best spaces possible""}","2026-01-27T15:56:29.928853832Z","",""
"01KG02SDQKJ50G5EHV56TWA1NY","{""advice"":""Try to get the best outcome for yourself.""}","2026-01-27T15:59:17.793887586Z",161,"2026-01-27T16:05:44.731475606Z","","","game ended","2026-01-27T16:06:03.066110552Z",1,"2026-01-27T16:06:58.970644832Z","{""adviceFollowed"":"""",""partnerAdvice"":""Just go in there and hope for the best"",""feedback"":""The study sometimes takes time to load""}","2026-01-27T16:06:58.969488011Z","01KG02K3JX0WAJE45A0SPR7MQ0","2026-01-27T15:59:38.999074016Z",3,"2026-01-27T15:59:17.794222616Z","true","2026-01-27T16:00:06.587056882Z","01KG02SC0YK7YJSGECGN3DZWT3","2026-01-27T15:57:36.371463492Z","65e5d51b9a403c3bd5fe0b07","2026-01-27T15:57:36.371463492Z","{""advice"":""Try to get the best outcome for yourself."",""adviceType"":""noCG"",""chatEnabled"":false,""numRounds"":13,""playerCount"":2}","2026-01-27T15:57:36.376293228Z","noCG_selfish","2026-01-27T15:57:36.376293228Z","{""PROLIFIC_PID"":""65e5d51b9a403c3bd5fe0b07"",""STUDY_ID"":""6976b36e15b09b93b6b74098"",""SESSION_ID"":""6978e02fe9c64cf71b12e5b3""}","2026-01-27T15:57:37.024930181Z","{""plan"":""Here isto hoping that me and my partner coordinate very well""}","2026-01-27T16:00:06.586275696Z","",""
"01KG03HKFF2AR697D9MG4KMRRD","{""advice"":""Try to get the best outcome for yourself.""}","2026-01-27T16:11:41.507203159Z",206,"2026-01-27T16:19:47.789559311Z","","","game ended","2026-01-27T16:20:11.839848298Z",1,"2026-01-27T16:21:51.00450799Z","{""adviceFollowed"":"""",""partnerAdvice"":""Stay focus and improve performance "",""feedback"":""No""}","2026-01-27T16:21:51.006684556Z","01KG034GF5ST7FJ1TZW85VAA6P","2026-01-27T16:13:17.339679449Z",3,"2026-01-27T16:11:41.508390143Z","true","2026-01-27T16:13:44.486864843Z","01KG03HJ9N71GY4NYT5G3RSYJ4","2026-01-27T16:10:48.687700154Z","6671902d786a7b551e3fbeff","2026-01-27T16:10:48.687700154Z","{""advice"":""Try to get the best outcome for yourself."",""adviceType"":""noCG"",""chatEnabled"":false,""numRounds"":13,""playerCount"":2}","2026-01-27T16:10:48.692844113Z","noCG_selfish","2026-01-27T16:10:48.692844113Z","{""PROLIFIC_PID"":""6671902d786a7b551e3fbeff"",""STUDY_ID"":""6976b36e15b09b93b6b74098"",""SESSION_ID"":""6978e0434766f5e90e431442""}","2026-01-27T16:10:49.328189817Z","{""plan"":""I will park in sportscene and a earnings 19 + 10 = 29 MU regular earnings with the total of 29 + 10 = 39 MU including the bonus""}","2026-01-27T16:13:44.483480403Z","",""
"01KG03JH041CXKVZTAMPZXCFP0","{""advice"":""Try to get the best outcome for yourself.""}","2026-01-27T16:13:33.991745547Z",128,"2026-01-27T16:19:47.789559311Z","","","game ended","2026-01-27T16:20:11.839848298Z",1,"2026-01-27T16:20:51.705591988Z","{""adviceFollowed"":"""",""partnerAdvice"":""Was slowly "",""feedback"":""No""}","2026-01-27T16:20:51.707592194Z","01KG034GF5ST7FJ1TZW85VAA6P","2026-01-27T16:13:17.339679449Z",3,"2026-01-27T16:13:33.993312531Z","true","2026-01-27T16:14:05.825475649Z","01KG03JFWPJCYVYSZGDHZTP3FQ","2026-01-27T16:11:18.916554287Z","67d88c098969473416009f09","2026-01-27T16:11:18.916554287Z","{""advice"":""Try to get the best outcome for yourself."",""adviceType"":""noCG"",""chatEnabled"":false,""numRounds"":13,""playerCount"":2}","2026-01-27T16:11:18.921856836Z","noCG_selfish","2026-01-27T16:11:18.921856836Z","{""PROLIFIC_PID"":""67d88c098969473416009f09"",""STUDY_ID"":""6976b36e15b09b93b6b74098"",""SESSION_ID"":""6978e360e736280cf5fa47d7""}","2026-01-27T16:11:19.492357858Z","{""plan"":""To win the game ""}","2026-01-27T16:14:05.823695141Z","",""
"01KG0GRK88X41ANJDKXESNT7RS","{""advice"":""Try to get the best outcome for yourself.""}","2026-01-27T20:02:43.116536125Z",153,"2026-01-27T20:10:48.441404593Z","","","game ended","2026-01-27T20:10:56.079386264Z",1,"2026-01-27T20:11:13.618374295Z","{""adviceFollowed"":"""",""partnerAdvice"":""Same as me."",""feedback"":""""}","2026-01-27T20:11:13.610409011Z","01KG0GBDHZP1S541V6NXFSRGZP","2026-01-27T20:04:16.721569875Z",3,"2026-01-27T20:02:43.122231718Z","true","2026-01-27T20:04:42.40270343Z","01KG0GRJ7ABDN9EE5QCZF07DWA","2026-01-27T20:01:49.320491559Z","5ec14b142a92684125500c16","2026-01-27T20:01:49.320491559Z","{""advice"":""Try to get the best outcome for yourself."",""adviceType"":""noCG"",""chatEnabled"":false,""numRounds"":13,""playerCount"":2}","2026-01-27T20:01:49.330116801Z","noCG_selfish","2026-01-27T20:01:49.330116801Z","{""PROLIFIC_PID"":""5ec14b142a92684125500c16"",""STUDY_ID"":""6976b36e15b09b93b6b74098"",""SESSION_ID"":""697917eaad65541ce42a8a5b""}","2026-01-27T20:01:49.65388187Z","{""plan"":""I assume my partner will go for the C spot first, therefore I'll avoid it. I will also go from right to left, in case my partner starts from spot A, as probably most people would do.""}","2026-01-27T20:04:42.397256975Z",NA,NA
"01KG0EY10DTMBSW6FKFS39CZ3F","{""advice"":""Try to get the best outcome for yourself.""}","2026-01-27T19:34:03.166111303Z",37,"2026-01-27T19:38:43.523603556Z","","","game ended","2026-01-27T19:39:42.380458457Z",1,"2026-01-27T19:41:03.653862098Z","{""adviceFollowed"":"""",""partnerAdvice"":""Only choose your own best best and do not cooperate"",""feedback"":""My partner was a stubborn twerp.""}","2026-01-27T19:41:03.651325079Z","01KG0EFHYGM9PG6X1953BD4XSY","2026-01-27T19:34:56.26978707Z",3,"2026-01-27T19:34:03.173987288Z","true","2026-01-27T19:36:00.521826312Z","01KG0EY0T7P2BZXQQJ7QTDWSTJ","2026-01-27T19:29:50.093261063Z","651090beae417ded35c4ef2f","2026-01-27T19:29:50.093261063Z","{""advice"":""Try to get the best outcome for yourself."",""adviceType"":""noCG"",""chatEnabled"":false,""numRounds"":13,""playerCount"":2}","2026-01-27T19:29:50.097336784Z","noCG_selfish","2026-01-27T19:29:50.097336784Z","{""PROLIFIC_PID"":""651090beae417ded35c4ef2f"",""STUDY_ID"":""6976b36e15b09b93b6b74098"",""SESSION_ID"":""697912015d88a2b3d94cae8e""}","2026-01-27T19:29:50.210393107Z","{""plan"":""try to split colors and head for block C""}","2026-01-27T19:36:00.51986218Z",NA,NA
"01KG0FAWDSQQFMCDMAVHBX49J5","{""advice"":""Try to get the best outcome for yourself.""}","2026-01-27T19:37:31.027651211Z",136,"2026-01-27T19:39:59.740297637Z","","","game ended","2026-01-27T19:40:07.96648474Z",1,"2026-01-27T19:40:32.614456691Z","{""adviceFollowed"":"""",""partnerAdvice"":""Always choose the better one."",""feedback"":""""}","2026-01-27T19:40:32.612000702Z","01KG0EFJGNZ073HJSXY9M0CMSZ","2026-01-27T19:36:51.390942057Z",3,"2026-01-27T19:37:31.02952098Z","true","2026-01-27T19:38:05.661383567Z","01KG0FAVZNDYJ0BS7KGN10RZVJ","2026-01-27T19:36:51.385719407Z","60be79ff18b4720b3a1928cd","2026-01-27T19:36:51.385719407Z","{""advice"":""Try to get the best outcome for yourself."",""adviceType"":""noCG"",""chatEnabled"":false,""numRounds"":13,""playerCount"":2}","2026-01-27T19:36:51.390942057Z","noCG_selfish","2026-01-27T19:36:51.390942057Z","{""PROLIFIC_PID"":""60be79ff18b4720b3a1928cd"",""STUDY_ID"":""6976b36e15b09b93b6b74098"",""SESSION_ID"":""6979132a5cf9d09d7da9db1a""}","2026-01-27T19:36:51.630666242Z","{""plan"":""will always choose the same parking spot (C)""}","2026-01-27T19:38:05.659670955Z",NA,NA
"01KG0FBKT13QZ7WBHEME0GT2D0","{""advice"":""Try to get the best outcome for yourself.""}","2026-01-27T19:38:47.578832485Z",134,"2026-01-27T19:44:10.564517852Z","","","game ended","2026-01-27T19:44:28.974154821Z",1,"2026-01-27T19:45:15.615214762Z","{""adviceFollowed"":"""",""partnerAdvice"":""Get the highest parking spot"",""feedback"":""""}","2026-01-27T19:45:15.610857406Z","01KG0EGG8C9EBNQ529A9A9VGN2","2026-01-27T19:38:48.009894312Z",3,"2026-01-27T19:38:47.580859437Z","true","2026-01-27T19:39:29.320430976Z","01KG0FBJVB556S9C0Z8S12WF66","2026-01-27T19:37:15.329351727Z","5f67738a1aadce071e716263","2026-01-27T19:37:15.329351727Z","{""advice"":""Try to get the best outcome for yourself."",""adviceType"":""noCG"",""chatEnabled"":false,""numRounds"":13,""playerCount"":2}","2026-01-27T19:37:15.335709845Z","noCG_selfish","2026-01-27T19:37:15.335709845Z","{""PROLIFIC_PID"":""5f67738a1aadce071e716263"",""STUDY_ID"":""6976b36e15b09b93b6b74098"",""SESSION_ID"":""697913c5ed7e3f0f230192e0""}","2026-01-27T19:37:15.833153741Z","{""plan"":""Aim for the second highest parking spot ""}","2026-01-27T19:39:29.318113835Z",NA,NA
"01KG0FG41FXS681DZPNSNR58DQ","{""advice"":""Try to get the best outcome for yourself.""}","2026-01-27T19:41:51.099504393Z",219,"2026-01-27T19:44:52.919107888Z","","","game ended","2026-01-27T19:45:00.48860644Z",1,"2026-01-27T19:46:22.638140493Z","{""adviceFollowed"":"""",""partnerAdvice"":""I'm not sure but they played very co-operatively with me so maybe their advice was to try and play co-operatively based on what I chose first and based on my most frequently picked option which was B."",""feedback"":""""}","2026-01-27T19:46:22.633862383Z","01KG0EGHJVN0WCX7BHMR1Y9JN7","2026-01-27T19:41:52.725255057Z",3,"2026-01-27T19:41:51.096958027Z","true","2026-01-27T19:42:31.724597328Z","01KG0FG3K54PA5QT01E9MXTX61","2026-01-27T19:39:43.023427889Z","63e7a283b8c38ec5184a62f6","2026-01-27T19:39:43.023427889Z","{""advice"":""Try to get the best outcome for yourself."",""adviceType"":""noCG"",""chatEnabled"":false,""numRounds"":13,""playerCount"":2}","2026-01-27T19:39:43.02952494Z","noCG_selfish","2026-01-27T19:39:43.02952494Z","{""PROLIFIC_PID"":""63e7a283b8c38ec5184a62f6"",""STUDY_ID"":""6976b36e15b09b93b6b74098"",""SESSION_ID"":""6979145ca0e4bd6c0bf3ee7e""}","2026-01-27T19:39:43.307767792Z","{""plan"":""My game plan is to play modestly and hopefully my partner chooses to do the same, which in this example would be we both go with orange spaces.""}","2026-01-27T19:42:31.727483219Z",NA,NA
"01KG0GB13D81W5F0BZ4BNXQ8XD","{""advice"":""Try to get the best outcome for yourself.""}","2026-01-27T19:57:15.288210775Z",88,"2026-01-27T20:02:51.996352695Z","","","game ended","2026-01-27T20:03:44.861996492Z",1,"2026-01-27T20:06:27.690650899Z","{""adviceFollowed"":"""",""partnerAdvice"":""Help the other person out, or just rely on their greed - they will look out for themselves and choose the highest option. Make the most of it and choose D."",""feedback"":""After selecting my choice for the second round, it went to a plain white screen. There was no redirect and no button to do anything. Refreshing fixed it so I continued the study. Hopefully there are no issues with validation.""}","2026-01-27T20:06:27.684285577Z","01KG0FSRZ49FECYRF87D7EHWQ2","2026-01-27T19:57:01.786001739Z",3,"2026-01-27T19:57:15.293908197Z","true","2026-01-27T19:58:40.988632525Z","01KG0GB050KTCCM56VV7VM5YC6","2026-01-27T19:54:24.749900055Z","69728bcfd6bfbb4cc42f3f3a","2026-01-27T19:54:24.749900055Z","{""advice"":""Try to get the best outcome for yourself."",""adviceType"":""noCG"",""chatEnabled"":false,""numRounds"":13,""playerCount"":2}","2026-01-27T19:54:24.760676871Z","noCG_selfish","2026-01-27T19:54:24.760676871Z","{""PROLIFIC_PID"":""69728bcfd6bfbb4cc42f3f3a"",""STUDY_ID"":""6976b36e15b09b93b6b74098"",""SESSION_ID"":""69791748c52e82a59d2c97ae""}","2026-01-27T19:54:25.276680273Z","{""plan"":""We both need to be on the same colour, in different spots. Yellow gives equal payment to both of us, so would be fairest. ""}","2026-01-27T19:58:40.983027953Z",NA,NA
"01KG0F4W161KPVYV414ZERHN3D","{""advice"":""Try to get the best outcome for yourself.""}","2026-01-27T19:36:17.808655924Z",189,"2026-01-27T19:42:10.63979793Z","","","game ended","2026-01-27T19:42:20.537565494Z",1,"2026-01-27T19:44:36.619120537Z","{""adviceFollowed"":"""",""partnerAdvice"":""To try to gain as many MUs as possible"",""feedback"":""""}","2026-01-27T19:44:36.616246287Z","01KG0EGFTMXB9EAF0AVTM2CDWX","2026-01-27T19:38:05.673460894Z",3,"2026-01-27T19:36:17.81026972Z","true","2026-01-27T19:38:08.352365618Z","01KG0F4VG1QHKGQV312N155P28","2026-01-27T19:33:34.374408451Z","5dc18d07b98b120f0666da6f","2026-01-27T19:33:34.374408451Z","{""advice"":""Try to get the best outcome for yourself."",""adviceType"":""noCG"",""chatEnabled"":false,""numRounds"":13,""playerCount"":2}","2026-01-27T19:33:34.37884702Z","noCG_selfish","2026-01-27T19:33:34.37884702Z","{""PROLIFIC_PID"":""5dc18d07b98b120f0666da6f"",""STUDY_ID"":""6976b36e15b09b93b6b74098"",""SESSION_ID"":""6979124443754513bba1cae8""}","2026-01-27T19:33:34.717463084Z","{""plan"":""Try to get the best possible outcome""}","2026-01-27T19:38:08.354335689Z",NA,NA
"01KG0FKG73WKSMMYAVZ25V7M96","{""advice"":""Try to get the best outcome for yourself.""}","2026-01-27T19:43:26.940801907Z",188,"2026-01-27T19:45:46.106487222Z","","","game ended","2026-01-27T19:45:54.072866795Z",1,"2026-01-27T19:46:57.073405666Z","{""adviceFollowed"":"""",""partnerAdvice"":""To try to pick different colour from me. I guess?"",""feedback"":""It was straightforward and easy to understand. I wish it was something to do more with mind-games ""}","2026-01-27T19:46:57.078911609Z","01KG0EGJED17V80726K3S4Y8Q1","2026-01-27T19:43:36.408766841Z",3,"2026-01-27T19:43:26.943570524Z","true","2026-01-27T19:43:54.292054071Z","01KG0FKFP87CX8E55CVPJF471P","2026-01-27T19:41:33.795094379Z","6061f6b862462275f4936388","2026-01-27T19:41:33.795094379Z","{""advice"":""Try to get the best outcome for yourself."",""adviceType"":""noCG"",""chatEnabled"":false,""numRounds"":13,""playerCount"":2}","2026-01-27T19:41:33.803492183Z","noCG_selfish","2026-01-27T19:41:33.803492183Z","{""PROLIFIC_PID"":""6061f6b862462275f4936388"",""STUDY_ID"":""6976b36e15b09b93b6b74098"",""SESSION_ID"":""697914be58f3f1897f035c96""}","2026-01-27T19:41:34.084486667Z","{""plan"":""I would like to get us both on kind of equal ground. I hope my teammate is going to think the same ""}","2026-01-27T19:43:54.288805818Z",NA,NA
"01KG0FWA6AYNH8FJ0TC96ZBSQ5","{""advice"":""Try to get the best outcome for yourself.""}","2026-01-27T19:49:19.612185525Z",163,"2026-01-27T19:56:09.014271235Z","","","game ended","2026-01-27T19:56:22.999243324Z",1,"2026-01-27T19:57:00.214015567Z","{""adviceFollowed"":"""",""partnerAdvice"":""I think partner received the same advice as me."",""feedback"":""""}","2026-01-27T19:57:00.208410791Z","01KG0FSRR7DBMJNVTBT0RD4V2V","2026-01-27T19:49:49.445141072Z",3,"2026-01-27T19:49:19.672452467Z","true","2026-01-27T19:50:09.604224686Z","01KG0FW9X59ZWJWBW5FDWAQKQD","2026-01-27T19:46:22.538530846Z","6584589847e4652b2516d4b3","2026-01-27T19:46:22.538530846Z","{""advice"":""Try to get the best outcome for yourself."",""adviceType"":""noCG"",""chatEnabled"":false,""numRounds"":13,""playerCount"":2}","2026-01-27T19:46:22.550408749Z","noCG_selfish","2026-01-27T19:46:22.550408749Z","{""PROLIFIC_PID"":""6584589847e4652b2516d4b3"",""STUDY_ID"":""6976b36e15b09b93b6b74098"",""SESSION_ID"":""697915511c4699b617671823""}","2026-01-27T19:46:22.697302502Z","{""plan"":""always pick C and let partner learn my pattern after a few trials""}","2026-01-27T19:50:09.599013547Z",NA,NA
"01KG0F15VYYN3C50W6PGZKCGCC","{""advice"":""Try to get the best outcome for yourself.""}","2026-01-27T19:33:21.588443439Z",146,"2026-01-27T19:37:06.479306844Z","","","game ended","2026-01-27T19:37:26.251534107Z",1,"2026-01-27T19:38:25.045547502Z","{""adviceFollowed"":"""",""partnerAdvice"":""to maximize the possible earning "",""feedback"":""""}","2026-01-27T19:38:25.043333871Z","01KG0EFHQP8YD8GWXRPHFJY93S","2026-01-27T19:33:48.946461183Z",3,"2026-01-27T19:33:21.589383811Z","true","2026-01-27T19:34:24.665111485Z","01KG0F15C8E5Q5A2XFS50ZHFVC","2026-01-27T19:31:33.37470609Z","5c0004fc4210510001725547","2026-01-27T19:31:33.37470609Z","{""advice"":""Try to get the best outcome for yourself."",""adviceType"":""noCG"",""chatEnabled"":false,""numRounds"":13,""playerCount"":2}","2026-01-27T19:31:33.379169149Z","noCG_selfish","2026-01-27T19:31:33.379169149Z","{""PROLIFIC_PID"":""5c0004fc4210510001725547"",""STUDY_ID"":""6976b36e15b09b93b6b74098"",""SESSION_ID"":""697912799547b581847f83dd""}","2026-01-27T19:31:33.631687323Z","{""plan"":""parking in different spots to maximize the bonus""}","2026-01-27T19:34:24.664216093Z",NA,NA
"01KG0G6RZ2CS9YZ2NC3G9ZW48D","{""advice"":""Try to get the best outcome for yourself.""}","2026-01-27T19:53:15.843486751Z",185,"2026-01-27T19:56:02.776641174Z","","","game ended","2026-01-27T19:56:14.906157502Z",1,"2026-01-27T19:56:46.611179089Z","{""adviceFollowed"":"""",""partnerAdvice"":""To look out for themselves as they kept going for C also for a while"",""feedback"":""""}","2026-01-27T19:56:46.616518377Z","01KG0FSR4HXAGN374M1AS5N9J3","2026-01-27T19:52:05.355889311Z",3,"2026-01-27T19:53:15.848049743Z","true","2026-01-27T19:54:09.121907927Z","01KG0G6RD39ZXJP0MQ779TQTNA","2026-01-27T19:52:05.346027231Z","6772eff8639aab095a935a05","2026-01-27T19:52:05.346027231Z","{""advice"":""Try to get the best outcome for yourself."",""adviceType"":""noCG"",""chatEnabled"":false,""numRounds"":13,""playerCount"":2}","2026-01-27T19:52:05.355889311Z","noCG_selfish","2026-01-27T19:52:05.355889311Z","{""PROLIFIC_PID"":""6772eff8639aab095a935a05"",""STUDY_ID"":""6976b36e15b09b93b6b74098"",""SESSION_ID"":""697917435910551e6981ff6a""}","2026-01-27T19:52:05.681586764Z","{""plan"":""It looks like we will earn the most in the purple spots so I will keep going C until my partner gets it and keeps going D""}","2026-01-27T19:54:09.117372196Z",NA,NA
"01KG0EZHDQJNGR0PAPYBN866Z4","{""advice"":""Try to get the best outcome for yourself.""}","2026-01-27T19:32:24.417696407Z",250,"2026-01-27T19:35:34.184591405Z","","","game ended","2026-01-27T19:35:41.388674591Z",1,"2026-01-27T19:36:20.976016217Z","{""adviceFollowed"":"""",""partnerAdvice"":""They received advice to work with their partner to find the most beneficial outcome for both parties. "",""feedback"":""Very interesting game! Thanks for letting me be a part of this experiment.""}","2026-01-27T19:36:20.958745393Z","01KG0EFH510F6Y288MFBB6DQRX","2026-01-27T19:32:32.627743236Z",3,"2026-01-27T19:32:24.429938646Z","true","2026-01-27T19:33:29.296651638Z","01KG0EZH8RPYFH90G3250DSCWD","2026-01-27T19:30:39.67133014Z","691c9fe1c722dece45e6d6c9","2026-01-27T19:30:39.67133014Z","{""advice"":""Try to get the best outcome for yourself."",""adviceType"":""noCG"",""chatEnabled"":false,""numRounds"":13,""playerCount"":2}","2026-01-27T19:30:39.676348177Z","noCG_selfish","2026-01-27T19:30:39.676348177Z","{""PROLIFIC_PID"":""691c9fe1c722dece45e6d6c9"",""STUDY_ID"":""6976b36e15b09b93b6b74098"",""SESSION_ID"":""6979122854d2a114710a3822""}","2026-01-27T19:30:39.771614084Z","{""plan"":""I will see if I can establish some kind of pattern with my partner where they choose certain options and I choose others to limit our probability of crashing. I think the best option is often to park in different spots with the same color. I want to succeed, but I also want them to succeed.""}","2026-01-27T19:33:29.288015762Z",NA,NA
"01KG0F0961WKG4DSWRZYSPFHFF","{""advice"":""Try to get the best outcome for yourself.""}","2026-01-27T19:33:37.349852895Z",212,"2026-01-27T19:37:06.479306844Z","","","game ended","2026-01-27T19:37:26.251534107Z",1,"2026-01-27T19:38:46.373449162Z","{""adviceFollowed"":"""",""partnerAdvice"":""to just click on random buttons over and over again and not attempt to coordinate with the other player in any way."",""feedback"":""no issues""}","2026-01-27T19:38:46.375387129Z","01KG0EFHQP8YD8GWXRPHFJY93S","2026-01-27T19:33:48.946461183Z",3,"2026-01-27T19:33:37.359813796Z","true","2026-01-27T19:34:56.25873469Z","01KG0F08X879D2A53YJ5N71CNP","2026-01-27T19:31:04.002001114Z","650b03136ab3d4c832d98b71","2026-01-27T19:31:04.002001114Z","{""advice"":""Try to get the best outcome for yourself."",""adviceType"":""noCG"",""chatEnabled"":false,""numRounds"":13,""playerCount"":2}","2026-01-27T19:31:04.005877033Z","noCG_selfish","2026-01-27T19:31:04.005877033Z","{""PROLIFIC_PID"":""650b03136ab3d4c832d98b71"",""STUDY_ID"":""6976b36e15b09b93b6b74098"",""SESSION_ID"":""697912601f8833073f32c3ed""}","2026-01-27T19:31:04.19423098Z","{""plan"":""I plan to go for spot B and hope my partner goes for A and we both get the same amount of points and bonus.""}","2026-01-27T19:34:56.260707097Z",NA,NA
"01KG0FE9ACQSH4QKXY0Q0WB1VC","{""advice"":""Try to get the best outcome for yourself.""}","2026-01-27T19:40:00.095735613Z",347,"2026-01-27T19:44:04.715755352Z","","","game ended","2026-01-27T19:44:15.027486983Z",1,"2026-01-27T19:45:06.593369167Z","{""adviceFollowed"":"""",""partnerAdvice"":""I think he received advice to always park in the spots that I wasn't choosing consistently (C)."",""feedback"":""""}","2026-01-27T19:45:06.597689383Z","01KG0EGGPZEK1Q55WGS3P0EKSY","2026-01-27T19:39:29.331895855Z",3,"2026-01-27T19:40:00.093320137Z","true","2026-01-27T19:40:50.93910532Z","01KG0FE7EMTY5C9CQHR5665J5A","2026-01-27T19:38:42.892530759Z","66bb5dee5de179e79cd81a74","2026-01-27T19:38:42.892530759Z","{""advice"":""Try to get the best outcome for yourself."",""adviceType"":""noCG"",""chatEnabled"":false,""numRounds"":13,""playerCount"":2}","2026-01-27T19:38:42.898461616Z","noCG_selfish","2026-01-27T19:38:42.898461616Z","{""PROLIFIC_PID"":""66bb5dee5de179e79cd81a74"",""STUDY_ID"":""6976b36e15b09b93b6b74098"",""SESSION_ID"":""697913cc27d57906aeafb184""}","2026-01-27T19:38:43.530074956Z","{""plan"":""I will try to park in the spots with the most possible earnings with bonus, so I can maximize my gains.""}","2026-01-27T19:40:50.936471783Z",NA,NA
"01KG0H2WJ8FMS9D24E5NYFGR5C","{""advice"":""Try to get the best outcome for yourself.""}","2026-01-27T20:08:29.540386642Z",194,"2026-01-27T20:11:37.732425483Z","","","game ended","2026-01-27T20:11:50.252677149Z",1,"2026-01-27T20:12:34.914882357Z","{""adviceFollowed"":"""",""partnerAdvice"":""pick the best spot for yourself "",""feedback"":""thank you for this study, it was fun, have a nice day""}","2026-01-27T20:12:34.905581964Z","01KG0GBDVRJEASFEDKMVGJ42H6","2026-01-27T20:08:44.574396991Z",3,"2026-01-27T20:08:29.555822593Z","true","2026-01-27T20:09:12.097237797Z","01KG0H2W1AHZ9VC2QNKHTC7TEZ","2026-01-27T20:07:26.536101652Z","6554d9f36f83a444164af6cb","2026-01-27T20:07:26.536101652Z","{""advice"":""Try to get the best outcome for yourself."",""adviceType"":""noCG"",""chatEnabled"":false,""numRounds"":13,""playerCount"":2}","2026-01-27T20:07:26.550436306Z","noCG_selfish","2026-01-27T20:07:26.550436306Z","{""PROLIFIC_PID"":""6554d9f36f83a444164af6cb"",""STUDY_ID"":""6976b36e15b09b93b6b74098"",""SESSION_ID"":""69791ab421f92719412cf5ab""}","2026-01-27T20:07:26.828208041Z","{""plan"":""try and go with the highest earning spot for the first round and see what my partner does for the others""}","2026-01-27T20:09:12.090002469Z",NA,NA
"01KG0G63B7VHMAT3R2352NVGPF","{""advice"":""Try to get the best outcome for yourself.""}","2026-01-27T19:53:32.376190519Z",143,"2026-01-27T19:56:02.776641174Z","","","game ended","2026-01-27T19:56:14.906157502Z",1,"2026-01-27T19:56:56.726119695Z","{""adviceFollowed"":"""",""partnerAdvice"":""To try to get the best outcome."",""feedback"":""When entering the number for how many MU I received I tried entering 10 but it registered as 0""}","2026-01-27T19:56:56.72070895Z","01KG0FSR4HXAGN374M1AS5N9J3","2026-01-27T19:51:43.217657613Z",3,"2026-01-27T19:53:32.371717941Z","true","2026-01-27T19:54:15.180290955Z","01KG0G631W4M3HA9ZQTQRPSD7C","2026-01-27T19:51:43.207863102Z","66231fc6e1ecba676935943a","2026-01-27T19:51:43.207863102Z","{""advice"":""Try to get the best outcome for yourself."",""adviceType"":""noCG"",""chatEnabled"":false,""numRounds"":13,""playerCount"":2}","2026-01-27T19:51:43.217657613Z","noCG_selfish","2026-01-27T19:51:43.217657613Z","{""PROLIFIC_PID"":""66231fc6e1ecba676935943a"",""STUDY_ID"":""6976b36e15b09b93b6b74098"",""SESSION_ID"":""6979173fd018e590532eecf6""}","2026-01-27T19:51:43.384239414Z","{""plan"":""I will go for C to try to get the highest earnings.""}","2026-01-27T19:54:15.183849422Z",NA,NA
"01KG0ETGNH5NPPGS2V7FFFW15V","{""advice"":""Try to get the best outcome for yourself.""}","2026-01-27T19:29:49.177268255Z",130,"2026-01-27T19:34:31.135773385Z","","","game ended","2026-01-27T19:34:46.420887335Z",1,"2026-01-27T19:35:08.496346869Z","{""adviceFollowed"":"""",""partnerAdvice"":""I think he was aiming to maximize his own gains"",""feedback"":""""}","2026-01-27T19:35:08.494822791Z","01KG0EFG9RXS709H821K0BYM0B","2026-01-27T19:28:30.71151088Z",3,"2026-01-27T19:29:49.177622679Z","true","2026-01-27T19:30:42.205257283Z","01KG0ETG7V344SZ85AD90GRPFT","2026-01-27T19:27:55.057535047Z","611bfbd4af7fa6a01a106813","2026-01-27T19:27:55.057535047Z","{""advice"":""Try to get the best outcome for yourself."",""adviceType"":""noCG"",""chatEnabled"":false,""numRounds"":13,""playerCount"":2}","2026-01-27T19:27:55.062729344Z","noCG_selfish","2026-01-27T19:27:55.062729344Z","{""PROLIFIC_PID"":""611bfbd4af7fa6a01a106813"",""STUDY_ID"":""6976b36e15b09b93b6b74098"",""SESSION_ID"":""697911a8829eb6e214549524""}","2026-01-27T19:27:55.287208184Z","{""plan"":""I will ignore the advice given to me earlier and try to gameplan for the best team outcome. My hope is that my partner will see this and adopt the same strategy, and we will begin to coordinate effectively.""}","2026-01-27T19:30:42.204829457Z",NA,NA
"01KG0F20QCHXZQ0ZZ1W581XMJB","{""advice"":""Try to get the best outcome for yourself.""}","2026-01-27T19:33:14.707282984Z",247,"2026-01-27T19:35:34.184591405Z","","","game ended","2026-01-27T19:35:41.388674591Z",1,"2026-01-27T19:36:13.504276298Z","{""adviceFollowed"":"""",""partnerAdvice"":""Choose one of the orange squares and stick to it. Hope that your partner will cooperate."",""feedback"":""""}","2026-01-27T19:36:13.5018747Z","01KG0EFH510F6Y288MFBB6DQRX","2026-01-27T19:32:32.627743236Z",3,"2026-01-27T19:33:14.708224085Z","true","2026-01-27T19:33:33.10426327Z","01KG0F20K88F9PA8VNJCN42351","2026-01-27T19:32:00.876420471Z","696003f9b6ac164d5a0e51f9","2026-01-27T19:32:00.876420471Z","{""advice"":""Try to get the best outcome for yourself."",""adviceType"":""noCG"",""chatEnabled"":false,""numRounds"":13,""playerCount"":2}","2026-01-27T19:32:00.880663447Z","noCG_selfish","2026-01-27T19:32:00.880663447Z","{""PROLIFIC_PID"":""696003f9b6ac164d5a0e51f9"",""STUDY_ID"":""6976b36e15b09b93b6b74098"",""SESSION_ID"":""6979129718074a5bf6f70a8a""}","2026-01-27T19:32:00.959377209Z","{""plan"":""I will try to anticipate what my partner made choose and go off of that""}","2026-01-27T19:33:33.103104073Z",NA,NA
"01KG0GABNF2E5PDJ3XD5N9WFC9","{""advice"":""Try to get the best outcome for yourself.""}","2026-01-27T19:55:49.394942486Z",55,"2026-01-27T20:02:51.996352695Z","","","game ended","2026-01-27T20:03:44.861996492Z",1,"2026-01-27T20:04:57.697097558Z","{""adviceFollowed"":"""",""partnerAdvice"":""I think their advice was similar to my strategy avoid collisions and go for colored parking spots"",""feedback"":""""}","2026-01-27T20:04:57.690764261Z","01KG0FSRZ49FECYRF87D7EHWQ2","2026-01-27T19:57:01.786001739Z",3,"2026-01-27T19:55:49.40014791Z","true","2026-01-27T19:58:21.511098884Z","01KG0GAB677Q5SX1PQAZDV9RAK","2026-01-27T19:54:02.799800013Z","66597efb84cb793eeaa06ef8","2026-01-27T19:54:02.799800013Z","{""advice"":""Try to get the best outcome for yourself."",""adviceType"":""noCG"",""chatEnabled"":false,""numRounds"":13,""playerCount"":2}","2026-01-27T19:54:02.809985312Z","noCG_selfish","2026-01-27T19:54:02.809985312Z","{""PROLIFIC_PID"":""66597efb84cb793eeaa06ef8"",""STUDY_ID"":""6976b36e15b09b93b6b74098"",""SESSION_ID"":""697916d3a519beaa1d87f206""}","2026-01-27T19:54:03.057304826Z","{""plan"":""Aim to park in different spots as this will provide bonus""}","2026-01-27T19:58:21.505503342Z",NA,NA
"01KG0GC8FSDTW3QS0YJZVTHQQW","{""advice"":""Try to get the best outcome for yourself.""}","2026-01-27T19:56:15.964391792Z",108,"2026-01-27T19:59:46.838488263Z","","","game ended","2026-01-27T20:00:01.724138673Z",1,"2026-01-27T20:00:33.987330681Z","{""adviceFollowed"":"""",""partnerAdvice"":""Choose the higher bonus"",""feedback"":""""}","2026-01-27T20:00:33.981362855Z","01KG0FSRAF37S2RFVF8X440S2N","2026-01-27T19:55:05.091392824Z",3,"2026-01-27T19:56:15.969739218Z","true","2026-01-27T19:57:01.768168621Z","01KG0GC80YK0JBV1EJWYJRZBWH","2026-01-27T19:55:05.081078401Z","5bc5ebe82885710001a0a0c8","2026-01-27T19:55:05.081078401Z","{""advice"":""Try to get the best outcome for yourself."",""adviceType"":""noCG"",""chatEnabled"":false,""numRounds"":13,""playerCount"":2}","2026-01-27T19:55:05.091392824Z","noCG_selfish","2026-01-27T19:55:05.091392824Z","{""PROLIFIC_PID"":""5bc5ebe82885710001a0a0c8"",""STUDY_ID"":""6976b36e15b09b93b6b74098"",""SESSION_ID"":""697917cc7280a18ef2cb8609""}","2026-01-27T19:55:05.33711976Z","{""plan"":""I will park only in A , B or C""}","2026-01-27T19:57:01.773365487Z",NA,NA
"01KG0EPER6VV2ACNAXPXR0WF9S","{""advice"":""Try to get the best outcome for yourself.""}","2026-01-27T19:27:08.821435787Z",93,"2026-01-27T19:30:56.336949696Z","","","game ended","2026-01-27T19:31:12.727658981Z",1,"2026-01-27T19:31:40.273467905Z","{""adviceFollowed"":"""",""partnerAdvice"":""try to do what''s best for you and not your partner"",""feedback"":""no""}","2026-01-27T19:31:40.268399354Z","01KG0EFF5ZK0H6TN0SEC028EP7","2026-01-27T19:25:42.027498111Z",3,"2026-01-27T19:27:08.822464181Z","true","2026-01-27T19:27:36.373050649Z","01KG0EPEKSH9YGV75XDG71Y0TK","2026-01-27T19:25:42.022657435Z","67edf0b51b5bd671db6a9372","2026-01-27T19:25:42.022657435Z","{""advice"":""Try to get the best outcome for yourself."",""adviceType"":""noCG"",""chatEnabled"":false,""numRounds"":13,""playerCount"":2}","2026-01-27T19:25:42.027498111Z","noCG_selfish","2026-01-27T19:25:42.027498111Z","{""PROLIFIC_PID"":""67edf0b51b5bd671db6a9372"",""STUDY_ID"":""6976b36e15b09b93b6b74098"",""SESSION_ID"":""6979111ea41bb5a6211be496""}","2026-01-27T19:25:42.138841638Z","{""plan"":""trying to maximize both me and my partner's outcome""}","2026-01-27T19:27:36.372716557Z",NA,NA
"01KG0EZFTNGYQ044WFC36KSMD3","{""advice"":""Try to get the best outcome for yourself.""}","2026-01-27T19:32:00.699537127Z",260,"2026-01-27T19:35:42.676122823Z","","","game ended","2026-01-27T19:35:51.497681627Z",1,"2026-01-27T19:36:15.904667319Z","{""adviceFollowed"":"""",""partnerAdvice"":""To keep changing their selection. "",""feedback"":""""}","2026-01-27T19:36:15.903034898Z","01KG0EFGYA756P3RP1XW89TSRY","2026-01-27T19:31:09.418207105Z",3,"2026-01-27T19:32:00.705672776Z","true","2026-01-27T19:32:32.616846455Z","01KG0EZFKCWY8HZGBPYVHTF30W","2026-01-27T19:30:38.037865657Z","5e306c4316d4ec06c0287a80","2026-01-27T19:30:38.037865657Z","{""advice"":""Try to get the best outcome for yourself."",""adviceType"":""noCG"",""chatEnabled"":false,""numRounds"":13,""playerCount"":2}","2026-01-27T19:30:38.043944761Z","noCG_selfish","2026-01-27T19:30:38.043944761Z","{""PROLIFIC_PID"":""5e306c4316d4ec06c0287a80"",""STUDY_ID"":""6976b36e15b09b93b6b74098"",""SESSION_ID"":""69791242dbfa0d775621e745""}","2026-01-27T19:30:38.207860667Z","{""plan"":""I am planning on parking in the same spot every time hoping the other play figures that out. ""}","2026-01-27T19:32:32.617826368Z",NA,NA
"01KG0FERGQPTTW0BH1507ESQ7P","{""advice"":""Try to get the best outcome for yourself.""}","2026-01-27T19:42:59.572514203Z",207,"2026-01-27T19:48:15.230769461Z","","","game ended","2026-01-27T19:48:27.008953909Z",1,"2026-01-27T19:49:14.89980288Z","{""adviceFollowed"":"""",""partnerAdvice"":""Pick the best option to pay out more"",""feedback"":""no i think it was all good""}","2026-01-27T19:49:14.889994379Z","01KG0EGJWVX3RSQWDRHRASS17C","2026-01-27T19:43:57.469650864Z",3,"2026-01-27T19:42:59.687983231Z","true","2026-01-27T19:44:07.971461266Z","01KG0FER028NFN84S85XFXZAPW","2026-01-27T19:38:58.455696372Z","5b2bcfb51835660001cc6751","2026-01-27T19:38:58.455696372Z","{""advice"":""Try to get the best outcome for yourself."",""adviceType"":""noCG"",""chatEnabled"":false,""numRounds"":13,""playerCount"":2}","2026-01-27T19:38:58.462170074Z","noCG_selfish","2026-01-27T19:38:58.462170074Z","{""PROLIFIC_PID"":""5b2bcfb51835660001cc6751"",""STUDY_ID"":""6976b36e15b09b93b6b74098"",""SESSION_ID"":""697913b967a6e6e0ca4803b6""}","2026-01-27T19:38:58.882731422Z","{""plan"":""I will try and go for the second best option of B and see if that works \n""}","2026-01-27T19:44:07.855502793Z",NA,NA
"01KG0FF2PFDX8FCXDFM634AJM2","{""advice"":""Try to get the best outcome for yourself.""}","2026-01-27T19:41:34.799894478Z",240,"2026-01-27T19:45:48.093111791Z","","","game ended","2026-01-27T19:45:56.509290079Z",1,"2026-01-27T19:46:38.056270083Z","{""adviceFollowed"":"""",""partnerAdvice"":""Mine was useless, I would hope his was something more specific."",""feedback"":""""}","2026-01-27T19:46:38.052506736Z","01KG0EGJ074E4JT2393Y4Y2Z5Z","2026-01-27T19:42:31.744457253Z",3,"2026-01-27T19:41:34.802679601Z","true","2026-01-27T19:42:45.50244142Z","01KG0FF27NNZFWAEZXYC7XTH59","2026-01-27T19:39:08.879397315Z","5dceec6957069f03f4e012a2","2026-01-27T19:39:08.879397315Z","{""advice"":""Try to get the best outcome for yourself."",""adviceType"":""noCG"",""chatEnabled"":false,""numRounds"":13,""playerCount"":2}","2026-01-27T19:39:08.88558295Z","noCG_selfish","2026-01-27T19:39:08.88558295Z","{""PROLIFIC_PID"":""5dceec6957069f03f4e012a2"",""STUDY_ID"":""6976b36e15b09b93b6b74098"",""SESSION_ID"":""697914413266bc93c938de38""}","2026-01-27T19:39:09.133605684Z","{""plan"":""A or B, I think. C gives the greatest payoff, so I think you also get the greatest risk of 'colliding' with your partner on that one. And D pays the least. ""}","2026-01-27T19:42:45.505421077Z",NA,NA
"01KG0FK32D5VBW2VBPEW00SEMM","{""advice"":""Try to get the best outcome for yourself.""}","2026-01-27T19:43:25.976470144Z",357,"2026-01-27T19:48:15.230769461Z","","","game ended","2026-01-27T19:48:27.008953909Z",1,"2026-01-27T19:49:09.542027186Z","{""adviceFollowed"":"""",""partnerAdvice"":""Try to gain the pair bonus every round and don't double park. "",""feedback"":""After 1st round whole screen went white, I refreshed page and it fixed it and resumed.""}","2026-01-27T19:49:09.546388231Z","01KG0EGJWVX3RSQWDRHRASS17C","2026-01-27T19:43:57.469650864Z",3,"2026-01-27T19:43:25.979316515Z","true","2026-01-27T19:44:45.704600389Z","01KG0FK2KJDKNRQFHS91M4AM0R","2026-01-27T19:41:20.333832618Z","63468b4dc2726a47dac86511","2026-01-27T19:41:20.333832618Z","{""advice"":""Try to get the best outcome for yourself."",""adviceType"":""noCG"",""chatEnabled"":false,""numRounds"":13,""playerCount"":2}","2026-01-27T19:41:20.338868322Z","noCG_selfish","2026-01-27T19:41:20.338868322Z","{""PROLIFIC_PID"":""63468b4dc2726a47dac86511"",""STUDY_ID"":""6976b36e15b09b93b6b74098"",""SESSION_ID"":""6979137f351f06e334c5dc29""}","2026-01-27T19:41:20.583345245Z","{""plan"":""I will park in C most of the time for the highest possibly earnings. If I see my partner keeps picking C as well, I will start going to B and A. ""}","2026-01-27T19:44:45.698398805Z",NA,NA
"01KG0ERVKPRFJ5WB89NCETEJQG","{""advice"":""Try to get the best outcome for yourself.""}","2026-01-27T19:30:32.706155581Z",259,"2026-01-27T19:32:51.085956967Z","","","game ended","2026-01-27T19:32:58.333005222Z",1,"2026-01-27T19:33:16.778646071Z","{""adviceFollowed"":"""",""partnerAdvice"":""Stick to the same answer every time"",""feedback"":""""}","2026-01-27T19:33:16.772075802Z","01KG0EFGQ6JR9TEDW0C4YZR0DF","2026-01-27T19:30:51.564346865Z",3,"2026-01-27T19:30:32.70511627Z","true","2026-01-27T19:30:59.252268931Z","01KG0ERV57PJXSHA6TCB5F965C","2026-01-27T19:27:00.726970298Z","6942b061070a2e870db24393","2026-01-27T19:27:00.726970298Z","{""advice"":""Try to get the best outcome for yourself."",""adviceType"":""noCG"",""chatEnabled"":false,""numRounds"":13,""playerCount"":2}","2026-01-27T19:27:00.731621244Z","noCG_selfish","2026-01-27T19:27:00.731621244Z","{""PROLIFIC_PID"":""6942b061070a2e870db24393"",""STUDY_ID"":""6976b36e15b09b93b6b74098"",""SESSION_ID"":""69791158a0697adf6dd9bbfc""}","2026-01-27T19:27:00.852007622Z","{""plan"":""My game plan is to follow the advice explicitly until it does not work and try to assess from there""}","2026-01-27T19:30:59.252952889Z",NA,NA
"01KG0F51S0ATPHKSD7PNT8QFRN","{""advice"":""Try to get the best outcome for yourself.""}","2026-01-27T19:37:46.135473048Z",200,"2026-01-27T19:44:04.715755352Z","","","game ended","2026-01-27T19:44:15.027486983Z",1,"2026-01-27T19:46:00.178638718Z","{""adviceFollowed"":"""",""partnerAdvice"":""I think they were told to choose the best outcome for themselves (which I also received). But I chose not to follow it because I knew there would be problems between me and them if I did."",""feedback"":""I really enjoyed this study :)""}","2026-01-27T19:46:00.148306013Z","01KG0EGGPZEK1Q55WGS3P0EKSY","2026-01-27T19:39:29.331895855Z",3,"2026-01-27T19:37:46.168586993Z","true","2026-01-27T19:40:01.730108266Z","01KG0F51N3E8QMEQQ53GMKCHR3","2026-01-27T19:33:40.256235233Z","666a11d046107a56965a98f5","2026-01-27T19:33:40.256235233Z","{""advice"":""Try to get the best outcome for yourself."",""adviceType"":""noCG"",""chatEnabled"":false,""numRounds"":13,""playerCount"":2}","2026-01-27T19:33:40.261520731Z","noCG_selfish","2026-01-27T19:33:40.261520731Z","{""PROLIFIC_PID"":""666a11d046107a56965a98f5"",""STUDY_ID"":""6976b36e15b09b93b6b74098"",""SESSION_ID"":""697912b2d955dec6e756bd77""}","2026-01-27T19:33:40.337635027Z","{""plan"":""My gameplan is to avoid a collision and thus try to not be selfish, otherwise I can guarantee we will both go for the same parking spot""}","2026-01-27T19:40:01.733580859Z",NA,NA
"01KG0H3EF15XN6RKW12BJ8SQEZ","{""advice"":""Try to get the best outcome for yourself.""}","2026-01-27T20:09:26.172772031Z",149,"2026-01-27T20:12:01.868361859Z","","","game ended","2026-01-27T20:12:09.269500345Z",1,"2026-01-27T20:12:41.106120546Z","{""adviceFollowed"":"""",""partnerAdvice"":""Probably the same as me, to maximize my own gains"",""feedback"":""No""}","2026-01-27T20:12:41.096133799Z","01KG0H3X9S8ZR8HTJY0HSJCWW9","2026-01-27T20:09:12.114039991Z",3,"2026-01-27T20:09:26.165670505Z","true","2026-01-27T20:10:01.479425173Z","01KG0H3DYDGSTMVYG5V5RATV5R","2026-01-27T20:07:44.865646605Z","692b20ea5e62a2f0eac85d3a","2026-01-27T20:07:44.865646605Z","{""advice"":""Try to get the best outcome for yourself."",""adviceType"":""noCG"",""chatEnabled"":false,""numRounds"":13,""playerCount"":2}","2026-01-27T20:07:44.880421333Z","noCG_selfish","2026-01-27T20:07:44.880421333Z","{""PROLIFIC_PID"":""692b20ea5e62a2f0eac85d3a"",""STUDY_ID"":""6976b36e15b09b93b6b74098"",""SESSION_ID"":""69791abae68a123513eac190""}","2026-01-27T20:07:45.155895017Z","{""plan"":""i will probably try to park either on a or b""}","2026-01-27T20:10:01.486908727Z",NA,NA
"01KG0ERMJ0A24CF4H124YQX933","{""advice"":""Try to get the best outcome for yourself.""}","2026-01-27T19:28:11.928766794Z",144,"2026-01-27T19:30:56.336949696Z","","","game ended","2026-01-27T19:31:12.727658981Z",1,"2026-01-27T19:31:59.857772831Z","{""adviceFollowed"":"""",""partnerAdvice"":""choose the highest option."",""feedback"":""when it asked how many MUs i had earnt it was giving me different results""}","2026-01-27T19:31:59.857025076Z","01KG0EFF5ZK0H6TN0SEC028EP7","2026-01-27T19:26:53.510298791Z",3,"2026-01-27T19:28:11.929609711Z","true","2026-01-27T19:28:30.701566062Z","01KG0ERM413PSYJZRFZHK8VS9B","2026-01-27T19:26:53.504521838Z","6413695069219184bd98cff7","2026-01-27T19:26:53.504521838Z","{""advice"":""Try to get the best outcome for yourself."",""adviceType"":""noCG"",""chatEnabled"":false,""numRounds"":13,""playerCount"":2}","2026-01-27T19:26:53.510298791Z","noCG_selfish","2026-01-27T19:26:53.510298791Z","{""PROLIFIC_PID"":""6413695069219184bd98cff7"",""STUDY_ID"":""6976b36e15b09b93b6b74098"",""SESSION_ID"":""69791141181044620de33067""}","2026-01-27T19:26:53.75372982Z","{""plan"":""im picking the best spot for myself everytime.""}","2026-01-27T19:28:30.699083891Z",NA,NA
"01KG0FD2W7XA9RD3S7BWXWY23W","{""advice"":""Try to get the best outcome for yourself.""}","2026-01-27T19:40:40.875447044Z",223,"2026-01-27T19:44:51.800520583Z","","","game ended","2026-01-27T19:45:01.362421077Z",1,"2026-01-27T19:45:14.325314849Z","{""adviceFollowed"":"""",""partnerAdvice"":""I'm not sure...they were sporadic. "",""feedback"":""N/A""}","2026-01-27T19:45:14.321455009Z","01KG0EGH5BZX0NYAFE23EYTYHM","2026-01-27T19:40:50.95257449Z",3,"2026-01-27T19:40:40.877887464Z","true","2026-01-27T19:41:00.344652237Z","01KG0FD2SA8K3S59ZE3V1KAF3E","2026-01-27T19:38:03.527066696Z","5bef41fa54277d000114d6ad","2026-01-27T19:38:03.527066696Z","{""advice"":""Try to get the best outcome for yourself."",""adviceType"":""noCG"",""chatEnabled"":false,""numRounds"":13,""playerCount"":2}","2026-01-27T19:38:03.532905909Z","noCG_selfish","2026-01-27T19:38:03.532905909Z","{""PROLIFIC_PID"":""5bef41fa54277d000114d6ad"",""STUDY_ID"":""6976b36e15b09b93b6b74098"",""SESSION_ID"":""69791403a10b5d601f7ff789""}","2026-01-27T19:38:03.591141917Z","{""plan"":""Maximize my earnings without risking parking in the same spot""}","2026-01-27T19:41:00.342288918Z",NA,NA
"01KG0GFG02GM4C5XZH5DF771R9","{""advice"":""Try to get the best outcome for yourself.""}","2026-01-27T20:00:31.692121045Z",221,"2026-01-27T20:06:53.322120624Z","","","game ended","2026-01-27T20:07:05.650428438Z",1,"2026-01-27T20:07:51.705570787Z","{""adviceFollowed"":"""",""partnerAdvice"":""same advice as me"",""feedback"":""no""}","2026-01-27T20:07:51.692181338Z","01KG0GBD7TXN9EWYTW1P9R6WPS","2026-01-27T19:58:40.999564944Z",3,"2026-01-27T20:00:31.985599713Z","true","2026-01-27T20:02:11.771667175Z","01KG0GFEVHMQJFNV423NXF9444","2026-01-27T19:56:51.074799028Z","60e4c29f296751f652dd01fd","2026-01-27T19:56:51.074799028Z","{""advice"":""Try to get the best outcome for yourself."",""adviceType"":""noCG"",""chatEnabled"":false,""numRounds"":13,""playerCount"":2}","2026-01-27T19:56:51.088143955Z","noCG_selfish","2026-01-27T19:56:51.088143955Z","{""PROLIFIC_PID"":""60e4c29f296751f652dd01fd"",""STUDY_ID"":""6976b36e15b09b93b6b74098"",""SESSION_ID"":""697917d839587c802ca7a07b""}","2026-01-27T19:56:51.638325211Z","{""plan"":""The one with most payout""}","2026-01-27T20:02:11.765840672Z",NA,NA
"01KG0H1GEACYD02V0D1MZZC2AY","{""advice"":""Try to get the best outcome for yourself.""}","2026-01-27T20:07:34.145736957Z",174,"2026-01-27T20:10:48.441404593Z","","","game ended","2026-01-27T20:10:56.079386264Z",1,"2026-01-27T20:11:08.907414338Z","{""adviceFollowed"":"""",""partnerAdvice"":""Probably the same. "",""feedback"":""N/A""}","2026-01-27T20:11:08.900144731Z","01KG0GBDHZP1S541V6NXFSRGZP","2026-01-27T20:06:41.367523122Z",3,"2026-01-27T20:07:34.152474362Z","true","2026-01-27T20:08:44.556413722Z","01KG0H1FZHRXGEBEKECKJQSGKH","2026-01-27T20:06:41.354034871Z","63dd1dab484083017c1b8184","2026-01-27T20:06:41.354034871Z","{""advice"":""Try to get the best outcome for yourself."",""adviceType"":""noCG"",""chatEnabled"":false,""numRounds"":13,""playerCount"":2}","2026-01-27T20:06:41.367523122Z","noCG_selfish","2026-01-27T20:06:41.367523122Z","{""PROLIFIC_PID"":""63dd1dab484083017c1b8184"",""STUDY_ID"":""6976b36e15b09b93b6b74098"",""SESSION_ID"":""69791abbbfc258ca388cc913""}","2026-01-27T20:06:41.618504014Z","{""plan"":""Ok so the advice I got was pretty unhelpful. I can't really say what my game plan will be other than aiming for the same spot every time... Hopefully my partner will eventually realise that I am always going for Orange A so he will then go for Orange B every time... This should maximise our earnings between us. ""}","2026-01-27T20:08:44.549593164Z",NA,NA
"01KG0FANZ566F4RBHNQ4BN7YKY","{""advice"":""Try to get the best outcome for yourself.""}","2026-01-27T19:37:56.315569137Z",189,"2026-01-27T19:42:10.63979793Z","","","game ended","2026-01-27T19:42:20.537565494Z",1,"2026-01-27T19:42:44.904743903Z","{""adviceFollowed"":"""",""partnerAdvice"":""Probably the same advice i did, to go for the one that gives me the most"",""feedback"":""""}","2026-01-27T19:42:44.901686682Z","01KG0EGFTMXB9EAF0AVTM2CDWX","2026-01-27T19:38:05.673460894Z",3,"2026-01-27T19:37:56.317476393Z","true","2026-01-27T19:38:47.99430532Z","01KG0FANH1GBFJCQBJS914BY81","2026-01-27T19:36:44.773583979Z","5acb63b2fa3b4e000173ad98","2026-01-27T19:36:44.773583979Z","{""advice"":""Try to get the best outcome for yourself."",""adviceType"":""noCG"",""chatEnabled"":false,""numRounds"":13,""playerCount"":2}","2026-01-27T19:36:44.779451388Z","noCG_selfish","2026-01-27T19:36:44.779451388Z","{""PROLIFIC_PID"":""5acb63b2fa3b4e000173ad98"",""STUDY_ID"":""6976b36e15b09b93b6b74098"",""SESSION_ID"":""697913bc4e7495752808725f""}","2026-01-27T19:36:45.018252711Z","{""plan"":""I'm going for the middles ones, people usually go for the safest one being the lowest of the highest rewarding one""}","2026-01-27T19:38:47.996360023Z",NA,NA
"01KG0FG2CSSY35M6A0BZ4PB3G7","{""advice"":""Try to get the best outcome for yourself.""}","2026-01-27T19:41:09.871274281Z",210,"2026-01-27T19:44:52.919107888Z","","","game ended","2026-01-27T19:45:00.48860644Z",1,"2026-01-27T19:45:13.853740866Z","{""adviceFollowed"":"""",""partnerAdvice"":""Always pick the spot on the right"",""feedback"":""""}","2026-01-27T19:45:13.849765041Z","01KG0EGHJVN0WCX7BHMR1Y9JN7","2026-01-27T19:41:52.725255057Z",3,"2026-01-27T19:41:09.873842124Z","true","2026-01-27T19:41:55.340161333Z","01KG0FG23TKA13ZRJ55TVHGW85","2026-01-27T19:39:41.33743505Z","66bd01edef3fcc2b3fee03e1","2026-01-27T19:39:41.33743505Z","{""advice"":""Try to get the best outcome for yourself."",""adviceType"":""noCG"",""chatEnabled"":false,""numRounds"":13,""playerCount"":2}","2026-01-27T19:39:41.342588061Z","noCG_selfish","2026-01-27T19:39:41.342588061Z","{""PROLIFIC_PID"":""66bd01edef3fcc2b3fee03e1"",""STUDY_ID"":""6976b36e15b09b93b6b74098"",""SESSION_ID"":""69791446a043866d8d9ed947""}","2026-01-27T19:39:41.508804718Z","{""plan"":""Lets always go with the one that gives us each the same reward, I'll take the one on the right""}","2026-01-27T19:41:55.33738201Z",NA,NA
"01KG0FMFE7W7WCQEEGX25TX29P","{""advice"":""Try to get the best outcome for yourself.""}","2026-01-27T19:44:25.172663822Z",134,"2026-01-27T19:52:43.92727838Z","","","game ended","2026-01-27T19:52:55.806813673Z",1,"2026-01-27T19:54:46.388568421Z","{""adviceFollowed"":"""",""partnerAdvice"":""Ignore your partner and follow your gut."",""feedback"":""""}","2026-01-27T19:54:46.374936534Z","01KG0EGK6CAMXTEYNXMXXM4F0K","2026-01-27T19:44:45.714477591Z",3,"2026-01-27T19:44:25.179124594Z","true","2026-01-27T19:45:36.402752451Z","01KG0FME9BS5S8VBN0ES2RTFZS","2026-01-27T19:42:05.76705665Z","60f48681314afb7e99d8c23d","2026-01-27T19:42:05.76705665Z","{""advice"":""Try to get the best outcome for yourself."",""adviceType"":""noCG"",""chatEnabled"":false,""numRounds"":13,""playerCount"":2}","2026-01-27T19:42:05.773466911Z","noCG_selfish","2026-01-27T19:42:05.773466911Z","{""PROLIFIC_PID"":""60f48681314afb7e99d8c23d"",""STUDY_ID"":""6976b36e15b09b93b6b74098"",""SESSION_ID"":""697914c376f47614bf9c04e6""}","2026-01-27T19:42:06.377702441Z","{""plan"":""I plan to make my decision based on my partner's decisions to receive the best possible bonus.""}","2026-01-27T19:45:36.389203981Z",NA,NA
"01KG0FXQBBNCYMJCJNC2EK7Q42","{""advice"":""Try to get the best outcome for yourself.""}","2026-01-27T19:49:21.949013225Z",102,"2026-01-27T19:52:21.621695648Z","","","game ended","2026-01-27T19:52:50.016948024Z",1,"2026-01-27T19:53:10.392552639Z","{""adviceFollowed"":"""",""partnerAdvice"":""Go for the largest bonus most of the time."",""feedback"":""""}","2026-01-27T19:53:10.388001043Z","01KG0FSRKAF2X4JE14WNDVJHP1","2026-01-27T19:49:43.623410916Z",3,"2026-01-27T19:49:21.953435434Z","true","2026-01-27T19:49:49.436060605Z","01KG0FXQ6WNT7J50SWEWQNZ4EM","2026-01-27T19:47:08.779889002Z","636d6ce3fb3683ff33f9e514","2026-01-27T19:47:08.779889002Z","{""advice"":""Try to get the best outcome for yourself."",""adviceType"":""noCG"",""chatEnabled"":false,""numRounds"":13,""playerCount"":2}","2026-01-27T19:47:08.815033091Z","noCG_selfish","2026-01-27T19:47:08.815033091Z","{""PROLIFIC_PID"":""636d6ce3fb3683ff33f9e514"",""STUDY_ID"":""6976b36e15b09b93b6b74098"",""SESSION_ID"":""697914b8c6bf81b2062bdab7""}","2026-01-27T19:47:08.892134331Z","{""plan"":""I am going to try to get the bonus as much as possible.  ""}","2026-01-27T19:49:49.431342847Z",NA,NA
"01KG0FYSRDYZKR2Y4ZY909FJ2A","{""advice"":""Try to get the best outcome for yourself.""}","2026-01-27T19:49:07.660045145Z",107,"2026-01-27T19:52:43.92727838Z","","","game ended","2026-01-27T19:52:55.806813673Z",1,"2026-01-27T19:53:16.744155739Z","{""adviceFollowed"":"""",""partnerAdvice"":""the same as i did"",""feedback"":""na""}","2026-01-27T19:53:16.739239752Z","01KG0EGK6CAMXTEYNXMXXM4F0K","2026-01-27T19:47:44.023132459Z",3,"2026-01-27T19:49:07.664432666Z","true","2026-01-27T19:49:43.60996208Z","01KG0FYSJVC8XP9C0YR3K6ZT4E","2026-01-27T19:47:44.013248646Z","633af05da0499598ca6a9834","2026-01-27T19:47:44.013248646Z","{""advice"":""Try to get the best outcome for yourself."",""adviceType"":""noCG"",""chatEnabled"":false,""numRounds"":13,""playerCount"":2}","2026-01-27T19:47:44.023132459Z","noCG_selfish","2026-01-27T19:47:44.023132459Z","{""PROLIFIC_PID"":""633af05da0499598ca6a9834"",""STUDY_ID"":""6976b36e15b09b93b6b74098"",""SESSION_ID"":""6979164f49b24e2fc76fad99""}","2026-01-27T19:47:44.139678621Z","{""plan"":""I plan on taking the advice and doing what's best for me.""}","2026-01-27T19:49:43.605324498Z",NA,NA
"01KG0FAVW2K2VHQCM0JMNY4RXA","{""advice"":""Try to get the best outcome for yourself.""}","2026-01-27T20:03:41.268269816Z",137,"2026-01-27T20:06:53.322120624Z","","","game ended","2026-01-27T20:07:05.650428438Z",1,"2026-01-27T20:07:32.396762101Z","{""adviceFollowed"":"""",""partnerAdvice"":""To try and anticipate which spot I will not choose"",""feedback"":""N/A""}","2026-01-27T20:07:32.390131493Z","01KG0GBD7TXN9EWYTW1P9R6WPS","2026-01-27T19:58:40.999564944Z",3,"2026-01-27T20:03:41.323501684Z","true","2026-01-27T20:04:16.709864371Z","01KG0FAVNP7C8JF46K1ADKJCQ5","2026-01-27T19:36:50.818129165Z","6942f32ddfdc9e594f10ab59","2026-01-27T19:36:50.818129165Z","{""advice"":""Try to get the best outcome for yourself."",""adviceType"":""noCG"",""chatEnabled"":false,""numRounds"":13,""playerCount"":2}","2026-01-27T19:36:50.823023977Z","noCG_selfish","2026-01-27T19:36:50.823023977Z","{""PROLIFIC_PID"":""6942f32ddfdc9e594f10ab59"",""STUDY_ID"":""6976b36e15b09b93b6b74098"",""SESSION_ID"":""697913962b87874946f45397""}","2026-01-27T19:36:50.940596024Z","{""plan"":""Pick Parking Spot C, then A, then B, then D. With this pattern me and my partner should not end up in the same spot""}","2026-01-27T20:04:16.703795542Z",NA,NA
"01KG0EV59K333F6CXDKS5CAPE7","{""advice"":""Try to get the best outcome for yourself.""}","2026-01-27T19:30:14.000715563Z",250,"2026-01-27T19:32:51.085956967Z","","","game ended","2026-01-27T19:32:58.333005222Z",1,"2026-01-27T19:33:25.766391769Z","{""adviceFollowed"":"""",""partnerAdvice"":""I have no idea probably the same as me."",""feedback"":""""}","2026-01-27T19:33:25.76830325Z","01KG0EFGQ6JR9TEDW0C4YZR0DF","2026-01-27T19:30:51.564346865Z",3,"2026-01-27T19:30:14.002247841Z","true","2026-01-27T19:31:09.408106439Z","01KG0EV4XBA76928RH03NYF29T","2026-01-27T19:28:16.179231348Z","5f79bca83a2eb65c0983816d","2026-01-27T19:28:16.179231348Z","{""advice"":""Try to get the best outcome for yourself."",""adviceType"":""noCG"",""chatEnabled"":false,""numRounds"":13,""playerCount"":2}","2026-01-27T19:28:16.184293768Z","noCG_selfish","2026-01-27T19:28:16.184293768Z","{""PROLIFIC_PID"":""5f79bca83a2eb65c0983816d"",""STUDY_ID"":""6976b36e15b09b93b6b74098"",""SESSION_ID"":""697911b7f2ad3f6802756f5f""}","2026-01-27T19:28:16.406272524Z","{""plan"":""I think im probably just going to try and go with a or b and hope my partner picks the one that I dont""}","2026-01-27T19:31:09.412018787Z",NA,NA
"01KG0EZ1DVB1GB446WD50A5HNV","{""advice"":""Try to get the best outcome for yourself.""}","2026-01-27T19:31:44.330231818Z",91,"2026-01-27T19:35:24.799516529Z","","","game ended","2026-01-27T19:35:54.174174759Z",1,"2026-01-27T19:37:08.842868823Z","{""adviceFollowed"":"""",""partnerAdvice"":""Try to do what is safest."",""feedback"":""Unfortunately they didn't want to agree with the optimal strat of alternating C D.""}","2026-01-27T19:37:08.840777265Z","01KG0EFHD6YWB9R4YDG8M04041","2026-01-27T19:33:33.115781399Z",3,"2026-01-27T19:31:44.329692609Z","true","2026-01-27T19:33:43.78757504Z","01KG0EZ109K86C31WDGJHRSTE7","2026-01-27T19:30:23.291080772Z","5ef08aa7177a735c78ffbf40","2026-01-27T19:30:23.291080772Z","{""advice"":""Try to get the best outcome for yourself."",""adviceType"":""noCG"",""chatEnabled"":false,""numRounds"":13,""playerCount"":2}","2026-01-27T19:30:23.295399449Z","noCG_selfish","2026-01-27T19:30:23.295399449Z","{""PROLIFIC_PID"":""5ef08aa7177a735c78ffbf40"",""STUDY_ID"":""6976b36e15b09b93b6b74098"",""SESSION_ID"":""6979122f8dae042169d91110""}","2026-01-27T19:30:23.532767659Z","{""plan"":""I feel like going C and trying to make the partner go D so the pay out is better for me. The difference between 17 and 20 is not that much compared to 17 and 10. If multiple we could alternate""}","2026-01-27T19:33:43.785563012Z",NA,NA
"01KG0G3VFRZVCK41ZG0BW4XKSH","{""advice"":""Try to get the best outcome for yourself.""}","2026-01-27T19:52:36.29308982Z",91,"2026-01-27T19:56:09.014271235Z","","","game ended","2026-01-27T19:56:22.999243324Z",1,"2026-01-27T19:56:54.95339981Z","{""adviceFollowed"":"""",""partnerAdvice"":""Do what's best for you"",""feedback"":""""}","2026-01-27T19:56:54.958870165Z","01KG0FSRR7DBMJNVTBT0RD4V2V","2026-01-27T19:50:29.633747548Z",3,"2026-01-27T19:52:36.45439004Z","true","2026-01-27T19:53:48.820389807Z","01KG0G3TV7871NDF6TAB5CBAQN","2026-01-27T19:50:29.624178767Z","5e95e8a716389f040e74e463","2026-01-27T19:50:29.624178767Z","{""advice"":""Try to get the best outcome for yourself."",""adviceType"":""noCG"",""chatEnabled"":false,""numRounds"":13,""playerCount"":2}","2026-01-27T19:50:29.633747548Z","noCG_selfish","2026-01-27T19:50:29.633747548Z","{""PROLIFIC_PID"":""5e95e8a716389f040e74e463"",""STUDY_ID"":""6976b36e15b09b93b6b74098"",""SESSION_ID"":""697916e0c56ef5b6f8df68d1""}","2026-01-27T19:50:29.989013259Z","{""plan"":""Parking on different spots same color""}","2026-01-27T19:53:48.816000962Z",NA,NA
"01KG0H26AAP3W4QSJFNTCVS58X","{""advice"":""Try to get the best outcome for yourself.""}","2026-01-27T20:08:41.313469985Z",260,"2026-01-27T20:12:01.868361859Z","","","game ended","2026-01-27T20:12:09.269500345Z",1,"2026-01-27T20:12:50.503832476Z","{""adviceFollowed"":"""",""partnerAdvice"":""Choose randomly"",""feedback"":""""}","2026-01-27T20:12:50.495882254Z","01KG0H3X9S8ZR8HTJY0HSJCWW9","2026-01-27T20:09:12.114039991Z",3,"2026-01-27T20:08:41.320329349Z","true","2026-01-27T20:10:00.33833679Z","01KG0H25SZBFNKHM51XVQTM995","2026-01-27T20:07:03.754208988Z","613334cf5293abe84a78239c","2026-01-27T20:07:03.754208988Z","{""advice"":""Try to get the best outcome for yourself."",""adviceType"":""noCG"",""chatEnabled"":false,""numRounds"":13,""playerCount"":2}","2026-01-27T20:07:03.769475404Z","noCG_selfish","2026-01-27T20:07:03.769475404Z","{""PROLIFIC_PID"":""613334cf5293abe84a78239c"",""STUDY_ID"":""6976b36e15b09b93b6b74098"",""SESSION_ID"":""69791abbba72a1bfefd4eaba""}","2026-01-27T20:07:04.057694546Z","{""plan"":""I take C,take D.""}","2026-01-27T20:10:00.332065851Z",NA,NA
"01KG0FM8PDZ5RYVEJ403T2029C","{""advice"":""Try to get the best outcome for yourself.""}","2026-01-27T19:47:21.16806947Z",117,"2026-01-27T19:52:21.621695648Z","","","game ended","2026-01-27T19:52:50.016948024Z",1,"2026-01-27T19:54:18.958948643Z","{""adviceFollowed"":"""",""partnerAdvice"":""Try to match your partner? I am not sure but that seemed to happen a lot!"",""feedback"":""No problems, I actually thought this game was pretty fun!""}","2026-01-27T19:54:18.963739655Z","01KG0FSRKAF2X4JE14WNDVJHP1","2026-01-27T19:49:43.623410916Z",3,"2026-01-27T19:47:21.190691762Z","true","2026-01-27T19:49:48.597774004Z","01KG0FM8KF8Z37Y6CGQY2N02MV","2026-01-27T19:41:58.861753657Z","67ed97431e3dbd7416f76f7d","2026-01-27T19:41:58.861753657Z","{""advice"":""Try to get the best outcome for yourself."",""adviceType"":""noCG"",""chatEnabled"":false,""numRounds"":13,""playerCount"":2}","2026-01-27T19:41:58.869313885Z","noCG_selfish","2026-01-27T19:41:58.869313885Z","{""PROLIFIC_PID"":""67ed97431e3dbd7416f76f7d"",""STUDY_ID"":""6976b36e15b09b93b6b74098"",""SESSION_ID"":""697914bff3be4ed8da111c7b""}","2026-01-27T19:41:58.943373505Z","{""plan"":""I will try not to park in the same spot as my partner. I think trying to predict where my partner is going to park is a good idea so we can at least park in the same color. ""}","2026-01-27T19:49:48.592950309Z",NA,NA
"01KG0FMWKT5H13BVJR1GFBE494","{""advice"":""Try to get the best outcome for yourself.""}","2026-01-27T19:43:35.01867576Z",209,"2026-01-27T19:45:46.106487222Z","","","game ended","2026-01-27T19:45:54.072866795Z",1,"2026-01-27T19:46:06.336057672Z","{""adviceFollowed"":"""",""partnerAdvice"":""Think of yourself first!"",""feedback"":""""}","2026-01-27T19:46:06.331691909Z","01KG0EGJED17V80726K3S4Y8Q1","2026-01-27T19:43:36.408766841Z",3,"2026-01-27T19:43:35.024865652Z","true","2026-01-27T19:43:57.459968525Z","01KG0FMW1R4ZNJRT3SF97P5671","2026-01-27T19:42:19.258352791Z","6902584f39b4b2ce82a5eda6","2026-01-27T19:42:19.258352791Z","{""advice"":""Try to get the best outcome for yourself."",""adviceType"":""noCG"",""chatEnabled"":false,""numRounds"":13,""playerCount"":2}","2026-01-27T19:42:19.266453111Z","noCG_selfish","2026-01-27T19:42:19.266453111Z","{""PROLIFIC_PID"":""6902584f39b4b2ce82a5eda6"",""STUDY_ID"":""6976b36e15b09b93b6b74098"",""SESSION_ID"":""697914ee590f1a43321f16e5""}","2026-01-27T19:42:19.598638137Z","{""plan"":""I want the best for both of us!""}","2026-01-27T19:43:57.457523575Z",NA,NA
"01KG0G6M1VPN2TXE9K6B1S3T6A","{""advice"":""Try to get the best outcome for yourself.""}","2026-01-27T19:53:21.625258695Z",129,"2026-01-27T19:59:46.838488263Z","","","game ended","2026-01-27T20:00:01.724138673Z",1,"2026-01-27T20:00:39.044192947Z","{""adviceFollowed"":"""",""partnerAdvice"":""Don't pick C so often"",""feedback"":""""}","2026-01-27T20:00:39.03824965Z","01KG0FSRAF37S2RFVF8X440S2N","2026-01-27T19:54:15.192516966Z",3,"2026-01-27T19:53:21.620809539Z","true","2026-01-27T19:54:35.300025826Z","01KG0G6KHTMQEW84YYKBY8G2QF","2026-01-27T19:52:00.315377349Z","611e7c98be3611cac16fbddd","2026-01-27T19:52:00.315377349Z","{""advice"":""Try to get the best outcome for yourself."",""adviceType"":""noCG"",""chatEnabled"":false,""numRounds"":13,""playerCount"":2}","2026-01-27T19:52:00.333082845Z","noCG_selfish","2026-01-27T19:52:00.333082845Z","{""PROLIFIC_PID"":""611e7c98be3611cac16fbddd"",""STUDY_ID"":""6976b36e15b09b93b6b74098"",""SESSION_ID"":""69791742ad65541ce42a8a4a""}","2026-01-27T19:52:00.643739588Z","{""plan"":""I'll try to get a feel of what my partner will be doing very quick so that I can maximize our gains. After that i'll try to always do the oposite of what I see he does for the first two or three times.""}","2026-01-27T19:54:35.295121429Z",NA,NA
"01KG0EP5F2TDEQ72V06S0FAKBN","{""advice"":""Try to get the best outcome for yourself.""}","2026-01-27T19:27:46.048469991Z",181,"2026-01-27T19:34:31.135773385Z","","","game ended","2026-01-27T19:34:46.420887335Z",1,"2026-01-27T19:35:36.23780475Z","{""adviceFollowed"":"""",""partnerAdvice"":""Pick the same spot over and over."",""feedback"":""Thank you for allowing me to participate in your study.""}","2026-01-27T19:35:36.243686457Z","01KG0EFG9RXS709H821K0BYM0B","2026-01-27T19:28:30.71151088Z",3,"2026-01-27T19:27:46.042191154Z","true","2026-01-27T19:29:26.193818829Z","01KG0EP58665Y9C6XWZ7JEGB41","2026-01-27T19:25:32.514352419Z","5ff07b5ee7a1d23e719e421e","2026-01-27T19:25:32.514352419Z","{""advice"":""Try to get the best outcome for yourself."",""adviceType"":""noCG"",""chatEnabled"":false,""numRounds"":13,""playerCount"":2}","2026-01-27T19:25:32.520671365Z","noCG_selfish","2026-01-27T19:25:32.520671365Z","{""PROLIFIC_PID"":""5ff07b5ee7a1d23e719e421e"",""STUDY_ID"":""6976b36e15b09b93b6b74098"",""SESSION_ID"":""69791113dbedddae9240b6b4""}","2026-01-27T19:25:32.656934982Z","{""plan"":""My number one choice is to park in C and get 19MU and my partner parking in D. However I have a feeling my partner will try the same thing, so I will probably go for D. ""}","2026-01-27T19:29:26.199825939Z",NA,NA
"01KG0F30FX1EJY03M5TFPB05KG","{""advice"":""Try to get the best outcome for yourself.""}","2026-01-27T19:33:24.121234767Z",88,"2026-01-27T19:35:24.799516529Z","","","game ended","2026-01-27T19:35:54.174174759Z",1,"2026-01-27T19:36:14.713501601Z","{""adviceFollowed"":"""",""partnerAdvice"":""Choose the space that makes them the most money"",""feedback"":""""}","2026-01-27T19:36:14.711943869Z","01KG0EFHD6YWB9R4YDG8M04041","2026-01-27T19:33:33.115781399Z",3,"2026-01-27T19:33:24.120282476Z","true","2026-01-27T19:33:48.935764683Z","01KG0F306YS9XVY3ZYF442YYWD","2026-01-27T19:32:33.405129442Z","63d13cb81a0a88a3ce29e33f","2026-01-27T19:32:33.405129442Z","{""advice"":""Try to get the best outcome for yourself."",""adviceType"":""noCG"",""chatEnabled"":false,""numRounds"":13,""playerCount"":2}","2026-01-27T19:32:33.409728924Z","noCG_selfish","2026-01-27T19:32:33.409728924Z","{""PROLIFIC_PID"":""63d13cb81a0a88a3ce29e33f"",""STUDY_ID"":""6976b36e15b09b93b6b74098"",""SESSION_ID"":""697912be490b82114a125ff0""}","2026-01-27T19:32:33.530336495Z","{""plan"":""I will try to maximize my earnings. I can only control where I choose to park.""}","2026-01-27T19:33:48.932211288Z",NA,NA
"01KG0F9PYZJ45EG05T6BX3C3Y8","{""advice"":""Try to get the best outcome for yourself.""}","2026-01-27T19:38:09.751730692Z",212,"2026-01-27T19:44:10.564517852Z","","","game ended","2026-01-27T19:44:28.974154821Z",1,"2026-01-27T19:44:54.286255148Z","{""adviceFollowed"":"""",""partnerAdvice"":""to try to work with me"",""feedback"":""no problems""}","2026-01-27T19:44:54.289986713Z","01KG0EGG8C9EBNQ529A9A9VGN2","2026-01-27T19:38:48.009894312Z",3,"2026-01-27T19:38:09.754621286Z","true","2026-01-27T19:38:48.159575574Z","01KG0F9PAB1K8CSNY38ZAWP7CK","2026-01-27T19:36:13.023145613Z","665acacd6f53305291fbd38e","2026-01-27T19:36:13.023145613Z","{""advice"":""Try to get the best outcome for yourself."",""adviceType"":""noCG"",""chatEnabled"":false,""numRounds"":13,""playerCount"":2}","2026-01-27T19:36:13.028473512Z","noCG_selfish","2026-01-27T19:36:13.028473512Z","{""PROLIFIC_PID"":""665acacd6f53305291fbd38e"",""STUDY_ID"":""6976b36e15b09b93b6b74098"",""SESSION_ID"":""6979139018ef484cc41caa64""}","2026-01-27T19:36:13.321386232Z","{""plan"":""to get money  for myself""}","2026-01-27T19:38:48.15627404Z",NA,NA
"01KG0H2CVQCBRT5XEPX1497VZN","{""advice"":""Try to get the best outcome for yourself.""}","2026-01-27T20:08:29.689366441Z",191,"2026-01-27T20:11:37.732425483Z","","","game ended","2026-01-27T20:11:50.252677149Z",1,"2026-01-27T20:12:10.737588944Z","{""adviceFollowed"":"""",""partnerAdvice"":""To keep swapping with me"",""feedback"":""""}","2026-01-27T20:12:10.728914223Z","01KG0GBDVRJEASFEDKMVGJ42H6","2026-01-27T20:08:44.574396991Z",3,"2026-01-27T20:08:29.697313018Z","true","2026-01-27T20:09:05.430225361Z","01KG0H2CD3996TW9Z2YAYXYMV5","2026-01-27T20:07:10.455625186Z","6458fe267afe71c7aa4de260","2026-01-27T20:07:10.455625186Z","{""advice"":""Try to get the best outcome for yourself."",""adviceType"":""noCG"",""chatEnabled"":false,""numRounds"":13,""playerCount"":2}","2026-01-27T20:07:10.468668204Z","noCG_selfish","2026-01-27T20:07:10.468668204Z","{""PROLIFIC_PID"":""6458fe267afe71c7aa4de260"",""STUDY_ID"":""6976b36e15b09b93b6b74098"",""SESSION_ID"":""69791ab1dfc4792f4a0b75fc""}","2026-01-27T20:07:10.711539654Z","{""plan"":""I will go for the parking spot with the highest amount and hope they go for the other one""}","2026-01-27T20:09:05.421860091Z",NA,NA
"01KG0ETVKZKMPRV4QK5TMHHYWG","{""advice"":""Try to get the best outcome for yourself.""}","2026-01-27T19:30:14.347207882Z",183,"2026-01-27T19:32:49.294446716Z","","","game ended","2026-01-27T19:32:57.782318093Z",1,"2026-01-27T19:33:16.179547725Z","{""adviceFollowed"":"""",""partnerAdvice"":""dont choose the highest pay"",""feedback"":""none""}","2026-01-27T19:33:16.178552586Z","01KG0EFGKAW1KABRA124NK0G3Q","2026-01-27T19:30:42.218423303Z",3,"2026-01-27T19:30:14.346560607Z","true","2026-01-27T19:30:51.552970279Z","01KG0ETVCZJEYYES9R7E160PE8","2026-01-27T19:28:06.271702074Z","665bb3facf3b60004a908818","2026-01-27T19:28:06.271702074Z","{""advice"":""Try to get the best outcome for yourself."",""adviceType"":""noCG"",""chatEnabled"":false,""numRounds"":13,""playerCount"":2}","2026-01-27T19:28:06.277028703Z","noCG_selfish","2026-01-27T19:28:06.277028703Z","{""PROLIFIC_PID"":""665bb3facf3b60004a908818"",""STUDY_ID"":""6976b36e15b09b93b6b74098"",""SESSION_ID"":""697911a80a228e023d1acc7c""}","2026-01-27T19:28:06.437088504Z","{""plan"":""get the best spot but maybe choose the second best""}","2026-01-27T19:30:51.535017552Z",NA,NA
"01KG0EXN3RZ7WK6Y4YSKKTMN0R","{""advice"":""Try to get the best outcome for yourself.""}","2026-01-27T19:30:26.250785049Z",117,"2026-01-27T19:32:49.294446716Z","","","game ended","2026-01-27T19:32:57.782318093Z",1,"2026-01-27T19:33:05.75380512Z","{""adviceFollowed"":"""",""partnerAdvice"":""i dont know"",""feedback"":""""}","2026-01-27T19:33:05.755659243Z","01KG0EFGKAW1KABRA124NK0G3Q","2026-01-27T19:30:42.218423303Z",3,"2026-01-27T19:30:26.251740376Z","true","2026-01-27T19:30:43.268104315Z","01KG0EXMZKN8EG1XQJ4909R95C","2026-01-27T19:29:37.91280434Z","696a7d289fbe88614c0761c9","2026-01-27T19:29:37.91280434Z","{""advice"":""Try to get the best outcome for yourself."",""adviceType"":""noCG"",""chatEnabled"":false,""numRounds"":13,""playerCount"":2}","2026-01-27T19:29:37.917409102Z","noCG_selfish","2026-01-27T19:29:37.917409102Z","{""PROLIFIC_PID"":""696a7d289fbe88614c0761c9"",""STUDY_ID"":""6976b36e15b09b93b6b74098"",""SESSION_ID"":""69791215a014bb4c80e916f8""}","2026-01-27T19:29:37.998569515Z","{""plan"":""I will try to always follow the same logic""}","2026-01-27T19:30:43.268931956Z",NA,NA
"01KG0F3TYKMXHQBVDBE8SF43WD","{""advice"":""Try to get the best outcome for yourself.""}","2026-01-27T19:35:15.696048898Z",67,"2026-01-27T19:38:43.523603556Z","","","game ended","2026-01-27T19:39:42.380458457Z",1,"2026-01-27T19:40:40.396443171Z","{""adviceFollowed"":"""",""partnerAdvice"":""initially take turns to maximise bonus but then think about yourself?"",""feedback"":""""}","2026-01-27T19:40:40.398967229Z","01KG0EFHYGM9PG6X1953BD4XSY","2026-01-27T19:34:56.26978707Z",3,"2026-01-27T19:35:15.697404495Z","true","2026-01-27T19:35:52.1482317Z","01KG0F3THA4FC38VB8MHGGFBGT","2026-01-27T19:33:00.499603478Z","6760b5fbca528694c58807d0","2026-01-27T19:33:00.499603478Z","{""advice"":""Try to get the best outcome for yourself."",""adviceType"":""noCG"",""chatEnabled"":false,""numRounds"":13,""playerCount"":2}","2026-01-27T19:33:00.504409691Z","noCG_selfish","2026-01-27T19:33:00.504409691Z","{""PROLIFIC_PID"":""6760b5fbca528694c58807d0"",""STUDY_ID"":""6976b36e15b09b93b6b74098"",""SESSION_ID"":""69791181b9c3deba0bfe1298""}","2026-01-27T19:33:00.738027464Z","{""plan"":""The advice was to get the best result for myself so I will take that on board :)""}","2026-01-27T19:35:52.149788136Z",NA,NA
"01KG0F6D4GK5F74FQ5RM3SJ8GW","{""advice"":""Try to get the best outcome for yourself.""}","2026-01-27T19:35:40.51228391Z",377,"2026-01-27T19:39:21.845000601Z","","","game ended","2026-01-27T19:39:30.980924366Z",1,"2026-01-27T19:40:15.743987762Z","{""adviceFollowed"":"""",""partnerAdvice"":""To park where your partner has the best outcome. "",""feedback"":""""}","2026-01-27T19:40:15.741421454Z","01KG0EFJ9TRGH65R6J6EX1CMSR","2026-01-27T19:36:00.532972333Z",3,"2026-01-27T19:35:40.510781717Z","true","2026-01-27T19:36:23.859683311Z","01KG0F6CWDCC9SZZFEW8KGXE77","2026-01-27T19:34:24.656735809Z","66ecded667f721bca7e5609d","2026-01-27T19:34:24.656735809Z","{""advice"":""Try to get the best outcome for yourself."",""adviceType"":""noCG"",""chatEnabled"":false,""numRounds"":13,""playerCount"":2}","2026-01-27T19:34:24.661336785Z","noCG_selfish","2026-01-27T19:34:24.661336785Z","{""PROLIFIC_PID"":""66ecded667f721bca7e5609d"",""STUDY_ID"":""6976b36e15b09b93b6b74098"",""SESSION_ID"":""6979131f3bc96a44931aac7b""}","2026-01-27T19:34:24.799064531Z","{""plan"":""I'm going to try to get the best outcome for myself. ""}","2026-01-27T19:36:23.858119445Z",NA,NA
"01KG0F8FNM83RMDNDNZJMCWGVQ","{""advice"":""Try to get the best outcome for yourself.""}","2026-01-27T19:36:59.078106253Z",232,"2026-01-27T19:39:59.740297637Z","","","game ended","2026-01-27T19:40:07.96648474Z",1,"2026-01-27T19:40:39.652569157Z","{""adviceFollowed"":"""",""partnerAdvice"":""make the most points"",""feedback"":""play for yourself""}","2026-01-27T19:40:39.611799291Z","01KG0EFJGNZ073HJSXY9M0CMSZ","2026-01-27T19:36:35.84830242Z",3,"2026-01-27T19:36:59.079921845Z","true","2026-01-27T19:37:17.1656456Z","01KG0F8FFYAHQCXAV4W11SD9QJ","2026-01-27T19:35:32.788776994Z","6151e367f510c841179bf2d9","2026-01-27T19:35:32.788776994Z","{""advice"":""Try to get the best outcome for yourself."",""adviceType"":""noCG"",""chatEnabled"":false,""numRounds"":13,""playerCount"":2}","2026-01-27T19:35:32.79414248Z","noCG_selfish","2026-01-27T19:35:32.79414248Z","{""PROLIFIC_PID"":""6151e367f510c841179bf2d9"",""STUDY_ID"":""6976b36e15b09b93b6b74098"",""SESSION_ID"":""6979135860f5fdb69f1288e7""}","2026-01-27T19:35:32.895903828Z","{""plan"":""get the most points for myself""}","2026-01-27T19:37:17.162428502Z",NA,NA
"01KG0EXWPB9J7AEGWYBRYYGQ03","{""advice"":""Try to get the best outcome for yourself.""}","2026-01-27T19:31:11.938119298Z",149,"2026-01-27T19:35:42.676122823Z","","","game ended","2026-01-27T19:35:51.497681627Z",1,"2026-01-27T19:36:06.013872729Z","{""adviceFollowed"":"""",""partnerAdvice"":""To maximize their profits"",""feedback"":""""}","2026-01-27T19:36:06.011711399Z","01KG0EFGYA756P3RP1XW89TSRY","2026-01-27T19:31:09.418207105Z",3,"2026-01-27T19:31:11.944054821Z","true","2026-01-27T19:31:40.540547533Z","01KG0EXWBP67H6RN8EAZEQ32PN","2026-01-27T19:29:45.675579991Z","5a8b1ee2000dab00018cc7cd","2026-01-27T19:29:45.675579991Z","{""advice"":""Try to get the best outcome for yourself."",""adviceType"":""noCG"",""chatEnabled"":false,""numRounds"":13,""playerCount"":2}","2026-01-27T19:29:45.680724241Z","noCG_selfish","2026-01-27T19:29:45.680724241Z","{""PROLIFIC_PID"":""5a8b1ee2000dab00018cc7cd"",""STUDY_ID"":""6976b36e15b09b93b6b74098"",""SESSION_ID"":""6979120f2521268b8df0a70a""}","2026-01-27T19:29:45.85846653Z","{""plan"":""I'm going to try and maximize by earning by parking in the highest paid parking spot.""}","2026-01-27T19:31:40.539810602Z",NA,NA
"01KG0F2NV4BT30Z9DJZ38CJ17J","{""advice"":""Try to get the best outcome for yourself.""}","2026-01-27T19:35:40.920390574Z",221,"2026-01-27T19:39:21.845000601Z","","","game ended","2026-01-27T19:39:30.980924366Z",1,"2026-01-27T19:40:07.481137187Z","{""adviceFollowed"":"""",""partnerAdvice"":""Pick the Highest one each time"",""feedback"":""""}","2026-01-27T19:40:07.47889864Z","01KG0EFJ9TRGH65R6J6EX1CMSR","2026-01-27T19:36:00.532972333Z",3,"2026-01-27T19:35:40.921485523Z","true","2026-01-27T19:36:35.840139153Z","01KG0F2N2RXDYV62PA3ZM9437T","2026-01-27T19:32:22.500932253Z","64417d740541530e34daa2ba","2026-01-27T19:32:22.500932253Z","{""advice"":""Try to get the best outcome for yourself."",""adviceType"":""noCG"",""chatEnabled"":false,""numRounds"":13,""playerCount"":2}","2026-01-27T19:32:22.505477087Z","noCG_selfish","2026-01-27T19:32:22.505477087Z","{""PROLIFIC_PID"":""64417d740541530e34daa2ba"",""STUDY_ID"":""6976b36e15b09b93b6b74098"",""SESSION_ID"":""697912a47c58e9a1040276bb""}","2026-01-27T19:32:23.012288786Z","{""plan"":""I need to think what color and space they will go for, likely the highest C so I won't pick C""}","2026-01-27T19:36:35.838682478Z",NA,NA
"01KG0F710Z2NS1NTGXPGJ719SF","{""advice"":""Try to get the best outcome for yourself.""}","2026-01-27T19:38:09.53242865Z",169,"2026-01-27T19:44:51.800520583Z","","","game ended","2026-01-27T19:45:01.362421077Z",1,"2026-01-27T19:45:34.936923564Z","{""adviceFollowed"":"""",""partnerAdvice"":""the same as I got"",""feedback"":""nothing to add""}","2026-01-27T19:45:34.924897812Z","01KG0EGH5BZX0NYAFE23EYTYHM","2026-01-27T19:40:50.95257449Z",3,"2026-01-27T19:38:09.654751656Z","true","2026-01-27T19:41:52.710319319Z","01KG0F70J43B3PX1XRTPX45F2D","2026-01-27T19:34:45.023483696Z","6229dc51dff340226697778e","2026-01-27T19:34:45.023483696Z","{""advice"":""Try to get the best outcome for yourself."",""adviceType"":""noCG"",""chatEnabled"":false,""numRounds"":13,""playerCount"":2}","2026-01-27T19:34:45.028808743Z","noCG_selfish","2026-01-27T19:34:45.028808743Z","{""PROLIFIC_PID"":""6229dc51dff340226697778e"",""STUDY_ID"":""6976b36e15b09b93b6b74098"",""SESSION_ID"":""697912aedd1276d668dd932f""}","2026-01-27T19:34:45.314614264Z","{""plan"":""I will try for the second option. You park in different spots, same color (A+B or C+D) → 10 MU bonus + regular earnings. I will pick the left option, you pick the right option? Therefore you go for the highest option with bonus  and I will pick the value to the left of it.""}","2026-01-27T19:41:52.69771217Z",NA,NA
"01KG0FKV9DR1V3Q52TWN59QTRM","{""advice"":""Try to get the best outcome for yourself.""}","2026-01-27T19:42:44.455710026Z",240,"2026-01-27T19:45:48.093111791Z","","","game ended","2026-01-27T19:45:56.509290079Z",1,"2026-01-27T19:46:31.069642203Z","{""adviceFollowed"":"""",""partnerAdvice"":""I think my partner received advice saying to be as cooperative as possible with their partner and maximize both returns. "",""feedback"":""""}","2026-01-27T19:46:31.075507805Z","01KG0EGJ074E4JT2393Y4Y2Z5Z","2026-01-27T19:42:31.744457253Z",3,"2026-01-27T19:42:44.453371145Z","true","2026-01-27T19:43:36.389654346Z","01KG0FKV0MWN8DNKMRZZ86R849","2026-01-27T19:41:45.133946186Z","660c14ee77c9c95b247a1dfb","2026-01-27T19:41:45.133946186Z","{""advice"":""Try to get the best outcome for yourself."",""adviceType"":""noCG"",""chatEnabled"":false,""numRounds"":13,""playerCount"":2}","2026-01-27T19:41:45.140650995Z","noCG_selfish","2026-01-27T19:41:45.140650995Z","{""PROLIFIC_PID"":""660c14ee77c9c95b247a1dfb"",""STUDY_ID"":""6976b36e15b09b93b6b74098"",""SESSION_ID"":""697914e8cbebce84540818eb""}","2026-01-27T19:41:45.340946648Z","{""plan"":""I will select either A or B as this appears to be a classic prisoner dilemma game where the highest expected return is in mutual cooperation between me and the partner. I hope they are doing the same, however, if round one they choose C I will pivot to D to increase our earnings.""}","2026-01-27T19:43:36.393475224Z",NA,NA
"01KG0KQ9N97Q7Z3M0X2H3F827X","{""advice"":""Try to find an outcome that's fair for both of you.""}","2026-01-27T20:57:23.94336471Z",154,"2026-01-27T21:07:08.203405612Z","","","game ended","2026-01-27T21:07:36.894711233Z",1,"2026-01-27T21:08:22.358345837Z","{""adviceFollowed"":"""",""partnerAdvice"":""To choose a different option each time."",""feedback"":""""}","2026-01-27T21:08:22.351070923Z","01KG0JEP8RVT31XAYVHGV731PT","2026-01-27T20:55:52.635008154Z",3,"2026-01-27T20:57:23.949021302Z","true","2026-01-27T20:58:29.946794726Z","01KG0KQ979J6D4VRH8GDYWEEW4","2026-01-27T20:53:32.457200363Z","5b9ca13a06114100010699b8","2026-01-27T20:53:32.457200363Z","{""advice"":""Try to find an outcome that's fair for both of you."",""adviceType"":""noCG"",""chatEnabled"":false,""numRounds"":13,""playerCount"":2}","2026-01-27T20:53:32.467575306Z","noCG_cooperate","2026-01-27T20:53:32.467575306Z","{""PROLIFIC_PID"":""5b9ca13a06114100010699b8"",""STUDY_ID"":""6976b36e15b09b93b6b74098"",""SESSION_ID"":""697925973d3f187815bf883d""}","2026-01-27T20:53:32.75713861Z","{""plan"":""I will try to park in the spot with the highest earnings.  I will also try to gauge what my partner will do next by monitoring what spot they choose.""}","2026-01-27T20:58:29.93892659Z","",""
"01KG0K7429XN3C2T5E4TYTNTE5","{""advice"":""Try to find an outcome that's fair for both of you.""}","2026-01-27T20:45:50.653262474Z",184,"2026-01-27T20:50:03.323982404Z","","","game ended","2026-01-27T20:50:12.907026981Z",1,"2026-01-27T20:50:24.189323321Z","{""adviceFollowed"":"""",""partnerAdvice"":""To keep it fair between us"",""feedback"":""""}","2026-01-27T20:50:24.067473738Z","01KG0HZ5947AQZWZAGXN50BA5D","2026-01-27T20:45:52.697784613Z",3,"2026-01-27T20:45:50.775913999Z","true","2026-01-27T20:46:15.949197525Z","01KG0K73JXDAV5BTW3WEJ9E5FW","2026-01-27T20:44:42.442005093Z","6765e5d4ee75be7807670beb","2026-01-27T20:44:42.442005093Z","{""advice"":""Try to find an outcome that's fair for both of you."",""adviceType"":""noCG"",""chatEnabled"":false,""numRounds"":13,""playerCount"":2}","2026-01-27T20:44:42.449335447Z","noCG_cooperate","2026-01-27T20:44:42.449335447Z","{""PROLIFIC_PID"":""6765e5d4ee75be7807670beb"",""STUDY_ID"":""6976b36e15b09b93b6b74098"",""SESSION_ID"":""697923765ba8b65b05fe106b""}","2026-01-27T20:44:42.688172826Z","{""plan"":""I will park in a different spot and try to be the same color""}","2026-01-27T20:46:15.952584363Z","",""
"01KG0JM20CD9HFKD99N9GXEJ48","{""advice"":""Try to find an outcome that's fair for both of you.""}","2026-01-27T20:36:36.482203261Z",236,"2026-01-27T20:48:32.49898989Z","","","game ended","2026-01-27T20:48:57.314378548Z",1,"2026-01-27T20:49:49.119570777Z","{""adviceFollowed"":"""",""partnerAdvice"":""My partner likely received advice to always choose A to maximize coordination chance"",""feedback"":""""}","2026-01-27T20:49:49.114532316Z","01KG0HYMHANVDAD126BEZ97SKF","2026-01-27T20:38:00.660361909Z",3,"2026-01-27T20:36:36.480572986Z","true","2026-01-27T20:38:04.17740821Z","01KG0JM1G3J9TA1X831R91Q147","2026-01-27T20:34:17.740733348Z","673d0377254c407e5da57f97","2026-01-27T20:34:17.740733348Z","{""advice"":""Try to find an outcome that's fair for both of you."",""adviceType"":""noCG"",""chatEnabled"":false,""numRounds"":13,""playerCount"":2}","2026-01-27T20:34:17.746204491Z","noCG_cooperate","2026-01-27T20:34:17.746204491Z","{""PROLIFIC_PID"":""673d0377254c407e5da57f97"",""STUDY_ID"":""6976b36e15b09b93b6b74098"",""SESSION_ID"":""697920f2b2a421acf290acd5""}","2026-01-27T20:34:18.006858848Z","{""plan"":""I’ll stay flexible and adjust based on any advice I receive, but since my partner’s advice is random, I’ll prioritize safe choices""}","2026-01-27T20:38:04.179971801Z","",""
"01KG0KH2PR8F19EN9EH9VFR5VY","{""advice"":""Try to find an outcome that's fair for both of you.""}","2026-01-27T20:59:58.798238872Z",106,"2026-01-27T21:07:08.203405612Z","","","game ended","2026-01-27T21:07:36.894711233Z",1,"2026-01-27T21:12:10.529017677Z","{""adviceFollowed"":"""",""partnerAdvice"":""To read the instructions carefully and pay attention to them."",""feedback"":""I have learnt that I should be always keen and pay attention to any key details before answering a question.""}","2026-01-27T21:12:10.262231695Z","01KG0JEP8RVT31XAYVHGV731PT","2026-01-27T20:55:52.635008154Z",3,"2026-01-27T20:59:59.062642952Z","true","2026-01-27T21:02:44.134927955Z","01KG0KH1NC8CCSFR487JTTS81Q","2026-01-27T20:50:08.72884569Z","65fb18ef1c73590e7aaf1d48","2026-01-27T20:50:08.72884569Z","{""advice"":""Try to find an outcome that's fair for both of you."",""adviceType"":""noCG"",""chatEnabled"":false,""numRounds"":13,""playerCount"":2}","2026-01-27T20:50:08.738808725Z","noCG_cooperate","2026-01-27T20:50:08.738808725Z","{""PROLIFIC_PID"":""65fb18ef1c73590e7aaf1d48"",""STUDY_ID"":""6976b36e15b09b93b6b74098"",""SESSION_ID"":""697922358733f50c40db00ef""}","2026-01-27T20:50:09.308345906Z","{""plan"":""I plan to maximize on my regular earnings to earn a very huge bonus. I hope all will be well.""}","2026-01-27T21:02:44.12885652Z","",""
"01KG0M3Y4KCY50AJCVQ5149XXS","{""advice"":""Try to find an outcome that's fair for both of you.""}","2026-01-27T21:02:30.168357093Z",174,"2026-01-27T21:05:24.264479172Z","","","game ended","2026-01-27T21:05:36.450340121Z",1,"2026-01-27T21:06:28.224085133Z","{""adviceFollowed"":"""",""partnerAdvice"":""I don’t know"",""feedback"":""Not really""}","2026-01-27T21:06:28.094340968Z","01KG0JEP109HE85EPXVB32E3SX","2026-01-27T21:01:57.995173671Z",3,"2026-01-27T21:02:30.298080274Z","true","2026-01-27T21:03:28.950082153Z","01KG0M3XMAWHQPTMHJBCFZHPSF","2026-01-27T21:00:26.643720933Z","65a3ec77f674ac3e98f0c6ac","2026-01-27T21:00:26.643720933Z","{""advice"":""Try to find an outcome that's fair for both of you."",""adviceType"":""noCG"",""chatEnabled"":false,""numRounds"":13,""playerCount"":2}","2026-01-27T21:00:26.655564886Z","noCG_cooperate","2026-01-27T21:00:26.655564886Z","{""PROLIFIC_PID"":""65a3ec77f674ac3e98f0c6ac"",""STUDY_ID"":""6976b36e15b09b93b6b74098"",""SESSION_ID"":""6979266ba933b076f6dba4e8""}","2026-01-27T21:00:26.923059608Z","{""plan"":""If we both pick purple and switch C and D every turn""}","2026-01-27T21:03:28.824202417Z","",""
"01KG0JYEQJV93NJQT88RHZY96E","{""advice"":""Try to find an outcome that's fair for both of you.""}","2026-01-27T20:41:08.164540964Z",124,"2026-01-27T20:45:22.416331156Z","","","game ended","2026-01-27T20:45:29.298472355Z",1,"2026-01-27T20:45:42.406138998Z","{""adviceFollowed"":"""",""partnerAdvice"":""probably something very generic like I did"",""feedback"":""nope, this was interesting!""}","2026-01-27T20:45:42.40293605Z","01KG0HYNGDZNEMXAKZ313Q14EH","2026-01-27T20:39:58.458993623Z",3,"2026-01-27T20:41:08.168430123Z","true","2026-01-27T20:41:54.131957335Z","01KG0JYEKFKZ8YDJZ6467S287D","2026-01-27T20:39:58.450792614Z","66b504cd131c63b36b682b8d","2026-01-27T20:39:58.450792614Z","{""advice"":""Try to find an outcome that's fair for both of you."",""adviceType"":""noCG"",""chatEnabled"":false,""numRounds"":13,""playerCount"":2}","2026-01-27T20:39:58.458993623Z","noCG_cooperate","2026-01-27T20:39:58.458993623Z","{""PROLIFIC_PID"":""66b504cd131c63b36b682b8d"",""STUDY_ID"":""6976b36e15b09b93b6b74098"",""SESSION_ID"":""69792244754a5dc6266c9e50""}","2026-01-27T20:39:58.587711871Z","{""plan"":""probably go to for the higher spots as the other person will likely want to get the higher earnings as well. but if one color has one high and one low, try for the more fair opportunity(the other color with two decent paying spots)""}","2026-01-27T20:41:54.129379861Z","",""
"01KG0K7W45CA6DSE0NJH4Y0PBN","{""advice"":""Try to find an outcome that's fair for both of you.""}","2026-01-27T20:47:19.672670018Z",179,"2026-01-27T20:51:42.705500452Z","","","game ended","2026-01-27T20:51:53.091441654Z",1,"2026-01-27T20:52:48.796709788Z","{""adviceFollowed"":"""",""partnerAdvice"":""to chose one and stay with that untill the other player realise"",""feedback"":""""}","2026-01-27T20:52:48.781205116Z","01KG0HZ5QC20NJ7P2HJA5PDW62","2026-01-27T20:47:44.125452246Z",3,"2026-01-27T20:47:19.693387956Z","true","2026-01-27T20:48:56.985392241Z","01KG0K7VEB8SJ5V9MFW8WEBCA0","2026-01-27T20:45:07.077600294Z","66033df1ae671a48d8065a7f","2026-01-27T20:45:07.077600294Z","{""advice"":""Try to find an outcome that's fair for both of you."",""adviceType"":""noCG"",""chatEnabled"":false,""numRounds"":13,""playerCount"":2}","2026-01-27T20:45:07.085221396Z","noCG_cooperate","2026-01-27T20:45:07.085221396Z","{""PROLIFIC_PID"":""66033df1ae671a48d8065a7f"",""STUDY_ID"":""6976b36e15b09b93b6b74098"",""SESSION_ID"":""69792363395a9dec8f1be6fc""}","2026-01-27T20:45:07.444617366Z","{""plan"":""I will try to see how the other player is thinking and found an outcome for both of us""}","2026-01-27T20:48:56.972559258Z","",""
"01KG0KYKA7FNH0FH52Q3HBEJAG","{""advice"":""Try to find an outcome that's fair for both of you.""}","2026-01-27T20:59:02.708378119Z",147,"2026-01-27T21:06:22.927807278Z","","","game ended","2026-01-27T21:06:52.955906765Z",1,"2026-01-27T21:08:02.169972393Z","{""adviceFollowed"":"""",""partnerAdvice"":""I assume something similar to the generic \""try to be fair\"" advice I received that wasn't actually that useful."",""feedback"":""""}","2026-01-27T21:08:02.138573248Z","01KG0JENF501MR461J1V60BGP8","2026-01-27T21:00:03.027306675Z",3,"2026-01-27T20:59:02.772077551Z","true","2026-01-27T21:01:03.350104711Z","01KG0KYK1WSM067011TBH9SJM7","2026-01-27T20:57:31.719633636Z","63dac3039dddeaa909a790fb","2026-01-27T20:57:31.719633636Z","{""advice"":""Try to find an outcome that's fair for both of you."",""adviceType"":""noCG"",""chatEnabled"":false,""numRounds"":13,""playerCount"":2}","2026-01-27T20:57:31.732169548Z","noCG_cooperate","2026-01-27T20:57:31.732169548Z","{""PROLIFIC_PID"":""63dac3039dddeaa909a790fb"",""STUDY_ID"":""6976b36e15b09b93b6b74098"",""SESSION_ID"":""697926748d6f9b6d0e6ff9c5""}","2026-01-27T20:57:31.884565784Z","{""plan"":""I'll probably just either park in B or D because I assume the other person is going to try and park in C and I don't want to collide with them. I suppose D makes the most sense assuming they park in C. I'm just looking to not park in the same spot.""}","2026-01-27T21:01:03.326503705Z","",""
"01KG0J4YXSZA73SAEQ3C12HE3F","{""advice"":""Try to find an outcome that's fair for both of you.""}","2026-01-27T20:27:31.074625762Z",158,"2026-01-27T20:29:45.387330779Z","","","game ended","2026-01-27T20:29:53.784520499Z",1,"2026-01-27T20:30:29.79317575Z","{""adviceFollowed"":"""",""partnerAdvice"":""To have a certain standard order"",""feedback"":""""}","2026-01-27T20:30:29.792569322Z","01KG0HYCCPTDP48D6FBC84DKHC","2026-01-27T20:26:03.069589289Z",3,"2026-01-27T20:27:31.074895365Z","true","2026-01-27T20:27:55.442518251Z","01KG0J4XZ8VPDSS3DB7RZTDVMX","2026-01-27T20:26:03.065229105Z","6310cc34a290f2ad41540f08","2026-01-27T20:26:03.065229105Z","{""advice"":""Try to find an outcome that's fair for both of you."",""adviceType"":""noCG"",""chatEnabled"":false,""numRounds"":13,""playerCount"":2}","2026-01-27T20:26:03.069589289Z","noCG_cooperate","2026-01-27T20:26:03.069589289Z","{""PROLIFIC_PID"":""6310cc34a290f2ad41540f08"",""STUDY_ID"":""6976b36e15b09b93b6b74098"",""SESSION_ID"":""69791f390daca9d6f7c844ba""}","2026-01-27T20:26:03.562440136Z","{""plan"":""I start A then shift right every round, and hope my partner notices and adapts to it""}","2026-01-27T20:27:55.442784981Z","",""
"01KG0JC107YW15XDFGQ6RSZRMM","{""advice"":""Try to find an outcome that's fair for both of you.""}","2026-01-27T20:31:27.488136116Z",114,"2026-01-27T20:34:58.338269926Z","","","game ended","2026-01-27T20:35:15.365187673Z",1,"2026-01-27T20:35:41.043971094Z","{""adviceFollowed"":"""",""partnerAdvice"":""the same as me, to be fair."",""feedback"":""""}","2026-01-27T20:35:41.040416286Z","01KG0HYKATCWRQPV666K9PTHB8","2026-01-27T20:31:50.3423126Z",3,"2026-01-27T20:31:27.488995736Z","true","2026-01-27T20:32:06.442009533Z","01KG0JC0JYDBYCF3Q838KYYPP8","2026-01-27T20:29:54.567962221Z","62b2080f8f89f2f15c47d9ba","2026-01-27T20:29:54.567962221Z","{""advice"":""Try to find an outcome that's fair for both of you."",""adviceType"":""noCG"",""chatEnabled"":false,""numRounds"":13,""playerCount"":2}","2026-01-27T20:29:54.572057029Z","noCG_cooperate","2026-01-27T20:29:54.572057029Z","{""PROLIFIC_PID"":""62b2080f8f89f2f15c47d9ba"",""STUDY_ID"":""6976b36e15b09b93b6b74098"",""SESSION_ID"":""69792029476faefe97c5dd68""}","2026-01-27T20:29:54.800880146Z","{""plan"":""I will be completely fair at all times to maximise mine and my partner's bonus""}","2026-01-27T20:32:06.44030436Z","",""
"01KG0JCY2WW9CR99DYAK4M9MHP","{""advice"":""Try to find an outcome that's fair for both of you.""}","2026-01-27T20:31:11.68746933Z",129,"2026-01-27T20:34:21.162231085Z","","","game ended","2026-01-27T20:34:50.329406227Z",1,"2026-01-27T20:35:13.850878993Z","{""adviceFollowed"":"""",""partnerAdvice"":""To try and keep it fair"",""feedback"":""""}","2026-01-27T20:35:14.211414157Z","01KG0HYK42FGNCGK7JVTEKKNND","2026-01-27T20:31:11.63724601Z",3,"2026-01-27T20:31:11.68687144Z","true","2026-01-27T20:31:50.328842938Z","01KG0JCXJTWVK7YM5GKTTQ7Y3R","2026-01-27T20:30:24.348953746Z","60ee1a79c8c9defb9884a16a","2026-01-27T20:30:24.348953746Z","{""advice"":""Try to find an outcome that's fair for both of you."",""adviceType"":""noCG"",""chatEnabled"":false,""numRounds"":13,""playerCount"":2}","2026-01-27T20:30:24.35395591Z","noCG_cooperate","2026-01-27T20:30:24.35395591Z","{""PROLIFIC_PID"":""60ee1a79c8c9defb9884a16a"",""STUDY_ID"":""6976b36e15b09b93b6b74098"",""SESSION_ID"":""69792032dcff601716fad956""}","2026-01-27T20:30:24.833833426Z","{""plan"":""Going to try and be fair but also try and suspect a pattern from my partner. Ultimately by the time we finish, I would like to have confidence in knowing where they are going next ""}","2026-01-27T20:31:50.329782116Z","",""
"01KG0JJSP5MSZ0GG08SP57J4F4","{""advice"":""Try to find an outcome that's fair for both of you.""}","2026-01-27T20:38:13.270809677Z",173,"2026-01-27T20:44:41.92219671Z","","","game ended","2026-01-27T20:44:54.063639659Z",1,"2026-01-27T20:45:20.101964318Z","{""adviceFollowed"":"""",""partnerAdvice"":""I am not sure this was difficult "",""feedback"":""""}","2026-01-27T20:45:20.093090737Z","01KG0HYN6HHMVB30MB1KVPG9B5","2026-01-27T20:38:32.645522086Z",3,"2026-01-27T20:38:13.28013548Z","true","2026-01-27T20:38:52.733892419Z","01KG0JJSC2R9GRPZF1FQSZN4BS","2026-01-27T20:33:36.453776976Z","6726772db37c626cce7dfcf6","2026-01-27T20:33:36.453776976Z","{""advice"":""Try to find an outcome that's fair for both of you."",""adviceType"":""noCG"",""chatEnabled"":false,""numRounds"":13,""playerCount"":2}","2026-01-27T20:33:36.459086438Z","noCG_cooperate","2026-01-27T20:33:36.459086438Z","{""PROLIFIC_PID"":""6726772db37c626cce7dfcf6"",""STUDY_ID"":""6976b36e15b09b93b6b74098"",""SESSION_ID"":""697920ab5f3e259a1e46cb70""}","2026-01-27T20:33:36.610627288Z","{""plan"":""To make sure we agree""}","2026-01-27T20:38:52.736094241Z","",""
"01KG0KEJSS0K2K49HT64Q6MNJ3","{""advice"":""Try to find an outcome that's fair for both of you.""}","2026-01-27T20:50:33.423496263Z",102,"2026-01-27T20:55:59.539432493Z","","","game ended","2026-01-27T20:56:15.077907946Z",1,"2026-01-27T20:56:36.247732137Z","{""adviceFollowed"":"""",""partnerAdvice"":""go for the highest amount possible"",""feedback"":""""}","2026-01-27T20:56:36.252265197Z","01KG0HZ6JN44KFKZRP5XJJ3C8T","2026-01-27T20:50:06.210682625Z",3,"2026-01-27T20:50:33.428020188Z","true","2026-01-27T20:51:00.378481954Z","01KG0KEJHKATD2395X0ZJMJKC6","2026-01-27T20:48:46.905486128Z","5c7f489defd9e20015751167","2026-01-27T20:48:46.905486128Z","{""advice"":""Try to find an outcome that's fair for both of you."",""adviceType"":""noCG"",""chatEnabled"":false,""numRounds"":13,""playerCount"":2}","2026-01-27T20:48:46.914103051Z","noCG_cooperate","2026-01-27T20:48:46.914103051Z","{""PROLIFIC_PID"":""5c7f489defd9e20015751167"",""STUDY_ID"":""6976b36e15b09b93b6b74098"",""SESSION_ID"":""6979249b4fcaa444a5f1aad4""}","2026-01-27T20:48:47.068503247Z","{""plan"":""probably avoid the highest paying spot. beyond that, it is mostly chance. ""}","2026-01-27T20:51:00.383060111Z","",""
"01KG0M3GQAGC78E92A4MKRBKEN","{""advice"":""Try to find an outcome that's fair for both of you.""}","2026-01-27T21:02:54.31033391Z",76,"2026-01-27T21:06:05.25582348Z","","","game ended","2026-01-27T21:06:25.012295399Z",1,"2026-01-27T21:07:11.194330048Z","{""adviceFollowed"":"""",""partnerAdvice"":""Avoid Same selection"",""feedback"":""Partner was not changing the slots""}","2026-01-27T21:07:11.202757368Z","01KG0JEPGXHW1Q541B52KJYTHB","2026-01-27T21:03:28.969713297Z",3,"2026-01-27T21:02:54.31665083Z","true","2026-01-27T21:03:49.950003059Z","01KG0M3G5ZPKGF897671RYXYQP","2026-01-27T21:00:12.906812107Z","696b7c244c4c92264696fddb","2026-01-27T21:00:12.906812107Z","{""advice"":""Try to find an outcome that's fair for both of you."",""adviceType"":""noCG"",""chatEnabled"":false,""numRounds"":13,""playerCount"":2}","2026-01-27T21:00:12.91923652Z","noCG_cooperate","2026-01-27T21:00:12.91923652Z","{""PROLIFIC_PID"":""696b7c244c4c92264696fddb"",""STUDY_ID"":""6976b36e15b09b93b6b74098"",""SESSION_ID"":""697926e34fecee41ae1e4975""}","2026-01-27T21:00:13.268922969Z","{""plan"":""I would avoid collision and try to be fair to me as well as to my partner.""}","2026-01-27T21:03:49.95744981Z","",""
"01KG0J25CGZXGK6HCBHNM832PJ","{""advice"":""Try to find an outcome that's fair for both of you.""}","2026-01-27T20:26:45.857636173Z",212,"2026-01-27T20:29:45.387330779Z","","","game ended","2026-01-27T20:29:53.784520499Z",1,"2026-01-27T20:30:20.579904723Z","{""adviceFollowed"":"""",""partnerAdvice"":""Guess in a pattern"",""feedback"":""""}","2026-01-27T20:30:20.577885878Z","01KG0HYCCPTDP48D6FBC84DKHC","2026-01-27T20:24:31.38180634Z",3,"2026-01-27T20:26:45.920630994Z","true","2026-01-27T20:27:08.400245569Z","01KG0J253MQPJ2439D8EQ71AGW","2026-01-27T20:24:31.376133547Z","6152495859853a1fdf5344dd","2026-01-27T20:24:31.376133547Z","{""advice"":""Try to find an outcome that's fair for both of you."",""adviceType"":""noCG"",""chatEnabled"":false,""numRounds"":13,""playerCount"":2}","2026-01-27T20:24:31.38180634Z","noCG_cooperate","2026-01-27T20:24:31.38180634Z","{""PROLIFIC_PID"":""6152495859853a1fdf5344dd"",""STUDY_ID"":""6976b36e15b09b93b6b74098"",""SESSION_ID"":""69791eec29c3a459c96c3c60""}","2026-01-27T20:24:31.535697179Z","{""plan"":""Try to find spots that maximize earnings""}","2026-01-27T20:27:08.398807296Z","",""
"01KG0M55GAP3P8NN5NVB88WK71","{""advice"":""Try to find an outcome that's fair for both of you.""}","2026-01-27T21:04:42.909086621Z",262,"2026-01-27T21:13:19.852766483Z","","","game ended","2026-01-27T21:13:48.826540514Z",1,"2026-01-27T21:14:48.406654069Z","{""adviceFollowed"":"""",""partnerAdvice"":""Ensure to play fair"",""feedback"":""""}","2026-01-27T21:14:48.39793134Z","01KG0JEPS8Z092P3MH5DAZ7EQ8","2026-01-27T21:03:49.972372472Z",3,"2026-01-27T21:04:42.927027774Z","true","2026-01-27T21:07:20.630917977Z","01KG0M5447E9H4X2H7CMPGH1N8","2026-01-27T21:01:06.954768312Z","6729519377719d17531d012b","2026-01-27T21:01:06.954768312Z","{""advice"":""Try to find an outcome that's fair for both of you."",""adviceType"":""noCG"",""chatEnabled"":false,""numRounds"":13,""playerCount"":2}","2026-01-27T21:01:06.96855163Z","noCG_cooperate","2026-01-27T21:01:06.96855163Z","{""PROLIFIC_PID"":""6729519377719d17531d012b"",""STUDY_ID"":""6976b36e15b09b93b6b74098"",""SESSION_ID"":""69792670590f1a43321f1cc1""}","2026-01-27T21:01:07.766428226Z","{""plan"":""Get as much points as possible by playing fair""}","2026-01-27T21:07:20.622493565Z","",""
"01KG0JQMK8XDHGEJ2AD4ZHG519","{""advice"":""Try to find an outcome that's fair for both of you.""}","2026-01-27T20:37:09.348683893Z",189,"2026-01-27T20:40:39.355221931Z","","","game ended","2026-01-27T20:40:50.640581347Z",1,"2026-01-27T20:41:20.178522148Z","{""adviceFollowed"":"""",""partnerAdvice"":""the same as me"",""feedback"":""""}","2026-01-27T20:41:20.16269267Z","01KG0HYMZV0GHPXE5JGHEGB35R","2026-01-27T20:38:24.551093256Z",3,"2026-01-27T20:37:09.51664966Z","true","2026-01-27T20:38:26.852671129Z","01KG0JQM4G6FHV64KX396HK9GM","2026-01-27T20:36:15.080796835Z","5ebc0abd2cc5f1054c82a0d7","2026-01-27T20:36:15.080796835Z","{""advice"":""Try to find an outcome that's fair for both of you."",""adviceType"":""noCG"",""chatEnabled"":false,""numRounds"":13,""playerCount"":2}","2026-01-27T20:36:15.086023424Z","noCG_cooperate","2026-01-27T20:36:15.086023424Z","{""PROLIFIC_PID"":""5ebc0abd2cc5f1054c82a0d7"",""STUDY_ID"":""6976b36e15b09b93b6b74098"",""SESSION_ID"":""697921969fac44c8c930c424""}","2026-01-27T20:36:15.346198612Z","{""plan"":""ill stick to purple and see if they guess that and they go to orange""}","2026-01-27T20:38:26.748889615Z","",""
"01KG0J8C1MN7QGJ6MZ3J6GJ49K","{""advice"":""Try to find an outcome that's fair for both of you.""}","2026-01-27T20:30:43.753550471Z",93,"2026-01-27T20:34:58.338269926Z","","","game ended","2026-01-27T20:35:15.365187673Z",1,"2026-01-27T20:38:18.097950581Z","{""adviceFollowed"":"""",""partnerAdvice"":""I have no idea."",""feedback"":""It was too fast to be able to make my choice""}","2026-01-27T20:38:18.095942045Z","01KG0HYKATCWRQPV666K9PTHB8","2026-01-27T20:31:50.3423126Z",3,"2026-01-27T20:30:43.89399215Z","true","2026-01-27T20:31:53.186832313Z","01KG0J8BFKJ2X0933N85C02T6H","2026-01-27T20:27:54.804242329Z","6601e4ff15d79555bb6913cb","2026-01-27T20:27:54.804242329Z","{""advice"":""Try to find an outcome that's fair for both of you."",""adviceType"":""noCG"",""chatEnabled"":false,""numRounds"":13,""playerCount"":2}","2026-01-27T20:27:54.80982222Z","noCG_cooperate","2026-01-27T20:27:54.80982222Z","{""PROLIFIC_PID"":""6601e4ff15d79555bb6913cb"",""STUDY_ID"":""6976b36e15b09b93b6b74098"",""SESSION_ID"":""69791efc45813bbbdf8e683e""}","2026-01-27T20:27:55.108083848Z","{""plan"":""I will try to do the experiment to my best.""}","2026-01-27T20:31:53.046400193Z","",""
"01KG0JX5R8A9EQ861YAQQ4N6DD","{""advice"":""Try to find an outcome that's fair for both of you.""}","2026-01-27T20:40:56.294720869Z",142,"2026-01-27T20:45:22.416331156Z","","","game ended","2026-01-27T20:45:29.298472355Z",1,"2026-01-27T20:45:36.541219812Z","{""adviceFollowed"":"""",""partnerAdvice"":""make the most of it"",""feedback"":""""}","2026-01-27T20:45:36.54446659Z","01KG0HYNGDZNEMXAKZ313Q14EH","2026-01-27T20:39:16.493986412Z",3,"2026-01-27T20:40:56.292161026Z","true","2026-01-27T20:41:15.613282292Z","01KG0JX5KTNSHR3RS3F0E2V368","2026-01-27T20:39:16.488371259Z","5ff8b291840bed124061d389","2026-01-27T20:39:16.488371259Z","{""advice"":""Try to find an outcome that's fair for both of you."",""adviceType"":""noCG"",""chatEnabled"":false,""numRounds"":13,""playerCount"":2}","2026-01-27T20:39:16.493986412Z","noCG_cooperate","2026-01-27T20:39:16.493986412Z","{""PROLIFIC_PID"":""5ff8b291840bed124061d389"",""STUDY_ID"":""6976b36e15b09b93b6b74098"",""SESSION_ID"":""6979225da820ab050aad841c""}","2026-01-27T20:39:16.581921488Z","{""plan"":""I will try to choose the options where we both earn the same amount. ""}","2026-01-27T20:41:15.609753685Z","",""
"01KG0KXVSWB545EQD26F13YF04","{""advice"":""Try to find an outcome that's fair for both of you.""}","2026-01-27T20:58:59.796958519Z",163,"2026-01-27T21:02:29.486577997Z","","","game ended","2026-01-27T21:02:51.674441648Z",1,"2026-01-27T21:03:35.78040447Z","{""adviceFollowed"":"""",""partnerAdvice"":""Maybe the same as me, play as fair as possible"",""feedback"":""I would have liked a bit of training before starting, i got consued if the bonus was same color or not""}","2026-01-27T21:03:35.787491744Z","01KG0JEMX3GYEWV3AASF7JZV35","2026-01-27T20:57:07.657471096Z",3,"2026-01-27T20:58:59.790442139Z","true","2026-01-27T20:59:44.404131132Z","01KG0KXV6MZ8W17PXBM9ZVJ79X","2026-01-27T20:57:07.645019516Z","5c6dd18f4e08ad00018cc5f6","2026-01-27T20:57:07.645019516Z","{""advice"":""Try to find an outcome that's fair for both of you."",""adviceType"":""noCG"",""chatEnabled"":false,""numRounds"":13,""playerCount"":2}","2026-01-27T20:57:07.657471096Z","noCG_cooperate","2026-01-27T20:57:07.657471096Z","{""PROLIFIC_PID"":""5c6dd18f4e08ad00018cc5f6"",""STUDY_ID"":""6976b36e15b09b93b6b74098"",""SESSION_ID"":""697926707c58e9a10402794d""}","2026-01-27T20:57:07.974885829Z","{""plan"":""Try half of the times to do different spots, same colors and the rest half different spots different color so i can alternate the best scenario with the partner""}","2026-01-27T20:59:44.398290722Z","",""
"01KG0KD9CK2SCTXW4E93WNN07K","{""advice"":""Try to find an outcome that's fair for both of you.""}","2026-01-27T20:49:55.621323747Z",123,"2026-01-27T20:55:59.539432493Z","","","game ended","2026-01-27T20:56:15.077907946Z",1,"2026-01-27T20:56:56.977742629Z","{""adviceFollowed"":"""",""partnerAdvice"":""tp try and play a fair game."",""feedback"":""""}","2026-01-27T20:56:56.97155556Z","01KG0HZ6JN44KFKZRP5XJJ3C8T","2026-01-27T20:50:06.210682625Z",3,"2026-01-27T20:49:55.632128815Z","true","2026-01-27T20:50:30.174754218Z","01KG0KD82MCHERPDYEGQ4MTHJ4","2026-01-27T20:48:04.499976834Z","60f5c0c9051620b0de539587","2026-01-27T20:48:04.499976834Z","{""advice"":""Try to find an outcome that's fair for both of you."",""adviceType"":""noCG"",""chatEnabled"":false,""numRounds"":13,""playerCount"":2}","2026-01-27T20:48:04.508564505Z","noCG_cooperate","2026-01-27T20:48:04.508564505Z","{""PROLIFIC_PID"":""60f5c0c9051620b0de539587"",""STUDY_ID"":""6976b36e15b09b93b6b74098"",""SESSION_ID"":""697921e51106e0bcc037626b""}","2026-01-27T20:48:05.141389879Z","{""plan"":""To try and think like my partner""}","2026-01-27T20:50:30.161900306Z","",""
"01KG0JJX4ZS6BFP1V8JS8Z0SB1","{""advice"":""Try to find an outcome that's fair for both of you.""}","2026-01-27T20:36:10.587255096Z",219,"2026-01-27T20:38:26.601938429Z","","","game ended","2026-01-27T20:38:34.619768198Z",1,"2026-01-27T20:39:07.022310117Z","{""adviceFollowed"":"""",""partnerAdvice"":""Probably to play fair and take spot A or B."",""feedback"":""""}","2026-01-27T20:39:07.024550595Z","01KG0HYKZR54Y9XP593BD6ZRJH","2026-01-27T20:33:40.004376861Z",3,"2026-01-27T20:36:10.589009732Z","true","2026-01-27T20:36:55.308365679Z","01KG0JJWM2GYFX71G55DNATDJ2","2026-01-27T20:33:39.999403515Z","5e4b2a1a6a0c8403b9f8938e","2026-01-27T20:33:39.999403515Z","{""advice"":""Try to find an outcome that's fair for both of you."",""adviceType"":""noCG"",""chatEnabled"":false,""numRounds"":13,""playerCount"":2}","2026-01-27T20:33:40.004376861Z","noCG_cooperate","2026-01-27T20:33:40.004376861Z","{""PROLIFIC_PID"":""5e4b2a1a6a0c8403b9f8938e"",""STUDY_ID"":""6976b36e15b09b93b6b74098"",""SESSION_ID"":""697920716f5a6a580c1bcd42""}","2026-01-27T20:33:40.287436973Z","{""plan"":""I think i will use spot B all the time""}","2026-01-27T20:36:55.306518424Z","",""
"01KG0JHHEQPC7ND08NN5BRCNH2","{""advice"":""Try to find an outcome that's fair for both of you.""}","2026-01-27T20:34:30.681629976Z",155,"2026-01-27T20:44:41.92219671Z","","","game ended","2026-01-27T20:44:54.063639659Z",1,"2026-01-27T20:46:56.606894882Z","{""adviceFollowed"":"""",""partnerAdvice"":""I think my partner definitely tried to play fair. His or her idea did not seem to come from an egotistical point of view"",""feedback"":""I didn't expect to feel all kinds of emotions during this study! Thanks a lot and good luck!""}","2026-01-27T20:46:56.603564824Z","01KG0HYN6HHMVB30MB1KVPG9B5","2026-01-27T20:38:32.645522086Z",3,"2026-01-27T20:34:30.683280306Z","true","2026-01-27T20:39:13.880483761Z","01KG0JHGYRFNJDSNME02RA04P1","2026-01-27T20:32:55.255153115Z","6930a93976bef6bc60f05a34","2026-01-27T20:32:55.255153115Z","{""advice"":""Try to find an outcome that's fair for both of you."",""adviceType"":""noCG"",""chatEnabled"":false,""numRounds"":13,""playerCount"":2}","2026-01-27T20:32:55.260162355Z","noCG_cooperate","2026-01-27T20:32:55.260162355Z","{""PROLIFIC_PID"":""6930a93976bef6bc60f05a34"",""STUDY_ID"":""6976b36e15b09b93b6b74098"",""SESSION_ID"":""697920ceafabf60e606dd8de""}","2026-01-27T20:32:55.52677407Z","{""plan"":""I thought about focussing on purple first, but I changed my plan to: Change spot each round. Chances we accidentally win is probably more likely than sticking to a plan like \""I park on spot C each round\"". With the opportunity to talk to my partner, I think it's best to handle it like a statistic - By picking a random spot each round, I will win, I will lose but in the end, my chances to make some good decisions are higher than using the same spot or color each round. If my partner has a plan that causes problems with mine, this way should work better. Hopefully.""}","2026-01-27T20:39:13.882793564Z","",""
"01KG0KKW6F0RWH1G0B42D4JVQD","{""advice"":""Try to find an outcome that's fair for both of you.""}","2026-01-27T20:54:13.489234518Z",172,"2026-01-27T21:00:04.845809916Z","","","game ended","2026-01-27T21:00:18.034566627Z",1,"2026-01-27T21:01:43.589457043Z","{""adviceFollowed"":"""",""partnerAdvice"":""I think my partner was advised to choose the same option multiple times so that I could catch on and we would earn bonuses."",""feedback"":""""}","2026-01-27T21:01:43.583905706Z","01KG0JENQY0NJ9KHK3XY3FZJSJ","2026-01-27T20:53:18.076632512Z",3,"2026-01-27T20:54:13.960138921Z","true","2026-01-27T20:55:52.614364471Z","01KG0KKTMV78J52SYZFV2MHRXV","2026-01-27T20:51:40.367250027Z","60eefb5e9ab509be95a1a73b","2026-01-27T20:51:40.367250027Z","{""advice"":""Try to find an outcome that's fair for both of you."",""adviceType"":""noCG"",""chatEnabled"":false,""numRounds"":13,""playerCount"":2}","2026-01-27T20:51:40.376919464Z","noCG_cooperate","2026-01-27T20:51:40.376919464Z","{""PROLIFIC_PID"":""60eefb5e9ab509be95a1a73b"",""STUDY_ID"":""6976b36e15b09b93b6b74098"",""SESSION_ID"":""697924e6e9dc540050dc92c8""}","2026-01-27T20:51:41.224260967Z","{""plan"":""My plan is to park in the parking spots with higher earning rates because I think my partner will anticipate that I will do this, and park in the spots with lower earnings""}","2026-01-27T20:55:52.619797892Z","",""
"01KG0J6WADXVPJWJZWDN1REJHM","{""advice"":""Try to find an outcome that's fair for both of you.""}","2026-01-27T20:27:47.152559191Z",206,"2026-01-27T20:32:12.155818763Z","","","game ended","2026-01-27T20:32:26.469917722Z",1,"2026-01-27T20:33:08.64232195Z","{""adviceFollowed"":"""",""partnerAdvice"":""Always pick the places B and D on the grid. "",""feedback"":""N/A""}","2026-01-27T20:33:08.635531472Z","01KG0HYJQ0G51ZWNTKDMBHJAFF","2026-01-27T20:27:55.455112254Z",3,"2026-01-27T20:27:47.271237188Z","true","2026-01-27T20:28:49.143968675Z","01KG0J6VVN2ZB85KNXK085H8A6","2026-01-27T20:27:05.933383356Z","66cb2e0bd2169db778550269","2026-01-27T20:27:05.933383356Z","{""advice"":""Try to find an outcome that's fair for both of you."",""adviceType"":""noCG"",""chatEnabled"":false,""numRounds"":13,""playerCount"":2}","2026-01-27T20:27:05.938446791Z","noCG_cooperate","2026-01-27T20:27:05.938446791Z","{""PROLIFIC_PID"":""66cb2e0bd2169db778550269"",""STUDY_ID"":""6976b36e15b09b93b6b74098"",""SESSION_ID"":""69791f7d798f6b52d01b3169""}","2026-01-27T20:27:06.181081505Z","{""plan"":""I would try to park in Space B. This is because Space B has the 2nd highest pay-out, which makes it a lot safer than parking in Space C. I will aim to change parking spaces to suit me wherever possible too. ""}","2026-01-27T20:28:49.143509285Z","",""
"01KG0K1R3ADRJ0WRWTJH0HDZS2","{""advice"":""Try to find an outcome that's fair for both of you.""}","2026-01-27T20:46:20.775306869Z",367,"2026-01-27T20:56:42.438192338Z","","","game ended","2026-01-27T20:56:50.653856039Z",1,"2026-01-27T21:00:03.719885643Z","{""adviceFollowed"":"""",""partnerAdvice"":""Choose the same color as your partner; it's the fairest choice."",""feedback"":""""}","2026-01-27T21:00:03.709844221Z","01KG0JEMMA43ZRYQNQS5PK6J0K","2026-01-27T20:51:00.399469788Z",3,"2026-01-27T20:46:20.938735731Z","true","2026-01-27T20:53:18.059035901Z","01KG0K1QGCCHWMH918Z2DE19GX","2026-01-27T20:41:46.346459159Z","64f9c08ab1557bbf920eb2bb","2026-01-27T20:41:46.346459159Z","{""advice"":""Try to find an outcome that's fair for both of you."",""adviceType"":""noCG"",""chatEnabled"":false,""numRounds"":13,""playerCount"":2}","2026-01-27T20:41:46.352137556Z","noCG_cooperate","2026-01-27T20:41:46.352137556Z","{""PROLIFIC_PID"":""64f9c08ab1557bbf920eb2bb"",""STUDY_ID"":""6976b36e15b09b93b6b74098"",""SESSION_ID"":""6979227580168e44fa3e8cdf""}","2026-01-27T20:41:46.676118465Z","{""plan"":""My plan is to park in different spots of the same color.  In C, they have the best scores.""}","2026-01-27T20:53:18.044722258Z","",""
"01KG0KEDXXXSD7V0T1Z3X1F6Y6","{""advice"":""Try to find an outcome that's fair for both of you.""}","2026-01-27T20:51:22.399358596Z",214,"2026-01-27T20:56:42.438192338Z","","","game ended","2026-01-27T20:56:50.653856039Z",1,"2026-01-27T20:57:07.266638765Z","{""adviceFollowed"":"""",""partnerAdvice"":""Make the best choice for them"",""feedback"":""""}","2026-01-27T20:57:07.260404088Z","01KG0JEMMA43ZRYQNQS5PK6J0K","2026-01-27T20:51:00.399469788Z",3,"2026-01-27T20:51:22.395133482Z","true","2026-01-27T20:52:54.806740868Z","01KG0KEDS65GDPPEM5FES8RZN3","2026-01-27T20:48:41.917977313Z","61016268f9a351d3171a0fde","2026-01-27T20:48:41.917977313Z","{""advice"":""Try to find an outcome that's fair for both of you."",""adviceType"":""noCG"",""chatEnabled"":false,""numRounds"":13,""playerCount"":2}","2026-01-27T20:48:41.926518355Z","noCG_cooperate","2026-01-27T20:48:41.926518355Z","{""PROLIFIC_PID"":""61016268f9a351d3171a0fde"",""STUDY_ID"":""6976b36e15b09b93b6b74098"",""SESSION_ID"":""697924647d390485ff6b84d5""}","2026-01-27T20:48:42.033750643Z","{""plan"":""I plan on paying attention to the spots that my partner chooses in each round to see if there is a pattern. I will try to go for the same color that my partner tends to choose.""}","2026-01-27T20:52:54.81185476Z","",""
"01KG0KZXVPYMNSYQPERR10SWCA","{""advice"":""Try to find an outcome that's fair for both of you.""}","2026-01-27T21:01:43.317021033Z",97,"2026-01-27T21:06:05.25582348Z","","","game ended","2026-01-27T21:06:25.012295399Z",1,"2026-01-27T21:07:12.516662647Z","{""adviceFollowed"":"""",""partnerAdvice"":""I'm honestly not sure because I couldn't figure out any pattern to their choices. "",""feedback"":""""}","2026-01-27T21:07:12.507988041Z","01KG0JEPGXHW1Q541B52KJYTHB","2026-01-27T21:03:28.969713297Z",3,"2026-01-27T21:01:43.369012137Z","true","2026-01-27T21:03:34.517275827Z","01KG0KZXP5KNDVZCJW1CFK8HTF","2026-01-27T20:58:15.28613217Z","66ccbb7d4109382e498e3c82","2026-01-27T20:58:15.28613217Z","{""advice"":""Try to find an outcome that's fair for both of you."",""adviceType"":""noCG"",""chatEnabled"":false,""numRounds"":13,""playerCount"":2}","2026-01-27T20:58:15.299225438Z","noCG_cooperate","2026-01-27T20:58:15.299225438Z","{""PROLIFIC_PID"":""66ccbb7d4109382e498e3c82"",""STUDY_ID"":""6976b36e15b09b93b6b74098"",""SESSION_ID"":""697926853d3f187815bf8853""}","2026-01-27T20:58:15.399341655Z","{""plan"":""I plan to choose the color with equal earnings for both of us, and always choose the second letter in that color, and hope my partner picks up on it. ""}","2026-01-27T21:03:34.524908921Z","",""
"01KG0JCQ4V5Q1SHXC5G43APNWX","{""advice"":""Try to find an outcome that's fair for both of you.""}","2026-01-27T20:32:09.308860669Z",199,"2026-01-27T20:36:04.529546497Z","","","game ended","2026-01-27T20:36:20.727336437Z",1,"2026-01-27T20:36:43.21649583Z","{""adviceFollowed"":"""",""partnerAdvice"":""be fair, split the payment"",""feedback"":""""}","2026-01-27T20:36:43.214565498Z","01KG0HYKHYVRMWKW26GRCAHB9G","2026-01-27T20:32:06.45129454Z",3,"2026-01-27T20:32:09.438854771Z","true","2026-01-27T20:32:33.200978798Z","01KG0JCPM12QGXPWW2BP6R90AJ","2026-01-27T20:30:17.243643175Z","60b43c11dcee60f547e013ba","2026-01-27T20:30:17.243643175Z","{""advice"":""Try to find an outcome that's fair for both of you."",""adviceType"":""noCG"",""chatEnabled"":false,""numRounds"":13,""playerCount"":2}","2026-01-27T20:30:17.247802714Z","noCG_cooperate","2026-01-27T20:30:17.247802714Z","{""PROLIFIC_PID"":""60b43c11dcee60f547e013ba"",""STUDY_ID"":""6976b36e15b09b93b6b74098"",""SESSION_ID"":""697920282894a523d7da809f""}","2026-01-27T20:30:17.517730956Z","{""plan"":""always different colors, be fair""}","2026-01-27T20:32:33.071629819Z","",""
"01KG0JSW8VK665R5MFQQPH37MV","{""advice"":""Try to find an outcome that's fair for both of you.""}","2026-01-27T20:37:50.734891386Z",163,"2026-01-27T20:41:27.88095413Z","","","game ended","2026-01-27T20:41:37.203618419Z",1,"2026-01-27T20:41:45.972594142Z","{""adviceFollowed"":"""",""partnerAdvice"":""pick c"",""feedback"":""""}","2026-01-27T20:41:45.975287067Z","01KG0HYMS21MB32QQE787A6BPS","2026-01-27T20:38:04.193440196Z",3,"2026-01-27T20:37:50.740988802Z","true","2026-01-27T20:38:20.712287919Z","01KG0JSW04VAPRS33ZYZG9CES6","2026-01-27T20:37:28.475424089Z","65293fa9b73b0edd4fd93b95","2026-01-27T20:37:28.475424089Z","{""advice"":""Try to find an outcome that's fair for both of you."",""adviceType"":""noCG"",""chatEnabled"":false,""numRounds"":13,""playerCount"":2}","2026-01-27T20:37:28.482496239Z","noCG_cooperate","2026-01-27T20:37:28.482496239Z","{""PROLIFIC_PID"":""65293fa9b73b0edd4fd93b95"",""STUDY_ID"":""6976b36e15b09b93b6b74098"",""SESSION_ID"":""697921f0cd5c4e394d6295b6""}","2026-01-27T20:37:28.625283495Z","{""plan"":""C seems the best AB the same D worst""}","2026-01-27T20:38:20.704221224Z","",""
"01KG0KXMACBTMJW2YDYQ23MYAB","{""advice"":""Try to find an outcome that's fair for both of you.""}","2026-01-27T20:58:14.859109978Z",118,"2026-01-27T21:02:29.486577997Z","","","game ended","2026-01-27T21:02:51.674441648Z",1,"2026-01-27T21:03:26.09943813Z","{""adviceFollowed"":"""",""partnerAdvice"":""I assume something similar to mine, to try and pick fairly."",""feedback"":""""}","2026-01-27T21:03:26.10650994Z","01KG0JEMX3GYEWV3AASF7JZV35","2026-01-27T20:56:59.993219344Z",3,"2026-01-27T20:58:14.852598611Z","true","2026-01-27T20:59:17.409133159Z","01KG0KXKRDXW9JNY7TQ891VWXY","2026-01-27T20:56:59.980489411Z","5b3158ba532e3d00018e324a","2026-01-27T20:56:59.980489411Z","{""advice"":""Try to find an outcome that's fair for both of you."",""adviceType"":""noCG"",""chatEnabled"":false,""numRounds"":13,""playerCount"":2}","2026-01-27T20:56:59.993219344Z","noCG_cooperate","2026-01-27T20:56:59.993219344Z","{""PROLIFIC_PID"":""5b3158ba532e3d00018e324a"",""STUDY_ID"":""6976b36e15b09b93b6b74098"",""SESSION_ID"":""697926685278530a5e1a1070""}","2026-01-27T20:57:00.31489741Z","{""plan"":""First pick one of the safer spots and stick to the same spot, if the other person picks a different spot that works favourably for both of us,""}","2026-01-27T20:59:17.402819129Z","",""
"01KG0JD2DY0111G8ADJ3QC0NZR","{""advice"":""Try to find an outcome that's fair for both of you.""}","2026-01-27T20:32:22.703316535Z",118,"2026-01-27T20:36:59.827527534Z","","","game ended","2026-01-27T20:37:16.52203983Z",1,"2026-01-27T20:38:31.330973961Z","{""adviceFollowed"":"""",""partnerAdvice"":""\""Just go completely random and ignore that your partner is parking on C in succession\"" or something like that :D"",""feedback"":""This was fun. But about 5 times the round didn't load and I had to refresh the browser - luckily this resumed the study.""}","2026-01-27T20:38:31.332620265Z","01KG0HYKS4TF1CGBJW8EKW4ZR5","2026-01-27T20:32:41.539549928Z",3,"2026-01-27T20:32:22.70656271Z","true","2026-01-27T20:32:53.389460695Z","01KG0JD1YXSYEGKYK13FRP8PQS","2026-01-27T20:30:28.798406703Z","5e9a2f3ec68a310c7dd56619","2026-01-27T20:30:28.798406703Z","{""advice"":""Try to find an outcome that's fair for both of you."",""adviceType"":""noCG"",""chatEnabled"":false,""numRounds"":13,""playerCount"":2}","2026-01-27T20:30:28.8025929Z","noCG_cooperate","2026-01-27T20:30:28.8025929Z","{""PROLIFIC_PID"":""5e9a2f3ec68a310c7dd56619"",""STUDY_ID"":""6976b36e15b09b93b6b74098"",""SESSION_ID"":""6979202bb6b53865198b3126""}","2026-01-27T20:30:29.073199335Z","{""plan"":""Probably aiming for different spots, same color, as it's the middle ground.""}","2026-01-27T20:32:53.388534285Z","",""
"01KG0KZE8DSV84XHEZNF0NNW1M","{""advice"":""Try to find an outcome that's fair for both of you.""}","2026-01-27T20:59:04.633111354Z",169,"2026-01-27T21:02:41.460151564Z","","","game ended","2026-01-27T21:02:48.648658757Z",1,"2026-01-27T21:04:29.166424031Z","{""adviceFollowed"":"""",""partnerAdvice"":""Maybe they didn't receive any advice or were a bot as their choices were not consistent."",""feedback"":""One round showed a blank white screen and I had to refresh in order to get back to the experiment. I was afraid that refreshing could have reset my progress, so a message telling participants it is okay to refresh if they encounter issues would have been useful.""}","2026-01-27T21:04:29.153329634Z","01KG0JEN6Q1SEXXD9ZC14ND3V5","2026-01-27T20:59:44.421101768Z",3,"2026-01-27T20:59:04.646427132Z","true","2026-01-27T20:59:48.145960891Z","01KG0KZDYYKK91VS7AMPJEQQME","2026-01-27T20:57:59.309087267Z","5d4a41890e604c00011ade8b","2026-01-27T20:57:59.309087267Z","{""advice"":""Try to find an outcome that's fair for both of you."",""adviceType"":""noCG"",""chatEnabled"":false,""numRounds"":13,""playerCount"":2}","2026-01-27T20:57:59.322194608Z","noCG_cooperate","2026-01-27T20:57:59.322194608Z","{""PROLIFIC_PID"":""5d4a41890e604c00011ade8b"",""STUDY_ID"":""6976b36e15b09b93b6b74098"",""SESSION_ID"":""697926c086172792858d02dc""}","2026-01-27T20:57:59.520622333Z","{""plan"":""I want to avoid collisions as much as possible and try to cooperate with my partner. Hopefully we will agree on a color and choose opposite sides.""}","2026-01-27T20:59:48.13309964Z","",""
"01KG0M10JT960K9NSPKJW8FER2","{""advice"":""Try to find an outcome that's fair for both of you.""}","2026-01-27T20:59:12.547196013Z",181,"2026-01-27T21:02:41.460151564Z","","","game ended","2026-01-27T21:02:48.648658757Z",1,"2026-01-27T21:03:34.024472363Z","{""adviceFollowed"":"""",""partnerAdvice"":""I think the advice that my partner received was about lessening the likelihood of collision as to get a better bonus for both of us. "",""feedback"":""""}","2026-01-27T21:03:34.031996021Z","01KG0JEN6Q1SEXXD9ZC14ND3V5","2026-01-27T20:59:44.421101768Z",3,"2026-01-27T20:59:12.553670303Z","true","2026-01-27T21:00:03.009102642Z","01KG0M104GDKMSST89809VCF8W","2026-01-27T20:58:50.842077517Z","5f3153a6180dcf0d8dd72a45","2026-01-27T20:58:50.842077517Z","{""advice"":""Try to find an outcome that's fair for both of you."",""adviceType"":""noCG"",""chatEnabled"":false,""numRounds"":13,""playerCount"":2}","2026-01-27T20:58:50.854323015Z","noCG_cooperate","2026-01-27T20:58:50.854323015Z","{""PROLIFIC_PID"":""5f3153a6180dcf0d8dd72a45"",""STUDY_ID"":""6976b36e15b09b93b6b74098"",""SESSION_ID"":""697926d9e363e1822f2cb618""}","2026-01-27T20:58:50.951084752Z","{""plan"":""my game plan is to park in an area that will get the smaller bonus as it will lessen the likelihood of impact. ""}","2026-01-27T21:00:03.015207811Z","",""
"01KG0KARGBSZDZB0K5MN6ZT86Z","{""advice"":""Try to find an outcome that's fair for both of you.""}","2026-01-27T20:48:49.531577615Z",81,"2026-01-27T20:52:42.389392953Z","","","game ended","2026-01-27T20:52:52.905965428Z",1,"2026-01-27T20:54:13.141643245Z","{""adviceFollowed"":"""",""partnerAdvice"":""Probably choose the highest possible earning number and stick with it, no matter how selfish. And they were very selfish and just chose the same letter every time."",""feedback"":""the screen went blank at one point and i had to refresh the page to get the game back.""}","2026-01-27T20:54:13.136344156Z","01KG0HZ65A4V7R0PM4QM4CEQHM","2026-01-27T20:48:57.007604521Z",3,"2026-01-27T20:48:49.527902782Z","true","2026-01-27T20:50:06.193751277Z","01KG0KAR3F6GR0CFQJCCM5ZX9W","2026-01-27T20:46:41.675808426Z","58f669cefb4d7500014af69b","2026-01-27T20:46:41.675808426Z","{""advice"":""Try to find an outcome that's fair for both of you."",""adviceType"":""noCG"",""chatEnabled"":false,""numRounds"":13,""playerCount"":2}","2026-01-27T20:46:41.685240213Z","noCG_cooperate","2026-01-27T20:46:41.685240213Z","{""PROLIFIC_PID"":""58f669cefb4d7500014af69b"",""STUDY_ID"":""6976b36e15b09b93b6b74098"",""SESSION_ID"":""697923d45eb60a421590acf4""}","2026-01-27T20:46:41.99950746Z","{""plan"":""I will go for the orange colour and hope my partner will choose the other orange colour. That way we will both score 20MU and that is the best outcome for the both of us.""}","2026-01-27T20:50:06.197720157Z","",""
"01KG0JD8QZQC3ET9BYHPETNP8D","{""advice"":""Try to find an outcome that's fair for both of you.""}","2026-01-27T20:35:56.49867186Z",280,"2026-01-27T20:41:27.88095413Z","","","game ended","2026-01-27T20:41:37.203618419Z",1,"2026-01-27T20:43:17.488931744Z","{""adviceFollowed"":"""",""partnerAdvice"":""I believe my partner received the same instructions regarding the point system and the coordination bonus. They likely were advised to avoid collisions 0 MU and try to match the color of the parking spot with mine to gain the additional 10 MU bonus."",""feedback"":""""}","2026-01-27T20:43:17.486049389Z","01KG0HYMS21MB32QQE787A6BPS","2026-01-27T20:38:04.193440196Z",3,"2026-01-27T20:35:56.630647584Z","true","2026-01-27T20:38:24.537733522Z","01KG0JD86HCR56DV82ZVJB8CJ8","2026-01-27T20:30:35.263250303Z","696eb8f34f8377b573220527","2026-01-27T20:30:35.263250303Z","{""advice"":""Try to find an outcome that's fair for both of you."",""adviceType"":""noCG"",""chatEnabled"":false,""numRounds"":13,""playerCount"":2}","2026-01-27T20:30:35.266911713Z","noCG_cooperate","2026-01-27T20:30:35.266911713Z","{""PROLIFIC_PID"":""696eb8f34f8377b573220527"",""STUDY_ID"":""6976b36e15b09b93b6b74098"",""SESSION_ID"":""69791f3110aa9a7866c3c5e7""}","2026-01-27T20:30:35.537709375Z","{""plan"":""My goal is to maximize our total MU by coordinating on the purple spots C and D. I will try to park in spot C to get the highest possible individual payout of 29 MU, while hoping my partner takes spot D. This color-coordinated strategy provides the highest overall bonus for the team compared to the orange spots.""}","2026-01-27T20:38:24.539905937Z","",""
"01KG0JG5BAWT62XD1NJEHQ21KB","{""advice"":""Try to find an outcome that's fair for both of you.""}","2026-01-27T20:34:22.611121069Z",210,"2026-01-27T20:38:26.601938429Z","","","game ended","2026-01-27T20:38:34.619768198Z",1,"2026-01-27T20:38:55.144092695Z","{""adviceFollowed"":"""",""partnerAdvice"":""\""try to read your partner\"""",""feedback"":""""}","2026-01-27T20:38:55.141851237Z","01KG0HYKZR54Y9XP593BD6ZRJH","2026-01-27T20:33:31.286654767Z",3,"2026-01-27T20:34:22.609708713Z","true","2026-01-27T20:34:57.850813298Z","01KG0JG4PW5JR17A2G2N9H7YYG","2026-01-27T20:32:10.09036788Z","5e986435a93c9104ab935f20","2026-01-27T20:32:10.09036788Z","{""advice"":""Try to find an outcome that's fair for both of you."",""adviceType"":""noCG"",""chatEnabled"":false,""numRounds"":13,""playerCount"":2}","2026-01-27T20:32:10.095557799Z","noCG_cooperate","2026-01-27T20:32:10.095557799Z","{""PROLIFIC_PID"":""5e986435a93c9104ab935f20"",""STUDY_ID"":""6976b36e15b09b93b6b74098"",""SESSION_ID"":""6979209e8c9ccad633417d87""}","2026-01-27T20:32:10.359665561Z","{""plan"":""I will try to play fair so that we can both earn enough.""}","2026-01-27T20:34:57.849134761Z","",""
"01KG0KCB5F0DNV3N7TTM7R08X6","{""advice"":""Try to find an outcome that's fair for both of you.""}","2026-01-27T20:48:34.720132787Z",144,"2026-01-27T20:52:42.389392953Z","","","game ended","2026-01-27T20:52:52.905965428Z",1,"2026-01-27T20:53:34.068283806Z","{""adviceFollowed"":"""",""partnerAdvice"":""I dont know, but he wanted to repeat my pattern"",""feedback"":""Sometimes is confusing about MU""}","2026-01-27T20:53:34.073580581Z","01KG0HZ65A4V7R0PM4QM4CEQHM","2026-01-27T20:48:57.007604521Z",3,"2026-01-27T20:48:34.723779874Z","true","2026-01-27T20:49:07.321624324Z","01KG0KCAPZSBRQ95KS5MKQKWET","2026-01-27T20:47:33.551254675Z","6687c80aab75245843b3f226","2026-01-27T20:47:33.551254675Z","{""advice"":""Try to find an outcome that's fair for both of you."",""adviceType"":""noCG"",""chatEnabled"":false,""numRounds"":13,""playerCount"":2}","2026-01-27T20:47:33.561081755Z","noCG_cooperate","2026-01-27T20:47:33.561081755Z","{""PROLIFIC_PID"":""6687c80aab75245843b3f226"",""STUDY_ID"":""6976b36e15b09b93b6b74098"",""SESSION_ID"":""6979244d4ffb020fded38229""}","2026-01-27T20:47:33.800117626Z","{""plan"":""Try to get always the better points thinking opposite of my rival""}","2026-01-27T20:49:07.317523932Z","",""
"01KG0KGAYFSGV9FVRGWG04PDTV","{""advice"":""Try to find an outcome that's fair for both of you.""}","2026-01-27T20:51:38.907919562Z",118,"2026-01-27T21:00:04.845809916Z","","","game ended","2026-01-27T21:00:18.034566627Z",1,"2026-01-27T21:02:11.422103172Z","{""adviceFollowed"":"""",""partnerAdvice"":""I guess advice that they shouldn't cooperate with me and choose the same color as me, because I seemed like they avoided doing that. I always chose B because I wanted them to choose A, but they always chose C. They one time I chose C, they finally chose A. I was very confused."",""feedback"":""""}","2026-01-27T21:02:11.428920341Z","01KG0JENQY0NJ9KHK3XY3FZJSJ","2026-01-27T20:53:18.076632512Z",3,"2026-01-27T20:51:38.901841204Z","true","2026-01-27T20:53:19.42214778Z","01KG0KGAQAMJCYYYE08TDJ9WK2","2026-01-27T20:49:44.399880967Z","566c9284d408ea000519c6d7","2026-01-27T20:49:44.399880967Z","{""advice"":""Try to find an outcome that's fair for both of you."",""adviceType"":""noCG"",""chatEnabled"":false,""numRounds"":13,""playerCount"":2}","2026-01-27T20:49:44.409023484Z","noCG_cooperate","2026-01-27T20:49:44.409023484Z","{""PROLIFIC_PID"":""566c9284d408ea000519c6d7"",""STUDY_ID"":""6976b36e15b09b93b6b74098"",""SESSION_ID"":""697923e843f63030e72cb4c6""}","2026-01-27T20:49:44.530676518Z","{""plan"":""I want to park in the same color spot as my partner. I think I'll try and always park in the rightmost spot of the color with the highest value, although I also want to be sure that my partner and I both get as equal a number of points as possible.""}","2026-01-27T20:53:19.426250012Z","",""
"01KG0J94W70XRYW97RBA8N75FV","{""advice"":""Try to find an outcome that's fair for both of you.""}","2026-01-27T20:30:14.066122077Z",129,"2026-01-27T20:34:21.162231085Z","","","game ended","2026-01-27T20:34:50.329406227Z",1,"2026-01-27T20:36:33.111793292Z","{""adviceFollowed"":"""",""partnerAdvice"":""I honestly don't know it wasnt consistent felt like the other user was all over the place."",""feedback"":""Nothing, everything worked fine except only there was a slight delay displaying the amount written when the study asked us to write the amount of MU earned.""}","2026-01-27T20:36:33.110089369Z","01KG0HYK42FGNCGK7JVTEKKNND","2026-01-27T20:31:11.63724601Z",3,"2026-01-27T20:30:14.066655159Z","true","2026-01-27T20:31:30.797578538Z","01KG0J94CB79EP3B175A1HTR4C","2026-01-27T20:28:20.23103985Z","5e8a66381afb2c714058b57b","2026-01-27T20:28:20.23103985Z","{""advice"":""Try to find an outcome that's fair for both of you."",""adviceType"":""noCG"",""chatEnabled"":false,""numRounds"":13,""playerCount"":2}","2026-01-27T20:28:20.235606566Z","noCG_cooperate","2026-01-27T20:28:20.235606566Z","{""PROLIFIC_PID"":""5e8a66381afb2c714058b57b"",""STUDY_ID"":""6976b36e15b09b93b6b74098"",""SESSION_ID"":""69791f9186ae3d9264da6766""}","2026-01-27T20:28:20.504108397Z","{""plan"":""I will be triyng to maximize MU gains by being not greedy but rather consistent and looking for fair parking slots.""}","2026-01-27T20:31:30.796765745Z","",""
"01KG0KZ549589R666XZ6JN25RK","{""advice"":""Try to find an outcome that's fair for both of you.""}","2026-01-27T21:02:13.149065532Z",180,"2026-01-27T21:05:24.264479172Z","","","game ended","2026-01-27T21:05:36.450340121Z",1,"2026-01-27T21:05:55.036979844Z","{""adviceFollowed"":"""",""partnerAdvice"":""Try to pick the same color as your partner and stick with it"",""feedback"":""""}","2026-01-27T21:05:55.028117035Z","01KG0JEP109HE85EPXVB32E3SX","2026-01-27T21:01:57.995173671Z",3,"2026-01-27T21:02:13.15518429Z","true","2026-01-27T21:02:49.789274368Z","01KG0KZ4WK5NWWV0HCCDAKFSG3","2026-01-27T20:57:49.961909649Z","60870dd7e185006f4bc26266","2026-01-27T20:57:49.961909649Z","{""advice"":""Try to find an outcome that's fair for both of you."",""adviceType"":""noCG"",""chatEnabled"":false,""numRounds"":13,""playerCount"":2}","2026-01-27T20:57:49.973836243Z","noCG_cooperate","2026-01-27T20:57:49.973836243Z","{""PROLIFIC_PID"":""60870dd7e185006f4bc26266"",""STUDY_ID"":""6976b36e15b09b93b6b74098"",""SESSION_ID"":""697926a773d08a85a330c3b9""}","2026-01-27T20:57:50.115655398Z","{""plan"":""I will try to pick an outcome that is fair to us both and where we are choosing the same color""}","2026-01-27T21:02:49.781898256Z","",""
"01KG0JQ73JTNQ4J8MTWJ7SBF1S","{""advice"":""Try to find an outcome that's fair for both of you.""}","2026-01-27T20:37:21.141237367Z",200,"2026-01-27T20:48:32.49898989Z","","","game ended","2026-01-27T20:48:57.314378548Z",1,"2026-01-27T20:49:26.566525048Z","{""adviceFollowed"":"""",""partnerAdvice"":""similar to mine, to find an option that is fair for both of us"",""feedback"":""""}","2026-01-27T20:49:26.456282027Z","01KG0HYMHANVDAD126BEZ97SKF","2026-01-27T20:38:00.660361909Z",3,"2026-01-27T20:37:21.139402113Z","true","2026-01-27T20:38:02.744354502Z","01KG0JQ6NGCYF4Q7FSSEWMDGX8","2026-01-27T20:36:01.266579064Z","5a85d403ae9a0b0001a9ec8c","2026-01-27T20:36:01.266579064Z","{""advice"":""Try to find an outcome that's fair for both of you."",""adviceType"":""noCG"",""chatEnabled"":false,""numRounds"":13,""playerCount"":2}","2026-01-27T20:36:01.272587919Z","noCG_cooperate","2026-01-27T20:36:01.272587919Z","{""PROLIFIC_PID"":""5a85d403ae9a0b0001a9ec8c"",""STUDY_ID"":""6976b36e15b09b93b6b74098"",""SESSION_ID"":""6979218f122d2105ea7e9735""}","2026-01-27T20:36:01.51925407Z","{""plan"":""I will park on A and expect my partner to park on B because I think that's the most fair outcome for both of us""}","2026-01-27T20:38:02.742236866Z","",""
"01KG0J5E91RGR0XGP7MNW9714K","{""advice"":""Try to find an outcome that's fair for both of you.""}","2026-01-27T20:27:58.35367759Z",169,"2026-01-27T20:33:33.910291945Z","","","game ended","2026-01-27T20:33:43.128002788Z",1,"2026-01-27T20:35:04.589561749Z","{""adviceFollowed"":"""",""partnerAdvice"":""choose the highest paying option\n"",""feedback"":""""}","2026-01-27T20:35:04.43583931Z","01KG0HYJWY04AHAT4WMTXAVD3R","2026-01-27T20:28:49.155012079Z",3,"2026-01-27T20:27:58.506884656Z","true","2026-01-27T20:29:44.817701391Z","01KG0J5DNH3GEX07P51PZ1DT43","2026-01-27T20:26:18.785254679Z","5a77529ff49c9a0001f2fdbd","2026-01-27T20:26:18.785254679Z","{""advice"":""Try to find an outcome that's fair for both of you."",""adviceType"":""noCG"",""chatEnabled"":false,""numRounds"":13,""playerCount"":2}","2026-01-27T20:26:18.790674265Z","noCG_cooperate","2026-01-27T20:26:18.790674265Z","{""PROLIFIC_PID"":""5a77529ff49c9a0001f2fdbd"",""STUDY_ID"":""6976b36e15b09b93b6b74098"",""SESSION_ID"":""69791f024e74957528087412""}","2026-01-27T20:26:19.124862289Z","{""plan"":""I prefer to choose A or B hoping that the other participant will choose same color but different spot""}","2026-01-27T20:29:44.66472298Z","",""
"01KG0JD0JMGDTX73P91EJ2JTKX","{""advice"":""Try to find an outcome that's fair for both of you.""}","2026-01-27T20:32:53.365963343Z",112,"2026-01-27T20:36:59.827527534Z","","","game ended","2026-01-27T20:37:16.52203983Z",1,"2026-01-27T20:37:41.118124171Z","{""adviceFollowed"":"""",""partnerAdvice"":""Try to get the highest"",""feedback"":""""}","2026-01-27T20:37:41.116167192Z","01KG0HYKS4TF1CGBJW8EKW4ZR5","2026-01-27T20:32:41.539549928Z",3,"2026-01-27T20:32:53.364758142Z","true","2026-01-27T20:33:31.277225957Z","01KG0JD0EXMRCQP3DVCCC09YWA","2026-01-27T20:30:26.900553885Z","6112bab70c61f8247ee7e228","2026-01-27T20:30:26.900553885Z","{""advice"":""Try to find an outcome that's fair for both of you."",""adviceType"":""noCG"",""chatEnabled"":false,""numRounds"":13,""playerCount"":2}","2026-01-27T20:30:26.904743922Z","noCG_cooperate","2026-01-27T20:30:26.904743922Z","{""PROLIFIC_PID"":""6112bab70c61f8247ee7e228"",""STUDY_ID"":""6976b36e15b09b93b6b74098"",""SESSION_ID"":""69792037fe67f02eeaacb52c""}","2026-01-27T20:30:26.989270833Z","{""plan"":""Alternate colour spots""}","2026-01-27T20:33:31.275915645Z","",""
"01KG0JT005Q08NS9H8A5J8HZGC","{""advice"":""Try to find an outcome that's fair for both of you.""}","2026-01-27T20:38:18.589041242Z",168,"2026-01-27T20:40:39.355221931Z","","","game ended","2026-01-27T20:40:50.640581347Z",1,"2026-01-27T20:41:05.55868971Z","{""adviceFollowed"":"""",""partnerAdvice"":""To make it equal"",""feedback"":""no""}","2026-01-27T20:41:05.549881415Z","01KG0HYMZV0GHPXE5JGHEGB35R","2026-01-27T20:38:24.551093256Z",3,"2026-01-27T20:38:18.587024684Z","true","2026-01-27T20:38:32.636814822Z","01KG0JSZVEHAQR5T7K21JAMKD2","2026-01-27T20:37:32.293021291Z","6680d577ce8b233327b0272e","2026-01-27T20:37:32.293021291Z","{""advice"":""Try to find an outcome that's fair for both of you."",""adviceType"":""noCG"",""chatEnabled"":false,""numRounds"":13,""playerCount"":2}","2026-01-27T20:37:32.298703855Z","noCG_cooperate","2026-01-27T20:37:32.298703855Z","{""PROLIFIC_PID"":""6680d577ce8b233327b0272e"",""STUDY_ID"":""6976b36e15b09b93b6b74098"",""SESSION_ID"":""697921f50b093ded5f47a91d""}","2026-01-27T20:37:32.403655037Z","{""plan"":""To make it fair for both of us""}","2026-01-27T20:38:32.627949974Z","",""
"01KG0K87GVRW7GCFKYSAWDYEM6","{""advice"":""Try to find an outcome that's fair for both of you.""}","2026-01-27T20:46:37.180674363Z",193,"2026-01-27T20:50:03.323982404Z","","","game ended","2026-01-27T20:50:12.907026981Z",1,"2026-01-27T20:51:41.403580126Z","{""adviceFollowed"":"""",""partnerAdvice"":""No idea...\nBut it seems that same one.\n"",""feedback"":""very captive study!!""}","2026-01-27T20:51:41.398865084Z","01KG0HZ5947AQZWZAGXN50BA5D","2026-01-27T20:45:52.697784613Z",3,"2026-01-27T20:46:37.184013263Z","true","2026-01-27T20:47:44.109899528Z","01KG0K86XV40TGTSW8A2MBZJVZ","2026-01-27T20:45:18.747601768Z","5c0ed000fd0c0a0001f881ea","2026-01-27T20:45:18.747601768Z","{""advice"":""Try to find an outcome that's fair for both of you."",""adviceType"":""noCG"",""chatEnabled"":false,""numRounds"":13,""playerCount"":2}","2026-01-27T20:45:18.754740729Z","noCG_cooperate","2026-01-27T20:45:18.754740729Z","{""PROLIFIC_PID"":""5c0ed000fd0c0a0001f881ea"",""STUDY_ID"":""6976b36e15b09b93b6b74098"",""SESSION_ID"":""697923b050f1887fa765cdff""}","2026-01-27T20:45:19.075740454Z","{""plan"":""I'll try to find solutions that will fit to both us. ""}","2026-01-27T20:47:44.106383202Z","",""
"01KG0MD52704PYT41P3XMWYPCX","{""advice"":""Try to find an outcome that's fair for both of you.""}","2026-01-27T21:07:06.371507486Z",244,"2026-01-27T21:13:19.852766483Z","","","game ended","2026-01-27T21:13:48.826540514Z",1,"2026-01-27T21:14:49.703894303Z","{""adviceFollowed"":"""",""partnerAdvice"":""Start off small and see how the other player responds"",""feedback"":""Very enjoyable""}","2026-01-27T21:14:49.712652569Z","01KG0JEPS8Z092P3MH5DAZ7EQ8","2026-01-27T21:05:28.701809473Z",3,"2026-01-27T21:07:06.476555931Z","true","2026-01-27T21:08:04.559579553Z","01KG0MD4M4BG0REHB3N2WMD5Q4","2026-01-27T21:05:28.64725409Z","5ebaa1ff940078000b52ebf4","2026-01-27T21:05:28.64725409Z","{""advice"":""Try to find an outcome that's fair for both of you."",""adviceType"":""noCG"",""chatEnabled"":false,""numRounds"":13,""playerCount"":2}","2026-01-27T21:05:28.701809473Z","noCG_cooperate","2026-01-27T21:05:28.701809473Z","{""PROLIFIC_PID"":""5ebaa1ff940078000b52ebf4"",""STUDY_ID"":""6976b36e15b09b93b6b74098"",""SESSION_ID"":""6979233c3930047ff78d8730""}","2026-01-27T21:05:28.918441186Z","{""plan"":""I would aim to park where the average earnings is the highest""}","2026-01-27T21:08:04.56806147Z","",""
"01KG0J3W9Z7MEHPQ5SSNY76QFC","{""advice"":""Try to find an outcome that's fair for both of you.""}","2026-01-27T20:28:16.470499827Z",223,"2026-01-27T20:33:33.910291945Z","","","game ended","2026-01-27T20:33:43.128002788Z",1,"2026-01-27T20:35:07.51520396Z","{""adviceFollowed"":"""",""partnerAdvice"":""Similar to myself, that they should cooperate and try to get fair result "",""feedback"":""""}","2026-01-27T20:35:07.51378866Z","01KG0HYJWY04AHAT4WMTXAVD3R","2026-01-27T20:28:49.155012079Z",3,"2026-01-27T20:28:16.471478821Z","true","2026-01-27T20:30:30.748490031Z","01KG0J3VS62SFE4587D7D7YCXA","2026-01-27T20:25:27.615597405Z","596634e005f2df00017281ae","2026-01-27T20:25:27.615597405Z","{""advice"":""Try to find an outcome that's fair for both of you."",""adviceType"":""noCG"",""chatEnabled"":false,""numRounds"":13,""playerCount"":2}","2026-01-27T20:25:27.632117241Z","noCG_cooperate","2026-01-27T20:25:27.632117241Z","{""PROLIFIC_PID"":""596634e005f2df00017281ae"",""STUDY_ID"":""6976b36e15b09b93b6b74098"",""SESSION_ID"":""69791ed662b39868130cb399""}","2026-01-27T20:25:27.930819565Z","{""plan"":""I would try to get him to get on the orange tiles with me, so we both get the same amount. it would be higher than any they can swap to. it doesn't require a lot of coordination and provides a good earning, although not the best.""}","2026-01-27T20:30:30.747899694Z","",""
"01KG0JBBFEDVVSCE33RYJ0DETB","{""advice"":""Try to find an outcome that's fair for both of you.""}","2026-01-27T20:31:59.794804738Z",232,"2026-01-27T20:36:04.529546497Z","","","game ended","2026-01-27T20:36:20.727336437Z",1,"2026-01-27T20:36:56.348720733Z","{""adviceFollowed"":"""",""partnerAdvice"":""Choose always the same?"",""feedback"":""""}","2026-01-27T20:36:56.350621551Z","01KG0HYKHYVRMWKW26GRCAHB9G","2026-01-27T20:32:06.45129454Z",3,"2026-01-27T20:32:00.094714289Z","true","2026-01-27T20:32:41.527786953Z","01KG0JBAHP6708B4G6Y1B1FBT5","2026-01-27T20:29:32.526641023Z","6924ddf5079ead0dedd1754f","2026-01-27T20:29:32.526641023Z","{""advice"":""Try to find an outcome that's fair for both of you."",""adviceType"":""noCG"",""chatEnabled"":false,""numRounds"":13,""playerCount"":2}","2026-01-27T20:29:32.531307446Z","noCG_cooperate","2026-01-27T20:29:32.531307446Z","{""PROLIFIC_PID"":""6924ddf5079ead0dedd1754f"",""STUDY_ID"":""6976b36e15b09b93b6b74098"",""SESSION_ID"":""69791fda2027b314427216af""}","2026-01-27T20:29:32.876743966Z","{""plan"":""We park in different spots, same color""}","2026-01-27T20:32:41.481206446Z","",""
"01KG0JWZY9WPM903KH67J06BWM","{""advice"":""Try to find an outcome that's fair for both of you.""}","2026-01-27T20:43:37.038688831Z",120,"2026-01-27T20:52:25.553351082Z","","","game ended","2026-01-27T20:52:50.919055508Z",1,"2026-01-27T20:56:45.72687116Z","{""adviceFollowed"":"""",""partnerAdvice"":""Same advise as the one I got."",""feedback"":""""}","2026-01-27T20:56:45.72125988Z","01KG0HZ4TE1ZCYJHAFNP77DY36","2026-01-27T20:44:52.926441076Z",3,"2026-01-27T20:43:37.041539939Z","true","2026-01-27T20:45:52.684296674Z","01KG0JWXNSKPYRKM0D1H3HWTT1","2026-01-27T20:39:10.537709112Z","60d1bf1c234f11f55bfcd276","2026-01-27T20:39:10.537709112Z","{""advice"":""Try to find an outcome that's fair for both of you."",""adviceType"":""noCG"",""chatEnabled"":false,""numRounds"":13,""playerCount"":2}","2026-01-27T20:39:10.54562875Z","noCG_cooperate","2026-01-27T20:39:10.54562875Z","{""PROLIFIC_PID"":""60d1bf1c234f11f55bfcd276"",""STUDY_ID"":""6976b36e15b09b93b6b74098"",""SESSION_ID"":""69792110f589162442af5258""}","2026-01-27T20:39:11.556946507Z","{""plan"":""Be alphabetically in order""}","2026-01-27T20:45:52.680270568Z","",""
"01KG0K3BEJS500ZWTP04N7XF8V","{""advice"":""Try to find an outcome that's fair for both of you.""}","2026-01-27T20:44:09.915481977Z",144,"2026-01-27T20:52:25.553351082Z","","","game ended","2026-01-27T20:52:50.919055508Z",1,"2026-01-27T20:53:45.350273491Z","{""adviceFollowed"":"""",""partnerAdvice"":""I think he got the same conditions like me"",""feedback"":""""}","2026-01-27T20:53:45.205223229Z","01KG0HZ4TE1ZCYJHAFNP77DY36","2026-01-27T20:44:52.926441076Z",3,"2026-01-27T20:44:10.058174354Z","true","2026-01-27T20:45:02.212244657Z","01KG0K3AWZA78Y1E08DJX2Z0VS","2026-01-27T20:42:38.930386803Z","69307959af34be81b0b72154","2026-01-27T20:42:38.930386803Z","{""advice"":""Try to find an outcome that's fair for both of you."",""adviceType"":""noCG"",""chatEnabled"":false,""numRounds"":13,""playerCount"":2}","2026-01-27T20:42:38.937261065Z","noCG_cooperate","2026-01-27T20:42:38.937261065Z","{""PROLIFIC_PID"":""69307959af34be81b0b72154"",""STUDY_ID"":""6976b36e15b09b93b6b74098"",""SESSION_ID"":""697923215874c570e1a9d29a""}","2026-01-27T20:42:39.213044325Z","{""plan"":""I want to park on spot a or b because there is a high probability that my partner wants the best price of slot c""}","2026-01-27T20:45:02.066534306Z","",""
"01KG0K9XJGSXB0QNRVAP5CWRVK","{""advice"":""Try to find an outcome that's fair for both of you.""}","2026-01-27T20:47:37.625336782Z",170,"2026-01-27T20:51:42.705500452Z","","","game ended","2026-01-27T20:51:53.091441654Z",1,"2026-01-27T20:52:14.465735988Z","{""adviceFollowed"":"""",""partnerAdvice"":""To stick with a colour"",""feedback"":""""}","2026-01-27T20:52:14.459519677Z","01KG0HZ5QC20NJ7P2HJA5PDW62","2026-01-27T20:47:44.125452246Z",3,"2026-01-27T20:47:37.621877957Z","true","2026-01-27T20:48:08.223567633Z","01KG0K9X4HYECB80A9X6WWRT10","2026-01-27T20:46:14.096487664Z","5edf878332e230257937edd1","2026-01-27T20:46:14.096487664Z","{""advice"":""Try to find an outcome that's fair for both of you."",""adviceType"":""noCG"",""chatEnabled"":false,""numRounds"":13,""playerCount"":2}","2026-01-27T20:46:14.104673397Z","noCG_cooperate","2026-01-27T20:46:14.104673397Z","{""PROLIFIC_PID"":""5edf878332e230257937edd1"",""STUDY_ID"":""6976b36e15b09b93b6b74098"",""SESSION_ID"":""697923faa44f92dd9d45665e""}","2026-01-27T20:46:14.387140044Z","{""plan"":""Pick a colour and stick to it""}","2026-01-27T20:48:08.226953571Z","",""
"01KG0KYXWG2P085VHE19XK5953","{""advice"":""Try to find an outcome that's fair for both of you.""}","2026-01-27T21:00:27.421134528Z",129,"2026-01-27T21:06:22.927807278Z","","","game ended","2026-01-27T21:06:52.955906765Z",1,"2026-01-27T21:07:32.972965163Z","{""adviceFollowed"":"""",""partnerAdvice"":""I think working the same parking spot"",""feedback"":""""}","2026-01-27T21:07:32.964308374Z","01KG0JENF501MR461J1V60BGP8","2026-01-27T21:00:03.027306675Z",3,"2026-01-27T21:00:27.428204915Z","true","2026-01-27T21:01:57.981539178Z","01KG0KYWVCDX5A2QE00MJMZGCJ","2026-01-27T20:57:42.544948234Z","611ec3be116703174027b104","2026-01-27T20:57:42.544948234Z","{""advice"":""Try to find an outcome that's fair for both of you."",""adviceType"":""noCG"",""chatEnabled"":false,""numRounds"":13,""playerCount"":2}","2026-01-27T20:57:42.558192877Z","noCG_cooperate","2026-01-27T20:57:42.558192877Z","{""PROLIFIC_PID"":""611ec3be116703174027b104"",""STUDY_ID"":""6976b36e15b09b93b6b74098"",""SESSION_ID"":""6979249fe2a68668c1935bc3""}","2026-01-27T20:57:43.073890964Z","{""plan"":""To choose a parking spot that will work out for the both of us and not choose the parking spot that I chose previously. I will try be as creative as possible""}","2026-01-27T21:01:57.976095579Z","",""
"01KG0J4MA2W016WR4E596STEZH","{""advice"":""Try to find an outcome that's fair for both of you.""}","2026-01-27T20:28:05.270698142Z",137,"2026-01-27T20:32:12.155818763Z","","","game ended","2026-01-27T20:32:26.469917722Z",1,"2026-01-27T20:33:38.711907446Z","{""adviceFollowed"":"""",""partnerAdvice"":""To go for B"",""feedback"":""Webpage froze and had to reload""}","2026-01-27T20:33:38.71049871Z","01KG0HYJQ0G51ZWNTKDMBHJAFF","2026-01-27T20:27:55.455112254Z",3,"2026-01-27T20:28:05.270322075Z","true","2026-01-27T20:28:34.897465966Z","01KG0J4KR7QE906AD21KPRF0W1","2026-01-27T20:25:52.19487749Z","693c3fb24a0ca7d7a52fbc16","2026-01-27T20:25:52.19487749Z","{""advice"":""Try to find an outcome that's fair for both of you."",""adviceType"":""noCG"",""chatEnabled"":false,""numRounds"":13,""playerCount"":2}","2026-01-27T20:25:52.200104605Z","noCG_cooperate","2026-01-27T20:25:52.200104605Z","{""PROLIFIC_PID"":""693c3fb24a0ca7d7a52fbc16"",""STUDY_ID"":""6976b36e15b09b93b6b74098"",""SESSION_ID"":""69791f283578a1cebf3d76a4""}","2026-01-27T20:25:52.506791032Z","{""plan"":""I will enter D every time. You go to C""}","2026-01-27T20:28:34.897915616Z","",""
"01KG2FAXS6BMV5050KR7E3YFV9","{""advice"":""Try to find an outcome that's fair for both of you.""}","2026-01-28T14:18:05.874641389Z",147,"2026-01-28T14:25:46.97441462Z","","","game ended","2026-01-28T14:26:10.453830264Z",1,"2026-01-28T14:29:04.791329321Z","{""adviceFollowed"":"""",""partnerAdvice"":""i should be more carefull next time when we have to park "",""feedback"":""""}","2026-01-28T14:29:04.789095501Z","01KG2EWRTP31H1KHDJ4717Z9J7","2026-01-28T14:17:35.326343295Z",3,"2026-01-28T14:18:05.857413739Z","true","2026-01-28T14:19:22.364266986Z","01KG2FAWJECRWNEFCCHZ0WGP6G","2026-01-28T14:15:21.638487181Z","67f7935fdb24bf8465f4dfa6","2026-01-28T14:15:21.638487181Z","{""advice"":""Try to find an outcome that's fair for both of you."",""adviceType"":""noCG"",""chatEnabled"":false,""numRounds"":13,""playerCount"":2}","2026-01-28T14:15:21.642156299Z","noCG_cooperate","2026-01-28T14:15:21.642156299Z","{""PROLIFIC_PID"":""67f7935fdb24bf8465f4dfa6"",""STUDY_ID"":""6976b36e15b09b93b6b74098"",""SESSION_ID"":""697a1980577962f6af47ed68""}","2026-01-28T14:15:22.257301088Z","{""plan"":""isw to park the car in different spot""}","2026-01-28T14:19:22.367465567Z",NA,NA
"01KG2HQ8PV5XZYJQ7HP0DFQHAQ","{""advice"":""Try to get the best outcome for yourself.""}","2026-01-28T14:59:10.993010469Z",95,"2026-01-28T15:02:37.903858357Z","","","game ended","2026-01-28T15:02:50.7169889Z",1,"2026-01-28T15:03:54.1811834Z","{""adviceFollowed"":""Yes because they would choose C which is the higher reward."",""partnerAdvice"":"""",""feedback"":""After selecting my spot in round 1, my page was blank so I refreshed then I was able to complete the activity.""}","2026-01-28T15:03:54.173164862Z","01KG2HA11M23CN2TNAZYGN6MJC","2026-01-28T14:57:03.209995294Z",3,"2026-01-28T14:59:10.999428091Z","true","2026-01-28T14:59:42.133267182Z","01KG2HQ84Q1TZAEYQ0Z874JBYV","2026-01-28T14:57:03.19574166Z","648868c355e5b891758c5767","2026-01-28T14:57:03.19574166Z","{""advice"":""Try to get the best outcome for yourself."",""adviceType"":""CG"",""numRounds"":13,""playerCount"":2}","2026-01-28T14:57:03.209995294Z","CG_selfish","2026-01-28T14:57:03.209995294Z","{""PROLIFIC_PID"":""648868c355e5b891758c5767"",""STUDY_ID"":""6976b36e15b09b93b6b74098"",""SESSION_ID"":""697a23a850a076dbc2813977""}","2026-01-28T14:57:03.502918507Z","{""plan"":""I will aim to get the best outcome for myself while considering where my partner may park.""}","2026-01-28T14:59:42.126936455Z",NA,NA
"01KG2GTVYPS8R4J6EBGNSYK8XZ","{""advice"":""Try to get the best outcome for yourself.""}","2026-01-28T14:42:24.793319396Z",196,"2026-01-28T14:46:44.864686025Z","","","game ended","2026-01-28T14:46:57.298720689Z",1,"2026-01-28T14:47:53.266153983Z","{""adviceFollowed"":"""",""partnerAdvice"":""Find a good option and stick with, hope that the other person catches on to this."",""feedback"":""""}","2026-01-28T14:47:53.270775821Z","01KG2GQ1XN7XGFT1R0TDJMHZ68","2026-01-28T14:41:32.641081988Z",3,"2026-01-28T14:42:24.929216916Z","true","2026-01-28T14:42:54.630799673Z","01KG2GTVDGBR3MP1Z34W88X4MA","2026-01-28T14:41:32.630699645Z","67458e548861194752950b3e","2026-01-28T14:41:32.630699645Z","{""advice"":""Try to get the best outcome for yourself."",""adviceType"":""noCG"",""chatEnabled"":false,""numRounds"":13,""playerCount"":2}","2026-01-28T14:41:32.641081988Z","noCG_selfish","2026-01-28T14:41:32.641081988Z","{""PROLIFIC_PID"":""67458e548861194752950b3e"",""STUDY_ID"":""6976b36e15b09b93b6b74098"",""SESSION_ID"":""697a1ff24336ae7c37fd8860""}","2026-01-28T14:41:32.92670679Z","{""plan"":""Best outcome for myself.""}","2026-01-28T14:42:54.627427088Z",NA,NA
"01KG2GVY5SD76ZVFSRANXGN1KE","{""advice"":""Try to get the best outcome for yourself.""}","2026-01-28T14:44:51.362102555Z",210,"2026-01-28T14:50:17.942815699Z","","","game ended","2026-01-28T14:50:26.32827701Z",1,"2026-01-28T14:51:01.589780164Z","{""adviceFollowed"":"""",""partnerAdvice"":""To get the most points for himself"",""feedback"":""No""}","2026-01-28T14:51:01.583670691Z","01KG2GQ978B17WQFN80SP8Z0ZF","2026-01-28T14:45:32.470760135Z",3,"2026-01-28T14:44:51.476746351Z","true","2026-01-28T14:45:35.365354803Z","01KG2GVXPNPHN7EJ3TXXBPYRW6","2026-01-28T14:42:07.673326139Z","64136457f1327294ffb3fef9","2026-01-28T14:42:07.673326139Z","{""advice"":""Try to get the best outcome for yourself."",""adviceType"":""noCG"",""chatEnabled"":false,""numRounds"":13,""playerCount"":2}","2026-01-28T14:42:07.681747689Z","noCG_selfish","2026-01-28T14:42:07.681747689Z","{""PROLIFIC_PID"":""64136457f1327294ffb3fef9"",""STUDY_ID"":""6976b36e15b09b93b6b74098"",""SESSION_ID"":""697a1fe4c9133813154c78dd""}","2026-01-28T14:42:07.927034452Z","{""plan"":""Aim for the best pay off for myself to begin with, see what the other player does and then adjust accordingly""}","2026-01-28T14:45:35.361532878Z",NA,NA
"01KG2F5ANJ794VWYA4HPX7HJ9G","{""advice"":""Try to find an outcome that's fair for both of you.""}","2026-01-28T14:14:13.830450046Z",211,"2026-01-28T14:19:29.302141992Z","","","game ended","2026-01-28T14:19:47.955568208Z",1,"2026-01-28T14:21:35.357763299Z","{""adviceFollowed"":"""",""partnerAdvice"":""stay out of the high paying C spot and focus on building steady moderate earnings"",""feedback"":""I thought that advice I entered was visible to my partner, clearly not. The game froze around round 9 or 10 and I had to reload the page""}","2026-01-28T14:21:35.355826082Z","01KG2EWQHS78HPYFKME7C0A742","2026-01-28T14:14:58.678553786Z",3,"2026-01-28T14:14:13.830892289Z","true","2026-01-28T14:15:03.407979835Z","01KG2F5A6QK2HR1HRNYANA5K6X","2026-01-28T14:12:18.226732031Z","681b781064a5701a5ceee3bc","2026-01-28T14:12:18.226732031Z","{""advice"":""Try to find an outcome that's fair for both of you."",""adviceType"":""noCG"",""chatEnabled"":false,""numRounds"":13,""playerCount"":2}","2026-01-28T14:12:18.23148213Z","noCG_cooperate","2026-01-28T14:12:18.23148213Z","{""PROLIFIC_PID"":""681b781064a5701a5ceee3bc"",""STUDY_ID"":""6976b36e15b09b93b6b74098"",""SESSION_ID"":""697a19119876cbd19b7ea75b""}","2026-01-28T14:12:18.599068378Z","{""plan"":""I start with c then d then alternate until the end of the task, you start with d then c etc OK?""}","2026-01-28T14:15:03.406859745Z",NA,NA
"01KG2GT4EJ9JJHHB982BFYRSVS","{""advice"":""Try to get the best outcome for yourself.""}","2026-01-28T14:43:11.086738844Z",103,"2026-01-28T14:48:06.417525268Z","","","game ended","2026-01-28T14:48:15.325966209Z",1,"2026-01-28T14:48:55.103640766Z","{""adviceFollowed"":"""",""partnerAdvice"":""I think he received the advice not to give up and try to get the best space at any cost"",""feedback"":""""}","2026-01-28T14:48:55.099151438Z","01KG2GQ850Q27G63CHA1ZC12GV","2026-01-28T14:44:08.273650117Z",3,"2026-01-28T14:43:11.090280171Z","true","2026-01-28T14:44:23.891232334Z","01KG2GT3YCSVXBE7TETCHKEBGW","2026-01-28T14:41:08.562232899Z","67a8d996b6dd57db605935b4","2026-01-28T14:41:08.562232899Z","{""advice"":""Try to get the best outcome for yourself."",""adviceType"":""noCG"",""chatEnabled"":false,""numRounds"":13,""playerCount"":2}","2026-01-28T14:41:08.572600995Z","noCG_selfish","2026-01-28T14:41:08.572600995Z","{""PROLIFIC_PID"":""67a8d996b6dd57db605935b4"",""STUDY_ID"":""6976b36e15b09b93b6b74098"",""SESSION_ID"":""697a1fe36190e3eca031fe62""}","2026-01-28T14:41:08.832759376Z","{""plan"":""Try to get the most profitable outcome. Potentially expect collisions, due to partner also wishing to take up the places. ""}","2026-01-28T14:44:23.88639053Z",NA,NA
"01KG2GTAN7BE9HR2RMYES0BJ9G","{""advice"":""Try to get the best outcome for yourself.""}","2026-01-28T14:43:15.620116865Z",166,"2026-01-28T14:46:44.864686025Z","","","game ended","2026-01-28T14:46:57.298720689Z",1,"2026-01-28T14:47:19.470490572Z","{""adviceFollowed"":"""",""partnerAdvice"":""Do what's best for themselves!"",""feedback"":""""}","2026-01-28T14:47:19.466710374Z","01KG2GQ1XN7XGFT1R0TDJMHZ68","2026-01-28T14:41:14.930052905Z",3,"2026-01-28T14:43:15.617392027Z","true","2026-01-28T14:44:08.261103138Z","01KG2GTA7NWE21YG1FW4BGXAVD","2026-01-28T14:41:14.919527498Z","5d7a1fce27fb8a000196993e","2026-01-28T14:41:14.919527498Z","{""advice"":""Try to get the best outcome for yourself."",""adviceType"":""noCG"",""chatEnabled"":false,""numRounds"":13,""playerCount"":2}","2026-01-28T14:41:14.930052905Z","noCG_selfish","2026-01-28T14:41:14.930052905Z","{""PROLIFIC_PID"":""5d7a1fce27fb8a000196993e"",""STUDY_ID"":""6976b36e15b09b93b6b74098"",""SESSION_ID"":""697a1fe2ac107d9bb6b546a9""}","2026-01-28T14:41:15.172591805Z","{""plan"":""I may choose the side with the highest earning sport and choose the other one, hoping that my partner chooses the other spot.""}","2026-01-28T14:44:08.257682706Z",NA,NA
"01KG2F6WKXX1VRF3TY2JF1GQMQ","{""advice"":""Try to find an outcome that's fair for both of you.""}","2026-01-28T14:15:40.698995088Z",198,"2026-01-28T14:20:01.931187264Z","","","game ended","2026-01-28T14:20:16.501169338Z",1,"2026-01-28T14:20:56.959816778Z","{""adviceFollowed"":"""",""partnerAdvice"":""to aim for maximum MUs for themselves"",""feedback"":""""}","2026-01-28T14:20:56.955842338Z","01KG2EWR0HV4HYSXNXWSG7BFM0","2026-01-28T14:15:41.807327108Z",3,"2026-01-28T14:15:41.021061221Z","true","2026-01-28T14:16:52.90813265Z","01KG2F6V9BYQSFATEE8SB9JMZ3","2026-01-28T14:13:09.373704158Z","614831813dc412ccc8e2f563","2026-01-28T14:13:09.373704158Z","{""advice"":""Try to find an outcome that's fair for both of you."",""adviceType"":""noCG"",""chatEnabled"":false,""numRounds"":13,""playerCount"":2}","2026-01-28T14:13:09.378001308Z","noCG_cooperate","2026-01-28T14:13:09.378001308Z","{""PROLIFIC_PID"":""614831813dc412ccc8e2f563"",""STUDY_ID"":""6976b36e15b09b93b6b74098"",""SESSION_ID"":""697a19281810fd284407946a""}","2026-01-28T14:13:10.811318452Z","{""plan"":""To make sure me and my partner earn fair share of MU and avoid penality""}","2026-01-28T14:16:52.906974439Z",NA,NA
"01KG2J5SHRB6BYZQ2B64VGC2Y3","{""advice"":""Try to get the best outcome for yourself.""}","2026-01-28T15:06:12.808735289Z",190,"2026-01-28T15:09:27.6626505Z","","","game ended","2026-01-28T15:09:44.677902506Z",1,"2026-01-28T15:10:15.435606438Z","{""adviceFollowed"":""Yes, I tried to maximize my own bonus but I had to be aware of the other player's choices to do that."",""partnerAdvice"":"""",""feedback"":""No""}","2026-01-28T15:10:15.425566014Z","01KG2HADS5660G8KTZGRJFCEY7","2026-01-28T15:06:43.516307615Z",3,"2026-01-28T15:06:12.817179739Z","true","2026-01-28T15:06:55.749535448Z","01KG2J5SB69ABTX9SYGCFEAYWK","2026-01-28T15:04:59.192081202Z","58a0c507890ea500014c4e9b","2026-01-28T15:04:59.192081202Z","{""advice"":""Try to get the best outcome for yourself."",""adviceType"":""CG"",""numRounds"":13,""playerCount"":2}","2026-01-28T15:04:59.207474007Z","CG_selfish","2026-01-28T15:04:59.207474007Z","{""PROLIFIC_PID"":""58a0c507890ea500014c4e9b"",""STUDY_ID"":""6976b36e15b09b93b6b74098"",""SESSION_ID"":""697a2587751ffc8432d8bfc6""}","2026-01-28T15:04:59.343970178Z","{""plan"":""Try to maximize my own bonus. I will try to make sure I'm getting the most I can without clashing.""}","2026-01-28T15:06:55.758082432Z",NA,NA
"01KG2F21D07PJKNR7YN4ZJZ448","{""advice"":""Try to find an outcome that's fair for both of you.""}","2026-01-28T14:12:04.099836457Z",88,"2026-01-28T14:15:10.878931484Z","","","game ended","2026-01-28T14:15:27.886582911Z",1,"2026-01-28T14:15:57.654820087Z","{""adviceFollowed"":"""",""partnerAdvice"":""i think they were advised to always choose C in order to prompt me to change my selection"",""feedback"":""""}","2026-01-28T14:15:57.653282509Z","01KG2EWPY98DYYWXCFXPGDC9KM","2026-01-28T14:12:22.811906344Z",3,"2026-01-28T14:12:04.104128978Z","true","2026-01-28T14:12:53.393740414Z","01KG2F213PYR0JHAA2RCB386T0","2026-01-28T14:10:30.432286103Z","60e49d8302404edb1e133168","2026-01-28T14:10:30.432286103Z","{""advice"":""Try to find an outcome that's fair for both of you."",""adviceType"":""noCG"",""chatEnabled"":false,""numRounds"":13,""playerCount"":2}","2026-01-28T14:10:30.438026712Z","noCG_cooperate","2026-01-28T14:10:30.438026712Z","{""PROLIFIC_PID"":""60e49d8302404edb1e133168"",""STUDY_ID"":""6976b36e15b09b93b6b74098"",""SESSION_ID"":""697a18abfe06b3a4b9750b1a""}","2026-01-28T14:10:30.653672645Z","{""plan"":""game plan is to choose the spot i think my partner would least be interested in so that we do not end up in the same spot""}","2026-01-28T14:12:53.379082902Z",NA,NA
"01KG2F88WG8BC5HRMY8P1EE0FK","{""advice"":""Try to find an outcome that's fair for both of you.""}","2026-01-28T14:15:52.383680307Z",198,"2026-01-28T14:20:01.931187264Z","","","game ended","2026-01-28T14:20:16.501169338Z",1,"2026-01-28T14:20:44.077300622Z","{""adviceFollowed"":"""",""partnerAdvice"":""I assume they received the same advice as me"",""feedback"":""""}","2026-01-28T14:20:44.074624678Z","01KG2EWR0HV4HYSXNXWSG7BFM0","2026-01-28T14:15:41.807327108Z",3,"2026-01-28T14:15:52.386428012Z","true","2026-01-28T14:16:19.031876469Z","01KG2F88DGCVBH1W8BCS34NX27","2026-01-28T14:13:54.704618105Z","600606925db9c892b3939202","2026-01-28T14:13:54.704618105Z","{""advice"":""Try to find an outcome that's fair for both of you."",""adviceType"":""noCG"",""chatEnabled"":false,""numRounds"":13,""playerCount"":2}","2026-01-28T14:13:54.708871783Z","noCG_cooperate","2026-01-28T14:13:54.708871783Z","{""PROLIFIC_PID"":""600606925db9c892b3939202"",""STUDY_ID"":""6976b36e15b09b93b6b74098"",""SESSION_ID"":""697a197ed0a801083365fc1d""}","2026-01-28T14:13:54.974449134Z","{""plan"":""pick a lower amount to hopefully ensure a bonus""}","2026-01-28T14:16:19.033413876Z",NA,NA
"01KG2GZB5ZGXGGQ23MRTQK4MEC","{""advice"":""Try to get the best outcome for yourself.""}","2026-01-28T14:44:56.107594659Z",250,"2026-01-28T14:47:45.46278827Z","","","game ended","2026-01-28T14:47:54.522157352Z",1,"2026-01-28T14:48:10.268805535Z","{""adviceFollowed"":"""",""partnerAdvice"":""I don't know"",""feedback"":""none""}","2026-01-28T14:48:10.27299669Z","01KG2GQ8Q89C2BR1YJK7VHA1AX","2026-01-28T14:44:49.951603321Z",3,"2026-01-28T14:44:56.111222896Z","true","2026-01-28T14:45:23.97443171Z","01KG2GZAMRDCM6RCH0WZH4F90W","2026-01-28T14:43:59.296007734Z","671b68a76d6acb526141c2a4","2026-01-28T14:43:59.296007734Z","{""advice"":""Try to get the best outcome for yourself."",""adviceType"":""noCG"",""chatEnabled"":false,""numRounds"":13,""playerCount"":2}","2026-01-28T14:43:59.306286993Z","noCG_selfish","2026-01-28T14:43:59.306286993Z","{""PROLIFIC_PID"":""671b68a76d6acb526141c2a4"",""STUDY_ID"":""6976b36e15b09b93b6b74098"",""SESSION_ID"":""697a2087bd4d418c28fd887b""}","2026-01-28T14:43:59.585640772Z","{""plan"":""I don't have a game plan""}","2026-01-28T14:45:23.969331524Z",NA,NA
"01KG2H1SW78XGFC7J772C07SMF","{""advice"":""Try to get the best outcome for yourself.""}","2026-01-28T14:46:01.76656722Z",357,"2026-01-28T14:54:04.412386731Z","","","game ended","2026-01-28T14:54:25.763333068Z",1,"2026-01-28T14:55:02.555435636Z","{""adviceFollowed"":"""",""partnerAdvice"":""I think he didnt follow the advice"",""feedback"":""Not much""}","2026-01-28T14:55:02.549142897Z","01KG2GQ9XCWARKTEZGNJXGKQ0M","2026-01-28T14:46:49.201390798Z",3,"2026-01-28T14:46:01.770407408Z","true","2026-01-28T14:47:31.139607606Z","01KG2H1RXD2Q14JK77QMQXMD8B","2026-01-28T14:45:19.879751979Z","667ebb747b43b02dbbd26d47","2026-01-28T14:45:19.879751979Z","{""advice"":""Try to get the best outcome for yourself."",""adviceType"":""noCG"",""chatEnabled"":false,""numRounds"":13,""playerCount"":2}","2026-01-28T14:45:19.889024804Z","noCG_selfish","2026-01-28T14:45:19.889024804Z","{""PROLIFIC_PID"":""667ebb747b43b02dbbd26d47"",""STUDY_ID"":""6976b36e15b09b93b6b74098"",""SESSION_ID"":""697a20cdbd6ba10f3431a28a""}","2026-01-28T14:45:20.431543416Z","{""plan"":""My plan is to avoid collisions by never choosing the same spot twice in a row. I will consider pairing C and D together since they give the 10 MU bonus plus their regular earnings, which is higher overall.""}","2026-01-28T14:47:31.135621121Z",NA,NA
"01KG2J2PQH1493YT5EHMYSPZ5P","{""advice"":""Try to get the best outcome for yourself.""}","2026-01-28T15:06:46.416946152Z",149,"2026-01-28T15:14:55.845810977Z","","","game ended","2026-01-28T15:15:27.639114518Z",1,"2026-01-28T15:16:54.769475787Z","{""adviceFollowed"":""YES, WE BOTH FOLLOWED THE ADVICE WELL"",""partnerAdvice"":"""",""feedback"":""NO""}","2026-01-28T15:16:54.738906467Z","01KG2HAECPM7PNWB7DP32J3CT1","2026-01-28T15:06:57.337601741Z",3,"2026-01-28T15:06:46.794154592Z","true","2026-01-28T15:08:36.289406687Z","01KG2J2NAFCWKE5MTH12GFZGQM","2026-01-28T15:03:18.001558458Z","6720ff581ec732088e60b353","2026-01-28T15:03:18.001558458Z","{""advice"":""Try to get the best outcome for yourself."",""adviceType"":""CG"",""numRounds"":13,""playerCount"":2}","2026-01-28T15:03:18.016017244Z","CG_selfish","2026-01-28T15:03:18.016017244Z","{""PROLIFIC_PID"":""6720ff581ec732088e60b353"",""STUDY_ID"":""6976b36e15b09b93b6b74098"",""SESSION_ID"":""697a249c9f1d8de425c4cb51""}","2026-01-28T15:03:21.112319974Z","{""plan"":""IS TO GET THE BEST SPORT BUT DIFFERENT TO PARTNER""}","2026-01-28T15:08:36.281277674Z",NA,NA
"01KG2FG46DHKPJY2DA66AE2NKV","{""advice"":""Try to find an outcome that's fair for both of you.""}","2026-01-28T14:21:05.144553165Z",144,"2026-01-28T14:24:25.537934843Z","","","game ended","2026-01-28T14:24:47.941924312Z",1,"2026-01-28T14:25:21.629975327Z","{""adviceFollowed"":"""",""partnerAdvice"":""Play for yourself!"",""feedback"":""no""}","2026-01-28T14:25:21.623124961Z","01KG2EX7B2RDDC05XWYRVV83Q7","2026-01-28T14:21:06.113132743Z",3,"2026-01-28T14:21:05.29089082Z","true","2026-01-28T14:22:02.392704029Z","01KG2FG3KJEMYZ62HGW2359TMY","2026-01-28T14:18:12.045168048Z","5eccd97f6ce039000b2a61f2","2026-01-28T14:18:12.045168048Z","{""advice"":""Try to find an outcome that's fair for both of you."",""adviceType"":""noCG"",""chatEnabled"":false,""numRounds"":13,""playerCount"":2}","2026-01-28T14:18:12.050659915Z","noCG_cooperate","2026-01-28T14:18:12.050659915Z","{""PROLIFIC_PID"":""5eccd97f6ce039000b2a61f2"",""STUDY_ID"":""6976b36e15b09b93b6b74098"",""SESSION_ID"":""697a1a76982e3c7e05100492""}","2026-01-28T14:18:12.370029053Z","{""plan"":""I will try to make the highest earnings for myself I don't care for the other player!""}","2026-01-28T14:22:02.385456413Z",NA,NA
"01KG2HRJ845738XNRQXEVWQ4F9","{""advice"":""Try to get the best outcome for yourself.""}","2026-01-28T14:59:29.19802573Z",139,"2026-01-28T15:02:32.788640185Z","","","game ended","2026-01-28T15:02:53.796017981Z",1,"2026-01-28T15:03:22.33219674Z","{""adviceFollowed"":""He followed the advice of the other person and tried to get the most for themselves"",""partnerAdvice"":"""",""feedback"":""""}","2026-01-28T15:03:22.323071379Z","01KG2HAAFQS07NM7VDRPFXCADF","2026-01-28T15:00:05.998671941Z",3,"2026-01-28T14:59:29.204603686Z","true","2026-01-28T15:00:19.106408605Z","01KG2HRJ1HEY7FFTPDV91TKWTF","2026-01-28T14:57:45.732193069Z","647652cb5644044df439e1fb","2026-01-28T14:57:45.732193069Z","{""advice"":""Try to get the best outcome for yourself."",""adviceType"":""CG"",""numRounds"":13,""playerCount"":2}","2026-01-28T14:57:45.744287583Z","CG_selfish","2026-01-28T14:57:45.744287583Z","{""PROLIFIC_PID"":""647652cb5644044df439e1fb"",""STUDY_ID"":""6976b36e15b09b93b6b74098"",""SESSION_ID"":""697a23d1010e80aba7324854""}","2026-01-28T14:57:45.870770808Z","{""plan"":""I plan to park in different spots with the same color to try and keep it fair""}","2026-01-28T15:00:19.112918807Z",NA,NA
"01KG2F5WPRCQT0Q9DB5XSAE2B6","{""advice"":""Try to find an outcome that's fair for both of you.""}","2026-01-28T14:14:30.692535048Z",93,"2026-01-28T14:19:17.660093736Z","","","game ended","2026-01-28T14:19:43.506203757Z",1,"2026-01-28T14:20:25.636991784Z","{""adviceFollowed"":"""",""partnerAdvice"":""I am not sure."",""feedback"":""I had to reload the page once.""}","2026-01-28T14:20:25.634641931Z","01KG2EWRCNJXTQXN5ZVGE1H4ZP","2026-01-28T14:16:52.920925111Z",3,"2026-01-28T14:14:30.691954725Z","true","2026-01-28T14:17:10.806179095Z","01KG2F5W702SXMK52K4XX187R1","2026-01-28T14:12:36.696365003Z","6925a1101138104391986b37","2026-01-28T14:12:36.696365003Z","{""advice"":""Try to find an outcome that's fair for both of you."",""adviceType"":""noCG"",""chatEnabled"":false,""numRounds"":13,""playerCount"":2}","2026-01-28T14:12:36.70057198Z","noCG_cooperate","2026-01-28T14:12:36.70057198Z","{""PROLIFIC_PID"":""6925a1101138104391986b37"",""STUDY_ID"":""6976b36e15b09b93b6b74098"",""SESSION_ID"":""697a191f6f92d7ac0189a3f4""}","2026-01-28T14:12:37.003960712Z","{""plan"":""Park in yellow spots make same earnings for both of us, but only if we both choose different letter. Choosing violet spots make more for one and less for other player.""}","2026-01-28T14:17:10.807098364Z",NA,NA
"01KG2FWSF43EPBRV9PB2ZY99YG","{""advice"":""Try to find an outcome that's fair for both of you.""}","2026-01-28T14:28:52.454510227Z",150,"2026-01-28T14:43:43.211907735Z","","","game ended","2026-01-28T14:44:06.777656317Z",1,"2026-01-28T14:44:44.879231409Z","{""adviceFollowed"":"""",""partnerAdvice"":""I think my partner probably received advice to focus on maximizing points or staying consistent with one option, because they often repeated the same choice across rounds. It seemed like they were trying to follow a simple strategy rather than adapting too much."",""feedback"":""The instructions were clear and the game was easy to understand after a few rounds. One small improvement could be showing the partner’s previous choice more clearly, so coordination becomes easier and faster. Overall, the experience was smooth and engaging.""}","2026-01-28T14:44:44.875801117Z","01KG2EXAF253ZCQTE2KS8S8YQ2","2026-01-28T14:28:04.181980774Z",3,"2026-01-28T14:28:52.755098585Z","true","2026-01-28T14:33:59.3562385Z","01KG2FWR6YRDA23S1491BTSFEG","2026-01-28T14:25:07.044728873Z","68f11a728e512a0d1123876a","2026-01-28T14:25:07.044728873Z","{""advice"":""Try to find an outcome that's fair for both of you."",""adviceType"":""noCG"",""chatEnabled"":false,""numRounds"":13,""playerCount"":2}","2026-01-28T14:25:07.052445116Z","noCG_cooperate","2026-01-28T14:25:07.052445116Z","{""PROLIFIC_PID"":""68f11a728e512a0d1123876a"",""STUDY_ID"":""6976b36e15b09b93b6b74098"",""SESSION_ID"":""697a1bd59d7f588382f0a71a""}","2026-01-28T14:25:07.675081357Z","{""plan"":""I plan to avoid choosing the same spot as my partner and try to line up on the same color so we can earn the bonus together. I’ll look for a fair balance where both of us benefit, rather than only focusing on my own score. If my partner plays differently, I’ll adapt and try to keep coordination smooth so we can maximize our overall earnings.""}","2026-01-28T14:33:59.358639408Z",NA,NA
"01KG2F1NBGR5SDTPBBX4AHESZR","{""advice"":""Try to find an outcome that's fair for both of you.""}","2026-01-28T14:12:37.935320732Z",144,"2026-01-28T14:19:24.286004759Z","","","game ended","2026-01-28T14:19:50.761243422Z",1,"2026-01-28T14:20:08.630700979Z","{""adviceFollowed"":"""",""partnerAdvice"":""the same advice as me"",""feedback"":""""}","2026-01-28T14:20:08.521053201Z","01KG2EWQ34W84TRCM9SJX7WW6H","2026-01-28T14:12:53.408308436Z",3,"2026-01-28T14:12:38.045201016Z","true","2026-01-28T14:14:05.043068436Z","01KG2F1MY2KBCS2GE6QSZQWREW","2026-01-28T14:10:18.096900249Z","5d08c65a6bf345001a52f4b1","2026-01-28T14:10:18.096900249Z","{""advice"":""Try to find an outcome that's fair for both of you."",""adviceType"":""noCG"",""chatEnabled"":false,""numRounds"":13,""playerCount"":2}","2026-01-28T14:10:18.10237615Z","noCG_cooperate","2026-01-28T14:10:18.10237615Z","{""PROLIFIC_PID"":""5d08c65a6bf345001a52f4b1"",""STUDY_ID"":""6976b36e15b09b93b6b74098"",""SESSION_ID"":""697a18a6d40f2dacd8190cca""}","2026-01-28T14:10:18.326505776Z","{""plan"":""My game plan is to avoid collusions, try to match colours for bonus when possible, and apart choice based on my partners behaviour. ""}","2026-01-28T14:14:04.934590897Z",NA,NA
"01KG2F7YZY76HSFV3VAWRNCVMC","{""advice"":""Try to find an outcome that's fair for both of you.""}","2026-01-28T14:15:21.295635357Z",280,"2026-01-28T14:20:27.695399008Z","","","game ended","2026-01-28T14:20:40.973449638Z",1,"2026-01-28T14:21:08.758985965Z","{""adviceFollowed"":"""",""partnerAdvice"":""try to stick to the same spot which helps your partner know what space and colour to go with"",""feedback"":""""}","2026-01-28T14:21:08.756946725Z","01KG2EWRH89R7Q3JDEHPHT2YQS","2026-01-28T14:17:10.816533307Z",3,"2026-01-28T14:15:21.294901567Z","true","2026-01-28T14:17:27.142290823Z","01KG2F7YJKPYVH3XDY39K45SWJ","2026-01-28T14:13:44.574360152Z","5cf510ccb0bafb00161ffd56","2026-01-28T14:13:44.574360152Z","{""advice"":""Try to find an outcome that's fair for both of you."",""adviceType"":""noCG"",""chatEnabled"":false,""numRounds"":13,""playerCount"":2}","2026-01-28T14:13:44.57899479Z","noCG_cooperate","2026-01-28T14:13:44.57899479Z","{""PROLIFIC_PID"":""5cf510ccb0bafb00161ffd56"",""STUDY_ID"":""6976b36e15b09b93b6b74098"",""SESSION_ID"":""697a1937d5fb2b31a74aa031""}","2026-01-28T14:13:44.833511399Z","{""plan"":""i want to try and go for either of the highest earnings such as B and C, in hope that the other player will go for the opposite one to what i have picked. Another strategy i might try is picking an orange space one time and then the next time picking a blue one ""}","2026-01-28T14:17:27.140935609Z",NA,NA
"01KG2F85BCCZQAQSDVC654H9R0","{""advice"":""Try to find an outcome that's fair for both of you.""}","2026-01-28T14:14:49.946275949Z",247,"2026-01-28T14:19:46.154501448Z","","","game ended","2026-01-28T14:19:56.584368617Z",1,"2026-01-28T14:20:16.486291875Z","{""adviceFollowed"":"""",""partnerAdvice"":""Try to be cooperative?"",""feedback"":""""}","2026-01-28T14:20:16.48866736Z","01KG2EWQW86NTXWV4S8KSC0Z5F","2026-01-28T14:15:07.236846844Z",3,"2026-01-28T14:14:50.024096367Z","true","2026-01-28T14:15:07.771233821Z","01KG2F851HYHYRRMXBZGCVB7TV","2026-01-28T14:13:51.084363625Z","5ced23c585712e00190bd98a","2026-01-28T14:13:51.084363625Z","{""advice"":""Try to find an outcome that's fair for both of you."",""adviceType"":""noCG"",""chatEnabled"":false,""numRounds"":13,""playerCount"":2}","2026-01-28T14:13:51.088650347Z","noCG_cooperate","2026-01-28T14:13:51.088650347Z","{""PROLIFIC_PID"":""5ced23c585712e00190bd98a"",""STUDY_ID"":""6976b36e15b09b93b6b74098"",""SESSION_ID"":""697a198103e93a3dee685aa9""}","2026-01-28T14:13:51.256381553Z","{""plan"":""Going to try to cooperate.  We shall see.""}","2026-01-28T14:15:07.777836843Z",NA,NA
"01KG2FG5DRVG1HEQPP7QKASA6Z","{""advice"":""Try to find an outcome that's fair for both of you.""}","2026-01-28T14:19:40.054701446Z",171,"2026-01-28T14:24:25.537934843Z","","","game ended","2026-01-28T14:24:47.941924312Z",1,"2026-01-28T14:25:47.267397897Z","{""adviceFollowed"":"""",""partnerAdvice"":""I don't know but he kept switching even when it was not optimal.  I was trying to stay with the same thing to let him know that I was not going to choose randomly, but he kept bouncing around with no rhyme or reason."",""feedback"":""""}","2026-01-28T14:25:47.265114582Z","01KG2EX7B2RDDC05XWYRVV83Q7","2026-01-28T14:21:06.113132743Z",3,"2026-01-28T14:19:40.094975751Z","true","2026-01-28T14:21:11.594698047Z","01KG2FG5885G0QE8ZYRAKS5300","2026-01-28T14:18:13.304780908Z","5e8bbb3680cbf20986c677e1","2026-01-28T14:18:13.304780908Z","{""advice"":""Try to find an outcome that's fair for both of you."",""adviceType"":""noCG"",""chatEnabled"":false,""numRounds"":13,""playerCount"":2}","2026-01-28T14:18:13.310968835Z","noCG_cooperate","2026-01-28T14:18:13.310968835Z","{""PROLIFIC_PID"":""5e8bbb3680cbf20986c677e1"",""STUDY_ID"":""6976b36e15b09b93b6b74098"",""SESSION_ID"":""697a1a86c2eb361e60f0d69b""}","2026-01-28T14:18:13.418738317Z","{""plan"":""I think D is probably the best option, as I see C as the most attractive option.  I would happily give that to my partner in order to get the bonus.""}","2026-01-28T14:21:11.599378598Z",NA,NA
"01KG2GXRAEWPGF00HF58J7ZFW2","{""advice"":""Try to get the best outcome for yourself.""}","2026-01-28T14:45:06.482094637Z",259,"2026-01-28T14:47:45.46278827Z","","","game ended","2026-01-28T14:47:54.522157352Z",1,"2026-01-28T14:48:36.935036582Z","{""adviceFollowed"":"""",""partnerAdvice"":""I think he recieved the advice be to consistent when choosing, it made it predictable to know what he was going to choose and work together."",""feedback"":""""}","2026-01-28T14:48:36.930460109Z","01KG2GQ8Q89C2BR1YJK7VHA1AX","2026-01-28T14:44:49.951603321Z",3,"2026-01-28T14:45:06.740579987Z","true","2026-01-28T14:45:32.456331218Z","01KG2GXPYRN9BZKX5KZ5X13DWX","2026-01-28T14:43:07.21412197Z","5c478dae685da800014c8119","2026-01-28T14:43:07.21412197Z","{""advice"":""Try to get the best outcome for yourself."",""adviceType"":""noCG"",""chatEnabled"":false,""numRounds"":13,""playerCount"":2}","2026-01-28T14:43:07.222933699Z","noCG_selfish","2026-01-28T14:43:07.222933699Z","{""PROLIFIC_PID"":""5c478dae685da800014c8119"",""STUDY_ID"":""6976b36e15b09b93b6b74098"",""SESSION_ID"":""697a2058500f5003873ccd79""}","2026-01-28T14:43:07.881918829Z","{""plan"":""I want to work together to get a good bonus for both me and my partner.""}","2026-01-28T14:45:32.192371648Z",NA,NA
"01KG2FAHGMD65KCCK12DJF1MA5","{""advice"":""Try to find an outcome that's fair for both of you.""}","2026-01-28T14:16:41.314627929Z",120,"2026-01-28T14:19:17.660093736Z","","","game ended","2026-01-28T14:19:43.506203757Z",1,"2026-01-28T14:20:20.472621828Z","{""adviceFollowed"":"""",""partnerAdvice"":""I think they received the same advice as i did"",""feedback"":""""}","2026-01-28T14:20:20.471128365Z","01KG2EWRCNJXTQXN5ZVGE1H4ZP","2026-01-28T14:16:52.920925111Z",3,"2026-01-28T14:16:41.315388185Z","true","2026-01-28T14:17:08.864341416Z","01KG2FAHD9B9E6FNKFG84PZ0XY","2026-01-28T14:15:09.076727741Z","69138ed04690ca3fa74ef563","2026-01-28T14:15:09.076727741Z","{""advice"":""Try to find an outcome that's fair for both of you."",""adviceType"":""noCG"",""chatEnabled"":false,""numRounds"":13,""playerCount"":2}","2026-01-28T14:15:09.079970109Z","noCG_cooperate","2026-01-28T14:15:09.079970109Z","{""PROLIFIC_PID"":""69138ed04690ca3fa74ef563"",""STUDY_ID"":""6976b36e15b09b93b6b74098"",""SESSION_ID"":""697a1955a6d36945a51bc6fa""}","2026-01-28T14:15:09.207663649Z","{""plan"":""I’ll avoid collisions by choosing a different spot from my partner whenever possible. If I expect us to split, I’ll aim for a same-color pairing to secure the +10 MU bonus on top of earnings. When that seems unlikely, I’ll default to the highest individual payoff spot (C) while\n""}","2026-01-28T14:17:08.865587723Z",NA,NA
"01KG2FBAXJAXHDS11H639YX5KM","{""advice"":""Try to find an outcome that's fair for both of you.""}","2026-01-28T14:16:57.927635026Z",135,"2026-01-28T14:20:09.920245239Z","","","game ended","2026-01-28T14:20:21.442065643Z",1,"2026-01-28T14:21:37.448449309Z","{""adviceFollowed"":"""",""partnerAdvice"":""Probably trying to maximize his MU"",""feedback"":""""}","2026-01-28T14:21:37.446463752Z","01KG2EWRP5M56DESD71W1J6C31","2026-01-28T14:17:27.14955599Z",3,"2026-01-28T14:16:57.929043951Z","true","2026-01-28T14:17:31.581309824Z","01KG2FBA9KB77MZ289M13P2D0G","2026-01-28T14:15:35.090761901Z","5f21ff288900cb4709dd49aa","2026-01-28T14:15:35.090761901Z","{""advice"":""Try to find an outcome that's fair for both of you."",""adviceType"":""noCG"",""chatEnabled"":false,""numRounds"":13,""playerCount"":2}","2026-01-28T14:15:35.096077769Z","noCG_cooperate","2026-01-28T14:15:35.096077769Z","{""PROLIFIC_PID"":""5f21ff288900cb4709dd49aa"",""STUDY_ID"":""6976b36e15b09b93b6b74098"",""SESSION_ID"":""697a18a77dfe24c7f7a1f438""}","2026-01-28T14:15:35.377737674Z","{""plan"":""I want to try to get as many MU possible for both of us. ""}","2026-01-28T14:17:31.579829544Z",NA,NA
"01KG2FW999ZWR0CJZXB11W16H9","{""advice"":""Try to find an outcome that's fair for both of you.""}","2026-01-28T14:26:37.146635721Z",220,"2026-01-28T14:31:44.840012014Z","","","game ended","2026-01-28T14:31:56.733956966Z",1,"2026-01-28T14:32:16.615358834Z","{""adviceFollowed"":"""",""partnerAdvice"":""The same advice"",""feedback"":""no""}","2026-01-28T14:32:16.612031144Z","01KG2EX9QVJVXCC30JSRWNFP9B","2026-01-28T14:27:08.312496302Z",3,"2026-01-28T14:26:37.151412518Z","true","2026-01-28T14:27:14.508146354Z","01KG2FW922B4NC45GK0CW3BF4K","2026-01-28T14:24:50.473188232Z","6745d3d2f3e0b61210d42e61","2026-01-28T14:24:50.473188232Z","{""advice"":""Try to find an outcome that's fair for both of you."",""adviceType"":""noCG"",""chatEnabled"":false,""numRounds"":13,""playerCount"":2}","2026-01-28T14:24:50.480279418Z","noCG_cooperate","2026-01-28T14:24:50.480279418Z","{""PROLIFIC_PID"":""6745d3d2f3e0b61210d42e61"",""STUDY_ID"":""6976b36e15b09b93b6b74098"",""SESSION_ID"":""697a1c00f2f3f9237fe12d9d""}","2026-01-28T14:24:50.615501034Z","{""plan"":""I'm going to sstart with the orange and hope they think that's the most reasonable. I'll adapt from there""}","2026-01-28T14:27:14.51120821Z",NA,NA
"01KG2GXKKN88WMWJKZ64N187P1","{""advice"":""Try to get the best outcome for yourself.""}","2026-01-28T14:44:12.077059437Z",88,"2026-01-28T14:48:06.417525268Z","","","game ended","2026-01-28T14:48:15.325966209Z",1,"2026-01-28T14:48:26.756528834Z","{""adviceFollowed"":"""",""partnerAdvice"":""Go for the highest and stick with it "",""feedback"":""""}","2026-01-28T14:48:26.751560997Z","01KG2GQ850Q27G63CHA1ZC12GV","2026-01-28T14:44:08.273650117Z",3,"2026-01-28T14:44:12.203968087Z","true","2026-01-28T14:44:49.939604976Z","01KG2GXK59PQM01Q1VESDF16CG","2026-01-28T14:43:02.389839196Z","6043a1dc4c33ef37c64f0812","2026-01-28T14:43:02.389839196Z","{""advice"":""Try to get the best outcome for yourself."",""adviceType"":""noCG"",""chatEnabled"":false,""numRounds"":13,""playerCount"":2}","2026-01-28T14:43:02.398698738Z","noCG_selfish","2026-01-28T14:43:02.398698738Z","{""PROLIFIC_PID"":""6043a1dc4c33ef37c64f0812"",""STUDY_ID"":""6976b36e15b09b93b6b74098"",""SESSION_ID"":""697a20597f1b09406a50e24e""}","2026-01-28T14:43:02.635093994Z","{""plan"":""Got to just try and change it up I will do B and alternate the colours ""}","2026-01-28T14:44:49.943054657Z",NA,NA
"01KG2J1GKH2YNYMXEF1MB0HJSS","{""advice"":""Try to get the best outcome for yourself.""}","2026-01-28T15:05:36.062211195Z",271,"2026-01-28T15:09:27.6626505Z","","","game ended","2026-01-28T15:09:44.677902506Z",1,"2026-01-28T15:10:15.468583653Z","{""adviceFollowed"":""Not at all"",""partnerAdvice"":"""",""feedback"":""""}","2026-01-28T15:10:15.45449545Z","01KG2HADS5660G8KTZGRJFCEY7","2026-01-28T15:06:43.516307615Z",3,"2026-01-28T15:05:36.236351832Z","true","2026-01-28T15:06:57.319612028Z","01KG2J1FWKBPZ6TTA40XMNY4DA","2026-01-28T15:02:38.961927722Z","6605852ff5914c22f592a372","2026-01-28T15:02:38.961927722Z","{""advice"":""Try to get the best outcome for yourself."",""adviceType"":""CG"",""numRounds"":13,""playerCount"":2}","2026-01-28T15:02:38.974885268Z","CG_selfish","2026-01-28T15:02:38.974885268Z","{""PROLIFIC_PID"":""6605852ff5914c22f592a372"",""STUDY_ID"":""6976b36e15b09b93b6b74098"",""SESSION_ID"":""697a24d0d77d8c05f91f2355""}","2026-01-28T15:02:39.380925272Z","{""plan"":""Try not to park at the same spot, try to park on different colors ""}","2026-01-28T15:06:57.305056474Z",NA,NA
"01KG2F0MW46W7669BXYXXVHARQ","{""advice"":""Try to find an outcome that's fair for both of you.""}","2026-01-28T14:10:44.32336327Z",135,"2026-01-28T14:16:03.751540953Z","","","game ended","2026-01-28T14:16:16.827112861Z",1,"2026-01-28T14:16:54.189465504Z","{""adviceFollowed"":"""",""partnerAdvice"":""To alternate colors but they did not take the advice. "",""feedback"":""Thanks for allowing me to participate!""}","2026-01-28T14:16:54.157076593Z","01KG2EWMFZB1DHVPFWKB1M9G68","2026-01-28T14:09:44.842264005Z",3,"2026-01-28T14:10:44.323635857Z","true","2026-01-28T14:11:12.406306863Z","01KG2F0MQXQR66WKS465Q4F6YK","2026-01-28T14:09:44.836644204Z","671850082109a84899a43a8e","2026-01-28T14:09:44.836644204Z","{""advice"":""Try to find an outcome that's fair for both of you."",""adviceType"":""noCG"",""chatEnabled"":false,""numRounds"":13,""playerCount"":2}","2026-01-28T14:09:44.842264005Z","noCG_cooperate","2026-01-28T14:09:44.842264005Z","{""PROLIFIC_PID"":""671850082109a84899a43a8e"",""STUDY_ID"":""6976b36e15b09b93b6b74098"",""SESSION_ID"":""697a18946223cc932097e2eb""}","2026-01-28T14:09:44.932578555Z","{""plan"":""Lets alternate colors you start orange ill start purple? ""}","2026-01-28T14:11:12.406554969Z",NA,NA
"01KG2FE8X64G5XKFEHSDRE7SFE","{""advice"":""Try to find an outcome that's fair for both of you.""}","2026-01-28T14:19:59.51964909Z",141,"2026-01-28T14:25:46.97441462Z","","","game ended","2026-01-28T14:26:10.453830264Z",1,"2026-01-28T14:29:33.507654118Z","{""adviceFollowed"":"""",""partnerAdvice"":""Try to keep it fair and dont focus on one color."",""feedback"":""""}","2026-01-28T14:29:33.509833455Z","01KG2EWRTP31H1KHDJ4717Z9J7","2026-01-28T14:17:35.326343295Z",3,"2026-01-28T14:19:59.52140688Z","true","2026-01-28T14:21:06.10240885Z","01KG2FE81KA435G2XSXXRK7T4B","2026-01-28T14:17:11.334653384Z","664767168f4bcf47044c9194","2026-01-28T14:17:11.334653384Z","{""advice"":""Try to find an outcome that's fair for both of you."",""adviceType"":""noCG"",""chatEnabled"":false,""numRounds"":13,""playerCount"":2}","2026-01-28T14:17:11.397335029Z","noCG_cooperate","2026-01-28T14:17:11.397335029Z","{""PROLIFIC_PID"":""664767168f4bcf47044c9194"",""STUDY_ID"":""6976b36e15b09b93b6b74098"",""SESSION_ID"":""697a1a2d9bfca2c755dda894""}","2026-01-28T14:17:11.661605088Z","{""plan"":""Try to find a way to park in C/D every other turn.""}","2026-01-28T14:21:06.104306295Z",NA,NA
"01KG2FV4WF3TK7TXZ9J3CE6CPT","{""advice"":""Try to find an outcome that's fair for both of you.""}","2026-01-28T14:26:55.254745805Z",256,"2026-01-28T14:31:44.840012014Z","","","game ended","2026-01-28T14:31:56.733956966Z",1,"2026-01-28T14:32:32.861168989Z","{""adviceFollowed"":"""",""partnerAdvice"":""Stick to one parking selection "",""feedback"":""""}","2026-01-28T14:32:32.850628145Z","01KG2EX9QVJVXCC30JSRWNFP9B","2026-01-28T14:27:08.312496302Z",3,"2026-01-28T14:26:55.256825148Z","true","2026-01-28T14:28:04.170322944Z","01KG2FV4B2KYNA0XZJ72N8KTM3","2026-01-28T14:24:13.199482832Z","6116875aaf3dfaa62184910a","2026-01-28T14:24:13.199482832Z","{""advice"":""Try to find an outcome that's fair for both of you."",""adviceType"":""noCG"",""chatEnabled"":false,""numRounds"":13,""playerCount"":2}","2026-01-28T14:24:13.206039194Z","noCG_cooperate","2026-01-28T14:24:13.206039194Z","{""PROLIFIC_PID"":""6116875aaf3dfaa62184910a"",""STUDY_ID"":""6976b36e15b09b93b6b74098"",""SESSION_ID"":""697a1b48c0c5a1cb3aa15b9f""}","2026-01-28T14:24:13.689719598Z","{""plan"":""Try as much to select slots that can yield the most MU if matching with allocated partner.""}","2026-01-28T14:28:04.015480856Z",NA,NA
"01KG2F1FJEW83PFEWK3AK0HR87","{""advice"":""Try to find an outcome that's fair for both of you.""}","2026-01-28T14:12:32.449390635Z",195,"2026-01-28T14:19:24.286004759Z","","","game ended","2026-01-28T14:19:50.761243422Z",1,"2026-01-28T14:21:51.795691804Z","{""adviceFollowed"":"""",""partnerAdvice"":""i think the advice was to be unpredictable. but in the beginning he was always picking A or B. the he picked C, so since he picked the same as me he went back to A or B. Then all of the sudden he was choosing between A B or D. but never picked C again."",""feedback"":""""}","2026-01-28T14:21:51.793724544Z","01KG2EWQ34W84TRCM9SJX7WW6H","2026-01-28T14:12:53.408308436Z",3,"2026-01-28T14:12:32.453279771Z","true","2026-01-28T14:14:02.142380189Z","01KG2F1C1J3ES12NRXEHSEETG9","2026-01-28T14:10:12.175003948Z","663882a6e24bdb7389a2a9cf","2026-01-28T14:10:12.175003948Z","{""advice"":""Try to find an outcome that's fair for both of you."",""adviceType"":""noCG"",""chatEnabled"":false,""numRounds"":13,""playerCount"":2}","2026-01-28T14:10:12.180222658Z","noCG_cooperate","2026-01-28T14:10:12.180222658Z","{""PROLIFIC_PID"":""663882a6e24bdb7389a2a9cf"",""STUDY_ID"":""6976b36e15b09b93b6b74098"",""SESSION_ID"":""697a188fa2e7d05069020c93""}","2026-01-28T14:10:12.513655709Z","{""plan"":""the plan is to pick the top second that will pay more. because i believe my partner would prefer to \""fry a bigger fish\"". ""}","2026-01-28T14:14:02.141707067Z",NA,NA
"01KG2FRD6C1F6YGWY50ENKFEN1","{""advice"":""Try to find an outcome that's fair for both of you.""}","2026-01-28T14:25:46.644940843Z",138,"2026-01-28T14:43:43.211907735Z","","","game ended","2026-01-28T14:44:06.777656317Z",1,"2026-01-28T14:44:51.542885914Z","{""adviceFollowed"":"""",""partnerAdvice"":""not really sure"",""feedback"":""""}","2026-01-28T14:44:51.276514717Z","01KG2EXAF253ZCQTE2KS8S8YQ2","2026-01-28T14:28:04.181980774Z",3,"2026-01-28T14:25:46.642939295Z","true","2026-01-28T14:29:23.690038378Z","01KG2FRC3RA9HM10279CZ489S5","2026-01-28T14:22:43.404152762Z","68cd9a5e271a53bcb2932842","2026-01-28T14:22:43.404152762Z","{""advice"":""Try to find an outcome that's fair for both of you."",""adviceType"":""noCG"",""chatEnabled"":false,""numRounds"":13,""playerCount"":2}","2026-01-28T14:22:43.411010453Z","noCG_cooperate","2026-01-28T14:22:43.411010453Z","{""PROLIFIC_PID"":""68cd9a5e271a53bcb2932842"",""STUDY_ID"":""6976b36e15b09b93b6b74098"",""SESSION_ID"":""697a1b583d48672196a5a858""}","2026-01-28T14:22:43.95964516Z","{""plan"":""I would want us to avoid picking the same color so as to avoid the extremes of either the best, getting the bonus or the worst, colliding. I would want us to pick a different color. If there's no communication between us, I would stick to a single color throughout the game to avoid worse possibilities and to maintain consistency\n""}","2026-01-28T14:29:23.692301322Z",NA,NA
"01KG2J0PGHC53MW7CNWYG97PGB","{""advice"":""Try to get the best outcome for yourself.""}","2026-01-28T15:03:49.851841832Z",305,"2026-01-28T15:09:36.298348218Z","","","game ended","2026-01-28T15:09:47.826216613Z",1,"2026-01-28T15:10:46.140796403Z","{""adviceFollowed"":""No, we both work together so we will eran the bonus. "",""partnerAdvice"":"""",""feedback"":""Very nice.""}","2026-01-28T15:10:46.150567493Z","01KG2HACERQ5WQB3F9G5CB2P9Q","2026-01-28T15:03:24.404023492Z",3,"2026-01-28T15:03:49.859838008Z","true","2026-01-28T15:04:28.704972146Z","01KG2J0NWHF0YJAGAP8ZJF140B","2026-01-28T15:02:12.241291084Z","6903611bea75157b8b49622d","2026-01-28T15:02:12.241291084Z","{""advice"":""Try to get the best outcome for yourself."",""adviceType"":""CG"",""numRounds"":13,""playerCount"":2}","2026-01-28T15:02:12.254772223Z","CG_selfish","2026-01-28T15:02:12.254772223Z","{""PROLIFIC_PID"":""6903611bea75157b8b49622d"",""STUDY_ID"":""6976b36e15b09b93b6b74098"",""SESSION_ID"":""697a249b24faa07cd808e11b""}","2026-01-28T15:02:12.671523355Z","{""plan"":""My plan is to avoid collisions by not choosing the same spot as my partner. I will aim to coordinate on parking in different spots of the same color, preferably C and D, to maximize the bonus and total MU. If coordination is unclear, I will prioritize higher-value spots to maximize earnings.""}","2026-01-28T15:04:28.696743059Z",NA,NA
"01KG2F4WFM453QYNS9018F58EC","{""advice"":""Try to find an outcome that's fair for both of you.""}","2026-01-28T14:13:54.875684749Z",130,"2026-01-28T14:19:29.302141992Z","","","game ended","2026-01-28T14:19:47.955568208Z",1,"2026-01-28T14:20:20.454294128Z","{""adviceFollowed"":"""",""partnerAdvice"":""I expect my partner received advice to select C."",""feedback"":""""}","2026-01-28T14:20:20.435578589Z","01KG2EWQHS78HPYFKME7C0A742","2026-01-28T14:14:58.678553786Z",3,"2026-01-28T14:13:54.877388478Z","true","2026-01-28T14:15:07.226777406Z","01KG2F4W63EJEYZ2Q209AZMJEM","2026-01-28T14:12:03.701699887Z","5bb7af73dd840f0001d85935","2026-01-28T14:12:03.701699887Z","{""advice"":""Try to find an outcome that's fair for both of you."",""adviceType"":""noCG"",""chatEnabled"":false,""numRounds"":13,""playerCount"":2}","2026-01-28T14:12:03.70667047Z","noCG_cooperate","2026-01-28T14:12:03.70667047Z","{""PROLIFIC_PID"":""5bb7af73dd840f0001d85935"",""STUDY_ID"":""6976b36e15b09b93b6b74098"",""SESSION_ID"":""697a1914a28f3bedece91881""}","2026-01-28T14:12:03.882460122Z","{""plan"":""I plan to select spot B because I do not expect my partner to select it. This will give an attractive bonus. ""}","2026-01-28T14:15:07.208525459Z",NA,NA
"01KG2F4WNV3ZYV0E9JFC9QFAK8","{""advice"":""Try to find an outcome that's fair for both of you.""}","2026-01-28T14:13:35.345892249Z",260,"2026-01-28T14:16:24.515560734Z","","","game ended","2026-01-28T14:16:33.72196332Z",1,"2026-01-28T14:17:00.545169494Z","{""adviceFollowed"":"""",""partnerAdvice"":""I think they might have received the same advice, which is to aim for the most fair choice for the both of us."",""feedback"":""""}","2026-01-28T14:17:00.543998925Z","01KG2EWQ9TM473B15S6K7315FV","2026-01-28T14:14:05.060189062Z",3,"2026-01-28T14:13:35.3463725Z","true","2026-01-28T14:14:33.834075688Z","01KG2F4W5VCDXBA8Q2G8KXRHEN","2026-01-28T14:12:03.899318785Z","6972c4cbd91516716e62ca4a","2026-01-28T14:12:03.899318785Z","{""advice"":""Try to find an outcome that's fair for both of you."",""adviceType"":""noCG"",""chatEnabled"":false,""numRounds"":13,""playerCount"":2}","2026-01-28T14:12:03.903923683Z","noCG_cooperate","2026-01-28T14:12:03.903923683Z","{""PROLIFIC_PID"":""6972c4cbd91516716e62ca4a"",""STUDY_ID"":""6976b36e15b09b93b6b74098"",""SESSION_ID"":""697a18ff64da6ea95199ff31""}","2026-01-28T14:12:04.171406845Z","{""plan"":""I might aim to park in the orange parking spots as they guarantee a more equal split of money. However if we do not cooperate enough times, I might switch to choosing purple, as it guarantees a highes amount of MU for me personally. ""}","2026-01-28T14:14:33.833457611Z",NA,NA
"01KG2FJTYBARKZ1W1RNEK501C0","{""advice"":""Try to find an outcome that's fair for both of you.""}","2026-01-28T14:22:06.282764802Z",289,"2026-01-28T14:25:53.894755426Z","","","game ended","2026-01-28T14:26:03.789335731Z",1,"2026-01-28T14:26:46.394622669Z","{""adviceFollowed"":"""",""partnerAdvice"":""I don't know, the selections were erratic to start with then they seemed to settle on D which was good but then switiched to B towards the end."",""feedback"":""""}","2026-01-28T14:26:46.396709091Z","01KG2EX7W7ZKJDCS60MH32XQME","2026-01-28T14:22:02.405939838Z",3,"2026-01-28T14:22:06.280736623Z","true","2026-01-28T14:23:08.764148057Z","01KG2FJTGH3KPEAF1CV8H5Y4GQ","2026-01-28T14:19:40.875606349Z","651ac88823e71c05dbc1ff63","2026-01-28T14:19:40.875606349Z","{""advice"":""Try to find an outcome that's fair for both of you."",""adviceType"":""noCG"",""chatEnabled"":false,""numRounds"":13,""playerCount"":2}","2026-01-28T14:19:40.885892588Z","noCG_cooperate","2026-01-28T14:19:40.885892588Z","{""PROLIFIC_PID"":""651ac88823e71c05dbc1ff63"",""STUDY_ID"":""6976b36e15b09b93b6b74098"",""SESSION_ID"":""697a1acda036788bab48bb67""}","2026-01-28T14:19:41.119372113Z","{""plan"":""choose A and C but alternate as to who has which of the two to ensure a fair distribution at the highest rate.""}","2026-01-28T14:23:08.766229973Z",NA,NA
"01KG2H1TKHVAXB5SPH5N543PD0","{""advice"":""Try to get the best outcome for yourself.""}","2026-01-28T14:46:24.178101814Z",207,"2026-01-28T14:54:04.412386731Z","","","game ended","2026-01-28T14:54:25.763333068Z",1,"2026-01-28T14:54:57.139437296Z","{""adviceFollowed"":"""",""partnerAdvice"":""Pick the option that gets you the most bonus for yourself"",""feedback"":""""}","2026-01-28T14:54:57.133349509Z","01KG2GQ9XCWARKTEZGNJXGKQ0M","2026-01-28T14:46:49.201390798Z",3,"2026-01-28T14:46:24.181592497Z","true","2026-01-28T14:47:29.00290058Z","01KG2H1T54PTBF8XSVHY3GW2R5","2026-01-28T14:45:20.625577424Z","65fb70d4e69155a62d58ac90","2026-01-28T14:45:20.625577424Z","{""advice"":""Try to get the best outcome for yourself."",""adviceType"":""noCG"",""chatEnabled"":false,""numRounds"":13,""playerCount"":2}","2026-01-28T14:45:20.633812875Z","noCG_selfish","2026-01-28T14:45:20.633812875Z","{""PROLIFIC_PID"":""65fb70d4e69155a62d58ac90"",""STUDY_ID"":""6976b36e15b09b93b6b74098"",""SESSION_ID"":""697a20cfc16970154ed0d8b7""}","2026-01-28T14:45:20.912477457Z","{""plan"":""I am going to play it safe and go with B as I feel like it will result in the lowest chance of a crash as if they wanted to pick yellow they would pick A, I do not want to fight over C either.""}","2026-01-28T14:47:28.998640386Z",NA,NA
"01KG2HERWC14BXK3H01C8FJ2A1","{""advice"":""Try to get the best outcome for yourself.""}","2026-01-28T14:53:42.547475236Z",131,"2026-01-28T14:58:21.855255097Z","","","game ended","2026-01-28T14:58:32.416991648Z",1,"2026-01-28T14:58:50.53684832Z","{""adviceFollowed"":"""",""partnerAdvice"":""maximaze payoff"",""feedback"":""study froze for a mintue""}","2026-01-28T14:58:50.530453282Z","01KG2GQADJDDEC1P4659B9WVFR","2026-01-28T14:52:24.858401692Z",3,"2026-01-28T14:53:42.541718076Z","true","2026-01-28T14:54:10.861474068Z","01KG2HERMZ51Q3HVDTEFCKWVA7","2026-01-28T14:52:24.844460178Z","59347d4f53490b0001563e47","2026-01-28T14:52:24.844460178Z","{""advice"":""Try to get the best outcome for yourself."",""adviceType"":""noCG"",""chatEnabled"":false,""numRounds"":13,""playerCount"":2}","2026-01-28T14:52:24.858401692Z","noCG_selfish","2026-01-28T14:52:24.858401692Z","{""PROLIFIC_PID"":""59347d4f53490b0001563e47"",""STUDY_ID"":""6976b36e15b09b93b6b74098"",""SESSION_ID"":""697a1fdf78c614ceebf3d592""}","2026-01-28T14:52:25.06612325Z","{""plan"":""i think i will probably stick to A and B so hopefully my partner does the same and we dont clash""}","2026-01-28T14:54:10.770828173Z",NA,NA
"01KG2F87HQM18V8DNTXR6FR96J","{""advice"":""Try to find an outcome that's fair for both of you.""}","2026-01-28T14:16:19.882913507Z",169,"2026-01-28T14:20:27.695399008Z","","","game ended","2026-01-28T14:20:40.973449638Z",1,"2026-01-28T14:21:21.470352937Z","{""adviceFollowed"":"""",""partnerAdvice"":""take as much as possible for yourself :)"",""feedback"":""no""}","2026-01-28T14:21:21.468355361Z","01KG2EWRH89R7Q3JDEHPHT2YQS","2026-01-28T14:17:10.816533307Z",3,"2026-01-28T14:16:19.883942242Z","true","2026-01-28T14:17:27.093319984Z","01KG2F8702FR0128BB9Q6QR9JB","2026-01-28T14:13:53.335743433Z","5ef25afb8ebcdf0b2b95d9cd","2026-01-28T14:13:53.335743433Z","{""advice"":""Try to find an outcome that's fair for both of you."",""adviceType"":""noCG"",""chatEnabled"":false,""numRounds"":13,""playerCount"":2}","2026-01-28T14:13:53.340313716Z","noCG_cooperate","2026-01-28T14:13:53.340313716Z","{""PROLIFIC_PID"":""5ef25afb8ebcdf0b2b95d9cd"",""STUDY_ID"":""6976b36e15b09b93b6b74098"",""SESSION_ID"":""697a1969a9f34d82800e14ab""}","2026-01-28T14:13:53.634166275Z","{""plan"":""I plan to keep betting on fields that, together with the bonus, will give us both 20. That means me on A, my partner on B, or vice versa.""}","2026-01-28T14:17:27.094558356Z",NA,NA
"01KG2HSY5PR799G4VMAZM13VD6","{""advice"":""Try to get the best outcome for yourself.""}","2026-01-28T14:59:33.642679041Z",125,"2026-01-28T15:02:37.903858357Z","","","game ended","2026-01-28T15:02:50.7169889Z",1,"2026-01-28T15:03:26.442025132Z","{""adviceFollowed"":""Yes, we both tried our best to gain the most for ourselves."",""partnerAdvice"":"""",""feedback"":""""}","2026-01-28T15:03:26.428618155Z","01KG2HA11M23CN2TNAZYGN6MJC","2026-01-28T14:58:30.722983843Z",3,"2026-01-28T14:59:33.648994389Z","true","2026-01-28T15:00:05.982916021Z","01KG2HSXV2B3FMMSDJCDB2VC2X","2026-01-28T14:58:30.710134386Z","67296a7bde9bf9d7541d058a","2026-01-28T14:58:30.710134386Z","{""advice"":""Try to get the best outcome for yourself."",""adviceType"":""CG"",""numRounds"":13,""playerCount"":2}","2026-01-28T14:58:30.722983843Z","CG_selfish","2026-01-28T14:58:30.722983843Z","{""PROLIFIC_PID"":""67296a7bde9bf9d7541d058a"",""STUDY_ID"":""6976b36e15b09b93b6b74098"",""SESSION_ID"":""697a2405b8b491a8d027448d""}","2026-01-28T14:58:30.905871623Z","{""plan"":""I will choose to park at C no matter my opponent chooses.""}","2026-01-28T15:00:05.970026625Z",NA,NA
"01KG2J0B7CPJ1A6KBPW1K4HE08","{""advice"":""Try to get the best outcome for yourself.""}","2026-01-28T15:04:30.36612031Z",293,"2026-01-28T15:09:36.298348218Z","","","game ended","2026-01-28T15:09:47.826216613Z",1,"2026-01-28T15:11:14.444543038Z","{""adviceFollowed"":""yes, they adopted the strategy of alternating between c and d in order to maximise both our payouts. "",""partnerAdvice"":"""",""feedback"":""The study hung on a blank page a couple of times and I had to refresh in order to continue""}","2026-01-28T15:11:14.434723856Z","01KG2HACERQ5WQB3F9G5CB2P9Q","2026-01-28T15:03:24.404023492Z",3,"2026-01-28T15:04:30.374206935Z","true","2026-01-28T15:05:11.498470255Z","01KG2J0AHKWKZJ6QPZY7T0EVS8","2026-01-28T15:02:00.684122937Z","6357a92c14a05d21ebdd897f","2026-01-28T15:02:00.684122937Z","{""advice"":""Try to get the best outcome for yourself."",""adviceType"":""CG"",""numRounds"":13,""playerCount"":2}","2026-01-28T15:02:00.698728144Z","CG_selfish","2026-01-28T15:02:00.698728144Z","{""PROLIFIC_PID"":""6357a92c14a05d21ebdd897f"",""STUDY_ID"":""6976b36e15b09b93b6b74098"",""SESSION_ID"":""697a24aa6071d5c27110e022""}","2026-01-28T15:02:01.068096175Z","{""plan"":""If I can communicate with my partner I will suggest alternating c and d to average 23 each""}","2026-01-28T15:05:11.490379783Z",NA,NA
"01KG2H3J97RDTF5DAA0Z3N9A2A","{""advice"":""Try to get the best outcome for yourself.""}","2026-01-28T14:48:22.965067762Z",239,"2026-01-28T14:58:21.855255097Z","","","game ended","2026-01-28T14:58:32.416991648Z",1,"2026-01-28T14:58:54.954002289Z","{""adviceFollowed"":"""",""partnerAdvice"":""To keep moving parking spots"",""feedback"":""""}","2026-01-28T14:58:54.929102702Z","01KG2GQADJDDEC1P4659B9WVFR","2026-01-28T14:47:31.147669757Z",3,"2026-01-28T14:48:22.960604902Z","true","2026-01-28T14:49:40.434070841Z","01KG2H3H8BA6ABD8DZMD4X7ZAF","2026-01-28T14:46:17.639129607Z","5d7288f0a767b000192a3651","2026-01-28T14:46:17.639129607Z","{""advice"":""Try to get the best outcome for yourself."",""adviceType"":""noCG"",""chatEnabled"":false,""numRounds"":13,""playerCount"":2}","2026-01-28T14:46:17.648279494Z","noCG_selfish","2026-01-28T14:46:17.648279494Z","{""PROLIFIC_PID"":""5d7288f0a767b000192a3651"",""STUDY_ID"":""6976b36e15b09b93b6b74098"",""SESSION_ID"":""697a20d6b4a263f966809f8a""}","2026-01-28T14:46:18.116064398Z","{""plan"":""I will follow the advice given and park in the highest value space, Purple 19MU""}","2026-01-28T14:49:40.416318251Z",NA,NA
"01KG2F26C807D30DBJX7VX0XFA","{""advice"":""Try to find an outcome that's fair for both of you.""}","2026-01-28T14:11:58.639426279Z",141,"2026-01-28T14:16:03.751540953Z","","","game ended","2026-01-28T14:16:16.827112861Z",1,"2026-01-28T14:16:42.9323599Z","{""adviceFollowed"":"""",""partnerAdvice"":""choose randomly"",""feedback"":""had to refresh halway through parking task""}","2026-01-28T14:16:42.933594204Z","01KG2EWMFZB1DHVPFWKB1M9G68","2026-01-28T14:10:35.533601164Z",3,"2026-01-28T14:11:58.639625268Z","true","2026-01-28T14:12:22.797436299Z","01KG2F25ZHCPYGEV0DAEWG36NA","2026-01-28T14:10:35.528139658Z","612842ca25ad8ffd1b8e44ec","2026-01-28T14:10:35.528139658Z","{""advice"":""Try to find an outcome that's fair for both of you."",""adviceType"":""noCG"",""chatEnabled"":false,""numRounds"":13,""playerCount"":2}","2026-01-28T14:10:35.533601164Z","noCG_cooperate","2026-01-28T14:10:35.533601164Z","{""PROLIFIC_PID"":""612842ca25ad8ffd1b8e44ec"",""STUDY_ID"":""6976b36e15b09b93b6b74098"",""SESSION_ID"":""697a188bc1168cfdc564345b""}","2026-01-28T14:10:35.763093514Z","{""plan"":""Atempt to swap from C to D if they cooperate""}","2026-01-28T14:12:22.794752183Z",NA,NA
"01KG2F5Z9ADVQGBHW5RC8P69H9","{""advice"":""Try to find an outcome that's fair for both of you.""}","2026-01-28T14:14:21.593627342Z",260,"2026-01-28T14:16:24.515560734Z","","","game ended","2026-01-28T14:16:33.72196332Z",1,"2026-01-28T14:16:55.046429318Z","{""adviceFollowed"":"""",""partnerAdvice"":""Similar advice to me - to try to be fair."",""feedback"":""""}","2026-01-28T14:16:55.043929318Z","01KG2EWQ9TM473B15S6K7315FV","2026-01-28T14:14:05.060189062Z",3,"2026-01-28T14:14:21.726486145Z","true","2026-01-28T14:14:58.666867732Z","01KG2F5YRWR7PNA0V0GGZF34GY","2026-01-28T14:12:39.338489028Z","6722ea20fb84b196f0a649b6","2026-01-28T14:12:39.338489028Z","{""advice"":""Try to find an outcome that's fair for both of you."",""adviceType"":""noCG"",""chatEnabled"":false,""numRounds"":13,""playerCount"":2}","2026-01-28T14:12:39.342526217Z","noCG_cooperate","2026-01-28T14:12:39.342526217Z","{""PROLIFIC_PID"":""6722ea20fb84b196f0a649b6"",""STUDY_ID"":""6976b36e15b09b93b6b74098"",""SESSION_ID"":""697a1904a5f4898d074dbed0""}","2026-01-28T14:12:39.566324523Z","{""plan"":""I will try to stay in the same colour zone as my partner. If we manage to fall into a rhythm, I will stick to it.""}","2026-01-28T14:14:58.666031192Z",NA,NA
"01KG2F6B1ZDNRD8TE32S33RTN6","{""advice"":""Try to find an outcome that's fair for both of you.""}","2026-01-28T14:14:23.910844271Z",130,"2026-01-28T14:19:46.154501448Z","","","game ended","2026-01-28T14:19:56.584368617Z",1,"2026-01-28T14:20:42.848136612Z","{""adviceFollowed"":"""",""partnerAdvice"":""I think he received the same advice to make sure that he doesn't park in the same spot. "",""feedback"":""in the beginning I forgot to report how many MUs I received for the first few that was an accident. ""}","2026-01-28T14:20:42.834942171Z","01KG2EWQW86NTXWV4S8KSC0Z5F","2026-01-28T14:15:07.236846844Z",3,"2026-01-28T14:14:23.911753522Z","true","2026-01-28T14:15:41.794964178Z","01KG2F6AX1ZQH0WERV4W3YY5V1","2026-01-28T14:12:51.391267652Z","66463e4efb99fba5a67a010a","2026-01-28T14:12:51.391267652Z","{""advice"":""Try to find an outcome that's fair for both of you."",""adviceType"":""noCG"",""chatEnabled"":false,""numRounds"":13,""playerCount"":2}","2026-01-28T14:12:51.395128736Z","noCG_cooperate","2026-01-28T14:12:51.395128736Z","{""PROLIFIC_PID"":""66463e4efb99fba5a67a010a"",""STUDY_ID"":""6976b36e15b09b93b6b74098"",""SESSION_ID"":""697a193a22cdad9433ed642e""}","2026-01-28T14:12:51.512971373Z","{""plan"":""I need to coordinate with my partner to park in different spots of the same color to gain the bonus. I cannot park in the same spot as my partner so that's the main thing is to ensure that doesn't happen. But, we still want the highest bonus. ""}","2026-01-28T14:15:41.787055988Z",NA,NA
"01KG2H1N55KEY96GZMD4ENWMP3","{""advice"":""Try to get the best outcome for yourself.""}","2026-01-28T14:46:33.211077149Z",255,"2026-01-28T14:50:17.942815699Z","","","game ended","2026-01-28T14:50:26.32827701Z",1,"2026-01-28T14:50:48.284462127Z","{""adviceFollowed"":"""",""partnerAdvice"":""To stay in the same spot."",""feedback"":""""}","2026-01-28T14:50:48.278987593Z","01KG2GQ978B17WQFN80SP8Z0ZF","2026-01-28T14:45:32.470760135Z",3,"2026-01-28T14:46:33.215112641Z","true","2026-01-28T14:46:49.191547666Z","01KG2H1MG8SQFYNKRFQ7KNN9C3","2026-01-28T14:45:15.04524661Z","673b5ef49b67541b7cf9a2fc","2026-01-28T14:45:15.04524661Z","{""advice"":""Try to get the best outcome for yourself."",""adviceType"":""noCG"",""chatEnabled"":false,""numRounds"":13,""playerCount"":2}","2026-01-28T14:45:15.055748018Z","noCG_selfish","2026-01-28T14:45:15.055748018Z","{""PROLIFIC_PID"":""673b5ef49b67541b7cf9a2fc"",""STUDY_ID"":""6976b36e15b09b93b6b74098"",""SESSION_ID"":""697a204d70703d2f1f45dad6""}","2026-01-28T14:45:15.407156517Z","{""plan"":""To maximize my gains""}","2026-01-28T14:46:49.18816655Z",NA,NA
"01KG2J2FY264VTSV6FTR7CYVZ0","{""advice"":""Try to get the best outcome for yourself.""}","2026-01-28T15:05:21.688356856Z",114,"2026-01-28T15:09:18.203168013Z","","","game ended","2026-01-28T15:09:39.22652127Z",1,"2026-01-28T15:10:31.696683082Z","{""adviceFollowed"":""i guess so. since i´ve always choosen C"",""partnerAdvice"":"""",""feedback"":""i had to refresh the page ones. because it wasnt loading. beside that everything was fine.""}","2026-01-28T15:10:31.686827683Z","01KG2HAD3J8A22EQWYV6TZYRCV","2026-01-28T15:05:11.519666685Z",3,"2026-01-28T15:05:21.696798263Z","true","2026-01-28T15:06:43.487611135Z","01KG2J2FF4NBBCW883HRAYZHV2","2026-01-28T15:03:11.042458398Z","6518e333bba544ebf169f41b","2026-01-28T15:03:11.042458398Z","{""advice"":""Try to get the best outcome for yourself."",""adviceType"":""CG"",""numRounds"":13,""playerCount"":2}","2026-01-28T15:03:11.056502672Z","CG_selfish","2026-01-28T15:03:11.056502672Z","{""PROLIFIC_PID"":""6518e333bba544ebf169f41b"",""STUDY_ID"":""6976b36e15b09b93b6b74098"",""SESSION_ID"":""697a250c3202374b612e8818""}","2026-01-28T15:03:11.303367668Z","{""plan"":""the advise was the get the best position. which is C. since the advise already played the game it could me im playing against an AI so something similar, and will always act the same. therefore c could be the best answer and ill give it a try.""}","2026-01-28T15:06:43.495978416Z",NA,NA
"01KG2J8XR1ZRRT8X2Y9W7WY726","{""advice"":""Try to get the best outcome for yourself.""}","2026-01-28T15:08:19.996740719Z",167,"2026-01-28T15:14:55.845810977Z","","","game ended","2026-01-28T15:15:27.639114518Z",1,"2026-01-28T15:17:00.558056909Z","{""adviceFollowed"":""yes, defintely followed the advice well"",""partnerAdvice"":"""",""feedback"":""interesting study""}","2026-01-28T15:17:00.548100031Z","01KG2HAECPM7PNWB7DP32J3CT1","2026-01-28T15:06:57.337601741Z",3,"2026-01-28T15:08:19.985744233Z","true","2026-01-28T15:08:53.695574924Z","01KG2J8WMX7K4J24X15F08NHN6","2026-01-28T15:06:41.793723593Z","65fab55532461b0eaf2236b6","2026-01-28T15:06:41.793723593Z","{""advice"":""Try to get the best outcome for yourself."",""adviceType"":""CG"",""numRounds"":13,""playerCount"":2}","2026-01-28T15:06:41.810000745Z","CG_selfish","2026-01-28T15:06:41.810000745Z","{""PROLIFIC_PID"":""65fab55532461b0eaf2236b6"",""STUDY_ID"":""6976b36e15b09b93b6b74098"",""SESSION_ID"":""697a248e5f01c7e65e941821""}","2026-01-28T15:06:42.397948764Z","{""plan"":""try your best""}","2026-01-28T15:08:53.686207617Z",NA,NA
"01KG2F1FWZM8RVYP9SR4QPF6KS","{""advice"":""Try to find an outcome that's fair for both of you.""}","2026-01-28T14:11:55.665258255Z",97,"2026-01-28T14:15:10.878931484Z","","","game ended","2026-01-28T14:15:27.886582911Z",1,"2026-01-28T14:15:54.662316762Z","{""adviceFollowed"":"""",""partnerAdvice"":""I think my partner received the advice of choosing the highest value. "",""feedback"":""""}","2026-01-28T14:15:54.659161932Z","01KG2EWPY98DYYWXCFXPGDC9KM","2026-01-28T14:12:22.811906344Z",3,"2026-01-28T14:11:55.67494367Z","true","2026-01-28T14:12:40.459633003Z","01KG2F1FAXSV8901N872EFAD75","2026-01-28T14:10:12.511361099Z","65cb586a1166caf7eb546dda","2026-01-28T14:10:12.511361099Z","{""advice"":""Try to find an outcome that's fair for both of you."",""adviceType"":""noCG"",""chatEnabled"":false,""numRounds"":13,""playerCount"":2}","2026-01-28T14:10:12.516018032Z","noCG_cooperate","2026-01-28T14:10:12.516018032Z","{""PROLIFIC_PID"":""65cb586a1166caf7eb546dda"",""STUDY_ID"":""6976b36e15b09b93b6b74098"",""SESSION_ID"":""697a189499ca463c3c5288f9""}","2026-01-28T14:10:12.787811144Z","{""plan"":""I plan to alternate between different spots, same color, and the different spots, different color categories. ""}","2026-01-28T14:12:40.446016253Z",NA,NA
"01KG2FDAAM1KRZGPMSXK7XBGX8","{""advice"":""Try to find an outcome that's fair for both of you.""}","2026-01-28T14:17:02.606269267Z",240,"2026-01-28T14:20:09.920245239Z","","","game ended","2026-01-28T14:20:21.442065643Z",1,"2026-01-28T14:21:40.332748917Z","{""adviceFollowed"":"""",""partnerAdvice"":""I think they got bonus points for going for different colours"",""feedback"":""""}","2026-01-28T14:21:40.330725616Z","01KG2EWRP5M56DESD71W1J6C31","2026-01-28T14:17:27.14955599Z",3,"2026-01-28T14:17:02.607449654Z","true","2026-01-28T14:17:35.317114232Z","01KG2FD9VK9YEQPD4BTC4DM2X9","2026-01-28T14:16:40.02059661Z","6978c89a8f163d32132bc234","2026-01-28T14:16:40.02059661Z","{""advice"":""Try to find an outcome that's fair for both of you."",""adviceType"":""noCG"",""chatEnabled"":false,""numRounds"":13,""playerCount"":2}","2026-01-28T14:16:40.026493925Z","noCG_cooperate","2026-01-28T14:16:40.026493925Z","{""PROLIFIC_PID"":""6978c89a8f163d32132bc234"",""STUDY_ID"":""6976b36e15b09b93b6b74098"",""SESSION_ID"":""697a1a2eec34c38d7b777226""}","2026-01-28T14:16:40.269173781Z","{""plan"":""I will aim to avoid stopping in the same spot, and try to stop in different spots of the same colour""}","2026-01-28T14:17:35.318366822Z",NA,NA
"01KG2FGZ0NJ78VCAK1KCDY03Q4","{""advice"":""Try to find an outcome that's fair for both of you.""}","2026-01-28T14:20:50.510582036Z",172,"2026-01-28T14:25:53.894755426Z","","","game ended","2026-01-28T14:26:03.789335731Z",1,"2026-01-28T14:27:50.962868481Z","{""adviceFollowed"":"""",""partnerAdvice"":""I think that at first they wanted to make it fair, but then they selifishly decided that they will just farm the highest paying spot, therefore putting me on a spot to either let them make more money, or trying to make them cooperate."",""feedback"":""""}","2026-01-28T14:27:50.960089229Z","01KG2EX7W7ZKJDCS60MH32XQME","2026-01-28T14:22:02.405939838Z",3,"2026-01-28T14:20:50.514550055Z","true","2026-01-28T14:22:48.293010833Z","01KG2FGYEE8BCS05GMWPMM516W","2026-01-28T14:18:39.509905126Z","6977a4393a0e7c719861f02e","2026-01-28T14:18:39.509905126Z","{""advice"":""Try to find an outcome that's fair for both of you."",""adviceType"":""noCG"",""chatEnabled"":false,""numRounds"":13,""playerCount"":2}","2026-01-28T14:18:39.515570353Z","noCG_cooperate","2026-01-28T14:18:39.515570353Z","{""PROLIFIC_PID"":""6977a4393a0e7c719861f02e"",""STUDY_ID"":""6976b36e15b09b93b6b74098"",""SESSION_ID"":""697a1a5908cba4c2d1b61f8a""}","2026-01-28T14:18:39.813134424Z","{""plan"":""My partner wanted to make it fair for both of us so I guess they would go for the orange. This makes it complicated, because then it's 50/50 on which spot they park. My guess they would pick the first one from the left so I would go for B""}","2026-01-28T14:22:48.289986128Z",NA,NA
"01KG2HTYMMMWSM6BX3A3X0V128","{""advice"":""Try to get the best outcome for yourself.""}","2026-01-28T15:00:08.309050909Z",148,"2026-01-28T15:02:32.788640185Z","","","game ended","2026-01-28T15:02:53.796017981Z",1,"2026-01-28T15:03:39.37592007Z","{""adviceFollowed"":""yes, we just did the best that we could"",""partnerAdvice"":"""",""feedback"":""no ""}","2026-01-28T15:03:39.346982218Z","01KG2HAAFQS07NM7VDRPFXCADF","2026-01-28T15:00:05.998671941Z",3,"2026-01-28T15:00:08.39777092Z","true","2026-01-28T15:00:30.510824935Z","01KG2HTXX3SNKQ5YYBC7G95VVC","2026-01-28T14:59:03.956775075Z","663f6c7d73659900df143f27","2026-01-28T14:59:03.956775075Z","{""advice"":""Try to get the best outcome for yourself."",""adviceType"":""CG"",""numRounds"":13,""playerCount"":2}","2026-01-28T14:59:03.969980995Z","CG_selfish","2026-01-28T14:59:03.969980995Z","{""PROLIFIC_PID"":""663f6c7d73659900df143f27"",""STUDY_ID"":""6976b36e15b09b93b6b74098"",""SESSION_ID"":""697a240fe5036b9a6862c7c9""}","2026-01-28T14:59:04.194245996Z","{""plan"":""I will pick a spot and stay there""}","2026-01-28T15:00:30.262204201Z",NA,NA
"01KG2HZBA268G9KXAEKQBWSPZS","{""advice"":""Try to get the best outcome for yourself.""}","2026-01-28T15:05:05.382936198Z",60,"2026-01-28T15:09:18.203168013Z","","","game ended","2026-01-28T15:09:39.22652127Z",1,"2026-01-28T15:11:03.2382762Z","{""adviceFollowed"":""I followed it, but my partner was only clicking the same spot "",""partnerAdvice"":"""",""feedback"":""None""}","2026-01-28T15:11:03.248179915Z","01KG2HAD3J8A22EQWYV6TZYRCV","2026-01-28T15:05:11.519666685Z",3,"2026-01-28T15:05:05.422879627Z","true","2026-01-28T15:06:43.096105681Z","01KG2HZB52GF2KCYQWRVN246JQ","2026-01-28T15:01:28.002260802Z","6682b0b622da87763c14179c","2026-01-28T15:01:28.002260802Z","{""advice"":""Try to get the best outcome for yourself."",""adviceType"":""CG"",""numRounds"":13,""playerCount"":2}","2026-01-28T15:01:28.014189365Z","CG_selfish","2026-01-28T15:01:28.014189365Z","{""PROLIFIC_PID"":""6682b0b622da87763c14179c"",""STUDY_ID"":""6976b36e15b09b93b6b74098"",""SESSION_ID"":""697a24a138c9746c027701b7""}","2026-01-28T15:01:28.117917993Z","{""plan"":""I will do what is the best for me. I will start with C. If it doesn't work, I will try A or B""}","2026-01-28T15:06:43.104427969Z",NA,NA
"01KG2KKEV857Q5FX4BGH81KQQQ","{""advice"":""Try to find an outcome that's fair for both of you.""}","2026-01-28T15:32:36.470343365Z",84,"2026-01-28T15:39:14.430952341Z","","","game ended","2026-01-28T15:39:34.728979281Z",1,"2026-01-28T15:40:53.559369713Z","{""adviceFollowed"":""yes, I feel we follow the advice correctly"",""partnerAdvice"":"""",""feedback"":""no""}","2026-01-28T15:40:53.558044293Z","01KG2K2P1KN5HXDB7RBD5WAEH0","2026-01-28T15:33:36.317592232Z",3,"2026-01-28T15:32:36.471501987Z","true","2026-01-28T15:33:47.20348304Z","01KG2KKDRMVEHEWA1JNA9T09E3","2026-01-28T15:29:55.560541702Z","67248c85c8cd5403bb9528cc","2026-01-28T15:29:55.560541702Z","{""advice"":""Try to find an outcome that's fair for both of you."",""adviceType"":""CG"",""chatEnabled"":false,""numRounds"":13,""playerCount"":2}","2026-01-28T15:29:55.564980919Z","CG_cooperate","2026-01-28T15:29:55.564980919Z","{""PROLIFIC_PID"":""67248c85c8cd5403bb9528cc"",""STUDY_ID"":""6976b36e15b09b93b6b74098"",""SESSION_ID"":""697a2a878755663463857278""}","2026-01-28T15:29:56.135320269Z","{""plan"":""my game plan is to score more points""}","2026-01-28T15:33:47.048075466Z","",""
"01KG2KM983T9SA1HAJ7AMFRCDS","{""advice"":""Try to find an outcome that's fair for both of you.""}","2026-01-28T15:32:55.158018798Z",173,"2026-01-28T15:36:52.527477809Z","","","game ended","2026-01-28T15:37:04.782596461Z",1,"2026-01-28T15:37:49.033542689Z","{""adviceFollowed"":""Yes, I believe my partner not only followed the advice well, but also took advantage of the pattern of choosing that we both set up during the game."",""partnerAdvice"":"""",""feedback"":""No""}","2026-01-28T15:37:49.034685123Z","01KG2K2NPC7NFAY8DAKFA4TPHD","2026-01-28T15:31:10.402210698Z",3,"2026-01-28T15:32:55.180282934Z","true","2026-01-28T15:33:30.858753241Z","01KG2KM8NXHZ4Y2Y3N3PK4V67P","2026-01-28T15:30:22.59573408Z","61640652141bd74963f8f1cb","2026-01-28T15:30:22.59573408Z","{""advice"":""Try to find an outcome that's fair for both of you."",""adviceType"":""CG"",""chatEnabled"":false,""numRounds"":13,""playerCount"":2}","2026-01-28T15:30:22.600453571Z","CG_cooperate","2026-01-28T15:30:22.600453571Z","{""PROLIFIC_PID"":""61640652141bd74963f8f1cb"",""STUDY_ID"":""6976b36e15b09b93b6b74098"",""SESSION_ID"":""697a2a7c5bba3cecc69e403c""}","2026-01-28T15:30:22.905885451Z","{""plan"":""I have a feeling my partner will attempt to maximize their earnings, so I will have to choose a spot that is second-best while also complementing the color (for bonus points).""}","2026-01-28T15:33:31.110370456Z","",""
"01KG2K3CEQXP22S5SG5SJ18R6N","{""advice"":""Try to find an outcome that's fair for both of you.""}","2026-01-28T15:23:16.057443748Z",197,"2026-01-28T15:28:13.75132131Z","","","game ended","2026-01-28T15:28:23.991091426Z",1,"2026-01-28T15:32:29.078678323Z","{""adviceFollowed"":""My partner didn't take the advice since he went for the spot with the highest earning for him, I didn't mind that and chose not to go into a dispute."",""partnerAdvice"":"""",""feedback"":""""}","2026-01-28T15:32:29.077936366Z","01KG2K2HXX7R1Q98JCT1ZH5T9A","2026-01-28T15:21:08.829342945Z",3,"2026-01-28T15:23:16.057193669Z","true","2026-01-28T15:24:28.287339125Z","01KG2K3C0ED30CM9KN8BXN8X4M","2026-01-28T15:21:08.823961453Z","5d9265cde0cd75001a485441","2026-01-28T15:21:08.823961453Z","{""advice"":""Try to find an outcome that's fair for both of you."",""adviceType"":""CG"",""chatEnabled"":false,""numRounds"":13,""playerCount"":2}","2026-01-28T15:21:08.829342945Z","CG_cooperate","2026-01-28T15:21:08.829342945Z","{""PROLIFIC_PID"":""5d9265cde0cd75001a485441"",""STUDY_ID"":""6976b36e15b09b93b6b74098"",""SESSION_ID"":""697a292477379e43d9c174ec""}","2026-01-28T15:21:09.064142024Z","{""plan"":""I plan on going for either of the orange spots.""}","2026-01-28T15:24:28.287140643Z","",""
"01KG2K5V2WJM4AWTE7TNC2WS75","{""advice"":""Try to find an outcome that's fair for both of you.""}","2026-01-28T15:24:52.942662724Z",338,"2026-01-28T15:28:13.75132131Z","","","game ended","2026-01-28T15:28:23.991091426Z",1,"2026-01-28T15:28:57.865172893Z","{""adviceFollowed"":""i think we worked well together in order to try and get the most bonus possible"",""partnerAdvice"":"""",""feedback"":""""}","2026-01-28T15:28:57.864139872Z","01KG2K2HXX7R1Q98JCT1ZH5T9A","2026-01-28T15:22:29.34533442Z",3,"2026-01-28T15:24:52.943563446Z","true","2026-01-28T15:25:08.800813141Z","01KG2K5TNR85HKCXP4DHB3Z98P","2026-01-28T15:22:29.34039126Z","63e639b6d0e4038cc481b5b4","2026-01-28T15:22:29.34039126Z","{""advice"":""Try to find an outcome that's fair for both of you."",""adviceType"":""CG"",""chatEnabled"":false,""numRounds"":13,""playerCount"":2}","2026-01-28T15:22:29.34533442Z","CG_cooperate","2026-01-28T15:22:29.34533442Z","{""PROLIFIC_PID"":""63e639b6d0e4038cc481b5b4"",""STUDY_ID"":""6976b36e15b09b93b6b74098"",""SESSION_ID"":""697a29a124c88ec1a3ae0a8a""}","2026-01-28T15:22:29.581840649Z","{""plan"":""try and maximize the bonus we both get""}","2026-01-28T15:25:08.80024297Z","",""
"01KG2K5ZQRS5W69E9YEJ2EXRXS","{""advice"":""Try to find an outcome that's fair for both of you.""}","2026-01-28T15:24:04.082898104Z",355,"2026-01-28T15:28:27.334444092Z","","","game ended","2026-01-28T15:28:36.549613256Z",1,"2026-01-28T15:29:35.901332248Z","{""adviceFollowed"":""Yes. There were no collisions and the outcome stayed consistent. "",""partnerAdvice"":"""",""feedback"":""No""}","2026-01-28T15:29:35.900607858Z","01KG2K2KES3DJAT7XF0Q9ZTR27","2026-01-28T15:25:08.814476709Z",3,"2026-01-28T15:24:04.084179182Z","true","2026-01-28T15:25:15.459196339Z","01KG2K5Z9KYDVVVGP0QRNTRN3T","2026-01-28T15:22:34.104192606Z","5d6ccfe1eeecbc0016213d93","2026-01-28T15:22:34.104192606Z","{""advice"":""Try to find an outcome that's fair for both of you."",""adviceType"":""CG"",""chatEnabled"":false,""numRounds"":13,""playerCount"":2}","2026-01-28T15:22:34.109039502Z","CG_cooperate","2026-01-28T15:22:34.109039502Z","{""PROLIFIC_PID"":""5d6ccfe1eeecbc0016213d93"",""STUDY_ID"":""6976b36e15b09b93b6b74098"",""SESSION_ID"":""697a299ed245546ad7e40c8d""}","2026-01-28T15:22:34.368599719Z","{""plan"":""Go for A/B or D\nC is likely to be chosen by most people.  ""}","2026-01-28T15:25:15.459483881Z","",""
"01KG2K8E8KZ55ZB6EQCYT4BYW3","{""advice"":""Try to find an outcome that's fair for both of you.""}","2026-01-28T15:26:37.392742685Z",189,"2026-01-28T15:29:54.469757432Z","","","game ended","2026-01-28T15:30:09.330890565Z",1,"2026-01-28T15:30:36.188941036Z","{""adviceFollowed"":""For the most part."",""partnerAdvice"":"""",""feedback"":""I hope you're having a good day!""}","2026-01-28T15:30:36.182988532Z","01KG2K2KT5QWV8VNC6AGBWC574","2026-01-28T15:26:03.540044029Z",3,"2026-01-28T15:26:37.43548254Z","true","2026-01-28T15:27:09.772590457Z","01KG2K8E11RWXBCKG3VAKCSA3W","2026-01-28T15:23:54.515143626Z","6605c7d99fbe34468c431d43","2026-01-28T15:23:54.515143626Z","{""advice"":""Try to find an outcome that's fair for both of you."",""adviceType"":""CG"",""chatEnabled"":false,""numRounds"":13,""playerCount"":2}","2026-01-28T15:23:54.520331173Z","CG_cooperate","2026-01-28T15:23:54.520331173Z","{""PROLIFIC_PID"":""6605c7d99fbe34468c431d43"",""STUDY_ID"":""6976b36e15b09b93b6b74098"",""SESSION_ID"":""697a29f5b8827a7ab900f160""}","2026-01-28T15:23:54.654382872Z","{""plan"":""Maximize my earnings while avoiding collisions with my partner.""}","2026-01-28T15:27:09.773305375Z","",""
"01KG2KFD2VE8QNACB5GBTS74YG","{""advice"":""Try to find an outcome that's fair for both of you.""}","2026-01-28T15:29:40.113805633Z",171,"2026-01-28T15:35:33.440881776Z","","","game ended","2026-01-28T15:35:56.785755233Z",1,"2026-01-28T15:37:06.562930145Z","{""adviceFollowed"":""yes because well we tried to avoid choosing same parking spot as much as possible "",""partnerAdvice"":"""",""feedback"":""no ""}","2026-01-28T15:37:06.561289217Z","01KG2K2MXKH5Q3S5W41F9615GF","2026-01-28T15:29:10.866911217Z",3,"2026-01-28T15:29:40.113135276Z","true","2026-01-28T15:30:35.206278517Z","01KG2KFBTPEFV2M7ZXY05ZPTQ8","2026-01-28T15:27:42.683024287Z","67598608710143c154121b07","2026-01-28T15:27:42.683024287Z","{""advice"":""Try to find an outcome that's fair for both of you."",""adviceType"":""CG"",""chatEnabled"":false,""numRounds"":13,""playerCount"":2}","2026-01-28T15:27:42.688054103Z","CG_cooperate","2026-01-28T15:27:42.688054103Z","{""PROLIFIC_PID"":""67598608710143c154121b07"",""STUDY_ID"":""6976b36e15b09b93b6b74098"",""SESSION_ID"":""697a2a177263275076e9024c""}","2026-01-28T15:27:43.318696324Z","{""plan"":""the plan is to avoid a and b as much as possible allowing my partner to use that space""}","2026-01-28T15:30:35.198438048Z","",""
"01KG2KK6259G7E5F5TJK94DNVP","{""advice"":""Try to find an outcome that's fair for both of you.""}","2026-01-28T15:30:46.149226757Z",129,"2026-01-28T15:39:14.430952341Z","","","game ended","2026-01-28T15:39:34.728979281Z",1,"2026-01-28T15:41:20.772597402Z","{""adviceFollowed"":""Yes, we tried to follow the advice and park in matching spots to maximize earnings."",""partnerAdvice"":"""",""feedback"":""No""}","2026-01-28T15:41:20.528374152Z","01KG2K2P1KN5HXDB7RBD5WAEH0","2026-01-28T15:33:36.317592232Z",3,"2026-01-28T15:30:46.153921207Z","true","2026-01-28T15:33:47.780591188Z","01KG2KK52BZ1VEXNZGGVFWKTXX","2026-01-28T15:29:46.56571932Z","609a83645a6b336762951202","2026-01-28T15:29:46.56571932Z","{""advice"":""Try to find an outcome that's fair for both of you."",""adviceType"":""CG"",""chatEnabled"":false,""numRounds"":13,""playerCount"":2}","2026-01-28T15:29:46.570152458Z","CG_cooperate","2026-01-28T15:29:46.570152458Z","{""PROLIFIC_PID"":""609a83645a6b336762951202"",""STUDY_ID"":""6976b36e15b09b93b6b74098"",""SESSION_ID"":""697a2a27402ce548c6aeb686""}","2026-01-28T15:29:47.104006143Z","{""plan"":""I will park in a spots A and B (same color) to earn 10 MU bonus + 20 MU regular earnings, totaling 30MU.""}","2026-01-28T15:33:47.776648581Z","",""
"01KG2K76QZNEVB9SM212P5MNA2","{""advice"":""Try to find an outcome that's fair for both of you.""}","2026-01-28T15:24:42.789644684Z",214,"2026-01-28T15:28:27.334444092Z","","","game ended","2026-01-28T15:28:36.549613256Z",1,"2026-01-28T15:31:10.535638681Z","{""adviceFollowed"":""No, it was obvious that they were going to pick the highest reward for themselves every time. Any attempt to change their choice would have cost me too many bonuses. If there were more rounds perhaps losing out on bonuses may have changed their way but (no offence) with a low reward amount I'd expect them to lose out of spite."",""partnerAdvice"":"""",""feedback"":""no issues.""}","2026-01-28T15:31:10.536201014Z","01KG2K2KES3DJAT7XF0Q9ZTR27","2026-01-28T15:25:08.814476709Z",3,"2026-01-28T15:24:42.788755989Z","true","2026-01-28T15:26:03.527829097Z","01KG2K76090GCS1PW27WX5RAFA","2026-01-28T15:23:14.047945143Z","666a1e606b80f9865c1f3d5f","2026-01-28T15:23:14.047945143Z","{""advice"":""Try to find an outcome that's fair for both of you."",""adviceType"":""CG"",""chatEnabled"":false,""numRounds"":13,""playerCount"":2}","2026-01-28T15:23:14.053526071Z","CG_cooperate","2026-01-28T15:23:14.053526071Z","{""PROLIFIC_PID"":""666a1e606b80f9865c1f3d5f"",""STUDY_ID"":""6976b36e15b09b93b6b74098"",""SESSION_ID"":""697a29bedc40e0b1325ff10d""}","2026-01-28T15:23:14.529916479Z","{""plan"":""I will play a few goes to see if my partner understands that being consistent will befit us both. If so I can be pretty sure that I can make some bonuses. If not, I'll try and avoid their greed.""}","2026-01-28T15:26:03.518522272Z","",""
"01KG2K7HFQQPNMYWQ1NA2PN359","{""advice"":""Try to find an outcome that's fair for both of you.""}","2026-01-28T15:26:17.367346184Z",135,"2026-01-28T15:30:14.725420691Z","","","game ended","2026-01-28T15:30:39.690244946Z",1,"2026-01-28T15:31:01.70863597Z","{""adviceFollowed"":""No, we both tried to maximise the profit unfortunatly!"",""partnerAdvice"":"""",""feedback"":""""}","2026-01-28T15:31:01.706935033Z","01KG2K2M5C1E1D3DDSR30CX11J","2026-01-28T15:27:09.78350006Z",3,"2026-01-28T15:26:17.367021874Z","true","2026-01-28T15:27:22.206767876Z","01KG2K7GYHXXH57X9MJYTC7EJ8","2026-01-28T15:23:25.047045569Z","668be776cc2551e8279790a6","2026-01-28T15:23:25.047045569Z","{""advice"":""Try to find an outcome that's fair for both of you."",""adviceType"":""CG"",""chatEnabled"":false,""numRounds"":13,""playerCount"":2}","2026-01-28T15:23:25.051738196Z","CG_cooperate","2026-01-28T15:23:25.051738196Z","{""PROLIFIC_PID"":""668be776cc2551e8279790a6"",""STUDY_ID"":""6976b36e15b09b93b6b74098"",""SESSION_ID"":""697a29cf561f31896d1ff7b5""}","2026-01-28T15:23:25.344206039Z","{""plan"":""I try to coordinate with partner, no collision. Best is C and D because more MU.""}","2026-01-28T15:27:22.20721832Z","",""
"01KG2K8M51VTDKMFQSHMEECR6V","{""advice"":""Try to find an outcome that's fair for both of you.""}","2026-01-28T15:25:25.986898016Z",201,"2026-01-28T15:29:54.469757432Z","","","game ended","2026-01-28T15:30:09.330890565Z",1,"2026-01-28T15:30:32.559583135Z","{""adviceFollowed"":""yes we did try our best as we collided only twice"",""partnerAdvice"":"""",""feedback"":""""}","2026-01-28T15:30:32.55865228Z","01KG2K2KT5QWV8VNC6AGBWC574","2026-01-28T15:26:03.540044029Z",3,"2026-01-28T15:25:25.986623338Z","true","2026-01-28T15:26:22.470881247Z","01KG2K8JKYDAYWKTBPM190VPST","2026-01-28T15:24:00.545343784Z","616b068c8720633ba0bbfdfd","2026-01-28T15:24:00.545343784Z","{""advice"":""Try to find an outcome that's fair for both of you."",""adviceType"":""CG"",""chatEnabled"":false,""numRounds"":13,""playerCount"":2}","2026-01-28T15:24:00.549948466Z","CG_cooperate","2026-01-28T15:24:00.549948466Z","{""PROLIFIC_PID"":""616b068c8720633ba0bbfdfd"",""STUDY_ID"":""6976b36e15b09b93b6b74098"",""SESSION_ID"":""697a29d92e324e442ee3da9f""}","2026-01-28T15:24:01.447417712Z","{""plan"":""Try to park in a spot thats fair for both of us. try not to park in C as we may both want the high points""}","2026-01-28T15:26:22.470550615Z","",""
"01KG2KAJFX3DS9Y5MWWTVR1S0P","{""advice"":""Try to find an outcome that's fair for both of you.""}","2026-01-28T15:26:10.559770705Z",96,"2026-01-28T15:30:14.725420691Z","","","game ended","2026-01-28T15:30:39.690244946Z",1,"2026-01-28T15:33:03.50380009Z","{""adviceFollowed"":""No they seemed like they kept going for the higher payout with no regard for the points i was getting.  "",""partnerAdvice"":"""",""feedback"":""""}","2026-01-28T15:33:03.496676468Z","01KG2K2M5C1E1D3DDSR30CX11J","2026-01-28T15:27:09.78350006Z",3,"2026-01-28T15:26:10.566973497Z","true","2026-01-28T15:27:17.490983616Z","01KG2KAJ7VF4SDTD4CMQWWTNS0","2026-01-28T15:25:04.381338188Z","66d88375799e00b593a8655f","2026-01-28T15:25:04.381338188Z","{""advice"":""Try to find an outcome that's fair for both of you."",""adviceType"":""CG"",""chatEnabled"":false,""numRounds"":13,""playerCount"":2}","2026-01-28T15:25:04.385918973Z","CG_cooperate","2026-01-28T15:25:04.385918973Z","{""PROLIFIC_PID"":""66d88375799e00b593a8655f"",""STUDY_ID"":""6976b36e15b09b93b6b74098"",""SESSION_ID"":""697a2a19d7ef3c216ba0613e""}","2026-01-28T15:25:04.516649687Z","{""plan"":""I think we should alternate back and forth with colors and highest amount so we both get the maximum we can get.  Lets start with orange and you go first.  ""}","2026-01-28T15:27:17.484620624Z","",""
"01KG2KH1JPJPBYWAME53JZGBGQ","{""advice"":""Try to find an outcome that's fair for both of you.""}","2026-01-28T15:30:10.610300035Z",167,"2026-01-28T15:36:00.56717191Z","","","game ended","2026-01-28T15:36:16.421315961Z",1,"2026-01-28T15:37:21.993562033Z","{""adviceFollowed"":""Yes, we followed the advice well, thank you."",""partnerAdvice"":"""",""feedback"":""I did not encounter any problems ""}","2026-01-28T15:37:22.00530491Z","01KG2K2N9TP8FEAWNG70F9KYJT","2026-01-28T15:30:35.219120404Z",3,"2026-01-28T15:30:10.609251627Z","true","2026-01-28T15:31:10.391175192Z","01KG2KH0F76TBWNTGJ3YKJJH1P","2026-01-28T15:28:36.438328069Z","6738aada58a53a1c3c1dcbb1","2026-01-28T15:28:36.438328069Z","{""advice"":""Try to find an outcome that's fair for both of you."",""adviceType"":""CG"",""chatEnabled"":false,""numRounds"":13,""playerCount"":2}","2026-01-28T15:28:36.442188874Z","CG_cooperate","2026-01-28T15:28:36.442188874Z","{""PROLIFIC_PID"":""6738aada58a53a1c3c1dcbb1"",""STUDY_ID"":""6976b36e15b09b93b6b74098"",""SESSION_ID"":""697a2ab6403c270c8ec0a5e5""}","2026-01-28T15:28:36.988761852Z","{""plan"":""My plan is to park at spot C""}","2026-01-28T15:31:10.389526523Z","",""
"01KG2KC2E0S294J5XHMVY2MH4S","{""advice"":""Try to find an outcome that's fair for both of you.""}","2026-01-28T15:30:50.954913169Z",299,"2026-01-28T15:36:52.527477809Z","","","game ended","2026-01-28T15:37:04.782596461Z",1,"2026-01-28T15:38:16.857879319Z","{""adviceFollowed"":""I think he did but he did not swith from d to co for some reason so he made less MU than he could have."",""partnerAdvice"":"""",""feedback"":""""}","2026-01-28T15:38:16.856769098Z","01KG2K2NPC7NFAY8DAKFA4TPHD","2026-01-28T15:31:10.402210698Z",3,"2026-01-28T15:30:51.092114224Z","true","2026-01-28T15:33:36.308483916Z","01KG2KC1XCH60AY2NEV5XT83HA","2026-01-28T15:25:53.472919106Z","696bf62588e06e8aa5181a5d","2026-01-28T15:25:53.472919106Z","{""advice"":""Try to find an outcome that's fair for both of you."",""adviceType"":""CG"",""chatEnabled"":false,""numRounds"":13,""playerCount"":2}","2026-01-28T15:25:53.477987561Z","CG_cooperate","2026-01-28T15:25:53.477987561Z","{""PROLIFIC_PID"":""696bf62588e06e8aa5181a5d"",""STUDY_ID"":""6976b36e15b09b93b6b74098"",""SESSION_ID"":""697a29adffa6ba32e2831717""}","2026-01-28T15:25:53.760558291Z","{""plan"":""The best outcome would be if we switched between purple spots in every round- that way we maximise our earnings because after two rounds we both have 45MU. if we parked in orange spots after two rounds we would have 40 MU. i will try to convince my partner to park in spot c or d and in another round we switch places.""}","2026-01-28T15:33:36.309442408Z","",""
"01KG2KDF4VSFE1P61KJQH5GY1Q","{""advice"":""Try to find an outcome that's fair for both of you.""}","2026-01-28T15:29:17.735088871Z",168,"2026-01-28T15:35:33.440881776Z","","","game ended","2026-01-28T15:35:56.785755233Z",1,"2026-01-28T15:37:03.328944823Z","{""adviceFollowed"":""Not really, although my initial selection was in error."",""partnerAdvice"":"""",""feedback"":""I had a page crash that threw me off my order, had to refresh, may have caused some problem""}","2026-01-28T15:37:03.189151452Z","01KG2K2MXKH5Q3S5W41F9615GF","2026-01-28T15:29:10.866911217Z",3,"2026-01-28T15:29:17.882745295Z","true","2026-01-28T15:29:53.858064198Z","01KG2KDECEPJCAMYDFWRSTQH6C","2026-01-28T15:26:39.259534555Z","5d8a62e934146e001a8ea16d","2026-01-28T15:26:39.259534555Z","{""advice"":""Try to find an outcome that's fair for both of you."",""adviceType"":""CG"",""chatEnabled"":false,""numRounds"":13,""playerCount"":2}","2026-01-28T15:26:39.263952815Z","CG_cooperate","2026-01-28T15:26:39.263952815Z","{""PROLIFIC_PID"":""5d8a62e934146e001a8ea16d"",""STUDY_ID"":""6976b36e15b09b93b6b74098"",""SESSION_ID"":""697a2a4f51829b44e3f9a114""}","2026-01-28T15:26:39.627179746Z","{""plan"":""I will try alternate between the C and D spot, see if the partner figures this. Otherwise adapt""}","2026-01-28T15:29:53.830118873Z","",""
"01KG2KEGTHWJ43338K6C8NA2AG","{""advice"":""Try to find an outcome that's fair for both of you.""}","2026-01-28T15:28:45.867491283Z",128,"2026-01-28T15:36:00.56717191Z","","","game ended","2026-01-28T15:36:16.421315961Z",1,"2026-01-28T15:37:33.18789581Z","{""adviceFollowed"":""Yes we followed the advice very well."",""partnerAdvice"":"""",""feedback"":""No I didn't encounter any problems.""}","2026-01-28T15:37:33.189060686Z","01KG2K2N9TP8FEAWNG70F9KYJT","2026-01-28T15:30:35.219120404Z",3,"2026-01-28T15:28:45.86914055Z","true","2026-01-28T15:30:36.148716741Z","01KG2KEFKQ6XS8TZKVTTCTFTSA","2026-01-28T15:27:13.745313885Z","67320f3ab65850fcbd5fbf55","2026-01-28T15:27:13.745313885Z","{""advice"":""Try to find an outcome that's fair for both of you."",""adviceType"":""CG"",""chatEnabled"":false,""numRounds"":13,""playerCount"":2}","2026-01-28T15:27:13.749859081Z","CG_cooperate","2026-01-28T15:27:13.749859081Z","{""PROLIFIC_PID"":""67320f3ab65850fcbd5fbf55"",""STUDY_ID"":""6976b36e15b09b93b6b74098"",""SESSION_ID"":""697a2a84e908001da9b1cc89""}","2026-01-28T15:27:14.336062202Z","{""plan"":""I'll park in spot C to earn 19 MU, then switch to spot A or B to get the 10 MU bonus for parking in the same spot with a collision. I'll aim to maximize my earnings by choosing spots strategically. My goal is to earn the highest MU possible with smart parking choices.""}","2026-01-28T15:30:36.14127912Z","",""
